strain_id,strain_code,strain_name,genus,species,origin,environment,n_colonies,n_replicate_wells,timepoint_h,area_median,area_mean,area_var,area_sd,l_median,l_mean,l_var,l_sd,a_median,a_mean,a_var,a_sd,b_median,b_mean,b_var,b_sd
275,DBVPG_10075,10075,Cystobasidium,Cystobasidium sp.,Italy,soil,2,2,78.0,18475.0,18475.0,21047072.0,4587.70879633832,77.69120940837534,77.69120940837534,0.5100272690980133,0.7141619347865114,5.857051363397565,5.857051363397565,0.16781839911471808,0.4096564403432687,0.14911038419336275,0.14911038419336275,0.1348592241982139,0.36723183984809094
312,DBVPG_6740,6740,Pseudomicrostroma,Pseudomicrostroma phylloplanum,Italy,plant,3,3,78.0,25697.0,23885.666666666668,59297217.33333333,7700.468643747166,75.33190117635544,75.29292199821485,0.06027550355413253,0.2455106994697635,9.607318292243484,9.325629578446275,0.5773696875007585,0.7598484635114809,1.869361637520095,1.6522583478234691,0.18037807324743824,0.4247093985861842
326,NRRL_Y-17376,Y17376,Rhodotorula,Rhodotorula araucariae,America,plant,3,3,78.0,23936.0,24538.0,1767532.0,1329.485614814993,77.84127632393714,77.22614575750912,1.2359996918642122,1.1117552301942242,4.290902895210724,5.477357508533463,5.7875212024338705,2.4057267514067076,1.2634035960564338,1.526947079249526,0.6044085514136799,0.7774371687883722
185,DBVPG_3768,3768,Rhodotorula,Rhodotorula dairenensis,Italy,soil,4,4,78.0,31147.5,32411.25,18415106.25,4291.282587991614,75.11510586905426,75.0913077170849,0.2794626403717015,0.5286422612426115,5.6961515700981735,5.78670881877289,0.17146890287419084,0.4140880375888572,5.440054808524025,5.4427979772941,0.0389626304160036,0.1973895397836562
194,DBVPG_3769,3769,Rhodotorula,Rhodotorula dairenensis,Italy,soil,4,4,78.0,30571.5,30893.25,1333555.5833333344,1154.7967714422025,78.14867586222962,77.99447324325136,0.1461902223039003,0.3823482997267025,7.170677356852215,7.252268789741834,0.042023277114640135,0.20499579779751617,5.49569063770377,5.485953896675843,0.008116345767613496,0.090090764052779
203,DBVPG_3770,3770,Rhodotorula,Rhodotorula dairenensis,Italy,soil,4,4,78.0,43567.5,44792.5,148019049.66666666,12166.307971881472,75.96659722419636,75.96948164418806,0.47286737253119293,0.6876535265169466,9.094246331716377,9.158364667220074,0.6984308323805176,0.8357217433934082,7.910177695767101,7.907933128294026,0.05003886986369336,0.22369369652203738
221,DBVPG_3772,3772,Rhodotorula,Rhodotorula dairenensis,Italy,soil,4,4,78.0,20970.5,21943.0,43909996.66666668,6626.461851294904,74.72250174963028,74.45095189840131,0.9465705005829784,0.9729185477638806,9.403100775238912,9.021071469693934,3.3509602032107604,1.8305628105068563,4.627015504067361,4.622648600204821,0.062407893039878155,0.24981571816016332
230,DBVPG_3773,3773,Rhodotorula,Rhodotorula dairenensis,Italy,soil,3,3,78.0,14244.0,12350.666666666666,129633822.33333333,11385.684974270689,75.68622264306975,74.12241764701632,8.913482956905481,2.985545671549086,7.099292444978783,5.758467262352158,6.17142807483804,2.484235913684133,0.3676779597894253,0.0004571276647583981,0.663641217849857,0.8146417727135388
192,DBVPG_3853,Y3853,Rhodotorula,Rhodotorula dairenensis,Italy,plant,4,4,78.0,25654.0,25180.0,7222592.666666667,2687.488170516601,77.750231387372,77.55833140986807,1.0462139116952824,1.0228459863025725,6.9123945094721195,6.896124196328408,0.15016960142677666,0.38751722726451354,5.22938140513155,5.2323046747798525,0.019551330368752024,0.1398260718491084
321,NRRL_Y-2504,Y2504,Rhodotorula,Rhodotorula dairenensis,America,soil,4,4,78.0,19639.0,18714.5,37265323.0,6104.532987870571,74.65510138831951,74.561098140412,1.0045611505746976,1.0022779806893383,6.3787188794114655,6.272043839492349,0.26442885307280284,0.5142264608835322,6.255191358458923,6.452935424906142,0.4692980852959096,0.685053344854187
71,TFCN_7W-292-3,7W-292-3 BY53-A7,Rhodotorula,Rhodotorula dairenensis,China,marsh_tidalflat,4,4,75.0,19648.5,21905.0,104324598.0,10213.941354834576,75.51261114663922,75.28565173449715,1.0932800552332822,1.0456003324565664,6.34491429489098,6.517435634918842,3.217725695358929,1.7938020223421896,2.3785389734664433,2.2912007314946385,2.1122536337103077,1.4533594303235204
282,DBVPG_6195,6195,Rhodotorula,Rhodotorula diobovata,Italy,marine,4,4,78.0,14024.0,13437.0,4710377.999999999,2170.3405262769247,77.30281604757653,77.13131003754359,0.525349149367484,0.7248097332179556,5.567480300374795,5.477021876617555,0.15327368383276402,0.3915018311997583,3.4825971454512383,3.351179144079683,0.11814057684613188,0.34371583735133865
291,DBVPG_6202,6202,Rhodotorula,Rhodotorula diobovata,Italy,marine,4,4,78.0,19067.5,17465.75,33088172.916666668,5752.231994336344,78.04587334468133,77.44818130064465,2.4890058230751095,1.577658335342323,5.648504454824163,5.341398054508332,0.7993653589063365,0.8940723454544025,2.5106686721240834,2.3926580045745327,0.506624454054776,0.7117755643844315
324,NRRL_Y-7196,Y7196,Rhodotorula,Rhodotorula diobovata,America,unknown,1,1,78.0,13652.0,13652.0,,,73.27269055342211,73.27269055342211,,,5.493878518940732,5.493878518940732,,,3.9337599210062857,3.9337599210062857,,
120,TFCN_17-334Y-6,17-334Y-6 BY116-F9,Rhodotorula,Rhodotorula diobovata,China,marsh_tidalflat,4,4,78.0,16603.5,13767.0,104450562.0,10220.105772446781,75.18866753085327,74.00702619337761,13.541656475021055,3.6798989761977237,7.519350551823956,6.617635478585008,15.83228070874656,3.9789798577960354,2.764088009161725,2.6113396921801586,2.933892286399461,1.712860848521987
297,TFCN_211C_2,211C-2 BY37-F3,Rhodotorula,Rhodotorula diobovata,China,,2,2,78.0,4118.5,4118.5,15674400.5,3959.0908678634796,76.06870110071208,76.06870110071208,0.03659941974472567,0.19130974816962587,6.241038946401517,6.241038946401517,2.9273205740104857,1.71094142915837,2.4828104035249154,2.4828104035249154,3.4003936132901824,1.8440156217587156
111,TFCN_25-335C-1,25-335C-1 BY120-B5,Rhodotorula,Rhodotorula diobovata,China,marsh_tidalflat,4,4,78.0,13697.0,14887.0,32176974.0,5672.475121144208,76.16646165538518,75.50498275887246,5.689592384442964,2.38528664617965,9.084336353043732,9.040663895116111,0.27450404527902594,0.5239313364163533,4.114999659869911,3.3353679827686022,2.9654774058319133,1.7220561564106769
91,TFCN_25-335P-1,25-335P-1 BY120-A5,Rhodotorula,Rhodotorula diobovata,China,marsh_tidalflat,4,4,78.0,12997.0,14639.75,22425646.25,4735.5724310794785,75.88665207951965,75.59532559174687,1.0515144915610133,1.0254338065233726,7.726063280937556,7.944827523503957,2.9288632574247195,1.7113921985987663,3.96050611592384,4.005588024430248,0.46189577313669367,0.6796291438252877
44,TFCN_7-9-2,7-9-2,Rhodotorula,Rhodotorula diobovata,China,marsh_tidalflat,4,4,75.0,14325.0,13915.5,4400438.333333334,2097.722177346975,75.86430142672924,75.27102952990826,3.717853738822797,1.9281736796312714,6.255418325097878,6.459579006772132,0.705652238033017,0.8400310934917927,2.959324106896899,2.8710372947163885,3.7933771953154185,1.9476594146090889
17,TFCN_7-9-3,7-9-3,Rhodotorula,Rhodotorula diobovata,China,marsh_tidalflat,4,4,75.0,17141.5,18555.0,38089356.666666664,6171.657529923924,75.45693983102083,75.15442999164077,4.85328520476327,2.2030172956114686,7.212305145592304,7.609709151171484,3.935152279069129,1.9837218250221298,4.560046814297864,4.378665439587484,0.41047168142624885,0.6406806391848039
270,TFCN_7_6_3,7-6-2003,Rhodotorula,Rhodotorula diobovata,China,,4,4,78.0,28833.0,28048.25,14002918.25,3742.0473340138283,77.6278514596026,77.57633326352635,0.016983045455960858,0.13031901417659994,5.104405249123825,4.751477268881566,0.8472338755529621,0.9204530816684586,4.078565969751969,3.7498285867373418,0.6554527559354307,0.809600368043043
327,NRRL_Y-48721,Y48721,Rhodotorula,Rhodotorula evergladensis,America,,4,4,78.0,22824.0,22790.25,57009422.916666664,7550.4584573830125,74.88617391799238,74.88858377754919,1.4948167158698948,1.2226269733119317,9.970235125825067,9.790121197279998,0.5245871041478355,0.7242838560590975,3.776031863715079,3.7251620657268085,0.294684433506802,0.5428484443256718
184,DBVPG_3380,3380,Rhodotorula,Rhodotorula glutinis,Italy,plant,1,1,78.0,1189.0,1189.0,,,71.80362290701957,71.80362290701957,,,6.894136641434567,6.894136641434567,,,6.620661967367414,6.620661967367414,,
187,DBVPG_3985,3985,Rhodotorula,Rhodotorula glutinis,Italy,cave,1,1,78.0,558.0,558.0,,,70.76615566040518,70.76615566040518,,,5.536388177053652,5.536388177053652,,,4.485844797642791,4.485844797642791,,
314,DBVPG_6081,6081,Rhodotorula,Rhodotorula glutinis,Italy,air_cloud,3,2,78.0,11805.0,14378.0,31441417.0,5607.264662917205,74.75953357008501,74.61816642570577,0.5834864363265881,0.7638628386867554,0.6458279558899105,3.422747555919351,23.651047146770612,4.863234227010931,0.512524923714941,1.4643778994914536,3.172940045415813,1.7812748371365417
294,DBVPG_6083,6083,Rhodotorula,Rhodotorula graminis,Italy,plant,2,2,78.0,7971.5,7971.5,23235744.5,4820.346927348694,75.22226803559377,75.22226803559377,4.054310380257052,2.01353181754276,7.429797833290356,7.429797833290356,22.3547827407269,4.728084468442469,2.478679273701162,2.478679273701162,13.836758355493068,3.719779342312265
320,NRRL_Y-2474,Y2474,Rhodotorula,Rhodotorula graminis,America,plant,3,3,78.0,5274.0,5545.666666666667,3942164.333333334,1985.488436967925,76.88231560005097,76.87619196029425,0.0021542477869871414,0.046413874940443633,4.233190036419393,3.929373706797403,0.34922697996221613,0.5909542960011511,3.39206419759146,3.2786019063758887,0.8642154834331249,0.929631907495179
128,TFCN_17-0-2E329-4,17-0-2E329-4 BY115-C8,Rhodotorula,Rhodotorula graminis,China,marsh_tidalflat,1,1,78.0,22924.0,22924.0,,,77.17519733514669,77.17519733514669,,,5.73796242719915,5.73796242719915,,,1.5445797682869356,1.5445797682869356,,
311,DBVPG_10383,10383,Rhodotorula,Rhodotorula kratochvilovae,Italy,soil,4,4,78.0,14662.0,15241.5,16268331.0,4033.401914017496,74.14551670344025,74.18828527848203,0.7182033677731224,0.8474688004718064,5.438537861261944,5.485804809798141,0.3014102396014277,0.549008414873058,7.0533673070355904,6.7780764842872285,2.183361295996962,1.4776201460446328
284,DBVPG_10753,10753,Rhodotorula,Rhodotorula kratochvilovae,Italy,built env,4,4,78.0,15808.0,15486.25,7160064.916666668,2675.8297622731284,77.02424421066516,77.08049253956713,0.17092316478822311,0.4134285485887774,3.0497872634102086,3.0762070935935335,0.0753090427420197,0.2744249309775256,5.043829297313584,4.892673446396762,0.3232571617086816,0.568557087466757
310,DBVPG_7539,7539,Rhodotorula,Rhodotorula kratochvilovae,Italy,unknown,4,4,78.0,15578.0,14589.5,9758326.333333332,3123.831995055645,76.61155014585457,76.75920761234784,0.3966452223486568,0.6297977630546625,3.906554848639027,3.7514519669296713,0.15727520779605073,0.3965793839775975,4.1403200838873335,4.082400423608745,0.47330406436760813,0.687970976399156
317,DBVPG_10619,10619,Rhodotorula,Rhodotorula mucilaginosa,Italy,plant,4,4,78.0,25513.5,24212.5,40960353.666666664,6400.02763014869,74.14002870819812,74.16886670025202,0.51619550175845,0.7184674674322074,10.28321441548194,10.463282712297142,1.4440688607219396,1.2016941627227535,4.3327661296897695,4.226184583375092,0.6894746837372239,0.8303461228531291
293,DBVPG_10780,10780,Rhodotorula,Rhodotorula mucilaginosa,Italy,snow_ice,4,4,78.0,27402.5,25134.5,44218981.666666664,6649.735458397324,74.0993220499455,74.26880080299611,0.8713187800296276,0.9334445779100266,11.237343484091362,11.333218629151098,0.2071945214038462,0.455186249137478,4.430262593079382,4.724786389627039,0.7521196998370195,0.8672483495729579
268,DBVPG_10842,10842,Rhodotorula,Rhodotorula mucilaginosa,Italy,snow_ice,4,4,78.0,19733.5,21886.0,22787951.333333332,4773.672730019658,77.30223838899298,76.98101032129688,1.1142182553681066,1.0555653723801792,7.311493831541727,7.031852009847975,0.7535119337652553,0.8680506516127128,0.43213546724570895,0.5354670100274989,0.2106091066778538,0.45892167815200646
277,DBVPG_10882,10882,Rhodotorula,Rhodotorula mucilaginosa,Italy,rock,4,4,78.0,12714.0,12321.25,8083302.916666667,2843.115002363898,75.8832967905158,75.8482821993207,0.18328633383623208,0.4281195321825811,8.12218801791148,8.281754197571315,0.3460812120806964,0.5882866750834124,1.6269488500566198,1.6520801177647289,0.4483009260415601,0.6695527806241716
286,DBVPG_10886,10886,Rhodotorula,Rhodotorula mucilaginosa,Italy,rock,4,4,78.0,15131.0,15506.5,1939929.0,1392.8133399705791,77.76558317351325,77.7574803125114,0.027889923604744567,0.16700276526077215,10.860852984740738,10.885773285178743,0.0734412569030821,0.27100047399051186,0.3169294995346905,0.33697483137196116,0.0036278716517286103,0.06023181594247853
295,DBVPG_10937,DBVPG 10937,Rhodotorula,Rhodotorula mucilaginosa,Italy,food,4,4,78.0,37416.0,32584.0,157529920.66666666,12551.092409295163,74.26324803053177,74.51279570910376,0.6398759415764567,0.7999224597274768,10.370456584157779,10.482787829733851,0.6239240296204913,0.7898886184902852,3.834323678445084,3.8462583070054377,0.039035035110112776,0.19757286025695123
201,DBVPG_3044,DBVPG 3044,Rhodotorula,Rhodotorula mucilaginosa,Italy,unknown,3,3,78.0,17104.0,22290.666666666668,259527974.33333337,16109.871952729276,73.64859850421438,73.565201832766,1.0620721180451596,1.0305688322694218,6.352793097920806,7.173855477147495,2.360091824105765,1.5362590354838488,2.142857908895468,2.1641219544515367,0.010214142014797506,0.10106503853854461
210,DBVPG_3045,3045,Rhodotorula,Rhodotorula mucilaginosa,Italy,food,4,4,78.0,16411.0,18237.5,21890483.0,4678.7266430087575,74.76735629402378,74.7523444344803,0.7759433483253971,0.8808764659845313,5.0700704061369954,5.228265916710919,0.31455550049126657,0.560852476584767,1.8120656586383066,1.8935442438273138,0.24108474346459866,0.4910038120672778
219,DBVPG_3090,3090,Rhodotorula,Rhodotorula mucilaginosa,Italy,food,4,4,78.0,25491.5,25832.25,13006896.25,3606.507486474969,74.35781624633528,74.36397929810703,0.05375952668236474,0.2318610072486634,10.86499032997075,10.84116015786371,0.14061316696645756,0.3749842222900286,4.600482171056253,4.5539038651870065,0.023286372971781846,0.15259873188130316
228,DBVPG_3235,3235,Rhodotorula,Rhodotorula mucilaginosa,Italy,food,4,4,78.0,26557.0,24215.5,28515806.33333334,5340.019319565552,77.1034892960052,76.86632596520312,1.0952906388578854,1.0465613402270721,5.9602016323578315,5.787755382517204,0.35531013536863815,0.5960789673932794,1.742244435699275,1.7209290412570328,0.05015984802998145,0.22396394359356475
249,DBVPG_3236,3236,Rhodotorula,Rhodotorula mucilaginosa,Italy,food,2,2,78.0,12153.5,12153.5,1300884.5,1140.5632380539012,79.12316513394958,79.12316513394958,0.31677728193384447,0.5628297095337492,2.982280941340579,2.982280941340579,0.023679782975339476,0.1538823673308267,-1.6415714610144183,-1.6415714610144183,0.006510313925692863,0.08068651638094722
237,DBVPG_3237,3237,Rhodotorula,Rhodotorula mucilaginosa,Italy,food,4,4,78.0,24667.0,24807.0,981942.0,990.9298663376737,76.66846440182499,76.7429250794354,0.24137072070912388,0.49129494268628887,8.790319349610082,8.813298966518307,0.04954480391865437,0.22258662115826813,0.5113416127515591,0.48837242228049194,0.014097279135431058,0.11873196341100006
166,DBVPG_3238,3238,Rhodotorula,Rhodotorula mucilaginosa,Italy,food,4,4,78.0,17954.0,21812.5,80080825.66666667,8948.78906146897,74.76121443649538,74.65193451567902,0.1534262844361123,0.39169667401716896,6.691379263650738,7.438307700412622,3.1015075034914976,1.7611097363570214,3.193917648917688,3.2094092296987426,0.27083756658688135,0.5204205670290917
175,DBVPG_3239,3239,Rhodotorula,Rhodotorula mucilaginosa,Italy,food,4,4,78.0,12250.5,15461.25,58453191.58333334,7645.4686961188545,72.66233036476874,73.02511545624772,1.2306694906057756,1.1093554392555056,6.49425931659893,7.580591620110676,8.482195098285393,2.9124208312476743,3.396594532713565,4.450681944104029,4.694990643765746,2.1667927089977357
193,DBVPG_3381,3381,Rhodotorula,Rhodotorula mucilaginosa,Italy,plant,4,3,78.0,31172.5,31239.75,8051330.25,2837.486607897912,75.35647171924393,75.14578468495344,0.279932761880294,0.5290867243470525,8.964989342992585,8.96081124555947,0.044556788895975315,0.2110847907736967,3.5967596602486385,3.605104419708555,0.016711026861125477,0.1292711369994303
202,DBVPG_3382,3382,Rhodotorula,Rhodotorula mucilaginosa,Italy,plant,4,4,78.0,26019.5,28505.5,72290113.66666667,8502.35930002177,73.52440813196691,73.50988646478643,0.047205521568744184,0.21726831699247864,10.683003429470205,10.464488475877351,0.46786022956480977,0.684003091780154,4.048314491082545,4.063398872464766,0.033073947132461735,0.1818624401366641
211,DBVPG_3383,3383,Rhodotorula,Rhodotorula mucilaginosa,Italy,plant,4,4,78.0,21660.0,21196.5,33064764.333333332,5750.196895179619,73.30265616673032,73.36727391698885,0.5879951096091989,0.7668083917180346,10.756864943207406,10.50920094337112,2.6019309626760396,1.6130502046359374,4.385729304719543,4.446566872074503,0.06264988314478738,0.2502995867850912
220,DBVPG_3384,3384,Rhodotorula,Rhodotorula mucilaginosa,Italy,plant,4,4,78.0,24002.0,21862.75,46147602.25,6793.2026504440455,74.1544506154751,73.78903264202745,1.2948485729655346,1.1379141325098017,10.47057287251507,9.967086170947923,1.5051487625566777,1.2268450442320242,4.13870039593297,4.249664674306689,0.4230705502770063,0.6504387367592788
229,DBVPG_3442,3442,Rhodotorula,Rhodotorula mucilaginosa,Italy,food,4,4,78.0,21002.5,21221.25,19113392.916666668,4371.8866541421985,75.48658580936237,75.69789337843898,6.61429089747201,2.5718263738969647,6.885870965623181,7.2352334996401915,1.7668774588597722,1.329239428718458,2.3602578746491023,2.4174133790589725,1.027805057463715,1.0138072092186536
238,DBVPG_3443,3443,Rhodotorula,Rhodotorula mucilaginosa,Italy,food,4,4,78.0,17043.0,18711.75,34742255.583333336,5894.25615182555,73.52612111984315,73.41119685037711,0.13165531232674108,0.36284337161748054,8.845482272626922,9.123291780421532,1.366907696093661,1.169148278061282,4.574347319606087,4.578215798202756,0.032100609595892234,0.17916642987985287
167,DBVPG_3444,3444,Rhodotorula,Rhodotorula mucilaginosa,Italy,food,4,4,78.0,20488.0,21536.25,37829098.25,6150.53641969544,76.08643365990181,75.93317070580525,0.5002416943147465,0.7072776642272443,5.728098858387737,6.914217274809863,6.425787254062526,2.5349136581080085,1.864170152802641,1.7532944025360293,0.3027478319670949,0.5502252556608929
258,DBVPG_3445,3445,Rhodotorula,Rhodotorula mucilaginosa,Italy,food,4,4,78.0,26459.0,24821.75,32378435.58333333,5690.205232092541,76.12007533498192,75.793567317377,1.1178754427114257,1.0572962889897164,10.210265010253641,9.971818685576318,0.3011952456331146,0.5488125778743729,0.7413929606291836,1.2469450845573937,1.3627738663978477,1.1673790585743122
267,DBVPG_3446,3446,Rhodotorula,Rhodotorula mucilaginosa,Italy,food,4,4,78.0,27871.0,44269.25,1525777003.5833333,39061.19562408879,75.37700001245898,75.386774460281,1.0357101995066198,1.017698481627353,5.462983531189472,4.930747089066358,6.387832874918913,2.5274162448870414,2.732312078764887,2.268148825328467,1.5827040486884787,1.2580556619992926
176,DBVPG_3538,3538,Rhodotorula,Rhodotorula mucilaginosa,Italy,soil,4,4,78.0,24103.0,24448.75,301852340.25,17373.89824564424,73.52800494273924,73.47561143257698,0.30316784647658007,0.5506067984293148,8.286221582505664,8.251272850183913,1.5486344072529692,1.2444414037040752,4.696566464724516,4.428547308989628,0.5606248890337703,0.7487488824925018
239,DBVPG_3774,3774,Rhodotorula,Rhodotorula mucilaginosa,Italy,food,4,4,78.0,17560.5,17849.75,115675233.58333333,10755.242144337491,76.68800131703415,76.4412595356998,0.9426131038611013,0.9708826416519668,5.7528138062290655,5.5956657615228576,0.7049630849180457,0.8396207982881592,-0.23203106412234553,-0.16709014890815832,0.4145089062752241,0.6438236608538274
168,DBVPG_3775,3775,Rhodotorula,Rhodotorula mucilaginosa,Italy,soil,4,4,78.0,15948.5,16684.25,21989292.916666668,4689.2742419980805,74.20893678628548,74.76109488675225,2.2495556539108037,1.4998518773234921,8.246069579097625,8.400693449656604,0.19010831101968584,0.4360141179132688,1.9443377422495023,2.0133885761779435,0.470265326935841,0.6857589422937487
177,DBVPG_3776,3776,Rhodotorula,Rhodotorula mucilaginosa,Italy,soil,4,4,78.0,20751.0,21315.25,2163600.9166666665,1470.9183922524956,75.68613928294116,75.61372477863573,0.02752514461693883,0.1659070360682115,9.022414066415852,9.047523461311027,0.06433626011673955,0.25364593455590717,0.7787959954818569,0.7904587915268962,0.023553411753949774,0.15347120822470178
186,DBVPG_3777,3777,Rhodotorula,Rhodotorula mucilaginosa,Italy,soil,4,4,78.0,22324.0,22510.0,8512214.666666664,2917.5699934477434,74.57994702612885,74.36228563665327,0.2370876087637845,0.48691642893189024,9.529111190965583,9.510313153730687,0.016361293927411133,0.127911273652525,1.341824767159272,1.242176472055101,0.13795987969557283,0.3714295083802212
276,DBVPG_3778,3778,Rhodotorula,Rhodotorula mucilaginosa,Italy,soil,4,4,78.0,24801.0,22630.75,33028970.25,5747.083629981384,75.30448772949183,75.23791402156583,0.987955526889175,0.9939595197437243,9.222872579230295,8.91145140898368,0.6435514451058602,0.8022165824176537,1.1130094716009786,1.1157538081314007,0.0036074214661789,0.06006181371036759
285,DBVPG_3780,3780,Rhodotorula,Rhodotorula mucilaginosa,Italy,soil,4,4,78.0,19853.5,19389.75,5478546.916666667,2340.629598348843,75.88093826499212,75.84827778189035,0.19931245082344676,0.4464442303619196,9.758718778429445,9.716316552777215,0.09291881506158602,0.3048258766272739,1.4679730321584095,1.407149759170112,0.056938547647888645,0.23861799523063773
204,DBVPG_3854,3854,Rhodotorula,Rhodotorula mucilaginosa,Italy,plant,4,3,78.0,17606.5,14748.5,101287251.0,10064.156745599703,74.39813356160641,74.17090378796857,0.9918579626872132,0.9959206608396138,6.922908291967955,6.411113966586273,2.4877611801497137,1.5772638270592887,2.3113733302622452,1.8619883668508974,2.511169061846255,1.5846668614716013
213,DBVPG_3855,3855,Rhodotorula,Rhodotorula mucilaginosa,Italy,plant,4,4,78.0,20881.5,19478.5,16325603.000000002,4040.4953904193485,75.32238242702488,75.31268641643612,0.110402531477037,0.332268763920169,6.83210537240525,6.857408740602395,0.037130976117867705,0.19269399606076912,2.815533834179351,2.838512515746056,0.02878662031715178,0.16966620263668242
222,DBVPG_3856,3856,Rhodotorula,Rhodotorula mucilaginosa,Italy,plant,4,4,78.0,21724.0,21217.5,5680593.000000001,2383.399462952025,75.2733499399803,74.80256899495254,1.8785532225369355,1.3706032330827675,6.287246049991035,6.4267745524203415,0.14192368655541293,0.37672760259292515,2.785893001144879,2.7731658789584945,0.3239982705328919,0.569208459646281
231,DBVPG_3857,3857,Rhodotorula,Rhodotorula mucilaginosa,Italy,plant,4,4,78.0,48308.5,45739.5,109801529.66666667,10478.622508071692,77.10768453443538,76.88623549216715,0.2605584602150301,0.5104492729106684,9.00830363798892,9.007998924616157,0.019504589709053406,0.13965883326540218,7.353547036384322,7.380767802392857,0.04068583040670704,0.20170728892805792
240,DBVPG_3858,3858,Rhodotorula,Rhodotorula mucilaginosa,Italy,insect,4,4,78.0,26013.5,25209.75,48918784.25,6994.19646921646,74.260965512675,74.32536536043033,0.0826901609103876,0.28755896944868126,9.594548153328525,9.316686081743782,0.5846985363460256,0.7646558286876689,3.691460239133504,3.7217259856021565,0.05540165963933618,0.23537557145833163
169,DBVPG_3983,3983,Rhodotorula,Rhodotorula mucilaginosa,Italy,cave,4,4,78.0,11840.0,15918.25,128683886.91666669,11343.892053288708,74.18823306564354,74.3572699891261,1.3527290068022693,1.163068788508345,5.865843787780545,6.759927866089983,4.232103302012603,2.057207646790329,2.483832603801556,2.5107360786834203,0.06985077017117915,0.2642929627727139
178,DBVPG_3984,3984,Rhodotorula,Rhodotorula mucilaginosa,Italy,cave,4,3,78.0,24295.5,23130.25,19419882.916666668,4406.799622931211,73.61806688744757,73.49044626453033,0.7394117710259872,0.8598905575862472,6.681480733458367,6.731170143475406,0.06656067900847441,0.2579935638896335,2.4988349353613106,2.6115910891896275,0.27741372317023644,0.5267007909337487
196,DBVPG_4201,4201,Rhodotorula,Rhodotorula mucilaginosa,Italy,plant,4,4,78.0,24044.5,22682.5,21286572.33333334,4613.737349842678,76.2210987826867,76.13104119853969,1.3586961812563814,1.1656312372514652,9.606106127676275,9.474902090405863,0.7012291623170235,0.8373942693361494,0.4575513286637689,0.49952524569114587,0.02902676931531267,0.17037244294577886
205,DBVPG_4202,4202,Rhodotorula,Rhodotorula mucilaginosa,Italy,soil,4,4,78.0,24834.0,46756.25,2038958298.25,45154.82585781945,74.90183873119796,74.40614574272975,1.3777879977696148,1.1737921441931765,9.952896929814077,7.86499542274724,19.9235187728345,4.463576903430084,1.642205291539972,1.4503680187038042,0.3845942272206626,0.6201566150745008
214,DBVPG_4203,4203,Rhodotorula,Rhodotorula mucilaginosa,Italy,soil,4,4,78.0,20379.5,20046.0,1211393.9999999993,1100.6334539709392,75.47469047406992,75.4319668394553,0.6017186311716363,0.7757052476112536,9.161799087137961,9.21077755789538,0.09018764196423257,0.30031257376978504,0.12579602301953097,0.04612607308119576,0.03244477957362716,0.18012434475558034
223,DBVPG_4304,4304,Rhodotorula,Rhodotorula mucilaginosa,Italy,unknown,4,4,78.0,21963.0,21663.5,14093521.0,3754.133854832563,76.01335431136846,75.58393608389767,1.8969866602224021,1.3773113882569918,9.39369863365927,9.351004819558584,0.17840046671317153,0.4223747941262257,0.548054311843893,0.5172835609339954,0.10515244180794402,0.32427217242301876
232,DBVPG_4376,4376,Rhodotorula,Rhodotorula mucilaginosa,Italy,food,4,4,78.0,26122.0,24722.75,33296178.25,5770.284070130343,75.33337363454996,74.99419293326253,1.0232961116719432,1.0115809961006301,6.836016493476469,6.880796282190939,0.3175288349925624,0.5634969698166641,3.202943409675707,3.181004668074933,0.05888243736307668,0.24265703650023562
241,DBVPG_4377,4377,Rhodotorula,Rhodotorula mucilaginosa,Italy,marine,4,4,78.0,17699.5,15188.0,114487284.66666667,10699.873114512464,74.4481928492064,74.13043888369869,2.1027228234442554,1.4500768336347751,9.019000363162375,7.657739745152666,12.702575180658739,3.564067224486477,0.9902571974967134,0.4521563424210756,1.6250415922103667,1.2747711921009066
170,DBVPG_4378,4378,Rhodotorula,Rhodotorula mucilaginosa,Italy,food,4,4,78.0,12082.0,14930.5,59582907.66666668,7718.996545320297,73.89952367072631,73.93233053770297,0.6053709702504002,0.7780558914695012,7.484272338502491,8.194870046751651,3.2359098864280775,1.7988634985534833,1.9239392193625249,2.650965990553528,2.4253880318002965,1.557365734758633
179,DBVPG_4379,4379,Rhodotorula,Rhodotorula mucilaginosa,Italy,food,4,4,78.0,25937.0,21966.25,82224058.91666667,9067.748282603938,73.96037782027871,73.54111708864994,2.0128226798604234,1.4187398210596696,12.099994834489134,11.503364185175357,1.920582476870856,1.3858508133528862,3.673670324964834,3.688877338803018,0.05743617670439116,0.23965845844532832
188,DBVPG_4380,4380,Rhodotorula,Rhodotorula mucilaginosa,Italy,sand,4,4,78.0,25669.0,25104.0,21553098.0,4642.531421541485,76.19975026817175,76.0848410587474,0.976809362260988,0.9883366644322106,4.930778181604506,4.8184134340653255,0.1792054768452486,0.42332667863630874,1.3961239928675373,1.361028048167634,0.056424599010716336,0.23753862635520215
197,DBVPG_4408,4408,Rhodotorula,Rhodotorula mucilaginosa,Italy,marine,4,4,78.0,20918.5,16438.0,121943696.66666667,11042.811990913668,74.78480955560518,74.19592297325934,4.518922654612689,2.1257757771253036,8.94707660755735,7.4528536490947666,11.726280979265853,3.4243657776683047,1.7465759896511779,1.2224622845371846,2.229242486705443,1.4930647965528632
206,DBVPG_4466,4466,Rhodotorula,Rhodotorula mucilaginosa,Italy,plant,4,4,78.0,21557.5,21559.0,1386339.333333332,1177.4291203012315,75.55777893592878,75.52188925291584,0.036431309251074934,0.190869875179597,9.307056895810977,9.302302406852307,0.0024601611759589533,0.04960001185442352,0.8371972053383248,0.8352572526497681,0.1311963798597218,0.3622104082708306
233,DBVPG_4534,4534,Rhodotorula,Rhodotorula mucilaginosa,Italy,sand,4,4,78.0,25612.0,23771.5,27057368.33333334,5201.6697639636195,76.67840987836836,76.63427384148059,0.41220256790522863,0.6420300366067219,7.3867537641065795,7.398674456309124,0.10901490772590812,0.33017405671237726,1.1972234183735941,1.168117977668487,0.029104433878677782,0.1706002165258819
171,DBVPG_4618,4618,Rhodotorula,Rhodotorula mucilaginosa,Italy,soil,4,4,78.0,11824.0,14906.0,80038944.66666667,8946.448718159998,75.23211777462501,75.18034681015288,0.9953285020760742,0.9976615167861664,10.30827269815994,10.070335739803287,1.7660627069270947,1.3289329204015885,3.060381516828703,3.120569246108653,0.10376875829595777,0.32213158537460707
189,DBVPG_4669,4669,Rhodotorula,Rhodotorula mucilaginosa,Italy,food,4,4,78.0,22158.0,22598.75,18785964.916666668,4334.277900258205,72.38959828366248,72.50897514014535,2.0427778379159585,1.4292577926728118,9.533513281199516,9.767789383371987,0.31338250358086345,0.5598057730864013,4.797935084833476,4.756838524649578,0.22201945357649266,0.47118940308170415
198,DBVPG_4920,4920,Rhodotorula,Rhodotorula mucilaginosa,Italy,food,3,3,78.0,13898.0,16125.0,25133403.0,5013.322550963582,74.0221756555143,74.24674311885697,0.24177251123561763,0.4917036823490522,11.684896963829516,12.349508101747988,1.4494289307264008,1.2039223109181094,1.8558955574815905,1.7660232195304326,0.06845243125745984,0.26163415537245865
207,DBVPG_4945,4945,Rhodotorula,Rhodotorula mucilaginosa,Italy,food,4,4,78.0,25268.0,25157.5,772598.3333333335,878.97572966114,75.44715784524672,75.46019126129832,0.4253546610068839,0.6521921963707354,10.95377978682871,10.933101003616274,0.29117887306196816,0.5396099267637393,0.7235308051544376,0.7464674712605868,0.21116180998636594,0.45952345966921637
216,DBVPG_4946,4946,Rhodotorula,Rhodotorula mucilaginosa,Italy,food,4,4,78.0,24067.5,21012.5,129278973.66666667,11370.091189901103,74.43791948714474,74.00413142225392,0.8233950892320848,0.9074112018440619,11.034164274854167,10.31594663829513,4.308724325641297,2.0757466911069127,1.4356598108812124,1.4066860670820773,0.09915739744574859,0.31489267607511706
225,DBVPG_4947,4947,Rhodotorula,Rhodotorula mucilaginosa,Italy,food,4,4,78.0,27525.0,27669.0,2296278.666666667,1515.3477048739232,76.30544666523343,76.01725244055864,1.7668812600608632,1.3292408585583213,9.585420969595319,9.620530596885537,0.09355507231906207,0.30586773664291905,0.39244100783394353,0.442294327482462,0.05944433632156034,0.24381209223818318
234,DBVPG_4949,4949,Rhodotorula,Rhodotorula mucilaginosa,Italy,soil,3,3,78.0,21294.0,22747.666666666668,10859930.333333336,3295.4408405148674,76.15495696732779,76.0452745230702,1.7366394811268009,1.3178161788075,6.029885513534699,6.0378237071953365,0.1279019807466525,0.35763386409378584,1.7060998937854066,1.693338637147727,0.02600092488336144,0.16124802288202308
243,DBVPG_4950,4950,Rhodotorula,Rhodotorula mucilaginosa,Italy,soil,4,4,78.0,21952.5,20859.25,8304568.916666667,2881.764896147267,74.7381406056711,74.92526468484694,0.9500927366408801,0.9747270062129602,4.583214269491973,4.5889221844349,0.0038518205816439263,0.062063037160969864,3.428984553692577,3.4557387018256973,0.006391852281398571,0.07994906054106309
253,DBVPG_4956,4956,Rhodotorula,Rhodotorula mucilaginosa,Italy,soil,4,4,78.0,21147.0,19099.0,46045536.666666664,6785.686160342715,74.93094706079711,74.81020173677302,2.867503789308173,1.6933705410536033,9.713659701878708,9.483806940064134,0.7489662678117271,0.8654283724328242,0.7315253095112606,0.7652552468889962,0.09699661499952746,0.31144279570978595
262,DBVPG_4957,4957,Rhodotorula,Rhodotorula mucilaginosa,Italy,soil,4,3,78.0,20540.0,21092.0,10716085.33333333,3273.5432383479115,74.36906573785683,74.34862323610832,0.08005242718214506,0.28293537633556015,9.684993972600434,9.717821308575001,0.38242091624586333,0.6184019051117674,4.2058344870325,4.189640640628314,0.011834135881711054,0.10878481457313358
271,DBVPG_4958,4958,Rhodotorula,Rhodotorula mucilaginosa,Italy,soil,4,4,78.0,30550.5,30520.0,1249768.6666666667,1117.930528551156,74.00831067512053,73.97001832907522,0.2763962751286311,0.5257340345922367,11.79270844924564,11.626698474953935,0.19270839233614867,0.4389856402391184,5.09495253781671,5.081867551881178,0.050380316979042404,0.22445560135368064
280,DBVPG_4962,4962,Rhodotorula,Rhodotorula mucilaginosa,Italy,soil,4,4,78.0,18304.0,18342.0,47769032.666666664,6911.5144987670155,75.07398956181953,74.54820291951208,1.6902179267906314,1.3000838152944723,10.504536781961907,10.490291642165396,0.31436656184300943,0.560684012473166,2.3127887687958704,2.238153408829727,0.17453257233570285,0.41777095678816983
289,DBVPG_4963,4963,Rhodotorula,Rhodotorula mucilaginosa,Italy,soil,4,4,78.0,21562.5,22176.25,16164218.250000002,4020.474878667942,74.07269104490925,73.98949380634541,0.5629804726182037,0.7503202467068336,10.629739988193096,10.417390705258802,0.450911470314822,0.6714994194448882,2.132652409301905,2.1613016012631325,0.019116410630878742,0.13826210844218578
298,DBVPG_4964,4964,Rhodotorula,Rhodotorula mucilaginosa,Italy,soil,3,3,78.0,19698.0,20743.666666666668,32398844.33333334,5691.998272428878,73.34123257018783,73.70913733525991,0.7256011228515834,0.8518222366501026,9.457018691389596,9.42350594786126,0.036973854197011304,0.19228586582744792,3.6578918600948196,3.695030520393761,0.1576208485181731,0.39701492228652197
307,DBVPG_5225,5225,Rhodotorula,Rhodotorula mucilaginosa,Italy,soil,4,3,78.0,23436.0,22399.75,13248370.916666666,3639.831165956282,75.78193421731524,75.55849977397887,0.434150518847679,0.6589009932058678,9.708146814098068,9.690611843205792,0.06968820922576859,0.263985244333407,2.369116462481019,2.370984630470807,0.08326673931922533,0.2885597673259828
313,DBVPG_5226,5226,Rhodotorula,Rhodotorula mucilaginosa,Italy,soil,4,4,78.0,26197.5,43316.0,1502618326.0,38763.62116727487,74.74070442363231,74.8092467447533,0.250745882268986,0.5007453267570112,9.12294010394324,7.452045406744531,14.809848843392011,3.8483566419176913,1.5338956530317083,1.387627610808448,0.43150627439284445,0.6568913718361997
245,DBVPG_5227,5227,Rhodotorula,Rhodotorula mucilaginosa,Italy,soil,4,4,78.0,26600.0,25958.25,31132256.916666668,5579.6287436232415,74.89769018518075,75.17338417495216,1.4945304117297307,1.2225098820581086,8.14324105824074,8.05938566929478,0.40200303768404116,0.6340370948801349,2.4839964423247043,2.440763193993181,0.12778410148412403,0.3574690217125451
254,DBVPG_5228,5228,Rhodotorula,Rhodotorula mucilaginosa,Italy,soil,4,4,78.0,23141.5,23484.5,8882920.33333333,2980.4228447207506,73.65762517535376,73.68412398318515,0.612644786587995,0.7827162874170915,10.371831218239189,10.424907435913726,0.5651114054563925,0.7517389210732623,3.635909794445541,3.6663606842334353,0.2766380823381422,0.5259639553601959
263,DBVPG_5229,5229,Rhodotorula,Rhodotorula mucilaginosa,Italy,soil,4,4,78.0,23834.5,23417.0,45601990.00000001,6752.924551629465,73.83897271706115,73.862044491604,0.5624394867205205,0.7499596567286273,10.02160414444525,10.09831222455712,1.331817300777521,1.1540438903167942,4.284864877233957,4.230844101809414,0.204816710188352,0.4525668019070246
272,DBVPG_5235,5235,Rhodotorula,Rhodotorula mucilaginosa,Italy,soil,4,4,78.0,20773.0,21825.25,12735929.58333333,3568.7434179740817,75.48043184716732,75.2559948994449,0.5948631017243481,0.7712736879502295,9.8916844609524,9.895289475949205,0.6884989903776626,0.8297583927732594,1.3980612409984716,1.4314691831088744,0.16290231946928174,0.4036115948152156
281,DBVPG_5236,5236,Rhodotorula,Rhodotorula mucilaginosa,Italy,soil,3,3,78.0,22023.0,22010.333333333332,45954961.33333333,6779.008875442879,75.4222091815393,75.76084668484525,0.689624916321767,0.830436581757913,9.905243621739835,9.318684690044044,3.4153554683027645,1.8480680367082714,0.16076269256564135,1.0955758108138314,2.9372628559716687,1.7138444666805879
290,DBVPG_5757,5757,Rhodotorula,Rhodotorula mucilaginosa,Italy,soil,4,4,78.0,22555.5,23862.0,37309767.333333336,6108.172176136928,76.29172626129373,75.91061707133207,0.7315189776023577,0.8552888270066187,7.788272768983765,8.010148581526085,0.4357871493985912,0.6601417646222599,1.254731882906912,1.2903660759068791,0.0581293333221246,0.24110025574877478
299,DBVPG_5758,5758,Rhodotorula,Rhodotorula mucilaginosa,Italy,soil,4,4,78.0,19658.5,19811.5,3503105.6666666656,1871.6585336718515,76.12348433009939,76.03737890177172,0.23452407988898816,0.48427686284705795,8.002816969382417,8.075406305065098,0.14606040462269007,0.38217849837829715,1.558566109301457,1.5152932035795237,0.21501827884020389,0.4637006349361664
308,DBVPG_5759,5759,Rhodotorula,Rhodotorula mucilaginosa,Italy,soil,4,4,78.0,15110.5,16141.5,18822684.333333332,4338.511764802918,74.90685423227904,74.77701966711223,0.6611998596428065,0.8131419677047831,7.568912238888615,7.684498961110454,0.3455699653400836,0.5878519927159247,1.346099066091605,1.496504012879643,0.6889497347650071,0.8300299601610819
246,DBVPG_6091,6091,Rhodotorula,Rhodotorula mucilaginosa,Italy,insect,4,4,78.0,23111.0,22812.5,31247727.0,5589.9666367519585,73.97107747692968,73.83136391925444,1.6749965415691837,1.2942165744453993,10.218352101124957,10.058053861156544,0.5643816805184729,0.7512534063273676,1.427982003196221,1.437417318970871,0.039334384122912444,0.19832897953378484
303,DBVPG_6092,6092,Rhodotorula,Rhodotorula mucilaginosa,Italy,unknown,4,4,78.0,17238.5,16750.0,32763168.666666668,5723.912007243531,75.05493363458719,75.46577908073282,1.0250038581616703,1.0124247419742716,8.415302059334717,8.18289220548838,1.0527369418170025,1.0260296983114097,0.41827504097102786,0.5960510657059992,0.21415190748273463,0.4627654994516495
255,DBVPG_6093,6093,Rhodotorula,Rhodotorula mucilaginosa,Italy,unknown,3,3,78.0,7113.0,12076.0,120251359.0,10965.918064621857,75.22605650613642,74.75787920011969,0.9808494479235408,0.9903784367218124,7.545037789428111,8.358853707984588,2.2067647236080443,1.4855183349955814,-0.028666883106853724,0.2567756899085875,0.41610705229613154,0.6450636032951569
264,DBVPG_6094,6094,Rhodotorula,Rhodotorula mucilaginosa,Italy,unknown,4,4,78.0,25350.0,23841.25,28158294.249999996,5306.438942454723,73.94327180313574,73.9980898654975,0.08641505135201298,0.2939643708887405,11.030907949958536,10.565292202752687,0.9361831317159548,0.9675655697243235,4.686044518460841,4.653358904631916,0.2769768980313046,0.5262859470205381
300,DBVPG_6593,6593,Rhodotorula,Rhodotorula mucilaginosa,Italy,unknown,4,4,78.0,25944.0,40059.75,1351855914.9166667,36767.59327065979,74.943317970336,74.91674389773706,1.4671829483276329,1.2112732756598046,9.100822028390784,7.394725157004943,15.574653439889028,3.946473544810484,1.9121398169851478,1.4295710539752704,1.2636732056184439,1.1241322011304737
309,DBVPG_6649,6649,Rhodotorula,Rhodotorula mucilaginosa,Italy,plant,4,4,78.0,18798.0,18455.25,14479220.25,3805.1570598334047,77.38189829297227,77.16926606032187,1.1866266758704114,1.0893239535925074,8.140556983968121,8.089344681013023,0.13947934747445212,0.3734693394034537,2.378765473002681,2.393902675965762,0.04267430773545896,0.20657760705231087
315,DBVPG_6660,6660,Rhodotorula,Rhodotorula mucilaginosa,Italy,food,4,4,78.0,24435.5,39972.75,1263694514.25,35548.48118063555,76.12756807122054,75.98674273999397,0.8419537504524666,0.9175803781971728,7.966919209384541,6.453783144615609,9.834926578781372,3.1360686502022515,1.5813125583420073,1.351699554496022,0.4802057269200965,0.6929687777382878
318,DBVPG_6741,6741,Rhodotorula,Rhodotorula mucilaginosa,Italy,soil,4,4,78.0,27328.0,25271.75,50695060.25,7120.046365719819,75.81663249432077,75.73189650881069,0.5284322843478151,0.7269334800019979,10.276006492144454,10.05968177013263,0.32223508100239806,0.5676575384881258,1.1407412488005697,1.2123637983190272,0.06385214076630674,0.25268981136228413
256,DBVPG_6742,6742,Rhodotorula,Rhodotorula mucilaginosa,Italy,unknown,4,4,78.0,25079.5,25788.25,6246796.916666667,2499.3593012343517,75.76998132160548,75.60448289096558,0.5229751192864299,0.7231701869452515,9.635524543844838,9.559867202992248,0.09915546155328124,0.3148896021676188,0.5121677827438886,0.5976507578463075,0.06795826926947408,0.26068806890510754
265,DBVPG_6743,6743,Rhodotorula,Rhodotorula mucilaginosa,Italy,soil,4,4,78.0,22656.0,21809.75,54364680.25,7373.240824088143,75.99709892279665,75.8314913726826,0.7763402985395836,0.8811017526594664,9.256059818238334,9.260762231835884,0.4045576797611486,0.6360484885298829,1.4342457134502995,1.443054399850144,0.08250272505897871,0.28723287600652314
274,DBVPG_6803,6803,Rhodotorula,Rhodotorula mucilaginosa,Italy,soil,3,3,78.0,19669.0,19984.333333333332,34191857.33333333,5847.380382131244,78.18301344677434,78.02221190373153,0.2587113388327454,0.5086367454605943,5.677216249048323,5.747033613288988,0.10344055769185012,0.3216217618443287,0.23995857135159504,0.14548034040855473,0.033794528640343255,0.18383288236967632
283,DBVPG_7019,7019,Rhodotorula,Rhodotorula mucilaginosa,Italy,unknown,4,3,78.0,18779.0,19173.5,40367936.333333336,6353.576656760611,75.28371701339063,75.13979993714116,0.8066777800611563,0.8981524258505102,9.150839438708356,9.154877474222367,1.4400817187388888,1.2000340489914811,1.4186717010703953,1.3116697577998577,0.1852043326989754,0.4303537297374979
257,DBVPG_8043,8043,Rhodotorula,Rhodotorula mucilaginosa,Italy,water,4,4,78.0,24745.5,24835.25,10068292.916666666,3173.0573453164484,75.1988856010451,75.3295156801331,0.896554556297812,0.9468656484939202,9.585101941954775,9.582761365474735,0.037600218589650944,0.19390775794085946,0.8231661419508707,0.7090746087384053,0.1399899961149986,0.3741523701849269
334,JES-025-001,JES-025-001,Rhodotorula,Rhodotorula mucilaginosa,America,,8,8,78.0,25332.0,25263.0,77330565.7142857,8793.779944613449,76.33129624364122,75.88705539705164,1.560005340869882,1.2490017377369345,8.349667500725563,8.250802516003406,0.7392353593295147,0.8597879734734108,2.7983598138420107,2.6947026639258893,0.21455381509905663,0.4631995413415871
322,NRRL_Y-2510,Y2510,Rhodotorula,Rhodotorula mucilaginosa,America,unknown,3,3,78.0,12632.0,12324.333333333334,11668424.333333334,3415.907541683957,75.22518589099717,75.10904034557147,3.7997283602337633,1.9492891935866683,0.47872182094579885,0.4873069158951582,0.011481776059030536,0.10715304969542648,0.09325972657492354,0.45431617578755024,1.4321736085499206,1.1967345606064532
32,TFCN_100D-1,100D-1 BY31-H3,Rhodotorula,Rhodotorula mucilaginosa,China,marsh_tidalflat,4,3,75.0,15549.5,15898.75,36210053.583333336,6017.47900564126,73.41547692143855,73.27341974903493,1.0925814596263612,1.0452662147158307,9.462766124451154,9.014431761735498,2.626163240242011,1.6205441185731448,4.820005121951853,4.74777076684828,0.14227901639531784,0.3771989082636876
99,TFCN_102C-1,102C-1,Rhodotorula,Rhodotorula mucilaginosa,China,marsh_tidalflat,4,4,78.0,23148.0,24094.0,48370342.666666664,6954.8790547835315,74.4533273080763,74.6433224910006,0.4460186431234369,0.6678462720742229,9.521828320615988,9.686247433010164,0.7460126473778476,0.8637202367536884,1.937113491170972,1.90553156525069,0.2792910308980827,0.5284799247824677
4,TFCN_102C-2,102C-2,Rhodotorula,Rhodotorula mucilaginosa,China,marsh_tidalflat,4,4,75.0,24791.5,23842.5,42682249.666666664,6533.165363487034,76.44034146379218,75.78434132122173,2.346127334488516,1.531707326641913,9.97861248061345,9.554052999860334,2.1606929925216245,1.4699295876067073,1.0058036871486542,1.805414866284591,5.118703150866275,2.262455115768327
20,TFCN_102D-1,102D-1 8130,Rhodotorula,Rhodotorula mucilaginosa,China,marsh_tidalflat,4,4,75.0,16037.0,16175.0,178227390.0,13350.18314481116,74.29319879027844,73.09220093387694,11.664573428802237,3.4153438229265056,6.688684913547959,5.998675498502748,16.60109973411172,4.074444714818416,3.424131587119178,2.693368219051512,5.075193341709034,2.2528189766843303
161,TFCN_102D-2,102D-2,Rhodotorula,Rhodotorula mucilaginosa,China,marsh_tidalflat,4,4,78.0,22743.5,21749.5,27247277.66666666,5219.892495700143,74.6263411736754,74.32804221799225,0.6109233536355149,0.781615860660155,9.952199659602645,9.863833032647012,1.2355069954874274,1.1115336231924913,3.034638889593533,2.945521788596545,1.2644971114663506,1.124498604475057
5,TFCN_105A-2,105A-2,Rhodotorula,Rhodotorula mucilaginosa,China,marsh_tidalflat,4,4,75.0,15449.5,14747.5,17225247.0,4150.330950659236,73.85917242593386,73.81149218866102,0.590537957570381,0.7684646755514407,8.890536849339036,9.051144205418408,3.268544121560911,1.8079115358780449,1.869470390580824,2.5603803426001575,3.5244744170333973,1.8773583613773364
172,TFCN_106A-1,106A-1,Rhodotorula,Rhodotorula mucilaginosa,China,marsh_tidalflat,4,4,78.0,25902.0,37189.25,628812320.9166666,25076.130501268864,74.88937006167433,75.04605842946911,2.312738808706254,1.5207691503664367,9.811544213492354,7.948143395714202,17.896501482930194,4.23042568578272,1.1048023954852326,1.097143174243581,0.07533384371764164,0.27447011443441643
8,TFCN_107A-6,107A-6 BY31-B6,Rhodotorula,Rhodotorula mucilaginosa,China,marsh_tidalflat,4,4,75.0,15733.5,16200.75,23252899.583333332,4822.126043907742,74.14698923356221,74.171065498001,1.9714566561235396,1.404085701132071,9.720204763881968,9.49459913254476,0.3822936426347252,0.618298991293634,4.64762839769296,3.8073996736433964,4.291197773404794,2.0715206427657904
41,TFCN_107C-3,107C-3,Rhodotorula,Rhodotorula mucilaginosa,China,marsh_tidalflat,4,4,75.0,18187.0,19124.0,39947939.99999999,6320.438275942578,74.7020647944308,74.88639856981051,0.7646642497683382,0.8744508275302495,8.741437287142329,9.031899289644667,0.8188434404436316,0.9048996852931442,2.3357067346006066,2.3533907275977093,0.5478165982372355,0.7401463356912844
23,TFCN_110C-1,110C-1,Rhodotorula,Rhodotorula mucilaginosa,China,marsh_tidalflat,2,2,75.0,9666.0,9666.0,178605000.0,13364.318164425747,71.69984945594317,71.69984945594317,6.124440134924684,2.474760621741966,5.065230855663961,5.065230855663961,28.78726211445435,5.3653762323302505,2.631207486371295,2.631207486371295,1.736245467077284,1.3176666752548931
50,TFCN_118C-2,118C-2 BY31-G1,Rhodotorula,Rhodotorula mucilaginosa,China,marsh_tidalflat,4,4,75.0,19220.5,19377.0,19627478.000000004,4430.290961099508,73.7850102694112,74.32782276837904,2.3906058033867446,1.546158401777368,9.544825308599847,9.223269207391388,1.8196947062964617,1.3489606022032155,4.182878981717231,3.968294323090549,1.3134719397447763,1.1460680345183598
11,TFCN_122C-2,122C-2  BY31-A2,Rhodotorula,Rhodotorula mucilaginosa,China,marsh_tidalflat,4,4,75.0,16732.5,15791.75,108054373.58333333,10394.920566475404,76.04159782190831,75.41062673560886,3.677702875410614,1.9177337863766737,7.2366363253567325,7.059214614433915,1.8029499700869396,1.3427397253700881,0.8162992797615287,0.9749241580014945,0.5067105822641741,0.7118360641778232
14,TFCN_130D-4,130D-4 BY30-H7,Rhodotorula,Rhodotorula mucilaginosa,China,marsh_tidalflat,4,4,75.0,15725.0,13832.5,28699673.0,5357.20757484718,74.86295614383559,74.53276476073034,3.9097879855915596,1.9773183824542673,8.762988504141505,8.214738664930069,2.011374176436639,1.4182292397340561,1.6490597515966376,1.9796719433488876,3.6423002725422218,1.9084811428311839
2,TFCN_134A-3,134A-3 BY30-D2,Rhodotorula,Rhodotorula mucilaginosa,China,marsh_tidalflat,4,4,75.0,20265.0,21293.0,22615000.0,4755.5231047698635,75.5297381560341,75.3997436996993,1.4600095068557242,1.208308531317943,8.44662414112371,8.476617474488926,1.8208997359132215,1.3494071794359261,1.8570760785877938,2.333502811227195,1.591720178900591,1.261633932208781
25,TFCN_137C-3,137C-3 BY30-I4,Rhodotorula,Rhodotorula mucilaginosa,China,marsh_tidalflat,4,4,75.0,11686.5,12173.75,108883912.91666667,10434.745464871996,74.2087361702728,73.74725906028675,8.13024377470983,2.8513582333179097,8.558132716968494,7.627606704340379,8.634627532611505,2.938473673969448,0.8928036805839479,0.9000522666892524,0.4135886787229765,0.6431086056981173
75,TFCN_137D-4,137D-4 BY30-H6,Rhodotorula,Rhodotorula mucilaginosa,China,marsh_tidalflat,4,4,75.0,19698.5,19830.75,18165450.916666668,4262.0946630344415,75.2768570089332,75.25452318434677,0.12841103753351815,0.35834485838856145,8.797827385551308,8.759454359989338,0.7732953032916162,0.8793721074105183,1.953200161410551,1.9229073006191644,1.3587733292470174,1.1656643295764941
73,TFCN_138A-1,138A-1 BY31-C1,Rhodotorula,Rhodotorula mucilaginosa,China,marsh_tidalflat,4,4,75.0,17419.5,19027.5,20838117.666666668,4564.878713248214,75.00511919993741,75.01352966128094,0.4244341729519329,0.6514861264462452,8.181430746876245,8.409552180282596,0.9223016485750452,0.9603653724364728,1.8422999041813437,1.7428206884552684,0.6828587606679831,0.826352685400116
64,TFCN_140A-3,140A-3 BY30-G2,Rhodotorula,Rhodotorula mucilaginosa,China,marsh_tidalflat,4,4,75.0,16613.5,16711.0,7747575.333333333,2783.4466643593755,73.75028223595777,73.96406651793967,2.1139208878339653,1.4539329034841895,9.270368109835086,9.092265776278696,1.4986717326059473,1.224202488400488,3.7152928464327606,3.17299191052246,4.463701621412268,2.1127474106982755
13,TFCN_141C-2,141C-2 BY30-H4,Rhodotorula,Rhodotorula mucilaginosa,China,marsh_tidalflat,4,4,75.0,15974.0,19554.5,71932700.33333333,8481.314776220332,74.89716156541367,75.0049945011615,0.35485758201571804,0.5956992378841172,8.495370923060463,8.56294476825669,0.35346690172381945,0.5945308248727054,1.4965707678392448,1.4545993704622533,0.8953746354338094,0.946242376684647
158,TFCN_152A-1,152A-1 BY32-H1,Rhodotorula,Rhodotorula mucilaginosa,China,marsh_tidalflat,4,4,78.0,30183.5,47651.0,1700726488.6666667,41239.86528429339,75.0678177537418,74.98658391923823,2.1027953780298017,1.4501018509159285,7.34942703125882,6.501936748565133,13.154909041683903,3.626969677524738,2.2408081987412287,2.2404948448641853,1.0618395973541255,1.0304560142743238
19,TFCN_152A-12,152A-12 BY32-A3,Rhodotorula,Rhodotorula mucilaginosa,China,marsh_tidalflat,4,4,75.0,21770.0,20705.5,19512067.000000004,4417.246540549893,74.74950820448163,74.78376107225331,0.14257873113930822,0.3775959893051146,9.321555823455313,9.221027355849309,0.2880150383239602,0.5366703255481526,2.3693212907970773,2.6501184840397594,0.47189621355047584,0.6869470238311509
83,TFCN_152A-2,152A-2 BY32-I1,Rhodotorula,Rhodotorula mucilaginosa,China,marsh_tidalflat,4,4,75.0,15044.5,12123.25,68042922.91666667,8248.813424770055,73.61618057428285,73.26740050151528,3.8128930549690168,1.9526630674463572,8.397832419173287,7.065344470565331,17.12523203548826,4.138264374769725,2.2128039275652545,2.3065008724154676,5.364427313889341,2.3161233373655516
159,TFCN_152A-5,152A-5 BY32-C2,Rhodotorula,Rhodotorula mucilaginosa,China,marsh_tidalflat,4,4,78.0,20534.0,21194.5,6026072.999999999,2454.8061023225437,75.22685456660426,75.46599229276225,0.4674720864541371,0.6837193038478123,9.302742558314703,9.101125357064157,0.253021744069061,0.5030126679011783,0.5731387752188177,0.6456324247640866,0.44615437062959423,0.6679478801744896
150,TFCN_152C-5,152C-5 BY32-F3,Rhodotorula,Rhodotorula mucilaginosa,China,marsh_tidalflat,4,4,78.0,21524.0,21221.75,51298990.916666664,7162.331388358589,74.96333501908039,74.43240887120417,1.8070667351379843,1.3442718233817088,9.522899573019842,9.925351065446932,1.04291162226065,1.0212304452280347,3.927465825785248,3.826134951804458,1.547392081856349,1.2439421537420254
117,TFCN_17-0-2E334-10,17-0-2E334-10 BY116-C8,Rhodotorula,Rhodotorula mucilaginosa,China,marsh_tidalflat,4,4,78.0,18243.0,19717.75,29443360.25,5426.173628810638,75.30964174539947,75.4997581219411,0.5663484036337302,0.7525612291592826,9.265800085966974,9.153234238135555,0.16623805374193704,0.4077230110527698,2.2216990387607103,1.7752197675983294,1.4756856711557547,1.2147780336982368
126,TFCN_17-0-2E334-4,17-0-2E334-4 BY116-G7,Rhodotorula,Rhodotorula mucilaginosa,China,marsh_tidalflat,4,4,78.0,24259.0,23257.0,10304483.33333333,3210.059708686636,76.11845572064477,75.74328227496514,0.7012228643145817,0.8373905088515046,9.092319381642927,9.313871944411009,0.4991663143079457,0.7065170304443805,2.7781393637035134,3.0328460786589266,0.6481130215067537,0.8050546698869299
174,TFCN_17-0-2E337-3,17-0-2E337-3 BY117-H4,Rhodotorula,Rhodotorula mucilaginosa,China,marsh_tidalflat,4,4,78.0,23640.5,22271.0,29927235.33333334,5470.579067460166,75.27674254706776,75.08998889034243,0.6042993783540863,0.7773669521880168,7.142466733075503,7.506359926938996,1.2440260174851214,1.115359142825808,3.483941646722244,3.5435845015210994,0.09917690706444778,0.3149236527548348
54,TFCN_17-0-2E390-1,17-0-2E390-1 BY126-B7,Rhodotorula,Rhodotorula mucilaginosa,China,marsh_tidalflat,4,4,75.0,21951.0,23535.5,30229507.0,5498.136684368624,75.41559458081795,75.32347697105743,0.09297027701274341,0.30491027698774503,8.55641458414523,8.413707557004496,0.4930829426406668,0.7021986489880672,3.2756920649937573,2.8404027017345097,1.23646157206497,1.1119629364618995
63,TFCN_17-0-2E390-2,17-0-2E390-2 BY126-C7,Rhodotorula,Rhodotorula mucilaginosa,China,,3,3,75.0,15953.0,19249.0,47611236.0,6900.0895646361,73.29866004946413,73.3519800857445,0.9026675270652709,0.9500881680482454,8.589256810254408,8.493635864560256,2.926509558865226,1.7107044042923447,4.443993790454948,4.1066584239859205,1.4356898896727985,1.1982027748560753
36,TFCN_17-267M-1,17-267M-1 BY121-A4,Rhodotorula,Rhodotorula mucilaginosa,China,marsh_tidalflat,4,4,75.0,20174.0,20629.25,29568597.58333333,5437.701498182236,75.67075822942587,75.04523068351078,2.713910573908485,1.6473950873753644,7.273196357858378,6.876857348963767,1.9363953484472356,1.3915442315813162,2.896435553822152,2.7567383203577487,0.42695462699770653,0.6534176512749763
1,TFCN_17-291Y-1,17-291Y-1 BY126-B8,Rhodotorula,Rhodotorula mucilaginosa,China,marsh_tidalflat,4,4,75.0,20642.5,20501.0,12684982.0,3561.598236747093,74.9217889870423,75.11005568462892,0.6654647059533507,0.8157602012560742,8.061088149704007,8.140342171209543,0.6258208254098501,0.7910883802773556,3.643817975719865,3.4290020970455632,0.6332623592147993,0.7957778328244632
68,TFCN_17-325D-2,17-325D-2 BY116-B4,Rhodotorula,Rhodotorula mucilaginosa,China,marsh_tidalflat,4,4,75.0,20225.0,20790.75,18279774.916666668,4275.4853428197675,74.48299476465792,74.38551339618303,0.9394821532580749,0.9692688756264047,9.453249851902129,9.380779930461895,0.48055146190438275,0.6932181921331716,2.285221070867088,2.3961769389232193,0.8542896494205633,0.9242779070282722
143,TFCN_17-325D-4,17-325D-4 BY116-C4,Rhodotorula,Rhodotorula mucilaginosa,China,marsh_tidalflat,4,4,78.0,21477.5,22700.25,35257682.25,5937.817970433247,74.37243373638678,74.26818800700303,0.531003355985006,0.7286997708144322,9.599136725185613,9.717537932536128,1.3344728296246444,1.155193849371024,1.9009839437156728,2.107241633977419,0.5471441033979458,0.7396918976154503
69,TFCN_17-325P-1,17-325P-1 BY117-E2,Rhodotorula,Rhodotorula mucilaginosa,China,marsh_tidalflat,4,4,75.0,18835.5,19247.0,26229586.000000004,5121.482793098108,74.36823778763882,74.4490383221334,2.1542597076762564,1.467739659366148,8.939245455776055,8.66350761213891,1.1695183912211653,1.0814427359879788,2.0727813766088787,1.8737276624131771,0.6275673701191044,0.7921914983885553
7,TFCN_17-329Y-4,17-329Y-4 BY115-H8,Rhodotorula,Rhodotorula mucilaginosa,China,marsh_tidalflat,4,4,75.0,10367.0,12494.0,25355441.333333332,5035.41868500856,72.40366757331427,72.99073497379598,1.8030607272819905,1.3427809677240703,7.442160140658405,7.6224258246664895,0.3940515951623917,0.6277352906778395,2.7239997500940527,2.8100611064427348,0.8740703226950028,0.9349172812046009
209,TFCN_17-332C-1,17-332C-1 BY115-G4,Rhodotorula,Rhodotorula mucilaginosa,China,marsh_tidalflat,4,4,78.0,21448.0,21190.0,19102515.33333334,4370.64243942848,75.13841728358145,75.18064645812245,1.2474566962816382,1.1168960096095062,9.685332413770814,9.624952375525282,0.42185149066165795,0.6495009550891038,0.26628003798494504,0.276241915799863,0.02869293177157709,0.16938988095980553
135,TFCN_17-332C-2,17-332C-2 BY115-H4,Rhodotorula,Rhodotorula mucilaginosa,China,marsh_tidalflat,4,4,78.0,18230.5,17979.5,2414295.0000000005,1553.800180203362,76.62624109425481,76.60388044130067,0.10959994183457296,0.33105881929737646,9.836062737611034,9.463211262675484,0.7649829909446529,0.8746330607429912,0.7053959663218645,1.0105512035467168,0.6377949562930904,0.7986206585689418
190,TFCN_17-332M-1,17-332M-1 BY115-F4,Rhodotorula,Rhodotorula mucilaginosa,China,marsh_tidalflat,4,4,78.0,29036.5,28584.0,2948464.6666666665,1717.1093927489496,75.49149732246434,75.59139003390769,0.1745644605836174,0.41780911979469454,8.088183774840566,7.960293116292407,0.2133479372016025,0.4618960242322968,1.7571584145263885,1.8396316884179809,0.19168136014880813,0.43781429870300964
199,TFCN_17-332M-2,17-332M-2 BY115-F4,Rhodotorula,Rhodotorula mucilaginosa,China,marsh_tidalflat,4,4,78.0,27582.0,27550.0,5568219.999999999,2359.7076090058276,75.8206928135182,75.72887361520743,0.3290185057448828,0.5736013474050446,10.158403068666388,10.103229435373285,0.12600060451969886,0.35496563850561486,0.26500445971505693,0.4921519475606151,0.4036424808630581,0.635328640046282
97,TFCN_17-332P-1,17-332P-1 BY115-D6,Rhodotorula,Rhodotorula mucilaginosa,China,marsh_tidalflat,4,4,78.0,18260.0,18143.0,57929357.333333336,7611.1337744999155,75.90263070678922,75.35955117788643,4.786855171932575,2.187888290551548,8.891624409545217,8.65068100005137,0.8177955454758378,0.9043204882539363,0.27422727711291506,1.3005056212928967,5.693326194921191,2.386069193238367
144,TFCN_17-332P-2,17-332P-2 BY117-G8,Rhodotorula,Rhodotorula mucilaginosa,China,marsh_tidalflat,4,4,78.0,21305.0,21527.25,34818048.916666664,5900.682072156292,75.21120676635158,75.37667530215603,0.14817834035986704,0.38493939829519536,8.937654465132699,9.127355507160276,0.5156642336976365,0.7180976491380796,0.6922682375106182,0.6477849969547672,0.3077634759441128,0.5547643427114911
134,TFCN_17-333D-2,17-333D-2 BY115-E6,Rhodotorula,Rhodotorula mucilaginosa,China,marsh_tidalflat,4,4,78.0,22569.5,21154.0,18282616.66666667,4275.817660596236,76.41456321080628,75.88569194920915,2.4058004017331593,1.5510642803356538,9.536791513792885,9.476275629302247,0.5730964160374111,0.7570313177388444,0.6424498939630263,1.4775692098223714,4.113002118329471,2.028053775995467
67,TFCN_17-333P-6,17-333P-6 BY118-E1,Rhodotorula,Rhodotorula mucilaginosa,China,marsh_tidalflat,4,4,75.0,20435.5,20774.0,9116137.999999998,3019.2942884058184,74.66992104706567,74.61668045034199,0.1548454025112499,0.3935040057118223,8.679774731468388,8.66139452613772,0.10043587133212116,0.3169161897601969,2.459497579904518,2.402092646580034,0.5073513747252548,0.7122860203073305
164,TFCN_17-334C-1,17-334C-1 BY117-A6,Rhodotorula,Rhodotorula mucilaginosa,China,marsh_tidalflat,4,4,78.0,17939.0,17932.0,9798434.0,3130.245038331664,76.58422011855149,76.29525203017778,2.2928407442119023,1.5142129124439212,8.665859791261749,7.899124354791155,3.5506366041756787,1.8843132977760568,0.577472159044734,0.6587238909555898,0.5773515658395213,0.7598365388947291
125,TFCN_17-334D-6,17-334D-6 BY115-E2,Rhodotorula,Rhodotorula mucilaginosa,China,marsh_tidalflat,4,4,78.0,24640.0,24064.0,44583024.666666664,6677.052094050687,76.5543808339716,76.50559481304334,1.6981634392238856,1.3031360018140414,7.081047410933655,7.136467953761688,1.4717669154049036,1.2131640101012326,2.307684083603978,2.712605987265418,0.8758970595108696,0.9358937223375684
6,TFCN_17-334Y-2,17-334Y-2 BY116-B9,Rhodotorula,Rhodotorula mucilaginosa,China,marsh_tidalflat,4,4,75.0,14525.0,16847.25,80069023.58333334,8948.129613686502,74.45326620323955,74.48010194516705,0.5407500941129858,0.7353571201212278,8.668681978447292,8.511557081975312,2.908865175130131,1.7055395554281731,1.4179876018413196,1.5252165044348287,1.1007553625439443,1.049168891334443
39,TFCN_17-334Y-3,17-334Y-3 BY116-C9,Rhodotorula,Rhodotorula mucilaginosa,China,marsh_tidalflat,4,3,75.0,20801.0,20194.25,21734629.583333332,4662.041353670443,75.1771182919343,74.68122515671546,1.5402655731717099,1.2410743624665324,8.775851978280638,8.677703670536435,0.36465200753214805,0.6038642293861659,3.718341701678307,3.779314751352797,0.3597548738123808,0.5997956933926591
163,TFCN_17-334Y-5,17-334Y-5 BY116-E9,Rhodotorula,Rhodotorula mucilaginosa,China,marsh_tidalflat,4,4,78.0,19090.5,20947.75,58270736.916666664,7633.5271609306965,75.09316074652637,74.78243095146004,1.5721856157505296,1.253868260923184,6.515618830531741,6.383285030469358,0.7526525306960038,0.8675554914217325,3.1531472687493736,3.212725868070307,0.0960332232006494,0.3098922767683141
24,TFCN_17-337P-5,17-337P-5 BY116-B7,Rhodotorula,Rhodotorula mucilaginosa,China,marsh_tidalflat,4,4,75.0,21982.5,21635.25,46798346.916666664,6840.931728695052,75.35002946726036,75.38683692461913,0.40480276943519056,0.6362411252309855,9.304811897800052,8.786769566894531,1.2615575292750603,1.123190780444293,2.1354215467221382,2.2103414108850723,0.5432873816334053,0.7370803088086164
62,TFCN_17-338D-3,17-338D-3 BY116-B5,Rhodotorula,Rhodotorula mucilaginosa,China,marsh_tidalflat,3,3,75.0,16525.0,17369.333333333332,17977826.333333336,4240.026690167568,72.9931354958457,73.37395394735016,0.6284723970531313,0.7927625098685805,9.195247849887734,8.628737168839967,1.3924381362344918,1.1800161593107494,2.3272956641549047,2.5034106133563676,0.13568308728455983,0.3683518525602387
9,TFCN_17-390M-1,17-390M-1 BY126-D7,Rhodotorula,Rhodotorula mucilaginosa,China,marsh_tidalflat,4,4,75.0,21949.0,22808.0,8218866.666666665,2866.8565828563287,74.55664621691395,74.40931970907579,0.8488751881591478,0.921344228917264,9.122136870390388,9.273384856977978,1.6743327401687977,1.2939600999137484,3.3689648442509212,3.479951275563672,0.3770229007057262,0.6140219057213889
55,TFCN_172A-1,172A-1 BY40-A6,Rhodotorula,Rhodotorula mucilaginosa,China,marsh_tidalflat,4,4,75.0,17557.0,18264.5,11253024.999999998,3354.5528763160073,75.06329614873721,75.17200884610595,0.9440321012809806,0.9716131438391417,7.840289255491018,7.928006508351391,0.8565773932068175,0.9255146639609864,2.5531379774016094,2.7824078494888718,1.3996625689112037,1.1830733573668217
45,TFCN_17Y-278-1,17Y-278-1 BY126-D5,Rhodotorula,Rhodotorula mucilaginosa,China,marsh_tidalflat,4,4,75.0,18806.0,15496.5,113926880.33333333,10673.653560676088,75.17954007183698,74.54308085218479,6.438901852781394,2.5374991335528363,7.182272810732471,6.623096657768591,10.779276697445672,3.2831808810124476,3.100539352622639,2.656224276638786,3.0430304643732433,1.7444284062045203
304,TFCN_17_332M_1,17-333M-1,Rhodotorula,Rhodotorula mucilaginosa,China,,4,4,78.0,25884.0,24950.25,21588224.25,4646.312973745958,75.85670840424947,75.57569120739024,0.8945370175248594,0.9457996709265971,8.185433475932925,8.118580246795647,0.704717900366767,0.8394747764922821,3.2877527211223336,3.153389883312596,0.1911613893454073,0.43722006969649424
183,TFCN_181A-1,181A-1 BY39-F5,Rhodotorula,Rhodotorula mucilaginosa,China,marsh_tidalflat,4,4,78.0,19360.5,18650.75,10851216.916666666,3294.1185340947686,75.24403598928541,74.81325664639391,2.504270828882345,1.5824888084540583,9.515378169439467,9.38824553896888,0.38591710459555556,0.6212222666611006,1.106231126812357,1.3072302680281256,0.6674269992212309,0.8169620549457796
52,TFCN_1A-14,1A-14,Rhodotorula,Rhodotorula mucilaginosa,China,,4,4,75.0,21418.5,21034.25,152115564.91666666,12333.513891696342,74.92185287270304,74.50829303775194,0.773913149094723,0.8797233366773459,7.400571300493485,7.565694878435184,0.6275512983733771,0.7921813544721796,3.1173833465779732,2.767236125692829,3.2578568037643643,1.8049534076436333
235,TFCN_209-6-1,209-6-1 BY42-F9,Rhodotorula,Rhodotorula mucilaginosa,China,marsh_tidalflat,4,4,78.0,25509.5,25471.5,16949985.666666668,4117.0360293136455,73.63583816607297,73.3401158146979,0.8671436190023741,0.9312054655135859,10.115465875567303,10.109852629968247,0.1643948189000992,0.4054563094836473,4.843841469462262,4.832703161808413,0.2788694229657992,0.5280808867643282
22,TFCN_209-6-11,209-6-11 BY43-G1,Rhodotorula,Rhodotorula mucilaginosa,China,marsh_tidalflat,4,4,75.0,11762.5,11579.0,6238378.000000001,2497.674518427091,74.41480261820803,74.43525450061752,2.188012095770739,1.479193055611991,7.579382392345443,7.546563460738252,0.9146931188033084,0.9563959006621203,1.515732843190959,1.8364575274508355,3.821535784704882,1.9548748769946587
236,TFCN_209-6-12,209-6-12 BY43-H1,Rhodotorula,Rhodotorula mucilaginosa,China,,4,4,78.0,23729.0,23098.25,10825020.916666666,3290.139953963458,76.3547469678276,76.28033792993676,0.6885431577306195,0.8297850069328919,8.736962235429885,8.751058463569445,0.09032937448433993,0.30054845613368225,0.5365360220379256,0.4785950197294664,0.03950477600051878,0.19875808411362486
200,TFCN_209-6-14,209-6-14 BY43-A2,Rhodotorula,Rhodotorula mucilaginosa,China,,4,4,78.0,22176.5,21829.0,17855940.666666668,4225.62902615299,75.78885620092714,75.84018833244231,1.6155001711974972,1.27102327720522,8.569546099053028,8.424596174663984,0.5564689629468961,0.7459684731588166,0.6127896563883017,0.7669914233981973,0.29748532220208057,0.54542215045053
74,TFCN_209-6-17,209-6-17 BY43-D2,Rhodotorula,Rhodotorula mucilaginosa,China,marsh_tidalflat,4,4,75.0,18367.0,18205.5,8155099.666666667,2855.713512708631,76.14542318042032,75.90039406145777,2.1589089061690707,1.4693226011223917,8.21185765864997,8.106028241719985,0.2208420098184477,0.46993830426817484,1.1648308152698794,1.2607383037738589,0.6474455128193163,0.8046399895725518
77,TFCN_209-6-2,209-6-2 BY42-G9,Rhodotorula,Rhodotorula mucilaginosa,China,,4,4,75.0,15454.0,18247.5,44372681.666666664,6661.282283965053,74.52183992410635,74.57153394507588,1.7975839755209124,1.3407400849981745,8.349397945626738,8.142759963402142,0.2891287404849197,0.5377069280611138,1.6136268438676327,1.4774421936373543,0.24828400968289233,0.4982810549106722
107,TFCN_209-6-4,209-6-4 BY42-I9,Rhodotorula,Rhodotorula mucilaginosa,China,,4,4,78.0,26639.5,26765.0,25190626.000000004,5019.026399611782,77.50387709478662,77.44873148241793,0.23384255090487782,0.4835726945402085,8.344516196492972,8.317700405279966,0.2856535980838493,0.5344657127298713,0.855425656458525,1.2075427045094815,1.1798656562228975,1.0862162106242466
66,TFCN_209-6-5,209-6-5 BY43-A1,Rhodotorula,Rhodotorula mucilaginosa,China,marsh_tidalflat,4,4,75.0,17729.0,17235.0,29038924.0,5388.777597934433,74.7568099142619,74.86917108254875,2.858856403296038,1.6908153072692589,8.655564178076572,8.576302254388121,0.126648511086192,0.3558771010983876,1.616670965186623,2.2787726874961196,2.687884158321845,1.6394767940784782
53,TFCN_211A-3,211A-3 BY37-B3,Rhodotorula,Rhodotorula mucilaginosa,China,marsh_tidalflat,3,3,75.0,16287.0,16705.0,36455772.0,6037.861541969972,74.8967590642983,74.88070321657965,0.2887630062266656,0.53736673345739,10.571158989828133,9.528695272447651,8.364859580158056,2.892206697343407,4.6397864631324115,3.061001730239436,7.941734453284265,2.8181083111343086
26,TFCN_212C-2,212C-2 BY39-G3 ,Rhodotorula,Rhodotorula mucilaginosa,China,marsh_tidalflat,4,4,75.0,16283.0,16296.25,3102918.9166666665,1761.5104077656385,75.3211901527439,75.31129403217108,0.347281874019913,0.5893062650438335,8.886440309973251,8.836340340109896,0.4661754299828675,0.682770407957805,1.614046353325338,1.6310411639146594,0.637561728242513,0.7984746259227734
104,TFCN_213-6-2,213-6-2 BY42-B6,Rhodotorula,Rhodotorula mucilaginosa,China,marsh_tidalflat,4,4,78.0,21114.5,20385.0,19461440.666666664,4411.512287942386,75.3748121920458,75.52898454311223,0.9859826728197395,0.9929666020666251,9.572883621815894,9.6663620058281,0.3295346147243765,0.5740510558516346,0.9177318077408403,1.593384757337618,2.7006352483293523,1.6433609610579631
131,TFCN_213-6-4,213-6-4 BY42-C6,Rhodotorula,Rhodotorula mucilaginosa,China,marsh_tidalflat,4,4,78.0,14285.5,16583.5,81435933.66666667,9024.186039010205,73.9927573560349,74.12992737970065,1.7166400834267783,1.3102061224962958,8.708421296545227,8.506641712776354,0.3653071966594452,0.6044064829727137,1.5108396368674892,1.5668610584650466,1.6619347226500025,1.2891604720320906
65,TFCN_223A-8,223D-8 BY35-B9,Rhodotorula,Rhodotorula mucilaginosa,China,marsh_tidalflat,4,4,75.0,14861.0,14196.0,5783466.0,2404.8837809757047,75.67759044631191,75.4371425752106,0.7146162738402678,0.8453497937778585,7.366969329672194,7.254416811326929,5.815300438810166,2.4114934042642884,1.3620268113322676,1.2257086505638752,0.11812052721006948,0.34368667010820986
56,TFCN_22C-4,22C-4,Rhodotorula,Rhodotorula mucilaginosa,China,marsh_tidalflat,4,4,75.0,14502.0,17475.75,65245842.916666664,8077.489889604732,74.06013994654145,73.89603646666728,0.7800467722553579,0.8832025658111269,8.358930618428058,8.244104604079663,0.2569053022123724,0.5068582663944353,3.6846873838982663,3.6910794596244356,0.04625718211943086,0.2150748291163586
115,TFCN_25-0-2E332-1,25-0-2E332-1 BY119-E3,Rhodotorula,Rhodotorula mucilaginosa,China,marsh_tidalflat,3,3,78.0,22430.0,21989.666666666668,16285726.333333338,4035.5577474908396,76.3395929883631,76.37008748140823,0.004337904686650057,0.06586277162897153,9.020507523851723,8.964815062601337,0.028088089447853834,0.16759501617844677,0.2821028400658565,0.3986318938439333,0.04315294916549584,0.20773287935590706
217,TFCN_25-0-2E333-1,25-0-2E333-1 BY120-A4,Rhodotorula,Rhodotorula mucilaginosa,China,marsh_tidalflat,4,4,78.0,27131.0,27525.5,6394877.666666667,2528.8095354665734,74.38845329707925,74.37796914849564,0.25228765148201543,0.5022824419408023,9.153737573085102,9.073155238203075,0.27268426960716147,0.5221917938910583,2.766480443515235,2.759499111322877,0.041215448623147764,0.2030158826869163
153,TFCN_25-0-2E333-5,25-0-2E333-5 BY120-E4,Rhodotorula,Rhodotorula mucilaginosa,China,marsh_tidalflat,4,4,78.0,32557.5,29610.5,120858027.0,10993.54478773794,74.02548757080206,74.06018360711622,1.6830225054639036,1.2973135725274378,8.53559933371982,7.976073202120702,4.826044391646587,2.196825981193455,3.503716973494564,3.4457409453011287,1.4713615207086754,1.2129969170235657
129,TFCN_25-0-2E333-7,25-0-2E333-7 BY120-A7,Rhodotorula,Rhodotorula mucilaginosa,China,marsh_tidalflat,4,4,78.0,19141.5,19705.75,37410076.91666667,6116.37776111537,74.90343637454879,74.72664506929998,3.4400808042442708,1.8547454823355873,8.977793585653968,8.569374336149023,3.199586797274847,1.788738884598545,2.374574951093078,2.657768455287993,1.4856306522581513,1.2188644929844135
116,TFCN_25-0-2E333-9,BY120-C1 (BY120-C7) 25-0-2E333-9,Rhodotorula,Rhodotorula mucilaginosa,China,marsh_tidalflat,4,4,78.0,18390.5,19022.0,49754632.666666664,7053.696383221117,74.00852362587487,73.5905453493049,1.815137017970421,1.3472702097094038,9.643318378283304,9.744917187690154,1.580298539336754,1.2570992559606238,4.571349378656475,4.503708793136196,0.6190756843133071,0.7868136274323845
218,TFCN_25-0-2E334-1,25-0-2E334-1 BY118-A8,Rhodotorula,Rhodotorula mucilaginosa,China,marsh_tidalflat,4,4,78.0,29474.0,30512.75,11479948.916666666,3388.207330826534,75.32747993929159,75.3763833984683,0.30827654919113967,0.5552265746442074,7.942711739081481,7.9317227469732074,0.03217547077222603,0.1793752234067627,2.9497161948017214,2.951263519354677,0.025265068619455475,0.15894989342385693
27,TFCN_25-0-2E390-1,25-0-2E390-1 BY126-F3,Rhodotorula,Rhodotorula mucilaginosa,China,marsh_tidalflat,4,4,75.0,15202.5,16082.75,95093268.25,9751.577731321224,73.74303844375699,74.04679727316022,0.6338775461207901,0.7961642708140011,7.783752374438887,7.763154165902792,0.392159006828287,0.6262260029959528,2.348460304990163,2.027976898196332,3.0473284424333316,1.7456598873873832
60,TFCN_25-325Y-1,25-325Y-1 BY120-D6,Rhodotorula,Rhodotorula mucilaginosa,China,marsh_tidalflat,4,4,75.0,16580.0,15583.75,8031122.916666668,2833.9235904778147,73.56412323069702,73.31269672082223,5.426484302081085,2.3294815522087924,8.341154754494664,8.414644927117209,1.6754772640662636,1.2944022806169122,1.9455468014240196,2.4343222203915547,3.6546714614106484,1.9117195038526569
162,TFCN_25-327D-1,25-327D-1 BY119-D5,Rhodotorula,Rhodotorula mucilaginosa,China,marsh_tidalflat,3,3,78.0,23518.0,22053.333333333332,37873420.333333336,6154.138472063602,73.64686054001066,73.80586110545663,0.3928550329365087,0.6267814873913465,9.57038981811778,9.226724387634398,0.705805687005727,0.8401224238203185,4.161914827925672,4.191306231623803,0.36150136012809264,0.60124983170733
47,TFCN_25-331D-1,25-331D-1 BY119-D1,Rhodotorula,Rhodotorula mucilaginosa,China,marsh_tidalflat,3,3,75.0,19563.0,19192.0,107795737.0,10382.472586046159,74.88014401137798,75.13758953358159,0.45290477467402246,0.6729820017459772,8.712332006514668,7.618230862932175,6.995999346260541,2.6449951505173956,3.7013552717021225,3.7178606346800076,0.08010008680825287,0.2830195873225966
38,TFCN_25-332C-1,25-332C-1 BY119-C2,Rhodotorula,Rhodotorula mucilaginosa,China,marsh_tidalflat,4,4,75.0,16313.5,18295.0,34059744.66666667,5836.072709165528,74.2960885249875,74.406786722912,1.8573847702469035,1.3628590426918346,9.524777130232032,9.440857396602283,0.15279236074007654,0.3908866341282042,3.02956409626689,2.965069397750688,3.9852368563944225,1.9963058023244893
181,TFCN_25-332D-1,25-332D-1 BY119-H1,Rhodotorula,Rhodotorula mucilaginosa,China,marsh_tidalflat,4,4,78.0,23296.5,22042.0,14596562.000000002,3820.5447255594327,76.15626700190941,75.88003277345302,0.45467143776762553,0.6742932876483537,9.87359796762452,9.78448693111461,0.1945285029626086,0.4410538549458655,0.27618463711910346,0.3216831433258238,0.04234269518281835,0.20577340737524455
29,TFCN_25-332D-2,25-332D-2 BY119-I1 8/30,Rhodotorula,Rhodotorula mucilaginosa,China,marsh_tidalflat,4,4,75.0,11272.5,11102.5,83696356.33333333,9148.571272790814,75.54156796783629,74.48666906636883,10.345019086368472,3.216367374285542,6.282276188505784,5.471538270275682,6.561219969821869,2.561487842997087,0.3140737553834372,0.19753528699665845,0.09930763703534475,0.315131142598355
208,TFCN_25-332M-1,25-332M-1 BY119-D2,Rhodotorula,Rhodotorula mucilaginosa,China,marsh_tidalflat,4,4,78.0,19752.0,19852.0,8556224.66666667,2925.1025053263807,74.80707086194678,74.91148403715277,1.2886239743747139,1.1351757460299765,8.992516347476858,8.911713534523434,0.34605548716731005,0.5882648104105073,1.2548734295716013,1.1287216709861325,0.8498995896108227,0.921899988941763
108,TFCN_25-332M-2,25-332M-2 BY119-E2,Rhodotorula,Rhodotorula mucilaginosa,China,marsh_tidalflat,4,4,78.0,21881.5,23022.5,32171161.666666668,5671.9627702116195,75.26072991132028,75.13663175785867,1.4036989690003943,1.1847780252015119,9.384795156224785,8.959848226523134,3.785684312522837,1.9456835077994667,3.247095438448727,3.385470785789582,0.2961319186228764,0.5441800424702071
78,TFCN_25-332P-2,25-332P-2 BY119-B2,Rhodotorula,Rhodotorula mucilaginosa,China,marsh_tidalflat,4,4,75.0,18019.0,18900.5,64250139.666666664,8015.618483103263,74.88845593642156,74.44749705827883,1.1398277323727928,1.0676271504475674,7.881852517976808,7.954117328185226,0.22154850045859806,0.47068938851284725,2.231209814478141,1.9143155264042506,2.4978819656281144,1.580468906884319
58,TFCN_25-332Y-1,25-332Y-1 BY119-F3,Rhodotorula,Rhodotorula mucilaginosa,China,marsh_tidalflat,4,4,75.0,19584.0,18635.25,26424349.58333334,5140.462000961911,74.97233217241757,75.03037993680962,1.538214166242697,1.2402476229538588,9.696448804690561,9.068838259764428,4.641719939044624,2.1544651166924527,2.0577452070039026,2.453209735104461,5.315095297870696,2.305449044735254
48,TFCN_25-333C-2,25-333C-2 BY120-H5,Rhodotorula,Rhodotorula mucilaginosa,China,marsh_tidalflat,4,4,75.0,19727.0,19280.0,41296559.333333336,6426.239906300832,73.76449809256634,74.09156717355114,2.914750273876619,1.7072639731092023,8.724143444952272,8.507003541200277,5.128715453629779,2.2646667422889792,4.927682318788801,4.116086376557204,3.779899682487855,1.9441964104708802
182,TFCN_25-333P-2,25-333P-2 BY120-E3,Rhodotorula,Rhodotorula mucilaginosa,China,marsh_tidalflat,4,4,78.0,19806.0,19949.5,14577221.666666666,3818.0127902701774,74.93616684413202,74.59211363253223,1.1918242693748464,1.0917070437506788,9.204122751755529,9.233333727570958,0.6135443098594123,0.7832906930759566,3.6011923328432616,3.5474800940336895,0.08947171432037872,0.29911822799752397
86,TFCN_25-333Y-10,25-333Y-10 BY120-D8,Rhodotorula,Rhodotorula mucilaginosa,China,,4,4,75.0,18683.5,17284.0,38398536.666666664,6196.655280606358,74.35929480849077,74.28825776732474,1.7957693701064812,1.3400631963107117,6.067536979926791,6.250498272674717,5.291807639067926,2.300392931450609,2.869218935295298,2.940366783803811,1.903235834199054,1.3795781363152484
59,TFCN_25-333Y-9,25-333Y-9 BY120_C8,Rhodotorula,Rhodotorula mucilaginosa,China,marsh_tidalflat,4,4,75.0,20124.0,20925.5,14670477.666666666,3830.2059561682404,75.7382746521651,75.1958962588091,2.3045624791517927,1.5180785484130235,9.600520607088505,9.330973786817639,0.49554056862676416,0.7039464245429222,2.3741635852575325,2.201080611753639,1.8057253320527247,1.3437727977797156
51,TFCN_25-334D-3,25-334D-3 BY118-F7,Rhodotorula,Rhodotorula mucilaginosa,China,marsh_tidalflat,3,3,75.0,18973.0,19211.0,1388083.0,1178.1693426668342,74.35445911698432,74.85793695788887,0.9710227832343914,0.9854048828955494,10.215648578525805,9.239714194116482,5.15959816070879,2.2714748866559784,3.475415813375937,3.533605651513612,0.40723400311985225,0.6381488878936108
227,TFCN_25-334Y-6,25-334Y-6 BY118-F9,Rhodotorula,Rhodotorula mucilaginosa,China,marsh_tidalflat,4,4,78.0,18345.0,19217.5,10133811.666666666,3183.364834050076,74.18410348139057,74.11048132495617,0.36046620858273354,0.600388381452151,10.12424958864555,10.073990211257552,0.6495144274436035,0.8059245792526765,4.586401656526645,4.633945940701489,0.1066256503938417,0.32653583324627894
130,TFCN_25-335Y-1,25-335Y-1 BY120-I4,Rhodotorula,Rhodotorula mucilaginosa,China,,4,4,78.0,21464.0,32714.25,705047458.9166666,26552.72978276747,75.66534865283623,75.36285321047824,2.7475142647849444,1.6575627483703126,6.960596991453322,5.742551454111268,7.632502864530044,2.7626984751380386,-0.1816243097432113,-0.03895786658475453,0.4088761553569317,0.6394342463122629
152,TFCN_25-337M-3,25-337M-3 BY119-F9,Rhodotorula,Rhodotorula mucilaginosa,China,marsh_tidalflat,4,4,78.0,17067.5,19108.75,48627892.916666664,6973.370269580317,74.73664968790712,74.91606654962487,2.0250541110065767,1.423043959618457,8.770077385841486,8.917376110182133,0.33855751433823134,0.5818569535016587,1.6577667300923749,2.0065325645875958,2.5127525145366145,1.5851663996365222
76,TFCN_25-337Y-1,25-337Y-1 BY118-I8,Rhodotorula,Rhodotorula mucilaginosa,China,marsh_tidalflat,4,4,75.0,17043.5,16648.75,14335788.25,3786.2630983596478,74.24503099674408,74.23575636973658,0.6324930596451446,0.7952943226536604,9.09922778508225,9.18617829680999,0.7703214202092435,0.8776795657922335,1.7348640906841462,2.315648488751612,2.305923345458161,1.5185267022539186
18,TFCN_25-395P-1,25-395P-1 BY126-F2,Rhodotorula,Rhodotorula mucilaginosa,China,marsh_tidalflat,4,4,75.0,19507.0,19238.5,56936993.666666664,7545.660585175208,76.0750066287263,75.7823043571495,2.624202086495243,1.6199389144332705,7.939195161838899,7.217627529077106,4.634677783132252,2.152830179817315,3.376008809860298,3.179390463596355,1.1919763027671355,1.0917766725695945
40,TFCN_270H-1,270H-1 BY113-D3,Rhodotorula,Rhodotorula mucilaginosa,China,marsh_tidalflat,4,4,75.0,23678.5,25407.0,65785664.666666664,8110.836249528569,75.24948634444303,74.90714095525682,3.933893027943298,1.983404403530278,8.622058852170406,8.181805855467468,4.904848293641371,2.2146892092664765,4.27123233714557,4.292025452190199,0.8072792468965204,0.8984871990721517
49,TFCN_270H-2,270H-2 BY113-D4,Rhodotorula,Rhodotorula mucilaginosa,China,marsh_tidalflat,4,4,75.0,16337.5,17400.0,34420249.99999999,5866.8773636407295,72.17658683762767,72.60944157676184,1.2849184143423809,1.1335424184133476,9.905492609199513,10.242206855203577,7.077723792350298,2.6603991791365256,5.164724497386198,5.1193295887609205,2.433742228004833,1.560045585232955
106,TFCN_273H-1,273H-1 BY113-C3,Rhodotorula,Rhodotorula mucilaginosa,China,marsh_tidalflat,4,4,78.0,19690.0,19767.75,3372999.5833333344,1836.5727819319698,74.45253415928323,74.40962461732913,1.9058192932145814,1.3805141408962753,9.79566140210486,9.877429771651471,0.3334381411788352,0.5774410283127058,4.199949767398997,4.194572605900923,0.354255848526253,0.5951939587447549
30,TFCN_2M-1-4,2M-1-4 BY8-B3 8/30,Rhodotorula,Rhodotorula mucilaginosa,China,marsh_tidalflat,4,4,75.0,16098.0,16844.25,51739262.25,7193.00092103428,72.89593362915912,73.20751685580595,2.8954000127251054,1.7015874978164083,9.877785384431876,9.554232362601464,3.852413149323972,1.962756518094889,4.8017222369647,4.297175772314104,1.8849486807174631,1.372934332267011
296,TFCN_2M_1_3,2M-1-3 BY8-A3,Rhodotorula,Rhodotorula mucilaginosa,China,,4,4,78.0,19923.0,20252.75,5976808.916666664,2444.751299553119,74.78393122685492,74.63059935210532,0.48965224551028014,0.699751559848408,10.21555878416179,10.02064385595086,0.31340915494772786,0.5598295766996666,4.735906851660865,4.715934216762238,0.2891439580203132,0.5377210782741487
42,TFCN_33A-4,33A-4,Rhodotorula,Rhodotorula mucilaginosa,China,marsh_tidalflat,4,4,75.0,14123.0,12309.75,75956596.91666667,8715.308194015095,74.09972380577327,73.80351645799855,7.4035982276472785,2.72095538876463,3.7401594981122663,3.5926295954661485,3.227578482777012,1.7965462651368074,1.9827479105892665,1.7578406998323304,5.659806010468519,2.3790346803837306
33,TFCN_340-1,340-1 BY110-D1,Rhodotorula,Rhodotorula mucilaginosa,China,marsh_tidalflat,4,4,75.0,14091.0,15927.5,24200507.66666666,4919.401149191501,73.48580573712141,73.46887314496496,0.5876674160096028,0.76659468822162,8.092309844867835,7.947167255546923,1.710839642872162,1.3079906891381765,3.9444495408710423,3.5570382573540114,2.560635742671794,1.6001986572522156
31,TFCN_340-3,340-3 BY110-F1,Rhodotorula,Rhodotorula mucilaginosa,China,marsh_tidalflat,4,4,75.0,12579.5,14106.5,32378124.33333333,5690.17788239817,73.04365131281003,73.1849401340416,1.0687028451499232,1.0337808496726582,9.173494416758686,8.774246871984346,6.763356460318918,2.600645393035913,4.444085555997362,3.887613788022462,3.572209889126794,1.8900290709739873
148,TFCN_342-3,342-3 BY110_B2,Rhodotorula,Rhodotorula mucilaginosa,China,marsh_tidalflat,4,4,78.0,20311.5,20392.0,66379590.0,8147.3670593634115,75.53699200112993,75.27431861702595,1.65802700235408,1.287643973446884,9.058854638492402,9.087848466139269,0.5906585842746487,0.7685431570670893,0.8943433288929437,1.4286851645545995,3.04602037704553,1.7452851850186346
127,TFCN_363-1-2,363-1-2 BY110-A6,Rhodotorula,Rhodotorula mucilaginosa,China,marsh_tidalflat,4,4,78.0,21114.0,20847.0,27075213.333333332,5203.384795816405,74.19930813595546,74.55507819585,1.674159795891317,1.2938932706723987,10.256342051442687,9.930017867657861,1.316356189932702,1.1473256686454383,4.627458339573787,4.054415183503801,2.7372527623998852,1.654464494149054
15,TFCN_3M-1-1,3M-1-1 BY8-B4,Rhodotorula,Rhodotorula mucilaginosa,China,marsh_tidalflat,4,4,75.0,22270.5,24248.0,125503355.33333336,11202.82800605871,74.35426185289381,74.36375394673,1.6394247493042888,1.280400230125053,8.662031896135542,8.671903475955478,1.8303124008001328,1.3528903875776976,3.2350268158080677,3.4268037982696953,0.9522749729320795,0.9758457731281514
100,TFCN_404D-1,404D-1 BY123-F4,Rhodotorula,Rhodotorula mucilaginosa,China,marsh_tidalflat,4,4,78.0,22494.0,24249.0,58141644.666666664,7625.066863094819,74.60580595343434,74.77345167092683,0.4498911892194987,0.6707392855793514,8.938040652141696,8.461821792937823,1.8478970810272546,1.3593737826761463,3.0469079026837043,2.9956691351718856,0.4041523827402859,0.6357298032500017
21,TFCN_4M-1-2,4M-1-2 BY8-D4,Rhodotorula,Rhodotorula mucilaginosa,China,marsh_tidalflat,3,3,75.0,17029.0,15996.333333333334,25630089.333333332,5062.616846388173,73.09541402457874,74.18056550604177,4.245701828960638,2.06051008950712,8.071790927332179,8.097909196622178,0.9310270336373594,0.9648974213030934,4.694304783673076,3.559453744783051,6.624159749452209,2.5737443053753823
12,TFCN_4M-1-3,4M-1-3,Rhodotorula,Rhodotorula mucilaginosa,China,marsh_tidalflat,4,4,75.0,19219.0,17038.25,51454764.25,7173.197630764121,75.04081113373559,73.92897515229532,5.8599299894099905,2.42072922678477,8.988411156902771,8.367392588662987,2.839192878404847,1.6849904683424315,2.418449621530927,2.6432946358066864,1.0123152090572827,1.0061387623271865
98,TFCN_4M-1-4,4M-1-4 BY8-F4,Rhodotorula,Rhodotorula mucilaginosa,China,marsh_tidalflat,4,4,78.0,23970.0,23061.75,71104241.58333333,8432.333104386551,76.10815335457247,75.97763089053356,1.0438714828187434,1.021700290113859,9.639877140310395,9.394112471176733,1.673110256702321,1.293487632991642,0.9610498049834215,1.5378903295687085,2.1933059965613073,1.4809814301878694
89,TFCN_4M-1-5,4M-1-5 BY8-G4,Rhodotorula,Rhodotorula mucilaginosa,China,marsh_tidalflat,4,4,78.0,14430.5,13058.0,96887488.66666667,9843.144246970409,73.68888072632194,73.72386446043384,12.901638840929229,3.591885137491068,8.64845098540479,7.617114163082487,7.070079472174419,2.6589621043133387,0.48691130164087437,0.6551015623364242,2.878340650021592,1.6965673137313448
145,TFCN_54D-1,54D-1,Rhodotorula,Rhodotorula mucilaginosa,China,marsh_tidalflat,4,4,78.0,25020.0,25173.25,35432755.583333336,5952.541943013366,76.38859227839976,76.14834590648964,0.5697630994765103,0.75482653601772,7.357033617692216,7.912134489569157,2.4323483128329446,1.5595987666168964,2.9214770367748057,2.2997159516357284,1.9115954872901677,1.382604602657668
113,TFCN_54D-2,54D-2,Rhodotorula,Rhodotorula mucilaginosa,China,marsh_tidalflat,4,4,78.0,23951.5,46557.75,2592343522.9166665,50915.06184732242,76.37098606778987,76.01395636821647,1.6862449923334009,1.2985549631545832,7.966138431792933,6.8512610298164525,12.407931859394644,3.5224894406363583,0.522971982448156,1.1084795954891868,1.6747827590244901,1.2941339803221652
146,TFCN_86A-12,86A-12 BY34-E7,Rhodotorula,Rhodotorula mucilaginosa,China,marsh_tidalflat,4,3,78.0,16870.5,17449.25,10176566.249999998,3190.073079100226,75.58850642700467,75.05319723580115,1.6006546062450073,1.2651697934447406,9.59605366057989,9.228672533507579,1.4379458968645882,1.199143818257255,1.0244210341685989,1.0853362370700474,0.1124409801206106,0.33532220344112407
95,TFCN_86A-3,86A-3 BY34-G6,Rhodotorula,Rhodotorula mucilaginosa,China,marsh_tidalflat,4,4,78.0,20849.5,32676.5,834572323.0000001,28888.965419343076,73.66343417480988,74.24560063330051,2.610050847642316,1.6155651790139314,8.636126892432122,7.082569477206715,12.600163492055861,3.549670899119503,0.8685626304697269,1.5693762015131951,3.2747131248813783,1.8096168447716712
72,TFCN_89D-3,89D-3 BY32-I5,Rhodotorula,Rhodotorula mucilaginosa,China,marsh_tidalflat,3,3,75.0,14649.0,15066.666666666666,3184590.3333333326,1784.5420514331772,74.85339596884414,74.51896037940831,3.043254699528437,1.7444926768342814,9.102453401776401,9.213168856814798,0.7081290178242587,0.8415040212763447,3.8253159801945325,3.12834971930039,5.280527728860532,2.2979398879998
124,TFCN_98A-10,98A-10,Rhodotorula,Rhodotorula mucilaginosa,China,marsh_tidalflat,4,4,78.0,19276.0,17692.0,11463329.333333334,3385.753879615784,73.80418786825882,74.12208987769058,0.8509628201397247,0.9224764604800085,9.467120815936036,9.194493481465727,0.61341591879251,0.783208732581877,4.5800957617370575,3.858005271393311,2.660777426109336,1.6311889608838506
3,TFCN_98A-5,98A-5,Rhodotorula,Rhodotorula mucilaginosa,China,marsh_tidalflat,4,4,75.0,14817.0,12756.75,90551634.91666667,9515.862279198174,75.06642658999068,73.54244549906201,16.47902169907546,4.059436130680647,7.661103805899099,6.2784528834537445,14.209644725430374,3.769568241248641,0.6928365112990553,0.8813807367413801,0.7883355996357566,0.8878826496985717
133,TFCN_98C-3,98C-3,Rhodotorula,Rhodotorula mucilaginosa,China,marsh_tidalflat,4,4,78.0,19644.0,18999.25,21869374.249999996,4676.470276822039,77.05422114700438,76.22719906009536,3.5352290330228455,1.88022047457814,8.907567827251869,9.0015271002548,0.6802927625760659,0.8247986194072259,0.3234873600418353,0.6158055840597226,1.067497521972898,1.0331977167865296
81,TFCN_98C-5,98C-5,Rhodotorula,Rhodotorula mucilaginosa,China,marsh_tidalflat,4,4,75.0,15151.5,15777.5,2382967.0000000005,1543.6861727695823,73.82403688182558,73.96398935671819,0.6545054873965462,0.8090151342197167,9.550689500100976,9.672104579649018,0.1436684449949429,0.3790362053880116,2.6023385040463696,2.7567990002483196,2.0868398625165288,1.4445898596198607
79,TFCN_98C-7,98C-7,Rhodotorula,Rhodotorula mucilaginosa,China,marsh_tidalflat,4,4,75.0,16051.5,15875.5,18604023.0,4313.238110746959,73.23603276584865,73.78151724172503,5.8799681014110945,2.424864553209332,8.560693894767047,8.322297317245653,5.572493878231412,2.3606130301748762,4.669312300483397,4.174180554020781,3.124769298918038,1.7677016996422326
109,TFCN_98C-8,98C-8,Rhodotorula,Rhodotorula mucilaginosa,China,marsh_tidalflat,4,4,78.0,18277.5,18486.75,24713852.91666666,4971.302939538755,75.8675107394976,75.62316013666069,0.7872287902399289,0.8872591449176103,8.084957062375207,8.715142621030791,2.643884999939701,1.626002767506778,0.7269780881584864,1.5399520787062553,3.4390387229909662,1.8544645380785707
57,TFCN_98D-11,98D-11,Rhodotorula,Rhodotorula mucilaginosa,China,,4,4,75.0,16000.0,15903.0,3498678.6666666665,1870.4755188632291,75.07880354366259,74.836856271829,1.1916727787689794,1.0916376591016725,8.806814215166437,8.454813881146226,1.0808320970621377,1.0396307503446296,1.8801198651090312,2.247678692538563,1.9228559909715826,1.3866708300716442
151,TFCN_98D-7,98D-7 BY31-E3,Rhodotorula,Rhodotorula mucilaginosa,China,,4,4,78.0,24210.0,23800.5,17909563.666666668,4231.969242169261,76.35864017719973,76.37509324887553,0.24744823051918205,0.4974416855463382,8.605514690599044,8.772422247615,1.2050612389255504,1.0977528132168692,1.000957660822449,1.264701483264516,1.2029507517216478,1.0967911158108674
142,TFCN_98D-9,98D-9 BY31-F3,Rhodotorula,Rhodotorula mucilaginosa,China,,4,4,78.0,24351.0,23184.25,49925234.916666664,7065.779144345418,76.16372431128772,75.66363824197155,2.4403726065995675,1.562169199094505,8.509649316774436,8.50224485416362,0.23672748793311138,0.4865464910294918,0.7678267385217763,0.8275802168516116,0.1909689383901131,0.4369999295081329
279,TF_CN_186CL4_2,186CL④-2 BY39-C9,Rhodotorula,Rhodotorula mucilaginosa,China,,4,4,78.0,25770.0,25936.25,28932526.250000004,5378.89637844047,76.46883696421673,76.48785457635174,0.784317964990486,0.8856172790717703,7.592865059913745,7.483003434934584,0.0737740360988095,0.2716137627198031,3.315840622955002,3.2582723731120673,0.10780344925881223,0.32833435589169196
28,TFCN_1A-1-3,1A-1-3 8130,Rhodotorula,Rhodotorula pacifica,China,marsh_tidalflat,4,3,75.0,10460.5,13194.0,45423188.666666664,6739.67274180777,74.20373489030126,74.11278356977449,1.6510025682572194,1.2849134477688446,7.591318007146186,7.702391927214807,1.6213190884748194,1.2733102875869728,2.3938489539186647,2.485502768950357,2.534871121143708,1.5921278595463706
288,TFCN_1A_1_5,1A-1-5,Rhodotorula,Rhodotorula pacifica,China,,4,4,78.0,17535.0,18132.0,61373021.333333336,7834.09352339716,76.39106205475667,76.3567510870956,0.7188009272430192,0.8478212826079676,9.953101208326014,9.782716362524841,0.4169335613305722,0.6457039269902052,0.2583317882297209,0.2820057283279054,0.10160054614482263,0.31874840571338175
80,TFCN_1B-1-2,1B-1-2,Rhodotorula,Rhodotorula pacifica,China,marsh_tidalflat,4,4,75.0,15529.5,17324.5,20739714.999999996,4554.087724231934,73.98297802821315,74.00180151099775,1.3747870887825975,1.1725131507930295,8.641005807764627,8.419046250120264,0.8631459091427273,0.9290564617625385,2.273360871715535,2.3033400685007033,0.07306828098274802,0.27031145181576754
242,DBVPG_4610,4610,Rhodotorula,Rhodotorula paludigena,Italy,plant,1,1,78.0,1979.0,1979.0,,,70.4300852798454,70.4300852798454,,,0.5939682703238747,0.5939682703238747,,,-1.322142540035287,-1.322142540035287,,
250,DBVPG_7316,7316,Rhodotorula,Rhodotorula paludigena,Italy,marsh_tidalflat,2,2,78.0,17047.5,17047.5,42237240.5,6499.018425885558,74.06149235810976,74.06149235810976,2.1780602482788014,1.4758252770158131,6.7186772665607375,6.7186772665607375,1.8625832849955237,1.3647649193159692,2.0419887031584985,2.0419887031584985,1.5725074204746752,1.253996579131967
301,DBVPG_7323,7323,Rhodotorula,Rhodotorula paludigena,Italy,marsh_tidalflat,2,2,78.0,18574.5,18574.5,22197784.5,4711.452483045966,73.71313541290249,73.71313541290249,0.31066360456170206,0.5573720521892913,6.561659606825698,6.561659606825698,0.07076645942312758,0.2660196598432672,5.33228149063113,5.33228149063113,0.05811601643605901,0.24107263726117698
325,NRRL_Y-12923,Y12923,Rhodotorula,Rhodotorula paludigena,America,plant,1,1,78.0,22215.0,22215.0,,,73.94999733592633,73.94999733592633,,,6.543361183109331,6.543361183109331,,,4.793057361444153,4.793057361444153,,
157,TFCN_1A-1-2,1A-1-2,Rhodotorula,Rhodotorula paludigena,China,marsh_tidalflat,4,4,78.0,24998.5,22568.25,60426594.916666664,7773.454503415239,74.27310644995964,73.50935774488529,3.4192249817375147,1.8491146480782403,9.47975024423378,9.493681624630351,0.8854476012686868,0.9409822534291956,5.11345950579889,5.059789939547013,1.5369344886100198,1.239731619589506
121,TFCN_25-333P-5,25-333P-5 BY120-H3,Rhodotorula,Rhodotorula paludigena,China,marsh_tidalflat,2,2,78.0,8508.5,8508.5,138328344.5,11761.307091475845,72.1306154532491,72.1306154532491,18.097815017105127,4.254152679101342,4.291492641380956,4.291492641380956,6.808201306832355,2.6092530170208397,2.231380709828168,2.231380709828168,6.9061628214546555,2.627957918509095
102,TFCN_342-2,342-2 BY110-A2,Rhodotorula,Rhodotorula paludigena,China,marsh_tidalflat,1,1,78.0,22188.0,22188.0,,,76.09817958083062,76.09817958083062,,,5.860067044285183,5.860067044285183,,,2.159175535943292,2.159175535943292,,
84,TFCN_43A-0-22,43A-22,Rhodotorula,Rhodotorula paludigena,China,marsh_tidalflat,1,1,75.0,22151.0,22151.0,,,73.05282593649575,73.05282593649575,,,6.211199247013521,6.211199247013521,,,4.140676231003271,4.140676231003271,,
46,TFCN_43A-4,43A-4,Rhodotorula,Rhodotorula paludigena,China,marsh_tidalflat,3,3,75.0,16400.0,19091.0,109195893.0,10449.68387081638,75.45184696141008,74.94266319553385,3.7978058070965375,1.948795989090838,7.254701692802845,6.829518388402067,1.5111939550144826,1.2293062901549323,2.092632118920257,1.9083233105488098,1.8990491415508828,1.3780599194341596
103,TFCN_48A-10,48A-10,Rhodotorula,Rhodotorula paludigena,China,marsh_tidalflat,1,1,78.0,17184.0,17184.0,,,76.39383778516938,76.39383778516938,,,9.93477856451902,9.93477856451902,,,1.0232908528145956,1.0232908528145956,,
37,TFCN_48A-15,48A-15,Rhodotorula,Rhodotorula paludigena,China,marsh_tidalflat,2,2,75.0,16403.5,16403.5,5501244.5,2345.473193195778,73.66170512481938,73.66170512481938,0.09792884009362654,0.31293584021908794,7.459700505896061,7.459700505896061,3.4842299116516684,1.8666092016412188,3.794223203333752,3.794223203333752,0.9731049969132922,0.9864608440852035
156,TFCN_48A-2,48A-2,Rhodotorula,Rhodotorula paludigena,China,marsh_tidalflat,4,4,78.0,19504.0,19236.0,29900056.0,5468.094366413221,74.54872764824579,74.75736157999603,1.3485489778721085,1.161270415481299,10.225441532384082,10.146008606202969,0.30122636296576905,0.5488409268319638,4.053432351221758,3.45777236791224,1.9399916124244523,1.3928358167510098
85,TFCN_48A-3,48A-3,Rhodotorula,Rhodotorula paludigena,China,marsh_tidalflat,2,2,75.0,12479.0,12479.0,15842.0,125.86500705120545,73.59915175805726,73.59915175805726,4.043774029224869,2.010913729930966,7.683580464483045,7.683580464483045,0.22825316252665095,0.47775847718973125,2.0541362395510188,2.0541362395510188,3.722520057233971,1.9293833359998658
147,TFCN_48C-3,48C-3,Rhodotorula,Rhodotorula paludigena,China,marsh_tidalflat,1,1,78.0,24508.0,24508.0,,,78.20978626924045,78.20978626924045,,,5.430164202966936,5.430164202966936,,,1.387390523798182,1.387390523798182,,
93,TFCN_48D-10,48D-10,Rhodotorula,Rhodotorula paludigena,China,marsh_tidalflat,4,4,78.0,12756.5,16799.0,310885319.3333333,17631.940316747143,75.09007097724626,73.90073989011381,11.347270796827283,3.3685710318809194,5.6377079126787715,4.67468551399406,3.9170246311744084,1.9791474505893714,2.7388379331311716,2.9286529615034693,0.2947018430387017,0.5428644794409575
94,TFCN_48D-4,48D-4,Rhodotorula,Rhodotorula paludigena,China,marsh_tidalflat,1,1,78.0,27428.0,27428.0,,,75.00148725514231,75.00148725514231,,,7.889693191414748,7.889693191414748,,,3.6644262077868195,3.6644262077868195,,
138,TFCN_49A-1,49A-1,Rhodotorula,Rhodotorula paludigena,China,marsh_tidalflat,1,1,78.0,12679.0,12679.0,,,74.3671783243052,74.3671783243052,,,9.533951980059129,9.533951980059129,,,0.5280545319382712,0.5280545319382712,,
266,DBVPG_8058,8058,Rhodotorula,Rhodotorula sp. clade I,Italy,food,4,4,78.0,22541.0,22096.25,70786121.58333333,8413.44885188787,75.84223262745283,75.36138875239239,2.0595532940715033,1.4351143836194742,9.426931179812248,9.377068273790451,0.6914081906907614,0.8315095854473125,1.6067797816401719,1.6129438350170444,0.3814889959840857,0.6176479547315653
119,TFCN_17-328C-3,17-328C-3 BY117-D1,Rhodotorula,Rhodotorula sp. clade I,China,marsh_tidalflat,4,4,78.0,29294.0,28268.5,78028411.66666667,8833.369213763606,75.69573500985027,75.74239233190019,0.6291626371424587,0.7931977289065184,9.247820803803542,9.059842112698856,1.194305937849774,1.0928430527069173,2.6761276766813613,2.9569281134231042,0.811301472188435,0.9007227499005646
112,TFCN_17-328P-3,17-328P-3 BY116-C2,Rhodotorula,Rhodotorula sp. clade I,China,marsh_tidalflat,2,2,78.0,10813.0,10813.0,191727362.0,13846.564989194974,73.68066203543182,73.68066203543182,2.5834664663269735,1.607316542043593,5.618853218086709,5.618853218086709,24.486438727015848,4.948377383245527,0.7314915888494589,0.7314915888494589,2.4777540966754312,1.574088338269308
122,TFCN_222A-2,222A-2 BY37-G8,Rhodotorula,Rhodotorula sp. clade I,China,marsh_tidalflat,1,1,78.0,23018.0,23018.0,,,74.24417946301429,74.24417946301429,,,10.132324198235509,10.132324198235509,,,1.9277142608667086,1.9277142608667086,,
110,TFCN_25-333D-1,25-333D-1 BY120-B3,Rhodotorula,Rhodotorula sp. clade I,China,marsh_tidalflat,2,2,78.0,16291.0,16291.0,198602450.0,14092.638149047893,76.07606293001788,76.07606293001788,0.05270008449728501,0.2295649897028835,8.931981212098801,8.931981212098801,5.065088243732696,2.250575091778254,1.7616879497781068,1.7616879497781068,0.21474549242429067,0.4634064009315049
139,TFCN_25-333D-5,25-333D-5 BY120-H7,Rhodotorula,Rhodotorula sp. clade I,China,,4,4,78.0,20408.0,40000.5,1744648131.0,41768.985276159154,74.32623184522687,74.1050808547076,0.44630592505220584,0.6680613183325359,10.477577148408592,8.35844121041733,23.0357772274111,4.799560107698527,3.9365254448842535,3.3065288530966854,3.12797674963737,1.7686087045011878
123,TFCN_25-333Y-2,25-333Y-2 BY120-G4,Rhodotorula,Rhodotorula sp. clade I,China,marsh_tidalflat,4,4,78.0,9686.5,11527.5,71794188.33333333,8473.145126417541,78.81961784672855,79.21068894595993,15.766675163489007,3.9707272839479932,4.78912253648442,5.208389875296211,44.292804537968614,6.655283956223702,3.4038236420708303,3.116916683361831,1.3489552025529745,1.1614453076029774
140,TFCN_86C-7,86C-7 BY34-I1,Rhodotorula,Rhodotorula sp. clade I,China,marsh_tidalflat,2,2,78.0,17124.0,17124.0,164856482.0,12839.64493278533,75.21167845658465,75.21167845658465,5.397769933399481,2.323310124240731,10.555292810620621,10.555292810620621,7.679137903709171,2.771125746643261,1.8648510041294641,1.8648510041294641,4.35635296210419,2.0871878118904847
302,DBVPG_10348,10348,Rhodotorula,Rhodotorula sp. clade XI,Italy,soil,4,3,78.0,30041.0,27084.75,59306264.916666664,7701.056090996005,77.81221412104273,77.49431135000353,2.0248321304353776,1.4229659625006417,4.041109728038894,4.051546398227912,0.10702761551334888,0.3271507534965324,1.317619366634204,1.3553200658285192,0.48267260065119527,0.6947464290309057
16,TFCN_186DK3-2,186DK3-2 BY39-H9,Rhodotorula,Rhodotorula sp. clade XI,China,marsh_tidalflat,4,4,75.0,20289.5,21474.75,36305243.58333334,6025.383272733225,75.78716068966386,75.97221917633478,0.9177533538471256,0.9579944435366656,8.848907176677926,7.911431556415231,4.306429959228889,2.075193957014353,1.164421446950381,1.7145009784176046,1.423991357549906,1.1933110900137927
248,DBVPG_7947,7947,Rhodotorula,Rhodotorula sp. clade XIII,Italy,soil,4,4,78.0,14001.0,14187.5,12298659.666666666,3506.9444915291524,74.21460726732931,74.13495342478916,0.3440158809739853,0.5865286702063125,3.859171653079155,3.75314951843226,0.3528026230149565,0.5939719042302898,1.1432726581348251,1.1218679031107155,0.1276276870547614,0.35725017432432615
323,NRRL_Y-7192,Y7192,Rhodotorula,Rhodotorula sphaerocarpa,America,unknown,3,3,78.0,15013.0,13077.333333333334,33640360.333333336,5800.031063135209,74.64764014826025,74.39149904413692,0.7054141338497084,0.8398893581000466,7.8194863591319885,7.336232956702659,1.249299149471891,1.1177205149194904,5.298213650690986,4.95912220252293,0.9092333616253186,0.9535372890586495
34,TFCN_83C-1,83E1 BY33-F1,Rhodotorula,Rhodotorula sphaerocarpa,,marsh_tidalflat,4,4,75.0,14904.5,13003.25,105888768.91666664,10290.226864198215,72.06031441151455,71.92150718158895,3.313112743360582,1.820195798083432,9.078617501250886,8.558114028167655,19.88505339166729,4.459266014902822,3.615813798750378,3.831261362975738,11.011751576564128,3.318395934267659
136,TFCN_86A-6,86A-6 BY34-A7,Rhodotorula,Rhodotorula sphaerocarpa,China,marsh_tidalflat,3,3,78.0,10179.0,12464.666666666666,179282010.33333334,13389.623233434664,73.28352599526515,73.95496858777193,4.245802281479149,2.060534465006385,10.351803868448972,7.54128610961552,24.805093809888746,4.980471243756834,2.935680886361769,2.481519804624969,0.9952587013386422,0.9976265339988919
149,TFCN_86A-8,86A-8 BY35-H3,Rhodotorula,Rhodotorula sphaerocarpa,China,marsh_tidalflat,3,3,78.0,17108.0,13181.666666666666,136051876.33333334,11664.127757073536,72.91481518121724,72.33725367327436,1.7250270547824476,1.3134028531956399,10.254735753841587,7.345587231406713,33.76280932522109,5.810577365909612,2.4376644908196687,2.904516831954107,5.109008101037284,2.260311505310116
278,TFCN_86A_5,86A-5 BY34-I6,Rhodotorula,Rhodotorula sphaerocarpa,China,,3,3,78.0,17177.0,18095.666666666668,4000186.333333335,2000.0465827908447,73.65780000509115,73.94059185056966,0.7198238462800303,0.8484243314992977,11.31135465535138,11.295376601017352,0.23074317594212462,0.48035734192590895,3.508175856055884,3.5207051192238477,0.3240782824013798,0.5692787387575438
101,TFCN_86C-10,86C-10 BY34-B2,Rhodotorula,Rhodotorula sphaerocarpa,China,marsh_tidalflat,1,1,78.0,23794.0,23794.0,,,75.3825571070484,75.3825571070484,,,9.39786398230849,9.39786398230849,,,2.518376337769601,2.518376337769601,,
10,TFCN_86C-9,86C-9 BY34-B2,Rhodotorula,Rhodotorula sphaerocarpa,China,marsh_tidalflat,2,2,75.0,20103.5,20103.5,7140420.5,2672.156526103963,72.74770121921844,72.74770121921844,0.13124645957060058,0.36227953236499655,9.475013873839284,9.475013873839284,14.989762103556874,3.8716614138579932,4.284634850508012,4.284634850508012,4.926034136078968,2.219467083801643
261,TF_CN_86C_3,86C-3 BY33-D3,Rhodotorula,Rhodotorula sphaerocarpa,China,,4,4,78.0,16394.0,16635.0,15411906.0,3925.800045850527,74.27395359569957,74.19331224943205,0.20778390823298476,0.4558332022055708,11.218296460966297,11.047554016206135,0.24506332186518423,0.49503870744133155,3.280891412827891,3.2696235528145436,0.3248458172693166,0.5699524693071489
215,DBVPG_4530,4530,Rhodotorula,Rhodotorula taiwanensis,Italy,plant,4,4,78.0,13513.0,13049.0,8902672.666666668,2983.7346843623122,72.24872696767325,72.11533707844819,0.7229643741497275,0.8502731173862476,12.02786463952743,11.795611578091101,0.3038761360810029,0.5512496132252638,4.09921911643869,4.072188787557551,0.11214323302928841,0.33487793750751693
224,DBVPG_4531,4531,Rhodotorula,Rhodotorula taiwanensis,Italy,plant,3,3,78.0,10928.0,13693.0,23495929.0,4847.259947640522,72.34974877091747,71.72231431901835,1.6381825427977226,1.2799150529616106,9.945289207146462,10.204828745910556,1.0878720352474232,1.0430110427255423,5.780525395404467,5.902727711723213,0.8216836308661776,0.9064676667516485
155,TFCN_0520-4-2-1,0520-4-2-1 BY53-C9,Rhodotorula,Rhodotorula taiwanensis,China,marsh_tidalflat,4,4,78.0,17931.0,17407.0,55447462.0,7446.305258314354,74.3597290388852,74.26360960382921,0.16030745600806987,0.40038413555992686,11.279106478062406,11.211447715354492,3.0771586409680345,1.7541831834127342,5.407862929621721,5.022302256542282,4.868846138984448,2.2065462014162422
137,TFCN_0520-4-2-2,0520-4-2-2 BY53-D9,Rhodotorula,Rhodotorula taiwanensis,China,marsh_tidalflat,4,4,78.0,16412.5,16329.0,10478312.666666666,3237.022191253354,74.101141574412,74.28903420764702,0.7120488238816204,0.8438298548176761,10.173622439576008,8.713738653192387,10.483062966661903,3.237755853467321,4.293937515179097,3.7939549259722707,3.0791353835663826,1.7547465297205698
118,TFCN_357-1,357-1 BY110-F4,Rhodotorula,Rhodotorula taiwanensis,China,marsh_tidalflat,4,4,78.0,16762.5,16867.25,1003785.5833333341,1001.8910037191341,73.32136746704884,73.56416815283596,4.282955223906079,2.0695301940068616,10.82698761428244,9.630573827259624,5.961420006391983,2.4416019344667923,5.498277382681216,5.414139649060762,1.216038281449806,1.1027412577072675
92,TFCN_S22D-1,S22D-1  BY38-D8,Rhodotorula,Rhodotorula taiwanensis,China,marsh_tidalflat,4,4,78.0,14750.0,16052.75,29812058.916666668,5460.042025174043,72.87038454673518,72.80219943904298,0.9145029176588594,0.9562964590851831,10.595115613843408,10.824814820327973,2.372501897685472,1.540292796089585,5.485863982389294,5.605156890774659,0.8825480051984318,0.9394402616443643
273,DBVPG_6121,6121,Rhodotorula,Rhodotorula toruloides,Italy,air_cloud,4,4,78.0,26188.5,24172.0,42452293.99999999,6515.542494681466,76.38510797138267,76.02679405733468,1.2027628080277315,1.0967054335726305,9.819855574355913,9.851614292314716,0.05479374174057503,0.23408063085307812,0.7729813168233179,0.8816566926504038,0.1877899152631729,0.4333473378978725
247,DBVPG_6739,6739,Rhodotorula,Rhodotorula toruloides,Italy,soil,4,4,78.0,10182.0,9506.0,44175100.0,6646.435134716956,75.04913856749047,74.7053884427129,1.4061248647369489,1.1858013597297605,5.360535826094276,5.9338657592474116,3.2235742685931204,1.7954314992761824,-0.15636635449977065,-0.25021317405160004,0.6862410739775543,0.8283966887775169
96,TFCN_152A-4,152A-4 BY32-B2,Rhodotorula,Rhodotorula toruloides,China,marsh_tidalflat,4,4,78.0,15684.5,15401.5,27549858.999999996,5248.795957169606,75.46382889410907,75.48785700982998,0.35873201544522265,0.5989424141311271,4.656001585524386,5.793651826562288,8.328144559113282,2.8858524839487694,1.0730993299434333,1.0588208661119118,0.2749471765820843,0.5243540565134251
61,TFCN_152A-6,152A-6 BY32-D2,Rhodotorula,Rhodotorula toruloides,China,marsh_tidalflat,3,3,75.0,19428.0,20085.0,21645043.0,4652.423347031093,74.13674039417897,74.79267810361078,3.1636039003014202,1.7786522707661045,6.893246017659671,7.240121903351188,4.8117212665654066,2.193563599845103,3.7487141150248426,3.3773908950286944,2.5602036825169727,1.6000636495205347
287,TFCN_152A_3,152A-3 BY32-A2,Rhodotorula,Rhodotorula toruloides,China,,4,4,78.0,22139.0,20572.25,30702864.916666668,5541.016595956618,75.86447145001972,75.89234389813444,0.8628896720024174,0.928918549713815,5.17717479035168,5.202947053625728,0.11094570208386612,0.3330851273831753,2.0027759806614034,2.130654945851898,0.19188592870399912,0.4380478612024023
141,TFCN_152C-2,152C-2 BY32-C3,Rhodotorula,Rhodotorula toruloides,China,marsh_tidalflat,3,3,78.0,27575.0,29043.0,18747589.0,4329.848611672237,75.51235808408424,75.52774799677375,0.02608758946468818,0.1615165300044803,9.11864280191324,8.465713773523351,7.193540079179481,2.682077567703716,3.278594047094874,3.018845525457177,0.6371095193729603,0.7981914052236846
88,TFCN_152C-3,152C-3 BY32-D3,Rhodotorula,Rhodotorula toruloides,China,,3,3,78.0,14053.0,16819.333333333332,27497010.333333332,5243.759179570829,76.11348340390502,75.63962714428676,0.7510686843435523,0.8666421893397254,5.021101538206785,6.02216441248607,4.986201136620035,2.232980326070974,1.612886476495401,1.2618139244876831,0.39106162677583034,0.6253492038659922
105,TFCN_152C-6,152C-6 BY32-G3,Rhodotorula,Rhodotorula toruloides,China,marsh_tidalflat,3,3,78.0,19367.0,25971.0,222763408.0,14925.260734740952,74.33998008581267,74.50861606593433,0.8539859966262643,0.9241136275514307,11.136508842496283,10.867710401871491,14.608307494098355,3.8220815655998703,5.518134947012121,4.254816153509444,12.37411865088704,3.5176865481289035
43,TFCN_152D-4,152D-4 BY32-B4,Rhodotorula,Rhodotorula toruloides,China,marsh_tidalflat,4,4,75.0,11153.0,9592.5,44017315.0,6634.554619565657,74.66648212823243,73.43183643737316,12.738301840057808,3.569075768326838,4.704157698978653,4.819141466020826,7.8631627839936336,2.80413316088834,1.0624586708383066,0.7810090628156297,0.8038642269126995,0.8965847572386559
114,TFCN_152D-6,152D-6 BY32-D4,Rhodotorula,Rhodotorula toruloides,China,marsh_tidalflat,3,3,78.0,21599.0,18257.0,91004823.0,9539.644804708401,74.86271405577318,75.11858562199015,1.248086044371382,1.1171777138716033,5.578305522571325,7.018265085423174,19.067663516441257,4.366653583287923,2.6402875142500504,2.661832942881992,3.282125342118951,1.8116636945412774
35,TFCN_17-331Y-3,17-331Y-5 BY117-B9,,,China,marsh_tidalflat,3,3,75.0,5436.0,5783.0,34306957.0,5857.214098869871,74.40712413324293,74.09717095804321,17.834508179292165,4.22309225323011,4.39341880794425,4.726875632042854,20.39841144574085,4.516460056918565,4.504305410977372,3.9719409806229087,8.281713299177033,2.877796604900533
252,TFCN_48D-10,48D-1,,,,marsh_tidalflat,4,4,78.0,20355.5,19979.25,21466088.25,4633.151006604468,74.03592374510797,74.27655641959576,1.1950976162686244,1.0932052031840245,10.004880056939808,10.20367877700848,0.5720818529236754,0.7563609276818015,4.1100557857431,4.172032989929717,0.01927800019356644,0.13884523828193188
305,,25-325P-1,,,,,4,4,78.0,33759.5,46003.25,688149730.9166666,26232.608160773238,75.64180224298534,75.22321830893756,2.784779874779563,1.6687659736402713,8.349903587877101,6.7754121579725055,9.989050287065945,3.1605458843475036,3.2036176303053887,2.7136024279776185,1.1807468443061262,1.0866217576995807
319,,51A-3,,,,,4,4,78.0,25973.5,26286.0,10060955.333333334,3171.900902193089,74.0110999528598,74.12873050472666,0.08763982038066247,0.2960402343950269,10.707748662250562,10.653951133265387,0.06867613908887553,0.2620613269616017,4.890981130938704,4.961512112848562,0.0724964377436337,0.26925162533146146
191,,17-332D-2 BY115-B6,,,,,4,4,78.0,14816.5,16624.0,24246760.666666668,4924.099985445733,74.44668395097835,74.38287630393376,0.7325864919604963,0.8559126660825253,8.358004458434348,8.53955414769933,0.46666180589464373,0.6831264933338801,1.7427188992714504,1.6933425176553747,0.18364789549846236,0.4285415913286158
306,,25-327C-3,,,,,4,4,78.0,24345.5,22620.5,28178849.666666668,5308.375426311393,74.69443157760014,74.59357158224279,0.3122632900820132,0.5588052344797901,10.080324983641752,9.792206607996846,0.5725368434550909,0.756661643969807,1.9362430034966016,1.9600482469767282,0.11050861024257996,0.3324283535479186
259,,10056,,,,,4,3,78.0,19652.0,20403.0,43925174.666666664,6627.607009069462,74.510663218547,74.5142233820777,5.1258278079847095,2.2640291093501226,5.543464050316055,5.457127896334186,1.0732062857103342,1.035956700692811,2.5883103544479424,2.468576771548783,0.32609126543204797,0.5710440135681732
251,,17-333P-8,,,,,4,4,78.0,16065.0,17598.5,47798879.0,6913.673336222937,75.99353245577365,76.03306044455466,0.5719535170650344,0.7562760852129561,6.071388965355237,6.63187474988556,3.5835754862824682,1.893033408654604,3.5470303630075803,3.141668509148457,2.8870827512225286,1.6991417690182677
260,,152D-2,,,,,4,4,78.0,20066.5,22780.25,74285280.25,8618.890894424874,75.202247886225,75.31963471254295,1.0764895376703258,1.037540137859893,9.704117741465414,9.788235734457077,0.5193446094680397,0.7206556802440676,1.2943588387424654,1.6327324794971425,1.205047861459261,1.0977467200858588
165,,17-332Y-1 BY115-H5,,,,,4,4,78.0,21338.0,40095.5,1657517080.3333333,40712.6157392685,75.38510446229662,75.56837177368078,2.4324565854197258,1.559633477910668,8.518334921022177,7.058724659885003,14.096782183135865,3.7545681753213462,0.302155164530582,0.3237590026387349,0.25465478403000547,0.5046333164090591
269,,17-332Y-1,,,,,4,4,78.0,25001.0,35287.75,700237888.2499999,26462.008394110977,75.94958872510875,75.38277091702157,1.7416390186028001,1.3197117179910165,9.080344875306873,7.474361156874131,15.333258347799072,3.9157704666896747,0.9820825834944313,0.9180664100840646,0.182624594374907,0.42734598907080784
173,,17-334P-4 BY115-A2,,,,,4,4,78.0,22745.5,36333.5,833714537.6666666,28874.115357299983,74.53212521827962,74.98695569181334,3.2713543506971035,1.808688572059077,9.31191409041876,7.705580993710042,18.43295306451034,4.293361511043572,2.8203956248403936,2.8168125189795443,5.96242178635789,2.441807073942962
