strain_id,strain_code,strain_name,genus,species,origin,environment,n_colonies,n_replicate_wells,timepoint_h,area_median,area_mean,area_var,area_sd,l_median,l_mean,l_var,l_sd,a_median,a_mean,a_var,a_sd,b_median,b_mean,b_var,b_sd
275,DBVPG_10075,10075,Cystobasidium,Cystobasidium sp.,Italy,soil,2,2,90.0,23441.0,23441.0,27114248.0,5207.134336657736,77.82068214399827,77.82068214399827,0.37625689689011804,0.6133978292186222,6.2959531176397245,6.2959531176397245,0.27562226742112433,0.5249973975374777,0.4422059364180386,0.4422059364180386,0.010902178456784362,0.10441349748372747
312,DBVPG_6740,6740,Pseudomicrostroma,Pseudomicrostroma phylloplanum,Italy,plant,3,3,90.0,30966.0,29122.0,72055821.0,8488.570020916362,75.15213728506924,75.19186476967941,0.04072139788160387,0.2017954357303551,10.082314221216887,9.951609388518422,0.5932756132823609,0.7702438661114809,1.9345170878219298,1.8328475905991735,0.09319666427968461,0.3052812871429964
326,NRRL_Y-17376,Y17376,Rhodotorula,Rhodotorula araucariae,America,plant,3,3,90.0,30599.0,30775.333333333332,3874726.3333333316,1968.432455872777,78.24135848877913,77.4034321759965,2.157742880407805,1.4689257572824452,4.522533049929251,5.782459772344141,5.289940673766184,2.2999871029564893,1.340001714938377,1.7316610018342729,0.6778561260585776,0.8233201844110088
185,DBVPG_3768,3768,Rhodotorula,Rhodotorula dairenensis,Italy,soil,4,4,90.0,37696.0,39026.5,21053643.666666664,4588.424965788006,75.1422168313805,75.09200747721025,0.31159579261149456,0.5582076608319655,6.162190637626922,6.147056447209698,0.0858760952784714,0.2930462340288157,5.913897100741888,6.064803078909382,0.21706433616836432,0.46590163786829975
194,DBVPG_3769,3769,Rhodotorula,Rhodotorula dairenensis,Italy,soil,4,4,90.0,37352.0,37634.0,2062752.6666666667,1436.2286261827073,78.10616841856837,77.93815718828999,0.4183596634091833,0.6468072845981122,7.806937605059517,7.801107808650565,0.012956972722023244,0.11382869902631429,6.324796491150275,6.317987850562259,0.009699742253286887,0.09848726949858487
203,DBVPG_3770,3770,Rhodotorula,Rhodotorula dairenensis,Italy,soil,4,4,90.0,52965.0,54314.75,173163292.91666666,13159.152439145413,75.8376871267335,75.83374977293006,0.1719812317205348,0.41470619927912195,9.682637335808348,9.747177669517548,0.5307890740940894,0.7285527256788553,8.479802899169169,8.454671935621564,0.052508329007146304,0.2291469594106505
221,DBVPG_3772,3772,Rhodotorula,Rhodotorula dairenensis,Italy,soil,4,4,90.0,26357.0,27349.5,55071511.0,7421.018191596083,74.73370325508765,74.4385701326526,1.2287673236119014,1.1084977779012015,10.120251173954252,9.677250175115107,3.889922279453309,1.9722885892924769,5.065542073667994,5.1615572053392675,0.09364193267194264,0.3060096937548591
230,DBVPG_3773,3773,Rhodotorula,Rhodotorula dairenensis,Italy,soil,3,3,90.0,18507.0,15523.0,199749217.0,14133.266324526683,75.7381748034704,74.20216114223595,10.282777298370485,3.2066769869087977,7.704691970908673,5.879372300740741,10.677854539075021,3.2676986609959955,0.6611109768905887,0.5180096749703692,0.31869051544507887,0.5645268066665027
192,DBVPG_3853,Y3853,Rhodotorula,Rhodotorula dairenensis,Italy,plant,4,4,90.0,31291.5,30803.25,8166971.583333331,2857.7913820524636,77.69723981470594,77.54056428122941,1.624191755765992,1.2744378194976764,7.448285411659858,7.470642197865176,0.09823009925489389,0.3134168139313746,5.847881620008355,5.8887698028907565,0.056245872727509694,0.23716212329861971
321,NRRL_Y-2504,Y2504,Rhodotorula,Rhodotorula dairenensis,America,soil,4,4,90.0,24684.0,23461.0,52815734.666666664,7267.4434752990455,74.51856173950682,74.38867478540139,1.2088664882337523,1.0994846466566746,7.011696103960602,6.839177414840712,0.3494394639538927,0.5911340490564663,6.995639925848985,7.083587693501336,0.31127894532189765,0.5579237809252243
71,TFCN_7W-292-3,7W-292-3 BY53-A7,Rhodotorula,Rhodotorula dairenensis,China,marsh_tidalflat,4,4,87.0,25194.0,27864.5,145938107.66666666,12080.484579132853,75.4190780161906,75.0758385882337,1.3204451875379235,1.149106255982415,6.776712520625436,7.022183102654656,4.160847050703289,2.0398154452555968,2.956282126531745,2.74148349440243,2.562448774704841,1.6007650591841518
282,DBVPG_6195,6195,Rhodotorula,Rhodotorula diobovata,Italy,marine,4,4,90.0,17599.5,16866.5,6214055.0,2492.8006338253367,77.10025702069908,76.99815375680134,0.421332740910007,0.649101487373128,6.30019993634863,6.100494659006299,0.2821050745898419,0.5311356461299146,3.757110469877084,3.7843679027748767,0.061765198960470696,0.24852605288072052
291,DBVPG_6202,6202,Rhodotorula,Rhodotorula diobovata,Italy,marine,4,4,90.0,23942.0,21985.75,42295074.916666664,6503.4663769920935,77.95055485632358,77.42911975039786,2.0607925991607963,1.4355460978877677,6.059097300768104,5.778742124648087,0.9434758594864828,0.971326855124722,2.737039013366571,2.7091103680635276,0.22509764743367974,0.474444567292829
324,NRRL_Y-7196,Y7196,Rhodotorula,Rhodotorula diobovata,America,unknown,1,1,90.0,17646.0,17646.0,,,73.28009501980407,73.28009501980407,,,5.884739375972503,5.884739375972503,,,4.3357220664183345,4.3357220664183345,,
120,TFCN_17-334Y-6,17-334Y-6 BY116-F9,Rhodotorula,Rhodotorula diobovata,China,marsh_tidalflat,4,4,90.0,20771.0,17147.5,161808429.66666666,12720.394241794027,75.17269285206993,73.91602412225939,14.501619336518594,3.8080991762976177,8.22015246746334,7.143333400365431,17.983414408102664,4.240685605901794,3.001400753072553,2.885707547686719,3.38748757488183,1.8405128564837112
297,TFCN_211C_2,211C-2 BY37-F3,Rhodotorula,Rhodotorula diobovata,China,,2,2,90.0,5756.0,5756.0,23598450.0,4857.823586751581,76.54338241698639,76.54338241698639,0.4543223849614267,0.6740344093304337,7.646749301286837,7.646749301286837,0.982309115265279,0.9911150867912762,3.4092366028159127,3.4092366028159127,2.4490086037620116,1.5649308622945652
111,TFCN_25-335C-1,25-335C-1 BY120-B5,Rhodotorula,Rhodotorula diobovata,China,marsh_tidalflat,4,4,90.0,17483.5,18929.25,44640520.916666664,6681.356218363654,75.92542196272183,75.42467650486266,5.216435768430908,2.28395178767655,9.765913146454697,9.770585824895193,0.3152897462264917,0.5615066751397455,4.475849596181252,3.7243538795539983,3.0596714516769814,1.7491916566451435
91,TFCN_25-335P-1,25-335P-1 BY120-A5,Rhodotorula,Rhodotorula diobovata,China,marsh_tidalflat,4,4,90.0,16868.0,18722.25,28976590.91666666,5382.990889521053,75.82173366902467,75.49149578296432,1.1007809077293225,1.0491810652739224,8.465408976745277,8.670085655318905,2.556174159520292,1.598803977828518,4.381516239392042,4.470934550564623,0.5124105289401596,0.7158285611374833
44,TFCN_7-9-2,7-9-2,Rhodotorula,Rhodotorula diobovata,China,marsh_tidalflat,4,4,87.0,19145.0,18514.5,6212481.000000001,2492.4849046684317,75.80458498157986,75.13131103496909,3.5579490385288515,1.8862526444060592,6.875650984647458,7.117743712128879,1.0755785888583995,1.0371010504567042,3.3989218060309963,3.317268269376064,4.72799815662441,2.1743960441061354
17,TFCN_7-9-3,7-9-3,Rhodotorula,Rhodotorula diobovata,China,marsh_tidalflat,4,4,87.0,22025.5,23728.25,47357328.916666664,6881.666143941208,75.2754389103184,74.93026000685842,4.8128434086714265,2.193819365552102,7.83982249978421,8.215812008755874,4.2709061662999925,2.0666170826498056,5.073990343682144,4.890619659182977,0.598384559856504,0.7735532042830047
270,TFCN_7_6_3,7-6-2003,Rhodotorula,Rhodotorula diobovata,China,,4,4,90.0,34582.0,33779.0,16754172.0,4093.1860451242624,77.62133427878504,77.58484803733326,0.02627534445893796,0.1620967132885117,5.592950788073772,5.197269762774002,0.9375578055116859,0.9682756867296038,4.548879004637524,4.068650878761532,1.0338020368559004,1.016760560238201
327,NRRL_Y-48721,Y48721,Rhodotorula,Rhodotorula evergladensis,America,,4,4,90.0,27963.5,28150.25,74912966.91666667,8655.22772182608,74.85947638394853,74.75814220236374,1.6756092059165768,1.2944532459369,10.678493856367503,10.511099653827383,0.7829315646994551,0.8848342018137947,3.9960059070107636,3.9514941900805516,0.10454914324740634,0.3233405994418368
184,DBVPG_3380,3380,Rhodotorula,Rhodotorula glutinis,Italy,plant,1,1,90.0,1499.0,1499.0,,,72.07732506096241,72.07732506096241,,,7.75438147646973,7.75438147646973,,,7.247290558910291,7.247290558910291,,
187,DBVPG_3985,3985,Rhodotorula,Rhodotorula glutinis,Italy,cave,1,1,90.0,651.0,651.0,,,71.63804277130617,71.63804277130617,,,6.297634329728796,6.297634329728796,,,5.510563482445741,5.510563482445741,,
314,DBVPG_6081,6081,Rhodotorula,Rhodotorula glutinis,Italy,air_cloud,3,2,90.0,16154.0,19080.333333333332,40219352.33333334,6341.872935760645,73.96299086064668,74.13012265623452,1.0257716227119622,1.0128038421688388,0.6174282063907965,3.5747492933465015,27.382658754259793,5.232844231797827,1.996818790110455,2.404540253792109,1.5604079368728652,1.249162894450866
294,DBVPG_6083,6083,Rhodotorula,Rhodotorula graminis,Italy,plant,2,2,90.0,10144.5,10144.5,33382620.5,5777.7695090752795,75.25597805868354,75.25597805868354,3.9476160691828315,1.9868608580327993,8.018963981485243,8.018963981485243,23.245451353247955,4.821353684728797,3.250058132949196,3.250058132949196,14.806482011566448,3.8479191794483483
320,NRRL_Y-2474,Y2474,Rhodotorula,Rhodotorula graminis,America,plant,3,3,90.0,7083.0,7313.333333333333,5194960.333333334,2279.2455623151563,77.1578137604939,77.09985590092019,0.03232338968614605,0.17978706762764127,4.300035186706019,4.156143688344827,0.3443197818368612,0.5867876803724335,4.433710437191585,4.321223032745384,0.6349905157069499,0.7968629215285085
128,TFCN_17-0-2E329-4,17-0-2E329-4 BY115-C8,Rhodotorula,Rhodotorula graminis,China,marsh_tidalflat,1,1,90.0,28778.0,28778.0,,,77.34889739495381,77.34889739495381,,,5.813789337188041,5.813789337188041,,,1.8735394562325092,1.8735394562325092,,
311,DBVPG_10383,10383,Rhodotorula,Rhodotorula kratochvilovae,Italy,soil,4,4,90.0,17707.5,18416.75,18506004.916666668,4301.8606342682315,73.93387813612935,73.99376488865441,0.7714383400777115,0.8783156266842299,5.6157963767736465,5.7375689527023805,0.23254038585343026,0.4822244144103762,7.756407706626566,7.455710480919453,2.070989080913751,1.439093145322342
284,DBVPG_10753,10753,Rhodotorula,Rhodotorula kratochvilovae,Italy,built env,4,4,90.0,19255.5,18905.5,8670790.999999998,2944.6206886456525,76.92476184808277,76.96662202767347,0.21850816209483645,0.46744856625604964,3.257803290186698,3.2389830732211453,0.019728468204957918,0.14045806564579308,5.558156512795182,5.487141036262342,0.3716993053177194,0.6096714732687756
310,DBVPG_7539,7539,Rhodotorula,Rhodotorula kratochvilovae,Italy,unknown,4,4,90.0,18821.0,17804.5,11540800.999999998,3397.1754443949458,76.53175727561032,76.73637921179805,0.3544958174277641,0.5953955134427569,4.0839291201375385,4.016261935206863,0.10578725165732816,0.32524952214773223,4.50551010376265,4.553489056682844,0.6488346413558991,0.8055027258525567
317,DBVPG_10619,10619,Rhodotorula,Rhodotorula mucilaginosa,Italy,plant,4,4,90.0,31675.5,30460.5,55379364.333333336,7441.731272582566,73.98179544461844,73.94152505242471,0.5371554694029222,0.732908909348851,11.234640282234546,11.32753847516807,1.7089616211314407,1.3072725886866292,4.687670748483258,4.7228223883328315,1.031975396064017,1.0158618981259298
293,DBVPG_10780,10780,Rhodotorula,Rhodotorula mucilaginosa,Italy,snow_ice,4,4,90.0,33123.5,30427.5,54132516.33333334,7357.480297855601,73.88058392331871,74.13118479256391,1.0258129779038452,1.0128242581533309,11.963555313458135,12.042055838130796,0.376706059054667,0.6137638463241925,4.601999299500936,4.884121884216908,0.618875351505191,0.786686310739669
268,DBVPG_10842,10842,Rhodotorula,Rhodotorula mucilaginosa,Italy,snow_ice,4,4,90.0,25332.0,27517.75,27717448.25,5264.736294440587,77.19091488707647,76.94273927739215,1.036772005117262,1.018220018030122,7.692430353272051,7.610802732677939,0.8883231093371462,0.9425089439029989,0.8083424486369284,0.8291868726286428,0.05250535187435992,0.22914046319748924
277,DBVPG_10882,10882,Rhodotorula,Rhodotorula mucilaginosa,Italy,rock,4,4,90.0,15044.0,14602.75,8847918.25,2974.5450492470272,75.96525523041889,75.9590672477843,0.26811741429437846,0.517800554552019,8.99794995778669,9.026856791322896,0.29869446881106254,0.5465294766168267,2.071545638648997,2.1523747192131766,0.383459395221789,0.6192409831574369
286,DBVPG_10886,10886,Rhodotorula,Rhodotorula mucilaginosa,Italy,rock,4,4,90.0,18574.5,18843.25,2284802.9166666665,1511.5564550047961,77.62195333731515,77.62959373034974,0.005762494468305856,0.07591109581810722,11.586273142655493,11.66586056925211,0.0360037858108942,0.18974663583551146,0.7864643515215208,0.7764143757868935,0.012617083487442041,0.1123257917285342
295,DBVPG_10937,DBVPG 10937,Rhodotorula,Rhodotorula mucilaginosa,Italy,food,4,4,90.0,45609.0,39912.75,205514404.91666666,14335.773607192137,74.02979919810792,74.26730128441848,0.6297034627792505,0.793538570442074,11.262415619195401,11.477442262306592,0.5629023745933511,0.7502682017741064,4.40422933093671,4.393394992647975,0.09212950827687356,0.30352843075546243
201,DBVPG_3044,DBVPG 3044,Rhodotorula,Rhodotorula mucilaginosa,Italy,unknown,3,3,90.0,22920.0,28383.0,326205607.0,18061.162947052995,74.13249814717753,73.53472672026798,1.210615853493366,1.1002798977957227,7.072251398240331,7.747286805057892,2.2976477368033907,1.5157993722136813,2.5242400074056093,2.5813158068823783,0.0628742442413034,0.2507473713547231
210,DBVPG_3045,3045,Rhodotorula,Rhodotorula mucilaginosa,Italy,food,4,4,90.0,20972.0,23018.5,26133151.0,5112.059369764792,75.04089937270464,74.9389701498666,0.33011279781863395,0.5745544341649744,5.642648247133869,5.601930231202035,0.2701758170181168,0.5197843947427787,2.3020211976438834,2.435293605201147,0.21107618764975014,0.4594302859517972
219,DBVPG_3090,3090,Rhodotorula,Rhodotorula mucilaginosa,Italy,food,4,4,90.0,31281.0,31837.5,14881782.333333338,3857.691321675872,74.32028631349036,74.21514125918168,0.15165401916844284,0.38942780995769016,11.626763592301582,11.634058548575666,0.11005298438532124,0.33174234638544603,5.2036294448819245,5.129993711010888,0.05352494840575512,0.23135459452052193
228,DBVPG_3235,3235,Rhodotorula,Rhodotorula mucilaginosa,Italy,food,4,4,90.0,32204.5,29671.75,34030081.58333333,5833.53079903872,77.14129038121177,77.02226212067573,1.5716123740262784,1.2536396507873697,6.450287015412961,6.200215208135359,0.2804404952826613,0.5295663275574282,2.1687757914327643,2.148689718849778,0.022716936683807514,0.15072138761240064
249,DBVPG_3236,3236,Rhodotorula,Rhodotorula mucilaginosa,Italy,food,2,2,90.0,14482.5,14482.5,1547040.5,1243.800828107137,79.53643044508067,79.53643044508067,0.08969963242500459,0.2994989689882164,3.1558737304863973,3.1558737304863973,0.07622713887236131,0.2760926273415524,-1.2394626177871904,-1.2394626177871904,0.010612206661359282,0.10301556514119253
237,DBVPG_3237,3237,Rhodotorula,Rhodotorula mucilaginosa,Italy,food,4,4,90.0,30266.0,30602.0,1450501.3333333328,1204.3676072251913,76.87655172369773,76.78410074585983,0.22980387650349665,0.4793786358438355,9.362784994395051,9.341469145948842,0.040694519692399504,0.20172882712294618,0.8498421904705122,0.8057394392824102,0.04090564799532865,0.20225144744927945
166,DBVPG_3238,3238,Rhodotorula,Rhodotorula mucilaginosa,Italy,food,4,4,90.0,23576.0,27608.0,97067653.33333333,9852.29178076519,74.67671215112324,74.6041787512554,0.07322682614542986,0.27060455677137046,7.314326914650782,8.045209002088168,2.906059604585538,1.70471686933213,3.6745906033539724,3.684258874006968,0.28146295645275204,0.5305308251673526
175,DBVPG_3239,3239,Rhodotorula,Rhodotorula mucilaginosa,Italy,food,4,4,90.0,16393.5,20167.5,78305869.66666667,8849.060383264807,72.70451225150809,73.04715496762326,1.3647578868507833,1.1682285250972018,7.141958562906476,8.340594867574685,8.79537226827245,2.965699288240878,3.7913600379879178,4.61637818431109,3.4864492056200724,1.867203579050788
193,DBVPG_3381,3381,Rhodotorula,Rhodotorula mucilaginosa,Italy,plant,4,3,90.0,38303.0,38588.0,10997736.0,3316.283461949536,75.23144914254132,75.02385194150223,0.40882230579182016,0.6393921377306888,9.829374885483007,9.802774706466266,0.03322673396111935,0.18228201765703428,4.147271946786002,4.126582513678604,0.04976072322513731,0.22307111696752072
202,DBVPG_3382,3382,Rhodotorula,Rhodotorula mucilaginosa,Italy,plant,4,4,90.0,32058.0,35094.25,104131896.25,10204.503723846643,73.56037032515584,73.51210604855268,0.11754404136548417,0.3428469649355003,11.300121689454226,11.17748655140613,0.24266482250010443,0.49261021355642276,4.600086065883884,4.576355878505075,0.06403005498306079,0.2530416072171942
211,DBVPG_3383,3383,Rhodotorula,Rhodotorula mucilaginosa,Italy,plant,4,4,90.0,27318.5,26667.75,37556958.25,6128.373213994069,73.34924563281672,73.36782432997006,0.4402491880039395,0.6635127640098113,11.439145059870398,11.385395928226364,3.0070871550893883,1.7340954861510331,4.8967062313399365,4.913713536236683,0.06074398070971008,0.2464629398301296
220,DBVPG_3384,3384,Rhodotorula,Rhodotorula mucilaginosa,Italy,plant,4,4,90.0,29876.5,27386.75,58667494.25000001,7659.470885772725,74.01808954694141,73.88366007458197,1.0183171199169705,1.0091170001129555,11.197734454946943,10.701549776621833,1.311836736415323,1.145354415198773,4.452289972732099,4.5914262211293195,0.4653370175117773,0.682156153319588
229,DBVPG_3442,3442,Rhodotorula,Rhodotorula mucilaginosa,Italy,food,4,4,90.0,26375.5,26586.5,21926409.66666666,4682.564432729854,75.65946077836499,75.66466537108255,7.523777175470514,2.7429504507866187,7.631433228198203,7.885285250250931,1.9632986630429972,1.4011775986801234,2.8881634106571075,2.967498309655095,1.1929497292821332,1.0922223808740292
238,DBVPG_3443,3443,Rhodotorula,Rhodotorula mucilaginosa,Italy,food,4,4,90.0,22127.5,23936.75,42182542.25,6494.808869397159,73.36688091196773,73.43934723486763,0.12008831765594295,0.346537613623605,9.607996865426182,9.835049747093066,1.6502665427801142,1.2846270053132598,4.995435870336568,5.016203943207056,0.04834758770057027,0.21988084887177026
167,DBVPG_3444,3444,Rhodotorula,Rhodotorula mucilaginosa,Italy,food,4,4,90.0,25785.0,26771.75,46457308.916666664,6815.959867595075,76.21085432940806,75.97944909950743,0.6182653561953557,0.7862985159564755,6.027287814783011,7.281512468998858,7.260980957310406,2.6946207446151687,2.35154981864073,2.172609542815973,0.32272870043857615,0.5680921584026453
258,DBVPG_3445,3445,Rhodotorula,Rhodotorula mucilaginosa,Italy,food,4,4,90.0,32566.5,30514.5,45650260.33333334,6756.497638076501,76.16933949003305,75.79346936563168,1.062464295265354,1.0307590869186427,10.689424165218327,10.559547211114364,0.1802944202648249,0.4246109045524207,0.9767113077754352,1.5662165531155126,1.9643578651698819,1.4015555162639408
267,DBVPG_3446,3446,Rhodotorula,Rhodotorula mucilaginosa,Italy,food,4,4,90.0,34254.5,52760.25,1932278123.5833333,43957.68560312671,75.35994822725921,75.38513991004993,0.968060018941361,0.983900411089131,5.872109587129831,5.252832614465387,7.017845489498313,2.649121644903894,3.0913043672748497,2.4612345870656247,2.1503286863471587,1.4663999066922906
176,DBVPG_3538,3538,Rhodotorula,Rhodotorula mucilaginosa,Italy,soil,4,4,90.0,30930.5,31009.75,409970878.9166667,20247.737624649988,73.37554623637736,73.47617864689929,0.21779958228546525,0.4666900280544521,9.053249600150277,8.917831111257232,1.5193225286707968,1.2326080190680233,5.075277393176824,5.0570418772875465,0.3644933417811382,0.6037328397405082
239,DBVPG_3774,3774,Rhodotorula,Rhodotorula mucilaginosa,Italy,food,4,4,90.0,23052.5,23282.0,155405268.66666666,12466.16495425384,76.68630255842781,76.64460133742651,1.0815830982520456,1.0399918741278922,6.262635058883415,6.14773361231561,0.8312532225627881,0.9117308937196261,0.21989379611827564,0.20970801772681458,0.14747466571849263,0.38402430355186196
168,DBVPG_3775,3775,Rhodotorula,Rhodotorula mucilaginosa,Italy,soil,4,4,90.0,20575.5,21191.0,30329004.666666668,5507.17755902846,74.2307633732892,74.80324584573066,1.8978522677063825,1.377625590538439,8.9125606993323,9.077455797389625,0.2129947059838324,0.4615134949097723,2.259619285553882,2.3691286685218085,0.8117812694622532,0.9009890506894371
177,DBVPG_3776,3776,Rhodotorula,Rhodotorula mucilaginosa,Italy,soil,4,4,90.0,26376.0,26971.0,2256938.0,1502.310886601039,75.55860063937878,75.62020690043173,0.21157546692341556,0.4599733328394327,9.523140596007687,9.536769712853658,0.013251324608265233,0.11511439791904934,1.0462426673214287,1.0651151351723842,0.019670400782885913,0.14025120599440816
186,DBVPG_3777,3777,Rhodotorula,Rhodotorula mucilaginosa,Italy,soil,4,4,90.0,28062.0,28248.5,10351648.999999998,3217.39786162669,74.35631271694082,74.39085432812405,0.1482097324256471,0.38498017147074876,9.987357887903864,9.978132545114176,0.014820615441379135,0.1217399500631536,1.618205954480878,1.5563316148786477,0.035542448478707266,0.18852704972684228
276,DBVPG_3778,3778,Rhodotorula,Rhodotorula mucilaginosa,Italy,soil,4,4,90.0,30596.5,28218.75,43790656.25,6617.45088761526,75.26699958689645,75.20173393519991,0.7472058290624469,0.8644106831029142,9.730263535463246,9.483012458077894,0.3843332174372818,0.6199461407552126,1.3570576224873454,1.3124474567491662,0.01637958565571254,0.12798275530598854
285,DBVPG_3780,3780,Rhodotorula,Rhodotorula mucilaginosa,Italy,soil,4,4,90.0,24192.0,23843.75,6160602.249999999,2482.056052952874,75.69394563175007,75.73155128701937,0.22688463332187248,0.47632408433950985,10.474431750146675,10.40140466230488,0.05340230590201342,0.231089389418929,1.6657575748827536,1.6632058233095577,0.05670363796855326,0.2381252568892121
204,DBVPG_3854,3854,Rhodotorula,Rhodotorula mucilaginosa,Italy,plant,4,3,90.0,22435.0,18735.25,151065875.58333334,12290.885874636268,74.92540420722605,74.46811222290907,1.495528467581453,1.2229180134340376,7.332329814802058,7.0075385694665515,1.936907136807231,1.3917281116680913,2.530684290798363,2.5243597871001695,1.8824318524379615,1.372017438824289
213,DBVPG_3855,3855,Rhodotorula,Rhodotorula mucilaginosa,Italy,plant,4,4,90.0,26360.0,24782.5,21491983.0,4635.944671800991,75.41198237740642,75.42999595608268,0.0330039029130565,0.1816697633428758,7.36344095605171,7.360912051883384,0.01822655225553135,0.13500574897215062,3.2612832036312653,3.234469837164653,0.014966337110993882,0.1223369817798113
222,DBVPG_3856,3856,Rhodotorula,Rhodotorula mucilaginosa,Italy,plant,4,4,90.0,27568.5,26989.25,6572530.249999999,2563.6946483542065,75.34411762075726,74.89282947246815,1.389121036542055,1.1786097897701575,7.0266482131467605,7.0639714633315425,0.22426398236837222,0.47356518280841997,3.334184798058476,3.272304980901122,0.14298057738948325,0.3781277262903148
231,DBVPG_3857,3857,Rhodotorula,Rhodotorula mucilaginosa,Italy,plant,4,4,90.0,56711.0,54052.5,118399331.66666667,10881.145696417572,77.0000896067721,76.75878084259776,0.6391512386636072,0.7994693481701517,9.720748676011887,9.610799800978599,0.08474926905897552,0.29111727715643315,8.09289443802406,8.066697709889656,0.05855195840783837,0.24197511939833477
240,DBVPG_3858,3858,Rhodotorula,Rhodotorula mucilaginosa,Italy,insect,4,4,90.0,32172.0,31653.25,64505630.916666664,8031.539760012813,74.22075679405094,74.20558513448263,0.12389185284854677,0.3519827451005898,10.465283299326057,10.243487462504017,0.8552144894437731,0.9247780757802236,4.226553106039566,4.240353170808206,0.011255947947043937,0.10609405236413555
169,DBVPG_3983,3983,Rhodotorula,Rhodotorula mucilaginosa,Italy,cave,4,4,90.0,15664.0,20242.75,163542642.91666666,12788.379213827946,74.17256898592312,74.3751674128365,1.1258013282268335,1.061037854285526,6.460873010858487,7.2905689461300875,4.001254313442616,2.0003135537816608,3.0127483984866643,2.9528630502465685,0.08142907348736865,0.2853577990652589
178,DBVPG_3984,3984,Rhodotorula,Rhodotorula mucilaginosa,Italy,cave,4,3,90.0,32064.0,30444.5,28071009.666666668,5298.208156222881,73.6208278290429,73.54711703157572,0.6330253108304323,0.7956288775744834,7.366367530736912,7.419571430827373,0.09242788472958485,0.3040195466242012,3.024879107647893,3.145005712426846,0.18505418459918724,0.4301792470577669
196,DBVPG_4201,4201,Rhodotorula,Rhodotorula mucilaginosa,Italy,plant,4,4,90.0,29846.5,28287.0,26674332.66666666,5164.719998864088,76.26570599055219,76.13752027468817,0.7266563113725167,0.8524413829539933,10.31864663277246,10.126355650902662,0.5814099539395021,0.76250242880892,0.7926221367361874,0.8302945719846022,0.07598619812569841,0.27565594157517886
205,DBVPG_4202,4202,Rhodotorula,Rhodotorula mucilaginosa,Italy,soil,4,4,90.0,30784.0,54466.75,2387330588.25,48860.317111639786,74.59297965745941,74.36269569773847,0.7229151350817542,0.8502441620392075,10.796972429169106,8.432431200967622,23.399525024739052,4.837305554204639,2.0911799037476753,1.7603446649251204,0.5717542986145637,0.7561443636069528
214,DBVPG_4203,4203,Rhodotorula,Rhodotorula mucilaginosa,Italy,soil,4,4,90.0,25632.5,25189.0,1822430.0,1349.9740738251235,75.63897443763211,75.50284376481207,1.152840190127604,1.0737039583272494,9.788185339363444,9.806629862600994,0.15469408185452138,0.39331168537754047,0.4500977748588153,0.5375046809576095,0.047802415815648897,0.21863763586274185
223,DBVPG_4304,4304,Rhodotorula,Rhodotorula mucilaginosa,Italy,unknown,4,4,90.0,27565.5,27181.75,19051788.25,4364.835420723214,76.08582250602818,75.63663065827313,2.076263336434676,1.440924472841889,10.0881160746613,10.02384172624124,0.11251283944243601,0.33542933598961794,0.8182379270305518,0.8467714424197498,0.04041079252445945,0.20102435803767524
232,DBVPG_4376,4376,Rhodotorula,Rhodotorula mucilaginosa,Italy,food,4,4,90.0,32503.5,30866.75,43704848.25,6610.96424510071,75.36770243303968,75.0243286035695,1.6505414193308765,1.2847339877697936,7.596553802504125,7.446339661338522,0.41170670424805184,0.641643751818758,3.719164182985529,3.7725893182250916,0.1650864198517513,0.40630828179074974
241,DBVPG_4377,4377,Rhodotorula,Rhodotorula mucilaginosa,Italy,marine,4,4,90.0,22769.0,19229.75,179415829.58333334,13394.619426595642,74.69544954016845,74.19008973725963,2.1220916440622655,1.4567400742968066,9.620689040594113,8.175479938238862,12.859350276265493,3.5859936246827733,1.4775264936698063,0.8416021627753123,2.226192142855359,1.4920429426981514
170,DBVPG_4378,4378,Rhodotorula,Rhodotorula mucilaginosa,Italy,food,4,4,90.0,15979.0,19165.0,74167824.0,8612.074314588792,73.88487658536742,73.94751753617155,0.4415332874723253,0.6644797118590795,8.180574120550565,8.849483779354724,3.566737206154381,1.8885807385850308,2.165932659254055,3.0186675885696346,3.077346786333715,1.7542368102208195
179,DBVPG_4379,4379,Rhodotorula,Rhodotorula mucilaginosa,Italy,food,4,4,90.0,31603.5,26906.5,103871771.0,10191.750144111658,74.02912804276276,73.47575023113181,2.113504966519403,1.4537898632606443,12.604616191199153,12.10517325538809,1.44404267948655,1.2016832692047226,4.1616093526268605,4.225443418017452,0.04931161763077918,0.22206219315943715
188,DBVPG_4380,4380,Rhodotorula,Rhodotorula mucilaginosa,Italy,sand,4,4,90.0,31780.0,30951.5,26125512.999999996,5111.312258119239,76.40659529507026,76.37386755347406,0.6814036694906728,0.8254717860052352,5.106226858031082,5.08962044208558,0.1641439909360488,0.4051468757574823,1.811693671947573,1.8474338739729006,0.06278300757599813,0.25056537585228755
197,DBVPG_4408,4408,Rhodotorula,Rhodotorula mucilaginosa,Italy,marine,4,4,90.0,26276.0,20513.25,188082170.91666666,13714.305338465621,74.68376578203569,74.38201694731622,3.7042898414112533,1.9246531743177142,9.378641978626117,7.769277103296334,13.967642232766195,3.737330896878974,1.8282814547079806,1.7367641047224547,1.0902690969228839,1.0441595169910025
206,DBVPG_4466,4466,Rhodotorula,Rhodotorula mucilaginosa,Italy,plant,4,4,90.0,27081.0,27087.0,1902234.6666666667,1379.2152358013839,75.53914340269063,75.54984617747876,0.21232145175779538,0.4607835194077533,9.96880827479124,9.974229102342372,0.0008138118836996975,0.0285273883084256,1.1410852000257932,1.2181157940779563,0.04790487898068376,0.21887183231444782
233,DBVPG_4534,4534,Rhodotorula,Rhodotorula mucilaginosa,Italy,sand,4,4,90.0,31492.0,29409.25,34131500.91666667,5842.217123375908,76.89005574567764,76.75117417287814,0.6198082945411482,0.7872790449015826,7.895942880729673,7.792518874605872,0.1731477399690422,0.41611024977647715,1.5531711412383797,1.5324206182368156,0.040959887034652885,0.20238549116637014
171,DBVPG_4618,4618,Rhodotorula,Rhodotorula mucilaginosa,Italy,soil,4,4,90.0,13837.5,17954.5,123806557.66666667,11126.839518329842,75.23714284451341,75.2054379093976,0.8281476367414262,0.9100261736573438,11.138361199598837,10.683500137367796,2.3749863108077824,1.5410990593754128,3.5779318462987817,3.575916503628043,0.12375224470276784,0.35178437245387667
189,DBVPG_4669,4669,Rhodotorula,Rhodotorula mucilaginosa,Italy,food,4,4,90.0,28134.0,28464.0,23521425.33333334,4849.8892083565515,72.171335182414,72.31116173448137,1.753993552083186,1.3243842161862192,10.376424435652758,10.59133428212132,0.4455798912520746,0.6675177085681507,5.165268269373968,5.201601692746182,0.19104218074752866,0.4370837228123791
198,DBVPG_4920,4920,Rhodotorula,Rhodotorula mucilaginosa,Italy,food,3,3,90.0,17429.0,19993.666666666668,32150225.33333333,5670.116871223496,74.3425470130817,74.26933635949955,0.39159180307779384,0.6257729644829615,12.405732524641389,12.916600741326334,1.5740952290079737,1.2546295186261056,2.0996015991168404,2.163157168771853,0.01705920784862583,0.13061090248760182
207,DBVPG_4945,4945,Rhodotorula,Rhodotorula mucilaginosa,Italy,food,4,4,90.0,30974.0,31029.5,953419.6666666666,976.4321106286226,75.48544870294045,75.43691668624543,0.8155913037933779,0.9031009377657504,11.485389177882556,11.443445786693285,0.4039861288607393,0.6355990315133743,0.8737799779997613,0.9306024867400314,0.11209952356516206,0.33481266936178217
216,DBVPG_4946,4946,Rhodotorula,Rhodotorula mucilaginosa,Italy,food,4,4,90.0,29696.0,26112.25,168736440.25,12989.859131260815,74.50517664539304,74.02089049361734,1.339726129464494,1.1574653901799803,11.663366514029716,10.990174575678427,3.799684513372734,1.9492779466696724,1.857877085347498,1.8303821323414544,0.0262399411930872,0.16198747233378016
225,DBVPG_4947,4947,Rhodotorula,Rhodotorula mucilaginosa,Italy,food,4,4,90.0,34130.0,34368.5,2637924.3333333307,1624.1688130651107,76.30711126526442,76.00263713378033,2.3282162827052484,1.5258493643558817,10.323656633878937,10.34341819998754,0.01017845569002745,0.10088833277454559,0.7347781658027963,0.8382204988686914,0.15836084418416035,0.39794578045779094
234,DBVPG_4949,4949,Rhodotorula,Rhodotorula mucilaginosa,Italy,soil,3,3,90.0,26492.0,28045.333333333332,14045637.333333332,3747.7509700263345,76.4914146701729,76.33298380689494,1.060329463788691,1.0297230034279563,6.33535861244991,6.4184985381033615,0.16149745347093064,0.40186745759134396,2.036358045929476,2.0370163898496148,0.015399533961894158,0.12409485872466336
243,DBVPG_4950,4950,Rhodotorula,Rhodotorula mucilaginosa,Italy,soil,4,4,90.0,27391.0,26130.25,10188741.583333336,3191.9808243993784,75.19443178477198,75.13652038256305,0.9676832090698526,0.9837089046409271,4.620648179778502,4.636854940878628,0.02393454963758236,0.1547079494970519,3.9888398319490372,3.918384695715166,0.05440124430463802,0.23324074323462018
253,DBVPG_4956,4956,Rhodotorula,Rhodotorula mucilaginosa,Italy,soil,4,4,90.0,26551.5,24077.0,60235954.0,7761.1825129937515,74.97744765855667,74.81545925959685,2.6157551350635835,1.6173296309236356,10.37733964664303,10.21357692405088,0.6600089077290479,0.8124093227733468,1.0929882642586375,1.1001467928574011,0.07925962458539988,0.28153085902863273
262,DBVPG_4957,4957,Rhodotorula,Rhodotorula mucilaginosa,Italy,soil,4,3,90.0,25878.5,26612.0,11759359.333333336,3429.192227527255,74.05130701818928,74.10617731541738,0.1553533156009025,0.3941488495491297,10.551857319100119,10.596146198043769,0.22721810007431456,0.4766739976905753,4.562486618498779,4.574416753270921,0.008816087237096865,0.09389402130645415
271,DBVPG_4958,4958,Rhodotorula,Rhodotorula mucilaginosa,Italy,soil,4,4,90.0,37186.5,36842.0,2529801.999999999,1590.5351300741518,73.66352898986304,73.68395066641574,0.31282186924289274,0.5593048088858996,12.755756799536735,12.560430825134258,0.18434439922061663,0.4293534665291718,5.474747557549254,5.474591105297849,0.004552658078863779,0.06747338793082631
280,DBVPG_4962,4962,Rhodotorula,Rhodotorula mucilaginosa,Italy,soil,4,4,90.0,23082.0,23016.0,65108833.333333336,8069.004482173333,74.99619519065588,74.42659464930628,1.9711631990731586,1.403981196125204,11.167827007812242,11.229676513022383,0.4166392383575442,0.645475978141359,2.457795148594344,2.4649826484567594,0.3280712660577943,0.5727750571191053
289,DBVPG_4963,4963,Rhodotorula,Rhodotorula mucilaginosa,Italy,soil,4,4,90.0,26618.0,27450.75,19929930.250000004,4464.295045133106,73.98381085748773,73.82201439585664,0.538724375169198,0.7339784568835778,11.104772482365979,11.047717175838079,0.5646155075778568,0.7514090148366979,2.3552681414960475,2.3472079419563836,0.0024137352884050743,0.04912978005655098
298,DBVPG_4964,4964,Rhodotorula,Rhodotorula mucilaginosa,Italy,soil,3,3,90.0,25399.0,26414.666666666668,39842434.33333334,6312.086369286572,73.10949092740177,73.5360755578191,0.7127768143205281,0.8442611055357981,10.30089795285971,10.255501876880642,0.10893076810677185,0.3300466150512255,3.88066316515262,4.0700043256892435,0.12139114191977973,0.3484123159702879
307,DBVPG_5225,5225,Rhodotorula,Rhodotorula mucilaginosa,Italy,soil,4,3,90.0,29080.5,27781.5,17715968.333333332,4209.034133068219,75.57305812524362,75.32384653786792,0.5179211883705612,0.7196674151096194,10.509237160359756,10.477968234829444,0.3247172805029542,0.5698396971982157,2.567053539841763,2.5949564964410476,0.025700758070107566,0.16031455975708372
313,DBVPG_5226,5226,Rhodotorula,Rhodotorula mucilaginosa,Italy,soil,4,4,90.0,32081.0,52636.5,2097517601.6666667,45798.66375416063,74.59914954769002,74.69271941989095,0.29000076837082095,0.5385171941273751,9.899767271232873,8.058366495722073,17.92785884372937,4.234130234620727,1.680890007493796,1.535263563781003,0.47889531495589915,0.6920226260433247
245,DBVPG_5227,5227,Rhodotorula,Rhodotorula mucilaginosa,Italy,soil,4,4,90.0,32919.5,32191.25,36167348.25,6013.929518210202,74.87989286756834,75.18292378475186,1.0454011801412886,1.022448619805068,8.542564517133977,8.43644891828276,0.3220886602274101,0.5675285545480598,2.989622410826459,2.970756111098391,0.011766450212764387,0.1084732695771838
254,DBVPG_5228,5228,Rhodotorula,Rhodotorula mucilaginosa,Italy,soil,4,4,90.0,28640.5,29241.25,11213703.583333336,3348.686844620341,73.69262346450357,73.59315228752838,0.4134593010990529,0.6430080101359958,10.97139064649401,11.02226059975945,0.31587898916600693,0.5620311282891784,4.028900793976092,4.078704521155332,0.33467054974832905,0.5785071734631552
263,DBVPG_5229,5229,Rhodotorula,Rhodotorula mucilaginosa,Italy,soil,4,4,90.0,29428.0,29082.75,55226320.25,7431.441330589914,73.48235390434677,73.62866896622492,0.5882409126720888,0.766968651687987,10.716665051137248,10.81078467423864,1.4766195540114702,1.2151623570582946,4.500817503613652,4.547508603740369,0.2360290288284795,0.48582818858983423
272,DBVPG_5235,5235,Rhodotorula,Rhodotorula mucilaginosa,Italy,soil,4,4,90.0,25696.0,27006.0,15930056.0,3991.247424051784,75.43955202668946,75.09755946203626,0.7955567178052307,0.8919398622133842,10.916722144404464,10.6741705029635,0.6859196651909247,0.828202671567126,1.795185395832477,1.7512476934826244,0.2014404185651789,0.4488211431797514
281,DBVPG_5236,5236,Rhodotorula,Rhodotorula mucilaginosa,Italy,soil,3,3,90.0,27402.0,27438.666666666668,58156884.33333334,7626.066111261647,75.35996687562401,75.63947366621689,0.9830964455997536,0.9915122014376594,10.37353131741925,9.881411383821591,4.091500614650826,2.0227458106867573,0.676180272828053,1.4356525495085595,2.8840275655502867,1.698242493152932
290,DBVPG_5757,5757,Rhodotorula,Rhodotorula mucilaginosa,Italy,soil,4,4,90.0,27965.5,29488.75,45587402.25,6751.84435913625,76.14648562812604,75.85960569394838,0.63425381732825,0.7964005382521097,8.509493435222282,8.554458654064852,0.2503456065498219,0.5003454871884245,1.5083144557578254,1.5619163587416969,0.03990647882676126,0.1997660602473835
299,DBVPG_5758,5758,Rhodotorula,Rhodotorula mucilaginosa,Italy,soil,4,4,90.0,24864.5,24965.5,3713541.6666666656,1927.0551799745292,76.05796541877851,76.0027389632347,0.33664922485924903,0.5802148092381382,8.5396719298126,8.552644963355068,0.12442193871363257,0.3527349411578509,1.79568568881866,1.776640309301608,0.12991903810543112,0.3604428361133442
308,DBVPG_5759,5759,Rhodotorula,Rhodotorula mucilaginosa,Italy,soil,4,4,90.0,19648.5,20617.25,25424752.916666668,5042.296393179071,75.02703204181725,74.75577388479935,0.8376753048958244,0.9152460351707755,8.035309841810044,8.222709830010222,0.3069696659779961,0.554048432881094,1.630875410324889,1.8928916995753164,0.9211297934041092,0.959755069486017
246,DBVPG_6091,6091,Rhodotorula,Rhodotorula mucilaginosa,Italy,insect,4,4,90.0,28450.0,28196.25,38312412.91666668,6189.702167040566,73.72442412103408,73.81477125293388,1.991058874016333,1.4110488559990872,11.023505531356642,10.883746627968211,0.7955964447103292,0.8919621318813535,1.8265920597344776,1.7443140806896658,0.03822031013435232,0.195500153796237
303,DBVPG_6092,6092,Rhodotorula,Rhodotorula mucilaginosa,Italy,unknown,4,4,90.0,21727.0,21247.25,41508052.25,6442.674308856533,74.84883194934594,75.29459860328004,0.9027251408056275,0.9501184877717239,9.132757870972203,8.941075957073128,0.8382606579088225,0.9155657583750184,0.7282301281287595,0.8730638971533561,0.12143497470989056,0.3484752139103878
255,DBVPG_6093,6093,Rhodotorula,Rhodotorula mucilaginosa,Italy,unknown,3,3,90.0,10791.0,16132.666666666666,162736484.3333333,12756.82109043367,74.90617423611073,74.6735110040989,0.40227136004306674,0.6342486578961494,8.549336544114883,9.249889765041543,2.1153831215152032,1.454435671150568,0.6745632941776991,0.8095881150295803,0.16247568478568125,0.40308272697509784
264,DBVPG_6094,6094,Rhodotorula,Rhodotorula mucilaginosa,Italy,unknown,4,4,90.0,31303.5,29670.0,38069724.666666664,6170.066828379306,73.79976041678822,73.74417301367731,0.14323961886982253,0.3784701030065949,11.803751164834328,11.358966413720868,1.181373353733297,1.0869100025914276,5.085791328360806,5.028794772792253,0.24891749775465222,0.4989163233996781
300,DBVPG_6593,6593,Rhodotorula,Rhodotorula mucilaginosa,Italy,unknown,4,4,90.0,31799.5,47588.5,1728569840.3333333,41576.07293063323,74.70579684684483,74.82511804601177,1.3627427243229835,1.1673657200393472,9.761851233201487,7.897942334149484,19.008042133864084,4.359821341966215,1.8752728672783103,1.5969748451346881,1.2986015460087097,1.1395619974396785
309,DBVPG_6649,6649,Rhodotorula,Rhodotorula mucilaginosa,Italy,plant,4,4,90.0,23440.0,23068.5,16831889.666666668,4102.668603076133,77.36079350893581,77.02695880122553,1.6376673922183194,1.2797137930874698,8.838094423821719,8.803508479444014,0.04971181139867811,0.22296145720432964,2.8690645722633468,2.8641419162191206,0.010400432662650035,0.10198251155296204
315,DBVPG_6660,6660,Rhodotorula,Rhodotorula mucilaginosa,Italy,food,4,4,90.0,29817.5,48052.75,1704800390.9166667,41289.228509584274,76.03632181086991,75.99605573833989,0.7980422610107997,0.8933321112614276,8.45742612605266,6.789761524875885,11.766861757355064,3.4302859585397636,1.7094652354068984,1.572703731055483,0.4223656694429622,0.649896660587637
318,DBVPG_6741,6741,Rhodotorula,Rhodotorula mucilaginosa,Italy,soil,4,4,90.0,33036.0,30767.75,61300368.916666664,7829.455211996979,75.72765012487704,75.6568366285328,0.6518681981005985,0.8073835507988744,10.82382326074613,10.707341120405264,0.24685525079159074,0.4968452986509893,1.4325214123251717,1.4704320514485614,0.027870161234466118,0.1669435869821483
256,DBVPG_6742,6742,Rhodotorula,Rhodotorula mucilaginosa,Italy,unknown,4,4,90.0,31188.0,31964.75,7302154.250000003,2702.249849662315,75.92092184745138,75.6548860227578,0.3422123391590175,0.5849891786683045,10.167855438200354,10.209100734803418,0.07325823831890824,0.2706625912809309,0.8211151304087172,0.8747873867153255,0.10248987672635952,0.32014040158399176
265,DBVPG_6743,6743,Rhodotorula,Rhodotorula mucilaginosa,Italy,soil,4,4,90.0,28537.5,27160.0,70920848.66666667,8421.4516959172,75.90705716720646,75.6508017142395,0.9994004445726078,0.99970017733949,9.905630636454276,9.890169965331,0.45568943478128743,0.6750477277802566,1.58291930031208,1.6236422860455206,0.06846223862629962,0.2616528972251208
274,DBVPG_6803,6803,Rhodotorula,Rhodotorula mucilaginosa,Italy,soil,3,3,90.0,24640.0,24955.0,41618889.0,6451.270340018313,78.30747362080558,78.0710359107702,0.5349419278681249,0.7313972435469831,6.149225122035917,6.243430329058913,0.09612947073699424,0.310047529803084,0.37295183173255975,0.36907632443438826,0.03391552765066368,0.1841616888787233
283,DBVPG_7019,7019,Rhodotorula,Rhodotorula mucilaginosa,Italy,unknown,4,3,90.0,23614.5,24009.75,49941642.916666664,7066.940138183333,75.1391249522928,75.08687353171081,0.6095027272850665,0.7807065564506721,9.999369026130953,9.940249120873782,0.8485710434191572,0.9211791592405666,1.5778055280705694,1.5504230676912312,0.16879190347744086,0.4108429182515391
257,DBVPG_8043,8043,Rhodotorula,Rhodotorula mucilaginosa,Italy,water,4,4,90.0,30614.0,30784.0,13670600.0,3697.3774489494576,75.489082882443,75.36866812669183,0.9421268497392563,0.9706321907598451,10.261241968072639,10.22788591351869,0.054784229724844674,0.23406031215232684,0.9610808165425255,0.9370516555007369,0.07122734453683507,0.2668845153560526
334,JES-025-001,JES-025-001,Rhodotorula,Rhodotorula mucilaginosa,America,,8,8,90.0,31471.5,31184.375,98812054.83928572,9940.425284628707,76.26719800053226,75.80209401609922,1.6075014312293097,1.2678727977322133,8.725539851768023,8.715053012897233,0.8027120083433986,0.8959419670622638,2.8524491122505435,2.8945657659256883,0.2446652393103829,0.49463647187645077
322,NRRL_Y-2510,Y2510,Rhodotorula,Rhodotorula mucilaginosa,America,unknown,3,3,90.0,17133.0,16772.333333333332,14820129.333333334,3849.692108900832,74.34228301190606,74.50300013081643,3.852438371898718,1.9627629433782159,0.479598252157154,0.5015461278731018,0.07280912244338067,0.269831655747395,0.6125381045711364,1.260420538348635,2.2364464518987472,1.4954753264092147
32,TFCN_100D-1,100D-1 BY31-H3,Rhodotorula,Rhodotorula mucilaginosa,China,marsh_tidalflat,4,3,87.0,19845.5,20214.25,46104556.25,6790.033597118648,73.00390095147472,72.94229459595573,0.8496800069557825,0.9217808887993841,10.399488588960768,9.868404229016427,2.65390368238261,1.6290806248871201,5.064201734125673,5.080347025566251,0.044817209435530025,0.21170075445196226
99,TFCN_102C-1,102C-1,Rhodotorula,Rhodotorula mucilaginosa,China,marsh_tidalflat,4,4,90.0,28823.5,29700.75,58475701.583333336,7646.940668223688,74.31054901002894,74.59105388283031,0.4764050423904287,0.6902210098152828,10.036358991771605,10.322432400008076,0.9676756722218073,0.983705073800988,2.0136589908505864,2.076949858019425,0.26271801553911306,0.5125602555203759
4,TFCN_102C-2,102C-2,Rhodotorula,Rhodotorula mucilaginosa,China,marsh_tidalflat,4,4,87.0,30296.0,29515.25,57344715.583333336,7572.629370524702,76.29225395231327,75.62521583580723,2.380767693743929,1.5429736529649263,10.510515347391559,10.128510120383016,2.43049433096933,1.5590042754814144,1.268899588541622,2.1084362467549993,5.255040833430283,2.2923875835971286
20,TFCN_102D-1,102D-1 8130,Rhodotorula,Rhodotorula mucilaginosa,China,marsh_tidalflat,4,4,87.0,20491.5,20818.5,299232401.6666667,17298.335228185013,73.92831786550596,72.84609720217284,10.802563214558282,3.286725302570673,7.209034905266281,6.431843622484751,19.46147653706683,4.4115163534851405,4.004749855975898,3.0810945861615755,6.459823245728224,2.541618233670868
161,TFCN_102D-2,102D-2,Rhodotorula,Rhodotorula mucilaginosa,China,marsh_tidalflat,4,4,90.0,28002.5,27255.25,36937124.25,6077.591977913621,74.4473762608745,74.24263228878033,0.4884197699992381,0.6988703527831454,10.663652122468628,10.502851825248467,1.341380243850922,1.1581797113794223,3.3789416269737247,3.2942516428586557,1.3026844943249365,1.141352046620558
5,TFCN_105A-2,105A-2,Rhodotorula,Rhodotorula mucilaginosa,China,marsh_tidalflat,4,4,87.0,20151.5,19356.5,23377817.666666668,4835.061288822167,73.86012090380987,73.63374976445012,0.5634021836391946,0.75060121478665,9.439718520910912,9.743147990082218,4.326793992714477,2.0800947076309955,2.1723818213311654,2.9667990906237756,4.612926939619339,2.147772553046374
172,TFCN_106A-1,106A-1,Rhodotorula,Rhodotorula mucilaginosa,China,marsh_tidalflat,4,4,90.0,31685.5,43831.5,728272449.6666666,26986.523482410004,74.87388795538737,74.97702714863479,2.0088340224130454,1.4173334196345775,10.448029184058933,8.412781740645421,20.66264311363343,4.545618012287595,1.2988474224599533,1.2609011635897227,0.09823258946500024,0.31342078658729744
8,TFCN_107A-6,107A-6 BY31-B6,Rhodotorula,Rhodotorula mucilaginosa,China,marsh_tidalflat,4,4,87.0,20213.5,20743.0,28566438.0,5344.757992650369,73.73980330383992,73.88226612145942,2.1096166269868255,1.4524519362054036,10.396823752226531,10.271148090547175,0.20762419862662637,0.45565798426739584,5.33202278267233,4.262922252778095,5.086700379763356,2.25537145050729
41,TFCN_107C-3,107C-3,Rhodotorula,Rhodotorula mucilaginosa,China,marsh_tidalflat,4,4,87.0,23394.5,24325.5,47175645.666666664,6868.452931094939,74.54170820014447,74.69932800719334,0.7367545834721545,0.8583440938645495,9.602113407253658,9.725655176159844,0.6047659789332239,0.7776670103156131,2.6982366164423235,2.7417570601513064,1.002782240487414,1.0013901539796635
23,TFCN_110C-1,110C-1,Rhodotorula,Rhodotorula mucilaginosa,China,marsh_tidalflat,2,2,87.0,12500.0,12500.0,301596800.0,17366.542545941607,71.52118118449266,71.52118118449266,6.164279781605154,2.482796766069497,5.606710281652647,5.606710281652647,30.708539179647413,5.541528595942406,2.7624770747889604,2.7624770747889604,3.037118460322088,1.7427330433322505
50,TFCN_118C-2,118C-2 BY31-G1,Rhodotorula,Rhodotorula mucilaginosa,China,marsh_tidalflat,4,4,87.0,24385.0,24640.75,28154010.91666667,5306.035329383576,73.34472608998229,74.00567558322467,2.7788015840324634,1.666973780247447,10.203956161836281,9.976876879998043,2.0485024396565716,1.4312590400261482,4.608085108582083,4.300540503543718,1.5861747576901966,1.2594343006644675
11,TFCN_122C-2,122C-2  BY31-A2,Rhodotorula,Rhodotorula mucilaginosa,China,marsh_tidalflat,4,4,87.0,21641.0,20202.75,147135446.25,12129.940076109197,75.86813438172015,75.38079801362908,2.807335836419901,1.675510619608214,7.778587538205414,7.723697778737013,1.2262507900992523,1.1073620862659388,1.285596279763379,1.3331502237806965,0.34698897353862995,0.5890576996684026
14,TFCN_130D-4,130D-4 BY30-H7,Rhodotorula,Rhodotorula mucilaginosa,China,marsh_tidalflat,4,4,87.0,20250.0,18130.5,39075963.666666664,6251.07700053892,74.7006286064591,74.40374954884524,3.617781780767317,1.9020467346433203,9.240762135275553,8.756182152255693,2.467866148994846,1.5709443494264352,2.1166252812572672,2.3914920565094864,3.9360777908846174,1.9839550879202426
2,TFCN_134A-3,134A-3 BY30-D2,Rhodotorula,Rhodotorula mucilaginosa,China,marsh_tidalflat,4,4,87.0,26169.0,27206.25,33578950.916666664,5794.73475809434,75.36863476621826,75.29271721269683,1.4593031626655826,1.208016209603821,9.047471626181109,9.06152097400497,2.622363897635012,1.6193714514079258,2.1952588929748718,2.713466095474787,1.7275934606248677,1.3143794964259248
25,TFCN_137C-3,137C-3 BY30-I4,Rhodotorula,Rhodotorula mucilaginosa,China,marsh_tidalflat,4,4,87.0,15485.5,15436.25,160252218.25000003,12659.076516476232,74.08300836150298,73.62954604683837,7.78963354101293,2.7909914978395993,9.2986271190241,8.173162674215305,10.48637426864581,3.2382671706710378,1.116546358046966,1.1550106547025485,0.7095099934254302,0.8423241617248256
75,TFCN_137D-4,137D-4 BY30-H6,Rhodotorula,Rhodotorula mucilaginosa,China,marsh_tidalflat,4,4,87.0,25374.0,25412.75,29241888.25,5407.576929642333,75.11674145715271,74.99947637144686,0.20711594614394876,0.4550999298439286,9.429702746658164,9.441972848344449,0.535428352951581,0.7317296993778378,2.27185654479109,2.3163292711448484,1.2688555710798515,1.1264348942925426
73,TFCN_138A-1,138A-1 BY31-C1,Rhodotorula,Rhodotorula mucilaginosa,China,marsh_tidalflat,4,4,87.0,22666.0,24443.5,29792702.33333334,5458.269170106339,74.72385658106825,74.7624579783454,0.3930191541414365,0.6269123975017853,8.733061286834598,8.930141779674354,1.076191609695816,1.0373965537323786,2.2196535432241316,2.1324164796480694,0.7172463533452588,0.8469039811839704
64,TFCN_140A-3,140A-3 BY30-G2,Rhodotorula,Rhodotorula mucilaginosa,China,marsh_tidalflat,4,4,87.0,21451.0,21436.25,9307110.250000002,3050.755685072143,73.3825968294463,73.66736930347264,2.513678996806034,1.5854586077239714,9.828477731951086,9.659539515392266,1.637782157248038,1.2797586324178627,4.3116699729428944,3.6190933784485546,5.53963159473081,2.353642197686558
13,TFCN_141C-2,141C-2 BY30-H4,Rhodotorula,Rhodotorula mucilaginosa,China,marsh_tidalflat,4,4,87.0,20452.0,24888.25,103539341.58333333,10175.428324318014,74.81159764282805,74.84445014814172,0.20778921579836407,0.4558390239968097,9.290866646781595,9.296404907872049,0.5031679963999746,0.7093433557875725,1.7679611306588627,1.7471392105680745,0.799197641208962,0.8939785462800335
158,TFCN_152A-1,152A-1 BY32-H1,Rhodotorula,Rhodotorula mucilaginosa,China,marsh_tidalflat,4,4,90.0,36823.0,56449.0,2163569580.0,46514.18686809434,75.23442211785728,75.03946209592667,1.886802909693493,1.373609445837314,7.821669619172258,6.877243560527504,15.713726195828313,3.9640542624727417,2.543072537742397,2.4708803970794,1.069591046192474,1.0342103491033505
19,TFCN_152A-12,152A-12 BY32-A3,Rhodotorula,Rhodotorula mucilaginosa,China,marsh_tidalflat,4,4,87.0,27227.0,26051.75,24944765.583333332,4994.473504117659,74.51754168982193,74.57525218823791,0.18443136571142257,0.42945473068930395,10.028490240014134,9.885060436491802,0.2610029990431319,0.5108845261339708,2.604182682035411,2.8477152563935517,0.5997148371660971,0.7744125755474901
83,TFCN_152A-2,152A-2 BY32-I1,Rhodotorula,Rhodotorula mucilaginosa,China,marsh_tidalflat,4,4,87.0,19311.5,15592.5,112285218.99999999,10596.472007229575,73.26717029219498,73.10113428425369,3.733378997282943,1.9321953827920568,9.136882850671865,7.732566226292489,17.49398257359517,4.182580850813905,2.751023558571047,2.593451773880093,6.7286314108929615,2.5939605646372037
159,TFCN_152A-5,152A-5 BY32-C2,Rhodotorula,Rhodotorula mucilaginosa,China,marsh_tidalflat,4,4,90.0,25394.0,26038.25,6791016.916666668,2605.9579652532134,75.26052171640961,75.45364837423413,0.3799951927309111,0.6164375010744488,9.822639222086675,9.584553657346659,0.3453620913837272,0.5876751580454351,0.7119746416495654,0.8878446435570758,0.595492472169053,0.7716815872943017
150,TFCN_152C-5,152C-5 BY32-F3,Rhodotorula,Rhodotorula mucilaginosa,China,marsh_tidalflat,4,4,90.0,26501.0,26093.0,63826086.666666664,7989.123022376528,74.83157793249535,74.31694091329385,1.6412075961144186,1.2810962477949963,10.185892421778906,10.574427867371146,1.0437099612688656,1.021621241590476,4.290235841025303,4.192057483857262,1.4749522973672733,1.2144761411272242
117,TFCN_17-0-2E334-10,17-0-2E334-10 BY116-C8,Rhodotorula,Rhodotorula mucilaginosa,China,marsh_tidalflat,4,4,90.0,23379.0,24747.75,41217239.58333333,6420.065387777085,75.18065832899529,75.40040221011323,0.4321055390011029,0.6573473503415853,9.810625514468457,9.712158297990783,0.3827985876056461,0.6187071905236322,2.582238236907808,2.1464356175336348,1.4462253680959078,1.2025911059441226
126,TFCN_17-0-2E334-4,17-0-2E334-4 BY116-G7,Rhodotorula,Rhodotorula mucilaginosa,China,marsh_tidalflat,4,4,90.0,29944.5,28863.5,14168377.666666666,3764.0905497432796,76.00656730810513,75.66014098728716,0.7481316217298367,0.8649460224371441,9.667455681858602,9.82687203262455,0.5992565385334422,0.7741166181741884,3.1437806921419065,3.392928801066142,0.6554132582062068,0.8095759743261943
174,TFCN_17-0-2E337-3,17-0-2E337-3 BY117-H4,Rhodotorula,Rhodotorula mucilaginosa,China,marsh_tidalflat,4,4,90.0,29513.0,27867.25,41650122.25000001,6453.690591436811,75.24103599668895,75.08073131142152,0.5786948204736425,0.7607199356357388,7.5816924213865375,8.02433288742916,1.436548924151526,1.1985611891562007,3.735921989160751,3.869280567025821,0.2101793897969609,0.45845325802851583
54,TFCN_17-0-2E390-1,17-0-2E390-1 BY126-B7,Rhodotorula,Rhodotorula mucilaginosa,China,marsh_tidalflat,4,4,87.0,27713.5,29534.5,38131736.33333333,6175.089985849058,75.33243316861123,75.14479513129432,0.16332618206520286,0.4041363409360792,9.192420223393295,9.050111254145378,0.5946896057870196,0.7711612060957291,3.687404726251464,3.1928497333382793,1.457019031294033,1.2070704334437294
63,TFCN_17-0-2E390-2,17-0-2E390-2 BY126-C7,Rhodotorula,Rhodotorula mucilaginosa,China,,3,3,87.0,20655.0,24473.333333333332,62107314.33333334,7880.819394792228,73.01980973663916,73.0906481259518,0.8868920568317618,0.9417494660639643,9.03480757470071,9.235362335050494,3.025496486612445,1.7393954371023412,4.851321681502774,4.5954014811005175,0.8301666079069576,0.9111347912943274
36,TFCN_17-267M-1,17-267M-1 BY121-A4,Rhodotorula,Rhodotorula mucilaginosa,China,marsh_tidalflat,4,4,87.0,25780.5,26385.25,37736034.916666664,6142.9662962339835,75.35154059692607,74.83753815186458,2.6922048165765404,1.6407939592089376,7.8017494484732826,7.294934375311742,2.04848183949724,1.4312518434912984,3.4871571196124607,3.2248714267590657,0.46757331054465556,0.6837933244370374
1,TFCN_17-291Y-1,17-291Y-1 BY126-B8,Rhodotorula,Rhodotorula mucilaginosa,China,marsh_tidalflat,4,4,87.0,26216.5,25960.5,16981078.999999996,4120.810478534531,74.75296889266426,74.87528885395253,0.6327482987785954,0.7954547748166425,8.59838734839799,8.69227242727331,1.008625653704624,1.0043035665099593,3.9830438397110752,3.7306965820327775,0.755107538277127,0.8689692389705903
68,TFCN_17-325D-2,17-325D-2 BY116-B4,Rhodotorula,Rhodotorula mucilaginosa,China,marsh_tidalflat,4,4,87.0,25398.0,26072.0,21448528.666666668,4631.255625277736,74.27068377976053,74.17662987666759,1.0998599060457364,1.0487420588713587,10.126358946329322,10.10680955117943,0.4502655736088845,0.6710183109341238,2.575866490507761,2.633559611022992,0.9177182709362103,0.9579761327591676
143,TFCN_17-325D-4,17-325D-4 BY116-C4,Rhodotorula,Rhodotorula mucilaginosa,China,marsh_tidalflat,4,4,90.0,26983.5,28282.25,42357089.58333334,6508.232446934678,74.30816762380887,74.2222343302643,0.44449635137760063,0.6667055957299298,10.297657119174005,10.410332920273678,1.1652876263671719,1.07948488936491,2.247878571756945,2.3918839236195506,0.7295134521392628,0.8541155964734883
69,TFCN_17-325P-1,17-325P-1 BY117-E2,Rhodotorula,Rhodotorula mucilaginosa,China,marsh_tidalflat,4,4,87.0,24348.5,24722.5,38862369.666666664,6233.969013932188,74.0853598650572,74.25757631700719,2.5498534662206844,1.59682606010194,9.39696787912045,9.272924972645875,1.076569429302088,1.0375786376473293,2.458743992936585,2.12754596144189,0.7682187546894368,0.8764808923698433
7,TFCN_17-329Y-4,17-329Y-4 BY115-H8,Rhodotorula,Rhodotorula mucilaginosa,China,marsh_tidalflat,4,4,87.0,14219.5,16600.0,33420715.333333332,5781.065242092787,72.30786605234479,72.89935925623631,1.6782512101297113,1.2954733536934333,8.22396114391706,8.299672726226738,0.2540117484427578,0.5039957821676266,3.0457272949408365,3.164063211772902,1.0380222711271394,1.0188337799303375
209,TFCN_17-332C-1,17-332C-1 BY115-G4,Rhodotorula,Rhodotorula mucilaginosa,China,marsh_tidalflat,4,4,90.0,26115.5,25857.25,24654416.916666668,4965.321431354336,75.42537355231346,75.2289152236205,1.0822183893962192,1.0402972601118485,10.136153258871808,10.094274318655096,0.2991633640200664,0.5469582836195703,0.563009101598283,0.5346119087628887,0.005640512127982039,0.07510334298805905
135,TFCN_17-332C-2,17-332C-2 BY115-H4,Rhodotorula,Rhodotorula mucilaginosa,China,marsh_tidalflat,4,4,90.0,22666.0,22124.5,3439129.6666666665,1854.4890581145703,76.46805660471884,76.5260329478364,0.052896440338779306,0.22999226147585772,10.53835963948714,10.067493943673906,1.1185382691638648,1.0576096960428572,0.9491730694362988,1.3000559254395279,0.5918600405689359,0.769324405286181
190,TFCN_17-332M-1,17-332M-1 BY115-F4,Rhodotorula,Rhodotorula mucilaginosa,China,marsh_tidalflat,4,4,90.0,35553.0,35069.5,3499665.6666666665,1870.7393369111226,75.67306222016794,75.68752824218622,0.43883372864354114,0.6624452646396841,8.213368107007485,8.258204993620483,0.17787810732352105,0.42175598077978815,2.326385776782358,2.2742896121171894,0.11938764346505742,0.345525170523158
199,TFCN_17-332M-2,17-332M-2 BY115-F4,Rhodotorula,Rhodotorula mucilaginosa,China,marsh_tidalflat,4,4,90.0,32924.0,32867.25,6823066.916666667,2612.1000969845445,75.68684089600121,75.8091674208648,0.27753652884232866,0.5268173581444794,10.661786805101631,10.63834445255378,0.03908939072521634,0.1977103708084539,0.5127576419228397,0.7065010211535078,0.3881817439705282,0.6230423291964424
97,TFCN_17-332P-1,17-332P-1 BY115-D6,Rhodotorula,Rhodotorula mucilaginosa,China,marsh_tidalflat,4,4,90.0,22457.0,22524.25,69965384.91666667,8364.531362644691,75.96257388117559,75.41896721230671,5.401727673064431,2.3241617140518493,9.408124590844114,9.145404499340051,0.600930641830815,0.7751971631983795,0.2743345905196426,1.5303480995542824,7.194338833669931,2.6822264694969236
144,TFCN_17-332P-2,17-332P-2 BY117-G8,Rhodotorula,Rhodotorula mucilaginosa,China,marsh_tidalflat,4,4,90.0,26130.5,26413.25,40227917.583333336,6342.548193221186,75.28608289836517,75.35824808340556,0.03640875027701261,0.1908107708621623,9.562742134045275,9.693076708781591,0.32702334902048796,0.5718595535797998,0.7966416065011195,0.9086845051727105,0.2509041958454397,0.5009033797504662
134,TFCN_17-333D-2,17-333D-2 BY115-E6,Rhodotorula,Rhodotorula mucilaginosa,China,marsh_tidalflat,4,4,90.0,27759.5,26172.5,24589329.66666666,4958.762916964942,76.41379503116617,75.81370777297363,2.6207827740782,1.6188831872862848,10.012847491610882,10.085763800870145,0.5142611667175916,0.7171200504222369,0.7163294862531866,1.751109978530549,4.874249414163608,2.207770235817941
67,TFCN_17-333P-6,17-333P-6 BY118-E1,Rhodotorula,Rhodotorula mucilaginosa,China,marsh_tidalflat,4,4,87.0,26231.0,26370.25,11722784.916666664,3423.8552709871756,74.31944740102534,74.37316275308433,0.17628669043871517,0.4198650859963414,9.395503478801526,9.212189218203008,0.17804224480101735,0.4219505241151116,2.9820849469229915,2.775723393892024,0.619981669043558,0.7873891471461605
164,TFCN_17-334C-1,17-334C-1 BY117-A6,Rhodotorula,Rhodotorula mucilaginosa,China,marsh_tidalflat,4,4,90.0,22648.0,22775.5,14092235.666666666,3753.9626618636826,76.6357020270369,76.32248177740772,1.850259448045582,1.360242422528272,9.118876576229464,8.446906202759987,4.1299206218119435,2.032220613469892,0.8790594414951614,0.9610439628022965,0.6430978529401836,0.8019338207983148
125,TFCN_17-334D-6,17-334D-6 BY115-E2,Rhodotorula,Rhodotorula mucilaginosa,China,marsh_tidalflat,4,4,90.0,30417.0,29694.5,56560617.0,7520.679291127896,76.65096592391167,76.51841359839236,1.9073541055729943,1.3810699133544957,7.461606472345339,7.579578138021757,1.3791060729676428,1.1743534701986633,2.578364824250551,2.9405504744494357,0.9119713630862574,0.9549719174333124
6,TFCN_17-334Y-2,17-334Y-2 BY116-B9,Rhodotorula,Rhodotorula mucilaginosa,China,marsh_tidalflat,4,4,87.0,19233.5,21529.0,99504718.0,9975.205160797446,74.33905383651879,74.32807003197877,0.5297590846484947,0.7278455087781299,9.34702595078106,9.219397936302796,2.85464003250393,1.6895680017400692,1.7495987886788744,1.9118590856096573,1.317964056625937,1.1480261567690595
39,TFCN_17-334Y-3,17-334Y-3 BY116-C9,Rhodotorula,Rhodotorula mucilaginosa,China,marsh_tidalflat,4,3,87.0,26075.5,25621.5,31356401.666666668,5599.678711021434,74.90198507324544,74.42868460908545,1.5679188973537581,1.2521656828685883,9.5554865714918,9.385610017790341,0.43119549792740813,0.656654778348112,4.234253988063702,4.214161556641008,0.3403533222856021,0.5833980821751149
163,TFCN_17-334Y-5,17-334Y-5 BY116-E9,Rhodotorula,Rhodotorula mucilaginosa,China,marsh_tidalflat,4,4,90.0,24180.5,26226.75,77065102.91666667,8778.673186573622,75.08384233560037,74.79826801747177,1.8357404740359697,1.3548950048014679,6.811877851259973,6.762165538376628,0.6542481695883766,0.8088560870688781,3.55597495632366,3.676327755538247,0.1917906170246836,0.4379390562905798
24,TFCN_17-337P-5,17-337P-5 BY116-B7,Rhodotorula,Rhodotorula mucilaginosa,China,marsh_tidalflat,4,4,87.0,27494.0,27077.0,56387918.66666668,7509.188948659281,75.15352691683552,75.18801705981467,0.30656098187463987,0.5536794938180751,9.811246906528723,9.46033495025339,1.118667199457309,1.0576706479132854,2.4964229682829906,2.5597038076223626,0.5923754622388105,0.7696593156967637
62,TFCN_17-338D-3,17-338D-3 BY116-B5,Rhodotorula,Rhodotorula mucilaginosa,China,marsh_tidalflat,3,3,87.0,22157.0,22626.0,25712941.0,5070.792936020954,72.71592758545881,73.15525123175618,0.7674179192782814,0.876023926201951,9.808736266729344,9.287809001486439,1.2061750318275195,1.0982600019246442,2.6579342301311315,2.765966573503087,0.0810447385249506,0.2846835761419169
9,TFCN_17-390M-1,17-390M-1 BY126-D7,Rhodotorula,Rhodotorula mucilaginosa,China,marsh_tidalflat,4,4,87.0,27773.0,28606.0,8443233.999999998,2905.7243503126715,74.38723213754474,74.16035731705512,0.9602437046872273,0.9799202542488993,9.654760337458642,9.895584100910993,1.689749149029831,1.2999035152771268,3.7571157945271274,3.8149580059951917,0.4070575012459802,0.6380105808260395
55,TFCN_172A-1,172A-1 BY40-A6,Rhodotorula,Rhodotorula mucilaginosa,China,marsh_tidalflat,4,4,87.0,22872.0,23414.5,14896826.999999998,3859.6407863945055,74.92320850834746,74.97091661679534,0.9824522797611115,0.991187308111394,8.361291802593666,8.550310256135486,0.8968591544704084,0.9470264803427666,2.8708299773947954,3.138402615516095,1.4411058367027014,1.2004606768664692
45,TFCN_17Y-278-1,17Y-278-1 BY126-D5,Rhodotorula,Rhodotorula mucilaginosa,China,marsh_tidalflat,4,4,87.0,23910.0,19670.5,184158291.66666666,13570.49342016224,74.875109102799,74.39485741299589,5.589309363455599,2.3641720249287275,7.5535832644097605,6.922813843391725,13.925122506388611,3.731638046004544,3.5257034603575264,3.0174352412616456,3.375175643896384,1.8371651106790547
304,TFCN_17_332M_1,17-333M-1,Rhodotorula,Rhodotorula mucilaginosa,China,,4,4,90.0,31948.0,31206.25,25545046.916666668,5054.210810469491,75.68643178591337,75.50644418296724,0.9185482692405587,0.9584092389165281,8.73084175580148,8.787436117796796,0.5161171967456474,0.7184129708918453,3.616295918667378,3.4398039485270178,0.21268933047599456,0.46118253487745453
183,TFCN_181A-1,181A-1 BY39-F5,Rhodotorula,Rhodotorula mucilaginosa,China,marsh_tidalflat,4,4,90.0,24220.0,23475.5,14780296.999999994,3844.5151839991468,75.22430208473591,74.81464388333296,1.8326815761020798,1.3537657020703693,10.111904635583258,9.973942710850391,0.387360443411094,0.6223828752553319,1.474598155101925,1.6812541724659402,0.639405221082067,0.7996281767684696
52,TFCN_1A-14,1A-14,Rhodotorula,Rhodotorula mucilaginosa,China,,4,4,87.0,26973.5,26248.0,197946384.66666666,14069.34201256998,74.7686163428412,74.42715691923898,0.6532957572780608,0.8082671323752196,7.872095292700637,8.190739486479728,0.8135707689904175,0.901981579074882,3.48380086981725,3.212745778598153,3.8747735951132696,1.968444460764202
235,TFCN_209-6-1,209-6-1 BY42-F9,Rhodotorula,Rhodotorula mucilaginosa,China,marsh_tidalflat,4,4,90.0,31883.5,31922.25,19523214.25,4418.508147553877,73.6599364101279,73.22032831440863,1.0136820511803486,1.0068177844974475,10.858880904964813,10.887393743718617,0.29617651475897416,0.5442210164620384,5.346500828074246,5.314885472232648,0.10076537706705378,0.3174356266505916
22,TFCN_209-6-11,209-6-11 BY43-G1,Rhodotorula,Rhodotorula mucilaginosa,China,marsh_tidalflat,4,4,87.0,15768.5,15545.25,8346743.583333336,2889.0731356844076,74.29761623294239,74.27087705621364,2.3322999227834385,1.5271869311853865,8.330160722570938,8.268313632843652,1.0383847714219727,1.0190116640264588,1.7387388034440454,2.071408310391118,3.692383809978962,1.9215576520049984
236,TFCN_209-6-12,209-6-12 BY43-H1,Rhodotorula,Rhodotorula mucilaginosa,China,,4,4,90.0,29527.5,28842.0,14012151.33333333,3743.2808248023994,76.62759924923189,76.31009596917457,0.9804717307582783,0.9901877250088885,9.14229770901387,9.20846763965802,0.14703167826222646,0.3834470996920259,0.7996322274593348,0.8279460459883786,0.03778723932566216,0.19438940126885046
200,TFCN_209-6-14,209-6-14 BY43-A2,Rhodotorula,Rhodotorula mucilaginosa,China,,4,4,90.0,27831.0,27295.0,21995418.666666668,4689.927362621586,75.51720498024991,75.836533997054,1.5601048334877696,1.2490415659567817,9.216582897752374,9.036398906774116,0.3830482604512309,0.6189089274289319,0.9358893867519535,1.1227044967437372,0.21210782204981882,0.46055164970914914
74,TFCN_209-6-17,209-6-17 BY43-D2,Rhodotorula,Rhodotorula mucilaginosa,China,marsh_tidalflat,4,4,87.0,23657.0,23355.75,11060496.249999998,3325.732438125472,75.90959049637249,75.75601001174678,2.293658152574405,1.5144828003560835,8.707167752598334,8.696202095085122,0.27095778395604175,0.5205360544247072,1.6399162053795713,1.5473002030307352,0.6999896349529063,0.8366538322107335
77,TFCN_209-6-2,209-6-2 BY42-G9,Rhodotorula,Rhodotorula mucilaginosa,China,,4,4,87.0,20138.5,23150.75,57650336.916666664,7592.781895765653,74.42069347421042,74.40434915584513,2.0362219051667028,1.4269624750380447,8.987049605240799,8.806824751862493,0.3582352101473911,0.5985275349951672,1.7979849295229056,1.7129519092967866,0.23400604628661426,0.4837417144371718
107,TFCN_209-6-4,209-6-4 BY42-I9,Rhodotorula,Rhodotorula mucilaginosa,China,,4,4,90.0,32541.0,32813.75,33596582.25,5796.255882032814,77.51222881652052,77.43413984971095,0.1414352697499269,0.37607880789792836,8.962953317563027,8.861455405857782,0.20885819425330834,0.45701005924739596,1.0047938137696777,1.4548304139622492,1.3356850568120187,1.1557184158833926
66,TFCN_209-6-5,209-6-5 BY43-A1,Rhodotorula,Rhodotorula mucilaginosa,China,marsh_tidalflat,4,4,87.0,22688.0,22049.75,37585964.916666664,6130.739345027373,74.47559060159583,74.70687105151882,2.8054911594509755,1.6749600471208188,9.18039543399425,9.202939480112589,0.19745213368463896,0.4443558637900922,1.872983901604569,2.6465767886688947,2.7743771540594673,1.6656461671253795
53,TFCN_211A-3,211A-3 BY37-B3,Rhodotorula,Rhodotorula mucilaginosa,China,marsh_tidalflat,3,3,87.0,20627.0,21255.0,40580197.0,6370.258785952106,74.52690720310552,74.71568512176205,0.6441730073698226,0.8026038919478417,11.214153132544757,10.174256748458852,8.216686729962957,2.8664763613124316,4.889152050109491,3.361542631740185,8.33353048089078,2.88678549270478
26,TFCN_212C-2,212C-2 BY39-G3 ,Rhodotorula,Rhodotorula mucilaginosa,China,marsh_tidalflat,4,4,87.0,21575.0,21223.25,4772676.916666667,2184.6457187989695,75.192418225376,75.11249813198218,0.38219209930841336,0.618216870773043,9.56231396943881,9.424781111059218,0.4277155930877725,0.6539996889049509,1.7919917761336224,1.8896112829129978,0.4954184241368189,0.7038596622458335
104,TFCN_213-6-2,213-6-2 BY42-B6,Rhodotorula,Rhodotorula mucilaginosa,China,marsh_tidalflat,4,4,90.0,26309.0,25377.5,25298094.333333343,5029.721098960989,75.23493182520997,75.4988217918904,0.806412404114723,0.8980046793389904,10.356276167670583,10.344732778181639,0.42316362668659274,0.6505102817685458,1.1678913753048858,1.894465025746808,2.968431656465676,1.7229137112652149
131,TFCN_213-6-4,213-6-4 BY42-C6,Rhodotorula,Rhodotorula mucilaginosa,China,marsh_tidalflat,4,4,90.0,18567.0,21138.25,108590806.25,10420.69125586206,74.0522955201279,74.10713108611642,1.7933916749808787,1.3391757446208763,9.437416675962734,9.232676733316111,0.3126311538032693,0.559134289597114,1.6436667427228158,1.8072845340635273,1.7014421897231398,1.3043934183071992
65,TFCN_223A-8,223D-8 BY35-B9,Rhodotorula,Rhodotorula mucilaginosa,China,marsh_tidalflat,4,4,87.0,19751.5,18842.25,6708714.249999997,2590.1185783666347,75.42071079408649,75.31341547325495,0.6988481058786628,0.8359713546998263,7.90768765737071,7.817022235924107,6.0238741231990405,2.454358189669764,1.482839920716006,1.5261008751615235,0.028208457719774194,0.16795373684373383
56,TFCN_22C-4,22C-4,Rhodotorula,Rhodotorula mucilaginosa,China,marsh_tidalflat,4,4,87.0,19264.0,22553.25,88922407.58333334,9429.867845486137,73.79471518981178,73.68066803661415,0.8182364262286685,0.904564218963291,9.115720811435398,8.829657234079704,0.41733085457571817,0.6460114972473154,4.168452587036437,4.155082115025219,0.05033398354191552,0.2243523646898234
115,TFCN_25-0-2E332-1,25-0-2E332-1 BY119-E3,Rhodotorula,Rhodotorula mucilaginosa,China,marsh_tidalflat,3,3,90.0,27945.0,26922.666666666668,19876404.33333334,4458.296124455322,76.34656949497288,76.3377769998997,0.041659314923999866,0.20410613641926562,9.41082436015389,9.426730426158427,0.01221298377280026,0.11051236932036278,0.5763496635140308,0.5078168252768522,0.07371652005874338,0.2715078637143745
217,TFCN_25-0-2E333-1,25-0-2E333-1 BY120-A4,Rhodotorula,Rhodotorula mucilaginosa,China,marsh_tidalflat,4,4,90.0,33299.5,33785.25,6802996.916666664,2608.2555313210137,74.16081096894641,74.3723846452312,0.3885747768162689,0.6233576636380345,9.79652337486679,9.626493432141453,0.26126347130488353,0.5111393853978419,3.15288977295749,3.135158404865745,0.006040472689965913,0.07772047793191904
153,TFCN_25-0-2E333-5,25-0-2E333-5 BY120-E4,Rhodotorula,Rhodotorula mucilaginosa,China,marsh_tidalflat,4,4,90.0,42174.0,38443.5,205708083.0,14342.527078586952,73.89792299805192,73.96429549747045,1.9314778711035954,1.3897761946096197,9.112352256678516,7.868198681218005,12.755142977543693,3.5714343025658044,3.735359963506646,3.666331221385022,1.7517581299953318,1.3235399993937969
129,TFCN_25-0-2E333-7,25-0-2E333-7 BY120-A7,Rhodotorula,Rhodotorula mucilaginosa,China,marsh_tidalflat,4,4,90.0,24189.0,24871.5,51361931.666666664,7166.723914500032,74.77676661945421,74.70550738680905,3.137694095155355,1.7713537464762241,9.823587723805705,9.320561720362594,3.906797962839402,1.9765621575957084,2.6371120677701585,3.043296829302808,2.147484534761056,1.4654298122943508
116,TFCN_25-0-2E333-9,BY120-C1 (BY120-C7) 25-0-2E333-9,Rhodotorula,Rhodotorula mucilaginosa,China,marsh_tidalflat,4,4,90.0,23519.0,24101.5,62124155.666666664,7881.887823780967,73.879961823971,73.45253206086005,1.7120386090699764,1.3084489325418767,10.324479105375012,10.466916851195565,1.6310957202415466,1.2771435785539331,4.869714877324127,4.903201312708489,0.6103362636393935,0.7812402086678549
218,TFCN_25-0-2E334-1,25-0-2E334-1 BY118-A8,Rhodotorula,Rhodotorula mucilaginosa,China,marsh_tidalflat,4,4,90.0,35878.5,37127.0,13620815.33333333,3690.638878748953,75.35363223931438,75.41735846904959,0.7122961529799277,0.8439763936153236,8.401128038592415,8.306428246162533,0.08656561743937387,0.2942203552430964,3.3833671657439615,3.3400464789700988,0.03710886505231352,0.19263661399721893
27,TFCN_25-0-2E390-1,25-0-2E390-1 BY126-F3,Rhodotorula,Rhodotorula mucilaginosa,China,marsh_tidalflat,4,4,87.0,19924.5,20874.25,127479478.25,11290.681035703736,73.77180910752446,73.9696463527854,0.4462921862947545,0.6680510356961917,8.455547256485271,8.509117687172726,0.227815143673609,0.47729984671442016,2.7385763931318197,2.4574095158711007,2.5296865964529,1.590498851446583
60,TFCN_25-325Y-1,25-325Y-1 BY120-D6,Rhodotorula,Rhodotorula mucilaginosa,China,marsh_tidalflat,4,4,87.0,21539.0,20247.5,11514289.666666666,3393.271233878404,73.28472971827597,73.10638102870345,6.018027987640707,2.4531669302435795,9.096004550472811,9.105830937219908,1.2421666343674331,1.1145252955260518,2.2604398720294405,2.7594938772296125,3.782417280011964,1.9448437675072936
162,TFCN_25-327D-1,25-327D-1 BY119-D5,Rhodotorula,Rhodotorula mucilaginosa,China,marsh_tidalflat,3,3,90.0,29267.0,27698.666666666668,50029174.33333333,7073.130447922852,73.50937486543455,73.65310728954104,0.14242019815713544,0.3773860068380059,10.158761958311334,9.960794366840293,0.6432128785669934,0.8020055352471037,4.477578341505561,4.537064285162107,0.3091238509408422,0.5559890744797439
47,TFCN_25-331D-1,25-331D-1 BY119-D1,Rhodotorula,Rhodotorula mucilaginosa,China,marsh_tidalflat,3,3,87.0,25072.0,24458.333333333332,142738600.3333333,11947.326074621606,74.61107439707378,74.96155518496357,0.8040020176671718,0.8966615959586827,9.45419128548808,8.26611576515358,6.426773689843473,2.535108220538814,4.047940443474762,4.084010501193158,0.007675183201755669,0.08760812292108346
38,TFCN_25-332C-1,25-332C-1 BY119-C2,Rhodotorula,Rhodotorula mucilaginosa,China,marsh_tidalflat,4,4,87.0,20892.0,22937.75,40900356.916666664,6395.338686626898,74.08226052113967,74.12477985310505,1.8923350789292661,1.3756217063310923,10.004710189825044,10.119954891671098,0.13227095739865918,0.3636907441751291,3.4553055764525276,3.351937923394571,4.378378516929337,2.0924575304959805
181,TFCN_25-332D-1,25-332D-1 BY119-H1,Rhodotorula,Rhodotorula mucilaginosa,China,marsh_tidalflat,4,4,90.0,28167.5,26890.0,18012150.000000004,4244.0723368010595,75.97233690819284,75.89610569293113,0.4226632909228045,0.6501255962679862,10.357749950140521,10.283041659196023,0.24771813426058895,0.4977129034499597,0.5548016508535092,0.5784106636970404,0.014228173935614015,0.11928190950690727
29,TFCN_25-332D-2,25-332D-2 BY119-I1 8/30,Rhodotorula,Rhodotorula mucilaginosa,China,marsh_tidalflat,4,4,87.0,15259.0,14662.75,136276807.58333334,11673.765784156085,75.40892702809748,74.41900775474727,9.532480440385434,3.087471528676084,6.627615758148436,5.611865623330194,9.920573112211889,3.1496941299453014,0.5824115433635535,0.5763672595041153,0.06167731748347193,0.2483491845838676
208,TFCN_25-332M-1,25-332M-1 BY119-D2,Rhodotorula,Rhodotorula mucilaginosa,China,marsh_tidalflat,4,4,90.0,24436.0,24888.0,11191894.666666666,3345.4289211798637,74.79142290002176,74.86559470954073,1.466641733707985,1.2110498477387233,9.655054103747174,9.477328999089485,0.47703942561918317,0.6906804077279036,1.6176670845256202,1.4856665767820965,0.7431588940601271,0.8620666413103613
108,TFCN_25-332M-2,25-332M-2 BY119-E2,Rhodotorula,Rhodotorula mucilaginosa,China,marsh_tidalflat,4,4,90.0,27630.0,28730.25,41473030.916666664,6439.955816359819,75.22880368157375,75.08473736150114,1.2635403907723222,1.1240731251890699,10.001556043229623,9.514939886047562,4.432208995949968,2.105281215408043,3.5655917386325617,3.710312328548823,0.3963940740366314,0.6295983434195419
78,TFCN_25-332P-2,25-332P-2 BY119-B2,Rhodotorula,Rhodotorula mucilaginosa,China,marsh_tidalflat,4,4,87.0,23114.5,23810.75,95102754.24999999,9752.06410202476,74.68606740017253,74.26846739015099,1.34592259784697,1.1601390424630016,8.450632832369575,8.435284874304866,0.0674158493242476,0.2596456225786362,2.639021316056339,2.290982545437109,2.227408463088144,1.4924504893255734
58,TFCN_25-332Y-1,25-332Y-1 BY119-F3,Rhodotorula,Rhodotorula mucilaginosa,China,marsh_tidalflat,4,4,87.0,24347.0,23343.5,30130204.33333334,5489.098681325864,74.6236565533255,74.83616055157034,1.3727912008655208,1.1716617262954017,10.263315636527519,9.713717569303412,4.827104180556595,2.197067177069603,2.329316339959414,2.7352454724795052,5.305463232408637,2.303359119288314
48,TFCN_25-333C-2,25-333C-2 BY120-H5,Rhodotorula,Rhodotorula mucilaginosa,China,marsh_tidalflat,4,4,87.0,25830.0,24684.5,56937512.333333336,7545.694953636367,73.58725538616913,73.84799219288352,3.2701740059311035,1.8083622441123635,9.263451257527185,9.047024451086793,5.214342944669606,2.283493583233727,5.312631468433743,4.580638329642234,4.121224273425006,2.0300798687305397
182,TFCN_25-333P-2,25-333P-2 BY120-E3,Rhodotorula,Rhodotorula mucilaginosa,China,marsh_tidalflat,4,4,90.0,24990.5,24981.0,16869666.0,4107.269896171909,74.89979736165483,74.59425810924222,1.0628204566300237,1.0309318389835593,9.956919035546491,9.828843184709514,0.4772552760287702,0.6908366493092055,3.827901286818264,3.8890533004562413,0.18041327008038852,0.42475083293666244
86,TFCN_25-333Y-10,25-333Y-10 BY120-D8,Rhodotorula,Rhodotorula mucilaginosa,China,,4,4,87.0,24226.5,22231.0,54792316.666666664,7402.183236496288,74.29027546066497,74.14092486226097,2.1241788292502193,1.4574562872519434,6.43821907714956,6.800916356256403,5.740038070381985,2.395837655264226,3.242681397168651,3.263591428902499,2.0953486326131037,1.4475319107408664
59,TFCN_25-333Y-9,25-333Y-9 BY120_C8,Rhodotorula,Rhodotorula mucilaginosa,China,marsh_tidalflat,4,4,87.0,25468.0,26262.0,19205542.666666664,4382.412881811419,75.33472410135033,74.91157583763358,2.115941929058294,1.4546277630577158,10.278064733359933,9.974169045446388,0.5844083609874674,0.7644660626786957,2.6707720958013215,2.4241988136234847,2.087974490783949,1.4449825226569175
51,TFCN_25-334D-3,25-334D-3 BY118-F7,Rhodotorula,Rhodotorula mucilaginosa,China,marsh_tidalflat,3,3,87.0,24792.0,24626.666666666668,2204985.333333332,1484.9193019599861,73.9494660862077,74.54847401672009,1.135211238472157,1.065462922148001,10.728190559712942,9.883880179643496,5.86183196459903,2.4211220466137244,4.07054086230324,3.914325216258422,0.46728805143737057,0.6835847068486616
227,TFCN_25-334Y-6,25-334Y-6 BY118-F9,Rhodotorula,Rhodotorula mucilaginosa,China,marsh_tidalflat,4,4,90.0,23102.0,24020.5,12127183.0,3482.4105157203967,73.99686935129395,73.93291953250399,0.06047354555801989,0.24591369534456572,10.839918417682226,10.834890983751706,0.710058284773682,0.8426495622580492,5.130622056449202,5.149307667173833,0.05855883524361719,0.24198932878045923
130,TFCN_25-335Y-1,25-335Y-1 BY120-I4,Rhodotorula,Rhodotorula mucilaginosa,China,,4,4,90.0,26386.0,41378.75,1150582488.25,33920.23714908255,75.81927214657051,75.46857405460793,2.4285481412849177,1.5583799733328576,7.082583172971613,5.8736283546372485,8.276473435306727,2.8768860657500372,-0.13270759026857704,0.11499518543423848,0.34736953785380575,0.589380639191521
152,TFCN_25-337M-3,25-337M-3 BY119-F9,Rhodotorula,Rhodotorula mucilaginosa,China,marsh_tidalflat,4,4,90.0,21583.0,23853.5,59030852.333333336,7683.15380122859,74.77529279007427,74.85341364671953,2.0015543397643505,1.414762997736494,9.40367374460309,9.547827550407263,0.30820666175217165,0.5551636351132625,1.781889096906053,2.086293006306522,3.4543601209482566,1.8585908966064202
76,TFCN_25-337Y-1,25-337Y-1 BY118-I8,Rhodotorula,Rhodotorula mucilaginosa,China,marsh_tidalflat,4,4,87.0,21752.5,21267.75,18539452.916666668,4305.746499350219,73.96362360097315,73.99578648953943,0.6479180283039497,0.8049335552105836,9.721731482783337,9.853548469334207,0.9650357249163033,0.98236231855477,2.058168172411323,2.7003227287309697,1.9943284970265047,1.4122069597004911
18,TFCN_25-395P-1,25-395P-1 BY126-F2,Rhodotorula,Rhodotorula mucilaginosa,China,marsh_tidalflat,4,4,87.0,24796.0,24493.25,76842320.25,8765.975145413087,75.968914731084,75.60438523896633,2.3833841904637945,1.5438212948601902,8.413791190710118,7.795287683754323,4.624617104222366,2.150492293458027,3.666282673768251,3.566436050957314,1.284841785157166,1.133508617151703
40,TFCN_270H-1,270H-1 BY113-D3,Rhodotorula,Rhodotorula mucilaginosa,China,marsh_tidalflat,4,4,87.0,29370.5,32147.75,106487252.91666667,10319.26610358831,74.98371543671026,74.60255474064036,4.583983666890405,2.1410239762530465,9.105480061987443,8.748339300567496,5.669374205489471,2.3810447718364034,4.739427431891791,4.712876975591914,0.769659671097498,0.8773024969173963
49,TFCN_270H-2,270H-2 BY113-D4,Rhodotorula,Rhodotorula mucilaginosa,China,marsh_tidalflat,4,4,87.0,21113.5,22065.25,40880253.583333336,6393.766775800736,71.87393164368616,72.30309909881296,1.672312743288271,1.2931793159837777,10.72297646870486,11.026745969927802,8.235246779037514,2.869711967957327,5.55419713689021,5.643400960085201,3.278541958797534,1.8106744485957529
106,TFCN_273H-1,273H-1 BY113-C3,Rhodotorula,Rhodotorula mucilaginosa,China,marsh_tidalflat,4,4,90.0,24801.0,24867.5,3767385.6666666665,1940.975442056562,74.3388718802679,74.25006307880696,1.6751650050060611,1.2942816559798958,10.579035058817215,10.618847464592704,0.279327052026694,0.5285140036240232,4.611047181694472,4.569414500905302,0.48383243462726716,0.6955806456675366
30,TFCN_2M-1-4,2M-1-4 BY8-B3 8/30,Rhodotorula,Rhodotorula mucilaginosa,China,marsh_tidalflat,4,4,87.0,20568.0,21401.5,65091209.666666664,8067.912348722355,72.43415806962346,72.87048970554847,2.6572905262852724,1.6301197889373873,10.51974220981941,10.15460138635818,3.3756907747853755,1.8373053025519126,5.167543060667601,4.700028945668458,2.307527711658712,1.519054874472516
296,TFCN_2M_1_3,2M-1-3 BY8-A3,Rhodotorula,Rhodotorula mucilaginosa,China,,4,4,90.0,24813.5,25166.25,7098640.916666665,2664.327479246248,74.45682654280338,74.41226205303113,0.4426916736511714,0.6653507899230086,10.901059644525299,10.742370134875507,0.5494350796563306,0.741238881640953,5.028975364486055,4.956264249758485,0.08881251852385282,0.29801429248251304
42,TFCN_33A-4,33A-4,Rhodotorula,Rhodotorula mucilaginosa,China,marsh_tidalflat,4,4,87.0,18496.0,16221.25,133876364.91666667,11570.495448193507,74.0828911986772,73.79379769704678,7.158646343239507,2.675564677453996,4.184290005517011,3.8624235362847843,4.500008216120967,2.121322280117042,2.5890827315702305,2.3452668664373757,4.8198890791100215,2.195424578324207
33,TFCN_340-1,340-1 BY110-D1,Rhodotorula,Rhodotorula mucilaginosa,China,marsh_tidalflat,4,4,87.0,18299.5,20478.5,31050186.999999996,5572.26946584603,73.21001655848288,73.30608553070492,0.6636787475117185,0.8146648068449492,8.663105553519816,8.572905594449079,1.7786423637979027,1.3336575136810436,4.560005558281055,4.002520772961027,2.849790597264224,1.6881322807363834
31,TFCN_340-3,340-3 BY110-F1,Rhodotorula,Rhodotorula mucilaginosa,China,marsh_tidalflat,4,4,87.0,16908.5,18484.25,41031925.583333336,6405.61672154472,73.01811624681116,72.96617831505125,1.1419343100157848,1.0686132649447062,9.908228271343036,9.504308599217755,6.538010962854417,2.556953453400045,4.771336146399296,4.279478788798305,3.575571022848546,1.8909180370519887
148,TFCN_342-3,342-3 BY110_B2,Rhodotorula,Rhodotorula mucilaginosa,China,marsh_tidalflat,4,4,90.0,25243.5,25307.25,80694439.58333333,8983.00838156869,75.44903927134342,75.26784502254384,1.795133165857252,1.3398257968322793,9.604451608004759,9.713734406271332,0.4666603819765536,0.6831254511263313,0.994385052702984,1.7047447121427393,3.6271923887691138,1.9045189389368418
127,TFCN_363-1-2,363-1-2 BY110-A6,Rhodotorula,Rhodotorula mucilaginosa,China,marsh_tidalflat,4,4,90.0,26267.0,25953.5,33001107.0,5744.658997712571,74.11000537284431,74.41176333888745,1.9703539619890915,1.403692972835973,10.989654967235863,10.66467356661148,1.6681672722833494,1.2915755000321698,4.946551135076471,4.383312931628938,2.6947166793326254,1.6415592219998112
15,TFCN_3M-1-1,3M-1-1 BY8-B4,Rhodotorula,Rhodotorula mucilaginosa,China,marsh_tidalflat,4,4,87.0,27767.0,30129.75,159962776.91666666,12647.639183526175,74.08778857019475,74.15349875197018,1.5099949846336156,1.228818532019116,9.063146286743512,9.273300961405619,2.267505347293291,1.505823810176108,3.512886462251963,3.8122311654989085,0.8521399959783772,0.9231142919370153
100,TFCN_404D-1,404D-1 BY123-F4,Rhodotorula,Rhodotorula mucilaginosa,China,marsh_tidalflat,4,4,90.0,28171.5,30168.25,77124478.25,8782.054329711244,74.6337344074591,74.74550187945358,0.45501956758520673,0.674551382464825,9.45282396608943,9.025276842749257,1.743190457141913,1.3202993816335418,3.4784142522167327,3.376781553198202,0.34200180819345166,0.5848092066592759
21,TFCN_4M-1-2,4M-1-2 BY8-D4,Rhodotorula,Rhodotorula mucilaginosa,China,marsh_tidalflat,3,3,87.0,21650.0,20846.666666666668,40388497.333333336,6355.1945157747405,72.7776105714081,73.99582128984417,5.185089630708797,2.2770791885019714,9.03717838044357,8.850559779363442,0.8371333477513118,0.9149499154332502,5.217568165910002,3.833025835298835,7.591560326566125,2.755278629570179
12,TFCN_4M-1-3,4M-1-3,Rhodotorula,Rhodotorula mucilaginosa,China,marsh_tidalflat,4,4,87.0,24292.0,21601.25,70682944.91666667,8407.31496475936,74.81997122153862,73.77307757934076,4.90432158313894,2.214570293113077,9.84033553376057,9.100680414279388,2.903907105551412,1.7040854161547807,2.614883361786152,2.767698913536962,1.003763423287477,1.0018799445479867
98,TFCN_4M-1-4,4M-1-4 BY8-F4,Rhodotorula,Rhodotorula mucilaginosa,China,marsh_tidalflat,4,4,90.0,29282.0,28269.25,86495518.25,9300.296675375468,76.17244910185025,75.99183650482624,1.1768296877193556,1.0848178131462238,10.209383540418283,10.027814838553688,1.517696889378006,1.2319484118168285,1.0502039879307479,1.8070076968530024,2.890353638929431,1.7001040082681502
89,TFCN_4M-1-5,4M-1-5 BY8-G4,Rhodotorula,Rhodotorula mucilaginosa,China,marsh_tidalflat,4,4,90.0,18697.0,16576.75,151655967.58333334,12314.867745263582,73.60419860092139,73.72871061067583,11.488364580397752,3.3894490083784636,9.25690574988215,7.902341888856801,11.835744197363026,3.4403116424770337,0.6800799413628655,1.0357249643436623,2.294831239638952,1.5148700405113806
145,TFCN_54D-1,54D-1,Rhodotorula,Rhodotorula mucilaginosa,China,marsh_tidalflat,4,4,90.0,30560.0,31116.0,48288494.00000001,6948.992301046246,76.38734669370339,76.18037493646891,0.3818154335787652,0.6179121568465579,7.835035170723037,8.318789084075316,2.3106385354377705,1.5200784635793543,3.222953736839634,2.576907097962189,2.0613580915115035,1.4357430450855415
113,TFCN_54D-2,54D-2,Rhodotorula,Rhodotorula mucilaginosa,China,marsh_tidalflat,4,4,90.0,29884.0,55013.0,3283383138.0000005,57300.8127167495,76.32217653460967,76.03243493218525,1.385904740938713,1.177244554431539,8.398607440535526,7.190420098282191,14.395451694859725,3.7941338530499586,0.6269219976840601,1.2801208450843231,1.822618885710189,1.3500440310264659
146,TFCN_86A-12,86A-12 BY34-E7,Rhodotorula,Rhodotorula mucilaginosa,China,marsh_tidalflat,4,3,90.0,21434.5,22001.0,11563502.000000002,3400.5149610022304,75.62100108205107,75.0329563317423,1.5610574428564548,1.249422843898916,10.288749195607572,9.839564812793869,1.469007933277635,1.212026374827559,1.3189507690385294,1.4463172143647285,0.20288194785822466,0.45042418658218686
95,TFCN_86A-3,86A-3 BY34-G6,Rhodotorula,Rhodotorula mucilaginosa,China,marsh_tidalflat,4,4,90.0,26215.5,41875.0,1401219142.0000002,37432.86179281515,73.61191301523908,74.25546359509718,2.9105171852321967,1.70602379386461,9.299857569679117,7.575020752335577,14.754600695785983,3.8411717868101114,1.1397875483194653,1.7723657080429613,3.943072104452041,1.9857170252712346
72,TFCN_89D-3,89D-3 BY32-I5,Rhodotorula,Rhodotorula mucilaginosa,China,marsh_tidalflat,3,3,87.0,18791.0,19626.0,4397911.0,2097.1196913862595,74.50816968703076,74.23472132953587,4.020714658681054,2.0051719773328807,9.51452034026068,9.949055900110046,0.591700872353799,0.7692209515827029,4.747910656914678,3.6237009901562796,6.703440616166436,2.589100348801961
124,TFCN_98A-10,98A-10,Rhodotorula,Rhodotorula mucilaginosa,China,marsh_tidalflat,4,4,90.0,24195.5,22357.75,15618630.916666666,3952.041360697869,73.70026454526896,74.0153110224478,1.0963403493723154,1.0470627246599487,9.891520481387598,9.799525972123455,0.4500512283055061,0.6708585754877895,5.066068862134865,4.271890508322832,2.7767427132250724,1.6663561183687814
3,TFCN_98A-5,98A-5,Rhodotorula,Rhodotorula mucilaginosa,China,marsh_tidalflat,4,4,87.0,19406.0,16601.75,148256100.91666666,12176.046193927923,74.96169449486726,73.35048634608927,17.569674451636345,4.191619549963516,8.25802045397267,6.62040579804038,17.716966949646846,4.209152759124673,1.1935178913387912,1.3060535223457015,0.6676752026526099,0.8171139471656386
133,TFCN_98C-3,98C-3,Rhodotorula,Rhodotorula mucilaginosa,China,marsh_tidalflat,4,4,90.0,24601.5,23777.75,26887736.249999996,5185.338585859172,76.96303953948774,76.19246201779274,3.059513657644031,1.7491465512197746,9.67101441534865,9.642068163294208,0.6074272255980353,0.7793761772071528,0.6091605956683954,0.9704394637023939,1.010490979308037,1.0052318037686816
81,TFCN_98C-5,98C-5,Rhodotorula,Rhodotorula mucilaginosa,China,marsh_tidalflat,4,4,87.0,19662.0,20455.75,2803244.9166666665,1674.289376621218,73.54689556234942,73.68700671199323,0.7860031564384967,0.8865681905180767,10.1904043607393,10.345825566273511,0.179689095939534,0.42389750640872376,2.9064850711530363,3.1612490813504452,2.1520893675757744,1.4670001252814446
79,TFCN_98C-7,98C-7,Rhodotorula,Rhodotorula mucilaginosa,China,marsh_tidalflat,4,4,87.0,20732.5,20446.25,27466760.25,5240.873996768097,72.95049175424072,73.51487725117168,7.187529154692275,2.680956761063534,9.291027146832555,9.059430097796971,6.2745433575302725,2.5049038619336814,5.139404595075137,4.540218511369815,3.254562287346675,1.8040405448178471
109,TFCN_98C-8,98C-8,Rhodotorula,Rhodotorula mucilaginosa,China,marsh_tidalflat,4,4,90.0,22987.0,23225.25,30610819.583333332,5532.704545096668,75.82349590197606,75.68246806136807,0.7491822467893451,0.8655531449826435,8.537949442063223,9.198243392260004,2.550817524767871,1.5971278986881017,0.9631403334751265,1.7317334802351398,3.5579057094123194,1.8862411588692256
57,TFCN_98D-11,98D-11,Rhodotorula,Rhodotorula mucilaginosa,China,,4,4,87.0,20848.0,20634.0,4691432.000000002,2165.971375618801,74.85460504425872,74.65860422121169,1.1640958723507098,1.078932746908124,9.45555074618748,9.094270746857154,1.1980414026522912,1.0945507766441405,2.022224179969329,2.5523286849794737,1.6732556577644964,1.2935438368159373
151,TFCN_98D-7,98D-7 BY31-E3,Rhodotorula,Rhodotorula mucilaginosa,China,,4,4,90.0,29904.5,29415.25,23108204.916666668,4807.099428622906,76.31749349925317,76.34532692001704,0.44384271269357084,0.6662152149970539,9.177166980858326,9.415235668203522,1.3120097088581628,1.1454299231546916,1.2235712538829713,1.4937438282358995,1.356683147247162,1.1647674219547703
142,TFCN_98D-9,98D-9 BY31-F3,Rhodotorula,Rhodotorula mucilaginosa,China,,4,4,90.0,30022.0,28618.25,64461336.916666664,8028.781782852656,76.14377513652809,75.66471649014088,2.304454879816547,1.5180431086818802,9.056372477002473,9.119512397330416,0.2702741557307559,0.5198789818128406,1.0151384554692333,1.0282639784478769,0.2889634203112305,0.5375531790541569
279,TF_CN_186CL4_2,186CL④-2 BY39-C9,Rhodotorula,Rhodotorula mucilaginosa,China,,4,4,90.0,31710.5,32137.0,37385424.666666664,6114.362163518503,76.30475981248503,76.42724100538952,0.9388166338124077,0.9689255047796026,8.002645751956889,7.955357594011323,0.04553142365581316,0.21338093554910936,3.398572452622295,3.441094875927603,0.11461888950478318,0.3385541160653392
28,TFCN_1A-1-3,1A-1-3 8130,Rhodotorula,Rhodotorula pacifica,China,marsh_tidalflat,4,3,87.0,14491.5,17504.25,59377856.25,7705.702839455983,74.13916112115189,74.08907713350719,1.6369672981477479,1.2794402284388857,8.169882399994542,8.325301694371525,1.3269611356173119,1.151937991220583,2.7525975354949104,2.8092100962861526,2.83309072750362,1.6831787568477745
288,TFCN_1A_1_5,1A-1-5,Rhodotorula,Rhodotorula pacifica,China,,4,4,90.0,21203.5,21859.5,74451363.0,8628.520325061534,76.2925239831439,76.32339452986825,0.8111443767602391,0.9006355404714157,10.625879835158738,10.535651323227134,0.44038278101972894,0.6636134273955953,0.4853470335988985,0.4921563256166911,0.031176084801143145,0.17656750777292843
80,TFCN_1B-1-2,1B-1-2,Rhodotorula,Rhodotorula pacifica,China,marsh_tidalflat,4,4,87.0,20589.5,22310.75,25201064.916666668,5020.066226322783,73.7836761361286,73.74666943051974,1.6846460735654194,1.2979391640463813,9.338016684497394,9.0783972712229,1.1258987915164766,1.0610837815726317,2.563274483068523,2.635667211084544,0.053606731261417385,0.23153127490992959
242,DBVPG_4610,4610,Rhodotorula,Rhodotorula paludigena,Italy,plant,1,1,90.0,2701.0,2701.0,,,70.70726828544207,70.70726828544207,,,0.6801182633229819,0.6801182633229819,,,-1.551472747112581,-1.551472747112581,,
250,DBVPG_7316,7316,Rhodotorula,Rhodotorula paludigena,Italy,marsh_tidalflat,2,2,90.0,22690.0,22690.0,47706912.0,6907.0190386301965,74.21843511995512,74.21843511995512,3.1125419976087603,1.7642397789441095,7.453041825332074,7.453041825332074,2.120458695103921,1.456179485882122,2.6051996825250887,2.6051996825250887,0.9556627471546079,0.9775800464179942
301,DBVPG_7323,7323,Rhodotorula,Rhodotorula paludigena,Italy,marsh_tidalflat,2,2,90.0,23336.0,23336.0,31141832.0,5580.486717124233,73.52592029634417,73.52592029634417,0.9181087941687228,0.958179938304243,6.862790208726905,6.862790208726905,0.07098059554431135,0.26642183758902227,5.814187912448254,5.814187912448254,0.06700297995963529,0.2588493383411194
325,NRRL_Y-12923,Y12923,Rhodotorula,Rhodotorula paludigena,America,plant,1,1,90.0,26799.0,26799.0,,,73.68910371600366,73.68910371600366,,,6.841804459408407,6.841804459408407,,,5.216818425539338,5.216818425539338,,
157,TFCN_1A-1-2,1A-1-2,Rhodotorula,Rhodotorula paludigena,China,marsh_tidalflat,4,4,90.0,30215.5,27736.75,82123197.58333333,9062.185033607146,74.13039496466578,73.39994512152961,3.0731664135819887,1.753044897765596,10.159752209062484,10.150658338506176,1.0754440524445938,1.037036186661099,5.468256149431544,5.476562797428122,1.4655099045185198,1.2105824649806058
121,TFCN_25-333P-5,25-333P-5 BY120-H3,Rhodotorula,Rhodotorula paludigena,China,marsh_tidalflat,2,2,90.0,10952.0,10952.0,231641288.0,15219.766358259249,72.15196374755253,72.15196374755253,17.961801457572125,4.2381365548519225,4.303954303675028,4.303954303675028,11.992362769896868,3.4629991004758964,2.826527781372923,2.826527781372923,6.848655476228715,2.6169935949919165
102,TFCN_342-2,342-2 BY110-A2,Rhodotorula,Rhodotorula paludigena,China,marsh_tidalflat,1,1,90.0,27473.0,27473.0,,,76.11222993361197,76.11222993361197,,,6.153700002947127,6.153700002947127,,,2.571437189032144,2.571437189032144,,
84,TFCN_43A-0-22,43A-22,Rhodotorula,Rhodotorula paludigena,China,marsh_tidalflat,1,1,87.0,28612.0,28612.0,,,73.01609789895554,73.01609789895554,,,6.7912689229420735,6.7912689229420735,,,4.474719084590239,4.474719084590239,,
46,TFCN_43A-4,43A-4,Rhodotorula,Rhodotorula paludigena,China,marsh_tidalflat,3,3,87.0,21750.0,24679.0,157244961.0,12539.735284287304,75.39716392150714,74.81070533515741,4.647011747934816,2.15569286957461,7.856707666760943,7.3407168877772095,1.7565811518369618,1.325360762900789,2.3633487562189415,2.2980316107809338,2.9020931228018743,1.703553087755669
103,TFCN_48A-10,48A-10,Rhodotorula,Rhodotorula paludigena,China,marsh_tidalflat,1,1,90.0,21950.0,21950.0,,,76.41755006092743,76.41755006092743,,,10.534769648434251,10.534769648434251,,,1.4552257324820461,1.4552257324820461,,
37,TFCN_48A-15,48A-15,Rhodotorula,Rhodotorula paludigena,China,marsh_tidalflat,2,2,87.0,21084.0,21084.0,7296200.0,2701.1479041326115,73.32932305838847,73.32932305838847,0.04740295992120532,0.21772220814883658,8.061804581593279,8.061804581593279,4.433915433665089,2.1056864518880984,4.279033397249477,4.279033397249477,1.1979421967589188,1.0945054576195217
156,TFCN_48A-2,48A-2,Rhodotorula,Rhodotorula paludigena,China,marsh_tidalflat,4,4,90.0,24211.5,23785.75,36897058.25,6074.294876773764,74.52264178250803,74.68670294987794,1.531887560546778,1.2376944536301269,10.780028614784346,10.76694886132768,0.24777676170043073,0.49777179681097916,4.4185593608086045,3.8202249676313196,2.0763240446628743,1.4409455384097187
85,TFCN_48A-3,48A-3,Rhodotorula,Rhodotorula paludigena,China,marsh_tidalflat,2,2,87.0,16881.5,16881.5,33540.5,183.1406563273158,73.49981679648397,73.49981679648397,3.8546928509537044,1.9633371719991715,8.450025323570337,8.450025323570337,0.5502201438363239,0.7417682548049114,2.33801226022245,2.33801226022245,4.900293912792513,2.213660749255069
147,TFCN_48C-3,48C-3,Rhodotorula,Rhodotorula paludigena,China,marsh_tidalflat,1,1,90.0,31101.0,31101.0,,,78.16231202470847,78.16231202470847,,,5.561354504337035,5.561354504337035,,,1.6949099259620626,1.6949099259620626,,
93,TFCN_48D-10,48D-10,Rhodotorula,Rhodotorula paludigena,China,marsh_tidalflat,4,4,90.0,17367.0,21248.75,440571558.25,20989.79652712241,75.05383585047989,73.76299020484966,13.077256203077473,3.6162489133185334,5.952512939579574,4.905221005302468,4.6708413995117475,2.1612129463594623,3.4939147173642215,3.6693817675606284,0.265856931812913,0.5156131610160014
94,TFCN_48D-4,48D-4,Rhodotorula,Rhodotorula paludigena,China,marsh_tidalflat,1,1,90.0,33553.0,33553.0,,,75.01862518817335,75.01862518817335,,,8.176139347081612,8.176139347081612,,,4.106526506534336,4.106526506534336,,
138,TFCN_49A-1,49A-1,Rhodotorula,Rhodotorula paludigena,China,marsh_tidalflat,1,1,90.0,16523.0,16523.0,,,74.37718995704324,74.37718995704324,,,10.271237094405361,10.271237094405361,,,1.0091768696230297,1.0091768696230297,,
266,DBVPG_8058,8058,Rhodotorula,Rhodotorula sp. clade I,Italy,food,4,4,90.0,28092.5,27346.5,93375211.0,9663.084962888404,75.67606186525205,75.16325886753087,2.444080439055267,1.5633555062925601,10.049270146305481,9.995920692474611,0.7089717640110292,0.8420046104452333,1.6710258215378693,1.8026624564641964,0.4987825617608744,0.7062453976918182
119,TFCN_17-328C-3,17-328C-3 BY117-D1,Rhodotorula,Rhodotorula sp. clade I,China,marsh_tidalflat,4,4,90.0,35498.0,34544.25,94828789.58333333,9738.007475009112,75.71324302232613,75.75379982593773,0.6266478378122935,0.791610913146284,9.994532894224278,9.703853313024737,1.3718471971786939,1.1712588087944926,3.0264178072138046,3.3747762773444214,1.2591796354726759,1.1221317371292356
112,TFCN_17-328P-3,17-328P-3 BY116-C2,Rhodotorula,Rhodotorula sp. clade I,China,marsh_tidalflat,2,2,90.0,13282.0,13282.0,301596800.0,17366.542545941607,73.67942028747021,73.67942028747021,2.4493890687013926,1.565052417237644,5.836861107047981,5.836861107047981,29.465879341897306,5.428248275631588,0.9859588386985974,0.9859588386985974,3.7131116306231235,1.9269435981945926
122,TFCN_222A-2,222A-2 BY37-G8,Rhodotorula,Rhodotorula sp. clade I,China,marsh_tidalflat,1,1,90.0,28497.0,28497.0,,,74.13915543622176,74.13915543622176,,,10.687398772191326,10.687398772191326,,,2.5787190288388384,2.5787190288388384,,
110,TFCN_25-333D-1,25-333D-1 BY120-B3,Rhodotorula,Rhodotorula sp. clade I,China,marsh_tidalflat,2,2,90.0,20314.0,20314.0,308214792.0,17556.0471632996,76.35161557972108,76.35161557972108,0.00023787431401989698,0.015423174576587564,9.597371342365907,9.597371342365907,6.569462488763694,2.5630962698977373,2.343645656782728,2.343645656782728,0.4001087603198495,0.6325415087722303
139,TFCN_25-333D-5,25-333D-5 BY120-H7,Rhodotorula,Rhodotorula sp. clade I,China,,4,4,90.0,25393.0,50258.5,2789027833.6666665,52811.24722695599,74.3284819243413,74.0303386138996,0.5674406781832482,0.7532865843643096,11.036860969067877,8.834813294651667,25.570353004403685,5.0567136565563695,4.362892335147639,3.682102665730588,3.78053157666071,1.9443589114823194
123,TFCN_25-333Y-2,25-333Y-2 BY120-G4,Rhodotorula,Rhodotorula sp. clade I,China,marsh_tidalflat,4,4,90.0,11670.0,14293.75,102723391.58333333,10135.254884971237,79.0953204778445,79.31632169668836,17.250679966417064,4.153393788989561,4.985662597613821,5.48719459679603,48.93838430301097,6.995597494353929,3.6909246497205173,3.494123772251395,1.3517987187205467,1.1626687914967644
140,TFCN_86C-7,86C-7 BY34-I1,Rhodotorula,Rhodotorula sp. clade I,China,marsh_tidalflat,2,2,90.0,21032.5,21032.5,258758500.5,16085.97216521277,75.21957875250618,75.21957875250618,5.759971893732555,2.3999941445204724,11.342857290514763,11.342857290514763,9.731562651496446,3.119545263575518,2.380056947317255,2.380056947317255,5.571438347342232,2.3603894482356576
302,DBVPG_10348,10348,Rhodotorula,Rhodotorula sp. clade XI,Italy,soil,4,3,90.0,38750.0,34772.25,87406984.25,9349.170243930741,77.73829028485046,77.51357133104271,1.8523135790346281,1.360997273705803,4.275653610636879,4.205343766951989,0.07342241619343041,0.2709657103646703,1.5751890346292152,1.7423993984128918,0.7266717942564069,0.8524504644003703
16,TFCN_186DK3-2,186DK3-2 BY39-H9,Rhodotorula,Rhodotorula sp. clade XI,China,marsh_tidalflat,4,4,87.0,25526.0,27722.25,68115804.24999999,8253.229928337147,75.50878814197726,75.71252641936474,0.8458053603515294,0.919676769496506,9.500141200839558,8.399840987416148,5.189497791695588,2.278046924823013,1.566227830205652,2.0690429897913614,1.3358163974373893,1.1557752365565674
248,DBVPG_7947,7947,Rhodotorula,Rhodotorula sp. clade XIII,Italy,soil,4,4,90.0,17648.5,17804.25,15885304.25,3985.637245159173,74.06010564132316,74.0905266293102,0.8096715858592969,0.8998175292020583,4.068861600742588,3.909108406510639,0.2528122265910346,0.5028043621439999,1.4577110579309827,1.4588227194885284,0.054210751845778116,0.23283202495743174
323,NRRL_Y-7192,Y7192,Rhodotorula,Rhodotorula sphaerocarpa,America,unknown,3,3,90.0,18116.0,16149.0,40890549.0,6394.571838676926,74.66089590388071,74.18552326212483,1.1421284512040861,1.0687040989928345,8.52781469009198,8.153202997759577,1.6569313547091917,1.2872184564825007,5.461301481115188,5.269231156694539,0.34873345519515825,0.5905365824359726
34,TFCN_83C-1,83E1 BY33-F1,Rhodotorula,Rhodotorula sphaerocarpa,,marsh_tidalflat,4,4,87.0,19026.0,16425.0,158618658.0,12594.389941557312,71.88583709974353,71.80666130875089,2.808263088289315,1.6757873040124498,9.878203389283662,9.000945144872471,25.14385341242657,5.01436470676262,3.8971134146035924,4.0236740851039485,10.92583424448535,3.30542497184331
136,TFCN_86A-6,86A-6 BY34-A7,Rhodotorula,Rhodotorula sphaerocarpa,China,marsh_tidalflat,3,3,90.0,12968.0,15244.0,261102576.0,16158.668757048026,73.1991719768402,73.92398711155268,4.015408788984007,2.003848494518487,10.949254397633334,7.958057733381004,27.399898450333538,5.234491231278694,3.2795670451787995,2.601340742676147,1.5879676474948121,1.2601458834177939
149,TFCN_86A-8,86A-8 BY35-H3,Rhodotorula,Rhodotorula sphaerocarpa,China,marsh_tidalflat,3,3,90.0,21395.0,16423.0,210640188.0,14513.44852197437,72.78056709224936,72.07716298741275,2.2227363136793303,1.4908844065450984,11.041033824082557,8.039113086016867,35.784361862330556,5.98200316468744,2.7623958857240893,3.310816467297998,3.561785309388855,1.8872692731533713
278,TFCN_86A_5,86A-5 BY34-I6,Rhodotorula,Rhodotorula sphaerocarpa,China,,3,3,90.0,21014.0,22129.666666666668,4824290.333333334,2196.426719317841,73.40696080281676,73.82622855589575,0.8604901806800279,0.9276260996112754,11.770761543225483,11.76689576625886,0.03863692427111879,0.1965627743778531,2.943792548862345,3.189930980396072,0.2741982486750093,0.523639426203766
101,TFCN_86C-10,86C-10 BY34-B2,Rhodotorula,Rhodotorula sphaerocarpa,China,marsh_tidalflat,1,1,90.0,29161.0,29161.0,,,75.38815146868285,75.38815146868285,,,9.955671378420572,9.955671378420572,,,2.8068066777996226,2.8068066777996226,,
10,TFCN_86C-9,86C-9 BY34-B2,Rhodotorula,Rhodotorula sphaerocarpa,China,marsh_tidalflat,2,2,87.0,25595.0,25595.0,6465608.0,2542.755985146825,72.4586759565199,72.4586759565199,0.214455028087396,0.46309289358334577,10.103343960118666,10.103343960118666,14.044650527493339,3.747619314644077,4.574216876705806,4.574216876705806,3.966981783598319,1.9917283408131539
261,TF_CN_86C_3,86C-3 BY33-D3,Rhodotorula,Rhodotorula sphaerocarpa,China,,4,4,90.0,20395.5,20619.25,21061366.25,4589.266417413572,74.12536727238466,74.06007694659826,0.2614865141361206,0.5113575208561233,11.57920836746329,11.565527602296656,0.19162683907068648,0.4377520292022488,3.0078898139204,3.1032505583364065,0.32116098617253436,0.5667106723651271
215,DBVPG_4530,4530,Rhodotorula,Rhodotorula taiwanensis,Italy,plant,4,4,90.0,17375.0,16939.75,10417170.916666668,3227.5642389682453,72.3204464683002,72.1836439217161,0.31402749789218865,0.5603815645541782,12.774214773826037,12.589266758590053,0.3244352075124308,0.5695921413717282,4.307650204640623,4.215506788711171,0.34498376170701045,0.587353183107924
224,DBVPG_4531,4531,Rhodotorula,Rhodotorula taiwanensis,Italy,plant,3,3,90.0,14230.0,17270.0,29360896.0,5418.569552935534,72.26188057777463,71.40967794786569,2.5630132080694783,1.6009413506026628,10.620321564908469,10.982583177237714,1.6941568908666471,1.3015978222425877,6.168461790544965,6.526203328551069,0.9352217091051825,0.9670686165444428
155,TFCN_0520-4-2-1,0520-4-2-1 BY53-C9,Rhodotorula,Rhodotorula taiwanensis,China,marsh_tidalflat,4,4,90.0,23020.5,22015.75,72552256.91666667,8517.76126201402,73.98790308929921,73.94861713642322,0.197984505336364,0.44495449805161424,12.20902995933601,12.130211926305716,2.7126172971804006,1.647002518874941,5.565618319127552,5.246742027763842,4.925323303522757,2.219306942160718
137,TFCN_0520-4-2-2,0520-4-2-2 BY53-D9,Rhodotorula,Rhodotorula taiwanensis,China,marsh_tidalflat,4,4,90.0,20896.5,20776.0,12668201.999999998,3559.2417731870923,74.05367006259979,74.2130144996612,0.8924608364471104,0.9447014536069638,10.983299055231752,9.368082189631519,11.635305863839607,3.4110564146374958,4.565098207627349,4.204116184262258,2.289738063999198,1.5131880464764444
118,TFCN_357-1,357-1 BY110-F4,Rhodotorula,Rhodotorula taiwanensis,China,marsh_tidalflat,4,4,90.0,21261.5,21360.25,885988.9166666659,941.2698426416656,72.92064081942934,73.32988130017966,5.0837799148221015,2.2547239109971096,11.459820021057388,10.242901642080138,6.76512363267407,2.6009851273458042,5.922040026938014,5.882520201846054,1.24000167893858,1.113553626431426
92,TFCN_S22D-1,S22D-1  BY38-D8,Rhodotorula,Rhodotorula taiwanensis,China,marsh_tidalflat,4,4,90.0,18888.5,20480.0,39879947.33333333,6315.057191612229,72.6728118019378,72.52517555066649,0.7358255207920433,0.8578027283659357,11.254874313981464,11.541499680734,2.0950422989681825,1.447426094475356,5.8992352873479925,5.896693334774603,0.5671031728683321,0.7530625291888663
273,DBVPG_6121,6121,Rhodotorula,Rhodotorula toruloides,Italy,air_cloud,4,4,90.0,31674.0,29338.0,53794198.666666664,7334.452853939867,76.36137689037112,75.91517468431599,1.6165803605199054,1.2714481352064289,10.652444804442746,10.526201281601477,0.06907025646365827,0.26281220760013846,0.715499416778187,0.940294032857697,0.2941960775955916,0.5423984491087632
247,DBVPG_6739,6739,Rhodotorula,Rhodotorula toruloides,Italy,soil,4,4,90.0,14368.0,13053.75,72891038.25,8537.624859994728,74.91871702737724,74.84024290653582,0.9316071067932369,0.9651979624891657,6.010512341277141,6.7449039942992375,3.3208112970962294,1.8223093307932738,0.4294964624797726,0.2184887876414493,0.35186117933650746,0.5931788763404404
96,TFCN_152A-4,152A-4 BY32-B2,Rhodotorula,Rhodotorula toruloides,China,marsh_tidalflat,4,4,90.0,20597.0,20020.0,32544066.66666666,5704.74071861874,75.69198453865364,75.60395173011042,0.38212309321364774,0.6181610576651102,4.816031473303465,6.140542633911103,9.109239337872923,3.01815164262383,1.4716643534566753,1.4357025225638615,0.25618129125971073,0.5061435480767396
61,TFCN_152A-6,152A-6 BY32-D2,Rhodotorula,Rhodotorula toruloides,China,marsh_tidalflat,3,3,87.0,25019.0,25723.0,32475268.0,5698.707572774725,73.92566885291366,74.80101012588572,3.2066466459933007,1.7907112123380757,7.560121024827781,7.750689418200433,6.238921048154855,2.4977832268142994,4.281949774860183,3.779371418347573,2.567050235741133,1.6022016838529203
287,TFCN_152A_3,152A-3 BY32-A2,Rhodotorula,Rhodotorula toruloides,China,,4,4,90.0,27871.5,26029.25,41646542.25,6453.413224798176,75.82753724475124,75.92564560625144,0.9740412504069699,0.9869352817723004,5.7708846048972475,5.75136936530985,0.1698903321233474,0.41217754927136363,2.3727163740670965,2.3646689649263584,0.21634423810555092,0.4651281953457035
141,TFCN_152C-2,152C-2 BY32-C3,Rhodotorula,Rhodotorula toruloides,China,marsh_tidalflat,3,3,90.0,33428.0,35338.666666666664,25215066.333333343,5021.460577693839,75.59733503111698,75.55835018110984,0.022099223805216353,0.1486580768246931,9.7694094876834,9.024972768701103,8.697851927445072,2.9492120858705757,3.687864661470197,3.320398948699451,0.6670510994907606,0.816731963064236
88,TFCN_152C-3,152C-3 BY32-D3,Rhodotorula,Rhodotorula toruloides,China,,3,3,90.0,18864.0,21705.333333333332,34357281.33333333,5861.508452039741,76.14662193152176,75.83484577494738,0.5043950360875288,0.7102077415007025,5.2372335762306825,6.3412945524073026,5.245405969953939,2.290285128527437,1.9247116321221558,1.7112057226407664,0.27504962933589383,0.5244517416654213
105,TFCN_152C-6,152C-6 BY32-G3,Rhodotorula,Rhodotorula toruloides,China,marsh_tidalflat,3,3,90.0,24149.0,31262.0,275090677.0,16585.857740858624,74.39272124124206,74.37406463095027,1.0884808237291483,1.0433028437271454,12.200393923685493,11.62611349237122,17.739184786155665,4.2117911612704235,6.0258689124256914,4.6784293306240485,11.870362321010898,3.4453392171179456
43,TFCN_152D-4,152D-4 BY32-B4,Rhodotorula,Rhodotorula toruloides,China,marsh_tidalflat,4,4,87.0,15210.5,12819.25,77598666.25000001,8809.01051480812,74.38255602595643,73.38974262691922,11.494945918351888,3.3904197259855438,4.874386001902916,5.0738789965135425,10.761425625898875,3.280461191036845,1.361419080065157,1.073116161112833,0.8408609237159229,0.9169846911022685
114,TFCN_152D-6,152D-6 BY32-D4,Rhodotorula,Rhodotorula toruloides,China,marsh_tidalflat,3,3,90.0,26377.0,23104.0,117582019.0,10843.524288717206,74.81161364018186,75.09565340824349,1.6849581438240313,1.2980593760780095,5.982952597466257,7.599634214481372,20.400781086664256,4.516722383173915,2.9463623457902988,2.959516402200361,3.4829004855767076,1.8662530604333132
35,TFCN_17-331Y-3,17-331Y-5 BY117-B9,,,China,marsh_tidalflat,3,3,87.0,7960.0,7634.333333333333,54035914.333333336,7350.912483041363,74.37562162302011,73.91052487591782,17.133080996602338,4.139212605871114,5.137018791702558,5.428246089342346,23.702034639628256,4.86847354307572,5.110237477801638,4.111508452575818,4.97524692688406,2.2305261547186706
252,TFCN_48D-10,48D-1,,,,marsh_tidalflat,4,4,90.0,25131.0,24875.25,28943469.583333332,5379.9135293546615,74.08009569198549,74.22530862007352,0.7317462128810911,0.8554216579448355,10.505737698000615,10.658716618043329,1.0356989365346665,1.017692948061775,4.682146884246391,4.671214468935145,0.00930677031499929,0.09647160367175042
165,,17-332Y-1 BY115-H5,,,,,4,4,90.0,25994.5,46336.75,1955774687.583333,44224.14145671268,75.419287900644,75.51953945157237,2.006582891834292,1.4165390541154494,9.042141332710361,7.411092047242905,15.88346742540618,3.985406808019249,0.4655262837458596,0.49850214322426367,0.13297595716800056,0.36465868585295014
269,,17-332Y-1,,,,,4,4,90.0,30271.5,43038.5,1007175031.0000001,31736.021032889428,75.76350051651403,75.30311654492263,1.3324995484556992,1.1543394424759552,9.87211586953643,7.98832560978239,17.409078070355122,4.172418731426069,1.205438380899737,1.1307744306248535,0.2459188021908836,0.49590200865784323
173,,17-334P-4 BY115-A2,,,,,4,4,90.0,28103.0,42668.25,959569836.2499999,30976.92425419283,74.22786464120838,74.86169722201839,3.6051575074457936,1.8987252322139172,10.026361654506015,8.295842120408437,22.06154740763542,4.696972153167977,3.153788226086629,3.124538355988213,6.178042068089525,2.485566749876077
259,,10056,,,,,4,3,90.0,25003.0,25931.0,61236400.0,7825.3690008842395,74.60942216249627,74.69644519821125,4.053519706527482,2.0133354679554727,5.792950621474752,5.85449098450895,0.9133870956407003,0.9557128730119211,2.968618664879763,2.959154370491402,0.3255492223884748,0.5705692091135612
251,,17-333P-8,,,,,4,4,90.0,20969.0,22486.5,63561238.333333336,7972.530234080855,76.12430458073274,76.068934333499,0.3427045211555914,0.5854097036739239,6.3861339589189745,7.051241331099411,4.230762685437632,2.0568817869380904,4.112027847599298,3.7977400850767946,2.8636751625383283,1.6922396882647353
260,,152D-2,,,,,4,4,90.0,25416.0,28203.5,89132915.66666667,9441.023020132228,75.09162504968174,75.23324326212978,1.0847068932542858,1.0414926275563767,10.346548680726293,10.415943552521846,0.7557271227609319,0.8693256712883451,1.4518020028190026,1.8483764295695342,1.0782168183533767,1.0383721964466193
305,,25-325P-1,,,,,4,4,90.0,40909.0,56624.5,1119623112.3333333,33460.76975105823,75.63901203806941,75.20778938061495,3.0605988599918486,1.7494567328150326,8.854004017848833,7.164676286529039,12.408391106910223,3.5225546279525917,3.4966907285894244,2.920017174267042,1.4254593231767345,1.1939260124382642
319,,51A-3,,,,,4,4,90.0,31616.0,31914.75,14571941.58333333,3817.3212575487187,73.84922116574734,73.93099840492461,0.1263902100616299,0.35551400824950613,11.370017361513037,11.37398808142131,0.1374775233450883,0.37077961560081524,5.363296230173454,5.408887142464311,0.06664880420793724,0.25816429692724213
191,,17-332D-2 BY115-B6,,,,,4,4,90.0,19005.5,21147.25,29742928.250000004,5453.707752529466,74.20835314321025,74.42732588964246,0.6635064482991414,0.8145590514500108,8.96158530188039,9.083978154339,0.45802115825230355,0.676772604537376,2.0705611370948507,2.0587483459929308,0.17338695808518934,0.4163975961568334
306,,25-327C-3,,,,,4,4,90.0,30107.5,28122.75,33698490.916666664,5805.040130495798,74.6068574079508,74.5102462927758,0.22383738879397444,0.47311456201851837,10.713570004427797,10.490904912122081,0.4540840555744639,0.6738575929485873,2.207738739003612,2.21608359283744,0.09061505770457985,0.3010233507629929
