Metal,scope,trait,n,rho
Chromium,all_doses,Shape_Area,7287,0.48654693010382416
Chromium,all_doses,Shape_Perimeter,7287,0.4873003232810145
Chromium,all_doses,Shape_Circularity,7287,0.11582313998489852
Chromium,all_doses,Shape_ConvexArea,7287,0.4727622892483788
Chromium,all_doses,Shape_MedianRadius,7287,0.45960518438592857
Chromium,all_doses,Shape_MeanRadius,7287,0.4517749417004456
Chromium,all_doses,Shape_MaxRadius,7287,0.4387539056478657
Chromium,all_doses,Shape_MinFeretDiameter,7287,0.4951835563681304
Chromium,all_doses,Shape_MaxFeretDiameter,7287,0.46816902740040156
Chromium,all_doses,Shape_Eccentricity,7287,-0.36480492916406626
Chromium,all_doses,Shape_Solidity,7287,0.4905278949886722
Chromium,all_doses,Shape_Extent,7287,0.1937032367841836
Chromium,all_doses,Shape_BboxArea,7287,0.4827846510177928
Chromium,all_doses,Shape_MajorAxisLength,7287,0.47107549987866915
Chromium,all_doses,Shape_MinorAxisLength,7287,0.4988006554204223
Chromium,all_doses,Shape_Compactness,7287,-0.11548168902403914
Chromium,all_doses,Shape_Orientation,7287,0.005300553884623092
Chromium,all_doses,Intensity_IntegratedIntensity,7287,0.45975218663057904
Chromium,all_doses,Intensity_MinimumIntensity,7287,0.23920296013479017
Chromium,all_doses,Intensity_MaximumIntensity,7287,-0.07155765852363555
Chromium,all_doses,Intensity_MeanIntensity,7287,-0.014891422345454793
Chromium,all_doses,Intensity_MedianIntensity,7287,-0.05717510507364967
Chromium,all_doses,Intensity_StandardDeviationIntensity,7287,-0.44865389624929497
Chromium,all_doses,Intensity_CoefficientVarianceIntensity,7287,-0.460493906921857
Chromium,all_doses,Intensity_LowerQuartileIntensity,7287,0.021169326611154313
Chromium,all_doses,Intensity_UpperQuartileIntensity,7287,-0.07228781611834163
Chromium,all_doses,Intensity_InterquartileRangeIntensity,7287,-0.21737962370515015
Chromium,all_doses,Intensity_Density,7287,-0.014891422345454793
Chromium,all_doses,Intensity_ConvexDensity,7287,0.43847198124803294
Chromium,all_doses,Texture_AngularSecondMoment-deg000-scale05,7287,0.18086327314088713
Chromium,all_doses,Texture_AngularSecondMoment-deg045-scale05,7287,0.17508528094819226
Chromium,all_doses,Texture_AngularSecondMoment-deg090-scale05,7287,0.1732360693187717
Chromium,all_doses,Texture_AngularSecondMoment-deg135-scale05,7287,0.18600545225212906
Chromium,all_doses,Texture_Contrast-deg000-scale05,7287,-0.37764251893454953
Chromium,all_doses,Texture_Contrast-deg045-scale05,7287,-0.41624855568248254
Chromium,all_doses,Texture_Contrast-deg090-scale05,7287,-0.36836223981649824
Chromium,all_doses,Texture_Contrast-deg135-scale05,7287,-0.4324408329766711
Chromium,all_doses,Texture_Correlation-deg000-scale05,7287,-0.009232701615883878
Chromium,all_doses,Texture_Correlation-deg045-scale05,7287,0.13075520537372923
Chromium,all_doses,Texture_Correlation-deg090-scale05,7287,-0.02490281270239009
Chromium,all_doses,Texture_Correlation-deg135-scale05,7287,0.15236865184364723
Chromium,all_doses,Texture_HaralickVariance-deg000-scale05,7287,-0.4082570184228893
Chromium,all_doses,Texture_HaralickVariance-deg045-scale05,7287,-0.40208108828564326
Chromium,all_doses,Texture_HaralickVariance-deg090-scale05,7287,-0.41024720207964943
Chromium,all_doses,Texture_HaralickVariance-deg135-scale05,7287,-0.4014326573565935
Chromium,all_doses,Texture_InverseDifferenceMoment-deg000-scale05,7287,0.3316400782464552
Chromium,all_doses,Texture_InverseDifferenceMoment-deg045-scale05,7287,0.35300072496982837
Chromium,all_doses,Texture_InverseDifferenceMoment-deg090-scale05,7287,0.3169156887386288
Chromium,all_doses,Texture_InverseDifferenceMoment-deg135-scale05,7287,0.37478201022682556
Chromium,all_doses,Texture_SumAverage-deg000-scale05,7287,-0.03786419296540085
Chromium,all_doses,Texture_SumAverage-deg045-scale05,7287,-0.042927197249961725
Chromium,all_doses,Texture_SumAverage-deg090-scale05,7287,-0.038010595506687256
Chromium,all_doses,Texture_SumAverage-deg135-scale05,7287,-0.043385725362749525
Chromium,all_doses,Texture_SumVariance-deg000-scale05,7287,-0.37478667516942626
Chromium,all_doses,Texture_SumVariance-deg045-scale05,7287,-0.3438270035460462
Chromium,all_doses,Texture_SumVariance-deg090-scale05,7287,-0.3771191376312294
Chromium,all_doses,Texture_SumVariance-deg135-scale05,7287,-0.3404361879767605
Chromium,all_doses,Texture_SumEntropy-deg000-scale05,7287,-0.25364932856954736
Chromium,all_doses,Texture_SumEntropy-deg045-scale05,7287,-0.23093036742787518
Chromium,all_doses,Texture_SumEntropy-deg090-scale05,7287,-0.2559160162772548
Chromium,all_doses,Texture_SumEntropy-deg135-scale05,7287,-0.2315127803107929
Chromium,all_doses,Texture_Entropy-deg000-scale05,7287,-0.3275970694515372
Chromium,all_doses,Texture_Entropy-deg045-scale05,7287,-0.3213963960645081
Chromium,all_doses,Texture_Entropy-deg090-scale05,7287,-0.3209362433997719
Chromium,all_doses,Texture_Entropy-deg135-scale05,7287,-0.32839158668874463
Chromium,all_doses,Texture_DiffVariance-deg000-scale05,7287,0.4159389306072978
Chromium,all_doses,Texture_DiffVariance-deg045-scale05,7287,0.4354335621762065
Chromium,all_doses,Texture_DiffVariance-deg090-scale05,7287,0.3973698882243145
Chromium,all_doses,Texture_DiffVariance-deg135-scale05,7287,0.4504180832508559
Chromium,all_doses,Texture_DiffEntropy-deg000-scale05,7287,-0.3857088774734223
Chromium,all_doses,Texture_DiffEntropy-deg045-scale05,7287,-0.4233255529981127
Chromium,all_doses,Texture_DiffEntropy-deg090-scale05,7287,-0.3775662372828041
Chromium,all_doses,Texture_DiffEntropy-deg135-scale05,7287,-0.43931513062504735
Chromium,all_doses,Texture_InfoCorrelation1-deg000-scale05,7287,-0.10262404076327732
Chromium,all_doses,Texture_InfoCorrelation1-deg045-scale05,7287,-0.19611325640546523
Chromium,all_doses,Texture_InfoCorrelation1-deg090-scale05,7287,-0.08491240907439898
Chromium,all_doses,Texture_InfoCorrelation1-deg135-scale05,7287,-0.21709298520668044
Chromium,all_doses,Texture_InfoCorrelation2-deg000-scale05,7287,-0.010235583549828002
Chromium,all_doses,Texture_InfoCorrelation2-deg045-scale05,7287,0.11122813083502336
Chromium,all_doses,Texture_InfoCorrelation2-deg090-scale05,7287,-0.028377182199950474
Chromium,all_doses,Texture_InfoCorrelation2-deg135-scale05,7287,0.1315835113004707
Chromium,all_doses,Texture_AngularSecondMoment-avg-scale05,7287,0.179168478765401
Chromium,all_doses,Texture_Contrast-avg-scale05,7287,-0.4072956033448966
Chromium,all_doses,Texture_Correlation-avg-scale05,7287,0.08129983608572279
Chromium,all_doses,Texture_HaralickVariance-avg-scale05,7287,-0.40580095774524777
Chromium,all_doses,Texture_InverseDifferenceMoment-avg-scale05,7287,0.3506151931184323
Chromium,all_doses,Texture_SumAverage-avg-scale05,7287,-0.04056451267614507
Chromium,all_doses,Texture_SumVariance-avg-scale05,7287,-0.36064831923862223
Chromium,all_doses,Texture_SumEntropy-avg-scale05,7287,-0.24339083363957292
Chromium,all_doses,Texture_Entropy-avg-scale05,7287,-0.32513422354662486
Chromium,all_doses,Texture_DiffVariance-avg-scale05,7287,0.4305966131602226
Chromium,all_doses,Texture_DiffEntropy-avg-scale05,7287,-0.4131980029591796
Chromium,all_doses,Texture_InfoCorrelation1-avg-scale05,7287,-0.15670651418116122
Chromium,all_doses,Texture_InfoCorrelation2-avg-scale05,7287,0.06777739421169561
Chromium,all_doses,ColorLab_L*GeoMedian,7287,0.13322020533578188
Chromium,all_doses,ColorLab_b*GeoMedian,7287,0.5542236521116517
Chromium,all_doses,ColorLab_L*Medoid,7287,0.1103770159309785
Chromium,all_doses,ColorLab_a*Medoid,7287,0.9978424541232381
Chromium,all_doses,ColorLab_b*Medoid,7287,0.5630373045778332
Chromium,all_doses,ColorLab_DeltaE2000MedianFromMedoid,7287,0.30567064165480196
Chromium,all_doses,ColorLab_DeltaE2000MeanFromMedoid,7287,0.2999739357659456
Chromium,all_doses,ColorLab_DeltaE2000P95FromMedoid,7287,0.1723732053476409
Chromium,all_doses,ColorLab_LabTotalVariance,7287,0.7892121996164726
Chromium,all_doses,ColorHSV_HueRobustMean,7287,-0.35328054855376295
Chromium,all_doses,ColorHSV_SaturationRobustMean,7287,0.8176702937079282
Chromium,all_doses,ColorHSV_ValueRobustMean,7287,0.7885897152791559
Chromium,all_doses,ColorHSV_HSVConeVariance,7287,0.679075556155451
Chromium,dose0,Shape_Area,1188,-0.02083008147410455
Chromium,dose0,Shape_Perimeter,1188,0.04687975625964287
Chromium,dose0,Shape_Circularity,1188,-0.04664498332940377
Chromium,dose0,Shape_ConvexArea,1188,-0.010200914943419069
Chromium,dose0,Shape_MedianRadius,1188,-0.07974193578925473
Chromium,dose0,Shape_MeanRadius,1188,-0.08468010736417496
Chromium,dose0,Shape_MaxRadius,1188,-0.08583355587043781
Chromium,dose0,Shape_MinFeretDiameter,1188,-0.004447702455872855
Chromium,dose0,Shape_MaxFeretDiameter,1188,-0.015150810185043537
Chromium,dose0,Shape_Eccentricity,1188,-0.04814712016150646
Chromium,dose0,Shape_Solidity,1188,-0.028311482128165956
Chromium,dose0,Shape_Extent,1188,-0.07121455352537379
Chromium,dose0,Shape_BboxArea,1188,-0.007622461157338328
Chromium,dose0,Shape_MajorAxisLength,1188,-0.00023433514937706336
Chromium,dose0,Shape_MinorAxisLength,1188,0.004619799164427933
Chromium,dose0,Shape_Compactness,1188,0.04667598038309481
Chromium,dose0,Shape_Orientation,1188,0.04339654792733882
Chromium,dose0,Intensity_IntegratedIntensity,1188,-0.11267043969016487
Chromium,dose0,Intensity_MinimumIntensity,1188,0.06799975611738591
Chromium,dose0,Intensity_MaximumIntensity,1188,-0.2708019914007403
Chromium,dose0,Intensity_MeanIntensity,1188,-0.329933326561361
Chromium,dose0,Intensity_MedianIntensity,1188,-0.3862260659141361
Chromium,dose0,Intensity_StandardDeviationIntensity,1188,-0.3102066970998903
Chromium,dose0,Intensity_CoefficientVarianceIntensity,1188,-0.23409902497268217
Chromium,dose0,Intensity_LowerQuartileIntensity,1188,-0.3570376555944203
Chromium,dose0,Intensity_UpperQuartileIntensity,1188,-0.3379572978834108
Chromium,dose0,Intensity_InterquartileRangeIntensity,1188,0.12165661889344465
Chromium,dose0,Intensity_Density,1188,-0.329933326561361
Chromium,dose0,Intensity_ConvexDensity,1188,-0.1782475803170985
Chromium,dose0,Texture_AngularSecondMoment-deg000-scale05,1188,-0.22863063941596945
Chromium,dose0,Texture_AngularSecondMoment-deg045-scale05,1188,-0.2543864355805181
Chromium,dose0,Texture_AngularSecondMoment-deg090-scale05,1188,-0.2357608206073108
Chromium,dose0,Texture_AngularSecondMoment-deg135-scale05,1188,-0.2423696057334372
Chromium,dose0,Texture_Contrast-deg000-scale05,1188,0.09299641432581476
Chromium,dose0,Texture_Contrast-deg045-scale05,1188,0.024052446871704842
Chromium,dose0,Texture_Contrast-deg090-scale05,1188,0.11183717647773515
Chromium,dose0,Texture_Contrast-deg135-scale05,1188,-0.010161307994648296
Chromium,dose0,Texture_Correlation-deg000-scale05,1188,-0.2504625850424852
Chromium,dose0,Texture_Correlation-deg045-scale05,1188,-0.21214926048265642
Chromium,dose0,Texture_Correlation-deg090-scale05,1188,-0.25948030859381255
Chromium,dose0,Texture_Correlation-deg135-scale05,1188,-0.19330018187347695
Chromium,dose0,Texture_HaralickVariance-deg000-scale05,1188,-0.2016016738036828
Chromium,dose0,Texture_HaralickVariance-deg045-scale05,1188,-0.17874637451310166
Chromium,dose0,Texture_HaralickVariance-deg090-scale05,1188,-0.20485308652607462
Chromium,dose0,Texture_HaralickVariance-deg135-scale05,1188,-0.1751550248109908
Chromium,dose0,Texture_InverseDifferenceMoment-deg000-scale05,1188,-0.2156828458762149
Chromium,dose0,Texture_InverseDifferenceMoment-deg045-scale05,1188,-0.207681955943718
Chromium,dose0,Texture_InverseDifferenceMoment-deg090-scale05,1188,-0.2589469388341102
Chromium,dose0,Texture_InverseDifferenceMoment-deg135-scale05,1188,-0.14570648544175888
Chromium,dose0,Texture_SumAverage-deg000-scale05,1188,-0.33846984787188555
Chromium,dose0,Texture_SumAverage-deg045-scale05,1188,-0.34134420730875314
Chromium,dose0,Texture_SumAverage-deg090-scale05,1188,-0.3381930286516911
Chromium,dose0,Texture_SumAverage-deg135-scale05,1188,-0.3413633666513371
Chromium,dose0,Texture_SumVariance-deg000-scale05,1188,-0.2086948102594193
Chromium,dose0,Texture_SumVariance-deg045-scale05,1188,-0.18360224082575063
Chromium,dose0,Texture_SumVariance-deg090-scale05,1188,-0.21308886985550987
Chromium,dose0,Texture_SumVariance-deg135-scale05,1188,-0.1776359413864967
Chromium,dose0,Texture_SumEntropy-deg000-scale05,1188,-0.04990069742082541
Chromium,dose0,Texture_SumEntropy-deg045-scale05,1188,-0.03731240815351482
Chromium,dose0,Texture_SumEntropy-deg090-scale05,1188,-0.052364680486972515
Chromium,dose0,Texture_SumEntropy-deg135-scale05,1188,-0.03545524734349847
Chromium,dose0,Texture_Entropy-deg000-scale05,1188,0.010087297250658673
Chromium,dose0,Texture_Entropy-deg045-scale05,1188,0.03292478987543901
Chromium,dose0,Texture_Entropy-deg090-scale05,1188,0.013662779839393178
Chromium,dose0,Texture_Entropy-deg135-scale05,1188,0.023496911821011636
Chromium,dose0,Texture_DiffVariance-deg000-scale05,1188,0.09959928775340762
Chromium,dose0,Texture_DiffVariance-deg045-scale05,1188,0.09976535208884824
Chromium,dose0,Texture_DiffVariance-deg090-scale05,1188,0.07251263655978882
Chromium,dose0,Texture_DiffVariance-deg135-scale05,1188,0.13079143465307566
Chromium,dose0,Texture_DiffEntropy-deg000-scale05,1188,0.04957503153901903
Chromium,dose0,Texture_DiffEntropy-deg045-scale05,1188,-0.009786086906248343
Chromium,dose0,Texture_DiffEntropy-deg090-scale05,1188,0.06292867821284373
Chromium,dose0,Texture_DiffEntropy-deg135-scale05,1188,-0.03960629748195209
Chromium,dose0,Texture_InfoCorrelation1-deg000-scale05,1188,0.2602688261170997
Chromium,dose0,Texture_InfoCorrelation1-deg045-scale05,1188,0.23771544571591052
Chromium,dose0,Texture_InfoCorrelation1-deg090-scale05,1188,0.27211147556804144
Chromium,dose0,Texture_InfoCorrelation1-deg135-scale05,1188,0.2147700538573629
Chromium,dose0,Texture_InfoCorrelation2-deg000-scale05,1188,-0.2048123917102613
Chromium,dose0,Texture_InfoCorrelation2-deg045-scale05,1188,-0.1865063663088665
Chromium,dose0,Texture_InfoCorrelation2-deg090-scale05,1188,-0.2160280790507461
Chromium,dose0,Texture_InfoCorrelation2-deg135-scale05,1188,-0.16675161691575136
Chromium,dose0,Texture_AngularSecondMoment-avg-scale05,1188,-0.24037805040155286
Chromium,dose0,Texture_Contrast-avg-scale05,1188,0.04744504512597739
Chromium,dose0,Texture_Correlation-avg-scale05,1188,-0.22901590896047244
Chromium,dose0,Texture_HaralickVariance-avg-scale05,1188,-0.19020127093359468
Chromium,dose0,Texture_InverseDifferenceMoment-avg-scale05,1188,-0.20815877093125076
Chromium,dose0,Texture_SumAverage-avg-scale05,1188,-0.3399362210749662
Chromium,dose0,Texture_SumVariance-avg-scale05,1188,-0.1961918756128243
Chromium,dose0,Texture_SumEntropy-avg-scale05,1188,-0.04356370012982191
Chromium,dose0,Texture_Entropy-avg-scale05,1188,0.020418913693617292
Chromium,dose0,Texture_DiffVariance-avg-scale05,1188,0.10268227432375339
Chromium,dose0,Texture_DiffEntropy-avg-scale05,1188,0.010257569913868914
Chromium,dose0,Texture_InfoCorrelation1-avg-scale05,1188,0.2477938181626087
Chromium,dose0,Texture_InfoCorrelation2-avg-scale05,1188,-0.19301013648029222
Chromium,dose0,ColorLab_L*GeoMedian,1188,-0.18422375644397507
Chromium,dose0,ColorLab_b*GeoMedian,1188,0.3865075157262811
Chromium,dose0,ColorLab_L*Medoid,1188,-0.20806291696217105
Chromium,dose0,ColorLab_a*Medoid,1188,0.9957813017083513
Chromium,dose0,ColorLab_b*Medoid,1188,0.3976105444146877
Chromium,dose0,ColorLab_DeltaE2000MedianFromMedoid,1188,0.19705958556259298
Chromium,dose0,ColorLab_DeltaE2000MeanFromMedoid,1188,0.291656552902756
Chromium,dose0,ColorLab_DeltaE2000P95FromMedoid,1188,0.16672721147749542
Chromium,dose0,ColorLab_LabTotalVariance,1188,0.7897795277836841
Chromium,dose0,ColorHSV_HueRobustMean,1188,-0.027211283540184452
Chromium,dose0,ColorHSV_SaturationRobustMean,1188,0.8514898807931756
Chromium,dose0,ColorHSV_ValueRobustMean,1188,0.6888274630488961
Chromium,dose0,ColorHSV_HSVConeVariance,1188,0.6754913797021916
Chromium,within_strain_dose,Shape_Area,7148,0.27928721957914604
Chromium,within_strain_dose,Shape_Perimeter,7148,0.2852154377857782
Chromium,within_strain_dose,Shape_Circularity,7148,0.05002067806789589
Chromium,within_strain_dose,Shape_ConvexArea,7148,0.29580612757760427
Chromium,within_strain_dose,Shape_MedianRadius,7148,0.28320077627612134
Chromium,within_strain_dose,Shape_MeanRadius,7148,0.2733577826234697
Chromium,within_strain_dose,Shape_MaxRadius,7148,0.2593888012369924
Chromium,within_strain_dose,Shape_MinFeretDiameter,7148,0.31975524327988025
Chromium,within_strain_dose,Shape_MaxFeretDiameter,7148,0.2772710139624621
Chromium,within_strain_dose,Shape_Eccentricity,7148,-0.155322367553978
Chromium,within_strain_dose,Shape_Solidity,7148,0.3241501243761147
Chromium,within_strain_dose,Shape_Extent,7148,0.04619420042198036
Chromium,within_strain_dose,Shape_BboxArea,7148,0.27069977673151724
Chromium,within_strain_dose,Shape_MajorAxisLength,7148,0.27769759769093744
Chromium,within_strain_dose,Shape_MinorAxisLength,7148,0.32600873781524387
Chromium,within_strain_dose,Shape_Compactness,7148,-0.05185925256157425
Chromium,within_strain_dose,Shape_Orientation,7148,0.009627399831407434
Chromium,within_strain_dose,Intensity_IntegratedIntensity,7148,0.26977258316747854
Chromium,within_strain_dose,Intensity_MinimumIntensity,7148,0.10695989812737265
Chromium,within_strain_dose,Intensity_MaximumIntensity,7148,0.07878540870557968
Chromium,within_strain_dose,Intensity_MeanIntensity,7148,0.11046284368546547
Chromium,within_strain_dose,Intensity_MedianIntensity,7148,0.08751574276111179
Chromium,within_strain_dose,Intensity_StandardDeviationIntensity,7148,-0.06269205786324837
Chromium,within_strain_dose,Intensity_CoefficientVarianceIntensity,7148,-0.09235971926460985
Chromium,within_strain_dose,Intensity_LowerQuartileIntensity,7148,0.11629959348169644
Chromium,within_strain_dose,Intensity_UpperQuartileIntensity,7148,0.0857260583013723
Chromium,within_strain_dose,Intensity_InterquartileRangeIntensity,7148,0.001145514443517487
Chromium,within_strain_dose,Intensity_Density,7148,0.11046284368546547
Chromium,within_strain_dose,Intensity_ConvexDensity,7148,0.30868424870568384
Chromium,within_strain_dose,Texture_AngularSecondMoment-deg000-scale05,7148,-0.0846849095149832
Chromium,within_strain_dose,Texture_AngularSecondMoment-deg045-scale05,7148,-0.09678828047232814
Chromium,within_strain_dose,Texture_AngularSecondMoment-deg090-scale05,7148,-0.08751283762849998
Chromium,within_strain_dose,Texture_AngularSecondMoment-deg135-scale05,7148,-0.09153099440964808
Chromium,within_strain_dose,Texture_Contrast-deg000-scale05,7148,-0.0726005554867741
Chromium,within_strain_dose,Texture_Contrast-deg045-scale05,7148,-0.08503897854913785
Chromium,within_strain_dose,Texture_Contrast-deg090-scale05,7148,-0.0681193508610249
Chromium,within_strain_dose,Texture_Contrast-deg135-scale05,7148,-0.09897197881920344
Chromium,within_strain_dose,Texture_Correlation-deg000-scale05,7148,0.05226361166553463
Chromium,within_strain_dose,Texture_Correlation-deg045-scale05,7148,0.07398311047354272
Chromium,within_strain_dose,Texture_Correlation-deg090-scale05,7148,0.04257756225900482
Chromium,within_strain_dose,Texture_Correlation-deg135-scale05,7148,0.08851741930786015
Chromium,within_strain_dose,Texture_HaralickVariance-deg000-scale05,7148,-0.055091401451172105
Chromium,within_strain_dose,Texture_HaralickVariance-deg045-scale05,7148,-0.052555851357619504
Chromium,within_strain_dose,Texture_HaralickVariance-deg090-scale05,7148,-0.05674878341000606
Chromium,within_strain_dose,Texture_HaralickVariance-deg135-scale05,7148,-0.05135558255022332
Chromium,within_strain_dose,Texture_InverseDifferenceMoment-deg000-scale05,7148,0.030304521084878643
Chromium,within_strain_dose,Texture_InverseDifferenceMoment-deg045-scale05,7148,0.01931420360130571
Chromium,within_strain_dose,Texture_InverseDifferenceMoment-deg090-scale05,7148,0.009719679411121588
Chromium,within_strain_dose,Texture_InverseDifferenceMoment-deg135-scale05,7148,0.03718262487505351
Chromium,within_strain_dose,Texture_SumAverage-deg000-scale05,7148,0.10020485949199989
Chromium,within_strain_dose,Texture_SumAverage-deg045-scale05,7148,0.09776203563592663
Chromium,within_strain_dose,Texture_SumAverage-deg090-scale05,7148,0.10040160339903409
Chromium,within_strain_dose,Texture_SumAverage-deg135-scale05,7148,0.0975142754212918
Chromium,within_strain_dose,Texture_SumVariance-deg000-scale05,7148,-0.041046939730224635
Chromium,within_strain_dose,Texture_SumVariance-deg045-scale05,7148,-0.02783893381555767
Chromium,within_strain_dose,Texture_SumVariance-deg090-scale05,7148,-0.04280986622240248
Chromium,within_strain_dose,Texture_SumVariance-deg135-scale05,7148,-0.02715087559963736
Chromium,within_strain_dose,Texture_SumEntropy-deg000-scale05,7148,0.04727014890426173
Chromium,within_strain_dose,Texture_SumEntropy-deg045-scale05,7148,0.05467125601476896
Chromium,within_strain_dose,Texture_SumEntropy-deg090-scale05,7148,0.04632039914769673
Chromium,within_strain_dose,Texture_SumEntropy-deg135-scale05,7148,0.05503866882644467
Chromium,within_strain_dose,Texture_Entropy-deg000-scale05,7148,0.0073973958819332376
Chromium,within_strain_dose,Texture_Entropy-deg045-scale05,7148,0.015189897652696105
Chromium,within_strain_dose,Texture_Entropy-deg090-scale05,7148,0.008190016174684516
Chromium,within_strain_dose,Texture_Entropy-deg135-scale05,7148,0.008840366999271118
Chromium,within_strain_dose,Texture_DiffVariance-deg000-scale05,7148,0.02001454799432442
Chromium,within_strain_dose,Texture_DiffVariance-deg045-scale05,7148,0.02639430877649507
Chromium,within_strain_dose,Texture_DiffVariance-deg090-scale05,7148,0.009091880959410052
Chromium,within_strain_dose,Texture_DiffVariance-deg135-scale05,7148,0.03865416595658643
Chromium,within_strain_dose,Texture_DiffEntropy-deg000-scale05,7148,-0.07131655172119705
Chromium,within_strain_dose,Texture_DiffEntropy-deg045-scale05,7148,-0.0737949735834439
Chromium,within_strain_dose,Texture_DiffEntropy-deg090-scale05,7148,-0.06729465492876184
Chromium,within_strain_dose,Texture_DiffEntropy-deg135-scale05,7148,-0.09450916519715045
Chromium,within_strain_dose,Texture_InfoCorrelation1-deg000-scale05,7148,-0.04456014550500261
Chromium,within_strain_dose,Texture_InfoCorrelation1-deg045-scale05,7148,-0.04724448129554496
Chromium,within_strain_dose,Texture_InfoCorrelation1-deg090-scale05,7148,-0.033415016748874184
Chromium,within_strain_dose,Texture_InfoCorrelation1-deg135-scale05,7148,-0.06394972439488762
Chromium,within_strain_dose,Texture_InfoCorrelation2-deg000-scale05,7148,0.06708873587477769
Chromium,within_strain_dose,Texture_InfoCorrelation2-deg045-scale05,7148,0.07840713830537199
Chromium,within_strain_dose,Texture_InfoCorrelation2-deg090-scale05,7148,0.06082485978278611
Chromium,within_strain_dose,Texture_InfoCorrelation2-deg135-scale05,7148,0.08862823196484536
Chromium,within_strain_dose,Texture_AngularSecondMoment-avg-scale05,7148,-0.09030807524986706
Chromium,within_strain_dose,Texture_Contrast-avg-scale05,7148,-0.08717144412663846
Chromium,within_strain_dose,Texture_Correlation-avg-scale05,7148,0.06999032194118064
Chromium,within_strain_dose,Texture_HaralickVariance-avg-scale05,7148,-0.054009197920187435
Chromium,within_strain_dose,Texture_InverseDifferenceMoment-avg-scale05,7148,0.028611302906777273
Chromium,within_strain_dose,Texture_SumAverage-avg-scale05,7148,0.0989882418735467
Chromium,within_strain_dose,Texture_SumVariance-avg-scale05,7148,-0.0352258524613416
Chromium,within_strain_dose,Texture_SumEntropy-avg-scale05,7148,0.051043189077547915
Chromium,within_strain_dose,Texture_Entropy-avg-scale05,7148,0.009865500127232127
Chromium,within_strain_dose,Texture_DiffVariance-avg-scale05,7148,0.025356625334185822
Chromium,within_strain_dose,Texture_DiffEntropy-avg-scale05,7148,-0.08049653636835791
Chromium,within_strain_dose,Texture_InfoCorrelation1-avg-scale05,7148,-0.04949593960338806
Chromium,within_strain_dose,Texture_InfoCorrelation2-avg-scale05,7148,0.07776542590899221
Chromium,within_strain_dose,ColorLab_L*GeoMedian,7148,0.23536720941235773
Chromium,within_strain_dose,ColorLab_b*GeoMedian,7148,0.6367914238015436
Chromium,within_strain_dose,ColorLab_L*Medoid,7148,0.215825667457095
Chromium,within_strain_dose,ColorLab_a*Medoid,7148,0.9874157196845658
Chromium,within_strain_dose,ColorLab_b*Medoid,7148,0.6430578183809341
Chromium,within_strain_dose,ColorLab_DeltaE2000MedianFromMedoid,7148,0.09360692124289348
Chromium,within_strain_dose,ColorLab_DeltaE2000MeanFromMedoid,7148,0.13816552299562013
Chromium,within_strain_dose,ColorLab_DeltaE2000P95FromMedoid,7148,0.17185423482650872
Chromium,within_strain_dose,ColorLab_LabTotalVariance,7148,0.6629354617945368
Chromium,within_strain_dose,ColorHSV_HueRobustMean,7148,-0.23475006739875603
Chromium,within_strain_dose,ColorHSV_SaturationRobustMean,7148,0.8154737897796904
Chromium,within_strain_dose,ColorHSV_ValueRobustMean,7148,0.716454520141389
Chromium,within_strain_dose,ColorHSV_HSVConeVariance,7148,0.5534834643328016
Copper,all_doses,Shape_Area,7484,0.5877483623910631
Copper,all_doses,Shape_Perimeter,7484,0.5759446852552411
Copper,all_doses,Shape_Circularity,7484,0.23394191171619458
Copper,all_doses,Shape_ConvexArea,7484,0.5830826777166428
Copper,all_doses,Shape_MedianRadius,7484,0.5894866908776432
Copper,all_doses,Shape_MeanRadius,7484,0.5921394449520412
Copper,all_doses,Shape_MaxRadius,7484,0.6071088267198055
Copper,all_doses,Shape_MinFeretDiameter,7484,0.603190907804062
Copper,all_doses,Shape_MaxFeretDiameter,7484,0.5642318315032615
Copper,all_doses,Shape_Eccentricity,7484,-0.3820263701412855
Copper,all_doses,Shape_Solidity,7484,0.5907127209570718
Copper,all_doses,Shape_Extent,7484,0.18934120298978208
Copper,all_doses,Shape_BboxArea,7484,0.5830933825813179
Copper,all_doses,Shape_MajorAxisLength,7484,0.5602103381253369
Copper,all_doses,Shape_MinorAxisLength,7484,0.600708894196883
Copper,all_doses,Shape_Compactness,7484,-0.23397844194344788
Copper,all_doses,Shape_Orientation,7484,0.03465365710317751
Copper,all_doses,Intensity_IntegratedIntensity,7484,0.6233007116877746
Copper,all_doses,Intensity_MinimumIntensity,7484,0.7270937814133182
Copper,all_doses,Intensity_MaximumIntensity,7484,0.21363441894721075
Copper,all_doses,Intensity_MeanIntensity,7484,0.36614578339895226
Copper,all_doses,Intensity_MedianIntensity,7484,0.26522399858448953
Copper,all_doses,Intensity_StandardDeviationIntensity,7484,-0.4741008772685277
Copper,all_doses,Intensity_CoefficientVarianceIntensity,7484,-0.5683227995129785
Copper,all_doses,Intensity_LowerQuartileIntensity,7484,0.33567875902790506
Copper,all_doses,Intensity_UpperQuartileIntensity,7484,0.2954800155657396
Copper,all_doses,Intensity_InterquartileRangeIntensity,7484,-0.1910522191717582
Copper,all_doses,Intensity_Density,7484,0.36614578339895226
Copper,all_doses,Intensity_ConvexDensity,7484,0.6358703304020404
Copper,all_doses,Texture_AngularSecondMoment-deg000-scale05,7484,0.39967203650330274
Copper,all_doses,Texture_AngularSecondMoment-deg045-scale05,7484,0.3634980706874706
Copper,all_doses,Texture_AngularSecondMoment-deg090-scale05,7484,0.3941342953623996
Copper,all_doses,Texture_AngularSecondMoment-deg135-scale05,7484,0.3755510734053763
Copper,all_doses,Texture_Contrast-deg000-scale05,7484,-0.7490771418953325
Copper,all_doses,Texture_Contrast-deg045-scale05,7484,-0.7235618367666639
Copper,all_doses,Texture_Contrast-deg090-scale05,7484,-0.7411418350938207
Copper,all_doses,Texture_Contrast-deg135-scale05,7484,-0.7389675408318934
Copper,all_doses,Texture_Correlation-deg000-scale05,7484,0.4631484260853451
Copper,all_doses,Texture_Correlation-deg045-scale05,7484,0.5102594118699627
Copper,all_doses,Texture_Correlation-deg090-scale05,7484,0.4582702105859272
Copper,all_doses,Texture_Correlation-deg135-scale05,7484,0.5200112698916107
Copper,all_doses,Texture_HaralickVariance-deg000-scale05,7484,-0.40291077506922496
Copper,all_doses,Texture_HaralickVariance-deg045-scale05,7484,-0.4009205753018346
Copper,all_doses,Texture_HaralickVariance-deg090-scale05,7484,-0.4053954470393137
Copper,all_doses,Texture_HaralickVariance-deg135-scale05,7484,-0.3978220553318797
Copper,all_doses,Texture_InverseDifferenceMoment-deg000-scale05,7484,0.6971346830155555
Copper,all_doses,Texture_InverseDifferenceMoment-deg045-scale05,7484,0.6461072794417432
Copper,all_doses,Texture_InverseDifferenceMoment-deg090-scale05,7484,0.6850613413101553
Copper,all_doses,Texture_InverseDifferenceMoment-deg135-scale05,7484,0.6691246134304041
Copper,all_doses,Texture_SumAverage-deg000-scale05,7484,0.33809952848788327
Copper,all_doses,Texture_SumAverage-deg045-scale05,7484,0.33294538991605344
Copper,all_doses,Texture_SumAverage-deg090-scale05,7484,0.33821115545590685
Copper,all_doses,Texture_SumAverage-deg135-scale05,7484,0.3323418333907272
Copper,all_doses,Texture_SumVariance-deg000-scale05,7484,-0.3231516894766271
Copper,all_doses,Texture_SumVariance-deg045-scale05,7484,-0.29236788584862555
Copper,all_doses,Texture_SumVariance-deg090-scale05,7484,-0.3248045470818762
Copper,all_doses,Texture_SumVariance-deg135-scale05,7484,-0.28853683566310767
Copper,all_doses,Texture_SumEntropy-deg000-scale05,7484,-0.237221339908404
Copper,all_doses,Texture_SumEntropy-deg045-scale05,7484,-0.21075907366690702
Copper,all_doses,Texture_SumEntropy-deg090-scale05,7484,-0.2392628818237368
Copper,all_doses,Texture_SumEntropy-deg135-scale05,7484,-0.21272367710612525
Copper,all_doses,Texture_Entropy-deg000-scale05,7484,-0.5312702532819243
Copper,all_doses,Texture_Entropy-deg045-scale05,7484,-0.4927126679803068
Copper,all_doses,Texture_Entropy-deg090-scale05,7484,-0.5267178772217336
Copper,all_doses,Texture_Entropy-deg135-scale05,7484,-0.5024995472572376
Copper,all_doses,Texture_DiffVariance-deg000-scale05,7484,0.6405110116817325
Copper,all_doses,Texture_DiffVariance-deg045-scale05,7484,0.594283165806081
Copper,all_doses,Texture_DiffVariance-deg090-scale05,7484,0.6235743063040166
Copper,all_doses,Texture_DiffVariance-deg135-scale05,7484,0.6162337615018089
Copper,all_doses,Texture_DiffEntropy-deg000-scale05,7484,-0.7460244165380174
Copper,all_doses,Texture_DiffEntropy-deg045-scale05,7484,-0.7139721359630087
Copper,all_doses,Texture_DiffEntropy-deg090-scale05,7484,-0.7368978802397262
Copper,all_doses,Texture_DiffEntropy-deg135-scale05,7484,-0.7302248290785185
Copper,all_doses,Texture_InfoCorrelation1-deg000-scale05,7484,-0.5734725063831928
Copper,all_doses,Texture_InfoCorrelation1-deg045-scale05,7484,-0.5900900684116395
Copper,all_doses,Texture_InfoCorrelation1-deg090-scale05,7484,-0.5707567945469723
Copper,all_doses,Texture_InfoCorrelation1-deg135-scale05,7484,-0.5988958507046315
Copper,all_doses,Texture_InfoCorrelation2-deg000-scale05,7484,0.446323010102898
Copper,all_doses,Texture_InfoCorrelation2-deg045-scale05,7484,0.49259607647131165
Copper,all_doses,Texture_InfoCorrelation2-deg090-scale05,7484,0.44424338687762865
Copper,all_doses,Texture_InfoCorrelation2-deg135-scale05,7484,0.49908567132568793
Copper,all_doses,Texture_AngularSecondMoment-avg-scale05,7484,0.3835827581444538
Copper,all_doses,Texture_Contrast-avg-scale05,7484,-0.7393326878873747
Copper,all_doses,Texture_Correlation-avg-scale05,7484,0.49425845461874945
Copper,all_doses,Texture_HaralickVariance-avg-scale05,7484,-0.4018936738840989
Copper,all_doses,Texture_InverseDifferenceMoment-avg-scale05,7484,0.6765107280925639
Copper,all_doses,Texture_SumAverage-avg-scale05,7484,0.33541406176203037
Copper,all_doses,Texture_SumVariance-avg-scale05,7484,-0.30828836932777953
Copper,all_doses,Texture_SumEntropy-avg-scale05,7484,-0.2250999324173591
Copper,all_doses,Texture_Entropy-avg-scale05,7484,-0.51338499196623
Copper,all_doses,Texture_DiffVariance-avg-scale05,7484,0.6202347853234457
Copper,all_doses,Texture_DiffEntropy-avg-scale05,7484,-0.7336335700795922
Copper,all_doses,Texture_InfoCorrelation1-avg-scale05,7484,-0.585339119415278
Copper,all_doses,Texture_InfoCorrelation2-avg-scale05,7484,0.4765115577108163
Copper,all_doses,ColorLab_L*GeoMedian,7484,0.42259748085212406
Copper,all_doses,ColorLab_b*GeoMedian,7484,0.33168429004447647
Copper,all_doses,ColorLab_L*Medoid,7484,0.3996071887542053
Copper,all_doses,ColorLab_a*Medoid,7484,0.9982585499292334
Copper,all_doses,ColorLab_b*Medoid,7484,0.34519136358576186
Copper,all_doses,ColorLab_DeltaE2000MedianFromMedoid,7484,-0.2779128950151035
Copper,all_doses,ColorLab_DeltaE2000MeanFromMedoid,7484,-0.5474991338630141
Copper,all_doses,ColorLab_DeltaE2000P95FromMedoid,7484,-0.6883153462832876
Copper,all_doses,ColorLab_LabTotalVariance,7484,-0.029562771197649648
Copper,all_doses,ColorHSV_HueRobustMean,7484,-0.9009674834722935
Copper,all_doses,ColorHSV_SaturationRobustMean,7484,0.4708469470698218
Copper,all_doses,ColorHSV_ValueRobustMean,7484,0.8215241932698679
Copper,all_doses,ColorHSV_HSVConeVariance,7484,-0.004137912951722861
Copper,dose0,Shape_Area,1116,0.17778659540638705
Copper,dose0,Shape_Perimeter,1116,0.1779488751245809
Copper,dose0,Shape_Circularity,1116,-0.024074001888069324
Copper,dose0,Shape_ConvexArea,1116,0.17729588223641377
Copper,dose0,Shape_MedianRadius,1116,0.17941413793143743
Copper,dose0,Shape_MeanRadius,1116,0.17980461689887228
Copper,dose0,Shape_MaxRadius,1116,0.1839413811278328
Copper,dose0,Shape_MinFeretDiameter,1116,0.18083657444525028
Copper,dose0,Shape_MaxFeretDiameter,1116,0.17127373809961988
Copper,dose0,Shape_Eccentricity,1116,-0.06525862228611619
Copper,dose0,Shape_Solidity,1116,0.17863705983342534
Copper,dose0,Shape_Extent,1116,-0.013287919175196285
Copper,dose0,Shape_BboxArea,1116,0.17881580327344387
Copper,dose0,Shape_MajorAxisLength,1116,0.1714073662158188
Copper,dose0,Shape_MinorAxisLength,1116,0.18073576168108535
Copper,dose0,Shape_Compactness,1116,0.02405094169712904
Copper,dose0,Shape_Orientation,1116,0.02670859632721349
Copper,dose0,Intensity_IntegratedIntensity,1116,0.09431322827434963
Copper,dose0,Intensity_MinimumIntensity,1116,0.05167069615660175
Copper,dose0,Intensity_MaximumIntensity,1116,-0.5037522453145011
Copper,dose0,Intensity_MeanIntensity,1116,-0.45512244672165636
Copper,dose0,Intensity_MedianIntensity,1116,-0.4998216612376796
Copper,dose0,Intensity_StandardDeviationIntensity,1116,-0.616302182261585
Copper,dose0,Intensity_CoefficientVarianceIntensity,1116,-0.5273964176757443
Copper,dose0,Intensity_LowerQuartileIntensity,1116,-0.37563061873617637
Copper,dose0,Intensity_UpperQuartileIntensity,1116,-0.5314486569942505
Copper,dose0,Intensity_InterquartileRangeIntensity,1116,-0.4360800040992059
Copper,dose0,Intensity_Density,1116,-0.45512244672165636
Copper,dose0,Intensity_ConvexDensity,1116,0.02269151279212507
Copper,dose0,Texture_AngularSecondMoment-deg000-scale05,1116,0.195683582926877
Copper,dose0,Texture_AngularSecondMoment-deg045-scale05,1116,0.17731530770613133
Copper,dose0,Texture_AngularSecondMoment-deg090-scale05,1116,0.1895399198366983
Copper,dose0,Texture_AngularSecondMoment-deg135-scale05,1116,0.19452048940269404
Copper,dose0,Texture_Contrast-deg000-scale05,1116,-0.16627361171240135
Copper,dose0,Texture_Contrast-deg045-scale05,1116,-0.2162045455340133
Copper,dose0,Texture_Contrast-deg090-scale05,1116,-0.12968775111466585
Copper,dose0,Texture_Contrast-deg135-scale05,1116,-0.24847379048715756
Copper,dose0,Texture_Correlation-deg000-scale05,1116,-0.5370357587931656
Copper,dose0,Texture_Correlation-deg045-scale05,1116,-0.5143283602835825
Copper,dose0,Texture_Correlation-deg090-scale05,1116,-0.5422814989711193
Copper,dose0,Texture_Correlation-deg135-scale05,1116,-0.507158937423353
Copper,dose0,Texture_HaralickVariance-deg000-scale05,1116,-0.5910171879577802
Copper,dose0,Texture_HaralickVariance-deg045-scale05,1116,-0.5879654984664024
Copper,dose0,Texture_HaralickVariance-deg090-scale05,1116,-0.5943668555210834
Copper,dose0,Texture_HaralickVariance-deg135-scale05,1116,-0.5873313647994
Copper,dose0,Texture_InverseDifferenceMoment-deg000-scale05,1116,0.012016414262905084
Copper,dose0,Texture_InverseDifferenceMoment-deg045-scale05,1116,0.06771956165952737
Copper,dose0,Texture_InverseDifferenceMoment-deg090-scale05,1116,-0.0425846960192421
Copper,dose0,Texture_InverseDifferenceMoment-deg135-scale05,1116,0.1429111259291472
Copper,dose0,Texture_SumAverage-deg000-scale05,1116,-0.4669292472159957
Copper,dose0,Texture_SumAverage-deg045-scale05,1116,-0.47085484973902747
Copper,dose0,Texture_SumAverage-deg090-scale05,1116,-0.4667965583075115
Copper,dose0,Texture_SumAverage-deg135-scale05,1116,-0.4710676406510848
Copper,dose0,Texture_SumVariance-deg000-scale05,1116,-0.591384312068358
Copper,dose0,Texture_SumVariance-deg045-scale05,1116,-0.5902369315907912
Copper,dose0,Texture_SumVariance-deg090-scale05,1116,-0.5952148333922789
Copper,dose0,Texture_SumVariance-deg135-scale05,1116,-0.587584491620133
Copper,dose0,Texture_SumEntropy-deg000-scale05,1116,-0.468936373082636
Copper,dose0,Texture_SumEntropy-deg045-scale05,1116,-0.4728011436680545
Copper,dose0,Texture_SumEntropy-deg090-scale05,1116,-0.4731194191974493
Copper,dose0,Texture_SumEntropy-deg135-scale05,1116,-0.4712740254749063
Copper,dose0,Texture_Entropy-deg000-scale05,1116,-0.3820794689059312
Copper,dose0,Texture_Entropy-deg045-scale05,1116,-0.3656972019078575
Copper,dose0,Texture_Entropy-deg090-scale05,1116,-0.3773011400635507
Copper,dose0,Texture_Entropy-deg135-scale05,1116,-0.37768073100891625
Copper,dose0,Texture_DiffVariance-deg000-scale05,1116,0.4337510111496585
Copper,dose0,Texture_DiffVariance-deg045-scale05,1116,0.42617376566140736
Copper,dose0,Texture_DiffVariance-deg090-scale05,1116,0.401842095709462
Copper,dose0,Texture_DiffVariance-deg135-scale05,1116,0.45981603734835785
Copper,dose0,Texture_DiffEntropy-deg000-scale05,1116,-0.19129840832449582
Copper,dose0,Texture_DiffEntropy-deg045-scale05,1116,-0.23430300529715298
Copper,dose0,Texture_DiffEntropy-deg090-scale05,1116,-0.14958850595820167
Copper,dose0,Texture_DiffEntropy-deg135-scale05,1116,-0.28242377888151865
Copper,dose0,Texture_InfoCorrelation1-deg000-scale05,1116,0.5371269548983331
Copper,dose0,Texture_InfoCorrelation1-deg045-scale05,1116,0.5288651126895242
Copper,dose0,Texture_InfoCorrelation1-deg090-scale05,1116,0.5461073236481395
Copper,dose0,Texture_InfoCorrelation1-deg135-scale05,1116,0.5171228824565259
Copper,dose0,Texture_InfoCorrelation2-deg000-scale05,1116,-0.5356686978369481
Copper,dose0,Texture_InfoCorrelation2-deg045-scale05,1116,-0.5308817354524709
Copper,dose0,Texture_InfoCorrelation2-deg090-scale05,1116,-0.5445047655641505
Copper,dose0,Texture_InfoCorrelation2-deg135-scale05,1116,-0.5195373561063727
Copper,dose0,Texture_AngularSecondMoment-avg-scale05,1116,0.18912561341856196
Copper,dose0,Texture_Contrast-avg-scale05,1116,-0.20132638833939992
Copper,dose0,Texture_Correlation-avg-scale05,1116,-0.5261544653780501
Copper,dose0,Texture_HaralickVariance-avg-scale05,1116,-0.5902490789845212
Copper,dose0,Texture_InverseDifferenceMoment-avg-scale05,1116,0.05169731336688588
Copper,dose0,Texture_SumAverage-avg-scale05,1116,-0.4688977379817533
Copper,dose0,Texture_SumVariance-avg-scale05,1116,-0.5912104929653252
Copper,dose0,Texture_SumEntropy-avg-scale05,1116,-0.4715562386989633
Copper,dose0,Texture_Entropy-avg-scale05,1116,-0.3756886275055241
Copper,dose0,Texture_DiffVariance-avg-scale05,1116,0.43561628791965007
Copper,dose0,Texture_DiffEntropy-avg-scale05,1116,-0.22271458161660745
Copper,dose0,Texture_InfoCorrelation1-avg-scale05,1116,0.5343776120511816
Copper,dose0,Texture_InfoCorrelation2-avg-scale05,1116,-0.5329595959295095
Copper,dose0,ColorLab_L*GeoMedian,1116,-0.37050260553825326
Copper,dose0,ColorLab_b*GeoMedian,1116,0.282190068896961
Copper,dose0,ColorLab_L*Medoid,1116,-0.3839773027631695
Copper,dose0,ColorLab_a*Medoid,1116,0.9956317644072127
Copper,dose0,ColorLab_b*Medoid,1116,0.2919247933874666
Copper,dose0,ColorLab_DeltaE2000MedianFromMedoid,1116,0.24857953411075792
Copper,dose0,ColorLab_DeltaE2000MeanFromMedoid,1116,0.21094848827325405
Copper,dose0,ColorLab_DeltaE2000P95FromMedoid,1116,-0.06713651266111108
Copper,dose0,ColorLab_LabTotalVariance,1116,0.7333864037166018
Copper,dose0,ColorHSV_HueRobustMean,1116,-0.5486621096241417
Copper,dose0,ColorHSV_SaturationRobustMean,1116,0.6139825049039599
Copper,dose0,ColorHSV_ValueRobustMean,1116,0.5230013058664099
Copper,dose0,ColorHSV_HSVConeVariance,1116,0.6018953214964882
Copper,within_strain_dose,Shape_Area,7426,0.37567439833315885
Copper,within_strain_dose,Shape_Perimeter,7426,0.38151938104256544
Copper,within_strain_dose,Shape_Circularity,7426,0.05506165689095828
Copper,within_strain_dose,Shape_ConvexArea,7426,0.38210433277643197
Copper,within_strain_dose,Shape_MedianRadius,7426,0.37945377468735514
Copper,within_strain_dose,Shape_MeanRadius,7426,0.37920285704874235
Copper,within_strain_dose,Shape_MaxRadius,7426,0.3786915098220206
Copper,within_strain_dose,Shape_MinFeretDiameter,7426,0.3826851581500144
Copper,within_strain_dose,Shape_MaxFeretDiameter,7426,0.3775726849717031
Copper,within_strain_dose,Shape_Eccentricity,7426,-0.08429522346417745
Copper,within_strain_dose,Shape_Solidity,7426,0.3840685719401483
Copper,within_strain_dose,Shape_Extent,7426,0.04739638335739154
Copper,within_strain_dose,Shape_BboxArea,7426,0.3755546424598833
Copper,within_strain_dose,Shape_MajorAxisLength,7426,0.37913351945165685
Copper,within_strain_dose,Shape_MinorAxisLength,7426,0.38192730534520714
Copper,within_strain_dose,Shape_Compactness,7426,-0.055056219078980395
Copper,within_strain_dose,Shape_Orientation,7426,0.04395784350842528
Copper,within_strain_dose,Intensity_IntegratedIntensity,7426,0.3159604588976034
Copper,within_strain_dose,Intensity_MinimumIntensity,7426,0.1974995413824116
Copper,within_strain_dose,Intensity_MaximumIntensity,7426,-0.17990802678896298
Copper,within_strain_dose,Intensity_MeanIntensity,7426,-0.2574404450003265
Copper,within_strain_dose,Intensity_MedianIntensity,7426,-0.3082496415129523
Copper,within_strain_dose,Intensity_StandardDeviationIntensity,7426,-0.27941810521117044
Copper,within_strain_dose,Intensity_CoefficientVarianceIntensity,7426,-0.21749109235677686
Copper,within_strain_dose,Intensity_LowerQuartileIntensity,7426,-0.2431789705976964
Copper,within_strain_dose,Intensity_UpperQuartileIntensity,7426,-0.2756269562655968
Copper,within_strain_dose,Intensity_InterquartileRangeIntensity,7426,-0.10098887005827799
Copper,within_strain_dose,Intensity_Density,7426,-0.2574404450003265
Copper,within_strain_dose,Intensity_ConvexDensity,7426,0.27345404270088747
Copper,within_strain_dose,Texture_AngularSecondMoment-deg000-scale05,7426,0.05394984206494216
Copper,within_strain_dose,Texture_AngularSecondMoment-deg045-scale05,7426,0.034203972092131815
Copper,within_strain_dose,Texture_AngularSecondMoment-deg090-scale05,7426,0.0482467462084687
Copper,within_strain_dose,Texture_AngularSecondMoment-deg135-scale05,7426,0.04645911441328009
Copper,within_strain_dose,Texture_Contrast-deg000-scale05,7426,-0.28116505911350076
Copper,within_strain_dose,Texture_Contrast-deg045-scale05,7426,-0.269727445626588
Copper,within_strain_dose,Texture_Contrast-deg090-scale05,7426,-0.27385914580347975
Copper,within_strain_dose,Texture_Contrast-deg135-scale05,7426,-0.2914935583365252
Copper,within_strain_dose,Texture_Correlation-deg000-scale05,7426,0.06401561816550498
Copper,within_strain_dose,Texture_Correlation-deg045-scale05,7426,0.08510603255530078
Copper,within_strain_dose,Texture_Correlation-deg090-scale05,7426,0.05747614521615644
Copper,within_strain_dose,Texture_Correlation-deg135-scale05,7426,0.10234099297918424
Copper,within_strain_dose,Texture_HaralickVariance-deg000-scale05,7426,-0.2271920130459694
Copper,within_strain_dose,Texture_HaralickVariance-deg045-scale05,7426,-0.22181145307895883
Copper,within_strain_dose,Texture_HaralickVariance-deg090-scale05,7426,-0.22807602935115792
Copper,within_strain_dose,Texture_HaralickVariance-deg135-scale05,7426,-0.22029450335627807
Copper,within_strain_dose,Texture_InverseDifferenceMoment-deg000-scale05,7426,0.22222807413367723
Copper,within_strain_dose,Texture_InverseDifferenceMoment-deg045-scale05,7426,0.1908806048195457
Copper,within_strain_dose,Texture_InverseDifferenceMoment-deg090-scale05,7426,0.19878652496111648
Copper,within_strain_dose,Texture_InverseDifferenceMoment-deg135-scale05,7426,0.22740574786183704
Copper,within_strain_dose,Texture_SumAverage-deg000-scale05,7426,-0.27238784867640153
Copper,within_strain_dose,Texture_SumAverage-deg045-scale05,7426,-0.2753647276361951
Copper,within_strain_dose,Texture_SumAverage-deg090-scale05,7426,-0.27217144567854423
Copper,within_strain_dose,Texture_SumAverage-deg135-scale05,7426,-0.2754504358399377
Copper,within_strain_dose,Texture_SumVariance-deg000-scale05,7426,-0.20180038189215516
Copper,within_strain_dose,Texture_SumVariance-deg045-scale05,7426,-0.18812298525464666
Copper,within_strain_dose,Texture_SumVariance-deg090-scale05,7426,-0.2022564297649645
Copper,within_strain_dose,Texture_SumVariance-deg135-scale05,7426,-0.1853320729298628
Copper,within_strain_dose,Texture_SumEntropy-deg000-scale05,7426,-0.09902841040243747
Copper,within_strain_dose,Texture_SumEntropy-deg045-scale05,7426,-0.09020489879996421
Copper,within_strain_dose,Texture_SumEntropy-deg090-scale05,7426,-0.10039939271871401
Copper,within_strain_dose,Texture_SumEntropy-deg135-scale05,7426,-0.09194782367540386
Copper,within_strain_dose,Texture_Entropy-deg000-scale05,7426,-0.1713640578420488
Copper,within_strain_dose,Texture_Entropy-deg045-scale05,7426,-0.1497149650466537
Copper,within_strain_dose,Texture_Entropy-deg090-scale05,7426,-0.1664285722508951
Copper,within_strain_dose,Texture_Entropy-deg135-scale05,7426,-0.15886854864212613
Copper,within_strain_dose,Texture_DiffVariance-deg000-scale05,7426,0.2683937738739258
Copper,within_strain_dose,Texture_DiffVariance-deg045-scale05,7426,0.24163058172241586
Copper,within_strain_dose,Texture_DiffVariance-deg090-scale05,7426,0.2509636231641881
Copper,within_strain_dose,Texture_DiffVariance-deg135-scale05,7426,0.26337430158885355
Copper,within_strain_dose,Texture_DiffEntropy-deg000-scale05,7426,-0.2886711772645978
Copper,within_strain_dose,Texture_DiffEntropy-deg045-scale05,7426,-0.26958138761440353
Copper,within_strain_dose,Texture_DiffEntropy-deg090-scale05,7426,-0.2764842875861324
Copper,within_strain_dose,Texture_DiffEntropy-deg135-scale05,7426,-0.29481125785419765
Copper,within_strain_dose,Texture_InfoCorrelation1-deg000-scale05,7426,-0.07339464945447238
Copper,within_strain_dose,Texture_InfoCorrelation1-deg045-scale05,7426,-0.06862710258536067
Copper,within_strain_dose,Texture_InfoCorrelation1-deg090-scale05,7426,-0.06376794887695149
Copper,within_strain_dose,Texture_InfoCorrelation1-deg135-scale05,7426,-0.0936643185048348
Copper,within_strain_dose,Texture_InfoCorrelation2-deg000-scale05,7426,0.06418192044518072
Copper,within_strain_dose,Texture_InfoCorrelation2-deg045-scale05,7426,0.07325190034076685
Copper,within_strain_dose,Texture_InfoCorrelation2-deg090-scale05,7426,0.056416442867257735
Copper,within_strain_dose,Texture_InfoCorrelation2-deg135-scale05,7426,0.09112750540215446
Copper,within_strain_dose,Texture_AngularSecondMoment-avg-scale05,7426,0.04574534162199377
Copper,within_strain_dose,Texture_Contrast-avg-scale05,7426,-0.281629791984033
Copper,within_strain_dose,Texture_Correlation-avg-scale05,7426,0.08063753768266507
Copper,within_strain_dose,Texture_HaralickVariance-avg-scale05,7426,-0.22447770890467453
Copper,within_strain_dose,Texture_InverseDifferenceMoment-avg-scale05,7426,0.21123129993497833
Copper,within_strain_dose,Texture_SumAverage-avg-scale05,7426,-0.27385640732289146
Copper,within_strain_dose,Texture_SumVariance-avg-scale05,7426,-0.19499011657270604
Copper,within_strain_dose,Texture_SumEntropy-avg-scale05,7426,-0.0954478356489123
Copper,within_strain_dose,Texture_Entropy-avg-scale05,7426,-0.16160178470296044
Copper,within_strain_dose,Texture_DiffVariance-avg-scale05,7426,0.2573059138191657
Copper,within_strain_dose,Texture_DiffEntropy-avg-scale05,7426,-0.28455922492812014
Copper,within_strain_dose,Texture_InfoCorrelation1-avg-scale05,7426,-0.07538823935265813
Copper,within_strain_dose,Texture_InfoCorrelation2-avg-scale05,7426,0.07381224211845817
Copper,within_strain_dose,ColorLab_L*GeoMedian,7426,-0.17400421161350807
Copper,within_strain_dose,ColorLab_b*GeoMedian,7426,0.3926348063784531
Copper,within_strain_dose,ColorLab_L*Medoid,7426,-0.2033682854690736
Copper,within_strain_dose,ColorLab_a*Medoid,7426,0.9890058580281511
Copper,within_strain_dose,ColorLab_b*Medoid,7426,0.4014779496337859
Copper,within_strain_dose,ColorLab_DeltaE2000MedianFromMedoid,7426,-0.14592188050140129
Copper,within_strain_dose,ColorLab_DeltaE2000MeanFromMedoid,7426,-0.20408097567952402
Copper,within_strain_dose,ColorLab_DeltaE2000P95FromMedoid,7426,-0.2521503698202426
Copper,within_strain_dose,ColorLab_LabTotalVariance,7426,0.20499563484786207
Copper,within_strain_dose,ColorHSV_HueRobustMean,7426,-0.7517761253629195
Copper,within_strain_dose,ColorHSV_SaturationRobustMean,7426,0.6064213461322379
Copper,within_strain_dose,ColorHSV_ValueRobustMean,7426,0.45001873118832336
Copper,within_strain_dose,ColorHSV_HSVConeVariance,7426,0.1317179518147714
Iron,all_doses,Shape_Area,4064,-0.13426562050144303
Iron,all_doses,Shape_Perimeter,4064,-0.12081368302083027
Iron,all_doses,Shape_Circularity,4064,-0.034745824279024146
Iron,all_doses,Shape_ConvexArea,4064,-0.12920753943731808
Iron,all_doses,Shape_MedianRadius,4064,-0.1489341828674044
Iron,all_doses,Shape_MeanRadius,4064,-0.15023744608435677
Iron,all_doses,Shape_MaxRadius,4064,-0.14690163080059798
Iron,all_doses,Shape_MinFeretDiameter,4064,-0.12441476913701432
Iron,all_doses,Shape_MaxFeretDiameter,4064,-0.13122171711628322
Iron,all_doses,Shape_Eccentricity,4064,-0.016970399797059804
Iron,all_doses,Shape_Solidity,4064,-0.13667834095061074
Iron,all_doses,Shape_Extent,4064,-0.0619701532078706
Iron,all_doses,Shape_BboxArea,4064,-0.12732359466894244
Iron,all_doses,Shape_MajorAxisLength,4064,-0.1309596193751477
Iron,all_doses,Shape_MinorAxisLength,4064,-0.1226168842131095
Iron,all_doses,Shape_Compactness,4064,0.03476333583008661
Iron,all_doses,Shape_Orientation,4064,0.041733452152768004
Iron,all_doses,Intensity_IntegratedIntensity,4064,-0.24639826619089408
Iron,all_doses,Intensity_MinimumIntensity,4064,-0.24441527030565627
Iron,all_doses,Intensity_MaximumIntensity,4064,-0.4710169574168912
Iron,all_doses,Intensity_MeanIntensity,4064,-0.5327086455630672
Iron,all_doses,Intensity_MedianIntensity,4064,-0.5855282965175753
Iron,all_doses,Intensity_StandardDeviationIntensity,4064,-0.25274747046851676
Iron,all_doses,Intensity_CoefficientVarianceIntensity,4064,-0.07188643996377736
Iron,all_doses,Intensity_LowerQuartileIntensity,4064,-0.5343727476113834
Iron,all_doses,Intensity_UpperQuartileIntensity,4064,-0.563757664669133
Iron,all_doses,Intensity_InterquartileRangeIntensity,4064,0.006367989729786201
Iron,all_doses,Intensity_Density,4064,-0.5327086455630672
Iron,all_doses,Intensity_ConvexDensity,4064,-0.31784956529625996
Iron,all_doses,Texture_AngularSecondMoment-deg000-scale05,4064,-0.20859869253807548
Iron,all_doses,Texture_AngularSecondMoment-deg045-scale05,4064,-0.20662281175961855
Iron,all_doses,Texture_AngularSecondMoment-deg090-scale05,4064,-0.20468366233107005
Iron,all_doses,Texture_AngularSecondMoment-deg135-scale05,4064,-0.20580062646979483
Iron,all_doses,Texture_Contrast-deg000-scale05,4064,0.11136823614239542
Iron,all_doses,Texture_Contrast-deg045-scale05,4064,0.035336042213253815
Iron,all_doses,Texture_Contrast-deg090-scale05,4064,0.10479067015452666
Iron,all_doses,Texture_Contrast-deg135-scale05,4064,0.025533870250301512
Iron,all_doses,Texture_Correlation-deg000-scale05,4064,-0.38426869252684814
Iron,all_doses,Texture_Correlation-deg045-scale05,4064,-0.33710314615011444
Iron,all_doses,Texture_Correlation-deg090-scale05,4064,-0.39838711695909
Iron,all_doses,Texture_Correlation-deg135-scale05,4064,-0.3262342418298612
Iron,all_doses,Texture_HaralickVariance-deg000-scale05,4064,-0.19707816418388333
Iron,all_doses,Texture_HaralickVariance-deg045-scale05,4064,-0.18169231411355358
Iron,all_doses,Texture_HaralickVariance-deg090-scale05,4064,-0.19755516542628632
Iron,all_doses,Texture_HaralickVariance-deg135-scale05,4064,-0.1811756976128175
Iron,all_doses,Texture_InverseDifferenceMoment-deg000-scale05,4064,-0.25985455572538835
Iron,all_doses,Texture_InverseDifferenceMoment-deg045-scale05,4064,-0.20367113586717428
Iron,all_doses,Texture_InverseDifferenceMoment-deg090-scale05,4064,-0.2559860000485854
Iron,all_doses,Texture_InverseDifferenceMoment-deg135-scale05,4064,-0.17773329657081605
Iron,all_doses,Texture_SumAverage-deg000-scale05,4064,-0.5410686214236935
Iron,all_doses,Texture_SumAverage-deg045-scale05,4064,-0.5437452163251694
Iron,all_doses,Texture_SumAverage-deg090-scale05,4064,-0.5408860754374665
Iron,all_doses,Texture_SumAverage-deg135-scale05,4064,-0.5438717847031261
Iron,all_doses,Texture_SumVariance-deg000-scale05,4064,-0.2240247920012112
Iron,all_doses,Texture_SumVariance-deg045-scale05,4064,-0.21547369476836237
Iron,all_doses,Texture_SumVariance-deg090-scale05,4064,-0.22641746610934727
Iron,all_doses,Texture_SumVariance-deg135-scale05,4064,-0.21089777057913683
Iron,all_doses,Texture_SumEntropy-deg000-scale05,4064,-0.06469883339494945
Iron,all_doses,Texture_SumEntropy-deg045-scale05,4064,-0.06826195275902346
Iron,all_doses,Texture_SumEntropy-deg090-scale05,4064,-0.06504227165067925
Iron,all_doses,Texture_SumEntropy-deg135-scale05,4064,-0.06639191147338304
Iron,all_doses,Texture_Entropy-deg000-scale05,4064,0.04830635751149285
Iron,all_doses,Texture_Entropy-deg045-scale05,4064,0.04572150293538649
Iron,all_doses,Texture_Entropy-deg090-scale05,4064,0.04711169589898461
Iron,all_doses,Texture_Entropy-deg135-scale05,4064,0.04261098109516951
Iron,all_doses,Texture_DiffVariance-deg000-scale05,4064,0.13314000592879086
Iron,all_doses,Texture_DiffVariance-deg045-scale05,4064,0.1255396959920363
Iron,all_doses,Texture_DiffVariance-deg090-scale05,4064,0.12431796665258617
Iron,all_doses,Texture_DiffVariance-deg135-scale05,4064,0.1521631823262793
Iron,all_doses,Texture_DiffEntropy-deg000-scale05,4064,0.10512142804494552
Iron,all_doses,Texture_DiffEntropy-deg045-scale05,4064,0.043913563205643553
Iron,all_doses,Texture_DiffEntropy-deg090-scale05,4064,0.09773437143500488
Iron,all_doses,Texture_DiffEntropy-deg135-scale05,4064,0.02823092586615099
Iron,all_doses,Texture_InfoCorrelation1-deg000-scale05,4064,0.401971582179848
Iron,all_doses,Texture_InfoCorrelation1-deg045-scale05,4064,0.34301479192047396
Iron,all_doses,Texture_InfoCorrelation1-deg090-scale05,4064,0.40666803822307307
Iron,all_doses,Texture_InfoCorrelation1-deg135-scale05,4064,0.33750970804992364
Iron,all_doses,Texture_InfoCorrelation2-deg000-scale05,4064,-0.31397600555295135
Iron,all_doses,Texture_InfoCorrelation2-deg045-scale05,4064,-0.28470638243778684
Iron,all_doses,Texture_InfoCorrelation2-deg090-scale05,4064,-0.3212129541125993
Iron,all_doses,Texture_InfoCorrelation2-deg135-scale05,4064,-0.275876489870071
Iron,all_doses,Texture_AngularSecondMoment-avg-scale05,4064,-0.20654064709720416
Iron,all_doses,Texture_Contrast-avg-scale05,4064,0.06134882343937791
Iron,all_doses,Texture_Correlation-avg-scale05,4064,-0.3697715466111078
Iron,all_doses,Texture_HaralickVariance-avg-scale05,4064,-0.18952901962038163
Iron,all_doses,Texture_InverseDifferenceMoment-avg-scale05,4064,-0.2229900003912433
Iron,all_doses,Texture_SumAverage-avg-scale05,4064,-0.542437509650125
Iron,all_doses,Texture_SumVariance-avg-scale05,4064,-0.21972735349900746
Iron,all_doses,Texture_SumEntropy-avg-scale05,4064,-0.06621149226011612
Iron,all_doses,Texture_Entropy-avg-scale05,4064,0.04585552932114444
Iron,all_doses,Texture_DiffVariance-avg-scale05,4064,0.13488401839605693
Iron,all_doses,Texture_DiffEntropy-avg-scale05,4064,0.0658171834401963
Iron,all_doses,Texture_InfoCorrelation1-avg-scale05,4064,0.38022647804302506
Iron,all_doses,Texture_InfoCorrelation2-avg-scale05,4064,-0.3023230913029711
Iron,all_doses,ColorLab_L*GeoMedian,4064,-0.48361768278274525
Iron,all_doses,ColorLab_b*GeoMedian,4064,0.6631195737835429
Iron,all_doses,ColorLab_L*Medoid,4064,-0.4971688992264389
Iron,all_doses,ColorLab_a*Medoid,4064,0.9950058102235865
Iron,all_doses,ColorLab_b*Medoid,4064,0.6708281950324606
Iron,all_doses,ColorLab_DeltaE2000MedianFromMedoid,4064,0.02928970409973247
Iron,all_doses,ColorLab_DeltaE2000MeanFromMedoid,4064,0.14109348425059193
Iron,all_doses,ColorLab_DeltaE2000P95FromMedoid,4064,0.005695030297253851
Iron,all_doses,ColorLab_LabTotalVariance,4064,0.7531868643365068
Iron,all_doses,ColorHSV_HueRobustMean,4064,-0.19054296256226685
Iron,all_doses,ColorHSV_SaturationRobustMean,4064,0.8967113178382738
Iron,all_doses,ColorHSV_ValueRobustMean,4064,0.15819065212343944
Iron,all_doses,ColorHSV_HSVConeVariance,4064,0.5925944850174102
Iron,dose0,Shape_Area,601,0.01659930131669407
Iron,dose0,Shape_Perimeter,601,0.018536443717110784
Iron,dose0,Shape_Circularity,601,-0.035465696707038655
Iron,dose0,Shape_ConvexArea,601,0.017663196997252644
Iron,dose0,Shape_MedianRadius,601,0.015860799383073047
Iron,dose0,Shape_MeanRadius,601,0.014826673152718893
Iron,dose0,Shape_MaxRadius,601,0.012616628224128547
Iron,dose0,Shape_MinFeretDiameter,601,0.0139102778016163
Iron,dose0,Shape_MaxFeretDiameter,601,0.016392364911772563
Iron,dose0,Shape_Eccentricity,601,-0.07177301396896646
Iron,dose0,Shape_Solidity,601,0.01627862753660842
Iron,dose0,Shape_Extent,601,-0.011773898430633332
Iron,dose0,Shape_BboxArea,601,0.01656053326773214
Iron,dose0,Shape_MajorAxisLength,601,0.01478405315614618
Iron,dose0,Shape_MinorAxisLength,601,0.019728028037434845
Iron,dose0,Shape_Compactness,601,0.03549947208694259
Iron,dose0,Shape_Orientation,601,0.01169402048634336
Iron,dose0,Intensity_IntegratedIntensity,601,-0.04820614590300773
Iron,dose0,Intensity_MinimumIntensity,601,0.06839807408472039
Iron,dose0,Intensity_MaximumIntensity,601,-0.26890127749432013
Iron,dose0,Intensity_MeanIntensity,601,-0.3545442534867138
Iron,dose0,Intensity_MedianIntensity,601,-0.40708238207638436
Iron,dose0,Intensity_StandardDeviationIntensity,601,-0.38326371882963617
Iron,dose0,Intensity_CoefficientVarianceIntensity,601,-0.368832400042012
Iron,dose0,Intensity_LowerQuartileIntensity,601,-0.36855456852090374
Iron,dose0,Intensity_UpperQuartileIntensity,601,-0.3622491307400181
Iron,dose0,Intensity_InterquartileRangeIntensity,601,-0.12230744993117784
Iron,dose0,Intensity_Density,601,-0.3545442534867138
Iron,dose0,Intensity_ConvexDensity,601,-0.10201297947496146
Iron,dose0,Texture_AngularSecondMoment-deg000-scale05,601,-0.02418764959839913
Iron,dose0,Texture_AngularSecondMoment-deg045-scale05,601,-0.053020270755827784
Iron,dose0,Texture_AngularSecondMoment-deg090-scale05,601,-0.03490052570190326
Iron,dose0,Texture_AngularSecondMoment-deg135-scale05,601,-0.03713014300639577
Iron,dose0,Texture_Contrast-deg000-scale05,601,0.03484823190584906
Iron,dose0,Texture_Contrast-deg045-scale05,601,0.0207291833654872
Iron,dose0,Texture_Contrast-deg090-scale05,601,0.04820504032592413
Iron,dose0,Texture_Contrast-deg135-scale05,601,-0.024959231845042323
Iron,dose0,Texture_Correlation-deg000-scale05,601,-0.3811084515840156
Iron,dose0,Texture_Correlation-deg045-scale05,601,-0.3791198500837475
Iron,dose0,Texture_Correlation-deg090-scale05,601,-0.3917170717685365
Iron,dose0,Texture_Correlation-deg135-scale05,601,-0.36738995362104143
Iron,dose0,Texture_HaralickVariance-deg000-scale05,601,-0.339634662052725
Iron,dose0,Texture_HaralickVariance-deg045-scale05,601,-0.33061873621483584
Iron,dose0,Texture_HaralickVariance-deg090-scale05,601,-0.34340860470644174
Iron,dose0,Texture_HaralickVariance-deg135-scale05,601,-0.3289597625220425
Iron,dose0,Texture_InverseDifferenceMoment-deg000-scale05,601,-0.08049739912991084
Iron,dose0,Texture_InverseDifferenceMoment-deg045-scale05,601,-0.07828259655833855
Iron,dose0,Texture_InverseDifferenceMoment-deg090-scale05,601,-0.1387084648509406
Iron,dose0,Texture_InverseDifferenceMoment-deg135-scale05,601,-0.00783207389677227
Iron,dose0,Texture_SumAverage-deg000-scale05,601,-0.360223050176616
Iron,dose0,Texture_SumAverage-deg045-scale05,601,-0.3624989911609113
Iron,dose0,Texture_SumAverage-deg090-scale05,601,-0.3597426216549384
Iron,dose0,Texture_SumAverage-deg135-scale05,601,-0.3622991581030509
Iron,dose0,Texture_SumVariance-deg000-scale05,601,-0.3489395304614127
Iron,dose0,Texture_SumVariance-deg045-scale05,601,-0.34893201253724415
Iron,dose0,Texture_SumVariance-deg090-scale05,601,-0.3539697956340762
Iron,dose0,Texture_SumVariance-deg135-scale05,601,-0.34445868182044326
Iron,dose0,Texture_SumEntropy-deg000-scale05,601,-0.20444657575137787
Iron,dose0,Texture_SumEntropy-deg045-scale05,601,-0.21131149081541842
Iron,dose0,Texture_SumEntropy-deg090-scale05,601,-0.20855749830017528
Iron,dose0,Texture_SumEntropy-deg135-scale05,601,-0.20974958679056505
Iron,dose0,Texture_Entropy-deg000-scale05,601,-0.13687724224852268
Iron,dose0,Texture_Entropy-deg045-scale05,601,-0.11126892609769987
Iron,dose0,Texture_Entropy-deg090-scale05,601,-0.13239412717453194
Iron,dose0,Texture_Entropy-deg135-scale05,601,-0.1216193940332005
Iron,dose0,Texture_DiffVariance-deg000-scale05,601,0.13272950398284147
Iron,dose0,Texture_DiffVariance-deg045-scale05,601,0.10849801825307767
Iron,dose0,Texture_DiffVariance-deg090-scale05,601,0.10044781399771147
Iron,dose0,Texture_DiffVariance-deg135-scale05,601,0.14313762776325176
Iron,dose0,Texture_DiffEntropy-deg000-scale05,601,0.03672246145681893
Iron,dose0,Texture_DiffEntropy-deg045-scale05,601,0.021678984638006427
Iron,dose0,Texture_DiffEntropy-deg090-scale05,601,0.041867264415343206
Iron,dose0,Texture_DiffEntropy-deg135-scale05,601,-0.022417675966412573
Iron,dose0,Texture_InfoCorrelation1-deg000-scale05,601,0.36035726723456485
Iron,dose0,Texture_InfoCorrelation1-deg045-scale05,601,0.3561692859630406
Iron,dose0,Texture_InfoCorrelation1-deg090-scale05,601,0.3734919099396909
Iron,dose0,Texture_InfoCorrelation1-deg135-scale05,601,0.3468593871786226
Iron,dose0,Texture_InfoCorrelation2-deg000-scale05,601,-0.32745800189053687
Iron,dose0,Texture_InfoCorrelation2-deg045-scale05,601,-0.32500511329401166
Iron,dose0,Texture_InfoCorrelation2-deg090-scale05,601,-0.3407645065533082
Iron,dose0,Texture_InfoCorrelation2-deg135-scale05,601,-0.3188020519510672
Iron,dose0,Texture_AngularSecondMoment-avg-scale05,601,-0.03772052116903721
Iron,dose0,Texture_Contrast-avg-scale05,601,0.01807900453839393
Iron,dose0,Texture_Correlation-avg-scale05,601,-0.38185886202950786
Iron,dose0,Texture_HaralickVariance-avg-scale05,601,-0.3357854295996153
Iron,dose0,Texture_InverseDifferenceMoment-avg-scale05,601,-0.07556276637497858
Iron,dose0,Texture_SumAverage-avg-scale05,601,-0.3612184565038336
Iron,dose0,Texture_SumVariance-avg-scale05,601,-0.34968601610825817
Iron,dose0,Texture_SumEntropy-avg-scale05,601,-0.20817120966716607
Iron,dose0,Texture_Entropy-avg-scale05,601,-0.12553601140955553
Iron,dose0,Texture_DiffVariance-avg-scale05,601,0.12212840172248914
Iron,dose0,Texture_DiffEntropy-avg-scale05,601,0.020314978911117134
Iron,dose0,Texture_InfoCorrelation1-avg-scale05,601,0.3619930238086026
Iron,dose0,Texture_InfoCorrelation2-avg-scale05,601,-0.3298237157340203
Iron,dose0,ColorLab_L*GeoMedian,601,-0.24276007318920298
Iron,dose0,ColorLab_b*GeoMedian,601,0.41067512064609935
Iron,dose0,ColorLab_L*Medoid,601,-0.2607676021691423
Iron,dose0,ColorLab_a*Medoid,601,0.9911892692688268
Iron,dose0,ColorLab_b*Medoid,601,0.42166311960685693
Iron,dose0,ColorLab_DeltaE2000MedianFromMedoid,601,0.358352469030022
Iron,dose0,ColorLab_DeltaE2000MeanFromMedoid,601,0.49973582235587427
Iron,dose0,ColorLab_DeltaE2000P95FromMedoid,601,0.1963857579560091
Iron,dose0,ColorLab_LabTotalVariance,601,0.8452471241176115
Iron,dose0,ColorHSV_HueRobustMean,601,-0.12694119988280886
Iron,dose0,ColorHSV_SaturationRobustMean,601,0.9001985616442144
Iron,dose0,ColorHSV_ValueRobustMean,601,0.561684954754258
Iron,dose0,ColorHSV_HSVConeVariance,601,0.7817777679504261
Iron,within_strain_dose,Shape_Area,3668,0.5167612085331641
Iron,within_strain_dose,Shape_Perimeter,3668,0.5073452151593463
Iron,within_strain_dose,Shape_Circularity,3668,-0.06331977393110148
Iron,within_strain_dose,Shape_ConvexArea,3668,0.5232652070713052
Iron,within_strain_dose,Shape_MedianRadius,3668,0.5206080444505801
Iron,within_strain_dose,Shape_MeanRadius,3668,0.5205860134143848
Iron,within_strain_dose,Shape_MaxRadius,3668,0.5215593675062424
Iron,within_strain_dose,Shape_MinFeretDiameter,3668,0.5306721717237858
Iron,within_strain_dose,Shape_MaxFeretDiameter,3668,0.5025367111203105
Iron,within_strain_dose,Shape_Eccentricity,3668,-0.10398737177061979
Iron,within_strain_dose,Shape_Solidity,3668,0.5264733724082984
Iron,within_strain_dose,Shape_Extent,3668,0.01613813641638694
Iron,within_strain_dose,Shape_BboxArea,3668,0.5111736887601834
Iron,within_strain_dose,Shape_MajorAxisLength,3668,0.5007182653167574
Iron,within_strain_dose,Shape_MinorAxisLength,3668,0.5283578037450567
Iron,within_strain_dose,Shape_Compactness,3668,0.0629362016212271
Iron,within_strain_dose,Shape_Orientation,3668,0.006447264113036096
Iron,within_strain_dose,Intensity_IntegratedIntensity,3668,0.5125457528132502
Iron,within_strain_dose,Intensity_MinimumIntensity,3668,0.0634799353412583
Iron,within_strain_dose,Intensity_MaximumIntensity,3668,0.17924613524418823
Iron,within_strain_dose,Intensity_MeanIntensity,3668,0.12184348292751575
Iron,within_strain_dose,Intensity_MedianIntensity,3668,0.05618584614924203
Iron,within_strain_dose,Intensity_StandardDeviationIntensity,3668,0.0018825838021323369
Iron,within_strain_dose,Intensity_CoefficientVarianceIntensity,3668,-0.04842872338720019
Iron,within_strain_dose,Intensity_LowerQuartileIntensity,3668,0.1388383248946087
Iron,within_strain_dose,Intensity_UpperQuartileIntensity,3668,0.0890809844819768
Iron,within_strain_dose,Intensity_InterquartileRangeIntensity,3668,-0.048049438245683605
Iron,within_strain_dose,Intensity_Density,3668,0.12184348292751575
Iron,within_strain_dose,Intensity_ConvexDensity,3668,0.5117925969825898
Iron,within_strain_dose,Texture_AngularSecondMoment-deg000-scale05,3668,-0.04950333589628955
Iron,within_strain_dose,Texture_AngularSecondMoment-deg045-scale05,3668,-0.04031971786579336
Iron,within_strain_dose,Texture_AngularSecondMoment-deg090-scale05,3668,-0.04644190512462913
Iron,within_strain_dose,Texture_AngularSecondMoment-deg135-scale05,3668,-0.04385069963557565
Iron,within_strain_dose,Texture_Contrast-deg000-scale05,3668,-0.010094969074289811
Iron,within_strain_dose,Texture_Contrast-deg045-scale05,3668,0.0006061107491763438
Iron,within_strain_dose,Texture_Contrast-deg090-scale05,3668,0.010812378100814927
Iron,within_strain_dose,Texture_Contrast-deg135-scale05,3668,0.0011821257477454758
Iron,within_strain_dose,Texture_Correlation-deg000-scale05,3668,0.04664098415380956
Iron,within_strain_dose,Texture_Correlation-deg045-scale05,3668,0.02825873657003087
Iron,within_strain_dose,Texture_Correlation-deg090-scale05,3668,0.03062273396264158
Iron,within_strain_dose,Texture_Correlation-deg135-scale05,3668,0.04359878544435393
Iron,within_strain_dose,Texture_HaralickVariance-deg000-scale05,3668,0.009997362930035288
Iron,within_strain_dose,Texture_HaralickVariance-deg045-scale05,3668,0.012731567064180356
Iron,within_strain_dose,Texture_HaralickVariance-deg090-scale05,3668,0.005925692784214272
Iron,within_strain_dose,Texture_HaralickVariance-deg135-scale05,3668,0.015298543539652057
Iron,within_strain_dose,Texture_InverseDifferenceMoment-deg000-scale05,3668,0.0389311929806313
Iron,within_strain_dose,Texture_InverseDifferenceMoment-deg045-scale05,3668,0.07492120542631561
Iron,within_strain_dose,Texture_InverseDifferenceMoment-deg090-scale05,3668,0.03025672247181803
Iron,within_strain_dose,Texture_InverseDifferenceMoment-deg135-scale05,3668,0.06411929806629116
Iron,within_strain_dose,Texture_SumAverage-deg000-scale05,3668,0.11089669729056789
Iron,within_strain_dose,Texture_SumAverage-deg045-scale05,3668,0.10776541691979803
Iron,within_strain_dose,Texture_SumAverage-deg090-scale05,3668,0.11148715360019683
Iron,within_strain_dose,Texture_SumAverage-deg135-scale05,3668,0.10781921451169577
Iron,within_strain_dose,Texture_SumVariance-deg000-scale05,3668,0.010700614657140891
Iron,within_strain_dose,Texture_SumVariance-deg045-scale05,3668,0.012027840444323451
Iron,within_strain_dose,Texture_SumVariance-deg090-scale05,3668,0.005300679941836469
Iron,within_strain_dose,Texture_SumVariance-deg135-scale05,3668,0.016729862754095787
Iron,within_strain_dose,Texture_SumEntropy-deg000-scale05,3668,0.0544159579437236
Iron,within_strain_dose,Texture_SumEntropy-deg045-scale05,3668,0.055921763830890356
Iron,within_strain_dose,Texture_SumEntropy-deg090-scale05,3668,0.05236328156412842
Iron,within_strain_dose,Texture_SumEntropy-deg135-scale05,3668,0.059060474704831896
Iron,within_strain_dose,Texture_Entropy-deg000-scale05,3668,0.05187827503187164
Iron,within_strain_dose,Texture_Entropy-deg045-scale05,3668,0.04344358110722734
Iron,within_strain_dose,Texture_Entropy-deg090-scale05,3668,0.051839553157172036
Iron,within_strain_dose,Texture_Entropy-deg135-scale05,3668,0.049246074116032185
Iron,within_strain_dose,Texture_DiffVariance-deg000-scale05,3668,-0.07947463907079169
Iron,within_strain_dose,Texture_DiffVariance-deg045-scale05,3668,-0.039288646189184075
Iron,within_strain_dose,Texture_DiffVariance-deg090-scale05,3668,-0.08055216245603358
Iron,within_strain_dose,Texture_DiffVariance-deg135-scale05,3668,-0.04943951765396624
Iron,within_strain_dose,Texture_DiffEntropy-deg000-scale05,3668,0.012694833757284214
Iron,within_strain_dose,Texture_DiffEntropy-deg045-scale05,3668,-0.007998886573215163
Iron,within_strain_dose,Texture_DiffEntropy-deg090-scale05,3668,0.017653565143154314
Iron,within_strain_dose,Texture_DiffEntropy-deg135-scale05,3668,0.00742036069776434
Iron,within_strain_dose,Texture_InfoCorrelation1-deg000-scale05,3668,-0.08407313305865567
Iron,within_strain_dose,Texture_InfoCorrelation1-deg045-scale05,3668,-0.1270952258157063
Iron,within_strain_dose,Texture_InfoCorrelation1-deg090-scale05,3668,-0.08162193315024126
Iron,within_strain_dose,Texture_InfoCorrelation1-deg135-scale05,3668,-0.11358351938342985
Iron,within_strain_dose,Texture_InfoCorrelation2-deg000-scale05,3668,0.09774294862519493
Iron,within_strain_dose,Texture_InfoCorrelation2-deg045-scale05,3668,0.13200139997215912
Iron,within_strain_dose,Texture_InfoCorrelation2-deg090-scale05,3668,0.09190443452704057
Iron,within_strain_dose,Texture_InfoCorrelation2-deg135-scale05,3668,0.12409688964027195
Iron,within_strain_dose,Texture_AngularSecondMoment-avg-scale05,3668,-0.04496662149185135
Iron,within_strain_dose,Texture_Contrast-avg-scale05,3668,-0.004827054543847316
Iron,within_strain_dose,Texture_Correlation-avg-scale05,3668,0.03843344069653376
Iron,within_strain_dose,Texture_HaralickVariance-avg-scale05,3668,0.010988790423595914
Iron,within_strain_dose,Texture_InverseDifferenceMoment-avg-scale05,3668,0.05513740757078552
Iron,within_strain_dose,Texture_SumAverage-avg-scale05,3668,0.1094607993610668
Iron,within_strain_dose,Texture_SumVariance-avg-scale05,3668,0.011044053544736919
Iron,within_strain_dose,Texture_SumEntropy-avg-scale05,3668,0.05556664180349821
Iron,within_strain_dose,Texture_Entropy-avg-scale05,3668,0.049000577420710296
Iron,within_strain_dose,Texture_DiffVariance-avg-scale05,3668,-0.06246150412792791
Iron,within_strain_dose,Texture_DiffEntropy-avg-scale05,3668,0.004515901554841592
Iron,within_strain_dose,Texture_InfoCorrelation1-avg-scale05,3668,-0.10356219370072557
Iron,within_strain_dose,Texture_InfoCorrelation2-avg-scale05,3668,0.11537479417268526
Iron,within_strain_dose,ColorLab_L*GeoMedian,3668,0.20722407402823514
Iron,within_strain_dose,ColorLab_b*GeoMedian,3668,0.7480722457634951
Iron,within_strain_dose,ColorLab_L*Medoid,3668,0.18587539829596084
Iron,within_strain_dose,ColorLab_a*Medoid,3668,0.9636530527642709
Iron,within_strain_dose,ColorLab_b*Medoid,3668,0.7408529602006948
Iron,within_strain_dose,ColorLab_DeltaE2000MedianFromMedoid,3668,-0.29876030399854125
Iron,within_strain_dose,ColorLab_DeltaE2000MeanFromMedoid,3668,0.11515451056209952
Iron,within_strain_dose,ColorLab_DeltaE2000P95FromMedoid,3668,0.36915283026412926
Iron,within_strain_dose,ColorLab_LabTotalVariance,3668,0.544075429073923
Iron,within_strain_dose,ColorHSV_HueRobustMean,3668,0.09050337714192866
Iron,within_strain_dose,ColorHSV_SaturationRobustMean,3668,0.8745497713070794
Iron,within_strain_dose,ColorHSV_ValueRobustMean,3668,0.6220860503880561
Iron,within_strain_dose,ColorHSV_HSVConeVariance,3668,0.42877106687010613
Lead,all_doses,Shape_Area,4606,0.4626193584550347
Lead,all_doses,Shape_Perimeter,4606,0.45754393791492487
Lead,all_doses,Shape_Circularity,4606,0.15136344946316277
Lead,all_doses,Shape_ConvexArea,4606,0.4617518840834333
Lead,all_doses,Shape_MedianRadius,4606,0.4654215030725042
Lead,all_doses,Shape_MeanRadius,4606,0.46498631403386104
Lead,all_doses,Shape_MaxRadius,4606,0.4620944707253676
Lead,all_doses,Shape_MinFeretDiameter,4606,0.4618385072993156
Lead,all_doses,Shape_MaxFeretDiameter,4606,0.460656853449395
Lead,all_doses,Shape_Eccentricity,4606,-0.3485008857085784
Lead,all_doses,Shape_Solidity,4606,0.4630594986544011
Lead,all_doses,Shape_Extent,4606,0.1262455245983463
Lead,all_doses,Shape_BboxArea,4606,0.4624583092638434
Lead,all_doses,Shape_MajorAxisLength,4606,0.46065677739604716
Lead,all_doses,Shape_MinorAxisLength,4606,0.46166880456748055
Lead,all_doses,Shape_Compactness,4606,-0.15168876437101353
Lead,all_doses,Shape_Orientation,4606,-0.02872431491734173
Lead,all_doses,Intensity_IntegratedIntensity,4606,0.4419092197528319
Lead,all_doses,Intensity_MinimumIntensity,4606,-0.4278143081723088
Lead,all_doses,Intensity_MaximumIntensity,4606,-0.3476824112570838
Lead,all_doses,Intensity_MeanIntensity,4606,-0.5271132214022659
Lead,all_doses,Intensity_MedianIntensity,4606,-0.5593350853180192
Lead,all_doses,Intensity_StandardDeviationIntensity,4606,0.5135137682935166
Lead,all_doses,Intensity_CoefficientVarianceIntensity,4606,0.5331885360506083
Lead,all_doses,Intensity_LowerQuartileIntensity,4606,-0.6032904252342248
Lead,all_doses,Intensity_UpperQuartileIntensity,4606,-0.4664239303403104
Lead,all_doses,Intensity_InterquartileRangeIntensity,4606,0.6175795012630702
Lead,all_doses,Intensity_Density,4606,-0.5271132214022659
Lead,all_doses,Intensity_ConvexDensity,4606,0.4180434438065137
Lead,all_doses,Texture_AngularSecondMoment-deg000-scale05,4606,-0.6177178901693721
Lead,all_doses,Texture_AngularSecondMoment-deg045-scale05,4606,-0.6152067711948417
Lead,all_doses,Texture_AngularSecondMoment-deg090-scale05,4606,-0.61954082637413
Lead,all_doses,Texture_AngularSecondMoment-deg135-scale05,4606,-0.6119373062458711
Lead,all_doses,Texture_Contrast-deg000-scale05,4606,0.17130696961195543
Lead,all_doses,Texture_Contrast-deg045-scale05,4606,0.17098625005895204
Lead,all_doses,Texture_Contrast-deg090-scale05,4606,0.19754311887355427
Lead,all_doses,Texture_Contrast-deg135-scale05,4606,0.14749270344200408
Lead,all_doses,Texture_Correlation-deg000-scale05,4606,0.6272968603863835
Lead,all_doses,Texture_Correlation-deg045-scale05,4606,0.6699067931886076
Lead,all_doses,Texture_Correlation-deg090-scale05,4606,0.6264164786704379
Lead,all_doses,Texture_Correlation-deg135-scale05,4606,0.6763531255905575
Lead,all_doses,Texture_HaralickVariance-deg000-scale05,4606,0.5417199840770872
Lead,all_doses,Texture_HaralickVariance-deg045-scale05,4606,0.545605078105272
Lead,all_doses,Texture_HaralickVariance-deg090-scale05,4606,0.541594583406789
Lead,all_doses,Texture_HaralickVariance-deg135-scale05,4606,0.5466104979766515
Lead,all_doses,Texture_InverseDifferenceMoment-deg000-scale05,4606,-0.24037763638839132
Lead,all_doses,Texture_InverseDifferenceMoment-deg045-scale05,4606,-0.2655932207131684
Lead,all_doses,Texture_InverseDifferenceMoment-deg090-scale05,4606,-0.2690849085019928
Lead,all_doses,Texture_InverseDifferenceMoment-deg135-scale05,4606,-0.23056445135946327
Lead,all_doses,Texture_SumAverage-deg000-scale05,4606,-0.5480258306712282
Lead,all_doses,Texture_SumAverage-deg045-scale05,4606,-0.5557949057627551
Lead,all_doses,Texture_SumAverage-deg090-scale05,4606,-0.5481975848597218
Lead,all_doses,Texture_SumAverage-deg135-scale05,4606,-0.5553282748364888
Lead,all_doses,Texture_SumVariance-deg000-scale05,4606,0.5512848133899184
Lead,all_doses,Texture_SumVariance-deg045-scale05,4606,0.5622853720161755
Lead,all_doses,Texture_SumVariance-deg090-scale05,4606,0.5507944529676286
Lead,all_doses,Texture_SumVariance-deg135-scale05,4606,0.5634936517425746
Lead,all_doses,Texture_SumEntropy-deg000-scale05,4606,0.5971846530743203
Lead,all_doses,Texture_SumEntropy-deg045-scale05,4606,0.6033876885126531
Lead,all_doses,Texture_SumEntropy-deg090-scale05,4606,0.5971184656212556
Lead,all_doses,Texture_SumEntropy-deg135-scale05,4606,0.6038227263667374
Lead,all_doses,Texture_Entropy-deg000-scale05,4606,0.5548627734534886
Lead,all_doses,Texture_Entropy-deg045-scale05,4606,0.5487311351457572
Lead,all_doses,Texture_Entropy-deg090-scale05,4606,0.5556343856053548
Lead,all_doses,Texture_Entropy-deg135-scale05,4606,0.5457232737926422
Lead,all_doses,Texture_DiffVariance-deg000-scale05,4606,0.08580197980376703
Lead,all_doses,Texture_DiffVariance-deg045-scale05,4606,0.054987162440832564
Lead,all_doses,Texture_DiffVariance-deg090-scale05,4606,0.06986857875541193
Lead,all_doses,Texture_DiffVariance-deg135-scale05,4606,0.08128881968573187
Lead,all_doses,Texture_DiffEntropy-deg000-scale05,4606,0.15539681188199891
Lead,all_doses,Texture_DiffEntropy-deg045-scale05,4606,0.14836247275634254
Lead,all_doses,Texture_DiffEntropy-deg090-scale05,4606,0.17981390674604206
Lead,all_doses,Texture_DiffEntropy-deg135-scale05,4606,0.12859723101512735
Lead,all_doses,Texture_InfoCorrelation1-deg000-scale05,4606,-0.6566301218659633
Lead,all_doses,Texture_InfoCorrelation1-deg045-scale05,4606,-0.6848916846555637
Lead,all_doses,Texture_InfoCorrelation1-deg090-scale05,4606,-0.6550689829176098
Lead,all_doses,Texture_InfoCorrelation1-deg135-scale05,4606,-0.6949966704492562
Lead,all_doses,Texture_InfoCorrelation2-deg000-scale05,4606,0.6372936622641633
Lead,all_doses,Texture_InfoCorrelation2-deg045-scale05,4606,0.6675687701496599
Lead,all_doses,Texture_InfoCorrelation2-deg090-scale05,4606,0.6360930242086521
Lead,all_doses,Texture_InfoCorrelation2-deg135-scale05,4606,0.6733544052118461
Lead,all_doses,Texture_AngularSecondMoment-avg-scale05,4606,-0.6162740890056645
Lead,all_doses,Texture_Contrast-avg-scale05,4606,0.16858120020748932
Lead,all_doses,Texture_Correlation-avg-scale05,4606,0.653714242642313
Lead,all_doses,Texture_HaralickVariance-avg-scale05,4606,0.5438661124760387
Lead,all_doses,Texture_InverseDifferenceMoment-avg-scale05,4606,-0.2513592559462478
Lead,all_doses,Texture_SumAverage-avg-scale05,4606,-0.5518243742755589
Lead,all_doses,Texture_SumVariance-avg-scale05,4606,0.5568822627124917
Lead,all_doses,Texture_SumEntropy-avg-scale05,4606,0.600420439631017
Lead,all_doses,Texture_Entropy-avg-scale05,4606,0.551211250994382
Lead,all_doses,Texture_DiffVariance-avg-scale05,4606,0.07365790929989663
Lead,all_doses,Texture_DiffEntropy-avg-scale05,4606,0.15146448211787322
Lead,all_doses,Texture_InfoCorrelation1-avg-scale05,4606,-0.6756197472133809
Lead,all_doses,Texture_InfoCorrelation2-avg-scale05,4606,0.6567106802334863
Lead,all_doses,ColorLab_L*GeoMedian,4606,-0.48279990591695454
Lead,all_doses,ColorLab_b*GeoMedian,4606,0.5745380229672921
Lead,all_doses,ColorLab_L*Medoid,4606,-0.4926313722806743
Lead,all_doses,ColorLab_a*Medoid,4606,0.9984244316828946
Lead,all_doses,ColorLab_b*Medoid,4606,0.5816552262121966
Lead,all_doses,ColorLab_DeltaE2000MedianFromMedoid,4606,0.4526839377587804
Lead,all_doses,ColorLab_DeltaE2000MeanFromMedoid,4606,0.39620290811296904
Lead,all_doses,ColorLab_DeltaE2000P95FromMedoid,4606,0.3213223237957919
Lead,all_doses,ColorLab_LabTotalVariance,4606,0.7024117858799065
Lead,all_doses,ColorHSV_HueRobustMean,4606,-0.3910739878847711
Lead,all_doses,ColorHSV_SaturationRobustMean,4606,0.8733819928754674
Lead,all_doses,ColorHSV_ValueRobustMean,4606,0.33902406621209724
Lead,all_doses,ColorHSV_HSVConeVariance,4606,0.4114646741144399
Lead,dose0,Shape_Area,978,0.3435269592877633
Lead,dose0,Shape_Perimeter,978,0.31028740189009213
Lead,dose0,Shape_Circularity,978,0.09694861214104493
Lead,dose0,Shape_ConvexArea,978,0.34169403297531825
Lead,dose0,Shape_MedianRadius,978,0.3483066153113654
Lead,dose0,Shape_MeanRadius,978,0.34893772288686786
Lead,dose0,Shape_MaxRadius,978,0.35330243207799217
Lead,dose0,Shape_MinFeretDiameter,978,0.35063710806074244
Lead,dose0,Shape_MaxFeretDiameter,978,0.33255078317611914
Lead,dose0,Shape_Eccentricity,978,-0.20731533018052095
Lead,dose0,Shape_Solidity,978,0.3454182596570287
Lead,dose0,Shape_Extent,978,0.11396862158528129
Lead,dose0,Shape_BboxArea,978,0.33978517946125736
Lead,dose0,Shape_MajorAxisLength,978,0.3313320299343847
Lead,dose0,Shape_MinorAxisLength,978,0.34896033897292533
Lead,dose0,Shape_Compactness,978,-0.09700772440681506
Lead,dose0,Shape_Orientation,978,-0.04420705279500797
Lead,dose0,Intensity_IntegratedIntensity,978,0.2873930540868445
Lead,dose0,Intensity_MinimumIntensity,978,0.15782852451480783
Lead,dose0,Intensity_MaximumIntensity,978,-0.2696407367358771
Lead,dose0,Intensity_MeanIntensity,978,-0.2795412826600961
Lead,dose0,Intensity_MedianIntensity,978,-0.3711783793501306
Lead,dose0,Intensity_StandardDeviationIntensity,978,-0.5515751215587366
Lead,dose0,Intensity_CoefficientVarianceIntensity,978,-0.5567621202546044
Lead,dose0,Intensity_LowerQuartileIntensity,978,-0.26601558037947165
Lead,dose0,Intensity_UpperQuartileIntensity,978,-0.33319903081283936
Lead,dose0,Intensity_InterquartileRangeIntensity,978,-0.17426565396759
Lead,dose0,Intensity_Density,978,-0.2795412826600961
Lead,dose0,Intensity_ConvexDensity,978,0.23197030193610185
Lead,dose0,Texture_AngularSecondMoment-deg000-scale05,978,-0.005577828523360273
Lead,dose0,Texture_AngularSecondMoment-deg045-scale05,978,-0.03697534440607756
Lead,dose0,Texture_AngularSecondMoment-deg090-scale05,978,-0.016462182334670113
Lead,dose0,Texture_AngularSecondMoment-deg135-scale05,978,-0.015079984135899614
Lead,dose0,Texture_Contrast-deg000-scale05,978,-0.25981411616941824
Lead,dose0,Texture_Contrast-deg045-scale05,978,-0.26282852101912807
Lead,dose0,Texture_Contrast-deg090-scale05,978,-0.20357036032742373
Lead,dose0,Texture_Contrast-deg135-scale05,978,-0.33585082142285216
Lead,dose0,Texture_Correlation-deg000-scale05,978,-0.46725740105803903
Lead,dose0,Texture_Correlation-deg045-scale05,978,-0.42551827894484273
Lead,dose0,Texture_Correlation-deg090-scale05,978,-0.4809984756976077
Lead,dose0,Texture_Correlation-deg135-scale05,978,-0.4103068764915208
Lead,dose0,Texture_HaralickVariance-deg000-scale05,978,-0.5142212495523526
Lead,dose0,Texture_HaralickVariance-deg045-scale05,978,-0.5037991208192176
Lead,dose0,Texture_HaralickVariance-deg090-scale05,978,-0.5189979516535171
Lead,dose0,Texture_HaralickVariance-deg135-scale05,978,-0.505146580299302
Lead,dose0,Texture_InverseDifferenceMoment-deg000-scale05,978,0.15329571182267576
Lead,dose0,Texture_InverseDifferenceMoment-deg045-scale05,978,0.15103705369894588
Lead,dose0,Texture_InverseDifferenceMoment-deg090-scale05,978,0.08371670090006186
Lead,dose0,Texture_InverseDifferenceMoment-deg135-scale05,978,0.22799969717791982
Lead,dose0,Texture_SumAverage-deg000-scale05,978,-0.2937125760620634
Lead,dose0,Texture_SumAverage-deg045-scale05,978,-0.29785840096741434
Lead,dose0,Texture_SumAverage-deg090-scale05,978,-0.2932461048554229
Lead,dose0,Texture_SumAverage-deg135-scale05,978,-0.29819515359083704
Lead,dose0,Texture_SumVariance-deg000-scale05,978,-0.5148715101321893
Lead,dose0,Texture_SumVariance-deg045-scale05,978,-0.5033757907909159
Lead,dose0,Texture_SumVariance-deg090-scale05,978,-0.5209963131225722
Lead,dose0,Texture_SumVariance-deg135-scale05,978,-0.5027080710544573
Lead,dose0,Texture_SumEntropy-deg000-scale05,978,-0.2745094280055096
Lead,dose0,Texture_SumEntropy-deg045-scale05,978,-0.276696286790803
Lead,dose0,Texture_SumEntropy-deg090-scale05,978,-0.27732248169993995
Lead,dose0,Texture_SumEntropy-deg135-scale05,978,-0.27446270776420434
Lead,dose0,Texture_Entropy-deg000-scale05,978,-0.2436503622624268
Lead,dose0,Texture_Entropy-deg045-scale05,978,-0.21966638142988687
Lead,dose0,Texture_Entropy-deg090-scale05,978,-0.23845347303771608
Lead,dose0,Texture_Entropy-deg135-scale05,978,-0.23650451290014557
Lead,dose0,Texture_DiffVariance-deg000-scale05,978,0.2835464465424068
Lead,dose0,Texture_DiffVariance-deg045-scale05,978,0.27769583312853674
Lead,dose0,Texture_DiffVariance-deg090-scale05,978,0.2504629739233385
Lead,dose0,Texture_DiffVariance-deg135-scale05,978,0.31583650889115894
Lead,dose0,Texture_DiffEntropy-deg000-scale05,978,-0.2682734944686063
Lead,dose0,Texture_DiffEntropy-deg045-scale05,978,-0.25852932236170517
Lead,dose0,Texture_DiffEntropy-deg090-scale05,978,-0.21538160164979156
Lead,dose0,Texture_DiffEntropy-deg135-scale05,978,-0.33749438101545964
Lead,dose0,Texture_InfoCorrelation1-deg000-scale05,978,0.36788502566813525
Lead,dose0,Texture_InfoCorrelation1-deg045-scale05,978,0.3465167754241063
Lead,dose0,Texture_InfoCorrelation1-deg090-scale05,978,0.37937411283896544
Lead,dose0,Texture_InfoCorrelation1-deg135-scale05,978,0.31581239190772836
Lead,dose0,Texture_InfoCorrelation2-deg000-scale05,978,-0.36654853428423867
Lead,dose0,Texture_InfoCorrelation2-deg045-scale05,978,-0.3531493307129804
Lead,dose0,Texture_InfoCorrelation2-deg090-scale05,978,-0.37667912973788326
Lead,dose0,Texture_InfoCorrelation2-deg135-scale05,978,-0.3303762020432101
Lead,dose0,Texture_AngularSecondMoment-avg-scale05,978,-0.018371092885926688
Lead,dose0,Texture_Contrast-avg-scale05,978,-0.2775085544896526
Lead,dose0,Texture_Correlation-avg-scale05,978,-0.4468044288197465
Lead,dose0,Texture_HaralickVariance-avg-scale05,978,-0.5105435506892073
Lead,dose0,Texture_InverseDifferenceMoment-avg-scale05,978,0.15854949403755372
Lead,dose0,Texture_SumAverage-avg-scale05,978,-0.29561762533033453
Lead,dose0,Texture_SumVariance-avg-scale05,978,-0.510828900784648
Lead,dose0,Texture_SumEntropy-avg-scale05,978,-0.2759555490385537
Lead,dose0,Texture_Entropy-avg-scale05,978,-0.23469395602546447
Lead,dose0,Texture_DiffVariance-avg-scale05,978,0.2832124648064421
Lead,dose0,Texture_DiffEntropy-avg-scale05,978,-0.2779860451052116
Lead,dose0,Texture_InfoCorrelation1-avg-scale05,978,0.35440604362881606
Lead,dose0,Texture_InfoCorrelation2-avg-scale05,978,-0.3565447582445271
Lead,dose0,ColorLab_L*GeoMedian,978,-0.14147618349429936
Lead,dose0,ColorLab_b*GeoMedian,978,0.3989592328628741
Lead,dose0,ColorLab_L*Medoid,978,-0.168728297801694
Lead,dose0,ColorLab_a*Medoid,978,0.9944365582835107
Lead,dose0,ColorLab_b*Medoid,978,0.4116204823975237
Lead,dose0,ColorLab_DeltaE2000MedianFromMedoid,978,0.11387629715456347
Lead,dose0,ColorLab_DeltaE2000MeanFromMedoid,978,0.15711153172869147
Lead,dose0,ColorLab_DeltaE2000P95FromMedoid,978,0.047645878068547004
Lead,dose0,ColorLab_LabTotalVariance,978,0.7872560458888213
Lead,dose0,ColorHSV_HueRobustMean,978,-0.057890900911659826
Lead,dose0,ColorHSV_SaturationRobustMean,978,0.8913495773489034
Lead,dose0,ColorHSV_ValueRobustMean,978,0.6633296437128126
Lead,dose0,ColorHSV_HSVConeVariance,978,0.7058187142134192
Lead,within_strain_dose,Shape_Area,4183,0.6383311968614958
Lead,within_strain_dose,Shape_Perimeter,4183,0.6364849165238665
Lead,within_strain_dose,Shape_Circularity,4183,-0.0548205062561293
Lead,within_strain_dose,Shape_ConvexArea,4183,0.6492526572938087
Lead,within_strain_dose,Shape_MedianRadius,4183,0.6580835849047073
Lead,within_strain_dose,Shape_MeanRadius,4183,0.6584699123344688
Lead,within_strain_dose,Shape_MaxRadius,4183,0.6573231991570565
Lead,within_strain_dose,Shape_MinFeretDiameter,4183,0.6564655160135916
Lead,within_strain_dose,Shape_MaxFeretDiameter,4183,0.6384840569145365
Lead,within_strain_dose,Shape_Eccentricity,4183,-0.17472588130793504
Lead,within_strain_dose,Shape_Solidity,4183,0.6550582650197891
Lead,within_strain_dose,Shape_Extent,4183,-0.019977530682958194
Lead,within_strain_dose,Shape_BboxArea,4183,0.6373289750609242
Lead,within_strain_dose,Shape_MajorAxisLength,4183,0.6379995342939723
Lead,within_strain_dose,Shape_MinorAxisLength,4183,0.6558438785027665
Lead,within_strain_dose,Shape_Compactness,4183,0.05318450613875777
Lead,within_strain_dose,Shape_Orientation,4183,-0.0029084750571595807
Lead,within_strain_dose,Intensity_IntegratedIntensity,4183,0.6156194553750045
Lead,within_strain_dose,Intensity_MinimumIntensity,4183,-0.1783249215814378
Lead,within_strain_dose,Intensity_MaximumIntensity,4183,0.12680474931535346
Lead,within_strain_dose,Intensity_MeanIntensity,4183,-0.07024392595635116
Lead,within_strain_dose,Intensity_MedianIntensity,4183,-0.09791561079842798
Lead,within_strain_dose,Intensity_StandardDeviationIntensity,4183,0.267903964337481
Lead,within_strain_dose,Intensity_CoefficientVarianceIntensity,4183,0.2507152062726012
Lead,within_strain_dose,Intensity_LowerQuartileIntensity,4183,-0.13940275222488224
Lead,within_strain_dose,Intensity_UpperQuartileIntensity,4183,-0.012502970710226016
Lead,within_strain_dose,Intensity_InterquartileRangeIntensity,4183,0.311270039682862
Lead,within_strain_dose,Intensity_Density,4183,-0.07024392595635116
Lead,within_strain_dose,Intensity_ConvexDensity,4183,0.6070451698521645
Lead,within_strain_dose,Texture_AngularSecondMoment-deg000-scale05,4183,-0.3242318768074178
Lead,within_strain_dose,Texture_AngularSecondMoment-deg045-scale05,4183,-0.3169688758797747
Lead,within_strain_dose,Texture_AngularSecondMoment-deg090-scale05,4183,-0.3286406379552185
Lead,within_strain_dose,Texture_AngularSecondMoment-deg135-scale05,4183,-0.31055865906191166
Lead,within_strain_dose,Texture_Contrast-deg000-scale05,4183,-0.11750083659807684
Lead,within_strain_dose,Texture_Contrast-deg045-scale05,4183,-0.13864359770195003
Lead,within_strain_dose,Texture_Contrast-deg090-scale05,4183,-0.09208274599230534
Lead,within_strain_dose,Texture_Contrast-deg135-scale05,4183,-0.16170603093903177
Lead,within_strain_dose,Texture_Correlation-deg000-scale05,4183,0.3817541950210444
Lead,within_strain_dose,Texture_Correlation-deg045-scale05,4183,0.41649068451896804
Lead,within_strain_dose,Texture_Correlation-deg090-scale05,4183,0.3711770441657357
Lead,within_strain_dose,Texture_Correlation-deg135-scale05,4183,0.4276639904265776
Lead,within_strain_dose,Texture_HaralickVariance-deg000-scale05,4183,0.2768952405588831
Lead,within_strain_dose,Texture_HaralickVariance-deg045-scale05,4183,0.28475907131251793
Lead,within_strain_dose,Texture_HaralickVariance-deg090-scale05,4183,0.2767727481424619
Lead,within_strain_dose,Texture_HaralickVariance-deg135-scale05,4183,0.28431838293958733
Lead,within_strain_dose,Texture_InverseDifferenceMoment-deg000-scale05,4183,0.08505918716001072
Lead,within_strain_dose,Texture_InverseDifferenceMoment-deg045-scale05,4183,0.10156602570843991
Lead,within_strain_dose,Texture_InverseDifferenceMoment-deg090-scale05,4183,0.06277590538752006
Lead,within_strain_dose,Texture_InverseDifferenceMoment-deg135-scale05,4183,0.12482963324801696
Lead,within_strain_dose,Texture_SumAverage-deg000-scale05,4183,-0.07289656532151009
Lead,within_strain_dose,Texture_SumAverage-deg045-scale05,4183,-0.07353821059610434
Lead,within_strain_dose,Texture_SumAverage-deg090-scale05,4183,-0.07265583505245528
Lead,within_strain_dose,Texture_SumAverage-deg135-scale05,4183,-0.073511573911699
Lead,within_strain_dose,Texture_SumVariance-deg000-scale05,4183,0.2861759640180651
Lead,within_strain_dose,Texture_SumVariance-deg045-scale05,4183,0.30244137468014015
Lead,within_strain_dose,Texture_SumVariance-deg090-scale05,4183,0.2852485337095955
Lead,within_strain_dose,Texture_SumVariance-deg135-scale05,4183,0.3027557862882355
Lead,within_strain_dose,Texture_SumEntropy-deg000-scale05,4183,0.36351889689640166
Lead,within_strain_dose,Texture_SumEntropy-deg045-scale05,4183,0.3676785186585129
Lead,within_strain_dose,Texture_SumEntropy-deg090-scale05,4183,0.3627535910448087
Lead,within_strain_dose,Texture_SumEntropy-deg135-scale05,4183,0.3678054413956536
Lead,within_strain_dose,Texture_Entropy-deg000-scale05,4183,0.28054230805352504
Lead,within_strain_dose,Texture_Entropy-deg045-scale05,4183,0.26827156930563445
Lead,within_strain_dose,Texture_Entropy-deg090-scale05,4183,0.28704119162024555
Lead,within_strain_dose,Texture_Entropy-deg135-scale05,4183,0.2600701717879009
Lead,within_strain_dose,Texture_DiffVariance-deg000-scale05,4183,0.0010113801478792985
Lead,within_strain_dose,Texture_DiffVariance-deg045-scale05,4183,0.03390817757346889
Lead,within_strain_dose,Texture_DiffVariance-deg090-scale05,4183,-0.02554578129577457
Lead,within_strain_dose,Texture_DiffVariance-deg135-scale05,4183,0.05022706834828284
Lead,within_strain_dose,Texture_DiffEntropy-deg000-scale05,4183,-0.09689786306872274
Lead,within_strain_dose,Texture_DiffEntropy-deg045-scale05,4183,-0.11947509207946645
Lead,within_strain_dose,Texture_DiffEntropy-deg090-scale05,4183,-0.06585334925685014
Lead,within_strain_dose,Texture_DiffEntropy-deg135-scale05,4183,-0.13931655656602115
Lead,within_strain_dose,Texture_InfoCorrelation1-deg000-scale05,4183,-0.42902038536644566
Lead,within_strain_dose,Texture_InfoCorrelation1-deg045-scale05,4183,-0.4559117828819691
Lead,within_strain_dose,Texture_InfoCorrelation1-deg090-scale05,4183,-0.41592444093554615
Lead,within_strain_dose,Texture_InfoCorrelation1-deg135-scale05,4183,-0.47508672724160367
Lead,within_strain_dose,Texture_InfoCorrelation2-deg000-scale05,4183,0.38445848101968066
Lead,within_strain_dose,Texture_InfoCorrelation2-deg045-scale05,4183,0.41552645887380624
Lead,within_strain_dose,Texture_InfoCorrelation2-deg090-scale05,4183,0.37644993164770296
Lead,within_strain_dose,Texture_InfoCorrelation2-deg135-scale05,4183,0.4210575675546377
Lead,within_strain_dose,Texture_AngularSecondMoment-avg-scale05,4183,-0.32053687587238766
Lead,within_strain_dose,Texture_Contrast-avg-scale05,4183,-0.13833499213884168
Lead,within_strain_dose,Texture_Correlation-avg-scale05,4183,0.4047001235459087
Lead,within_strain_dose,Texture_HaralickVariance-avg-scale05,4183,0.2807911606865337
Lead,within_strain_dose,Texture_InverseDifferenceMoment-avg-scale05,4183,0.10111670262042496
Lead,within_strain_dose,Texture_SumAverage-avg-scale05,4183,-0.07311099418873936
Lead,within_strain_dose,Texture_SumVariance-avg-scale05,4183,0.2940944028766877
Lead,within_strain_dose,Texture_SumEntropy-avg-scale05,4183,0.3656599102923635
Lead,within_strain_dose,Texture_Entropy-avg-scale05,4183,0.2738739125004595
Lead,within_strain_dose,Texture_DiffVariance-avg-scale05,4183,0.01817166329447372
Lead,within_strain_dose,Texture_DiffEntropy-avg-scale05,4183,-0.11262170956848667
Lead,within_strain_dose,Texture_InfoCorrelation1-avg-scale05,4183,-0.44857397032770346
Lead,within_strain_dose,Texture_InfoCorrelation2-avg-scale05,4183,0.4035172943145302
Lead,within_strain_dose,ColorLab_L*GeoMedian,4183,0.019477348424659438
Lead,within_strain_dose,ColorLab_b*GeoMedian,4183,0.501161997608246
Lead,within_strain_dose,ColorLab_L*Medoid,4183,0.01903251599183303
Lead,within_strain_dose,ColorLab_a*Medoid,4183,0.9922741108938349
Lead,within_strain_dose,ColorLab_b*Medoid,4183,0.4994003976853408
Lead,within_strain_dose,ColorLab_DeltaE2000MedianFromMedoid,4183,0.0989330898102123
Lead,within_strain_dose,ColorLab_DeltaE2000MeanFromMedoid,4183,0.17990563401128207
Lead,within_strain_dose,ColorLab_DeltaE2000P95FromMedoid,4183,0.27943468032748525
Lead,within_strain_dose,ColorLab_LabTotalVariance,4183,0.6269609185305939
Lead,within_strain_dose,ColorHSV_HueRobustMean,4183,-0.2564232903791896
Lead,within_strain_dose,ColorHSV_SaturationRobustMean,4183,0.7963960846686012
Lead,within_strain_dose,ColorHSV_ValueRobustMean,4183,0.6720197624858467
Lead,within_strain_dose,ColorHSV_HSVConeVariance,4183,0.5141148778640848
Zinc,all_doses,Shape_Area,502,0.44645714217958943
Zinc,all_doses,Shape_Perimeter,502,0.43094012321142716
Zinc,all_doses,Shape_Circularity,502,0.24613276516201593
Zinc,all_doses,Shape_ConvexArea,502,0.4342572567552909
Zinc,all_doses,Shape_MedianRadius,502,0.4503247065943144
Zinc,all_doses,Shape_MeanRadius,502,0.45150738340195246
Zinc,all_doses,Shape_MaxRadius,502,0.45427823009406976
Zinc,all_doses,Shape_MinFeretDiameter,502,0.4607180459688199
Zinc,all_doses,Shape_MaxFeretDiameter,502,0.4181620205526865
Zinc,all_doses,Shape_Eccentricity,502,-0.3606918263304682
Zinc,all_doses,Shape_Solidity,502,0.4558131564645099
Zinc,all_doses,Shape_Extent,502,0.19185006856539508
Zinc,all_doses,Shape_BboxArea,502,0.4425505449637432
Zinc,all_doses,Shape_MajorAxisLength,502,0.414968072614958
Zinc,all_doses,Shape_MinorAxisLength,502,0.46015876969022995
Zinc,all_doses,Shape_Compactness,502,-0.24656569493504893
Zinc,all_doses,Shape_Orientation,502,0.1299843660559723
Zinc,all_doses,Intensity_IntegratedIntensity,502,0.44818291150110096
Zinc,all_doses,Intensity_MinimumIntensity,502,-0.1527533987334907
Zinc,all_doses,Intensity_MaximumIntensity,502,0.010689637492932521
Zinc,all_doses,Intensity_MeanIntensity,502,0.01957124300977066
Zinc,all_doses,Intensity_MedianIntensity,502,0.02537263476895622
Zinc,all_doses,Intensity_StandardDeviationIntensity,502,-0.025050403734996327
Zinc,all_doses,Intensity_CoefficientVarianceIntensity,502,-0.005350486483963789
Zinc,all_doses,Intensity_LowerQuartileIntensity,502,0.01918991573378632
Zinc,all_doses,Intensity_UpperQuartileIntensity,502,0.031758728351317767
Zinc,all_doses,Intensity_InterquartileRangeIntensity,502,0.04561352452121729
Zinc,all_doses,Intensity_Density,502,0.01957124300977066
Zinc,all_doses,Intensity_ConvexDensity,502,0.4541721211723385
Zinc,all_doses,Texture_AngularSecondMoment-deg000-scale05,502,-0.10869634401525576
Zinc,all_doses,Texture_AngularSecondMoment-deg045-scale05,502,-0.10799990002016198
Zinc,all_doses,Texture_AngularSecondMoment-deg090-scale05,502,-0.11263245727818359
Zinc,all_doses,Texture_AngularSecondMoment-deg135-scale05,502,-0.09768917093616464
Zinc,all_doses,Texture_Contrast-deg000-scale05,502,-0.09781590059803405
Zinc,all_doses,Texture_Contrast-deg045-scale05,502,-0.10366623884339074
Zinc,all_doses,Texture_Contrast-deg090-scale05,502,-0.070565513567449
Zinc,all_doses,Texture_Contrast-deg135-scale05,502,-0.11970958797635257
Zinc,all_doses,Texture_Correlation-deg000-scale05,502,0.07001828046915207
Zinc,all_doses,Texture_Correlation-deg045-scale05,502,0.07891088945962557
Zinc,all_doses,Texture_Correlation-deg090-scale05,502,0.04205096021670393
Zinc,all_doses,Texture_Correlation-deg135-scale05,502,0.08692663543039779
Zinc,all_doses,Texture_HaralickVariance-deg000-scale05,502,-0.04008503787969513
Zinc,all_doses,Texture_HaralickVariance-deg045-scale05,502,-0.046190448026823434
Zinc,all_doses,Texture_HaralickVariance-deg090-scale05,502,-0.0415203271863914
Zinc,all_doses,Texture_HaralickVariance-deg135-scale05,502,-0.04768094441675923
Zinc,all_doses,Texture_InverseDifferenceMoment-deg000-scale05,502,0.031165204777727225
Zinc,all_doses,Texture_InverseDifferenceMoment-deg045-scale05,502,0.021165323823929053
Zinc,all_doses,Texture_InverseDifferenceMoment-deg090-scale05,502,0.014269371010618306
Zinc,all_doses,Texture_InverseDifferenceMoment-deg135-scale05,502,0.053996748568398284
Zinc,all_doses,Texture_SumAverage-deg000-scale05,502,0.014145297359626389
Zinc,all_doses,Texture_SumAverage-deg045-scale05,502,0.011228902558596937
Zinc,all_doses,Texture_SumAverage-deg090-scale05,502,0.01366683597155052
Zinc,all_doses,Texture_SumAverage-deg135-scale05,502,0.011716280554618706
Zinc,all_doses,Texture_SumVariance-deg000-scale05,502,-0.021875617018598383
Zinc,all_doses,Texture_SumVariance-deg045-scale05,502,-0.021522652144484525
Zinc,all_doses,Texture_SumVariance-deg090-scale05,502,-0.030043419612107637
Zinc,all_doses,Texture_SumVariance-deg135-scale05,502,-0.021113341896755074
Zinc,all_doses,Texture_SumEntropy-deg000-scale05,502,0.07156920110655104
Zinc,all_doses,Texture_SumEntropy-deg045-scale05,502,0.06292739542893888
Zinc,all_doses,Texture_SumEntropy-deg090-scale05,502,0.06434333379924191
Zinc,all_doses,Texture_SumEntropy-deg135-scale05,502,0.061415461236920384
Zinc,all_doses,Texture_Entropy-deg000-scale05,502,0.02714523745709535
Zinc,all_doses,Texture_Entropy-deg045-scale05,502,0.02890702638666178
Zinc,all_doses,Texture_Entropy-deg090-scale05,502,0.033240213275776316
Zinc,all_doses,Texture_Entropy-deg135-scale05,502,0.018536726772983302
Zinc,all_doses,Texture_DiffVariance-deg000-scale05,502,0.08312237413603168
Zinc,all_doses,Texture_DiffVariance-deg045-scale05,502,0.07873179844045682
Zinc,all_doses,Texture_DiffVariance-deg090-scale05,502,0.05306657561608425
Zinc,all_doses,Texture_DiffVariance-deg135-scale05,502,0.10012757863677492
Zinc,all_doses,Texture_DiffEntropy-deg000-scale05,502,-0.10089526063790456
Zinc,all_doses,Texture_DiffEntropy-deg045-scale05,502,-0.09069020284381929
Zinc,all_doses,Texture_DiffEntropy-deg090-scale05,502,-0.06315562264934145
Zinc,all_doses,Texture_DiffEntropy-deg135-scale05,502,-0.1099446691276821
Zinc,all_doses,Texture_InfoCorrelation1-deg000-scale05,502,-0.08222321959646563
Zinc,all_doses,Texture_InfoCorrelation1-deg045-scale05,502,-0.08291435156980441
Zinc,all_doses,Texture_InfoCorrelation1-deg090-scale05,502,-0.06515170968131617
Zinc,all_doses,Texture_InfoCorrelation1-deg135-scale05,502,-0.10048946011883467
Zinc,all_doses,Texture_InfoCorrelation2-deg000-scale05,502,0.08097309219094384
Zinc,all_doses,Texture_InfoCorrelation2-deg045-scale05,502,0.08571777105100864
Zinc,all_doses,Texture_InfoCorrelation2-deg090-scale05,502,0.06216388715918815
Zinc,all_doses,Texture_InfoCorrelation2-deg135-scale05,502,0.09765635023032121
Zinc,all_doses,Texture_AngularSecondMoment-avg-scale05,502,-0.1068117145826048
Zinc,all_doses,Texture_Contrast-avg-scale05,502,-0.10538382416335303
Zinc,all_doses,Texture_Correlation-avg-scale05,502,0.07442839681618284
Zinc,all_doses,Texture_HaralickVariance-avg-scale05,502,-0.04451905832462344
Zinc,all_doses,Texture_InverseDifferenceMoment-avg-scale05,502,0.03310181613755215
Zinc,all_doses,Texture_SumAverage-avg-scale05,502,0.012547137671620395
Zinc,all_doses,Texture_SumVariance-avg-scale05,502,-0.024377958695331412
Zinc,all_doses,Texture_SumEntropy-avg-scale05,502,0.06499244388619733
Zinc,all_doses,Texture_Entropy-avg-scale05,502,0.026916346233973404
Zinc,all_doses,Texture_DiffVariance-avg-scale05,502,0.08155959630721528
Zinc,all_doses,Texture_DiffEntropy-avg-scale05,502,-0.09503885151054216
Zinc,all_doses,Texture_InfoCorrelation1-avg-scale05,502,-0.0815950730239362
Zinc,all_doses,Texture_InfoCorrelation2-avg-scale05,502,0.0850763444240917
Zinc,all_doses,ColorLab_L*GeoMedian,502,0.20452075817158505
Zinc,all_doses,ColorLab_b*GeoMedian,502,0.5894176179177529
Zinc,all_doses,ColorLab_L*Medoid,502,0.1919904577117774
Zinc,all_doses,ColorLab_a*Medoid,502,0.9985979108292725
Zinc,all_doses,ColorLab_b*Medoid,502,0.6001418309808586
Zinc,all_doses,ColorLab_DeltaE2000MedianFromMedoid,502,0.20269209468242433
Zinc,all_doses,ColorLab_DeltaE2000MeanFromMedoid,502,0.30503426467461425
Zinc,all_doses,ColorLab_DeltaE2000P95FromMedoid,502,0.4008231072566913
Zinc,all_doses,ColorLab_LabTotalVariance,502,0.6578382604153213
Zinc,all_doses,ColorHSV_HueRobustMean,502,-0.07768371757668792
Zinc,all_doses,ColorHSV_SaturationRobustMean,502,0.9017427747374095
Zinc,all_doses,ColorHSV_ValueRobustMean,502,0.790199424205299
Zinc,all_doses,ColorHSV_HSVConeVariance,502,0.534418557244457
Zinc,dose0,Shape_Area,80,-0.12161275199249884
Zinc,dose0,Shape_Perimeter,80,-0.11439354426792933
Zinc,dose0,Shape_Circularity,80,-0.03300515705578997
Zinc,dose0,Shape_ConvexArea,80,-0.12323019221753401
Zinc,dose0,Shape_MedianRadius,80,-0.11409348786509492
Zinc,dose0,Shape_MeanRadius,80,-0.11275199249882795
Zinc,dose0,Shape_MaxRadius,80,-0.09819503047351148
Zinc,dose0,Shape_MinFeretDiameter,80,-0.09246420806656705
Zinc,dose0,Shape_MaxFeretDiameter,80,-0.1291842475386779
Zinc,dose0,Shape_Eccentricity,80,-0.06007969995311767
Zinc,dose0,Shape_Solidity,80,-0.11835443037974684
Zinc,dose0,Shape_Extent,80,-0.029442100328176277
Zinc,dose0,Shape_BboxArea,80,-0.1123300515705579
Zinc,dose0,Shape_MajorAxisLength,80,-0.13921706516643229
Zinc,dose0,Shape_MinorAxisLength,80,-0.08945147679324895
Zinc,dose0,Shape_Compactness,80,0.03129395218002813
Zinc,dose0,Shape_Orientation,80,0.05738396624472574
Zinc,dose0,Intensity_IntegratedIntensity,80,-0.18361462728551337
Zinc,dose0,Intensity_MinimumIntensity,80,0.11181434599156118
Zinc,dose0,Intensity_MaximumIntensity,80,-0.2686357243319269
Zinc,dose0,Intensity_MeanIntensity,80,-0.36169714017815285
Zinc,dose0,Intensity_MedianIntensity,80,-0.4207454289732771
Zinc,dose0,Intensity_StandardDeviationIntensity,80,-0.42243319268635726
Zinc,dose0,Intensity_CoefficientVarianceIntensity,80,-0.3919362400375059
Zinc,dose0,Intensity_LowerQuartileIntensity,80,-0.38689639006094706
Zinc,dose0,Intensity_UpperQuartileIntensity,80,-0.3509376465072667
Zinc,dose0,Intensity_InterquartileRangeIntensity,80,-0.048663853727144865
Zinc,dose0,Intensity_Density,80,-0.36169714017815285
Zinc,dose0,Intensity_ConvexDensity,80,-0.24031879981247067
Zinc,dose0,Texture_AngularSecondMoment-deg000-scale05,80,-0.20520393811533053
Zinc,dose0,Texture_AngularSecondMoment-deg045-scale05,80,-0.243553680262541
Zinc,dose0,Texture_AngularSecondMoment-deg090-scale05,80,-0.22210501640881392
Zinc,dose0,Texture_AngularSecondMoment-deg135-scale05,80,-0.21575246132208162
Zinc,dose0,Texture_Contrast-deg000-scale05,80,0.019034224097515238
Zinc,dose0,Texture_Contrast-deg045-scale05,80,0.08539615564932021
Zinc,dose0,Texture_Contrast-deg090-scale05,80,0.17538677918424755
Zinc,dose0,Texture_Contrast-deg135-scale05,80,0.055039849976558836
Zinc,dose0,Texture_Correlation-deg000-scale05,80,-0.3996952648851383
Zinc,dose0,Texture_Correlation-deg045-scale05,80,-0.45496952648851385
Zinc,dose0,Texture_Correlation-deg090-scale05,80,-0.48631036099390534
Zinc,dose0,Texture_Correlation-deg135-scale05,80,-0.47062822315986874
Zinc,dose0,Texture_HaralickVariance-deg000-scale05,80,-0.376840131270511
Zinc,dose0,Texture_HaralickVariance-deg045-scale05,80,-0.36108766994842945
Zinc,dose0,Texture_HaralickVariance-deg090-scale05,80,-0.3950304735114862
Zinc,dose0,Texture_HaralickVariance-deg135-scale05,80,-0.36230661040787626
Zinc,dose0,Texture_InverseDifferenceMoment-deg000-scale05,80,-0.08996718237224567
Zinc,dose0,Texture_InverseDifferenceMoment-deg045-scale05,80,-0.15780590717299578
Zinc,dose0,Texture_InverseDifferenceMoment-deg090-scale05,80,-0.2461556493202063
Zinc,dose0,Texture_InverseDifferenceMoment-deg135-scale05,80,-0.07278481012658229
Zinc,dose0,Texture_SumAverage-deg000-scale05,80,-0.36596343178621665
Zinc,dose0,Texture_SumAverage-deg045-scale05,80,-0.3704172526957337
Zinc,dose0,Texture_SumAverage-deg090-scale05,80,-0.3647444913267698
Zinc,dose0,Texture_SumAverage-deg135-scale05,80,-0.3684481950304735
Zinc,dose0,Texture_SumVariance-deg000-scale05,80,-0.37953586497890296
Zinc,dose0,Texture_SumVariance-deg045-scale05,80,-0.3855133614627286
Zinc,dose0,Texture_SumVariance-deg090-scale05,80,-0.40639943741209567
Zinc,dose0,Texture_SumVariance-deg135-scale05,80,-0.3825597749648383
Zinc,dose0,Texture_SumEntropy-deg000-scale05,80,-0.08080168776371309
Zinc,dose0,Texture_SumEntropy-deg045-scale05,80,-0.0952414439756212
Zinc,dose0,Texture_SumEntropy-deg090-scale05,80,-0.08914674167838725
Zinc,dose0,Texture_SumEntropy-deg135-scale05,80,-0.10178152836380686
Zinc,dose0,Texture_Entropy-deg000-scale05,80,0.021894045944678853
Zinc,dose0,Texture_Entropy-deg045-scale05,80,0.06940928270042195
Zinc,dose0,Texture_Entropy-deg090-scale05,80,0.04681200187529302
Zinc,dose0,Texture_Entropy-deg135-scale05,80,0.060947022972339435
Zinc,dose0,Texture_DiffVariance-deg000-scale05,80,0.12787154242850446
Zinc,dose0,Texture_DiffVariance-deg045-scale05,80,0.04125644631973746
Zinc,dose0,Texture_DiffVariance-deg090-scale05,80,0.048148148148148155
Zinc,dose0,Texture_DiffVariance-deg135-scale05,80,0.07773089545241445
Zinc,dose0,Texture_DiffEntropy-deg000-scale05,80,0.025363338021565873
Zinc,dose0,Texture_DiffEntropy-deg045-scale05,80,0.1238396624472574
Zinc,dose0,Texture_DiffEntropy-deg090-scale05,80,0.18370839193624006
Zinc,dose0,Texture_DiffEntropy-deg135-scale05,80,0.07815283638068449
Zinc,dose0,Texture_InfoCorrelation1-deg000-scale05,80,0.3969057665260197
Zinc,dose0,Texture_InfoCorrelation1-deg045-scale05,80,0.44287388654477267
Zinc,dose0,Texture_InfoCorrelation1-deg090-scale05,80,0.46715893108298173
Zinc,dose0,Texture_InfoCorrelation1-deg135-scale05,80,0.45431317393342713
Zinc,dose0,Texture_InfoCorrelation2-deg000-scale05,80,-0.302766057196437
Zinc,dose0,Texture_InfoCorrelation2-deg045-scale05,80,-0.356305672761369
Zinc,dose0,Texture_InfoCorrelation2-deg090-scale05,80,-0.3520628223159869
Zinc,dose0,Texture_InfoCorrelation2-deg135-scale05,80,-0.35993905297702766
Zinc,dose0,Texture_AngularSecondMoment-avg-scale05,80,-0.22095639943741208
Zinc,dose0,Texture_Contrast-avg-scale05,80,0.07667604313173934
Zinc,dose0,Texture_Correlation-avg-scale05,80,-0.4611814345991561
Zinc,dose0,Texture_HaralickVariance-avg-scale05,80,-0.3745663384903892
Zinc,dose0,Texture_InverseDifferenceMoment-avg-scale05,80,-0.14390529770276606
Zinc,dose0,Texture_SumAverage-avg-scale05,80,-0.3669948429442101
Zinc,dose0,Texture_SumVariance-avg-scale05,80,-0.3832630098452884
Zinc,dose0,Texture_SumEntropy-avg-scale05,80,-0.09367088607594938
Zinc,dose0,Texture_Entropy-avg-scale05,80,0.051570557899671826
Zinc,dose0,Texture_DiffVariance-avg-scale05,80,0.07395686826066573
Zinc,dose0,Texture_DiffEntropy-avg-scale05,80,0.0997655883731833
Zinc,dose0,Texture_InfoCorrelation1-avg-scale05,80,0.442991092358181
Zinc,dose0,Texture_InfoCorrelation2-avg-scale05,80,-0.3500234411626817
Zinc,dose0,ColorLab_L*GeoMedian,80,-0.25487576183778715
Zinc,dose0,ColorLab_b*GeoMedian,80,0.36502578527894985
Zinc,dose0,ColorLab_L*Medoid,80,-0.27264416315049234
Zinc,dose0,ColorLab_a*Medoid,80,0.987482419127989
Zinc,dose0,ColorLab_b*Medoid,80,0.38476324425691516
Zinc,dose0,ColorLab_DeltaE2000MedianFromMedoid,80,0.5191045475855602
Zinc,dose0,ColorLab_DeltaE2000MeanFromMedoid,80,0.573511486169714
Zinc,dose0,ColorLab_DeltaE2000P95FromMedoid,80,0.14390529770276606
Zinc,dose0,ColorLab_LabTotalVariance,80,0.8597749648382561
Zinc,dose0,ColorHSV_HueRobustMean,80,-0.28996718237224567
Zinc,dose0,ColorHSV_SaturationRobustMean,80,0.9109001406469762
Zinc,dose0,ColorHSV_ValueRobustMean,80,0.5067041725269574
Zinc,dose0,ColorHSV_HSVConeVariance,80,0.7824894514767932
