Strain ID,source,mean_auc_rate,in_top_quartile,in_bottom_quartile,quartile_direction,Strain,Strain Name,Species,Origin,Environment,Library Plate,Incubation Temp (°C)
1,copper,24.706606901662628,TRUE,FALSE,top,TFCN_17-291Y-1,"17-291Y-1
 BY126-B8",Rhodotorula mucilaginosa,China,marsh_tidalflat,1,30
2,copper,24.465316554857868,FALSE,FALSE,NA,TFCN_134A-3,"134A-3
 BY30-D2",Rhodotorula mucilaginosa,China,marsh_tidalflat,1,30
3,copper,18.170197603510147,FALSE,FALSE,NA,TFCN_98A-5,98A-5,Rhodotorula mucilaginosa,China,marsh_tidalflat,1,30
4,copper,22.902869783054207,FALSE,FALSE,NA,TFCN_102C-2,102C-2,Rhodotorula mucilaginosa,China,marsh_tidalflat,1,30
5,copper,24.49340580905466,FALSE,FALSE,NA,TFCN_105A-2,105A-2,Rhodotorula mucilaginosa,China,marsh_tidalflat,1,30
6,copper,25.3445403201165,TRUE,FALSE,top,TFCN_17-334Y-2,"17-334Y-2
 BY116-B9",Rhodotorula mucilaginosa,China,marsh_tidalflat,1,30
7,copper,22.88277479178511,FALSE,FALSE,NA,TFCN_17-329Y-4,"17-329Y-4
 BY115-H8",Rhodotorula mucilaginosa,China,marsh_tidalflat,1,30
8,copper,22.698354624652932,FALSE,FALSE,NA,TFCN_107A-6,"107A-6
 BY31-B6",Rhodotorula mucilaginosa,China,marsh_tidalflat,1,30
9,copper,24.78354923119946,TRUE,FALSE,top,TFCN_17-390M-1,"17-390M-1
 BY126-D7",Rhodotorula mucilaginosa,China,marsh_tidalflat,1,30
10,copper,14.645182536717586,FALSE,FALSE,NA,TFCN_86C-9,"86C-9
 BY34-B2",Rhodotorula sphaerocarpa,China,marsh_tidalflat,1,30
11,copper,24.66213450726386,TRUE,FALSE,top,TFCN_122C-2,"122C-2 
 BY31-A2",Rhodotorula mucilaginosa,China,marsh_tidalflat,1,30
12,copper,24.896146021916472,TRUE,FALSE,top,TFCN_4M-1-3,4M-1-3,Rhodotorula mucilaginosa,China,marsh_tidalflat,1,30
13,copper,25.008701432503543,TRUE,FALSE,top,TFCN_141C-2,"141C-2
 BY30-H4",Rhodotorula mucilaginosa,China,marsh_tidalflat,1,30
14,copper,23.607603296874217,FALSE,FALSE,NA,TFCN_130D-4,"130D-4
 BY30-H7",Rhodotorula mucilaginosa,China,marsh_tidalflat,1,30
15,copper,23.109062108224762,FALSE,FALSE,NA,TFCN_3M-1-1,"3M-1-1
 BY8-B4",Rhodotorula mucilaginosa,China,marsh_tidalflat,1,30
16,copper,23.47963671965316,FALSE,FALSE,NA,TFCN_186DK3-2,"186DK3-2
 BY39-H9",Rhodotorula sp. clade XI,China,marsh_tidalflat,1,30
17,copper,17.278975014285635,FALSE,FALSE,NA,TFCN_7-9-3,7-9-3,Rhodotorula diobovata,China,marsh_tidalflat,1,30
18,copper,22.33554953865776,FALSE,FALSE,NA,TFCN_25-395P-1,"25-395P-1
 BY126-F2",Rhodotorula mucilaginosa,China,marsh_tidalflat,1,30
19,copper,26.463538949435662,TRUE,FALSE,top,TFCN_152A-12,"152A-12
 BY32-A3",Rhodotorula mucilaginosa,China,marsh_tidalflat,1,30
20,copper,23.010169652540927,FALSE,FALSE,NA,TFCN_102D-1,102D-1 8130,Rhodotorula mucilaginosa,China,marsh_tidalflat,1,30
21,copper,24.05994925011572,FALSE,FALSE,NA,TFCN_4M-1-2,"4M-1-2
 BY8-D4",Rhodotorula mucilaginosa,China,marsh_tidalflat,1,30
22,copper,23.353013783081096,FALSE,FALSE,NA,TFCN_209-6-11,"209-6-11
 BY43-G1",Rhodotorula mucilaginosa,China,marsh_tidalflat,1,30
23,copper,13.280166507597178,FALSE,FALSE,NA,TFCN_110C-1,110C-1,Rhodotorula mucilaginosa,China,marsh_tidalflat,1,30
24,copper,26.49000498093952,TRUE,FALSE,top,TFCN_17-337P-5,"17-337P-5
 BY116-B7",Rhodotorula mucilaginosa,China,marsh_tidalflat,1,30
25,copper,17.72225823519584,FALSE,FALSE,NA,TFCN_137C-3,"137C-3
 BY30-I4",Rhodotorula mucilaginosa,China,marsh_tidalflat,1,30
26,copper,24.7356339679279,TRUE,FALSE,top,TFCN_212C-2,"212C-2
 BY39-G3",Rhodotorula mucilaginosa,China,marsh_tidalflat,1,30
27,copper,25.889621361388706,TRUE,FALSE,top,TFCN_25-0-2E390-1,"25-0-2E390-1
 BY126-F3",Rhodotorula mucilaginosa,China,marsh_tidalflat,1,30
28,copper,25.031124340623244,TRUE,FALSE,top,TFCN_1A-1-3,1A-1-3 8130,Rhodotorula pacifica,China,marsh_tidalflat,1,30
29,copper,17.879404109140886,FALSE,FALSE,NA,TFCN_25-332D-2,"25-332D-2
 BY119-I1 8/30",Rhodotorula mucilaginosa,China,marsh_tidalflat,1,30
30,copper,22.429005268988814,FALSE,FALSE,NA,TFCN_2M-1-4,"2M-1-4
 BY8-B3 8/30",Rhodotorula mucilaginosa,China,marsh_tidalflat,1,30
31,copper,22.676112407010553,FALSE,FALSE,NA,TFCN_340-3,"340-3
 BY110-F1",Rhodotorula mucilaginosa,China,marsh_tidalflat,1,30
32,copper,21.815491048092404,FALSE,FALSE,NA,TFCN_100D-1,"100D-1
 BY31-H3",Rhodotorula mucilaginosa,China,marsh_tidalflat,1,30
33,copper,23.730401472119663,FALSE,FALSE,NA,TFCN_340-1,"340-1
 BY110-D1",Rhodotorula mucilaginosa,China,marsh_tidalflat,1,30
36,copper,25.264730360363508,TRUE,FALSE,top,TFCN_17-267M-1,"17-267M-1
 BY121-A4",Rhodotorula mucilaginosa,China,marsh_tidalflat,1,30
37,copper,22.110494903564007,FALSE,FALSE,NA,TFCN_48A-15,48A-15,Rhodotorula paludigena,China,marsh_tidalflat,1,30
38,copper,22.889341999152293,FALSE,FALSE,NA,TFCN_25-332C-1,"25-332C-1
 BY119-C2",Rhodotorula mucilaginosa,China,marsh_tidalflat,1,30
39,copper,23.576117399637653,FALSE,FALSE,NA,TFCN_17-334Y-3,"17-334Y-3
 BY116-C9",Rhodotorula mucilaginosa,China,marsh_tidalflat,1,30
40,copper,24.288777316639475,FALSE,FALSE,NA,TFCN_270H-1,"270H-1
 BY113-D3",Rhodotorula mucilaginosa,China,marsh_tidalflat,1,30
41,copper,24.457271352371837,FALSE,FALSE,NA,TFCN_107C-3,107C-3,Rhodotorula mucilaginosa,China,marsh_tidalflat,1,30
42,copper,19.582833800186805,FALSE,FALSE,NA,TFCN_33A-4,33A-4,Rhodotorula mucilaginosa,China,marsh_tidalflat,1,30
43,copper,17.023462142050008,FALSE,FALSE,NA,TFCN_152D-4,"152D-4
 BY32-B4",Rhodotorula toruloides,China,marsh_tidalflat,1,30
44,copper,17.999385665082457,FALSE,FALSE,NA,TFCN_7-9-2,7-9-2,Rhodotorula diobovata,China,marsh_tidalflat,1,30
45,copper,24.94435914907398,TRUE,FALSE,top,TFCN_17Y-278-1,"17Y-278-1
 BY126-D5",Rhodotorula mucilaginosa,China,marsh_tidalflat,1,30
46,copper,23.68053101894729,FALSE,FALSE,NA,TFCN_43A-4,43A-4,Rhodotorula paludigena,China,marsh_tidalflat,1,30
47,copper,19.619227687539656,FALSE,FALSE,NA,TFCN_25-331D-1,"25-331D-1
 BY119-D1",Rhodotorula mucilaginosa,China,marsh_tidalflat,1,30
48,copper,18.383713779416905,FALSE,FALSE,NA,TFCN_25-333C-2,"25-333C-2
 BY120-H5",Rhodotorula mucilaginosa,China,marsh_tidalflat,1,30
49,copper,21.786564031903033,FALSE,FALSE,NA,TFCN_270H-2,"270H-2
 BY113-D4",Rhodotorula mucilaginosa,China,marsh_tidalflat,1,30
50,copper,22.99416475339767,FALSE,FALSE,NA,TFCN_118C-2,"118C-2
 BY31-G1",Rhodotorula mucilaginosa,China,marsh_tidalflat,1,30
51,copper,23.262702728514768,FALSE,FALSE,NA,TFCN_25-334D-3,"25-334D-3
 BY118-F7",Rhodotorula mucilaginosa,China,marsh_tidalflat,1,30
52,copper,22.53996887076832,FALSE,FALSE,NA,TFCN_1A-14,1A-14,Rhodotorula mucilaginosa,China,NA,1,30
53,copper,22.284812364311918,FALSE,FALSE,NA,TFCN_211A-3,"211A-3
 BY37-B3",Rhodotorula mucilaginosa,China,marsh_tidalflat,1,30
54,copper,25.202205529476867,TRUE,FALSE,top,TFCN_17-0-2E390-1,"17-0-2E390-1
 BY126-B7",Rhodotorula mucilaginosa,China,marsh_tidalflat,1,30
55,copper,25.295353001333254,TRUE,FALSE,top,TFCN_172A-1,"172A-1
 BY40-A6",Rhodotorula mucilaginosa,China,marsh_tidalflat,1,30
56,copper,24.284726859797182,FALSE,FALSE,NA,TFCN_22C-4,22C-4,Rhodotorula mucilaginosa,China,marsh_tidalflat,1,30
57,copper,25.368941041812043,TRUE,FALSE,top,TFCN_98D-11,98D-11,Rhodotorula mucilaginosa,China,NA,1,30
58,copper,22.656793786603203,FALSE,FALSE,NA,TFCN_25-332Y-1,"25-332Y-1
 BY119-F3",Rhodotorula mucilaginosa,China,marsh_tidalflat,1,30
59,copper,24.49523214221307,TRUE,FALSE,top,TFCN_25-333Y-9,"25-333Y-9
 BY120_C8",Rhodotorula mucilaginosa,China,marsh_tidalflat,1,30
60,copper,25.920150553031494,TRUE,FALSE,top,TFCN_25-325Y-1,"25-325Y-1
 BY120-D6",Rhodotorula mucilaginosa,China,marsh_tidalflat,1,30
61,copper,22.164367764957362,FALSE,FALSE,NA,TFCN_152A-6,"152A-6
 BY32-D2",Rhodotorula toruloides,China,marsh_tidalflat,1,30
62,copper,20.44792201181411,FALSE,FALSE,NA,TFCN_17-338D-3,"17-338D-3
 BY116-B5",Rhodotorula mucilaginosa,China,marsh_tidalflat,1,30
63,copper,23.998956987480017,FALSE,FALSE,NA,TFCN_17-0-2E390-2,"17-0-2E390-2
 BY126-C7",Rhodotorula mucilaginosa,China,NA,1,30
64,copper,21.996272556022063,FALSE,FALSE,NA,TFCN_140A-3,"140A-3
 BY30-G2",Rhodotorula mucilaginosa,China,marsh_tidalflat,1,30
66,copper,24.2669035832555,FALSE,FALSE,NA,TFCN_209-6-5,"209-6-5
 BY43-A1",Rhodotorula mucilaginosa,China,marsh_tidalflat,1,30
67,copper,27.282008165889067,TRUE,FALSE,top,TFCN_17-333P-6,"17-333P-6
 BY118-E1",Rhodotorula mucilaginosa,China,marsh_tidalflat,1,30
68,copper,24.086760846788717,FALSE,FALSE,NA,TFCN_17-325D-2,"17-325D-2
 BY116-B4",Rhodotorula mucilaginosa,China,marsh_tidalflat,1,30
69,copper,25.784185492321164,TRUE,FALSE,top,TFCN_17-325P-1,"17-325P-1
 BY117-E2",Rhodotorula mucilaginosa,China,marsh_tidalflat,1,30
71,copper,23.271110747253395,FALSE,FALSE,NA,TFCN_7W-292-3,"7W-292-3
 BY53-A7",Rhodotorula dairenensis,China,marsh_tidalflat,1,30
72,copper,22.640960844319466,FALSE,FALSE,NA,TFCN_89D-3,"89D-3
 BY32-I5",Rhodotorula mucilaginosa,China,marsh_tidalflat,1,30
73,copper,26.396979423965796,TRUE,FALSE,top,TFCN_138A-1,"138A-1
 BY31-C1",Rhodotorula mucilaginosa,China,marsh_tidalflat,1,30
74,copper,25.507733621135607,TRUE,FALSE,top,TFCN_209-6-17,"209-6-17
 BY43-D2",Rhodotorula mucilaginosa,China,marsh_tidalflat,1,30
75,copper,26.23367520378222,TRUE,FALSE,top,TFCN_137D-4,"137D-4
 BY30-H6",Rhodotorula mucilaginosa,China,marsh_tidalflat,1,30
76,copper,24.737461773644085,TRUE,FALSE,top,TFCN_25-337Y-1,"25-337Y-1
 BY118-I8",Rhodotorula mucilaginosa,China,marsh_tidalflat,1,30
77,copper,24.631544867933066,TRUE,FALSE,top,TFCN_209-6-2,"209-6-2
 BY42-G9",Rhodotorula mucilaginosa,China,NA,1,30
78,copper,24.34933759579077,FALSE,FALSE,NA,TFCN_25-332P-2,"25-332P-2
 BY119-B2",Rhodotorula mucilaginosa,China,marsh_tidalflat,1,30
79,copper,22.69585899448597,FALSE,FALSE,NA,TFCN_98C-7,98C-7,Rhodotorula mucilaginosa,China,marsh_tidalflat,1,30
80,copper,25.449573777702394,TRUE,FALSE,top,TFCN_1B-1-2,1B-1-2,Rhodotorula pacifica,China,marsh_tidalflat,1,30
81,copper,23.487852687232976,FALSE,FALSE,NA,TFCN_98C-5,98C-5,Rhodotorula mucilaginosa,China,marsh_tidalflat,1,30
83,copper,17.46481945225594,FALSE,FALSE,NA,TFCN_152A-2,"152A-2
 BY32-I1",Rhodotorula mucilaginosa,China,marsh_tidalflat,1,30
85,copper,26.397476848035247,TRUE,FALSE,top,TFCN_48A-3,48A-3,Rhodotorula paludigena,China,marsh_tidalflat,1,30
86,copper,23.387030405987545,FALSE,FALSE,NA,TFCN_25-333Y-10,"25-333Y-10
 BY120-D8",Rhodotorula mucilaginosa,China,NA,1,30
88,copper,22.997714270784492,FALSE,FALSE,NA,TFCN_152C-3,"152C-3
 BY32-D3",Rhodotorula toruloides,China,NA,2,30
89,copper,17.868701697237285,FALSE,FALSE,NA,TFCN_4M-1-5,"4M-1-5
 BY8-G4",Rhodotorula mucilaginosa,China,marsh_tidalflat,2,30
91,copper,18.013179985725316,FALSE,FALSE,NA,TFCN_25-335P-1,"25-335P-1
 BY120-A5",Rhodotorula diobovata,China,marsh_tidalflat,2,30
92,copper,16.341052713595143,FALSE,FALSE,NA,TFCN_S22D-1,"S22D-1 
 BY38-D8",Rhodotorula taiwanensis,China,marsh_tidalflat,2,30
93,copper,20.6605665466004,FALSE,FALSE,NA,TFCN_48D-10,48D-10,Rhodotorula paludigena,China,marsh_tidalflat,2,30
94,copper,23.417133561619316,FALSE,FALSE,NA,TFCN_48D-4,48D-4,Rhodotorula paludigena,China,marsh_tidalflat,2,30
95,copper,24.368162626971326,FALSE,FALSE,NA,TFCN_86A-3,"86A-3
 BY34-G6",Rhodotorula mucilaginosa,China,marsh_tidalflat,2,30
96,copper,21.726298777068376,FALSE,FALSE,NA,TFCN_152A-4,"152A-4
 BY32-B2",Rhodotorula toruloides,China,marsh_tidalflat,2,30
97,copper,22.381644106522963,FALSE,FALSE,NA,TFCN_17-332P-1,"17-332P-1
 BY115-D6",Rhodotorula mucilaginosa,China,marsh_tidalflat,2,30
98,copper,22.90995384229788,FALSE,FALSE,NA,TFCN_4M-1-4,"4M-1-4
 BY8-F4",Rhodotorula mucilaginosa,China,marsh_tidalflat,2,30
99,copper,26.299443634118134,TRUE,FALSE,top,TFCN_102C-1,102C-1,Rhodotorula mucilaginosa,China,marsh_tidalflat,2,30
100,copper,25.665961490905154,TRUE,FALSE,top,TFCN_404D-1,"404D-1
 BY123-F4",Rhodotorula mucilaginosa,China,marsh_tidalflat,2,30
101,copper,20.062763988531447,FALSE,FALSE,NA,TFCN_86C-10,"86C-10
 BY34-B2",Rhodotorula sphaerocarpa,China,marsh_tidalflat,2,30
102,copper,21.74218340656356,FALSE,FALSE,NA,TFCN_342-2,"342-2
 BY110-A2",Rhodotorula paludigena,China,marsh_tidalflat,2,30
103,copper,23.237295461434037,FALSE,FALSE,NA,TFCN_48A-10,48A-10,Rhodotorula paludigena,China,marsh_tidalflat,2,30
104,copper,24.186984062670376,FALSE,FALSE,NA,TFCN_213-6-2,"213-6-2
 BY42-B6",Rhodotorula mucilaginosa,China,marsh_tidalflat,2,30
105,copper,18.733006699330833,FALSE,FALSE,NA,TFCN_152C-6,"152C-6
 BY32-G3",Rhodotorula toruloides,China,marsh_tidalflat,2,30
106,copper,21.211642281830812,FALSE,FALSE,NA,TFCN_273H-1,"273H-1
 BY113-C3",Rhodotorula mucilaginosa,China,marsh_tidalflat,2,30
107,copper,25.81895225741831,TRUE,FALSE,top,TFCN_209-6-4,"209-6-4
 BY42-I9",Rhodotorula mucilaginosa,China,NA,2,30
108,copper,23.062962749521688,FALSE,FALSE,NA,TFCN_25-332M-2,"25-332M-2
 BY119-E2",Rhodotorula mucilaginosa,China,marsh_tidalflat,2,30
109,copper,23.01017547762458,FALSE,FALSE,NA,TFCN_98C-8,98C-8,Rhodotorula mucilaginosa,China,marsh_tidalflat,2,30
110,copper,10.039899357119284,FALSE,FALSE,NA,TFCN_25-333D-1,"25-333D-1
 BY120-B3",Rhodotorula sp. clade I,China,marsh_tidalflat,2,30
111,copper,19.962276068293168,FALSE,FALSE,NA,TFCN_25-335C-1,"25-335C-1
 BY120-B5",Rhodotorula diobovata,China,marsh_tidalflat,2,30
112,copper,25.056805664167086,TRUE,FALSE,top,TFCN_17-328P-3,"17-328P-3
 BY116-C2",Rhodotorula sp. clade I,China,marsh_tidalflat,2,30
113,copper,24.29471190479327,FALSE,FALSE,NA,TFCN_54D-2,54D-2,Rhodotorula mucilaginosa,China,marsh_tidalflat,2,30
114,copper,18.630388256754667,FALSE,FALSE,NA,TFCN_152D-6,"152D-6
 BY32-D4",Rhodotorula toruloides,China,marsh_tidalflat,2,30
115,copper,23.067441377364453,FALSE,FALSE,NA,TFCN_25-0-2E332-1,"25-0-2E332-1
 BY119-E3",Rhodotorula mucilaginosa,China,marsh_tidalflat,2,30
116,copper,19.896899313909955,FALSE,FALSE,NA,TFCN_25-0-2E333-9,"BY120-C1 (BY120-C7)
 25-0-2E333-9",Rhodotorula mucilaginosa,China,marsh_tidalflat,2,30
117,copper,22.392965740912825,FALSE,FALSE,NA,TFCN_17-0-2E334-10,"17-0-2E334-10
 BY116-C8",Rhodotorula mucilaginosa,China,marsh_tidalflat,2,30
118,copper,15.467424491706192,FALSE,FALSE,NA,TFCN_357-1,"357-1
 BY110-F4",Rhodotorula taiwanensis,China,marsh_tidalflat,2,30
119,copper,22.101895738754543,FALSE,FALSE,NA,TFCN_17-328C-3,"17-328C-3
 BY117-D1",Rhodotorula sp. clade I,China,marsh_tidalflat,2,30
120,copper,18.916213032494426,FALSE,FALSE,NA,TFCN_17-334Y-6,"17-334Y-6
 BY116-F9",Rhodotorula diobovata,China,marsh_tidalflat,2,30
121,copper,11.421807184670236,FALSE,FALSE,NA,TFCN_25-333P-5,"25-333P-5
 BY120-H3",Rhodotorula paludigena,China,marsh_tidalflat,2,30
122,copper,26.55615047284374,TRUE,FALSE,top,TFCN_222A-2,"222A-2
 BY37-G8",Rhodotorula sp. clade I,China,marsh_tidalflat,2,30
123,copper,10.871521258522863,FALSE,FALSE,NA,TFCN_25-333Y-2,"25-333Y-2
 BY120-G4",Rhodotorula sp. clade I,China,marsh_tidalflat,2,30
124,copper,21.759516988057037,FALSE,FALSE,NA,TFCN_98A-10,98A-10,Rhodotorula mucilaginosa,China,marsh_tidalflat,2,30
125,copper,23.986745048809546,FALSE,FALSE,NA,TFCN_17-334D-6,"17-334D-6
 BY115-E2",Rhodotorula mucilaginosa,China,marsh_tidalflat,2,30
126,copper,25.011336338750784,TRUE,FALSE,top,TFCN_17-0-2E334-4,"17-0-2E334-4
 BY116-G7",Rhodotorula mucilaginosa,China,marsh_tidalflat,2,30
127,copper,23.075096540589747,FALSE,FALSE,NA,TFCN_363-1-2,"363-1-2
 BY110-A6",Rhodotorula mucilaginosa,China,marsh_tidalflat,2,30
128,copper,25.856104955368572,TRUE,FALSE,top,TFCN_17-0-2E329-4,"17-0-2E329-4
 BY115-C8",Rhodotorula graminis,China,marsh_tidalflat,2,30
129,copper,22.838017221385954,FALSE,FALSE,NA,TFCN_25-0-2E333-7,"25-0-2E333-7
 BY120-A7",Rhodotorula mucilaginosa,China,marsh_tidalflat,2,30
130,copper,24.72459771038137,TRUE,FALSE,top,TFCN_25-335Y-1,"25-335Y-1
 BY120-I4",Rhodotorula mucilaginosa,China,NA,2,30
131,copper,24.518101330827587,TRUE,FALSE,top,TFCN_213-6-4,"213-6-4
 BY42-C6",Rhodotorula mucilaginosa,China,marsh_tidalflat,2,30
133,copper,23.965106378631504,FALSE,FALSE,NA,TFCN_98C-3,98C-3,Rhodotorula mucilaginosa,China,marsh_tidalflat,2,30
134,copper,23.59057670199983,FALSE,FALSE,NA,TFCN_17-333D-2,"17-333D-2
 BY115-E6",Rhodotorula mucilaginosa,China,marsh_tidalflat,2,30
135,copper,24.184998871480616,FALSE,FALSE,NA,TFCN_17-332C-2,"17-332C-2
 BY115-H4",Rhodotorula mucilaginosa,China,marsh_tidalflat,2,30
136,copper,10.036045231905028,FALSE,FALSE,NA,TFCN_86A-6,"86A-6
 BY34-A7",Rhodotorula sphaerocarpa,China,marsh_tidalflat,2,30
137,copper,20.240929642389855,FALSE,FALSE,NA,TFCN_0520-4-2-2,"0520-4-2-2
 BY53-D9",Rhodotorula taiwanensis,China,marsh_tidalflat,2,30
138,copper,23.26903959609732,FALSE,FALSE,NA,TFCN_49A-1,49A-1,Rhodotorula paludigena,China,marsh_tidalflat,2,30
139,copper,21.281613456358766,FALSE,FALSE,NA,TFCN_25-333D-5,"25-333D-5
 BY120-H7",Rhodotorula sp. clade I,China,NA,2,30
140,copper,10.515368657352305,FALSE,FALSE,NA,TFCN_86C-7,"86C-7
 BY34-I1",Rhodotorula sp. clade I,China,marsh_tidalflat,2,30
141,copper,23.779639011239976,FALSE,FALSE,NA,TFCN_152C-2,"152C-2
 BY32-C3",Rhodotorula toruloides,China,marsh_tidalflat,2,30
142,copper,24.78578374652847,TRUE,FALSE,top,TFCN_98D-9,"98D-9
 BY31-F3",Rhodotorula mucilaginosa,China,NA,2,30
143,copper,25.392570097339394,TRUE,FALSE,top,TFCN_17-325D-4,"17-325D-4
 BY116-C4",Rhodotorula mucilaginosa,China,marsh_tidalflat,2,30
144,copper,23.358382672906817,FALSE,FALSE,NA,TFCN_17-332P-2,"17-332P-2
 BY117-G8",Rhodotorula mucilaginosa,China,marsh_tidalflat,2,30
145,copper,25.098853739176175,TRUE,FALSE,top,TFCN_54D-1,54D-1,Rhodotorula mucilaginosa,China,marsh_tidalflat,2,30
146,copper,24.522677640655928,TRUE,FALSE,top,TFCN_86A-12,"86A-12
 BY34-E7",Rhodotorula mucilaginosa,China,marsh_tidalflat,2,30
147,copper,18.196064334803793,FALSE,FALSE,NA,TFCN_48C-3,48C-3,Rhodotorula paludigena,China,marsh_tidalflat,2,30
148,copper,23.464997891294008,FALSE,FALSE,NA,TFCN_342-3,"342-3
 BY110_B2",Rhodotorula mucilaginosa,China,marsh_tidalflat,2,30
149,copper,15.044809862239418,FALSE,FALSE,NA,TFCN_86A-8,"86A-8
 BY35-H3",Rhodotorula sphaerocarpa,China,marsh_tidalflat,2,30
150,copper,23.59777188184992,FALSE,FALSE,NA,TFCN_152C-5,"152C-5
 BY32-F3",Rhodotorula mucilaginosa,China,marsh_tidalflat,2,30
151,copper,25.000209203418542,TRUE,FALSE,top,TFCN_98D-7,"98D-7
 BY31-E3",Rhodotorula mucilaginosa,China,NA,2,30
152,copper,22.756075171665188,FALSE,FALSE,NA,TFCN_25-337M-3,"25-337M-3
 BY119-F9",Rhodotorula mucilaginosa,China,marsh_tidalflat,2,30
153,copper,23.49843204523267,FALSE,FALSE,NA,TFCN_25-0-2E333-5,"25-0-2E333-5
 BY120-E4",Rhodotorula mucilaginosa,China,marsh_tidalflat,2,30
155,copper,17.93625337273834,FALSE,FALSE,NA,TFCN_0520-4-2-1,"0520-4-2-1
 BY53-C9",Rhodotorula taiwanensis,China,marsh_tidalflat,2,30
156,copper,21.817514235408293,FALSE,FALSE,NA,TFCN_48A-2,48A-2,Rhodotorula paludigena,China,marsh_tidalflat,2,30
157,copper,22.87270605863172,FALSE,FALSE,NA,TFCN_1A-1-2,1A-1-2,Rhodotorula paludigena,China,marsh_tidalflat,2,30
158,copper,26.919244182227978,TRUE,FALSE,top,TFCN_152A-1,"152A-1
 BY32-H1",Rhodotorula mucilaginosa,China,marsh_tidalflat,2,30
159,copper,23.13862364886954,FALSE,FALSE,NA,TFCN_152A-5,"152A-5
 BY32-C2",Rhodotorula mucilaginosa,China,marsh_tidalflat,2,30
161,copper,25.302674013342873,TRUE,FALSE,top,TFCN_102D-2,102D-2,Rhodotorula mucilaginosa,China,marsh_tidalflat,2,30
162,copper,24.528237525736905,TRUE,FALSE,top,TFCN_25-327D-1,"25-327D-1
 BY119-D5",Rhodotorula mucilaginosa,China,marsh_tidalflat,2,30
163,copper,24.867086162302392,TRUE,FALSE,top,TFCN_17-334Y-5,"17-334Y-5
 BY116-E9",Rhodotorula mucilaginosa,China,marsh_tidalflat,2,30
164,copper,24.67066616412314,TRUE,FALSE,top,TFCN_17-334C-1,"17-334C-1
 BY117-A6",Rhodotorula mucilaginosa,China,marsh_tidalflat,2,30
166,copper,20.86109002184873,FALSE,FALSE,NA,DBVPG_3238,3238,Rhodotorula mucilaginosa,Italy,food,2,30
167,copper,21.315502486726455,FALSE,FALSE,NA,DBVPG_3444,3444,Rhodotorula mucilaginosa,Italy,food,2,30
168,copper,22.772074937407275,FALSE,FALSE,NA,DBVPG_3775,3775,Rhodotorula mucilaginosa,Italy,soil,2,30
169,copper,23.20333167019102,FALSE,FALSE,NA,DBVPG_3983,3983,Rhodotorula mucilaginosa,Italy,cave,2,30
170,copper,23.184451976710168,FALSE,FALSE,NA,DBVPG_4378,4378,Rhodotorula mucilaginosa,Italy,food,2,30
171,copper,16.505900931376754,FALSE,FALSE,NA,DBVPG_4618,4618,Rhodotorula mucilaginosa,Italy,soil,2,30
172,copper,24.04070686617748,FALSE,FALSE,NA,TFCN_106A-1,106A-1,Rhodotorula mucilaginosa,China,marsh_tidalflat,2,30
174,copper,24.654637718649408,TRUE,FALSE,top,TFCN_17-0-2E337-3,17-0-2E337-3 BY117-H4,Rhodotorula mucilaginosa,China,marsh_tidalflat,2,30
175,copper,18.35071591388744,FALSE,FALSE,NA,DBVPG_3239,3239,Rhodotorula mucilaginosa,Italy,food,2,30
176,copper,27.090639949069505,TRUE,FALSE,top,DBVPG_3538,3538,Rhodotorula mucilaginosa,Italy,soil,3,30
177,copper,27.476568972590126,TRUE,FALSE,top,DBVPG_3776,3776,Rhodotorula mucilaginosa,Italy,soil,3,30
178,copper,29.25470183755314,TRUE,FALSE,top,DBVPG_3984,3984,Rhodotorula mucilaginosa,Italy,cave,3,30
179,copper,20.63996948069086,FALSE,FALSE,NA,DBVPG_4379,4379,Rhodotorula mucilaginosa,Italy,food,3,30
181,copper,21.81573293738559,FALSE,FALSE,NA,TFCN_25-332D-1,"25-332D-1
 BY119-H1",Rhodotorula mucilaginosa,China,marsh_tidalflat,3,30
182,copper,21.759757697610528,FALSE,FALSE,NA,TFCN_25-333P-2,"25-333P-2
 BY120-E3",Rhodotorula mucilaginosa,China,marsh_tidalflat,3,30
183,copper,23.60157613777897,FALSE,FALSE,NA,TFCN_181A-1,"181A-1
 BY39-F5",Rhodotorula mucilaginosa,China,marsh_tidalflat,3,30
185,copper,18.700879875976803,FALSE,FALSE,NA,DBVPG_3768,3768,Rhodotorula dairenensis,Italy,soil,3,30
186,copper,26.035735137044032,TRUE,FALSE,top,DBVPG_3777,3777,Rhodotorula mucilaginosa,Italy,soil,3,30
187,copper,0.8064175657477599,FALSE,FALSE,NA,DBVPG_3985,3985,Rhodotorula glutinis,Italy,cave,3,30
188,copper,20.386548586661142,FALSE,FALSE,NA,DBVPG_4380,4380,Rhodotorula mucilaginosa,Italy,sand,3,30
189,copper,24.003529016616618,FALSE,FALSE,NA,DBVPG_4669,4669,Rhodotorula mucilaginosa,Italy,food,3,30
190,copper,22.48355525278517,FALSE,FALSE,NA,TFCN_17-332M-1,"17-332M-1
 BY115-F4",Rhodotorula mucilaginosa,China,marsh_tidalflat,3,30
192,copper,21.124082045385826,FALSE,FALSE,NA,DBVPG_3853,Y3853,Rhodotorula dairenensis,Italy,plant,3,30
193,copper,29.83526913183313,TRUE,FALSE,top,DBVPG_3381,3381,Rhodotorula mucilaginosa,Italy,plant,3,30
194,copper,22.474992845857816,FALSE,FALSE,NA,DBVPG_3769,3769,Rhodotorula dairenensis,Italy,soil,3,30
196,copper,26.74685286601681,TRUE,FALSE,top,DBVPG_4201,4201,Rhodotorula mucilaginosa,Italy,plant,3,30
197,copper,20.261672242318312,FALSE,FALSE,NA,DBVPG_4408,4408,Rhodotorula mucilaginosa,Italy,marine,3,30
198,copper,20.932186387621957,FALSE,FALSE,NA,DBVPG_4920,4920,Rhodotorula mucilaginosa,Italy,food,3,30
199,copper,22.339440228729273,FALSE,FALSE,NA,TFCN_17-332M-2,"17-332M-2
 BY115-F4",Rhodotorula mucilaginosa,China,marsh_tidalflat,3,30
200,copper,24.58425398817205,TRUE,FALSE,top,TFCN_209-6-14,"209-6-14
 BY43-A2",Rhodotorula mucilaginosa,China,NA,3,30
201,copper,13.99272729752528,FALSE,FALSE,NA,DBVPG_3044,DBVPG 3044,Rhodotorula mucilaginosa,Italy,unknown,3,30
202,copper,21.665126362476066,FALSE,FALSE,NA,DBVPG_3382,3382,Rhodotorula mucilaginosa,Italy,plant,3,30
203,copper,18.25541168747433,FALSE,FALSE,NA,DBVPG_3770,3770,Rhodotorula dairenensis,Italy,soil,3,30
204,copper,18.957812897100297,FALSE,FALSE,NA,DBVPG_3854,3854,Rhodotorula mucilaginosa,Italy,plant,3,30
205,copper,25.621484539524157,TRUE,FALSE,top,DBVPG_4202,4202,Rhodotorula mucilaginosa,Italy,soil,3,30
206,copper,24.321805071834696,FALSE,FALSE,NA,DBVPG_4466,4466,Rhodotorula mucilaginosa,Italy,plant,3,30
207,copper,25.516585479327087,TRUE,FALSE,top,DBVPG_4945,4945,Rhodotorula mucilaginosa,Italy,food,3,30
208,copper,23.873081790859864,FALSE,FALSE,NA,TFCN_25-332M-1,"25-332M-1
 BY119-D2",Rhodotorula mucilaginosa,China,marsh_tidalflat,3,30
209,copper,19.993784834501895,FALSE,FALSE,NA,TFCN_17-332C-1,"17-332C-1
 BY115-G4",Rhodotorula mucilaginosa,China,marsh_tidalflat,3,30
210,copper,20.614579699388962,FALSE,FALSE,NA,DBVPG_3045,3045,Rhodotorula mucilaginosa,Italy,food,3,30
211,copper,23.54365415676812,FALSE,FALSE,NA,DBVPG_3383,3383,Rhodotorula mucilaginosa,Italy,plant,3,30
213,copper,17.299872302513045,FALSE,FALSE,NA,DBVPG_3855,3855,Rhodotorula mucilaginosa,Italy,plant,3,30
214,copper,25.433597778740246,TRUE,FALSE,top,DBVPG_4203,4203,Rhodotorula mucilaginosa,Italy,soil,3,30
215,copper,8.23840602036864,FALSE,FALSE,NA,DBVPG_4530,4530,Rhodotorula taiwanensis,Italy,plant,3,30
216,copper,25.106785641398666,TRUE,FALSE,top,DBVPG_4946,4946,Rhodotorula mucilaginosa,Italy,food,3,30
217,copper,27.24116449170874,TRUE,FALSE,top,TFCN_25-0-2E333-1,"25-0-2E333-1
 BY120-A4",Rhodotorula mucilaginosa,China,marsh_tidalflat,3,30
218,copper,23.67678758486075,FALSE,FALSE,NA,TFCN_25-0-2E334-1,"25-0-2E334-1
 BY118-A8",Rhodotorula mucilaginosa,China,marsh_tidalflat,3,30
219,copper,25.557866345537978,TRUE,FALSE,top,DBVPG_3090,3090,Rhodotorula mucilaginosa,Italy,food,3,30
220,copper,22.506901103868337,FALSE,FALSE,NA,DBVPG_3384,3384,Rhodotorula mucilaginosa,Italy,plant,3,30
221,copper,22.238491168104993,FALSE,FALSE,NA,DBVPG_3772,3772,Rhodotorula dairenensis,Italy,soil,3,30
222,copper,23.002289896198242,FALSE,FALSE,NA,DBVPG_3856,3856,Rhodotorula mucilaginosa,Italy,plant,3,30
223,copper,24.970617216242662,TRUE,FALSE,top,DBVPG_4304,4304,Rhodotorula mucilaginosa,Italy,unknown,3,30
224,copper,10.726073751632935,FALSE,FALSE,NA,DBVPG_4531,4531,Rhodotorula taiwanensis,Italy,plant,3,30
225,copper,29.326870812040063,TRUE,FALSE,top,DBVPG_4947,4947,Rhodotorula mucilaginosa,Italy,food,3,30
227,copper,21.592602771844682,FALSE,FALSE,NA,TFCN_25-334Y-6,"25-334Y-6
 BY118-F9",Rhodotorula mucilaginosa,China,marsh_tidalflat,3,30
228,copper,21.319392889060772,FALSE,FALSE,NA,DBVPG_3235,3235,Rhodotorula mucilaginosa,Italy,food,3,30
229,copper,23.16927149554865,FALSE,FALSE,NA,DBVPG_3442,3442,Rhodotorula mucilaginosa,Italy,food,3,30
230,copper,17.264184703108846,FALSE,FALSE,NA,DBVPG_3773,3773,Rhodotorula dairenensis,Italy,soil,3,30
231,copper,17.584487574365067,FALSE,FALSE,NA,DBVPG_3857,3857,Rhodotorula mucilaginosa,Italy,plant,3,30
232,copper,21.574037401511642,FALSE,FALSE,NA,DBVPG_4376,4376,Rhodotorula mucilaginosa,Italy,food,3,30
233,copper,18.966960860593886,FALSE,FALSE,NA,DBVPG_4534,4534,Rhodotorula mucilaginosa,Italy,sand,3,30
234,copper,23.195636477000733,FALSE,FALSE,NA,DBVPG_4949,4949,Rhodotorula mucilaginosa,Italy,soil,3,30
235,copper,23.137896979414478,FALSE,FALSE,NA,TFCN_209-6-1,"209-6-1
 BY42-F9",Rhodotorula mucilaginosa,China,marsh_tidalflat,3,30
236,copper,24.46378775707447,FALSE,FALSE,NA,TFCN_209-6-12,"209-6-12
 BY43-H1",Rhodotorula mucilaginosa,China,NA,3,30
237,copper,24.78611093756693,TRUE,FALSE,top,DBVPG_3237,3237,Rhodotorula mucilaginosa,Italy,food,3,30
238,copper,23.48070373093801,FALSE,FALSE,NA,DBVPG_3443,3443,Rhodotorula mucilaginosa,Italy,food,3,30
239,copper,25.475087484372274,TRUE,FALSE,top,DBVPG_3774,3774,Rhodotorula mucilaginosa,Italy,food,3,30
240,copper,28.53176096141025,TRUE,FALSE,top,DBVPG_3858,3858,Rhodotorula mucilaginosa,Italy,insect,3,30
241,copper,23.456050113958245,FALSE,FALSE,NA,DBVPG_4377,4377,Rhodotorula mucilaginosa,Italy,marine,3,30
243,copper,22.19731575255711,FALSE,FALSE,NA,DBVPG_4950,4950,Rhodotorula mucilaginosa,Italy,soil,3,30
245,copper,22.56044183302859,FALSE,FALSE,NA,DBVPG_5227,5227,Rhodotorula mucilaginosa,Italy,soil,3,30
246,copper,24.919002631919504,TRUE,FALSE,top,DBVPG_6091,6091,Rhodotorula mucilaginosa,Italy,insect,3,30
247,copper,21.01335696907005,FALSE,FALSE,NA,DBVPG_6739,6739,Rhodotorula toruloides,Italy,soil,3,30
248,copper,17.52430690494876,FALSE,FALSE,NA,DBVPG_7947,7947,Rhodotorula sp. clade XIII,Italy,soil,3,30
249,copper,2.486686985389436,FALSE,FALSE,NA,DBVPG_3236,3236,Rhodotorula mucilaginosa,Italy,food,3,30
250,copper,24.35055475443986,FALSE,FALSE,NA,DBVPG_7316,7316,Rhodotorula paludigena,Italy,marsh_tidalflat,3,30
253,copper,24.309474915054032,FALSE,FALSE,NA,DBVPG_4956,4956,Rhodotorula mucilaginosa,Italy,soil,3,30
254,copper,23.423943619281783,FALSE,FALSE,NA,DBVPG_5228,5228,Rhodotorula mucilaginosa,Italy,soil,3,30
255,copper,18.547279400261292,FALSE,FALSE,NA,DBVPG_6093,6093,Rhodotorula mucilaginosa,Italy,unknown,3,30
256,copper,25.11841147079518,TRUE,FALSE,top,DBVPG_6742,6742,Rhodotorula mucilaginosa,Italy,unknown,3,30
257,copper,25.18338189253655,TRUE,FALSE,top,DBVPG_8043,8043,Rhodotorula mucilaginosa,Italy,water,3,30
258,copper,23.912593323500023,FALSE,FALSE,NA,DBVPG_3445,3445,Rhodotorula mucilaginosa,Italy,food,3,30
261,copper,23.38733468717499,FALSE,FALSE,NA,TF_CN_86C_3,"86C-3
 BY33-D3",Rhodotorula sphaerocarpa,China,NA,4,30
262,copper,23.32944024085012,FALSE,FALSE,NA,DBVPG_4957,4957,Rhodotorula mucilaginosa,Italy,soil,4,30
263,copper,23.130526779779075,FALSE,FALSE,NA,DBVPG_5229,5229,Rhodotorula mucilaginosa,Italy,soil,4,30
264,copper,24.4744534806874,FALSE,FALSE,NA,DBVPG_6094,6094,Rhodotorula mucilaginosa,Italy,unknown,4,30
265,copper,24.83304878477932,TRUE,FALSE,top,DBVPG_6743,6743,Rhodotorula mucilaginosa,Italy,soil,4,30
266,copper,24.52784715906499,TRUE,FALSE,top,DBVPG_8058,8058,Rhodotorula sp. clade I,Italy,food,4,30
267,copper,23.138326026761657,FALSE,FALSE,NA,DBVPG_3446,3446,Rhodotorula mucilaginosa,Italy,food,4,30
268,copper,25.38747020167149,TRUE,FALSE,top,DBVPG_10842,10842,Rhodotorula mucilaginosa,Italy,snow_ice,4,30
270,copper,17.32326586999168,FALSE,FALSE,NA,TF_CN_7_6_3,7-6-2003,Rhodotorula diobovata,China,NA,4,30
271,copper,19.80165001099437,FALSE,FALSE,NA,DBVPG_4958,4958,Rhodotorula mucilaginosa,Italy,soil,4,30
272,copper,24.893621400233478,TRUE,FALSE,top,DBVPG_5235,5235,Rhodotorula mucilaginosa,Italy,soil,4,30
273,copper,22.638147537439018,FALSE,FALSE,NA,DBVPG_6121,6121,Rhodotorula toruloides,Italy,air_cloud,4,30
274,copper,22.3225270415229,FALSE,FALSE,NA,DBVPG_6803,6803,Rhodotorula mucilaginosa,Italy,soil,4,30
275,copper,24.29879182173117,FALSE,FALSE,NA,DBVPG_10075,10075,Cystobasidium sp.,Italy,soil,4,30
276,copper,22.87816216957022,FALSE,FALSE,NA,DBVPG_3778,3778,Rhodotorula mucilaginosa,Italy,soil,4,30
277,copper,13.533774812827694,FALSE,FALSE,NA,DBVPG_10882,10882,Rhodotorula mucilaginosa,Italy,rock,4,30
278,copper,22.09417247042308,FALSE,FALSE,NA,TFCN_86A_5,"86A-5
 BY34-I6",Rhodotorula sphaerocarpa,China,NA,4,30
279,copper,23.91377167364162,FALSE,FALSE,NA,TF_CN_186CL4_2,"186CL④-2
 BY39-C9",Rhodotorula mucilaginosa,China,NA,4,30
280,copper,24.83513627306958,TRUE,FALSE,top,DBVPG_4962,4962,Rhodotorula mucilaginosa,Italy,soil,4,30
281,copper,23.304293234877285,FALSE,FALSE,NA,DBVPG_5236,5236,Rhodotorula mucilaginosa,Italy,soil,4,30
282,copper,17.623032567648963,FALSE,FALSE,NA,DBVPG_6195,6195,Rhodotorula diobovata,Italy,marine,4,30
283,copper,23.42592417290782,FALSE,FALSE,NA,DBVPG_7019,7019,Rhodotorula mucilaginosa,Italy,unknown,4,30
284,copper,11.736960286396537,FALSE,FALSE,NA,DBVPG_10753,10753,Rhodotorula kratochvilovae,Italy,built env,4,30
285,copper,23.772185263709556,FALSE,FALSE,NA,DBVPG_3780,3780,Rhodotorula mucilaginosa,Italy,soil,4,30
286,copper,18.456468726243745,FALSE,FALSE,NA,DBVPG_10886,10886,Rhodotorula mucilaginosa,Italy,rock,4,30
287,copper,22.467998378750654,FALSE,FALSE,NA,TFCN_152A_3,"152A-3
 BY32-A2",Rhodotorula toruloides,China,NA,4,30
288,copper,18.942590369770738,FALSE,FALSE,NA,TFCN_1A_1_5,1A-1-5,Rhodotorula pacifica,China,NA,4,30
289,copper,23.59423716095049,FALSE,FALSE,NA,DBVPG_4963,4963,Rhodotorula mucilaginosa,Italy,soil,4,30
290,copper,19.1723198005692,FALSE,FALSE,NA,DBVPG_5757,5757,Rhodotorula mucilaginosa,Italy,soil,4,30
291,copper,19.987334474783093,FALSE,FALSE,NA,DBVPG_6202,6202,Rhodotorula diobovata,Italy,marine,4,30
292,copper,10.55209410684948,FALSE,FALSE,NA,DBVPG_7021,7021,Rhodotorula graminis,Italy,plant,4,30
293,copper,20.619778147448052,FALSE,FALSE,NA,DBVPG_10780,10780,Rhodotorula mucilaginosa,Italy,snow_ice,4,30
294,copper,17.6361782560616,FALSE,FALSE,NA,DBVPG_6083,6083,Rhodotorula graminis,Italy,plant,4,30
295,copper,23.68973639708943,FALSE,FALSE,NA,DBVPG_10937,DBVPG 10937,Rhodotorula mucilaginosa,Italy,food,4,30
296,copper,22.576051309975355,FALSE,FALSE,NA,TFCN_2M_1_3,"2M-1-3
 BY8-A3",Rhodotorula mucilaginosa,China,NA,4,30
297,copper,10.684153133633721,FALSE,FALSE,NA,TFCN_211C_2,"211C-2
 BY37-F3",Rhodotorula diobovata,China,NA,4,30
298,copper,18.032509413731688,FALSE,FALSE,NA,DBVPG_4964,4964,Rhodotorula mucilaginosa,Italy,soil,4,30
299,copper,19.89509926715955,FALSE,FALSE,NA,DBVPG_5758,5758,Rhodotorula mucilaginosa,Italy,soil,4,30
300,copper,23.327728586289425,FALSE,FALSE,NA,DBVPG_6593,6593,Rhodotorula mucilaginosa,Italy,unknown,4,30
301,copper,13.756032151264137,FALSE,FALSE,NA,DBVPG_7323,7323,Rhodotorula paludigena,Italy,marsh_tidalflat,4,30
302,copper,19.24370792070972,FALSE,FALSE,NA,DBVPG_10348,10348,Rhodotorula sp. clade XI,Italy,soil,4,30
303,copper,22.248920418942994,FALSE,FALSE,NA,DBVPG_6092,6092,Rhodotorula mucilaginosa,Italy,unknown,4,30
304,copper,20.773009984417172,FALSE,FALSE,NA,TFCN_17_332M_1,17-333M-1,Rhodotorula mucilaginosa,China,NA,4,30
307,copper,25.65210474090312,TRUE,FALSE,top,DBVPG_5225,5225,Rhodotorula mucilaginosa,Italy,soil,4,30
308,copper,19.918742180078716,FALSE,FALSE,NA,DBVPG_5759,5759,Rhodotorula mucilaginosa,Italy,soil,4,30
309,copper,22.333697649366602,FALSE,FALSE,NA,DBVPG_6649,6649,Rhodotorula mucilaginosa,Italy,plant,4,30
310,copper,11.449364783465935,FALSE,FALSE,NA,DBVPG_7539,7539,Rhodotorula kratochvilovae,Italy,unknown,4,30
311,copper,11.202643857739824,FALSE,FALSE,NA,DBVPG_10383,10383,Rhodotorula kratochvilovae,Italy,soil,4,30
312,copper,21.727195193310802,FALSE,FALSE,NA,DBVPG_6740,6740,Pseudomicrostroma phylloplanum,Italy,plant,4,30
313,copper,27.48222749171367,TRUE,FALSE,top,DBVPG_5226,5226,Rhodotorula mucilaginosa,Italy,soil,4,30
314,copper,20.502782796814554,FALSE,FALSE,NA,DBVPG_6081,6081,Rhodotorula glutinis,Italy,air_cloud,4,30
315,copper,22.000075382501073,FALSE,FALSE,NA,DBVPG_6660,6660,Rhodotorula mucilaginosa,Italy,food,4,30
316,copper,11.521042222469402,FALSE,FALSE,NA,DBVPG_7922,7922,Rhodotorula evergladensis,Italy,soil,4,30
317,copper,22.199178069299688,FALSE,FALSE,NA,DBVPG_10619,10619,Rhodotorula mucilaginosa,Italy,plant,4,30
318,copper,24.087417715072817,FALSE,FALSE,NA,DBVPG_6741,6741,Rhodotorula mucilaginosa,Italy,soil,4,30
320,copper,6.904763282046217,FALSE,FALSE,NA,NRRL_Y-2474,Y2474,Rhodotorula graminis,America,plant,4,30
321,copper,15.406849978464322,FALSE,FALSE,NA,NRRL_Y-2504,Y2504,Rhodotorula dairenensis,America,soil,4,30
322,copper,12.295928296214921,FALSE,FALSE,NA,NRRL_Y-2510,Y2510,Rhodotorula mucilaginosa,America,unknown,4,30
323,copper,23.85979067704448,FALSE,FALSE,NA,NRRL_Y-7192,Y7192,Rhodotorula sphaerocarpa,America,unknown,4,30
324,copper,13.653083739806652,FALSE,FALSE,NA,NRRL_Y-7196,Y7196,Rhodotorula diobovata,America,unknown,4,30
325,copper,17.77877810426707,FALSE,FALSE,NA,NRRL_Y-12923,Y12923,Rhodotorula paludigena,America,plant,4,30
326,copper,16.14766885399663,FALSE,FALSE,NA,NRRL_Y-17376,Y17376,Rhodotorula araucariae,America,plant,4,30
334,copper,19.539854668204843,FALSE,FALSE,NA,JES-025-001,JES-025-001,Rhodotorula mucilaginosa,America,NA,4,30
1,chromium,0.6337749233828577,FALSE,FALSE,NA,TFCN_17-291Y-1,"17-291Y-1
 BY126-B8",Rhodotorula mucilaginosa,China,marsh_tidalflat,1,30
2,chromium,0.6129284012682029,FALSE,FALSE,NA,TFCN_134A-3,"134A-3
 BY30-D2",Rhodotorula mucilaginosa,China,marsh_tidalflat,1,30
3,chromium,0.4878366143196702,FALSE,FALSE,NA,TFCN_98A-5,98A-5,Rhodotorula mucilaginosa,China,marsh_tidalflat,1,30
4,chromium,0.4833168393738797,FALSE,FALSE,NA,TFCN_102C-2,102C-2,Rhodotorula mucilaginosa,China,marsh_tidalflat,1,30
5,chromium,0.5082983844056747,FALSE,FALSE,NA,TFCN_105A-2,105A-2,Rhodotorula mucilaginosa,China,marsh_tidalflat,1,30
6,chromium,0.6247573999044239,FALSE,FALSE,NA,TFCN_17-334Y-2,"17-334Y-2
 BY116-B9",Rhodotorula mucilaginosa,China,marsh_tidalflat,1,30
7,chromium,0.6337477719533705,FALSE,FALSE,NA,TFCN_17-329Y-4,"17-329Y-4
 BY115-H8",Rhodotorula mucilaginosa,China,marsh_tidalflat,1,30
8,chromium,0.4046080343806028,FALSE,FALSE,NA,TFCN_107A-6,"107A-6
 BY31-B6",Rhodotorula mucilaginosa,China,marsh_tidalflat,1,30
9,chromium,0.6927626820529724,FALSE,FALSE,NA,TFCN_17-390M-1,"17-390M-1
 BY126-D7",Rhodotorula mucilaginosa,China,marsh_tidalflat,1,30
10,chromium,0.5788644873194664,FALSE,FALSE,NA,TFCN_86C-9,"86C-9
 BY34-B2",Rhodotorula sphaerocarpa,China,marsh_tidalflat,1,30
11,chromium,0.6152323832734448,FALSE,FALSE,NA,TFCN_122C-2,"122C-2 
 BY31-A2",Rhodotorula mucilaginosa,China,marsh_tidalflat,1,30
12,chromium,0.6341628727339577,FALSE,FALSE,NA,TFCN_4M-1-3,4M-1-3,Rhodotorula mucilaginosa,China,marsh_tidalflat,1,30
13,chromium,0.6327919825728736,FALSE,FALSE,NA,TFCN_141C-2,"141C-2
 BY30-H4",Rhodotorula mucilaginosa,China,marsh_tidalflat,1,30
14,chromium,0.5225540300840147,FALSE,FALSE,NA,TFCN_130D-4,"130D-4
 BY30-H7",Rhodotorula mucilaginosa,China,marsh_tidalflat,1,30
15,chromium,0.6621750466382048,FALSE,FALSE,NA,TFCN_3M-1-1,"3M-1-1
 BY8-B4",Rhodotorula mucilaginosa,China,marsh_tidalflat,1,30
16,chromium,0.6005153590629786,FALSE,FALSE,NA,TFCN_186DK3-2,"186DK3-2
 BY39-H9",Rhodotorula sp. clade XI,China,marsh_tidalflat,1,30
17,chromium,0.595036925397866,FALSE,FALSE,NA,TFCN_7-9-3,7-9-3,Rhodotorula diobovata,China,marsh_tidalflat,1,30
18,chromium,0.6608627170822592,FALSE,FALSE,NA,TFCN_25-395P-1,"25-395P-1
 BY126-F2",Rhodotorula mucilaginosa,China,marsh_tidalflat,1,30
19,chromium,0.6567005596363289,FALSE,FALSE,NA,TFCN_152A-12,"152A-12
 BY32-A3",Rhodotorula mucilaginosa,China,marsh_tidalflat,1,30
20,chromium,0.65811070101563,FALSE,FALSE,NA,TFCN_102D-1,102D-1 8130,Rhodotorula mucilaginosa,China,marsh_tidalflat,1,30
21,chromium,0.34947804052574827,FALSE,FALSE,NA,TFCN_4M-1-2,"4M-1-2
 BY8-D4",Rhodotorula mucilaginosa,China,marsh_tidalflat,1,30
22,chromium,0.5086273923627436,FALSE,FALSE,NA,TFCN_209-6-11,"209-6-11
 BY43-G1",Rhodotorula mucilaginosa,China,marsh_tidalflat,1,30
23,chromium,0.48042403245645604,FALSE,FALSE,NA,TFCN_110C-1,110C-1,Rhodotorula mucilaginosa,China,marsh_tidalflat,1,30
24,chromium,0.6255693189924095,FALSE,FALSE,NA,TFCN_17-337P-5,"17-337P-5
 BY116-B7",Rhodotorula mucilaginosa,China,marsh_tidalflat,1,30
25,chromium,0.529324546074174,FALSE,FALSE,NA,TFCN_137C-3,"137C-3
 BY30-I4",Rhodotorula mucilaginosa,China,marsh_tidalflat,1,30
26,chromium,0.6149863518261799,FALSE,FALSE,NA,TFCN_212C-2,"212C-2
 BY39-G3",Rhodotorula mucilaginosa,China,marsh_tidalflat,1,30
27,chromium,0.7122910847458134,FALSE,FALSE,NA,TFCN_25-0-2E390-1,"25-0-2E390-1
 BY126-F3",Rhodotorula mucilaginosa,China,marsh_tidalflat,1,30
28,chromium,0.6235253482003971,FALSE,FALSE,NA,TFCN_1A-1-3,1A-1-3 8130,Rhodotorula pacifica,China,marsh_tidalflat,1,30
29,chromium,0.5636162820125715,FALSE,FALSE,NA,TFCN_25-332D-2,"25-332D-2
 BY119-I1 8/30",Rhodotorula mucilaginosa,China,marsh_tidalflat,1,30
30,chromium,0.5089635418300354,FALSE,FALSE,NA,TFCN_2M-1-4,"2M-1-4
 BY8-B3 8/30",Rhodotorula mucilaginosa,China,marsh_tidalflat,1,30
31,chromium,0.5326884412974311,FALSE,FALSE,NA,TFCN_340-3,"340-3
 BY110-F1",Rhodotorula mucilaginosa,China,marsh_tidalflat,1,30
32,chromium,0.41367259412097435,FALSE,FALSE,NA,TFCN_100D-1,"100D-1
 BY31-H3",Rhodotorula mucilaginosa,China,marsh_tidalflat,1,30
33,chromium,0.5194180097355964,FALSE,FALSE,NA,TFCN_340-1,"340-1
 BY110-D1",Rhodotorula mucilaginosa,China,marsh_tidalflat,1,30
36,chromium,0.6789791146640365,FALSE,FALSE,NA,TFCN_17-267M-1,"17-267M-1
 BY121-A4",Rhodotorula mucilaginosa,China,marsh_tidalflat,1,30
37,chromium,0.4277118825191343,FALSE,FALSE,NA,TFCN_48A-15,48A-15,Rhodotorula paludigena,China,marsh_tidalflat,1,30
38,chromium,0.4500833127569758,FALSE,FALSE,NA,TFCN_25-332C-1,"25-332C-1
 BY119-C2",Rhodotorula mucilaginosa,China,marsh_tidalflat,1,30
39,chromium,0.49732459682552094,FALSE,FALSE,NA,TFCN_17-334Y-3,"17-334Y-3
 BY116-C9",Rhodotorula mucilaginosa,China,marsh_tidalflat,1,30
40,chromium,0.7010082290978799,FALSE,FALSE,NA,TFCN_270H-1,"270H-1
 BY113-D3",Rhodotorula mucilaginosa,China,marsh_tidalflat,1,30
41,chromium,0.6040417673288925,FALSE,FALSE,NA,TFCN_107C-3,107C-3,Rhodotorula mucilaginosa,China,marsh_tidalflat,1,30
42,chromium,0.6768522007857408,FALSE,FALSE,NA,TFCN_33A-4,33A-4,Rhodotorula mucilaginosa,China,marsh_tidalflat,1,30
43,chromium,0.5314856231236019,FALSE,FALSE,NA,TFCN_152D-4,"152D-4
 BY32-B4",Rhodotorula toruloides,China,marsh_tidalflat,1,30
44,chromium,0.6121034277486446,FALSE,FALSE,NA,TFCN_7-9-2,7-9-2,Rhodotorula diobovata,China,marsh_tidalflat,1,30
45,chromium,0.6364166268526881,FALSE,FALSE,NA,TFCN_17Y-278-1,"17Y-278-1
 BY126-D5",Rhodotorula mucilaginosa,China,marsh_tidalflat,1,30
46,chromium,0.6367022384105557,FALSE,FALSE,NA,TFCN_43A-4,43A-4,Rhodotorula paludigena,China,marsh_tidalflat,1,30
47,chromium,0.6425342960287636,FALSE,FALSE,NA,TFCN_25-331D-1,"25-331D-1
 BY119-D1",Rhodotorula mucilaginosa,China,marsh_tidalflat,1,30
48,chromium,0.5252383687522045,FALSE,FALSE,NA,TFCN_25-333C-2,"25-333C-2
 BY120-H5",Rhodotorula mucilaginosa,China,marsh_tidalflat,1,30
49,chromium,0.3880852535613687,FALSE,FALSE,NA,TFCN_270H-2,"270H-2
 BY113-D4",Rhodotorula mucilaginosa,China,marsh_tidalflat,1,30
50,chromium,0.4614179015595135,FALSE,FALSE,NA,TFCN_118C-2,"118C-2
 BY31-G1",Rhodotorula mucilaginosa,China,marsh_tidalflat,1,30
51,chromium,0.6148014607139978,FALSE,FALSE,NA,TFCN_25-334D-3,"25-334D-3
 BY118-F7",Rhodotorula mucilaginosa,China,marsh_tidalflat,1,30
52,chromium,0.6135270253058119,FALSE,FALSE,NA,TFCN_1A-14,1A-14,Rhodotorula mucilaginosa,China,NA,1,30
53,chromium,0.42738260639767967,FALSE,FALSE,NA,TFCN_211A-3,"211A-3
 BY37-B3",Rhodotorula mucilaginosa,China,marsh_tidalflat,1,30
54,chromium,0.6581369163358423,FALSE,FALSE,NA,TFCN_17-0-2E390-1,"17-0-2E390-1
 BY126-B7",Rhodotorula mucilaginosa,China,marsh_tidalflat,1,30
55,chromium,0.5979894566621574,FALSE,FALSE,NA,TFCN_172A-1,"172A-1
 BY40-A6",Rhodotorula mucilaginosa,China,marsh_tidalflat,1,30
56,chromium,0.6727717370683359,FALSE,FALSE,NA,TFCN_22C-4,22C-4,Rhodotorula mucilaginosa,China,marsh_tidalflat,1,30
57,chromium,0.5200041683576069,FALSE,FALSE,NA,TFCN_98D-11,98D-11,Rhodotorula mucilaginosa,China,NA,1,30
58,chromium,0.5869587655787818,FALSE,FALSE,NA,TFCN_25-332Y-1,"25-332Y-1
 BY119-F3",Rhodotorula mucilaginosa,China,marsh_tidalflat,1,30
59,chromium,0.6003110031279097,FALSE,FALSE,NA,TFCN_25-333Y-9,"25-333Y-9
 BY120_C8",Rhodotorula mucilaginosa,China,marsh_tidalflat,1,30
60,chromium,0.6607947562261653,FALSE,FALSE,NA,TFCN_25-325Y-1,"25-325Y-1
 BY120-D6",Rhodotorula mucilaginosa,China,marsh_tidalflat,1,30
61,chromium,0.588280444904159,FALSE,FALSE,NA,TFCN_152A-6,"152A-6
 BY32-D2",Rhodotorula toruloides,China,marsh_tidalflat,1,30
62,chromium,0.6357323244023464,FALSE,FALSE,NA,TFCN_17-338D-3,"17-338D-3
 BY116-B5",Rhodotorula mucilaginosa,China,marsh_tidalflat,1,30
63,chromium,0.5576368421797471,FALSE,FALSE,NA,TFCN_17-0-2E390-2,"17-0-2E390-2
 BY126-C7",Rhodotorula mucilaginosa,China,NA,1,30
64,chromium,0.575195164197079,FALSE,FALSE,NA,TFCN_140A-3,"140A-3
 BY30-G2",Rhodotorula mucilaginosa,China,marsh_tidalflat,1,30
66,chromium,0.5395422541472829,FALSE,FALSE,NA,TFCN_209-6-5,"209-6-5
 BY43-A1",Rhodotorula mucilaginosa,China,marsh_tidalflat,1,30
67,chromium,0.7037105830601692,FALSE,FALSE,NA,TFCN_17-333P-6,"17-333P-6
 BY118-E1",Rhodotorula mucilaginosa,China,marsh_tidalflat,1,30
68,chromium,0.5830096355088286,FALSE,FALSE,NA,TFCN_17-325D-2,"17-325D-2
 BY116-B4",Rhodotorula mucilaginosa,China,marsh_tidalflat,1,30
69,chromium,0.5936069817101338,FALSE,FALSE,NA,TFCN_17-325P-1,"17-325P-1
 BY117-E2",Rhodotorula mucilaginosa,China,marsh_tidalflat,1,30
71,chromium,0.7339843658942533,TRUE,FALSE,top,TFCN_7W-292-3,"7W-292-3
 BY53-A7",Rhodotorula dairenensis,China,marsh_tidalflat,1,30
72,chromium,0.5450818545201389,FALSE,FALSE,NA,TFCN_89D-3,"89D-3
 BY32-I5",Rhodotorula mucilaginosa,China,marsh_tidalflat,1,30
73,chromium,0.6204629979678993,FALSE,FALSE,NA,TFCN_138A-1,"138A-1
 BY31-C1",Rhodotorula mucilaginosa,China,marsh_tidalflat,1,30
74,chromium,0.5998979084067547,FALSE,FALSE,NA,TFCN_209-6-17,"209-6-17
 BY43-D2",Rhodotorula mucilaginosa,China,marsh_tidalflat,1,30
75,chromium,0.6808692335660825,FALSE,FALSE,NA,TFCN_137D-4,"137D-4
 BY30-H6",Rhodotorula mucilaginosa,China,marsh_tidalflat,1,30
76,chromium,0.6366645639397039,FALSE,FALSE,NA,TFCN_25-337Y-1,"25-337Y-1
 BY118-I8",Rhodotorula mucilaginosa,China,marsh_tidalflat,1,30
77,chromium,0.6046137431544965,FALSE,FALSE,NA,TFCN_209-6-2,"209-6-2
 BY42-G9",Rhodotorula mucilaginosa,China,NA,1,30
78,chromium,0.6370109413230535,FALSE,FALSE,NA,TFCN_25-332P-2,"25-332P-2
 BY119-B2",Rhodotorula mucilaginosa,China,marsh_tidalflat,1,30
79,chromium,0.3085175156279951,FALSE,FALSE,NA,TFCN_98C-7,98C-7,Rhodotorula mucilaginosa,China,marsh_tidalflat,1,30
80,chromium,0.6066700784046642,FALSE,FALSE,NA,TFCN_1B-1-2,1B-1-2,Rhodotorula pacifica,China,marsh_tidalflat,1,30
81,chromium,0.499284889749683,FALSE,FALSE,NA,TFCN_98C-5,98C-5,Rhodotorula mucilaginosa,China,marsh_tidalflat,1,30
83,chromium,0.5829539961513437,FALSE,FALSE,NA,TFCN_152A-2,"152A-2
 BY32-I1",Rhodotorula mucilaginosa,China,marsh_tidalflat,1,30
85,chromium,0.5365959441758903,FALSE,FALSE,NA,TFCN_48A-3,48A-3,Rhodotorula paludigena,China,marsh_tidalflat,1,30
86,chromium,0.5462788610099081,FALSE,FALSE,NA,TFCN_25-333Y-10,"25-333Y-10
 BY120-D8",Rhodotorula mucilaginosa,China,NA,1,30
88,chromium,0.6943308247183255,FALSE,FALSE,NA,TFCN_152C-3,"152C-3
 BY32-D3",Rhodotorula toruloides,China,NA,2,30
89,chromium,0.7249426721712148,TRUE,FALSE,top,TFCN_4M-1-5,"4M-1-5
 BY8-G4",Rhodotorula mucilaginosa,China,marsh_tidalflat,2,30
91,chromium,0.6292166181310558,FALSE,FALSE,NA,TFCN_25-335P-1,"25-335P-1
 BY120-A5",Rhodotorula diobovata,China,marsh_tidalflat,2,30
92,chromium,0.14466477504541417,FALSE,FALSE,NA,TFCN_S22D-1,"S22D-1 
 BY38-D8",Rhodotorula taiwanensis,China,marsh_tidalflat,2,30
93,chromium,0.7027530490752416,FALSE,FALSE,NA,TFCN_48D-10,48D-10,Rhodotorula paludigena,China,marsh_tidalflat,2,30
95,chromium,0.7320891404864209,TRUE,FALSE,top,TFCN_86A-3,"86A-3
 BY34-G6",Rhodotorula mucilaginosa,China,marsh_tidalflat,2,30
96,chromium,0.7079619569463046,FALSE,FALSE,NA,TFCN_152A-4,"152A-4
 BY32-B2",Rhodotorula toruloides,China,marsh_tidalflat,2,30
97,chromium,0.6473465713670256,FALSE,FALSE,NA,TFCN_17-332P-1,"17-332P-1
 BY115-D6",Rhodotorula mucilaginosa,China,marsh_tidalflat,2,30
98,chromium,0.7030023329152038,FALSE,FALSE,NA,TFCN_4M-1-4,"4M-1-4
 BY8-F4",Rhodotorula mucilaginosa,China,marsh_tidalflat,2,30
99,chromium,0.722631293303142,TRUE,FALSE,top,TFCN_102C-1,102C-1,Rhodotorula mucilaginosa,China,marsh_tidalflat,2,30
100,chromium,0.8081280929237389,TRUE,FALSE,top,TFCN_404D-1,"404D-1
 BY123-F4",Rhodotorula mucilaginosa,China,marsh_tidalflat,2,30
102,chromium,-0.02515160706013708,FALSE,FALSE,NA,TFCN_342-2,"342-2
 BY110-A2",Rhodotorula paludigena,China,marsh_tidalflat,2,30
103,chromium,-0.17501727375875137,FALSE,FALSE,NA,TFCN_48A-10,48A-10,Rhodotorula paludigena,China,marsh_tidalflat,2,30
104,chromium,0.7132662984672117,TRUE,FALSE,top,TFCN_213-6-2,"213-6-2
 BY42-B6",Rhodotorula mucilaginosa,China,marsh_tidalflat,2,30
105,chromium,0.16871787563979404,FALSE,FALSE,NA,TFCN_152C-6,"152C-6
 BY32-G3",Rhodotorula toruloides,China,marsh_tidalflat,2,30
106,chromium,0.6820251202587824,FALSE,FALSE,NA,TFCN_273H-1,"273H-1
 BY113-C3",Rhodotorula mucilaginosa,China,marsh_tidalflat,2,30
107,chromium,0.7081785814100345,FALSE,FALSE,NA,TFCN_209-6-4,"209-6-4
 BY42-I9",Rhodotorula mucilaginosa,China,NA,2,30
108,chromium,0.7053483700634363,FALSE,FALSE,NA,TFCN_25-332M-2,"25-332M-2
 BY119-E2",Rhodotorula mucilaginosa,China,marsh_tidalflat,2,30
109,chromium,0.7045764602916798,FALSE,FALSE,NA,TFCN_98C-8,98C-8,Rhodotorula mucilaginosa,China,marsh_tidalflat,2,30
110,chromium,0.32324661961618206,FALSE,FALSE,NA,TFCN_25-333D-1,"25-333D-1
 BY120-B3",Rhodotorula sp. clade I,China,marsh_tidalflat,2,30
111,chromium,0.6155477236019868,FALSE,FALSE,NA,TFCN_25-335C-1,"25-335C-1
 BY120-B5",Rhodotorula diobovata,China,marsh_tidalflat,2,30
112,chromium,-0.07411924239074748,FALSE,FALSE,NA,TFCN_17-328P-3,"17-328P-3
 BY116-C2",Rhodotorula sp. clade I,China,marsh_tidalflat,2,30
113,chromium,0.9565726159127506,TRUE,FALSE,top,TFCN_54D-2,54D-2,Rhodotorula mucilaginosa,China,marsh_tidalflat,2,30
114,chromium,0.6920835224197427,FALSE,FALSE,NA,TFCN_152D-6,"152D-6
 BY32-D4",Rhodotorula toruloides,China,marsh_tidalflat,2,30
115,chromium,0.6420843167512464,FALSE,FALSE,NA,TFCN_25-0-2E332-1,"25-0-2E332-1
 BY119-E3",Rhodotorula mucilaginosa,China,marsh_tidalflat,2,30
116,chromium,0.5017128746005203,FALSE,FALSE,NA,TFCN_25-0-2E333-9,"BY120-C1 (BY120-C7)
 25-0-2E333-9",Rhodotorula mucilaginosa,China,marsh_tidalflat,2,30
117,chromium,0.7365690201125318,TRUE,FALSE,top,TFCN_17-0-2E334-10,"17-0-2E334-10
 BY116-C8",Rhodotorula mucilaginosa,China,marsh_tidalflat,2,30
118,chromium,0.11231425475752597,FALSE,FALSE,NA,TFCN_357-1,"357-1
 BY110-F4",Rhodotorula taiwanensis,China,marsh_tidalflat,2,30
119,chromium,0.7418877196738358,TRUE,FALSE,top,TFCN_17-328C-3,"17-328C-3
 BY117-D1",Rhodotorula sp. clade I,China,marsh_tidalflat,2,30
120,chromium,0.651891117345355,FALSE,FALSE,NA,TFCN_17-334Y-6,"17-334Y-6
 BY116-F9",Rhodotorula diobovata,China,marsh_tidalflat,2,30
121,chromium,0.6826789592815578,FALSE,FALSE,NA,TFCN_25-333P-5,"25-333P-5
 BY120-H3",Rhodotorula paludigena,China,marsh_tidalflat,2,30
122,chromium,0.6315745753647981,FALSE,FALSE,NA,TFCN_222A-2,"222A-2
 BY37-G8",Rhodotorula sp. clade I,China,marsh_tidalflat,2,30
123,chromium,0.4062449153229813,FALSE,FALSE,NA,TFCN_25-333Y-2,"25-333Y-2
 BY120-G4",Rhodotorula sp. clade I,China,marsh_tidalflat,2,30
124,chromium,0.3230360081244805,FALSE,FALSE,NA,TFCN_98A-10,98A-10,Rhodotorula mucilaginosa,China,marsh_tidalflat,2,30
125,chromium,0.7276608133339746,TRUE,FALSE,top,TFCN_17-334D-6,"17-334D-6
 BY115-E2",Rhodotorula mucilaginosa,China,marsh_tidalflat,2,30
126,chromium,0.7741610567425894,TRUE,FALSE,top,TFCN_17-0-2E334-4,"17-0-2E334-4
 BY116-G7",Rhodotorula mucilaginosa,China,marsh_tidalflat,2,30
127,chromium,0.4174440604802312,FALSE,FALSE,NA,TFCN_363-1-2,"363-1-2
 BY110-A6",Rhodotorula mucilaginosa,China,marsh_tidalflat,2,30
128,chromium,-0.07362564884198286,FALSE,FALSE,NA,TFCN_17-0-2E329-4,"17-0-2E329-4
 BY115-C8",Rhodotorula graminis,China,marsh_tidalflat,2,30
129,chromium,0.727965980704165,TRUE,FALSE,top,TFCN_25-0-2E333-7,"25-0-2E333-7
 BY120-A7",Rhodotorula mucilaginosa,China,marsh_tidalflat,2,30
130,chromium,0.6314949026630348,FALSE,FALSE,NA,TFCN_25-335Y-1,"25-335Y-1
 BY120-I4",Rhodotorula mucilaginosa,China,NA,2,30
131,chromium,0.7134875025490723,TRUE,FALSE,top,TFCN_213-6-4,"213-6-4
 BY42-C6",Rhodotorula mucilaginosa,China,marsh_tidalflat,2,30
133,chromium,0.7342388803602466,TRUE,FALSE,top,TFCN_98C-3,98C-3,Rhodotorula mucilaginosa,China,marsh_tidalflat,2,30
134,chromium,0.7410471144751278,TRUE,FALSE,top,TFCN_17-333D-2,"17-333D-2
 BY115-E6",Rhodotorula mucilaginosa,China,marsh_tidalflat,2,30
135,chromium,0.5002301763381166,FALSE,FALSE,NA,TFCN_17-332C-2,"17-332C-2
 BY115-H4",Rhodotorula mucilaginosa,China,marsh_tidalflat,2,30
136,chromium,0.5287241537647492,FALSE,FALSE,NA,TFCN_86A-6,"86A-6
 BY34-A7",Rhodotorula sphaerocarpa,China,marsh_tidalflat,2,30
137,chromium,0.36235305486315844,FALSE,FALSE,NA,TFCN_0520-4-2-2,"0520-4-2-2
 BY53-D9",Rhodotorula taiwanensis,China,marsh_tidalflat,2,30
138,chromium,-0.09493760799796612,FALSE,FALSE,NA,TFCN_49A-1,49A-1,Rhodotorula paludigena,China,marsh_tidalflat,2,30
139,chromium,0.45995824187430573,FALSE,FALSE,NA,TFCN_25-333D-5,"25-333D-5
 BY120-H7",Rhodotorula sp. clade I,China,NA,2,30
140,chromium,0.28228892201635586,FALSE,FALSE,NA,TFCN_86C-7,"86C-7
 BY34-I1",Rhodotorula sp. clade I,China,marsh_tidalflat,2,30
141,chromium,0.7255583574751225,TRUE,FALSE,top,TFCN_152C-2,"152C-2
 BY32-C3",Rhodotorula toruloides,China,marsh_tidalflat,2,30
142,chromium,0.68827240661856,FALSE,FALSE,NA,TFCN_98D-9,"98D-9
 BY31-F3",Rhodotorula mucilaginosa,China,NA,2,30
143,chromium,0.7020364979801943,FALSE,FALSE,NA,TFCN_17-325D-4,"17-325D-4
 BY116-C4",Rhodotorula mucilaginosa,China,marsh_tidalflat,2,30
144,chromium,0.6500009094527212,FALSE,FALSE,NA,TFCN_17-332P-2,"17-332P-2
 BY117-G8",Rhodotorula mucilaginosa,China,marsh_tidalflat,2,30
145,chromium,0.7702746643260405,TRUE,FALSE,top,TFCN_54D-1,54D-1,Rhodotorula mucilaginosa,China,marsh_tidalflat,2,30
146,chromium,0.6886182022383731,FALSE,FALSE,NA,TFCN_86A-12,"86A-12
 BY34-E7",Rhodotorula mucilaginosa,China,marsh_tidalflat,2,30
148,chromium,0.7039792663986206,FALSE,FALSE,NA,TFCN_342-3,"342-3
 BY110_B2",Rhodotorula mucilaginosa,China,marsh_tidalflat,2,30
149,chromium,0.4947591914396921,FALSE,FALSE,NA,TFCN_86A-8,"86A-8
 BY35-H3",Rhodotorula sphaerocarpa,China,marsh_tidalflat,2,30
150,chromium,0.6298355190666548,FALSE,FALSE,NA,TFCN_152C-5,"152C-5
 BY32-F3",Rhodotorula mucilaginosa,China,marsh_tidalflat,2,30
151,chromium,0.7109951397601293,FALSE,FALSE,NA,TFCN_98D-7,"98D-7
 BY31-E3",Rhodotorula mucilaginosa,China,NA,2,30
152,chromium,0.6457824388972385,FALSE,FALSE,NA,TFCN_25-337M-3,"25-337M-3
 BY119-F9",Rhodotorula mucilaginosa,China,marsh_tidalflat,2,30
153,chromium,0.4484992158197109,FALSE,FALSE,NA,TFCN_25-0-2E333-5,"25-0-2E333-5
 BY120-E4",Rhodotorula mucilaginosa,China,marsh_tidalflat,2,30
155,chromium,0.2780489447075025,FALSE,FALSE,NA,TFCN_0520-4-2-1,"0520-4-2-1
 BY53-C9",Rhodotorula taiwanensis,China,marsh_tidalflat,2,30
156,chromium,0.6721869669731872,FALSE,FALSE,NA,TFCN_48A-2,48A-2,Rhodotorula paludigena,China,marsh_tidalflat,2,30
157,chromium,0.3155190913623195,FALSE,FALSE,NA,TFCN_1A-1-2,1A-1-2,Rhodotorula paludigena,China,marsh_tidalflat,2,30
158,chromium,0.7802856597803758,TRUE,FALSE,top,TFCN_152A-1,"152A-1
 BY32-H1",Rhodotorula mucilaginosa,China,marsh_tidalflat,2,30
159,chromium,0.6375842448880024,FALSE,FALSE,NA,TFCN_152A-5,"152A-5
 BY32-C2",Rhodotorula mucilaginosa,China,marsh_tidalflat,2,30
161,chromium,0.6820332672701868,FALSE,FALSE,NA,TFCN_102D-2,102D-2,Rhodotorula mucilaginosa,China,marsh_tidalflat,2,30
162,chromium,0.5328990351659972,FALSE,FALSE,NA,TFCN_25-327D-1,"25-327D-1
 BY119-D5",Rhodotorula mucilaginosa,China,marsh_tidalflat,2,30
163,chromium,0.7579473490236609,TRUE,FALSE,top,TFCN_17-334Y-5,"17-334Y-5
 BY116-E9",Rhodotorula mucilaginosa,China,marsh_tidalflat,2,30
164,chromium,0.7084746736951608,FALSE,FALSE,NA,TFCN_17-334C-1,"17-334C-1
 BY117-A6",Rhodotorula mucilaginosa,China,marsh_tidalflat,2,30
166,chromium,0.8214701095364578,TRUE,FALSE,top,DBVPG_3238,3238,Rhodotorula mucilaginosa,Italy,food,2,30
167,chromium,0.6916523622628787,FALSE,FALSE,NA,DBVPG_3444,3444,Rhodotorula mucilaginosa,Italy,food,2,30
168,chromium,0.5779880379368075,FALSE,FALSE,NA,DBVPG_3775,3775,Rhodotorula mucilaginosa,Italy,soil,2,30
169,chromium,0.6517368113617272,FALSE,FALSE,NA,DBVPG_3983,3983,Rhodotorula mucilaginosa,Italy,cave,2,30
170,chromium,0.6504485520444759,FALSE,FALSE,NA,DBVPG_4378,4378,Rhodotorula mucilaginosa,Italy,food,2,30
171,chromium,0.4312621879032667,FALSE,FALSE,NA,DBVPG_4618,4618,Rhodotorula mucilaginosa,Italy,soil,2,30
172,chromium,0.7227733293534369,TRUE,FALSE,top,TFCN_106A-1,106A-1,Rhodotorula mucilaginosa,China,marsh_tidalflat,2,30
174,chromium,0.7719109782833117,TRUE,FALSE,top,TFCN_17-0-2E337-3,17-0-2E337-3 BY117-H4,Rhodotorula mucilaginosa,China,marsh_tidalflat,2,30
175,chromium,0.7463991753850986,TRUE,FALSE,top,DBVPG_3239,3239,Rhodotorula mucilaginosa,Italy,food,2,30
176,chromium,0.6375064921239234,FALSE,FALSE,NA,DBVPG_3538,3538,Rhodotorula mucilaginosa,Italy,soil,3,30
177,chromium,0.6427143373767317,FALSE,FALSE,NA,DBVPG_3776,3776,Rhodotorula mucilaginosa,Italy,soil,3,30
178,chromium,0.9358628629711343,TRUE,FALSE,top,DBVPG_3984,3984,Rhodotorula mucilaginosa,Italy,cave,3,30
179,chromium,0.6697103754012235,FALSE,FALSE,NA,DBVPG_4379,4379,Rhodotorula mucilaginosa,Italy,food,3,30
181,chromium,0.6548782891524398,FALSE,FALSE,NA,TFCN_25-332D-1,"25-332D-1
 BY119-H1",Rhodotorula mucilaginosa,China,marsh_tidalflat,3,30
182,chromium,0.6319899799073914,FALSE,FALSE,NA,TFCN_25-333P-2,"25-333P-2
 BY120-E3",Rhodotorula mucilaginosa,China,marsh_tidalflat,3,30
183,chromium,0.708149122705938,FALSE,FALSE,NA,TFCN_181A-1,"181A-1
 BY39-F5",Rhodotorula mucilaginosa,China,marsh_tidalflat,3,30
184,chromium,0.06564361173617242,FALSE,FALSE,NA,DBVPG_3380,3380,Rhodotorula glutinis,Italy,plant,3,30
185,chromium,0.7007822886666342,FALSE,FALSE,NA,DBVPG_3768,3768,Rhodotorula dairenensis,Italy,soil,3,30
186,chromium,0.6578479448340816,FALSE,FALSE,NA,DBVPG_3777,3777,Rhodotorula mucilaginosa,Italy,soil,3,30
187,chromium,0.4293317635283941,FALSE,FALSE,NA,DBVPG_3985,3985,Rhodotorula glutinis,Italy,cave,3,30
188,chromium,0.7167294203441268,TRUE,FALSE,top,DBVPG_4380,4380,Rhodotorula mucilaginosa,Italy,sand,3,30
189,chromium,0.5407440998891068,FALSE,FALSE,NA,DBVPG_4669,4669,Rhodotorula mucilaginosa,Italy,food,3,30
190,chromium,0.7414393629066047,TRUE,FALSE,top,TFCN_17-332M-1,"17-332M-1
 BY115-F4",Rhodotorula mucilaginosa,China,marsh_tidalflat,3,30
192,chromium,0.7198289977497956,TRUE,FALSE,top,DBVPG_3853,Y3853,Rhodotorula dairenensis,Italy,plant,3,30
193,chromium,0.697970244193807,FALSE,FALSE,NA,DBVPG_3381,3381,Rhodotorula mucilaginosa,Italy,plant,3,30
194,chromium,0.7735430167139457,TRUE,FALSE,top,DBVPG_3769,3769,Rhodotorula dairenensis,Italy,soil,3,30
196,chromium,0.7107831058792403,FALSE,FALSE,NA,DBVPG_4201,4201,Rhodotorula mucilaginosa,Italy,plant,3,30
197,chromium,0.6690808258656673,FALSE,FALSE,NA,DBVPG_4408,4408,Rhodotorula mucilaginosa,Italy,marine,3,30
198,chromium,0.32257619692576023,FALSE,FALSE,NA,DBVPG_4920,4920,Rhodotorula mucilaginosa,Italy,food,3,30
199,chromium,0.6485313157629211,FALSE,FALSE,NA,TFCN_17-332M-2,"17-332M-2
 BY115-F4",Rhodotorula mucilaginosa,China,marsh_tidalflat,3,30
200,chromium,0.6654930011194689,FALSE,FALSE,NA,TFCN_209-6-14,"209-6-14
 BY43-A2",Rhodotorula mucilaginosa,China,NA,3,30
201,chromium,0.8161848557191096,TRUE,FALSE,top,DBVPG_3044,DBVPG 3044,Rhodotorula mucilaginosa,Italy,unknown,3,30
202,chromium,0.681723371674666,FALSE,FALSE,NA,DBVPG_3382,3382,Rhodotorula mucilaginosa,Italy,plant,3,30
203,chromium,0.8223260383663732,TRUE,FALSE,top,DBVPG_3770,3770,Rhodotorula dairenensis,Italy,soil,3,30
204,chromium,0.6584298479439878,FALSE,FALSE,NA,DBVPG_3854,3854,Rhodotorula mucilaginosa,Italy,plant,3,30
205,chromium,0.9887753727986486,TRUE,FALSE,top,DBVPG_4202,4202,Rhodotorula mucilaginosa,Italy,soil,3,30
206,chromium,0.7342928897305367,TRUE,FALSE,top,DBVPG_4466,4466,Rhodotorula mucilaginosa,Italy,plant,3,30
207,chromium,0.7107661098580941,FALSE,FALSE,NA,DBVPG_4945,4945,Rhodotorula mucilaginosa,Italy,food,3,30
208,chromium,0.6683040138777753,FALSE,FALSE,NA,TFCN_25-332M-1,"25-332M-1
 BY119-D2",Rhodotorula mucilaginosa,China,marsh_tidalflat,3,30
209,chromium,0.6761363329044098,FALSE,FALSE,NA,TFCN_17-332C-1,"17-332C-1
 BY115-G4",Rhodotorula mucilaginosa,China,marsh_tidalflat,3,30
210,chromium,0.7244713466052164,TRUE,FALSE,top,DBVPG_3045,3045,Rhodotorula mucilaginosa,Italy,food,3,30
211,chromium,0.40538554923844455,FALSE,FALSE,NA,DBVPG_3383,3383,Rhodotorula mucilaginosa,Italy,plant,3,30
213,chromium,0.6728222282922117,FALSE,FALSE,NA,DBVPG_3855,3855,Rhodotorula mucilaginosa,Italy,plant,3,30
214,chromium,0.6940186235841965,FALSE,FALSE,NA,DBVPG_4203,4203,Rhodotorula mucilaginosa,Italy,soil,3,30
215,chromium,0.4645511173322536,FALSE,FALSE,NA,DBVPG_4530,4530,Rhodotorula taiwanensis,Italy,plant,3,30
216,chromium,0.6098941697673128,FALSE,FALSE,NA,DBVPG_4946,4946,Rhodotorula mucilaginosa,Italy,food,3,30
217,chromium,0.7925643954525907,TRUE,FALSE,top,TFCN_25-0-2E333-1,"25-0-2E333-1
 BY120-A4",Rhodotorula mucilaginosa,China,marsh_tidalflat,3,30
218,chromium,0.8058013169562257,TRUE,FALSE,top,TFCN_25-0-2E334-1,"25-0-2E334-1
 BY118-A8",Rhodotorula mucilaginosa,China,marsh_tidalflat,3,30
219,chromium,0.77992645201052,TRUE,FALSE,top,DBVPG_3090,3090,Rhodotorula mucilaginosa,Italy,food,3,30
220,chromium,0.42637825733450574,FALSE,FALSE,NA,DBVPG_3384,3384,Rhodotorula mucilaginosa,Italy,plant,3,30
221,chromium,0.41194639637224906,FALSE,FALSE,NA,DBVPG_3772,3772,Rhodotorula dairenensis,Italy,soil,3,30
222,chromium,0.7674997164312771,TRUE,FALSE,top,DBVPG_3856,3856,Rhodotorula mucilaginosa,Italy,plant,3,30
223,chromium,0.7129758266375534,TRUE,FALSE,top,DBVPG_4304,4304,Rhodotorula mucilaginosa,Italy,unknown,3,30
224,chromium,0.6522023089537968,FALSE,FALSE,NA,DBVPG_4531,4531,Rhodotorula taiwanensis,Italy,plant,3,30
225,chromium,0.8155229955071326,TRUE,FALSE,top,DBVPG_4947,4947,Rhodotorula mucilaginosa,Italy,food,3,30
227,chromium,0.28953921789573245,FALSE,FALSE,NA,TFCN_25-334Y-6,"25-334Y-6
 BY118-F9",Rhodotorula mucilaginosa,China,marsh_tidalflat,3,30
228,chromium,0.773687824830803,TRUE,FALSE,top,DBVPG_3235,3235,Rhodotorula mucilaginosa,Italy,food,3,30
229,chromium,0.7276907194343653,TRUE,FALSE,top,DBVPG_3442,3442,Rhodotorula mucilaginosa,Italy,food,3,30
230,chromium,0.6739352117301695,FALSE,FALSE,NA,DBVPG_3773,3773,Rhodotorula dairenensis,Italy,soil,3,30
231,chromium,0.7645450096620927,TRUE,FALSE,top,DBVPG_3857,3857,Rhodotorula mucilaginosa,Italy,plant,3,30
232,chromium,0.6964305594994575,FALSE,FALSE,NA,DBVPG_4376,4376,Rhodotorula mucilaginosa,Italy,food,3,30
233,chromium,0.7447001230406056,TRUE,FALSE,top,DBVPG_4534,4534,Rhodotorula mucilaginosa,Italy,sand,3,30
234,chromium,0.7467562214482418,TRUE,FALSE,top,DBVPG_4949,4949,Rhodotorula mucilaginosa,Italy,soil,3,30
235,chromium,0.7619757624625859,TRUE,FALSE,top,TFCN_209-6-1,"209-6-1
 BY42-F9",Rhodotorula mucilaginosa,China,marsh_tidalflat,3,30
236,chromium,0.6642613897670775,FALSE,FALSE,NA,TFCN_209-6-12,"209-6-12
 BY43-H1",Rhodotorula mucilaginosa,China,NA,3,30
237,chromium,0.6126076111974172,FALSE,FALSE,NA,DBVPG_3237,3237,Rhodotorula mucilaginosa,Italy,food,3,30
238,chromium,0.38739949840313964,FALSE,FALSE,NA,DBVPG_3443,3443,Rhodotorula mucilaginosa,Italy,food,3,30
239,chromium,0.7202721452977675,TRUE,FALSE,top,DBVPG_3774,3774,Rhodotorula mucilaginosa,Italy,food,3,30
240,chromium,0.6313728907377283,FALSE,FALSE,NA,DBVPG_3858,3858,Rhodotorula mucilaginosa,Italy,insect,3,30
241,chromium,0.7064491236165775,FALSE,FALSE,NA,DBVPG_4377,4377,Rhodotorula mucilaginosa,Italy,marine,3,30
243,chromium,0.6778120616818393,FALSE,FALSE,NA,DBVPG_4950,4950,Rhodotorula mucilaginosa,Italy,soil,3,30
245,chromium,0.6404524513117033,FALSE,FALSE,NA,DBVPG_5227,5227,Rhodotorula mucilaginosa,Italy,soil,3,30
246,chromium,0.7157733935706424,TRUE,FALSE,top,DBVPG_6091,6091,Rhodotorula mucilaginosa,Italy,insect,3,30
247,chromium,0.578823146205004,FALSE,FALSE,NA,DBVPG_6739,6739,Rhodotorula toruloides,Italy,soil,3,30
248,chromium,0.5236244392963854,FALSE,FALSE,NA,DBVPG_7947,7947,Rhodotorula sp. clade XIII,Italy,soil,3,30
249,chromium,0.3718047977910741,FALSE,FALSE,NA,DBVPG_3236,3236,Rhodotorula mucilaginosa,Italy,food,3,30
250,chromium,0.8171285566152569,TRUE,FALSE,top,DBVPG_7316,7316,Rhodotorula paludigena,Italy,marsh_tidalflat,3,30
253,chromium,0.6586694860884819,FALSE,FALSE,NA,DBVPG_4956,4956,Rhodotorula mucilaginosa,Italy,soil,3,30
254,chromium,0.5408581002378815,FALSE,FALSE,NA,DBVPG_5228,5228,Rhodotorula mucilaginosa,Italy,soil,3,30
255,chromium,0.6679640472119655,FALSE,FALSE,NA,DBVPG_6093,6093,Rhodotorula mucilaginosa,Italy,unknown,3,30
256,chromium,0.7092653008380998,FALSE,FALSE,NA,DBVPG_6742,6742,Rhodotorula mucilaginosa,Italy,unknown,3,30
257,chromium,0.7291491719571944,TRUE,FALSE,top,DBVPG_8043,8043,Rhodotorula mucilaginosa,Italy,water,3,30
258,chromium,0.624808026408593,FALSE,FALSE,NA,DBVPG_3445,3445,Rhodotorula mucilaginosa,Italy,food,3,30
261,chromium,0.6174903257276166,FALSE,FALSE,NA,TF_CN_86C_3,"86C-3
 BY33-D3",Rhodotorula sphaerocarpa,China,NA,4,30
262,chromium,0.5723521723153141,FALSE,FALSE,NA,DBVPG_4957,4957,Rhodotorula mucilaginosa,Italy,soil,4,30
263,chromium,0.6478646794704066,FALSE,FALSE,NA,DBVPG_5229,5229,Rhodotorula mucilaginosa,Italy,soil,4,30
264,chromium,0.6198567027074835,FALSE,FALSE,NA,DBVPG_6094,6094,Rhodotorula mucilaginosa,Italy,unknown,4,30
265,chromium,0.6596356608492497,FALSE,FALSE,NA,DBVPG_6743,6743,Rhodotorula mucilaginosa,Italy,soil,4,30
266,chromium,0.7316913750478271,TRUE,FALSE,top,DBVPG_8058,8058,Rhodotorula sp. clade I,Italy,food,4,30
267,chromium,0.8592172735453777,TRUE,FALSE,top,DBVPG_3446,3446,Rhodotorula mucilaginosa,Italy,food,4,30
268,chromium,0.7215439585217277,TRUE,FALSE,top,DBVPG_10842,10842,Rhodotorula mucilaginosa,Italy,snow_ice,4,30
270,chromium,0.5718301856284489,FALSE,FALSE,NA,TF_CN_7_6_3,7-6-2003,Rhodotorula diobovata,China,NA,4,30
271,chromium,0.8928397703043054,TRUE,FALSE,top,DBVPG_4958,4958,Rhodotorula mucilaginosa,Italy,soil,4,30
272,chromium,0.7783266811159156,TRUE,FALSE,top,DBVPG_5235,5235,Rhodotorula mucilaginosa,Italy,soil,4,30
273,chromium,0.7024632019735688,FALSE,FALSE,NA,DBVPG_6121,6121,Rhodotorula toruloides,Italy,air_cloud,4,30
274,chromium,0.7545630229795742,TRUE,FALSE,top,DBVPG_6803,6803,Rhodotorula mucilaginosa,Italy,soil,4,30
275,chromium,0.7033797899748846,FALSE,FALSE,NA,DBVPG_10075,10075,Cystobasidium sp.,Italy,soil,4,30
276,chromium,0.5927279910480701,FALSE,FALSE,NA,DBVPG_3778,3778,Rhodotorula mucilaginosa,Italy,soil,4,30
277,chromium,0.39181536979074644,FALSE,FALSE,NA,DBVPG_10882,10882,Rhodotorula mucilaginosa,Italy,rock,4,30
278,chromium,0.6122336907588877,FALSE,FALSE,NA,TFCN_86A_5,"86A-5
 BY34-I6",Rhodotorula sphaerocarpa,China,NA,4,30
279,chromium,0.7649554330330157,TRUE,FALSE,top,TF_CN_186CL4_2,"186CL④-2
 BY39-C9",Rhodotorula mucilaginosa,China,NA,4,30
280,chromium,0.7500669478962695,TRUE,FALSE,top,DBVPG_4962,4962,Rhodotorula mucilaginosa,Italy,soil,4,30
281,chromium,0.542811210798076,FALSE,FALSE,NA,DBVPG_5236,5236,Rhodotorula mucilaginosa,Italy,soil,4,30
282,chromium,0.599199430277124,FALSE,FALSE,NA,DBVPG_6195,6195,Rhodotorula diobovata,Italy,marine,4,30
283,chromium,0.7375106986368852,TRUE,FALSE,top,DBVPG_7019,7019,Rhodotorula mucilaginosa,Italy,unknown,4,30
284,chromium,0.521342987633292,FALSE,FALSE,NA,DBVPG_10753,10753,Rhodotorula kratochvilovae,Italy,built env,4,30
285,chromium,0.5909249390036388,FALSE,FALSE,NA,DBVPG_3780,3780,Rhodotorula mucilaginosa,Italy,soil,4,30
286,chromium,0.5759504548173608,FALSE,FALSE,NA,DBVPG_10886,10886,Rhodotorula mucilaginosa,Italy,rock,4,30
287,chromium,0.708573207962603,FALSE,FALSE,NA,TFCN_152A_3,"152A-3
 BY32-A2",Rhodotorula toruloides,China,NA,4,30
288,chromium,0.5847738390869868,FALSE,FALSE,NA,TFCN_1A_1_5,1A-1-5,Rhodotorula pacifica,China,NA,4,30
289,chromium,0.6086446740177003,FALSE,FALSE,NA,DBVPG_4963,4963,Rhodotorula mucilaginosa,Italy,soil,4,30
290,chromium,0.7599404031666384,TRUE,FALSE,top,DBVPG_5757,5757,Rhodotorula mucilaginosa,Italy,soil,4,30
291,chromium,0.6745635616414446,FALSE,FALSE,NA,DBVPG_6202,6202,Rhodotorula diobovata,Italy,marine,4,30
292,chromium,-0.1001583288495362,FALSE,FALSE,NA,DBVPG_7021,7021,Rhodotorula graminis,Italy,plant,4,30
293,chromium,0.74273817375231,TRUE,FALSE,top,DBVPG_10780,10780,Rhodotorula mucilaginosa,Italy,snow_ice,4,30
294,chromium,0.5406208272477593,FALSE,FALSE,NA,DBVPG_6083,6083,Rhodotorula graminis,Italy,plant,4,30
295,chromium,0.803762799445888,TRUE,FALSE,top,DBVPG_10937,DBVPG 10937,Rhodotorula mucilaginosa,Italy,food,4,30
296,chromium,0.6521023502498361,FALSE,FALSE,NA,TFCN_2M_1_3,"2M-1-3
 BY8-A3",Rhodotorula mucilaginosa,China,NA,4,30
297,chromium,0.4413313700212398,FALSE,FALSE,NA,TFCN_211C_2,"211C-2
 BY37-F3",Rhodotorula diobovata,China,NA,4,30
298,chromium,0.44374535901800233,FALSE,FALSE,NA,DBVPG_4964,4964,Rhodotorula mucilaginosa,Italy,soil,4,30
299,chromium,0.7191904734809641,TRUE,FALSE,top,DBVPG_5758,5758,Rhodotorula mucilaginosa,Italy,soil,4,30
300,chromium,0.7589916721088493,TRUE,FALSE,top,DBVPG_6593,6593,Rhodotorula mucilaginosa,Italy,unknown,4,30
301,chromium,0.6777913428316236,FALSE,FALSE,NA,DBVPG_7323,7323,Rhodotorula paludigena,Italy,marsh_tidalflat,4,30
302,chromium,0.9618233811702943,TRUE,FALSE,top,DBVPG_10348,10348,Rhodotorula sp. clade XI,Italy,soil,4,30
303,chromium,0.708138372565859,FALSE,FALSE,NA,DBVPG_6092,6092,Rhodotorula mucilaginosa,Italy,unknown,4,30
304,chromium,0.8312485626385546,TRUE,FALSE,top,TFCN_17_332M_1,17-333M-1,Rhodotorula mucilaginosa,China,NA,4,30
307,chromium,0.7717271151393812,TRUE,FALSE,top,DBVPG_5225,5225,Rhodotorula mucilaginosa,Italy,soil,4,30
308,chromium,0.7410084379008042,TRUE,FALSE,top,DBVPG_5759,5759,Rhodotorula mucilaginosa,Italy,soil,4,30
309,chromium,0.6350595746417937,FALSE,FALSE,NA,DBVPG_6649,6649,Rhodotorula mucilaginosa,Italy,plant,4,30
310,chromium,0.8686729472460981,TRUE,FALSE,top,DBVPG_7539,7539,Rhodotorula kratochvilovae,Italy,unknown,4,30
311,chromium,0.543826521652852,FALSE,FALSE,NA,DBVPG_10383,10383,Rhodotorula kratochvilovae,Italy,soil,4,30
312,chromium,0.6299325097531036,FALSE,FALSE,NA,DBVPG_6740,6740,Pseudomicrostroma phylloplanum,Italy,plant,4,30
313,chromium,0.8139822425841354,TRUE,FALSE,top,DBVPG_5226,5226,Rhodotorula mucilaginosa,Italy,soil,4,30
314,chromium,0.8171446462156002,TRUE,FALSE,top,DBVPG_6081,6081,Rhodotorula glutinis,Italy,air_cloud,4,30
315,chromium,0.7776038041235745,TRUE,FALSE,top,DBVPG_6660,6660,Rhodotorula mucilaginosa,Italy,food,4,30
316,chromium,-0.05128793374547219,FALSE,FALSE,NA,DBVPG_7922,7922,Rhodotorula evergladensis,Italy,soil,4,30
317,chromium,0.615459511377048,FALSE,FALSE,NA,DBVPG_10619,10619,Rhodotorula mucilaginosa,Italy,plant,4,30
318,chromium,0.9499518211112241,TRUE,FALSE,top,DBVPG_6741,6741,Rhodotorula mucilaginosa,Italy,soil,4,30
320,chromium,0.5108125013398416,FALSE,FALSE,NA,NRRL_Y-2474,Y2474,Rhodotorula graminis,America,plant,4,30
321,chromium,0.6747331946159051,FALSE,FALSE,NA,NRRL_Y-2504,Y2504,Rhodotorula dairenensis,America,soil,4,30
322,chromium,0.6420219587457697,FALSE,FALSE,NA,NRRL_Y-2510,Y2510,Rhodotorula mucilaginosa,America,unknown,4,30
323,chromium,0.4874532062363917,FALSE,FALSE,NA,NRRL_Y-7192,Y7192,Rhodotorula sphaerocarpa,America,unknown,4,30
324,chromium,0.5763778964102846,FALSE,FALSE,NA,NRRL_Y-7196,Y7196,Rhodotorula diobovata,America,unknown,4,30
325,chromium,0.6986522868320693,FALSE,FALSE,NA,NRRL_Y-12923,Y12923,Rhodotorula paludigena,America,plant,4,30
326,chromium,0.7575302902465239,TRUE,FALSE,top,NRRL_Y-17376,Y17376,Rhodotorula araucariae,America,plant,4,30
334,chromium,0.7687220983865268,TRUE,FALSE,top,JES-025-001,JES-025-001,Rhodotorula mucilaginosa,America,NA,4,30
1,ph,3.2957319967288434,TRUE,FALSE,top,TFCN_17-291Y-1,"17-291Y-1
 BY126-B8",Rhodotorula mucilaginosa,China,marsh_tidalflat,1,30
2,ph,3.4126913917509314,TRUE,FALSE,top,TFCN_134A-3,"134A-3
 BY30-D2",Rhodotorula mucilaginosa,China,marsh_tidalflat,1,30
3,ph,3.307237714246216,TRUE,FALSE,top,TFCN_98A-5,98A-5,Rhodotorula mucilaginosa,China,marsh_tidalflat,1,30
4,ph,2.8722264557530615,FALSE,FALSE,NA,TFCN_102C-2,102C-2,Rhodotorula mucilaginosa,China,marsh_tidalflat,1,30
5,ph,3.131502604947876,FALSE,FALSE,NA,TFCN_105A-2,105A-2,Rhodotorula mucilaginosa,China,marsh_tidalflat,1,30
6,ph,3.393370276226076,TRUE,FALSE,top,TFCN_17-334Y-2,"17-334Y-2
 BY116-B9",Rhodotorula mucilaginosa,China,marsh_tidalflat,1,30
7,ph,3.1132426537955693,FALSE,FALSE,NA,TFCN_17-329Y-4,"17-329Y-4
 BY115-H8",Rhodotorula mucilaginosa,China,marsh_tidalflat,1,30
8,ph,3.1545114436462955,FALSE,FALSE,NA,TFCN_107A-6,"107A-6
 BY31-B6",Rhodotorula mucilaginosa,China,marsh_tidalflat,1,30
9,ph,3.419393245876547,TRUE,FALSE,top,TFCN_17-390M-1,"17-390M-1
 BY126-D7",Rhodotorula mucilaginosa,China,marsh_tidalflat,1,30
11,ph,2.9784080412190646,FALSE,FALSE,NA,TFCN_122C-2,"122C-2 
 BY31-A2",Rhodotorula mucilaginosa,China,marsh_tidalflat,1,30
12,ph,2.2914859989574774,FALSE,TRUE,bottom,TFCN_4M-1-3,4M-1-3,Rhodotorula mucilaginosa,China,marsh_tidalflat,1,30
13,ph,3.021534125081858,FALSE,FALSE,NA,TFCN_141C-2,"141C-2
 BY30-H4",Rhodotorula mucilaginosa,China,marsh_tidalflat,1,30
14,ph,3.0621940976341047,FALSE,FALSE,NA,TFCN_130D-4,"130D-4
 BY30-H7",Rhodotorula mucilaginosa,China,marsh_tidalflat,1,30
15,ph,3.733026074433741,TRUE,FALSE,top,TFCN_3M-1-1,"3M-1-1
 BY8-B4",Rhodotorula mucilaginosa,China,marsh_tidalflat,1,30
16,ph,4.014840322652471,TRUE,FALSE,top,TFCN_186DK3-2,"186DK3-2
 BY39-H9",Rhodotorula sp. clade XI,China,marsh_tidalflat,1,30
17,ph,2.9901266247610767,FALSE,FALSE,NA,TFCN_7-9-3,7-9-3,Rhodotorula diobovata,China,marsh_tidalflat,1,30
18,ph,3.5446347764190125,TRUE,FALSE,top,TFCN_25-395P-1,"25-395P-1
 BY126-F2",Rhodotorula mucilaginosa,China,marsh_tidalflat,1,30
19,ph,3.045119168864268,FALSE,FALSE,NA,TFCN_152A-12,"152A-12
 BY32-A3",Rhodotorula mucilaginosa,China,marsh_tidalflat,1,30
20,ph,2.9733366558079384,FALSE,FALSE,NA,TFCN_102D-1,102D-1 8130,Rhodotorula mucilaginosa,China,marsh_tidalflat,1,30
21,ph,2.6055145027830013,FALSE,TRUE,bottom,TFCN_4M-1-2,"4M-1-2
 BY8-D4",Rhodotorula mucilaginosa,China,marsh_tidalflat,1,30
22,ph,3.126586995355512,FALSE,FALSE,NA,TFCN_209-6-11,"209-6-11
 BY43-G1",Rhodotorula mucilaginosa,China,marsh_tidalflat,1,30
24,ph,3.2738614110953232,FALSE,FALSE,NA,TFCN_17-337P-5,"17-337P-5
 BY116-B7",Rhodotorula mucilaginosa,China,marsh_tidalflat,1,30
25,ph,3.0380780277690063,FALSE,FALSE,NA,TFCN_137C-3,"137C-3
 BY30-I4",Rhodotorula mucilaginosa,China,marsh_tidalflat,1,30
26,ph,2.8227567740631208,FALSE,TRUE,bottom,TFCN_212C-2,"212C-2
 BY39-G3",Rhodotorula mucilaginosa,China,marsh_tidalflat,1,30
27,ph,3.5247695538263484,TRUE,FALSE,top,TFCN_25-0-2E390-1,"25-0-2E390-1
 BY126-F3",Rhodotorula mucilaginosa,China,marsh_tidalflat,1,30
28,ph,3.0721107557230254,FALSE,FALSE,NA,TFCN_1A-1-3,1A-1-3 8130,Rhodotorula pacifica,China,marsh_tidalflat,1,30
29,ph,2.9732043025071615,FALSE,FALSE,NA,TFCN_25-332D-2,"25-332D-2
 BY119-I1 8/30",Rhodotorula mucilaginosa,China,marsh_tidalflat,1,30
30,ph,3.2173709482037416,FALSE,FALSE,NA,TFCN_2M-1-4,"2M-1-4
 BY8-B3 8/30",Rhodotorula mucilaginosa,China,marsh_tidalflat,1,30
31,ph,2.9235185530123573,FALSE,FALSE,NA,TFCN_340-3,"340-3
 BY110-F1",Rhodotorula mucilaginosa,China,marsh_tidalflat,1,30
32,ph,2.9001123873505157,FALSE,FALSE,NA,TFCN_100D-1,"100D-1
 BY31-H3",Rhodotorula mucilaginosa,China,marsh_tidalflat,1,30
33,ph,2.9417896551142295,FALSE,FALSE,NA,TFCN_340-1,"340-1
 BY110-D1",Rhodotorula mucilaginosa,China,marsh_tidalflat,1,30
36,ph,3.492682496961303,TRUE,FALSE,top,TFCN_17-267M-1,"17-267M-1
 BY121-A4",Rhodotorula mucilaginosa,China,marsh_tidalflat,1,30
37,ph,2.9501981169171154,FALSE,FALSE,NA,TFCN_48A-15,48A-15,Rhodotorula paludigena,China,marsh_tidalflat,1,30
38,ph,2.9942430912335776,FALSE,FALSE,NA,TFCN_25-332C-1,"25-332C-1
 BY119-C2",Rhodotorula mucilaginosa,China,marsh_tidalflat,1,30
39,ph,3.1704873345207605,FALSE,FALSE,NA,TFCN_17-334Y-3,"17-334Y-3
 BY116-C9",Rhodotorula mucilaginosa,China,marsh_tidalflat,1,30
40,ph,3.3652117119939065,TRUE,FALSE,top,TFCN_270H-1,"270H-1
 BY113-D3",Rhodotorula mucilaginosa,China,marsh_tidalflat,1,30
41,ph,3.0717515030498475,FALSE,FALSE,NA,TFCN_107C-3,107C-3,Rhodotorula mucilaginosa,China,marsh_tidalflat,1,30
42,ph,3.246295811352779,FALSE,FALSE,NA,TFCN_33A-4,33A-4,Rhodotorula mucilaginosa,China,marsh_tidalflat,1,30
44,ph,2.5601737845248627,FALSE,TRUE,bottom,TFCN_7-9-2,7-9-2,Rhodotorula diobovata,China,marsh_tidalflat,1,30
45,ph,3.5342775555471597,TRUE,FALSE,top,TFCN_17Y-278-1,"17Y-278-1
 BY126-D5",Rhodotorula mucilaginosa,China,marsh_tidalflat,1,30
47,ph,3.5594234403787857,TRUE,FALSE,top,TFCN_25-331D-1,"25-331D-1
 BY119-D1",Rhodotorula mucilaginosa,China,marsh_tidalflat,1,30
48,ph,2.6102679047672095,FALSE,TRUE,bottom,TFCN_25-333C-2,"25-333C-2
 BY120-H5",Rhodotorula mucilaginosa,China,marsh_tidalflat,1,30
49,ph,2.2315418057028538,FALSE,TRUE,bottom,TFCN_270H-2,"270H-2
 BY113-D4",Rhodotorula mucilaginosa,China,marsh_tidalflat,1,30
50,ph,3.052643545054935,FALSE,FALSE,NA,TFCN_118C-2,"118C-2
 BY31-G1",Rhodotorula mucilaginosa,China,marsh_tidalflat,1,30
51,ph,3.505252452965932,TRUE,FALSE,top,TFCN_25-334D-3,"25-334D-3
 BY118-F7",Rhodotorula mucilaginosa,China,marsh_tidalflat,1,30
52,ph,3.5436453392859364,TRUE,FALSE,top,TFCN_1A-14,1A-14,Rhodotorula mucilaginosa,China,NA,1,30
53,ph,2.97127781281593,FALSE,FALSE,NA,TFCN_211A-3,"211A-3
 BY37-B3",Rhodotorula mucilaginosa,China,marsh_tidalflat,1,30
54,ph,3.651761143327485,TRUE,FALSE,top,TFCN_17-0-2E390-1,"17-0-2E390-1
 BY126-B7",Rhodotorula mucilaginosa,China,marsh_tidalflat,1,30
55,ph,3.199196044292778,FALSE,FALSE,NA,TFCN_172A-1,"172A-1
 BY40-A6",Rhodotorula mucilaginosa,China,marsh_tidalflat,1,30
56,ph,3.6705629279661127,TRUE,FALSE,top,TFCN_22C-4,22C-4,Rhodotorula mucilaginosa,China,marsh_tidalflat,1,30
57,ph,3.1011547035976887,FALSE,FALSE,NA,TFCN_98D-11,98D-11,Rhodotorula mucilaginosa,China,NA,1,30
58,ph,3.4138385743954234,TRUE,FALSE,top,TFCN_25-332Y-1,"25-332Y-1
 BY119-F3",Rhodotorula mucilaginosa,China,marsh_tidalflat,1,30
59,ph,3.447217646789962,TRUE,FALSE,top,TFCN_25-333Y-9,"25-333Y-9
 BY120_C8",Rhodotorula mucilaginosa,China,marsh_tidalflat,1,30
60,ph,3.086971387754826,FALSE,FALSE,NA,TFCN_25-325Y-1,"25-325Y-1
 BY120-D6",Rhodotorula mucilaginosa,China,marsh_tidalflat,1,30
61,ph,3.115758308324496,FALSE,FALSE,NA,TFCN_152A-6,"152A-6
 BY32-D2",Rhodotorula toruloides,China,marsh_tidalflat,1,30
62,ph,3.3329146188364716,TRUE,FALSE,top,TFCN_17-338D-3,"17-338D-3
 BY116-B5",Rhodotorula mucilaginosa,China,marsh_tidalflat,1,30
63,ph,3.429371412680384,TRUE,FALSE,top,TFCN_17-0-2E390-2,"17-0-2E390-2
 BY126-C7",Rhodotorula mucilaginosa,China,NA,1,30
64,ph,3.0024916973103513,FALSE,FALSE,NA,TFCN_140A-3,"140A-3
 BY30-G2",Rhodotorula mucilaginosa,China,marsh_tidalflat,1,30
66,ph,3.233674062339965,FALSE,FALSE,NA,TFCN_209-6-5,"209-6-5
 BY43-A1",Rhodotorula mucilaginosa,China,marsh_tidalflat,1,30
67,ph,3.5837576450916155,TRUE,FALSE,top,TFCN_17-333P-6,"17-333P-6
 BY118-E1",Rhodotorula mucilaginosa,China,marsh_tidalflat,1,30
68,ph,3.092238685987066,FALSE,FALSE,NA,TFCN_17-325D-2,"17-325D-2
 BY116-B4",Rhodotorula mucilaginosa,China,marsh_tidalflat,1,30
69,ph,3.1198494707234135,FALSE,FALSE,NA,TFCN_17-325P-1,"17-325P-1
 BY117-E2",Rhodotorula mucilaginosa,China,marsh_tidalflat,1,30
71,ph,3.542309255370777,TRUE,FALSE,top,TFCN_7W-292-3,"7W-292-3
 BY53-A7",Rhodotorula dairenensis,China,marsh_tidalflat,1,30
72,ph,3.079119838218949,FALSE,FALSE,NA,TFCN_89D-3,"89D-3
 BY32-I5",Rhodotorula mucilaginosa,China,marsh_tidalflat,1,30
73,ph,3.405865185947877,TRUE,FALSE,top,TFCN_138A-1,"138A-1
 BY31-C1",Rhodotorula mucilaginosa,China,marsh_tidalflat,1,30
74,ph,2.4067824362402908,FALSE,TRUE,bottom,TFCN_209-6-17,"209-6-17
 BY43-D2",Rhodotorula mucilaginosa,China,marsh_tidalflat,1,30
75,ph,3.1161491311554674,FALSE,FALSE,NA,TFCN_137D-4,"137D-4
 BY30-H6",Rhodotorula mucilaginosa,China,marsh_tidalflat,1,30
76,ph,3.1605816530302904,FALSE,FALSE,NA,TFCN_25-337Y-1,"25-337Y-1
 BY118-I8",Rhodotorula mucilaginosa,China,marsh_tidalflat,1,30
77,ph,3.07776109723315,FALSE,FALSE,NA,TFCN_209-6-2,"209-6-2
 BY42-G9",Rhodotorula mucilaginosa,China,NA,1,30
78,ph,2.6786902344783936,FALSE,TRUE,bottom,TFCN_25-332P-2,"25-332P-2
 BY119-B2",Rhodotorula mucilaginosa,China,marsh_tidalflat,1,30
79,ph,2.9764845253893983,FALSE,FALSE,NA,TFCN_98C-7,98C-7,Rhodotorula mucilaginosa,China,marsh_tidalflat,1,30
80,ph,3.1282146885772555,FALSE,FALSE,NA,TFCN_1B-1-2,1B-1-2,Rhodotorula pacifica,China,marsh_tidalflat,1,30
81,ph,2.995245620125375,FALSE,FALSE,NA,TFCN_98C-5,98C-5,Rhodotorula mucilaginosa,China,marsh_tidalflat,1,30
83,ph,3.0114959558044005,FALSE,FALSE,NA,TFCN_152A-2,"152A-2
 BY32-I1",Rhodotorula mucilaginosa,China,marsh_tidalflat,1,30
86,ph,2.2015485700940522,FALSE,TRUE,bottom,TFCN_25-333Y-10,"25-333Y-10
 BY120-D8",Rhodotorula mucilaginosa,China,NA,1,30
88,ph,3.2354150243606377,FALSE,FALSE,NA,TFCN_152C-3,"152C-3
 BY32-D3",Rhodotorula toruloides,China,NA,2,30
89,ph,2.2502956162318464,FALSE,TRUE,bottom,TFCN_4M-1-5,"4M-1-5
 BY8-G4",Rhodotorula mucilaginosa,China,marsh_tidalflat,2,30
91,ph,2.2823638506028248,FALSE,TRUE,bottom,TFCN_25-335P-1,"25-335P-1
 BY120-A5",Rhodotorula diobovata,China,marsh_tidalflat,2,30
92,ph,3.0206072235324117,FALSE,FALSE,NA,TFCN_S22D-1,"S22D-1 
 BY38-D8",Rhodotorula taiwanensis,China,marsh_tidalflat,2,30
95,ph,3.142354695579311,FALSE,FALSE,NA,TFCN_86A-3,"86A-3
 BY34-G6",Rhodotorula mucilaginosa,China,marsh_tidalflat,2,30
96,ph,2.811270133582311,FALSE,TRUE,bottom,TFCN_152A-4,"152A-4
 BY32-B2",Rhodotorula toruloides,China,marsh_tidalflat,2,30
97,ph,3.4268146722416755,TRUE,FALSE,top,TFCN_17-332P-1,"17-332P-1
 BY115-D6",Rhodotorula mucilaginosa,China,marsh_tidalflat,2,30
98,ph,3.219809697246764,FALSE,FALSE,NA,TFCN_4M-1-4,"4M-1-4
 BY8-F4",Rhodotorula mucilaginosa,China,marsh_tidalflat,2,30
99,ph,3.1992646319976012,FALSE,FALSE,NA,TFCN_102C-1,102C-1,Rhodotorula mucilaginosa,China,marsh_tidalflat,2,30
100,ph,3.555057383967131,TRUE,FALSE,top,TFCN_404D-1,"404D-1
 BY123-F4",Rhodotorula mucilaginosa,China,marsh_tidalflat,2,30
103,ph,-0.07146099777872977,FALSE,TRUE,bottom,TFCN_48A-10,48A-10,Rhodotorula paludigena,China,marsh_tidalflat,2,30
104,ph,3.1817549054288827,FALSE,FALSE,NA,TFCN_213-6-2,"213-6-2
 BY42-B6",Rhodotorula mucilaginosa,China,marsh_tidalflat,2,30
105,ph,3.0209318108635994,FALSE,FALSE,NA,TFCN_152C-6,"152C-6
 BY32-G3",Rhodotorula toruloides,China,marsh_tidalflat,2,30
106,ph,3.154185332563066,FALSE,FALSE,NA,TFCN_273H-1,"273H-1
 BY113-C3",Rhodotorula mucilaginosa,China,marsh_tidalflat,2,30
107,ph,3.1718627026556665,FALSE,FALSE,NA,TFCN_209-6-4,"209-6-4
 BY42-I9",Rhodotorula mucilaginosa,China,NA,2,30
108,ph,3.129377734350294,FALSE,FALSE,NA,TFCN_25-332M-2,"25-332M-2
 BY119-E2",Rhodotorula mucilaginosa,China,marsh_tidalflat,2,30
109,ph,3.137039048214035,FALSE,FALSE,NA,TFCN_98C-8,98C-8,Rhodotorula mucilaginosa,China,marsh_tidalflat,2,30
110,ph,2.6456342465477043,FALSE,TRUE,bottom,TFCN_25-333D-1,"25-333D-1
 BY120-B3",Rhodotorula sp. clade I,China,marsh_tidalflat,2,30
111,ph,1.3334391917134782,FALSE,TRUE,bottom,TFCN_25-335C-1,"25-335C-1
 BY120-B5",Rhodotorula diobovata,China,marsh_tidalflat,2,30
113,ph,3.1299293463150812,FALSE,FALSE,NA,TFCN_54D-2,54D-2,Rhodotorula mucilaginosa,China,marsh_tidalflat,2,30
114,ph,3.146166063081973,FALSE,FALSE,NA,TFCN_152D-6,"152D-6
 BY32-D4",Rhodotorula toruloides,China,marsh_tidalflat,2,30
115,ph,3.1382317941890907,FALSE,FALSE,NA,TFCN_25-0-2E332-1,"25-0-2E332-1
 BY119-E3",Rhodotorula mucilaginosa,China,marsh_tidalflat,2,30
116,ph,2.9821883968840295,FALSE,FALSE,NA,TFCN_25-0-2E333-9,"BY120-C1 (BY120-C7)
 25-0-2E333-9",Rhodotorula mucilaginosa,China,marsh_tidalflat,2,30
117,ph,3.160367274990456,FALSE,FALSE,NA,TFCN_17-0-2E334-10,"17-0-2E334-10
 BY116-C8",Rhodotorula mucilaginosa,China,marsh_tidalflat,2,30
118,ph,2.6259748676157617,FALSE,TRUE,bottom,TFCN_357-1,"357-1
 BY110-F4",Rhodotorula taiwanensis,China,marsh_tidalflat,2,30
119,ph,3.160217289998827,FALSE,FALSE,NA,TFCN_17-328C-3,"17-328C-3
 BY117-D1",Rhodotorula sp. clade I,China,marsh_tidalflat,2,30
120,ph,1.1420166381255976,FALSE,TRUE,bottom,TFCN_17-334Y-6,"17-334Y-6
 BY116-F9",Rhodotorula diobovata,China,marsh_tidalflat,2,30
122,ph,3.150828116457042,FALSE,FALSE,NA,TFCN_222A-2,"222A-2
 BY37-G8",Rhodotorula sp. clade I,China,marsh_tidalflat,2,30
124,ph,3.0337315086731493,FALSE,FALSE,NA,TFCN_98A-10,98A-10,Rhodotorula mucilaginosa,China,marsh_tidalflat,2,30
125,ph,3.4691420123759658,TRUE,FALSE,top,TFCN_17-334D-6,"17-334D-6
 BY115-E2",Rhodotorula mucilaginosa,China,marsh_tidalflat,2,30
126,ph,3.252899454936161,FALSE,FALSE,NA,TFCN_17-0-2E334-4,"17-0-2E334-4
 BY116-G7",Rhodotorula mucilaginosa,China,marsh_tidalflat,2,30
127,ph,3.153228696576622,FALSE,FALSE,NA,TFCN_363-1-2,"363-1-2
 BY110-A6",Rhodotorula mucilaginosa,China,marsh_tidalflat,2,30
129,ph,3.187214299314367,FALSE,FALSE,NA,TFCN_25-0-2E333-7,"25-0-2E333-7
 BY120-A7",Rhodotorula mucilaginosa,China,marsh_tidalflat,2,30
130,ph,3.0747934966973807,FALSE,FALSE,NA,TFCN_25-335Y-1,"25-335Y-1
 BY120-I4",Rhodotorula mucilaginosa,China,NA,2,30
131,ph,3.0701567717327536,FALSE,FALSE,NA,TFCN_213-6-4,"213-6-4
 BY42-C6",Rhodotorula mucilaginosa,China,marsh_tidalflat,2,30
133,ph,3.140749833371583,FALSE,FALSE,NA,TFCN_98C-3,98C-3,Rhodotorula mucilaginosa,China,marsh_tidalflat,2,30
134,ph,3.203758864888808,FALSE,FALSE,NA,TFCN_17-333D-2,"17-333D-2
 BY115-E6",Rhodotorula mucilaginosa,China,marsh_tidalflat,2,30
135,ph,3.019514126359552,FALSE,FALSE,NA,TFCN_17-332C-2,"17-332C-2
 BY115-H4",Rhodotorula mucilaginosa,China,marsh_tidalflat,2,30
136,ph,-0.2177182360741381,FALSE,TRUE,bottom,TFCN_86A-6,"86A-6
 BY34-A7",Rhodotorula sphaerocarpa,China,marsh_tidalflat,2,30
137,ph,2.996790636353605,FALSE,FALSE,NA,TFCN_0520-4-2-2,"0520-4-2-2
 BY53-D9",Rhodotorula taiwanensis,China,marsh_tidalflat,2,30
139,ph,3.4734452829034135,TRUE,FALSE,top,TFCN_25-333D-5,"25-333D-5
 BY120-H7",Rhodotorula sp. clade I,China,NA,2,30
141,ph,3.34362114027561,TRUE,FALSE,top,TFCN_152C-2,"152C-2
 BY32-C3",Rhodotorula toruloides,China,marsh_tidalflat,2,30
142,ph,3.1530798006144356,FALSE,FALSE,NA,TFCN_98D-9,"98D-9
 BY31-F3",Rhodotorula mucilaginosa,China,NA,2,30
143,ph,3.071136376464965,FALSE,FALSE,NA,TFCN_17-325D-4,"17-325D-4
 BY116-C4",Rhodotorula mucilaginosa,China,marsh_tidalflat,2,30
144,ph,2.9394026135137117,FALSE,FALSE,NA,TFCN_17-332P-2,"17-332P-2
 BY117-G8",Rhodotorula mucilaginosa,China,marsh_tidalflat,2,30
145,ph,3.554495442086918,TRUE,FALSE,top,TFCN_54D-1,54D-1,Rhodotorula mucilaginosa,China,marsh_tidalflat,2,30
146,ph,3.1353660756571076,FALSE,FALSE,NA,TFCN_86A-12,"86A-12
 BY34-E7",Rhodotorula mucilaginosa,China,marsh_tidalflat,2,30
148,ph,3.28007894443629,FALSE,FALSE,NA,TFCN_342-3,"342-3
 BY110_B2",Rhodotorula mucilaginosa,China,marsh_tidalflat,2,30
150,ph,3.0323146086735444,FALSE,FALSE,NA,TFCN_152C-5,"152C-5
 BY32-F3",Rhodotorula mucilaginosa,China,marsh_tidalflat,2,30
151,ph,3.1417875734828327,FALSE,FALSE,NA,TFCN_98D-7,"98D-7
 BY31-E3",Rhodotorula mucilaginosa,China,NA,2,30
152,ph,3.285251645805019,FALSE,FALSE,NA,TFCN_25-337M-3,"25-337M-3
 BY119-F9",Rhodotorula mucilaginosa,China,marsh_tidalflat,2,30
153,ph,3.3227237532310068,TRUE,FALSE,top,TFCN_25-0-2E333-5,"25-0-2E333-5
 BY120-E4",Rhodotorula mucilaginosa,China,marsh_tidalflat,2,30
155,ph,3.277809130701688,FALSE,FALSE,NA,TFCN_0520-4-2-1,"0520-4-2-1
 BY53-C9",Rhodotorula taiwanensis,China,marsh_tidalflat,2,30
156,ph,3.0364643031270244,FALSE,FALSE,NA,TFCN_48A-2,48A-2,Rhodotorula paludigena,China,marsh_tidalflat,2,30
157,ph,3.052236624347393,FALSE,FALSE,NA,TFCN_1A-1-2,1A-1-2,Rhodotorula paludigena,China,marsh_tidalflat,2,30
158,ph,3.6092902325660194,TRUE,FALSE,top,TFCN_152A-1,"152A-1
 BY32-H1",Rhodotorula mucilaginosa,China,marsh_tidalflat,2,30
159,ph,2.9376853342936395,FALSE,FALSE,NA,TFCN_152A-5,"152A-5
 BY32-C2",Rhodotorula mucilaginosa,China,marsh_tidalflat,2,30
161,ph,3.1732016484999015,FALSE,FALSE,NA,TFCN_102D-2,102D-2,Rhodotorula mucilaginosa,China,marsh_tidalflat,2,30
162,ph,3.3482260697357886,TRUE,FALSE,top,TFCN_25-327D-1,"25-327D-1
 BY119-D5",Rhodotorula mucilaginosa,China,marsh_tidalflat,2,30
163,ph,3.5508929918265815,TRUE,FALSE,top,TFCN_17-334Y-5,"17-334Y-5
 BY116-E9",Rhodotorula mucilaginosa,China,marsh_tidalflat,2,30
164,ph,3.1066229747831047,FALSE,FALSE,NA,TFCN_17-334C-1,"17-334C-1
 BY117-A6",Rhodotorula mucilaginosa,China,marsh_tidalflat,2,30
166,ph,3.495641731294045,TRUE,FALSE,top,DBVPG_3238,3238,Rhodotorula mucilaginosa,Italy,food,2,30
167,ph,3.2716794836947134,FALSE,FALSE,NA,DBVPG_3444,3444,Rhodotorula mucilaginosa,Italy,food,2,30
168,ph,2.8689517054275555,FALSE,FALSE,NA,DBVPG_3775,3775,Rhodotorula mucilaginosa,Italy,soil,2,30
169,ph,2.9885142302445993,FALSE,FALSE,NA,DBVPG_3983,3983,Rhodotorula mucilaginosa,Italy,cave,2,30
170,ph,3.0019221201102773,FALSE,FALSE,NA,DBVPG_4378,4378,Rhodotorula mucilaginosa,Italy,food,2,30
171,ph,2.651532135471907,FALSE,TRUE,bottom,DBVPG_4618,4618,Rhodotorula mucilaginosa,Italy,soil,2,30
172,ph,3.1479682974690757,FALSE,FALSE,NA,TFCN_106A-1,106A-1,Rhodotorula mucilaginosa,China,marsh_tidalflat,2,30
174,ph,3.5578586654587383,TRUE,FALSE,top,TFCN_17-0-2E337-3,17-0-2E337-3 BY117-H4,Rhodotorula mucilaginosa,China,marsh_tidalflat,2,30
175,ph,3.3516983176069175,TRUE,FALSE,top,DBVPG_3239,3239,Rhodotorula mucilaginosa,Italy,food,2,30
176,ph,3.518188618594077,TRUE,FALSE,top,DBVPG_3538,3538,Rhodotorula mucilaginosa,Italy,soil,3,30
177,ph,3.2939388585203173,TRUE,FALSE,top,DBVPG_3776,3776,Rhodotorula mucilaginosa,Italy,soil,3,30
178,ph,3.417171385247834,TRUE,FALSE,top,DBVPG_3984,3984,Rhodotorula mucilaginosa,Italy,cave,3,30
179,ph,3.2853789509652667,FALSE,FALSE,NA,DBVPG_4379,4379,Rhodotorula mucilaginosa,Italy,food,3,30
180,ph,3.405749044169273,TRUE,FALSE,top,DBVPG_4629,4629,Rhodotorula sp. clade I,Italy,soil,3,30
181,ph,3.1151715972038945,FALSE,FALSE,NA,TFCN_25-332D-1,"25-332D-1
 BY119-H1",Rhodotorula mucilaginosa,China,marsh_tidalflat,3,30
182,ph,3.1852731765887627,FALSE,FALSE,NA,TFCN_25-333P-2,"25-333P-2
 BY120-E3",Rhodotorula mucilaginosa,China,marsh_tidalflat,3,30
183,ph,3.3625378447050185,TRUE,FALSE,top,TFCN_181A-1,"181A-1
 BY39-F5",Rhodotorula mucilaginosa,China,marsh_tidalflat,3,30
184,ph,3.296779769770989,TRUE,FALSE,top,DBVPG_3380,3380,Rhodotorula glutinis,Italy,plant,3,30
185,ph,3.313176261062777,TRUE,FALSE,top,DBVPG_3768,3768,Rhodotorula dairenensis,Italy,soil,3,30
186,ph,3.2663966164564657,FALSE,FALSE,NA,DBVPG_3777,3777,Rhodotorula mucilaginosa,Italy,soil,3,30
187,ph,3.2511814977228792,FALSE,FALSE,NA,DBVPG_3985,3985,Rhodotorula glutinis,Italy,cave,3,30
188,ph,3.210455440489428,FALSE,FALSE,NA,DBVPG_4380,4380,Rhodotorula mucilaginosa,Italy,sand,3,30
189,ph,3.3281063561419497,TRUE,FALSE,top,DBVPG_4669,4669,Rhodotorula mucilaginosa,Italy,food,3,30
190,ph,3.3876697547919927,TRUE,FALSE,top,TFCN_17-332M-1,"17-332M-1
 BY115-F4",Rhodotorula mucilaginosa,China,marsh_tidalflat,3,30
192,ph,3.1800697564583458,FALSE,FALSE,NA,DBVPG_3853,Y3853,Rhodotorula dairenensis,Italy,plant,3,30
193,ph,3.3664780855571075,TRUE,FALSE,top,DBVPG_3381,3381,Rhodotorula mucilaginosa,Italy,plant,3,30
194,ph,3.083572203048235,FALSE,FALSE,NA,DBVPG_3769,3769,Rhodotorula dairenensis,Italy,soil,3,30
195,ph,3.06597411925351,FALSE,FALSE,NA,DBVPG_3853,3853,Rhodotorula dairenensis,Italy,plant,3,30
196,ph,2.276599482225481,FALSE,TRUE,bottom,DBVPG_4201,4201,Rhodotorula mucilaginosa,Italy,plant,3,30
197,ph,3.381575440184212,TRUE,FALSE,top,DBVPG_4408,4408,Rhodotorula mucilaginosa,Italy,marine,3,30
198,ph,2.961048737281014,FALSE,FALSE,NA,DBVPG_4920,4920,Rhodotorula mucilaginosa,Italy,food,3,30
199,ph,3.1033385699361506,FALSE,FALSE,NA,TFCN_17-332M-2,"17-332M-2
 BY115-F4",Rhodotorula mucilaginosa,China,marsh_tidalflat,3,30
200,ph,3.2886642384656817,FALSE,FALSE,NA,TFCN_209-6-14,"209-6-14
 BY43-A2",Rhodotorula mucilaginosa,China,NA,3,30
201,ph,3.1899328839844685,FALSE,FALSE,NA,DBVPG_3044,DBVPG 3044,Rhodotorula mucilaginosa,Italy,unknown,3,30
202,ph,1.438797479094368,FALSE,TRUE,bottom,DBVPG_3382,3382,Rhodotorula mucilaginosa,Italy,plant,3,30
203,ph,3.1303422478250145,FALSE,FALSE,NA,DBVPG_3770,3770,Rhodotorula dairenensis,Italy,soil,3,30
204,ph,3.421833753517829,TRUE,FALSE,top,DBVPG_3854,3854,Rhodotorula mucilaginosa,Italy,plant,3,30
205,ph,3.2825660897987015,FALSE,FALSE,NA,DBVPG_4202,4202,Rhodotorula mucilaginosa,Italy,soil,3,30
206,ph,3.202290137841838,FALSE,FALSE,NA,DBVPG_4466,4466,Rhodotorula mucilaginosa,Italy,plant,3,30
207,ph,3.40626011071288,TRUE,FALSE,top,DBVPG_4945,4945,Rhodotorula mucilaginosa,Italy,food,3,30
208,ph,2.9118957799165184,FALSE,FALSE,NA,TFCN_25-332M-1,"25-332M-1
 BY119-D2",Rhodotorula mucilaginosa,China,marsh_tidalflat,3,30
209,ph,3.1856723284644226,FALSE,FALSE,NA,TFCN_17-332C-1,"17-332C-1
 BY115-G4",Rhodotorula mucilaginosa,China,marsh_tidalflat,3,30
210,ph,3.26505403149784,FALSE,FALSE,NA,DBVPG_3045,3045,Rhodotorula mucilaginosa,Italy,food,3,30
211,ph,3.0943650928475415,FALSE,FALSE,NA,DBVPG_3383,3383,Rhodotorula mucilaginosa,Italy,plant,3,30
212,ph,4.1434658642317155,TRUE,FALSE,top,DBVPG_3771,3771,Rhodotorula dairenensis,Italy,soil,3,30
213,ph,3.2064388354067304,FALSE,FALSE,NA,DBVPG_3855,3855,Rhodotorula mucilaginosa,Italy,plant,3,30
214,ph,3.276705798737491,FALSE,FALSE,NA,DBVPG_4203,4203,Rhodotorula mucilaginosa,Italy,soil,3,30
215,ph,3.3901607904703233,TRUE,FALSE,top,DBVPG_4530,4530,Rhodotorula taiwanensis,Italy,plant,3,30
216,ph,3.1921969849511727,FALSE,FALSE,NA,DBVPG_4946,4946,Rhodotorula mucilaginosa,Italy,food,3,30
217,ph,3.3351348310873115,TRUE,FALSE,top,TFCN_25-0-2E333-1,"25-0-2E333-1
 BY120-A4",Rhodotorula mucilaginosa,China,marsh_tidalflat,3,30
218,ph,3.4982795783075784,TRUE,FALSE,top,TFCN_25-0-2E334-1,"25-0-2E334-1
 BY118-A8",Rhodotorula mucilaginosa,China,marsh_tidalflat,3,30
219,ph,3.320946357917798,TRUE,FALSE,top,DBVPG_3090,3090,Rhodotorula mucilaginosa,Italy,food,3,30
220,ph,3.1201413014589305,FALSE,FALSE,NA,DBVPG_3384,3384,Rhodotorula mucilaginosa,Italy,plant,3,30
221,ph,3.4245003636611098,TRUE,FALSE,top,DBVPG_3772,3772,Rhodotorula dairenensis,Italy,soil,3,30
222,ph,3.469813173480082,TRUE,FALSE,top,DBVPG_3856,3856,Rhodotorula mucilaginosa,Italy,plant,3,30
223,ph,3.4734465841709534,TRUE,FALSE,top,DBVPG_4304,4304,Rhodotorula mucilaginosa,Italy,unknown,3,30
224,ph,3.4535960647292803,TRUE,FALSE,top,DBVPG_4531,4531,Rhodotorula taiwanensis,Italy,plant,3,30
225,ph,3.455466343063629,TRUE,FALSE,top,DBVPG_4947,4947,Rhodotorula mucilaginosa,Italy,food,3,30
227,ph,3.277214572246574,FALSE,FALSE,NA,TFCN_25-334Y-6,"25-334Y-6
 BY118-F9",Rhodotorula mucilaginosa,China,marsh_tidalflat,3,30
228,ph,2.925395898776218,FALSE,FALSE,NA,DBVPG_3235,3235,Rhodotorula mucilaginosa,Italy,food,3,30
229,ph,2.998475067822863,FALSE,FALSE,NA,DBVPG_3442,3442,Rhodotorula mucilaginosa,Italy,food,3,30
230,ph,3.321751329835726,TRUE,FALSE,top,DBVPG_3773,3773,Rhodotorula dairenensis,Italy,soil,3,30
231,ph,3.1236845369738386,FALSE,FALSE,NA,DBVPG_3857,3857,Rhodotorula mucilaginosa,Italy,plant,3,30
232,ph,3.3433960484042125,TRUE,FALSE,top,DBVPG_4376,4376,Rhodotorula mucilaginosa,Italy,food,3,30
233,ph,3.1439277256218556,FALSE,FALSE,NA,DBVPG_4534,4534,Rhodotorula mucilaginosa,Italy,sand,3,30
234,ph,3.2691174755727297,FALSE,FALSE,NA,DBVPG_4949,4949,Rhodotorula mucilaginosa,Italy,soil,3,30
235,ph,3.329716766200141,TRUE,FALSE,top,TFCN_209-6-1,"209-6-1
 BY42-F9",Rhodotorula mucilaginosa,China,marsh_tidalflat,3,30
236,ph,3.1566824185498983,FALSE,FALSE,NA,TFCN_209-6-12,"209-6-12
 BY43-H1",Rhodotorula mucilaginosa,China,NA,3,30
237,ph,3.1183354907754772,FALSE,FALSE,NA,DBVPG_3237,3237,Rhodotorula mucilaginosa,Italy,food,3,30
238,ph,2.8407305254133615,FALSE,FALSE,NA,DBVPG_3443,3443,Rhodotorula mucilaginosa,Italy,food,3,30
239,ph,3.7173149913453156,TRUE,FALSE,top,DBVPG_3774,3774,Rhodotorula mucilaginosa,Italy,food,3,30
240,ph,2.515420466266336,FALSE,TRUE,bottom,DBVPG_3858,3858,Rhodotorula mucilaginosa,Italy,insect,3,30
241,ph,3.469656052595619,TRUE,FALSE,top,DBVPG_4377,4377,Rhodotorula mucilaginosa,Italy,marine,3,30
242,ph,2.9431572190698825,FALSE,FALSE,NA,DBVPG_4610,4610,Rhodotorula paludigena,Italy,plant,3,30
243,ph,3.5074934654055063,TRUE,FALSE,top,DBVPG_4950,4950,Rhodotorula mucilaginosa,Italy,soil,3,30
244,ph,3.70461724551436,TRUE,FALSE,top,DBVPG_4952,4952,Rhodotorula mucilaginosa,Italy,soil,3,30
245,ph,3.6156366172608,TRUE,FALSE,top,DBVPG_5227,5227,Rhodotorula mucilaginosa,Italy,soil,3,30
246,ph,3.162855671701603,FALSE,FALSE,NA,DBVPG_6091,6091,Rhodotorula mucilaginosa,Italy,insect,3,30
247,ph,3.2613539470775166,FALSE,FALSE,NA,DBVPG_6739,6739,Rhodotorula toruloides,Italy,soil,3,30
248,ph,3.456894227115316,TRUE,FALSE,top,DBVPG_7947,7947,Rhodotorula sp. clade XIII,Italy,soil,3,30
249,ph,3.230333499951671,FALSE,FALSE,NA,DBVPG_3236,3236,Rhodotorula mucilaginosa,Italy,food,3,30
250,ph,3.0729350947293024,FALSE,FALSE,NA,DBVPG_7316,7316,Rhodotorula paludigena,Italy,marsh_tidalflat,3,30
253,ph,3.1088378656805706,FALSE,FALSE,NA,DBVPG_4956,4956,Rhodotorula mucilaginosa,Italy,soil,3,30
254,ph,2.9652400754698487,FALSE,FALSE,NA,DBVPG_5228,5228,Rhodotorula mucilaginosa,Italy,soil,3,30
255,ph,3.037865780212949,FALSE,FALSE,NA,DBVPG_6093,6093,Rhodotorula mucilaginosa,Italy,unknown,3,30
256,ph,3.1159040053949734,FALSE,FALSE,NA,DBVPG_6742,6742,Rhodotorula mucilaginosa,Italy,unknown,3,30
257,ph,3.3710005988764715,TRUE,FALSE,top,DBVPG_8043,8043,Rhodotorula mucilaginosa,Italy,water,3,30
258,ph,3.2441417793096403,FALSE,FALSE,NA,DBVPG_3445,3445,Rhodotorula mucilaginosa,Italy,food,3,30
261,ph,3.0236483682114956,FALSE,FALSE,NA,TF_CN_86C_3,"86C-3
 BY33-D3",Rhodotorula sphaerocarpa,China,NA,4,30
262,ph,2.938753062144752,FALSE,FALSE,NA,DBVPG_4957,4957,Rhodotorula mucilaginosa,Italy,soil,4,30
263,ph,2.5270217275256988,FALSE,TRUE,bottom,DBVPG_5229,5229,Rhodotorula mucilaginosa,Italy,soil,4,30
264,ph,2.7291258428062686,FALSE,TRUE,bottom,DBVPG_6094,6094,Rhodotorula mucilaginosa,Italy,unknown,4,30
265,ph,2.658200728977098,FALSE,TRUE,bottom,DBVPG_6743,6743,Rhodotorula mucilaginosa,Italy,soil,4,30
266,ph,2.9864087348314845,FALSE,FALSE,NA,DBVPG_8058,8058,Rhodotorula sp. clade I,Italy,food,4,30
267,ph,3.0815849189326183,FALSE,FALSE,NA,DBVPG_3446,3446,Rhodotorula mucilaginosa,Italy,food,4,30
268,ph,2.7579889802956483,FALSE,TRUE,bottom,DBVPG_10842,10842,Rhodotorula mucilaginosa,Italy,snow_ice,4,30
270,ph,1.1924584718346425,FALSE,TRUE,bottom,TF_CN_7_6_3,7-6-2003,Rhodotorula diobovata,China,NA,4,30
271,ph,3.0041383250203637,FALSE,FALSE,NA,DBVPG_4958,4958,Rhodotorula mucilaginosa,Italy,soil,4,30
272,ph,2.7997887472445404,FALSE,TRUE,bottom,DBVPG_5235,5235,Rhodotorula mucilaginosa,Italy,soil,4,30
273,ph,2.4941134648260297,FALSE,TRUE,bottom,DBVPG_6121,6121,Rhodotorula toruloides,Italy,air_cloud,4,30
274,ph,2.7099944873807686,FALSE,TRUE,bottom,DBVPG_6803,6803,Rhodotorula mucilaginosa,Italy,soil,4,30
275,ph,2.4541291591188106,FALSE,TRUE,bottom,DBVPG_10075,10075,Cystobasidium sp.,Italy,soil,4,30
276,ph,2.63081087145612,FALSE,TRUE,bottom,DBVPG_3778,3778,Rhodotorula mucilaginosa,Italy,soil,4,30
277,ph,1.4571453386345552,FALSE,TRUE,bottom,DBVPG_10882,10882,Rhodotorula mucilaginosa,Italy,rock,4,30
278,ph,2.497673799588414,FALSE,TRUE,bottom,TFCN_86A_5,"86A-5
 BY34-I6",Rhodotorula sphaerocarpa,China,NA,4,30
279,ph,3.5843992898662265,TRUE,FALSE,top,TF_CN_186CL4_2,"186CL④-2
 BY39-C9",Rhodotorula mucilaginosa,China,NA,4,30
280,ph,2.698999686053889,FALSE,TRUE,bottom,DBVPG_4962,4962,Rhodotorula mucilaginosa,Italy,soil,4,30
281,ph,2.3547170925734395,FALSE,TRUE,bottom,DBVPG_5236,5236,Rhodotorula mucilaginosa,Italy,soil,4,30
282,ph,1.595706991580733,FALSE,TRUE,bottom,DBVPG_6195,6195,Rhodotorula diobovata,Italy,marine,4,30
283,ph,2.430360637202907,FALSE,TRUE,bottom,DBVPG_7019,7019,Rhodotorula mucilaginosa,Italy,unknown,4,30
284,ph,2.0754773386571124,FALSE,TRUE,bottom,DBVPG_10753,10753,Rhodotorula kratochvilovae,Italy,built env,4,30
285,ph,2.458669494670863,FALSE,TRUE,bottom,DBVPG_3780,3780,Rhodotorula mucilaginosa,Italy,soil,4,30
286,ph,1.916198666478472,FALSE,TRUE,bottom,DBVPG_10886,10886,Rhodotorula mucilaginosa,Italy,rock,4,30
287,ph,0.9969638288902376,FALSE,TRUE,bottom,TFCN_152A_3,"152A-3
 BY32-A2",Rhodotorula toruloides,China,NA,4,30
288,ph,1.8800481363101937,FALSE,TRUE,bottom,TFCN_1A_1_5,1A-1-5,Rhodotorula pacifica,China,NA,4,30
289,ph,3.043568635177115,FALSE,FALSE,NA,DBVPG_4963,4963,Rhodotorula mucilaginosa,Italy,soil,4,30
290,ph,2.6848537756221136,FALSE,TRUE,bottom,DBVPG_5757,5757,Rhodotorula mucilaginosa,Italy,soil,4,30
291,ph,0.8566089564869124,FALSE,TRUE,bottom,DBVPG_6202,6202,Rhodotorula diobovata,Italy,marine,4,30
292,ph,2.5392680487998405,FALSE,TRUE,bottom,DBVPG_7021,7021,Rhodotorula graminis,Italy,plant,4,30
293,ph,2.714982798658997,FALSE,TRUE,bottom,DBVPG_10780,10780,Rhodotorula mucilaginosa,Italy,snow_ice,4,30
294,ph,1.116102498018511,FALSE,TRUE,bottom,DBVPG_6083,6083,Rhodotorula graminis,Italy,plant,4,30
295,ph,2.6843488349897404,FALSE,TRUE,bottom,DBVPG_10937,DBVPG 10937,Rhodotorula mucilaginosa,Italy,food,4,30
296,ph,2.4514964706921543,FALSE,TRUE,bottom,TFCN_2M_1_3,"2M-1-3
 BY8-A3",Rhodotorula mucilaginosa,China,NA,4,30
297,ph,-0.44010058487227566,FALSE,TRUE,bottom,TFCN_211C_2,"211C-2
 BY37-F3",Rhodotorula diobovata,China,NA,4,30
298,ph,2.872801346213302,FALSE,FALSE,NA,DBVPG_4964,4964,Rhodotorula mucilaginosa,Italy,soil,4,30
299,ph,2.813475796779787,FALSE,TRUE,bottom,DBVPG_5758,5758,Rhodotorula mucilaginosa,Italy,soil,4,30
300,ph,2.7567262659274325,FALSE,TRUE,bottom,DBVPG_6593,6593,Rhodotorula mucilaginosa,Italy,unknown,4,30
301,ph,1.6222436162254283,FALSE,TRUE,bottom,DBVPG_7323,7323,Rhodotorula paludigena,Italy,marsh_tidalflat,4,30
302,ph,3.4264749691817613,TRUE,FALSE,top,DBVPG_10348,10348,Rhodotorula sp. clade XI,Italy,soil,4,30
303,ph,2.3238316493113254,FALSE,TRUE,bottom,DBVPG_6092,6092,Rhodotorula mucilaginosa,Italy,unknown,4,30
304,ph,3.2413317348953434,FALSE,FALSE,NA,TFCN_17_332M_1,17-333M-1,Rhodotorula mucilaginosa,China,NA,4,30
305,ph,1.541537515787173,FALSE,TRUE,bottom,TFCN_17-325P-1,25-325P-1,Rhodotorula mucilaginosa,NA,NA,4,30
307,ph,2.8348605240292724,FALSE,TRUE,bottom,DBVPG_5225,5225,Rhodotorula mucilaginosa,Italy,soil,4,30
308,ph,2.7772678551438625,FALSE,TRUE,bottom,DBVPG_5759,5759,Rhodotorula mucilaginosa,Italy,soil,4,30
309,ph,2.812343204598311,FALSE,TRUE,bottom,DBVPG_6649,6649,Rhodotorula mucilaginosa,Italy,plant,4,30
310,ph,2.2021302345040583,FALSE,TRUE,bottom,DBVPG_7539,7539,Rhodotorula kratochvilovae,Italy,unknown,4,30
311,ph,2.013866209855968,FALSE,TRUE,bottom,DBVPG_10383,10383,Rhodotorula kratochvilovae,Italy,soil,4,30
312,ph,2.570560349541111,FALSE,TRUE,bottom,DBVPG_6740,6740,Pseudomicrostroma phylloplanum,Italy,plant,4,30
313,ph,2.8107317633539317,FALSE,TRUE,bottom,DBVPG_5226,5226,Rhodotorula mucilaginosa,Italy,soil,4,30
314,ph,1.5933289526281043,FALSE,TRUE,bottom,DBVPG_6081,6081,Rhodotorula glutinis,Italy,air_cloud,4,30
315,ph,2.8788855998130694,FALSE,FALSE,NA,DBVPG_6660,6660,Rhodotorula mucilaginosa,Italy,food,4,30
316,ph,0.05634618135933977,FALSE,TRUE,bottom,DBVPG_7922,7922,Rhodotorula evergladensis,Italy,soil,4,30
317,ph,2.9557187346211746,FALSE,FALSE,NA,DBVPG_10619,10619,Rhodotorula mucilaginosa,Italy,plant,4,30
318,ph,2.6378449649319164,FALSE,TRUE,bottom,DBVPG_6741,6741,Rhodotorula mucilaginosa,Italy,soil,4,30
320,ph,-0.4218057607680046,FALSE,TRUE,bottom,NRRL_Y-2474,Y2474,Rhodotorula graminis,America,plant,4,30
321,ph,2.743842371736262,FALSE,TRUE,bottom,NRRL_Y-2504,Y2504,Rhodotorula dairenensis,America,soil,4,30
322,ph,1.9593270400093614,FALSE,TRUE,bottom,NRRL_Y-2510,Y2510,Rhodotorula mucilaginosa,America,unknown,4,30
323,ph,1.514554505900489,FALSE,TRUE,bottom,NRRL_Y-7192,Y7192,Rhodotorula sphaerocarpa,America,unknown,4,30
324,ph,0.05754906957263978,FALSE,TRUE,bottom,NRRL_Y-7196,Y7196,Rhodotorula diobovata,America,unknown,4,30
325,ph,3.210582267355827,FALSE,FALSE,NA,NRRL_Y-12923,Y12923,Rhodotorula paludigena,America,plant,4,30
326,ph,1.6639476419712151,FALSE,TRUE,bottom,NRRL_Y-17376,Y17376,Rhodotorula araucariae,America,plant,4,30
334,ph,2.9313565462692948,FALSE,FALSE,NA,JES-025-001,JES-025-001,Rhodotorula mucilaginosa,America,NA,4,30
