Strain ID,Strain Name,Strain,Species,TextureGray_AngularSecondMoment-deg000-scale05,TextureGray_AngularSecondMoment-deg045-scale05,TextureGray_AngularSecondMoment-deg090-scale05,TextureGray_AngularSecondMoment-deg135-scale05,TextureGray_Contrast-deg000-scale05,TextureGray_Contrast-deg045-scale05,TextureGray_Contrast-deg090-scale05,TextureGray_Contrast-deg135-scale05,TextureGray_Correlation-deg000-scale05,TextureGray_Correlation-deg045-scale05,TextureGray_Correlation-deg090-scale05,TextureGray_Correlation-deg135-scale05,TextureGray_HaralickVariance-deg000-scale05,TextureGray_HaralickVariance-deg045-scale05,TextureGray_HaralickVariance-deg090-scale05,TextureGray_HaralickVariance-deg135-scale05,TextureGray_InverseDifferenceMoment-deg000-scale05,TextureGray_InverseDifferenceMoment-deg045-scale05,TextureGray_InverseDifferenceMoment-deg090-scale05,TextureGray_InverseDifferenceMoment-deg135-scale05,TextureGray_SumAverage-deg000-scale05,TextureGray_SumAverage-deg045-scale05,TextureGray_SumAverage-deg090-scale05,TextureGray_SumAverage-deg135-scale05,TextureGray_SumVariance-deg000-scale05,TextureGray_SumVariance-deg045-scale05,TextureGray_SumVariance-deg090-scale05,TextureGray_SumVariance-deg135-scale05,TextureGray_SumEntropy-deg000-scale05,TextureGray_SumEntropy-deg045-scale05,TextureGray_SumEntropy-deg090-scale05,TextureGray_SumEntropy-deg135-scale05,TextureGray_Entropy-deg000-scale05,TextureGray_Entropy-deg045-scale05,TextureGray_Entropy-deg090-scale05,TextureGray_Entropy-deg135-scale05,TextureGray_DiffVariance-deg000-scale05,TextureGray_DiffVariance-deg045-scale05,TextureGray_DiffVariance-deg090-scale05,TextureGray_DiffVariance-deg135-scale05,TextureGray_DiffEntropy-deg000-scale05,TextureGray_DiffEntropy-deg045-scale05,TextureGray_DiffEntropy-deg090-scale05,TextureGray_DiffEntropy-deg135-scale05,TextureGray_InfoCorrelation1-deg000-scale05,TextureGray_InfoCorrelation1-deg045-scale05,TextureGray_InfoCorrelation1-deg090-scale05,TextureGray_InfoCorrelation1-deg135-scale05,TextureGray_InfoCorrelation2-deg000-scale05,TextureGray_InfoCorrelation2-deg045-scale05,TextureGray_InfoCorrelation2-deg090-scale05,TextureGray_InfoCorrelation2-deg135-scale05,TextureGray_AngularSecondMoment-avg-scale05,TextureGray_Contrast-avg-scale05,TextureGray_Correlation-avg-scale05,TextureGray_HaralickVariance-avg-scale05,TextureGray_InverseDifferenceMoment-avg-scale05,TextureGray_SumAverage-avg-scale05,TextureGray_SumVariance-avg-scale05,TextureGray_SumEntropy-avg-scale05,TextureGray_Entropy-avg-scale05,TextureGray_DiffVariance-avg-scale05,TextureGray_DiffEntropy-avg-scale05,TextureGray_InfoCorrelation1-avg-scale05,TextureGray_InfoCorrelation2-avg-scale05,DistanceFromCentroid,IsOutlier
23,110C-1,TFCN_110C-1,Rhodotorula mucilaginosa,0.14154062853659585,0.13263828704179914,0.1283557477197173,0.12650005103008782,0.5778520502021313,0.7175993287135378,0.703734320308159,0.7845183760588408,0.6600542046592236,0.5585590010260642,0.5467343964537595,0.5284331017630829,1.220151515660736,1.1917022236048005,1.2368890128817895,1.1977731729982537,0.7607102561733673,0.7273043930048406,0.7312852054251258,0.7167725329794262,24.481785898329804,24.470331618008633,24.485865830635213,24.58020281005894,4.302754012440807,4.049209565705585,4.243821731219062,4.006574315934143,2.8172239062900983,2.7469462443113706,2.760945955370379,2.7511626738188917,3.4381027241935516,3.507113359505295,3.481952941752104,3.541386184896626,0.026697169852773924,0.024776837102844985,0.025186722129574964,0.02398393046771655,1.1672368677073945,1.2764361419092745,1.2343092945809133,1.312117526529319,-0.26999703053992136,-0.22775612009133892,-0.28030749806481176,-0.23810205194116377,0.7525663638838245,0.7210285566557176,0.7869302691631657,0.749697202175546,0.13225867858205004,0.6959260188206673,0.5734451759755326,1.211628981286395,0.73401809689569,24.504546539258147,4.1505899063249,2.769069694947685,3.492138802586894,0.025161164888227606,1.2475249576817253,-0.25404067515930895,0.7525555979695635,13.264200106645664,TRUE
15,"3M-1-1
 BY8-B4",TFCN_3M-1-1,Rhodotorula mucilaginosa,0.12969996792842609,0.12445132717611064,0.12991008234359355,0.1258958506668456,0.6483467965575741,0.7941219484566912,0.6410281791618633,0.7855123415204082,0.6934499010296697,0.6307428601955377,0.6990650238662375,0.6313610616085358,1.1440557654660746,1.1289010380634967,1.1589549472766998,1.1219701936866013,0.7493737493718695,0.7268079878603054,0.7529649292189454,0.7287220044360655,25.6420728103957,25.67587771470782,25.63388356910516,25.67998494125148,3.927876265306688,3.721482203797242,3.994791609944951,3.7023684332260327,2.8655983471284725,2.83994271143714,2.8739738202963805,2.835813130706885,3.5479359976831435,3.6274452979861236,3.5506529682341808,3.615176829780609,0.02437626721836742,0.023029659847786425,0.0245005887555932,0.023149790651234518,1.2265252795420907,1.320551045680535,1.2223100839716692,1.3147664615673402,-0.24530818746485922,-0.19758917848628796,-0.24918950312114946,-0.20057783188911135,0.7781838656527265,0.7223973492103585,0.7822918158024116,0.7260375991809079,0.12748930702874398,0.7172523164241341,0.6636547116749951,1.1384704861232182,0.7394671677217964,25.65795475886504,3.8366296280687284,2.8538320023922195,3.5853027734210143,0.02376407661824539,1.2710382176904087,-0.223166175240352,0.7522276574616011,10.894859783970366,TRUE
85,48A-3,TFCN_48A-3,Rhodotorula paludigena,0.12706663958869668,0.12227619918890767,0.12667220889186853,0.12319734003373785,0.5402771770679816,0.6413222966284118,0.5367747806613301,0.6297487823543025,0.7748131867483162,0.7304392251216307,0.7798026629401996,0.7333071023605298,1.2165692923128688,1.2008937174778582,1.2371798715996165,1.1938057350497218,0.7663138998057994,0.7447987468431454,0.7685820106207994,0.7457754249166171,24.65692452360908,24.693438326103212,24.645854537524976,24.69722025093328,4.325999992183497,4.162252573282951,4.4119447057371595,4.145474157844555,2.9592845688334397,2.944043127893405,2.9735712424236764,2.9400553627433195,3.5574906067013474,3.641123635820383,3.570695254376816,3.6270874280661403,0.026167837919587416,0.02478510043698524,0.02624724055182915,0.024972997043857338,1.14013584418794,1.227904959084056,1.139777833174453,1.2148424023157938,-0.31044874767697916,-0.26168165787006126,-0.31102060964529965,-0.2660783931138616,0.8512159840829646,0.8123165293622046,0.852403937508292,0.8155489394939707,0.12480309692580267,0.5870307591780065,0.7545905442926691,1.2121121541100164,0.7563675205465903,24.673359409542638,4.261417857262041,2.95423857547346,3.599099231241172,0.025543293988064784,1.1806652596905607,-0.28730735207655045,0.832871347611858,10.69815927599891,TRUE
18,"25-395P-1
 BY126-F2",TFCN_25-395P-1,Rhodotorula mucilaginosa,0.09801431968130525,0.09213389245666279,0.09734486217500031,0.09374535269326535,0.7334234749483446,1.0434465945883873,0.7873895239929752,0.9909441893979956,0.8069043316594566,0.7317418358597654,0.7974018503977927,0.7424915365519423,1.9596186102423963,1.9193633568716553,1.968253898926049,1.9147925977667297,0.7436911476591364,0.7087441502196735,0.7414124619696939,0.7124104422278571,26.976259226576193,27.032739043678923,26.972097071903786,27.035178865046756,7.105050966021262,6.634006832898194,7.085626071711258,6.668226201668918,3.283201100803421,3.2534576733299923,3.2853533857525945,3.251727828803446,4.016790714003406,4.163602698183485,4.04384157017836,4.131350426799035,0.02236355897773477,0.020345917192801606,0.022210650655036773,0.02058958017146868,1.2757593092198787,1.4369770401209885,1.298746115802738,1.4126497882950948,-0.3345459207956502,-0.2645151820769504,-0.32586458622685344,-0.27574868238639677,0.8825354479587068,0.8336337656003987,0.8791060703205046,0.8406167503750306,0.09530960675155843,0.8888009457319256,0.7696348886172393,1.9405071159517076,0.7265645505190902,27.004068551801414,6.873227518074908,3.2684349971723634,4.088896352291071,0.021377426749260457,1.356033063359675,-0.3001685928714627,0.8589730085636601,10.647889104787307,TRUE
13,"141C-2
 BY30-H4",TFCN_141C-2,Rhodotorula mucilaginosa,0.13755302423237145,0.13123783315843826,0.13672106629301675,0.13303589557543202,0.6005858410649718,0.7695410145382496,0.61468686623958535,0.7397557308781207,0.7175623271125104,0.6406155395208619,0.7132387536516788,0.6515544664332936,1.2047145952695184,1.1879880458640741,1.218286809914509,1.1793315457795637,0.7631576880477414,0.7371993005393466,0.7631828512539615,0.7397891291404726,25.745483911048634,25.779767325823883,25.73837066763006,25.785329673413347,4.2182725400131,3.982411168918046,4.258460373418442,3.977570452240129,2.8802559361959466,2.8545503279317046,2.8869395475769126,2.85131753107561,3.513370262634224,3.614486059647891,3.531886027030482,3.5878230721224194,0.025067718918143512,0.02345443904984104,0.02504381509975012,0.02364242794412731,1.1972549496218199,1.3102636336100475,1.2034337206063224,1.2940365509590601,-0.27233986328032495,-0.21329402368049763,-0.2679426362331237,-0.22247646421964243,0.8007247911563434,0.7394280686159571,0.79703206964223,0.7499548109614279,0.1346369548148146,0.6811423631802319,0.6807427716795862,1.1975802492069163,0.7508322422453805,25.762237894478982,4.109178633647429,2.8682658356950435,3.561891355358754,0.024302100252965496,1.2512472136993125,-0.24401324685339718,0.7717849350939896,10.578276507869923,TRUE
79,98C-7,TFCN_98C-7,Rhodotorula mucilaginosa,0.08886292405780427,0.08314719792585648,0.08899856595638173,0.08416440256633777,0.842016922875778,1.1172761540398022,0.848551244751398,1.0954199970101852,0.7696463322720561,0.7017669299109968,0.7701824036203125,0.7033530175447553,1.9859214831753347,1.9514250605897225,1.991824561521219,1.9294172788295616,0.7132427782407148,0.679843265186665,0.7156011938668306,0.679028386746074,26.239669426652313,26.296343176488836,26.239272725069394,26.307946569431635,7.101669009825638,6.688424088319133,7.118747001333461,6.622249118308041,3.2835712436536997,3.254119900235376,3.2870720619954676,3.2469957280620685,4.113487527803007,4.240104778189317,4.116728834218297,4.219959049258571,0.021478273174837602,0.019607432548263252,0.02149886787060701,0.019784238832626717,1.3413617961397848,1.482730846403435,1.344709879127888,1.4709690974612444,-0.2907459804674899,-0.23115558766729574,-0.2915294101208046,-0.23418142220866472,0.848355938236479,0.7938522253963417,0.8502652472860597,0.7973824986848874,0.08629327262659506,0.9758160796692908,0.7362371708370302,1.9646470960289595,0.6969289060100711,26.270807974410545,6.8827723044465685,3.267939733486653,4.172570047367298,0.020592203106583645,1.409942904783088,-0.2619031001160637,0.822463977400942,10.320322861772429,TRUE
52,1A-14,TFCN_1A-14,Rhodotorula mucilaginosa,0.125009009588259,0.11852513357207271,0.12448053659505422,0.11909217944908498,0.7159085030481177,0.9037620962837435,0.7089398792430405,0.8992678754780489,0.662403589202194,0.5872260513006483,0.6714610350182703,0.5825632029774599,1.3066299895166957,1.2961424109883173,1.3215298631716565,1.2882545001291539,0.7352444612379505,0.7072137651046156,0.737872889782178,0.7057363369502921,25.45474936148779,25.486307154118236,25.443668187387594,25.491077547364846,4.51061145501867,4.280807547669488,4.577179573443586,4.253750125038564,2.928403650588499,2.9009690573041946,2.9413252915775967,2.8921931043027724,3.6691605340398854,3.7829245035248786,3.6853259138395518,3.7688214235830944,0.023420455723434284,0.02171917958187238,0.023444866831009003,0.021794332203780794,1.2679035365487408,1.3900450420469144,1.2704268763841748,1.3820209387040137,-0.2383794863502256,-0.1820089060501679,-0.23786877213469304,-0.1834902152852535,0.7477606194819223,0.6782246982855996,0.7532139037023293,0.6719135703378809,0.12177671480111772,0.8069695885132376,0.6259134696246431,1.3031391909514558,0.7215168632687591,25.468950562589615,4.405587175292577,2.915722775943266,3.7265580937468528,0.022594708585024114,1.327599098420961,-0.21043684495508502,0.7127781979519331,9.77100458151564,FALSE
37,48A-15,TFCN_48A-15,Rhodotorula paludigena,0.1130786157274464,0.10861772963120712,0.11260591674095187,0.10847113608915497,0.7388119025582228,0.8813151341570946,0.7417266178011948,0.8888650630174708,0.6853785231932523,0.6312426926288519,0.6906228578528304,0.6242887029231317,1.2117805632048733,1.2060424916886525,1.229503045630159,1.197808295763167,0.7333032568581429,0.7127835162493638,0.7349231544191752,0.7112395795274359,24.908525461404896,24.937862528644423,24.89745768173156,24.9414106338386,4.108310350261235,3.9428548325975186,4.176285564719393,3.90236812003513,2.9412625665732035,2.9187760926613344,2.9533542467943383,2.913714305068413,3.704304767351174,3.7841582355941474,3.715727964122031,3.7837950129790143,0.02393818320538237,0.0227719607216208,0.0239723396448627,0.022675255478142923,1.2708137751520052,1.3559226523257897,1.271358444233824,1.3596501494007767,-0.23621496062529077,-0.19568328825119982,-0.2383743963019127,-0.19152754429142826,0.7738025704869308,0.7233011089296003,0.7770095957170653,0.7176187187850537,0.1106933495471901,0.8126796793834957,0.6578831941495166,1.211283599071713,0.7230623767635295,24.92131407640487,4.032454716903319,2.9317768027743223,3.746996495011592,0.0233394347625022,1.3144362552780988,-0.21545004736745788,0.7479329984796625,8.767160936202263,FALSE
50,"118C-2
 BY31-G1",TFCN_118C-2,Rhodotorula mucilaginosa,0.09286901806462698,0.08732983117305307,0.09232106137112957,0.08795511388114519,0.9032756544075318,1.192059832566063,0.9120273015178296,1.1608428077414221,0.7393968604044537,0.664175597004822,0.7400112223608853,0.6684776444423862,1.82852658115508,1.80507370585341,1.8490749268290723,1.7952665101026464,0.7108659562677334,0.6798581442391357,0.7111268121507602,0.6798030007238554,26.663130676586455,26.709354712566476,26.650958890304846,26.71577379082092,6.410830670212747,6.02823499084761,6.484272405798436,6.0202232326691565,3.223854304502303,3.1908793781582463,3.2300912220162306,3.1888610995212225,4.081702848835635,4.203285696946259,4.095879811951899,4.188100881774344,0.021036242394131086,0.019421992351528684,0.02105152815920922,0.019518705152075745,1.3727791714692816,1.5063419964217608,1.3772518726118732,1.4945452377851307,-0.26829866625182486,-0.20949293490725285,-0.2668201848798532,-0.21255234056293823,0.8253318984624075,0.76364088520239,0.8251042418393048,0.7645307294360777,0.0901187561224887,1.0420513990582116,0.7030153310531368,1.819485430985052,0.6954134783453713,26.684804517569674,6.2358903248819875,3.2084215010495005,4.142242309877034,0.020257117014236183,1.4377295695720116,-0.23929103165046728,0.794651938735045,8.713641788615169,FALSE
48,"25-333C-2
 BY120-H5",TFCN_25-333C-2,Rhodotorula mucilaginosa,0.10112388617936849,0.09651165728849224,0.10103447872380888,0.09674787291792722,1.073144388634422,1.362908734880644,1.0212075925864403,1.3695788354263303,0.6453187447727552,0.5778672932768352,0.6641659650656182,0.5626886816809594,1.5270707623925464,1.5109398574869137,1.5330485789501853,1.5106819849346231,0.6982129125003753,0.6721613643319582,0.703701929970969,0.6701592804888871,25.788684163086764,25.83359689181872,25.781000808350903,25.822871775145583,5.035138660935707,4.680850695066985,5.110986723214263,4.673149104312133,3.0308579545190275,3.005124644391862,3.044395798528466,2.9921929989762135,3.91057150756408,3.999560257576835,3.9143267500980476,3.9964188991198815,0.0216211453105965,0.020357742271833408,0.021824341997880272,0.02026607231101722,1.3960194925724003,1.4998880719506797,1.386613236639139,1.5047509479741514,-0.2267125433975711,-0.17805201805284943,-0.22834496027879286,-0.17770937780958995,0.7639771237284403,0.698823973208005,0.767938457538473,0.6939125527276375,0.09885447377739921,1.206709887881959,0.612510171199042,1.5204352959410672,0.6860588718230474,25.806538409600492,4.875031295882272,3.018142849103892,3.9552193535897113,0.02101732547283185,1.4468179372840926,-0.20270472488470084,0.7311630268006389,8.678267610457443,FALSE
42,33A-4,TFCN_33A-4,Rhodotorula mucilaginosa,0.12659842383018244,0.120558747388223,0.1263365663322639,0.12185772264630378,0.6682437916615076,0.9800060144508104,0.7811633368192696,0.8450614418451745,0.7082460846892237,0.5816012919220295,0.6636916401460604,0.626365361771131,1.2261943163385505,1.218321828769808,1.2413820760946845,1.2000084353170175,0.7486310476977531,0.7105440847972045,0.7381247821826304,0.7195291414957403,26.116577610970015,26.133554784298706,26.12211404732073,26.164340944879644,4.236533473692668,3.8932813006283626,4.1843649675594365,3.954972299422833,2.912157252987007,2.847598827369216,2.890782504917525,2.8725822027721803,3.582815013173544,3.6757805382387194,3.5890444862494726,3.6593107681085084,0.02452106860420188,0.022323620980329098,0.02415058600267084,0.022929207690331795,1.22539910524049,1.368339604424747,1.2471613836043838,1.3300565577043573,-0.2809036116537712,-0.23111744240685297,-0.28339003839938676,-0.2305915930412652,0.8059424255962967,0.7537469691109336,0.8108759121714041,0.7525657547242985,0.12383786504924327,0.8186186461941904,0.6449760946321111,1.221476664130015,0.7292072640433321,26.134146846867274,4.067288010325825,2.880780197011482,3.6267377014425612,0.023481120819383406,1.2927391627434945,-0.256500671375319,0.7807827654007332,8.433615918104744,FALSE
71,"7W-292-3
 BY53-A7",TFCN_7W-292-3,Rhodotorula dairenensis,0.12587618926132493,0.11988860209009455,0.12491520892702455,0.121100313265842,0.5779388383465861,0.7177053209243159,0.5835744386280779,0.7098024051946817,0.7478632269580908,0.6863375255208005,0.7506507635542783,0.6882787366541361,1.2508663430757243,1.23030262809782,1.2631497884786433,1.2249757596996214,0.7633205093950948,0.7371662076420874,0.7625731653947866,0.7389887486156647,25.56779555476148,25.606929261258117,25.562350231984297,25.61077873776674,4.425526533956311,4.2035051914669035,4.469024715286456,4.1901006336037545,2.9604124036321613,2.936999180209387,2.9698811100061002,2.934233862825647,3.5854873385937513,3.6821783567732607,3.6031039535833007,3.6702977941921806,0.025025835613183996,0.023498119560402927,0.024997815377682028,0.02357057773078447,1.185577716926139,1.2897654478837428,1.1893991742496657,1.2855621388253093,-0.2929227451018429,-0.23559995326523042,-0.2892340030921803,-0.23917475948845393,0.8303270796086663,0.7775519512882562,0.8293312808731429,0.7809820271580635,0.12294507838607151,0.6472552507734155,0.7182825631718264,1.2423236298379523,0.7505121577619084,25.58696344644266,4.322039268578356,2.9503816391683237,3.6352668607856233,0.024273087070513354,1.2375761194712143,-0.2642328652369269,0.8045480847320322,7.833903198160367,FALSE
68,"17-325D-2
 BY116-B4",TFCN_17-325D-2,Rhodotorula mucilaginosa,0.0943308276974132,0.08786906031183221,0.09421938099878359,0.08971888957618215,0.741863706702776,1.0013851626672743,0.7522927258597067,0.9532017740988633,0.7771075679842425,0.7071774304612611,0.776118840189109,0.7180480623656261,1.8729612284809936,1.8487000242829168,1.8779378193108642,1.8460201922299206,0.7325001454705727,0.6972049489988906,0.7326360089928976,0.7041083336315904,26.141173631431638,26.1858002790944,26.13681344719831,26.186139178577715,6.74998120722121,6.393414934464367,6.759458551383798,6.430878994820871,3.24407987905152,3.216284566627467,3.2484117185281485,3.2130029126413935,4.002939259690353,4.141399556139815,4.010677519590938,4.1110229801921445,0.02227956451279892,0.020388990668570466,0.02225411026375138,0.020746601258199937,1.2871660429527447,1.4323883323108184,1.2917893552144286,1.4065273854181706,-0.30072724973322745,-0.23569572992814158,-0.2995602068522823,-0.246500084111037,0.8561263621540206,0.8007550680223103,0.8555988288331013,0.8093251252582535,0.09153453964605278,0.8621858423321551,0.7446129752500598,1.8614048160761738,0.7166123592734879,26.162481634075515,6.583433421972562,3.230444769212132,4.066509828903313,0.021417316675830175,1.3544677789740405,-0.2706208176561721,0.8304513460669214,7.748771842433529,FALSE
38,"25-332C-1
 BY119-C2",TFCN_25-332C-1,Rhodotorula mucilaginosa,0.09023309675790434,0.08400596560177774,0.08976087737600565,0.08493141330539379,0.7914724212601615,1.0403777433368817,0.809053808605714,1.0231739797480304,0.7635167076223516,0.6927550737370075,0.7613611058310285,0.6964807663372142,1.8196758835912885,1.8009718770121912,1.829676347783934,1.79491388389329,0.7218890270243216,0.6877457966984494,0.7214064615392339,0.6891780672660835,26.090874029093367,26.134137739306688,26.086161507171035,26.13694774039147,6.487231113104979,6.16350976471191,6.509651582530016,6.156481555825074,3.237820641152474,3.2089384552400144,3.242685294221996,3.2048913061967035,4.037069135601267,4.165056343818249,4.049844032207638,4.148413059385867,0.0219650962445811,0.020180310354644404,0.02187329860917616,0.020343103942526322,1.3083987147723068,1.4411101988417818,1.3155914313090555,1.4290240561642145,-0.28790757929340133,-0.22669929843403797,-0.28524301409794983,-0.23181823355963266,0.8422715891811892,0.7817006523615212,0.8394188821600975,0.786669057793791,0.08723283826027037,0.9160194882376969,0.7285284133819004,1.8113094980701758,0.7050548381320221,26.11203025399064,6.329218504042995,3.223583924202797,4.1000956427532556,0.021090452287731997,1.3735311002718396,-0.25791703134625543,0.8125150453741498,7.438208709586372,FALSE
80,1B-1-2,TFCN_1B-1-2,Rhodotorula pacifica,0.09282469246962763,0.08647943387667224,0.09216291694423731,0.0877035861746722,0.6967216643245474,0.9101482123220963,0.6922570564526919,0.8875508051767385,0.7880334410387135,0.7266441961339256,0.7884852263694945,0.730724495272661,1.764048281380683,1.7447473490845231,1.7738943204543456,1.7366947262896646,0.7399204790880043,0.7085010826039756,0.7392035280880102,0.7109684588652215,25.218304962204463,25.258689623452184,25.21204538635471,25.261360979728607,6.359471461198202,6.068841184015983,6.403320225364618,6.059228099981913,3.2499096864873933,3.2264601806098083,3.2564296022166204,3.2217657394865964,3.988269071946669,4.11926325469089,3.997964372044104,4.099572947304522,0.02320325721756665,0.02144282507688117,0.023192298800017712,0.021592136627016256,1.2575030316503095,1.3869289622550505,1.2568522504656463,1.3754130458064706,-0.3121305627017139,-0.25207165133637727,-0.31076972633588995,-0.2575775872310424,0.8659902935286143,0.8168714080267414,0.8656310221188669,0.8222095195075054,0.08979265736630235,0.7966694345690185,0.7584718397036987,1.754846169302304,0.7246483871613029,25.23760023793499,6.222715242640179,3.2386413022001044,4.051267411496546,0.022357629430370448,1.3191743225443693,-0.28313738190125587,0.842675560795432,7.298526979324238,FALSE
69,"17-325P-1
 BY117-E2",TFCN_17-325P-1,Rhodotorula mucilaginosa,0.0975713573339904,0.09084318973877709,0.09671375083328144,0.09151912474547741,0.6522358561355164,0.8601388147056048,0.664882011435146,0.8508231530530153,0.7989219446550381,0.736017754196504,0.7963271307828768,0.7364683532105119,1.7631546406792926,1.7349430467209168,1.7724732210265597,1.730259297757267,0.7456294994038289,0.7110818398577716,0.7430139594630946,0.71149483390826,26.17832666209113,26.22437270942247,26.176535214758538,26.228118367202796,6.400382706581634,6.079633372178036,6.425010872671093,6.070214037976121,3.250200622192963,3.223630483803938,3.255821762433042,3.219313305655905,3.951430196116679,4.090102467817041,3.971806123580848,4.0789368604473495,0.02264039354586297,0.020763839569494083,0.022507166485759598,0.020833471133399752,1.2362611478777825,1.37561411351865,1.2453148090720356,1.368614717259673,-0.32534701092671936,-0.25860644214540324,-0.31907450990267905,-0.2613892292745231,0.8758918047001555,0.8272040769144263,0.872237007950332,0.8278372720691914,0.09416185566288159,0.7570199588323206,0.7669337957112327,1.7502075515460092,0.7278050331582387,26.201838238368733,6.243810247351721,3.2372415435214617,4.02306891199048,0.021686217683629102,1.3064511969320352,-0.2911042980623312,0.8507925404085264,7.288589418841847,FALSE
61,"152A-6
 BY32-D2",TFCN_152A-6,Rhodotorula toruloides,0.11425289266195444,0.10763085312025017,0.11253602264747802,0.1086269509928115,0.7827654050203199,1.0092688408632817,0.829093963101095,1.013758290103264,0.6852768618838421,0.6011619314516901,0.6703048430507325,0.6014116955738714,1.4247588712718273,1.4087375708295506,1.4409469661891532,1.40459364898992,0.7287028204214512,0.6988468684433069,0.7261654852250599,0.7005832579103305,26.360926663489252,26.395685844220193,26.352601037910755,26.401490830624994,4.916270080067068,4.625681442454917,4.934693901655551,4.604616305856474,2.986710444296291,2.9560539883506283,2.992289600187157,2.9550255399988727,3.752511678781229,3.853968425001965,3.777559138310211,3.8473313588230473,0.022530081791175223,0.020886101184556798,0.022294340685050984,0.020928532071818846,1.3059979178921601,1.4274759287088954,1.326957657659854,1.4265060712517155,-0.24672520245087295,-0.19306986531420942,-0.2399071384753959,-0.1936616880338884,0.7680064374654059,0.7054626300340178,0.756065287940966,0.6972333505595458,0.11076167985562353,0.9087216247719901,0.639538832990034,1.4197592643201127,0.7135746080000371,26.377676094061297,4.770315432508503,2.9725198932082373,3.807842650229113,0.021659763933150465,1.3717343938781563,-0.21834097356859167,0.7316919264999838,7.285023179590087,FALSE
55,"172A-1
 BY40-A6",TFCN_172A-1,Rhodotorula mucilaginosa,0.09782934807589273,0.0911698204264456,0.09658836448077852,0.09262444289349973,0.7406889393762977,1.006616796109711,0.78745069378435,0.9721004136331718,0.7836617086715174,0.7103711869983692,0.7745068863582563,0.7172481376504677,1.8071923640096481,1.7790455376971994,1.8199233435370405,1.7700098494289953,0.7336330269494095,0.6981215041493058,0.7292024995226223,0.7008293784910713,26.71789751366796,26.770590532968757,26.71739286078133,26.775444948113076,6.48808051666233,6.109565354679091,6.492242680363811,6.107938984082807,3.2316840396619106,3.202339776815284,3.2342767592572472,3.200135084850611,3.9780226444584947,4.119666702225845,4.00631888441457,4.089075358984152,0.022315851520478252,0.020353679419147806,0.02207222028018498,0.02062393007074083,1.2756222722830117,1.4259791930717185,1.2960008795369489,1.402603158310819,-0.3123994079829889,-0.24270787077185352,-0.30268855742127226,-0.25284474963047693,0.8609852403988341,0.8019928081257668,0.8528000539202105,0.8085884332845715,0.09455299396915415,0.8767142107258825,0.7464469799196527,1.7940427736682207,0.7154466022781022,26.74533146388278,6.29945688394701,3.2171089151462633,4.048270897520766,0.021341420322637968,1.3500513758006245,-0.27766014645164794,0.8310916339323458,7.238201558295369,FALSE
8,"107A-6
 BY31-B6",TFCN_107A-6,Rhodotorula mucilaginosa,0.09531677180640342,0.0894741516769314,0.09513394691826577,0.09029518553561489,0.9126435180947224,1.147098436737555,0.9053495886697455,1.1663810394905572,0.7084744602144346,0.6361885933003825,0.7127943679610393,0.6324718089722234,1.5921891182916523,1.5709119097214794,1.6095009311285706,1.5646320958444755,0.7064803061587321,0.6757447053809172,0.7111167518716263,0.6769333743241613,26.54887928073898,26.596382512236993,26.54242297499545,26.599438286834566,5.456112955071865,5.136549202148361,5.532654135844583,5.092147343887339,3.131455840903022,3.101049981165931,3.1437919707931536,3.096365407065218,3.998337867471124,4.102559613867824,4.00592656695196,4.092038618079926,0.021232110509666325,0.01979485936227834,0.021290690286578807,0.019823261362505035,1.3635048228523203,1.4762048405616797,1.3645690789764577,1.4746994462512413,-0.24530793788849864,-0.19126342584629122,-0.24632239687529628,-0.19401474438227895,0.7958092346748364,0.7303467864921972,0.7996283067895484,0.7287674148449691,0.09255501398430387,1.032868145748145,0.67248230761202,1.5843085137465445,0.6925687844338593,26.571780763701497,5.3043659092380375,3.1181657999818313,4.049715666592709,0.020535230380257126,1.4197445471604249,-0.21922712624809126,0.7636379357003877,7.140940500023715,FALSE
29,"25-332D-2
 BY119-I1 8/30",TFCN_25-332D-2,Rhodotorula mucilaginosa,0.12119886674060695,0.11433260689145298,0.11988714537522091,0.11484019643936125,0.5997983138543146,0.7516982865347682,0.6507600023656098,0.8034258583207894,0.6863962217572583,0.6322472985425776,0.6280262823272604,0.5553578271760535,1.3961871037735414,1.382946963251974,1.4073995254904152,1.3832091768768031,0.7517675228786638,0.7228540026775069,0.7417672078626132,0.709489807910516,25.27261374922443,25.2888665636702,25.2748779202887,25.331973888796814,4.984950101239884,4.780089566473123,4.97883809959605,4.729410849186409,2.9644859961146266,2.9443975938194322,2.929420220711912,2.888085745385558,3.6190404111027674,3.7354362228762676,3.6351141209824163,3.716122408947189,0.02515603401922597,0.023430599434438024,0.024331299770885887,0.02283363636417067,1.1939802052516089,1.3090213328977558,1.23095505922934,1.3264029390319612,-0.28350758392563075,-0.2267156493047494,-0.2757692897820138,-0.24495633734592287,0.7773502610674453,0.7382672492608381,0.7692276152290712,0.7707228393495457,0.11756470386166053,0.7014206152688705,0.6255069074507875,1.3924356923481833,0.731469635332325,25.292083030495036,4.868322154123867,2.9315973890078824,3.67642829097716,0.02393789239718014,1.2650898841026665,-0.2577372150895792,0.7638919912267251,7.1258951292686445,FALSE
86,"25-333Y-10
 BY120-D8",TFCN_25-333Y-10,Rhodotorula mucilaginosa,0.10006017881567812,0.09368206709666994,0.09970154076480507,0.0947899742158836,0.6770374337077155,0.8869138350123004,0.6882614564247562,0.8697695207337264,0.8007139095421435,0.7365592204562994,0.7988613001472795,0.7411109588340644,1.784489111869615,1.7458986628591404,1.7924752822512258,1.7460203735281046,0.7486968121406924,0.7156659816524469,0.747785072810145,0.7188826832669093,26.030995740204148,26.08602845716367,26.02738220800334,26.084401258912507,6.460919013770802,6.096680816424271,6.481639672580159,6.114311973378715,3.2200909712712353,3.1921289719872807,3.2236023225954535,3.192763042146361,3.9200158061203894,4.044506160433174,3.9301196056585277,4.026213205300178,0.023471130315436486,0.021519695266697166,0.02339064321992773,0.021773116465184792,1.2467281642151338,1.3814428040785576,1.2512729416378705,1.3664009576310605,-0.3300821015339723,-0.2654349793646708,-0.32757825422424186,-0.27259130549108895,0.8747290448332026,0.8240719706348234,0.8722973701997022,0.8294326003971129,0.09705844022325918,0.7804955614696246,0.7693113472449467,1.7672208576270214,0.7327576374675484,26.057201916070916,6.288387869038487,3.207146327000083,3.980213694378067,0.022538646316811545,1.3114612168906556,-0.2989216601534935,0.8501327465162102,7.107081029302017,FALSE
10,"86C-9
 BY34-B2",TFCN_86C-9,Rhodotorula sphaerocarpa,0.10328497876904805,0.10279621532495616,0.09966403889493206,0.0989006321278615,0.8381863597977284,1.0544760780452764,0.8659928143021064,1.0114114082422236,0.6869652496373873,0.6566082305675814,0.7080313632007093,0.6602420771881633,1.8135117642559409,1.77829261274193,1.8199590999749016,1.7860956667598298,0.7370637187423806,0.713339418001109,0.7370837167242518,0.7122401667931965,24.949363727043504,24.97903421545484,25.0015041541879,24.98750462664262,6.4158606972259955,6.058694372922449,6.413843585597495,6.132971258797166,3.1529350635612516,3.1422236289211583,3.1985897919255253,3.1481888409954895,3.9295449904172473,4.053012967175495,3.996091667446977,4.026017545240117,0.023428709148562328,0.02132307075637393,0.02266641984748677,0.022791000449440556,1.3004340788993616,1.4396054546518862,1.3379922243770934,1.3772262532884063,-0.32276940102664226,-0.2651743376526122,-0.30500860453508805,-0.2840691465053113,0.8450056483985241,0.814148677116573,0.8189975807756273,0.8339605391236186,0.10116146627919945,0.9425166650968337,0.6779617301484603,1.7994647859331505,0.7249317550652344,24.979351680832217,6.255342478635776,3.160484331350856,4.0011667925699586,0.022552300050465896,1.363814502804187,-0.29425537242991345,0.8280281113535857,6.865794410208932,FALSE
6,"17-334Y-2
 BY116-B9",TFCN_17-334Y-2,Rhodotorula mucilaginosa,0.09320000767560911,0.08790911554166268,0.09272013427373967,0.08829586059195935,0.6798555500064568,0.8453262221443341,0.6830971734741047,0.8474399235574488,0.7938467999749362,0.7421672171034224,0.7948768270606513,0.7390039932074746,1.7088907388144103,1.6754320794932778,1.7174952964562242,1.664271821522229,0.736744231667253,0.7085398229008191,0.7364122993313932,0.7063009920138844,26.28040068755379,26.32922588921314,26.277375044305316,26.33576769756005,6.155707405251213,5.8564020958287895,6.186884012350788,5.80964736253145,3.2334877804926823,3.2111633935306227,3.241029661531598,3.2049393493819425,3.9621216845793077,4.065876590208949,3.9717856710265718,4.0555235766534645,0.022516285782790434,0.021007722320064155,0.022497162270445174,0.021030109923540954,1.2510479361414144,1.3608356913790132,1.251250104699609,1.3577376215066215,-0.314457371832436,-0.259946282472735,-0.3125118077417144,-0.26110413591746995,0.8707937535606661,0.8283424332475843,0.8695086519035661,0.8281175639918075,0.0905312795207427,0.7639297172955861,0.7674737093366211,1.6915224840715353,0.7219993364783375,26.305692329658076,6.00216021899056,3.222655046234211,4.013826880617073,0.02176282007421018,1.3052178384316646,-0.2870048994910888,0.849190600675906,6.693289482745771,FALSE
39,"17-334Y-3
 BY116-C9",TFCN_17-334Y-3,Rhodotorula mucilaginosa,0.09617184568102588,0.09083404107484416,0.09602399764736438,0.09171432325396056,0.9019878065770375,1.2022907608901352,0.9522824504057944,1.1332077399337892,0.744441221525131,0.6668017595459407,0.7363305709237994,0.6767950233254904,1.708986510654184,1.6859943655367158,1.7193435624808773,1.668097354718688,0.7119085789623377,0.6820265799429199,0.7128341398186184,0.682853225132132,26.893862947457738,26.932072650176096,26.8910337287313,26.944995801606957,5.933958236039705,5.541686701256665,5.9250917995176975,5.539181678940963,3.1758048234427045,3.140748741808821,3.176339011697962,3.1367527637051777,3.9931009118553265,4.1045237059676465,4.002920380362624,4.083583836582126,0.021349815890768207,0.019703250413759223,0.021281498843907405,0.01986751192203396,1.337057422187815,1.4695148360242571,1.349133388725902,1.4531128769123802,-0.27424373887933695,-0.21713864748818723,-0.2720294188065667,-0.2218941198212235,0.8288850118531723,0.7751808710204071,0.8270116565932077,0.7793179224127157,0.09368605191429874,1.0474421894516892,0.7060921438300903,1.6956054483476162,0.697405630964002,26.915491281993024,5.734979603938758,3.1574113351636663,4.046032208691931,0.0205505192676172,1.4022046309625886,-0.2463264812488286,0.8025988654698757,6.509369766612832,FALSE
67,"17-333P-6
 BY118-E1",TFCN_17-333P-6,Rhodotorula mucilaginosa,0.11511504982046539,0.10928299347298341,0.11439829682413237,0.11064370145967788,0.5663303589151916,0.7002829688053038,0.5687776095815038,0.6904297099855731,0.7828663723101834,0.7301435719821161,0.7845880245694773,0.7317768556934744,1.3702967947328846,1.3468425095688794,1.3822231566904883,1.3418286332453015,0.7638966760338929,0.7381946365168435,0.7635184815676439,0.7408913877903713,25.44700338062748,25.487490498439023,25.442940181057587,25.489197432461587,4.914856820016348,4.6870870694701985,4.960115017180472,4.676884822995607,3.062185110818006,3.042536104658784,3.070225646679007,3.036382681151187,3.683585943816152,3.78278860681025,3.6968745662808913,3.7705505431978077,0.025029812566057828,0.02341920592734337,0.02500329952003411,0.023580803867210755,1.1710575849236189,1.2777352646445173,1.1729017051519677,1.27074427607361,-0.3183642673700385,-0.2625844637392753,-0.3158450134770577,-0.2668379062021038,0.8597312987164599,0.816653155008176,0.8589993893432447,0.8198203832173928,0.11236001039431476,0.6314551618218931,0.7573437061388129,1.3602977735593884,0.7516252954771879,25.46665787314642,4.8097359324156566,3.052832385826746,3.733449915026275,0.024258280470161517,1.2231097076984285,-0.2909079126971188,0.8388010565713183,6.432101468943363,FALSE
83,"152A-2
 BY32-I1",TFCN_152A-2,Rhodotorula mucilaginosa,0.10996201987622425,0.10864061906958355,0.10820894702017624,0.14255240519845533,0.7416870886080945,0.8295770636420496,0.7400790703393243,0.8053241076549458,0.6697281427628415,0.6400594669945217,0.6766338361494023,0.6928543355001466,1.3597396521711038,1.3276107085570517,1.3765505958200364,1.3120593506684253,0.7298619591199262,0.7147674861088459,0.729014184662976,0.7245118359344744,25.704215236196436,25.716926300489902,25.670051988986046,25.703021385001257,4.697271520076376,4.48086577058616,4.76612331294085,4.442913295018756,2.9654108754726383,2.950902468096174,2.983557819650187,2.881517347862602,3.723185054088003,3.781403438915538,3.7355213525829027,3.6782466416877395,0.023308742716476302,0.02257669210403058,0.02333727900532301,0.024481604906916993,1.2792024199152134,1.3446888424033674,1.2723155432096658,1.292453311916838,-0.2702860704899663,-0.2191675274710259,-0.27183135924222407,-0.2210551867540142,0.8136266581025641,0.7564653784166347,0.8122138271348666,0.750966458989509,0.11734099779110985,0.7791668325611035,0.669818945351728,1.3439900768041542,0.7245388664565556,25.69855372766841,4.596793474655535,2.9453471277704,3.7295891218185457,0.02342607968318672,1.297165029361271,-0.24558503598930762,0.7833180806608936,6.4147435912178015,FALSE
78,"25-332P-2
 BY119-B2",TFCN_25-332P-2,Rhodotorula mucilaginosa,0.11277397747483402,0.10759055396923443,0.11298976550701996,0.10860558592813911,0.6381184232637905,0.7753556082907886,0.6248870057503457,0.7548723620884579,0.7353903990093692,0.6760110953763332,0.7440170861124404,0.6831194221798401,1.2402066724734777,1.2215801900611554,1.2566627416546805,1.2186689593641211,0.7447040829521595,0.7202159392754545,0.7491764195578623,0.7231506418006953,25.381051029641508,25.419757394537726,25.371347501439363,25.419739000425686,4.32270826663015,4.110965151953801,4.401763960868402,4.119803475367982,2.9843027013741747,2.9596733487560045,2.9975600237590228,2.9605658184862516,3.6769622291528754,3.7648798894474673,3.678613307816738,3.7497556127522804,0.0244217018742809,0.02299387604947954,0.024597406507139073,0.023177353306839253,1.2189641109475147,1.316708046819993,1.209934740043211,1.3031024243735783,-0.2726038252440331,-0.22120748417383554,-0.2773484288095616,-0.22753286330829967,0.8185012770295919,0.7657018663822386,0.82343331951047,0.7730484979405583,0.11048997071980689,0.6983083498483457,0.7096345006694957,1.2342796408883587,0.7343117708965429,25.397973731511073,4.238810213705084,2.9755254730938634,3.71755275979234,0.02379758443443469,1.2621773305460742,-0.24967315038393248,0.7951712402157147,6.222635384860563,FALSE
3,98A-5,TFCN_98A-5,Rhodotorula mucilaginosa,0.11332244168445779,0.1067675797168404,0.11214092953183775,0.11076551647826521,0.6285260878603459,0.7510074819175746,0.6192970542847065,0.7462437307744255,0.7086826640470465,0.6633901716100037,0.7327594015859337,0.6566562226532517,1.2739500758631848,1.2596537712808986,1.2880276919513096,1.250276834835847,0.7439581206895878,0.7195663230091844,0.7482132827293244,0.7208599627383447,25.216270973000782,25.257199310527767,25.221752271046444,25.250653711211353,4.467274215592356,4.287607603206024,4.532813713520557,4.254863608568899,2.980706200916038,2.9661128744451317,3.0025267976784424,2.950811446194763,3.672320696649264,3.7651716883993283,3.686275009393773,3.7426109469071576,0.024289061025300398,0.023089382587097123,0.02450324381347765,0.02305433910003536,1.214026588030323,1.2986834305235866,1.2077283785024675,1.298018996485507,-0.27282220617705094,-0.2249494407966497,-0.2718742005670429,-0.22658750438605446,0.807865609048951,0.7622726870255727,0.8109809965766956,0.764560384320027,0.11074911685285029,0.6862685887092631,0.6903721149740589,1.26797709348281,0.7331494222916104,25.236469066446585,4.385639785221959,2.975039329808594,3.716594585337381,0.023734006631477633,1.254614348385471,-0.2490583379816995,0.7864199192428116,6.146163314165896,FALSE
59,"25-333Y-9
 BY120_C8",TFCN_25-333Y-9,Rhodotorula mucilaginosa,0.09435549619153104,0.08832513095796646,0.09405848775976483,0.08991111892518801,0.7509363383283701,0.985534215179326,0.7608646338770435,0.9461608688216387,0.7657341136559486,0.6919377189565195,0.7644681225200309,0.7014762002413366,1.7076354979831085,1.6831458811308846,1.7194637327655722,1.671943184083072,0.725468281208424,0.6941616776745203,0.7262862799229954,0.6964905771673969,26.640872845348486,26.68449689349908,26.63473165820237,26.68891011448835,6.0796056536040926,5.7470493093441855,6.116990297185234,5.741611867510615,3.2101617866447945,3.17853051771628,3.214961583065576,3.174889789224118,3.989877237024142,4.117287435030405,4.002737147783966,4.087788615840188,0.02193578650949845,0.020151445483719384,0.021899549806907746,0.0204120005892154,1.2963301355386603,1.4349103365903821,1.302585631333804,1.4125735673349296,-0.28814058978299495,-0.22447784179246869,-0.285283159211346,-0.2339723914710219,0.8462462070185549,0.78490157925799,0.8440104073690464,0.794102893002778,0.09166255845861258,0.8608740140515946,0.7309040388434589,1.6955470739906593,0.7106017039933342,26.662252877884573,5.921314281911032,3.194635919162692,4.049422608919675,0.021099695597335245,1.3615999176994442,-0.2579684955644579,0.8173152716620924,6.003501670828009,FALSE
60,"25-325Y-1
 BY120-D6",TFCN_25-325Y-1,Rhodotorula mucilaginosa,0.10550625101739887,0.09807715043630867,0.10514610981560547,0.1001691976054473,0.5976971783838504,0.7909074929920917,0.6016342124490196,0.7570450741598311,0.7912523346809746,0.7296100414119886,0.7918247105364922,0.7374643249494472,1.6075162895615838,1.5884908492544012,1.6146644472547562,1.581687117878799,0.7595065330770407,0.7249482294723045,0.7585506791250345,0.7313260980465084,25.19231729963201,25.23170411343316,25.19001514215742,25.236095446887763,5.832367979862482,5.563055904025554,5.857023576570046,5.569703397355384,3.165317929142361,3.1430686592879686,3.1713848746994113,3.139020312004718,3.8166858889559636,3.9565916246527566,3.8273952170762304,3.923993659775141,0.0243399044282572,0.022395941755537704,0.024317493063870026,0.022733538094909106,1.1983611516719892,1.3328511405495367,1.1988543380827072,1.3109642060669928,-0.32691452603260834,-0.26043048697013327,-0.32495005961315493,-0.27146991170057144,0.8717523478293508,0.8229110762857945,0.8703685602113598,0.8315493249585946,0.10222467721869008,0.6868209894961982,0.7625378528947256,1.598089675987385,0.7435828849302221,25.21253300052759,5.705537714453366,3.154697943783615,3.881166597615023,0.02344671933564351,1.2602577090928064,-0.295941246079117,0.8491453273212749,5.888643299950011,FALSE
12,4M-1-3,TFCN_4M-1-3,Rhodotorula mucilaginosa,0.12213040187165933,0.11498215467905433,0.12096133776230644,0.11629670051855306,0.6101567048932754,0.7820614750341747,0.6108285644334952,0.7417635651352911,0.7274477550636809,0.6574844117941651,0.7330443559165145,0.6711745145719311,1.3429395779596771,1.3233843879434362,1.3572812091202997,1.3232837414101006,0.7531530539343543,0.7207717051344944,0.7523587169373408,0.7266774557167376,25.279280725263302,25.319090776049745,25.272506320885675,25.316533329730298,4.761601606945449,4.511476076739543,4.818296272047667,4.551371400505052,3.0046214015537442,2.9750162328283145,3.015605966554249,2.978805391185282,3.673371973580635,3.7951200528675355,3.6927375580745916,3.7681362059196752,0.024456857748223,0.02262914355246528,0.02443000839625965,0.022992034663248014,1.2026591985992037,1.326202639741425,1.2043055115825534,1.300036298209855,-0.2791339530503629,-0.21475971850907133,-0.27652112859903266,-0.22694748086531819,0.8094984119541638,0.7457342385305494,0.8105907746152019,0.7583599207344077,0.1185926487078933,0.6862025773740591,0.6972877593365729,1.3367222291083785,0.7382402329307318,25.296852787982257,4.660686339059428,2.993512248030397,3.7323414476106094,0.023627011090048985,1.2583009120332593,-0.24934057025594628,0.7810458364585807,5.847112209263155,FALSE
77,"209-6-2
 BY42-G9",TFCN_209-6-2,Rhodotorula mucilaginosa,0.10203133257258745,0.09547096061380808,0.10173687031939156,0.09744689233760609,0.5994264135904065,0.7474332189278698,0.5934526936311489,0.7287921429227129,0.7902781871938254,0.7374371223889532,0.79388751680698,0.7413079096726614,1.5153037653863792,1.4972995335222465,1.5247671284073054,1.487965123954338,0.7567927917301036,0.7285421280580189,0.7573190677939972,0.7322619764293696,25.28922465351584,25.328493153759027,25.285044785326605,25.332385408979277,5.461788647955064,5.241764915161075,5.505615819998024,5.223068352894616,3.1579711408703837,3.1388890847443744,3.165110613206325,3.131458875818675,3.8173758194477156,3.9273605955063626,3.8207560271835708,3.90477815922366,0.024082829112826,0.022514977124153523,0.024141668110656964,0.022697856714324897,1.200755675888161,1.3074442584869368,1.1945755613445201,1.2970885297242623,-0.32098230870658917,-0.266006947273841,-0.3226007260388769,-0.27224050247377146,0.8696437805820214,0.8262335731067241,0.8706884677777829,0.8327733149753205,0.0991715139608483,0.6672761172680345,0.765727684015605,1.5063338878175674,0.7437289910028724,25.30878700039519,5.358059434002195,3.1483574286599394,3.867567650340327,0.023359332765490348,1.24996600636097,-0.2954576211232696,0.8498347841104622,5.643231302820103,FALSE
21,"4M-1-2
 BY8-D4",TFCN_4M-1-2,Rhodotorula mucilaginosa,0.09768592266912987,0.09200534985930646,0.0980426953608346,0.09290945865022543,0.8765629656849817,1.1002701395383212,0.874294429110783,1.1429527091770404,0.7121134910662924,0.6419318408048148,0.72044399385919,0.6381060556186872,1.5684830887765457,1.5563262144945866,1.586103502724842,1.5458993783302788,0.7123228021280475,0.6846087478710774,0.7171521672567579,0.6829615021225339,26.282691840741624,26.319904377817323,26.271934118871737,26.329374687297182,5.397369389421146,5.125034718440071,5.470119581788583,5.040644804144113,3.129262713079211,3.101367582392108,3.142377583350852,3.094543429680228,3.9659071629231715,4.077722847510428,3.962937526260434,4.054236237299686,0.021738887048192792,0.020222043534741524,0.02193460139420639,0.020263603981456605,1.3461951634648546,1.4654385267483419,1.3376828082485908,1.457806242503511,-0.25290909260719036,-0.1965937726798559,-0.25910815943949017,-0.2029975569314506,0.7974628410594937,0.7357610108353655,0.8067788418545844,0.7368056755531363,0.09516085663487409,0.9985200608777816,0.6781488453372462,1.5642030460815632,0.6992613048446042,26.30097625618197,5.258292123448479,3.1168878271255998,4.01520094349843,0.021039783989649327,1.4017806852413246,-0.22790214541449674,0.769202092325645,5.593650228923843,FALSE
36,"17-267M-1
 BY121-A4",TFCN_17-267M-1,Rhodotorula mucilaginosa,0.09815175098402507,0.09235081188549263,0.09733087400089402,0.09300083448352735,0.7233935620992145,0.9590658234236,0.7527583131694401,0.9475222497319225,0.7867718588066742,0.71883964432225,0.7810161829900889,0.7198979009060942,1.7223252140479242,1.6930789412654896,1.7349874322696834,1.683118516081365,0.7355668776904503,0.7048400887202962,0.7347787122903651,0.7041753355726001,26.20341521495252,26.248809448627267,26.196674229519605,26.25422410424814,6.165907294092482,5.813249941638367,6.187191415909277,5.784951814593497,3.212535834735031,3.1835312420679487,3.2146313443898995,3.1789953043756305,3.961902508382708,4.08463616806026,3.98521086960817,4.073080505819832,0.02288559825217461,0.02105398687537454,0.02267885662904815,0.021215990035906348,1.2738130211512773,1.4121255704176507,1.2945229914410494,1.3998383940060852,-0.3075429913796386,-0.2454335048720705,-0.3004323099485145,-0.24840022338669132,0.8649322539708296,0.8114288820257847,0.8600393226977523,0.8129796601255246,0.09520856783848478,0.8456849871060442,0.7516313967562768,1.7083775259161156,0.719840253568428,26.225780749336884,5.9878251165584055,3.1974234313921275,4.026207512967742,0.021958607948125913,1.3450749942540157,-0.27545225739672874,0.8373450297049728,5.550972460257298,FALSE
63,"17-0-2E390-2
 BY126-C7",TFCN_17-0-2E390-2,Rhodotorula mucilaginosa,0.11685810117839412,0.11257102055244235,0.11688102497321433,0.11301753775462074,0.6409180921841917,0.7885524739082527,0.647598061509397,0.7834120828948243,0.7498420530754722,0.6959872597951965,0.753026936704871,0.6955164481439293,1.3393337407985946,1.3122465076209453,1.3520498221775619,1.3053522254070518,0.7451060037966232,0.7212234878770497,0.747186778735724,0.7210843678803452,25.505583361092476,25.54916646219294,25.50046319862467,25.553545759573275,4.716416871010169,4.460433556575505,4.760601227200865,4.437996818733351,2.9844614223826524,2.9577880799799163,2.9921143854939296,2.9530548258928615,3.670401910031572,3.750758235349637,3.678192962117099,3.7432365651628214,0.024553620900823584,0.023186594549525468,0.024614039699006243,0.023232351807768944,1.2100809162798989,1.3050524752224575,1.2113001947437043,1.3015716652078915,-0.280059137253893,-0.23119972759697638,-0.2806894578439048,-0.23237210732610605,0.8279274661656334,0.7805939833195652,0.8288540876250707,0.7807406864419661,0.11483192111466789,0.7151201776241664,0.7235931744298673,1.3272455740010383,0.7336501595724355,25.52718969537084,4.593862118379972,2.97185467843734,3.710647418165282,0.023896651739281058,1.257001312863488,-0.25608010750522003,0.8045290558880589,5.537393208517781,FALSE
45,"17Y-278-1
 BY126-D5",TFCN_17Y-278-1,Rhodotorula mucilaginosa,0.10940568225515737,0.10481369893308431,0.10890932845684717,0.10655546777562581,0.7194607727664789,0.9131235099013463,0.756299269593401,0.8947547508470574,0.7134415369871107,0.6440994932895945,0.6943938543872492,0.6403387780824976,1.3914000394641406,1.363078124732965,1.4046968930277657,1.3587514141432266,0.729194243348278,0.7054037605117389,0.7265163943403259,0.7020895415887778,26.73265637957859,26.77080274846474,26.72848413426644,26.77978808846334,4.846139385090112,4.539188989030447,4.862488302517681,4.540250905725827,3.007946003770142,2.9800290078886253,3.003508489492622,2.9661380033319142,3.765230843031364,3.863720599622583,3.7840215117741205,3.843587896460322,0.022580767645279217,0.0209958944863127,0.02238421007213354,0.021458616813296978,1.2782656892103874,1.40365551351262,1.299015651037501,1.3795650880737764,-0.25844103556687564,-0.20216810251089326,-0.2546194230663333,-0.21125353228567245,0.7921367866703667,0.7360284050361977,0.7956356893158721,0.7522580247158221,0.10742104435517867,0.8209095757770709,0.6730684156866129,1.3794816178420244,0.7158009849472802,26.752932837693276,4.697016895591017,2.989405376120826,3.814140212722097,0.021854872254255607,1.3401254854585711,-0.23162052335744365,0.7690147264345646,5.461710910825416,FALSE
73,"138A-1
 BY31-C1",TFCN_138A-1,Rhodotorula mucilaginosa,0.1033430303926503,0.09696377197966209,0.10221101289097453,0.09772288177604647,0.6006390072161276,0.75412980324676,0.6090550415426473,0.7614101945389048,0.7917892663488636,0.7387999262858096,0.7909253199192968,0.7341135624741676,1.5906512878280819,1.5763922920110809,1.6070361117315184,1.5652092999927556,0.7559002259706524,0.7285868671313023,0.7553550418804956,0.7273405554388102,25.656129263224337,25.68978314191919,25.646766477825086,25.698973893815744,5.761966144096159,5.551439364797523,5.819089405383395,5.49942700543211,3.173224010318191,3.155112192901498,3.1818402776862813,3.1446000773143394,3.8312752136657733,3.950148226772277,3.8526568501069898,3.943278607397207,0.023758748071235063,0.02215326572208893,0.0237161522898621,0.02213085954752415,1.2016111039497885,1.316978741026376,1.2073686827619663,1.319050655130807,-0.32710596318809737,-0.26991086328635155,-0.322499810601818,-0.26966985902125296,0.8697624945947271,0.8273714096881509,0.8665928186183371,0.8262645716904656,0.10006017425983335,0.68130851163611,0.7639070187570344,1.5848222478908591,0.7417956726053151,25.672913194196088,5.657980479927297,3.1636941395550773,3.8943397244855618,0.02293975640767756,1.2612522957172345,-0.29729662402437995,0.8474978236479203,5.433839040682104,FALSE
11,"122C-2 
 BY31-A2",TFCN_122C-2,Rhodotorula mucilaginosa,0.09916234130994361,0.09261985250881316,0.0987870483121641,0.09380933503445617,0.639711654584532,0.8065797721149937,0.6341814701939901,0.7881319141063333,0.787277554847542,0.7302108966264695,0.7927925424030207,0.7356471489433797,1.616335458206276,1.595371937944258,1.6347278674071164,1.5909380182597705,0.7465004202937591,0.7163621899392373,0.7481921318912427,0.7188684832857316,26.373045827254607,26.415677698752308,26.364309391017127,26.416575463563476,5.825630178240567,5.574907979662013,5.90472999943445,5.57562015893278,3.1946668366062405,3.174029913738093,3.2064993661286048,3.172957900488768,3.8827797888324267,4.001595602876099,3.897230651463564,3.9858650044382062,0.02306002874651867,0.021423104587867014,0.023154691876257828,0.021556514828792592,1.2294888031116324,1.3477446177044945,1.226353989043,1.3370528457676096,-0.3184571670487634,-0.2581824021118642,-0.31707831891053634,-0.2638953738208401,0.8674940109902406,0.8198648283996349,0.8681655755332631,0.8259102125133038,0.09609464429134426,0.7171512027499622,0.761482035705103,1.6093433204543552,0.7324808063524927,26.39240209514688,5.720222079067453,3.1870385042404266,3.9418677619025737,0.022298585009859026,1.285160063906684,-0.289403315473001,0.8453586568591106,5.424953726851315,FALSE
27,"25-0-2E390-1
 BY126-F3",TFCN_25-0-2E390-1,Rhodotorula mucilaginosa,0.10983591719409476,0.10350773152167417,0.10995750777889642,0.10466843520213527,0.592173745947294,0.7353341093236669,0.5767340297006026,0.7134105803811573,0.7740499503738544,0.7181949951681718,0.7821340900119661,0.7235014272131036,1.346202369117286,1.3281428030048101,1.3607766435915292,1.3197309200203189,0.7552300479945495,0.7266893542243434,0.7582619684390053,0.729347404812475,25.39589802455878,25.43565697144564,25.387654422035,25.44048080487333,4.79263573052188,4.577237102695499,4.866372544665504,4.565513099700118,3.06614999421741,3.0446141778521865,3.0767946814195555,3.042505023760302,3.7150066360476677,3.821049659055731,3.7139273652579323,3.798374912567489,0.024668595010488344,0.023017960309778086,0.02486116692267335,0.02325556180408804,1.1885585155133658,1.2961350070529476,1.1751377850685598,1.2795233860243234,-0.3069914959255143,-0.24987571093162825,-0.3119913706127302,-0.2569022995819767,0.8533690338078181,0.8059634149148329,0.8577074055660237,0.8117981972570754,0.10699239792420015,0.6544131163381802,0.749470115691774,1.338713183933486,0.7423821938675933,25.414922555728186,4.70043961939575,3.0575159693123637,3.762089643232205,0.023950821011756954,1.2348386734147991,-0.28144021926296237,0.8322095128864375,5.410736696425133,FALSE
54,"17-0-2E390-1
 BY126-B7",TFCN_17-0-2E390-1,Rhodotorula mucilaginosa,0.11595709578947709,0.11082013101488812,0.1154194287034697,0.11121236754608693,0.6082535021765425,0.7568652657034282,0.6184645979390431,0.745384958960572,0.7587940510573524,0.6954595310912021,0.7562555166936565,0.6975121554762004,1.3040174854210311,1.2785784747121975,1.3131346750532673,1.2700326155865769,0.7529804800614609,0.7275781351880674,0.7526850152052964,0.726904568798244,25.85130532111241,25.89363781028531,25.847860997544938,25.898698432452637,4.607816439507535,4.357448633145325,4.63407410227398,4.334745503385727,3.0086892353108636,2.98121187119746,3.0128452796706284,2.9777313077781207,3.669173488916085,3.7626812558553704,3.6835235595355758,3.748517579076319,0.024290048228580535,0.02274824653886086,0.024219070661796373,0.02284470454615283,1.2023236594122424,1.3117203976108356,1.2100381748591915,1.3009343381938911,-0.2913268448873937,-0.23523963683207752,-0.2871123580781228,-0.23873179753498847,0.8357637162136167,0.78191984014739,0.8317920459191541,0.7847155781638169,0.11335225576348046,0.6822420811948965,0.7270053135796029,1.2914408126932682,0.7400370498132672,25.872875640348823,4.483521169578141,2.995119423489268,3.7159739708458375,0.02352551749384765,1.25625414251904,-0.26310265933314564,0.8085477951109944,5.3466262540631675,FALSE
72,"89D-3
 BY32-I5",TFCN_89D-3,Rhodotorula mucilaginosa,0.09642943102449508,0.09119362442882172,0.0963048630374143,0.0919384996536471,0.6632678724309962,0.8191218719619929,0.6534039873288716,0.8137305480708742,0.7897906644935357,0.7399722817414819,0.7946065474856758,0.7399216290013946,1.6310282222394463,1.6053961052154193,1.6492860283817379,1.5929908414326803,0.7396710503214717,0.7124717832094511,0.7422256139181955,0.7129390248944454,26.086672629199327,26.134283661209054,26.079439158000813,26.140278103885443,5.860845016526838,5.6024625488997515,5.943740126198065,5.558232817659848,3.191938346384314,3.172059387776697,3.2038091223924954,3.164842616248222,3.9089671631187928,4.008785276753697,3.913767254184392,3.995930189385454,0.023249327563918492,0.021782433659677056,0.0233821490015187,0.021886162090734757,1.2421046847734867,1.3449695290784804,1.234102887588869,1.3399552631294571,-0.3093123514824624,-0.2572983346148955,-0.31109014046415545,-0.25995915868515856,0.8678062890205457,0.8261568282665156,0.8688551997293893,0.8283394168429875,0.09396660453609454,0.7373810699481838,0.766072780680522,1.619675299317321,0.7268268680858909,26.110168388073657,5.741320127321126,3.183162368200432,3.956862470860584,0.022575018078962252,1.2902830911425733,-0.28441499631166794,0.8477894334648595,5.253985427348319,FALSE
24,"17-337P-5
 BY116-B7",TFCN_17-337P-5,Rhodotorula mucilaginosa,0.11471285720329502,0.10797338245060702,0.11376987346882554,0.10946900247798481,0.5828728061123754,0.740142258339053,0.5850046172253022,0.7200680198553828,0.7751444565676255,0.7132428008695985,0.7775785811977071,0.719433338276826,1.3754277475555943,1.358394577170273,1.391895936705152,1.3537957619271639,0.7620884655491704,0.7342207658356352,0.7619755453781166,0.7373456872089603,25.737792967854386,25.77377121325426,25.730654280506197,25.77654508760565,4.918838184110034,4.693436050342043,4.982579129595347,4.695115027853337,3.062126625172405,3.041117212483419,3.072948248184684,3.038552846520197,3.6941153604838566,3.808356410017681,3.711938765784599,3.7905758690776903,0.02447373599847725,0.022741866084141457,0.024449416394107814,0.022985862305664646,1.1862411712260041,1.304766216119191,1.188151301633152,1.2903151484188127,-0.3139811341658226,-0.2530454796840341,-0.31069549871337626,-0.25957557428012007,0.8550409295787154,0.8034091832313042,0.8532599242400952,0.8104051117640818,0.1114812789001781,0.6570219253830283,0.7463497942279392,1.3698785058395457,0.7489076159929706,25.754690887305124,4.82249209797519,3.0536862330901764,3.7512466013409567,0.02366272019559779,1.2423684593492899,-0.28432442171083827,0.8305287872035492,5.164153706048751,FALSE
4,102C-2,TFCN_102C-2,Rhodotorula mucilaginosa,0.11281671552442528,0.10825653571804257,0.11262488175162515,0.10860880458436584,0.77510169758272,1.0048576410107841,0.7835571528477845,1.0174116539897025,0.7266518469106904,0.6586986996777534,0.7299483066189345,0.6535443045710597,1.4813236721856788,1.4601103849531563,1.495166770859495,1.4472505180678774,0.7292615349426106,0.7043621767488186,0.7317553203224014,0.7019793042907132,26.952711512242175,26.997867766114002,26.94559172311387,27.007444607646015,5.150192991159993,4.835583898801837,5.197109930590128,4.77159041828175,3.024693776131995,2.9952096886682438,3.0313145482719768,2.989101985263567,3.7725237995008998,3.8654788011249614,3.782065388097612,3.8521368656531427,0.022521535268579813,0.021065669706969794,0.02258022116648421,0.021045975307128623,1.2919015591949026,1.4066237038800404,1.2919399939890208,1.4044846713404293,-0.26093262413441964,-0.2077868075088315,-0.261045504694055,-0.20932098066255514,0.8098634466867642,0.7522497102456753,0.8111041942013371,0.7522501988762141,0.11057673439461471,0.8952320363577477,0.6922107894446096,1.470962836516552,0.716839584076136,26.975903902279015,4.988619309708427,3.0100799995839456,3.818051213594154,0.02180335036229061,1.3487374821010982,-0.23477147924996533,0.7813668875024977,5.0821337446596555,FALSE
56,22C-4,TFCN_22C-4,Rhodotorula mucilaginosa,0.10521399545071877,0.09980365292217996,0.10498091766015122,0.10055702851995257,0.6453073237489251,0.8241258942198468,0.6461109173125902,0.8080760499430865,0.7959452529629567,0.7388759918032745,0.7974099026543883,0.7427986851471178,1.6288195946149615,1.5891258569764255,1.638978765329763,1.58481399005365,0.7480675788804434,0.7188833209833692,0.7490599148904684,0.7207482243647881,26.08284465001332,26.137152966641224,26.07893838095284,26.13715297706343,5.86997105471092,5.53237753368583,5.909804144006452,5.531179910271559,3.1348365940970133,3.1090404248046557,3.1412248926608424,3.1072558431323065,3.815668433165645,3.916789015988168,3.8248449103068625,3.9044165229567223,0.024084699322112255,0.02235706678331328,0.024021234806940916,0.022529961459922518,1.2213224965048188,1.3397244709512288,1.2241119805095027,1.3293085547471086,-0.3183017567267349,-0.260785950112854,-0.3166218736009879,-0.2655714433322092,0.8681896069982398,0.8223039665483768,0.8675716516577063,0.8270139757321936,0.10263889863825063,0.7309050463061121,0.7687574581419343,1.6104345517437,0.7341897597797673,26.109022243667702,5.71083316066869,3.1230894386737047,3.8654297206043493,0.02324824059307224,1.2786168756781648,-0.2903202559431965,0.8462698002341291,4.854741555729478,FALSE
20,102D-1 8130,TFCN_102D-1,Rhodotorula mucilaginosa,0.11503405770766544,0.10925006623830726,0.11492443398900579,0.11010100327738734,0.6608901284770262,0.8463396273563556,0.665156926829588,0.830813275311895,0.7612430889065905,0.6902799162158735,0.7607211534752277,0.6931936509536509,1.3867525701852215,1.3539673778882388,1.3965087908422826,1.3458438097326235,0.7467139654833805,0.7203806718536049,0.748543016096257,0.7196729544752417,26.771144981594528,26.819523103234406,26.768085290941794,26.82277747562622,4.886120152263845,4.569529884196533,4.920878236539531,4.552561963618587,3.0315379872675243,3.002334207336984,3.038153334113849,2.998406575991529,3.716948143504225,3.8139129383025736,3.7268711662390954,3.797358323344538,0.02322422784906107,0.021601783717405995,0.02322022033271864,0.02165590676777926,1.236983042031741,1.3576407715157681,1.241938982460576,1.347887179210019,-0.2916755821637229,-0.23169406386435817,-0.2890989421758827,-0.23716912318738245,0.8412892253717219,0.7820854455485478,0.838825200541586,0.7874723620426219,0.11232739030309145,0.7507999894937162,0.7263594523878357,1.3707681371620917,0.7338276519771211,26.795382712849236,4.732272559154624,3.0176080261774714,3.763772642847608,0.022425534666741243,1.296112493804526,-0.26240942784783655,0.8124180583761195,4.616522170076776,FALSE
22,"209-6-11
 BY43-G1",TFCN_209-6-11,Rhodotorula mucilaginosa,0.10929379614118738,0.10287822368709583,0.10881892707392843,0.10385706195369908,0.6164430461035407,0.7643252294519897,0.6183479120359562,0.7672833246420667,0.7662878777569403,0.7123833849338174,0.7690325893189259,0.7109288995471483,1.381561695518297,1.3675298841415828,1.3974156429483178,1.3617294441704266,0.7538190718862696,0.7268426574669391,0.7548969605354362,0.7273479998861898,25.380898545399166,25.422175704812247,25.37345997402673,25.424886474358214,4.90980373596956,4.705794307114394,4.971314659757341,4.679634452039642,3.0707736223510125,3.05304691853927,3.082331566395036,3.0475280653469827,3.7299780483729794,3.8364582866662165,3.744074718890179,3.82954153891464,0.024512055026743942,0.022948945259568084,0.02455409535994972,0.02302401904822637,1.2045422751688946,1.3091965986625542,1.2041348532104572,1.3089352907386542,-0.3048234108833043,-0.24983075742421537,-0.3040299097536914,-0.2516577832887587,0.8507163702006534,0.8059323976984045,0.8508860647912697,0.8066667915966059,0.10621200221397768,0.6915998780583884,0.739658187889208,1.3770591666946561,0.7407266724437087,25.40035517464909,4.816636788720235,3.0634200431580756,3.7850131482110037,0.02375977867362203,1.25670225444514,-0.27758546533749245,0.8285504060717334,4.494376331865478,FALSE
2,"134A-3
 BY30-D2",TFCN_134A-3,Rhodotorula mucilaginosa,0.11256697831594473,0.10655836711987134,0.11189418009443283,0.10751940885488664,0.6945504077343053,0.8946855679466134,0.7011805533074875,0.8697979024561653,0.7228158507539082,0.6500280229890544,0.7280078601049733,0.653660445372403,1.4060762358086976,1.3890546693279147,1.4247483689787794,1.380132167553441,0.7378676255056427,0.7092847963503275,0.7393393149629814,0.7108838692529953,26.51953587112577,26.55514561527233,26.508746901403388,26.560827331095908,4.92975453550054,4.66153310936503,4.997812922607614,4.650730767757532,3.026305929990779,2.9967782059216277,3.0365879610990922,2.992424748153921,3.7590324308516587,3.8766217355015797,3.7813098242743495,3.8541241432012363,0.022739209029493397,0.02109347565586864,0.022740475201969694,0.021215393088802315,1.2677156540310723,1.3949834797972507,1.274813693806323,1.381307285833739,-0.2655137394958579,-0.20491149167461956,-0.262999651801992,-0.21114314292149364,0.8072939094962849,0.7451554284383829,0.8093148265347129,0.7494368196180247,0.1096347335962839,0.7900536078611429,0.6886280448050847,1.4000028604172083,0.7243439015179868,26.53606392972435,4.809957833807679,3.013024211291355,3.817772033457206,0.02194713824403351,1.3297050283670964,-0.23614200647349076,0.7778002460218514,4.429762831573755,FALSE
16,"186DK3-2
 BY39-H9",TFCN_186DK3-2,Rhodotorula sp. clade XI,0.09881246747883662,0.092071374078973,0.09824581970418111,0.09308729400015235,0.6990835262233573,0.9213242924563625,0.7093662837572258,0.890746898459569,0.767986259729789,0.6944798204621868,0.7675276138708245,0.7017701763075914,1.606023277355946,1.588566769532452,1.6176807777487925,1.583751479251895,0.7373860577435891,0.7037061624953082,0.7369581492583093,0.7072865853945783,26.657710367093244,26.699997857858566,26.65421751693794,26.699621642947402,5.725009583200377,5.432942785673456,5.76135682723795,5.444259018548018,3.1717238375082935,3.144395943937223,3.178089539107531,3.141889391155147,3.9074863354784846,4.044546610903975,3.924680591090043,4.022793083590945,0.02256023904672836,0.020644828791065183,0.022488380079381923,0.02092266167672618,1.2666426301064684,1.4066030956857938,1.2750894657544023,1.3887921787100181,-0.2978579846827148,-0.23123271603017043,-0.2936566812163368,-0.2390424420681546,0.8509222419941093,0.7880742085807004,0.8487702692215782,0.797160922028099,0.09555423881553578,0.8051302502241287,0.7329409675925979,1.5990055759722712,0.7213342387229462,26.67788684620929,5.59089205366495,3.1590246779270488,3.974876655265862,0.02165402739847541,1.3342818425641705,-0.26544745599934416,0.8212319104561218,4.2792620322819275,FALSE
17,7-9-3,TFCN_7-9-3,Rhodotorula diobovata,0.09815988454397981,0.10204039305760104,0.09861534506381674,0.09517595377119127,1.0159489193785538,1.397507580080766,1.0395375823830812,1.0960675133805309,0.7092549348177133,0.6049857949939892,0.6982916129774683,0.675792899298065,1.6739600157311336,1.6439065184226311,1.6691863611193813,1.6193932104039959,0.7041198640048686,0.6686131953374888,0.707461115558792,0.6853482047289843,26.313717348784785,26.243802215812405,26.324184600945802,26.39625499456252,5.679891143545966,5.178118493609749,5.637207862094459,5.3815053282355025,3.1246766486671342,3.0267141198396086,3.115694418770042,3.0933465074378965,3.945381127223429,3.960538326550971,3.953604874562445,4.017305538326115,0.021673786180503612,0.020932030889888084,0.021558610783807233,0.020672502392185776,1.354621437356986,1.4373729006951723,1.3719733982833275,1.4378415526890835,-0.27999710568440217,-0.24266938097661836,-0.2775522149792023,-0.23256204352774923,0.8368263342804946,0.7782100545165349,0.8361503115928944,0.7877611344473795,0.09849789410914722,1.137265398805733,0.672081310521809,1.6516115264192854,0.6913855949075334,26.319489790026378,5.469180706871419,3.0901079236786706,3.9692074666657398,0.021209232561596177,1.4004523222561422,-0.258195186291993,0.8097369587093258,4.265417023169677,FALSE
66,"209-6-5
 BY43-A1",TFCN_209-6-5,Rhodotorula mucilaginosa,0.10304699953777183,0.09640585050205573,0.10297153476968585,0.09789255096613156,0.6496696404903598,0.8360285998101532,0.6514849199579318,0.8317913188717941,0.7873477040170952,0.7274857892446956,0.7884415359897403,0.7267039725161751,1.6254062652071677,1.6071125881155672,1.6355231951410802,1.5951797948778352,0.7460836131233577,0.715174240816681,0.7464040029085565,0.7156641613818954,26.02860271442978,26.068809897522787,26.02425645405434,26.076276181719656,5.851955420338269,5.592421752652163,5.890607860606381,5.548927860639498,3.1716487840628096,3.1491861665449496,3.1773809587378055,3.140333096419054,3.873150419296031,3.998773648244253,3.8824944723479082,3.980550246150982,0.02301691643646648,0.021243732274239605,0.023011687624876306,0.021339835616471677,1.2413376710878865,1.369039960067723,1.2424225143519187,1.3624992781935126,-0.31084895019052605,-0.24900145588561243,-0.30954618386838256,-0.2534668212843048,0.8651087931610908,0.8166259670818131,0.8643960119079567,0.8195934862503751,0.10007923394391124,0.7422436197825597,0.7574947504419266,1.6158054608354124,0.7308315045576227,26.04948631193164,5.720978223559078,3.1596372514411546,3.9337421965097934,0.02215304298801352,1.30382485592526,-0.28071585280720646,0.8414310646003089,4.255401085011909,FALSE
62,"17-338D-3
 BY116-B5",TFCN_17-338D-3,Rhodotorula mucilaginosa,0.10110647152808779,0.09910333369557643,0.10195656751101154,0.0978094462227403,0.8365315135438997,0.9990604701405356,0.7541433577937903,0.9542845492011459,0.7040632896715981,0.6572456204245267,0.721626391537589,0.6821316373408689,1.6444824009603003,1.631328238021196,1.6536407303749883,1.6269634695438444,0.7288938493357028,0.6956621335870944,0.7334494319384832,0.7103086453600169,24.99642060756641,25.03136995625068,24.98842678407737,25.038563939343632,5.741398090297309,5.526252481944271,5.860419563706138,5.553569328974266,3.1156092658058916,3.063900837680209,3.1332111833961265,3.110332809258591,3.8826719615364302,3.968184909875706,3.885719641226725,3.9706319612938423,0.023205324538851473,0.02356515808641523,0.023246188898304723,0.022057656563327394,1.277190158137492,1.335131387181922,1.2683385383973649,1.3631947248742056,-0.29593087791728656,-0.2667851978737776,-0.2951251949745792,-0.2503733641765011,0.8279266756238328,0.8047208011278435,0.8276068523935337,0.7971257182283427,0.09999395473935402,0.8860049726698428,0.6912667347436456,1.6391037097250822,0.7170785150553243,25.01369532180952,5.670409866230496,3.1057635240352046,3.9268021184831756,0.023018582021724705,1.310963702147746,-0.27705365873553606,0.8143450118433881,4.189639435080711,FALSE
19,"152A-12
 BY32-A3",TFCN_152A-12,Rhodotorula mucilaginosa,0.10429479210827708,0.0970442990111954,0.10325355688145722,0.09843606478134408,0.6076122902430126,0.8061451671716581,0.6265414181823854,0.7742062176179727,0.7884511828015648,0.7196275269978438,0.783369445621261,0.7296328966066604,1.601786721541207,1.5771012259830908,1.6127108426058072,1.5760261035605718,0.7526631310221542,0.7164912786967833,0.7503529328964246,0.7219572795113718,25.6829142975238,25.72802003120528,25.678723788775457,25.727489047709177,5.799534595921784,5.502259736760746,5.824301952240835,5.529898196624297,3.1529078432790345,3.1242789316404367,3.1588095536778558,3.127089558530836,3.8186300751397173,3.9587304413456494,3.8445133806513,3.9353808124540466,0.02399402743516306,0.02199293115965064,0.023810712014986718,0.022225891657668955,1.198135368456256,1.3385902883862553,1.214028067369152,1.3199418669265157,-0.3199167048698976,-0.24959390215491925,-0.3115941598080748,-0.25893200146445117,0.8628648994349561,0.805952298424521,0.8568533449383721,0.8147320295046074,0.10075717819556845,0.7036262733037572,0.7552702630068324,1.591906223422669,0.7353661555316835,25.70428679130343,5.6639986203869155,3.140771471782041,3.8893136773976784,0.023005890566867346,1.2676738977845448,-0.2850091920743357,0.8351006430756142,4.16171900700378,FALSE
7,"17-329Y-4
 BY115-H8",TFCN_17-329Y-4,Rhodotorula mucilaginosa,0.10789148828850474,0.10304191690116857,0.10840782249847356,0.10372620149525728,0.6577666994070341,0.8135756964497933,0.6453144156577411,0.8013611695597963,0.7562843938497178,0.6962918194909649,0.7626987691151019,0.6992548767499313,1.3716928710149743,1.3531840639423571,1.3846489483801512,1.3438921067195737,0.742216258705231,0.7170379024283235,0.7458109639851331,0.7175514619263407,25.051920132764973,25.095846679674626,25.04708495598021,25.10018521873937,4.8290047846528985,4.599160559319656,4.893281377862864,4.574207257318477,3.053555133935376,3.027037832270259,3.063331366014566,3.023823914288853,3.7606705382093466,3.8558486722295906,3.7586738872244685,3.8421914360101925,0.024156791628526887,0.02258047426618148,0.024314099405358284,0.02274665580368066,1.2296637975571003,1.3369006933406342,1.221393377731651,1.3255463959105933,-0.28567282293471086,-0.23203849163294207,-0.2897786608518918,-0.2359670856002926,0.8378948241031859,0.7842842508731283,0.8410100056187638,0.7888673147746452,0.10576685729585103,0.7295044952685912,0.728632464801429,1.3633544975142642,0.7306541467612571,25.073759246789795,4.723913494788474,3.0419370616272636,3.8043461334183997,0.023449505275936824,1.2783760661349945,-0.26086426525495937,0.8130140988424308,4.106827727442786,FALSE
64,"140A-3
 BY30-G2",TFCN_140A-3,Rhodotorula mucilaginosa,0.0955470721904332,0.08924186767523849,0.09496794507422601,0.09016598691072396,0.7646604870381521,0.9967825821670568,0.7673745073332703,0.9712975688225841,0.7644962729697484,0.6958772525976215,0.7650998865951838,0.6996813267867221,1.6396874404669148,1.6293958003232922,1.651266141934947,1.6136084655182494,0.7317046524008817,0.7005104245089728,0.7319201696208956,0.701142826093118,25.702371268549733,25.739296463491293,25.696349791895553,25.747922622120825,5.794089274829546,5.520800619126126,5.8376900604065005,5.483136293250431,3.1895457661756152,3.164377111977387,3.1972741568111713,3.157305302616213,3.948724817754541,4.067158119758336,3.9568333943167913,4.051858373318924,0.022878184601497306,0.021255450774456473,0.022915794911831135,0.021412859249890625,1.2870734761595277,1.4065586413297726,1.2847101020485614,1.3962120190944418,-0.29432122696426916,-0.23813210866903067,-0.29423365621330017,-0.24022834349887992,0.8468473914803054,0.7884259493979308,0.8478114364152266,0.793175404906492,0.09248071796265542,0.8750287863402658,0.7312886847373189,1.6334894620608509,0.716319518155967,25.721485036514352,5.658929061903151,3.1771255843950965,4.006143676287149,0.022115572384418882,1.343638559658076,-0.26672883383636997,0.8190650455499886,4.071160693089081,FALSE
46,43A-4,TFCN_43A-4,Rhodotorula paludigena,0.10888001008096003,0.10335806166642533,0.10839632259885225,0.10354411092956896,0.6247635704148732,0.8062318959641109,0.6376987092680201,0.7899567327046784,0.7733627630080343,0.7133713527093982,0.7701086589381148,0.7123526528378044,1.489529530706317,1.4717535540913076,1.5010492437478329,1.4588099909354872,0.7584498812306542,0.7327690930479712,0.7586962656920394,0.7308687121385162,25.848812173625788,25.887290256253053,25.84420700480741,25.895917490696007,5.333354552410358,5.080782320401196,5.366498265723276,5.045283231037263,3.1117212662919607,3.0904742183161447,3.117123076552711,3.0829308725438485,3.775117251360471,3.8869788994561736,3.7918382981312657,3.8733420622093906,0.02421894706583512,0.022651950901799483,0.02419554789770873,0.02263082335119104,1.220133095538724,1.3377184602688688,1.2271382336981147,1.3313100325768645,-0.3141919893785936,-0.2596082923268273,-0.3102526113114634,-0.2592485572843869,0.8609788027626801,0.8207891926030506,0.8588988216832892,0.818961821281016,0.10604462631895165,0.7146627270879206,0.7422988568733379,1.4802855798702361,0.7451959880272953,25.869056731345562,5.206479592393023,3.100562358426166,3.831819127789325,0.023424317304133593,1.2790749555206429,-0.2858253625753178,0.8399071595825089,4.015488398248406,FALSE
41,107C-3,TFCN_107C-3,Rhodotorula mucilaginosa,0.09772735167366607,0.09158926094399873,0.09733384618635618,0.09272916848879142,0.7295689084904411,0.9519027485825547,0.7391490714812251,0.9237373614174871,0.75743123133358925,0.6845614459136444,0.7561983704477108,0.6917339160104956,1.63663078861628,1.6098540321873724,1.6429934652112779,1.6027324797605986,0.732210219310788,0.6991696115371806,0.7311336065373801,0.7022565462442479,26.37826135486805,26.422195546058692,26.375779340606346,26.425116946871647,5.816954245974641,5.487513380166903,5.8328247893638485,5.487192557624861,3.1684438583543235,3.1368679999561286,3.173505391921642,3.133896738192475,3.928092541332711,4.050237703489178,3.9419044242420407,4.029968862409692,0.022330555341216578,0.020596591507167913,0.022247125081559,0.02079525802966338,1.2828820645512893,1.4159322628293134,1.2908556624057064,1.3988741361659303,-0.2853101189165271,-0.22344542782502705,-0.2821972533743219,-0.23045136370217378,0.8385712412408615,0.7808212599929928,0.8381497563982164,0.7872510895895887,0.0948449068232031,0.836089522492927,0.72248124092636,1.6230526914438823,0.7161924959073992,26.400338297101182,5.656121243282564,3.1531784971061425,3.9875508828684056,0.021492382489901717,1.3471360314880598,-0.25535104095451244,0.8111983368054149,3.9642982981448327,FALSE
53,"211A-3
 BY37-B3",TFCN_211A-3,Rhodotorula mucilaginosa,0.09904878847604087,0.0934039901936532,0.09883790672920058,0.09353356743760166,0.7280741151280151,0.9237331398210163,0.7306950727954492,0.9389214091197104,0.7640338536937703,0.7010449827090921,0.764965729374754,0.6933877416921004,1.6131629663961955,1.5922632373126437,1.6256072787802045,1.5758289663735026,0.7333436152148481,0.7055426399205229,0.7344693502466831,0.7005026422851747,26.493992836889344,26.53865595605003,26.488967144711957,26.546395604811018,5.724577750456768,5.44531980942964,5.771734042325354,5.364394456374373,3.1589980971662697,3.1331615673710793,3.1656257767082496,3.121369256645745,3.9167503844970177,4.025287337667882,3.927663333600852,4.02478315405724,0.022209209236662527,0.02063016247519579,0.022170882826975213,0.020565824823026612,1.2882770874973257,1.4074303542644089,1.2918911577386596,1.4105921334374625,-0.2869776259227743,-0.23078491221773245,-0.2849229024691467,-0.22710774001358583,0.8459317874846944,0.7940324690998963,0.8443343824182746,0.7877698171430519,0.09620606320912407,0.8303559342160478,0.7308580768674292,1.6017156122156366,0.7184645619168072,26.517002885615586,5.576506514646534,3.144788674472836,3.973621052455748,0.021394019840465038,1.3495476832344642,-0.2574482951558098,0.8180171140364794,3.8923384225580016,FALSE
74,"209-6-17
 BY43-D2",TFCN_209-6-17,Rhodotorula mucilaginosa,0.09896799296237108,0.09325132498843443,0.09867854540134276,0.0936900097166126,0.6323715351666225,0.7832207305645112,0.6313084432562448,0.7784782395109073,0.7776790391467318,0.7229745985404672,0.7813012673559302,0.723288873060744,1.519676077819057,1.500797362850101,1.5335034081427084,1.4971375172295314,0.7471024904090364,0.7203297707105807,0.7479525189692399,0.7203369823279061,25.991055482486146,26.028562470976855,25.983491175031787,26.03052075063371,5.4463327761096245,5.219968720835936,5.502705189314609,5.210071829407223,3.161431283621759,3.1382694368914232,3.171157709222771,3.1360257040563146,3.85246667548229,3.960368800263052,3.8654031363127177,3.9535365140975833,0.023187771967163148,0.021652969705753054,0.02321914020548815,0.02175384911727848,1.2227624334474565,1.3328537513379282,1.22273538190513,1.3271011540397712,-0.30878301433158967,-0.2540865493101625,-0.3080743466876006,-0.2558797849290269,0.8593012464060125,0.8140058158576412,0.8600693463362618,0.8149665392607646,0.09614696826719021,0.7063447371245715,0.7513109445259682,1.5127785915103495,0.7339304406041908,26.008407469782124,5.344769628916849,3.1517210334480668,3.907943781538911,0.02245343274892071,1.2763631801825714,-0.2817059238145949,0.83708573696517,3.8812828571460196,FALSE
34,"83E1
 BY33-F1",NA,NA,0.10723672169412574,0.09978540289211989,0.10556805050164977,0.10152180249624645,0.7845874207391558,1.0269593627477052,0.8068930204801769,1.0166779452271497,0.7056276858970949,0.6169315001096152,0.6777683053290677,0.6128778897272604,1.4579946759888345,1.4483132869363202,1.4775256801761159,1.4395247992468228,0.7332180137248021,0.6972016412495565,0.7273404480534407,0.6981154200068372,25.533735592970952,25.56246005771633,25.51978226193362,25.571137580516325,5.04739128321612,4.766293784997595,5.103209700224295,4.741421251760107,3.0532024764946986,3.0166814293517747,3.0398570954680224,3.0040507219001262,3.8165782267434443,3.9403611082096255,3.831417166317495,3.911634173979892,0.023130633413004944,0.021308677883778902,0.022900261471993116,0.021501994649499614,1.29499048915857,1.423179639527425,1.3076472608714282,1.4089017525375764,-0.2634773263853119,-0.20361409421701696,-0.2628826246402278,-0.21282935817598977,0.8038119768958151,0.7394706135670229,0.8059564812306899,0.747688606737837,0.10352799439603547,0.9087794372985468,0.6533013452657596,1.4558396105870233,0.7139688807586592,25.546778873284307,4.9145790050495295,3.0284479308036554,3.874997668812614,0.022210391854569144,1.35867978552375,-0.2357008508546366,0.7742319196078412,3.785157443111836,TRUE
35,"17-331Y-5
 BY117-B9",NA,NA,0.08224163664493096,0.07912608009033135,0.08492694411583623,0.07704325567303644,1.3668872272942514,1.6239947411682918,1.109032246047907,1.9861457549099788,0.6502570110907436,0.5715005925602022,0.6975540426517716,0.49846654266791907,1.7881818323512602,1.7630884246271625,1.7981730884727045,1.7597210964397902,0.6608356671526681,0.6319950913199202,0.6841492397412823,0.6051366778704772,27.647949469166132,27.70773603331718,27.58774858051525,27.74503989713744,5.785840102110894,5.428358957340428,6.083660107843002,5.052738630849165,3.1904642784396584,3.153847930694902,3.203851659474566,3.1168331117693935,4.21890620234137,4.290528947603296,4.16683142544513,4.326110476257434,0.018280393552894923,0.017057411552502774,0.019299543733948033,0.016417182939027806,1.5318258094328705,1.6291261852584495,1.4639128739825125,1.6880857416749415,-0.20875066601551856,-0.1686358877023091,-0.23692316634177019,-0.14987977089617008,0.75153356413821,0.689463015704958,0.7969544394671484,0.6265158720973292,0.08083447913103375,1.5215149923551072,0.6044445472426592,1.7772911104727294,0.6455291690210869,27.672118495034,5.587649449535872,3.16624924509463,4.250594262911807,0.017763632944593384,1.5782376525871935,-0.19104737273894198,0.7161167228519114,3.785157443111836,TRUE
65,"223D-8
 BY35-B9",NA,NA,0.11699010339569538,0.1110938759693136,0.11669529629326048,0.11196019307741491,0.6107523716766754,0.7543669020297183,0.6031715072516323,0.7415065479370677,0.7428046687987464,0.6827823033540864,0.749291008004572,0.6874197083480523,1.3303766720553216,1.3092988411417645,1.3411664169759443,1.3017048200734023,0.7579200265900726,0.733268812399027,0.7591890617290923,0.7338635076972674,26.08073218431017,26.119876793740335,26.074856850858797,26.123343030435496,4.710754316544681,4.482828462537406,4.761494160652126,4.465312732356556,3.0191784728775604,2.9974206679907147,3.029114586375465,2.9944700000831994,3.6646972343180932,3.758031646965271,3.672564113422671,3.7446572971114738,0.024225435758113176,0.022768504068024324,0.02427637910400727,0.02286014496769018,1.205475544566271,1.3069765046268094,1.2016529519630434,1.299284283607783,-0.2956098475930116,-0.24299269712404678,-0.2964654273408158,-0.2472788311183457,0.8276700055383093,0.7794368708388113,0.8306605650385543,0.7851137011386212,0.1141848671839211,0.6774493322237735,0.7155744221263644,1.3206366875616082,0.7460603521038648,26.0997022148362,4.605097418022693,3.0100459318317347,3.709987572954377,0.023532615974458736,1.2533473211909767,-0.27058670079405495,0.805720285638574,3.785157443111836,TRUE
84,43A-22,NA,NA,0.13078571006626838,0.12670475897556377,0.1306217156807303,0.12727257866428354,0.6305265423720361,0.7301261169383766,0.6317650314100902,0.7250474476567002,0.6324498068454,0.5785721126926897,0.6390786583188415,0.5771941133741016,1.0264515705925514,1.015075413016793,1.0373304256754257,1.0101709814589792,0.7511309990280148,0.7327272924978563,0.7524123887303886,0.7338324801481694,24.477895029873054,24.50186818961996,24.466385411278075,24.50554454276338,3.4752797399981055,3.3301755351289444,3.517556671291762,3.3156364781792718,2.7922535410611884,2.7668579074693413,2.7994262534433565,2.7625422571100193,3.486018111408919,3.551662656073649,3.4968182755105763,3.5420260850949505,0.024928827644911045,0.02389116829590416,0.02499338470884989,0.02390385654722668,1.2257312521922887,1.2984061814608194,1.2265635580031702,1.29634609885737,-0.21573376769726058,-0.17820826567634349,-0.21881945981065265,-0.17868610273105553,0.7206601043271837,0.6720560238232742,0.7277401250534407,0.6685085741179408,0.1288461908467115,0.6793662845943007,0.6068236728077582,1.0222570976859373,0.7425257901011072,24.487923293383616,3.4096621061495207,2.7802699897709764,3.5191312820220237,0.024429309299222945,1.261761772628412,-0.19786189897882805,0.6972412068304599,3.785157443111836,TRUE
NA,NA,NA,NA,0.05113473139902327,0.0581095041322314,0.05429362880886426,0.04958545918367347,4.6610169491525415,4.9772727272727275,6.91578947368421,3.196428571428571,-0.19790320794421423,-0.28763279214269916,-0.44678434417773755,0.384860851155238,1.945489801781065,1.9327221074380248,2.390055401662053,2.5981345663265643,0.3402331467137051,0.3049465240641711,0.3121362229102167,0.4344111969111969,22.220338983050844,22.204545454545453,22.13684210526316,22.017857142857142,3.1209422579720467,2.753615702479408,2.6444321329639706,7.196109693877588,2.8045808083075743,2.669010480612805,2.495438397864346,3.263934489022687,4.551164383785093,4.310167268289641,4.451077961431372,4.567094666187055,0.01284943662421398,0.0135307621671258,0.00934687596183441,0.01579365079365079,2.1542005734892005,2.0234515560132516,2.2959144534198344,1.8974069961135631,-0.10565996053958776,-0.18268237464292475,-0.23354031466410807,-0.252429975875584,0.630967658384554,0.7613129913455307,0.8317323587934994,0.8559814613346108,0.0532808308809481,4.937626930384512,-0.13686487327735325,2.216600469301927,0.34793177264982245,22.14489592142915,3.928774946823254,2.8082410439518535,4.46987606992329,0.01288018138670624,2.0927433947589624,-0.19357815643055115,0.7699986174645488,3.785157443111836,TRUE
49,"270H-2
 BY113-D4",TFCN_270H-2,Rhodotorula mucilaginosa,0.09862494153479832,0.0926346690459022,0.09821927274555234,0.0937507184618728,0.722044511307121,0.9342518567536191,0.7264859282314993,0.91792112067301,0.7739892870539821,0.7077591603817054,0.7746162051701915,0.7119820959648671,1.6547077110319441,1.625683136411849,1.6687027279236981,1.6163942504582083,0.7321967394483796,0.70033086776731,0.7322369023781701,0.7015422339151269,25.82984028419691,25.880261217464227,25.825059595122063,25.88469550976546,5.896786332820708,5.5684806888937235,5.948324983463308,5.547655881159922,3.163122154720584,3.1339977157903363,3.170441809111671,3.1307724864944286,3.914647925307131,4.028615884826084,3.9254550564271975,4.012838405492208,0.022927319051155085,0.021173939675639415,0.022892358366145435,0.021374537298118345,1.2782386677712914,1.4047480252885438,1.2815033702180718,1.391811113144117,-0.2924542341472627,-0.23172235369857563,-0.29083659943694007,-0.2370319578854972,0.8522397733196602,0.7970932654671251,0.8516440335772709,0.8020618073841693,0.09580740044703143,0.8251758542413123,0.7420866871426866,1.6413719564564249,0.7165766858772467,25.854964151637166,5.740311971584415,3.149583541529255,3.9703893180131553,0.02209203859776457,1.339075294105506,-0.2630112862920689,0.8257597199370563,3.5850742597648577,FALSE
75,"137D-4
 BY30-H6",TFCN_137D-4,Rhodotorula mucilaginosa,0.10886148430480054,0.10331255870703818,0.10836257820376176,0.10470836053362156,0.629328829508909,0.7748278151318551,0.6286399119970209,0.7573207404320301,0.7643699251679226,0.7083215576218498,0.7674921462128862,0.7120399976844891,1.3704726646163776,1.3487381251414354,1.3845728622453777,1.3404260373808075,0.745650436755382,0.7187338955530234,0.7464456900747781,0.7216753449083056,25.884949045761118,25.926324485488646,25.87863292820487,25.930025064679892,4.8525618289566435,4.620124685433884,4.909651536984457,4.604383409091156,3.0550958684802945,3.0319054523500064,3.063962630374825,3.0268787259367236,3.7424693254220887,3.8388353712578347,3.753741775774728,3.819754112710684,0.023942887680792873,0.022425342677509928,0.023947554503767683,0.022602988853708518,1.215955655792913,1.3190256817149326,1.2157791095821553,1.3083871829023783,-0.29065839365617,-0.23626055737479093,-0.2893838447674012,-0.24222237699036536,0.8436304827661232,0.7939707536108631,0.8429706739577146,0.7997712316756055,0.10631124543730551,0.6975293242674537,0.7380559066717869,1.3610524223459994,0.7331263418228723,25.904982881033632,4.746680365116536,3.044460669285462,3.7887001462913337,0.02322969342894475,1.2647869074980949,-0.26463129319718187,0.8200857855025766,3.5639215403363362,FALSE
5,105A-2,TFCN_105A-2,Rhodotorula mucilaginosa,0.0993924907800934,0.09241142945422812,0.09826809436132458,0.09398747998945907,0.7897859119393267,1.0724639258084863,0.8841761607125952,1.0636343802807458,0.7536423594103393,0.6766825265646029,0.7385268555476187,0.6810257385747204,1.6609025012392264,1.6455264950247441,1.6723528985274159,1.6345560538510546,0.7264672564056993,0.6919927535144766,0.7228859594134728,0.6942395631514302,25.995318535623902,26.03701592459447,25.994450112580434,26.04539671050021,5.8538240930175744,5.509642054290505,5.805235433397036,5.474589835123464,3.1534763520008378,3.1237877767525792,3.1542430504970693,3.122192183773101,3.903326303677139,4.033071031388849,3.925680135305277,4.005794188147642,0.022521603305268798,0.020667768910747272,0.02226958702536336,0.02086861719873706,1.28067397511804,1.4208700219021888,1.3041593290519904,1.4046568517419948,-0.28709262635563376,-0.22207963895772603,-0.2803615265656443,-0.23105429953135087,0.8357646680638511,0.7711486187719785,0.8303497501351527,0.7808697323898477,0.0960148736462763,0.9525150946852885,0.7124693700243203,1.6533344871606102,0.7088963831212698,26.018045320824754,5.660822853957145,3.138424840755897,3.966967914629727,0.021581894110029122,1.3525900444535535,-0.2551470228525887,0.8045331923402075,3.463638155556468,FALSE
25,"137C-3
 BY30-I4",TFCN_137C-3,Rhodotorula mucilaginosa,0.09974233548478616,0.09473568415977893,0.0989445335905955,0.09579330066833958,0.7814470220518257,1.042511570186529,0.8659181364590098,0.8996127951697742,0.705157848454881,0.583819585606147,0.6344982305130926,0.6132795191135074,1.4039521752374449,1.3892165075248406,1.4152544219644525,1.3719678784206664,0.7242023827256998,0.6863432744728418,0.7111868482477018,0.691486404618466,25.68499653144922,25.69033679512965,25.690909594605063,25.735275159383406,4.834361678898,4.514354459912857,4.79509955139878,4.588258718512884,3.058195326156467,2.972994305623039,3.0163272430115153,2.991778701126738,3.821253793903295,3.895479985604487,3.830030491903126,3.8840592770053055,0.023298083449970655,0.021287459853931923,0.022620576122214145,0.021923225348344382,1.2704703432981774,1.3962246013760338,1.3046602549538036,1.3629647103713536,-0.27224570864266123,-0.23227295049335814,-0.2714770224751697,-0.23352660781840043,0.8180241702563451,0.7856727986115591,0.8141500888427072,0.7878928207420052,0.09730396347587504,0.8973723809667846,0.634188795921907,1.3950977457868512,0.7033047275161773,25.700379520141837,4.68301860218063,3.0098238939794397,3.8577058871040535,0.022282336193615276,1.333579977499842,-0.25238057235739736,0.8014349696131542,3.4148159760136725,FALSE
26,"212C-2
 BY39-G3",TFCN_212C-2,Rhodotorula mucilaginosa,0.09941798090551618,0.09404053646907656,0.09889553269824816,0.09484562358099398,0.683984799335102,0.8791550819638543,0.6951534277293027,0.8625465443076824,0.781142958313521,0.7184834668945477,0.780682484838442,0.7227512359668602,1.5653026149123264,1.535918525873497,1.5809136818549299,1.5320298364139164,0.7366461824480691,0.7067663414944383,0.7362020811514263,0.7082731638673012,26.324962978417812,26.375149469229424,26.3195619977632,26.37590243645566,5.577225660314184,5.264519021530161,5.628501299690426,5.265572801347984,3.1522187828650656,3.12432021322219,3.1602822889035203,3.1215974244139684,3.8743890482079335,3.98091171250763,3.889557030569704,3.9654927438052203,0.023098330756831674,0.021438024412754504,0.02302463452358956,0.021570380761682634,1.2435115616657282,1.36204254103901,1.249421033377363,1.3517234588731708,-0.30122799258773825,-0.24320044578949668,-0.29796238635418815,-0.24819920851572175,0.8574922155856929,0.8034251581355352,0.8545248112900311,0.8085875436867872,0.09679991841345872,0.7802099633339854,0.7507650365033427,1.5535411647636674,0.7219719422403087,26.348894220466523,5.433954695720688,3.139604677351186,3.927587633772622,0.022282842613714594,1.301674648738818,-0.2726475083117862,0.8310074321745116,3.402790543143899,FALSE
30,"2M-1-4
 BY8-B3 8/30",TFCN_2M-1-4,Rhodotorula mucilaginosa,0.09961170444201208,0.0937451122750587,0.09893385455443698,0.09509578371852512,0.760154244002779,0.953055853824174,0.7780246011805629,0.9428746692296882,0.7414804075822222,0.6765100665446604,0.7367012711722214,0.6779691993590932,1.5135283810935127,1.4987889364537341,1.5237856602727864,1.4860348113150863,0.7267710246973148,0.6999033480934661,0.727057894849074,0.6995757488832265,25.16197692186119,25.200359226174086,25.157417582069538,25.205368706361003,5.293959280371267,5.042099891990771,5.317118039910573,5.00126457603066,3.1163202553897715,3.091683230146512,3.1207387767765717,3.083271837739571,3.8983448129372285,4.0051904810426935,3.914666883880785,3.9895680763053822,0.022938101639197055,0.021388308124064195,0.02279542710438804,0.021498674180202366,1.2912379652739687,1.405680457120957,1.3056122983780472,1.3980894753035087,-0.2687749173328926,-0.21482926836826624,-0.2642173167687741,-0.21787341280651193,0.8226432616297605,0.7654493061502313,0.8187688489082857,0.7690307834352663,0.09684661374750822,0.858527342059301,0.7081652361645493,1.50553444728378,0.7133270041307703,25.181280609116452,5.1636104470758175,3.1030035250131065,3.9519425635415226,0.022155127761962913,1.3501550490191203,-0.2414237288191112,0.793973050030886,3.3033508472049484,FALSE
51,"25-334D-3
 BY118-F7",TFCN_25-334D-3,Rhodotorula mucilaginosa,0.10916376013342842,0.10400651420385848,0.10896844008155397,0.10441792342797264,0.711103322056023,0.9081457523033737,0.7150360767427419,0.9067358376195465,0.7450437794341087,0.6791696620051613,0.7468064615078802,0.6772071348955375,1.529350708657552,1.4989653144731616,1.5411706677688484,1.4860326786188485,0.735322086279269,0.708223505298509,0.7368195194240327,0.7044189519340116,26.726793833161313,26.773441315598948,26.723646282849316,26.781189630628916,5.406299512574139,5.0877155055892445,5.449646594332613,5.037394876855902,3.075414258200333,3.0450334700981543,3.082466895536661,3.0391643232573604,3.815031287142611,3.9180677955485894,3.823321487256117,3.9079478682064206,0.022723237691191354,0.02111257347546553,0.022712737289369067,0.021170992129405996,1.2716576767775527,1.3923878070805047,1.2745626627254298,1.385301984325813,-0.27598662199925106,-0.2187610832376206,-0.2749332698500172,-0.2197542694720548,0.8226687527477992,0.7659116893546506,0.8224252179314492,0.7660641309021786,0.10663915946170338,0.8102552471804213,0.7120567594606719,1.5138798423796025,0.7211960157339555,26.751267765559625,5.245264122337974,3.060519736773127,3.8660921095384344,0.021929885146357988,1.330977532727325,-0.24735881113973593,0.7942674477340194,3.2966829704772924,FALSE
81,98C-5,TFCN_98C-5,Rhodotorula mucilaginosa,0.10800887047195078,0.10290146740346906,0.10799255887222946,0.10362223900315355,0.695106701163301,0.8715466023019655,0.7041284748391975,0.8720132534205932,0.7441511384204038,0.6808179057777205,0.7442689260069144,0.6788049242583218,1.3653863563832436,1.3424531494193963,1.3727266568944627,1.3296001015018133,0.7389123419530682,0.7143987267869955,0.7400257823763948,0.7132541428702499,25.84755983122739,25.890091897221893,25.844393689193964,25.898155544572134,4.766438724369692,4.498265995375623,4.78677815273863,4.44638715258667,3.0394385668838932,3.012841741479983,3.044835934239794,3.0043538822628477,3.7584106485058575,3.850200378782489,3.7674532045715883,3.838509144132267,0.02375098056343128,0.02230368054703537,0.023745158949848667,0.022352222523119268,1.249458433842015,1.356405693122702,1.2539068632332395,1.351557225978779,-0.27398535620360237,-0.22175486119675344,-0.273330845955682,-0.22373122388810293,0.8278402463760205,0.7736540255604393,0.827167750151141,0.7738669550721384,0.10563128393770072,0.7856987579312643,0.7120107236158402,1.3525415660497289,0.7266477484966771,25.870050240553844,4.624467506267654,3.0253675312166295,3.8036433439980506,0.023038010645858645,1.3028320540441838,-0.2482005718110352,0.8006322442899348,3.287173614372202,FALSE
44,7-9-2,TFCN_7-9-2,Rhodotorula diobovata,0.10482557036424762,0.09896943961233926,0.10369086969607669,0.09895317269689845,0.7207779430083239,0.9601352864681739,0.7260526775379211,0.8682414134078932,0.7490931849420904,0.6745542815204238,0.7530372142304836,0.7092918652669936,1.6047212443832934,1.5893535070537037,1.6126598954457325,1.5833845011669765,0.7405832468840254,0.7112208661073898,0.740058079118418,0.714502832631612,25.483636714719935,25.524173363834244,25.48016233717719,25.528870897407934,5.698107034524882,5.397278741746737,5.7245869042449975,5.465296591260025,3.133896551983261,3.1044664792401133,3.145074836022177,3.124912761723289,3.845001313449881,3.947392978724956,3.86144554558879,3.9557703834967577,0.023422715555189565,0.021636252443433698,0.023402394291228895,0.021903071229758826,1.256058922762361,1.3794355787970594,1.2573951329838202,1.3656568987112416,-0.31179252973856525,-0.2595365488351185,-0.30849547415495565,-0.25683984267829946,0.843197726903938,0.8025146183572132,0.837682705462943,0.8008504509307796,0.1016097630923905,0.818801830105578,0.7214941364899979,1.5975297870124265,0.7265912561853612,25.504210828284826,5.57131731794416,3.12708765724221,3.902402555315096,0.022591108379902743,1.3146366333136206,-0.2841660988517347,0.8210613754137184,3.214053231466281,FALSE
9,"17-390M-1
 BY126-D7",TFCN_17-390M-1,Rhodotorula mucilaginosa,0.10767715416179685,0.10294144272465565,0.1073799065614765,0.10382273014927358,0.6436548537902639,0.7995684786671282,0.6521649765786292,0.7851683992542083,0.7719434409616917,0.7133242954504271,0.770504394302342,0.7167358133249176,1.4212429221925704,1.383534470237098,1.4258304173899101,1.3768402509724944,0.7445414312317892,0.7173148911433651,0.7442922590218244,0.7185164867515812,25.847379231803725,25.89838653521802,25.846184461793534,25.90166825955783,5.041316834980005,4.7345694022813385,5.05115669298098,4.722192604635757,3.065407951657544,3.0351191738230985,3.069847779847603,3.033321870582594,3.7594077288758045,3.847590193743973,3.769736474879304,3.8323678051781527,0.02407458851770928,0.0225400999852444,0.0239805626272784,0.02268012562368085,1.2173752851962925,1.3226450812821648,1.224589160409918,1.3122223768030878,-0.2945210916205604,-0.2401920723448962,-0.2913818517829814,-0.24529232035751247,0.8472141692732745,0.7971907768335545,0.8449497523281913,0.8023710011332116,0.10545530839930065,0.7201391770725575,0.7431269860098446,1.4018620151980181,0.7311662670371399,25.87340462209328,4.887308883719521,3.0509241939777096,3.8022755506693087,0.02331884418847823,1.2692079759228658,-0.2678468340264876,0.822931424892058,3.2011022179232027,FALSE
47,"25-331D-1
 BY119-D1",TFCN_25-331D-1,Rhodotorula mucilaginosa,0.10581471559456437,0.10124541153381764,0.10582163726662204,0.10135043319615408,0.7168471232569222,0.8365052314767313,0.6409285190022304,0.8448060100832201,0.7336406355964659,0.6924764221077718,0.770954002863991,0.6891538993964301,1.4745734635977281,1.452491775347281,1.4859802497096468,1.4404564298809623,0.7385122089058442,0.7148099849212359,0.7470089027173394,0.7113102174933101,25.83370557058835,25.866610240718618,25.827762731735845,25.875110809130216,5.181446731134078,4.973461869912419,5.302992479836358,4.917019709440594,3.0715226286160955,3.0558093417439687,3.10052888314701,3.0480575326945654,3.7771694054178426,3.8612013317165745,3.781323729006032,3.8577319753471007,0.023740946080267868,0.02231712841568172,0.024131055141758093,0.02244703175091725,1.238731220196782,1.3375089299286487,1.216610116504555,1.3302460931102331,-0.3067002635517623,-0.2591849739897475,-0.30760576227436953,-0.25814830930571037,0.8431790377797473,0.8150639372192332,0.8462174742791112,0.8097271338407906,0.10355804939778954,0.759771720954776,0.7215562399911647,1.4633754796339047,0.7279103285094325,25.850797338043257,5.093730197580862,3.06897959655041,3.8193566103718872,0.023159040347156233,1.2807740899350548,-0.2829098272803974,0.8285468957797206,3.1237501341311735,FALSE
40,"270H-1
 BY113-D3",TFCN_270H-1,Rhodotorula mucilaginosa,0.11189045061311738,0.10593346794818939,0.11062012101562795,0.10686870915718084,0.6459036277326725,0.8198720250638105,0.6684516386407332,0.8108636346877653,0.7551748312198601,0.6874570894834791,0.7489632959238178,0.6873663228682636,1.3873283721983607,1.3637313521510406,1.3954353703620184,1.3542720626545686,0.7476386394376974,0.7205368206605977,0.7446083541419193,0.72090874813827,25.837328178375675,25.878142222296052,25.834940571710465,25.883109475377065,4.9034098610607435,4.635053383540349,4.9132898428073695,4.606224615930461,3.049410680326085,3.0209973480383585,3.052452332254931,3.016528434419825,3.739717676613853,3.8451570104683483,3.7637733088735885,3.830418831339151,0.02389057241830735,0.022234527098424543,0.02368825733397037,0.02235285369579836,1.2312592079116222,1.3501186199620767,1.2469115283931842,1.3417117241162635,-0.2861470219101345,-0.22635458285018745,-0.27728628096412977,-0.2298091873733133,0.8356037612717196,0.7776594517906079,0.828611735618843,0.7799142569740829,0.1088281871835289,0.7362727315312454,0.7197403848738552,1.375191789341497,0.7334231405946211,25.858380111939812,4.764494425834731,3.0348471987598,3.794766706823735,0.023041552636625155,1.2925002700957866,-0.25489926827444126,0.8054473014138134,3.086387163472153,FALSE
76,"25-337Y-1
 BY118-I8",TFCN_25-337Y-1,Rhodotorula mucilaginosa,0.10293852299387671,0.09650251544133981,0.10265340130611118,0.09757250553063591,0.6544757923834054,0.8259654070714316,0.6518817097589763,0.8113886459075396,0.767727154184772,0.7065806231758717,0.771912103491524,0.7100016532835678,1.439528830615103,1.4163022246912822,1.4519694414936966,1.4135898690809774,0.7461880757341104,0.7167341386737317,0.7472004123096273,0.7192192913599713,25.466033006955925,25.508669041697953,25.460387216719333,25.509691825771178,5.103639530077041,4.839243491693699,5.155996056215722,4.842970830416391,3.1061800817018725,3.081704316898464,3.114773273711041,3.0779515649143128,3.8026636348471747,3.9093487567850898,3.8086666171361365,3.897133509213445,0.02375050237395496,0.022172828377595728,0.023842659661278128,0.022290180301089726,1.231792091332888,1.3405732357367348,1.2267813426609082,1.3343801242432114,-0.2963618419408687,-0.23849105121340586,-0.297386268039418,-0.243262952899865,0.8488416439204426,0.7950170913109392,0.8500856863945645,0.8001028641509045,0.0999167363179909,0.7359278887803382,0.7390553835339339,1.4303475914702648,0.7323354795193602,25.486195272786098,4.985462477100713,3.0951523093064224,3.8544531294954614,0.023014042678479636,1.2833816984934356,-0.26887552852338936,0.8235118214442126,2.815601815372371,FALSE
57,98D-11,TFCN_98D-11,Rhodotorula mucilaginosa,0.09727789759732804,0.09115138956263834,0.09631165123298652,0.09165751195817917,0.7645491537231047,0.9407431213223849,0.7792407026790398,1.0164722577780718,0.7569740663012601,0.6960561068140108,0.7545788695019665,0.6845863278474608,1.5596026504644915,1.5449877479767797,1.5691952783278078,1.5390610962528097,0.729645729129907,0.6999891547007472,0.72674604262383935,0.6974125420305192,25.80255624938777,25.841028358279736,25.796420626657813,25.851542680010088,5.473861448134808,5.239207870584699,5.497540410632146,5.139772127233143,3.157063190943307,3.1303585066501194,3.160839528776514,3.1234879521052656,3.911630699039488,4.02792199056964,3.930082762783388,4.018095509462263,0.022796305087537452,0.021255919732679623,0.022742166595362472,0.021233926050031028,1.275844947554107,1.3881299705691006,1.2821864003916055,1.3922709537348075,-0.28530616445510865,-0.22672992322975596,-0.28088091611137356,-0.22810222740263508,0.8415182564498072,0.7863759548695463,0.8380919259094476,0.7797630960412909,0.09409961258778302,0.8752513088756503,0.7230488426161745,1.5532116932554723,0.7134483671212531,25.822886978583853,5.337595464146199,3.1429372946188012,3.9719327404636946,0.022007079366402643,1.334608068062405,-0.2552548077997183,0.8114373083175229,2.775184869182762,FALSE
28,1A-1-3 8130,TFCN_1A-1-3,Rhodotorula pacifica,0.10046726793798152,0.09361784967745757,0.09976973017346245,0.09442329259494676,0.6701649598050529,0.8863741193962226,0.6822439607299879,0.8552831113649516,0.7709985239062055,0.6977952280247838,0.770419209627943,0.7047546877920072,1.5658797950188017,1.541427256985751,1.5787233433152865,1.5349023396524466,0.7405217960285349,0.7067394877778955,0.7393280245128981,0.7081458113431558,26.091241016582394,26.134748098468265,26.085730883052566,26.139339430322725,5.593354220270147,5.279334908546809,5.63264941253119,5.284326247244904,3.156191353761259,3.1251977504951265,3.1642823894336725,3.124336501404386,3.867380065885177,4.0036100557153915,3.8865421776646083,3.977232459711219,0.023267208569367582,0.02133540563318755,0.02321833631262176,0.021539133604781695,1.2424173133769456,1.3841929209803268,1.2498319341845698,1.3630723581059316,-0.30066558677459765,-0.23207873247160485,-0.29665049017158074,-0.2408409560845575,0.8511162953764493,0.7890362454196125,0.8492717091267075,0.7964785698654439,0.09706953509596208,0.7735165378240537,0.7359919123377349,1.5552331837430715,0.723683779915621,26.112764857106487,5.447416197148263,3.142501998773611,3.933691189744099,0.022340021029989648,1.3098786316619435,-0.26755894137558517,0.8214757049470534,2.694513675978935,FALSE
14,"130D-4
 BY30-H7",TFCN_130D-4,Rhodotorula mucilaginosa,0.10940954156384089,0.10391994437641948,0.10901054412272167,0.10498991927446573,0.7797149113559708,1.011250861582762,0.7973273373721078,0.9733134634980489,0.7320337935397421,0.6634632323508496,0.7326997178962048,0.6692378382459148,1.4890273310202666,1.4724481390057436,1.4967360545426438,1.4598924137284552,0.7307829623482921,0.7007474845385098,0.7303205226084649,0.7030089152191362,25.9795405226144,26.028728616759178,25.9767746781767,26.030123088079016,5.1763944127251325,4.878541694440197,5.189616880798424,4.866256191415724,3.047302122849514,3.019583287420671,3.0542730126031588,3.0167174131211425,3.7979618709789444,3.896625922946839,3.8058863167766477,3.8795577602114952,0.02339335562265712,0.02181718190219528,0.02336869614169139,0.021969127341508958,1.2734035843816731,1.3852719319045428,1.2758009300731739,1.3721940852360248,-0.2690525525238371,-0.21309476720949957,-0.26845107998664386,-0.21843305813500777,0.8155318598109359,0.7546948396022709,0.8161630915958987,0.761361257847881,0.10683248733436194,0.8904016434522224,0.6993586455081778,1.4795259845742774,0.7162149711786008,26.003791726407325,5.02770229484487,3.034468958998622,3.8450079677284816,0.022637090252013187,1.3266676328988538,-0.24225786446374706,0.7869377622142466,2.426027307688024,FALSE
32,"100D-1
 BY31-H3",TFCN_100D-1,Rhodotorula mucilaginosa,0.10316504158839229,0.09791862106085923,0.10334776478662751,0.0990254108809044,0.7553104000791094,0.9480985172651095,0.7532859444670985,0.920690191744891,0.7311138641713926,0.6657681548061516,0.7349224101095311,0.6727295617255442,1.5223184943534402,1.4966588309313216,1.5300969063884076,1.4913212353276208,0.7264046024874039,0.696558277558651,0.7282861606877569,0.7005284920634883,25.993799800674843,26.040612331495836,25.989362191518584,26.041912904983754,5.333963577334616,5.0385368064600975,5.36710168108654,5.044594749565565,3.084784309257659,3.0521937933527363,3.090540916499023,3.0537693098357725,3.8624240481598084,3.959481301756203,3.862499222862246,3.9422998275687515,0.02293267281883261,0.021417672672024872,0.02300370549639134,0.021652715243093958,1.2879238914988238,1.3977504839921537,1.2851228532480614,1.3820391236111238,-0.2636151184028349,-0.20991841606214698,-0.26620556298541803,-0.2158580111752724,0.8123590108500419,0.7548812916228652,0.8154626573672801,0.7607409201785833,0.10086420957919585,0.844346263389052,0.7011334977031548,1.5100988667501976,0.7129443831993251,26.016421807168253,5.196049203611705,3.0703220822362978,3.9066761000867523,0.022251691557585693,1.3382090880875408,-0.2388992771564181,0.7858609700046926,2.38994394066993,FALSE
43,"152D-4
 BY32-B4",TFCN_152D-4,Rhodotorula toruloides,0.10602726150730717,0.10321022558596676,0.10430010159409517,0.1033800406381485,0.7461663710367039,0.9753396085759612,0.7266397407135097,0.822860444146021,0.683938518202082,0.5792814264911942,0.7112674984643182,0.6958035689469838,1.4890415477946122,1.4548405173230485,1.497610664772027,1.4585319919296196,0.7302064060355915,0.691212101186232,0.7338763705122177,0.7206103839519363,25.615849732379687,25.636280657168612,25.62545385305536,25.66519407092237,5.209999820141751,4.844022460716208,5.263802918374635,5.011267523572447,3.0378628363652957,2.9768384554300193,3.0686989847444917,3.0554707890849278,3.7805681141288714,3.851800449805108,3.8015247768498335,3.8507465318600285,0.023550113957112474,0.022020364540338403,0.023563284533427577,0.022724655354831546,1.2803397296380137,1.3896150231593931,1.2742407921737942,1.3428485997753654,-0.2898599415388556,-0.24600488982092344,-0.2832897443255314,-0.2493847012696352,0.8162364412851576,0.78190652721693,0.8065966282976149,0.7967685684975833,0.1042294073313794,0.8177515411180489,0.6675727530261446,1.475006180454827,0.7189763154214944,25.635694578381507,5.08227318070126,3.034717766406184,3.8211599681609605,0.0229646045964275,1.3217610361866416,-0.2671348192387364,0.8003770413243214,2.3764677823523854,FALSE
31,"340-3
 BY110-F1",TFCN_340-3,Rhodotorula mucilaginosa,0.10211194988364035,0.09629167390922504,0.1022099441867033,0.0970795783350077,0.7099548568047254,0.9080583522121691,0.7056967491367028,0.8869100080658048,0.7678897811185684,0.7058300635808984,0.7723555538679548,0.7111449689337069,1.6014186454341053,1.573286749690814,1.6129067559683392,1.566977631264942,0.7353640842753839,0.7050681095198048,0.737220715112428,0.7068914048007415,25.885098757381943,25.93515029294875,25.880070525396455,25.937118377073432,5.695719724931687,5.385088646551056,5.745930274736627,5.3810005169939625,3.135046671468151,3.108590870706692,3.1444565780985014,3.1071710015727922,3.8710219667818473,3.9779223810111337,3.87075099586074,3.9617646843084726,0.023137789225602397,0.02147423456268505,0.023239184891303527,0.021684753069371,1.2659991609592984,1.3838649017059232,1.2600526436956656,1.3690093279641073,-0.29130305901140985,-0.23327676544101622,-0.29452499568120893,-0.2390944250282652,0.8478768406463206,0.7951501296010027,0.85061984440691,0.8002643996141107,0.09942328657864409,0.8026549915548505,0.7393050918752821,1.58864744558955,0.7211360784270896,25.909359488200145,5.551934790803333,3.123816280461534,3.9203650069905485,0.022383990437240493,1.3197315085812487,-0.26454981129047506,0.823477803567086,2.371049259614246,FALSE
58,"25-332Y-1
 BY119-F3",TFCN_25-332Y-1,Rhodotorula mucilaginosa,0.10836125395212332,0.10230420440001049,0.10788518259981095,0.10295202894708767,0.6422386697741557,0.8093455097716838,0.6447180606157341,0.8040647831500171,0.7677521689419782,0.7089565477463236,0.7707321747203626,0.7090678993261861,1.5489645503400853,1.534910703613169,1.563370483376863,1.5285495621542537,0.7455294401348025,0.7158178444608128,0.7456263236380344,0.7157240841594306,25.874976697904007,25.912645131110715,25.86809351593174,25.917464905419795,5.553619531586194,5.330297304680952,5.608763872891665,5.310133465467007,3.1119531053848912,3.09095018428484,3.1207507277378306,3.086005137693084,3.805395215042017,3.921511224585898,3.8206788074250224,3.912195650635848,0.023487020895535782,0.021880379268130096,0.02350446947586333,0.021933288386549604,1.2269520484548684,1.3411331380866347,1.2279179267140548,1.336542138974632,-0.2985500971100678,-0.2393269004587716,-0.2958446510608034,-0.24142717413449274,0.8448575710467148,0.7936991748951296,0.8441064362786498,0.7945455225548429,0.10537566747475811,0.7250917558278976,0.7391271976837126,1.5439488248710929,0.73067442309827,25.893295062591562,5.450703543656454,3.1024147887751616,3.864945224422196,0.022701289506519704,1.2831363130575475,-0.26878720569103387,0.8193021761938343,2.134561380231352,FALSE
33,"340-1
 BY110-D1",TFCN_340-1,Rhodotorula mucilaginosa,0.10327564383939246,0.09714488361115614,0.10338310906107902,0.09838086704500215,0.7550559812745887,1.0240355023402732,0.7573287158945253,0.974635078866544,0.7567220474987619,0.6769764751393996,0.7582707068366941,0.6887582547979292,1.5920344049051034,1.5654086794516644,1.6009373190956997,1.5609022318739731,0.7321285486739996,0.6988777696416326,0.7341984425183504,0.7020855087389557,25.703355196528094,25.756359677481935,25.698276679271167,25.75440139512896,5.613081638345818,5.237599215466411,5.646420560488318,5.268973848629317,3.1266241884620447,3.091222639967489,3.1317168001349343,3.092474705914162,3.8794581603840057,4.00040311126488,3.885070214847111,3.9784652698158585,0.022820083951082128,0.021000196047320077,0.02288442562293837,0.021247962816291023,1.2807133311355887,1.416704788894658,1.2800475793227746,1.396355208112813,-0.2842905710590123,-0.22075686608042194,-0.2846569041444351,-0.22903472734080169,0.8395914726291036,0.772858153985376,0.8396066272015774,0.7834129934362624,0.10054612588915744,0.8777638195939828,0.7201818710681962,1.5798206588316102,0.7168225673932346,25.72809823710254,5.441518815732466,3.1105095836196575,3.9358491890779637,0.0219881671094079,1.3434552268664586,-0.2546847671561678,0.8088673118130799,1.9545416077313553,FALSE
1,"17-291Y-1
 BY126-B8",TFCN_17-291Y-1,Rhodotorula mucilaginosa,0.10984434802982902,0.10438832126077835,0.10893106404372843,0.105130430422014,0.6774193772807856,0.884440627333541,0.6928453440755711,0.8530229032811737,0.7669482891011483,0.6971087001471584,0.7657454300395917,0.7045385570330108,1.516541242743264,1.4838448552973773,1.5316514979489209,1.477831839823629,0.7452622378613849,0.7158662078962762,0.7452098635783992,0.7179668118817586,25.989234220277073,26.040342393085876,25.98184505747954,26.041105225177784,5.388745593692263,5.050938793855966,5.433760647720135,5.0583044560133095,3.0879609256455347,3.0572490214405916,3.095869059925829,3.0585194996553806,3.790879424731496,3.8967678141185935,3.8088824054626356,3.8795997182042683,0.02363294975354903,0.02194097499687993,0.023587054720572785,0.0221279831685984,1.243458635756869,1.3659671119460952,1.2513042393649727,1.351028935837938,-0.29554073374611933,-0.23481295137329128,-0.29148207080555155,-0.2415683565934164,0.8425711081888306,0.7851060055415193,0.8399726755250403,0.7925064882753957,0.10707354093908746,0.7769320629927678,0.7335852440802273,1.5024673589532977,0.7310762803044547,26.013131724005067,5.232937372820418,3.0748996266668343,3.8440323406292483,0.022822240659900038,1.3029397307264687,-0.26585102812959466,0.8150390693826965,1.7288528141004287,FALSE
