Strain ID,configuration,n_concentrations,auc_rate,Strain,Strain Name,Species,Origin,Environment,Library Plate,Incubation Temp (°C)
1,1,7,23.796528957751402,TFCN_17-291Y-1,"17-291Y-1
 BY126-B8",Rhodotorula mucilaginosa,China,marsh_tidalflat,1,30
1,2,7,23.207486316043692,TFCN_17-291Y-1,"17-291Y-1
 BY126-B8",Rhodotorula mucilaginosa,China,marsh_tidalflat,1,30
1,3,7,25.75728584356989,TFCN_17-291Y-1,"17-291Y-1
 BY126-B8",Rhodotorula mucilaginosa,China,marsh_tidalflat,1,30
1,4,7,26.065126489285486,TFCN_17-291Y-1,"17-291Y-1
 BY126-B8",Rhodotorula mucilaginosa,China,marsh_tidalflat,1,30
2,1,7,23.75556652670062,TFCN_134A-3,"134A-3
 BY30-D2",Rhodotorula mucilaginosa,China,marsh_tidalflat,1,30
2,2,7,24.175664237495877,TFCN_134A-3,"134A-3
 BY30-D2",Rhodotorula mucilaginosa,China,marsh_tidalflat,1,30
2,3,7,26.420855857822712,TFCN_134A-3,"134A-3
 BY30-D2",Rhodotorula mucilaginosa,China,marsh_tidalflat,1,30
2,4,7,23.509179597412214,TFCN_134A-3,"134A-3
 BY30-D2",Rhodotorula mucilaginosa,China,marsh_tidalflat,1,30
3,1,7,25.019546087837575,TFCN_98A-5,98A-5,Rhodotorula mucilaginosa,China,marsh_tidalflat,1,30
3,2,7,24.533566395561675,TFCN_98A-5,98A-5,Rhodotorula mucilaginosa,China,marsh_tidalflat,1,30
3,3,7,25.645503285407248,TFCN_98A-5,98A-5,Rhodotorula mucilaginosa,China,marsh_tidalflat,1,30
4,1,7,22.628530506763276,TFCN_102C-2,102C-2,Rhodotorula mucilaginosa,China,marsh_tidalflat,1,30
4,2,7,23.001848920495505,TFCN_102C-2,102C-2,Rhodotorula mucilaginosa,China,marsh_tidalflat,1,30
4,3,6,19.589249971981797,TFCN_102C-2,102C-2,Rhodotorula mucilaginosa,China,marsh_tidalflat,1,30
4,4,7,24.68962257668983,TFCN_102C-2,102C-2,Rhodotorula mucilaginosa,China,marsh_tidalflat,1,30
5,1,7,26.001715134030974,TFCN_105A-2,105A-2,Rhodotorula mucilaginosa,China,marsh_tidalflat,1,30
5,2,7,26.80846059264517,TFCN_105A-2,105A-2,Rhodotorula mucilaginosa,China,marsh_tidalflat,1,30
5,3,6,19.713335916314353,TFCN_105A-2,105A-2,Rhodotorula mucilaginosa,China,marsh_tidalflat,1,30
5,4,7,24.261721614639157,TFCN_105A-2,105A-2,Rhodotorula mucilaginosa,China,marsh_tidalflat,1,30
6,1,7,24.640740992634772,TFCN_17-334Y-2,"17-334Y-2
 BY116-B9",Rhodotorula mucilaginosa,China,marsh_tidalflat,1,30
6,2,7,23.59357411411639,TFCN_17-334Y-2,"17-334Y-2
 BY116-B9",Rhodotorula mucilaginosa,China,marsh_tidalflat,1,30
6,3,7,28.35523661149074,TFCN_17-334Y-2,"17-334Y-2
 BY116-B9",Rhodotorula mucilaginosa,China,marsh_tidalflat,1,30
6,4,7,24.78860956222408,TFCN_17-334Y-2,"17-334Y-2
 BY116-B9",Rhodotorula mucilaginosa,China,marsh_tidalflat,1,30
7,1,7,20.866817204626184,TFCN_17-329Y-4,"17-329Y-4
 BY115-H8",Rhodotorula mucilaginosa,China,marsh_tidalflat,1,30
7,2,7,20.15215679255373,TFCN_17-329Y-4,"17-329Y-4
 BY115-H8",Rhodotorula mucilaginosa,China,marsh_tidalflat,1,30
7,3,7,25.094182281587504,TFCN_17-329Y-4,"17-329Y-4
 BY115-H8",Rhodotorula mucilaginosa,China,marsh_tidalflat,1,30
7,4,7,25.417942888372988,TFCN_17-329Y-4,"17-329Y-4
 BY115-H8",Rhodotorula mucilaginosa,China,marsh_tidalflat,1,30
8,1,7,22.03378964246516,TFCN_107A-6,"107A-6
 BY31-B6",Rhodotorula mucilaginosa,China,marsh_tidalflat,1,30
8,2,6,21.93536731762087,TFCN_107A-6,"107A-6
 BY31-B6",Rhodotorula mucilaginosa,China,marsh_tidalflat,1,30
8,3,7,20.941068040121838,TFCN_107A-6,"107A-6
 BY31-B6",Rhodotorula mucilaginosa,China,marsh_tidalflat,1,30
8,4,7,25.270108649409735,TFCN_107A-6,"107A-6
 BY31-B6",Rhodotorula mucilaginosa,China,marsh_tidalflat,1,30
9,1,7,25.65720730080498,TFCN_17-390M-1,"17-390M-1
 BY126-D7",Rhodotorula mucilaginosa,China,marsh_tidalflat,1,30
9,2,7,24.174780614456196,TFCN_17-390M-1,"17-390M-1
 BY126-D7",Rhodotorula mucilaginosa,China,marsh_tidalflat,1,30
9,3,6,22.76908854547574,TFCN_17-390M-1,"17-390M-1
 BY126-D7",Rhodotorula mucilaginosa,China,marsh_tidalflat,1,30
9,4,7,23.846831274895337,TFCN_17-390M-1,"17-390M-1
 BY126-D7",Rhodotorula mucilaginosa,China,marsh_tidalflat,1,30
10,2,7,20.416622100570603,TFCN_86C-9,"86C-9
 BY34-B2",Rhodotorula sphaerocarpa,China,marsh_tidalflat,1,30
10,3,7,23.837211496997217,TFCN_86C-9,"86C-9
 BY34-B2",Rhodotorula sphaerocarpa,China,marsh_tidalflat,1,30
11,1,7,26.26213367448289,TFCN_122C-2,"122C-2 
 BY31-A2",Rhodotorula mucilaginosa,China,marsh_tidalflat,1,30
11,2,7,25.01191282717665,TFCN_122C-2,"122C-2 
 BY31-A2",Rhodotorula mucilaginosa,China,marsh_tidalflat,1,30
11,3,4,18.963947349139517,TFCN_122C-2,"122C-2 
 BY31-A2",Rhodotorula mucilaginosa,China,marsh_tidalflat,1,30
11,4,7,26.274140602344094,TFCN_122C-2,"122C-2 
 BY31-A2",Rhodotorula mucilaginosa,China,marsh_tidalflat,1,30
12,1,7,26.802600151392177,TFCN_4M-1-3,4M-1-3,Rhodotorula mucilaginosa,China,marsh_tidalflat,1,30
12,2,7,25.691637849176352,TFCN_4M-1-3,4M-1-3,Rhodotorula mucilaginosa,China,marsh_tidalflat,1,30
12,3,5,16.87274550514961,TFCN_4M-1-3,4M-1-3,Rhodotorula mucilaginosa,China,marsh_tidalflat,1,30
12,4,7,26.475735481378685,TFCN_4M-1-3,4M-1-3,Rhodotorula mucilaginosa,China,marsh_tidalflat,1,30
13,1,7,24.999634352102504,TFCN_141C-2,"141C-2
 BY30-H4",Rhodotorula mucilaginosa,China,marsh_tidalflat,1,30
13,2,7,24.945855236688978,TFCN_141C-2,"141C-2
 BY30-H4",Rhodotorula mucilaginosa,China,marsh_tidalflat,1,30
13,3,7,24.044557978342144,TFCN_141C-2,"141C-2
 BY30-H4",Rhodotorula mucilaginosa,China,marsh_tidalflat,1,30
13,4,7,26.044758162880512,TFCN_141C-2,"141C-2
 BY30-H4",Rhodotorula mucilaginosa,China,marsh_tidalflat,1,30
14,1,7,24.8310806334578,TFCN_130D-4,"130D-4
 BY30-H7",Rhodotorula mucilaginosa,China,marsh_tidalflat,1,30
14,2,7,23.7931930169225,TFCN_130D-4,"130D-4
 BY30-H7",Rhodotorula mucilaginosa,China,marsh_tidalflat,1,30
14,3,6,20.924929459684385,TFCN_130D-4,"130D-4
 BY30-H7",Rhodotorula mucilaginosa,China,marsh_tidalflat,1,30
14,4,7,23.831640446083494,TFCN_130D-4,"130D-4
 BY30-H7",Rhodotorula mucilaginosa,China,marsh_tidalflat,1,30
15,1,7,23.022678009679765,TFCN_3M-1-1,"3M-1-1
 BY8-B4",Rhodotorula mucilaginosa,China,marsh_tidalflat,1,30
15,2,7,20.242202306120838,TFCN_3M-1-1,"3M-1-1
 BY8-B4",Rhodotorula mucilaginosa,China,marsh_tidalflat,1,30
15,3,7,23.40378659957512,TFCN_3M-1-1,"3M-1-1
 BY8-B4",Rhodotorula mucilaginosa,China,marsh_tidalflat,1,30
15,4,7,25.767581517523283,TFCN_3M-1-1,"3M-1-1
 BY8-B4",Rhodotorula mucilaginosa,China,marsh_tidalflat,1,30
16,1,7,21.629033090848726,TFCN_186DK3-2,"186DK3-2
 BY39-H9",Rhodotorula sp. clade XI,China,marsh_tidalflat,1,30
16,2,7,21.93334342790014,TFCN_186DK3-2,"186DK3-2
 BY39-H9",Rhodotorula sp. clade XI,China,marsh_tidalflat,1,30
16,3,7,25.43562444325776,TFCN_186DK3-2,"186DK3-2
 BY39-H9",Rhodotorula sp. clade XI,China,marsh_tidalflat,1,30
16,4,7,24.920545916605988,TFCN_186DK3-2,"186DK3-2
 BY39-H9",Rhodotorula sp. clade XI,China,marsh_tidalflat,1,30
17,1,3,7.985377553255954,TFCN_7-9-3,7-9-3,Rhodotorula diobovata,China,marsh_tidalflat,1,30
17,2,5,11.284067308761472,TFCN_7-9-3,7-9-3,Rhodotorula diobovata,China,marsh_tidalflat,1,30
17,3,7,22.51378547733448,TFCN_7-9-3,7-9-3,Rhodotorula diobovata,China,marsh_tidalflat,1,30
17,4,7,26.208946419707086,TFCN_7-9-3,7-9-3,Rhodotorula diobovata,China,marsh_tidalflat,1,30
18,1,7,24.26821616212589,TFCN_25-395P-1,"25-395P-1
 BY126-F2",Rhodotorula mucilaginosa,China,marsh_tidalflat,1,30
18,2,7,21.957932015718935,TFCN_25-395P-1,"25-395P-1
 BY126-F2",Rhodotorula mucilaginosa,China,marsh_tidalflat,1,30
18,3,6,20.008270573812688,TFCN_25-395P-1,"25-395P-1
 BY126-F2",Rhodotorula mucilaginosa,China,marsh_tidalflat,1,30
18,4,7,23.10777940297351,TFCN_25-395P-1,"25-395P-1
 BY126-F2",Rhodotorula mucilaginosa,China,marsh_tidalflat,1,30
19,1,7,27.105872964723865,TFCN_152A-12,"152A-12
 BY32-A3",Rhodotorula mucilaginosa,China,marsh_tidalflat,1,30
19,2,7,25.81164576175161,TFCN_152A-12,"152A-12
 BY32-A3",Rhodotorula mucilaginosa,China,marsh_tidalflat,1,30
19,3,7,26.108511029517366,TFCN_152A-12,"152A-12
 BY32-A3",Rhodotorula mucilaginosa,China,marsh_tidalflat,1,30
19,4,7,26.82812604174975,TFCN_152A-12,"152A-12
 BY32-A3",Rhodotorula mucilaginosa,China,marsh_tidalflat,1,30
20,1,6,20.36424115342264,TFCN_102D-1,102D-1 8130,Rhodotorula mucilaginosa,China,marsh_tidalflat,1,30
20,2,7,21.593252611991396,TFCN_102D-1,102D-1 8130,Rhodotorula mucilaginosa,China,marsh_tidalflat,1,30
20,4,7,23.676339453584987,TFCN_102D-1,102D-1 8130,Rhodotorula mucilaginosa,China,marsh_tidalflat,1,30
21,1,6,20.694143765698996,TFCN_4M-1-2,"4M-1-2
 BY8-D4",Rhodotorula mucilaginosa,China,marsh_tidalflat,1,30
21,2,7,21.958120706077334,TFCN_4M-1-2,"4M-1-2
 BY8-D4",Rhodotorula mucilaginosa,China,marsh_tidalflat,1,30
21,3,7,27.644949604876274,TFCN_4M-1-2,"4M-1-2
 BY8-D4",Rhodotorula mucilaginosa,China,marsh_tidalflat,1,30
22,1,7,24.215435034189394,TFCN_209-6-11,"209-6-11
 BY43-G1",Rhodotorula mucilaginosa,China,marsh_tidalflat,1,30
22,2,7,23.906722358414157,TFCN_209-6-11,"209-6-11
 BY43-G1",Rhodotorula mucilaginosa,China,marsh_tidalflat,1,30
22,3,6,20.914388017751325,TFCN_209-6-11,"209-6-11
 BY43-G1",Rhodotorula mucilaginosa,China,marsh_tidalflat,1,30
22,4,7,21.824919123926144,TFCN_209-6-11,"209-6-11
 BY43-G1",Rhodotorula mucilaginosa,China,marsh_tidalflat,1,30
23,3,7,27.95955143915442,TFCN_110C-1,110C-1,Rhodotorula mucilaginosa,China,marsh_tidalflat,1,30
24,1,7,28.363316399209154,TFCN_17-337P-5,"17-337P-5
 BY116-B7",Rhodotorula mucilaginosa,China,marsh_tidalflat,1,30
24,2,7,26.604143612923206,TFCN_17-337P-5,"17-337P-5
 BY116-B7",Rhodotorula mucilaginosa,China,marsh_tidalflat,1,30
24,3,5,23.078972596656538,TFCN_17-337P-5,"17-337P-5
 BY116-B7",Rhodotorula mucilaginosa,China,marsh_tidalflat,1,30
24,4,7,25.721621546575495,TFCN_17-337P-5,"17-337P-5
 BY116-B7",Rhodotorula mucilaginosa,China,marsh_tidalflat,1,30
25,1,7,25.876586134385136,TFCN_137C-3,"137C-3
 BY30-I4",Rhodotorula mucilaginosa,China,marsh_tidalflat,1,30
25,2,7,23.771463291476483,TFCN_137C-3,"137C-3
 BY30-I4",Rhodotorula mucilaginosa,China,marsh_tidalflat,1,30
25,3,7,24.303710513745933,TFCN_137C-3,"137C-3
 BY30-I4",Rhodotorula mucilaginosa,China,marsh_tidalflat,1,30
26,1,7,27.448080665467934,TFCN_212C-2,"212C-2
 BY39-G3",Rhodotorula mucilaginosa,China,marsh_tidalflat,1,30
26,2,7,23.37017878104115,TFCN_212C-2,"212C-2
 BY39-G3",Rhodotorula mucilaginosa,China,marsh_tidalflat,1,30
26,3,6,20.5791425954444,TFCN_212C-2,"212C-2
 BY39-G3",Rhodotorula mucilaginosa,China,marsh_tidalflat,1,30
26,4,7,25.530948064656528,TFCN_212C-2,"212C-2
 BY39-G3",Rhodotorula mucilaginosa,China,marsh_tidalflat,1,30
27,1,7,27.42639637434037,TFCN_25-0-2E390-1,"25-0-2E390-1
 BY126-F3",Rhodotorula mucilaginosa,China,marsh_tidalflat,1,30
27,2,7,24.86556608317921,TFCN_25-0-2E390-1,"25-0-2E390-1
 BY126-F3",Rhodotorula mucilaginosa,China,marsh_tidalflat,1,30
27,3,7,27.381515954515983,TFCN_25-0-2E390-1,"25-0-2E390-1
 BY126-F3",Rhodotorula mucilaginosa,China,marsh_tidalflat,1,30
27,4,7,23.885007033519216,TFCN_25-0-2E390-1,"25-0-2E390-1
 BY126-F3",Rhodotorula mucilaginosa,China,marsh_tidalflat,1,30
28,1,7,27.72326047869229,TFCN_1A-1-3,1A-1-3 8130,Rhodotorula pacifica,China,marsh_tidalflat,1,30
28,2,7,26.40336927853843,TFCN_1A-1-3,1A-1-3 8130,Rhodotorula pacifica,China,marsh_tidalflat,1,30
28,3,7,26.277099054498347,TFCN_1A-1-3,1A-1-3 8130,Rhodotorula pacifica,China,marsh_tidalflat,1,30
28,4,7,19.720768550763875,TFCN_1A-1-3,1A-1-3 8130,Rhodotorula pacifica,China,marsh_tidalflat,1,30
29,1,6,23.36504908166956,TFCN_25-332D-2,"25-332D-2
 BY119-I1 8/30",Rhodotorula mucilaginosa,China,marsh_tidalflat,1,30
29,2,6,23.130760889714587,TFCN_25-332D-2,"25-332D-2
 BY119-I1 8/30",Rhodotorula mucilaginosa,China,marsh_tidalflat,1,30
29,4,7,26.125690905146307,TFCN_25-332D-2,"25-332D-2
 BY119-I1 8/30",Rhodotorula mucilaginosa,China,marsh_tidalflat,1,30
30,1,7,21.737499772423824,TFCN_2M-1-4,"2M-1-4
 BY8-B3 8/30",Rhodotorula mucilaginosa,China,marsh_tidalflat,1,30
30,2,6,20.668790179923775,TFCN_2M-1-4,"2M-1-4
 BY8-B3 8/30",Rhodotorula mucilaginosa,China,marsh_tidalflat,1,30
30,3,7,25.33815092197635,TFCN_2M-1-4,"2M-1-4
 BY8-B3 8/30",Rhodotorula mucilaginosa,China,marsh_tidalflat,1,30
30,4,7,21.647342185676717,TFCN_2M-1-4,"2M-1-4
 BY8-B3 8/30",Rhodotorula mucilaginosa,China,marsh_tidalflat,1,30
31,1,7,21.6636674443693,TFCN_340-3,"340-3
 BY110-F1",Rhodotorula mucilaginosa,China,marsh_tidalflat,1,30
31,2,7,21.38440679559348,TFCN_340-3,"340-3
 BY110-F1",Rhodotorula mucilaginosa,China,marsh_tidalflat,1,30
31,3,7,22.179235343546278,TFCN_340-3,"340-3
 BY110-F1",Rhodotorula mucilaginosa,China,marsh_tidalflat,1,30
31,4,7,25.47714004453313,TFCN_340-3,"340-3
 BY110-F1",Rhodotorula mucilaginosa,China,marsh_tidalflat,1,30
32,1,6,20.256121788389656,TFCN_100D-1,"100D-1
 BY31-H3",Rhodotorula mucilaginosa,China,marsh_tidalflat,1,30
32,2,7,20.489381535801748,TFCN_100D-1,"100D-1
 BY31-H3",Rhodotorula mucilaginosa,China,marsh_tidalflat,1,30
32,3,7,24.007474013457184,TFCN_100D-1,"100D-1
 BY31-H3",Rhodotorula mucilaginosa,China,marsh_tidalflat,1,30
32,4,7,22.50898685472101,TFCN_100D-1,"100D-1
 BY31-H3",Rhodotorula mucilaginosa,China,marsh_tidalflat,1,30
33,1,6,19.698366852226886,TFCN_340-1,"340-1
 BY110-D1",Rhodotorula mucilaginosa,China,marsh_tidalflat,1,30
33,2,7,20.941411149588948,TFCN_340-1,"340-1
 BY110-D1",Rhodotorula mucilaginosa,China,marsh_tidalflat,1,30
33,3,7,27.158175008689714,TFCN_340-1,"340-1
 BY110-D1",Rhodotorula mucilaginosa,China,marsh_tidalflat,1,30
33,4,7,24.948807496653444,TFCN_340-1,"340-1
 BY110-D1",Rhodotorula mucilaginosa,China,marsh_tidalflat,1,30
36,1,7,24.16485429523068,TFCN_17-267M-1,"17-267M-1
 BY121-A4",Rhodotorula mucilaginosa,China,marsh_tidalflat,1,30
36,2,7,24.315943675708258,TFCN_17-267M-1,"17-267M-1
 BY121-A4",Rhodotorula mucilaginosa,China,marsh_tidalflat,1,30
36,3,7,25.707546988490762,TFCN_17-267M-1,"17-267M-1
 BY121-A4",Rhodotorula mucilaginosa,China,marsh_tidalflat,1,30
36,4,7,26.870576482024283,TFCN_17-267M-1,"17-267M-1
 BY121-A4",Rhodotorula mucilaginosa,China,marsh_tidalflat,1,30
37,2,6,19.02360088633176,TFCN_48A-15,48A-15,Rhodotorula paludigena,China,marsh_tidalflat,1,30
37,4,7,22.240093429666338,TFCN_48A-15,48A-15,Rhodotorula paludigena,China,marsh_tidalflat,1,30
38,1,6,23.887100405233497,TFCN_25-332C-1,"25-332C-1
 BY119-C2",Rhodotorula mucilaginosa,China,marsh_tidalflat,1,30
38,2,6,25.290792376855055,TFCN_25-332C-1,"25-332C-1
 BY119-C2",Rhodotorula mucilaginosa,China,marsh_tidalflat,1,30
38,3,7,22.134837406221962,TFCN_25-332C-1,"25-332C-1
 BY119-C2",Rhodotorula mucilaginosa,China,marsh_tidalflat,1,30
38,4,7,23.197775920109734,TFCN_25-332C-1,"25-332C-1
 BY119-C2",Rhodotorula mucilaginosa,China,marsh_tidalflat,1,30
39,1,7,23.580062783316457,TFCN_17-334Y-3,"17-334Y-3
 BY116-C9",Rhodotorula mucilaginosa,China,marsh_tidalflat,1,30
39,2,7,20.926813855543678,TFCN_17-334Y-3,"17-334Y-3
 BY116-C9",Rhodotorula mucilaginosa,China,marsh_tidalflat,1,30
39,3,6,20.380377520575617,TFCN_17-334Y-3,"17-334Y-3
 BY116-C9",Rhodotorula mucilaginosa,China,marsh_tidalflat,1,30
39,4,7,27.98840450579173,TFCN_17-334Y-3,"17-334Y-3
 BY116-C9",Rhodotorula mucilaginosa,China,marsh_tidalflat,1,30
40,1,7,25.558060708407954,TFCN_270H-1,"270H-1
 BY113-D3",Rhodotorula mucilaginosa,China,marsh_tidalflat,1,30
40,2,7,22.525356708093287,TFCN_270H-1,"270H-1
 BY113-D3",Rhodotorula mucilaginosa,China,marsh_tidalflat,1,30
40,3,7,25.283427860794514,TFCN_270H-1,"270H-1
 BY113-D3",Rhodotorula mucilaginosa,China,marsh_tidalflat,1,30
40,4,7,23.788263989262102,TFCN_270H-1,"270H-1
 BY113-D3",Rhodotorula mucilaginosa,China,marsh_tidalflat,1,30
41,1,7,22.596801874494226,TFCN_107C-3,107C-3,Rhodotorula mucilaginosa,China,marsh_tidalflat,1,30
41,2,6,22.037548284927308,TFCN_107C-3,107C-3,Rhodotorula mucilaginosa,China,marsh_tidalflat,1,30
41,3,6,27.58995709415104,TFCN_107C-3,107C-3,Rhodotorula mucilaginosa,China,marsh_tidalflat,1,30
41,4,7,26.389098381995428,TFCN_107C-3,107C-3,Rhodotorula mucilaginosa,China,marsh_tidalflat,1,30
42,1,7,26.490931967972884,TFCN_33A-4,33A-4,Rhodotorula mucilaginosa,China,marsh_tidalflat,1,30
42,2,7,24.352141415032687,TFCN_33A-4,33A-4,Rhodotorula mucilaginosa,China,marsh_tidalflat,1,30
42,3,2,4.720375269856099,TFCN_33A-4,33A-4,Rhodotorula mucilaginosa,China,marsh_tidalflat,1,30
43,1,5,15.022255921563675,TFCN_152D-4,"152D-4
 BY32-B4",Rhodotorula toruloides,China,marsh_tidalflat,1,30
43,2,7,23.653917467854317,TFCN_152D-4,"152D-4
 BY32-B4",Rhodotorula toruloides,China,marsh_tidalflat,1,30
43,4,7,25.460438691975934,TFCN_152D-4,"152D-4
 BY32-B4",Rhodotorula toruloides,China,marsh_tidalflat,1,30
44,1,3,7.567166702891194,TFCN_7-9-2,7-9-2,Rhodotorula diobovata,China,marsh_tidalflat,1,30
44,2,5,11.066789058359094,TFCN_7-9-2,7-9-2,Rhodotorula diobovata,China,marsh_tidalflat,1,30
44,3,7,25.252245994817223,TFCN_7-9-2,7-9-2,Rhodotorula diobovata,China,marsh_tidalflat,1,30
44,4,6,27.608672168819012,TFCN_7-9-2,7-9-2,Rhodotorula diobovata,China,marsh_tidalflat,1,30
45,1,7,25.98443983356045,TFCN_17Y-278-1,"17Y-278-1
 BY126-D5",Rhodotorula mucilaginosa,China,marsh_tidalflat,1,30
45,2,7,26.42170975175619,TFCN_17Y-278-1,"17Y-278-1
 BY126-D5",Rhodotorula mucilaginosa,China,marsh_tidalflat,1,30
45,4,7,22.42692786190524,TFCN_17Y-278-1,"17Y-278-1
 BY126-D5",Rhodotorula mucilaginosa,China,marsh_tidalflat,1,30
46,2,7,20.44317386667459,TFCN_43A-4,43A-4,Rhodotorula paludigena,China,marsh_tidalflat,1,30
46,3,7,26.81368895257679,TFCN_43A-4,43A-4,Rhodotorula paludigena,China,marsh_tidalflat,1,30
46,4,7,23.78473023759046,TFCN_43A-4,43A-4,Rhodotorula paludigena,China,marsh_tidalflat,1,30
47,1,7,25.7636497599493,TFCN_25-331D-1,"25-331D-1
 BY119-D1",Rhodotorula mucilaginosa,China,marsh_tidalflat,1,30
47,2,7,25.91805066038522,TFCN_25-331D-1,"25-331D-1
 BY119-D1",Rhodotorula mucilaginosa,China,marsh_tidalflat,1,30
47,4,2,3.6375517237883948,TFCN_25-331D-1,"25-331D-1
 BY119-D1",Rhodotorula mucilaginosa,China,marsh_tidalflat,1,30
48,1,6,19.422038143492813,TFCN_25-333C-2,"25-333C-2
 BY120-H5",Rhodotorula mucilaginosa,China,marsh_tidalflat,1,30
48,2,6,19.54370505383215,TFCN_25-333C-2,"25-333C-2
 BY120-H5",Rhodotorula mucilaginosa,China,marsh_tidalflat,1,30
48,3,7,25.086089090665777,TFCN_25-333C-2,"25-333C-2
 BY120-H5",Rhodotorula mucilaginosa,China,marsh_tidalflat,1,30
48,4,3,7.7297314022918675,TFCN_25-333C-2,"25-333C-2
 BY120-H5",Rhodotorula mucilaginosa,China,marsh_tidalflat,1,30
49,1,7,20.81532163205078,TFCN_270H-2,"270H-2
 BY113-D4",Rhodotorula mucilaginosa,China,marsh_tidalflat,1,30
49,2,6,16.081970885491234,TFCN_270H-2,"270H-2
 BY113-D4",Rhodotorula mucilaginosa,China,marsh_tidalflat,1,30
49,3,7,21.413993436539485,TFCN_270H-2,"270H-2
 BY113-D4",Rhodotorula mucilaginosa,China,marsh_tidalflat,1,30
49,4,7,25.802467860188557,TFCN_270H-2,"270H-2
 BY113-D4",Rhodotorula mucilaginosa,China,marsh_tidalflat,1,30
50,1,7,22.199772928867823,TFCN_118C-2,"118C-2
 BY31-G1",Rhodotorula mucilaginosa,China,marsh_tidalflat,1,30
50,2,7,21.45258956755916,TFCN_118C-2,"118C-2
 BY31-G1",Rhodotorula mucilaginosa,China,marsh_tidalflat,1,30
50,3,6,21.112177385724248,TFCN_118C-2,"118C-2
 BY31-G1",Rhodotorula mucilaginosa,China,marsh_tidalflat,1,30
50,4,7,25.217823400705317,TFCN_118C-2,"118C-2
 BY31-G1",Rhodotorula mucilaginosa,China,marsh_tidalflat,1,30
51,1,7,22.994582317291755,TFCN_25-334D-3,"25-334D-3
 BY118-F7",Rhodotorula mucilaginosa,China,marsh_tidalflat,1,30
51,2,7,20.84298611860109,TFCN_25-334D-3,"25-334D-3
 BY118-F7",Rhodotorula mucilaginosa,China,marsh_tidalflat,1,30
51,4,6,26.66695698929196,TFCN_25-334D-3,"25-334D-3
 BY118-F7",Rhodotorula mucilaginosa,China,marsh_tidalflat,1,30
52,1,7,21.19796929779642,TFCN_1A-14,1A-14,Rhodotorula mucilaginosa,China,NA,1,30
52,2,6,20.02927717251957,TFCN_1A-14,1A-14,Rhodotorula mucilaginosa,China,NA,1,30
52,3,7,22.954110736310376,TFCN_1A-14,1A-14,Rhodotorula mucilaginosa,China,NA,1,30
52,4,7,26.084130493920043,TFCN_1A-14,1A-14,Rhodotorula mucilaginosa,China,NA,1,30
53,1,7,21.928848210560325,TFCN_211A-3,"211A-3
 BY37-B3",Rhodotorula mucilaginosa,China,marsh_tidalflat,1,30
53,2,7,20.90522385724523,TFCN_211A-3,"211A-3
 BY37-B3",Rhodotorula mucilaginosa,China,marsh_tidalflat,1,30
53,3,6,24.02036502513019,TFCN_211A-3,"211A-3
 BY37-B3",Rhodotorula mucilaginosa,China,marsh_tidalflat,1,30
54,1,7,25.333995795765524,TFCN_17-0-2E390-1,"17-0-2E390-1
 BY126-B7",Rhodotorula mucilaginosa,China,marsh_tidalflat,1,30
54,2,7,25.4776398358457,TFCN_17-0-2E390-1,"17-0-2E390-1
 BY126-B7",Rhodotorula mucilaginosa,China,marsh_tidalflat,1,30
54,3,7,25.371371229313795,TFCN_17-0-2E390-1,"17-0-2E390-1
 BY126-B7",Rhodotorula mucilaginosa,China,marsh_tidalflat,1,30
54,4,7,24.62581525698242,TFCN_17-0-2E390-1,"17-0-2E390-1
 BY126-B7",Rhodotorula mucilaginosa,China,marsh_tidalflat,1,30
55,1,7,27.370156006799782,TFCN_172A-1,"172A-1
 BY40-A6",Rhodotorula mucilaginosa,China,marsh_tidalflat,1,30
55,2,7,25.70031884253523,TFCN_172A-1,"172A-1
 BY40-A6",Rhodotorula mucilaginosa,China,marsh_tidalflat,1,30
55,3,6,23.71639083578666,TFCN_172A-1,"172A-1
 BY40-A6",Rhodotorula mucilaginosa,China,marsh_tidalflat,1,30
55,4,7,22.341291248396697,TFCN_172A-1,"172A-1
 BY40-A6",Rhodotorula mucilaginosa,China,marsh_tidalflat,1,30
56,1,7,27.19251970655008,TFCN_22C-4,22C-4,Rhodotorula mucilaginosa,China,marsh_tidalflat,1,30
56,2,7,25.174459730877114,TFCN_22C-4,22C-4,Rhodotorula mucilaginosa,China,marsh_tidalflat,1,30
56,3,7,22.56005523101579,TFCN_22C-4,22C-4,Rhodotorula mucilaginosa,China,marsh_tidalflat,1,30
56,4,7,22.21187277074571,TFCN_22C-4,22C-4,Rhodotorula mucilaginosa,China,marsh_tidalflat,1,30
57,1,7,26.07650993735125,TFCN_98D-11,98D-11,Rhodotorula mucilaginosa,China,NA,1,30
57,2,7,26.548752415465106,TFCN_98D-11,98D-11,Rhodotorula mucilaginosa,China,NA,1,30
57,3,6,20.88510076160095,TFCN_98D-11,98D-11,Rhodotorula mucilaginosa,China,NA,1,30
57,4,7,26.660852031032565,TFCN_98D-11,98D-11,Rhodotorula mucilaginosa,China,NA,1,30
58,1,7,23.228595850513024,TFCN_25-332Y-1,"25-332Y-1
 BY119-F3",Rhodotorula mucilaginosa,China,marsh_tidalflat,1,30
58,2,5,22.50272837740551,TFCN_25-332Y-1,"25-332Y-1
 BY119-F3",Rhodotorula mucilaginosa,China,marsh_tidalflat,1,30
58,3,7,24.552521217348954,TFCN_25-332Y-1,"25-332Y-1
 BY119-F3",Rhodotorula mucilaginosa,China,marsh_tidalflat,1,30
58,4,7,22.6498673603278,TFCN_25-332Y-1,"25-332Y-1
 BY119-F3",Rhodotorula mucilaginosa,China,marsh_tidalflat,1,30
59,1,7,23.5745679020278,TFCN_25-333Y-9,"25-333Y-9
 BY120_C8",Rhodotorula mucilaginosa,China,marsh_tidalflat,1,30
59,2,7,24.662547787337786,TFCN_25-333Y-9,"25-333Y-9
 BY120_C8",Rhodotorula mucilaginosa,China,marsh_tidalflat,1,30
59,3,7,26.328511145032184,TFCN_25-333Y-9,"25-333Y-9
 BY120_C8",Rhodotorula mucilaginosa,China,marsh_tidalflat,1,30
59,4,7,23.415301734454452,TFCN_25-333Y-9,"25-333Y-9
 BY120_C8",Rhodotorula mucilaginosa,China,marsh_tidalflat,1,30
60,1,7,26.031424252776176,TFCN_25-325Y-1,"25-325Y-1
 BY120-D6",Rhodotorula mucilaginosa,China,marsh_tidalflat,1,30
60,2,7,25.738359456500184,TFCN_25-325Y-1,"25-325Y-1
 BY120-D6",Rhodotorula mucilaginosa,China,marsh_tidalflat,1,30
60,3,7,26.58847129155894,TFCN_25-325Y-1,"25-325Y-1
 BY120-D6",Rhodotorula mucilaginosa,China,marsh_tidalflat,1,30
60,4,7,25.322347211290634,TFCN_25-325Y-1,"25-325Y-1
 BY120-D6",Rhodotorula mucilaginosa,China,marsh_tidalflat,1,30
61,2,7,23.629323283561426,TFCN_152A-6,"152A-6
 BY32-D2",Rhodotorula toruloides,China,marsh_tidalflat,1,30
61,3,5,18.734180636102785,TFCN_152A-6,"152A-6
 BY32-D2",Rhodotorula toruloides,China,marsh_tidalflat,1,30
61,4,7,20.597019778440725,TFCN_152A-6,"152A-6
 BY32-D2",Rhodotorula toruloides,China,marsh_tidalflat,1,30
62,1,7,27.504312960394547,TFCN_17-338D-3,"17-338D-3
 BY116-B5",Rhodotorula mucilaginosa,China,marsh_tidalflat,1,30
62,2,7,26.562905516921703,TFCN_17-338D-3,"17-338D-3
 BY116-B5",Rhodotorula mucilaginosa,China,marsh_tidalflat,1,30
62,4,7,28.22771525913837,TFCN_17-338D-3,"17-338D-3
 BY116-B5",Rhodotorula mucilaginosa,China,marsh_tidalflat,1,30
63,1,7,25.721765448216555,TFCN_17-0-2E390-2,"17-0-2E390-2
 BY126-C7",Rhodotorula mucilaginosa,China,NA,1,30
63,2,7,24.437355187475355,TFCN_17-0-2E390-2,"17-0-2E390-2
 BY126-C7",Rhodotorula mucilaginosa,China,NA,1,30
63,4,7,21.837750326748097,TFCN_17-0-2E390-2,"17-0-2E390-2
 BY126-C7",Rhodotorula mucilaginosa,China,NA,1,30
64,1,6,16.788970715915916,TFCN_140A-3,"140A-3
 BY30-G2",Rhodotorula mucilaginosa,China,marsh_tidalflat,1,30
64,2,7,19.00776556868488,TFCN_140A-3,"140A-3
 BY30-G2",Rhodotorula mucilaginosa,China,marsh_tidalflat,1,30
64,3,7,24.41003672489267,TFCN_140A-3,"140A-3
 BY30-G2",Rhodotorula mucilaginosa,China,marsh_tidalflat,1,30
64,4,7,26.14343144315658,TFCN_140A-3,"140A-3
 BY30-G2",Rhodotorula mucilaginosa,China,marsh_tidalflat,1,30
66,1,7,24.253444574620993,TFCN_209-6-5,"209-6-5
 BY43-A1",Rhodotorula mucilaginosa,China,marsh_tidalflat,1,30
66,2,7,23.79484464873099,TFCN_209-6-5,"209-6-5
 BY43-A1",Rhodotorula mucilaginosa,China,marsh_tidalflat,1,30
66,3,7,22.28069885332222,TFCN_209-6-5,"209-6-5
 BY43-A1",Rhodotorula mucilaginosa,China,marsh_tidalflat,1,30
66,4,7,26.73862625634775,TFCN_209-6-5,"209-6-5
 BY43-A1",Rhodotorula mucilaginosa,China,marsh_tidalflat,1,30
67,1,7,28.071483198169886,TFCN_17-333P-6,"17-333P-6
 BY118-E1",Rhodotorula mucilaginosa,China,marsh_tidalflat,1,30
67,2,7,28.255655417298748,TFCN_17-333P-6,"17-333P-6
 BY118-E1",Rhodotorula mucilaginosa,China,marsh_tidalflat,1,30
67,3,7,27.515584316467184,TFCN_17-333P-6,"17-333P-6
 BY118-E1",Rhodotorula mucilaginosa,China,marsh_tidalflat,1,30
67,4,7,25.2853097316204,TFCN_17-333P-6,"17-333P-6
 BY118-E1",Rhodotorula mucilaginosa,China,marsh_tidalflat,1,30
68,1,7,27.920339393362845,TFCN_17-325D-2,"17-325D-2
 BY116-B4",Rhodotorula mucilaginosa,China,marsh_tidalflat,1,30
68,2,7,25.313619859340918,TFCN_17-325D-2,"17-325D-2
 BY116-B4",Rhodotorula mucilaginosa,China,marsh_tidalflat,1,30
68,3,6,18.262351365937302,TFCN_17-325D-2,"17-325D-2
 BY116-B4",Rhodotorula mucilaginosa,China,marsh_tidalflat,1,30
68,4,7,24.85073276851375,TFCN_17-325D-2,"17-325D-2
 BY116-B4",Rhodotorula mucilaginosa,China,marsh_tidalflat,1,30
69,1,7,27.650121629276036,TFCN_17-325P-1,"17-325P-1
 BY117-E2",Rhodotorula mucilaginosa,China,marsh_tidalflat,1,30
69,2,7,26.431664072780954,TFCN_17-325P-1,"17-325P-1
 BY117-E2",Rhodotorula mucilaginosa,China,marsh_tidalflat,1,30
69,3,7,26.84301440504208,TFCN_17-325P-1,"17-325P-1
 BY117-E2",Rhodotorula mucilaginosa,China,marsh_tidalflat,1,30
69,4,7,22.211941862185572,TFCN_17-325P-1,"17-325P-1
 BY117-E2",Rhodotorula mucilaginosa,China,marsh_tidalflat,1,30
71,1,7,21.08777469538375,TFCN_7W-292-3,"7W-292-3
 BY53-A7",Rhodotorula dairenensis,China,marsh_tidalflat,1,30
71,2,7,20.685681406168335,TFCN_7W-292-3,"7W-292-3
 BY53-A7",Rhodotorula dairenensis,China,marsh_tidalflat,1,30
71,3,7,24.42791625800883,TFCN_7W-292-3,"7W-292-3
 BY53-A7",Rhodotorula dairenensis,China,marsh_tidalflat,1,30
71,4,7,26.883070629452632,TFCN_7W-292-3,"7W-292-3
 BY53-A7",Rhodotorula dairenensis,China,marsh_tidalflat,1,30
72,1,7,20.66949822778902,TFCN_89D-3,"89D-3
 BY32-I5",Rhodotorula mucilaginosa,China,marsh_tidalflat,1,30
72,2,7,21.30874332862227,TFCN_89D-3,"89D-3
 BY32-I5",Rhodotorula mucilaginosa,China,marsh_tidalflat,1,30
72,3,7,25.94464097654707,TFCN_89D-3,"89D-3
 BY32-I5",Rhodotorula mucilaginosa,China,marsh_tidalflat,1,30
73,1,7,23.857211931018934,TFCN_138A-1,"138A-1
 BY31-C1",Rhodotorula mucilaginosa,China,marsh_tidalflat,1,30
73,2,7,25.153111490213792,TFCN_138A-1,"138A-1
 BY31-C1",Rhodotorula mucilaginosa,China,marsh_tidalflat,1,30
73,3,7,26.62670134023394,TFCN_138A-1,"138A-1
 BY31-C1",Rhodotorula mucilaginosa,China,marsh_tidalflat,1,30
73,4,7,29.950892934396457,TFCN_138A-1,"138A-1
 BY31-C1",Rhodotorula mucilaginosa,China,marsh_tidalflat,1,30
74,1,7,24.750734174524517,TFCN_209-6-17,"209-6-17
 BY43-D2",Rhodotorula mucilaginosa,China,marsh_tidalflat,1,30
74,2,7,23.747028915279063,TFCN_209-6-17,"209-6-17
 BY43-D2",Rhodotorula mucilaginosa,China,marsh_tidalflat,1,30
74,3,7,25.519055244703118,TFCN_209-6-17,"209-6-17
 BY43-D2",Rhodotorula mucilaginosa,China,marsh_tidalflat,1,30
74,4,7,28.01411615003569,TFCN_209-6-17,"209-6-17
 BY43-D2",Rhodotorula mucilaginosa,China,marsh_tidalflat,1,30
75,1,7,25.401408940993193,TFCN_137D-4,"137D-4
 BY30-H6",Rhodotorula mucilaginosa,China,marsh_tidalflat,1,30
75,2,7,24.11850374697786,TFCN_137D-4,"137D-4
 BY30-H6",Rhodotorula mucilaginosa,China,marsh_tidalflat,1,30
75,3,7,28.218419156682586,TFCN_137D-4,"137D-4
 BY30-H6",Rhodotorula mucilaginosa,China,marsh_tidalflat,1,30
75,4,7,27.196368970475174,TFCN_137D-4,"137D-4
 BY30-H6",Rhodotorula mucilaginosa,China,marsh_tidalflat,1,30
76,1,7,25.020319448880024,TFCN_25-337Y-1,"25-337Y-1
 BY118-I8",Rhodotorula mucilaginosa,China,marsh_tidalflat,1,30
76,2,7,24.2079710053455,TFCN_25-337Y-1,"25-337Y-1
 BY118-I8",Rhodotorula mucilaginosa,China,marsh_tidalflat,1,30
76,3,7,23.829307467955694,TFCN_25-337Y-1,"25-337Y-1
 BY118-I8",Rhodotorula mucilaginosa,China,marsh_tidalflat,1,30
76,4,7,25.892249172395072,TFCN_25-337Y-1,"25-337Y-1
 BY118-I8",Rhodotorula mucilaginosa,China,marsh_tidalflat,1,30
77,1,7,24.163243903418397,TFCN_209-6-2,"209-6-2
 BY42-G9",Rhodotorula mucilaginosa,China,NA,1,30
77,2,7,25.66176756509638,TFCN_209-6-2,"209-6-2
 BY42-G9",Rhodotorula mucilaginosa,China,NA,1,30
77,3,7,24.75162363526529,TFCN_209-6-2,"209-6-2
 BY42-G9",Rhodotorula mucilaginosa,China,NA,1,30
77,4,7,23.949544367952146,TFCN_209-6-2,"209-6-2
 BY42-G9",Rhodotorula mucilaginosa,China,NA,1,30
78,1,7,21.530101801122335,TFCN_25-332P-2,"25-332P-2
 BY119-B2",Rhodotorula mucilaginosa,China,marsh_tidalflat,1,30
78,2,7,22.278064903186884,TFCN_25-332P-2,"25-332P-2
 BY119-B2",Rhodotorula mucilaginosa,China,marsh_tidalflat,1,30
78,3,6,24.036016796823798,TFCN_25-332P-2,"25-332P-2
 BY119-B2",Rhodotorula mucilaginosa,China,marsh_tidalflat,1,30
78,4,7,26.786473872667425,TFCN_25-332P-2,"25-332P-2
 BY119-B2",Rhodotorula mucilaginosa,China,marsh_tidalflat,1,30
79,1,7,21.22031313300896,TFCN_98C-7,98C-7,Rhodotorula mucilaginosa,China,marsh_tidalflat,1,30
79,2,6,23.25727113353644,TFCN_98C-7,98C-7,Rhodotorula mucilaginosa,China,marsh_tidalflat,1,30
79,3,7,23.95785484942683,TFCN_98C-7,98C-7,Rhodotorula mucilaginosa,China,marsh_tidalflat,1,30
79,4,7,22.222490706259645,TFCN_98C-7,98C-7,Rhodotorula mucilaginosa,China,marsh_tidalflat,1,30
80,1,7,23.55366658911141,TFCN_1B-1-2,1B-1-2,Rhodotorula pacifica,China,marsh_tidalflat,1,30
80,2,7,25.83672840517419,TFCN_1B-1-2,1B-1-2,Rhodotorula pacifica,China,marsh_tidalflat,1,30
80,3,7,26.010574214084137,TFCN_1B-1-2,1B-1-2,Rhodotorula pacifica,China,marsh_tidalflat,1,30
80,4,7,26.397325902439825,TFCN_1B-1-2,1B-1-2,Rhodotorula pacifica,China,marsh_tidalflat,1,30
81,1,7,23.660644746748154,TFCN_98C-5,98C-5,Rhodotorula mucilaginosa,China,marsh_tidalflat,1,30
81,2,7,25.18507487189933,TFCN_98C-5,98C-5,Rhodotorula mucilaginosa,China,marsh_tidalflat,1,30
81,3,7,23.958610088982148,TFCN_98C-5,98C-5,Rhodotorula mucilaginosa,China,marsh_tidalflat,1,30
81,4,7,21.147081041302243,TFCN_98C-5,98C-5,Rhodotorula mucilaginosa,China,marsh_tidalflat,1,30
83,1,7,21.011307465679224,TFCN_152A-2,"152A-2
 BY32-I1",Rhodotorula mucilaginosa,China,marsh_tidalflat,1,30
83,2,7,21.912495829372695,TFCN_152A-2,"152A-2
 BY32-I1",Rhodotorula mucilaginosa,China,marsh_tidalflat,1,30
83,3,7,27.50850005210833,TFCN_152A-2,"152A-2
 BY32-I1",Rhodotorula mucilaginosa,China,marsh_tidalflat,1,30
85,3,7,28.336840980585137,TFCN_48A-3,48A-3,Rhodotorula paludigena,China,marsh_tidalflat,1,30
85,4,7,24.458112715485345,TFCN_48A-3,48A-3,Rhodotorula paludigena,China,marsh_tidalflat,1,30
86,1,7,22.431844877725243,TFCN_25-333Y-10,"25-333Y-10
 BY120-D8",Rhodotorula mucilaginosa,China,NA,1,30
86,2,7,21.37051638856819,TFCN_25-333Y-10,"25-333Y-10
 BY120-D8",Rhodotorula mucilaginosa,China,NA,1,30
86,3,6,23.382650132606678,TFCN_25-333Y-10,"25-333Y-10
 BY120-D8",Rhodotorula mucilaginosa,China,NA,1,30
86,4,7,22.881512780068434,TFCN_25-333Y-10,"25-333Y-10
 BY120-D8",Rhodotorula mucilaginosa,China,NA,1,30
88,1,6,21.638447723708126,TFCN_152C-3,"152C-3
 BY32-D3",Rhodotorula toruloides,China,NA,2,30
88,2,7,24.06198004335426,TFCN_152C-3,"152C-3
 BY32-D3",Rhodotorula toruloides,China,NA,2,30
88,3,7,23.29271504529109,TFCN_152C-3,"152C-3
 BY32-D3",Rhodotorula toruloides,China,NA,2,30
89,1,7,24.072830184448463,TFCN_4M-1-5,"4M-1-5
 BY8-G4",Rhodotorula mucilaginosa,China,marsh_tidalflat,2,30
89,3,7,23.297076757741287,TFCN_4M-1-5,"4M-1-5
 BY8-G4",Rhodotorula mucilaginosa,China,marsh_tidalflat,2,30
89,4,7,24.768600602809435,TFCN_4M-1-5,"4M-1-5
 BY8-G4",Rhodotorula mucilaginosa,China,marsh_tidalflat,2,30
91,1,6,16.858706481002173,TFCN_25-335P-1,"25-335P-1
 BY120-A5",Rhodotorula diobovata,China,marsh_tidalflat,2,30
91,2,7,20.809692436124504,TFCN_25-335P-1,"25-335P-1
 BY120-A5",Rhodotorula diobovata,China,marsh_tidalflat,2,30
91,3,7,17.46697786788406,TFCN_25-335P-1,"25-335P-1
 BY120-A5",Rhodotorula diobovata,China,marsh_tidalflat,2,30
91,4,5,13.439626408663448,TFCN_25-335P-1,"25-335P-1
 BY120-A5",Rhodotorula diobovata,China,marsh_tidalflat,2,30
92,1,6,14.969081180285214,TFCN_S22D-1,"S22D-1 
 BY38-D8",Rhodotorula taiwanensis,China,marsh_tidalflat,2,30
92,2,6,19.88615901890462,TFCN_S22D-1,"S22D-1 
 BY38-D8",Rhodotorula taiwanensis,China,marsh_tidalflat,2,30
92,3,6,14.577597730485037,TFCN_S22D-1,"S22D-1 
 BY38-D8",Rhodotorula taiwanensis,China,marsh_tidalflat,2,30
92,4,5,12.829772564224868,TFCN_S22D-1,"S22D-1 
 BY38-D8",Rhodotorula taiwanensis,China,marsh_tidalflat,2,30
93,1,4,17.135186993212656,TFCN_48D-10,48D-10,Rhodotorula paludigena,China,marsh_tidalflat,2,30
93,2,7,20.945515794316183,TFCN_48D-10,48D-10,Rhodotorula paludigena,China,marsh_tidalflat,2,30
93,3,7,23.90099685227236,TFCN_48D-10,48D-10,Rhodotorula paludigena,China,marsh_tidalflat,2,30
94,2,7,23.41713356161932,TFCN_48D-4,48D-4,Rhodotorula paludigena,China,marsh_tidalflat,2,30
95,1,7,23.733979841621895,TFCN_86A-3,"86A-3
 BY34-G6",Rhodotorula mucilaginosa,China,marsh_tidalflat,2,30
95,2,7,21.27434205965961,TFCN_86A-3,"86A-3
 BY34-G6",Rhodotorula mucilaginosa,China,marsh_tidalflat,2,30
95,3,7,24.88665778633585,TFCN_86A-3,"86A-3
 BY34-G6",Rhodotorula mucilaginosa,China,marsh_tidalflat,2,30
95,4,7,27.577670820267983,TFCN_86A-3,"86A-3
 BY34-G6",Rhodotorula mucilaginosa,China,marsh_tidalflat,2,30
96,1,4,20.39271182208403,TFCN_152A-4,"152A-4
 BY32-B2",Rhodotorula toruloides,China,marsh_tidalflat,2,30
96,2,7,23.238231919362846,TFCN_152A-4,"152A-4
 BY32-B2",Rhodotorula toruloides,China,marsh_tidalflat,2,30
96,3,7,23.482462895562794,TFCN_152A-4,"152A-4
 BY32-B2",Rhodotorula toruloides,China,marsh_tidalflat,2,30
96,4,6,19.791788471263832,TFCN_152A-4,"152A-4
 BY32-B2",Rhodotorula toruloides,China,marsh_tidalflat,2,30
97,1,7,23.033888145856714,TFCN_17-332P-1,"17-332P-1
 BY115-D6",Rhodotorula mucilaginosa,China,marsh_tidalflat,2,30
97,2,7,21.483785074217923,TFCN_17-332P-1,"17-332P-1
 BY115-D6",Rhodotorula mucilaginosa,China,marsh_tidalflat,2,30
97,3,7,23.445082674805185,TFCN_17-332P-1,"17-332P-1
 BY115-D6",Rhodotorula mucilaginosa,China,marsh_tidalflat,2,30
97,4,6,23.07687404867425,TFCN_17-332P-1,"17-332P-1
 BY115-D6",Rhodotorula mucilaginosa,China,marsh_tidalflat,2,30
98,1,7,23.609892687984708,TFCN_4M-1-4,"4M-1-4
 BY8-F4",Rhodotorula mucilaginosa,China,marsh_tidalflat,2,30
98,2,7,21.01331794255711,TFCN_4M-1-4,"4M-1-4
 BY8-F4",Rhodotorula mucilaginosa,China,marsh_tidalflat,2,30
98,3,7,23.3676383060772,TFCN_4M-1-4,"4M-1-4
 BY8-F4",Rhodotorula mucilaginosa,China,marsh_tidalflat,2,30
98,4,7,23.648966432572514,TFCN_4M-1-4,"4M-1-4
 BY8-F4",Rhodotorula mucilaginosa,China,marsh_tidalflat,2,30
99,1,7,26.84513553233468,TFCN_102C-1,102C-1,Rhodotorula mucilaginosa,China,marsh_tidalflat,2,30
99,2,7,24.30364764730276,TFCN_102C-1,102C-1,Rhodotorula mucilaginosa,China,marsh_tidalflat,2,30
99,3,7,26.963223629565807,TFCN_102C-1,102C-1,Rhodotorula mucilaginosa,China,marsh_tidalflat,2,30
99,4,7,27.08576772726926,TFCN_102C-1,102C-1,Rhodotorula mucilaginosa,China,marsh_tidalflat,2,30
100,1,7,26.22428710000594,TFCN_404D-1,"404D-1
 BY123-F4",Rhodotorula mucilaginosa,China,marsh_tidalflat,2,30
100,2,7,25.536618438190068,TFCN_404D-1,"404D-1
 BY123-F4",Rhodotorula mucilaginosa,China,marsh_tidalflat,2,30
100,3,7,25.685457720693428,TFCN_404D-1,"404D-1
 BY123-F4",Rhodotorula mucilaginosa,China,marsh_tidalflat,2,30
100,4,7,25.217482704731175,TFCN_404D-1,"404D-1
 BY123-F4",Rhodotorula mucilaginosa,China,marsh_tidalflat,2,30
101,2,7,20.062763988531454,TFCN_86C-10,"86C-10
 BY34-B2",Rhodotorula sphaerocarpa,China,marsh_tidalflat,2,30
102,2,7,21.74218340656357,TFCN_342-2,"342-2
 BY110-A2",Rhodotorula paludigena,China,marsh_tidalflat,2,30
103,2,7,23.23729546143403,TFCN_48A-10,48A-10,Rhodotorula paludigena,China,marsh_tidalflat,2,30
104,1,7,24.8715587492693,TFCN_213-6-2,"213-6-2
 BY42-B6",Rhodotorula mucilaginosa,China,marsh_tidalflat,2,30
104,2,7,21.168311245944615,TFCN_213-6-2,"213-6-2
 BY42-B6",Rhodotorula mucilaginosa,China,marsh_tidalflat,2,30
104,3,7,24.458781199576553,TFCN_213-6-2,"213-6-2
 BY42-B6",Rhodotorula mucilaginosa,China,marsh_tidalflat,2,30
104,4,7,26.249285055891043,TFCN_213-6-2,"213-6-2
 BY42-B6",Rhodotorula mucilaginosa,China,marsh_tidalflat,2,30
105,1,6,15.588068757187264,TFCN_152C-6,"152C-6
 BY32-G3",Rhodotorula toruloides,China,marsh_tidalflat,2,30
105,2,6,22.628698851221976,TFCN_152C-6,"152C-6
 BY32-G3",Rhodotorula toruloides,China,marsh_tidalflat,2,30
105,3,4,17.641210535267003,TFCN_152C-6,"152C-6
 BY32-G3",Rhodotorula toruloides,China,marsh_tidalflat,2,30
106,1,7,22.098810981363428,TFCN_273H-1,"273H-1
 BY113-C3",Rhodotorula mucilaginosa,China,marsh_tidalflat,2,30
106,2,7,19.602500547930173,TFCN_273H-1,"273H-1
 BY113-C3",Rhodotorula mucilaginosa,China,marsh_tidalflat,2,30
106,3,7,21.436096274380436,TFCN_273H-1,"273H-1
 BY113-C3",Rhodotorula mucilaginosa,China,marsh_tidalflat,2,30
106,4,7,21.709161323649194,TFCN_273H-1,"273H-1
 BY113-C3",Rhodotorula mucilaginosa,China,marsh_tidalflat,2,30
107,1,7,25.98140913789223,TFCN_209-6-4,"209-6-4
 BY42-I9",Rhodotorula mucilaginosa,China,NA,2,30
107,2,7,23.126107964375834,TFCN_209-6-4,"209-6-4
 BY42-I9",Rhodotorula mucilaginosa,China,NA,2,30
107,3,7,26.653763273344133,TFCN_209-6-4,"209-6-4
 BY42-I9",Rhodotorula mucilaginosa,China,NA,2,30
107,4,7,27.51452865406106,TFCN_209-6-4,"209-6-4
 BY42-I9",Rhodotorula mucilaginosa,China,NA,2,30
108,1,7,22.869906392568904,TFCN_25-332M-2,"25-332M-2
 BY119-E2",Rhodotorula mucilaginosa,China,marsh_tidalflat,2,30
108,2,7,22.616219381595812,TFCN_25-332M-2,"25-332M-2
 BY119-E2",Rhodotorula mucilaginosa,China,marsh_tidalflat,2,30
108,3,7,22.8792363927036,TFCN_25-332M-2,"25-332M-2
 BY119-E2",Rhodotorula mucilaginosa,China,marsh_tidalflat,2,30
108,4,7,23.88648883121843,TFCN_25-332M-2,"25-332M-2
 BY119-E2",Rhodotorula mucilaginosa,China,marsh_tidalflat,2,30
109,1,7,24.23391543645984,TFCN_98C-8,98C-8,Rhodotorula mucilaginosa,China,marsh_tidalflat,2,30
109,2,7,20.089489721144965,TFCN_98C-8,98C-8,Rhodotorula mucilaginosa,China,marsh_tidalflat,2,30
109,3,7,24.0383041812509,TFCN_98C-8,98C-8,Rhodotorula mucilaginosa,China,marsh_tidalflat,2,30
109,4,7,23.678992571642603,TFCN_98C-8,98C-8,Rhodotorula mucilaginosa,China,marsh_tidalflat,2,30
110,2,7,22.72411022359637,TFCN_25-333D-1,"25-333D-1
 BY120-B3",Rhodotorula sp. clade I,China,marsh_tidalflat,2,30
110,3,4,6.857106104770572,TFCN_25-333D-1,"25-333D-1
 BY120-B3",Rhodotorula sp. clade I,China,marsh_tidalflat,2,30
111,1,6,19.180437848029342,TFCN_25-335C-1,"25-335C-1
 BY120-B5",Rhodotorula diobovata,China,marsh_tidalflat,2,30
111,2,7,23.937177014306908,TFCN_25-335C-1,"25-335C-1
 BY120-B5",Rhodotorula diobovata,China,marsh_tidalflat,2,30
111,3,7,17.744955901240573,TFCN_25-335C-1,"25-335C-1
 BY120-B5",Rhodotorula diobovata,China,marsh_tidalflat,2,30
111,4,6,18.986533509595848,TFCN_25-335C-1,"25-335C-1
 BY120-B5",Rhodotorula diobovata,China,marsh_tidalflat,2,30
112,2,7,25.0568056641671,TFCN_17-328P-3,"17-328P-3
 BY116-C2",Rhodotorula sp. clade I,China,marsh_tidalflat,2,30
113,1,7,24.19727329837163,TFCN_54D-2,54D-2,Rhodotorula mucilaginosa,China,marsh_tidalflat,2,30
113,2,7,24.808826574604304,TFCN_54D-2,54D-2,Rhodotorula mucilaginosa,China,marsh_tidalflat,2,30
113,3,6,28.15690511739401,TFCN_54D-2,54D-2,Rhodotorula mucilaginosa,China,marsh_tidalflat,2,30
113,4,7,23.56915981948103,TFCN_54D-2,54D-2,Rhodotorula mucilaginosa,China,marsh_tidalflat,2,30
114,2,7,19.979709680008423,TFCN_152D-6,"152D-6
 BY32-D4",Rhodotorula toruloides,China,marsh_tidalflat,2,30
114,3,7,24.185281023607114,TFCN_152D-6,"152D-6
 BY32-D4",Rhodotorula toruloides,China,marsh_tidalflat,2,30
114,4,4,11.726174066648456,TFCN_152D-6,"152D-6
 BY32-D4",Rhodotorula toruloides,China,marsh_tidalflat,2,30
115,1,7,24.39220717133702,TFCN_25-0-2E332-1,"25-0-2E332-1
 BY119-E3",Rhodotorula mucilaginosa,China,marsh_tidalflat,2,30
115,3,6,23.171014784660567,TFCN_25-0-2E332-1,"25-0-2E332-1
 BY119-E3",Rhodotorula mucilaginosa,China,marsh_tidalflat,2,30
115,4,6,23.09465379492909,TFCN_25-0-2E332-1,"25-0-2E332-1
 BY119-E3",Rhodotorula mucilaginosa,China,marsh_tidalflat,2,30
116,1,6,18.718944989567806,TFCN_25-0-2E333-9,"BY120-C1 (BY120-C7)
 25-0-2E333-9",Rhodotorula mucilaginosa,China,marsh_tidalflat,2,30
116,2,7,21.283889208121657,TFCN_25-0-2E333-9,"BY120-C1 (BY120-C7)
 25-0-2E333-9",Rhodotorula mucilaginosa,China,marsh_tidalflat,2,30
116,3,7,19.59862902900663,TFCN_25-0-2E333-9,"BY120-C1 (BY120-C7)
 25-0-2E333-9",Rhodotorula mucilaginosa,China,marsh_tidalflat,2,30
116,4,6,19.056643949777403,TFCN_25-0-2E333-9,"BY120-C1 (BY120-C7)
 25-0-2E333-9",Rhodotorula mucilaginosa,China,marsh_tidalflat,2,30
117,1,7,22.899218642053718,TFCN_17-0-2E334-10,"17-0-2E334-10
 BY116-C8",Rhodotorula mucilaginosa,China,marsh_tidalflat,2,30
117,2,7,21.484418210813537,TFCN_17-0-2E334-10,"17-0-2E334-10
 BY116-C8",Rhodotorula mucilaginosa,China,marsh_tidalflat,2,30
117,3,7,22.79563675083096,TFCN_17-0-2E334-10,"17-0-2E334-10
 BY116-C8",Rhodotorula mucilaginosa,China,marsh_tidalflat,2,30
117,4,7,22.39258935995309,TFCN_17-0-2E334-10,"17-0-2E334-10
 BY116-C8",Rhodotorula mucilaginosa,China,marsh_tidalflat,2,30
118,1,6,15.545132465508104,TFCN_357-1,"357-1
 BY110-F4",Rhodotorula taiwanensis,China,marsh_tidalflat,2,30
118,2,4,10.729585040737728,TFCN_357-1,"357-1
 BY110-F4",Rhodotorula taiwanensis,China,marsh_tidalflat,2,30
118,3,6,14.920436454597876,TFCN_357-1,"357-1
 BY110-F4",Rhodotorula taiwanensis,China,marsh_tidalflat,2,30
118,4,6,16.597442489803733,TFCN_357-1,"357-1
 BY110-F4",Rhodotorula taiwanensis,China,marsh_tidalflat,2,30
119,1,7,23.08144466478365,TFCN_17-328C-3,"17-328C-3
 BY117-D1",Rhodotorula sp. clade I,China,marsh_tidalflat,2,30
119,2,7,19.82989376178555,TFCN_17-328C-3,"17-328C-3
 BY117-D1",Rhodotorula sp. clade I,China,marsh_tidalflat,2,30
119,3,7,23.02851643263839,TFCN_17-328C-3,"17-328C-3
 BY117-D1",Rhodotorula sp. clade I,China,marsh_tidalflat,2,30
119,4,7,22.46772809581061,TFCN_17-328C-3,"17-328C-3
 BY117-D1",Rhodotorula sp. clade I,China,marsh_tidalflat,2,30
120,1,5,10.47779010882664,TFCN_17-334Y-6,"17-334Y-6
 BY116-F9",Rhodotorula diobovata,China,marsh_tidalflat,2,30
120,2,7,23.1446598488134,TFCN_17-334Y-6,"17-334Y-6
 BY116-F9",Rhodotorula diobovata,China,marsh_tidalflat,2,30
120,3,7,23.12618913984322,TFCN_17-334Y-6,"17-334Y-6
 BY116-F9",Rhodotorula diobovata,China,marsh_tidalflat,2,30
121,3,7,22.920534816619124,TFCN_25-333P-5,"25-333P-5
 BY120-H3",Rhodotorula paludigena,China,marsh_tidalflat,2,30
122,2,7,26.556150472843733,TFCN_222A-2,"222A-2
 BY37-G8",Rhodotorula sp. clade I,China,marsh_tidalflat,2,30
123,2,7,24.722205404117297,TFCN_25-333Y-2,"25-333Y-2
 BY120-G4",Rhodotorula sp. clade I,China,marsh_tidalflat,2,30
123,3,5,6.86401795125882,TFCN_25-333Y-2,"25-333Y-2
 BY120-G4",Rhodotorula sp. clade I,China,marsh_tidalflat,2,30
124,1,6,20.338619372861793,TFCN_98A-10,98A-10,Rhodotorula mucilaginosa,China,marsh_tidalflat,2,30
124,2,7,23.36721200849968,TFCN_98A-10,98A-10,Rhodotorula mucilaginosa,China,marsh_tidalflat,2,30
124,3,7,21.446414459100698,TFCN_98A-10,98A-10,Rhodotorula mucilaginosa,China,marsh_tidalflat,2,30
124,4,6,19.188321341915852,TFCN_98A-10,98A-10,Rhodotorula mucilaginosa,China,marsh_tidalflat,2,30
125,1,7,25.18592381798412,TFCN_17-334D-6,"17-334D-6
 BY115-E2",Rhodotorula mucilaginosa,China,marsh_tidalflat,2,30
125,2,7,22.35695649719136,TFCN_17-334D-6,"17-334D-6
 BY115-E2",Rhodotorula mucilaginosa,China,marsh_tidalflat,2,30
125,3,7,24.820351070774052,TFCN_17-334D-6,"17-334D-6
 BY115-E2",Rhodotorula mucilaginosa,China,marsh_tidalflat,2,30
125,4,7,23.583748809288615,TFCN_17-334D-6,"17-334D-6
 BY115-E2",Rhodotorula mucilaginosa,China,marsh_tidalflat,2,30
126,1,7,27.30963004309575,TFCN_17-0-2E334-4,"17-0-2E334-4
 BY116-G7",Rhodotorula mucilaginosa,China,marsh_tidalflat,2,30
126,2,6,17.686199299654987,TFCN_17-0-2E334-4,"17-0-2E334-4
 BY116-G7",Rhodotorula mucilaginosa,China,marsh_tidalflat,2,30
126,3,7,26.625399859413637,TFCN_17-0-2E334-4,"17-0-2E334-4
 BY116-G7",Rhodotorula mucilaginosa,China,marsh_tidalflat,2,30
126,4,7,27.852229635784717,TFCN_17-0-2E334-4,"17-0-2E334-4
 BY116-G7",Rhodotorula mucilaginosa,China,marsh_tidalflat,2,30
127,1,7,23.3300662824933,TFCN_363-1-2,"363-1-2
 BY110-A6",Rhodotorula mucilaginosa,China,marsh_tidalflat,2,30
127,2,7,25.61622672959423,TFCN_363-1-2,"363-1-2
 BY110-A6",Rhodotorula mucilaginosa,China,marsh_tidalflat,2,30
127,3,7,22.479682445220046,TFCN_363-1-2,"363-1-2
 BY110-A6",Rhodotorula mucilaginosa,China,marsh_tidalflat,2,30
127,4,6,19.439936269931742,TFCN_363-1-2,"363-1-2
 BY110-A6",Rhodotorula mucilaginosa,China,marsh_tidalflat,2,30
128,2,7,25.856104955368565,TFCN_17-0-2E329-4,"17-0-2E329-4
 BY115-C8",Rhodotorula graminis,China,marsh_tidalflat,2,30
129,1,7,27.647981979633595,TFCN_25-0-2E333-7,"25-0-2E333-7
 BY120-A7",Rhodotorula mucilaginosa,China,marsh_tidalflat,2,30
129,2,5,10.837021749548452,TFCN_25-0-2E333-7,"25-0-2E333-7
 BY120-A7",Rhodotorula mucilaginosa,China,marsh_tidalflat,2,30
129,3,7,26.0504049609713,TFCN_25-0-2E333-7,"25-0-2E333-7
 BY120-A7",Rhodotorula mucilaginosa,China,marsh_tidalflat,2,30
129,4,7,26.753166467612925,TFCN_25-0-2E333-7,"25-0-2E333-7
 BY120-A7",Rhodotorula mucilaginosa,China,marsh_tidalflat,2,30
130,1,6,23.548286933109335,TFCN_25-335Y-1,"25-335Y-1
 BY120-I4",Rhodotorula mucilaginosa,China,NA,2,30
130,2,7,30.3502223655302,TFCN_25-335Y-1,"25-335Y-1
 BY120-I4",Rhodotorula mucilaginosa,China,NA,2,30
130,3,6,23.342542251047345,TFCN_25-335Y-1,"25-335Y-1
 BY120-I4",Rhodotorula mucilaginosa,China,NA,2,30
130,4,7,23.555373240844922,TFCN_25-335Y-1,"25-335Y-1
 BY120-I4",Rhodotorula mucilaginosa,China,NA,2,30
131,1,7,24.825970820590918,TFCN_213-6-4,"213-6-4
 BY42-C6",Rhodotorula mucilaginosa,China,marsh_tidalflat,2,30
131,2,7,24.494449034444813,TFCN_213-6-4,"213-6-4
 BY42-C6",Rhodotorula mucilaginosa,China,marsh_tidalflat,2,30
131,3,7,24.515142856225243,TFCN_213-6-4,"213-6-4
 BY42-C6",Rhodotorula mucilaginosa,China,marsh_tidalflat,2,30
131,4,7,24.23684261204937,TFCN_213-6-4,"213-6-4
 BY42-C6",Rhodotorula mucilaginosa,China,marsh_tidalflat,2,30
133,1,7,24.3454084786038,TFCN_98C-3,98C-3,Rhodotorula mucilaginosa,China,marsh_tidalflat,2,30
133,2,7,22.49163050044735,TFCN_98C-3,98C-3,Rhodotorula mucilaginosa,China,marsh_tidalflat,2,30
133,3,7,24.261884593545272,TFCN_98C-3,98C-3,Rhodotorula mucilaginosa,China,marsh_tidalflat,2,30
133,4,7,24.7615019419296,TFCN_98C-3,98C-3,Rhodotorula mucilaginosa,China,marsh_tidalflat,2,30
134,1,7,25.38375392130088,TFCN_17-333D-2,"17-333D-2
 BY115-E6",Rhodotorula mucilaginosa,China,marsh_tidalflat,2,30
134,2,7,20.4070891315317,TFCN_17-333D-2,"17-333D-2
 BY115-E6",Rhodotorula mucilaginosa,China,marsh_tidalflat,2,30
134,3,7,24.86192068226656,TFCN_17-333D-2,"17-333D-2
 BY115-E6",Rhodotorula mucilaginosa,China,marsh_tidalflat,2,30
134,4,7,23.709543072900185,TFCN_17-333D-2,"17-333D-2
 BY115-E6",Rhodotorula mucilaginosa,China,marsh_tidalflat,2,30
135,1,7,23.39121503337419,TFCN_17-332C-2,"17-332C-2
 BY115-H4",Rhodotorula mucilaginosa,China,marsh_tidalflat,2,30
135,2,7,24.2132574169264,TFCN_17-332C-2,"17-332C-2
 BY115-H4",Rhodotorula mucilaginosa,China,marsh_tidalflat,2,30
135,3,7,23.995607811878497,TFCN_17-332C-2,"17-332C-2
 BY115-H4",Rhodotorula mucilaginosa,China,marsh_tidalflat,2,30
135,4,7,25.139915223743376,TFCN_17-332C-2,"17-332C-2
 BY115-H4",Rhodotorula mucilaginosa,China,marsh_tidalflat,2,30
136,2,7,21.724337383247104,TFCN_86A-6,"86A-6
 BY34-A7",Rhodotorula sphaerocarpa,China,marsh_tidalflat,2,30
136,3,5,18.498298685372223,TFCN_86A-6,"86A-6
 BY34-A7",Rhodotorula sphaerocarpa,China,marsh_tidalflat,2,30
137,1,7,22.27245593410767,TFCN_0520-4-2-2,"0520-4-2-2
 BY53-D9",Rhodotorula taiwanensis,China,marsh_tidalflat,2,30
137,2,7,24.85801611279825,TFCN_0520-4-2-2,"0520-4-2-2
 BY53-D9",Rhodotorula taiwanensis,China,marsh_tidalflat,2,30
137,3,7,21.196311917709167,TFCN_0520-4-2-2,"0520-4-2-2
 BY53-D9",Rhodotorula taiwanensis,China,marsh_tidalflat,2,30
137,4,5,11.41650335970442,TFCN_0520-4-2-2,"0520-4-2-2
 BY53-D9",Rhodotorula taiwanensis,China,marsh_tidalflat,2,30
138,2,7,23.269039596097322,TFCN_49A-1,49A-1,Rhodotorula paludigena,China,marsh_tidalflat,2,30
139,1,7,21.19431752248793,TFCN_25-333D-5,"25-333D-5
 BY120-H7",Rhodotorula sp. clade I,China,NA,2,30
139,2,7,21.646405107759293,TFCN_25-333D-5,"25-333D-5
 BY120-H7",Rhodotorula sp. clade I,China,NA,2,30
139,3,7,21.00411773882907,TFCN_25-333D-5,"25-333D-5
 BY120-H7",Rhodotorula sp. clade I,China,NA,2,30
140,2,7,24.531889334095325,TFCN_86C-7,"86C-7
 BY34-I1",Rhodotorula sp. clade I,China,marsh_tidalflat,2,30
140,3,3,4.721812054017206,TFCN_86C-7,"86C-7
 BY34-I1",Rhodotorula sp. clade I,China,marsh_tidalflat,2,30
141,1,7,22.87766498289568,TFCN_152C-2,"152C-2
 BY32-C3",Rhodotorula toruloides,China,marsh_tidalflat,2,30
141,2,7,24.692573143335547,TFCN_152C-2,"152C-2
 BY32-C3",Rhodotorula toruloides,China,marsh_tidalflat,2,30
141,3,7,23.768678907488685,TFCN_152C-2,"152C-2
 BY32-C3",Rhodotorula toruloides,China,marsh_tidalflat,2,30
142,1,7,24.398926843921544,TFCN_98D-9,"98D-9
 BY31-F3",Rhodotorula mucilaginosa,China,NA,2,30
142,2,7,23.919020926535424,TFCN_98D-9,"98D-9
 BY31-F3",Rhodotorula mucilaginosa,China,NA,2,30
142,3,7,24.956730321289605,TFCN_98D-9,"98D-9
 BY31-F3",Rhodotorula mucilaginosa,China,NA,2,30
142,4,7,25.868456894367306,TFCN_98D-9,"98D-9
 BY31-F3",Rhodotorula mucilaginosa,China,NA,2,30
143,1,7,26.022610834777232,TFCN_17-325D-4,"17-325D-4
 BY116-C4",Rhodotorula mucilaginosa,China,marsh_tidalflat,2,30
143,2,7,24.65609621067863,TFCN_17-325D-4,"17-325D-4
 BY116-C4",Rhodotorula mucilaginosa,China,marsh_tidalflat,2,30
143,3,7,24.95590292526711,TFCN_17-325D-4,"17-325D-4
 BY116-C4",Rhodotorula mucilaginosa,China,marsh_tidalflat,2,30
143,4,7,25.935670418634615,TFCN_17-325D-4,"17-325D-4
 BY116-C4",Rhodotorula mucilaginosa,China,marsh_tidalflat,2,30
144,1,6,23.513576379702737,TFCN_17-332P-2,"17-332P-2
 BY117-G8",Rhodotorula mucilaginosa,China,marsh_tidalflat,2,30
144,2,7,22.695971951370925,TFCN_17-332P-2,"17-332P-2
 BY117-G8",Rhodotorula mucilaginosa,China,marsh_tidalflat,2,30
144,3,5,24.88604027332345,TFCN_17-332P-2,"17-332P-2
 BY117-G8",Rhodotorula mucilaginosa,China,marsh_tidalflat,2,30
144,4,7,24.577305027353344,TFCN_17-332P-2,"17-332P-2
 BY117-G8",Rhodotorula mucilaginosa,China,marsh_tidalflat,2,30
145,1,7,26.524209897595714,TFCN_54D-1,54D-1,Rhodotorula mucilaginosa,China,marsh_tidalflat,2,30
145,2,5,22.199144068978917,TFCN_54D-1,54D-1,Rhodotorula mucilaginosa,China,marsh_tidalflat,2,30
145,3,7,25.787416658264654,TFCN_54D-1,54D-1,Rhodotorula mucilaginosa,China,marsh_tidalflat,2,30
145,4,7,28.434097502309918,TFCN_54D-1,54D-1,Rhodotorula mucilaginosa,China,marsh_tidalflat,2,30
146,1,7,24.099785209453227,TFCN_86A-12,"86A-12
 BY34-E7",Rhodotorula mucilaginosa,China,marsh_tidalflat,2,30
146,2,7,23.380128214347152,TFCN_86A-12,"86A-12
 BY34-E7",Rhodotorula mucilaginosa,China,marsh_tidalflat,2,30
146,3,7,24.397036359700174,TFCN_86A-12,"86A-12
 BY34-E7",Rhodotorula mucilaginosa,China,marsh_tidalflat,2,30
146,4,7,26.21376077912315,TFCN_86A-12,"86A-12
 BY34-E7",Rhodotorula mucilaginosa,China,marsh_tidalflat,2,30
147,2,7,18.196064334803793,TFCN_48C-3,48C-3,Rhodotorula paludigena,China,marsh_tidalflat,2,30
148,1,7,25.131897576859615,TFCN_342-3,"342-3
 BY110_B2",Rhodotorula mucilaginosa,China,marsh_tidalflat,2,30
148,2,7,20.78800897903357,TFCN_342-3,"342-3
 BY110_B2",Rhodotorula mucilaginosa,China,marsh_tidalflat,2,30
148,3,7,24.487281735298424,TFCN_342-3,"342-3
 BY110_B2",Rhodotorula mucilaginosa,China,marsh_tidalflat,2,30
148,4,7,23.452803273984436,TFCN_342-3,"342-3
 BY110_B2",Rhodotorula mucilaginosa,China,marsh_tidalflat,2,30
149,2,7,25.36325395327701,TFCN_86A-8,"86A-8
 BY35-H3",Rhodotorula sphaerocarpa,China,marsh_tidalflat,2,30
149,3,6,20.038469382309884,TFCN_86A-8,"86A-8
 BY35-H3",Rhodotorula sphaerocarpa,China,marsh_tidalflat,2,30
150,1,6,19.802187323174405,TFCN_152C-5,"152C-5
 BY32-F3",Rhodotorula mucilaginosa,China,marsh_tidalflat,2,30
150,2,7,26.059115951397207,TFCN_152C-5,"152C-5
 BY32-F3",Rhodotorula mucilaginosa,China,marsh_tidalflat,2,30
150,3,7,21.63697148469226,TFCN_152C-5,"152C-5
 BY32-F3",Rhodotorula mucilaginosa,China,marsh_tidalflat,2,30
150,4,7,23.20727247406099,TFCN_152C-5,"152C-5
 BY32-F3",Rhodotorula mucilaginosa,China,marsh_tidalflat,2,30
151,1,7,26.213983052030184,TFCN_98D-7,"98D-7
 BY31-E3",Rhodotorula mucilaginosa,China,NA,2,30
151,2,7,24.378878043524292,TFCN_98D-7,"98D-7
 BY31-E3",Rhodotorula mucilaginosa,China,NA,2,30
151,3,7,24.77062991615127,TFCN_98D-7,"98D-7
 BY31-E3",Rhodotorula mucilaginosa,China,NA,2,30
151,4,7,24.637345801968433,TFCN_98D-7,"98D-7
 BY31-E3",Rhodotorula mucilaginosa,China,NA,2,30
152,1,6,24.1784530543543,TFCN_25-337M-3,"25-337M-3
 BY119-F9",Rhodotorula mucilaginosa,China,marsh_tidalflat,2,30
152,2,7,21.14476810096343,TFCN_25-337M-3,"25-337M-3
 BY119-F9",Rhodotorula mucilaginosa,China,marsh_tidalflat,2,30
152,3,6,26.07104134596242,TFCN_25-337M-3,"25-337M-3
 BY119-F9",Rhodotorula mucilaginosa,China,marsh_tidalflat,2,30
152,4,7,21.990546633374393,TFCN_25-337M-3,"25-337M-3
 BY119-F9",Rhodotorula mucilaginosa,China,marsh_tidalflat,2,30
153,1,7,24.81682145411122,TFCN_25-0-2E333-5,"25-0-2E333-5
 BY120-E4",Rhodotorula mucilaginosa,China,marsh_tidalflat,2,30
153,2,7,21.548845274051665,TFCN_25-0-2E333-5,"25-0-2E333-5
 BY120-E4",Rhodotorula mucilaginosa,China,marsh_tidalflat,2,30
153,3,7,23.397363613321374,TFCN_25-0-2E333-5,"25-0-2E333-5
 BY120-E4",Rhodotorula mucilaginosa,China,marsh_tidalflat,2,30
153,4,7,24.23069783944642,TFCN_25-0-2E333-5,"25-0-2E333-5
 BY120-E4",Rhodotorula mucilaginosa,China,marsh_tidalflat,2,30
155,1,6,16.57737516315001,TFCN_0520-4-2-1,"0520-4-2-1
 BY53-C9",Rhodotorula taiwanensis,China,marsh_tidalflat,2,30
155,2,7,25.48980315836715,TFCN_0520-4-2-1,"0520-4-2-1
 BY53-C9",Rhodotorula taiwanensis,China,marsh_tidalflat,2,30
155,3,5,20.85561305219776,TFCN_0520-4-2-1,"0520-4-2-1
 BY53-C9",Rhodotorula taiwanensis,China,marsh_tidalflat,2,30
155,4,5,10.680194883542395,TFCN_0520-4-2-1,"0520-4-2-1
 BY53-C9",Rhodotorula taiwanensis,China,marsh_tidalflat,2,30
156,1,7,21.357682043330218,TFCN_48A-2,48A-2,Rhodotorula paludigena,China,marsh_tidalflat,2,30
156,2,7,23.420433508024992,TFCN_48A-2,48A-2,Rhodotorula paludigena,China,marsh_tidalflat,2,30
156,3,7,20.970241837250164,TFCN_48A-2,48A-2,Rhodotorula paludigena,China,marsh_tidalflat,2,30
156,4,7,21.521699553027798,TFCN_48A-2,48A-2,Rhodotorula paludigena,China,marsh_tidalflat,2,30
157,1,7,22.468682874809165,TFCN_1A-1-2,1A-1-2,Rhodotorula paludigena,China,marsh_tidalflat,2,30
157,2,7,24.48022895961203,TFCN_1A-1-2,1A-1-2,Rhodotorula paludigena,China,marsh_tidalflat,2,30
157,3,7,21.35223389498843,TFCN_1A-1-2,1A-1-2,Rhodotorula paludigena,China,marsh_tidalflat,2,30
157,4,7,23.18967850511724,TFCN_1A-1-2,1A-1-2,Rhodotorula paludigena,China,marsh_tidalflat,2,30
158,1,7,26.398913785346917,TFCN_152A-1,"152A-1
 BY32-H1",Rhodotorula mucilaginosa,China,marsh_tidalflat,2,30
158,2,7,25.597479661302483,TFCN_152A-1,"152A-1
 BY32-H1",Rhodotorula mucilaginosa,China,marsh_tidalflat,2,30
158,3,7,28.45149046718542,TFCN_152A-1,"152A-1
 BY32-H1",Rhodotorula mucilaginosa,China,marsh_tidalflat,2,30
158,4,7,27.22909281507709,TFCN_152A-1,"152A-1
 BY32-H1",Rhodotorula mucilaginosa,China,marsh_tidalflat,2,30
159,1,7,24.373677380866752,TFCN_152A-5,"152A-5
 BY32-C2",Rhodotorula mucilaginosa,China,marsh_tidalflat,2,30
159,2,7,22.822670418779964,TFCN_152A-5,"152A-5
 BY32-C2",Rhodotorula mucilaginosa,China,marsh_tidalflat,2,30
159,3,5,23.621827184704316,TFCN_152A-5,"152A-5
 BY32-C2",Rhodotorula mucilaginosa,China,marsh_tidalflat,2,30
159,4,7,23.022191205123665,TFCN_152A-5,"152A-5
 BY32-C2",Rhodotorula mucilaginosa,China,marsh_tidalflat,2,30
161,1,7,26.431667705305493,TFCN_102D-2,102D-2,Rhodotorula mucilaginosa,China,marsh_tidalflat,2,30
161,2,7,20.680895711341044,TFCN_102D-2,102D-2,Rhodotorula mucilaginosa,China,marsh_tidalflat,2,30
161,3,7,26.788534748529848,TFCN_102D-2,102D-2,Rhodotorula mucilaginosa,China,marsh_tidalflat,2,30
161,4,7,27.309597888195107,TFCN_102D-2,102D-2,Rhodotorula mucilaginosa,China,marsh_tidalflat,2,30
162,1,7,23.377226118178854,TFCN_25-327D-1,"25-327D-1
 BY119-D5",Rhodotorula mucilaginosa,China,marsh_tidalflat,2,30
162,3,7,25.112137694433724,TFCN_25-327D-1,"25-327D-1
 BY119-D5",Rhodotorula mucilaginosa,China,marsh_tidalflat,2,30
162,4,7,25.095348764598135,TFCN_25-327D-1,"25-327D-1
 BY119-D5",Rhodotorula mucilaginosa,China,marsh_tidalflat,2,30
163,1,7,25.49124997929767,TFCN_17-334Y-5,"17-334Y-5
 BY116-E9",Rhodotorula mucilaginosa,China,marsh_tidalflat,2,30
163,2,7,21.79185524005084,TFCN_17-334Y-5,"17-334Y-5
 BY116-E9",Rhodotorula mucilaginosa,China,marsh_tidalflat,2,30
163,3,7,25.88567408768814,TFCN_17-334Y-5,"17-334Y-5
 BY116-E9",Rhodotorula mucilaginosa,China,marsh_tidalflat,2,30
163,4,7,26.299565342172922,TFCN_17-334Y-5,"17-334Y-5
 BY116-E9",Rhodotorula mucilaginosa,China,marsh_tidalflat,2,30
164,1,7,23.33085375045588,TFCN_17-334C-1,"17-334C-1
 BY117-A6",Rhodotorula mucilaginosa,China,marsh_tidalflat,2,30
164,2,7,25.320459974887576,TFCN_17-334C-1,"17-334C-1
 BY117-A6",Rhodotorula mucilaginosa,China,marsh_tidalflat,2,30
164,3,7,24.703607568417603,TFCN_17-334C-1,"17-334C-1
 BY117-A6",Rhodotorula mucilaginosa,China,marsh_tidalflat,2,30
164,4,7,25.327743362731518,TFCN_17-334C-1,"17-334C-1
 BY117-A6",Rhodotorula mucilaginosa,China,marsh_tidalflat,2,30
166,1,6,19.90392527225019,DBVPG_3238,3238,Rhodotorula mucilaginosa,Italy,food,2,30
166,2,7,24.79371175084858,DBVPG_3238,3238,Rhodotorula mucilaginosa,Italy,food,2,30
166,3,6,20.865247873737893,DBVPG_3238,3238,Rhodotorula mucilaginosa,Italy,food,2,30
166,4,4,14.323813158318327,DBVPG_3238,3238,Rhodotorula mucilaginosa,Italy,food,2,30
167,1,7,21.29921943768388,DBVPG_3444,3444,Rhodotorula mucilaginosa,Italy,food,2,30
167,2,7,23.44839797959019,DBVPG_3444,3444,Rhodotorula mucilaginosa,Italy,food,2,30
167,3,7,20.80876725390403,DBVPG_3444,3444,Rhodotorula mucilaginosa,Italy,food,2,30
167,4,6,19.705625275727723,DBVPG_3444,3444,Rhodotorula mucilaginosa,Italy,food,2,30
168,1,6,18.901307712505982,DBVPG_3775,3775,Rhodotorula mucilaginosa,Italy,soil,2,30
168,2,7,24.80409591856496,DBVPG_3775,3775,Rhodotorula mucilaginosa,Italy,soil,2,30
168,3,7,21.46816193721007,DBVPG_3775,3775,Rhodotorula mucilaginosa,Italy,soil,2,30
168,4,7,23.600531716103966,DBVPG_3775,3775,Rhodotorula mucilaginosa,Italy,soil,2,30
169,1,6,19.87360442101417,DBVPG_3983,3983,Rhodotorula mucilaginosa,Italy,cave,2,30
169,2,7,27.061602261226028,DBVPG_3983,3983,Rhodotorula mucilaginosa,Italy,cave,2,30
169,3,5,22.41764437902701,DBVPG_3983,3983,Rhodotorula mucilaginosa,Italy,cave,2,30
169,4,7,23.460475619496858,DBVPG_3983,3983,Rhodotorula mucilaginosa,Italy,cave,2,30
170,1,6,19.7234424766447,DBVPG_4378,4378,Rhodotorula mucilaginosa,Italy,food,2,30
170,2,7,20.375505202373322,DBVPG_4378,4378,Rhodotorula mucilaginosa,Italy,food,2,30
170,3,7,24.774903222124514,DBVPG_4378,4378,Rhodotorula mucilaginosa,Italy,food,2,30
170,4,7,25.003448899372145,DBVPG_4378,4378,Rhodotorula mucilaginosa,Italy,food,2,30
171,1,7,13.438908989842652,DBVPG_4618,4618,Rhodotorula mucilaginosa,Italy,soil,2,30
171,2,7,22.931222147076117,DBVPG_4618,4618,Rhodotorula mucilaginosa,Italy,soil,2,30
171,3,7,14.296096571089116,DBVPG_4618,4618,Rhodotorula mucilaginosa,Italy,soil,2,30
171,4,7,15.357376017499114,DBVPG_4618,4618,Rhodotorula mucilaginosa,Italy,soil,2,30
172,1,7,24.813980006263755,TFCN_106A-1,106A-1,Rhodotorula mucilaginosa,China,marsh_tidalflat,2,30
172,2,7,23.33903545772357,TFCN_106A-1,106A-1,Rhodotorula mucilaginosa,China,marsh_tidalflat,2,30
172,3,7,23.922565959509495,TFCN_106A-1,106A-1,Rhodotorula mucilaginosa,China,marsh_tidalflat,2,30
172,4,7,24.087246041213103,TFCN_106A-1,106A-1,Rhodotorula mucilaginosa,China,marsh_tidalflat,2,30
174,1,7,25.89880115622651,TFCN_17-0-2E337-3,17-0-2E337-3 BY117-H4,Rhodotorula mucilaginosa,China,marsh_tidalflat,2,30
174,2,7,20.518534910920035,TFCN_17-0-2E337-3,17-0-2E337-3 BY117-H4,Rhodotorula mucilaginosa,China,marsh_tidalflat,2,30
174,3,7,25.991657291855027,TFCN_17-0-2E337-3,17-0-2E337-3 BY117-H4,Rhodotorula mucilaginosa,China,marsh_tidalflat,2,30
174,4,7,26.20955751559605,TFCN_17-0-2E337-3,17-0-2E337-3 BY117-H4,Rhodotorula mucilaginosa,China,marsh_tidalflat,2,30
175,1,4,12.796618834803782,DBVPG_3239,3239,Rhodotorula mucilaginosa,Italy,food,2,30
175,2,6,19.63089823879491,DBVPG_3239,3239,Rhodotorula mucilaginosa,Italy,food,2,30
175,3,5,17.799937031776633,DBVPG_3239,3239,Rhodotorula mucilaginosa,Italy,food,2,30
175,4,5,17.419289420464835,DBVPG_3239,3239,Rhodotorula mucilaginosa,Italy,food,2,30
176,1,7,25.028720593312574,DBVPG_3538,3538,Rhodotorula mucilaginosa,Italy,soil,3,30
176,2,7,29.253181629103693,DBVPG_3538,3538,Rhodotorula mucilaginosa,Italy,soil,3,30
176,3,7,28.95166412154652,DBVPG_3538,3538,Rhodotorula mucilaginosa,Italy,soil,3,30
176,4,7,25.128993452315225,DBVPG_3538,3538,Rhodotorula mucilaginosa,Italy,soil,3,30
177,1,7,27.16891519817852,DBVPG_3776,3776,Rhodotorula mucilaginosa,Italy,soil,3,30
177,2,7,27.903523928304715,DBVPG_3776,3776,Rhodotorula mucilaginosa,Italy,soil,3,30
177,3,7,29.380609592488305,DBVPG_3776,3776,Rhodotorula mucilaginosa,Italy,soil,3,30
177,4,7,25.453227171389,DBVPG_3776,3776,Rhodotorula mucilaginosa,Italy,soil,3,30
178,1,7,29.022684300275234,DBVPG_3984,3984,Rhodotorula mucilaginosa,Italy,cave,3,30
178,2,7,27.026030118407448,DBVPG_3984,3984,Rhodotorula mucilaginosa,Italy,cave,3,30
178,3,7,29.77992071134026,DBVPG_3984,3984,Rhodotorula mucilaginosa,Italy,cave,3,30
178,4,7,31.19017222018961,DBVPG_3984,3984,Rhodotorula mucilaginosa,Italy,cave,3,30
179,1,7,21.051999521784616,DBVPG_4379,4379,Rhodotorula mucilaginosa,Italy,food,3,30
179,2,7,20.048864067115776,DBVPG_4379,4379,Rhodotorula mucilaginosa,Italy,food,3,30
179,3,6,18.580790810718003,DBVPG_4379,4379,Rhodotorula mucilaginosa,Italy,food,3,30
179,4,7,19.707071290800105,DBVPG_4379,4379,Rhodotorula mucilaginosa,Italy,food,3,30
181,1,7,23.109936661068478,TFCN_25-332D-1,"25-332D-1
 BY119-H1",Rhodotorula mucilaginosa,China,marsh_tidalflat,3,30
181,2,6,23.350406873139146,TFCN_25-332D-1,"25-332D-1
 BY119-H1",Rhodotorula mucilaginosa,China,marsh_tidalflat,3,30
181,3,7,22.985002276485567,TFCN_25-332D-1,"25-332D-1
 BY119-H1",Rhodotorula mucilaginosa,China,marsh_tidalflat,3,30
181,4,5,22.784829789901302,TFCN_25-332D-1,"25-332D-1
 BY119-H1",Rhodotorula mucilaginosa,China,marsh_tidalflat,3,30
182,1,7,22.002291140261608,TFCN_25-333P-2,"25-333P-2
 BY120-E3",Rhodotorula mucilaginosa,China,marsh_tidalflat,3,30
182,2,7,21.11844523775681,TFCN_25-333P-2,"25-333P-2
 BY120-E3",Rhodotorula mucilaginosa,China,marsh_tidalflat,3,30
182,3,7,21.476143663210344,TFCN_25-333P-2,"25-333P-2
 BY120-E3",Rhodotorula mucilaginosa,China,marsh_tidalflat,3,30
182,4,7,22.442150749213358,TFCN_25-333P-2,"25-333P-2
 BY120-E3",Rhodotorula mucilaginosa,China,marsh_tidalflat,3,30
183,1,7,23.721810479907177,TFCN_181A-1,"181A-1
 BY39-F5",Rhodotorula mucilaginosa,China,marsh_tidalflat,3,30
183,2,7,23.418254559942593,TFCN_181A-1,"181A-1
 BY39-F5",Rhodotorula mucilaginosa,China,marsh_tidalflat,3,30
183,3,7,24.013121429647057,TFCN_181A-1,"181A-1
 BY39-F5",Rhodotorula mucilaginosa,China,marsh_tidalflat,3,30
183,4,7,23.25311808161905,TFCN_181A-1,"181A-1
 BY39-F5",Rhodotorula mucilaginosa,China,marsh_tidalflat,3,30
185,1,5,15.083829508253569,DBVPG_3768,3768,Rhodotorula dairenensis,Italy,soil,3,30
185,2,7,17.58453838025663,DBVPG_3768,3768,Rhodotorula dairenensis,Italy,soil,3,30
185,3,6,17.553816023501486,DBVPG_3768,3768,Rhodotorula dairenensis,Italy,soil,3,30
185,4,7,18.583225661770108,DBVPG_3768,3768,Rhodotorula dairenensis,Italy,soil,3,30
186,1,7,26.078839199665588,DBVPG_3777,3777,Rhodotorula mucilaginosa,Italy,soil,3,30
186,2,7,26.6705198603794,DBVPG_3777,3777,Rhodotorula mucilaginosa,Italy,soil,3,30
186,3,7,25.995973544559188,DBVPG_3777,3777,Rhodotorula mucilaginosa,Italy,soil,3,30
186,4,7,25.397607943571938,DBVPG_3777,3777,Rhodotorula mucilaginosa,Italy,soil,3,30
187,1,2,0.8064175657477599,DBVPG_3985,3985,Rhodotorula glutinis,Italy,cave,3,30
188,1,7,21.426965423908435,DBVPG_4380,4380,Rhodotorula mucilaginosa,Italy,sand,3,30
188,2,7,20.248691135918307,DBVPG_4380,4380,Rhodotorula mucilaginosa,Italy,sand,3,30
188,3,7,20.12515966630685,DBVPG_4380,4380,Rhodotorula mucilaginosa,Italy,sand,3,30
188,4,7,19.745378120510985,DBVPG_4380,4380,Rhodotorula mucilaginosa,Italy,sand,3,30
189,1,7,23.857642483650803,DBVPG_4669,4669,Rhodotorula mucilaginosa,Italy,food,3,30
189,2,7,22.986772730158144,DBVPG_4669,4669,Rhodotorula mucilaginosa,Italy,food,3,30
189,3,7,24.01689252213281,DBVPG_4669,4669,Rhodotorula mucilaginosa,Italy,food,3,30
189,4,7,25.152808330524714,DBVPG_4669,4669,Rhodotorula mucilaginosa,Italy,food,3,30
190,1,7,23.041926814346343,TFCN_17-332M-1,"17-332M-1
 BY115-F4",Rhodotorula mucilaginosa,China,marsh_tidalflat,3,30
190,2,7,21.631198223978608,TFCN_17-332M-1,"17-332M-1
 BY115-F4",Rhodotorula mucilaginosa,China,marsh_tidalflat,3,30
190,3,7,22.57162088227027,TFCN_17-332M-1,"17-332M-1
 BY115-F4",Rhodotorula mucilaginosa,China,marsh_tidalflat,3,30
190,4,7,22.68947509054545,TFCN_17-332M-1,"17-332M-1
 BY115-F4",Rhodotorula mucilaginosa,China,marsh_tidalflat,3,30
192,1,5,24.251054090264276,DBVPG_3853,Y3853,Rhodotorula dairenensis,Italy,plant,3,30
192,2,7,23.95743978922077,DBVPG_3853,Y3853,Rhodotorula dairenensis,Italy,plant,3,30
192,3,5,22.97526347892002,DBVPG_3853,Y3853,Rhodotorula dairenensis,Italy,plant,3,30
192,4,6,23.713113959299736,DBVPG_3853,Y3853,Rhodotorula dairenensis,Italy,plant,3,30
193,1,7,30.254580007114328,DBVPG_3381,3381,Rhodotorula mucilaginosa,Italy,plant,3,30
193,2,7,29.61478030062255,DBVPG_3381,3381,Rhodotorula mucilaginosa,Italy,plant,3,30
193,3,7,29.885711809209774,DBVPG_3381,3381,Rhodotorula mucilaginosa,Italy,plant,3,30
193,4,7,29.586004410385904,DBVPG_3381,3381,Rhodotorula mucilaginosa,Italy,plant,3,30
194,1,5,25.07639863805275,DBVPG_3769,3769,Rhodotorula dairenensis,Italy,soil,3,30
194,2,4,28.41459014148127,DBVPG_3769,3769,Rhodotorula dairenensis,Italy,soil,3,30
194,3,4,26.580596886027365,DBVPG_3769,3769,Rhodotorula dairenensis,Italy,soil,3,30
194,4,4,30.941470438252043,DBVPG_3769,3769,Rhodotorula dairenensis,Italy,soil,3,30
196,1,7,27.031233010767497,DBVPG_4201,4201,Rhodotorula mucilaginosa,Italy,plant,3,30
196,2,7,26.58410035388501,DBVPG_4201,4201,Rhodotorula mucilaginosa,Italy,plant,3,30
196,3,7,27.517847969812355,DBVPG_4201,4201,Rhodotorula mucilaginosa,Italy,plant,3,30
196,4,7,25.854230129602374,DBVPG_4201,4201,Rhodotorula mucilaginosa,Italy,plant,3,30
197,2,7,18.389234937780525,DBVPG_4408,4408,Rhodotorula mucilaginosa,Italy,marine,3,30
197,3,7,19.576291142487356,DBVPG_4408,4408,Rhodotorula mucilaginosa,Italy,marine,3,30
197,4,7,22.81949064668705,DBVPG_4408,4408,Rhodotorula mucilaginosa,Italy,marine,3,30
198,1,7,21.005701995947504,DBVPG_4920,4920,Rhodotorula mucilaginosa,Italy,food,3,30
198,2,7,20.89173828000808,DBVPG_4920,4920,Rhodotorula mucilaginosa,Italy,food,3,30
198,4,7,20.899118886910284,DBVPG_4920,4920,Rhodotorula mucilaginosa,Italy,food,3,30
199,1,7,23.24882641954415,TFCN_17-332M-2,"17-332M-2
 BY115-F4",Rhodotorula mucilaginosa,China,marsh_tidalflat,3,30
199,2,6,22.385288131605048,TFCN_17-332M-2,"17-332M-2
 BY115-F4",Rhodotorula mucilaginosa,China,marsh_tidalflat,3,30
199,3,6,23.31701732258108,TFCN_17-332M-2,"17-332M-2
 BY115-F4",Rhodotorula mucilaginosa,China,marsh_tidalflat,3,30
199,4,7,22.957099147899697,TFCN_17-332M-2,"17-332M-2
 BY115-F4",Rhodotorula mucilaginosa,China,marsh_tidalflat,3,30
200,1,7,25.17074511442137,TFCN_209-6-14,"209-6-14
 BY43-A2",Rhodotorula mucilaginosa,China,NA,3,30
200,2,7,23.947124724536888,TFCN_209-6-14,"209-6-14
 BY43-A2",Rhodotorula mucilaginosa,China,NA,3,30
200,3,7,24.31650724797169,TFCN_209-6-14,"209-6-14
 BY43-A2",Rhodotorula mucilaginosa,China,NA,3,30
200,4,7,24.902638865758245,TFCN_209-6-14,"209-6-14
 BY43-A2",Rhodotorula mucilaginosa,China,NA,3,30
201,2,7,26.68888427280661,DBVPG_3044,DBVPG 3044,Rhodotorula mucilaginosa,Italy,unknown,3,30
201,3,3,10.251014388094472,DBVPG_3044,DBVPG 3044,Rhodotorula mucilaginosa,Italy,unknown,3,30
201,4,2,5.038283231674759,DBVPG_3044,DBVPG 3044,Rhodotorula mucilaginosa,Italy,unknown,3,30
202,1,6,27.250254742215894,DBVPG_3382,3382,Rhodotorula mucilaginosa,Italy,plant,3,30
202,2,6,25.205719223810902,DBVPG_3382,3382,Rhodotorula mucilaginosa,Italy,plant,3,30
202,3,6,25.003695860391975,DBVPG_3382,3382,Rhodotorula mucilaginosa,Italy,plant,3,30
202,4,6,27.000807504332926,DBVPG_3382,3382,Rhodotorula mucilaginosa,Italy,plant,3,30
203,1,3,24.5372501576612,DBVPG_3770,3770,Rhodotorula dairenensis,Italy,soil,3,30
203,2,2,7.3452910643558,DBVPG_3770,3770,Rhodotorula dairenensis,Italy,soil,3,30
203,3,4,18.579441269657888,DBVPG_3770,3770,Rhodotorula dairenensis,Italy,soil,3,30
203,4,4,22.41144415030162,DBVPG_3770,3770,Rhodotorula dairenensis,Italy,soil,3,30
204,1,4,16.3848617995277,DBVPG_3854,3854,Rhodotorula mucilaginosa,Italy,plant,3,30
204,2,7,18.991454501916717,DBVPG_3854,3854,Rhodotorula mucilaginosa,Italy,plant,3,30
204,3,7,22.680346731436,DBVPG_3854,3854,Rhodotorula mucilaginosa,Italy,plant,3,30
204,4,7,23.70910946735867,DBVPG_3854,3854,Rhodotorula mucilaginosa,Italy,plant,3,30
205,1,4,20.11464189953568,DBVPG_4202,4202,Rhodotorula mucilaginosa,Italy,soil,3,30
205,2,7,28.13694475429611,DBVPG_4202,4202,Rhodotorula mucilaginosa,Italy,soil,3,30
205,3,7,28.612866964740697,DBVPG_4202,4202,Rhodotorula mucilaginosa,Italy,soil,3,30
206,1,7,24.967008873144,DBVPG_4466,4466,Rhodotorula mucilaginosa,Italy,plant,3,30
206,2,7,23.58443603116683,DBVPG_4466,4466,Rhodotorula mucilaginosa,Italy,plant,3,30
206,3,7,24.083587658101337,DBVPG_4466,4466,Rhodotorula mucilaginosa,Italy,plant,3,30
206,4,7,24.6521877249266,DBVPG_4466,4466,Rhodotorula mucilaginosa,Italy,plant,3,30
207,1,7,26.34090059785535,DBVPG_4945,4945,Rhodotorula mucilaginosa,Italy,food,3,30
207,2,7,24.910698665216945,DBVPG_4945,4945,Rhodotorula mucilaginosa,Italy,food,3,30
207,3,7,25.315212336328287,DBVPG_4945,4945,Rhodotorula mucilaginosa,Italy,food,3,30
207,4,7,25.49953031790778,DBVPG_4945,4945,Rhodotorula mucilaginosa,Italy,food,3,30
208,1,7,24.1219520050639,TFCN_25-332M-1,"25-332M-1
 BY119-D2",Rhodotorula mucilaginosa,China,marsh_tidalflat,3,30
208,2,5,23.9777921893633,TFCN_25-332M-1,"25-332M-1
 BY119-D2",Rhodotorula mucilaginosa,China,marsh_tidalflat,3,30
208,3,7,23.488126987350576,TFCN_25-332M-1,"25-332M-1
 BY119-D2",Rhodotorula mucilaginosa,China,marsh_tidalflat,3,30
208,4,7,27.08921564305957,TFCN_25-332M-1,"25-332M-1
 BY119-D2",Rhodotorula mucilaginosa,China,marsh_tidalflat,3,30
209,1,6,24.2576383120772,TFCN_17-332C-1,"17-332C-1
 BY115-G4",Rhodotorula mucilaginosa,China,marsh_tidalflat,3,30
209,2,5,23.006521873287845,TFCN_17-332C-1,"17-332C-1
 BY115-G4",Rhodotorula mucilaginosa,China,marsh_tidalflat,3,30
209,3,4,22.192708736649454,TFCN_17-332C-1,"17-332C-1
 BY115-G4",Rhodotorula mucilaginosa,China,marsh_tidalflat,3,30
209,4,6,22.45785726970254,TFCN_17-332C-1,"17-332C-1
 BY115-G4",Rhodotorula mucilaginosa,China,marsh_tidalflat,3,30
210,1,7,21.527813278475467,DBVPG_3045,3045,Rhodotorula mucilaginosa,Italy,food,3,30
210,2,7,19.658855148659395,DBVPG_3045,3045,Rhodotorula mucilaginosa,Italy,food,3,30
210,3,7,21.089602210977592,DBVPG_3045,3045,Rhodotorula mucilaginosa,Italy,food,3,30
210,4,7,20.182048159443408,DBVPG_3045,3045,Rhodotorula mucilaginosa,Italy,food,3,30
211,1,6,25.3761149821856,DBVPG_3383,3383,Rhodotorula mucilaginosa,Italy,plant,3,30
211,2,7,24.027199690220968,DBVPG_3383,3383,Rhodotorula mucilaginosa,Italy,plant,3,30
211,3,5,26.40992409856311,DBVPG_3383,3383,Rhodotorula mucilaginosa,Italy,plant,3,30
211,4,7,24.256432612543815,DBVPG_3383,3383,Rhodotorula mucilaginosa,Italy,plant,3,30
213,1,6,18.081451348082847,DBVPG_3855,3855,Rhodotorula mucilaginosa,Italy,plant,3,30
213,2,6,17.615089655198915,DBVPG_3855,3855,Rhodotorula mucilaginosa,Italy,plant,3,30
213,3,5,17.65967895058136,DBVPG_3855,3855,Rhodotorula mucilaginosa,Italy,plant,3,30
213,4,6,16.897898895931586,DBVPG_3855,3855,Rhodotorula mucilaginosa,Italy,plant,3,30
214,1,7,26.8736856282977,DBVPG_4203,4203,Rhodotorula mucilaginosa,Italy,soil,3,30
214,2,7,24.407062786095878,DBVPG_4203,4203,Rhodotorula mucilaginosa,Italy,soil,3,30
214,3,7,25.09547819250224,DBVPG_4203,4203,Rhodotorula mucilaginosa,Italy,soil,3,30
214,4,7,25.358164508065148,DBVPG_4203,4203,Rhodotorula mucilaginosa,Italy,soil,3,30
215,1,4,8.901558333630243,DBVPG_4530,4530,Rhodotorula taiwanensis,Italy,plant,3,30
215,2,3,6.6696477989476985,DBVPG_4530,4530,Rhodotorula taiwanensis,Italy,plant,3,30
215,3,2,6.383153358587052,DBVPG_4530,4530,Rhodotorula taiwanensis,Italy,plant,3,30
215,4,4,8.98535695630949,DBVPG_4530,4530,Rhodotorula taiwanensis,Italy,plant,3,30
216,1,7,25.754180273776367,DBVPG_4946,4946,Rhodotorula mucilaginosa,Italy,food,3,30
216,2,7,24.714335198830803,DBVPG_4946,4946,Rhodotorula mucilaginosa,Italy,food,3,30
216,3,7,24.650396466710585,DBVPG_4946,4946,Rhodotorula mucilaginosa,Italy,food,3,30
216,4,7,25.30823062627691,DBVPG_4946,4946,Rhodotorula mucilaginosa,Italy,food,3,30
217,1,7,27.527867163871193,TFCN_25-0-2E333-1,"25-0-2E333-1
 BY120-A4",Rhodotorula mucilaginosa,China,marsh_tidalflat,3,30
217,2,7,27.215469540450016,TFCN_25-0-2E333-1,"25-0-2E333-1
 BY120-A4",Rhodotorula mucilaginosa,China,marsh_tidalflat,3,30
217,3,7,27.55836731573463,TFCN_25-0-2E333-1,"25-0-2E333-1
 BY120-A4",Rhodotorula mucilaginosa,China,marsh_tidalflat,3,30
217,4,7,26.66295394677912,TFCN_25-0-2E333-1,"25-0-2E333-1
 BY120-A4",Rhodotorula mucilaginosa,China,marsh_tidalflat,3,30
218,1,7,24.154102830320312,TFCN_25-0-2E334-1,"25-0-2E334-1
 BY118-A8",Rhodotorula mucilaginosa,China,marsh_tidalflat,3,30
218,2,7,23.128325501516812,TFCN_25-0-2E334-1,"25-0-2E334-1
 BY118-A8",Rhodotorula mucilaginosa,China,marsh_tidalflat,3,30
218,3,7,23.622810434816337,TFCN_25-0-2E334-1,"25-0-2E334-1
 BY118-A8",Rhodotorula mucilaginosa,China,marsh_tidalflat,3,30
218,4,7,23.801911572789546,TFCN_25-0-2E334-1,"25-0-2E334-1
 BY118-A8",Rhodotorula mucilaginosa,China,marsh_tidalflat,3,30
219,1,7,25.72463754827542,DBVPG_3090,3090,Rhodotorula mucilaginosa,Italy,food,3,30
219,2,7,23.997339995511602,DBVPG_3090,3090,Rhodotorula mucilaginosa,Italy,food,3,30
219,3,7,26.387038855771277,DBVPG_3090,3090,Rhodotorula mucilaginosa,Italy,food,3,30
219,4,7,26.122448982593617,DBVPG_3090,3090,Rhodotorula mucilaginosa,Italy,food,3,30
220,1,6,22.811380578086638,DBVPG_3384,3384,Rhodotorula mucilaginosa,Italy,plant,3,30
220,2,7,25.205129488533633,DBVPG_3384,3384,Rhodotorula mucilaginosa,Italy,plant,3,30
220,3,7,23.30085661799678,DBVPG_3384,3384,Rhodotorula mucilaginosa,Italy,plant,3,30
220,4,5,23.510975414727064,DBVPG_3384,3384,Rhodotorula mucilaginosa,Italy,plant,3,30
221,1,7,22.704742194062188,DBVPG_3772,3772,Rhodotorula dairenensis,Italy,soil,3,30
221,2,7,22.948575284302148,DBVPG_3772,3772,Rhodotorula dairenensis,Italy,soil,3,30
221,3,7,22.548172958310257,DBVPG_3772,3772,Rhodotorula dairenensis,Italy,soil,3,30
221,4,7,20.752474235745378,DBVPG_3772,3772,Rhodotorula dairenensis,Italy,soil,3,30
222,1,7,23.46179421014132,DBVPG_3856,3856,Rhodotorula mucilaginosa,Italy,plant,3,30
222,2,7,23.14406870921916,DBVPG_3856,3856,Rhodotorula mucilaginosa,Italy,plant,3,30
222,3,7,23.106171092134367,DBVPG_3856,3856,Rhodotorula mucilaginosa,Italy,plant,3,30
222,4,7,22.297125573298132,DBVPG_3856,3856,Rhodotorula mucilaginosa,Italy,plant,3,30
223,1,7,25.916335279795167,DBVPG_4304,4304,Rhodotorula mucilaginosa,Italy,unknown,3,30
223,2,7,24.888957015880553,DBVPG_4304,4304,Rhodotorula mucilaginosa,Italy,unknown,3,30
223,3,7,24.080399786549314,DBVPG_4304,4304,Rhodotorula mucilaginosa,Italy,unknown,3,30
223,4,7,24.99677678274561,DBVPG_4304,4304,Rhodotorula mucilaginosa,Italy,unknown,3,30
224,1,5,10.446700984785842,DBVPG_4531,4531,Rhodotorula taiwanensis,Italy,plant,3,30
224,2,4,9.690819657934606,DBVPG_4531,4531,Rhodotorula taiwanensis,Italy,plant,3,30
224,3,4,9.223659972301128,DBVPG_4531,4531,Rhodotorula taiwanensis,Italy,plant,3,30
225,1,7,29.47881379530564,DBVPG_4947,4947,Rhodotorula mucilaginosa,Italy,food,3,30
225,2,7,29.10840586292495,DBVPG_4947,4947,Rhodotorula mucilaginosa,Italy,food,3,30
225,3,7,29.58891639404885,DBVPG_4947,4947,Rhodotorula mucilaginosa,Italy,food,3,30
225,4,7,29.1313471958808,DBVPG_4947,4947,Rhodotorula mucilaginosa,Italy,food,3,30
227,1,7,21.693939572380906,TFCN_25-334Y-6,"25-334Y-6
 BY118-F9",Rhodotorula mucilaginosa,China,marsh_tidalflat,3,30
227,2,7,22.10385546769581,TFCN_25-334Y-6,"25-334Y-6
 BY118-F9",Rhodotorula mucilaginosa,China,marsh_tidalflat,3,30
227,3,7,21.924452831629086,TFCN_25-334Y-6,"25-334Y-6
 BY118-F9",Rhodotorula mucilaginosa,China,marsh_tidalflat,3,30
227,4,7,20.64816321567292,TFCN_25-334Y-6,"25-334Y-6
 BY118-F9",Rhodotorula mucilaginosa,China,marsh_tidalflat,3,30
228,1,7,21.320437642095406,DBVPG_3235,3235,Rhodotorula mucilaginosa,Italy,food,3,30
228,2,7,21.086639869777258,DBVPG_3235,3235,Rhodotorula mucilaginosa,Italy,food,3,30
228,3,7,21.356461995985256,DBVPG_3235,3235,Rhodotorula mucilaginosa,Italy,food,3,30
228,4,7,21.514032048385147,DBVPG_3235,3235,Rhodotorula mucilaginosa,Italy,food,3,30
229,1,7,22.935275391942028,DBVPG_3442,3442,Rhodotorula mucilaginosa,Italy,food,3,30
229,2,7,23.60499535600345,DBVPG_3442,3442,Rhodotorula mucilaginosa,Italy,food,3,30
229,3,7,22.066855701812905,DBVPG_3442,3442,Rhodotorula mucilaginosa,Italy,food,3,30
229,4,7,24.069959532436226,DBVPG_3442,3442,Rhodotorula mucilaginosa,Italy,food,3,30
230,1,7,26.68495094204665,DBVPG_3773,3773,Rhodotorula dairenensis,Italy,soil,3,30
230,3,7,24.3373783250655,DBVPG_3773,3773,Rhodotorula dairenensis,Italy,soil,3,30
230,4,3,15.74275450236888,DBVPG_3773,3773,Rhodotorula dairenensis,Italy,soil,3,30
231,1,4,30.578891989642106,DBVPG_3857,3857,Rhodotorula mucilaginosa,Italy,plant,3,30
231,3,4,21.389054723786597,DBVPG_3857,3857,Rhodotorula mucilaginosa,Italy,plant,3,30
231,4,2,6.491876698259208,DBVPG_3857,3857,Rhodotorula mucilaginosa,Italy,plant,3,30
232,1,7,22.96598355796811,DBVPG_4376,4376,Rhodotorula mucilaginosa,Italy,food,3,30
232,2,7,20.318771065044288,DBVPG_4376,4376,Rhodotorula mucilaginosa,Italy,food,3,30
232,3,7,21.656135775291705,DBVPG_4376,4376,Rhodotorula mucilaginosa,Italy,food,3,30
232,4,7,21.35525920774249,DBVPG_4376,4376,Rhodotorula mucilaginosa,Italy,food,3,30
233,1,6,16.742298482450927,DBVPG_4534,4534,Rhodotorula mucilaginosa,Italy,sand,3,30
233,2,7,21.406601878643514,DBVPG_4534,4534,Rhodotorula mucilaginosa,Italy,sand,3,30
233,3,6,18.566150148104214,DBVPG_4534,4534,Rhodotorula mucilaginosa,Italy,sand,3,30
233,4,6,16.406160091577046,DBVPG_4534,4534,Rhodotorula mucilaginosa,Italy,sand,3,30
234,1,7,23.882312812187457,DBVPG_4949,4949,Rhodotorula mucilaginosa,Italy,soil,3,30
234,3,7,23.408469210479556,DBVPG_4949,4949,Rhodotorula mucilaginosa,Italy,soil,3,30
234,4,6,19.788105235339362,DBVPG_4949,4949,Rhodotorula mucilaginosa,Italy,soil,3,30
235,1,6,21.49330090593933,TFCN_209-6-1,"209-6-1
 BY42-F9",Rhodotorula mucilaginosa,China,marsh_tidalflat,3,30
235,2,7,25.545851704807927,TFCN_209-6-1,"209-6-1
 BY42-F9",Rhodotorula mucilaginosa,China,marsh_tidalflat,3,30
235,3,6,20.797535030161505,TFCN_209-6-1,"209-6-1
 BY42-F9",Rhodotorula mucilaginosa,China,marsh_tidalflat,3,30
235,4,6,20.83618607923304,TFCN_209-6-1,"209-6-1
 BY42-F9",Rhodotorula mucilaginosa,China,marsh_tidalflat,3,30
236,1,7,24.9879569037518,TFCN_209-6-12,"209-6-12
 BY43-H1",Rhodotorula mucilaginosa,China,NA,3,30
236,2,7,23.958585772567655,TFCN_209-6-12,"209-6-12
 BY43-H1",Rhodotorula mucilaginosa,China,NA,3,30
236,3,7,24.437690260658094,TFCN_209-6-12,"209-6-12
 BY43-H1",Rhodotorula mucilaginosa,China,NA,3,30
236,4,7,24.47091809132037,TFCN_209-6-12,"209-6-12
 BY43-H1",Rhodotorula mucilaginosa,China,NA,3,30
237,1,7,25.28400020803704,DBVPG_3237,3237,Rhodotorula mucilaginosa,Italy,food,3,30
237,2,7,24.7986635901735,DBVPG_3237,3237,Rhodotorula mucilaginosa,Italy,food,3,30
237,3,7,24.89882294577153,DBVPG_3237,3237,Rhodotorula mucilaginosa,Italy,food,3,30
237,4,7,24.16295700628568,DBVPG_3237,3237,Rhodotorula mucilaginosa,Italy,food,3,30
238,1,6,24.079147503315205,DBVPG_3443,3443,Rhodotorula mucilaginosa,Italy,food,3,30
238,2,7,23.746602866784876,DBVPG_3443,3443,Rhodotorula mucilaginosa,Italy,food,3,30
238,3,7,22.040453034506218,DBVPG_3443,3443,Rhodotorula mucilaginosa,Italy,food,3,30
238,4,7,25.78330711830245,DBVPG_3443,3443,Rhodotorula mucilaginosa,Italy,food,3,30
239,1,2,22.403958128517782,DBVPG_3774,3774,Rhodotorula mucilaginosa,Italy,food,3,30
239,2,3,23.98118471808029,DBVPG_3774,3774,Rhodotorula mucilaginosa,Italy,food,3,30
239,3,7,26.907189796440957,DBVPG_3774,3774,Rhodotorula mucilaginosa,Italy,food,3,30
239,4,7,28.60801729445007,DBVPG_3774,3774,Rhodotorula mucilaginosa,Italy,food,3,30
240,1,7,29.13249110442353,DBVPG_3858,3858,Rhodotorula mucilaginosa,Italy,insect,3,30
240,2,7,29.3898789177791,DBVPG_3858,3858,Rhodotorula mucilaginosa,Italy,insect,3,30
240,3,6,28.895179544891924,DBVPG_3858,3858,Rhodotorula mucilaginosa,Italy,insect,3,30
240,4,7,28.887815653939917,DBVPG_3858,3858,Rhodotorula mucilaginosa,Italy,insect,3,30
241,1,7,24.88660774112278,DBVPG_4377,4377,Rhodotorula mucilaginosa,Italy,marine,3,30
241,2,7,25.035063820744945,DBVPG_4377,4377,Rhodotorula mucilaginosa,Italy,marine,3,30
241,3,2,14.925932016290677,DBVPG_4377,4377,Rhodotorula mucilaginosa,Italy,marine,3,30
241,4,7,24.8799543227615,DBVPG_4377,4377,Rhodotorula mucilaginosa,Italy,marine,3,30
243,1,7,22.374748477033645,DBVPG_4950,4950,Rhodotorula mucilaginosa,Italy,soil,3,30
243,2,7,22.635523801214237,DBVPG_4950,4950,Rhodotorula mucilaginosa,Italy,soil,3,30
243,3,7,21.925264675086943,DBVPG_4950,4950,Rhodotorula mucilaginosa,Italy,soil,3,30
243,4,7,21.853726056893652,DBVPG_4950,4950,Rhodotorula mucilaginosa,Italy,soil,3,30
245,1,7,22.745810387770245,DBVPG_5227,5227,Rhodotorula mucilaginosa,Italy,soil,3,30
245,2,7,21.94703467967343,DBVPG_5227,5227,Rhodotorula mucilaginosa,Italy,soil,3,30
245,3,7,22.961695184865764,DBVPG_5227,5227,Rhodotorula mucilaginosa,Italy,soil,3,30
245,4,7,22.587227079804933,DBVPG_5227,5227,Rhodotorula mucilaginosa,Italy,soil,3,30
246,1,7,24.757256930803557,DBVPG_6091,6091,Rhodotorula mucilaginosa,Italy,insect,3,30
246,2,7,23.97217710236923,DBVPG_6091,6091,Rhodotorula mucilaginosa,Italy,insect,3,30
246,3,7,25.717744994786923,DBVPG_6091,6091,Rhodotorula mucilaginosa,Italy,insect,3,30
246,4,7,25.22883149971829,DBVPG_6091,6091,Rhodotorula mucilaginosa,Italy,insect,3,30
247,1,5,16.576320542864398,DBVPG_6739,6739,Rhodotorula toruloides,Italy,soil,3,30
247,2,5,17.680182042660057,DBVPG_6739,6739,Rhodotorula toruloides,Italy,soil,3,30
247,3,6,24.167326989935837,DBVPG_6739,6739,Rhodotorula toruloides,Italy,soil,3,30
247,4,7,25.6295983008199,DBVPG_6739,6739,Rhodotorula toruloides,Italy,soil,3,30
248,1,7,19.165769007481213,DBVPG_7947,7947,Rhodotorula sp. clade XIII,Italy,soil,3,30
248,2,4,11.452857307281715,DBVPG_7947,7947,Rhodotorula sp. clade XIII,Italy,soil,3,30
248,3,7,20.00417132752775,DBVPG_7947,7947,Rhodotorula sp. clade XIII,Italy,soil,3,30
248,4,7,19.47442997750436,DBVPG_7947,7947,Rhodotorula sp. clade XIII,Italy,soil,3,30
249,1,3,3.096711766918136,DBVPG_3236,3236,Rhodotorula mucilaginosa,Italy,food,3,30
249,3,2,1.876662203860736,DBVPG_3236,3236,Rhodotorula mucilaginosa,Italy,food,3,30
250,2,4,21.01155491733727,DBVPG_7316,7316,Rhodotorula paludigena,Italy,marsh_tidalflat,3,30
250,3,7,25.592005976883705,DBVPG_7316,7316,Rhodotorula paludigena,Italy,marsh_tidalflat,3,30
250,4,7,26.44810336909863,DBVPG_7316,7316,Rhodotorula paludigena,Italy,marsh_tidalflat,3,30
253,1,7,23.83362667218711,DBVPG_4956,4956,Rhodotorula mucilaginosa,Italy,soil,3,30
253,2,7,24.464616758238098,DBVPG_4956,4956,Rhodotorula mucilaginosa,Italy,soil,3,30
253,3,7,24.531760084181258,DBVPG_4956,4956,Rhodotorula mucilaginosa,Italy,soil,3,30
253,4,7,24.407896145609662,DBVPG_4956,4956,Rhodotorula mucilaginosa,Italy,soil,3,30
254,1,7,23.357025133832764,DBVPG_5228,5228,Rhodotorula mucilaginosa,Italy,soil,3,30
254,2,7,23.178788367306716,DBVPG_5228,5228,Rhodotorula mucilaginosa,Italy,soil,3,30
254,3,7,22.832283800199182,DBVPG_5228,5228,Rhodotorula mucilaginosa,Italy,soil,3,30
254,4,7,24.32767717578847,DBVPG_5228,5228,Rhodotorula mucilaginosa,Italy,soil,3,30
255,1,2,21.678018648513785,DBVPG_6093,6093,Rhodotorula mucilaginosa,Italy,unknown,3,30
255,2,7,24.247868879823322,DBVPG_6093,6093,Rhodotorula mucilaginosa,Italy,unknown,3,30
255,3,7,24.70431604681017,DBVPG_6093,6093,Rhodotorula mucilaginosa,Italy,unknown,3,30
255,4,2,3.5589140258978986,DBVPG_6093,6093,Rhodotorula mucilaginosa,Italy,unknown,3,30
256,1,7,25.49901259213081,DBVPG_6742,6742,Rhodotorula mucilaginosa,Italy,unknown,3,30
256,2,7,25.041275272932058,DBVPG_6742,6742,Rhodotorula mucilaginosa,Italy,unknown,3,30
256,3,7,25.206600254271102,DBVPG_6742,6742,Rhodotorula mucilaginosa,Italy,unknown,3,30
256,4,7,24.726757763846727,DBVPG_6742,6742,Rhodotorula mucilaginosa,Italy,unknown,3,30
257,1,7,25.426560600391685,DBVPG_8043,8043,Rhodotorula mucilaginosa,Italy,water,3,30
257,2,7,25.46703390572527,DBVPG_8043,8043,Rhodotorula mucilaginosa,Italy,water,3,30
257,3,7,24.58602865463872,DBVPG_8043,8043,Rhodotorula mucilaginosa,Italy,water,3,30
257,4,7,25.253904409390515,DBVPG_8043,8043,Rhodotorula mucilaginosa,Italy,water,3,30
258,1,7,24.205106901442548,DBVPG_3445,3445,Rhodotorula mucilaginosa,Italy,food,3,30
258,2,7,23.680064880429896,DBVPG_3445,3445,Rhodotorula mucilaginosa,Italy,food,3,30
258,3,7,24.08080300878354,DBVPG_3445,3445,Rhodotorula mucilaginosa,Italy,food,3,30
258,4,7,23.684398503344124,DBVPG_3445,3445,Rhodotorula mucilaginosa,Italy,food,3,30
261,1,7,27.16891519817852,TF_CN_86C_3,"86C-3
 BY33-D3",Rhodotorula sphaerocarpa,China,NA,4,30
261,2,4,21.38825620905945,TF_CN_86C_3,"86C-3
 BY33-D3",Rhodotorula sphaerocarpa,China,NA,4,30
261,3,7,21.20147069580112,TF_CN_86C_3,"86C-3
 BY33-D3",Rhodotorula sphaerocarpa,China,NA,4,30
261,4,6,19.881378386706245,TF_CN_86C_3,"86C-3
 BY33-D3",Rhodotorula sphaerocarpa,China,NA,4,30
262,1,7,29.022684300275234,DBVPG_4957,4957,Rhodotorula mucilaginosa,Italy,soil,4,30
262,2,7,23.823574181216127,DBVPG_4957,4957,Rhodotorula mucilaginosa,Italy,soil,4,30
262,3,3,17.498451752530954,DBVPG_4957,4957,Rhodotorula mucilaginosa,Italy,soil,4,30
262,4,7,22.97305072937816,DBVPG_4957,4957,Rhodotorula mucilaginosa,Italy,soil,4,30
263,1,7,21.051999521784616,DBVPG_5229,5229,Rhodotorula mucilaginosa,Italy,soil,4,30
263,2,3,17.25900920972045,DBVPG_5229,5229,Rhodotorula mucilaginosa,Italy,soil,4,30
263,3,7,22.836738358829678,DBVPG_5229,5229,Rhodotorula mucilaginosa,Italy,soil,4,30
263,4,7,25.750023165592655,DBVPG_5229,5229,Rhodotorula mucilaginosa,Italy,soil,4,30
264,1,7,23.55827469697598,DBVPG_6094,6094,Rhodotorula mucilaginosa,Italy,unknown,4,30
264,2,7,23.44590071214307,DBVPG_6094,6094,Rhodotorula mucilaginosa,Italy,unknown,4,30
264,3,7,23.589013880646768,DBVPG_6094,6094,Rhodotorula mucilaginosa,Italy,unknown,4,30
264,4,6,22.798180337406652,DBVPG_6094,6094,Rhodotorula mucilaginosa,Italy,unknown,4,30
265,1,7,23.911881267389695,DBVPG_6743,6743,Rhodotorula mucilaginosa,Italy,soil,4,30
265,2,7,25.810917691847944,DBVPG_6743,6743,Rhodotorula mucilaginosa,Italy,soil,4,30
265,3,7,25.744884754979527,DBVPG_6743,6743,Rhodotorula mucilaginosa,Italy,soil,4,30
265,4,6,24.710580414860793,DBVPG_6743,6743,Rhodotorula mucilaginosa,Italy,soil,4,30
266,1,7,24.22918711451955,DBVPG_8058,8058,Rhodotorula sp. clade I,Italy,food,4,30
266,2,7,24.897357564520146,DBVPG_8058,8058,Rhodotorula sp. clade I,Italy,food,4,30
266,3,7,25.241383937515778,DBVPG_8058,8058,Rhodotorula sp. clade I,Italy,food,4,30
266,4,6,21.48658288419736,DBVPG_8058,8058,Rhodotorula sp. clade I,Italy,food,4,30
267,1,7,21.247902771225647,DBVPG_3446,3446,Rhodotorula mucilaginosa,Italy,food,4,30
267,2,4,21.106325969352667,DBVPG_3446,3446,Rhodotorula mucilaginosa,Italy,food,4,30
267,3,7,22.547822138251515,DBVPG_3446,3446,Rhodotorula mucilaginosa,Italy,food,4,30
267,4,7,27.6512532282168,DBVPG_3446,3446,Rhodotorula mucilaginosa,Italy,food,4,30
268,1,7,27.212110566594177,DBVPG_10842,10842,Rhodotorula mucilaginosa,Italy,snow_ice,4,30
268,2,4,27.931508746034602,DBVPG_10842,10842,Rhodotorula mucilaginosa,Italy,snow_ice,4,30
268,3,3,19.623227812084103,DBVPG_10842,10842,Rhodotorula mucilaginosa,Italy,snow_ice,4,30
268,4,7,26.783033681973084,DBVPG_10842,10842,Rhodotorula mucilaginosa,Italy,snow_ice,4,30
270,1,4,9.119592736905664,TF_CN_7_6_3,7-6-2003,Rhodotorula diobovata,China,NA,4,30
270,2,4,9.063790612500508,TF_CN_7_6_3,7-6-2003,Rhodotorula diobovata,China,NA,4,30
270,3,6,27.89716236956256,TF_CN_7_6_3,7-6-2003,Rhodotorula diobovata,China,NA,4,30
270,4,3,6.879316239913223,TF_CN_7_6_3,7-6-2003,Rhodotorula diobovata,China,NA,4,30
271,1,7,23.216761157240356,DBVPG_4958,4958,Rhodotorula mucilaginosa,Italy,soil,4,30
271,2,4,22.710961542788993,DBVPG_4958,4958,Rhodotorula mucilaginosa,Italy,soil,4,30
271,3,3,8.816987169648229,DBVPG_4958,4958,Rhodotorula mucilaginosa,Italy,soil,4,30
271,4,6,23.535428432000078,DBVPG_4958,4958,Rhodotorula mucilaginosa,Italy,soil,4,30
272,1,7,24.943425490827835,DBVPG_5235,5235,Rhodotorula mucilaginosa,Italy,soil,4,30
272,2,7,26.593193702194082,DBVPG_5235,5235,Rhodotorula mucilaginosa,Italy,soil,4,30
272,3,3,20.31538805873256,DBVPG_5235,5235,Rhodotorula mucilaginosa,Italy,soil,4,30
272,4,7,27.722478349179433,DBVPG_5235,5235,Rhodotorula mucilaginosa,Italy,soil,4,30
273,1,7,23.22731350688094,DBVPG_6121,6121,Rhodotorula toruloides,Italy,air_cloud,4,30
273,2,7,23.60286709342968,DBVPG_6121,6121,Rhodotorula toruloides,Italy,air_cloud,4,30
273,3,7,23.5569635462508,DBVPG_6121,6121,Rhodotorula toruloides,Italy,air_cloud,4,30
273,4,5,23.3678636210672,DBVPG_6121,6121,Rhodotorula toruloides,Italy,air_cloud,4,30
274,1,7,24.63545454066898,DBVPG_6803,6803,Rhodotorula mucilaginosa,Italy,soil,4,30
274,3,3,17.47773900178534,DBVPG_6803,6803,Rhodotorula mucilaginosa,Italy,soil,4,30
274,4,7,24.854387582114363,DBVPG_6803,6803,Rhodotorula mucilaginosa,Italy,soil,4,30
275,2,7,25.03587209113884,DBVPG_10075,10075,Cystobasidium sp.,Italy,soil,4,30
275,4,6,21.05265103288506,DBVPG_10075,10075,Cystobasidium sp.,Italy,soil,4,30
276,1,7,24.580179300179793,DBVPG_3778,3778,Rhodotorula mucilaginosa,Italy,soil,4,30
276,2,7,24.447409767102524,DBVPG_3778,3778,Rhodotorula mucilaginosa,Italy,soil,4,30
276,3,3,17.96823565089753,DBVPG_3778,3778,Rhodotorula mucilaginosa,Italy,soil,4,30
276,4,7,24.516823960101025,DBVPG_3778,3778,Rhodotorula mucilaginosa,Italy,soil,4,30
277,2,5,14.776484105431395,DBVPG_10882,10882,Rhodotorula mucilaginosa,Italy,rock,4,30
277,3,5,24.97181915385607,DBVPG_10882,10882,Rhodotorula mucilaginosa,Italy,rock,4,30
278,1,7,21.143689260820082,TFCN_86A_5,"86A-5
 BY34-I6",Rhodotorula sphaerocarpa,China,NA,4,30
278,2,7,21.747717696768596,TFCN_86A_5,"86A-5
 BY34-I6",Rhodotorula sphaerocarpa,China,NA,4,30
278,4,6,23.39111045368055,TFCN_86A_5,"86A-5
 BY34-I6",Rhodotorula sphaerocarpa,China,NA,4,30
279,1,7,25.39591560224811,TF_CN_186CL4_2,"186CL④-2
 BY39-C9",Rhodotorula mucilaginosa,China,NA,4,30
279,2,6,20.97182280478429,TF_CN_186CL4_2,"186CL④-2
 BY39-C9",Rhodotorula mucilaginosa,China,NA,4,30
279,3,7,22.726354759218975,TF_CN_186CL4_2,"186CL④-2
 BY39-C9",Rhodotorula mucilaginosa,China,NA,4,30
279,4,7,24.93646758671588,TF_CN_186CL4_2,"186CL④-2
 BY39-C9",Rhodotorula mucilaginosa,China,NA,4,30
280,1,7,23.359389543349764,DBVPG_4962,4962,Rhodotorula mucilaginosa,Italy,soil,4,30
280,2,4,25.96196306399972,DBVPG_4962,4962,Rhodotorula mucilaginosa,Italy,soil,4,30
280,3,7,24.992412424191073,DBVPG_4962,4962,Rhodotorula mucilaginosa,Italy,soil,4,30
280,4,7,25.026780060737746,DBVPG_4962,4962,Rhodotorula mucilaginosa,Italy,soil,4,30
281,1,5,23.368884734047185,DBVPG_5236,5236,Rhodotorula mucilaginosa,Italy,soil,4,30
281,3,6,22.68195759264062,DBVPG_5236,5236,Rhodotorula mucilaginosa,Italy,soil,4,30
281,4,7,24.344383845085545,DBVPG_5236,5236,Rhodotorula mucilaginosa,Italy,soil,4,30
282,1,5,17.36060279046589,DBVPG_6195,6195,Rhodotorula diobovata,Italy,marine,4,30
282,2,6,15.563873156866624,DBVPG_6195,6195,Rhodotorula diobovata,Italy,marine,4,30
282,3,7,17.619613476640193,DBVPG_6195,6195,Rhodotorula diobovata,Italy,marine,4,30
282,4,6,15.137007683582212,DBVPG_6195,6195,Rhodotorula diobovata,Italy,marine,4,30
283,1,5,24.688783006575157,DBVPG_7019,7019,Rhodotorula mucilaginosa,Italy,unknown,4,30
283,2,4,24.882860816808485,DBVPG_7019,7019,Rhodotorula mucilaginosa,Italy,unknown,4,30
283,3,3,19.112495913820595,DBVPG_7019,7019,Rhodotorula mucilaginosa,Italy,unknown,4,30
283,4,7,25.019556954427053,DBVPG_7019,7019,Rhodotorula mucilaginosa,Italy,unknown,4,30
284,1,2,3.397636714753652,DBVPG_10753,10753,Rhodotorula kratochvilovae,Italy,built env,4,30
284,2,4,9.23403006958224,DBVPG_10753,10753,Rhodotorula kratochvilovae,Italy,built env,4,30
284,3,4,9.550518807721282,DBVPG_10753,10753,Rhodotorula kratochvilovae,Italy,built env,4,30
284,4,4,9.540128261864474,DBVPG_10753,10753,Rhodotorula kratochvilovae,Italy,built env,4,30
285,1,5,21.99575701557542,DBVPG_3780,3780,Rhodotorula mucilaginosa,Italy,soil,4,30
285,2,7,25.77291581314188,DBVPG_3780,3780,Rhodotorula mucilaginosa,Italy,soil,4,30
285,3,7,24.643098249029844,DBVPG_3780,3780,Rhodotorula mucilaginosa,Italy,soil,4,30
285,4,7,22.676969977091066,DBVPG_3780,3780,Rhodotorula mucilaginosa,Italy,soil,4,30
286,1,5,17.71094126026251,DBVPG_10886,10886,Rhodotorula mucilaginosa,Italy,rock,4,30
286,2,6,17.623667312634428,DBVPG_10886,10886,Rhodotorula mucilaginosa,Italy,rock,4,30
286,3,7,17.95600280749298,DBVPG_10886,10886,Rhodotorula mucilaginosa,Italy,rock,4,30
286,4,7,18.309489286049235,DBVPG_10886,10886,Rhodotorula mucilaginosa,Italy,rock,4,30
287,1,5,22.28040358754572,TFCN_152A_3,"152A-3
 BY32-A2",Rhodotorula toruloides,China,NA,4,30
287,2,4,23.093111875251402,TFCN_152A_3,"152A-3
 BY32-A2",Rhodotorula toruloides,China,NA,4,30
287,3,3,17.266198196398907,TFCN_152A_3,"152A-3
 BY32-A2",Rhodotorula toruloides,China,NA,4,30
287,4,6,22.83452916366313,TFCN_152A_3,"152A-3
 BY32-A2",Rhodotorula toruloides,China,NA,4,30
288,1,7,21.264865291762092,TFCN_1A_1_5,1A-1-5,Rhodotorula pacifica,China,NA,4,30
288,2,4,20.190672416353724,TFCN_1A_1_5,1A-1-5,Rhodotorula pacifica,China,NA,4,30
288,3,7,20.05096067697526,TFCN_1A_1_5,1A-1-5,Rhodotorula pacifica,China,NA,4,30
288,4,7,19.866734548973,TFCN_1A_1_5,1A-1-5,Rhodotorula pacifica,China,NA,4,30
289,1,7,24.18167282649712,DBVPG_4963,4963,Rhodotorula mucilaginosa,Italy,soil,4,30
289,2,7,25.35601898365238,DBVPG_4963,4963,Rhodotorula mucilaginosa,Italy,soil,4,30
289,3,7,24.50355142184044,DBVPG_4963,4963,Rhodotorula mucilaginosa,Italy,soil,4,30
289,4,6,18.810356527608615,DBVPG_4963,4963,Rhodotorula mucilaginosa,Italy,soil,4,30
290,1,4,17.190522987935477,DBVPG_5757,5757,Rhodotorula mucilaginosa,Italy,soil,4,30
290,2,6,19.875075886065183,DBVPG_5757,5757,Rhodotorula mucilaginosa,Italy,soil,4,30
290,3,3,15.29374920983938,DBVPG_5757,5757,Rhodotorula mucilaginosa,Italy,soil,4,30
290,4,6,20.2870026371762,DBVPG_5757,5757,Rhodotorula mucilaginosa,Italy,soil,4,30
291,1,7,21.32387172681475,DBVPG_6202,6202,Rhodotorula diobovata,Italy,marine,4,30
291,3,7,20.77409540872797,DBVPG_6202,6202,Rhodotorula diobovata,Italy,marine,4,30
291,4,7,17.864036288806552,DBVPG_6202,6202,Rhodotorula diobovata,Italy,marine,4,30
292,1,3,8.964965357931565,DBVPG_7021,7021,Rhodotorula graminis,Italy,plant,4,30
292,2,4,13.379165012428977,DBVPG_7021,7021,Rhodotorula graminis,Italy,plant,4,30
292,3,5,16.6932709339357,DBVPG_7021,7021,Rhodotorula graminis,Italy,plant,4,30
292,4,2,3.170975123101684,DBVPG_7021,7021,Rhodotorula graminis,Italy,plant,4,30
293,1,5,23.592738558837674,DBVPG_10780,10780,Rhodotorula mucilaginosa,Italy,snow_ice,4,30
293,2,4,22.485652483916724,DBVPG_10780,10780,Rhodotorula mucilaginosa,Italy,snow_ice,4,30
293,3,3,15.611611987799282,DBVPG_10780,10780,Rhodotorula mucilaginosa,Italy,snow_ice,4,30
293,4,5,24.335973217221493,DBVPG_10780,10780,Rhodotorula mucilaginosa,Italy,snow_ice,4,30
294,1,4,19.157933153520098,DBVPG_6083,6083,Rhodotorula graminis,Italy,plant,4,30
294,2,4,18.25019352193237,DBVPG_6083,6083,Rhodotorula graminis,Italy,plant,4,30
294,3,5,18.431174698238245,DBVPG_6083,6083,Rhodotorula graminis,Italy,plant,4,30
294,4,4,14.735801568576049,DBVPG_6083,6083,Rhodotorula graminis,Italy,plant,4,30
295,1,7,20.821857310764074,DBVPG_10937,DBVPG 10937,Rhodotorula mucilaginosa,Italy,food,4,30
295,2,7,23.984861077770358,DBVPG_10937,DBVPG 10937,Rhodotorula mucilaginosa,Italy,food,4,30
295,3,6,20.785736586096824,DBVPG_10937,DBVPG 10937,Rhodotorula mucilaginosa,Italy,food,4,30
295,4,7,26.86252163247932,DBVPG_10937,DBVPG 10937,Rhodotorula mucilaginosa,Italy,food,4,30
296,1,5,23.194090009798227,TFCN_2M_1_3,"2M-1-3
 BY8-A3",Rhodotorula mucilaginosa,China,NA,4,30
296,2,4,23.177772594964324,TFCN_2M_1_3,"2M-1-3
 BY8-A3",Rhodotorula mucilaginosa,China,NA,4,30
296,3,7,22.76156385143231,TFCN_2M_1_3,"2M-1-3
 BY8-A3",Rhodotorula mucilaginosa,China,NA,4,30
296,4,6,19.354369315415347,TFCN_2M_1_3,"2M-1-3
 BY8-A3",Rhodotorula mucilaginosa,China,NA,4,30
297,1,3,22.645298436153524,TFCN_211C_2,"211C-2
 BY37-F3",Rhodotorula diobovata,China,NA,4,30
298,1,3,7.981598940001209,DBVPG_4964,4964,Rhodotorula mucilaginosa,Italy,soil,4,30
298,2,6,20.782511403271606,DBVPG_4964,4964,Rhodotorula mucilaginosa,Italy,soil,4,30
298,3,3,17.267825209755102,DBVPG_4964,4964,Rhodotorula mucilaginosa,Italy,soil,4,30
298,4,6,18.846018750090536,DBVPG_4964,4964,Rhodotorula mucilaginosa,Italy,soil,4,30
299,1,5,21.343935614033875,DBVPG_5758,5758,Rhodotorula mucilaginosa,Italy,soil,4,30
299,2,4,22.461533898620996,DBVPG_5758,5758,Rhodotorula mucilaginosa,Italy,soil,4,30
299,3,7,20.995286686024617,DBVPG_5758,5758,Rhodotorula mucilaginosa,Italy,soil,4,30
299,4,5,21.229708141803524,DBVPG_5758,5758,Rhodotorula mucilaginosa,Italy,soil,4,30
300,1,7,22.565085566184738,DBVPG_6593,6593,Rhodotorula mucilaginosa,Italy,unknown,4,30
300,2,7,28.0748382866194,DBVPG_6593,6593,Rhodotorula mucilaginosa,Italy,unknown,4,30
300,3,3,17.175732477767344,DBVPG_6593,6593,Rhodotorula mucilaginosa,Italy,unknown,4,30
300,4,7,25.495258014586213,DBVPG_6593,6593,Rhodotorula mucilaginosa,Italy,unknown,4,30
301,1,5,14.655406028607768,DBVPG_7323,7323,Rhodotorula paludigena,Italy,marsh_tidalflat,4,30
301,2,7,23.14314788316148,DBVPG_7323,7323,Rhodotorula paludigena,Italy,marsh_tidalflat,4,30
301,4,2,3.647965585963849,DBVPG_7323,7323,Rhodotorula paludigena,Italy,marsh_tidalflat,4,30
302,1,7,20.32132163649339,DBVPG_10348,10348,Rhodotorula sp. clade XI,Italy,soil,4,30
302,2,4,21.586801684491817,DBVPG_10348,10348,Rhodotorula sp. clade XI,Italy,soil,4,30
302,3,7,21.031559357424797,DBVPG_10348,10348,Rhodotorula sp. clade XI,Italy,soil,4,30
302,4,6,19.01510844220153,DBVPG_10348,10348,Rhodotorula sp. clade XI,Italy,soil,4,30
303,1,7,23.686318613047696,DBVPG_6092,6092,Rhodotorula mucilaginosa,Italy,unknown,4,30
303,2,6,22.457787792620906,DBVPG_6092,6092,Rhodotorula mucilaginosa,Italy,unknown,4,30
303,3,3,16.290494977486958,DBVPG_6092,6092,Rhodotorula mucilaginosa,Italy,unknown,4,30
303,4,7,24.002066447591027,DBVPG_6092,6092,Rhodotorula mucilaginosa,Italy,unknown,4,30
304,1,2,18.917924118041462,TFCN_17_332M_1,17-333M-1,Rhodotorula mucilaginosa,China,NA,4,30
304,2,4,26.039450031897445,TFCN_17_332M_1,17-333M-1,Rhodotorula mucilaginosa,China,NA,4,30
304,3,7,24.203398039194276,TFCN_17_332M_1,17-333M-1,Rhodotorula mucilaginosa,China,NA,4,30
304,4,7,25.882102341051016,TFCN_17_332M_1,17-333M-1,Rhodotorula mucilaginosa,China,NA,4,30
307,1,6,27.576456024311362,DBVPG_5225,5225,Rhodotorula mucilaginosa,Italy,soil,4,30
307,2,6,23.92745647271773,DBVPG_5225,5225,Rhodotorula mucilaginosa,Italy,soil,4,30
307,3,6,20.23913268806178,DBVPG_5225,5225,Rhodotorula mucilaginosa,Italy,soil,4,30
307,4,7,24.780710356559013,DBVPG_5225,5225,Rhodotorula mucilaginosa,Italy,soil,4,30
308,1,5,16.58730327706956,DBVPG_5759,5759,Rhodotorula mucilaginosa,Italy,soil,4,30
308,2,7,22.974123577184194,DBVPG_5759,5759,Rhodotorula mucilaginosa,Italy,soil,4,30
308,3,3,15.8150100299885,DBVPG_5759,5759,Rhodotorula mucilaginosa,Italy,soil,4,30
308,4,7,21.762782695906267,DBVPG_5759,5759,Rhodotorula mucilaginosa,Italy,soil,4,30
309,1,7,21.48884042732336,DBVPG_6649,6649,Rhodotorula mucilaginosa,Italy,plant,4,30
309,2,6,20.198275003712375,DBVPG_6649,6649,Rhodotorula mucilaginosa,Italy,plant,4,30
309,3,7,21.159846779153703,DBVPG_6649,6649,Rhodotorula mucilaginosa,Italy,plant,4,30
309,4,7,24.577452789284006,DBVPG_6649,6649,Rhodotorula mucilaginosa,Italy,plant,4,30
310,1,3,10.370407746215609,DBVPG_7539,7539,Rhodotorula kratochvilovae,Italy,unknown,4,30
310,2,2,3.112094407848714,DBVPG_7539,7539,Rhodotorula kratochvilovae,Italy,unknown,4,30
310,3,4,8.708370068257217,DBVPG_7539,7539,Rhodotorula kratochvilovae,Italy,unknown,4,30
310,4,4,8.366892721869501,DBVPG_7539,7539,Rhodotorula kratochvilovae,Italy,unknown,4,30
311,1,3,9.543051364210523,DBVPG_10383,10383,Rhodotorula kratochvilovae,Italy,soil,4,30
311,2,2,3.178631385287749,DBVPG_10383,10383,Rhodotorula kratochvilovae,Italy,soil,4,30
311,3,2,2.94596303927214,DBVPG_10383,10383,Rhodotorula kratochvilovae,Italy,soil,4,30
311,4,4,8.695567938428427,DBVPG_10383,10383,Rhodotorula kratochvilovae,Italy,soil,4,30
312,1,6,24.986205672036544,DBVPG_6740,6740,Pseudomicrostroma phylloplanum,Italy,plant,4,30
312,3,7,19.91757806919614,DBVPG_6740,6740,Pseudomicrostroma phylloplanum,Italy,plant,4,30
312,4,5,19.18841819445062,DBVPG_6740,6740,Pseudomicrostroma phylloplanum,Italy,plant,4,30
313,1,5,28.427411398925297,DBVPG_5226,5226,Rhodotorula mucilaginosa,Italy,soil,4,30
313,2,7,28.729694652857688,DBVPG_5226,5226,Rhodotorula mucilaginosa,Italy,soil,4,30
313,3,3,23.693671327918356,DBVPG_5226,5226,Rhodotorula mucilaginosa,Italy,soil,4,30
313,4,7,29.07813258715332,DBVPG_5226,5226,Rhodotorula mucilaginosa,Italy,soil,4,30
314,1,4,19.399241142894198,DBVPG_6081,6081,Rhodotorula glutinis,Italy,air_cloud,4,30
314,2,5,21.013923340415843,DBVPG_6081,6081,Rhodotorula glutinis,Italy,air_cloud,4,30
314,3,7,24.20118490353822,DBVPG_6081,6081,Rhodotorula glutinis,Italy,air_cloud,4,30
314,4,3,17.39678180040996,DBVPG_6081,6081,Rhodotorula glutinis,Italy,air_cloud,4,30
315,1,5,20.97864370470628,DBVPG_6660,6660,Rhodotorula mucilaginosa,Italy,food,4,30
315,2,6,21.70250424038796,DBVPG_6660,6660,Rhodotorula mucilaginosa,Italy,food,4,30
315,3,7,20.932095830123906,DBVPG_6660,6660,Rhodotorula mucilaginosa,Italy,food,4,30
315,4,7,22.17899692364116,DBVPG_6660,6660,Rhodotorula mucilaginosa,Italy,food,4,30
316,2,4,17.593025084581516,DBVPG_7922,7922,Rhodotorula evergladensis,Italy,soil,4,30
316,4,3,5.449059360357289,DBVPG_7922,7922,Rhodotorula evergladensis,Italy,soil,4,30
317,1,5,20.672741722257136,DBVPG_10619,10619,Rhodotorula mucilaginosa,Italy,plant,4,30
317,2,5,21.251999844120526,DBVPG_10619,10619,Rhodotorula mucilaginosa,Italy,plant,4,30
317,3,7,25.948606290391094,DBVPG_10619,10619,Rhodotorula mucilaginosa,Italy,plant,4,30
317,4,7,24.603889587835365,DBVPG_10619,10619,Rhodotorula mucilaginosa,Italy,plant,4,30
318,1,5,23.475863862175355,DBVPG_6741,6741,Rhodotorula mucilaginosa,Italy,soil,4,30
318,2,4,24.67867331645928,DBVPG_6741,6741,Rhodotorula mucilaginosa,Italy,soil,4,30
318,3,7,23.30293807137188,DBVPG_6741,6741,Rhodotorula mucilaginosa,Italy,soil,4,30
318,4,7,24.892195610284755,DBVPG_6741,6741,Rhodotorula mucilaginosa,Italy,soil,4,30
320,1,3,6.482068748593418,NRRL_Y-2474,Y2474,Rhodotorula graminis,America,plant,4,30
320,2,4,7.066191253856443,NRRL_Y-2474,Y2474,Rhodotorula graminis,America,plant,4,30
320,4,4,7.205555196475461,NRRL_Y-2474,Y2474,Rhodotorula graminis,America,plant,4,30
321,1,5,17.36559796286233,NRRL_Y-2504,Y2504,Rhodotorula dairenensis,America,soil,4,30
321,2,4,19.150877964571833,NRRL_Y-2504,Y2504,Rhodotorula dairenensis,America,soil,4,30
321,3,3,18.656314458851263,NRRL_Y-2504,Y2504,Rhodotorula dairenensis,America,soil,4,30
321,4,7,17.469659994900866,NRRL_Y-2504,Y2504,Rhodotorula dairenensis,America,soil,4,30
322,1,3,12.528682648699117,NRRL_Y-2510,Y2510,Rhodotorula mucilaginosa,America,unknown,4,30
322,2,2,3.8537266187992163,NRRL_Y-2510,Y2510,Rhodotorula mucilaginosa,America,unknown,4,30
322,3,6,26.503519065389153,NRRL_Y-2510,Y2510,Rhodotorula mucilaginosa,America,unknown,4,30
322,4,2,4.368011232987971,NRRL_Y-2510,Y2510,Rhodotorula mucilaginosa,America,unknown,4,30
323,1,4,26.55759837880153,NRRL_Y-7192,Y7192,Rhodotorula sphaerocarpa,America,unknown,4,30
323,2,6,21.617401281267234,NRRL_Y-7192,Y7192,Rhodotorula sphaerocarpa,America,unknown,4,30
323,4,6,18.939534765653256,NRRL_Y-7192,Y7192,Rhodotorula sphaerocarpa,America,unknown,4,30
324,1,3,7.1503424101543915,NRRL_Y-7196,Y7196,Rhodotorula diobovata,America,unknown,4,30
324,2,3,14.388444031995071,NRRL_Y-7196,Y7196,Rhodotorula diobovata,America,unknown,4,30
324,3,5,15.630479349931868,NRRL_Y-7196,Y7196,Rhodotorula diobovata,America,unknown,4,30
325,1,5,21.136025940957484,NRRL_Y-12923,Y12923,Rhodotorula paludigena,America,plant,4,30
325,2,4,13.003866371566382,NRRL_Y-12923,Y12923,Rhodotorula paludigena,America,plant,4,30
326,1,6,23.374968362338105,NRRL_Y-17376,Y17376,Rhodotorula araucariae,America,plant,4,30
326,2,3,7.163085003120772,NRRL_Y-17376,Y17376,Rhodotorula araucariae,America,plant,4,30
326,4,5,15.695960980394288,NRRL_Y-17376,Y17376,Rhodotorula araucariae,America,plant,4,30
334,1,4,18.787186767247107,JES-025-001,JES-025-001,Rhodotorula mucilaginosa,America,NA,4,30
334,2,6,18.011955602156245,JES-025-001,JES-025-001,Rhodotorula mucilaginosa,America,NA,4,30
334,3,5,20.26690106321653,JES-025-001,JES-025-001,Rhodotorula mucilaginosa,America,NA,4,30
334,4,4,13.355006378225632,JES-025-001,JES-025-001,Rhodotorula mucilaginosa,America,NA,4,30
