Index,Strain ID,Strain Name,Strain,Species,Origin,Environment,Run Number,Library Plate,Configuration,Well position,Incubation Temp (°C),Time stamped,Media
1,1,17-291Y-1 BY126-B8,TFCN_17-291Y-1,Rhodotorula mucilaginosa,China,marsh_tidalflat,353,1,1,2,30,,YPDN
2,2,134A-3 BY30-D2,TFCN_134A-3,Rhodotorula mucilaginosa,China,marsh_tidalflat,353,1,1,3,30,,YPDN
3,3,98A-5,TFCN_98A-5,Rhodotorula mucilaginosa,China,marsh_tidalflat,353,1,1,4,30,,YPDN
4,4,102C-2,TFCN_102C-2,Rhodotorula mucilaginosa,China,marsh_tidalflat,353,1,1,5,30,,YPDN
5,5,105A-2,TFCN_105A-2,Rhodotorula mucilaginosa,China,marsh_tidalflat,353,1,1,6,30,,YPDN
6,6,17-334Y-2 BY116-B9,TFCN_17-334Y-2,Rhodotorula mucilaginosa,China,marsh_tidalflat,353,1,1,7,30,,YPDN
7,7,17-329Y-4 BY115-H8,TFCN_17-329Y-4,Rhodotorula mucilaginosa,China,marsh_tidalflat,353,1,1,8,30,,YPDN
8,8,107A-6 BY31-B6,TFCN_107A-6,Rhodotorula mucilaginosa,China,marsh_tidalflat,353,1,1,9,30,,YPDN
9,9,17-390M-1 BY126-D7,TFCN_17-390M-1,Rhodotorula mucilaginosa,China,marsh_tidalflat,353,1,1,10,30,,YPDN
10,10,86C-9 BY34-B2,TFCN_86C-9,Rhodotorula sphaerocarpa,China,marsh_tidalflat,353,1,1,12,30,,YPDN
11,11,122C-2  BY31-A2,TFCN_122C-2,Rhodotorula mucilaginosa,China,marsh_tidalflat,353,1,1,13,30,,YPDN
12,12,4M-1-3,TFCN_4M-1-3,Rhodotorula mucilaginosa,China,marsh_tidalflat,353,1,1,14,30,,YPDN
13,13,141C-2 BY30-H4,TFCN_141C-2,Rhodotorula mucilaginosa,China,marsh_tidalflat,353,1,1,15,30,,YPDN
14,14,130D-4 BY30-H7,TFCN_130D-4,Rhodotorula mucilaginosa,China,marsh_tidalflat,353,1,1,16,30,,YPDN
15,15,3M-1-1 BY8-B4,TFCN_3M-1-1,Rhodotorula mucilaginosa,China,marsh_tidalflat,353,1,1,17,30,,YPDN
16,16,186DK3-2 BY39-H9,TFCN_186DK3-2,Rhodotorula sp. clade XI,China,marsh_tidalflat,353,1,1,18,30,,YPDN
17,17,7-9-3,TFCN_7-9-3,Rhodotorula diobovata,China,marsh_tidalflat,353,1,1,19,30,,YPDN
18,18,25-395P-1 BY126-F2,TFCN_25-395P-1,Rhodotorula mucilaginosa,China,marsh_tidalflat,353,1,1,20,30,,YPDN
19,19,152A-12 BY32-A3,TFCN_152A-12,Rhodotorula mucilaginosa,China,marsh_tidalflat,353,1,1,22,30,,YPDN
20,20,102D-1 8130,TFCN_102D-1,Rhodotorula mucilaginosa,China,marsh_tidalflat,353,1,1,23,30,,YPDN
21,21,4M-1-2 BY8-D4,TFCN_4M-1-2,Rhodotorula mucilaginosa,China,marsh_tidalflat,353,1,1,24,30,,YPDN
22,22,209-6-11 BY43-G1,TFCN_209-6-11,Rhodotorula mucilaginosa,China,marsh_tidalflat,353,1,1,25,30,,YPDN
23,23,110C-1,TFCN_110C-1,Rhodotorula mucilaginosa,China,marsh_tidalflat,353,1,1,26,30,,YPDN
24,24,17-337P-5 BY116-B7,TFCN_17-337P-5,Rhodotorula mucilaginosa,China,marsh_tidalflat,353,1,1,27,30,,YPDN
25,25,137C-3 BY30-I4,TFCN_137C-3,Rhodotorula mucilaginosa,China,marsh_tidalflat,353,1,1,28,30,,YPDN
26,26,212C-2 BY39-G3 ,TFCN_212C-2,Rhodotorula mucilaginosa,China,marsh_tidalflat,353,1,1,29,30,,YPDN
27,27,25-0-2E390-1 BY126-F3,TFCN_25-0-2E390-1,Rhodotorula mucilaginosa,China,marsh_tidalflat,353,1,1,30,30,,YPDN
28,28,1A-1-3 8130,TFCN_1A-1-3,Rhodotorula pacifica,China,marsh_tidalflat,353,1,1,32,30,,YPDN
29,29,25-332D-2 BY119-I1 8/30,TFCN_25-332D-2,Rhodotorula mucilaginosa,China,marsh_tidalflat,353,1,1,33,30,,YPDN
30,30,2M-1-4 BY8-B3 8/30,TFCN_2M-1-4,Rhodotorula mucilaginosa,China,marsh_tidalflat,353,1,1,35,30,,YPDN
31,31,340-3 BY110-F1,TFCN_340-3,Rhodotorula mucilaginosa,China,marsh_tidalflat,353,1,1,36,30,,YPDN
32,32,100D-1 BY31-H3,TFCN_100D-1,Rhodotorula mucilaginosa,China,marsh_tidalflat,353,1,1,37,30,,YPDN
33,33,340-1 BY110-D1,TFCN_340-1,Rhodotorula mucilaginosa,China,marsh_tidalflat,353,1,1,38,30,,YPDN
34,34,83E1 BY33-F1,TFCN_83C-1,Rhodotorula sphaerocarpa,,marsh_tidalflat,353,1,1,39,30,,YPDN
35,35,17-331Y-5 BY117-B9,TFCN_17-331Y-3,,China,marsh_tidalflat,353,1,1,40,30,,YPDN
36,36,17-267M-1 BY121-A4,TFCN_17-267M-1,Rhodotorula mucilaginosa,China,marsh_tidalflat,353,1,1,41,30,,YPDN
37,37,48A-15,TFCN_48A-15,Rhodotorula paludigena,China,marsh_tidalflat,353,1,1,42,30,,YPDN
38,38,25-332C-1 BY119-C2,TFCN_25-332C-1,Rhodotorula mucilaginosa,China,marsh_tidalflat,353,1,1,43,30,,YPDN
39,39,17-334Y-3 BY116-C9,TFCN_17-334Y-3,Rhodotorula mucilaginosa,China,marsh_tidalflat,353,1,1,45,30,,YPDN
40,40,270H-1 BY113-D3,TFCN_270H-1,Rhodotorula mucilaginosa,China,marsh_tidalflat,353,1,1,46,30,,YPDN
41,41,107C-3,TFCN_107C-3,Rhodotorula mucilaginosa,China,marsh_tidalflat,353,1,1,47,30,,YPDN
42,42,33A-4,TFCN_33A-4,Rhodotorula mucilaginosa,China,marsh_tidalflat,353,1,1,48,30,,YPDN
43,43,152D-4 BY32-B4,TFCN_152D-4,Rhodotorula toruloides,China,marsh_tidalflat,353,1,1,49,30,,YPDN
44,44,7-9-2,TFCN_7-9-2,Rhodotorula diobovata,China,marsh_tidalflat,353,1,1,50,30,,YPDN
45,45,17Y-278-1 BY126-D5,TFCN_17Y-278-1,Rhodotorula mucilaginosa,China,marsh_tidalflat,353,1,1,51,30,,YPDN
46,46,43A-4,TFCN_43A-4,Rhodotorula paludigena,China,marsh_tidalflat,353,1,1,52,30,,YPDN
47,47,25-331D-1 BY119-D1,TFCN_25-331D-1,Rhodotorula mucilaginosa,China,marsh_tidalflat,353,1,1,53,30,,YPDN
48,48,25-333C-2 BY120-H5,TFCN_25-333C-2,Rhodotorula mucilaginosa,China,marsh_tidalflat,353,1,1,55,30,,YPDN
49,49,270H-2 BY113-D4,TFCN_270H-2,Rhodotorula mucilaginosa,China,marsh_tidalflat,353,1,1,56,30,,YPDN
50,50,118C-2 BY31-G1,TFCN_118C-2,Rhodotorula mucilaginosa,China,marsh_tidalflat,353,1,1,57,30,,YPDN
51,51,25-334D-3 BY118-F7,TFCN_25-334D-3,Rhodotorula mucilaginosa,China,marsh_tidalflat,353,1,1,58,30,,YPDN
52,52,1A-14,TFCN_1A-14,Rhodotorula mucilaginosa,China,,353,1,1,59,30,,YPDN
53,53,211A-3 BY37-B3,TFCN_211A-3,Rhodotorula mucilaginosa,China,marsh_tidalflat,353,1,1,60,30,,YPDN
54,54,17-0-2E390-1 BY126-B7,TFCN_17-0-2E390-1,Rhodotorula mucilaginosa,China,marsh_tidalflat,353,1,1,61,30,,YPDN
55,55,172A-1 BY40-A6,TFCN_172A-1,Rhodotorula mucilaginosa,China,marsh_tidalflat,353,1,1,62,30,,YPDN
56,56,22C-4,TFCN_22C-4,Rhodotorula mucilaginosa,China,marsh_tidalflat,353,1,1,63,30,,YPDN
57,57,98D-11,TFCN_98D-11,Rhodotorula mucilaginosa,China,,353,1,1,66,30,,YPDN
58,58,25-332Y-1 BY119-F3,TFCN_25-332Y-1,Rhodotorula mucilaginosa,China,marsh_tidalflat,353,1,1,67,30,,YPDN
59,59,25-333Y-9 BY120_C8,TFCN_25-333Y-9,Rhodotorula mucilaginosa,China,marsh_tidalflat,353,1,1,68,30,,YPDN
60,60,25-325Y-1 BY120-D6,TFCN_25-325Y-1,Rhodotorula mucilaginosa,China,marsh_tidalflat,353,1,1,69,30,,YPDN
61,61,152A-6 BY32-D2,TFCN_152A-6,Rhodotorula toruloides,China,marsh_tidalflat,353,1,1,70,30,,YPDN
62,62,17-338D-3 BY116-B5,TFCN_17-338D-3,Rhodotorula mucilaginosa,China,marsh_tidalflat,353,1,1,71,30,,YPDN
63,63,17-0-2E390-2 BY126-C7,TFCN_17-0-2E390-2,Rhodotorula mucilaginosa,China,,353,1,1,72,30,,YPDN
64,64,140A-3 BY30-G2,TFCN_140A-3,Rhodotorula mucilaginosa,China,marsh_tidalflat,353,1,1,73,30,,YPDN
65,65,223D-8 BY35-B9,TFCN_223A-8,Rhodotorula mucilaginosa,China,marsh_tidalflat,353,1,1,74,30,,YPDN
66,66,209-6-5 BY43-A1,TFCN_209-6-5,Rhodotorula mucilaginosa,China,marsh_tidalflat,353,1,1,76,30,,YPDN
67,67,17-333P-6 BY118-E1,TFCN_17-333P-6,Rhodotorula mucilaginosa,China,marsh_tidalflat,353,1,1,77,30,,YPDN
68,68,17-325D-2 BY116-B4,TFCN_17-325D-2,Rhodotorula mucilaginosa,China,marsh_tidalflat,353,1,1,78,30,,YPDN
69,69,17-325P-1 BY117-E2,TFCN_17-325P-1,Rhodotorula mucilaginosa,China,marsh_tidalflat,353,1,1,79,30,,YPDN
70,71,7W-292-3 BY53-A7,TFCN_7W-292-3,Rhodotorula dairenensis,China,marsh_tidalflat,353,1,1,80,30,,YPDN
71,72,89D-3 BY32-I5,TFCN_89D-3,Rhodotorula mucilaginosa,China,marsh_tidalflat,353,1,1,81,30,,YPDN
72,73,138A-1 BY31-C1,TFCN_138A-1,Rhodotorula mucilaginosa,China,marsh_tidalflat,353,1,1,82,30,,YPDN
73,74,209-6-17 BY43-D2,TFCN_209-6-17,Rhodotorula mucilaginosa,China,marsh_tidalflat,353,1,1,83,30,,YPDN
74,75,137D-4 BY30-H6,TFCN_137D-4,Rhodotorula mucilaginosa,China,marsh_tidalflat,353,1,1,84,30,,YPDN
75,76,25-337Y-1 BY118-I8,TFCN_25-337Y-1,Rhodotorula mucilaginosa,China,marsh_tidalflat,353,1,1,86,30,,YPDN
76,77,209-6-2 BY42-G9,TFCN_209-6-2,Rhodotorula mucilaginosa,China,,353,1,1,87,30,,YPDN
77,78,25-332P-2 BY119-B2,TFCN_25-332P-2,Rhodotorula mucilaginosa,China,marsh_tidalflat,353,1,1,88,30,,YPDN
78,79,98C-7,TFCN_98C-7,Rhodotorula mucilaginosa,China,marsh_tidalflat,353,1,1,89,30,,YPDN
79,80,1B-1-2,TFCN_1B-1-2,Rhodotorula pacifica,China,marsh_tidalflat,353,1,1,90,30,,YPDN
80,81,98C-5,TFCN_98C-5,Rhodotorula mucilaginosa,China,marsh_tidalflat,353,1,1,91,30,,YPDN
81,83,152A-2 BY32-I1,TFCN_152A-2,Rhodotorula mucilaginosa,China,marsh_tidalflat,353,1,1,92,30,,YPDN
82,84,43A-22,TFCN_43A-0-22,Rhodotorula paludigena,China,marsh_tidalflat,353,1,1,93,30,,YPDN
83,85,48A-3,TFCN_48A-3,Rhodotorula paludigena,China,marsh_tidalflat,353,1,1,94,30,,YPDN
84,86,25-333Y-10 BY120-D8,TFCN_25-333Y-10,Rhodotorula mucilaginosa,China,,353,1,1,96,30,,YPDN
85,1,17-291Y-1 BY126-B8,TFCN_17-291Y-1,Rhodotorula mucilaginosa,China,marsh_tidalflat,353,1,2,92,30,,YPDN
86,2,134A-3 BY30-D2,TFCN_134A-3,Rhodotorula mucilaginosa,China,marsh_tidalflat,353,1,2,6,30,,YPDN
87,3,98A-5,TFCN_98A-5,Rhodotorula mucilaginosa,China,marsh_tidalflat,353,1,2,73,30,,YPDN
88,4,102C-2,TFCN_102C-2,Rhodotorula mucilaginosa,China,marsh_tidalflat,353,1,2,45,30,,YPDN
89,5,105A-2,TFCN_105A-2,Rhodotorula mucilaginosa,China,marsh_tidalflat,353,1,2,41,30,,YPDN
90,6,17-334Y-2 BY116-B9,TFCN_17-334Y-2,Rhodotorula mucilaginosa,China,marsh_tidalflat,353,1,2,93,30,,YPDN
91,7,17-329Y-4 BY115-H8,TFCN_17-329Y-4,Rhodotorula mucilaginosa,China,marsh_tidalflat,353,1,2,68,30,,YPDN
92,8,107A-6 BY31-B6,TFCN_107A-6,Rhodotorula mucilaginosa,China,marsh_tidalflat,353,1,2,29,30,,YPDN
93,9,17-390M-1 BY126-D7,TFCN_17-390M-1,Rhodotorula mucilaginosa,China,marsh_tidalflat,353,1,2,71,30,,YPDN
94,10,86C-9 BY34-B2,TFCN_86C-9,Rhodotorula sphaerocarpa,China,marsh_tidalflat,353,1,2,69,30,,YPDN
95,11,122C-2  BY31-A2,TFCN_122C-2,Rhodotorula mucilaginosa,China,marsh_tidalflat,353,1,2,62,30,,YPDN
96,12,4M-1-3,TFCN_4M-1-3,Rhodotorula mucilaginosa,China,marsh_tidalflat,353,1,2,18,30,,YPDN
97,13,141C-2 BY30-H4,TFCN_141C-2,Rhodotorula mucilaginosa,China,marsh_tidalflat,353,1,2,40,30,,YPDN
98,14,130D-4 BY30-H7,TFCN_130D-4,Rhodotorula mucilaginosa,China,marsh_tidalflat,353,1,2,3,30,,YPDN
99,15,3M-1-1 BY8-B4,TFCN_3M-1-1,Rhodotorula mucilaginosa,China,marsh_tidalflat,353,1,2,52,30,,YPDN
100,16,186DK3-2 BY39-H9,TFCN_186DK3-2,Rhodotorula sp. clade XI,China,marsh_tidalflat,353,1,2,25,30,,YPDN
101,17,7-9-3,TFCN_7-9-3,Rhodotorula diobovata,China,marsh_tidalflat,353,1,2,15,30,,YPDN
102,18,25-395P-1 BY126-F2,TFCN_25-395P-1,Rhodotorula mucilaginosa,China,marsh_tidalflat,353,1,2,26,30,,YPDN
103,19,152A-12 BY32-A3,TFCN_152A-12,Rhodotorula mucilaginosa,China,marsh_tidalflat,353,1,2,66,30,,YPDN
104,20,102D-1 8130,TFCN_102D-1,Rhodotorula mucilaginosa,China,marsh_tidalflat,353,1,2,32,30,,YPDN
105,21,4M-1-2 BY8-D4,TFCN_4M-1-2,Rhodotorula mucilaginosa,China,marsh_tidalflat,353,1,2,48,30,,YPDN
106,22,209-6-11 BY43-G1,TFCN_209-6-11,Rhodotorula mucilaginosa,China,marsh_tidalflat,353,1,2,96,30,,YPDN
107,23,110C-1,TFCN_110C-1,Rhodotorula mucilaginosa,China,marsh_tidalflat,353,1,2,76,30,,YPDN
108,24,17-337P-5 BY116-B7,TFCN_17-337P-5,Rhodotorula mucilaginosa,China,marsh_tidalflat,353,1,2,60,30,,YPDN
109,25,137C-3 BY30-I4,TFCN_137C-3,Rhodotorula mucilaginosa,China,marsh_tidalflat,353,1,2,22,30,,YPDN
110,26,212C-2 BY39-G3 ,TFCN_212C-2,Rhodotorula mucilaginosa,China,marsh_tidalflat,353,1,2,94,30,,YPDN
111,27,25-0-2E390-1 BY126-F3,TFCN_25-0-2E390-1,Rhodotorula mucilaginosa,China,marsh_tidalflat,353,1,2,87,30,,YPDN
112,28,1A-1-3 8130,TFCN_1A-1-3,Rhodotorula pacifica,China,marsh_tidalflat,353,1,2,20,30,,YPDN
113,29,25-332D-2 BY119-I1 8/30,TFCN_25-332D-2,Rhodotorula mucilaginosa,China,marsh_tidalflat,353,1,2,8,30,,YPDN
114,30,2M-1-4 BY8-B3 8/30,TFCN_2M-1-4,Rhodotorula mucilaginosa,China,marsh_tidalflat,353,1,2,83,30,,YPDN
115,31,340-3 BY110-F1,TFCN_340-3,Rhodotorula mucilaginosa,China,marsh_tidalflat,353,1,2,82,30,,YPDN
116,32,100D-1 BY31-H3,TFCN_100D-1,Rhodotorula mucilaginosa,China,marsh_tidalflat,353,1,2,78,30,,YPDN
117,33,340-1 BY110-D1,TFCN_340-1,Rhodotorula mucilaginosa,China,marsh_tidalflat,353,1,2,72,30,,YPDN
118,34,83E1 BY33-F1,TFCN_83C-1,Rhodotorula sphaerocarpa,,marsh_tidalflat,353,1,2,61,30,,YPDN
119,35,17-331Y-5 BY117-B9,TFCN_17-331Y-3,Rhodotorula sp_clade_I,China,marsh_tidalflat,353,1,2,19,30,,YPDN
120,36,17-267M-1 BY121-A4,TFCN_17-267M-1,Rhodotorula mucilaginosa,China,marsh_tidalflat,353,1,2,13,30,,YPDN
121,37,48A-15,TFCN_48A-15,Rhodotorula paludigena,China,marsh_tidalflat,353,1,2,81,30,,YPDN
122,38,25-332C-1 BY119-C2,TFCN_25-332C-1,Rhodotorula mucilaginosa,China,marsh_tidalflat,353,1,2,38,30,,YPDN
123,39,17-334Y-3 BY116-C9,TFCN_17-334Y-3,Rhodotorula mucilaginosa,China,marsh_tidalflat,353,1,2,37,30,,YPDN
124,40,270H-1 BY113-D3,TFCN_270H-1,Rhodotorula mucilaginosa,China,marsh_tidalflat,353,1,2,50,30,,YPDN
125,41,107C-3,TFCN_107C-3,Rhodotorula mucilaginosa,China,marsh_tidalflat,353,1,2,43,30,,YPDN
126,42,33A-4,TFCN_33A-4,Rhodotorula mucilaginosa,China,marsh_tidalflat,353,1,2,80,30,,YPDN
127,43,152D-4 BY32-B4,TFCN_152D-4,Rhodotorula toruloides,China,marsh_tidalflat,353,1,2,39,30,,YPDN
128,44,7-9-2,TFCN_7-9-2,Rhodotorula diobovata,China,marsh_tidalflat,353,1,2,63,30,,YPDN
129,45,17Y-278-1 BY126-D5,TFCN_17Y-278-1,Rhodotorula mucilaginosa,China,marsh_tidalflat,353,1,2,4,30,,YPDN
130,46,43A-4,TFCN_43A-4,Rhodotorula paludigena,China,marsh_tidalflat,353,1,2,89,30,,YPDN
131,47,25-331D-1 BY119-D1,TFCN_25-331D-1,Rhodotorula mucilaginosa,China,marsh_tidalflat,353,1,2,46,30,,YPDN
132,48,25-333C-2 BY120-H5,TFCN_25-333C-2,Rhodotorula mucilaginosa,China,marsh_tidalflat,353,1,2,84,30,,YPDN
133,49,270H-2 BY113-D4,TFCN_270H-2,Rhodotorula mucilaginosa,China,marsh_tidalflat,353,1,2,67,30,,YPDN
134,50,118C-2 BY31-G1,TFCN_118C-2,Rhodotorula mucilaginosa,China,marsh_tidalflat,353,1,2,47,30,,YPDN
135,51,25-334D-3 BY118-F7,TFCN_25-334D-3,Rhodotorula mucilaginosa,China,marsh_tidalflat,353,1,2,23,30,,YPDN
136,52,1A-14,TFCN_1A-14,Rhodotorula mucilaginosa,China,,353,1,2,53,30,,YPDN
137,53,211A-3 BY37-B3,TFCN_211A-3,Rhodotorula mucilaginosa,China,marsh_tidalflat,353,1,2,58,30,,YPDN
138,54,17-0-2E390-1 BY126-B7,TFCN_17-0-2E390-1,Rhodotorula mucilaginosa,China,marsh_tidalflat,353,1,2,30,30,,YPDN
139,55,172A-1 BY40-A6,TFCN_172A-1,Rhodotorula mucilaginosa,China,marsh_tidalflat,353,1,2,27,30,,YPDN
140,56,22C-4,TFCN_22C-4,Rhodotorula mucilaginosa,China,marsh_tidalflat,353,1,2,74,30,,YPDN
141,57,98D-11,TFCN_98D-11,Rhodotorula mucilaginosa,China,,353,1,2,5,30,,YPDN
142,58,25-332Y-1 BY119-F3,TFCN_25-332Y-1,Rhodotorula mucilaginosa,China,marsh_tidalflat,353,1,2,35,30,,YPDN
143,59,25-333Y-9 BY120_C8,TFCN_25-333Y-9,Rhodotorula mucilaginosa,China,marsh_tidalflat,353,1,2,14,30,,YPDN
144,60,25-325Y-1 BY120-D6,TFCN_25-325Y-1,Rhodotorula mucilaginosa,China,marsh_tidalflat,353,1,2,79,30,,YPDN
145,61,152A-6 BY32-D2,TFCN_152A-6,Rhodotorula toruloides,China,marsh_tidalflat,353,1,2,10,30,,YPDN
146,62,17-338D-3 BY116-B5,TFCN_17-338D-3,Rhodotorula mucilaginosa,China,marsh_tidalflat,353,1,2,91,30,,YPDN
147,63,17-0-2E390-2 BY126-C7,TFCN_17-0-2E390-2,Rhodotorula mucilaginosa,China,,353,1,2,86,30,,YPDN
148,64,140A-3 BY30-G2,TFCN_140A-3,Rhodotorula mucilaginosa,China,marsh_tidalflat,353,1,2,55,30,,YPDN
149,65,223D-8 BY35-B9,TFCN_223A-8,Rhodotorula mucilaginosa,China,marsh_tidalflat,353,1,2,2,30,,YPDN
150,66,209-6-5 BY43-A1,TFCN_209-6-5,Rhodotorula mucilaginosa,China,marsh_tidalflat,353,1,2,42,30,,YPDN
151,67,17-333P-6 BY118-E1,TFCN_17-333P-6,Rhodotorula mucilaginosa,China,marsh_tidalflat,353,1,2,49,30,,YPDN
152,68,17-325D-2 BY116-B4,TFCN_17-325D-2,Rhodotorula mucilaginosa,China,marsh_tidalflat,353,1,2,51,30,,YPDN
153,69,17-325P-1 BY117-E2,TFCN_17-325P-1,Rhodotorula mucilaginosa,China,marsh_tidalflat,353,1,2,33,30,,YPDN
154,71,7W-292-3 BY53-A7,TFCN_7W-292-3,Rhodotorula dairenensis,China,marsh_tidalflat,353,1,2,59,30,,YPDN
155,72,89D-3 BY32-I5,TFCN_89D-3,Rhodotorula mucilaginosa,China,marsh_tidalflat,353,1,2,9,30,,YPDN
156,73,138A-1 BY31-C1,TFCN_138A-1,Rhodotorula mucilaginosa,China,marsh_tidalflat,353,1,2,57,30,,YPDN
157,74,209-6-17 BY43-D2,TFCN_209-6-17,Rhodotorula mucilaginosa,China,marsh_tidalflat,353,1,2,36,30,,YPDN
158,75,137D-4 BY30-H6,TFCN_137D-4,Rhodotorula mucilaginosa,China,marsh_tidalflat,353,1,2,7,30,,YPDN
159,76,25-337Y-1 BY118-I8,TFCN_25-337Y-1,Rhodotorula mucilaginosa,China,marsh_tidalflat,353,1,2,88,30,,YPDN
160,77,209-6-2 BY42-G9,TFCN_209-6-2,Rhodotorula mucilaginosa,China,,353,1,2,77,30,,YPDN
161,78,25-332P-2 BY119-B2,TFCN_25-332P-2,Rhodotorula mucilaginosa,China,marsh_tidalflat,353,1,2,16,30,,YPDN
162,79,98C-7,TFCN_98C-7,Rhodotorula mucilaginosa,China,marsh_tidalflat,353,1,2,24,30,,YPDN
163,80,1B-1-2,TFCN_1B-1-2,Rhodotorula pacifica,China,marsh_tidalflat,353,1,2,12,30,,YPDN
164,81,98C-5,TFCN_98C-5,Rhodotorula mucilaginosa,China,marsh_tidalflat,353,1,2,17,30,,YPDN
165,83,152A-2 BY32-I1,TFCN_152A-2,Rhodotorula mucilaginosa,China,marsh_tidalflat,353,1,2,56,30,,YPDN
166,84,43A-22,TFCN_43A-0-22,Rhodotorula paludigena,China,marsh_tidalflat,353,1,2,70,30,,YPDN
167,85,48A-3,TFCN_48A-3,Rhodotorula paludigena,China,marsh_tidalflat,353,1,2,28,30,,YPDN
168,86,25-333Y-10 BY120-D8,TFCN_25-333Y-10,Rhodotorula mucilaginosa,China,,353,1,2,90,30,,YPDN
169,1,17-291Y-1 BY126-B8,TFCN_17-291Y-1,Rhodotorula mucilaginosa,China,marsh_tidalflat,353,1,3,66,30,,YPDN
170,2,134A-3 BY30-D2,TFCN_134A-3,Rhodotorula mucilaginosa,China,marsh_tidalflat,353,1,3,51,30,,YPDN
171,3,98A-5,TFCN_98A-5,Rhodotorula mucilaginosa,China,marsh_tidalflat,353,1,3,12,30,,YPDN
172,4,102C-2,TFCN_102C-2,Rhodotorula mucilaginosa,China,marsh_tidalflat,353,1,3,35,30,,YPDN
173,5,105A-2,TFCN_105A-2,Rhodotorula mucilaginosa,China,marsh_tidalflat,353,1,3,42,30,,YPDN
174,6,17-334Y-2 BY116-B9,TFCN_17-334Y-2,Rhodotorula mucilaginosa,China,marsh_tidalflat,353,1,3,79,30,,YPDN
175,7,17-329Y-4 BY115-H8,TFCN_17-329Y-4,Rhodotorula mucilaginosa,China,marsh_tidalflat,353,1,3,93,30,,YPDN
176,8,107A-6 BY31-B6,TFCN_107A-6,Rhodotorula mucilaginosa,China,marsh_tidalflat,353,1,3,57,30,,YPDN
177,9,17-390M-1 BY126-D7,TFCN_17-390M-1,Rhodotorula mucilaginosa,China,marsh_tidalflat,353,1,3,5,30,,YPDN
178,10,86C-9 BY34-B2,TFCN_86C-9,Rhodotorula sphaerocarpa,China,marsh_tidalflat,353,1,3,90,30,,YPDN
179,11,122C-2  BY31-A2,TFCN_122C-2,Rhodotorula mucilaginosa,China,marsh_tidalflat,353,1,3,48,30,,YPDN
180,12,4M-1-3,TFCN_4M-1-3,Rhodotorula mucilaginosa,China,marsh_tidalflat,353,1,3,96,30,,YPDN
181,13,141C-2 BY30-H4,TFCN_141C-2,Rhodotorula mucilaginosa,China,marsh_tidalflat,353,1,3,67,30,,YPDN
182,14,130D-4 BY30-H7,TFCN_130D-4,Rhodotorula mucilaginosa,China,marsh_tidalflat,353,1,3,23,30,,YPDN
183,15,3M-1-1 BY8-B4,TFCN_3M-1-1,Rhodotorula mucilaginosa,China,marsh_tidalflat,353,1,3,78,30,,YPDN
184,16,186DK3-2 BY39-H9,TFCN_186DK3-2,Rhodotorula sp. clade XI,China,marsh_tidalflat,353,1,3,52,30,,YPDN
185,17,7-9-3,TFCN_7-9-3,Rhodotorula diobovata,China,marsh_tidalflat,353,1,3,82,30,,YPDN
186,18,25-395P-1 BY126-F2,TFCN_25-395P-1,Rhodotorula mucilaginosa,China,marsh_tidalflat,353,1,3,61,30,,YPDN
187,19,152A-12 BY32-A3,TFCN_152A-12,Rhodotorula mucilaginosa,China,marsh_tidalflat,353,1,3,26,30,,YPDN
188,20,102D-1 8130,TFCN_102D-1,Rhodotorula mucilaginosa,China,marsh_tidalflat,353,1,3,87,30,,YPDN
189,21,4M-1-2 BY8-D4,TFCN_4M-1-2,Rhodotorula mucilaginosa,China,marsh_tidalflat,353,1,3,30,30,,YPDN
190,22,209-6-11 BY43-G1,TFCN_209-6-11,Rhodotorula mucilaginosa,China,marsh_tidalflat,353,1,3,59,30,,YPDN
191,23,110C-1,TFCN_110C-1,Rhodotorula mucilaginosa,China,marsh_tidalflat,353,1,3,71,30,,YPDN
192,24,17-337P-5 BY116-B7,TFCN_17-337P-5,Rhodotorula mucilaginosa,China,marsh_tidalflat,353,1,3,41,30,,YPDN
193,25,137C-3 BY30-I4,TFCN_137C-3,Rhodotorula mucilaginosa,China,marsh_tidalflat,353,1,3,92,30,,YPDN
194,26,212C-2 BY39-G3 ,TFCN_212C-2,Rhodotorula mucilaginosa,China,marsh_tidalflat,353,1,3,37,30,,YPDN
195,27,25-0-2E390-1 BY126-F3,TFCN_25-0-2E390-1,Rhodotorula mucilaginosa,China,marsh_tidalflat,353,1,3,40,30,,YPDN
196,28,1A-1-3 8130,TFCN_1A-1-3,Rhodotorula pacifica,China,marsh_tidalflat,353,1,3,6,30,,YPDN
197,29,25-332D-2 BY119-I1 8/30,TFCN_25-332D-2,Rhodotorula mucilaginosa,China,marsh_tidalflat,353,1,3,58,30,,YPDN
198,30,2M-1-4 BY8-B3 8/30,TFCN_2M-1-4,Rhodotorula mucilaginosa,China,marsh_tidalflat,353,1,3,89,30,,YPDN
199,31,340-3 BY110-F1,TFCN_340-3,Rhodotorula mucilaginosa,China,marsh_tidalflat,353,1,3,80,30,,YPDN
200,32,100D-1 BY31-H3,TFCN_100D-1,Rhodotorula mucilaginosa,China,marsh_tidalflat,353,1,3,88,30,,YPDN
201,33,340-1 BY110-D1,TFCN_340-1,Rhodotorula mucilaginosa,China,marsh_tidalflat,353,1,3,76,30,,YPDN
202,34,83E1 BY33-F1,TFCN_83C-1,Rhodotorula sphaerocarpa,,marsh_tidalflat,353,1,3,24,30,,YPDN
203,35,17-331Y-5 BY117-B9,TFCN_17-331Y-3,Rhodotorula sp_clade_I,China,marsh_tidalflat,353,1,3,16,30,,YPDN
204,36,17-267M-1 BY121-A4,TFCN_17-267M-1,Rhodotorula mucilaginosa,China,marsh_tidalflat,353,1,3,91,30,,YPDN
205,37,48A-15,TFCN_48A-15,Rhodotorula paludigena,China,marsh_tidalflat,353,1,3,83,30,,YPDN
206,38,25-332C-1 BY119-C2,TFCN_25-332C-1,Rhodotorula mucilaginosa,China,marsh_tidalflat,353,1,3,49,30,,YPDN
207,39,17-334Y-3 BY116-C9,TFCN_17-334Y-3,Rhodotorula mucilaginosa,China,marsh_tidalflat,353,1,3,84,30,,YPDN
208,40,270H-1 BY113-D3,TFCN_270H-1,Rhodotorula mucilaginosa,China,marsh_tidalflat,353,1,3,18,30,,YPDN
209,41,107C-3,TFCN_107C-3,Rhodotorula mucilaginosa,China,marsh_tidalflat,353,1,3,33,30,,YPDN
210,42,33A-4,TFCN_33A-4,Rhodotorula mucilaginosa,China,marsh_tidalflat,353,1,3,27,30,,YPDN
211,43,152D-4 BY32-B4,TFCN_152D-4,Rhodotorula toruloides,China,marsh_tidalflat,353,1,3,86,30,,YPDN
212,44,7-9-2,TFCN_7-9-2,Rhodotorula diobovata,China,marsh_tidalflat,353,1,3,81,30,,YPDN
213,45,17Y-278-1 BY126-D5,TFCN_17Y-278-1,Rhodotorula mucilaginosa,China,marsh_tidalflat,353,1,3,13,30,,YPDN
214,46,43A-4,TFCN_43A-4,Rhodotorula paludigena,China,marsh_tidalflat,353,1,3,22,30,,YPDN
215,47,25-331D-1 BY119-D1,TFCN_25-331D-1,Rhodotorula mucilaginosa,China,marsh_tidalflat,353,1,3,7,30,,YPDN
216,48,25-333C-2 BY120-H5,TFCN_25-333C-2,Rhodotorula mucilaginosa,China,marsh_tidalflat,353,1,3,17,30,,YPDN
217,49,270H-2 BY113-D4,TFCN_270H-2,Rhodotorula mucilaginosa,China,marsh_tidalflat,353,1,3,73,30,,YPDN
218,50,118C-2 BY31-G1,TFCN_118C-2,Rhodotorula mucilaginosa,China,marsh_tidalflat,353,1,3,70,30,,YPDN
219,51,25-334D-3 BY118-F7,TFCN_25-334D-3,Rhodotorula mucilaginosa,China,marsh_tidalflat,353,1,3,94,30,,YPDN
220,52,1A-14,TFCN_1A-14,Rhodotorula mucilaginosa,China,,353,1,3,72,30,,YPDN
221,53,211A-3 BY37-B3,TFCN_211A-3,Rhodotorula mucilaginosa,China,marsh_tidalflat,353,1,3,53,30,,YPDN
222,54,17-0-2E390-1 BY126-B7,TFCN_17-0-2E390-1,Rhodotorula mucilaginosa,China,marsh_tidalflat,353,1,3,4,30,,YPDN
223,55,172A-1 BY40-A6,TFCN_172A-1,Rhodotorula mucilaginosa,China,marsh_tidalflat,353,1,3,50,30,,YPDN
224,56,22C-4,TFCN_22C-4,Rhodotorula mucilaginosa,China,marsh_tidalflat,353,1,3,3,30,,YPDN
225,57,98D-11,TFCN_98D-11,Rhodotorula mucilaginosa,China,,353,1,3,63,30,,YPDN
226,58,25-332Y-1 BY119-F3,TFCN_25-332Y-1,Rhodotorula mucilaginosa,China,marsh_tidalflat,353,1,3,56,30,,YPDN
227,59,25-333Y-9 BY120_C8,TFCN_25-333Y-9,Rhodotorula mucilaginosa,China,marsh_tidalflat,353,1,3,77,30,,YPDN
228,60,25-325Y-1 BY120-D6,TFCN_25-325Y-1,Rhodotorula mucilaginosa,China,marsh_tidalflat,353,1,3,62,30,,YPDN
229,61,152A-6 BY32-D2,TFCN_152A-6,Rhodotorula toruloides,China,marsh_tidalflat,353,1,3,68,30,,YPDN
230,62,17-338D-3 BY116-B5,TFCN_17-338D-3,Rhodotorula mucilaginosa,China,marsh_tidalflat,353,1,3,28,30,,YPDN
231,63,17-0-2E390-2 BY126-C7,TFCN_17-0-2E390-2,Rhodotorula mucilaginosa,China,,353,1,3,25,30,,YPDN
232,64,140A-3 BY30-G2,TFCN_140A-3,Rhodotorula mucilaginosa,China,marsh_tidalflat,353,1,3,45,30,,YPDN
233,65,223D-8 BY35-B9,TFCN_223A-8,Rhodotorula mucilaginosa,China,marsh_tidalflat,353,1,3,55,30,,YPDN
234,66,209-6-5 BY43-A1,TFCN_209-6-5,Rhodotorula mucilaginosa,China,marsh_tidalflat,353,1,3,32,30,,YPDN
235,67,17-333P-6 BY118-E1,TFCN_17-333P-6,Rhodotorula mucilaginosa,China,marsh_tidalflat,353,1,3,74,30,,YPDN
236,68,17-325D-2 BY116-B4,TFCN_17-325D-2,Rhodotorula mucilaginosa,China,marsh_tidalflat,353,1,3,29,30,,YPDN
237,69,17-325P-1 BY117-E2,TFCN_17-325P-1,Rhodotorula mucilaginosa,China,marsh_tidalflat,353,1,3,46,30,,YPDN
238,71,7W-292-3 BY53-A7,TFCN_7W-292-3,Rhodotorula dairenensis,China,marsh_tidalflat,353,1,3,2,30,,YPDN
239,72,89D-3 BY32-I5,TFCN_89D-3,Rhodotorula mucilaginosa,China,marsh_tidalflat,353,1,3,20,30,,YPDN
240,73,138A-1 BY31-C1,TFCN_138A-1,Rhodotorula mucilaginosa,China,marsh_tidalflat,353,1,3,10,30,,YPDN
241,74,209-6-17 BY43-D2,TFCN_209-6-17,Rhodotorula mucilaginosa,China,marsh_tidalflat,353,1,3,9,30,,YPDN
242,75,137D-4 BY30-H6,TFCN_137D-4,Rhodotorula mucilaginosa,China,marsh_tidalflat,353,1,3,36,30,,YPDN
243,76,25-337Y-1 BY118-I8,TFCN_25-337Y-1,Rhodotorula mucilaginosa,China,marsh_tidalflat,353,1,3,43,30,,YPDN
244,77,209-6-2 BY42-G9,TFCN_209-6-2,Rhodotorula mucilaginosa,China,,353,1,3,60,30,,YPDN
245,78,25-332P-2 BY119-B2,TFCN_25-332P-2,Rhodotorula mucilaginosa,China,marsh_tidalflat,353,1,3,69,30,,YPDN
246,79,98C-7,TFCN_98C-7,Rhodotorula mucilaginosa,China,marsh_tidalflat,353,1,3,38,30,,YPDN
247,80,1B-1-2,TFCN_1B-1-2,Rhodotorula pacifica,China,marsh_tidalflat,353,1,3,47,30,,YPDN
248,81,98C-5,TFCN_98C-5,Rhodotorula mucilaginosa,China,marsh_tidalflat,353,1,3,15,30,,YPDN
249,83,152A-2 BY32-I1,TFCN_152A-2,Rhodotorula mucilaginosa,China,marsh_tidalflat,353,1,3,14,30,,YPDN
250,84,43A-22,TFCN_43A-0-22,Rhodotorula paludigena,China,marsh_tidalflat,353,1,3,19,30,,YPDN
251,85,48A-3,TFCN_48A-3,Rhodotorula paludigena,China,marsh_tidalflat,353,1,3,8,30,,YPDN
252,86,25-333Y-10 BY120-D8,TFCN_25-333Y-10,Rhodotorula mucilaginosa,China,,353,1,3,39,30,,YPDN
253,1,17-291Y-1 BY126-B8,TFCN_17-291Y-1,Rhodotorula mucilaginosa,China,marsh_tidalflat,353,1,4,18,30,,YPDN
254,2,134A-3 BY30-D2,TFCN_134A-3,Rhodotorula mucilaginosa,China,marsh_tidalflat,353,1,4,22,30,,YPDN
255,3,98A-5,TFCN_98A-5,Rhodotorula mucilaginosa,China,marsh_tidalflat,353,1,4,83,30,,YPDN
256,4,102C-2,TFCN_102C-2,Rhodotorula mucilaginosa,China,marsh_tidalflat,353,1,4,14,30,,YPDN
257,5,105A-2,TFCN_105A-2,Rhodotorula mucilaginosa,China,marsh_tidalflat,353,1,4,15,30,,YPDN
258,6,17-334Y-2 BY116-B9,TFCN_17-334Y-2,Rhodotorula mucilaginosa,China,marsh_tidalflat,353,1,4,13,30,,YPDN
259,7,17-329Y-4 BY115-H8,TFCN_17-329Y-4,Rhodotorula mucilaginosa,China,marsh_tidalflat,353,1,4,72,30,,YPDN
260,8,107A-6 BY31-B6,TFCN_107A-6,Rhodotorula mucilaginosa,China,marsh_tidalflat,353,1,4,26,30,,YPDN
261,9,17-390M-1 BY126-D7,TFCN_17-390M-1,Rhodotorula mucilaginosa,China,marsh_tidalflat,353,1,4,86,30,,YPDN
262,10,86C-9 BY34-B2,TFCN_86C-9,Rhodotorula sphaerocarpa,China,marsh_tidalflat,353,1,4,88,30,,YPDN
263,11,122C-2  BY31-A2,TFCN_122C-2,Rhodotorula mucilaginosa,China,marsh_tidalflat,353,1,4,17,30,,YPDN
264,12,4M-1-3,TFCN_4M-1-3,Rhodotorula mucilaginosa,China,marsh_tidalflat,353,1,4,60,30,,YPDN
265,13,141C-2 BY30-H4,TFCN_141C-2,Rhodotorula mucilaginosa,China,marsh_tidalflat,353,1,4,42,30,,YPDN
266,14,130D-4 BY30-H7,TFCN_130D-4,Rhodotorula mucilaginosa,China,marsh_tidalflat,353,1,4,27,30,,YPDN
267,15,3M-1-1 BY8-B4,TFCN_3M-1-1,Rhodotorula mucilaginosa,China,marsh_tidalflat,353,1,4,40,30,,YPDN
268,16,186DK3-2 BY39-H9,TFCN_186DK3-2,Rhodotorula sp. clade XI,China,marsh_tidalflat,353,1,4,29,30,,YPDN
269,17,7-9-3,TFCN_7-9-3,Rhodotorula diobovata,China,marsh_tidalflat,353,1,4,7,30,,YPDN
270,18,25-395P-1 BY126-F2,TFCN_25-395P-1,Rhodotorula mucilaginosa,China,marsh_tidalflat,353,1,4,16,30,,YPDN
271,19,152A-12 BY32-A3,TFCN_152A-12,Rhodotorula mucilaginosa,China,marsh_tidalflat,353,1,4,3,30,,YPDN
272,20,102D-1 8130,TFCN_102D-1,Rhodotorula mucilaginosa,China,marsh_tidalflat,353,1,4,36,30,,YPDN
273,21,4M-1-2 BY8-D4,TFCN_4M-1-2,Rhodotorula mucilaginosa,China,marsh_tidalflat,353,1,4,82,30,,YPDN
274,22,209-6-11 BY43-G1,TFCN_209-6-11,Rhodotorula mucilaginosa,China,marsh_tidalflat,353,1,4,49,30,,YPDN
275,23,110C-1,TFCN_110C-1,Rhodotorula mucilaginosa,China,marsh_tidalflat,353,1,4,48,30,,YPDN
276,24,17-337P-5 BY116-B7,TFCN_17-337P-5,Rhodotorula mucilaginosa,China,marsh_tidalflat,353,1,4,50,30,,YPDN
277,25,137C-3 BY30-I4,TFCN_137C-3,Rhodotorula mucilaginosa,China,marsh_tidalflat,353,1,4,38,30,,YPDN
278,26,212C-2 BY39-G3 ,TFCN_212C-2,Rhodotorula mucilaginosa,China,marsh_tidalflat,353,1,4,2,30,,YPDN
279,27,25-0-2E390-1 BY126-F3,TFCN_25-0-2E390-1,Rhodotorula mucilaginosa,China,marsh_tidalflat,353,1,4,71,30,,YPDN
280,28,1A-1-3 8130,TFCN_1A-1-3,Rhodotorula pacifica,China,marsh_tidalflat,353,1,4,32,30,,YPDN
281,29,25-332D-2 BY119-I1 8/30,TFCN_25-332D-2,Rhodotorula mucilaginosa,China,marsh_tidalflat,353,1,4,37,30,,YPDN
282,30,2M-1-4 BY8-B3 8/30,TFCN_2M-1-4,Rhodotorula mucilaginosa,China,marsh_tidalflat,353,1,4,91,30,,YPDN
283,31,340-3 BY110-F1,TFCN_340-3,Rhodotorula mucilaginosa,China,marsh_tidalflat,353,1,4,56,30,,YPDN
284,32,100D-1 BY31-H3,TFCN_100D-1,Rhodotorula mucilaginosa,China,marsh_tidalflat,353,1,4,78,30,,YPDN
285,33,340-1 BY110-D1,TFCN_340-1,Rhodotorula mucilaginosa,China,marsh_tidalflat,353,1,4,80,30,,YPDN
286,34,83E1 BY33-F1,TFCN_83C-1,Rhodotorula sphaerocarpa,,marsh_tidalflat,353,1,4,59,30,,YPDN
287,35,17-331Y-5 BY117-B9,TFCN_17-331Y-3,Rhodotorula sp_clade_I,China,marsh_tidalflat,353,1,4,8,30,,YPDN
288,36,17-267M-1 BY121-A4,TFCN_17-267M-1,Rhodotorula mucilaginosa,China,marsh_tidalflat,353,1,4,70,30,,YPDN
289,37,48A-15,TFCN_48A-15,Rhodotorula paludigena,China,marsh_tidalflat,353,1,4,41,30,,YPDN
290,38,25-332C-1 BY119-C2,TFCN_25-332C-1,Rhodotorula mucilaginosa,China,marsh_tidalflat,353,1,4,79,30,,YPDN
291,39,17-334Y-3 BY116-C9,TFCN_17-334Y-3,Rhodotorula mucilaginosa,China,marsh_tidalflat,353,1,4,45,30,,YPDN
292,40,270H-1 BY113-D3,TFCN_270H-1,Rhodotorula mucilaginosa,China,marsh_tidalflat,353,1,4,90,30,,YPDN
293,41,107C-3,TFCN_107C-3,Rhodotorula mucilaginosa,China,marsh_tidalflat,353,1,4,12,30,,YPDN
294,42,33A-4,TFCN_33A-4,Rhodotorula mucilaginosa,China,marsh_tidalflat,353,1,4,63,30,,YPDN
295,43,152D-4 BY32-B4,TFCN_152D-4,Rhodotorula toruloides,China,marsh_tidalflat,353,1,4,92,30,,YPDN
296,44,7-9-2,TFCN_7-9-2,Rhodotorula diobovata,China,marsh_tidalflat,353,1,4,39,30,,YPDN
297,45,17Y-278-1 BY126-D5,TFCN_17Y-278-1,Rhodotorula mucilaginosa,China,marsh_tidalflat,353,1,4,77,30,,YPDN
298,46,43A-4,TFCN_43A-4,Rhodotorula paludigena,China,marsh_tidalflat,353,1,4,30,30,,YPDN
299,47,25-331D-1 BY119-D1,TFCN_25-331D-1,Rhodotorula mucilaginosa,China,marsh_tidalflat,353,1,4,67,30,,YPDN
300,48,25-333C-2 BY120-H5,TFCN_25-333C-2,Rhodotorula mucilaginosa,China,marsh_tidalflat,353,1,4,52,30,,YPDN
301,49,270H-2 BY113-D4,TFCN_270H-2,Rhodotorula mucilaginosa,China,marsh_tidalflat,353,1,4,55,30,,YPDN
302,50,118C-2 BY31-G1,TFCN_118C-2,Rhodotorula mucilaginosa,China,marsh_tidalflat,353,1,4,4,30,,YPDN
303,51,25-334D-3 BY118-F7,TFCN_25-334D-3,Rhodotorula mucilaginosa,China,marsh_tidalflat,353,1,4,33,30,,YPDN
304,52,1A-14,TFCN_1A-14,Rhodotorula mucilaginosa,China,,353,1,4,35,30,,YPDN
305,53,211A-3 BY37-B3,TFCN_211A-3,Rhodotorula mucilaginosa,China,marsh_tidalflat,353,1,4,94,30,,YPDN
306,54,17-0-2E390-1 BY126-B7,TFCN_17-0-2E390-1,Rhodotorula mucilaginosa,China,marsh_tidalflat,353,1,4,58,30,,YPDN
307,55,172A-1 BY40-A6,TFCN_172A-1,Rhodotorula mucilaginosa,China,marsh_tidalflat,353,1,4,5,30,,YPDN
308,56,22C-4,TFCN_22C-4,Rhodotorula mucilaginosa,China,marsh_tidalflat,353,1,4,87,30,,YPDN
309,57,98D-11,TFCN_98D-11,Rhodotorula mucilaginosa,China,,353,1,4,9,30,,YPDN
310,58,25-332Y-1 BY119-F3,TFCN_25-332Y-1,Rhodotorula mucilaginosa,China,marsh_tidalflat,353,1,4,10,30,,YPDN
311,59,25-333Y-9 BY120_C8,TFCN_25-333Y-9,Rhodotorula mucilaginosa,China,marsh_tidalflat,353,1,4,28,30,,YPDN
312,60,25-325Y-1 BY120-D6,TFCN_25-325Y-1,Rhodotorula mucilaginosa,China,marsh_tidalflat,353,1,4,96,30,,YPDN
313,61,152A-6 BY32-D2,TFCN_152A-6,Rhodotorula toruloides,China,marsh_tidalflat,353,1,4,20,30,,YPDN
314,62,17-338D-3 BY116-B5,TFCN_17-338D-3,Rhodotorula mucilaginosa,China,marsh_tidalflat,353,1,4,47,30,,YPDN
315,63,17-0-2E390-2 BY126-C7,TFCN_17-0-2E390-2,Rhodotorula mucilaginosa,China,,353,1,4,6,30,,YPDN
316,64,140A-3 BY30-G2,TFCN_140A-3,Rhodotorula mucilaginosa,China,marsh_tidalflat,353,1,4,89,30,,YPDN
317,65,223D-8 BY35-B9,TFCN_223A-8,Rhodotorula mucilaginosa,China,marsh_tidalflat,353,1,4,24,30,,YPDN
318,66,209-6-5 BY43-A1,TFCN_209-6-5,Rhodotorula mucilaginosa,China,marsh_tidalflat,353,1,4,68,30,,YPDN
319,67,17-333P-6 BY118-E1,TFCN_17-333P-6,Rhodotorula mucilaginosa,China,marsh_tidalflat,353,1,4,53,30,,YPDN
320,68,17-325D-2 BY116-B4,TFCN_17-325D-2,Rhodotorula mucilaginosa,China,marsh_tidalflat,353,1,4,84,30,,YPDN
321,69,17-325P-1 BY117-E2,TFCN_17-325P-1,Rhodotorula mucilaginosa,China,marsh_tidalflat,353,1,4,76,30,,YPDN
322,71,7W-292-3 BY53-A7,TFCN_7W-292-3,Rhodotorula dairenensis,China,marsh_tidalflat,353,1,4,61,30,,YPDN
323,72,89D-3 BY32-I5,TFCN_89D-3,Rhodotorula mucilaginosa,China,marsh_tidalflat,353,1,4,74,30,,YPDN
324,73,138A-1 BY31-C1,TFCN_138A-1,Rhodotorula mucilaginosa,China,marsh_tidalflat,353,1,4,43,30,,YPDN
325,74,209-6-17 BY43-D2,TFCN_209-6-17,Rhodotorula mucilaginosa,China,marsh_tidalflat,353,1,4,19,30,,YPDN
326,75,137D-4 BY30-H6,TFCN_137D-4,Rhodotorula mucilaginosa,China,marsh_tidalflat,353,1,4,51,30,,YPDN
327,76,25-337Y-1 BY118-I8,TFCN_25-337Y-1,Rhodotorula mucilaginosa,China,marsh_tidalflat,353,1,4,66,30,,YPDN
328,77,209-6-2 BY42-G9,TFCN_209-6-2,Rhodotorula mucilaginosa,China,,353,1,4,81,30,,YPDN
329,78,25-332P-2 BY119-B2,TFCN_25-332P-2,Rhodotorula mucilaginosa,China,marsh_tidalflat,353,1,4,25,30,,YPDN
330,79,98C-7,TFCN_98C-7,Rhodotorula mucilaginosa,China,marsh_tidalflat,353,1,4,46,30,,YPDN
331,80,1B-1-2,TFCN_1B-1-2,Rhodotorula pacifica,China,marsh_tidalflat,353,1,4,73,30,,YPDN
332,81,98C-5,TFCN_98C-5,Rhodotorula mucilaginosa,China,marsh_tidalflat,353,1,4,69,30,,YPDN
333,83,152A-2 BY32-I1,TFCN_152A-2,Rhodotorula mucilaginosa,China,marsh_tidalflat,353,1,4,23,30,,YPDN
334,84,43A-22,TFCN_43A-0-22,Rhodotorula paludigena,China,marsh_tidalflat,353,1,4,93,30,,YPDN
335,85,48A-3,TFCN_48A-3,Rhodotorula paludigena,China,marsh_tidalflat,353,1,4,57,30,,YPDN
336,86,25-333Y-10 BY120-D8,TFCN_25-333Y-10,Rhodotorula mucilaginosa,China,,353,1,4,62,30,,YPDN
337,88,152C-3 BY32-D3,TFCN_152C-3,Rhodotorula toruloides,China,,355,2,1,2,30,,YPDN
338,89,4M-1-5 BY8-G4,TFCN_4M-1-5,Rhodotorula mucilaginosa,China,marsh_tidalflat,355,2,1,3,30,,YPDN
339,91,25-335P-1 BY120-A5,TFCN_25-335P-1,Rhodotorula diobovata,China,marsh_tidalflat,355,2,1,4,30,,YPDN
340,92,S22D-1  BY38-D8,TFCN_S22D-1,Rhodotorula taiwanensis,China,marsh_tidalflat,355,2,1,5,30,,YPDN
341,93,48D-10,TFCN_48D-10,Rhodotorula paludigena,China,marsh_tidalflat,355,2,1,6,30,,YPDN
342,94,48D-4,TFCN_48D-4,Rhodotorula paludigena,China,marsh_tidalflat,355,2,1,7,30,,YPDN
343,95,86A-3 BY34-G6,TFCN_86A-3,Rhodotorula mucilaginosa,China,marsh_tidalflat,355,2,1,8,30,,YPDN
344,96,152A-4 BY32-B2,TFCN_152A-4,Rhodotorula toruloides,China,marsh_tidalflat,355,2,1,9,30,,YPDN
345,97,17-332P-1 BY115-D6,TFCN_17-332P-1,Rhodotorula mucilaginosa,China,marsh_tidalflat,355,2,1,10,30,,YPDN
346,98,4M-1-4 BY8-F4,TFCN_4M-1-4,Rhodotorula mucilaginosa,China,marsh_tidalflat,355,2,1,12,30,,YPDN
347,99,102C-1,TFCN_102C-1,Rhodotorula mucilaginosa,China,marsh_tidalflat,355,2,1,13,30,,YPDN
348,100,404D-1 BY123-F4,TFCN_404D-1,Rhodotorula mucilaginosa,China,marsh_tidalflat,355,2,1,14,30,,YPDN
349,101,86C-10 BY34-B2,TFCN_86C-10,Rhodotorula sphaerocarpa,China,marsh_tidalflat,355,2,1,15,30,,YPDN
350,102,342-2 BY110-A2,TFCN_342-2,Rhodotorula paludigena,China,marsh_tidalflat,355,2,1,16,30,,YPDN
351,103,48A-10,TFCN_48A-10,Rhodotorula paludigena,China,marsh_tidalflat,355,2,1,17,30,,YPDN
352,104,213-6-2 BY42-B6,TFCN_213-6-2,Rhodotorula mucilaginosa,China,marsh_tidalflat,355,2,1,18,30,,YPDN
353,105,152C-6 BY32-G3,TFCN_152C-6,Rhodotorula toruloides,China,marsh_tidalflat,355,2,1,19,30,,YPDN
354,106,273H-1 BY113-C3,TFCN_273H-1,Rhodotorula mucilaginosa,China,marsh_tidalflat,355,2,1,20,30,,YPDN
355,107,209-6-4 BY42-I9,TFCN_209-6-4,Rhodotorula mucilaginosa,China,,355,2,1,22,30,,YPDN
356,108,25-332M-2 BY119-E2,TFCN_25-332M-2,Rhodotorula mucilaginosa,China,marsh_tidalflat,355,2,1,23,30,,YPDN
357,109,98C-8,TFCN_98C-8,Rhodotorula mucilaginosa,China,marsh_tidalflat,355,2,1,24,30,,YPDN
358,110,25-333D-1 BY120-B3,TFCN_25-333D-1,Rhodotorula sp. clade I,China,marsh_tidalflat,355,2,1,25,30,,YPDN
359,111,25-335C-1 BY120-B5,TFCN_25-335C-1,Rhodotorula diobovata,China,marsh_tidalflat,355,2,1,26,30,,YPDN
360,112,17-328P-3 BY116-C2,TFCN_17-328P-3,Rhodotorula sp. clade I,China,marsh_tidalflat,355,2,1,27,30,,YPDN
361,113,54D-2,TFCN_54D-2,Rhodotorula mucilaginosa,China,marsh_tidalflat,355,2,1,28,30,,YPDN
362,114,152D-6 BY32-D4,TFCN_152D-6,Rhodotorula toruloides,China,marsh_tidalflat,355,2,1,29,30,,YPDN
363,115,25-0-2E332-1 BY119-E3,TFCN_25-0-2E332-1,Rhodotorula mucilaginosa,China,marsh_tidalflat,355,2,1,30,30,,YPDN
364,116,BY120-C1 (BY120-C7) 25-0-2E333-9,TFCN_25-0-2E333-9,Rhodotorula mucilaginosa,China,marsh_tidalflat,355,2,1,32,30,,YPDN
365,117,17-0-2E334-10 BY116-C8,TFCN_17-0-2E334-10,Rhodotorula mucilaginosa,China,marsh_tidalflat,355,2,1,33,30,,YPDN
366,118,357-1 BY110-F4,TFCN_357-1,Rhodotorula taiwanensis,China,marsh_tidalflat,355,2,1,35,30,,YPDN
367,119,17-328C-3 BY117-D1,TFCN_17-328C-3,Rhodotorula sp. clade I,China,marsh_tidalflat,355,2,1,36,30,,YPDN
368,120,17-334Y-6 BY116-F9,TFCN_17-334Y-6,Rhodotorula diobovata,China,marsh_tidalflat,355,2,1,37,30,,YPDN
369,121,25-333P-5 BY120-H3,TFCN_25-333P-5,Rhodotorula paludigena,China,marsh_tidalflat,355,2,1,38,30,,YPDN
370,122,222A-2 BY37-G8,TFCN_222A-2,Rhodotorula sp. clade I,China,marsh_tidalflat,355,2,1,39,30,,YPDN
371,123,25-333Y-2 BY120-G4,TFCN_25-333Y-2,Rhodotorula sp. clade I,China,marsh_tidalflat,355,2,1,40,30,,YPDN
372,124,98A-10,TFCN_98A-10,Rhodotorula mucilaginosa,China,marsh_tidalflat,355,2,1,41,30,,YPDN
373,125,17-334D-6 BY115-E2,TFCN_17-334D-6,Rhodotorula mucilaginosa,China,marsh_tidalflat,355,2,1,42,30,,YPDN
374,126,17-0-2E334-4 BY116-G7,TFCN_17-0-2E334-4,Rhodotorula mucilaginosa,China,marsh_tidalflat,355,2,1,43,30,,YPDN
375,127,363-1-2 BY110-A6,TFCN_363-1-2,Rhodotorula mucilaginosa,China,marsh_tidalflat,355,2,1,45,30,,YPDN
376,128,17-0-2E329-4 BY115-C8,TFCN_17-0-2E329-4,Rhodotorula graminis,China,marsh_tidalflat,355,2,1,46,30,,YPDN
377,129,25-0-2E333-7 BY120-A7,TFCN_25-0-2E333-7,Rhodotorula mucilaginosa,China,marsh_tidalflat,355,2,1,47,30,,YPDN
378,130,25-335Y-1 BY120-I4,TFCN_25-335Y-1,Rhodotorula mucilaginosa,China,,355,2,1,48,30,,YPDN
379,131,213-6-4 BY42-C6,TFCN_213-6-4,Rhodotorula mucilaginosa,China,marsh_tidalflat,355,2,1,49,30,,YPDN
380,133,98C-3,TFCN_98C-3,Rhodotorula mucilaginosa,China,marsh_tidalflat,355,2,1,50,30,,YPDN
381,134,17-333D-2 BY115-E6,TFCN_17-333D-2,Rhodotorula mucilaginosa,China,marsh_tidalflat,355,2,1,51,30,,YPDN
382,135,17-332C-2 BY115-H4,TFCN_17-332C-2,Rhodotorula mucilaginosa,China,marsh_tidalflat,355,2,1,52,30,,YPDN
383,136,86A-6 BY34-A7,TFCN_86A-6,Rhodotorula sphaerocarpa,China,marsh_tidalflat,355,2,1,53,30,,YPDN
384,137,0520-4-2-2 BY53-D9,TFCN_0520-4-2-2,Rhodotorula taiwanensis,China,marsh_tidalflat,355,2,1,55,30,,YPDN
385,138,49A-1,TFCN_49A-1,Rhodotorula paludigena,China,marsh_tidalflat,355,2,1,56,30,,YPDN
386,139,25-333D-5 BY120-H7,TFCN_25-333D-5,Rhodotorula sp. clade I,China,,355,2,1,57,30,,YPDN
387,140,86C-7 BY34-I1,TFCN_86C-7,Rhodotorula sp. clade I,China,marsh_tidalflat,355,2,1,58,30,,YPDN
388,141,152C-2 BY32-C3,TFCN_152C-2,Rhodotorula toruloides,China,marsh_tidalflat,355,2,1,59,30,,YPDN
389,142,98D-9 BY31-F3,TFCN_98D-9,Rhodotorula mucilaginosa,China,,355,2,1,60,30,,YPDN
390,143,17-325D-4 BY116-C4,TFCN_17-325D-4,Rhodotorula mucilaginosa,China,marsh_tidalflat,355,2,1,61,30,,YPDN
391,144,17-332P-2 BY117-G8,TFCN_17-332P-2,Rhodotorula mucilaginosa,China,marsh_tidalflat,355,2,1,62,30,,YPDN
392,145,54D-1,TFCN_54D-1,Rhodotorula mucilaginosa,China,marsh_tidalflat,355,2,1,63,30,,YPDN
393,146,86A-12 BY34-E7,TFCN_86A-12,Rhodotorula mucilaginosa,China,marsh_tidalflat,355,2,1,66,30,,YPDN
394,147,48C-3,TFCN_48C-3,Rhodotorula paludigena,China,marsh_tidalflat,355,2,1,67,30,,YPDN
395,148,342-3 BY110_B2,TFCN_342-3,Rhodotorula mucilaginosa,China,marsh_tidalflat,355,2,1,68,30,,YPDN
396,149,86A-8 BY35-H3,TFCN_86A-8,Rhodotorula sphaerocarpa,China,marsh_tidalflat,355,2,1,69,30,,YPDN
397,150,152C-5 BY32-F3,TFCN_152C-5,Rhodotorula mucilaginosa,China,marsh_tidalflat,355,2,1,70,30,,YPDN
398,151,98D-7 BY31-E3,TFCN_98D-7,Rhodotorula mucilaginosa,China,,355,2,1,71,30,,YPDN
399,152,25-337M-3 BY119-F9,TFCN_25-337M-3,Rhodotorula mucilaginosa,China,marsh_tidalflat,355,2,1,72,30,,YPDN
400,153,25-0-2E333-5 BY120-E4,TFCN_25-0-2E333-5,Rhodotorula mucilaginosa,China,marsh_tidalflat,355,2,1,73,30,,YPDN
401,155,0520-4-2-1 BY53-C9,TFCN_0520-4-2-1,Rhodotorula taiwanensis,China,marsh_tidalflat,355,2,1,74,30,,YPDN
402,156,48A-2,TFCN_48A-2,Rhodotorula paludigena,China,marsh_tidalflat,355,2,1,76,30,,YPDN
403,157,1A-1-2,TFCN_1A-1-2,Rhodotorula paludigena,China,marsh_tidalflat,355,2,1,77,30,,YPDN
404,158,152A-1 BY32-H1,TFCN_152A-1,Rhodotorula mucilaginosa,China,marsh_tidalflat,355,2,1,78,30,,YPDN
405,159,152A-5 BY32-C2,TFCN_152A-5,Rhodotorula mucilaginosa,China,marsh_tidalflat,355,2,1,79,30,,YPDN
406,161,102D-2,TFCN_102D-2,Rhodotorula mucilaginosa,China,marsh_tidalflat,355,2,1,80,30,,YPDN
407,162,25-327D-1 BY119-D5,TFCN_25-327D-1,Rhodotorula mucilaginosa,China,marsh_tidalflat,355,2,1,81,30,,YPDN
408,163,17-334Y-5 BY116-E9,TFCN_17-334Y-5,Rhodotorula mucilaginosa,China,marsh_tidalflat,355,2,1,82,30,,YPDN
409,164,17-334C-1 BY117-A6,TFCN_17-334C-1,Rhodotorula mucilaginosa,China,marsh_tidalflat,355,2,1,83,30,,YPDN
410,165,17-332Y-1 BY115-H5,,,,,355,2,1,84,30,,YPDN
411,166,3238,DBVPG_3238,Rhodotorula mucilaginosa,Italy,food,355,2,1,86,30,,YPDN
412,167,3444,DBVPG_3444,Rhodotorula mucilaginosa,Italy,food,355,2,1,87,30,,YPDN
413,168,3775,DBVPG_3775,Rhodotorula mucilaginosa,Italy,soil,355,2,1,88,30,,YPDN
414,169,3983,DBVPG_3983,Rhodotorula mucilaginosa,Italy,cave,355,2,1,89,30,,YPDN
415,170,4378,DBVPG_4378,Rhodotorula mucilaginosa,Italy,food,355,2,1,90,30,,YPDN
416,171,4618,DBVPG_4618,Rhodotorula mucilaginosa,Italy,soil,355,2,1,91,30,,YPDN
417,172,106A-1,TFCN_106A-1,Rhodotorula mucilaginosa,China,marsh_tidalflat,355,2,1,92,30,,YPDN
418,173,17-334P-4 BY115-A2,,,,,355,2,1,93,30,,YPDN
419,174,17-0-2E337-3 BY117-H4,TFCN_17-0-2E337-3,Rhodotorula mucilaginosa,China,marsh_tidalflat,355,2,1,94,30,,YPDN
420,175,3239,DBVPG_3239,Rhodotorula mucilaginosa,Italy,food,355,2,1,96,30,,YPDN
421,88,152C-3 BY32-D3,TFCN_152C-3,Rhodotorula toruloides,China,,355,2,2,77,30,,YPDN
422,89,4M-1-5 BY8-G4,TFCN_4M-1-5,Rhodotorula mucilaginosa,China,marsh_tidalflat,355,2,2,19,30,,YPDN
423,91,25-335P-1 BY120-A5,TFCN_25-335P-1,Rhodotorula diobovata,China,marsh_tidalflat,355,2,2,47,30,,YPDN
424,92,S22D-1  BY38-D8,TFCN_S22D-1,Rhodotorula taiwanensis,China,marsh_tidalflat,355,2,2,69,30,,YPDN
425,93,48D-10,TFCN_48D-10,Rhodotorula paludigena,China,marsh_tidalflat,355,2,2,59,30,,YPDN
426,94,48D-4,TFCN_48D-4,Rhodotorula paludigena,China,marsh_tidalflat,355,2,2,92,30,,YPDN
427,95,86A-3 BY34-G6,TFCN_86A-3,Rhodotorula mucilaginosa,China,marsh_tidalflat,355,2,2,24,30,,YPDN
428,96,152A-4 BY32-B2,TFCN_152A-4,Rhodotorula toruloides,China,marsh_tidalflat,355,2,2,22,30,,YPDN
429,97,17-332P-1 BY115-D6,TFCN_17-332P-1,Rhodotorula mucilaginosa,China,marsh_tidalflat,355,2,2,72,30,,YPDN
430,98,4M-1-4 BY8-F4,TFCN_4M-1-4,Rhodotorula mucilaginosa,China,marsh_tidalflat,355,2,2,37,30,,YPDN
431,99,102C-1,TFCN_102C-1,Rhodotorula mucilaginosa,China,marsh_tidalflat,355,2,2,5,30,,YPDN
432,100,404D-1 BY123-F4,TFCN_404D-1,Rhodotorula mucilaginosa,China,marsh_tidalflat,355,2,2,66,30,,YPDN
433,101,86C-10 BY34-B2,TFCN_86C-10,Rhodotorula sphaerocarpa,China,marsh_tidalflat,355,2,2,68,30,,YPDN
434,102,342-2 BY110-A2,TFCN_342-2,Rhodotorula paludigena,China,marsh_tidalflat,355,2,2,90,30,,YPDN
435,103,48A-10,TFCN_48A-10,Rhodotorula paludigena,China,marsh_tidalflat,355,2,2,2,30,,YPDN
436,104,213-6-2 BY42-B6,TFCN_213-6-2,Rhodotorula mucilaginosa,China,marsh_tidalflat,355,2,2,9,30,,YPDN
437,105,152C-6 BY32-G3,TFCN_152C-6,Rhodotorula toruloides,China,marsh_tidalflat,355,2,2,8,30,,YPDN
438,106,273H-1 BY113-C3,TFCN_273H-1,Rhodotorula mucilaginosa,China,marsh_tidalflat,355,2,2,84,30,,YPDN
439,107,209-6-4 BY42-I9,TFCN_209-6-4,Rhodotorula mucilaginosa,China,,355,2,2,26,30,,YPDN
440,108,25-332M-2 BY119-E2,TFCN_25-332M-2,Rhodotorula mucilaginosa,China,marsh_tidalflat,355,2,2,81,30,,YPDN
441,109,98C-8,TFCN_98C-8,Rhodotorula mucilaginosa,China,marsh_tidalflat,355,2,2,58,30,,YPDN
442,110,25-333D-1 BY120-B3,TFCN_25-333D-1,Rhodotorula sp. clade I,China,marsh_tidalflat,355,2,2,6,30,,YPDN
443,111,25-335C-1 BY120-B5,TFCN_25-335C-1,Rhodotorula diobovata,China,marsh_tidalflat,355,2,2,42,30,,YPDN
444,112,17-328P-3 BY116-C2,TFCN_17-328P-3,Rhodotorula sp. clade I,China,marsh_tidalflat,355,2,2,41,30,,YPDN
445,113,54D-2,TFCN_54D-2,Rhodotorula mucilaginosa,China,marsh_tidalflat,355,2,2,4,30,,YPDN
446,114,152D-6 BY32-D4,TFCN_152D-6,Rhodotorula toruloides,China,marsh_tidalflat,355,2,2,67,30,,YPDN
447,115,25-0-2E332-1 BY119-E3,TFCN_25-0-2E332-1,Rhodotorula mucilaginosa,China,marsh_tidalflat,355,2,2,76,30,,YPDN
448,116,BY120-C1 (BY120-C7) 25-0-2E333-9,TFCN_25-0-2E333-9,Rhodotorula mucilaginosa,China,marsh_tidalflat,355,2,2,23,30,,YPDN
449,117,17-0-2E334-10 BY116-C8,TFCN_17-0-2E334-10,Rhodotorula mucilaginosa,China,marsh_tidalflat,355,2,2,16,30,,YPDN
450,118,357-1 BY110-F4,TFCN_357-1,Rhodotorula taiwanensis,China,marsh_tidalflat,355,2,2,63,30,,YPDN
451,119,17-328C-3 BY117-D1,TFCN_17-328C-3,Rhodotorula sp. clade I,China,marsh_tidalflat,355,2,2,53,30,,YPDN
452,120,17-334Y-6 BY116-F9,TFCN_17-334Y-6,Rhodotorula diobovata,China,marsh_tidalflat,355,2,2,17,30,,YPDN
453,121,25-333P-5 BY120-H3,TFCN_25-333P-5,Rhodotorula paludigena,China,marsh_tidalflat,355,2,2,70,30,,YPDN
454,122,222A-2 BY37-G8,TFCN_222A-2,Rhodotorula sp. clade I,China,marsh_tidalflat,355,2,2,33,30,,YPDN
455,123,25-333Y-2 BY120-G4,TFCN_25-333Y-2,Rhodotorula sp. clade I,China,marsh_tidalflat,355,2,2,18,30,,YPDN
456,124,98A-10,TFCN_98A-10,Rhodotorula mucilaginosa,China,marsh_tidalflat,355,2,2,3,30,,YPDN
457,125,17-334D-6 BY115-E2,TFCN_17-334D-6,Rhodotorula mucilaginosa,China,marsh_tidalflat,355,2,2,50,30,,YPDN
458,126,17-0-2E334-4 BY116-G7,TFCN_17-0-2E334-4,Rhodotorula mucilaginosa,China,marsh_tidalflat,355,2,2,55,30,,YPDN
459,127,363-1-2 BY110-A6,TFCN_363-1-2,Rhodotorula mucilaginosa,China,marsh_tidalflat,355,2,2,27,30,,YPDN
460,128,17-0-2E329-4 BY115-C8,TFCN_17-0-2E329-4,Rhodotorula graminis,China,marsh_tidalflat,355,2,2,10,30,,YPDN
461,129,25-0-2E333-7 BY120-A7,TFCN_25-0-2E333-7,Rhodotorula mucilaginosa,China,marsh_tidalflat,355,2,2,15,30,,YPDN
462,130,25-335Y-1 BY120-I4,TFCN_25-335Y-1,Rhodotorula mucilaginosa,China,,355,2,2,49,30,,YPDN
463,131,213-6-4 BY42-C6,TFCN_213-6-4,Rhodotorula mucilaginosa,China,marsh_tidalflat,355,2,2,86,30,,YPDN
464,133,98C-3,TFCN_98C-3,Rhodotorula mucilaginosa,China,marsh_tidalflat,355,2,2,45,30,,YPDN
465,134,17-333D-2 BY115-E6,TFCN_17-333D-2,Rhodotorula mucilaginosa,China,marsh_tidalflat,355,2,2,78,30,,YPDN
466,135,17-332C-2 BY115-H4,TFCN_17-332C-2,Rhodotorula mucilaginosa,China,marsh_tidalflat,355,2,2,57,30,,YPDN
467,136,86A-6 BY34-A7,TFCN_86A-6,Rhodotorula sphaerocarpa,China,marsh_tidalflat,355,2,2,43,30,,YPDN
468,137,0520-4-2-2 BY53-D9,TFCN_0520-4-2-2,Rhodotorula taiwanensis,China,marsh_tidalflat,355,2,2,80,30,,YPDN
469,138,49A-1,TFCN_49A-1,Rhodotorula paludigena,China,marsh_tidalflat,355,2,2,7,30,,YPDN
470,139,25-333D-5 BY120-H7,TFCN_25-333D-5,Rhodotorula sp. clade I,China,,355,2,2,82,30,,YPDN
471,140,86C-7 BY34-I1,TFCN_86C-7,Rhodotorula sp. clade I,China,marsh_tidalflat,355,2,2,62,30,,YPDN
472,141,152C-2 BY32-C3,TFCN_152C-2,Rhodotorula toruloides,China,marsh_tidalflat,355,2,2,30,30,,YPDN
473,142,98D-9 BY31-F3,TFCN_98D-9,Rhodotorula mucilaginosa,China,,355,2,2,88,30,,YPDN
474,143,17-325D-4 BY116-C4,TFCN_17-325D-4,Rhodotorula mucilaginosa,China,marsh_tidalflat,355,2,2,87,30,,YPDN
475,144,17-332P-2 BY117-G8,TFCN_17-332P-2,Rhodotorula mucilaginosa,China,marsh_tidalflat,355,2,2,40,30,,YPDN
476,145,54D-1,TFCN_54D-1,Rhodotorula mucilaginosa,China,marsh_tidalflat,355,2,2,35,30,,YPDN
477,146,86A-12 BY34-E7,TFCN_86A-12,Rhodotorula mucilaginosa,China,marsh_tidalflat,355,2,2,96,30,,YPDN
478,147,48C-3,TFCN_48C-3,Rhodotorula paludigena,China,marsh_tidalflat,355,2,2,25,30,,YPDN
479,148,342-3 BY110_B2,TFCN_342-3,Rhodotorula mucilaginosa,China,marsh_tidalflat,355,2,2,56,30,,YPDN
480,149,86A-8 BY35-H3,TFCN_86A-8,Rhodotorula sphaerocarpa,China,marsh_tidalflat,355,2,2,91,30,,YPDN
481,150,152C-5 BY32-F3,TFCN_152C-5,Rhodotorula mucilaginosa,China,marsh_tidalflat,355,2,2,20,30,,YPDN
482,151,98D-7 BY31-E3,TFCN_98D-7,Rhodotorula mucilaginosa,China,,355,2,2,14,30,,YPDN
483,152,25-337M-3 BY119-F9,TFCN_25-337M-3,Rhodotorula mucilaginosa,China,marsh_tidalflat,355,2,2,48,30,,YPDN
484,153,25-0-2E333-5 BY120-E4,TFCN_25-0-2E333-5,Rhodotorula mucilaginosa,China,marsh_tidalflat,355,2,2,52,30,,YPDN
485,155,0520-4-2-1 BY53-C9,TFCN_0520-4-2-1,Rhodotorula taiwanensis,China,marsh_tidalflat,355,2,2,51,30,,YPDN
486,156,48A-2,TFCN_48A-2,Rhodotorula paludigena,China,marsh_tidalflat,355,2,2,12,30,,YPDN
487,157,1A-1-2,TFCN_1A-1-2,Rhodotorula paludigena,China,marsh_tidalflat,355,2,2,74,30,,YPDN
488,158,152A-1 BY32-H1,TFCN_152A-1,Rhodotorula mucilaginosa,China,marsh_tidalflat,355,2,2,79,30,,YPDN
489,159,152A-5 BY32-C2,TFCN_152A-5,Rhodotorula mucilaginosa,China,marsh_tidalflat,355,2,2,73,30,,YPDN
490,161,102D-2,TFCN_102D-2,Rhodotorula mucilaginosa,China,marsh_tidalflat,355,2,2,83,30,,YPDN
491,162,25-327D-1 BY119-D5,TFCN_25-327D-1,Rhodotorula mucilaginosa,China,marsh_tidalflat,355,2,2,28,30,,YPDN
492,163,17-334Y-5 BY116-E9,TFCN_17-334Y-5,Rhodotorula mucilaginosa,China,marsh_tidalflat,355,2,2,89,30,,YPDN
493,164,17-334C-1 BY117-A6,TFCN_17-334C-1,Rhodotorula mucilaginosa,China,marsh_tidalflat,355,2,2,39,30,,YPDN
494,165,17-332Y-1 BY115-H5,,,,,355,2,2,38,30,,YPDN
495,166,3238,DBVPG_3238,Rhodotorula mucilaginosa,Italy,food,355,2,2,46,30,,YPDN
496,167,3444,DBVPG_3444,Rhodotorula mucilaginosa,Italy,food,355,2,2,93,30,,YPDN
497,168,3775,DBVPG_3775,Rhodotorula mucilaginosa,Italy,soil,355,2,2,71,30,,YPDN
498,169,3983,DBVPG_3983,Rhodotorula mucilaginosa,Italy,cave,355,2,2,60,30,,YPDN
499,170,4378,DBVPG_4378,Rhodotorula mucilaginosa,Italy,food,355,2,2,29,30,,YPDN
500,171,4618,DBVPG_4618,Rhodotorula mucilaginosa,Italy,soil,355,2,2,13,30,,YPDN
501,172,106A-1,TFCN_106A-1,Rhodotorula mucilaginosa,China,marsh_tidalflat,355,2,2,94,30,,YPDN
502,173,17-334P-4 BY115-A2,,,,,355,2,2,36,30,,YPDN
503,174,17-0-2E337-3 BY117-H4,TFCN_17-0-2E337-3,Rhodotorula mucilaginosa,China,marsh_tidalflat,355,2,2,32,30,,YPDN
504,175,3239,DBVPG_3239,Rhodotorula mucilaginosa,Italy,food,355,2,2,61,30,,YPDN
505,88,152C-3 BY32-D3,TFCN_152C-3,Rhodotorula toruloides,China,,355,2,3,56,30,,YPDN
506,89,4M-1-5 BY8-G4,TFCN_4M-1-5,Rhodotorula mucilaginosa,China,marsh_tidalflat,355,2,3,96,30,,YPDN
507,91,25-335P-1 BY120-A5,TFCN_25-335P-1,Rhodotorula diobovata,China,marsh_tidalflat,355,2,3,2,30,,YPDN
508,92,S22D-1  BY38-D8,TFCN_S22D-1,Rhodotorula taiwanensis,China,marsh_tidalflat,355,2,3,92,30,,YPDN
509,93,48D-10,TFCN_48D-10,Rhodotorula paludigena,China,marsh_tidalflat,355,2,3,81,30,,YPDN
510,94,48D-4,TFCN_48D-4,Rhodotorula paludigena,China,marsh_tidalflat,355,2,3,12,30,,YPDN
511,95,86A-3 BY34-G6,TFCN_86A-3,Rhodotorula mucilaginosa,China,marsh_tidalflat,355,2,3,37,30,,YPDN
512,96,152A-4 BY32-B2,TFCN_152A-4,Rhodotorula toruloides,China,marsh_tidalflat,355,2,3,49,30,,YPDN
513,97,17-332P-1 BY115-D6,TFCN_17-332P-1,Rhodotorula mucilaginosa,China,marsh_tidalflat,355,2,3,26,30,,YPDN
514,98,4M-1-4 BY8-F4,TFCN_4M-1-4,Rhodotorula mucilaginosa,China,marsh_tidalflat,355,2,3,58,30,,YPDN
515,99,102C-1,TFCN_102C-1,Rhodotorula mucilaginosa,China,marsh_tidalflat,355,2,3,46,30,,YPDN
516,100,404D-1 BY123-F4,TFCN_404D-1,Rhodotorula mucilaginosa,China,marsh_tidalflat,355,2,3,9,30,,YPDN
517,101,86C-10 BY34-B2,TFCN_86C-10,Rhodotorula sphaerocarpa,China,marsh_tidalflat,355,2,3,14,30,,YPDN
518,102,342-2 BY110-A2,TFCN_342-2,Rhodotorula paludigena,China,marsh_tidalflat,355,2,3,53,30,,YPDN
519,103,48A-10,TFCN_48A-10,Rhodotorula paludigena,China,marsh_tidalflat,355,2,3,67,30,,YPDN
520,104,213-6-2 BY42-B6,TFCN_213-6-2,Rhodotorula mucilaginosa,China,marsh_tidalflat,355,2,3,15,30,,YPDN
521,105,152C-6 BY32-G3,TFCN_152C-6,Rhodotorula toruloides,China,marsh_tidalflat,355,2,3,27,30,,YPDN
522,106,273H-1 BY113-C3,TFCN_273H-1,Rhodotorula mucilaginosa,China,marsh_tidalflat,355,2,3,90,30,,YPDN
523,107,209-6-4 BY42-I9,TFCN_209-6-4,Rhodotorula mucilaginosa,China,,355,2,3,41,30,,YPDN
524,108,25-332M-2 BY119-E2,TFCN_25-332M-2,Rhodotorula mucilaginosa,China,marsh_tidalflat,355,2,3,43,30,,YPDN
525,109,98C-8,TFCN_98C-8,Rhodotorula mucilaginosa,China,marsh_tidalflat,355,2,3,61,30,,YPDN
526,110,25-333D-1 BY120-B3,TFCN_25-333D-1,Rhodotorula sp. clade I,China,marsh_tidalflat,355,2,3,22,30,,YPDN
527,111,25-335C-1 BY120-B5,TFCN_25-335C-1,Rhodotorula diobovata,China,marsh_tidalflat,355,2,3,7,30,,YPDN
528,112,17-328P-3 BY116-C2,TFCN_17-328P-3,Rhodotorula sp. clade I,China,marsh_tidalflat,355,2,3,74,30,,YPDN
529,113,54D-2,TFCN_54D-2,Rhodotorula mucilaginosa,China,marsh_tidalflat,355,2,3,59,30,,YPDN
530,114,152D-6 BY32-D4,TFCN_152D-6,Rhodotorula toruloides,China,marsh_tidalflat,355,2,3,20,30,,YPDN
531,115,25-0-2E332-1 BY119-E3,TFCN_25-0-2E332-1,Rhodotorula mucilaginosa,China,marsh_tidalflat,355,2,3,50,30,,YPDN
532,116,BY120-C1 (BY120-C7) 25-0-2E333-9,TFCN_25-0-2E333-9,Rhodotorula mucilaginosa,China,marsh_tidalflat,355,2,3,89,30,,YPDN
533,117,17-0-2E334-10 BY116-C8,TFCN_17-0-2E334-10,Rhodotorula mucilaginosa,China,marsh_tidalflat,355,2,3,76,30,,YPDN
534,118,357-1 BY110-F4,TFCN_357-1,Rhodotorula taiwanensis,China,marsh_tidalflat,355,2,3,73,30,,YPDN
535,119,17-328C-3 BY117-D1,TFCN_17-328C-3,Rhodotorula sp. clade I,China,marsh_tidalflat,355,2,3,35,30,,YPDN
536,120,17-334Y-6 BY116-F9,TFCN_17-334Y-6,Rhodotorula diobovata,China,marsh_tidalflat,355,2,3,84,30,,YPDN
537,121,25-333P-5 BY120-H3,TFCN_25-333P-5,Rhodotorula paludigena,China,marsh_tidalflat,355,2,3,57,30,,YPDN
538,122,222A-2 BY37-G8,TFCN_222A-2,Rhodotorula sp. clade I,China,marsh_tidalflat,355,2,3,86,30,,YPDN
539,123,25-333Y-2 BY120-G4,TFCN_25-333Y-2,Rhodotorula sp. clade I,China,marsh_tidalflat,355,2,3,25,30,,YPDN
540,124,98A-10,TFCN_98A-10,Rhodotorula mucilaginosa,China,marsh_tidalflat,355,2,3,47,30,,YPDN
541,125,17-334D-6 BY115-E2,TFCN_17-334D-6,Rhodotorula mucilaginosa,China,marsh_tidalflat,355,2,3,13,30,,YPDN
542,126,17-0-2E334-4 BY116-G7,TFCN_17-0-2E334-4,Rhodotorula mucilaginosa,China,marsh_tidalflat,355,2,3,52,30,,YPDN
543,127,363-1-2 BY110-A6,TFCN_363-1-2,Rhodotorula mucilaginosa,China,marsh_tidalflat,355,2,3,3,30,,YPDN
544,128,17-0-2E329-4 BY115-C8,TFCN_17-0-2E329-4,Rhodotorula graminis,China,marsh_tidalflat,355,2,3,88,30,,YPDN
545,129,25-0-2E333-7 BY120-A7,TFCN_25-0-2E333-7,Rhodotorula mucilaginosa,China,marsh_tidalflat,355,2,3,80,30,,YPDN
546,130,25-335Y-1 BY120-I4,TFCN_25-335Y-1,Rhodotorula mucilaginosa,China,,355,2,3,55,30,,YPDN
547,131,213-6-4 BY42-C6,TFCN_213-6-4,Rhodotorula mucilaginosa,China,marsh_tidalflat,355,2,3,87,30,,YPDN
548,133,98C-3,TFCN_98C-3,Rhodotorula mucilaginosa,China,marsh_tidalflat,355,2,3,16,30,,YPDN
549,134,17-333D-2 BY115-E6,TFCN_17-333D-2,Rhodotorula mucilaginosa,China,marsh_tidalflat,355,2,3,69,30,,YPDN
550,135,17-332C-2 BY115-H4,TFCN_17-332C-2,Rhodotorula mucilaginosa,China,marsh_tidalflat,355,2,3,28,30,,YPDN
551,136,86A-6 BY34-A7,TFCN_86A-6,Rhodotorula sphaerocarpa,China,marsh_tidalflat,355,2,3,71,30,,YPDN
552,137,0520-4-2-2 BY53-D9,TFCN_0520-4-2-2,Rhodotorula taiwanensis,China,marsh_tidalflat,355,2,3,24,30,,YPDN
553,138,49A-1,TFCN_49A-1,Rhodotorula paludigena,China,marsh_tidalflat,355,2,3,42,30,,YPDN
554,139,25-333D-5 BY120-H7,TFCN_25-333D-5,Rhodotorula sp. clade I,China,,355,2,3,63,30,,YPDN
555,140,86C-7 BY34-I1,TFCN_86C-7,Rhodotorula sp. clade I,China,marsh_tidalflat,355,2,3,70,30,,YPDN
556,141,152C-2 BY32-C3,TFCN_152C-2,Rhodotorula toruloides,China,marsh_tidalflat,355,2,3,68,30,,YPDN
557,142,98D-9 BY31-F3,TFCN_98D-9,Rhodotorula mucilaginosa,China,,355,2,3,78,30,,YPDN
558,143,17-325D-4 BY116-C4,TFCN_17-325D-4,Rhodotorula mucilaginosa,China,marsh_tidalflat,355,2,3,91,30,,YPDN
559,144,17-332P-2 BY117-G8,TFCN_17-332P-2,Rhodotorula mucilaginosa,China,marsh_tidalflat,355,2,3,39,30,,YPDN
560,145,54D-1,TFCN_54D-1,Rhodotorula mucilaginosa,China,marsh_tidalflat,355,2,3,5,30,,YPDN
561,146,86A-12 BY34-E7,TFCN_86A-12,Rhodotorula mucilaginosa,China,marsh_tidalflat,355,2,3,60,30,,YPDN
562,147,48C-3,TFCN_48C-3,Rhodotorula paludigena,China,marsh_tidalflat,355,2,3,45,30,,YPDN
563,148,342-3 BY110_B2,TFCN_342-3,Rhodotorula mucilaginosa,China,marsh_tidalflat,355,2,3,66,30,,YPDN
564,149,86A-8 BY35-H3,TFCN_86A-8,Rhodotorula sphaerocarpa,China,marsh_tidalflat,355,2,3,51,30,,YPDN
565,150,152C-5 BY32-F3,TFCN_152C-5,Rhodotorula mucilaginosa,China,marsh_tidalflat,355,2,3,94,30,,YPDN
566,151,98D-7 BY31-E3,TFCN_98D-7,Rhodotorula mucilaginosa,China,,355,2,3,10,30,,YPDN
567,152,25-337M-3 BY119-F9,TFCN_25-337M-3,Rhodotorula mucilaginosa,China,marsh_tidalflat,355,2,3,36,30,,YPDN
568,153,25-0-2E333-5 BY120-E4,TFCN_25-0-2E333-5,Rhodotorula mucilaginosa,China,marsh_tidalflat,355,2,3,29,30,,YPDN
569,155,0520-4-2-1 BY53-C9,TFCN_0520-4-2-1,Rhodotorula taiwanensis,China,marsh_tidalflat,355,2,3,40,30,,YPDN
570,156,48A-2,TFCN_48A-2,Rhodotorula paludigena,China,marsh_tidalflat,355,2,3,79,30,,YPDN
571,157,1A-1-2,TFCN_1A-1-2,Rhodotorula paludigena,China,marsh_tidalflat,355,2,3,8,30,,YPDN
572,158,152A-1 BY32-H1,TFCN_152A-1,Rhodotorula mucilaginosa,China,marsh_tidalflat,355,2,3,33,30,,YPDN
573,159,152A-5 BY32-C2,TFCN_152A-5,Rhodotorula mucilaginosa,China,marsh_tidalflat,355,2,3,77,30,,YPDN
574,161,102D-2,TFCN_102D-2,Rhodotorula mucilaginosa,China,marsh_tidalflat,355,2,3,18,30,,YPDN
575,162,25-327D-1 BY119-D5,TFCN_25-327D-1,Rhodotorula mucilaginosa,China,marsh_tidalflat,355,2,3,32,30,,YPDN
576,163,17-334Y-5 BY116-E9,TFCN_17-334Y-5,Rhodotorula mucilaginosa,China,marsh_tidalflat,355,2,3,62,30,,YPDN
577,164,17-334C-1 BY117-A6,TFCN_17-334C-1,Rhodotorula mucilaginosa,China,marsh_tidalflat,355,2,3,6,30,,YPDN
578,165,17-332Y-1 BY115-H5,,,,,355,2,3,48,30,,YPDN
579,166,3238,DBVPG_3238,Rhodotorula mucilaginosa,Italy,food,355,2,3,4,30,,YPDN
580,167,3444,DBVPG_3444,Rhodotorula mucilaginosa,Italy,food,355,2,3,30,30,,YPDN
581,168,3775,DBVPG_3775,Rhodotorula mucilaginosa,Italy,soil,355,2,3,72,30,,YPDN
582,169,3983,DBVPG_3983,Rhodotorula mucilaginosa,Italy,cave,355,2,3,23,30,,YPDN
583,170,4378,DBVPG_4378,Rhodotorula mucilaginosa,Italy,food,355,2,3,93,30,,YPDN
584,171,4618,DBVPG_4618,Rhodotorula mucilaginosa,Italy,soil,355,2,3,17,30,,YPDN
585,172,106A-1,TFCN_106A-1,Rhodotorula mucilaginosa,China,marsh_tidalflat,355,2,3,82,30,,YPDN
586,173,17-334P-4 BY115-A2,,,,,355,2,3,19,30,,YPDN
587,174,17-0-2E337-3 BY117-H4,TFCN_17-0-2E337-3,Rhodotorula mucilaginosa,China,marsh_tidalflat,355,2,3,83,30,,YPDN
588,175,3239,DBVPG_3239,Rhodotorula mucilaginosa,Italy,food,355,2,3,38,30,,YPDN
589,88,152C-3 BY32-D3,TFCN_152C-3,Rhodotorula toruloides,China,,355,2,4,58,30,,YPDN
590,89,4M-1-5 BY8-G4,TFCN_4M-1-5,Rhodotorula mucilaginosa,China,marsh_tidalflat,355,2,4,14,30,,YPDN
591,91,25-335P-1 BY120-A5,TFCN_25-335P-1,Rhodotorula diobovata,China,marsh_tidalflat,355,2,4,84,30,,YPDN
592,92,S22D-1  BY38-D8,TFCN_S22D-1,Rhodotorula taiwanensis,China,marsh_tidalflat,355,2,4,53,30,,YPDN
593,93,48D-10,TFCN_48D-10,Rhodotorula paludigena,China,marsh_tidalflat,355,2,4,12,30,,YPDN
594,94,48D-4,TFCN_48D-4,Rhodotorula paludigena,China,marsh_tidalflat,355,2,4,71,30,,YPDN
595,95,86A-3 BY34-G6,TFCN_86A-3,Rhodotorula mucilaginosa,China,marsh_tidalflat,355,2,4,76,30,,YPDN
596,96,152A-4 BY32-B2,TFCN_152A-4,Rhodotorula toruloides,China,marsh_tidalflat,355,2,4,91,30,,YPDN
597,97,17-332P-1 BY115-D6,TFCN_17-332P-1,Rhodotorula mucilaginosa,China,marsh_tidalflat,355,2,4,40,30,,YPDN
598,98,4M-1-4 BY8-F4,TFCN_4M-1-4,Rhodotorula mucilaginosa,China,marsh_tidalflat,355,2,4,48,30,,YPDN
599,99,102C-1,TFCN_102C-1,Rhodotorula mucilaginosa,China,marsh_tidalflat,355,2,4,39,30,,YPDN
600,100,404D-1 BY123-F4,TFCN_404D-1,Rhodotorula mucilaginosa,China,marsh_tidalflat,355,2,4,72,30,,YPDN
601,101,86C-10 BY34-B2,TFCN_86C-10,Rhodotorula sphaerocarpa,China,marsh_tidalflat,355,2,4,81,30,,YPDN
602,102,342-2 BY110-A2,TFCN_342-2,Rhodotorula paludigena,China,marsh_tidalflat,355,2,4,15,30,,YPDN
603,103,48A-10,TFCN_48A-10,Rhodotorula paludigena,China,marsh_tidalflat,355,2,4,30,30,,YPDN
604,104,213-6-2 BY42-B6,TFCN_213-6-2,Rhodotorula mucilaginosa,China,marsh_tidalflat,355,2,4,86,30,,YPDN
605,105,152C-6 BY32-G3,TFCN_152C-6,Rhodotorula toruloides,China,marsh_tidalflat,355,2,4,52,30,,YPDN
606,106,273H-1 BY113-C3,TFCN_273H-1,Rhodotorula mucilaginosa,China,marsh_tidalflat,355,2,4,4,30,,YPDN
607,107,209-6-4 BY42-I9,TFCN_209-6-4,Rhodotorula mucilaginosa,China,,355,2,4,18,30,,YPDN
608,108,25-332M-2 BY119-E2,TFCN_25-332M-2,Rhodotorula mucilaginosa,China,marsh_tidalflat,355,2,4,22,30,,YPDN
609,109,98C-8,TFCN_98C-8,Rhodotorula mucilaginosa,China,marsh_tidalflat,355,2,4,49,30,,YPDN
610,110,25-333D-1 BY120-B3,TFCN_25-333D-1,Rhodotorula sp. clade I,China,marsh_tidalflat,355,2,4,37,30,,YPDN
611,111,25-335C-1 BY120-B5,TFCN_25-335C-1,Rhodotorula diobovata,China,marsh_tidalflat,355,2,4,74,30,,YPDN
612,112,17-328P-3 BY116-C2,TFCN_17-328P-3,Rhodotorula sp. clade I,China,marsh_tidalflat,355,2,4,89,30,,YPDN
613,113,54D-2,TFCN_54D-2,Rhodotorula mucilaginosa,China,marsh_tidalflat,355,2,4,57,30,,YPDN
614,114,152D-6 BY32-D4,TFCN_152D-6,Rhodotorula toruloides,China,marsh_tidalflat,355,2,4,92,30,,YPDN
615,115,25-0-2E332-1 BY119-E3,TFCN_25-0-2E332-1,Rhodotorula mucilaginosa,China,marsh_tidalflat,355,2,4,25,30,,YPDN
616,116,BY120-C1 (BY120-C7) 25-0-2E333-9,TFCN_25-0-2E333-9,Rhodotorula mucilaginosa,China,marsh_tidalflat,355,2,4,35,30,,YPDN
617,117,17-0-2E334-10 BY116-C8,TFCN_17-0-2E334-10,Rhodotorula mucilaginosa,China,marsh_tidalflat,355,2,4,9,30,,YPDN
618,118,357-1 BY110-F4,TFCN_357-1,Rhodotorula taiwanensis,China,marsh_tidalflat,355,2,4,77,30,,YPDN
619,119,17-328C-3 BY117-D1,TFCN_17-328C-3,Rhodotorula sp. clade I,China,marsh_tidalflat,355,2,4,6,30,,YPDN
620,120,17-334Y-6 BY116-F9,TFCN_17-334Y-6,Rhodotorula diobovata,China,marsh_tidalflat,355,2,4,62,30,,YPDN
621,121,25-333P-5 BY120-H3,TFCN_25-333P-5,Rhodotorula paludigena,China,marsh_tidalflat,355,2,4,69,30,,YPDN
622,122,222A-2 BY37-G8,TFCN_222A-2,Rhodotorula sp. clade I,China,marsh_tidalflat,355,2,4,83,30,,YPDN
623,123,25-333Y-2 BY120-G4,TFCN_25-333Y-2,Rhodotorula sp. clade I,China,marsh_tidalflat,355,2,4,38,30,,YPDN
624,124,98A-10,TFCN_98A-10,Rhodotorula mucilaginosa,China,marsh_tidalflat,355,2,4,80,30,,YPDN
625,125,17-334D-6 BY115-E2,TFCN_17-334D-6,Rhodotorula mucilaginosa,China,marsh_tidalflat,355,2,4,88,30,,YPDN
626,126,17-0-2E334-4 BY116-G7,TFCN_17-0-2E334-4,Rhodotorula mucilaginosa,China,marsh_tidalflat,355,2,4,29,30,,YPDN
627,127,363-1-2 BY110-A6,TFCN_363-1-2,Rhodotorula mucilaginosa,China,marsh_tidalflat,355,2,4,87,30,,YPDN
628,128,17-0-2E329-4 BY115-C8,TFCN_17-0-2E329-4,Rhodotorula graminis,China,marsh_tidalflat,355,2,4,55,30,,YPDN
629,129,25-0-2E333-7 BY120-A7,TFCN_25-0-2E333-7,Rhodotorula mucilaginosa,China,marsh_tidalflat,355,2,4,13,30,,YPDN
630,130,25-335Y-1 BY120-I4,TFCN_25-335Y-1,Rhodotorula mucilaginosa,China,,355,2,4,70,30,,YPDN
631,131,213-6-4 BY42-C6,TFCN_213-6-4,Rhodotorula mucilaginosa,China,marsh_tidalflat,355,2,4,8,30,,YPDN
632,133,98C-3,TFCN_98C-3,Rhodotorula mucilaginosa,China,marsh_tidalflat,355,2,4,67,30,,YPDN
633,134,17-333D-2 BY115-E6,TFCN_17-333D-2,Rhodotorula mucilaginosa,China,marsh_tidalflat,355,2,4,33,30,,YPDN
634,135,17-332C-2 BY115-H4,TFCN_17-332C-2,Rhodotorula mucilaginosa,China,marsh_tidalflat,355,2,4,23,30,,YPDN
635,136,86A-6 BY34-A7,TFCN_86A-6,Rhodotorula sphaerocarpa,China,marsh_tidalflat,355,2,4,96,30,,YPDN
636,137,0520-4-2-2 BY53-D9,TFCN_0520-4-2-2,Rhodotorula taiwanensis,China,marsh_tidalflat,355,2,4,20,30,,YPDN
637,138,49A-1,TFCN_49A-1,Rhodotorula paludigena,China,marsh_tidalflat,355,2,4,46,30,,YPDN
638,139,25-333D-5 BY120-H7,TFCN_25-333D-5,Rhodotorula sp. clade I,China,,355,2,4,41,30,,YPDN
639,140,86C-7 BY34-I1,TFCN_86C-7,Rhodotorula sp. clade I,China,marsh_tidalflat,355,2,4,90,30,,YPDN
640,141,152C-2 BY32-C3,TFCN_152C-2,Rhodotorula toruloides,China,marsh_tidalflat,355,2,4,93,30,,YPDN
641,142,98D-9 BY31-F3,TFCN_98D-9,Rhodotorula mucilaginosa,China,,355,2,4,79,30,,YPDN
642,143,17-325D-4 BY116-C4,TFCN_17-325D-4,Rhodotorula mucilaginosa,China,marsh_tidalflat,355,2,4,47,30,,YPDN
643,144,17-332P-2 BY117-G8,TFCN_17-332P-2,Rhodotorula mucilaginosa,China,marsh_tidalflat,355,2,4,17,30,,YPDN
644,145,54D-1,TFCN_54D-1,Rhodotorula mucilaginosa,China,marsh_tidalflat,355,2,4,45,30,,YPDN
645,146,86A-12 BY34-E7,TFCN_86A-12,Rhodotorula mucilaginosa,China,marsh_tidalflat,355,2,4,66,30,,YPDN
646,147,48C-3,TFCN_48C-3,Rhodotorula paludigena,China,marsh_tidalflat,355,2,4,27,30,,YPDN
647,148,342-3 BY110_B2,TFCN_342-3,Rhodotorula mucilaginosa,China,marsh_tidalflat,355,2,4,7,30,,YPDN
648,149,86A-8 BY35-H3,TFCN_86A-8,Rhodotorula sphaerocarpa,China,marsh_tidalflat,355,2,4,3,30,,YPDN
649,150,152C-5 BY32-F3,TFCN_152C-5,Rhodotorula mucilaginosa,China,marsh_tidalflat,355,2,4,63,30,,YPDN
650,151,98D-7 BY31-E3,TFCN_98D-7,Rhodotorula mucilaginosa,China,,355,2,4,73,30,,YPDN
651,152,25-337M-3 BY119-F9,TFCN_25-337M-3,Rhodotorula mucilaginosa,China,marsh_tidalflat,355,2,4,51,30,,YPDN
652,153,25-0-2E333-5 BY120-E4,TFCN_25-0-2E333-5,Rhodotorula mucilaginosa,China,marsh_tidalflat,355,2,4,32,30,,YPDN
653,155,0520-4-2-1 BY53-C9,TFCN_0520-4-2-1,Rhodotorula taiwanensis,China,marsh_tidalflat,355,2,4,42,30,,YPDN
654,156,48A-2,TFCN_48A-2,Rhodotorula paludigena,China,marsh_tidalflat,355,2,4,24,30,,YPDN
655,157,1A-1-2,TFCN_1A-1-2,Rhodotorula paludigena,China,marsh_tidalflat,355,2,4,43,30,,YPDN
656,158,152A-1 BY32-H1,TFCN_152A-1,Rhodotorula mucilaginosa,China,marsh_tidalflat,355,2,4,68,30,,YPDN
657,159,152A-5 BY32-C2,TFCN_152A-5,Rhodotorula mucilaginosa,China,marsh_tidalflat,355,2,4,59,30,,YPDN
658,161,102D-2,TFCN_102D-2,Rhodotorula mucilaginosa,China,marsh_tidalflat,355,2,4,36,30,,YPDN
659,162,25-327D-1 BY119-D5,TFCN_25-327D-1,Rhodotorula mucilaginosa,China,marsh_tidalflat,355,2,4,78,30,,YPDN
660,163,17-334Y-5 BY116-E9,TFCN_17-334Y-5,Rhodotorula mucilaginosa,China,marsh_tidalflat,355,2,4,56,30,,YPDN
661,164,17-334C-1 BY117-A6,TFCN_17-334C-1,Rhodotorula mucilaginosa,China,marsh_tidalflat,355,2,4,19,30,,YPDN
662,165,17-332Y-1 BY115-H5,,,,,355,2,4,26,30,,YPDN
663,166,3238,DBVPG_3238,Rhodotorula mucilaginosa,Italy,food,355,2,4,60,30,,YPDN
664,167,3444,DBVPG_3444,Rhodotorula mucilaginosa,Italy,food,355,2,4,61,30,,YPDN
665,168,3775,DBVPG_3775,Rhodotorula mucilaginosa,Italy,soil,355,2,4,28,30,,YPDN
666,169,3983,DBVPG_3983,Rhodotorula mucilaginosa,Italy,cave,355,2,4,5,30,,YPDN
667,170,4378,DBVPG_4378,Rhodotorula mucilaginosa,Italy,food,355,2,4,2,30,,YPDN
668,171,4618,DBVPG_4618,Rhodotorula mucilaginosa,Italy,soil,355,2,4,50,30,,YPDN
669,172,106A-1,TFCN_106A-1,Rhodotorula mucilaginosa,China,marsh_tidalflat,355,2,4,10,30,,YPDN
670,173,17-334P-4 BY115-A2,,,,,355,2,4,94,30,,YPDN
671,174,17-0-2E337-3 BY117-H4,TFCN_17-0-2E337-3,Rhodotorula mucilaginosa,China,marsh_tidalflat,355,2,4,82,30,,YPDN
672,175,3239,DBVPG_3239,Rhodotorula mucilaginosa,Italy,food,355,2,4,16,30,,YPDN
673,176,3538,DBVPG_3538,Rhodotorula mucilaginosa,Italy,soil,354,3,1,2,30,,YPDN
674,177,3776,DBVPG_3776,Rhodotorula mucilaginosa,Italy,soil,354,3,1,3,30,,YPDN
675,178,3984,DBVPG_3984,Rhodotorula mucilaginosa,Italy,cave,354,3,1,4,30,,YPDN
676,179,4379,DBVPG_4379,Rhodotorula mucilaginosa,Italy,food,354,3,1,5,30,,YPDN
677,180,4629,DBVPG_4629,Rhodotorula sp. clade I,Italy,soil,354,3,1,6,30,,YPDN
678,181,25-332D-1 BY119-H1,TFCN_25-332D-1,Rhodotorula mucilaginosa,China,marsh_tidalflat,354,3,1,7,30,,YPDN
679,182,25-333P-2 BY120-E3,TFCN_25-333P-2,Rhodotorula mucilaginosa,China,marsh_tidalflat,354,3,1,8,30,,YPDN
680,183,181A-1 BY39-F5,TFCN_181A-1,Rhodotorula mucilaginosa,China,marsh_tidalflat,354,3,1,9,30,,YPDN
681,184,3380,DBVPG_3380,Rhodotorula glutinis,Italy,plant,354,3,1,10,30,,YPDN
682,185,3768,DBVPG_3768,Rhodotorula dairenensis,Italy,soil,354,3,1,12,30,,YPDN
683,186,3777,DBVPG_3777,Rhodotorula mucilaginosa,Italy,soil,354,3,1,13,30,,YPDN
684,187,3985,DBVPG_3985,Rhodotorula glutinis,Italy,cave,354,3,1,14,30,,YPDN
685,188,4380,DBVPG_4380,Rhodotorula mucilaginosa,Italy,sand,354,3,1,15,30,,YPDN
686,189,4669,DBVPG_4669,Rhodotorula mucilaginosa,Italy,food,354,3,1,16,30,,YPDN
687,190,17-332M-1 BY115-F4,TFCN_17-332M-1,Rhodotorula mucilaginosa,China,marsh_tidalflat,354,3,1,17,30,,YPDN
688,191,17-332D-2 BY115-B6,,,,,354,3,1,18,30,,YPDN
689,192,Y3853,DBVPG_3853,Rhodotorula dairenensis,Italy,plant,354,3,1,19,30,,YPDN
690,193,3381,DBVPG_3381,Rhodotorula mucilaginosa,Italy,plant,354,3,1,20,30,,YPDN
691,194,3769,DBVPG_3769,Rhodotorula dairenensis,Italy,soil,354,3,1,22,30,,YPDN
692,195,3853,DBVPG_3853,Rhodotorula dairenensis,Italy,plant,354,3,1,23,30,,YPDN
693,196,4201,DBVPG_4201,Rhodotorula mucilaginosa,Italy,plant,354,3,1,24,30,,YPDN
694,197,4408,DBVPG_4408,Rhodotorula mucilaginosa,Italy,marine,354,3,1,25,30,,YPDN
695,198,4920,DBVPG_4920,Rhodotorula mucilaginosa,Italy,food,354,3,1,26,30,,YPDN
696,199,17-332M-2 BY115-F4,TFCN_17-332M-2,Rhodotorula mucilaginosa,China,marsh_tidalflat,354,3,1,27,30,,YPDN
697,200,209-6-14 BY43-A2,TFCN_209-6-14,Rhodotorula mucilaginosa,China,,354,3,1,28,30,,YPDN
698,201,DBVPG 3044,DBVPG_3044,Rhodotorula mucilaginosa,Italy,unknown,354,3,1,29,30,,YPDN
699,202,3382,DBVPG_3382,Rhodotorula mucilaginosa,Italy,plant,354,3,1,30,30,,YPDN
700,203,3770,DBVPG_3770,Rhodotorula dairenensis,Italy,soil,354,3,1,32,30,,YPDN
701,204,3854,DBVPG_3854,Rhodotorula mucilaginosa,Italy,plant,354,3,1,33,30,,YPDN
702,205,4202,DBVPG_4202,Rhodotorula mucilaginosa,Italy,soil,354,3,1,35,30,,YPDN
703,206,4466,DBVPG_4466,Rhodotorula mucilaginosa,Italy,plant,354,3,1,36,30,,YPDN
704,207,4945,DBVPG_4945,Rhodotorula mucilaginosa,Italy,food,354,3,1,37,30,,YPDN
705,208,25-332M-1 BY119-D2,TFCN_25-332M-1,Rhodotorula mucilaginosa,China,marsh_tidalflat,354,3,1,38,30,,YPDN
706,209,17-332C-1 BY115-G4,TFCN_17-332C-1,Rhodotorula mucilaginosa,China,marsh_tidalflat,354,3,1,39,30,,YPDN
707,210,3045,DBVPG_3045,Rhodotorula mucilaginosa,Italy,food,354,3,1,40,30,,YPDN
708,211,3383,DBVPG_3383,Rhodotorula mucilaginosa,Italy,plant,354,3,1,41,30,,YPDN
709,212,3771,DBVPG_3771,Rhodotorula dairenensis,Italy,soil,354,3,1,42,30,,YPDN
710,213,3855,DBVPG_3855,Rhodotorula mucilaginosa,Italy,plant,354,3,1,43,30,,YPDN
711,214,4203,DBVPG_4203,Rhodotorula mucilaginosa,Italy,soil,354,3,1,45,30,,YPDN
712,215,4530,DBVPG_4530,Rhodotorula taiwanensis,Italy,plant,354,3,1,46,30,,YPDN
713,216,4946,DBVPG_4946,Rhodotorula mucilaginosa,Italy,food,354,3,1,47,30,,YPDN
714,217,25-0-2E333-1 BY120-A4,TFCN_25-0-2E333-1,Rhodotorula mucilaginosa,China,marsh_tidalflat,354,3,1,48,30,,YPDN
715,218,25-0-2E334-1 BY118-A8,TFCN_25-0-2E334-1,Rhodotorula mucilaginosa,China,marsh_tidalflat,354,3,1,49,30,,YPDN
716,219,3090,DBVPG_3090,Rhodotorula mucilaginosa,Italy,food,354,3,1,50,30,,YPDN
717,220,3384,DBVPG_3384,Rhodotorula mucilaginosa,Italy,plant,354,3,1,51,30,,YPDN
718,221,3772,DBVPG_3772,Rhodotorula dairenensis,Italy,soil,354,3,1,52,30,,YPDN
719,222,3856,DBVPG_3856,Rhodotorula mucilaginosa,Italy,plant,354,3,1,53,30,,YPDN
720,223,4304,DBVPG_4304,Rhodotorula mucilaginosa,Italy,unknown,354,3,1,55,30,,YPDN
721,224,4531,DBVPG_4531,Rhodotorula taiwanensis,Italy,plant,354,3,1,56,30,,YPDN
722,225,4947,DBVPG_4947,Rhodotorula mucilaginosa,Italy,food,354,3,1,57,30,,YPDN
723,227,25-334Y-6 BY118-F9,TFCN_25-334Y-6,Rhodotorula mucilaginosa,China,marsh_tidalflat,354,3,1,59,30,,YPDN
724,228,3235,DBVPG_3235,Rhodotorula mucilaginosa,Italy,food,354,3,1,60,30,,YPDN
725,229,3442,DBVPG_3442,Rhodotorula mucilaginosa,Italy,food,354,3,1,61,30,,YPDN
726,230,3773,DBVPG_3773,Rhodotorula dairenensis,Italy,soil,354,3,1,62,30,,YPDN
727,231,3857,DBVPG_3857,Rhodotorula mucilaginosa,Italy,plant,354,3,1,63,30,,YPDN
728,232,4376,DBVPG_4376,Rhodotorula mucilaginosa,Italy,food,354,3,1,66,30,,YPDN
729,233,4534,DBVPG_4534,Rhodotorula mucilaginosa,Italy,sand,354,3,1,67,30,,YPDN
730,234,4949,DBVPG_4949,Rhodotorula mucilaginosa,Italy,soil,354,3,1,68,30,,YPDN
731,235,209-6-1 BY42-F9,TFCN_209-6-1,Rhodotorula mucilaginosa,China,marsh_tidalflat,354,3,1,69,30,,YPDN
732,236,209-6-12 BY43-H1,TFCN_209-6-12,Rhodotorula mucilaginosa,China,,354,3,1,70,30,,YPDN
733,237,3237,DBVPG_3237,Rhodotorula mucilaginosa,Italy,food,354,3,1,71,30,,YPDN
734,238,3443,DBVPG_3443,Rhodotorula mucilaginosa,Italy,food,354,3,1,72,30,,YPDN
735,239,3774,DBVPG_3774,Rhodotorula mucilaginosa,Italy,food,354,3,1,73,30,,YPDN
736,240,3858,DBVPG_3858,Rhodotorula mucilaginosa,Italy,insect,354,3,1,74,30,,YPDN
737,241,4377,DBVPG_4377,Rhodotorula mucilaginosa,Italy,marine,354,3,1,76,30,,YPDN
738,242,4610,DBVPG_4610,Rhodotorula paludigena,Italy,plant,354,3,1,77,30,,YPDN
739,243,4950,DBVPG_4950,Rhodotorula mucilaginosa,Italy,soil,354,3,1,78,30,,YPDN
740,244,4952,DBVPG_4952,Rhodotorula mucilaginosa,Italy,soil,354,3,1,79,30,,YPDN
741,245,5227,DBVPG_5227,Rhodotorula mucilaginosa,Italy,soil,354,3,1,80,30,,YPDN
742,246,6091,DBVPG_6091,Rhodotorula mucilaginosa,Italy,insect,354,3,1,81,30,,YPDN
743,247,6739,DBVPG_6739,Rhodotorula toruloides,Italy,soil,354,3,1,82,30,,YPDN
744,248,7947,DBVPG_7947,Rhodotorula sp. clade XIII,Italy,soil,354,3,1,83,30,,YPDN
745,249,3236,DBVPG_3236,Rhodotorula mucilaginosa,Italy,food,354,3,1,84,30,,YPDN
746,250,7316,DBVPG_7316,Rhodotorula paludigena,Italy,marsh_tidalflat,354,3,1,86,30,,YPDN
747,251,17-333P-8,,,,,354,3,1,87,30,,YPDN
748,252,48D-1,TFCN_48D-10,,,marsh_tidalflat,354,3,1,88,30,,YPDN
749,253,4956,DBVPG_4956,Rhodotorula mucilaginosa,Italy,soil,354,3,1,89,30,,YPDN
750,254,5228,DBVPG_5228,Rhodotorula mucilaginosa,Italy,soil,354,3,1,90,30,,YPDN
751,255,6093,DBVPG_6093,Rhodotorula mucilaginosa,Italy,unknown,354,3,1,91,30,,YPDN
752,256,6742,DBVPG_6742,Rhodotorula mucilaginosa,Italy,unknown,354,3,1,92,30,,YPDN
753,257,8043,DBVPG_8043,Rhodotorula mucilaginosa,Italy,water,354,3,1,93,30,,YPDN
754,258,3445,DBVPG_3445,Rhodotorula mucilaginosa,Italy,food,354,3,1,94,30,,YPDN
755,259,10056,,,,,354,3,1,96,30,,YPDN
756,176,3538,DBVPG_3538,Rhodotorula mucilaginosa,Italy,soil,354,3,2,26,30,,YPDN
757,177,3776,DBVPG_3776,Rhodotorula mucilaginosa,Italy,soil,354,3,2,33,30,,YPDN
758,178,3984,DBVPG_3984,Rhodotorula mucilaginosa,Italy,cave,354,3,2,71,30,,YPDN
759,179,4379,DBVPG_4379,Rhodotorula mucilaginosa,Italy,food,354,3,2,46,30,,YPDN
760,180,4629,DBVPG_4629,Rhodotorula sp. clade I,Italy,soil,354,3,2,6,30,,YPDN
761,181,25-332D-1 BY119-H1,TFCN_25-332D-1,Rhodotorula mucilaginosa,China,marsh_tidalflat,354,3,2,53,30,,YPDN
762,182,25-333P-2 BY120-E3,TFCN_25-333P-2,Rhodotorula mucilaginosa,China,marsh_tidalflat,354,3,2,74,30,,YPDN
763,183,181A-1 BY39-F5,TFCN_181A-1,Rhodotorula mucilaginosa,China,marsh_tidalflat,354,3,2,59,30,,YPDN
764,184,3380,DBVPG_3380,Rhodotorula glutinis,Italy,plant,354,3,2,77,30,,YPDN
765,185,3768,DBVPG_3768,Rhodotorula dairenensis,Italy,soil,354,3,2,60,30,,YPDN
766,186,3777,DBVPG_3777,Rhodotorula mucilaginosa,Italy,soil,354,3,2,5,30,,YPDN
767,187,3985,DBVPG_3985,Rhodotorula glutinis,Italy,cave,354,3,2,9,30,,YPDN
768,188,4380,DBVPG_4380,Rhodotorula mucilaginosa,Italy,sand,354,3,2,83,30,,YPDN
769,189,4669,DBVPG_4669,Rhodotorula mucilaginosa,Italy,food,354,3,2,8,30,,YPDN
770,190,17-332M-1 BY115-F4,TFCN_17-332M-1,Rhodotorula mucilaginosa,China,marsh_tidalflat,354,3,2,87,30,,YPDN
771,191,17-332D-2 BY115-B6,,,,,354,3,2,70,30,,YPDN
772,192,Y3853,DBVPG_3853,Rhodotorula dairenensis,Italy,plant,354,3,2,66,30,,YPDN
773,193,3381,DBVPG_3381,Rhodotorula mucilaginosa,Italy,plant,354,3,2,20,30,,YPDN
774,194,3769,DBVPG_3769,Rhodotorula dairenensis,Italy,soil,354,3,2,67,30,,YPDN
775,195,3853,DBVPG_3853,Rhodotorula dairenensis,Italy,plant,354,3,2,24,30,,YPDN
776,196,4201,DBVPG_4201,Rhodotorula mucilaginosa,Italy,plant,354,3,2,18,30,,YPDN
777,197,4408,DBVPG_4408,Rhodotorula mucilaginosa,Italy,marine,354,3,2,91,30,,YPDN
778,198,4920,DBVPG_4920,Rhodotorula mucilaginosa,Italy,food,354,3,2,56,30,,YPDN
779,199,17-332M-2 BY115-F4,TFCN_17-332M-2,Rhodotorula mucilaginosa,China,marsh_tidalflat,354,3,2,14,30,,YPDN
780,200,209-6-14 BY43-A2,TFCN_209-6-14,Rhodotorula mucilaginosa,China,,354,3,2,76,30,,YPDN
781,201,DBVPG 3044,DBVPG_3044,Rhodotorula mucilaginosa,Italy,unknown,354,3,2,36,30,,YPDN
782,202,3382,DBVPG_3382,Rhodotorula mucilaginosa,Italy,plant,354,3,2,63,30,,YPDN
783,203,3770,DBVPG_3770,Rhodotorula dairenensis,Italy,soil,354,3,2,39,30,,YPDN
784,204,3854,DBVPG_3854,Rhodotorula mucilaginosa,Italy,plant,354,3,2,80,30,,YPDN
785,205,4202,DBVPG_4202,Rhodotorula mucilaginosa,Italy,soil,354,3,2,27,30,,YPDN
786,206,4466,DBVPG_4466,Rhodotorula mucilaginosa,Italy,plant,354,3,2,61,30,,YPDN
787,207,4945,DBVPG_4945,Rhodotorula mucilaginosa,Italy,food,354,3,2,79,30,,YPDN
788,208,25-332M-1 BY119-D2,TFCN_25-332M-1,Rhodotorula mucilaginosa,China,marsh_tidalflat,354,3,2,48,30,,YPDN
789,209,17-332C-1 BY115-G4,TFCN_17-332C-1,Rhodotorula mucilaginosa,China,marsh_tidalflat,354,3,2,28,30,,YPDN
790,210,3045,DBVPG_3045,Rhodotorula mucilaginosa,Italy,food,354,3,2,86,30,,YPDN
791,211,3383,DBVPG_3383,Rhodotorula mucilaginosa,Italy,plant,354,3,2,23,30,,YPDN
792,212,3771,DBVPG_3771,Rhodotorula dairenensis,Italy,soil,354,3,2,25,30,,YPDN
793,213,3855,DBVPG_3855,Rhodotorula mucilaginosa,Italy,plant,354,3,2,29,30,,YPDN
794,214,4203,DBVPG_4203,Rhodotorula mucilaginosa,Italy,soil,354,3,2,73,30,,YPDN
795,215,4530,DBVPG_4530,Rhodotorula taiwanensis,Italy,plant,354,3,2,35,30,,YPDN
796,216,4946,DBVPG_4946,Rhodotorula mucilaginosa,Italy,food,354,3,2,90,30,,YPDN
797,217,25-0-2E333-1 BY120-A4,TFCN_25-0-2E333-1,Rhodotorula mucilaginosa,China,marsh_tidalflat,354,3,2,78,30,,YPDN
798,218,25-0-2E334-1 BY118-A8,TFCN_25-0-2E334-1,Rhodotorula mucilaginosa,China,marsh_tidalflat,354,3,2,82,30,,YPDN
799,219,3090,DBVPG_3090,Rhodotorula mucilaginosa,Italy,food,354,3,2,68,30,,YPDN
800,220,3384,DBVPG_3384,Rhodotorula mucilaginosa,Italy,plant,354,3,2,45,30,,YPDN
801,221,3772,DBVPG_3772,Rhodotorula dairenensis,Italy,soil,354,3,2,19,30,,YPDN
802,222,3856,DBVPG_3856,Rhodotorula mucilaginosa,Italy,plant,354,3,2,13,30,,YPDN
803,223,4304,DBVPG_4304,Rhodotorula mucilaginosa,Italy,unknown,354,3,2,30,30,,YPDN
804,224,4531,DBVPG_4531,Rhodotorula taiwanensis,Italy,plant,354,3,2,96,30,,YPDN
805,225,4947,DBVPG_4947,Rhodotorula mucilaginosa,Italy,food,354,3,2,81,30,,YPDN
806,227,25-334Y-6 BY118-F9,TFCN_25-334Y-6,Rhodotorula mucilaginosa,China,marsh_tidalflat,354,3,2,50,30,,YPDN
807,228,3235,DBVPG_3235,Rhodotorula mucilaginosa,Italy,food,354,3,2,84,30,,YPDN
808,229,3442,DBVPG_3442,Rhodotorula mucilaginosa,Italy,food,354,3,2,72,30,,YPDN
809,230,3773,DBVPG_3773,Rhodotorula dairenensis,Italy,soil,354,3,2,4,30,,YPDN
810,231,3857,DBVPG_3857,Rhodotorula mucilaginosa,Italy,plant,354,3,2,16,30,,YPDN
811,232,4376,DBVPG_4376,Rhodotorula mucilaginosa,Italy,food,354,3,2,88,30,,YPDN
812,233,4534,DBVPG_4534,Rhodotorula mucilaginosa,Italy,sand,354,3,2,7,30,,YPDN
813,234,4949,DBVPG_4949,Rhodotorula mucilaginosa,Italy,soil,354,3,2,62,30,,YPDN
814,235,209-6-1 BY42-F9,TFCN_209-6-1,Rhodotorula mucilaginosa,China,marsh_tidalflat,354,3,2,17,30,,YPDN
815,236,209-6-12 BY43-H1,TFCN_209-6-12,Rhodotorula mucilaginosa,China,,354,3,2,93,30,,YPDN
816,237,3237,DBVPG_3237,Rhodotorula mucilaginosa,Italy,food,354,3,2,10,30,,YPDN
817,238,3443,DBVPG_3443,Rhodotorula mucilaginosa,Italy,food,354,3,2,40,30,,YPDN
818,239,3774,DBVPG_3774,Rhodotorula mucilaginosa,Italy,food,354,3,2,49,30,,YPDN
819,240,3858,DBVPG_3858,Rhodotorula mucilaginosa,Italy,insect,354,3,2,37,30,,YPDN
820,241,4377,DBVPG_4377,Rhodotorula mucilaginosa,Italy,marine,354,3,2,12,30,,YPDN
821,242,4610,DBVPG_4610,Rhodotorula paludigena,Italy,plant,354,3,2,32,30,,YPDN
822,243,4950,DBVPG_4950,Rhodotorula mucilaginosa,Italy,soil,354,3,2,92,30,,YPDN
823,244,4952,DBVPG_4952,Rhodotorula mucilaginosa,Italy,soil,354,3,2,52,30,,YPDN
824,245,5227,DBVPG_5227,Rhodotorula mucilaginosa,Italy,soil,354,3,2,69,30,,YPDN
825,246,6091,DBVPG_6091,Rhodotorula mucilaginosa,Italy,insect,354,3,2,94,30,,YPDN
826,247,6739,DBVPG_6739,Rhodotorula toruloides,Italy,soil,354,3,2,41,30,,YPDN
827,248,7947,DBVPG_7947,Rhodotorula sp. clade XIII,Italy,soil,354,3,2,57,30,,YPDN
828,249,3236,DBVPG_3236,Rhodotorula mucilaginosa,Italy,food,354,3,2,89,30,,YPDN
829,250,7316,DBVPG_7316,Rhodotorula paludigena,Italy,marsh_tidalflat,354,3,2,55,30,,YPDN
830,251,17-333P-8,,,,,354,3,2,38,30,,YPDN
831,252,48D-1,TFCN_48D-10,,,marsh_tidalflat,354,3,2,47,30,,YPDN
832,253,4956,DBVPG_4956,Rhodotorula mucilaginosa,Italy,soil,354,3,2,51,30,,YPDN
833,254,5228,DBVPG_5228,Rhodotorula mucilaginosa,Italy,soil,354,3,2,42,30,,YPDN
834,255,6093,DBVPG_6093,Rhodotorula mucilaginosa,Italy,unknown,354,3,2,2,30,,YPDN
835,256,6742,DBVPG_6742,Rhodotorula mucilaginosa,Italy,unknown,354,3,2,3,30,,YPDN
836,257,8043,DBVPG_8043,Rhodotorula mucilaginosa,Italy,water,354,3,2,22,30,,YPDN
837,258,3445,DBVPG_3445,Rhodotorula mucilaginosa,Italy,food,354,3,2,43,30,,YPDN
838,259,10056,,,,,354,3,2,15,30,,YPDN
839,176,3538,DBVPG_3538,Rhodotorula mucilaginosa,Italy,soil,354,3,3,55,30,,YPDN
840,177,3776,DBVPG_3776,Rhodotorula mucilaginosa,Italy,soil,354,3,3,41,30,,YPDN
841,178,3984,DBVPG_3984,Rhodotorula mucilaginosa,Italy,cave,354,3,3,4,30,,YPDN
842,179,4379,DBVPG_4379,Rhodotorula mucilaginosa,Italy,food,354,3,3,96,30,,YPDN
843,180,4629,DBVPG_4629,Rhodotorula sp. clade I,Italy,soil,354,3,3,61,30,,YPDN
844,181,25-332D-1 BY119-H1,TFCN_25-332D-1,Rhodotorula mucilaginosa,China,marsh_tidalflat,354,3,3,2,30,,YPDN
845,182,25-333P-2 BY120-E3,TFCN_25-333P-2,Rhodotorula mucilaginosa,China,marsh_tidalflat,354,3,3,47,30,,YPDN
846,183,181A-1 BY39-F5,TFCN_181A-1,Rhodotorula mucilaginosa,China,marsh_tidalflat,354,3,3,7,30,,YPDN
847,184,3380,DBVPG_3380,Rhodotorula glutinis,Italy,plant,354,3,3,5,30,,YPDN
848,185,3768,DBVPG_3768,Rhodotorula dairenensis,Italy,soil,354,3,3,3,30,,YPDN
849,186,3777,DBVPG_3777,Rhodotorula mucilaginosa,Italy,soil,354,3,3,66,30,,YPDN
850,187,3985,DBVPG_3985,Rhodotorula glutinis,Italy,cave,354,3,3,30,30,,YPDN
851,188,4380,DBVPG_4380,Rhodotorula mucilaginosa,Italy,sand,354,3,3,45,30,,YPDN
852,189,4669,DBVPG_4669,Rhodotorula mucilaginosa,Italy,food,354,3,3,37,30,,YPDN
853,190,17-332M-1 BY115-F4,TFCN_17-332M-1,Rhodotorula mucilaginosa,China,marsh_tidalflat,354,3,3,91,30,,YPDN
854,191,17-332D-2 BY115-B6,,,,,354,3,3,67,30,,YPDN
855,192,Y3853,DBVPG_3853,Rhodotorula dairenensis,Italy,plant,354,3,3,24,30,,YPDN
856,193,3381,DBVPG_3381,Rhodotorula mucilaginosa,Italy,plant,354,3,3,78,30,,YPDN
857,194,3769,DBVPG_3769,Rhodotorula dairenensis,Italy,soil,354,3,3,38,30,,YPDN
858,195,3853,DBVPG_3853,Rhodotorula dairenensis,Italy,plant,354,3,3,59,30,,YPDN
859,196,4201,DBVPG_4201,Rhodotorula mucilaginosa,Italy,plant,354,3,3,33,30,,YPDN
860,197,4408,DBVPG_4408,Rhodotorula mucilaginosa,Italy,marine,354,3,3,43,30,,YPDN
861,198,4920,DBVPG_4920,Rhodotorula mucilaginosa,Italy,food,354,3,3,26,30,,YPDN
862,199,17-332M-2 BY115-F4,TFCN_17-332M-2,Rhodotorula mucilaginosa,China,marsh_tidalflat,354,3,3,63,30,,YPDN
863,200,209-6-14 BY43-A2,TFCN_209-6-14,Rhodotorula mucilaginosa,China,,354,3,3,73,30,,YPDN
864,201,DBVPG 3044,DBVPG_3044,Rhodotorula mucilaginosa,Italy,unknown,354,3,3,81,30,,YPDN
865,202,3382,DBVPG_3382,Rhodotorula mucilaginosa,Italy,plant,354,3,3,9,30,,YPDN
866,203,3770,DBVPG_3770,Rhodotorula dairenensis,Italy,soil,354,3,3,50,30,,YPDN
867,204,3854,DBVPG_3854,Rhodotorula mucilaginosa,Italy,plant,354,3,3,68,30,,YPDN
868,205,4202,DBVPG_4202,Rhodotorula mucilaginosa,Italy,soil,354,3,3,53,30,,YPDN
869,206,4466,DBVPG_4466,Rhodotorula mucilaginosa,Italy,plant,354,3,3,25,30,,YPDN
870,207,4945,DBVPG_4945,Rhodotorula mucilaginosa,Italy,food,354,3,3,74,30,,YPDN
871,208,25-332M-1 BY119-D2,TFCN_25-332M-1,Rhodotorula mucilaginosa,China,marsh_tidalflat,354,3,3,51,30,,YPDN
872,209,17-332C-1 BY115-G4,TFCN_17-332C-1,Rhodotorula mucilaginosa,China,marsh_tidalflat,354,3,3,80,30,,YPDN
873,210,3045,DBVPG_3045,Rhodotorula mucilaginosa,Italy,food,354,3,3,16,30,,YPDN
874,211,3383,DBVPG_3383,Rhodotorula mucilaginosa,Italy,plant,354,3,3,48,30,,YPDN
875,212,3771,DBVPG_3771,Rhodotorula dairenensis,Italy,soil,354,3,3,62,30,,YPDN
876,213,3855,DBVPG_3855,Rhodotorula mucilaginosa,Italy,plant,354,3,3,10,30,,YPDN
877,214,4203,DBVPG_4203,Rhodotorula mucilaginosa,Italy,soil,354,3,3,83,30,,YPDN
878,215,4530,DBVPG_4530,Rhodotorula taiwanensis,Italy,plant,354,3,3,39,30,,YPDN
879,216,4946,DBVPG_4946,Rhodotorula mucilaginosa,Italy,food,354,3,3,60,30,,YPDN
880,217,25-0-2E333-1 BY120-A4,TFCN_25-0-2E333-1,Rhodotorula mucilaginosa,China,marsh_tidalflat,354,3,3,94,30,,YPDN
881,218,25-0-2E334-1 BY118-A8,TFCN_25-0-2E334-1,Rhodotorula mucilaginosa,China,marsh_tidalflat,354,3,3,84,30,,YPDN
882,219,3090,DBVPG_3090,Rhodotorula mucilaginosa,Italy,food,354,3,3,6,30,,YPDN
883,220,3384,DBVPG_3384,Rhodotorula mucilaginosa,Italy,plant,354,3,3,70,30,,YPDN
884,221,3772,DBVPG_3772,Rhodotorula dairenensis,Italy,soil,354,3,3,87,30,,YPDN
885,222,3856,DBVPG_3856,Rhodotorula mucilaginosa,Italy,plant,354,3,3,42,30,,YPDN
886,223,4304,DBVPG_4304,Rhodotorula mucilaginosa,Italy,unknown,354,3,3,88,30,,YPDN
887,224,4531,DBVPG_4531,Rhodotorula taiwanensis,Italy,plant,354,3,3,71,30,,YPDN
888,225,4947,DBVPG_4947,Rhodotorula mucilaginosa,Italy,food,354,3,3,29,30,,YPDN
889,227,25-334Y-6 BY118-F9,TFCN_25-334Y-6,Rhodotorula mucilaginosa,China,marsh_tidalflat,354,3,3,35,30,,YPDN
890,228,3235,DBVPG_3235,Rhodotorula mucilaginosa,Italy,food,354,3,3,72,30,,YPDN
891,229,3442,DBVPG_3442,Rhodotorula mucilaginosa,Italy,food,354,3,3,27,30,,YPDN
892,230,3773,DBVPG_3773,Rhodotorula dairenensis,Italy,soil,354,3,3,76,30,,YPDN
893,231,3857,DBVPG_3857,Rhodotorula mucilaginosa,Italy,plant,354,3,3,77,30,,YPDN
894,232,4376,DBVPG_4376,Rhodotorula mucilaginosa,Italy,food,354,3,3,46,30,,YPDN
895,233,4534,DBVPG_4534,Rhodotorula mucilaginosa,Italy,sand,354,3,3,14,30,,YPDN
896,234,4949,DBVPG_4949,Rhodotorula mucilaginosa,Italy,soil,354,3,3,20,30,,YPDN
897,235,209-6-1 BY42-F9,TFCN_209-6-1,Rhodotorula mucilaginosa,China,marsh_tidalflat,354,3,3,8,30,,YPDN
898,236,209-6-12 BY43-H1,TFCN_209-6-12,Rhodotorula mucilaginosa,China,,354,3,3,22,30,,YPDN
899,237,3237,DBVPG_3237,Rhodotorula mucilaginosa,Italy,food,354,3,3,57,30,,YPDN
900,238,3443,DBVPG_3443,Rhodotorula mucilaginosa,Italy,food,354,3,3,86,30,,YPDN
901,239,3774,DBVPG_3774,Rhodotorula mucilaginosa,Italy,food,354,3,3,15,30,,YPDN
902,240,3858,DBVPG_3858,Rhodotorula mucilaginosa,Italy,insect,354,3,3,17,30,,YPDN
903,241,4377,DBVPG_4377,Rhodotorula mucilaginosa,Italy,marine,354,3,3,49,30,,YPDN
904,242,4610,DBVPG_4610,Rhodotorula paludigena,Italy,plant,354,3,3,82,30,,YPDN
905,243,4950,DBVPG_4950,Rhodotorula mucilaginosa,Italy,soil,354,3,3,13,30,,YPDN
906,244,4952,DBVPG_4952,Rhodotorula mucilaginosa,Italy,soil,354,3,3,89,30,,YPDN
907,245,5227,DBVPG_5227,Rhodotorula mucilaginosa,Italy,soil,354,3,3,18,30,,YPDN
908,246,6091,DBVPG_6091,Rhodotorula mucilaginosa,Italy,insect,354,3,3,52,30,,YPDN
909,247,6739,DBVPG_6739,Rhodotorula toruloides,Italy,soil,354,3,3,12,30,,YPDN
910,248,7947,DBVPG_7947,Rhodotorula sp. clade XIII,Italy,soil,354,3,3,69,30,,YPDN
911,249,3236,DBVPG_3236,Rhodotorula mucilaginosa,Italy,food,354,3,3,79,30,,YPDN
912,250,7316,DBVPG_7316,Rhodotorula paludigena,Italy,marsh_tidalflat,354,3,3,56,30,,YPDN
913,251,17-333P-8,,,,,354,3,3,93,30,,YPDN
914,252,48D-1,TFCN_48D-10,,,marsh_tidalflat,354,3,3,92,30,,YPDN
915,253,4956,DBVPG_4956,Rhodotorula mucilaginosa,Italy,soil,354,3,3,32,30,,YPDN
916,254,5228,DBVPG_5228,Rhodotorula mucilaginosa,Italy,soil,354,3,3,40,30,,YPDN
917,255,6093,DBVPG_6093,Rhodotorula mucilaginosa,Italy,unknown,354,3,3,28,30,,YPDN
918,256,6742,DBVPG_6742,Rhodotorula mucilaginosa,Italy,unknown,354,3,3,23,30,,YPDN
919,257,8043,DBVPG_8043,Rhodotorula mucilaginosa,Italy,water,354,3,3,90,30,,YPDN
920,258,3445,DBVPG_3445,Rhodotorula mucilaginosa,Italy,food,354,3,3,19,30,,YPDN
921,259,10056,,,,,354,3,3,36,30,,YPDN
922,176,3538,DBVPG_3538,Rhodotorula mucilaginosa,Italy,soil,354,3,4,16,30,,YPDN
923,177,3776,DBVPG_3776,Rhodotorula mucilaginosa,Italy,soil,354,3,4,30,30,,YPDN
924,178,3984,DBVPG_3984,Rhodotorula mucilaginosa,Italy,cave,354,3,4,57,30,,YPDN
925,179,4379,DBVPG_4379,Rhodotorula mucilaginosa,Italy,food,354,3,4,78,30,,YPDN
926,180,4629,DBVPG_4629,Rhodotorula sp. clade I,Italy,soil,354,3,4,83,30,,YPDN
927,181,25-332D-1 BY119-H1,TFCN_25-332D-1,Rhodotorula mucilaginosa,China,marsh_tidalflat,354,3,4,36,30,,YPDN
928,182,25-333P-2 BY120-E3,TFCN_25-333P-2,Rhodotorula mucilaginosa,China,marsh_tidalflat,354,3,4,33,30,,YPDN
929,183,181A-1 BY39-F5,TFCN_181A-1,Rhodotorula mucilaginosa,China,marsh_tidalflat,354,3,4,88,30,,YPDN
930,184,3380,DBVPG_3380,Rhodotorula glutinis,Italy,plant,354,3,4,50,30,,YPDN
931,185,3768,DBVPG_3768,Rhodotorula dairenensis,Italy,soil,354,3,4,47,30,,YPDN
932,186,3777,DBVPG_3777,Rhodotorula mucilaginosa,Italy,soil,354,3,4,70,30,,YPDN
933,187,3985,DBVPG_3985,Rhodotorula glutinis,Italy,cave,354,3,4,69,30,,YPDN
934,188,4380,DBVPG_4380,Rhodotorula mucilaginosa,Italy,sand,354,3,4,56,30,,YPDN
935,189,4669,DBVPG_4669,Rhodotorula mucilaginosa,Italy,food,354,3,4,89,30,,YPDN
936,190,17-332M-1 BY115-F4,TFCN_17-332M-1,Rhodotorula mucilaginosa,China,marsh_tidalflat,354,3,4,77,30,,YPDN
937,191,17-332D-2 BY115-B6,,,,,354,3,4,94,30,,YPDN
938,192,Y3853,DBVPG_3853,Rhodotorula dairenensis,Italy,plant,354,3,4,35,30,,YPDN
939,193,3381,DBVPG_3381,Rhodotorula mucilaginosa,Italy,plant,354,3,4,12,30,,YPDN
940,194,3769,DBVPG_3769,Rhodotorula dairenensis,Italy,soil,354,3,4,20,30,,YPDN
941,195,3853,DBVPG_3853,Rhodotorula dairenensis,Italy,plant,354,3,4,28,30,,YPDN
942,196,4201,DBVPG_4201,Rhodotorula mucilaginosa,Italy,plant,354,3,4,74,30,,YPDN
943,197,4408,DBVPG_4408,Rhodotorula mucilaginosa,Italy,marine,354,3,4,61,30,,YPDN
944,198,4920,DBVPG_4920,Rhodotorula mucilaginosa,Italy,food,354,3,4,32,30,,YPDN
945,199,17-332M-2 BY115-F4,TFCN_17-332M-2,Rhodotorula mucilaginosa,China,marsh_tidalflat,354,3,4,52,30,,YPDN
946,200,209-6-14 BY43-A2,TFCN_209-6-14,Rhodotorula mucilaginosa,China,,354,3,4,90,30,,YPDN
947,201,DBVPG 3044,DBVPG_3044,Rhodotorula mucilaginosa,Italy,unknown,354,3,4,5,30,,YPDN
948,202,3382,DBVPG_3382,Rhodotorula mucilaginosa,Italy,plant,354,3,4,76,30,,YPDN
949,203,3770,DBVPG_3770,Rhodotorula dairenensis,Italy,soil,354,3,4,24,30,,YPDN
950,204,3854,DBVPG_3854,Rhodotorula mucilaginosa,Italy,plant,354,3,4,68,30,,YPDN
951,205,4202,DBVPG_4202,Rhodotorula mucilaginosa,Italy,soil,354,3,4,93,30,,YPDN
952,206,4466,DBVPG_4466,Rhodotorula mucilaginosa,Italy,plant,354,3,4,42,30,,YPDN
953,207,4945,DBVPG_4945,Rhodotorula mucilaginosa,Italy,food,354,3,4,2,30,,YPDN
954,208,25-332M-1 BY119-D2,TFCN_25-332M-1,Rhodotorula mucilaginosa,China,marsh_tidalflat,354,3,4,17,30,,YPDN
955,209,17-332C-1 BY115-G4,TFCN_17-332C-1,Rhodotorula mucilaginosa,China,marsh_tidalflat,354,3,4,7,30,,YPDN
956,210,3045,DBVPG_3045,Rhodotorula mucilaginosa,Italy,food,354,3,4,8,30,,YPDN
957,211,3383,DBVPG_3383,Rhodotorula mucilaginosa,Italy,plant,354,3,4,63,30,,YPDN
958,212,3771,DBVPG_3771,Rhodotorula dairenensis,Italy,soil,354,3,4,86,30,,YPDN
959,213,3855,DBVPG_3855,Rhodotorula mucilaginosa,Italy,plant,354,3,4,60,30,,YPDN
960,214,4203,DBVPG_4203,Rhodotorula mucilaginosa,Italy,soil,354,3,4,38,30,,YPDN
961,215,4530,DBVPG_4530,Rhodotorula taiwanensis,Italy,plant,354,3,4,71,30,,YPDN
962,216,4946,DBVPG_4946,Rhodotorula mucilaginosa,Italy,food,354,3,4,46,30,,YPDN
963,217,25-0-2E333-1 BY120-A4,TFCN_25-0-2E333-1,Rhodotorula mucilaginosa,China,marsh_tidalflat,354,3,4,15,30,,YPDN
964,218,25-0-2E334-1 BY118-A8,TFCN_25-0-2E334-1,Rhodotorula mucilaginosa,China,marsh_tidalflat,354,3,4,4,30,,YPDN
965,219,3090,DBVPG_3090,Rhodotorula mucilaginosa,Italy,food,354,3,4,59,30,,YPDN
966,220,3384,DBVPG_3384,Rhodotorula mucilaginosa,Italy,plant,354,3,4,72,30,,YPDN
967,221,3772,DBVPG_3772,Rhodotorula dairenensis,Italy,soil,354,3,4,91,30,,YPDN
968,222,3856,DBVPG_3856,Rhodotorula mucilaginosa,Italy,plant,354,3,4,81,30,,YPDN
969,223,4304,DBVPG_4304,Rhodotorula mucilaginosa,Italy,unknown,354,3,4,18,30,,YPDN
970,224,4531,DBVPG_4531,Rhodotorula taiwanensis,Italy,plant,354,3,4,92,30,,YPDN
971,225,4947,DBVPG_4947,Rhodotorula mucilaginosa,Italy,food,354,3,4,27,30,,YPDN
972,227,25-334Y-6 BY118-F9,TFCN_25-334Y-6,Rhodotorula mucilaginosa,China,marsh_tidalflat,354,3,4,40,30,,YPDN
973,228,3235,DBVPG_3235,Rhodotorula mucilaginosa,Italy,food,354,3,4,45,30,,YPDN
974,229,3442,DBVPG_3442,Rhodotorula mucilaginosa,Italy,food,354,3,4,82,30,,YPDN
975,230,3773,DBVPG_3773,Rhodotorula dairenensis,Italy,soil,354,3,4,80,30,,YPDN
976,231,3857,DBVPG_3857,Rhodotorula mucilaginosa,Italy,plant,354,3,4,55,30,,YPDN
977,232,4376,DBVPG_4376,Rhodotorula mucilaginosa,Italy,food,354,3,4,29,30,,YPDN
978,233,4534,DBVPG_4534,Rhodotorula mucilaginosa,Italy,sand,354,3,4,13,30,,YPDN
979,234,4949,DBVPG_4949,Rhodotorula mucilaginosa,Italy,soil,354,3,4,87,30,,YPDN
980,235,209-6-1 BY42-F9,TFCN_209-6-1,Rhodotorula mucilaginosa,China,marsh_tidalflat,354,3,4,6,30,,YPDN
981,236,209-6-12 BY43-H1,TFCN_209-6-12,Rhodotorula mucilaginosa,China,,354,3,4,41,30,,YPDN
982,237,3237,DBVPG_3237,Rhodotorula mucilaginosa,Italy,food,354,3,4,14,30,,YPDN
983,238,3443,DBVPG_3443,Rhodotorula mucilaginosa,Italy,food,354,3,4,49,30,,YPDN
984,239,3774,DBVPG_3774,Rhodotorula mucilaginosa,Italy,food,354,3,4,22,30,,YPDN
985,240,3858,DBVPG_3858,Rhodotorula mucilaginosa,Italy,insect,354,3,4,19,30,,YPDN
986,241,4377,DBVPG_4377,Rhodotorula mucilaginosa,Italy,marine,354,3,4,62,30,,YPDN
987,242,4610,DBVPG_4610,Rhodotorula paludigena,Italy,plant,354,3,4,25,30,,YPDN
988,243,4950,DBVPG_4950,Rhodotorula mucilaginosa,Italy,soil,354,3,4,79,30,,YPDN
989,244,4952,DBVPG_4952,Rhodotorula mucilaginosa,Italy,soil,354,3,4,51,30,,YPDN
990,245,5227,DBVPG_5227,Rhodotorula mucilaginosa,Italy,soil,354,3,4,73,30,,YPDN
991,246,6091,DBVPG_6091,Rhodotorula mucilaginosa,Italy,insect,354,3,4,10,30,,YPDN
992,247,6739,DBVPG_6739,Rhodotorula toruloides,Italy,soil,354,3,4,43,30,,YPDN
993,248,7947,DBVPG_7947,Rhodotorula sp. clade XIII,Italy,soil,354,3,4,37,30,,YPDN
994,249,3236,DBVPG_3236,Rhodotorula mucilaginosa,Italy,food,354,3,4,9,30,,YPDN
995,250,7316,DBVPG_7316,Rhodotorula paludigena,Italy,marsh_tidalflat,354,3,4,26,30,,YPDN
996,251,17-333P-8,,,,,354,3,4,66,30,,YPDN
997,252,48D-1,TFCN_48D-10,,,marsh_tidalflat,354,3,4,48,30,,YPDN
998,253,4956,DBVPG_4956,Rhodotorula mucilaginosa,Italy,soil,354,3,4,3,30,,YPDN
999,254,5228,DBVPG_5228,Rhodotorula mucilaginosa,Italy,soil,354,3,4,84,30,,YPDN
1000,255,6093,DBVPG_6093,Rhodotorula mucilaginosa,Italy,unknown,354,3,4,39,30,,YPDN
1001,256,6742,DBVPG_6742,Rhodotorula mucilaginosa,Italy,unknown,354,3,4,67,30,,YPDN
1002,257,8043,DBVPG_8043,Rhodotorula mucilaginosa,Italy,water,354,3,4,23,30,,YPDN
1003,258,3445,DBVPG_3445,Rhodotorula mucilaginosa,Italy,food,354,3,4,53,30,,YPDN
1004,259,10056,,,,,354,3,4,96,30,,YPDN
1005,260,152D-2,,,,,356,4,1,2,30,,YPDN
1006,261,86C-3 BY33-D3,TF_CN_86C_3,Rhodotorula sphaerocarpa,China,,356,4,1,3,30,,YPDN
1007,262,4957,DBVPG_4957,Rhodotorula mucilaginosa,Italy,soil,356,4,1,4,30,,YPDN
1008,263,5229,DBVPG_5229,Rhodotorula mucilaginosa,Italy,soil,356,4,1,5,30,,YPDN
1009,264,6094,DBVPG_6094,Rhodotorula mucilaginosa,Italy,unknown,356,4,1,6,30,,YPDN
1010,265,6743,DBVPG_6743,Rhodotorula mucilaginosa,Italy,soil,356,4,1,7,30,,YPDN
1011,266,8058,DBVPG_8058,Rhodotorula sp. clade I,Italy,food,356,4,1,8,30,,YPDN
1012,267,3446,DBVPG_3446,Rhodotorula mucilaginosa,Italy,food,356,4,1,9,30,,YPDN
1013,268,10842,DBVPG_10842,Rhodotorula mucilaginosa,Italy,snow_ice,356,4,1,10,30,,YPDN
1014,269,17-332Y-1,,,,,356,4,1,12,30,,YPDN
1015,270,7-6-2003,TFCN_7_6_3,Rhodotorula diobovata,China,,356,4,1,13,30,,YPDN
1016,271,4958,DBVPG_4958,Rhodotorula mucilaginosa,Italy,soil,356,4,1,14,30,,YPDN
1017,272,5235,DBVPG_5235,Rhodotorula mucilaginosa,Italy,soil,356,4,1,15,30,,YPDN
1018,273,6121,DBVPG_6121,Rhodotorula toruloides,Italy,air_cloud,356,4,1,16,30,,YPDN
1019,274,6803,DBVPG_6803,Rhodotorula mucilaginosa,Italy,soil,356,4,1,17,30,,YPDN
1020,275,10075,DBVPG_10075,Cystobasidium sp.,Italy,soil,356,4,1,18,30,,YPDN
1021,276,3778,DBVPG_3778,Rhodotorula mucilaginosa,Italy,soil,356,4,1,19,30,,YPDN
1022,277,10882,DBVPG_10882,Rhodotorula mucilaginosa,Italy,rock,356,4,1,20,30,,YPDN
1023,278,86A-5 BY34-I6,TFCN_86A_5,Rhodotorula sphaerocarpa,China,,356,4,1,22,30,,YPDN
1024,279,186CL④-2 BY39-C9,TF_CN_186CL4_2,Rhodotorula mucilaginosa,China,,356,4,1,23,30,,YPDN
1025,280,4962,DBVPG_4962,Rhodotorula mucilaginosa,Italy,soil,356,4,1,24,30,,YPDN
1026,281,5236,DBVPG_5236,Rhodotorula mucilaginosa,Italy,soil,356,4,1,25,30,,YPDN
1027,282,6195,DBVPG_6195,Rhodotorula diobovata,Italy,marine,356,4,1,26,30,,YPDN
1028,283,7019,DBVPG_7019,Rhodotorula mucilaginosa,Italy,unknown,356,4,1,27,30,,YPDN
1029,284,10753,DBVPG_10753,Rhodotorula kratochvilovae,Italy,built env,356,4,1,28,30,,YPDN
1030,285,3780,DBVPG_3780,Rhodotorula mucilaginosa,Italy,soil,356,4,1,29,30,,YPDN
1031,286,10886,DBVPG_10886,Rhodotorula mucilaginosa,Italy,rock,356,4,1,30,30,,YPDN
1032,287,152A-3 BY32-A2,TFCN_152A_3,Rhodotorula toruloides,China,,356,4,1,32,30,,YPDN
1033,288,1A-1-5,TFCN_1A_1_5,Rhodotorula pacifica,China,,356,4,1,33,30,,YPDN
1034,289,4963,DBVPG_4963,Rhodotorula mucilaginosa,Italy,soil,356,4,1,35,30,,YPDN
1035,290,5757,DBVPG_5757,Rhodotorula mucilaginosa,Italy,soil,356,4,1,36,30,,YPDN
1036,291,6202,DBVPG_6202,Rhodotorula diobovata,Italy,marine,356,4,1,37,30,,YPDN
1037,292,7021,DBVPG_7021,Rhodotorula graminis,Italy,plant,356,4,1,38,30,,YPDN
1038,293,10780,DBVPG_10780,Rhodotorula mucilaginosa,Italy,snow_ice,356,4,1,39,30,,YPDN
1039,294,6083,DBVPG_6083,Rhodotorula graminis,Italy,plant,356,4,1,40,30,,YPDN
1040,295,DBVPG 10937,DBVPG_10937,Rhodotorula mucilaginosa,Italy,food,356,4,1,41,30,,YPDN
1041,296,2M-1-3 BY8-A3,TFCN_2M_1_3,Rhodotorula mucilaginosa,China,,356,4,1,42,30,,YPDN
1042,297,211C-2 BY37-F3,TFCN_211C_2,Rhodotorula diobovata,China,,356,4,1,43,30,,YPDN
1043,298,4964,DBVPG_4964,Rhodotorula mucilaginosa,Italy,soil,356,4,1,45,30,,YPDN
1044,299,5758,DBVPG_5758,Rhodotorula mucilaginosa,Italy,soil,356,4,1,46,30,,YPDN
1045,300,6593,DBVPG_6593,Rhodotorula mucilaginosa,Italy,unknown,356,4,1,47,30,,YPDN
1046,301,7323,DBVPG_7323,Rhodotorula paludigena,Italy,marsh_tidalflat,356,4,1,48,30,,YPDN
1047,302,10348,DBVPG_10348,Rhodotorula sp. clade XI,Italy,soil,356,4,1,49,30,,YPDN
1048,303,6092,DBVPG_6092,Rhodotorula mucilaginosa,Italy,unknown,356,4,1,50,30,,YPDN
1049,304,17-333M-1,TFCN_17_332M_1,Rhodotorula mucilaginosa,China,,356,4,1,51,30,,YPDN
1050,305,25-325P-1,,,,,356,4,1,52,30,,YPDN
1051,306,25-327C-3,,,,,356,4,1,53,30,,YPDN
1052,307,5225,DBVPG_5225,Rhodotorula mucilaginosa,Italy,soil,356,4,1,55,30,,YPDN
1053,308,5759,DBVPG_5759,Rhodotorula mucilaginosa,Italy,soil,356,4,1,56,30,,YPDN
1054,309,6649,DBVPG_6649,Rhodotorula mucilaginosa,Italy,plant,356,4,1,57,30,,YPDN
1055,334,JES-025-001,JES-025-001,Rhodotorula mucilaginosa,America,,356,4,1,58,30,,YPDN
1056,310,7539,DBVPG_7539,Rhodotorula kratochvilovae,Italy,unknown,356,4,1,59,30,,YPDN
1057,311,10383,DBVPG_10383,Rhodotorula kratochvilovae,Italy,soil,356,4,1,60,30,,YPDN
1058,312,6740,DBVPG_6740,Pseudomicrostroma phylloplanum,Italy,plant,356,4,1,61,30,,YPDN
1059,313,5226,DBVPG_5226,Rhodotorula mucilaginosa,Italy,soil,356,4,1,62,30,,YPDN
1060,314,6081,DBVPG_6081,Rhodotorula glutinis,Italy,air_cloud,356,4,1,63,30,,YPDN
1061,315,6660,DBVPG_6660,Rhodotorula mucilaginosa,Italy,food,356,4,1,66,30,,YPDN
1062,316,7922,DBVPG_7922,Rhodotorula evergladensis,Italy,soil,356,4,1,67,30,,YPDN
1063,317,10619,DBVPG_10619,Rhodotorula mucilaginosa,Italy,plant,356,4,1,68,30,,YPDN
1064,318,6741,DBVPG_6741,Rhodotorula mucilaginosa,Italy,soil,356,4,1,69,30,,YPDN
1065,319,51A-3,,,,,356,4,1,70,30,,YPDN
1066,320,Y2474,NRRL_Y-2474,Rhodotorula graminis,America,plant,356,4,1,71,30,,YPDN
1067,321,Y2504,NRRL_Y-2504,Rhodotorula dairenensis,America,soil,356,4,1,72,30,,YPDN
1068,322,Y2510,NRRL_Y-2510,Rhodotorula mucilaginosa,America,unknown,356,4,1,73,30,,YPDN
1069,323,Y7192,NRRL_Y-7192,Rhodotorula sphaerocarpa,America,unknown,356,4,1,74,30,,YPDN
1070,324,Y7196,NRRL_Y-7196,Rhodotorula diobovata,America,unknown,356,4,1,76,30,,YPDN
1071,325,Y12923,NRRL_Y-12923,Rhodotorula paludigena,America,plant,356,4,1,77,30,,YPDN
1072,326,Y17376,NRRL_Y-17376,Rhodotorula araucariae,America,plant,356,4,1,78,30,,YPDN
1073,327,Y48721,NRRL_Y-48721,Rhodotorula evergladensis,America,,356,4,1,79,30,,YPDN
1074,334,JES-025-001,JES-025-001,Rhodotorula mucilaginosa,America,,356,4,1,80,30,,YPDN
1075,260,152D-2,,,,,356,4,2,73,30,,YPDN
1076,261,86C-3 BY33-D3,TF_CN_86C_3,Rhodotorula sphaerocarpa,China,,356,4,2,70,30,,YPDN
1077,262,4957,DBVPG_4957,Rhodotorula mucilaginosa,Italy,soil,356,4,2,10,30,,YPDN
1078,263,5229,DBVPG_5229,Rhodotorula mucilaginosa,Italy,soil,356,4,2,69,30,,YPDN
1079,264,6094,DBVPG_6094,Rhodotorula mucilaginosa,Italy,unknown,356,4,2,7,30,,YPDN
1080,265,6743,DBVPG_6743,Rhodotorula mucilaginosa,Italy,soil,356,4,2,13,30,,YPDN
1081,266,8058,DBVPG_8058,Rhodotorula sp. clade I,Italy,food,356,4,2,19,30,,YPDN
1082,267,3446,DBVPG_3446,Rhodotorula mucilaginosa,Italy,food,356,4,2,28,30,,YPDN
1083,268,10842,DBVPG_10842,Rhodotorula mucilaginosa,Italy,snow_ice,356,4,2,25,30,,YPDN
1084,269,17-332Y-1,,,,,356,4,2,50,30,,YPDN
1085,270,7-6-2003,TFCN_7_6_3,Rhodotorula diobovata,China,,356,4,2,20,30,,YPDN
1086,271,4958,DBVPG_4958,Rhodotorula mucilaginosa,Italy,soil,356,4,2,68,30,,YPDN
1087,272,5235,DBVPG_5235,Rhodotorula mucilaginosa,Italy,soil,356,4,2,3,30,,YPDN
1088,273,6121,DBVPG_6121,Rhodotorula toruloides,Italy,air_cloud,356,4,2,18,30,,YPDN
1089,274,6803,DBVPG_6803,Rhodotorula mucilaginosa,Italy,soil,356,4,2,22,30,,YPDN
1090,275,10075,DBVPG_10075,Cystobasidium sp.,Italy,soil,356,4,2,9,30,,YPDN
1091,276,3778,DBVPG_3778,Rhodotorula mucilaginosa,Italy,soil,356,4,2,74,30,,YPDN
1092,277,10882,DBVPG_10882,Rhodotorula mucilaginosa,Italy,rock,356,4,2,41,30,,YPDN
1093,278,86A-5 BY34-I6,TFCN_86A_5,Rhodotorula sphaerocarpa,China,,356,4,2,78,30,,YPDN
1094,279,186CL④-2 BY39-C9,TF_CN_186CL4_2,Rhodotorula mucilaginosa,China,,356,4,2,57,30,,YPDN
1095,280,4962,DBVPG_4962,Rhodotorula mucilaginosa,Italy,soil,356,4,2,66,30,,YPDN
1096,281,5236,DBVPG_5236,Rhodotorula mucilaginosa,Italy,soil,356,4,2,24,30,,YPDN
1097,282,6195,DBVPG_6195,Rhodotorula diobovata,Italy,marine,356,4,2,16,30,,YPDN
1098,283,7019,DBVPG_7019,Rhodotorula mucilaginosa,Italy,unknown,356,4,2,27,30,,YPDN
1099,284,10753,DBVPG_10753,Rhodotorula kratochvilovae,Italy,built env,356,4,2,17,30,,YPDN
1100,285,3780,DBVPG_3780,Rhodotorula mucilaginosa,Italy,soil,356,4,2,35,30,,YPDN
1101,286,10886,DBVPG_10886,Rhodotorula mucilaginosa,Italy,rock,356,4,2,36,30,,YPDN
1102,287,152A-3 BY32-A2,TFCN_152A_3,Rhodotorula toruloides,China,,356,4,2,76,30,,YPDN
1103,288,1A-1-5,TFCN_1A_1_5,Rhodotorula pacifica,China,,356,4,2,61,30,,YPDN
1104,289,4963,DBVPG_4963,Rhodotorula mucilaginosa,Italy,soil,356,4,2,58,30,,YPDN
1105,290,5757,DBVPG_5757,Rhodotorula mucilaginosa,Italy,soil,356,4,2,40,30,,YPDN
1106,291,6202,DBVPG_6202,Rhodotorula diobovata,Italy,marine,356,4,2,8,30,,YPDN
1107,292,7021,DBVPG_7021,Rhodotorula graminis,Italy,plant,356,4,2,79,30,,YPDN
1108,293,10780,DBVPG_10780,Rhodotorula mucilaginosa,Italy,snow_ice,356,4,2,62,30,,YPDN
1109,294,6083,DBVPG_6083,Rhodotorula graminis,Italy,plant,356,4,2,71,30,,YPDN
1110,295,DBVPG 10937,DBVPG_10937,Rhodotorula mucilaginosa,Italy,food,356,4,2,14,30,,YPDN
1111,296,2M-1-3 BY8-A3,TFCN_2M_1_3,Rhodotorula mucilaginosa,China,,356,4,2,32,30,,YPDN
1112,297,211C-2 BY37-F3,TFCN_211C_2,Rhodotorula diobovata,China,,356,4,2,46,30,,YPDN
1113,298,4964,DBVPG_4964,Rhodotorula mucilaginosa,Italy,soil,356,4,2,56,30,,YPDN
1114,299,5758,DBVPG_5758,Rhodotorula mucilaginosa,Italy,soil,356,4,2,30,30,,YPDN
1115,300,6593,DBVPG_6593,Rhodotorula mucilaginosa,Italy,unknown,356,4,2,6,30,,YPDN
1116,301,7323,DBVPG_7323,Rhodotorula paludigena,Italy,marsh_tidalflat,356,4,2,43,30,,YPDN
1117,302,10348,DBVPG_10348,Rhodotorula sp. clade XI,Italy,soil,356,4,2,49,30,,YPDN
1118,303,6092,DBVPG_6092,Rhodotorula mucilaginosa,Italy,unknown,356,4,2,55,30,,YPDN
1119,304,17-333M-1,TFCN_17_332M_1,Rhodotorula mucilaginosa,China,,356,4,2,42,30,,YPDN
1120,305,25-325P-1,,,,,356,4,2,29,30,,YPDN
1121,306,25-327C-3,,,,,356,4,2,15,30,,YPDN
1122,307,5225,DBVPG_5225,Rhodotorula mucilaginosa,Italy,soil,356,4,2,37,30,,YPDN
1123,308,5759,DBVPG_5759,Rhodotorula mucilaginosa,Italy,soil,356,4,2,63,30,,YPDN
1124,309,6649,DBVPG_6649,Rhodotorula mucilaginosa,Italy,plant,356,4,2,59,30,,YPDN
1125,334,JES-025-001,JES-025-001,Rhodotorula mucilaginosa,America,,356,4,2,47,30,,YPDN
1126,310,7539,DBVPG_7539,Rhodotorula kratochvilovae,Italy,unknown,356,4,2,53,30,,YPDN
1127,311,10383,DBVPG_10383,Rhodotorula kratochvilovae,Italy,soil,356,4,2,39,30,,YPDN
1128,312,6740,DBVPG_6740,Pseudomicrostroma phylloplanum,Italy,plant,356,4,2,23,30,,YPDN
1129,313,5226,DBVPG_5226,Rhodotorula mucilaginosa,Italy,soil,356,4,2,4,30,,YPDN
1130,314,6081,DBVPG_6081,Rhodotorula glutinis,Italy,air_cloud,356,4,2,38,30,,YPDN
1131,315,6660,DBVPG_6660,Rhodotorula mucilaginosa,Italy,food,356,4,2,2,30,,YPDN
1132,316,7922,DBVPG_7922,Rhodotorula evergladensis,Italy,soil,356,4,2,45,30,,YPDN
1133,317,10619,DBVPG_10619,Rhodotorula mucilaginosa,Italy,plant,356,4,2,51,30,,YPDN
1134,318,6741,DBVPG_6741,Rhodotorula mucilaginosa,Italy,soil,356,4,2,26,30,,YPDN
1135,319,51A-3,,,,,356,4,2,52,30,,YPDN
1136,320,Y2474,NRRL_Y-2474,Rhodotorula graminis,America,plant,356,4,2,5,30,,YPDN
1137,321,Y2504,NRRL_Y-2504,Rhodotorula dairenensis,America,soil,356,4,2,67,30,,YPDN
1138,322,Y2510,NRRL_Y-2510,Rhodotorula mucilaginosa,America,unknown,356,4,2,72,30,,YPDN
1139,323,Y7192,NRRL_Y-7192,Rhodotorula sphaerocarpa,America,unknown,356,4,2,33,30,,YPDN
1140,324,Y7196,NRRL_Y-7196,Rhodotorula diobovata,America,unknown,356,4,2,80,30,,YPDN
1141,325,Y12923,NRRL_Y-12923,Rhodotorula paludigena,America,plant,356,4,2,60,30,,YPDN
1142,326,Y17376,NRRL_Y-17376,Rhodotorula araucariae,America,plant,356,4,2,12,30,,YPDN
1143,327,Y48721,NRRL_Y-48721,Rhodotorula evergladensis,America,,356,4,2,48,30,,YPDN
1144,334,JES-025-001,JES-025-001,Rhodotorula mucilaginosa,America,,356,4,2,77,30,,YPDN
1145,260,152D-2,,,,,356,4,3,20,30,,YPDN
1146,261,86C-3 BY33-D3,TF_CN_86C_3,Rhodotorula sphaerocarpa,China,,356,4,3,33,30,,YPDN
1147,262,4957,DBVPG_4957,Rhodotorula mucilaginosa,Italy,soil,356,4,3,25,30,,YPDN
1148,263,5229,DBVPG_5229,Rhodotorula mucilaginosa,Italy,soil,356,4,3,48,30,,YPDN
1149,264,6094,DBVPG_6094,Rhodotorula mucilaginosa,Italy,unknown,356,4,3,10,30,,YPDN
1150,265,6743,DBVPG_6743,Rhodotorula mucilaginosa,Italy,soil,356,4,3,57,30,,YPDN
1151,266,8058,DBVPG_8058,Rhodotorula sp. clade I,Italy,food,356,4,3,49,30,,YPDN
1152,267,3446,DBVPG_3446,Rhodotorula mucilaginosa,Italy,food,356,4,3,8,30,,YPDN
1153,268,10842,DBVPG_10842,Rhodotorula mucilaginosa,Italy,snow_ice,356,4,3,72,30,,YPDN
1154,269,17-332Y-1,,,,,356,4,3,62,30,,YPDN
1155,270,7-6-2003,TFCN_7_6_3,Rhodotorula diobovata,China,,356,4,3,38,30,,YPDN
1156,271,4958,DBVPG_4958,Rhodotorula mucilaginosa,Italy,soil,356,4,3,46,30,,YPDN
1157,272,5235,DBVPG_5235,Rhodotorula mucilaginosa,Italy,soil,356,4,3,30,30,,YPDN
1158,273,6121,DBVPG_6121,Rhodotorula toruloides,Italy,air_cloud,356,4,3,78,30,,YPDN
1159,274,6803,DBVPG_6803,Rhodotorula mucilaginosa,Italy,soil,356,4,3,70,30,,YPDN
1160,275,10075,DBVPG_10075,Cystobasidium sp.,Italy,soil,356,4,3,42,30,,YPDN
1161,276,3778,DBVPG_3778,Rhodotorula mucilaginosa,Italy,soil,356,4,3,59,30,,YPDN
1162,277,10882,DBVPG_10882,Rhodotorula mucilaginosa,Italy,rock,356,4,3,63,30,,YPDN
1163,278,86A-5 BY34-I6,TFCN_86A_5,Rhodotorula sphaerocarpa,China,,356,4,3,15,30,,YPDN
1164,279,186CL④-2 BY39-C9,TF_CN_186CL4_2,Rhodotorula mucilaginosa,China,,356,4,3,43,30,,YPDN
1165,280,4962,DBVPG_4962,Rhodotorula mucilaginosa,Italy,soil,356,4,3,6,30,,YPDN
1166,281,5236,DBVPG_5236,Rhodotorula mucilaginosa,Italy,soil,356,4,3,55,30,,YPDN
1167,282,6195,DBVPG_6195,Rhodotorula diobovata,Italy,marine,356,4,3,22,30,,YPDN
1168,283,7019,DBVPG_7019,Rhodotorula mucilaginosa,Italy,unknown,356,4,3,32,30,,YPDN
1169,284,10753,DBVPG_10753,Rhodotorula kratochvilovae,Italy,built env,356,4,3,19,30,,YPDN
1170,285,3780,DBVPG_3780,Rhodotorula mucilaginosa,Italy,soil,356,4,3,47,30,,YPDN
1171,286,10886,DBVPG_10886,Rhodotorula mucilaginosa,Italy,rock,356,4,3,5,30,,YPDN
1172,287,152A-3 BY32-A2,TFCN_152A_3,Rhodotorula toruloides,China,,356,4,3,39,30,,YPDN
1173,288,1A-1-5,TFCN_1A_1_5,Rhodotorula pacifica,China,,356,4,3,16,30,,YPDN
1174,289,4963,DBVPG_4963,Rhodotorula mucilaginosa,Italy,soil,356,4,3,73,30,,YPDN
1175,290,5757,DBVPG_5757,Rhodotorula mucilaginosa,Italy,soil,356,4,3,69,30,,YPDN
1176,291,6202,DBVPG_6202,Rhodotorula diobovata,Italy,marine,356,4,3,60,30,,YPDN
1177,292,7021,DBVPG_7021,Rhodotorula graminis,Italy,plant,356,4,3,58,30,,YPDN
1178,293,10780,DBVPG_10780,Rhodotorula mucilaginosa,Italy,snow_ice,356,4,3,52,30,,YPDN
1179,294,6083,DBVPG_6083,Rhodotorula graminis,Italy,plant,356,4,3,61,30,,YPDN
1180,295,DBVPG 10937,DBVPG_10937,Rhodotorula mucilaginosa,Italy,food,356,4,3,35,30,,YPDN
1181,296,2M-1-3 BY8-A3,TFCN_2M_1_3,Rhodotorula mucilaginosa,China,,356,4,3,3,30,,YPDN
1182,297,211C-2 BY37-F3,TFCN_211C_2,Rhodotorula diobovata,China,,356,4,3,2,30,,YPDN
1183,298,4964,DBVPG_4964,Rhodotorula mucilaginosa,Italy,soil,356,4,3,80,30,,YPDN
1184,299,5758,DBVPG_5758,Rhodotorula mucilaginosa,Italy,soil,356,4,3,9,30,,YPDN
1185,300,6593,DBVPG_6593,Rhodotorula mucilaginosa,Italy,unknown,356,4,3,74,30,,YPDN
1186,301,7323,DBVPG_7323,Rhodotorula paludigena,Italy,marsh_tidalflat,356,4,3,68,30,,YPDN
1187,302,10348,DBVPG_10348,Rhodotorula sp. clade XI,Italy,soil,356,4,3,18,30,,YPDN
1188,303,6092,DBVPG_6092,Rhodotorula mucilaginosa,Italy,unknown,356,4,3,29,30,,YPDN
1189,304,17-333M-1,TFCN_17_332M_1,Rhodotorula mucilaginosa,China,,356,4,3,56,30,,YPDN
1190,305,25-325P-1,,,,,356,4,3,77,30,,YPDN
1191,306,25-327C-3,,,,,356,4,3,50,30,,YPDN
1192,307,5225,DBVPG_5225,Rhodotorula mucilaginosa,Italy,soil,356,4,3,37,30,,YPDN
1193,308,5759,DBVPG_5759,Rhodotorula mucilaginosa,Italy,soil,356,4,3,71,30,,YPDN
1194,309,6649,DBVPG_6649,Rhodotorula mucilaginosa,Italy,plant,356,4,3,14,30,,YPDN
1195,334,JES-025-001,JES-025-001,Rhodotorula mucilaginosa,America,,356,4,3,17,30,,YPDN
1196,310,7539,DBVPG_7539,Rhodotorula kratochvilovae,Italy,unknown,356,4,3,23,30,,YPDN
1197,311,10383,DBVPG_10383,Rhodotorula kratochvilovae,Italy,soil,356,4,3,26,30,,YPDN
1198,312,6740,DBVPG_6740,Pseudomicrostroma phylloplanum,Italy,plant,356,4,3,41,30,,YPDN
1199,313,5226,DBVPG_5226,Rhodotorula mucilaginosa,Italy,soil,356,4,3,53,30,,YPDN
1200,314,6081,DBVPG_6081,Rhodotorula glutinis,Italy,air_cloud,356,4,3,4,30,,YPDN
1201,315,6660,DBVPG_6660,Rhodotorula mucilaginosa,Italy,food,356,4,3,12,30,,YPDN
1202,316,7922,DBVPG_7922,Rhodotorula evergladensis,Italy,soil,356,4,3,66,30,,YPDN
1203,317,10619,DBVPG_10619,Rhodotorula mucilaginosa,Italy,plant,356,4,3,40,30,,YPDN
1204,318,6741,DBVPG_6741,Rhodotorula mucilaginosa,Italy,soil,356,4,3,7,30,,YPDN
1205,319,51A-3,,,,,356,4,3,76,30,,YPDN
1206,320,Y2474,NRRL_Y-2474,Rhodotorula graminis,America,plant,356,4,3,28,30,,YPDN
1207,321,Y2504,NRRL_Y-2504,Rhodotorula dairenensis,America,soil,356,4,3,79,30,,YPDN
1208,322,Y2510,NRRL_Y-2510,Rhodotorula mucilaginosa,America,unknown,356,4,3,45,30,,YPDN
1209,323,Y7192,NRRL_Y-7192,Rhodotorula sphaerocarpa,America,unknown,356,4,3,36,30,,YPDN
1210,324,Y7196,NRRL_Y-7196,Rhodotorula diobovata,America,unknown,356,4,3,51,30,,YPDN
1211,325,Y12923,NRRL_Y-12923,Rhodotorula paludigena,America,plant,356,4,3,67,30,,YPDN
1212,326,Y17376,NRRL_Y-17376,Rhodotorula araucariae,America,plant,356,4,3,24,30,,YPDN
1213,327,Y48721,NRRL_Y-48721,Rhodotorula evergladensis,America,,356,4,3,13,30,,YPDN
1214,334,JES-025-001,JES-025-001,Rhodotorula mucilaginosa,America,,356,4,3,27,30,,YPDN
1215,260,152D-2,,,,,356,4,4,55,30,,YPDN
1216,261,86C-3 BY33-D3,TF_CN_86C_3,Rhodotorula sphaerocarpa,China,,356,4,4,45,30,,YPDN
1217,262,4957,DBVPG_4957,Rhodotorula mucilaginosa,Italy,soil,356,4,4,25,30,,YPDN
1218,263,5229,DBVPG_5229,Rhodotorula mucilaginosa,Italy,soil,356,4,4,12,30,,YPDN
1219,264,6094,DBVPG_6094,Rhodotorula mucilaginosa,Italy,unknown,356,4,4,58,30,,YPDN
1220,265,6743,DBVPG_6743,Rhodotorula mucilaginosa,Italy,soil,356,4,4,43,30,,YPDN
1221,266,8058,DBVPG_8058,Rhodotorula sp. clade I,Italy,food,356,4,4,70,30,,YPDN
1222,267,3446,DBVPG_3446,Rhodotorula mucilaginosa,Italy,food,356,4,4,3,30,,YPDN
1223,268,10842,DBVPG_10842,Rhodotorula mucilaginosa,Italy,snow_ice,356,4,4,42,30,,YPDN
1224,269,17-332Y-1,,,,,356,4,4,41,30,,YPDN
1225,270,7-6-2003,TFCN_7_6_3,Rhodotorula diobovata,China,,356,4,4,79,30,,YPDN
1226,271,4958,DBVPG_4958,Rhodotorula mucilaginosa,Italy,soil,356,4,4,29,30,,YPDN
1227,272,5235,DBVPG_5235,Rhodotorula mucilaginosa,Italy,soil,356,4,4,28,30,,YPDN
1228,273,6121,DBVPG_6121,Rhodotorula toruloides,Italy,air_cloud,356,4,4,53,30,,YPDN
1229,274,6803,DBVPG_6803,Rhodotorula mucilaginosa,Italy,soil,356,4,4,4,30,,YPDN
1230,275,10075,DBVPG_10075,Cystobasidium sp.,Italy,soil,356,4,4,66,30,,YPDN
1231,276,3778,DBVPG_3778,Rhodotorula mucilaginosa,Italy,soil,356,4,4,80,30,,YPDN
1232,277,10882,DBVPG_10882,Rhodotorula mucilaginosa,Italy,rock,356,4,4,36,30,,YPDN
1233,278,86A-5 BY34-I6,TFCN_86A_5,Rhodotorula sphaerocarpa,China,,356,4,4,27,30,,YPDN
1234,279,186CL④-2 BY39-C9,TF_CN_186CL4_2,Rhodotorula mucilaginosa,China,,356,4,4,10,30,,YPDN
1235,280,4962,DBVPG_4962,Rhodotorula mucilaginosa,Italy,soil,356,4,4,23,30,,YPDN
1236,281,5236,DBVPG_5236,Rhodotorula mucilaginosa,Italy,soil,356,4,4,15,30,,YPDN
1237,282,6195,DBVPG_6195,Rhodotorula diobovata,Italy,marine,356,4,4,69,30,,YPDN
1238,283,7019,DBVPG_7019,Rhodotorula mucilaginosa,Italy,unknown,356,4,4,16,30,,YPDN
1239,284,10753,DBVPG_10753,Rhodotorula kratochvilovae,Italy,built env,356,4,4,59,30,,YPDN
1240,285,3780,DBVPG_3780,Rhodotorula mucilaginosa,Italy,soil,356,4,4,9,30,,YPDN
1241,286,10886,DBVPG_10886,Rhodotorula mucilaginosa,Italy,rock,356,4,4,47,30,,YPDN
1242,287,152A-3 BY32-A2,TFCN_152A_3,Rhodotorula toruloides,China,,356,4,4,51,30,,YPDN
1243,288,1A-1-5,TFCN_1A_1_5,Rhodotorula pacifica,China,,356,4,4,20,30,,YPDN
1244,289,4963,DBVPG_4963,Rhodotorula mucilaginosa,Italy,soil,356,4,4,76,30,,YPDN
1245,290,5757,DBVPG_5757,Rhodotorula mucilaginosa,Italy,soil,356,4,4,61,30,,YPDN
1246,291,6202,DBVPG_6202,Rhodotorula diobovata,Italy,marine,356,4,4,26,30,,YPDN
1247,292,7021,DBVPG_7021,Rhodotorula graminis,Italy,plant,356,4,4,33,30,,YPDN
1248,293,10780,DBVPG_10780,Rhodotorula mucilaginosa,Italy,snow_ice,356,4,4,78,30,,YPDN
1249,294,6083,DBVPG_6083,Rhodotorula graminis,Italy,plant,356,4,4,57,30,,YPDN
1250,295,DBVPG 10937,DBVPG_10937,Rhodotorula mucilaginosa,Italy,food,356,4,4,49,30,,YPDN
1251,296,2M-1-3 BY8-A3,TFCN_2M_1_3,Rhodotorula mucilaginosa,China,,356,4,4,18,30,,YPDN
1252,297,211C-2 BY37-F3,TFCN_211C_2,Rhodotorula diobovata,China,,356,4,4,52,30,,YPDN
1253,298,4964,DBVPG_4964,Rhodotorula mucilaginosa,Italy,soil,356,4,4,68,30,,YPDN
1254,299,5758,DBVPG_5758,Rhodotorula mucilaginosa,Italy,soil,356,4,4,60,30,,YPDN
1255,300,6593,DBVPG_6593,Rhodotorula mucilaginosa,Italy,unknown,356,4,4,13,30,,YPDN
1256,301,7323,DBVPG_7323,Rhodotorula paludigena,Italy,marsh_tidalflat,356,4,4,48,30,,YPDN
1257,302,10348,DBVPG_10348,Rhodotorula sp. clade XI,Italy,soil,356,4,4,71,30,,YPDN
1258,303,6092,DBVPG_6092,Rhodotorula mucilaginosa,Italy,unknown,356,4,4,40,30,,YPDN
1259,304,17-333M-1,TFCN_17_332M_1,Rhodotorula mucilaginosa,China,,356,4,4,2,30,,YPDN
1260,305,25-325P-1,,,,,356,4,4,19,30,,YPDN
1261,306,25-327C-3,,,,,356,4,4,56,30,,YPDN
1262,307,5225,DBVPG_5225,Rhodotorula mucilaginosa,Italy,soil,356,4,4,35,30,,YPDN
1263,308,5759,DBVPG_5759,Rhodotorula mucilaginosa,Italy,soil,356,4,4,24,30,,YPDN
1264,309,6649,DBVPG_6649,Rhodotorula mucilaginosa,Italy,plant,356,4,4,7,30,,YPDN
1265,334,JES-025-001,JES-025-001,Rhodotorula mucilaginosa,America,,356,4,4,67,30,,YPDN
1266,310,7539,DBVPG_7539,Rhodotorula kratochvilovae,Italy,unknown,356,4,4,72,30,,YPDN
1267,311,10383,DBVPG_10383,Rhodotorula kratochvilovae,Italy,soil,356,4,4,73,30,,YPDN
1268,312,6740,DBVPG_6740,Pseudomicrostroma phylloplanum,Italy,plant,356,4,4,77,30,,YPDN
1269,313,5226,DBVPG_5226,Rhodotorula mucilaginosa,Italy,soil,356,4,4,63,30,,YPDN
1270,314,6081,DBVPG_6081,Rhodotorula glutinis,Italy,air_cloud,356,4,4,38,30,,YPDN
1271,315,6660,DBVPG_6660,Rhodotorula mucilaginosa,Italy,food,356,4,4,22,30,,YPDN
1272,316,7922,DBVPG_7922,Rhodotorula evergladensis,Italy,soil,356,4,4,74,30,,YPDN
1273,317,10619,DBVPG_10619,Rhodotorula mucilaginosa,Italy,plant,356,4,4,14,30,,YPDN
1274,318,6741,DBVPG_6741,Rhodotorula mucilaginosa,Italy,soil,356,4,4,46,30,,YPDN
1275,319,51A-3,,,,,356,4,4,30,30,,YPDN
1276,320,Y2474,NRRL_Y-2474,Rhodotorula graminis,America,plant,356,4,4,6,30,,YPDN
1277,321,Y2504,NRRL_Y-2504,Rhodotorula dairenensis,America,soil,356,4,4,5,30,,YPDN
1278,322,Y2510,NRRL_Y-2510,Rhodotorula mucilaginosa,America,unknown,356,4,4,39,30,,YPDN
1279,323,Y7192,NRRL_Y-7192,Rhodotorula sphaerocarpa,America,unknown,356,4,4,62,30,,YPDN
1280,324,Y7196,NRRL_Y-7196,Rhodotorula diobovata,America,unknown,356,4,4,17,30,,YPDN
1281,325,Y12923,NRRL_Y-12923,Rhodotorula paludigena,America,plant,356,4,4,32,30,,YPDN
1282,326,Y17376,NRRL_Y-17376,Rhodotorula araucariae,America,plant,356,4,4,37,30,,YPDN
1283,327,Y48721,NRRL_Y-48721,Rhodotorula evergladensis,America,,356,4,4,50,30,,YPDN
1284,334,JES-025-001,JES-025-001,Rhodotorula mucilaginosa,America,,356,4,4,8,30,,YPDN
1285,,,,,,,,,,,,,
1286,,,,,,,,,,,,,
1287,,,,,,,,,,,,,
1288,,,,,,,,,,,,,
1289,,,,,,,,,,,,,
1290,,,,,,,,,,,,,
1291,,,,,,,,,,,,,
1292,,,,,,,,,,,,,
1293,,,,,,,,,,,,,
1294,,,,,,,,,,,,,
1295,,,,,,,,,,,,,
1296,,,,,,,,,,,,,
1297,,,,,,,,,,,,,
1298,,,,,,,,,,,,,
1299,,,,,,,,,,,,,
1300,,,,,,,,,,,,,
1301,,,,,,,,,,,,,
1302,,,,,,,,,,,,,
1303,,,,,,,,,,,,,
1304,,,,,,,,,,,,,
1305,,,,,,,,,,,,,
1306,,,,,,,,,,,,,
1307,,,,,,,,,,,,,
1308,,,,,,,,,,,,,
1309,,,,,,,,,,,,,
1310,,,,,,,,,,,,,
1311,,,,,,,,,,,,,
1312,,,,,,,,,,,,,
1313,,,,,,,,,,,,,
1314,,,,,,,,,,,,,
1315,,,,,,,,,,,,,
1316,,,,,,,,,,,,,
1317,,,,,,,,,,,,,
1318,,,,,,,,,,,,,
1319,,,,,,,,,,,,,
1320,,,,,,,,,,,,,
1321,,,,,,,,,,,,,
1322,,,,,,,,,,,,,
1323,,,,,,,,,,,,,
1324,,,,,,,,,,,,,
1325,,,,,,,,,,,,,
1326,,,,,,,,,,,,,
1327,,,,,,,,,,,,,
1328,,,,,,,,,,,,,
1329,,,,,,,,,,,,,
1330,,,,,,,,,,,,,
1331,,,,,,,,,,,,,
1332,,,,,,,,,,,,,
1333,,,,,,,,,,,,,
1334,,,,,,,,,,,,,
1335,,,,,,,,,,,,,
1336,,,,,,,,,,,,,
1337,,,,,,,,,,,,,
1338,,,,,,,,,,,,,
1339,,,,,,,,,,,,,
1340,,,,,,,,,,,,,
1341,,,,,,,,,,,,,
1342,,,,,,,,,,,,,
1343,,,,,,,,,,,,,
1344,,,,,,,,,,,,,
1345,,,,,,,,,,,,,
1346,,,,,,,,,,,,,
1347,,,,,,,,,,,,,
1348,,,,,,,,,,,,,
1349,,,,,,,,,,,,,
1350,,,,,,,,,,,,,
1351,,,,,,,,,,,,,
1352,,,,,,,,,,,,,
1353,,,,,,,,,,,,,
1354,,,,,,,,,,,,,
1355,,,,,,,,,,,,,
1356,,,,,,,,,,,,,
1357,,,,,,,,,,,,,
1358,,,,,,,,,,,,,
1359,,,,,,,,,,,,,
1360,,,,,,,,,,,,,
1361,,,,,,,,,,,,,
1362,,,,,,,,,,,,,
1363,,,,,,,,,,,,,
1364,,,,,,,,,,,,,
1365,,,,,,,,,,,,,
1366,,,,,,,,,,,,,
1367,,,,,,,,,,,,,
1368,,,,,,,,,,,,,
1369,,,,,,,,,,,,,
1370,,,,,,,,,,,,,
1371,,,,,,,,,,,,,
1372,,,,,,,,,,,,,
1373,,,,,,,,,,,,,
1374,,,,,,,,,,,,,
1375,,,,,,,,,,,,,
1376,,,,,,,,,,,,,
1377,,,,,,,,,,,,,
1378,,,,,,,,,,,,,
1379,,,,,,,,,,,,,
1380,,,,,,,,,,,,,
1381,,,,,,,,,,,,,
1382,,,,,,,,,,,,,
1383,,,,,,,,,,,,,
1384,,,,,,,,,,,,,
1385,,,,,,,,,,,,,
1386,,,,,,,,,,,,,
1387,,,,,,,,,,,,,
1388,,,,,,,,,,,,,
1389,,,,,,,,,,,,,
1390,,,,,,,,,,,,,
1391,,,,,,,,,,,,,
1392,,,,,,,,,,,,,
1393,,,,,,,,,,,,,
1394,,,,,,,,,,,,,
1395,,,,,,,,,,,,,
1396,,,,,,,,,,,,,
1397,,,,,,,,,,,,,
1398,,,,,,,,,,,,,
1399,,,,,,,,,,,,,
1400,,,,,,,,,,,,,
1401,,,,,,,,,,,,,
1402,,,,,,,,,,,,,
1403,,,,,,,,,,,,,
1404,,,,,,,,,,,,,
1405,,,,,,,,,,,,,
1406,,,,,,,,,,,,,
1407,,,,,,,,,,,,,
1408,,,,,,,,,,,,,
1409,,,,,,,,,,,,,
1410,,,,,,,,,,,,,
1411,,,,,,,,,,,,,
1412,,,,,,,,,,,,,
1413,,,,,,,,,,,,,
1414,,,,,,,,,,,,,
1415,,,,,,,,,,,,,
1416,,,,,,,,,,,,,
1417,,,,,,,,,,,,,
1418,,,,,,,,,,,,,
1419,,,,,,,,,,,,,
1420,,,,,,,,,,,,,
1421,,,,,,,,,,,,,
1422,,,,,,,,,,,,,
1423,,,,,,,,,,,,,
1424,,,,,,,,,,,,,
1425,,,,,,,,,,,,,
1426,,,,,,,,,,,,,
1427,,,,,,,,,,,,,
1428,,,,,,,,,,,,,
1429,,,,,,,,,,,,,
1430,,,,,,,,,,,,,
1431,,,,,,,,,,,,,
1432,,,,,,,,,,,,,
1433,,,,,,,,,,,,,
1434,,,,,,,,,,,,,
1435,,,,,,,,,,,,,
1436,,,,,,,,,,,,,
1437,,,,,,,,,,,,,
1438,,,,,,,,,,,,,
1439,,,,,,,,,,,,,
1440,,,,,,,,,,,,,
1441,,,,,,,,,,,,,
1442,,,,,,,,,,,,,
1443,,,,,,,,,,,,,
1444,,,,,,,,,,,,,
1445,,,,,,,,,,,,,
1446,,,,,,,,,,,,,
1447,,,,,,,,,,,,,
1448,,,,,,,,,,,,,
1449,,,,,,,,,,,,,
1450,,,,,,,,,,,,,
1451,,,,,,,,,,,,,
1452,,,,,,,,,,,,,
1453,,,,,,,,,,,,,
1454,,,,,,,,,,,,,
1455,,,,,,,,,,,,,
1456,,,,,,,,,,,,,
1457,,,,,,,,,,,,,
1458,,,,,,,,,,,,,
1459,,,,,,,,,,,,,
1460,,,,,,,,,,,,,
1461,,,,,,,,,,,,,
1462,,,,,,,,,,,,,
1463,,,,,,,,,,,,,
1464,,,,,,,,,,,,,
1465,,,,,,,,,,,,,
1466,,,,,,,,,,,,,
1467,,,,,,,,,,,,,
1468,,,,,,,,,,,,,
1469,,,,,,,,,,,,,
1470,,,,,,,,,,,,,
1471,,,,,,,,,,,,,
1472,,,,,,,,,,,,,
1473,,,,,,,,,,,,,
1474,,,,,,,,,,,,,
1475,,,,,,,,,,,,,
1476,,,,,,,,,,,,,
1477,,,,,,,,,,,,,
1478,,,,,,,,,,,,,
1479,,,,,,,,,,,,,
1480,,,,,,,,,,,,,
1481,,,,,,,,,,,,,
1482,,,,,,,,,,,,,
1483,,,,,,,,,,,,,
1484,,,,,,,,,,,,,
1485,,,,,,,,,,,,,
1486,,,,,,,,,,,,,
1487,,,,,,,,,,,,,
1488,,,,,,,,,,,,,
1489,,,,,,,,,,,,,
1490,,,,,,,,,,,,,
1491,,,,,,,,,,,,,
1492,,,,,,,,,,,,,
1493,,,,,,,,,,,,,
1494,,,,,,,,,,,,,
1495,,,,,,,,,,,,,
1496,,,,,,,,,,,,,
1497,,,,,,,,,,,,,
1498,,,,,,,,,,,,,
1499,,,,,,,,,,,,,
1500,,,,,,,,,,,,,
1501,,,,,,,,,,,,,
1502,,,,,,,,,,,,,
1503,,,,,,,,,,,,,
1504,,,,,,,,,,,,,
1505,,,,,,,,,,,,,
1506,,,,,,,,,,,,,
1507,,,,,,,,,,,,,
1508,,,,,,,,,,,,,
1509,,,,,,,,,,,,,
1510,,,,,,,,,,,,,
1511,,,,,,,,,,,,,
1512,,,,,,,,,,,,,
1513,,,,,,,,,,,,,
1514,,,,,,,,,,,,,
1515,,,,,,,,,,,,,
1516,,,,,,,,,,,,,
1517,,,,,,,,,,,,,
1518,,,,,,,,,,,,,
1519,,,,,,,,,,,,,
1520,,,,,,,,,,,,,
1521,,,,,,,,,,,,,
1522,,,,,,,,,,,,,
1523,,,,,,,,,,,,,
1524,,,,,,,,,,,,,
1525,,,,,,,,,,,,,
1526,,,,,,,,,,,,,
1527,,,,,,,,,,,,,
1528,,,,,,,,,,,,,
1529,,,,,,,,,,,,,
1530,,,,,,,,,,,,,
1531,,,,,,,,,,,,,
1532,,,,,,,,,,,,,
1533,,,,,,,,,,,,,
1534,,,,,,,,,,,,,
1535,,,,,,,,,,,,,
1536,,,,,,,,,,,,,
1537,,,,,,,,,,,,,
1538,,,,,,,,,,,,,
1539,,,,,,,,,,,,,
1540,,,,,,,,,,,,,
1541,,,,,,,,,,,,,
1542,,,,,,,,,,,,,
1543,,,,,,,,,,,,,
1544,,,,,,,,,,,,,
1545,,,,,,,,,,,,,
1546,,,,,,,,,,,,,
1547,,,,,,,,,,,,,
1548,,,,,,,,,,,,,
1549,,,,,,,,,,,,,
1550,,,,,,,,,,,,,
1551,,,,,,,,,,,,,
1552,,,,,,,,,,,,,
1553,,,,,,,,,,,,,
1554,,,,,,,,,,,,,
1555,,,,,,,,,,,,,
1556,,,,,,,,,,,,,
1557,,,,,,,,,,,,,
1558,,,,,,,,,,,,,
1559,,,,,,,,,,,,,
1560,,,,,,,,,,,,,
1561,,,,,,,,,,,,,
1562,,,,,,,,,,,,,
1563,,,,,,,,,,,,,
1564,,,,,,,,,,,,,
1565,,,,,,,,,,,,,
1566,,,,,,,,,,,,,
1567,,,,,,,,,,,,,
1568,,,,,,,,,,,,,
1569,,,,,,,,,,,,,
1570,,,,,,,,,,,,,
1571,,,,,,,,,,,,,
1572,,,,,,,,,,,,,
1573,,,,,,,,,,,,,
1574,,,,,,,,,,,,,
1575,,,,,,,,,,,,,
1576,,,,,,,,,,,,,
1577,,,,,,,,,,,,,
1578,,,,,,,,,,,,,
1579,,,,,,,,,,,,,
1580,,,,,,,,,,,,,
1581,,,,,,,,,,,,,
1582,,,,,,,,,,,,,
1583,,,,,,,,,,,,,
1584,,,,,,,,,,,,,
1585,,,,,,,,,,,,,
1586,,,,,,,,,,,,,
1587,,,,,,,,,,,,,
1588,,,,,,,,,,,,,
1589,,,,,,,,,,,,,
1590,,,,,,,,,,,,,
1591,,,,,,,,,,,,,
1592,,,,,,,,,,,,,
1593,,,,,,,,,,,,,
1594,,,,,,,,,,,,,
1595,,,,,,,,,,,,,
1596,,,,,,,,,,,,,
1597,,,,,,,,,,,,,
1598,,,,,,,,,,,,,
1599,,,,,,,,,,,,,
1600,,,,,,,,,,,,,
1601,,,,,,,,,,,,,
1602,,,,,,,,,,,,,
1603,,,,,,,,,,,,,
1604,,,,,,,,,,,,,
1605,,,,,,,,,,,,,
1606,,,,,,,,,,,,,
1607,,,,,,,,,,,,,
1608,,,,,,,,,,,,,
1609,,,,,,,,,,,,,
1610,,,,,,,,,,,,,
1611,,,,,,,,,,,,,
1612,,,,,,,,,,,,,
1613,,,,,,,,,,,,,
1614,,,,,,,,,,,,,
1615,,,,,,,,,,,,,
1616,,,,,,,,,,,,,
1617,,,,,,,,,,,,,
1618,,,,,,,,,,,,,
1619,,,,,,,,,,,,,
1620,,,,,,,,,,,,,
1621,,,,,,,,,,,,,
1622,,,,,,,,,,,,,
1623,,,,,,,,,,,,,
1624,,,,,,,,,,,,,
1625,,,,,,,,,,,,,
1626,,,,,,,,,,,,,
1627,,,,,,,,,,,,,
1628,,,,,,,,,,,,,
1629,,,,,,,,,,,,,
1630,,,,,,,,,,,,,
1631,,,,,,,,,,,,,
1632,,,,,,,,,,,,,
1633,,,,,,,,,,,,,
1634,,,,,,,,,,,,,
1635,,,,,,,,,,,,,
1636,,,,,,,,,,,,,
1637,,,,,,,,,,,,,
1638,,,,,,,,,,,,,
1639,,,,,,,,,,,,,
1640,,,,,,,,,,,,,
1641,,,,,,,,,,,,,
1642,,,,,,,,,,,,,
1643,,,,,,,,,,,,,
1644,,,,,,,,,,,,,
1645,,,,,,,,,,,,,
1646,,,,,,,,,,,,,
1647,,,,,,,,,,,,,
1648,,,,,,,,,,,,,
1649,,,,,,,,,,,,,
1650,,,,,,,,,,,,,
1651,,,,,,,,,,,,,
1652,,,,,,,,,,,,,
1653,,,,,,,,,,,,,
1654,,,,,,,,,,,,,
1655,,,,,,,,,,,,,
1656,,,,,,,,,,,,,
1657,,,,,,,,,,,,,
1658,,,,,,,,,,,,,
1659,,,,,,,,,,,,,
1660,,,,,,,,,,,,,
1661,,,,,,,,,,,,,
1662,,,,,,,,,,,,,
1663,,,,,,,,,,,,,
1664,,,,,,,,,,,,,
1665,,,,,,,,,,,,,
1666,,,,,,,,,,,,,
1667,,,,,,,,,,,,,
1668,,,,,,,,,,,,,
1669,,,,,,,,,,,,,
1670,,,,,,,,,,,,,
1671,,,,,,,,,,,,,
1672,,,,,,,,,,,,,
1673,,,,,,,,,,,,,
1674,,,,,,,,,,,,,
1675,,,,,,,,,,,,,
1676,,,,,,,,,,,,,
1677,,,,,,,,,,,,,
1678,,,,,,,,,,,,,
1679,,,,,,,,,,,,,
1680,,,,,,,,,,,,,
1681,,,,,,,,,,,,,
1682,,,,,,,,,,,,,
1683,,,,,,,,,,,,,
1684,,,,,,,,,,,,,
1685,,,,,,,,,,,,,
1686,,,,,,,,,,,,,
1687,,,,,,,,,,,,,
1688,,,,,,,,,,,,,
1689,,,,,,,,,,,,,
1690,,,,,,,,,,,,,
1691,,,,,,,,,,,,,
1692,,,,,,,,,,,,,
1693,,,,,,,,,,,,,
1694,,,,,,,,,,,,,
1695,,,,,,,,,,,,,
1696,,,,,,,,,,,,,
1697,,,,,,,,,,,,,
1698,,,,,,,,,,,,,
1699,,,,,,,,,,,,,
1700,,,,,,,,,,,,,
1701,,,,,,,,,,,,,
1702,,,,,,,,,,,,,
1703,,,,,,,,,,,,,
1704,,,,,,,,,,,,,
1705,,,,,,,,,,,,,
1706,,,,,,,,,,,,,
1707,,,,,,,,,,,,,
1708,,,,,,,,,,,,,
1709,,,,,,,,,,,,,
1710,,,,,,,,,,,,,
1711,,,,,,,,,,,,,
1712,,,,,,,,,,,,,
1713,,,,,,,,,,,,,
1714,,,,,,,,,,,,,
1715,,,,,,,,,,,,,
1716,,,,,,,,,,,,,
1717,,,,,,,,,,,,,
1718,,,,,,,,,,,,,
1719,,,,,,,,,,,,,
1720,,,,,,,,,,,,,
1721,,,,,,,,,,,,,
1722,,,,,,,,,,,,,
1723,,,,,,,,,,,,,
1724,,,,,,,,,,,,,
1725,,,,,,,,,,,,,
1726,,,,,,,,,,,,,
1727,,,,,,,,,,,,,
1728,,,,,,,,,,,,,
1729,,,,,,,,,,,,,
1730,,,,,,,,,,,,,
1731,,,,,,,,,,,,,
1732,,,,,,,,,,,,,
1733,,,,,,,,,,,,,
1734,,,,,,,,,,,,,
1735,,,,,,,,,,,,,
1736,,,,,,,,,,,,,
1737,,,,,,,,,,,,,
1738,,,,,,,,,,,,,
1739,,,,,,,,,,,,,
1740,,,,,,,,,,,,,
1741,,,,,,,,,,,,,
1742,,,,,,,,,,,,,
1743,,,,,,,,,,,,,
1744,,,,,,,,,,,,,
1745,,,,,,,,,,,,,
1746,,,,,,,,,,,,,
1747,,,,,,,,,,,,,
1748,,,,,,,,,,,,,
1749,,,,,,,,,,,,,
1750,,,,,,,,,,,,,
1751,,,,,,,,,,,,,
1752,,,,,,,,,,,,,
1753,,,,,,,,,,,,,
1754,,,,,,,,,,,,,
1755,,,,,,,,,,,,,
1756,,,,,,,,,,,,,
1757,,,,,,,,,,,,,
1758,,,,,,,,,,,,,
1759,,,,,,,,,,,,,
1760,,,,,,,,,,,,,
1761,,,,,,,,,,,,,
1762,,,,,,,,,,,,,
1763,,,,,,,,,,,,,
1764,,,,,,,,,,,,,
1765,,,,,,,,,,,,,
1766,,,,,,,,,,,,,
1767,,,,,,,,,,,,,
1768,,,,,,,,,,,,,
1769,,,,,,,,,,,,,
1770,,,,,,,,,,,,,
1771,,,,,,,,,,,,,
1772,,,,,,,,,,,,,
1773,,,,,,,,,,,,,
1774,,,,,,,,,,,,,
1775,,,,,,,,,,,,,
1776,,,,,,,,,,,,,
1777,,,,,,,,,,,,,
1778,,,,,,,,,,,,,
1779,,,,,,,,,,,,,
1780,,,,,,,,,,,,,
1781,,,,,,,,,,,,,
1782,,,,,,,,,,,,,
1783,,,,,,,,,,,,,
1784,,,,,,,,,,,,,
1785,,,,,,,,,,,,,
1786,,,,,,,,,,,,,
1787,,,,,,,,,,,,,
1788,,,,,,,,,,,,,
1789,,,,,,,,,,,,,
1790,,,,,,,,,,,,,
1791,,,,,,,,,,,,,
1792,,,,,,,,,,,,,
1793,,,,,,,,,,,,,
1794,,,,,,,,,,,,,
1795,,,,,,,,,,,,,
1796,,,,,,,,,,,,,
1797,,,,,,,,,,,,,
1798,,,,,,,,,,,,,
1799,,,,,,,,,,,,,
1800,,,,,,,,,,,,,
1801,,,,,,,,,,,,,
1802,,,,,,,,,,,,,
1803,,,,,,,,,,,,,
1804,,,,,,,,,,,,,
1805,,,,,,,,,,,,,
1806,,,,,,,,,,,,,
1807,,,,,,,,,,,,,
1808,,,,,,,,,,,,,
1809,,,,,,,,,,,,,
1810,,,,,,,,,,,,,
1811,,,,,,,,,,,,,
1812,,,,,,,,,,,,,
1813,,,,,,,,,,,,,
1814,,,,,,,,,,,,,
1815,,,,,,,,,,,,,
1816,,,,,,,,,,,,,
1817,,,,,,,,,,,,,
1818,,,,,,,,,,,,,
1819,,,,,,,,,,,,,
1820,,,,,,,,,,,,,
1821,,,,,,,,,,,,,
1822,,,,,,,,,,,,,
1823,,,,,,,,,,,,,
1824,,,,,,,,,,,,,
1825,,,,,,,,,,,,,
1826,,,,,,,,,,,,,
1827,,,,,,,,,,,,,
1828,,,,,,,,,,,,,
1829,,,,,,,,,,,,,
1830,,,,,,,,,,,,,
1831,,,,,,,,,,,,,
1832,,,,,,,,,,,,,
1833,,,,,,,,,,,,,
1834,,,,,,,,,,,,,
1835,,,,,,,,,,,,,
1836,,,,,,,,,,,,,
1837,,,,,,,,,,,,,
1838,,,,,,,,,,,,,
1839,,,,,,,,,,,,,
1840,,,,,,,,,,,,,
1841,,,,,,,,,,,,,
1842,,,,,,,,,,,,,
1843,,,,,,,,,,,,,
1844,,,,,,,,,,,,,
1845,,,,,,,,,,,,,
1846,,,,,,,,,,,,,
1847,,,,,,,,,,,,,
1848,,,,,,,,,,,,,
1849,,,,,,,,,,,,,
1850,,,,,,,,,,,,,
1851,,,,,,,,,,,,,
1852,,,,,,,,,,,,,
1853,,,,,,,,,,,,,
1854,,,,,,,,,,,,,
1855,,,,,,,,,,,,,
1856,,,,,,,,,,,,,
1857,,,,,,,,,,,,,
1858,,,,,,,,,,,,,
1859,,,,,,,,,,,,,
1860,,,,,,,,,,,,,
1861,,,,,,,,,,,,,
1862,,,,,,,,,,,,,
1863,,,,,,,,,,,,,
1864,,,,,,,,,,,,,
1865,,,,,,,,,,,,,
1866,,,,,,,,,,,,,
1867,,,,,,,,,,,,,
1868,,,,,,,,,,,,,
1869,,,,,,,,,,,,,
1870,,,,,,,,,,,,,
1871,,,,,,,,,,,,,
1872,,,,,,,,,,,,,
1873,,,,,,,,,,,,,
1874,,,,,,,,,,,,,
1875,,,,,,,,,,,,,
1876,,,,,,,,,,,,,
1877,,,,,,,,,,,,,
1878,,,,,,,,,,,,,
1879,,,,,,,,,,,,,
1880,,,,,,,,,,,,,
1881,,,,,,,,,,,,,
1882,,,,,,,,,,,,,
1883,,,,,,,,,,,,,
1884,,,,,,,,,,,,,
1885,,,,,,,,,,,,,
1886,,,,,,,,,,,,,
1887,,,,,,,,,,,,,
1888,,,,,,,,,,,,,
1889,,,,,,,,,,,,,
1890,,,,,,,,,,,,,
1891,,,,,,,,,,,,,
1892,,,,,,,,,,,,,
1893,,,,,,,,,,,,,
1894,,,,,,,,,,,,,
1895,,,,,,,,,,,,,
1896,,,,,,,,,,,,,
1897,,,,,,,,,,,,,
1898,,,,,,,,,,,,,
1899,,,,,,,,,,,,,
1900,,,,,,,,,,,,,
1901,,,,,,,,,,,,,
1902,,,,,,,,,,,,,
1903,,,,,,,,,,,,,
1904,,,,,,,,,,,,,
1905,,,,,,,,,,,,,
1906,,,,,,,,,,,,,
1907,,,,,,,,,,,,,
1908,,,,,,,,,,,,,
1909,,,,,,,,,,,,,
1910,,,,,,,,,,,,,
1911,,,,,,,,,,,,,
1912,,,,,,,,,,,,,
1913,,,,,,,,,,,,,
1914,,,,,,,,,,,,,
1915,,,,,,,,,,,,,
1916,,,,,,,,,,,,,
1917,,,,,,,,,,,,,
1918,,,,,,,,,,,,,
1919,,,,,,,,,,,,,
1920,,,,,,,,,,,,,
1921,,,,,,,,,,,,,
1922,,,,,,,,,,,,,
1923,,,,,,,,,,,,,
1924,,,,,,,,,,,,,
1925,,,,,,,,,,,,,
1926,,,,,,,,,,,,,
1927,,,,,,,,,,,,,
1928,,,,,,,,,,,,,
1929,,,,,,,,,,,,,
1930,,,,,,,,,,,,,
1931,,,,,,,,,,,,,
1932,,,,,,,,,,,,,
1933,,,,,,,,,,,,,
1934,,,,,,,,,,,,,
1935,,,,,,,,,,,,,
1936,,,,,,,,,,,,,
1937,,,,,,,,,,,,,
1938,,,,,,,,,,,,,
1939,,,,,,,,,,,,,
1940,,,,,,,,,,,,,
1941,,,,,,,,,,,,,
1942,,,,,,,,,,,,,
1943,,,,,,,,,,,,,
1944,,,,,,,,,,,,,
1945,,,,,,,,,,,,,
1946,,,,,,,,,,,,,
1947,,,,,,,,,,,,,
1948,,,,,,,,,,,,,
1949,,,,,,,,,,,,,
1950,,,,,,,,,,,,,
1951,,,,,,,,,,,,,
1952,,,,,,,,,,,,,
1953,,,,,,,,,,,,,
1954,,,,,,,,,,,,,
1955,,,,,,,,,,,,,
1956,,,,,,,,,,,,,
1957,,,,,,,,,,,,,
1958,,,,,,,,,,,,,
1959,,,,,,,,,,,,,
1960,,,,,,,,,,,,,
1961,,,,,,,,,,,,,
1962,,,,,,,,,,,,,
1963,,,,,,,,,,,,,
1964,,,,,,,,,,,,,
1965,,,,,,,,,,,,,
1966,,,,,,,,,,,,,
1967,,,,,,,,,,,,,
1968,,,,,,,,,,,,,
1969,,,,,,,,,,,,,
1970,,,,,,,,,,,,,
1971,,,,,,,,,,,,,
1972,,,,,,,,,,,,,
1973,,,,,,,,,,,,,
1974,,,,,,,,,,,,,
1975,,,,,,,,,,,,,
1976,,,,,,,,,,,,,
1977,,,,,,,,,,,,,
1978,,,,,,,,,,,,,
1979,,,,,,,,,,,,,
1980,,,,,,,,,,,,,
1981,,,,,,,,,,,,,
1982,,,,,,,,,,,,,
1983,,,,,,,,,,,,,
1984,,,,,,,,,,,,,
1985,,,,,,,,,,,,,
1986,,,,,,,,,,,,,
1987,,,,,,,,,,,,,
1988,,,,,,,,,,,,,
1989,,,,,,,,,,,,,
1990,,,,,,,,,,,,,
1991,,,,,,,,,,,,,
1992,,,,,,,,,,,,,
1993,,,,,,,,,,,,,
1994,,,,,,,,,,,,,
1995,,,,,,,,,,,,,
1996,,,,,,,,,,,,,
1997,,,,,,,,,,,,,
1998,,,,,,,,,,,,,
1999,,,,,,,,,,,,,
2000,,,,,,,,,,,,,
2001,,,,,,,,,,,,,
2002,,,,,,,,,,,,,
2003,,,,,,,,,,,,,
2004,,,,,,,,,,,,,
2005,,,,,,,,,,,,,
2006,,,,,,,,,,,,,
2007,,,,,,,,,,,,,
2008,,,,,,,,,,,,,
2009,,,,,,,,,,,,,
2010,,,,,,,,,,,,,
2011,,,,,,,,,,,,,
2012,,,,,,,,,,,,,
2013,,,,,,,,,,,,,
2014,,,,,,,,,,,,,
2015,,,,,,,,,,,,,
2016,,,,,,,,,,,,,
2017,,,,,,,,,,,,,
2018,,,,,,,,,,,,,
2019,,,,,,,,,,,,,
2020,,,,,,,,,,,,,
2021,,,,,,,,,,,,,
2022,,,,,,,,,,,,,
2023,,,,,,,,,,,,,
2024,,,,,,,,,,,,,
2025,,,,,,,,,,,,,
2026,,,,,,,,,,,,,
2027,,,,,,,,,,,,,
2028,,,,,,,,,,,,,
2029,,,,,,,,,,,,,
2030,,,,,,,,,,,,,
2031,,,,,,,,,,,,,
2032,,,,,,,,,,,,,
2033,,,,,,,,,,,,,
2034,,,,,,,,,,,,,
2035,,,,,,,,,,,,,
2036,,,,,,,,,,,,,
2037,,,,,,,,,,,,,
2038,,,,,,,,,,,,,
2039,,,,,,,,,,,,,
2040,,,,,,,,,,,,,
2041,,,,,,,,,,,,,
2042,,,,,,,,,,,,,
2043,,,,,,,,,,,,,
2044,,,,,,,,,,,,,
2045,,,,,,,,,,,,,
2046,,,,,,,,,,,,,
2047,,,,,,,,,,,,,
2048,,,,,,,,,,,,,
2049,,,,,,,,,,,,,
2050,,,,,,,,,,,,,
2051,,,,,,,,,,,,,
2052,,,,,,,,,,,,,
2053,,,,,,,,,,,,,
2054,,,,,,,,,,,,,
2055,,,,,,,,,,,,,
2056,,,,,,,,,,,,,
2057,,,,,,,,,,,,,
2058,,,,,,,,,,,,,
2059,,,,,,,,,,,,,
2060,,,,,,,,,,,,,
2061,,,,,,,,,,,,,
2062,,,,,,,,,,,,,
2063,,,,,,,,,,,,,
2064,,,,,,,,,,,,,
2065,,,,,,,,,,,,,
2066,,,,,,,,,,,,,
2067,,,,,,,,,,,,,
2068,,,,,,,,,,,,,
2069,,,,,,,,,,,,,
2070,,,,,,,,,,,,,
2071,,,,,,,,,,,,,
2072,,,,,,,,,,,,,
2073,,,,,,,,,,,,,
2074,,,,,,,,,,,,,
2075,,,,,,,,,,,,,
2076,,,,,,,,,,,,,
2077,,,,,,,,,,,,,
2078,,,,,,,,,,,,,
2079,,,,,,,,,,,,,
2080,,,,,,,,,,,,,
2081,,,,,,,,,,,,,
2082,,,,,,,,,,,,,
2083,,,,,,,,,,,,,
2084,,,,,,,,,,,,,
2085,,,,,,,,,,,,,
2086,,,,,,,,,,,,,
2087,,,,,,,,,,,,,
2088,,,,,,,,,,,,,
2089,,,,,,,,,,,,,
2090,,,,,,,,,,,,,
2091,,,,,,,,,,,,,
2092,,,,,,,,,,,,,
2093,,,,,,,,,,,,,
2094,,,,,,,,,,,,,
2095,,,,,,,,,,,,,
2096,,,,,,,,,,,,,
2097,,,,,,,,,,,,,
2098,,,,,,,,,,,,,
2099,,,,,,,,,,,,,
2100,,,,,,,,,,,,,
2101,,,,,,,,,,,,,
2102,,,,,,,,,,,,,
2103,,,,,,,,,,,,,
2104,,,,,,,,,,,,,
2105,,,,,,,,,,,,,
2106,,,,,,,,,,,,,
2107,,,,,,,,,,,,,
2108,,,,,,,,,,,,,
2109,,,,,,,,,,,,,
2110,,,,,,,,,,,,,
2111,,,,,,,,,,,,,
2112,,,,,,,,,,,,,
2113,,,,,,,,,,,,,
2114,,,,,,,,,,,,,
2115,,,,,,,,,,,,,
2116,,,,,,,,,,,,,
2117,,,,,,,,,,,,,
2118,,,,,,,,,,,,,
2119,,,,,,,,,,,,,
2120,,,,,,,,,,,,,
2121,,,,,,,,,,,,,
2122,,,,,,,,,,,,,
2123,,,,,,,,,,,,,
2124,,,,,,,,,,,,,
2125,,,,,,,,,,,,,
2126,,,,,,,,,,,,,
2127,,,,,,,,,,,,,
2128,,,,,,,,,,,,,
2129,,,,,,,,,,,,,
2130,,,,,,,,,,,,,
2131,,,,,,,,,,,,,
2132,,,,,,,,,,,,,
2133,,,,,,,,,,,,,
2134,,,,,,,,,,,,,
2135,,,,,,,,,,,,,
2136,,,,,,,,,,,,,
2137,,,,,,,,,,,,,
2138,,,,,,,,,,,,,
2139,,,,,,,,,,,,,
2140,,,,,,,,,,,,,
2141,,,,,,,,,,,,,
2142,,,,,,,,,,,,,
2143,,,,,,,,,,,,,
2144,,,,,,,,,,,,,
2145,,,,,,,,,,,,,
2146,,,,,,,,,,,,,
2147,,,,,,,,,,,,,
2148,,,,,,,,,,,,,
2149,,,,,,,,,,,,,
2150,,,,,,,,,,,,,
2151,,,,,,,,,,,,,
2152,,,,,,,,,,,,,
2153,,,,,,,,,,,,,
2154,,,,,,,,,,,,,
2155,,,,,,,,,,,,,
2156,,,,,,,,,,,,,
2157,,,,,,,,,,,,,
2158,,,,,,,,,,,,,
2159,,,,,,,,,,,,,
2160,,,,,,,,,,,,,
2161,,,,,,,,,,,,,
2162,,,,,,,,,,,,,
2163,,,,,,,,,,,,,
2164,,,,,,,,,,,,,
2165,,,,,,,,,,,,,
2166,,,,,,,,,,,,,
2167,,,,,,,,,,,,,
2168,,,,,,,,,,,,,
2169,,,,,,,,,,,,,
2170,,,,,,,,,,,,,
2171,,,,,,,,,,,,,
2172,,,,,,,,,,,,,
2173,,,,,,,,,,,,,
2174,,,,,,,,,,,,,
2175,,,,,,,,,,,,,
2176,,,,,,,,,,,,,
2177,,,,,,,,,,,,,
2178,,,,,,,,,,,,,
2179,,,,,,,,,,,,,
2180,,,,,,,,,,,,,
2181,,,,,,,,,,,,,
2182,,,,,,,,,,,,,
2183,,,,,,,,,,,,,
2184,,,,,,,,,,,,,
2185,,,,,,,,,,,,,
2186,,,,,,,,,,,,,
2187,,,,,,,,,,,,,
2188,,,,,,,,,,,,,
2189,,,,,,,,,,,,,
2190,,,,,,,,,,,,,
2191,,,,,,,,,,,,,
2192,,,,,,,,,,,,,
2193,,,,,,,,,,,,,
2194,,,,,,,,,,,,,
2195,,,,,,,,,,,,,
2196,,,,,,,,,,,,,
2197,,,,,,,,,,,,,
2198,,,,,,,,,,,,,
2199,,,,,,,,,,,,,
2200,,,,,,,,,,,,,
2201,,,,,,,,,,,,,
2202,,,,,,,,,,,,,
2203,,,,,,,,,,,,,
2204,,,,,,,,,,,,,
2205,,,,,,,,,,,,,
2206,,,,,,,,,,,,,
2207,,,,,,,,,,,,,
2208,,,,,,,,,,,,,
2209,,,,,,,,,,,,,
2210,,,,,,,,,,,,,
2211,,,,,,,,,,,,,
2212,,,,,,,,,,,,,
2213,,,,,,,,,,,,,
2214,,,,,,,,,,,,,
2215,,,,,,,,,,,,,
2216,,,,,,,,,,,,,
2217,,,,,,,,,,,,,
2218,,,,,,,,,,,,,
2219,,,,,,,,,,,,,
2220,,,,,,,,,,,,,
2221,,,,,,,,,,,,,
2222,,,,,,,,,,,,,
2223,,,,,,,,,,,,,
2224,,,,,,,,,,,,,
2225,,,,,,,,,,,,,
2226,,,,,,,,,,,,,
2227,,,,,,,,,,,,,
2228,,,,,,,,,,,,,
2229,,,,,,,,,,,,,
2230,,,,,,,,,,,,,
2231,,,,,,,,,,,,,
2232,,,,,,,,,,,,,
2233,,,,,,,,,,,,,
2234,,,,,,,,,,,,,
2235,,,,,,,,,,,,,
2236,,,,,,,,,,,,,
2237,,,,,,,,,,,,,
2238,,,,,,,,,,,,,
2239,,,,,,,,,,,,,
2240,,,,,,,,,,,,,
2241,,,,,,,,,,,,,
2242,,,,,,,,,,,,,
2243,,,,,,,,,,,,,
2244,,,,,,,,,,,,,
2245,,,,,,,,,,,,,
2246,,,,,,,,,,,,,
2247,,,,,,,,,,,,,
2248,,,,,,,,,,,,,
2249,,,,,,,,,,,,,
2250,,,,,,,,,,,,,
2251,,,,,,,,,,,,,
2252,,,,,,,,,,,,,
2253,,,,,,,,,,,,,
2254,,,,,,,,,,,,,
2255,,,,,,,,,,,,,
2256,,,,,,,,,,,,,
2257,,,,,,,,,,,,,
2258,,,,,,,,,,,,,
2259,,,,,,,,,,,,,
2260,,,,,,,,,,,,,
2261,,,,,,,,,,,,,
2262,,,,,,,,,,,,,
2263,,,,,,,,,,,,,
2264,,,,,,,,,,,,,
2265,,,,,,,,,,,,,
2266,,,,,,,,,,,,,
2267,,,,,,,,,,,,,
2268,,,,,,,,,,,,,
2269,,,,,,,,,,,,,
2270,,,,,,,,,,,,,
2271,,,,,,,,,,,,,
2272,,,,,,,,,,,,,
2273,,,,,,,,,,,,,
2274,,,,,,,,,,,,,
2275,,,,,,,,,,,,,
2276,,,,,,,,,,,,,
2277,,,,,,,,,,,,,
2278,,,,,,,,,,,,,
2279,,,,,,,,,,,,,
2280,,,,,,,,,,,,,
2281,,,,,,,,,,,,,
2282,,,,,,,,,,,,,
2283,,,,,,,,,,,,,
2284,,,,,,,,,,,,,
2285,,,,,,,,,,,,,
2286,,,,,,,,,,,,,
2287,,,,,,,,,,,,,
2288,,,,,,,,,,,,,
2289,,,,,,,,,,,,,
2290,,,,,,,,,,,,,
2291,,,,,,,,,,,,,
2292,,,,,,,,,,,,,
2293,,,,,,,,,,,,,
2294,,,,,,,,,,,,,
2295,,,,,,,,,,,,,
2296,,,,,,,,,,,,,
2297,,,,,,,,,,,,,
2298,,,,,,,,,,,,,
2299,,,,,,,,,,,,,
2300,,,,,,,,,,,,,
2301,,,,,,,,,,,,,
2302,,,,,,,,,,,,,
2303,,,,,,,,,,,,,
2304,,,,,,,,,,,,,
2305,,,,,,,,,,,,,
2306,,,,,,,,,,,,,
2307,,,,,,,,,,,,,
2308,,,,,,,,,,,,,
2309,,,,,,,,,,,,,
2310,,,,,,,,,,,,,
2311,,,,,,,,,,,,,
2312,,,,,,,,,,,,,
2313,,,,,,,,,,,,,
2314,,,,,,,,,,,,,
2315,,,,,,,,,,,,,
2316,,,,,,,,,,,,,
2317,,,,,,,,,,,,,
2318,,,,,,,,,,,,,
2319,,,,,,,,,,,,,
2320,,,,,,,,,,,,,
2321,,,,,,,,,,,,,
2322,,,,,,,,,,,,,
2323,,,,,,,,,,,,,
2324,,,,,,,,,,,,,
2325,,,,,,,,,,,,,
2326,,,,,,,,,,,,,
2327,,,,,,,,,,,,,
2328,,,,,,,,,,,,,
2329,,,,,,,,,,,,,
2330,,,,,,,,,,,,,
2331,,,,,,,,,,,,,
2332,,,,,,,,,,,,,
2333,,,,,,,,,,,,,
2334,,,,,,,,,,,,,
2335,,,,,,,,,,,,,
2336,,,,,,,,,,,,,
2337,,,,,,,,,,,,,
2338,,,,,,,,,,,,,
2339,,,,,,,,,,,,,
2340,,,,,,,,,,,,,
2341,,,,,,,,,,,,,
2342,,,,,,,,,,,,,
2343,,,,,,,,,,,,,
2344,,,,,,,,,,,,,
2345,,,,,,,,,,,,,
2346,,,,,,,,,,,,,
2347,,,,,,,,,,,,,
2348,,,,,,,,,,,,,
2349,,,,,,,,,,,,,
2350,,,,,,,,,,,,,
2351,,,,,,,,,,,,,
2352,,,,,,,,,,,,,
2353,,,,,,,,,,,,,
2354,,,,,,,,,,,,,
2355,,,,,,,,,,,,,
2356,,,,,,,,,,,,,
2357,,,,,,,,,,,,,
2358,,,,,,,,,,,,,
2359,,,,,,,,,,,,,
2360,,,,,,,,,,,,,
2361,,,,,,,,,,,,,
2362,,,,,,,,,,,,,
2363,,,,,,,,,,,,,
2364,,,,,,,,,,,,,
2365,,,,,,,,,,,,,
2366,,,,,,,,,,,,,
2367,,,,,,,,,,,,,
2368,,,,,,,,,,,,,
2369,,,,,,,,,,,,,
2370,,,,,,,,,,,,,
2371,,,,,,,,,,,,,
2372,,,,,,,,,,,,,
2373,,,,,,,,,,,,,
2374,,,,,,,,,,,,,
2375,,,,,,,,,,,,,
2376,,,,,,,,,,,,,
2377,,,,,,,,,,,,,
2378,,,,,,,,,,,,,
2379,,,,,,,,,,,,,
2380,,,,,,,,,,,,,
2381,,,,,,,,,,,,,
2382,,,,,,,,,,,,,
2383,,,,,,,,,,,,,
2384,,,,,,,,,,,,,
2385,,,,,,,,,,,,,
2386,,,,,,,,,,,,,
2387,,,,,,,,,,,,,
2388,,,,,,,,,,,,,
2389,,,,,,,,,,,,,
2390,,,,,,,,,,,,,
2391,,,,,,,,,,,,,
2392,,,,,,,,,,,,,
2393,,,,,,,,,,,,,
2394,,,,,,,,,,,,,
2395,,,,,,,,,,,,,
2396,,,,,,,,,,,,,
2397,,,,,,,,,,,,,
2398,,,,,,,,,,,,,
2399,,,,,,,,,,,,,
2400,,,,,,,,,,,,,
