strain_id,copper_mm,species,hue_wmean,chroma_median,n,morph
1.0,0.0,Rhodotorula mucilaginosa,23.04285656439592,9.59314039271734,20.0,1
1.0,5.0,Rhodotorula mucilaginosa,41.96365120245079,11.990572231397849,20.0,0
1.0,10.0,Rhodotorula mucilaginosa,46.19710601710319,10.479584542276609,20.0,0
1.0,15.0,Rhodotorula mucilaginosa,46.91254929310484,8.9264533361192,20.0,0
1.0,20.0,Rhodotorula mucilaginosa,51.21023260049511,7.508159777416014,20.0,0
1.0,25.0,Rhodotorula mucilaginosa,53.27163797560956,6.615196452622804,20.0,0
1.0,30.0,Rhodotorula mucilaginosa,54.381450616754066,5.806357585282525,20.0,0
2.0,0.0,Rhodotorula mucilaginosa,16.62113323316915,9.329202039421038,20.0,1
2.0,5.0,Rhodotorula mucilaginosa,43.995511470787164,11.992506644412465,20.0,0
2.0,10.0,Rhodotorula mucilaginosa,51.94716258168382,11.969671625523677,20.0,0
2.0,15.0,Rhodotorula mucilaginosa,53.72563211780848,10.218326418105047,20.0,0
2.0,20.0,Rhodotorula mucilaginosa,59.758002120074714,8.806441714288887,20.0,0
2.0,25.0,Rhodotorula mucilaginosa,63.66695897944192,8.049323528218162,20.0,0
2.0,30.0,Rhodotorula mucilaginosa,62.608986391819435,6.442526287107976,20.0,0
3.0,0.0,Rhodotorula mucilaginosa,10.451110724514216,8.5198448328825,20.0,1
3.0,5.0,Rhodotorula mucilaginosa,40.1531915112477,11.651335818588302,20.0,0
3.0,10.0,Rhodotorula mucilaginosa,40.80227658407652,10.884965831587586,15.0,0
3.0,15.0,Rhodotorula mucilaginosa,36.57907628468111,10.47680463617133,19.0,0
3.0,20.0,Rhodotorula mucilaginosa,45.73633686010556,10.45258851826176,15.0,0
3.0,25.0,Rhodotorula mucilaginosa,49.69750589202388,9.143508274368733,15.0,0
3.0,30.0,Rhodotorula mucilaginosa,60.225202960229716,8.110227196200208,15.0,0
4.0,0.0,Rhodotorula mucilaginosa,12.07210492934653,10.829887314828333,20.0,1
4.0,5.0,Rhodotorula mucilaginosa,40.95757231632319,12.702675963534759,20.0,0
4.0,10.0,Rhodotorula mucilaginosa,45.68536169785397,11.604423816799109,20.0,0
4.0,15.0,Rhodotorula mucilaginosa,47.174567960218326,10.46770716659612,20.0,0
4.0,20.0,Rhodotorula mucilaginosa,50.982372824279636,8.491034077760219,20.0,0
4.0,25.0,Rhodotorula mucilaginosa,53.00162214772505,8.05633723372973,20.0,0
4.0,30.0,Rhodotorula mucilaginosa,49.96009164833522,6.640676348446997,20.0,0
5.0,0.0,Rhodotorula mucilaginosa,16.97628372023355,10.035076949334155,20.0,1
5.0,5.0,Rhodotorula mucilaginosa,37.54947883971533,11.726874598719018,20.0,0
5.0,10.0,Rhodotorula mucilaginosa,41.473154675498876,10.59651662977246,20.0,0
5.0,15.0,Rhodotorula mucilaginosa,40.80840337569928,9.645255421331779,20.0,0
5.0,20.0,Rhodotorula mucilaginosa,45.39433284396264,8.69022384973872,20.0,0
5.0,25.0,Rhodotorula mucilaginosa,51.19153492625191,8.218689961381774,20.0,0
5.0,30.0,Rhodotorula mucilaginosa,61.58281842135142,7.787508594205351,18.0,0
6.0,0.0,Rhodotorula mucilaginosa,11.688566031686028,10.14070915149475,20.0,1
6.0,5.0,Rhodotorula mucilaginosa,35.6563976092216,11.873934233751463,20.0,0
6.0,10.0,Rhodotorula mucilaginosa,37.24208770892712,10.480619498591842,20.0,0
6.0,15.0,Rhodotorula mucilaginosa,41.861528390315705,8.923368333351057,20.0,0
6.0,20.0,Rhodotorula mucilaginosa,42.86027906732826,7.2326768734674385,20.0,0
6.0,25.0,Rhodotorula mucilaginosa,45.00992049266719,5.78394531936838,20.0,0
6.0,30.0,Rhodotorula mucilaginosa,54.42881910589716,5.356943173258762,20.0,0
7.0,0.0,Rhodotorula mucilaginosa,20.487838139283966,9.200795828799409,20.0,1
7.0,5.0,Rhodotorula mucilaginosa,37.76684135107068,11.55063087916861,20.0,0
7.0,10.0,Rhodotorula mucilaginosa,38.01213831459899,10.671139446105919,20.0,0
7.0,15.0,Rhodotorula mucilaginosa,38.274893486258584,8.821668829214975,20.0,0
7.0,20.0,Rhodotorula mucilaginosa,41.454657716876994,7.765482114821598,20.0,0
7.0,25.0,Rhodotorula mucilaginosa,45.96170903668562,7.027718038554893,20.0,0
7.0,30.0,Rhodotorula mucilaginosa,51.866676729408034,5.473902914291106,20.0,0
8.0,0.0,Rhodotorula mucilaginosa,22.582979233432418,11.852284384065515,20.0,1
8.0,5.0,Rhodotorula mucilaginosa,36.54913521208513,12.321956163323076,20.0,0
8.0,10.0,Rhodotorula mucilaginosa,38.49449970924924,10.089679536461565,20.0,0
8.0,15.0,Rhodotorula mucilaginosa,41.02442219200588,8.235782718997118,20.0,0
8.0,20.0,Rhodotorula mucilaginosa,46.56646852894472,6.761145648151045,20.0,0
8.0,25.0,Rhodotorula mucilaginosa,50.54149238510081,5.501894076045656,20.0,0
8.0,30.0,Rhodotorula mucilaginosa,36.51121755617089,2.1608859738183197,20.0,0
9.0,0.0,Rhodotorula mucilaginosa,21.13825664901742,10.856671209349972,20.0,1
9.0,5.0,Rhodotorula mucilaginosa,40.724638036321096,13.102293875315475,20.0,0
9.0,10.0,Rhodotorula mucilaginosa,44.41775769624195,11.470000871064007,20.0,0
9.0,15.0,Rhodotorula mucilaginosa,40.779289368731895,9.873684501409386,20.0,0
9.0,20.0,Rhodotorula mucilaginosa,42.43136053273656,8.242791329680788,20.0,0
9.0,25.0,Rhodotorula mucilaginosa,47.91089942183577,7.120026481480599,20.0,0
9.0,30.0,Rhodotorula mucilaginosa,38.527080328463164,5.3150323311704675,20.0,0
10.0,0.0,Rhodotorula sphaerocarpa,24.827464618294787,11.5379001777236,10.0,1
10.0,5.0,Rhodotorula sphaerocarpa,48.53789544461913,11.956337618849616,15.0,0
10.0,10.0,Rhodotorula sphaerocarpa,38.917594076006445,11.068753649839593,16.0,0
10.0,15.0,Rhodotorula sphaerocarpa,36.97329619907983,9.585231413051236,15.0,0
10.0,20.0,Rhodotorula sphaerocarpa,47.907636494157636,9.052598694008335,10.0,0
10.0,25.0,Rhodotorula sphaerocarpa,50.57342603821343,8.411898476502229,10.0,0
10.0,30.0,Rhodotorula sphaerocarpa,32.733990256523875,5.539714353416803,10.0,0
11.0,0.0,Rhodotorula mucilaginosa,9.079070304327464,8.370636509704372,20.0,1
11.0,5.0,Rhodotorula mucilaginosa,40.243277891660426,10.187616761807138,20.0,0
11.0,10.0,Rhodotorula mucilaginosa,45.20782709122248,9.715175781776901,20.0,0
11.0,15.0,Rhodotorula mucilaginosa,47.47312487104587,9.731792869917953,20.0,0
11.0,20.0,Rhodotorula mucilaginosa,52.61013414715926,7.9946524306878475,20.0,0
11.0,25.0,Rhodotorula mucilaginosa,57.80683984566924,7.61988224276033,20.0,0
11.0,30.0,Rhodotorula mucilaginosa,70.51145359774489,6.65884590204932,20.0,0
12.0,0.0,Rhodotorula mucilaginosa,16.720385637019444,10.278326445281063,20.0,1
12.0,5.0,Rhodotorula mucilaginosa,41.38536487789444,12.213240689913368,20.0,0
12.0,10.0,Rhodotorula mucilaginosa,47.65968892355386,11.90287933062428,20.0,0
12.0,15.0,Rhodotorula mucilaginosa,48.050387943739885,11.021545045480355,20.0,0
12.0,20.0,Rhodotorula mucilaginosa,53.02795473962415,10.25290069301328,20.0,0
12.0,25.0,Rhodotorula mucilaginosa,57.18084359270476,9.009584110296014,20.0,0
12.0,30.0,Rhodotorula mucilaginosa,65.05177299562843,8.232843295284388,20.0,0
13.0,0.0,Rhodotorula mucilaginosa,11.021680035713247,9.842520967656252,20.0,1
13.0,5.0,Rhodotorula mucilaginosa,41.25598365040415,12.17672358401495,20.0,0
13.0,10.0,Rhodotorula mucilaginosa,43.45902969765543,11.094810981765233,20.0,0
13.0,15.0,Rhodotorula mucilaginosa,46.05578421897355,10.703422052770293,20.0,0
13.0,20.0,Rhodotorula mucilaginosa,50.21136547103555,9.241438084404262,20.0,0
13.0,25.0,Rhodotorula mucilaginosa,54.39490034674144,8.857118896729645,20.0,0
13.0,30.0,Rhodotorula mucilaginosa,58.3275170140665,7.078414996239833,20.0,0
14.0,0.0,Rhodotorula mucilaginosa,14.62981233666889,9.52489187288276,20.0,1
14.0,5.0,Rhodotorula mucilaginosa,35.46449209466668,11.969031501511505,20.0,0
14.0,10.0,Rhodotorula mucilaginosa,39.194639529334935,10.791342812202682,20.0,0
14.0,15.0,Rhodotorula mucilaginosa,40.00488999975423,8.994064659808664,20.0,0
14.0,20.0,Rhodotorula mucilaginosa,45.87286512265733,8.567244553819947,20.0,0
14.0,25.0,Rhodotorula mucilaginosa,49.78060855701261,7.326536833655179,20.0,0
14.0,30.0,Rhodotorula mucilaginosa,54.72907876277292,5.841586290365614,20.0,0
15.0,0.0,Rhodotorula mucilaginosa,22.18733618075343,9.910587689505299,20.0,1
15.0,5.0,Rhodotorula mucilaginosa,42.98622312945965,13.046019571461624,20.0,0
15.0,10.0,Rhodotorula mucilaginosa,46.73053313811837,12.111838608924618,20.0,0
15.0,15.0,Rhodotorula mucilaginosa,48.05838550051692,10.467213147305367,20.0,0
15.0,20.0,Rhodotorula mucilaginosa,51.334546707963874,9.557449508012159,20.0,0
15.0,25.0,Rhodotorula mucilaginosa,53.90834556991051,9.40899585896797,20.0,0
15.0,30.0,Rhodotorula mucilaginosa,46.50669673590093,7.276827019930449,20.0,0
16.0,0.0,Rhodotorula sp. clade XI,13.852743299504978,9.905526787948448,20.0,1
16.0,5.0,Rhodotorula sp. clade XI,37.73123103583616,10.77069016473494,20.0,0
16.0,10.0,Rhodotorula sp. clade XI,47.237812059815724,11.317082714589416,20.0,0
16.0,15.0,Rhodotorula sp. clade XI,49.959960372271745,9.30394644109866,20.0,0
16.0,20.0,Rhodotorula sp. clade XI,66.69914299807257,8.831324477031867,20.0,0
16.0,25.0,Rhodotorula sp. clade XI,72.5144344801066,8.156730317180202,20.0,0
16.0,30.0,Rhodotorula sp. clade XI,78.25219479073209,6.661744959929816,20.0,0
17.0,0.0,Rhodotorula diobovata,30.25606959473621,9.385630532862066,20.0,1
17.0,5.0,Rhodotorula diobovata,45.78159657450805,11.849524219117793,20.0,0
17.0,10.0,Rhodotorula diobovata,42.78105420349424,10.140249131952228,20.0,0
17.0,15.0,Rhodotorula diobovata,40.70362345268156,7.3289028712876245,20.0,0
17.0,20.0,Rhodotorula diobovata,14.809299502016323,6.670342786362378,20.0,1
17.0,25.0,Rhodotorula diobovata,306.6360562122694,3.90972703940118,19.0,1
17.0,30.0,Rhodotorula diobovata,279.3007162538348,2.6025926894709537,15.0,1
18.0,0.0,Rhodotorula mucilaginosa,24.228821770263647,9.497897111029335,20.0,1
18.0,5.0,Rhodotorula mucilaginosa,47.25763390604972,11.88634831151861,20.0,0
18.0,10.0,Rhodotorula mucilaginosa,47.80981890529407,9.957002834745392,20.0,0
18.0,15.0,Rhodotorula mucilaginosa,49.1594204752276,8.51254316125791,20.0,0
18.0,20.0,Rhodotorula mucilaginosa,54.1990535725654,7.204376956674262,20.0,0
18.0,25.0,Rhodotorula mucilaginosa,55.81565205427715,6.625415648796226,20.0,0
18.0,30.0,Rhodotorula mucilaginosa,43.27645235955181,3.684689845422661,15.0,0
19.0,0.0,Rhodotorula mucilaginosa,16.168023740874848,10.679554737869541,20.0,1
19.0,5.0,Rhodotorula mucilaginosa,39.03722874547634,11.900276630534801,20.0,0
19.0,10.0,Rhodotorula mucilaginosa,44.69402713668448,11.229531014220807,20.0,0
19.0,15.0,Rhodotorula mucilaginosa,44.443459869651015,10.434363135086384,20.0,0
19.0,20.0,Rhodotorula mucilaginosa,48.84866796153478,9.689530992960751,20.0,0
19.0,25.0,Rhodotorula mucilaginosa,54.52817442738611,8.932913590437657,20.0,0
19.0,30.0,Rhodotorula mucilaginosa,60.05307244713149,7.308077607587666,20.0,0
20.0,0.0,Rhodotorula mucilaginosa,26.136838362332426,8.552260548526617,20.0,1
20.0,5.0,Rhodotorula mucilaginosa,44.74581447968165,13.63066043898992,15.0,0
20.0,10.0,Rhodotorula mucilaginosa,46.86727008966591,12.091133837409636,15.0,0
20.0,15.0,Rhodotorula mucilaginosa,49.867745159951625,10.441961187324573,15.0,0
20.0,20.0,Rhodotorula mucilaginosa,52.85147904525289,7.0817043992108815,15.0,0
20.0,25.0,Rhodotorula mucilaginosa,40.86458262074344,6.617305231758779,20.0,0
20.0,30.0,Rhodotorula mucilaginosa,61.42457763970277,2.6929807695870664,15.0,0
21.0,0.0,Rhodotorula mucilaginosa,23.517347039516164,10.64289796577317,15.0,1
21.0,5.0,Rhodotorula mucilaginosa,38.83727456269045,12.109488831777412,15.0,0
21.0,10.0,Rhodotorula mucilaginosa,41.56000651584305,9.377283326909032,15.0,0
21.0,15.0,Rhodotorula mucilaginosa,46.45032659267632,8.176361906423988,15.0,0
21.0,20.0,Rhodotorula mucilaginosa,55.476089022349285,5.940197217530656,15.0,0
21.0,25.0,Rhodotorula mucilaginosa,61.55700742452867,5.755484180299877,15.0,0
21.0,30.0,Rhodotorula mucilaginosa,59.533553221847214,3.006888532411731,15.0,0
22.0,0.0,Rhodotorula mucilaginosa,14.60050242383832,8.752888893315975,20.0,1
22.0,5.0,Rhodotorula mucilaginosa,38.86777573621426,10.933952877891734,20.0,0
22.0,10.0,Rhodotorula mucilaginosa,42.870934548738575,10.2038401328094,20.0,0
22.0,15.0,Rhodotorula mucilaginosa,45.52352756555584,9.33872683065977,20.0,0
22.0,20.0,Rhodotorula mucilaginosa,51.561965881678205,7.9760841238697076,20.0,0
22.0,25.0,Rhodotorula mucilaginosa,57.95531205912559,7.16475883121444,20.0,0
22.0,30.0,Rhodotorula mucilaginosa,59.10708826779974,4.8827034413146295,20.0,0
23.0,0.0,Rhodotorula mucilaginosa,25.620351921397244,6.22709805125651,10.0,1
23.0,15.0,Rhodotorula mucilaginosa,27.450934580793078,7.099455128251057,10.0,1
24.0,0.0,Rhodotorula mucilaginosa,15.23462649396939,10.414801839626637,20.0,1
24.0,5.0,Rhodotorula mucilaginosa,38.81916516116001,12.672205294558147,20.0,0
24.0,10.0,Rhodotorula mucilaginosa,43.661655505810906,11.374348691647022,20.0,0
24.0,15.0,Rhodotorula mucilaginosa,45.07128598561119,10.572911015547422,20.0,0
24.0,20.0,Rhodotorula mucilaginosa,48.4489973476575,9.350167171017922,20.0,0
24.0,25.0,Rhodotorula mucilaginosa,51.31973860166968,7.91247294387469,20.0,0
24.0,30.0,Rhodotorula mucilaginosa,61.718691411229884,6.377622150108584,20.0,0
25.0,0.0,Rhodotorula mucilaginosa,8.28974618131151,9.771105911406043,20.0,1
25.0,5.0,Rhodotorula mucilaginosa,35.41481856208439,11.888054079601782,20.0,0
25.0,10.0,Rhodotorula mucilaginosa,41.159613317303524,11.150166478570746,20.0,0
25.0,15.0,Rhodotorula mucilaginosa,38.01996210294725,10.257039097361204,20.0,0
25.0,20.0,Rhodotorula mucilaginosa,43.43213152152457,8.981275533720162,15.0,0
25.0,25.0,Rhodotorula mucilaginosa,45.52306453385916,7.323038673491428,15.0,0
25.0,30.0,Rhodotorula mucilaginosa,53.520781320592874,5.466325357407129,15.0,0
26.0,0.0,Rhodotorula mucilaginosa,11.257759113328301,9.96944262478829,20.0,1
26.0,5.0,Rhodotorula mucilaginosa,35.471857468194706,11.94604002903911,20.0,0
26.0,10.0,Rhodotorula mucilaginosa,38.4427287580571,10.702766706192106,20.0,0
26.0,15.0,Rhodotorula mucilaginosa,40.48797034666283,10.30496165938563,20.0,0
26.0,20.0,Rhodotorula mucilaginosa,42.36758181426029,8.99921069549366,20.0,0
26.0,25.0,Rhodotorula mucilaginosa,43.92830222003264,7.745053840049927,20.0,0
26.0,30.0,Rhodotorula mucilaginosa,49.89260262315331,6.082950429188074,20.0,0
27.0,0.0,Rhodotorula mucilaginosa,16.141808008905066,9.324793918961642,20.0,1
27.0,5.0,Rhodotorula mucilaginosa,39.772373742417486,12.376998679065196,20.0,0
27.0,10.0,Rhodotorula mucilaginosa,42.14801996346589,10.82011258078979,20.0,0
27.0,15.0,Rhodotorula mucilaginosa,44.79523204260777,10.09273832073146,20.0,0
27.0,20.0,Rhodotorula mucilaginosa,47.285388595789904,8.585016734672527,20.0,0
27.0,25.0,Rhodotorula mucilaginosa,49.76659815544644,8.326534160309956,20.0,0
27.0,30.0,Rhodotorula mucilaginosa,46.83815774755626,6.774852977682208,20.0,0
28.0,0.0,Rhodotorula pacifica,18.163255225348443,9.297155556401073,20.0,1
28.0,5.0,Rhodotorula pacifica,39.30466182347369,11.728596723702452,20.0,0
28.0,10.0,Rhodotorula pacifica,46.42046955872013,10.62112409405865,20.0,0
28.0,15.0,Rhodotorula pacifica,45.28638192988472,9.89317006676778,20.0,0
28.0,20.0,Rhodotorula pacifica,51.758243802335556,8.57658391822639,20.0,0
28.0,25.0,Rhodotorula pacifica,60.70216900537707,8.166239515903108,20.0,0
28.0,30.0,Rhodotorula pacifica,70.88885010363879,7.270567618908828,20.0,0
29.0,0.0,Rhodotorula mucilaginosa,4.3683936169334086,6.985148272027935,20.0,1
29.0,5.0,Rhodotorula mucilaginosa,37.9549887067458,9.007750658966,15.0,0
29.0,10.0,Rhodotorula mucilaginosa,29.909654380329687,6.57025517926769,20.0,1
29.0,15.0,Rhodotorula mucilaginosa,29.767682313022163,7.154853476866256,20.0,1
29.0,20.0,Rhodotorula mucilaginosa,50.421015676848455,7.310778132168004,15.0,0
29.0,25.0,Rhodotorula mucilaginosa,58.36588613584938,6.6769763089377205,15.0,0
29.0,30.0,Rhodotorula mucilaginosa,69.16868667966908,5.743373986702126,15.0,0
30.0,0.0,Rhodotorula mucilaginosa,24.26416354046954,12.13319995282131,20.0,1
30.0,5.0,Rhodotorula mucilaginosa,38.6497494587719,13.13274119241942,20.0,0
30.0,10.0,Rhodotorula mucilaginosa,42.09211072833745,10.824057101694988,20.0,0
30.0,15.0,Rhodotorula mucilaginosa,43.92129809586898,9.619076625647608,20.0,0
30.0,20.0,Rhodotorula mucilaginosa,50.336613932680116,7.275361576002396,20.0,0
30.0,25.0,Rhodotorula mucilaginosa,54.839432861616565,5.385366479889926,20.0,0
30.0,30.0,Rhodotorula mucilaginosa,56.19588865310517,2.231342928723377,20.0,0
31.0,0.0,Rhodotorula mucilaginosa,24.07492826041547,11.412136608155432,20.0,1
31.0,5.0,Rhodotorula mucilaginosa,37.117320051791744,12.336805064116913,20.0,0
31.0,10.0,Rhodotorula mucilaginosa,38.901275092839114,10.980871610715308,20.0,0
31.0,15.0,Rhodotorula mucilaginosa,36.83810780347891,8.503124521210175,20.0,0
31.0,20.0,Rhodotorula mucilaginosa,35.818779145953506,7.319082390122405,20.0,0
31.0,25.0,Rhodotorula mucilaginosa,38.40933656992255,5.775219830698294,20.0,0
31.0,30.0,Rhodotorula mucilaginosa,29.553528680866474,3.093370221172996,20.0,1
32.0,0.0,Rhodotorula mucilaginosa,27.44699397154582,11.787103054759102,20.0,1
32.0,5.0,Rhodotorula mucilaginosa,37.14649046471152,12.29914071587294,20.0,0
32.0,10.0,Rhodotorula mucilaginosa,38.846891550682756,10.022917209683389,20.0,0
32.0,15.0,Rhodotorula mucilaginosa,43.35194699286593,9.052376935190635,20.0,0
32.0,20.0,Rhodotorula mucilaginosa,44.77453678525779,6.812103568864576,20.0,0
32.0,25.0,Rhodotorula mucilaginosa,48.30070186029398,5.347224055867883,20.0,0
32.0,30.0,Rhodotorula mucilaginosa,38.16491306572582,2.924533389425103,15.0,0
33.0,0.0,Rhodotorula mucilaginosa,24.68003002980197,9.387302307944278,20.0,1
33.0,5.0,Rhodotorula mucilaginosa,41.41127122270593,11.769075961321864,20.0,0
33.0,10.0,Rhodotorula mucilaginosa,41.468649324247295,10.932834008755123,20.0,0
33.0,15.0,Rhodotorula mucilaginosa,40.26644030912437,8.372770602682028,20.0,0
33.0,20.0,Rhodotorula mucilaginosa,38.23416791806689,4.786029704410497,20.0,0
33.0,25.0,Rhodotorula mucilaginosa,44.36137292069856,4.56991318022345,20.0,0
33.0,30.0,Rhodotorula mucilaginosa,34.64595467464931,3.4399326806983037,20.0,0
34.0,0.0,Rhodotorula sphaerocarpa,23.9342914427997,11.19827307555314,20.0,1
34.0,5.0,Rhodotorula sphaerocarpa,41.1065967858546,12.278910610260834,15.0,0
34.0,10.0,Rhodotorula sphaerocarpa,46.47979047200076,12.06932998665077,15.0,0
34.0,15.0,Rhodotorula sphaerocarpa,43.464908139813566,8.850898374915804,20.0,0
34.0,20.0,Rhodotorula sphaerocarpa,41.70021779375696,8.792276756599463,20.0,0
34.0,25.0,Rhodotorula sphaerocarpa,58.60518891483848,9.389190473568044,15.0,0
34.0,30.0,Rhodotorula sphaerocarpa,59.08400527595043,6.88519435773941,15.0,0
35.0,0.0,,38.43223242080327,7.48831789631522,16.0,0
35.0,5.0,,42.77904589478372,4.480289738326961,10.0,0
36.0,0.0,Rhodotorula mucilaginosa,24.055912573968364,8.829668963078145,20.0,1
36.0,5.0,Rhodotorula mucilaginosa,47.531895241037375,11.14995274939696,20.0,0
36.0,10.0,Rhodotorula mucilaginosa,50.347543029972435,8.946874115097371,20.0,0
36.0,15.0,Rhodotorula mucilaginosa,51.603318878961076,7.5656241524412025,20.0,0
36.0,20.0,Rhodotorula mucilaginosa,55.03676980819466,6.817044974980869,20.0,0
36.0,25.0,Rhodotorula mucilaginosa,56.204012159163135,5.69870233709506,20.0,0
36.0,30.0,Rhodotorula mucilaginosa,51.210261899763694,4.860848733340286,20.0,0
37.0,0.0,Rhodotorula paludigena,27.56321808833636,9.338130906433372,10.0,1
37.0,5.0,Rhodotorula paludigena,44.34988173090142,11.531410663623532,10.0,0
37.0,10.0,Rhodotorula paludigena,48.882053040817034,9.247622937769293,10.0,0
37.0,15.0,Rhodotorula paludigena,58.719836348370634,6.808607506265532,10.0,0
37.0,20.0,Rhodotorula paludigena,73.10164010359509,5.422483918547119,10.0,0
37.0,25.0,Rhodotorula paludigena,83.33054515339566,4.8634048798068665,10.0,0
37.0,30.0,Rhodotorula paludigena,94.12005412317959,4.152312842454508,10.0,0
38.0,0.0,Rhodotorula mucilaginosa,18.224151467387568,11.051212017182298,20.0,1
38.0,5.0,Rhodotorula mucilaginosa,34.144424838214256,12.145328679055321,20.0,0
38.0,10.0,Rhodotorula mucilaginosa,38.78492974855058,11.2598658808016,20.0,0
38.0,15.0,Rhodotorula mucilaginosa,40.66269004983286,9.845151200264329,20.0,0
38.0,20.0,Rhodotorula mucilaginosa,46.25235991633015,7.801860788030094,20.0,0
38.0,25.0,Rhodotorula mucilaginosa,49.647257810906694,6.88557442192049,20.0,0
38.0,30.0,Rhodotorula mucilaginosa,53.51301846195504,4.795750362682947,20.0,0
39.0,0.0,Rhodotorula mucilaginosa,23.82675491006324,10.709878699636034,20.0,1
39.0,5.0,Rhodotorula mucilaginosa,39.79485740682485,12.816091559696478,20.0,0
39.0,10.0,Rhodotorula mucilaginosa,40.16639827603693,10.30913061147614,20.0,0
39.0,15.0,Rhodotorula mucilaginosa,40.54798736489139,8.098801730630967,20.0,0
39.0,20.0,Rhodotorula mucilaginosa,41.3097527730137,5.895773038198936,20.0,0
39.0,25.0,Rhodotorula mucilaginosa,43.809057537341424,4.594090628913373,20.0,0
39.0,30.0,Rhodotorula mucilaginosa,9.562210112471798,2.655039471479297,18.0,1
40.0,0.0,Rhodotorula mucilaginosa,27.94972876392806,10.504914708589137,20.0,1
40.0,5.0,Rhodotorula mucilaginosa,43.96149988637371,12.847574250454347,20.0,0
40.0,10.0,Rhodotorula mucilaginosa,50.2011045114351,12.234049389083772,20.0,0
40.0,15.0,Rhodotorula mucilaginosa,51.30667530118148,10.623090972853884,20.0,0
40.0,20.0,Rhodotorula mucilaginosa,55.25341971012625,9.30779684574268,20.0,0
40.0,25.0,Rhodotorula mucilaginosa,57.175725701253015,9.251910650517416,20.0,0
40.0,30.0,Rhodotorula mucilaginosa,56.057181144255196,7.447485755440279,20.0,0
41.0,0.0,Rhodotorula mucilaginosa,15.90579292607384,10.467175730502234,20.0,1
41.0,5.0,Rhodotorula mucilaginosa,36.041578303889494,12.373032979984828,20.0,0
41.0,10.0,Rhodotorula mucilaginosa,39.11251857932481,11.186276641863454,20.0,0
41.0,15.0,Rhodotorula mucilaginosa,40.356136871082796,10.005092989291438,20.0,0
41.0,20.0,Rhodotorula mucilaginosa,46.10444776606333,8.674750497943593,20.0,0
41.0,25.0,Rhodotorula mucilaginosa,51.71650705018665,7.992013966368042,20.0,0
41.0,30.0,Rhodotorula mucilaginosa,51.796168514849946,4.822179029018715,20.0,0
42.0,0.0,Rhodotorula mucilaginosa,30.806890668937623,5.178093932365461,20.0,1
42.0,5.0,Rhodotorula mucilaginosa,58.42418549214832,10.021728361777807,15.0,0
42.0,10.0,Rhodotorula mucilaginosa,59.836133134394906,8.596423785200734,15.0,0
42.0,15.0,Rhodotorula mucilaginosa,62.503109634457886,7.444996078670868,15.0,0
42.0,20.0,Rhodotorula mucilaginosa,77.80877097185733,6.367081142604972,10.0,0
42.0,25.0,Rhodotorula mucilaginosa,83.09931625891933,6.530168975055069,10.0,0
42.0,30.0,Rhodotorula mucilaginosa,88.24317774536163,5.51098603317523,10.0,0
43.0,0.0,Rhodotorula toruloides,13.012816338247944,5.398960714443508,20.0,1
43.0,5.0,Rhodotorula toruloides,48.901675660414874,10.672284085248704,15.0,0
43.0,10.0,Rhodotorula toruloides,34.693811245371805,6.150475012240167,20.0,0
43.0,15.0,Rhodotorula toruloides,25.949795078938017,6.042731883838494,20.0,1
43.0,20.0,Rhodotorula toruloides,44.35450669943074,3.223857783970408,15.0,0
43.0,25.0,Rhodotorula toruloides,46.276842262873366,4.657076254250809,10.0,0
43.0,30.0,Rhodotorula toruloides,68.5802492338903,4.1851476432538846,15.0,0
44.0,0.0,Rhodotorula diobovata,24.740777225586278,8.507309066245792,20.0,1
44.0,5.0,Rhodotorula diobovata,48.687259861182,11.557339425392673,20.0,0
44.0,10.0,Rhodotorula diobovata,46.24870064837687,9.094890951157154,20.0,0
44.0,15.0,Rhodotorula diobovata,31.08365700951094,7.75605744631639,20.0,0
44.0,20.0,Rhodotorula diobovata,49.20531678735002,7.48887983087317,15.0,0
44.0,25.0,Rhodotorula diobovata,57.91628956611286,7.128423367553442,15.0,0
44.0,30.0,Rhodotorula diobovata,68.93733783130374,8.105624282438708,15.0,0
45.0,0.0,Rhodotorula mucilaginosa,22.850863809801453,8.66780815594086,20.0,1
45.0,5.0,Rhodotorula mucilaginosa,43.22992936834614,12.597448749229674,15.0,0
45.0,10.0,Rhodotorula mucilaginosa,47.85722533415743,10.449742170961947,15.0,0
45.0,15.0,Rhodotorula mucilaginosa,50.05878328550486,8.698365241363831,15.0,0
45.0,20.0,Rhodotorula mucilaginosa,53.76309394443901,7.143922851138919,15.0,0
45.0,25.0,Rhodotorula mucilaginosa,54.07111406126696,5.454758462350173,15.0,0
45.0,30.0,Rhodotorula mucilaginosa,51.778075459064276,3.3236560167854297,15.0,0
46.0,0.0,Rhodotorula paludigena,17.46464924474682,8.092569390833846,15.0,1
46.0,5.0,Rhodotorula paludigena,47.94279106249741,10.190843224242622,15.0,0
46.0,10.0,Rhodotorula paludigena,51.935323181581076,8.178539033594028,15.0,0
46.0,15.0,Rhodotorula paludigena,58.165660716214816,9.431187350802622,15.0,0
46.0,20.0,Rhodotorula paludigena,63.4099872708404,7.328157601884552,15.0,0
46.0,25.0,Rhodotorula paludigena,63.994936815835025,5.611523001815774,15.0,0
46.0,30.0,Rhodotorula paludigena,64.29190236817662,6.555362158529336,15.0,0
47.0,0.0,Rhodotorula mucilaginosa,26.11326760197645,10.299040502654607,15.0,1
47.0,5.0,Rhodotorula mucilaginosa,45.12303157527206,13.21988766071014,15.0,0
47.0,10.0,Rhodotorula mucilaginosa,40.78142494026309,10.643609954813696,15.0,0
47.0,15.0,Rhodotorula mucilaginosa,31.942821600677053,10.355650462333749,15.0,0
47.0,20.0,Rhodotorula mucilaginosa,38.6386230756772,8.785078947896926,10.0,0
47.0,25.0,Rhodotorula mucilaginosa,39.03925391517136,7.923464460817114,10.0,0
47.0,30.0,Rhodotorula mucilaginosa,36.24964302872614,6.230868974576543,10.0,0
48.0,0.0,Rhodotorula mucilaginosa,26.26037103189397,10.498183786424407,20.0,1
48.0,5.0,Rhodotorula mucilaginosa,41.579787487489575,12.468265120241554,20.0,0
48.0,10.0,Rhodotorula mucilaginosa,39.13134404150687,9.579337288142499,20.0,0
48.0,15.0,Rhodotorula mucilaginosa,41.34534289726464,8.782322960681853,20.0,0
48.0,20.0,Rhodotorula mucilaginosa,34.504794005551375,6.841840663298239,20.0,0
48.0,25.0,Rhodotorula mucilaginosa,40.790764437329116,6.672971079216378,20.0,0
48.0,30.0,Rhodotorula mucilaginosa,27.76435890109018,5.365806846971818,20.0,1
49.0,0.0,Rhodotorula mucilaginosa,26.897795375425225,12.440248036917438,20.0,1
49.0,5.0,Rhodotorula mucilaginosa,38.22718785524734,12.987362785925768,20.0,0
49.0,10.0,Rhodotorula mucilaginosa,38.630234146195434,10.85008767201865,20.0,0
49.0,15.0,Rhodotorula mucilaginosa,40.23127819380252,8.59615966591485,20.0,0
49.0,20.0,Rhodotorula mucilaginosa,35.29016892421503,6.287741829362172,20.0,0
49.0,25.0,Rhodotorula mucilaginosa,35.263926733861176,4.662209221208306,20.0,0
49.0,30.0,Rhodotorula mucilaginosa,23.92208194250823,2.4738757898832238,20.0,1
50.0,0.0,Rhodotorula mucilaginosa,23.37486834819417,11.843011367407119,20.0,1
50.0,5.0,Rhodotorula mucilaginosa,38.835237129300836,12.43184849943571,20.0,0
50.0,10.0,Rhodotorula mucilaginosa,40.49866520512659,9.5971369957459,20.0,0
50.0,15.0,Rhodotorula mucilaginosa,44.44043000620317,8.727619945359082,20.0,0
50.0,20.0,Rhodotorula mucilaginosa,47.250135669627134,6.441147966309955,20.0,0
50.0,25.0,Rhodotorula mucilaginosa,52.27155144658839,4.974558232935751,20.0,0
50.0,30.0,Rhodotorula mucilaginosa,355.71311528612364,2.0263992180844443,20.0,1
51.0,0.0,Rhodotorula mucilaginosa,21.15330328473578,12.055465923255204,15.0,1
51.0,5.0,Rhodotorula mucilaginosa,37.84250982184197,12.715314684960305,15.0,0
51.0,10.0,Rhodotorula mucilaginosa,39.41409671343225,10.248692008901315,15.0,0
51.0,15.0,Rhodotorula mucilaginosa,40.31008775349621,8.966525369744648,15.0,0
51.0,20.0,Rhodotorula mucilaginosa,42.495711201293744,6.683704853949452,15.0,0
51.0,25.0,Rhodotorula mucilaginosa,45.85493532479572,5.248776500920164,15.0,0
51.0,30.0,Rhodotorula mucilaginosa,33.430104513572694,3.146461254809426,15.0,0
52.0,0.0,Rhodotorula mucilaginosa,21.635196751254366,9.49027783204701,20.0,1
52.0,5.0,Rhodotorula mucilaginosa,39.96714511474355,11.071537369771434,20.0,0
52.0,10.0,Rhodotorula mucilaginosa,54.34811592601225,11.352475119974953,20.0,0
52.0,15.0,Rhodotorula mucilaginosa,58.040992448232195,10.263437661341527,20.0,0
52.0,20.0,Rhodotorula mucilaginosa,63.346015324810494,9.658655961561752,20.0,0
52.0,25.0,Rhodotorula mucilaginosa,65.9354267266163,8.788433230257812,20.0,0
52.0,30.0,Rhodotorula mucilaginosa,69.92557872601355,5.439783203027854,20.0,0
53.0,0.0,Rhodotorula mucilaginosa,18.95691664088135,12.536232068977856,15.0,1
53.0,5.0,Rhodotorula mucilaginosa,38.218463768987895,14.079795242559436,15.0,0
53.0,10.0,Rhodotorula mucilaginosa,39.52840896524757,11.696535087692965,15.0,0
53.0,15.0,Rhodotorula mucilaginosa,38.97114664521584,9.964054504610727,15.0,0
53.0,20.0,Rhodotorula mucilaginosa,44.23150224181736,7.561513016762657,15.0,0
53.0,25.0,Rhodotorula mucilaginosa,40.989185971370134,5.568557302115392,10.0,0
53.0,30.0,Rhodotorula mucilaginosa,47.95652509461256,3.348181583041673,15.0,0
54.0,0.0,Rhodotorula mucilaginosa,19.34923868193098,9.957136133125701,20.0,1
54.0,5.0,Rhodotorula mucilaginosa,41.42815371934889,12.715820935266864,20.0,0
54.0,10.0,Rhodotorula mucilaginosa,45.81837561802311,11.077647024139807,20.0,0
54.0,15.0,Rhodotorula mucilaginosa,44.43318351951646,10.036818476406653,20.0,0
54.0,20.0,Rhodotorula mucilaginosa,47.39389031492421,8.168446751398571,20.0,0
54.0,25.0,Rhodotorula mucilaginosa,51.142365779815435,8.226557187218928,20.0,0
54.0,30.0,Rhodotorula mucilaginosa,55.17969426269642,6.499990609935022,20.0,0
55.0,0.0,Rhodotorula mucilaginosa,20.09643790800281,9.231274815281216,20.0,1
55.0,5.0,Rhodotorula mucilaginosa,41.4842263905114,10.449645299973678,20.0,0
55.0,10.0,Rhodotorula mucilaginosa,46.5597769901053,9.371204701489717,20.0,0
55.0,15.0,Rhodotorula mucilaginosa,48.736700504883345,8.131363253650601,20.0,0
55.0,20.0,Rhodotorula mucilaginosa,56.84333279421765,7.135098955082573,20.0,0
55.0,25.0,Rhodotorula mucilaginosa,61.43970182549817,6.383231107218231,20.0,0
55.0,30.0,Rhodotorula mucilaginosa,66.50276429202103,6.695272403439722,20.0,0
56.0,0.0,Rhodotorula mucilaginosa,25.11833926158452,10.115815154915271,20.0,1
56.0,5.0,Rhodotorula mucilaginosa,40.477454486319296,12.23951913018481,20.0,0
56.0,10.0,Rhodotorula mucilaginosa,42.54166218874165,10.257912400678356,20.0,0
56.0,15.0,Rhodotorula mucilaginosa,41.25799113715147,8.983192703519318,20.0,0
56.0,20.0,Rhodotorula mucilaginosa,38.541863410798236,6.268773191342465,20.0,0
56.0,25.0,Rhodotorula mucilaginosa,41.92861627196028,5.842513229781481,20.0,0
56.0,30.0,Rhodotorula mucilaginosa,41.007992055215716,3.848446322477333,20.0,0
57.0,0.0,Rhodotorula mucilaginosa,15.657245164496668,10.08396619687549,20.0,1
57.0,5.0,Rhodotorula mucilaginosa,39.132658950498815,12.051927284071667,20.0,0
57.0,10.0,Rhodotorula mucilaginosa,44.490885518213226,11.650894031537284,20.0,0
57.0,15.0,Rhodotorula mucilaginosa,45.0255255955507,10.64447441770993,20.0,0
57.0,20.0,Rhodotorula mucilaginosa,49.01472192697729,10.172655296865411,20.0,0
57.0,25.0,Rhodotorula mucilaginosa,54.575801895272136,9.123469491021801,20.0,0
57.0,30.0,Rhodotorula mucilaginosa,60.30796180280487,7.688027108145752,20.0,0
58.0,0.0,Rhodotorula mucilaginosa,15.46202174937444,10.586638109362145,20.0,1
58.0,5.0,Rhodotorula mucilaginosa,37.22850581467785,12.344296148818742,20.0,0
58.0,10.0,Rhodotorula mucilaginosa,41.238925489546695,11.003941446197517,20.0,0
58.0,15.0,Rhodotorula mucilaginosa,43.9463556668132,9.612576953607785,20.0,0
58.0,20.0,Rhodotorula mucilaginosa,48.467378856957716,7.7191423905832535,20.0,0
58.0,25.0,Rhodotorula mucilaginosa,50.34470391620447,6.708986169992762,20.0,0
58.0,30.0,Rhodotorula mucilaginosa,54.74241004029992,5.681413739346695,20.0,0
59.0,0.0,Rhodotorula mucilaginosa,13.778583865370896,10.848770850810165,20.0,1
59.0,5.0,Rhodotorula mucilaginosa,34.346626153541386,11.323458054513694,20.0,0
59.0,10.0,Rhodotorula mucilaginosa,36.88141184525712,10.165189871476388,20.0,0
59.0,15.0,Rhodotorula mucilaginosa,38.91604210267953,9.250915010236078,20.0,0
59.0,20.0,Rhodotorula mucilaginosa,45.15505384060065,7.550302508621331,20.0,0
59.0,25.0,Rhodotorula mucilaginosa,50.780744457422244,5.7587928416185115,20.0,0
59.0,30.0,Rhodotorula mucilaginosa,52.349984934024796,3.853553880547042,20.0,0
60.0,0.0,Rhodotorula mucilaginosa,16.657522563439915,10.263092968662914,20.0,1
60.0,5.0,Rhodotorula mucilaginosa,39.346352843502586,11.652033648248857,20.0,0
60.0,10.0,Rhodotorula mucilaginosa,42.94555584706856,11.43898043896593,20.0,0
60.0,15.0,Rhodotorula mucilaginosa,44.637049412323876,10.34824408962239,20.0,0
60.0,20.0,Rhodotorula mucilaginosa,48.86836382336034,8.9914333950701,20.0,0
60.0,25.0,Rhodotorula mucilaginosa,56.629486575037234,8.116134878286651,20.0,0
60.0,30.0,Rhodotorula mucilaginosa,63.546277114440876,7.021868552320834,20.0,0
61.0,0.0,Rhodotorula toruloides,25.764622664977008,8.963041513339883,15.0,1
61.0,5.0,Rhodotorula toruloides,43.90820908581018,10.621773349262993,15.0,0
61.0,10.0,Rhodotorula toruloides,50.71581265840201,10.10946705335068,15.0,0
61.0,15.0,Rhodotorula toruloides,54.092104554400805,7.834577355642394,15.0,0
61.0,20.0,Rhodotorula toruloides,60.26082368725732,5.183540805718266,15.0,0
61.0,25.0,Rhodotorula toruloides,60.7517884106995,3.6224333918141434,15.0,0
61.0,30.0,Rhodotorula toruloides,258.82148153098444,1.9412875346616083,13.0,1
62.0,0.0,Rhodotorula mucilaginosa,16.307323619369352,10.162476151113678,15.0,1
62.0,5.0,Rhodotorula mucilaginosa,38.96345355358184,11.01749697626498,20.0,0
62.0,10.0,Rhodotorula mucilaginosa,43.93838742135398,11.084684162717382,15.0,0
62.0,15.0,Rhodotorula mucilaginosa,35.940804986925166,8.757906299317344,20.0,0
62.0,20.0,Rhodotorula mucilaginosa,48.670009543476056,9.87410574755168,15.0,0
62.0,25.0,Rhodotorula mucilaginosa,57.20627390240429,9.405164878395093,15.0,0
62.0,30.0,Rhodotorula mucilaginosa,59.6445081546364,7.126290924584656,15.0,0
63.0,0.0,Rhodotorula mucilaginosa,25.962673455835148,10.15605580761578,15.0,1
63.0,5.0,Rhodotorula mucilaginosa,40.4528825133176,12.741585631899266,15.0,0
63.0,10.0,Rhodotorula mucilaginosa,42.075585661458234,10.3801328305117,15.0,0
63.0,15.0,Rhodotorula mucilaginosa,42.464819550412344,9.187345585189275,15.0,0
63.0,20.0,Rhodotorula mucilaginosa,39.70522462292792,6.501101321150581,15.0,0
63.0,25.0,Rhodotorula mucilaginosa,41.60266843934674,6.263147655541334,15.0,0
63.0,30.0,Rhodotorula mucilaginosa,38.78988057463225,5.757125081207305,15.0,0
64.0,0.0,Rhodotorula mucilaginosa,20.341202146285955,10.784896700291327,20.0,1
64.0,5.0,Rhodotorula mucilaginosa,37.24100122344528,12.811016544413448,20.0,0
64.0,10.0,Rhodotorula mucilaginosa,41.021500960954754,9.962040304199913,20.0,0
64.0,15.0,Rhodotorula mucilaginosa,44.76825181830392,8.705988381220445,20.0,0
64.0,20.0,Rhodotorula mucilaginosa,49.48927839413732,6.282177221671442,20.0,0
64.0,25.0,Rhodotorula mucilaginosa,57.17683557908749,5.706429466616097,20.0,0
64.0,30.0,Rhodotorula mucilaginosa,63.68333540034029,3.919732426959231,20.0,0
65.0,0.0,Rhodotorula mucilaginosa,11.778210770710551,8.460011571510943,20.0,1
65.0,5.0,Rhodotorula mucilaginosa,42.90298813989744,10.81262275892741,20.0,0
65.0,10.0,Rhodotorula mucilaginosa,49.15461749469826,11.042778411910652,20.0,0
65.0,15.0,Rhodotorula mucilaginosa,49.726085649222014,9.234466917369017,20.0,0
65.0,20.0,Rhodotorula mucilaginosa,57.04916098429774,8.890424381993888,20.0,0
65.0,25.0,Rhodotorula mucilaginosa,61.39647538711886,7.98623417726529,20.0,0
65.0,30.0,Rhodotorula mucilaginosa,67.1071721090901,5.35512890921966,20.0,0
66.0,0.0,Rhodotorula mucilaginosa,15.794976869859592,9.878616250645313,20.0,1
66.0,5.0,Rhodotorula mucilaginosa,39.48348439084939,11.864637048470222,20.0,0
66.0,10.0,Rhodotorula mucilaginosa,46.6906991775559,11.458995058449549,20.0,0
66.0,15.0,Rhodotorula mucilaginosa,46.519951001322454,10.235334154151264,20.0,0
66.0,20.0,Rhodotorula mucilaginosa,50.195154100573156,8.875865348205716,20.0,0
66.0,25.0,Rhodotorula mucilaginosa,54.4875669822458,7.699552103010831,20.0,0
66.0,30.0,Rhodotorula mucilaginosa,64.02787736101075,6.498904429411438,20.0,0
67.0,0.0,Rhodotorula mucilaginosa,17.084705282358676,9.999673493470649,20.0,1
67.0,5.0,Rhodotorula mucilaginosa,38.51630852789587,12.420719108358664,20.0,0
67.0,10.0,Rhodotorula mucilaginosa,41.33475808465358,11.357022182090994,20.0,0
67.0,15.0,Rhodotorula mucilaginosa,41.61961648844735,10.149749919262806,20.0,0
67.0,20.0,Rhodotorula mucilaginosa,44.29544778342973,8.373371393166135,20.0,0
67.0,25.0,Rhodotorula mucilaginosa,44.21167650050853,7.283528952279914,20.0,0
67.0,30.0,Rhodotorula mucilaginosa,53.34502755867107,5.575131604264728,20.0,0
68.0,0.0,Rhodotorula mucilaginosa,14.661512779580214,10.857121245171475,20.0,1
68.0,5.0,Rhodotorula mucilaginosa,36.43811327056786,11.248006414489305,20.0,0
68.0,10.0,Rhodotorula mucilaginosa,42.27749626057263,10.205622937074315,20.0,0
68.0,15.0,Rhodotorula mucilaginosa,43.20638462947703,10.748005770430112,20.0,0
68.0,20.0,Rhodotorula mucilaginosa,48.570243852831474,9.989123263748173,20.0,0
68.0,25.0,Rhodotorula mucilaginosa,56.13777354630869,8.52304485722095,20.0,0
68.0,30.0,Rhodotorula mucilaginosa,64.79629914688813,8.167818333929684,15.0,0
69.0,0.0,Rhodotorula mucilaginosa,13.062303208987766,10.060785681843772,20.0,1
69.0,5.0,Rhodotorula mucilaginosa,36.329571518375715,11.211939246369306,20.0,0
69.0,10.0,Rhodotorula mucilaginosa,40.68571895797645,10.233664489653508,20.0,0
69.0,15.0,Rhodotorula mucilaginosa,42.41466579414112,9.517891689451325,20.0,0
69.0,20.0,Rhodotorula mucilaginosa,46.54637131721145,8.596995904175017,20.0,0
69.0,25.0,Rhodotorula mucilaginosa,55.26783585288768,8.542131431934783,20.0,0
69.0,30.0,Rhodotorula mucilaginosa,61.84930681192023,7.001380745554892,20.0,0
71.0,0.0,Rhodotorula dairenensis,21.198275127928017,7.636347723544805,20.0,1
71.0,5.0,Rhodotorula dairenensis,48.00925757656913,12.282611000358497,20.0,0
71.0,10.0,Rhodotorula dairenensis,52.68564881644736,12.072289572027618,20.0,0
71.0,15.0,Rhodotorula dairenensis,55.113679484623106,11.766042955395466,20.0,0
71.0,20.0,Rhodotorula dairenensis,62.58424954208439,10.651283344930714,20.0,0
71.0,25.0,Rhodotorula dairenensis,67.39286709435156,9.663776890326794,20.0,0
71.0,30.0,Rhodotorula dairenensis,73.19391367732801,7.729494904102823,20.0,0
72.0,0.0,Rhodotorula mucilaginosa,20.18295919347807,11.097519726185617,15.0,1
72.0,5.0,Rhodotorula mucilaginosa,38.57958528128672,13.511806327031028,15.0,0
72.0,10.0,Rhodotorula mucilaginosa,39.49359526569082,10.772082418736714,15.0,0
72.0,15.0,Rhodotorula mucilaginosa,35.35807328870718,9.025134016052755,15.0,0
72.0,20.0,Rhodotorula mucilaginosa,37.21225074958702,6.713690876873809,15.0,0
72.0,25.0,Rhodotorula mucilaginosa,38.056744944655726,4.505091024562704,15.0,0
72.0,30.0,Rhodotorula mucilaginosa,40.83294264021677,2.564978878268873,15.0,0
73.0,0.0,Rhodotorula mucilaginosa,13.303053631980028,9.384353393812763,20.0,1
73.0,5.0,Rhodotorula mucilaginosa,39.763473498884665,11.415023561667514,20.0,0
73.0,10.0,Rhodotorula mucilaginosa,44.94978182006513,11.18673087460221,20.0,0
73.0,15.0,Rhodotorula mucilaginosa,46.147106137618685,9.475505143949654,20.0,0
73.0,20.0,Rhodotorula mucilaginosa,51.83112700477473,8.720871500710036,20.0,0
73.0,25.0,Rhodotorula mucilaginosa,56.147053719028335,7.473579081004667,20.0,0
73.0,30.0,Rhodotorula mucilaginosa,63.820289634899076,6.949169763147477,20.0,0
74.0,0.0,Rhodotorula mucilaginosa,9.76596913786328,9.22511859605287,20.0,1
74.0,5.0,Rhodotorula mucilaginosa,40.55636104995796,11.635170898088464,20.0,0
74.0,10.0,Rhodotorula mucilaginosa,45.72055940865175,11.38731202649365,20.0,0
74.0,15.0,Rhodotorula mucilaginosa,45.62889751164434,10.577431252834074,20.0,0
74.0,20.0,Rhodotorula mucilaginosa,52.07894327637974,9.27996348811322,20.0,0
74.0,25.0,Rhodotorula mucilaginosa,55.92794110802665,8.228236910893543,20.0,0
74.0,30.0,Rhodotorula mucilaginosa,68.30314957368272,7.228761652595269,20.0,0
75.0,0.0,Rhodotorula mucilaginosa,13.751319805845291,10.160427485904815,20.0,1
75.0,5.0,Rhodotorula mucilaginosa,40.088118463139985,12.696069893159928,20.0,0
75.0,10.0,Rhodotorula mucilaginosa,43.05881092253858,10.668108802731918,20.0,0
75.0,15.0,Rhodotorula mucilaginosa,43.14481453002837,9.73694426855304,20.0,0
75.0,20.0,Rhodotorula mucilaginosa,45.22366859678676,7.631262664206474,20.0,0
75.0,25.0,Rhodotorula mucilaginosa,47.31338482164925,7.139026893341209,20.0,0
75.0,30.0,Rhodotorula mucilaginosa,52.44583972292105,6.423766952207625,20.0,0
76.0,0.0,Rhodotorula mucilaginosa,15.307702349482964,10.507791265280062,20.0,1
76.0,5.0,Rhodotorula mucilaginosa,36.44021295290456,12.283710000527737,20.0,0
76.0,10.0,Rhodotorula mucilaginosa,42.7032254783775,11.746055972791467,20.0,0
76.0,15.0,Rhodotorula mucilaginosa,42.93382298744155,10.58778242448783,20.0,0
76.0,20.0,Rhodotorula mucilaginosa,46.46587330924562,9.390501227672363,20.0,0
76.0,25.0,Rhodotorula mucilaginosa,51.15501808545214,8.628373558305116,20.0,0
76.0,30.0,Rhodotorula mucilaginosa,60.958155071330815,7.21493327782336,20.0,0
77.0,0.0,Rhodotorula mucilaginosa,10.820271609092641,9.369664165470862,20.0,1
77.0,5.0,Rhodotorula mucilaginosa,41.19792543560355,11.66484861191666,20.0,0
77.0,10.0,Rhodotorula mucilaginosa,44.290202557261026,11.28222615610316,20.0,0
77.0,15.0,Rhodotorula mucilaginosa,46.17663782279979,10.087786278254857,20.0,0
77.0,20.0,Rhodotorula mucilaginosa,51.41811220357862,9.09584140220652,20.0,0
77.0,25.0,Rhodotorula mucilaginosa,57.100817277444285,8.165866295912185,20.0,0
77.0,30.0,Rhodotorula mucilaginosa,68.34946511942142,6.583409435036541,20.0,0
78.0,0.0,Rhodotorula mucilaginosa,14.941329487462347,9.17751060116232,20.0,1
78.0,5.0,Rhodotorula mucilaginosa,40.27775828675095,11.166071671074967,20.0,0
78.0,10.0,Rhodotorula mucilaginosa,44.430812107672814,9.713187454328244,20.0,0
78.0,15.0,Rhodotorula mucilaginosa,47.487210043228934,8.743193341687558,20.0,0
78.0,20.0,Rhodotorula mucilaginosa,49.820976335680086,7.098884176236131,20.0,0
78.0,25.0,Rhodotorula mucilaginosa,51.886471866476015,6.172795584881394,20.0,0
78.0,30.0,Rhodotorula mucilaginosa,58.41397241712803,5.304658506606546,20.0,0
79.0,0.0,Rhodotorula mucilaginosa,26.315516639139677,11.097561105450245,20.0,1
79.0,5.0,Rhodotorula mucilaginosa,43.255030528099724,12.194485816455828,20.0,0
79.0,10.0,Rhodotorula mucilaginosa,42.605497795791166,9.08916216672975,20.0,0
79.0,15.0,Rhodotorula mucilaginosa,44.289197702718454,7.4205631703826125,20.0,0
79.0,20.0,Rhodotorula mucilaginosa,47.955391115886435,5.561597747464367,20.0,0
79.0,25.0,Rhodotorula mucilaginosa,53.09165567089177,3.973160820333275,20.0,0
79.0,30.0,Rhodotorula mucilaginosa,330.8585866865936,2.4598912899547036,20.0,1
80.0,0.0,Rhodotorula pacifica,16.22318768411229,9.900190669662376,20.0,1
80.0,5.0,Rhodotorula pacifica,39.833286481650056,11.673256160780403,20.0,0
80.0,10.0,Rhodotorula pacifica,43.382607807520266,11.86968127664132,20.0,0
80.0,15.0,Rhodotorula pacifica,44.6739248429464,10.97630021334115,20.0,0
80.0,20.0,Rhodotorula pacifica,48.21504175684133,10.203723586632112,20.0,0
80.0,25.0,Rhodotorula pacifica,53.52914501406764,9.375925956946062,20.0,0
80.0,30.0,Rhodotorula pacifica,57.24015726229234,7.394483157244634,20.0,0
81.0,0.0,Rhodotorula mucilaginosa,16.595356967179693,11.280174316191212,20.0,1
81.0,5.0,Rhodotorula mucilaginosa,38.49593089292282,12.564647277984747,20.0,0
81.0,10.0,Rhodotorula mucilaginosa,39.92647069646236,11.252507977189516,20.0,0
81.0,15.0,Rhodotorula mucilaginosa,39.76072519813061,9.77834426355895,20.0,0
81.0,20.0,Rhodotorula mucilaginosa,43.65176636049479,7.441979863373434,20.0,0
81.0,25.0,Rhodotorula mucilaginosa,50.054126049520406,6.151753721887488,20.0,0
81.0,30.0,Rhodotorula mucilaginosa,65.71989786729921,4.705248210366833,20.0,0
83.0,0.0,Rhodotorula mucilaginosa,19.414685262330632,10.104781907563858,20.0,1
83.0,5.0,Rhodotorula mucilaginosa,40.457429862333115,13.905103019657233,15.0,0
83.0,10.0,Rhodotorula mucilaginosa,40.59286297137777,11.736778017663983,15.0,0
83.0,15.0,Rhodotorula mucilaginosa,35.659527069008,9.102500191483667,20.0,0
83.0,20.0,Rhodotorula mucilaginosa,42.66704475282571,6.866779609610914,15.0,0
83.0,25.0,Rhodotorula mucilaginosa,46.91511279173679,4.614991939509386,15.0,0
83.0,30.0,Rhodotorula mucilaginosa,46.905712547707694,2.1955698289572303,15.0,0
85.0,0.0,Rhodotorula paludigena,15.247898831796102,9.209902811984277,10.0,1
85.0,5.0,Rhodotorula paludigena,35.8320688776014,11.085253816085729,10.0,0
85.0,10.0,Rhodotorula paludigena,39.95385893911974,9.994103179384833,10.0,0
85.0,15.0,Rhodotorula paludigena,42.53307047219525,9.388546024340494,10.0,0
85.0,20.0,Rhodotorula paludigena,44.590297843590655,7.640773092629929,10.0,0
85.0,25.0,Rhodotorula paludigena,44.618147598408235,6.28657374594273,10.0,0
85.0,30.0,Rhodotorula paludigena,59.261192232076965,5.017672662146197,10.0,0
86.0,0.0,Rhodotorula mucilaginosa,25.235541398923754,7.096793166470986,20.0,1
86.0,5.0,Rhodotorula mucilaginosa,51.568146761239326,10.803276510107192,20.0,0
86.0,10.0,Rhodotorula mucilaginosa,53.76863839405442,8.526583691507115,20.0,0
86.0,15.0,Rhodotorula mucilaginosa,59.239129132782125,8.172066045876505,20.0,0
86.0,20.0,Rhodotorula mucilaginosa,67.57230463006375,6.532770267861519,20.0,0
86.0,25.0,Rhodotorula mucilaginosa,74.25466698711335,7.4152610689732015,20.0,0
86.0,30.0,Rhodotorula mucilaginosa,82.7639975248052,3.7501800468954842,20.0,0
88.0,0.0,Rhodotorula toruloides,15.518546859924914,5.796522528321343,15.0,1
88.0,5.0,Rhodotorula toruloides,51.84908215306709,9.543344853309202,15.0,0
88.0,10.0,Rhodotorula toruloides,50.921562884949466,5.330566294653598,14.0,0
88.0,15.0,Rhodotorula toruloides,51.72416117151843,3.601580303157884,15.0,0
88.0,20.0,Rhodotorula toruloides,58.26775408027366,2.2587227588153014,15.0,0
88.0,25.0,Rhodotorula toruloides,56.26273248828408,4.598763445794715,10.0,0
88.0,30.0,Rhodotorula toruloides,90.66985309458963,4.1718214442834585,15.0,0
89.0,0.0,Rhodotorula mucilaginosa,6.971393217219651,9.795560500378555,20.0,1
89.0,5.0,Rhodotorula mucilaginosa,37.074508511711834,12.453281488175783,20.0,0
89.0,10.0,Rhodotorula mucilaginosa,34.976466897861826,11.10873554154368,19.0,0
89.0,15.0,Rhodotorula mucilaginosa,35.194970129374376,10.446184434609316,20.0,0
89.0,20.0,Rhodotorula mucilaginosa,38.18275953021491,8.548088033519246,20.0,0
89.0,25.0,Rhodotorula mucilaginosa,37.48123827601506,7.352185315833346,20.0,0
89.0,30.0,Rhodotorula mucilaginosa,45.70742150231397,6.992184522814996,20.0,0
91.0,0.0,Rhodotorula diobovata,27.676096282931297,9.993628548718437,20.0,1
91.0,5.0,Rhodotorula diobovata,49.70911732229931,13.005247503471658,20.0,0
91.0,10.0,Rhodotorula diobovata,55.16671136614526,10.140933425820386,19.0,0
91.0,15.0,Rhodotorula diobovata,54.7772749435716,8.43210664079923,20.0,0
91.0,20.0,Rhodotorula diobovata,57.98441028900684,6.495581495668207,20.0,0
91.0,25.0,Rhodotorula diobovata,51.91897056083585,4.9141428794350475,20.0,0
91.0,30.0,Rhodotorula diobovata,253.36591956275055,1.4027276150680026,15.0,1
92.0,0.0,Rhodotorula taiwanensis,27.49870498320809,13.009660410610136,20.0,1
92.0,5.0,Rhodotorula taiwanensis,49.30173376103692,14.415862903018656,20.0,0
92.0,10.0,Rhodotorula taiwanensis,47.21890570715021,10.929045872631082,19.0,0
92.0,15.0,Rhodotorula taiwanensis,44.12994640417679,9.54428294269026,20.0,0
92.0,20.0,Rhodotorula taiwanensis,42.745517061094056,8.385159682097683,20.0,0
92.0,25.0,Rhodotorula taiwanensis,35.51544168679462,7.62769126257148,15.0,0
93.0,0.0,Rhodotorula paludigena,35.54365383341777,7.074771533813133,20.0,0
93.0,5.0,Rhodotorula paludigena,54.48816379507515,11.809993841902788,15.0,0
93.0,10.0,Rhodotorula paludigena,58.54546310421147,9.035777777735472,14.0,0
93.0,15.0,Rhodotorula paludigena,64.45478786497644,9.231367202157681,10.0,0
93.0,20.0,Rhodotorula paludigena,79.35241394374046,3.2072377313109297,15.0,0
93.0,25.0,Rhodotorula paludigena,87.91178476981956,6.613926637542023,10.0,0
93.0,30.0,Rhodotorula paludigena,99.16292996434377,7.638499131314077,10.0,0
95.0,0.0,Rhodotorula mucilaginosa,13.624963521898984,9.811899751954916,20.0,1
95.0,5.0,Rhodotorula mucilaginosa,36.76596284392348,12.707147332483437,20.0,0
95.0,10.0,Rhodotorula mucilaginosa,40.64589017596452,11.318956496199966,19.0,0
95.0,15.0,Rhodotorula mucilaginosa,42.53295503418482,10.498734751355684,20.0,0
95.0,20.0,Rhodotorula mucilaginosa,48.90779492571523,9.54813923360199,20.0,0
95.0,25.0,Rhodotorula mucilaginosa,48.78065632684577,7.799853247318644,20.0,0
95.0,30.0,Rhodotorula mucilaginosa,57.741338677733296,7.155368911656474,20.0,0
96.0,0.0,Rhodotorula toruloides,13.525404092982834,5.377881167010036,20.0,1
96.0,5.0,Rhodotorula toruloides,51.8283104294124,9.618398698889731,20.0,0
96.0,10.0,Rhodotorula toruloides,49.88198783041366,5.175608768073521,19.0,0
96.0,15.0,Rhodotorula toruloides,46.08728783320869,4.465898531271933,15.0,0
96.0,20.0,Rhodotorula toruloides,48.5383393532247,3.230132450910709,15.0,0
96.0,25.0,Rhodotorula toruloides,40.847183498501586,1.596356044046936,20.0,0
96.0,30.0,Rhodotorula toruloides,67.21198568981941,4.100705153695441,10.0,0
97.0,0.0,Rhodotorula mucilaginosa,9.304894372352544,9.764387258813063,20.0,1
97.0,5.0,Rhodotorula mucilaginosa,35.70400446832793,11.631579460141648,20.0,0
97.0,10.0,Rhodotorula mucilaginosa,35.907310656112735,10.044727673118055,19.0,0
97.0,15.0,Rhodotorula mucilaginosa,37.22486273954956,8.607952644149286,20.0,0
97.0,20.0,Rhodotorula mucilaginosa,44.087443293486224,7.806751511187071,20.0,0
97.0,25.0,Rhodotorula mucilaginosa,46.14842903003942,6.765900987642212,20.0,0
97.0,30.0,Rhodotorula mucilaginosa,54.96267669118162,5.833299086649983,20.0,0
98.0,0.0,Rhodotorula mucilaginosa,10.433447427055343,10.506595642891103,20.0,1
98.0,5.0,Rhodotorula mucilaginosa,38.2153115819358,13.180483120316554,20.0,0
98.0,10.0,Rhodotorula mucilaginosa,40.625616404959835,11.944938323456377,19.0,0
98.0,15.0,Rhodotorula mucilaginosa,41.860094371486646,11.125547131962266,20.0,0
98.0,20.0,Rhodotorula mucilaginosa,48.29536675752021,9.981336867706002,20.0,0
98.0,25.0,Rhodotorula mucilaginosa,47.13165787129906,8.141409174811272,20.0,0
98.0,30.0,Rhodotorula mucilaginosa,56.4287318185136,6.753242544534743,20.0,0
99.0,0.0,Rhodotorula mucilaginosa,11.726104190411974,10.709170738053697,20.0,1
99.0,5.0,Rhodotorula mucilaginosa,37.77697325075772,12.057305328741968,20.0,0
99.0,10.0,Rhodotorula mucilaginosa,44.00887011570054,12.659628716694236,19.0,0
99.0,15.0,Rhodotorula mucilaginosa,45.28370885946538,11.60706539342408,20.0,0
99.0,20.0,Rhodotorula mucilaginosa,52.98799331363297,11.096552995042222,20.0,0
99.0,25.0,Rhodotorula mucilaginosa,59.444557226992586,9.54477378051888,20.0,0
99.0,30.0,Rhodotorula mucilaginosa,65.39944793700019,7.744587403701436,20.0,0
100.0,0.0,Rhodotorula mucilaginosa,20.5496711604066,10.244892267887414,20.0,1
100.0,5.0,Rhodotorula mucilaginosa,43.873635310776756,13.765331489415194,20.0,0
100.0,10.0,Rhodotorula mucilaginosa,47.06223111104606,11.576122702432317,19.0,0
100.0,15.0,Rhodotorula mucilaginosa,45.3787792846784,10.39912041544462,20.0,0
100.0,20.0,Rhodotorula mucilaginosa,48.25035857636683,8.638334489722013,20.0,0
100.0,25.0,Rhodotorula mucilaginosa,48.64449714644753,7.859339541030474,20.0,0
100.0,30.0,Rhodotorula mucilaginosa,52.58404214331259,7.662967042707949,20.0,0
101.0,10.0,Rhodotorula sphaerocarpa,4.907517241488965,8.003633172896599,10.0,1
104.0,0.0,Rhodotorula mucilaginosa,10.628169134187138,10.965031396105562,20.0,1
104.0,5.0,Rhodotorula mucilaginosa,35.892205957731505,13.254596772926146,20.0,0
104.0,10.0,Rhodotorula mucilaginosa,37.66631819171728,11.921942914982704,19.0,0
104.0,15.0,Rhodotorula mucilaginosa,40.17311024836147,10.824292323508626,20.0,0
104.0,20.0,Rhodotorula mucilaginosa,42.129215908394926,9.127846871031817,20.0,0
104.0,25.0,Rhodotorula mucilaginosa,41.56981954297468,7.5783901311846655,20.0,0
104.0,30.0,Rhodotorula mucilaginosa,52.51685874534366,7.026418705878802,20.0,0
105.0,0.0,Rhodotorula toruloides,22.140493207755963,13.980490357834642,15.0,1
105.0,5.0,Rhodotorula toruloides,41.94012729364339,14.819089048779972,15.0,0
105.0,10.0,Rhodotorula toruloides,40.658337708114125,11.134779366126754,14.0,0
105.0,15.0,Rhodotorula toruloides,40.32322359506597,9.412578595240952,15.0,0
105.0,20.0,Rhodotorula toruloides,43.080543326833634,8.656111451207376,15.0,0
105.0,25.0,Rhodotorula toruloides,32.626836423605944,6.50588113592486,15.0,0
105.0,30.0,Rhodotorula toruloides,355.9339528973956,5.422879290731936,10.0,1
106.0,0.0,Rhodotorula mucilaginosa,23.624444124008786,11.807729684632676,20.0,1
106.0,5.0,Rhodotorula mucilaginosa,38.951786075263904,13.580227517301836,20.0,0
106.0,10.0,Rhodotorula mucilaginosa,38.67528344322027,11.158818401115605,19.0,0
106.0,15.0,Rhodotorula mucilaginosa,39.26540901541818,9.132842653758544,20.0,0
106.0,20.0,Rhodotorula mucilaginosa,37.50008991153605,6.604908673135526,20.0,0
106.0,25.0,Rhodotorula mucilaginosa,31.448469298932135,4.984943002858355,20.0,0
106.0,30.0,Rhodotorula mucilaginosa,354.4851878586935,2.9555102584018345,20.0,1
107.0,0.0,Rhodotorula mucilaginosa,9.766634835361602,9.409419590947802,20.0,1
107.0,5.0,Rhodotorula mucilaginosa,38.715527875716646,10.911229846365217,20.0,0
107.0,10.0,Rhodotorula mucilaginosa,39.74727134775981,8.79850485919355,19.0,0
107.0,15.0,Rhodotorula mucilaginosa,46.3667041576837,10.233726594734042,20.0,0
107.0,20.0,Rhodotorula mucilaginosa,53.984929841934395,9.99276061924583,20.0,0
107.0,25.0,Rhodotorula mucilaginosa,54.48018000052803,8.114457828684127,20.0,0
107.0,30.0,Rhodotorula mucilaginosa,62.57983871243336,6.949823262915132,20.0,0
108.0,0.0,Rhodotorula mucilaginosa,21.638091966433596,10.942530781246194,20.0,1
108.0,5.0,Rhodotorula mucilaginosa,42.94208687620061,13.961304199009742,20.0,0
108.0,10.0,Rhodotorula mucilaginosa,41.02742625682215,10.92488049658693,19.0,0
108.0,15.0,Rhodotorula mucilaginosa,40.06691258208008,9.11230161591154,20.0,0
108.0,20.0,Rhodotorula mucilaginosa,46.0676952407009,6.392896109669361,20.0,0
108.0,25.0,Rhodotorula mucilaginosa,45.673140560674376,5.116287177657146,20.0,0
108.0,30.0,Rhodotorula mucilaginosa,35.19699765198539,3.1523458259323984,20.0,0
109.0,0.0,Rhodotorula mucilaginosa,11.047327354208868,8.887176596420296,20.0,1
109.0,5.0,Rhodotorula mucilaginosa,40.102560037205286,12.784983559290662,20.0,0
109.0,10.0,Rhodotorula mucilaginosa,40.58354107943231,11.170757297597476,19.0,0
109.0,15.0,Rhodotorula mucilaginosa,42.59000174921989,10.285866859896934,20.0,0
109.0,20.0,Rhodotorula mucilaginosa,47.391392718966195,9.223672571478568,20.0,0
109.0,25.0,Rhodotorula mucilaginosa,45.60851892978063,8.072623310667442,20.0,0
109.0,30.0,Rhodotorula mucilaginosa,52.7355247220814,6.462365334459147,20.0,0
110.0,0.0,Rhodotorula sp. clade I,14.759754571016465,9.951710971987342,10.0,1
110.0,5.0,Rhodotorula sp. clade I,44.21230370402509,12.491114157255096,15.0,0
110.0,10.0,Rhodotorula sp. clade I,43.57522292879487,10.253779884009829,15.0,0
110.0,15.0,Rhodotorula sp. clade I,47.728429531390645,7.454253313732454,15.0,0
110.0,20.0,Rhodotorula sp. clade I,58.87998993018895,7.1793500206449865,10.0,0
110.0,25.0,Rhodotorula sp. clade I,77.4704473249219,6.876696530051692,10.0,0
110.0,30.0,Rhodotorula sp. clade I,346.50431716861027,7.490305699191486,10.0,1
111.0,0.0,Rhodotorula diobovata,21.084821448633697,11.008989637384921,20.0,1
111.0,5.0,Rhodotorula diobovata,48.195397132194564,13.233337570324716,20.0,0
111.0,10.0,Rhodotorula diobovata,54.805551202752355,11.768065061833626,19.0,0
111.0,15.0,Rhodotorula diobovata,51.749064982149285,9.008476872209666,20.0,0
111.0,20.0,Rhodotorula diobovata,53.88042791990657,7.914863073718658,20.0,0
111.0,25.0,Rhodotorula diobovata,48.18222011144626,5.401218671306506,20.0,0
111.0,30.0,Rhodotorula diobovata,53.874579708546406,6.458046107101951,11.0,0
112.0,0.0,Rhodotorula sp. clade I,11.265768222792731,6.025348567463551,10.0,1
113.0,0.0,Rhodotorula mucilaginosa,10.44386850137956,9.043756519506491,20.0,1
113.0,5.0,Rhodotorula mucilaginosa,40.9924989780033,13.0729395134382,20.0,0
113.0,10.0,Rhodotorula mucilaginosa,44.056472957944806,11.12191992198754,19.0,0
113.0,15.0,Rhodotorula mucilaginosa,45.664994277415616,10.65558555426836,20.0,0
113.0,20.0,Rhodotorula mucilaginosa,52.50265931489606,9.768721942356862,20.0,0
113.0,25.0,Rhodotorula mucilaginosa,52.00559283437221,8.586741034408409,20.0,0
113.0,30.0,Rhodotorula mucilaginosa,59.08567988909498,7.183801707259355,20.0,0
114.0,0.0,Rhodotorula toruloides,21.68561522512466,6.881567659428022,15.0,1
114.0,5.0,Rhodotorula toruloides,48.67137583499143,9.561199190031104,15.0,0
114.0,10.0,Rhodotorula toruloides,45.99376534700391,6.1107737675310565,15.0,0
114.0,15.0,Rhodotorula toruloides,33.78951002123448,5.60259607722015,20.0,0
114.0,20.0,Rhodotorula toruloides,36.20507412662677,4.724363015130114,10.0,0
114.0,25.0,Rhodotorula toruloides,31.51173654810091,3.236704654545229,10.0,0
114.0,30.0,Rhodotorula toruloides,346.49754038961214,1.6428880306656954,10.0,1
115.0,0.0,Rhodotorula mucilaginosa,3.4896970326424808,9.748181905371492,15.0,1
115.0,5.0,Rhodotorula mucilaginosa,30.4380029261128,11.678332482677932,15.0,1
115.0,10.0,Rhodotorula mucilaginosa,32.82823696702239,10.367060829197719,14.0,0
115.0,15.0,Rhodotorula mucilaginosa,39.78606724704195,10.37733300522228,15.0,0
115.0,20.0,Rhodotorula mucilaginosa,49.59071428058387,9.537186207831578,15.0,0
115.0,25.0,Rhodotorula mucilaginosa,52.744769837853426,8.62674380332629,15.0,0
115.0,30.0,Rhodotorula mucilaginosa,59.62726362119954,6.77956090002735,15.0,0
116.0,0.0,Rhodotorula mucilaginosa,24.970853409769852,12.12745409150903,20.0,1
116.0,5.0,Rhodotorula mucilaginosa,37.65952112870257,13.420031720893833,20.0,0
116.0,10.0,Rhodotorula mucilaginosa,39.356124440690756,9.500699360150078,19.0,0
116.0,15.0,Rhodotorula mucilaginosa,40.81760554369031,6.987260875196674,20.0,0
116.0,20.0,Rhodotorula mucilaginosa,38.1739886518374,4.21653051079598,20.0,0
116.0,25.0,Rhodotorula mucilaginosa,18.77395088688036,1.8864179845611706,20.0,1
116.0,30.0,Rhodotorula mucilaginosa,276.1215667198341,5.653432289330066,15.0,1
117.0,0.0,Rhodotorula mucilaginosa,12.693535235231183,10.384558658929992,20.0,1
117.0,5.0,Rhodotorula mucilaginosa,35.43273047168723,12.717687961022591,20.0,0
117.0,10.0,Rhodotorula mucilaginosa,34.05706088449547,9.813447565515276,19.0,0
117.0,15.0,Rhodotorula mucilaginosa,34.80301549553234,8.274975960820534,20.0,0
117.0,20.0,Rhodotorula mucilaginosa,42.002586839026364,6.642779098526521,20.0,0
117.0,25.0,Rhodotorula mucilaginosa,35.26795916545767,4.781191573177637,20.0,0
117.0,30.0,Rhodotorula mucilaginosa,31.146400093517922,2.7705956487056826,20.0,0
118.0,0.0,Rhodotorula taiwanensis,30.00520318278738,13.265174098997095,20.0,1
118.0,5.0,Rhodotorula taiwanensis,49.552525214369396,13.678023051666877,20.0,0
118.0,10.0,Rhodotorula taiwanensis,47.69525676748563,10.42346439860973,19.0,0
118.0,15.0,Rhodotorula taiwanensis,44.03713021989417,9.388175316219826,20.0,0
118.0,20.0,Rhodotorula taiwanensis,33.89814827221808,7.900406197673846,20.0,0
118.0,25.0,Rhodotorula taiwanensis,356.111636428581,6.936302501603177,20.0,1
118.0,30.0,Rhodotorula taiwanensis,282.32807733053164,4.695176247252123,15.0,1
119.0,0.0,Rhodotorula sp. clade I,19.149654647410852,10.736505431043494,20.0,1
119.0,5.0,Rhodotorula sp. clade I,37.28988873835423,12.897642514077768,20.0,0
119.0,10.0,Rhodotorula sp. clade I,40.797428197797664,10.26610288634961,19.0,0
119.0,15.0,Rhodotorula sp. clade I,43.80044426608285,8.3493584594986,20.0,0
119.0,20.0,Rhodotorula sp. clade I,53.48337778212384,6.6959739952030795,20.0,0
119.0,25.0,Rhodotorula sp. clade I,50.58122851729031,4.95560054709164,20.0,0
119.0,30.0,Rhodotorula sp. clade I,36.04750356619902,2.7933056839538715,20.0,0
120.0,0.0,Rhodotorula diobovata,22.211668549310545,9.5045611296888,20.0,1
120.0,5.0,Rhodotorula diobovata,49.53814516789297,13.87209302869924,15.0,0
120.0,10.0,Rhodotorula diobovata,46.68212496392327,9.539500118944126,14.0,0
120.0,15.0,Rhodotorula diobovata,47.37118562339012,6.370965655314071,15.0,0
120.0,20.0,Rhodotorula diobovata,52.53903514172277,4.265725933565967,15.0,0
120.0,25.0,Rhodotorula diobovata,64.73425746640658,5.189404853338904,10.0,0
120.0,30.0,Rhodotorula diobovata,77.67115057157402,3.952220256919069,10.0,0
121.0,0.0,Rhodotorula paludigena,36.359627307048484,5.153711946409608,10.0,0
121.0,5.0,Rhodotorula paludigena,55.025502694469814,6.474912521914289,10.0,0
121.0,15.0,Rhodotorula paludigena,338.49736227219313,6.559485040456188,10.0,1
123.0,0.0,Rhodotorula sp. clade I,33.936525379243875,7.482546553128467,20.0,0
123.0,5.0,Rhodotorula sp. clade I,43.34443084661486,13.522527433556478,15.0,0
123.0,10.0,Rhodotorula sp. clade I,41.35905354630633,9.939160577248344,15.0,0
123.0,15.0,Rhodotorula sp. clade I,35.7521964652246,7.306320319944406,15.0,0
123.0,20.0,Rhodotorula sp. clade I,35.93222618075598,7.016598203524142,10.0,0
123.0,25.0,Rhodotorula sp. clade I,349.96893415408755,9.187347560655926,10.0,1
124.0,0.0,Rhodotorula mucilaginosa,23.39349238068557,11.200630171369411,20.0,1
124.0,5.0,Rhodotorula mucilaginosa,37.464577560623596,13.313995646136835,20.0,0
124.0,10.0,Rhodotorula mucilaginosa,38.222584821570905,9.59749190721686,19.0,0
124.0,15.0,Rhodotorula mucilaginosa,43.45776253714694,8.66559799034858,20.0,0
124.0,20.0,Rhodotorula mucilaginosa,48.66530908694418,6.36071634723119,20.0,0
124.0,25.0,Rhodotorula mucilaginosa,48.418863194128114,4.00120196649283,20.0,0
124.0,30.0,Rhodotorula mucilaginosa,356.55817980092536,3.9382647241083006,20.0,1
125.0,0.0,Rhodotorula mucilaginosa,21.681585134442752,8.114859007999467,20.0,1
125.0,5.0,Rhodotorula mucilaginosa,43.9054130807096,12.29927797786789,20.0,0
125.0,10.0,Rhodotorula mucilaginosa,48.876455678252626,9.261824129801717,19.0,0
125.0,15.0,Rhodotorula mucilaginosa,49.362681354556564,7.997843557278778,20.0,0
125.0,20.0,Rhodotorula mucilaginosa,54.49770771603865,6.944200850605025,20.0,0
125.0,25.0,Rhodotorula mucilaginosa,54.07646630269502,5.863504240551965,20.0,0
125.0,30.0,Rhodotorula mucilaginosa,55.33237093330536,3.985852204217199,20.0,0
126.0,0.0,Rhodotorula mucilaginosa,19.176782588863016,10.586545837772633,20.0,1
126.0,5.0,Rhodotorula mucilaginosa,39.10154769410355,13.241556610504746,20.0,0
126.0,10.0,Rhodotorula mucilaginosa,43.141737989975915,10.78167233140059,19.0,0
126.0,15.0,Rhodotorula mucilaginosa,46.98548669956172,10.683050827534881,20.0,0
126.0,20.0,Rhodotorula mucilaginosa,54.47971122770059,9.52336250732997,20.0,0
126.0,25.0,Rhodotorula mucilaginosa,54.884245486280925,6.960954457053831,20.0,0
126.0,30.0,Rhodotorula mucilaginosa,62.461783221896674,5.778928962561798,20.0,0
127.0,0.0,Rhodotorula mucilaginosa,22.41766465008458,12.325915164216113,20.0,1
127.0,5.0,Rhodotorula mucilaginosa,37.33865957182834,13.777701642260265,20.0,0
127.0,10.0,Rhodotorula mucilaginosa,39.6828303633681,11.12362557584183,19.0,0
127.0,15.0,Rhodotorula mucilaginosa,38.92272610572061,9.424413481271728,20.0,0
127.0,20.0,Rhodotorula mucilaginosa,40.8171997479221,7.483240857346697,20.0,0
127.0,25.0,Rhodotorula mucilaginosa,37.80185068102794,5.883938964648856,20.0,0
127.0,30.0,Rhodotorula mucilaginosa,21.652598618691147,3.483877850622105,20.0,1
129.0,0.0,Rhodotorula mucilaginosa,17.776873829510834,10.515023179777012,20.0,1
129.0,5.0,Rhodotorula mucilaginosa,41.6836162661911,11.943116629263338,20.0,0
129.0,10.0,Rhodotorula mucilaginosa,44.82027386309515,12.104708400107056,19.0,0
129.0,15.0,Rhodotorula mucilaginosa,45.37234329425346,11.496537129710228,20.0,0
129.0,20.0,Rhodotorula mucilaginosa,51.458355636969266,10.242604209642147,20.0,0
129.0,25.0,Rhodotorula mucilaginosa,60.260048775356644,8.825896787794175,20.0,0
129.0,30.0,Rhodotorula mucilaginosa,66.48624897426438,7.219464064844599,20.0,0
130.0,0.0,Rhodotorula mucilaginosa,2.6398293881275903,7.2522839296188355,21.0,1
130.0,5.0,Rhodotorula mucilaginosa,35.11990139559932,10.630720711991962,20.0,0
130.0,10.0,Rhodotorula mucilaginosa,37.6753220581896,9.688109161079495,19.0,0
130.0,15.0,Rhodotorula mucilaginosa,40.62376988411731,9.154384159254947,20.0,0
130.0,20.0,Rhodotorula mucilaginosa,46.249114779038464,7.9165575821154714,20.0,0
130.0,25.0,Rhodotorula mucilaginosa,45.78044418691136,6.338310771477067,20.0,0
130.0,30.0,Rhodotorula mucilaginosa,58.36042589053937,6.389282772008171,20.0,0
131.0,0.0,Rhodotorula mucilaginosa,11.355840425359794,9.854265618517772,20.0,1
131.0,5.0,Rhodotorula mucilaginosa,36.264074493037,13.047426619275015,20.0,0
131.0,10.0,Rhodotorula mucilaginosa,39.19170794587053,11.471802768926452,19.0,0
131.0,15.0,Rhodotorula mucilaginosa,40.31615896092439,10.86895051965843,20.0,0
131.0,20.0,Rhodotorula mucilaginosa,44.03150429961583,9.291718564934774,20.0,0
131.0,25.0,Rhodotorula mucilaginosa,42.84069091553018,7.707202024610476,20.0,0
131.0,30.0,Rhodotorula mucilaginosa,54.469656655290876,7.147874426304963,20.0,0
133.0,0.0,Rhodotorula mucilaginosa,5.958298290248018,10.01871728399379,20.0,1
133.0,5.0,Rhodotorula mucilaginosa,37.509707974217605,12.25341315231394,20.0,0
133.0,10.0,Rhodotorula mucilaginosa,41.138596495684084,11.13526492094901,19.0,0
133.0,15.0,Rhodotorula mucilaginosa,43.29500394615477,10.946201027713215,20.0,0
133.0,20.0,Rhodotorula mucilaginosa,49.61928430133428,9.799915334629038,20.0,0
133.0,25.0,Rhodotorula mucilaginosa,49.265838563676446,8.077815982075055,20.0,0
133.0,30.0,Rhodotorula mucilaginosa,61.392567799293246,7.253808055849412,20.0,0
134.0,0.0,Rhodotorula mucilaginosa,10.118228780923054,10.397598586538827,20.0,1
134.0,5.0,Rhodotorula mucilaginosa,34.7423983209414,12.478797161912286,20.0,0
134.0,10.0,Rhodotorula mucilaginosa,35.35681870673003,9.894573173617513,19.0,0
134.0,15.0,Rhodotorula mucilaginosa,42.16601620519296,10.443063545754663,20.0,0
134.0,20.0,Rhodotorula mucilaginosa,48.68819980236098,9.204833957753083,20.0,0
134.0,25.0,Rhodotorula mucilaginosa,45.03135649965678,7.734130386124846,20.0,0
134.0,30.0,Rhodotorula mucilaginosa,45.20249422666243,6.630252741119261,20.0,0
135.0,0.0,Rhodotorula mucilaginosa,7.640304111173547,10.765185302155567,20.0,1
135.0,5.0,Rhodotorula mucilaginosa,35.241227899951035,12.543660374350184,20.0,0
135.0,10.0,Rhodotorula mucilaginosa,40.278126646155215,11.10172430026261,19.0,0
135.0,15.0,Rhodotorula mucilaginosa,43.203735044172106,9.963229884011616,20.0,0
135.0,20.0,Rhodotorula mucilaginosa,50.46966234865417,8.732987686743648,20.0,0
135.0,25.0,Rhodotorula mucilaginosa,54.875473521757534,7.369352677086896,20.0,0
135.0,30.0,Rhodotorula mucilaginosa,65.20766931353886,5.446969515401244,20.0,0
136.0,0.0,Rhodotorula sphaerocarpa,17.61384893814224,11.429861410704667,15.0,1
136.0,5.0,Rhodotorula sphaerocarpa,44.073580777139234,9.072222271132963,20.0,0
136.0,10.0,Rhodotorula sphaerocarpa,33.58249772547208,10.94497901935546,14.0,0
136.0,15.0,Rhodotorula sphaerocarpa,34.81573584121528,10.329020265364433,15.0,0
136.0,20.0,Rhodotorula sphaerocarpa,49.7516655694007,9.4319552004063,10.0,0
136.0,25.0,Rhodotorula sphaerocarpa,50.849116802196434,8.053452218578261,10.0,0
136.0,30.0,Rhodotorula sphaerocarpa,247.91511305391342,6.855749974852334,15.0,1
137.0,0.0,Rhodotorula taiwanensis,24.58001406284098,12.192916101439625,20.0,1
137.0,5.0,Rhodotorula taiwanensis,46.00161738907658,14.27180873487034,20.0,0
137.0,10.0,Rhodotorula taiwanensis,48.13631920848478,11.427668160962916,19.0,0
137.0,15.0,Rhodotorula taiwanensis,47.77580602970654,9.686142702112127,20.0,0
137.0,20.0,Rhodotorula taiwanensis,50.47328148891986,7.018462007117294,20.0,0
137.0,25.0,Rhodotorula taiwanensis,36.0482397039551,5.315473404122585,20.0,0
137.0,30.0,Rhodotorula taiwanensis,60.25498331054454,2.8826832698609,15.0,0
139.0,0.0,Rhodotorula sp. clade I,22.710823863047693,12.120986403070326,20.0,1
139.0,5.0,Rhodotorula sp. clade I,38.1587808558054,15.018830353869486,15.0,0
139.0,10.0,Rhodotorula sp. clade I,36.28691430992539,12.173393099282018,14.0,0
139.0,15.0,Rhodotorula sp. clade I,34.81762802354655,10.116362759306211,15.0,0
139.0,20.0,Rhodotorula sp. clade I,34.37861014751457,7.188517344672517,15.0,0
139.0,25.0,Rhodotorula sp. clade I,31.637326939401,5.276227401400391,15.0,0
139.0,30.0,Rhodotorula sp. clade I,19.69438908931339,3.2997377229914058,15.0,1
140.0,0.0,Rhodotorula sp. clade I,12.952626289463941,11.85262130079166,10.0,1
140.0,5.0,Rhodotorula sp. clade I,36.42365818145091,12.589402881811989,15.0,0
140.0,10.0,Rhodotorula sp. clade I,31.688337533065184,8.165023225707902,14.0,0
140.0,15.0,Rhodotorula sp. clade I,38.382427470608434,8.536266371403515,10.0,0
140.0,20.0,Rhodotorula sp. clade I,23.334906720608867,8.668424420284534,10.0,1
140.0,30.0,Rhodotorula sp. clade I,68.16409948618545,4.711513113039007,10.0,0
141.0,0.0,Rhodotorula toruloides,20.75440243825056,10.81299676419036,15.0,1
141.0,5.0,Rhodotorula toruloides,44.640021419259995,14.244783593697088,15.0,0
141.0,10.0,Rhodotorula toruloides,44.8115378696945,11.707547892008435,14.0,0
141.0,15.0,Rhodotorula toruloides,42.1125167195042,9.476039277453284,15.0,0
141.0,20.0,Rhodotorula toruloides,42.04245525746423,6.2766722712040215,15.0,0
141.0,25.0,Rhodotorula toruloides,37.78078027545416,5.034772435803863,15.0,0
141.0,30.0,Rhodotorula toruloides,43.80505228848603,2.489877312589214,15.0,0
142.0,0.0,Rhodotorula mucilaginosa,7.052369146431239,9.483281030126905,20.0,1
142.0,5.0,Rhodotorula mucilaginosa,40.19706901155992,11.889078848210282,20.0,0
142.0,10.0,Rhodotorula mucilaginosa,46.340182162200854,11.35967366593793,19.0,0
142.0,15.0,Rhodotorula mucilaginosa,46.513924508475675,10.824117862819069,20.0,0
142.0,20.0,Rhodotorula mucilaginosa,52.49499324245067,9.724430497259533,20.0,0
142.0,25.0,Rhodotorula mucilaginosa,53.845273048204845,7.995123929346126,20.0,0
142.0,30.0,Rhodotorula mucilaginosa,66.85051090969152,7.823396146712713,20.0,0
143.0,0.0,Rhodotorula mucilaginosa,13.193845696344676,10.882817513446689,20.0,1
143.0,5.0,Rhodotorula mucilaginosa,38.84836555655195,12.921011055000903,20.0,0
143.0,10.0,Rhodotorula mucilaginosa,42.31159144748482,12.139075733812549,19.0,0
143.0,15.0,Rhodotorula mucilaginosa,42.784688192410506,11.415129371968758,20.0,0
143.0,20.0,Rhodotorula mucilaginosa,47.738455928293924,10.413103774775113,20.0,0
143.0,25.0,Rhodotorula mucilaginosa,51.800676305476564,8.687451016011995,20.0,0
143.0,30.0,Rhodotorula mucilaginosa,61.163815229447614,8.49845448897683,20.0,0
144.0,0.0,Rhodotorula mucilaginosa,5.725395073906495,10.072887003572216,20.0,1
144.0,5.0,Rhodotorula mucilaginosa,32.97260510033075,12.378845219102086,20.0,0
144.0,10.0,Rhodotorula mucilaginosa,36.94153751700673,11.115592011934472,19.0,0
144.0,15.0,Rhodotorula mucilaginosa,41.406891725697214,10.90911155627334,20.0,0
144.0,20.0,Rhodotorula mucilaginosa,48.54907703140466,9.109945427392475,20.0,0
144.0,25.0,Rhodotorula mucilaginosa,50.00670867038091,7.322221466585872,20.0,0
144.0,30.0,Rhodotorula mucilaginosa,61.85628695911001,6.534001882229338,20.0,0
145.0,0.0,Rhodotorula mucilaginosa,17.65514627157912,8.76237133415224,20.0,1
145.0,5.0,Rhodotorula mucilaginosa,44.225528902196494,13.174395171683646,20.0,0
145.0,10.0,Rhodotorula mucilaginosa,49.11454292308527,10.45594615423379,19.0,0
145.0,15.0,Rhodotorula mucilaginosa,51.59762638611444,8.969152028322437,20.0,0
145.0,20.0,Rhodotorula mucilaginosa,60.17443197079175,8.532823248688223,20.0,0
145.0,25.0,Rhodotorula mucilaginosa,58.560963578302434,7.055258053833034,20.0,0
145.0,30.0,Rhodotorula mucilaginosa,60.20015456833091,5.435431068050325,20.0,0
146.0,0.0,Rhodotorula mucilaginosa,8.674951097061967,10.621141409492722,20.0,1
146.0,5.0,Rhodotorula mucilaginosa,36.41592237407154,12.774183017403429,20.0,0
146.0,10.0,Rhodotorula mucilaginosa,39.01751746516048,10.934281989366,19.0,0
146.0,15.0,Rhodotorula mucilaginosa,41.394102841770696,10.486121154819678,20.0,0
146.0,20.0,Rhodotorula mucilaginosa,47.8399587503853,9.344039515223386,20.0,0
146.0,25.0,Rhodotorula mucilaginosa,48.180742938944974,8.028607659065418,20.0,0
146.0,30.0,Rhodotorula mucilaginosa,59.050918666377484,6.7098614464298265,20.0,0
148.0,0.0,Rhodotorula mucilaginosa,10.206231029031226,10.32600143987673,20.0,1
148.0,5.0,Rhodotorula mucilaginosa,36.86962670165304,12.620307698418273,20.0,0
148.0,10.0,Rhodotorula mucilaginosa,40.422803742679314,11.53906068331004,19.0,0
148.0,15.0,Rhodotorula mucilaginosa,41.128582057576,10.975562866858237,20.0,0
148.0,20.0,Rhodotorula mucilaginosa,46.851301457952275,9.862484777810877,20.0,0
148.0,25.0,Rhodotorula mucilaginosa,48.82752980644697,8.905815328553526,20.0,0
148.0,30.0,Rhodotorula mucilaginosa,58.90528821894962,7.071856891603739,20.0,0
149.0,0.0,Rhodotorula sphaerocarpa,21.111676083850032,11.560164079162561,16.0,1
149.0,5.0,Rhodotorula sphaerocarpa,46.273612444421886,12.24156532759339,19.0,0
149.0,10.0,Rhodotorula sphaerocarpa,41.23589426153942,11.598522565528413,14.0,0
149.0,15.0,Rhodotorula sphaerocarpa,21.5016531328179,9.178640882664226,19.0,1
149.0,20.0,Rhodotorula sphaerocarpa,45.42811149627063,8.478835480465492,12.0,0
149.0,25.0,Rhodotorula sphaerocarpa,40.87570432212319,6.507626384158191,15.0,0
150.0,0.0,Rhodotorula mucilaginosa,21.857733493427457,11.58318486792118,20.0,1
150.0,5.0,Rhodotorula mucilaginosa,38.805838165073624,13.963245832672932,20.0,0
150.0,10.0,Rhodotorula mucilaginosa,40.924743050549054,11.59974809849311,19.0,0
150.0,15.0,Rhodotorula mucilaginosa,40.99910748231103,10.179297916490253,20.0,0
150.0,20.0,Rhodotorula mucilaginosa,43.37284002612331,7.002726938677519,20.0,0
150.0,25.0,Rhodotorula mucilaginosa,43.931527259192535,5.477731712682127,20.0,0
150.0,30.0,Rhodotorula mucilaginosa,42.55944115161837,3.0112128598015637,20.0,0
151.0,0.0,Rhodotorula mucilaginosa,9.581553897461388,9.585351681569534,20.0,1
151.0,5.0,Rhodotorula mucilaginosa,38.54058675206729,11.75721004721536,20.0,0
151.0,10.0,Rhodotorula mucilaginosa,43.93635387269676,10.748675937285526,19.0,0
151.0,15.0,Rhodotorula mucilaginosa,45.91844515238827,10.304745427085127,20.0,0
151.0,20.0,Rhodotorula mucilaginosa,53.79576357478547,9.338958686497506,20.0,0
151.0,25.0,Rhodotorula mucilaginosa,54.436790234443016,7.663254602831964,20.0,0
151.0,30.0,Rhodotorula mucilaginosa,65.31948466070173,6.4012411231245006,20.0,0
152.0,0.0,Rhodotorula mucilaginosa,12.609366983336614,10.167275319949319,20.0,1
152.0,5.0,Rhodotorula mucilaginosa,38.89512075224926,12.704442078472377,20.0,0
152.0,10.0,Rhodotorula mucilaginosa,38.69932400580835,10.449908706794169,19.0,0
152.0,15.0,Rhodotorula mucilaginosa,41.68933487200735,10.392033329074899,20.0,0
152.0,20.0,Rhodotorula mucilaginosa,49.85131336573105,9.088017774577038,20.0,0
152.0,25.0,Rhodotorula mucilaginosa,54.21893480699985,7.880705268970814,20.0,0
152.0,30.0,Rhodotorula mucilaginosa,60.20849706205459,6.14369228106552,20.0,0
153.0,0.0,Rhodotorula mucilaginosa,25.039856233413104,10.389422254104952,20.0,1
153.0,5.0,Rhodotorula mucilaginosa,39.925771232423195,13.315324976362977,20.0,0
153.0,10.0,Rhodotorula mucilaginosa,44.23754807605373,10.63799296909811,19.0,0
153.0,15.0,Rhodotorula mucilaginosa,46.552841401456945,9.674337563840709,20.0,0
153.0,20.0,Rhodotorula mucilaginosa,49.654073771297924,7.489404100053262,20.0,0
153.0,25.0,Rhodotorula mucilaginosa,48.08356143529923,4.892236189940268,20.0,0
153.0,30.0,Rhodotorula mucilaginosa,37.182560263337926,2.2973002839382928,20.0,0
155.0,0.0,Rhodotorula taiwanensis,23.349723965606298,13.496567771928994,20.0,1
155.0,5.0,Rhodotorula taiwanensis,43.929624153077505,14.875678178830686,20.0,0
155.0,10.0,Rhodotorula taiwanensis,44.34266189019544,10.820778858504674,19.0,0
155.0,15.0,Rhodotorula taiwanensis,41.63906837421921,10.59167491067997,20.0,0
155.0,20.0,Rhodotorula taiwanensis,38.66581754269959,9.315372571130846,20.0,0
155.0,25.0,Rhodotorula taiwanensis,15.682870093981753,8.139829865003573,20.0,1
155.0,30.0,Rhodotorula taiwanensis,13.859559686371876,6.769192227501845,10.0,1
156.0,0.0,Rhodotorula paludigena,19.61290723920163,11.86245001748982,20.0,1
156.0,5.0,Rhodotorula paludigena,40.791966780271174,14.675750467352437,20.0,0
156.0,10.0,Rhodotorula paludigena,39.824508264886944,12.39181083456815,19.0,0
156.0,15.0,Rhodotorula paludigena,39.473027686019066,10.385079585012278,20.0,0
156.0,20.0,Rhodotorula paludigena,43.5821990461269,7.4981499547520105,20.0,0
156.0,25.0,Rhodotorula paludigena,41.50079118158544,5.507373802029846,20.0,0
156.0,30.0,Rhodotorula paludigena,42.75321052707892,2.8556978900483,20.0,0
157.0,0.0,Rhodotorula paludigena,28.273189501211945,12.113004804850299,20.0,1
157.0,5.0,Rhodotorula paludigena,39.728090945572234,13.735927129828713,20.0,0
157.0,10.0,Rhodotorula paludigena,41.77427604854308,10.687653164520848,19.0,0
157.0,15.0,Rhodotorula paludigena,44.49567592376412,8.645714003093909,20.0,0
157.0,20.0,Rhodotorula paludigena,50.33558375237603,6.6600264068539765,20.0,0
157.0,25.0,Rhodotorula paludigena,51.4228692255241,4.833146318902875,20.0,0
157.0,30.0,Rhodotorula paludigena,24.331495130738936,2.229515175738447,20.0,1
158.0,0.0,Rhodotorula mucilaginosa,20.02238427004071,8.700378059183638,20.0,1
158.0,5.0,Rhodotorula mucilaginosa,42.74439949936188,12.692147155309009,20.0,0
158.0,10.0,Rhodotorula mucilaginosa,47.17427421828315,10.487593965998352,19.0,0
158.0,15.0,Rhodotorula mucilaginosa,49.27188202006975,8.897804965050554,20.0,0
158.0,20.0,Rhodotorula mucilaginosa,57.07229515540305,7.851862656760819,20.0,0
158.0,25.0,Rhodotorula mucilaginosa,57.02248998567986,6.735858414738436,20.0,0
158.0,30.0,Rhodotorula mucilaginosa,57.000111449416394,5.145231463788955,20.0,0
159.0,0.0,Rhodotorula mucilaginosa,5.5537009925066325,9.927876899290574,20.0,1
159.0,5.0,Rhodotorula mucilaginosa,33.46978404427069,12.247725150563213,20.0,0
159.0,10.0,Rhodotorula mucilaginosa,36.84013726391061,11.550895551858904,19.0,0
159.0,15.0,Rhodotorula mucilaginosa,40.587817622611624,11.113578540651105,20.0,0
159.0,20.0,Rhodotorula mucilaginosa,46.45621301265122,9.767148725832838,20.0,0
159.0,25.0,Rhodotorula mucilaginosa,48.516821505229885,8.269462700892674,20.0,0
159.0,30.0,Rhodotorula mucilaginosa,58.347765076755955,7.094647694109785,20.0,0
161.0,0.0,Rhodotorula mucilaginosa,17.538729443645842,11.600409361710652,20.0,1
161.0,5.0,Rhodotorula mucilaginosa,37.70261862076883,12.403931613261463,20.0,0
161.0,10.0,Rhodotorula mucilaginosa,43.20801949281934,12.707648206660435,19.0,0
161.0,15.0,Rhodotorula mucilaginosa,44.13133612018888,11.206308125812633,20.0,0
161.0,20.0,Rhodotorula mucilaginosa,52.04717915215577,10.663164922127043,20.0,0
161.0,25.0,Rhodotorula mucilaginosa,57.13526288262033,9.031659079645404,20.0,0
161.0,30.0,Rhodotorula mucilaginosa,61.78028586530157,6.860212210447661,20.0,0
162.0,0.0,Rhodotorula mucilaginosa,24.38675101528129,11.466418265771829,15.0,1
162.0,5.0,Rhodotorula mucilaginosa,37.973815693938526,12.628990373374084,15.0,0
162.0,10.0,Rhodotorula mucilaginosa,39.17021829562382,9.97362019308254,14.0,0
162.0,15.0,Rhodotorula mucilaginosa,38.04997831396664,9.166780697350664,15.0,0
162.0,20.0,Rhodotorula mucilaginosa,41.88229799047376,6.999785275922746,15.0,0
162.0,25.0,Rhodotorula mucilaginosa,29.8985844531101,5.0551880668818265,15.0,1
162.0,30.0,Rhodotorula mucilaginosa,7.701255045940886,2.68320668270988,15.0,1
163.0,0.0,Rhodotorula mucilaginosa,28.53303146967107,8.126177804556681,20.0,1
163.0,5.0,Rhodotorula mucilaginosa,46.84100055973201,12.666466246148268,20.0,0
163.0,10.0,Rhodotorula mucilaginosa,53.025203207574414,10.2868489112711,19.0,0
163.0,15.0,Rhodotorula mucilaginosa,55.989509970342105,8.935246720338103,20.0,0
163.0,20.0,Rhodotorula mucilaginosa,66.05225262662397,7.948178550988095,20.0,0
163.0,25.0,Rhodotorula mucilaginosa,67.90274983491544,6.154782627342026,20.0,0
163.0,30.0,Rhodotorula mucilaginosa,71.23312812663019,6.300401204495934,20.0,0
164.0,0.0,Rhodotorula mucilaginosa,6.970152697069381,9.499259136136928,20.0,1
164.0,5.0,Rhodotorula mucilaginosa,42.2434704633953,12.014698983898198,20.0,0
164.0,10.0,Rhodotorula mucilaginosa,42.78120238573852,11.04408016128255,19.0,0
164.0,15.0,Rhodotorula mucilaginosa,43.056273346295434,10.648358654752931,20.0,0
164.0,20.0,Rhodotorula mucilaginosa,49.15785951786768,9.885218634943666,20.0,0
164.0,25.0,Rhodotorula mucilaginosa,51.40683073227129,8.812575537243195,20.0,0
164.0,30.0,Rhodotorula mucilaginosa,62.093889219332695,7.5114391926711574,20.0,0
165.0,0.0,,4.3425729557766495,9.401418235711214,20.0,1
165.0,5.0,,29.193426378703247,11.059141155675004,20.0,1
165.0,10.0,,33.64791057061998,10.361802875999732,19.0,0
165.0,15.0,,36.26929718791597,9.353175909444523,20.0,0
165.0,20.0,,42.34327923519161,8.015882104549592,20.0,0
165.0,25.0,,41.96841448133395,7.015532270883766,20.0,0
165.0,30.0,,56.43000770868898,6.032972345120582,20.0,0
166.0,0.0,Rhodotorula mucilaginosa,24.388911224914754,8.577929855167362,20.0,1
166.0,5.0,Rhodotorula mucilaginosa,38.7624008655997,8.99198741044843,20.0,0
166.0,10.0,Rhodotorula mucilaginosa,40.97242571866368,5.524987661653879,19.0,0
166.0,15.0,Rhodotorula mucilaginosa,48.697030807722285,4.593548739881419,20.0,0
166.0,20.0,Rhodotorula mucilaginosa,54.71218312586004,3.919191811709012,15.0,0
166.0,25.0,Rhodotorula mucilaginosa,312.97659549538366,4.978066995198758,20.0,1
167.0,0.0,Rhodotorula mucilaginosa,16.76064223127575,6.849230028401464,20.0,1
167.0,5.0,Rhodotorula mucilaginosa,51.965948521855424,11.847416716893747,20.0,0
167.0,10.0,Rhodotorula mucilaginosa,59.126621758886884,9.330042160579085,19.0,0
167.0,15.0,Rhodotorula mucilaginosa,62.94672071477458,9.287981101201993,20.0,0
167.0,20.0,Rhodotorula mucilaginosa,72.10556370576101,9.031891466308444,20.0,0
167.0,25.0,Rhodotorula mucilaginosa,73.06205331130109,7.653072614043366,20.0,0
167.0,30.0,Rhodotorula mucilaginosa,72.94875842820684,6.879098500969205,18.0,0
168.0,0.0,Rhodotorula mucilaginosa,15.284788111143676,9.703548045667379,20.0,1
168.0,5.0,Rhodotorula mucilaginosa,44.256501011169206,13.022064610237628,20.0,0
168.0,10.0,Rhodotorula mucilaginosa,47.51265074853725,11.085058293708336,19.0,0
168.0,15.0,Rhodotorula mucilaginosa,49.66358306775836,10.750101853518757,20.0,0
168.0,20.0,Rhodotorula mucilaginosa,55.056435151177205,9.745320362930727,20.0,0
168.0,25.0,Rhodotorula mucilaginosa,57.38003629647034,7.90688834960239,20.0,0
168.0,30.0,Rhodotorula mucilaginosa,64.2440444215785,5.460605804411553,20.0,0
169.0,0.0,Rhodotorula mucilaginosa,21.776373699459697,7.497345134199267,20.0,1
169.0,5.0,Rhodotorula mucilaginosa,43.02747810117369,9.543302768305011,20.0,0
169.0,10.0,Rhodotorula mucilaginosa,46.30153333666271,7.90528292263131,14.0,0
169.0,15.0,Rhodotorula mucilaginosa,49.77214084435516,8.238891785823638,20.0,0
169.0,20.0,Rhodotorula mucilaginosa,58.497344404793616,9.004353645084997,20.0,0
169.0,25.0,Rhodotorula mucilaginosa,61.60194055841156,8.438754568175678,15.0,0
169.0,30.0,Rhodotorula mucilaginosa,71.7397791648002,6.4902730199833965,15.0,0
170.0,0.0,Rhodotorula mucilaginosa,19.20607575330383,8.683916553684913,20.0,1
170.0,5.0,Rhodotorula mucilaginosa,40.61887493767935,11.44856400259484,20.0,0
170.0,10.0,Rhodotorula mucilaginosa,45.511661310273524,9.480809047585758,19.0,0
170.0,15.0,Rhodotorula mucilaginosa,53.35837067417157,8.640498636184997,20.0,0
170.0,20.0,Rhodotorula mucilaginosa,66.50205553112077,7.617605627919813,20.0,0
170.0,25.0,Rhodotorula mucilaginosa,72.99436148628143,6.076152909054636,20.0,0
170.0,30.0,Rhodotorula mucilaginosa,83.46685122625645,3.870411144844912,20.0,0
171.0,0.0,Rhodotorula mucilaginosa,18.92659812048445,11.995048920748154,20.0,1
171.0,5.0,Rhodotorula mucilaginosa,41.106643884326665,14.005671936834442,20.0,0
171.0,10.0,Rhodotorula mucilaginosa,40.91284420810837,11.571048805845075,19.0,0
171.0,15.0,Rhodotorula mucilaginosa,42.44935041864092,11.22227007131141,20.0,0
171.0,20.0,Rhodotorula mucilaginosa,46.03981925137821,9.750061998514012,20.0,0
171.0,25.0,Rhodotorula mucilaginosa,45.373844100112095,8.711482903208108,20.0,0
171.0,30.0,Rhodotorula mucilaginosa,42.31508026571953,5.893018232675541,20.0,0
172.0,0.0,Rhodotorula mucilaginosa,9.275822621246403,10.780401203320945,20.0,1
172.0,5.0,Rhodotorula mucilaginosa,36.55091811911498,13.029316212373223,20.0,0
172.0,10.0,Rhodotorula mucilaginosa,40.38119234209592,12.50579130871964,19.0,0
172.0,15.0,Rhodotorula mucilaginosa,41.738416221467595,11.382971975190898,20.0,0
172.0,20.0,Rhodotorula mucilaginosa,47.84652339882213,10.030366024879825,20.0,0
172.0,25.0,Rhodotorula mucilaginosa,48.91956008793257,8.736334683199619,20.0,0
172.0,30.0,Rhodotorula mucilaginosa,59.29234898173315,6.997297403320114,20.0,0
173.0,0.0,,21.01271648391715,10.949521857467683,20.0,1
173.0,5.0,,42.88746179482025,14.414289856845112,20.0,0
173.0,10.0,,41.72206996398911,11.164156905641834,19.0,0
173.0,15.0,,40.786163662222016,9.463978137829443,20.0,0
173.0,20.0,,43.19008055931492,7.119232077783239,20.0,0
173.0,25.0,,41.330405924910394,5.0450540624017775,20.0,0
173.0,30.0,,35.61299547285974,2.7886626886956627,20.0,0
174.0,0.0,Rhodotorula mucilaginosa,25.926415847841675,8.63422638789456,20.0,1
174.0,5.0,Rhodotorula mucilaginosa,46.82581119894171,13.462504934196295,20.0,0
174.0,10.0,Rhodotorula mucilaginosa,49.510968998631235,10.631327200966195,19.0,0
174.0,15.0,Rhodotorula mucilaginosa,52.127207877538886,9.320137169914702,20.0,0
174.0,20.0,Rhodotorula mucilaginosa,59.88408773982027,8.136463644374782,20.0,0
174.0,25.0,Rhodotorula mucilaginosa,57.0200971980544,6.198840755228109,20.0,0
174.0,30.0,Rhodotorula mucilaginosa,52.66382825403513,3.889634263774637,20.0,0
175.0,0.0,Rhodotorula mucilaginosa,28.393802627779998,8.447948185647686,20.0,1
175.0,5.0,Rhodotorula mucilaginosa,42.66008204979075,9.332346440963569,20.0,0
175.0,10.0,Rhodotorula mucilaginosa,46.163560830056234,4.982616713230634,19.0,0
175.0,15.0,Rhodotorula mucilaginosa,53.63103037559051,4.343703165115771,20.0,0
175.0,20.0,Rhodotorula mucilaginosa,8.85628694175441,7.207191743785879,20.0,1
175.0,25.0,Rhodotorula mucilaginosa,54.21046187522511,7.526166328388088,10.0,0
176.0,0.0,Rhodotorula mucilaginosa,29.64515832314825,10.739176051187757,20.0,1
176.0,5.0,Rhodotorula mucilaginosa,41.237442863275916,11.90702110701972,20.0,0
176.0,10.0,Rhodotorula mucilaginosa,46.88024379308228,11.495531628505752,20.0,0
176.0,15.0,Rhodotorula mucilaginosa,50.02537154688452,10.843397340522547,20.0,0
176.0,20.0,Rhodotorula mucilaginosa,56.89128541525116,9.002164940772222,20.0,0
176.0,25.0,Rhodotorula mucilaginosa,62.559789273122455,8.395048282598736,20.0,0
176.0,30.0,Rhodotorula mucilaginosa,71.44967448338922,6.804399231949597,20.0,0
177.0,0.0,Rhodotorula mucilaginosa,6.857925030002041,9.896866949989757,20.0,1
177.0,5.0,Rhodotorula mucilaginosa,43.616516166923056,11.318608970804576,20.0,0
177.0,10.0,Rhodotorula mucilaginosa,40.13384474551374,8.507106111898393,20.0,0
177.0,15.0,Rhodotorula mucilaginosa,32.75210090601885,6.002606671230287,20.0,0
177.0,20.0,Rhodotorula mucilaginosa,36.94105555330355,5.307668761985967,20.0,0
177.0,25.0,Rhodotorula mucilaginosa,45.67203142910908,5.226086863140097,20.0,0
177.0,30.0,Rhodotorula mucilaginosa,43.94782147097056,3.81160927753288,20.0,0
178.0,0.0,Rhodotorula mucilaginosa,23.41692168124914,8.50973668813258,20.0,1
178.0,5.0,Rhodotorula mucilaginosa,32.85572025766633,8.032902438610746,20.0,0
178.0,10.0,Rhodotorula mucilaginosa,30.715372828101817,6.834198622989861,20.0,1
178.0,15.0,Rhodotorula mucilaginosa,36.58119175773911,6.405749677683865,20.0,0
178.0,20.0,Rhodotorula mucilaginosa,51.69250676510514,6.238162424314682,20.0,0
178.0,25.0,Rhodotorula mucilaginosa,61.9350174117442,6.334633903045509,22.0,0
178.0,30.0,Rhodotorula mucilaginosa,58.50800896554037,3.563455448099947,21.0,0
179.0,0.0,Rhodotorula mucilaginosa,19.094942997620016,13.477240942106812,20.0,1
179.0,5.0,Rhodotorula mucilaginosa,41.04455929365833,15.817803225681114,20.0,0
179.0,10.0,Rhodotorula mucilaginosa,37.85831220473103,13.148956981676466,20.0,0
179.0,15.0,Rhodotorula mucilaginosa,35.06008740764434,11.217314626431756,20.0,0
179.0,20.0,Rhodotorula mucilaginosa,34.15838042207145,8.425911068352356,20.0,0
179.0,25.0,Rhodotorula mucilaginosa,33.11422838014781,7.296515591918393,20.0,0
179.0,30.0,Rhodotorula mucilaginosa,23.922396052277097,5.557719236750323,20.0,1
181.0,0.0,Rhodotorula mucilaginosa,3.5800415441822704,10.667959054477091,20.0,1
181.0,5.0,Rhodotorula mucilaginosa,29.572824257085323,11.726375621887506,20.0,1
181.0,10.0,Rhodotorula mucilaginosa,28.74908984567847,10.559935043342183,20.0,1
181.0,15.0,Rhodotorula mucilaginosa,30.574119821478902,9.47688414451484,20.0,1
181.0,20.0,Rhodotorula mucilaginosa,35.74786710997827,7.969421429262658,20.0,0
181.0,25.0,Rhodotorula mucilaginosa,38.41920045096777,7.223940526797412,20.0,0
181.0,30.0,Rhodotorula mucilaginosa,41.01325558483338,4.94808959930481,20.0,0
182.0,0.0,Rhodotorula mucilaginosa,21.793156587813478,10.8998708519516,20.0,1
182.0,5.0,Rhodotorula mucilaginosa,40.82859971301085,13.932609832281539,20.0,0
182.0,10.0,Rhodotorula mucilaginosa,39.90435691253449,11.827816879046036,20.0,0
182.0,15.0,Rhodotorula mucilaginosa,38.197273449356906,9.876634659803763,20.0,0
182.0,20.0,Rhodotorula mucilaginosa,36.426394650328525,6.75656817309282,20.0,0
182.0,25.0,Rhodotorula mucilaginosa,32.41716218451464,4.852663857603848,20.0,0
182.0,30.0,Rhodotorula mucilaginosa,23.306288256423862,2.967752521623778,20.0,1
183.0,0.0,Rhodotorula mucilaginosa,10.079259877331017,10.42003364603784,20.0,1
183.0,5.0,Rhodotorula mucilaginosa,38.98822644006678,12.972377114675577,20.0,0
183.0,10.0,Rhodotorula mucilaginosa,41.19886063581783,12.143644311425374,20.0,0
183.0,15.0,Rhodotorula mucilaginosa,43.33087335915826,11.579499953987655,20.0,0
183.0,20.0,Rhodotorula mucilaginosa,47.81397366634046,10.449757945881279,20.0,0
183.0,25.0,Rhodotorula mucilaginosa,51.34008349773646,9.632575851559652,20.0,0
183.0,30.0,Rhodotorula mucilaginosa,59.389542245810865,7.534756164252668,20.0,0
185.0,0.0,Rhodotorula dairenensis,45.064701047508564,9.059215878533534,20.0,0
185.0,5.0,Rhodotorula dairenensis,56.89786583454767,11.249102056361707,20.0,0
185.0,10.0,Rhodotorula dairenensis,59.673639870197526,10.36380094724359,20.0,0
185.0,15.0,Rhodotorula dairenensis,65.19263891782654,11.150099478420783,20.0,0
185.0,20.0,Rhodotorula dairenensis,74.75352072102237,11.333520977277967,20.0,0
185.0,25.0,Rhodotorula dairenensis,77.33300753037699,10.49274835106156,20.0,0
185.0,30.0,Rhodotorula dairenensis,78.94913429299369,7.384290065340556,20.0,0
186.0,0.0,Rhodotorula mucilaginosa,9.233469366803519,10.334072521867197,20.0,1
186.0,5.0,Rhodotorula mucilaginosa,41.04284029491961,11.928658659954422,20.0,0
186.0,10.0,Rhodotorula mucilaginosa,41.987066681628875,10.820826234260359,20.0,0
186.0,15.0,Rhodotorula mucilaginosa,47.613346434903605,10.110943388954421,20.0,0
186.0,20.0,Rhodotorula mucilaginosa,55.344537283788966,8.612866818365909,20.0,0
186.0,25.0,Rhodotorula mucilaginosa,61.95266602183407,7.285141964715862,20.0,0
186.0,30.0,Rhodotorula mucilaginosa,73.46518071998547,7.177398943832966,20.0,0
188.0,0.0,Rhodotorula mucilaginosa,20.87408467283694,5.704774477544863,20.0,1
188.0,5.0,Rhodotorula mucilaginosa,60.62766105313676,9.693102116577723,20.0,0
188.0,10.0,Rhodotorula mucilaginosa,71.69152844660591,9.175361108460333,20.0,0
188.0,15.0,Rhodotorula mucilaginosa,77.69156972309297,10.00140365201349,20.0,0
188.0,20.0,Rhodotorula mucilaginosa,83.86912455863673,9.413568014884152,20.0,0
188.0,25.0,Rhodotorula mucilaginosa,85.32551028935086,8.689965886172516,20.0,0
188.0,30.0,Rhodotorula mucilaginosa,89.03513779163985,5.484120353779068,20.0,0
189.0,0.0,Rhodotorula mucilaginosa,26.71752986612316,12.347048351584998,20.0,1
189.0,5.0,Rhodotorula mucilaginosa,35.17237821866148,11.232221375307939,20.0,0
189.0,10.0,Rhodotorula mucilaginosa,32.467702706522196,8.403127370853031,20.0,0
189.0,15.0,Rhodotorula mucilaginosa,36.51062457515657,7.435411813739584,20.0,0
189.0,20.0,Rhodotorula mucilaginosa,31.56894588543408,5.21460096890082,20.0,0
189.0,25.0,Rhodotorula mucilaginosa,25.524989474783375,3.6456341197170343,20.0,1
189.0,30.0,Rhodotorula mucilaginosa,326.6645562847804,2.5792748264809404,20.0,1
190.0,0.0,Rhodotorula mucilaginosa,15.422441342503129,8.799008554282896,20.0,1
190.0,5.0,Rhodotorula mucilaginosa,48.472944033805724,11.978355913383258,20.0,0
190.0,10.0,Rhodotorula mucilaginosa,58.269647333198144,12.240407845796547,20.0,0
190.0,15.0,Rhodotorula mucilaginosa,63.69057823554314,11.610761621606677,20.0,0
190.0,20.0,Rhodotorula mucilaginosa,68.9420450162111,10.321709167946548,20.0,0
190.0,25.0,Rhodotorula mucilaginosa,67.0512625329624,9.439732452867439,20.0,0
190.0,30.0,Rhodotorula mucilaginosa,62.543434586077716,7.987145627718814,20.0,0
191.0,0.0,,12.986646062924773,9.531513056875347,20.0,1
191.0,5.0,,37.57503419874115,11.312200544311434,20.0,0
191.0,10.0,,43.38281473303596,10.617795637340517,20.0,0
191.0,15.0,,44.559440075128215,10.30757826354774,15.0,0
191.0,20.0,,47.97968185734253,10.445846379472052,10.0,0
191.0,25.0,,57.714743379180476,9.584486073253693,10.0,0
191.0,30.0,,67.22943140487008,8.748168778153511,10.0,0
192.0,0.0,Rhodotorula dairenensis,38.64351586563275,9.991354078249906,20.0,0
192.0,5.0,Rhodotorula dairenensis,56.598794047035504,12.988868426215314,19.0,0
192.0,10.0,Rhodotorula dairenensis,58.20432288612904,12.524860816171124,20.0,0
192.0,15.0,Rhodotorula dairenensis,63.456725018688196,11.86823944862503,20.0,0
192.0,20.0,Rhodotorula dairenensis,74.17231209402016,10.588467787547902,20.0,0
192.0,25.0,Rhodotorula dairenensis,78.35283733663661,9.261290341285783,20.0,0
192.0,30.0,Rhodotorula dairenensis,72.88628159884551,6.464810603083743,20.0,0
193.0,0.0,Rhodotorula mucilaginosa,22.821573844372427,11.096019164098637,20.0,1
193.0,5.0,Rhodotorula mucilaginosa,38.40301944942693,11.592372686327167,20.0,0
193.0,10.0,Rhodotorula mucilaginosa,42.60868725930803,12.564028213174872,20.0,0
193.0,15.0,Rhodotorula mucilaginosa,46.53437660069119,12.136235052267438,20.0,0
193.0,20.0,Rhodotorula mucilaginosa,57.305108341724,11.230862793033594,20.0,0
193.0,25.0,Rhodotorula mucilaginosa,63.763125757356114,10.299499785596453,20.0,0
193.0,30.0,Rhodotorula mucilaginosa,69.62062123248155,9.123668581891897,20.0,0
194.0,0.0,Rhodotorula dairenensis,39.16481343022165,10.48609315934127,20.0,0
194.0,5.0,Rhodotorula dairenensis,55.58506449634507,12.462887183040815,20.0,0
194.0,10.0,Rhodotorula dairenensis,55.40326246946363,11.813117074766541,20.0,0
194.0,15.0,Rhodotorula dairenensis,53.97247316838543,12.189632939362799,20.0,0
194.0,20.0,Rhodotorula dairenensis,64.56989669714159,10.843821804928822,20.0,0
194.0,25.0,Rhodotorula dairenensis,71.16173291468984,10.3682654315398,20.0,0
194.0,30.0,Rhodotorula dairenensis,69.41237864345797,7.77517905650727,20.0,0
196.0,0.0,Rhodotorula mucilaginosa,5.054045489136506,10.740810829038207,20.0,1
196.0,5.0,Rhodotorula mucilaginosa,27.362827140325194,10.712699521066515,20.0,1
196.0,10.0,Rhodotorula mucilaginosa,31.691541351103467,9.578180896700147,20.0,0
196.0,15.0,Rhodotorula mucilaginosa,36.92999705939874,9.141001900888952,20.0,0
196.0,20.0,Rhodotorula mucilaginosa,42.01278450356867,8.00079285695903,20.0,0
196.0,25.0,Rhodotorula mucilaginosa,42.42665391591266,6.346047899084547,20.0,0
196.0,30.0,Rhodotorula mucilaginosa,63.87804035215564,6.23780986597778,20.0,0
197.0,0.0,Rhodotorula mucilaginosa,13.550540744299301,10.001240265448807,20.0,1
197.0,5.0,Rhodotorula mucilaginosa,41.644992095988044,12.109928821162091,15.0,0
197.0,10.0,Rhodotorula mucilaginosa,44.59475083215229,9.849419013049182,15.0,0
197.0,15.0,Rhodotorula mucilaginosa,48.30846486044101,8.548667595968887,15.0,0
197.0,20.0,Rhodotorula mucilaginosa,50.41434426561947,7.0466493558483565,15.0,0
197.0,25.0,Rhodotorula mucilaginosa,51.36812208233702,5.798448029185043,15.0,0
197.0,30.0,Rhodotorula mucilaginosa,45.470899880587645,4.167318118950172,15.0,0
198.0,0.0,Rhodotorula mucilaginosa,9.521720915851567,12.952078778154632,15.0,1
198.0,5.0,Rhodotorula mucilaginosa,35.07882482084172,15.05870248516156,15.0,0
198.0,10.0,Rhodotorula mucilaginosa,39.40933211350897,13.910113543657442,15.0,0
198.0,15.0,Rhodotorula mucilaginosa,42.571444891698185,13.022058998282978,15.0,0
198.0,20.0,Rhodotorula mucilaginosa,47.1204152120039,11.105599475546706,15.0,0
198.0,25.0,Rhodotorula mucilaginosa,49.71354167165666,9.76536349474516,15.0,0
198.0,30.0,Rhodotorula mucilaginosa,45.141014800500024,6.882539514451718,15.0,0
199.0,0.0,Rhodotorula mucilaginosa,3.8927625591978927,10.92147418576532,20.0,1
199.0,5.0,Rhodotorula mucilaginosa,30.15419162483596,11.986903046644063,20.0,1
199.0,10.0,Rhodotorula mucilaginosa,34.43812075488716,11.584699347046051,20.0,0
199.0,15.0,Rhodotorula mucilaginosa,38.3448767018723,10.806769846090068,20.0,0
199.0,20.0,Rhodotorula mucilaginosa,46.19095574879711,9.364977420307616,20.0,0
199.0,25.0,Rhodotorula mucilaginosa,50.39743365243848,8.363612540376883,20.0,0
199.0,30.0,Rhodotorula mucilaginosa,58.550435718753974,6.675891320547241,20.0,0
200.0,0.0,Rhodotorula mucilaginosa,7.605250031000106,9.370447723808361,20.0,1
200.0,5.0,Rhodotorula mucilaginosa,42.66613185437908,11.277068040277053,20.0,0
200.0,10.0,Rhodotorula mucilaginosa,49.17949857593717,11.923891284467452,20.0,0
200.0,15.0,Rhodotorula mucilaginosa,49.66578853544323,10.487439788827185,20.0,0
200.0,20.0,Rhodotorula mucilaginosa,55.004475498020064,9.68096756469684,20.0,0
200.0,25.0,Rhodotorula mucilaginosa,59.25546509554108,8.442546790063435,20.0,0
200.0,30.0,Rhodotorula mucilaginosa,71.0105455328447,7.331663217212599,20.0,0
201.0,0.0,Rhodotorula mucilaginosa,18.740128927856972,8.215354235404895,15.0,1
201.0,5.0,Rhodotorula mucilaginosa,37.914385188855164,7.479100079210382,15.0,0
201.0,10.0,Rhodotorula mucilaginosa,37.559163137579155,7.5940525247246535,10.0,0
202.0,0.0,Rhodotorula mucilaginosa,22.35387114990317,12.53324782962451,20.0,1
202.0,5.0,Rhodotorula mucilaginosa,43.084027938890394,12.799540245745652,21.0,0
202.0,10.0,Rhodotorula mucilaginosa,42.29923203700946,13.950170014332258,20.0,0
202.0,15.0,Rhodotorula mucilaginosa,47.739635369885754,13.4618150366148,20.0,0
202.0,20.0,Rhodotorula mucilaginosa,50.230586034798584,12.083280479238022,20.0,0
202.0,25.0,Rhodotorula mucilaginosa,55.80506618584807,10.028611904147965,20.0,0
202.0,30.0,Rhodotorula mucilaginosa,66.12377275821204,9.84495870956185,20.0,0
203.0,0.0,Rhodotorula dairenensis,40.353204210858294,13.350832416015901,20.0,0
203.0,5.0,Rhodotorula dairenensis,47.82170707660525,14.418127076220959,20.0,0
203.0,10.0,Rhodotorula dairenensis,48.126455847568295,13.762850511389924,20.0,0
203.0,15.0,Rhodotorula dairenensis,50.443573099252454,14.56103930580911,20.0,0
203.0,20.0,Rhodotorula dairenensis,59.59282469338726,12.91580666676452,20.0,0
203.0,25.0,Rhodotorula dairenensis,70.96977870648882,10.54819445925981,20.0,0
203.0,30.0,Rhodotorula dairenensis,73.37948572128673,6.956708353602501,20.0,0
204.0,0.0,Rhodotorula mucilaginosa,19.310761105880868,8.312466763851049,20.0,1
204.0,5.0,Rhodotorula mucilaginosa,44.48724455621269,10.169015476035177,20.0,0
204.0,10.0,Rhodotorula mucilaginosa,44.74526607126607,8.977145990192454,15.0,0
204.0,15.0,Rhodotorula mucilaginosa,48.779406843581356,7.8554691016204,15.0,0
204.0,20.0,Rhodotorula mucilaginosa,53.47240947945889,8.549367981527965,20.0,0
204.0,25.0,Rhodotorula mucilaginosa,54.74718550049881,7.324267749066114,20.0,0
204.0,30.0,Rhodotorula mucilaginosa,56.44560275503181,5.869583051729798,20.0,0
205.0,0.0,Rhodotorula mucilaginosa,12.615791937750366,11.149502370066894,20.0,1
205.0,5.0,Rhodotorula mucilaginosa,31.288224844262956,10.7323328109125,15.0,0
205.0,10.0,Rhodotorula mucilaginosa,31.78210197332143,9.592924695596146,15.0,0
205.0,15.0,Rhodotorula mucilaginosa,33.37899491477447,8.655377204289081,10.0,0
205.0,20.0,Rhodotorula mucilaginosa,37.76704558715015,7.867684081730936,15.0,0
205.0,25.0,Rhodotorula mucilaginosa,39.01154754107217,7.374056766753429,10.0,0
205.0,30.0,Rhodotorula mucilaginosa,36.33856036733768,5.802302385901077,10.0,0
206.0,0.0,Rhodotorula mucilaginosa,7.272058394148683,10.418744201188712,20.0,1
206.0,5.0,Rhodotorula mucilaginosa,41.52946994983752,13.251285843470038,20.0,0
206.0,10.0,Rhodotorula mucilaginosa,43.4862427504257,12.397891754936179,20.0,0
206.0,15.0,Rhodotorula mucilaginosa,44.132143829760494,11.011263006088576,20.0,0
206.0,20.0,Rhodotorula mucilaginosa,48.94140270017836,9.90321818339312,20.0,0
206.0,25.0,Rhodotorula mucilaginosa,54.02408438591967,8.746053973367665,20.0,0
206.0,30.0,Rhodotorula mucilaginosa,61.54206673053549,5.13486284263019,20.0,0
207.0,0.0,Rhodotorula mucilaginosa,5.164087936389167,11.85827323350837,20.0,1
207.0,5.0,Rhodotorula mucilaginosa,45.03892574654644,13.387278825105223,20.0,0
207.0,10.0,Rhodotorula mucilaginosa,42.362232048197086,11.336865540209095,20.0,0
207.0,15.0,Rhodotorula mucilaginosa,43.96383128486706,10.023398937555807,20.0,0
207.0,20.0,Rhodotorula mucilaginosa,52.531791168425,8.584453873405016,20.0,0
207.0,25.0,Rhodotorula mucilaginosa,59.28293151264193,7.642382083064594,20.0,0
207.0,30.0,Rhodotorula mucilaginosa,68.12216612376972,6.964153775785838,20.0,0
208.0,0.0,Rhodotorula mucilaginosa,9.532681012106968,10.00867663665648,20.0,1
208.0,5.0,Rhodotorula mucilaginosa,34.30751586414986,11.449818471907022,20.0,0
208.0,10.0,Rhodotorula mucilaginosa,40.796785947298474,11.427792618284027,20.0,0
208.0,15.0,Rhodotorula mucilaginosa,43.14536240998349,11.099445426098583,20.0,0
208.0,20.0,Rhodotorula mucilaginosa,49.022433251184,10.50320114585366,20.0,0
208.0,25.0,Rhodotorula mucilaginosa,52.79294904915723,9.354199193976957,20.0,0
208.0,30.0,Rhodotorula mucilaginosa,60.65556426765091,6.703061198650927,20.0,0
209.0,0.0,Rhodotorula mucilaginosa,3.5144619498011673,10.333303858949389,20.0,1
209.0,5.0,Rhodotorula mucilaginosa,31.698790055527873,12.17597992348555,21.0,0
209.0,10.0,Rhodotorula mucilaginosa,30.777843590129518,10.946663630438593,20.0,1
209.0,15.0,Rhodotorula mucilaginosa,33.394031786483346,9.937755359653838,20.0,0
209.0,20.0,Rhodotorula mucilaginosa,36.465909060531324,8.356980671570799,20.0,0
209.0,25.0,Rhodotorula mucilaginosa,38.64976926166709,7.244192748167579,20.0,0
209.0,30.0,Rhodotorula mucilaginosa,40.194103114076626,5.004977807617443,20.0,0
210.0,0.0,Rhodotorula mucilaginosa,23.93865457321608,6.425466154319403,20.0,1
210.0,5.0,Rhodotorula mucilaginosa,56.80377487698659,9.83915372244018,20.0,0
210.0,10.0,Rhodotorula mucilaginosa,66.52775840871978,8.874904575385564,20.0,0
210.0,15.0,Rhodotorula mucilaginosa,72.41463671983999,8.190838625249658,20.0,0
210.0,20.0,Rhodotorula mucilaginosa,80.0106416284376,8.470607430938243,20.0,0
210.0,25.0,Rhodotorula mucilaginosa,81.19019813138861,7.854830742239869,20.0,0
210.0,30.0,Rhodotorula mucilaginosa,82.51544584146859,6.228642712355294,20.0,0
211.0,0.0,Rhodotorula mucilaginosa,23.234189154064012,12.891300704985728,20.0,1
211.0,5.0,Rhodotorula mucilaginosa,41.42407301750308,15.141750035418184,20.0,0
211.0,10.0,Rhodotorula mucilaginosa,41.007411026448075,15.765196628156243,20.0,0
211.0,15.0,Rhodotorula mucilaginosa,45.96817597896573,14.451162128679261,20.0,0
211.0,20.0,Rhodotorula mucilaginosa,52.547682480158166,12.250320655058262,20.0,0
211.0,25.0,Rhodotorula mucilaginosa,57.02474313889904,10.658232065358742,20.0,0
211.0,30.0,Rhodotorula mucilaginosa,59.851930434414044,8.590707126104931,20.0,0
213.0,0.0,Rhodotorula mucilaginosa,23.7672118501161,8.252469813350174,20.0,1
213.0,5.0,Rhodotorula mucilaginosa,41.53030819635921,10.459210476896715,20.0,0
213.0,10.0,Rhodotorula mucilaginosa,45.177964529920025,7.525130350678346,20.0,0
213.0,15.0,Rhodotorula mucilaginosa,49.63288568394805,6.346809735198436,20.0,0
213.0,20.0,Rhodotorula mucilaginosa,57.042461469974434,7.18200513152731,20.0,0
213.0,25.0,Rhodotorula mucilaginosa,56.5614115380929,6.06075079906509,20.0,0
213.0,30.0,Rhodotorula mucilaginosa,54.8150726482162,4.762818615049145,20.0,0
214.0,0.0,Rhodotorula mucilaginosa,3.3932133041037056,10.245652194770733,20.0,1
214.0,5.0,Rhodotorula mucilaginosa,28.193479864480263,11.482848668986627,20.0,1
214.0,10.0,Rhodotorula mucilaginosa,33.88095292978839,11.202175292215191,20.0,0
214.0,15.0,Rhodotorula mucilaginosa,37.637960251312435,10.672549520684642,20.0,0
214.0,20.0,Rhodotorula mucilaginosa,44.36718261996484,9.560009835739653,20.0,0
214.0,25.0,Rhodotorula mucilaginosa,48.89821367839801,8.609768586638378,20.0,0
214.0,30.0,Rhodotorula mucilaginosa,61.15947392999334,7.349068595928524,20.0,0
215.0,0.0,Rhodotorula taiwanensis,18.33475245195548,13.80328585691364,20.0,1
215.0,5.0,Rhodotorula taiwanensis,38.67682287541709,14.41828026074787,15.0,0
215.0,10.0,Rhodotorula taiwanensis,46.40292206312592,9.204518864216565,20.0,0
215.0,15.0,Rhodotorula taiwanensis,301.4191950601769,2.6614170630645138,10.0,1
216.0,0.0,Rhodotorula mucilaginosa,9.67772711558663,12.276939303738661,20.0,1
216.0,5.0,Rhodotorula mucilaginosa,39.06789127244673,13.881870445184845,20.0,0
216.0,10.0,Rhodotorula mucilaginosa,37.709673735188154,12.058630360893417,20.0,0
216.0,15.0,Rhodotorula mucilaginosa,38.33738040401817,11.075423524553832,20.0,0
216.0,20.0,Rhodotorula mucilaginosa,43.16480874313648,9.601921290964675,20.0,0
216.0,25.0,Rhodotorula mucilaginosa,45.82777241323879,8.397297115109945,20.0,0
216.0,30.0,Rhodotorula mucilaginosa,53.24492387313662,6.4173606296886465,20.0,0
217.0,0.0,Rhodotorula mucilaginosa,18.12793418870136,10.521889276749619,20.0,1
217.0,5.0,Rhodotorula mucilaginosa,36.764820454712904,13.68827933540377,20.0,0
217.0,10.0,Rhodotorula mucilaginosa,40.36416303571956,12.356601856418923,20.0,0
217.0,15.0,Rhodotorula mucilaginosa,41.35341454844048,10.963615259414208,20.0,0
217.0,20.0,Rhodotorula mucilaginosa,39.528261371783245,8.72576849836289,20.0,0
217.0,25.0,Rhodotorula mucilaginosa,36.43156534808988,7.2026101864762175,20.0,0
217.0,30.0,Rhodotorula mucilaginosa,46.41507853870569,5.438716372795284,20.0,0
218.0,0.0,Rhodotorula mucilaginosa,22.04673733756109,9.41324178731697,20.0,1
218.0,5.0,Rhodotorula mucilaginosa,41.38022351298297,12.694105353243861,20.0,0
218.0,10.0,Rhodotorula mucilaginosa,44.68508691427304,10.351779724905828,20.0,0
218.0,15.0,Rhodotorula mucilaginosa,44.565229842800775,9.194105995925725,20.0,0
218.0,20.0,Rhodotorula mucilaginosa,47.51933987353791,8.484209502202942,20.0,0
218.0,25.0,Rhodotorula mucilaginosa,48.44245393700811,8.41047195273635,20.0,0
218.0,30.0,Rhodotorula mucilaginosa,47.579972860813434,6.025346963769981,20.0,0
219.0,0.0,Rhodotorula mucilaginosa,24.146184293430014,13.20118041759413,20.0,1
219.0,5.0,Rhodotorula mucilaginosa,38.017400369842306,13.949762029541851,20.0,0
219.0,10.0,Rhodotorula mucilaginosa,41.02081910852661,11.86289488964783,20.0,0
219.0,15.0,Rhodotorula mucilaginosa,44.59050705922001,10.783186553086125,20.0,0
219.0,20.0,Rhodotorula mucilaginosa,50.081881871691884,9.208672873854805,20.0,0
219.0,25.0,Rhodotorula mucilaginosa,50.74603529115467,8.203062272650177,20.0,0
219.0,30.0,Rhodotorula mucilaginosa,51.315789765401576,6.217955835430857,20.0,0
220.0,0.0,Rhodotorula mucilaginosa,23.09958785529723,12.09781967883415,20.0,1
220.0,5.0,Rhodotorula mucilaginosa,41.189427371907755,15.7034482243484,21.0,0
220.0,10.0,Rhodotorula mucilaginosa,41.155567167529256,15.68717047632687,20.0,0
220.0,15.0,Rhodotorula mucilaginosa,44.83351050256526,13.605140308249979,20.0,0
220.0,20.0,Rhodotorula mucilaginosa,51.18058512227352,11.767751847180548,20.0,0
220.0,25.0,Rhodotorula mucilaginosa,58.154273728756024,10.353754226964222,20.0,0
220.0,30.0,Rhodotorula mucilaginosa,62.033977509531724,8.637937220536898,20.0,0
221.0,0.0,Rhodotorula dairenensis,28.143943763763808,11.82279242880513,20.0,1
221.0,5.0,Rhodotorula dairenensis,43.61140344213859,15.947577708323074,20.0,0
221.0,10.0,Rhodotorula dairenensis,42.72627656308589,16.25162281332526,20.0,0
221.0,15.0,Rhodotorula dairenensis,45.78565760543572,14.908483625491327,20.0,0
221.0,20.0,Rhodotorula dairenensis,52.41181564435876,12.486847094253752,20.0,0
221.0,25.0,Rhodotorula dairenensis,59.720923758967224,11.071728196844568,20.0,0
221.0,30.0,Rhodotorula dairenensis,62.01875244653106,8.643314749781979,20.0,0
222.0,0.0,Rhodotorula mucilaginosa,25.547618919915003,8.14235139264484,20.0,1
222.0,5.0,Rhodotorula mucilaginosa,43.514504401350415,10.216759794515033,20.0,0
222.0,10.0,Rhodotorula mucilaginosa,55.16177032767032,9.39205197066371,20.0,0
222.0,15.0,Rhodotorula mucilaginosa,61.26590817873568,8.753455075232786,20.0,0
222.0,20.0,Rhodotorula mucilaginosa,62.81135330298393,9.096361761093743,20.0,0
222.0,25.0,Rhodotorula mucilaginosa,63.91139519675075,7.109373953389833,20.0,0
222.0,30.0,Rhodotorula mucilaginosa,41.027737499830785,2.9079106441938696,20.0,0
223.0,0.0,Rhodotorula mucilaginosa,5.2122071602551365,10.392952442332426,20.0,1
223.0,5.0,Rhodotorula mucilaginosa,37.148423324027604,13.456966912747534,20.0,0
223.0,10.0,Rhodotorula mucilaginosa,40.22909192147955,13.051332918183661,20.0,0
223.0,15.0,Rhodotorula mucilaginosa,43.300544099131635,12.200891562267358,20.0,0
223.0,20.0,Rhodotorula mucilaginosa,48.474458090725975,11.354946793351996,20.0,0
223.0,25.0,Rhodotorula mucilaginosa,53.615438311271056,9.66654532320403,20.0,0
223.0,30.0,Rhodotorula mucilaginosa,56.161465259169326,5.59685347218217,20.0,0
224.0,0.0,Rhodotorula taiwanensis,30.08473515339157,13.449595032242687,15.0,1
224.0,5.0,Rhodotorula taiwanensis,47.52961700580201,14.560414788105376,15.0,0
224.0,10.0,Rhodotorula taiwanensis,50.22136396864596,12.441656886751398,15.0,0
224.0,15.0,Rhodotorula taiwanensis,46.77860886434928,10.107848650293112,15.0,0
224.0,20.0,Rhodotorula taiwanensis,330.18308775098836,4.080305287252563,15.0,1
224.0,25.0,Rhodotorula taiwanensis,51.842482943242224,5.363735695749998,10.0,0
225.0,0.0,Rhodotorula mucilaginosa,4.951410617911825,10.851922345331769,20.0,1
225.0,5.0,Rhodotorula mucilaginosa,31.134222260215886,9.172336289232883,20.0,0
225.0,10.0,Rhodotorula mucilaginosa,36.34533604680971,8.548782909872124,20.0,0
225.0,15.0,Rhodotorula mucilaginosa,43.01688128991022,8.557669017681159,20.0,0
225.0,20.0,Rhodotorula mucilaginosa,47.32007077912388,6.416647978030218,20.0,0
225.0,25.0,Rhodotorula mucilaginosa,52.408919887410605,4.988518913482159,20.0,0
225.0,30.0,Rhodotorula mucilaginosa,63.58809086432962,5.8345887512736585,20.0,0
227.0,0.0,Rhodotorula mucilaginosa,25.74968569261266,12.46270199341176,20.0,1
227.0,5.0,Rhodotorula mucilaginosa,35.64939706625768,12.26786963056351,20.0,0
227.0,10.0,Rhodotorula mucilaginosa,30.515096318567704,8.86801687641561,20.0,1
227.0,15.0,Rhodotorula mucilaginosa,39.70665654413637,8.204993301317,20.0,0
227.0,20.0,Rhodotorula mucilaginosa,42.643582672106795,5.85177750513731,20.0,0
227.0,25.0,Rhodotorula mucilaginosa,43.241672319302914,4.307953179409337,20.0,0
227.0,30.0,Rhodotorula mucilaginosa,302.31656105898503,2.00652597492395,20.0,1
228.0,0.0,Rhodotorula mucilaginosa,19.55304277409735,6.838640218259152,20.0,1
228.0,5.0,Rhodotorula mucilaginosa,61.67141539623745,10.884172428788082,20.0,0
228.0,10.0,Rhodotorula mucilaginosa,59.11887344203931,8.566207064806616,20.0,0
228.0,15.0,Rhodotorula mucilaginosa,60.97528831776785,7.746535229516075,20.0,0
228.0,20.0,Rhodotorula mucilaginosa,67.26912817019718,6.910439938823508,20.0,0
228.0,25.0,Rhodotorula mucilaginosa,75.16070875566706,7.2898752851794235,20.0,0
228.0,30.0,Rhodotorula mucilaginosa,81.71716631834452,5.788414225917541,20.0,0
229.0,0.0,Rhodotorula mucilaginosa,20.990059961172857,8.448259154286838,20.0,1
229.0,5.0,Rhodotorula mucilaginosa,47.33792233298389,12.133266231361695,20.0,0
229.0,10.0,Rhodotorula mucilaginosa,46.42166772458162,10.046006454971494,20.0,0
229.0,15.0,Rhodotorula mucilaginosa,50.953001773277414,9.33007659759964,20.0,0
229.0,20.0,Rhodotorula mucilaginosa,57.87926613327955,8.480658499608786,20.0,0
229.0,25.0,Rhodotorula mucilaginosa,62.900490654841846,8.306246649613989,20.0,0
229.0,30.0,Rhodotorula mucilaginosa,72.17491302612457,5.548793974320308,20.0,0
230.0,0.0,Rhodotorula dairenensis,5.087514499916057,7.504806472564586,17.0,1
230.0,5.0,Rhodotorula dairenensis,49.24061851818998,8.927406378308916,20.0,0
230.0,10.0,Rhodotorula dairenensis,50.18892011160439,8.704504907631952,14.0,0
230.0,15.0,Rhodotorula dairenensis,54.95533958146327,8.166133616067714,15.0,0
230.0,20.0,Rhodotorula dairenensis,66.3788429589208,6.717627755962631,10.0,0
230.0,25.0,Rhodotorula dairenensis,74.1329634567145,7.041399735638692,15.0,0
230.0,30.0,Rhodotorula dairenensis,84.95463898589011,6.432374894009938,10.0,0
231.0,0.0,Rhodotorula mucilaginosa,39.814924723033265,12.926957454992895,20.0,0
231.0,5.0,Rhodotorula mucilaginosa,48.11667798823363,14.995973897171218,20.0,0
231.0,10.0,Rhodotorula mucilaginosa,46.4322859668805,13.91673550396291,20.0,0
231.0,15.0,Rhodotorula mucilaginosa,46.98655405906725,13.970133832079748,20.0,0
231.0,20.0,Rhodotorula mucilaginosa,54.56438832217677,11.664900627345276,20.0,0
231.0,25.0,Rhodotorula mucilaginosa,57.72612944770637,9.090226140847278,20.0,0
231.0,30.0,Rhodotorula mucilaginosa,63.63452925867916,7.270667368712771,20.0,0
232.0,0.0,Rhodotorula mucilaginosa,27.022753653936782,8.66129672309297,20.0,1
232.0,5.0,Rhodotorula mucilaginosa,44.38850379630038,10.576380702364082,20.0,0
232.0,10.0,Rhodotorula mucilaginosa,52.20655389937219,9.400342943379822,20.0,0
232.0,15.0,Rhodotorula mucilaginosa,55.965434418123834,9.133808560749749,20.0,0
232.0,20.0,Rhodotorula mucilaginosa,61.54591120836495,8.24733314770366,20.0,0
232.0,25.0,Rhodotorula mucilaginosa,62.67904551027949,6.9949103177778245,20.0,0
232.0,30.0,Rhodotorula mucilaginosa,52.784826471610074,4.433541871698637,20.0,0
233.0,0.0,Rhodotorula mucilaginosa,11.701691132423614,8.159166269720448,20.0,1
233.0,5.0,Rhodotorula mucilaginosa,48.50189329353212,10.040479057974213,20.0,0
233.0,10.0,Rhodotorula mucilaginosa,52.21194995086783,8.579407207886632,20.0,0
233.0,15.0,Rhodotorula mucilaginosa,51.63609319877738,7.059552072454393,20.0,0
233.0,20.0,Rhodotorula mucilaginosa,59.61506972213938,6.977630650926654,20.0,0
233.0,25.0,Rhodotorula mucilaginosa,62.93923055555264,5.104652353340489,20.0,0
233.0,30.0,Rhodotorula mucilaginosa,57.580222270591086,2.4729223287853497,21.0,0
234.0,0.0,Rhodotorula mucilaginosa,18.670105774648732,6.983284101751184,15.0,1
234.0,5.0,Rhodotorula mucilaginosa,54.82014649270153,13.228088250379376,15.0,0
234.0,10.0,Rhodotorula mucilaginosa,55.882386270661655,10.835213453942428,15.0,0
234.0,15.0,Rhodotorula mucilaginosa,53.353029754836435,9.03291262576101,15.0,0
234.0,20.0,Rhodotorula mucilaginosa,59.84287657457143,8.428075207402914,15.0,0
234.0,25.0,Rhodotorula mucilaginosa,67.45423939270665,8.582234517556854,15.0,0
234.0,30.0,Rhodotorula mucilaginosa,70.74080125149983,7.794314816303182,15.0,0
235.0,0.0,Rhodotorula mucilaginosa,26.02396817173544,12.599130677585324,20.0,1
235.0,5.0,Rhodotorula mucilaginosa,38.47619025001343,12.73946736858488,20.0,0
235.0,10.0,Rhodotorula mucilaginosa,41.93741332099729,10.884275013718579,20.0,0
235.0,15.0,Rhodotorula mucilaginosa,50.42271969266963,9.979160748403995,20.0,0
235.0,20.0,Rhodotorula mucilaginosa,57.76835106220441,9.597277952846085,20.0,0
235.0,25.0,Rhodotorula mucilaginosa,59.84963589200019,7.34133902549171,20.0,0
235.0,30.0,Rhodotorula mucilaginosa,309.4533473374979,2.6012139991002403,20.0,1
236.0,0.0,Rhodotorula mucilaginosa,5.6067890457922065,9.618347980893262,20.0,1
236.0,5.0,Rhodotorula mucilaginosa,42.93099086500502,11.46529979558916,20.0,0
236.0,10.0,Rhodotorula mucilaginosa,48.46203130166902,12.164492846913095,20.0,0
236.0,15.0,Rhodotorula mucilaginosa,48.948053531712134,11.083658081389341,20.0,0
236.0,20.0,Rhodotorula mucilaginosa,54.18885474939408,9.822714673507544,20.0,0
236.0,25.0,Rhodotorula mucilaginosa,57.46094447818079,8.720008743576631,20.0,0
236.0,30.0,Rhodotorula mucilaginosa,68.82246497433654,7.717582151216977,20.0,0
237.0,0.0,Rhodotorula mucilaginosa,5.5110713284530455,9.554481756027078,20.0,1
237.0,5.0,Rhodotorula mucilaginosa,42.6611467970558,11.25404951290532,20.0,0
237.0,10.0,Rhodotorula mucilaginosa,49.03792339269259,11.608146923945696,20.0,0
237.0,15.0,Rhodotorula mucilaginosa,49.42641991747079,10.869116500031346,20.0,0
237.0,20.0,Rhodotorula mucilaginosa,54.92090643330375,9.897322661073893,20.0,0
237.0,25.0,Rhodotorula mucilaginosa,58.23947627690472,8.916360964864728,20.0,0
237.0,30.0,Rhodotorula mucilaginosa,69.80878250044363,7.19994954575987,20.0,0
238.0,0.0,Rhodotorula mucilaginosa,26.888680953730194,11.394893316993457,20.0,1
238.0,5.0,Rhodotorula mucilaginosa,40.971174554924154,15.331104590583212,20.0,0
238.0,10.0,Rhodotorula mucilaginosa,42.153569891144066,15.329583092755662,20.0,0
238.0,15.0,Rhodotorula mucilaginosa,46.03515258918495,14.348115830123596,20.0,0
238.0,20.0,Rhodotorula mucilaginosa,51.19798609296403,12.25282666435778,20.0,0
238.0,25.0,Rhodotorula mucilaginosa,56.103853527534106,10.035017348709916,20.0,0
238.0,30.0,Rhodotorula mucilaginosa,58.5564159702467,7.9287412615204715,20.0,0
239.0,0.0,Rhodotorula mucilaginosa,2.915989549095984,6.603813962837701,20.0,1
239.0,5.0,Rhodotorula mucilaginosa,54.964784543745715,7.550611692631657,20.0,0
239.0,10.0,Rhodotorula mucilaginosa,56.46880811861651,6.906942807523171,10.0,0
239.0,15.0,Rhodotorula mucilaginosa,63.57954127342854,6.168733556256625,10.0,0
239.0,20.0,Rhodotorula mucilaginosa,70.86798303941183,4.345335032302441,10.0,0
239.0,25.0,Rhodotorula mucilaginosa,76.46750580395617,3.741832396632909,10.0,0
239.0,30.0,Rhodotorula mucilaginosa,101.3754371837688,1.624870238096294,20.0,0
240.0,0.0,Rhodotorula mucilaginosa,22.397095603805624,11.590030311657237,20.0,1
240.0,5.0,Rhodotorula mucilaginosa,45.812713638553205,11.963747690898138,20.0,0
240.0,10.0,Rhodotorula mucilaginosa,42.397117861820576,11.524478262153647,20.0,0
240.0,15.0,Rhodotorula mucilaginosa,48.373251368965846,11.597070090179997,20.0,0
240.0,20.0,Rhodotorula mucilaginosa,58.20275344098155,11.396796119324216,20.0,0
240.0,25.0,Rhodotorula mucilaginosa,64.70446100568343,9.558592659055517,20.0,0
240.0,30.0,Rhodotorula mucilaginosa,71.25355408488024,9.093273854129482,20.0,0
241.0,0.0,Rhodotorula mucilaginosa,6.773291236792692,10.145603547977569,20.0,1
241.0,5.0,Rhodotorula mucilaginosa,40.86114883344041,12.049621718135981,16.0,0
241.0,10.0,Rhodotorula mucilaginosa,41.97853207863774,10.896068236106657,20.0,0
241.0,15.0,Rhodotorula mucilaginosa,43.41567801323622,9.900038456894276,15.0,0
241.0,20.0,Rhodotorula mucilaginosa,50.24490139655715,7.768982578540656,15.0,0
241.0,25.0,Rhodotorula mucilaginosa,59.10706125987441,6.122825927165184,15.0,0
241.0,30.0,Rhodotorula mucilaginosa,70.68348863358771,4.818286561389421,20.0,0
243.0,0.0,Rhodotorula mucilaginosa,40.805768569150565,6.293912433533159,20.0,0
243.0,5.0,Rhodotorula mucilaginosa,57.882432552832256,8.19536603487704,20.0,0
243.0,10.0,Rhodotorula mucilaginosa,67.20494054597428,6.324710773801488,20.0,0
243.0,15.0,Rhodotorula mucilaginosa,81.68358765397835,6.117978157553211,20.0,0
243.0,20.0,Rhodotorula mucilaginosa,104.16085866646708,5.377571476766629,20.0,0
243.0,25.0,Rhodotorula mucilaginosa,120.78962663388293,4.248375462049111,20.0,0
243.0,30.0,Rhodotorula mucilaginosa,139.18950264789135,3.990252255399362,20.0,0
245.0,0.0,Rhodotorula mucilaginosa,19.51853846194204,9.310220147214226,20.0,1
245.0,5.0,Rhodotorula mucilaginosa,40.02941881890122,12.203222833460828,20.0,0
245.0,10.0,Rhodotorula mucilaginosa,45.08445720246961,10.972082490393104,20.0,0
245.0,15.0,Rhodotorula mucilaginosa,42.50116836230748,9.633159137931287,20.0,0
245.0,20.0,Rhodotorula mucilaginosa,47.522828127639194,8.535476237803028,20.0,0
245.0,25.0,Rhodotorula mucilaginosa,43.70427137319735,7.045348848849406,20.0,0
245.0,30.0,Rhodotorula mucilaginosa,32.53989980088747,4.89815682657694,20.0,0
246.0,0.0,Rhodotorula mucilaginosa,9.574230774989845,11.566952456908137,20.0,1
246.0,5.0,Rhodotorula mucilaginosa,34.40719472677675,11.468565960395843,20.0,0
246.0,10.0,Rhodotorula mucilaginosa,36.490602169153924,10.938090360648232,20.0,0
246.0,15.0,Rhodotorula mucilaginosa,37.209524155161226,8.946016240001498,20.0,0
246.0,20.0,Rhodotorula mucilaginosa,41.81863328672125,7.793807883762437,20.0,0
246.0,25.0,Rhodotorula mucilaginosa,43.45444337034016,6.283769185308028,20.0,0
246.0,30.0,Rhodotorula mucilaginosa,57.318507854741476,4.859850201913641,20.0,0
247.0,0.0,Rhodotorula toruloides,3.498343077662244,6.6227791044669875,20.0,1
247.0,5.0,Rhodotorula toruloides,41.2353510027402,7.021106075344871,20.0,0
247.0,10.0,Rhodotorula toruloides,37.61997638276008,5.802613755823522,15.0,0
247.0,15.0,Rhodotorula toruloides,47.630115531146664,5.922139574041177,20.0,0
247.0,20.0,Rhodotorula toruloides,51.855058801198126,4.510710094005615,20.0,0
247.0,25.0,Rhodotorula toruloides,59.503910797939,3.4460843285462177,10.0,0
247.0,30.0,Rhodotorula toruloides,349.36863344798263,0.9456179407727934,10.0,1
248.0,0.0,Rhodotorula sp. clade XIII,21.600928697218066,4.508896997844081,20.0,1
248.0,5.0,Rhodotorula sp. clade XIII,55.31135337635725,5.565249177685012,20.0,0
248.0,10.0,Rhodotorula sp. clade XIII,48.859872283546295,3.5355863431371937,20.0,0
248.0,15.0,Rhodotorula sp. clade XIII,55.06656667702814,2.472210089024907,20.0,0
248.0,20.0,Rhodotorula sp. clade XIII,89.13033353947458,1.3863889198538877,15.0,0
248.0,25.0,Rhodotorula sp. clade XIII,85.02844522654459,1.4936770631132157,15.0,0
248.0,30.0,Rhodotorula sp. clade XIII,248.62166435016712,2.05249021202495,15.0,1
249.0,0.0,Rhodotorula mucilaginosa,341.1276268051159,3.509557385961058,10.0,1
249.0,5.0,Rhodotorula mucilaginosa,78.11756026239487,7.878454060553217,15.0,0
249.0,10.0,Rhodotorula mucilaginosa,234.03092808119987,3.8593364015302494,10.0,1
250.0,0.0,Rhodotorula paludigena,19.57279748065775,8.354362948102995,10.0,1
250.0,5.0,Rhodotorula paludigena,31.45595288141371,7.851441462344745,15.0,0
250.0,10.0,Rhodotorula paludigena,22.569036287007545,6.259109375741078,10.0,1
250.0,15.0,Rhodotorula paludigena,34.77353369012049,5.797899050106462,10.0,0
250.0,20.0,Rhodotorula paludigena,50.5357665163247,6.590471248105934,15.0,0
250.0,25.0,Rhodotorula paludigena,61.27587057637429,6.449613090842236,15.0,0
250.0,30.0,Rhodotorula paludigena,69.8945818086312,4.019409624251217,15.0,0
251.0,0.0,,28.84946552898981,8.453629623742334,20.0,1
251.0,5.0,,54.83218658474396,9.535011451516247,20.0,0
251.0,10.0,,46.6728832436962,7.693772154433436,20.0,0
251.0,15.0,,49.76147727410829,5.9533431492680045,20.0,0
251.0,20.0,,33.73000056677634,6.549312220827861,15.0,0
251.0,25.0,,32.08523518639843,6.853880765332696,15.0,0
251.0,30.0,,44.389340090043234,6.089557333443501,15.0,0
252.0,0.0,,23.43711457066029,12.177076925700469,20.0,1
252.0,5.0,,39.80592006355498,15.463754641764798,20.0,0
252.0,10.0,,37.38284894013193,12.705306002766903,20.0,0
252.0,15.0,,38.575918462798285,10.803342496190416,20.0,0
252.0,20.0,,40.09491307459551,7.583762664400227,20.0,0
252.0,25.0,,41.28183017137288,5.7017408709679565,20.0,0
252.0,30.0,,40.402338766982865,3.1964343506691177,20.0,0
253.0,0.0,Rhodotorula mucilaginosa,6.479135661791455,10.74278425818456,20.0,1
253.0,5.0,Rhodotorula mucilaginosa,34.97629665832696,12.708257021631509,20.0,0
253.0,10.0,Rhodotorula mucilaginosa,38.61129478259191,11.430023757493249,20.0,0
253.0,15.0,Rhodotorula mucilaginosa,42.95751050460531,11.141092715295915,20.0,0
253.0,20.0,Rhodotorula mucilaginosa,44.44275521500281,9.562108111474465,20.0,0
253.0,25.0,Rhodotorula mucilaginosa,43.687843117300055,7.826054039069397,20.0,0
253.0,30.0,Rhodotorula mucilaginosa,57.815345225600666,6.801432382638989,20.0,0
254.0,0.0,Rhodotorula mucilaginosa,20.598779738842282,12.13049911688713,20.0,1
254.0,5.0,Rhodotorula mucilaginosa,35.892574671115064,13.808756484623263,20.0,0
254.0,10.0,Rhodotorula mucilaginosa,34.27127193418483,11.369876093152381,20.0,0
254.0,15.0,Rhodotorula mucilaginosa,32.18697314112192,9.215918685061023,20.0,0
254.0,20.0,Rhodotorula mucilaginosa,26.51541670793438,6.160625330852779,20.0,1
254.0,25.0,Rhodotorula mucilaginosa,26.692203147968034,4.7319647683745,20.0,1
254.0,30.0,Rhodotorula mucilaginosa,354.0223681420387,2.816408005015168,20.0,1
255.0,0.0,Rhodotorula mucilaginosa,6.245884029088746,9.730030160382892,15.0,1
255.0,5.0,Rhodotorula mucilaginosa,35.84004784397787,8.955738482576594,10.0,0
255.0,10.0,Rhodotorula mucilaginosa,39.07654621257455,9.555613172285998,10.0,0
255.0,15.0,Rhodotorula mucilaginosa,39.36078534475481,8.969996146987539,10.0,0
255.0,20.0,Rhodotorula mucilaginosa,45.04444797342383,7.438732638300899,10.0,0
255.0,25.0,Rhodotorula mucilaginosa,43.67061709972237,5.186952048650808,15.0,0
255.0,30.0,Rhodotorula mucilaginosa,46.36647317129298,3.014428276370907,20.0,0
256.0,0.0,Rhodotorula mucilaginosa,5.262020267397778,10.586101682757509,20.0,1
256.0,5.0,Rhodotorula mucilaginosa,39.34393281158887,13.56145886684833,20.0,0
256.0,10.0,Rhodotorula mucilaginosa,41.980606139628264,13.242111128368869,20.0,0
256.0,15.0,Rhodotorula mucilaginosa,45.12808850861063,12.166982247097346,20.0,0
256.0,20.0,Rhodotorula mucilaginosa,50.006595888448906,11.415699191855339,20.0,0
256.0,25.0,Rhodotorula mucilaginosa,54.797404155188545,9.749489899229836,20.0,0
256.0,30.0,Rhodotorula mucilaginosa,55.80582533288957,5.448560039248579,20.0,0
257.0,0.0,Rhodotorula mucilaginosa,5.645287646695716,10.576458570655326,20.0,1
257.0,5.0,Rhodotorula mucilaginosa,38.38573615430186,13.557400841184275,20.0,0
257.0,10.0,Rhodotorula mucilaginosa,41.956437923641495,13.0774367940814,20.0,0
257.0,15.0,Rhodotorula mucilaginosa,44.302624001591134,12.339627037700463,20.0,0
257.0,20.0,Rhodotorula mucilaginosa,49.44712767150151,11.428886351134746,20.0,0
257.0,25.0,Rhodotorula mucilaginosa,54.73587174212487,9.789580097268137,20.0,0
257.0,30.0,Rhodotorula mucilaginosa,53.679931445135644,5.345742077739969,20.0,0
258.0,0.0,Rhodotorula mucilaginosa,8.545539539750228,11.163271100027416,20.0,1
258.0,5.0,Rhodotorula mucilaginosa,40.28233691931553,13.820828153503154,20.0,0
258.0,10.0,Rhodotorula mucilaginosa,44.76445738912683,13.466802284972498,20.0,0
258.0,15.0,Rhodotorula mucilaginosa,47.54823085134186,12.472725482896136,20.0,0
258.0,20.0,Rhodotorula mucilaginosa,52.68333905376995,11.576756196703068,20.0,0
258.0,25.0,Rhodotorula mucilaginosa,56.99008657515229,10.662455974274032,20.0,0
258.0,30.0,Rhodotorula mucilaginosa,56.4027366728162,6.513582002559353,20.0,0
259.0,0.0,,27.70747409293997,6.922958425764764,20.0,1
259.0,5.0,,47.04824910995646,9.918921834466508,20.0,0
259.0,10.0,,45.70773116575114,10.604270796046606,20.0,0
259.0,15.0,,44.15962794463119,11.099438026513443,20.0,0
259.0,20.0,,49.59192730456262,10.42756914861071,20.0,0
259.0,25.0,,55.14749263045195,9.107203520196677,20.0,0
259.0,30.0,,54.62130541472181,4.678181903759694,20.0,0
260.0,0.0,,9.818091673690136,10.934669987801774,20.0,1
260.0,5.0,,35.6175081070339,13.13721684369727,20.0,0
260.0,10.0,,42.463188165318876,12.148198606053015,20.0,0
260.0,15.0,,44.6199443699831,11.654578052718545,20.0,0
260.0,20.0,,42.768953664339215,9.30585296704566,19.0,0
260.0,25.0,,47.66732454670639,7.827854480528314,20.0,0
260.0,30.0,,58.143962259562436,6.789677328165156,17.0,0
261.0,0.0,Rhodotorula sphaerocarpa,14.534176375405501,12.256299292066537,20.0,1
261.0,5.0,Rhodotorula sphaerocarpa,37.774296500151095,14.109808767147765,20.0,0
261.0,10.0,Rhodotorula sphaerocarpa,45.43464591272651,13.084085800665656,15.0,0
261.0,15.0,Rhodotorula sphaerocarpa,49.269382777152224,12.394815946265826,15.0,0
261.0,20.0,Rhodotorula sphaerocarpa,54.93892758992008,10.937312823945575,14.0,0
261.0,25.0,Rhodotorula sphaerocarpa,57.899256347803906,8.103214309238517,10.0,0
261.0,30.0,Rhodotorula sphaerocarpa,68.68503617148116,7.862814623429075,17.0,0
262.0,0.0,Rhodotorula mucilaginosa,23.388458922660007,12.005367045447612,20.0,1
262.0,5.0,Rhodotorula mucilaginosa,37.004173868813,13.67546470018529,20.0,0
262.0,10.0,Rhodotorula mucilaginosa,39.82843885691369,10.995290229671712,15.0,0
262.0,15.0,Rhodotorula mucilaginosa,44.579255455493666,9.38986369341933,15.0,0
262.0,20.0,Rhodotorula mucilaginosa,55.314905369819485,7.476149506989913,10.0,0
262.0,25.0,Rhodotorula mucilaginosa,53.2785384120477,4.413100577793954,10.0,0
262.0,30.0,Rhodotorula mucilaginosa,290.9589251596025,3.6298852599357856,15.0,1
263.0,0.0,Rhodotorula mucilaginosa,22.892006359105363,12.101518123223,20.0,1
263.0,5.0,Rhodotorula mucilaginosa,34.84174407860756,13.603906816886841,20.0,0
263.0,10.0,Rhodotorula mucilaginosa,39.90607369803472,10.782490596115434,15.0,0
263.0,15.0,Rhodotorula mucilaginosa,43.968892373551036,9.66115216759878,15.0,0
263.0,20.0,Rhodotorula mucilaginosa,50.849052520133995,7.750273919009059,19.0,0
263.0,25.0,Rhodotorula mucilaginosa,52.32399530993346,6.362149083683987,15.0,0
263.0,30.0,Rhodotorula mucilaginosa,58.61963847172519,4.711631972645535,17.0,0
264.0,0.0,Rhodotorula mucilaginosa,23.71141542132101,13.066083008248052,20.0,1
264.0,5.0,Rhodotorula mucilaginosa,35.369897561525185,13.983987842914203,20.0,0
264.0,10.0,Rhodotorula mucilaginosa,37.73576326668603,11.139614953378832,20.0,0
264.0,15.0,Rhodotorula mucilaginosa,41.811293922984746,9.24704236476122,20.0,0
264.0,20.0,Rhodotorula mucilaginosa,48.274237364563746,7.943388943004955,19.0,0
264.0,25.0,Rhodotorula mucilaginosa,47.66848711682598,4.78093362381154,20.0,0
264.0,30.0,Rhodotorula mucilaginosa,42.96132217545751,1.707853461252168,20.0,0
265.0,0.0,Rhodotorula mucilaginosa,9.691002030124212,10.319207356502066,20.0,1
265.0,5.0,Rhodotorula mucilaginosa,44.82695648046217,13.263404051982558,20.0,0
265.0,10.0,Rhodotorula mucilaginosa,46.142679031283876,11.167427263387438,20.0,0
265.0,15.0,Rhodotorula mucilaginosa,45.979554855087834,10.033197453669178,20.0,0
265.0,20.0,Rhodotorula mucilaginosa,49.75259954015021,7.703521889604633,19.0,0
265.0,25.0,Rhodotorula mucilaginosa,46.023165480480706,5.678490194292591,20.0,0
265.0,30.0,Rhodotorula mucilaginosa,52.549748416973664,4.181063322296144,19.0,0
266.0,0.0,Rhodotorula sp. clade I,10.388913966693597,10.634801666874838,20.0,1
266.0,5.0,Rhodotorula sp. clade I,44.56210874388461,13.208017725180039,20.0,0
266.0,10.0,Rhodotorula sp. clade I,47.02477162580801,11.740426969529725,20.0,0
266.0,15.0,Rhodotorula sp. clade I,46.423143011071346,10.466978486391403,20.0,0
266.0,20.0,Rhodotorula sp. clade I,49.74514189620932,8.035373585710413,14.0,0
266.0,25.0,Rhodotorula sp. clade I,47.22670249999117,5.785543488846695,15.0,0
266.0,30.0,Rhodotorula sp. clade I,62.49726431461058,5.073794180958722,20.0,0
267.0,0.0,Rhodotorula mucilaginosa,25.081029278069092,7.093102176698142,20.0,1
267.0,5.0,Rhodotorula mucilaginosa,54.262781399233035,11.03881382835246,20.0,0
267.0,10.0,Rhodotorula mucilaginosa,62.940015755569895,9.71425890878219,15.0,0
267.0,15.0,Rhodotorula mucilaginosa,63.67596828476508,9.624225528918776,15.0,0
267.0,20.0,Rhodotorula mucilaginosa,68.41493551102538,8.875597340455412,19.0,0
267.0,25.0,Rhodotorula mucilaginosa,73.21162022320577,7.934016855254383,15.0,0
267.0,30.0,Rhodotorula mucilaginosa,74.05387881819696,5.496451731419118,17.0,0
268.0,0.0,Rhodotorula mucilaginosa,6.03616332042128,8.187667890517845,20.0,1
268.0,5.0,Rhodotorula mucilaginosa,49.90509423445971,9.833878675360879,20.0,0
268.0,10.0,Rhodotorula mucilaginosa,56.3827487343671,9.434392543579722,10.0,0
268.0,15.0,Rhodotorula mucilaginosa,55.284143436169884,8.654647411570778,10.0,0
268.0,20.0,Rhodotorula mucilaginosa,64.11282849934598,7.745400108004393,10.0,0
268.0,30.0,Rhodotorula mucilaginosa,82.57580456400169,7.514849213402405,12.0,0
269.0,0.0,,7.759723393287018,10.300168853940585,20.0,1
269.0,5.0,,35.3258198018783,12.108431062334581,20.0,0
269.0,10.0,,45.04468864181945,11.2556566494683,15.0,0
269.0,15.0,,43.70655728136255,10.81353475051416,15.0,0
269.0,20.0,,43.44600116854341,9.167985991411644,10.0,0
269.0,25.0,,49.79934023278683,8.42122276070941,10.0,0
269.0,30.0,,59.074846129618614,7.10562094982912,15.0,0
270.0,0.0,Rhodotorula diobovata,37.82517734039571,7.360263797596873,20.0,0
270.0,5.0,Rhodotorula diobovata,58.96821601146198,9.973984486165424,20.0,0
270.0,10.0,Rhodotorula diobovata,43.695512662382704,9.384069761582822,20.0,0
270.0,15.0,Rhodotorula diobovata,34.458400336689856,6.053483006415862,20.0,0
270.0,20.0,Rhodotorula diobovata,13.698018262055522,5.864272868419729,19.0,1
270.0,25.0,Rhodotorula diobovata,286.52971969487874,5.792058100842267,20.0,1
270.0,30.0,Rhodotorula diobovata,250.60834790904312,6.148536137694826,20.0,1
271.0,0.0,Rhodotorula mucilaginosa,23.37791346266658,14.21132820343037,20.0,1
271.0,5.0,Rhodotorula mucilaginosa,36.699874799312816,12.775708892027456,20.0,0
271.0,10.0,Rhodotorula mucilaginosa,45.76617163166436,9.557057660237964,15.0,0
271.0,15.0,Rhodotorula mucilaginosa,49.89500716193757,8.74915520202591,15.0,0
271.0,20.0,Rhodotorula mucilaginosa,26.41514094435101,6.26183027401055,14.0,1
271.0,25.0,Rhodotorula mucilaginosa,280.6768833888018,5.559794426201771,10.0,1
271.0,30.0,Rhodotorula mucilaginosa,300.1675432167556,3.5263643353609653,17.0,1
272.0,0.0,Rhodotorula mucilaginosa,9.305342025176495,11.420771509115252,20.0,1
272.0,5.0,Rhodotorula mucilaginosa,32.56259745119581,11.26735637376449,20.0,0
272.0,10.0,Rhodotorula mucilaginosa,34.500438557402155,9.84281691143864,15.0,0
272.0,15.0,Rhodotorula mucilaginosa,36.77286040474046,8.962041683599146,15.0,0
272.0,20.0,Rhodotorula mucilaginosa,39.310560148159915,7.289414677575225,10.0,0
272.0,25.0,Rhodotorula mucilaginosa,49.678875007527836,6.102084885951641,10.0,0
272.0,30.0,Rhodotorula mucilaginosa,54.998618685808545,4.230301083628007,15.0,0
273.0,0.0,Rhodotorula toruloides,5.364614502438652,10.838477929739607,20.0,1
273.0,5.0,Rhodotorula toruloides,34.702250136173824,12.593960325512144,20.0,0
273.0,10.0,Rhodotorula toruloides,39.087935845167145,12.079588863462888,20.0,0
273.0,15.0,Rhodotorula toruloides,41.014577899653986,11.588137866516826,20.0,0
273.0,20.0,Rhodotorula toruloides,47.48855023069882,9.351768496449823,19.0,0
273.0,25.0,Rhodotorula toruloides,51.46910236466753,8.467590363465138,20.0,0
273.0,30.0,Rhodotorula toruloides,57.63088613780753,7.078276589869201,17.0,0
274.0,0.0,Rhodotorula mucilaginosa,3.8157797153401423,6.503129125656226,15.0,1
274.0,5.0,Rhodotorula mucilaginosa,54.92467018470592,10.244236316085972,15.0,0
274.0,10.0,Rhodotorula mucilaginosa,58.69299971503068,8.259401309255734,10.0,0
274.0,15.0,Rhodotorula mucilaginosa,62.021153718473414,8.305535065652986,10.0,0
274.0,20.0,Rhodotorula mucilaginosa,68.84103069306602,7.973183582539284,11.0,0
274.0,25.0,Rhodotorula mucilaginosa,73.3470074586005,6.956055743514465,10.0,0
274.0,30.0,Rhodotorula mucilaginosa,88.54314805315286,5.65121400376296,10.0,0
275.0,0.0,Cystobasidium sp.,4.306256302907517,6.417210856021832,10.0,1
275.0,5.0,Cystobasidium sp.,54.12088306432157,10.039689024267405,10.0,0
275.0,10.0,Cystobasidium sp.,57.93085345402899,8.370149024325006,10.0,0
275.0,15.0,Cystobasidium sp.,62.34143218421927,8.713374854777726,10.0,0
275.0,30.0,Cystobasidium sp.,77.49024822450836,5.763894638079584,10.0,0
276.0,0.0,Rhodotorula mucilaginosa,8.246036439747769,9.91783546193038,20.0,1
276.0,5.0,Rhodotorula mucilaginosa,46.052405674061426,13.245826149542452,20.0,0
276.0,10.0,Rhodotorula mucilaginosa,44.09688262724107,11.387444154565925,15.0,0
276.0,15.0,Rhodotorula mucilaginosa,46.41314029897326,10.750401723926023,15.0,0
276.0,20.0,Rhodotorula mucilaginosa,53.77573514869967,9.33181718636955,10.0,0
276.0,25.0,Rhodotorula mucilaginosa,52.25482081007368,7.971868636195037,10.0,0
276.0,30.0,Rhodotorula mucilaginosa,67.33282026811024,6.266901725834078,12.0,0
277.0,0.0,Rhodotorula mucilaginosa,14.175759041290815,9.780473624121386,20.0,1
277.0,5.0,Rhodotorula mucilaginosa,343.0731670589236,5.5153269650926315,20.0,1
277.0,10.0,Rhodotorula mucilaginosa,40.866787618458375,6.90116867861088,20.0,0
277.0,15.0,Rhodotorula mucilaginosa,43.001174746031865,4.936467416125282,21.0,0
277.0,20.0,Rhodotorula mucilaginosa,24.84708086569155,4.490275731741546,19.0,1
277.0,25.0,Rhodotorula mucilaginosa,49.404440860477294,5.552908845662833,21.0,0
277.0,30.0,Rhodotorula mucilaginosa,45.9148281976742,6.130621987686769,20.0,0
278.0,0.0,Rhodotorula sphaerocarpa,14.503079401358207,12.435890218827792,15.0,1
278.0,5.0,Rhodotorula sphaerocarpa,37.71229176505979,14.533968931199968,15.0,0
278.0,10.0,Rhodotorula sphaerocarpa,43.68676018745127,13.38740435679815,15.0,0
278.0,15.0,Rhodotorula sphaerocarpa,46.35804545163048,12.857187920979522,15.0,0
278.0,25.0,Rhodotorula sphaerocarpa,49.1545193587246,8.97375251358661,10.0,0
278.0,30.0,Rhodotorula sphaerocarpa,65.33540887120674,9.85832406034182,15.0,0
279.0,0.0,Rhodotorula mucilaginosa,23.598572134927302,8.927355810178717,20.0,1
279.0,5.0,Rhodotorula mucilaginosa,44.69975612147569,13.39755299709073,20.0,0
279.0,10.0,Rhodotorula mucilaginosa,52.64085307660345,10.55292258649487,20.0,0
279.0,15.0,Rhodotorula mucilaginosa,56.89313748625331,9.3280314366313,20.0,0
279.0,20.0,Rhodotorula mucilaginosa,55.409925749893205,7.408973046018203,19.0,0
279.0,25.0,Rhodotorula mucilaginosa,63.50659226441009,6.580837369922946,20.0,0
279.0,30.0,Rhodotorula mucilaginosa,53.75846684105553,5.013294948599572,20.0,0
280.0,0.0,Rhodotorula mucilaginosa,12.44153142689642,11.757438657242034,20.0,1
280.0,5.0,Rhodotorula mucilaginosa,38.922556097200264,13.178603530944132,20.0,0
280.0,10.0,Rhodotorula mucilaginosa,39.43473362026438,12.327843096999745,15.0,0
280.0,15.0,Rhodotorula mucilaginosa,41.015705575196385,11.1059991102434,15.0,0
280.0,20.0,Rhodotorula mucilaginosa,47.07109766789287,9.265829398081385,19.0,0
280.0,25.0,Rhodotorula mucilaginosa,49.049849087959984,7.764938896257218,15.0,0
280.0,30.0,Rhodotorula mucilaginosa,57.52132415033762,6.042079482905641,17.0,0
281.0,0.0,Rhodotorula mucilaginosa,8.12436583249237,10.84603722652412,15.0,1
281.0,5.0,Rhodotorula mucilaginosa,38.14411385503626,13.555947496789235,15.0,0
281.0,10.0,Rhodotorula mucilaginosa,37.827227281647566,10.991584537271827,10.0,0
281.0,15.0,Rhodotorula mucilaginosa,41.72396441769197,11.1812025405611,15.0,0
281.0,20.0,Rhodotorula mucilaginosa,50.140732509798525,9.264682748028308,13.0,0
281.0,25.0,Rhodotorula mucilaginosa,56.48318892740377,8.383563744670475,10.0,0
281.0,30.0,Rhodotorula mucilaginosa,63.08990513424437,7.080287454810332,15.0,0
282.0,0.0,Rhodotorula diobovata,32.2948184354034,7.521417379468752,20.0,0
282.0,5.0,Rhodotorula diobovata,63.791196738532555,12.552982615484616,20.0,0
282.0,10.0,Rhodotorula diobovata,65.95730654877566,10.432469199267617,15.0,0
282.0,15.0,Rhodotorula diobovata,63.548364400618354,9.569351342128362,20.0,0
282.0,20.0,Rhodotorula diobovata,62.45297019006197,7.425680807021648,12.0,0
282.0,25.0,Rhodotorula diobovata,55.51825793613482,5.61685636790917,10.0,0
282.0,30.0,Rhodotorula diobovata,26.382030503231764,2.7620369599627432,20.0,1
283.0,0.0,Rhodotorula mucilaginosa,9.038014192521606,10.518977388597651,20.0,1
283.0,5.0,Rhodotorula mucilaginosa,40.41002880365637,11.824827584870313,20.0,0
283.0,15.0,Rhodotorula mucilaginosa,45.40806027212786,10.797048360868523,10.0,0
283.0,20.0,Rhodotorula mucilaginosa,50.56343923514247,9.588913549978807,13.0,0
283.0,30.0,Rhodotorula mucilaginosa,68.71483659702675,7.68746405060449,12.0,0
284.0,0.0,Rhodotorula kratochvilovae,59.51761855036914,6.549960960369676,20.0,0
284.0,5.0,Rhodotorula kratochvilovae,77.4210799423798,10.82941428677481,20.0,0
284.0,10.0,Rhodotorula kratochvilovae,83.5854085094083,10.052511278786238,18.0,0
284.0,15.0,Rhodotorula kratochvilovae,96.70083795325552,6.719491659506444,20.0,0
284.0,20.0,Rhodotorula kratochvilovae,197.75737349703232,2.712568467720266,17.0,0
284.0,25.0,Rhodotorula kratochvilovae,297.7392478945702,4.824306642786022,15.0,1
284.0,30.0,Rhodotorula kratochvilovae,251.39895240493365,6.9757435222729285,15.0,1
285.0,0.0,Rhodotorula mucilaginosa,8.90069661583199,10.9687343121889,20.0,1
285.0,5.0,Rhodotorula mucilaginosa,38.02164019167195,11.770799280922041,20.0,0
285.0,10.0,Rhodotorula mucilaginosa,45.72929596862368,10.131993395094092,15.0,0
285.0,15.0,Rhodotorula mucilaginosa,47.38127435379556,9.835676872769259,20.0,0
285.0,20.0,Rhodotorula mucilaginosa,55.74193556276156,7.447335622687597,17.0,0
285.0,25.0,Rhodotorula mucilaginosa,60.11507727799291,7.358748287991942,15.0,0
285.0,30.0,Rhodotorula mucilaginosa,76.27663110682556,7.404138090257818,20.0,0
286.0,0.0,Rhodotorula mucilaginosa,4.59406462788233,12.130725286798029,20.0,1
286.0,5.0,Rhodotorula mucilaginosa,24.12139730206689,12.645668211832525,20.0,1
286.0,10.0,Rhodotorula mucilaginosa,35.04192461603499,10.365046961904897,15.0,0
286.0,15.0,Rhodotorula mucilaginosa,35.699549911526674,9.675653793177098,20.0,0
286.0,20.0,Rhodotorula mucilaginosa,28.48407961042065,7.374135115113772,12.0,1
286.0,25.0,Rhodotorula mucilaginosa,46.49154912796421,7.127655227574607,10.0,0
286.0,30.0,Rhodotorula mucilaginosa,49.07218795708483,6.075503459936057,20.0,0
287.0,0.0,Rhodotorula toruloides,22.891606360533984,6.400690226548358,20.0,1
287.0,5.0,Rhodotorula toruloides,53.461694627382386,9.606881935643504,20.0,0
287.0,15.0,Rhodotorula toruloides,49.18772406699976,4.611274686823672,10.0,0
287.0,20.0,Rhodotorula toruloides,48.92679568840985,2.473438125670956,13.0,0
287.0,30.0,Rhodotorula toruloides,104.99890871376438,1.2149912431878729,10.0,0
288.0,0.0,Rhodotorula pacifica,2.801488088509743,10.901713274879679,20.0,1
288.0,5.0,Rhodotorula pacifica,35.04153343123922,12.020755180593593,19.0,0
288.0,10.0,Rhodotorula pacifica,46.938905869303774,10.48572810399279,20.0,0
288.0,15.0,Rhodotorula pacifica,44.17678305145062,9.21378831771062,20.0,0
288.0,20.0,Rhodotorula pacifica,40.1812851169255,7.805607153102005,19.0,0
288.0,25.0,Rhodotorula pacifica,44.42747702204048,7.32046506546869,15.0,0
288.0,30.0,Rhodotorula pacifica,54.099647152928355,5.727386904874432,17.0,0
289.0,0.0,Rhodotorula mucilaginosa,12.028313897770236,11.608298562249368,20.0,1
289.0,5.0,Rhodotorula mucilaginosa,38.081483900163974,14.432543357018782,19.0,0
289.0,10.0,Rhodotorula mucilaginosa,42.209767609092054,11.31809058443483,20.0,0
289.0,15.0,Rhodotorula mucilaginosa,41.62649091398172,10.895331102850324,20.0,0
289.0,20.0,Rhodotorula mucilaginosa,42.5726804645732,8.991735295613415,19.0,0
289.0,25.0,Rhodotorula mucilaginosa,44.22098484569566,6.460110257097135,20.0,0
289.0,30.0,Rhodotorula mucilaginosa,44.529229932142634,4.859665238508124,20.0,0
290.0,0.0,Rhodotorula mucilaginosa,10.418913273119582,8.969181146845273,20.0,1
290.0,5.0,Rhodotorula mucilaginosa,30.818592117273344,9.75898433679345,20.0,1
290.0,10.0,Rhodotorula mucilaginosa,53.93984816859377,10.60984944218947,15.0,0
290.0,15.0,Rhodotorula mucilaginosa,30.429799274668163,6.759046058914629,15.0,1
290.0,20.0,Rhodotorula mucilaginosa,37.68969417107335,4.352264640615397,15.0,0
290.0,25.0,Rhodotorula mucilaginosa,17.17970790777819,7.1212282069605655,15.0,1
290.0,30.0,Rhodotorula mucilaginosa,21.77095422847202,3.1229630459053164,15.0,1
291.0,0.0,Rhodotorula diobovata,25.266635720708592,6.894342874579338,20.0,1
291.0,5.0,Rhodotorula diobovata,56.71966427410949,15.187815137860452,15.0,0
291.0,10.0,Rhodotorula diobovata,48.345288861641485,11.960941299389033,15.0,0
291.0,15.0,Rhodotorula diobovata,54.37478752712283,10.178905988773638,15.0,0
291.0,20.0,Rhodotorula diobovata,50.28839590752891,8.47241212735004,10.0,0
291.0,25.0,Rhodotorula diobovata,49.50274633221689,7.414850986006822,10.0,0
291.0,30.0,Rhodotorula diobovata,40.345177604897266,3.247256736010499,15.0,0
292.0,10.0,Rhodotorula graminis,32.94874841043713,10.802877085220684,15.0,0
292.0,15.0,Rhodotorula graminis,38.29196318537929,8.956664321809935,10.0,0
292.0,20.0,Rhodotorula graminis,49.66026664540512,8.463880161397398,11.0,0
292.0,25.0,Rhodotorula graminis,47.11990014813015,6.286162426396306,20.0,0
293.0,0.0,Rhodotorula mucilaginosa,22.115851748595382,13.199734468758418,20.0,1
293.0,5.0,Rhodotorula mucilaginosa,35.001261260573614,13.875558076224626,19.0,0
293.0,15.0,Rhodotorula mucilaginosa,38.055585730880445,10.848262458876562,10.0,0
293.0,20.0,Rhodotorula mucilaginosa,51.53578340862756,8.55233587584936,13.0,0
293.0,30.0,Rhodotorula mucilaginosa,43.46651735869506,5.461947038878631,12.0,0
294.0,0.0,Rhodotorula graminis,21.825868308905367,9.617601291279566,10.0,1
294.0,5.0,Rhodotorula graminis,42.0564122110439,12.361980032884077,14.0,0
294.0,10.0,Rhodotorula graminis,44.54447830459587,6.842711916965509,10.0,0
294.0,15.0,Rhodotorula graminis,61.26574948391542,9.730448799517966,10.0,0
294.0,20.0,Rhodotorula graminis,45.872126450823906,6.104811785213689,18.0,0
294.0,25.0,Rhodotorula graminis,39.77412526687881,3.2698693104960808,15.0,0
294.0,30.0,Rhodotorula graminis,341.7144141795317,3.3590706969207376,15.0,1
295.0,0.0,Rhodotorula mucilaginosa,20.870686469501127,12.882656103280471,20.0,1
295.0,5.0,Rhodotorula mucilaginosa,36.65315450147819,12.097068673816317,16.0,0
295.0,10.0,Rhodotorula mucilaginosa,44.68385462115862,9.618285640894666,20.0,0
295.0,15.0,Rhodotorula mucilaginosa,48.92974280029862,8.268933472614856,20.0,0
295.0,20.0,Rhodotorula mucilaginosa,49.48674662594703,8.830730435480923,19.0,0
295.0,25.0,Rhodotorula mucilaginosa,48.07503454087837,8.389581123824463,20.0,0
295.0,30.0,Rhodotorula mucilaginosa,21.154675019385476,2.882791845735872,17.0,1
296.0,0.0,Rhodotorula mucilaginosa,24.60846656225735,12.265159313125228,20.0,1
296.0,5.0,Rhodotorula mucilaginosa,37.972416906556774,13.847924178657726,15.0,0
296.0,10.0,Rhodotorula mucilaginosa,39.180091495278035,11.084533633314514,10.0,0
296.0,15.0,Rhodotorula mucilaginosa,39.52946208177986,9.56971928208094,15.0,0
296.0,20.0,Rhodotorula mucilaginosa,42.768213048250395,6.968223843503184,17.0,0
296.0,25.0,Rhodotorula mucilaginosa,40.322600678979185,5.419681143314825,10.0,0
296.0,30.0,Rhodotorula mucilaginosa,337.1092578113337,2.4190120978732743,17.0,1
297.0,0.0,Rhodotorula diobovata,25.43437214789307,9.07117215466042,10.0,1
297.0,5.0,Rhodotorula diobovata,51.51482619546561,10.124451677653058,11.0,0
297.0,10.0,Rhodotorula diobovata,54.55054019803057,9.562357195547236,10.0,0
297.0,15.0,Rhodotorula diobovata,255.04550137597403,6.126210789266361,10.0,1
298.0,0.0,Rhodotorula mucilaginosa,21.695469921503218,11.43339208068705,15.0,1
298.0,5.0,Rhodotorula mucilaginosa,37.11858943127762,13.841460355805609,15.0,0
298.0,10.0,Rhodotorula mucilaginosa,49.248621164768004,12.410395613264956,15.0,0
298.0,15.0,Rhodotorula mucilaginosa,42.6846439910559,10.516607130638192,10.0,0
298.0,25.0,Rhodotorula mucilaginosa,64.22304231834687,7.184401633202607,10.0,0
298.0,30.0,Rhodotorula mucilaginosa,34.24381749693871,3.7201673401595334,10.0,0
299.0,0.0,Rhodotorula mucilaginosa,11.408471912498518,9.013932378527072,20.0,1
299.0,5.0,Rhodotorula mucilaginosa,31.600775344058487,9.512870611238135,15.0,0
299.0,10.0,Rhodotorula mucilaginosa,24.01278748672894,6.869231777143401,10.0,1
299.0,15.0,Rhodotorula mucilaginosa,22.41404540014163,6.110206135006589,15.0,1
299.0,20.0,Rhodotorula mucilaginosa,312.24660617006083,4.266372903678309,18.0,1
299.0,25.0,Rhodotorula mucilaginosa,278.57038268141036,5.443966212935943,10.0,1
299.0,30.0,Rhodotorula mucilaginosa,355.1194108656656,2.841319884316533,14.0,1
300.0,0.0,Rhodotorula mucilaginosa,11.512125393444268,10.250423298075045,20.0,1
300.0,5.0,Rhodotorula mucilaginosa,43.56589613365763,12.995505050827987,16.0,0
300.0,10.0,Rhodotorula mucilaginosa,44.3692963753197,11.45444256983991,15.0,0
300.0,15.0,Rhodotorula mucilaginosa,46.337080059313955,10.46648053897256,15.0,0
300.0,20.0,Rhodotorula mucilaginosa,45.04485734515844,7.554009431066292,15.0,0
300.0,25.0,Rhodotorula mucilaginosa,45.56940689910291,5.876538474061403,15.0,0
300.0,30.0,Rhodotorula mucilaginosa,54.12148939866759,4.404010141798881,15.0,0
301.0,0.0,Rhodotorula paludigena,39.36463449962122,9.365293130443577,10.0,0
301.0,10.0,Rhodotorula paludigena,54.14006819333492,11.386057989504174,10.0,0
301.0,15.0,Rhodotorula paludigena,63.837357445445235,7.87741996011523,10.0,0
301.0,20.0,Rhodotorula paludigena,78.71559355319029,6.549310701177056,14.0,0
301.0,25.0,Rhodotorula paludigena,65.71980129930598,6.325758860718606,15.0,0
302.0,0.0,Rhodotorula sp. clade XI,22.416908503244827,4.71540266128625,20.0,1
302.0,5.0,Rhodotorula sp. clade XI,52.574557128912225,8.228429185412285,20.0,0
302.0,10.0,Rhodotorula sp. clade XI,57.688124068060766,9.60852258427789,20.0,0
302.0,15.0,Rhodotorula sp. clade XI,71.25547534934498,8.740059616123308,20.0,0
302.0,20.0,Rhodotorula sp. clade XI,87.78499991793504,7.466312666598551,14.0,0
302.0,25.0,Rhodotorula sp. clade XI,59.063547392054325,5.930306205305589,16.0,0
302.0,30.0,Rhodotorula sp. clade XI,87.48315416288072,5.588109052921804,20.0,0
303.0,0.0,Rhodotorula mucilaginosa,5.466883154767551,9.431199648302375,20.0,1
303.0,5.0,Rhodotorula mucilaginosa,39.070335061846066,9.60534157606281,20.0,0
303.0,10.0,Rhodotorula mucilaginosa,49.02118678774826,10.985674463833371,15.0,0
303.0,15.0,Rhodotorula mucilaginosa,54.79512474706747,9.215176578718832,15.0,0
303.0,20.0,Rhodotorula mucilaginosa,52.966467655660246,7.385589339824751,10.0,0
303.0,25.0,Rhodotorula mucilaginosa,52.86215048181348,8.072809947115411,10.0,0
303.0,30.0,Rhodotorula mucilaginosa,65.39732772790425,5.719053821966549,15.0,0
304.0,0.0,Rhodotorula mucilaginosa,21.483385396982435,9.660670310657462,20.0,1
304.0,5.0,Rhodotorula mucilaginosa,45.037775194721206,13.063566246193274,20.0,0
304.0,10.0,Rhodotorula mucilaginosa,50.566290322077464,10.37458989394962,15.0,0
304.0,15.0,Rhodotorula mucilaginosa,44.35817281440704,9.085059970459678,15.0,0
304.0,20.0,Rhodotorula mucilaginosa,46.06844037845362,7.541717381133593,19.0,0
304.0,25.0,Rhodotorula mucilaginosa,19.917757333774983,7.192495044180874,15.0,1
304.0,30.0,Rhodotorula mucilaginosa,48.214207525689424,5.090643178942661,17.0,0
305.0,0.0,,22.38485006692783,9.633453294371382,20.0,1
305.0,5.0,,39.68377470364503,13.629561996304757,15.0,0
305.0,15.0,,45.12331085077619,9.692177971495973,10.0,0
305.0,20.0,,50.57422461967641,7.70675029496389,13.0,0
305.0,30.0,,42.25753154110933,6.227561680449645,12.0,0
306.0,0.0,,11.57894734011223,11.125708976155561,20.0,1
306.0,5.0,,36.86269422348723,11.97013612472735,15.0,0
306.0,10.0,,43.93029049274039,12.493180927501438,10.0,0
306.0,15.0,,44.93412521061248,11.933875566007202,15.0,0
306.0,30.0,,66.12857441840607,8.85553406026936,12.0,0
307.0,0.0,Rhodotorula mucilaginosa,14.046363071007692,11.154868638953943,20.0,1
307.0,5.0,Rhodotorula mucilaginosa,38.29428422961514,11.292712362940026,20.0,0
307.0,10.0,Rhodotorula mucilaginosa,43.53775243874828,10.222967695009043,20.0,0
307.0,15.0,Rhodotorula mucilaginosa,45.59265131354328,9.113569046680492,20.0,0
307.0,20.0,Rhodotorula mucilaginosa,52.237124267954314,8.36181642173643,19.0,0
307.0,25.0,Rhodotorula mucilaginosa,55.967618026905015,7.782625195547951,20.0,0
307.0,30.0,Rhodotorula mucilaginosa,54.43733763004731,4.225588153098663,20.0,0
308.0,0.0,Rhodotorula mucilaginosa,12.863941762408048,8.743011700285109,20.0,1
308.0,5.0,Rhodotorula mucilaginosa,38.39585751703377,10.067271328174343,20.0,0
308.0,10.0,Rhodotorula mucilaginosa,50.92965469720494,9.11595509757863,15.0,0
308.0,15.0,Rhodotorula mucilaginosa,35.1228743328088,5.900515914028754,15.0,0
308.0,20.0,Rhodotorula mucilaginosa,36.36870456843903,3.9465121287870426,15.0,0
308.0,25.0,Rhodotorula mucilaginosa,60.391531471749595,4.482452468412136,18.0,0
308.0,30.0,Rhodotorula mucilaginosa,30.871197204392438,2.690034326903622,15.0,1
309.0,0.0,Rhodotorula mucilaginosa,18.32825853155117,9.70613053536453,20.0,1
309.0,5.0,Rhodotorula mucilaginosa,49.45193241643198,12.54309301688009,20.0,0
309.0,10.0,Rhodotorula mucilaginosa,49.81224324738962,9.936148460007328,20.0,0
309.0,15.0,Rhodotorula mucilaginosa,46.306435103572085,9.470188603416162,20.0,0
309.0,20.0,Rhodotorula mucilaginosa,60.2300012698875,8.031696478136652,19.0,0
309.0,25.0,Rhodotorula mucilaginosa,63.51345217931487,6.25114791966879,20.0,0
309.0,30.0,Rhodotorula mucilaginosa,57.76168060777538,4.297312036014894,20.0,0
310.0,0.0,Rhodotorula kratochvilovae,48.819260101414756,6.311338644062875,20.0,0
310.0,5.0,Rhodotorula kratochvilovae,62.97305747497413,11.408635513278174,20.0,0
310.0,10.0,Rhodotorula kratochvilovae,66.57402040838195,7.769339142323389,15.0,0
310.0,15.0,Rhodotorula kratochvilovae,96.9218805195154,2.5495864795249314,15.0,0
311.0,0.0,Rhodotorula kratochvilovae,52.55548968223268,9.960302390597226,20.0,0
311.0,5.0,Rhodotorula kratochvilovae,56.906907144805494,13.597678603997375,20.0,0
311.0,10.0,Rhodotorula kratochvilovae,61.13817103415303,10.643789588322726,10.0,0
311.0,15.0,Rhodotorula kratochvilovae,87.5077737555871,4.319087266694693,10.0,0
311.0,20.0,Rhodotorula kratochvilovae,232.02122810530096,3.0215004655447655,10.0,1
312.0,0.0,Pseudomicrostroma phylloplanum,10.523887149165391,10.50250392753261,15.0,1
312.0,5.0,Pseudomicrostroma phylloplanum,42.14295338016513,12.947107746827864,15.0,0
312.0,10.0,Pseudomicrostroma phylloplanum,46.19443173042951,12.597874459251038,15.0,0
312.0,15.0,Pseudomicrostroma phylloplanum,47.05840513604322,11.098097116099783,15.0,0
312.0,20.0,Pseudomicrostroma phylloplanum,44.90581687612139,8.52812054232511,15.0,0
312.0,25.0,Pseudomicrostroma phylloplanum,53.40666654549233,9.71954387121541,15.0,0
312.0,30.0,Pseudomicrostroma phylloplanum,60.578778400576006,5.970215027289624,15.0,0
313.0,0.0,Rhodotorula mucilaginosa,10.888972565518534,10.32625273670856,20.0,1
313.0,5.0,Rhodotorula mucilaginosa,37.71921772347002,10.047672506872605,15.0,0
313.0,10.0,Rhodotorula mucilaginosa,41.63525542509032,7.610674185286632,10.0,0
313.0,15.0,Rhodotorula mucilaginosa,47.945568823058764,7.771342060095744,15.0,0
313.0,20.0,Rhodotorula mucilaginosa,49.65976108010679,6.152894212231637,13.0,0
313.0,25.0,Rhodotorula mucilaginosa,48.87070177201876,6.2002631864525215,10.0,0
313.0,30.0,Rhodotorula mucilaginosa,61.964125237728815,4.143857310325369,15.0,0
314.0,0.0,Rhodotorula glutinis,36.268218730834555,2.767467524720126,15.0,0
314.0,5.0,Rhodotorula glutinis,41.639110431977294,12.841122167238714,10.0,0
314.0,10.0,Rhodotorula glutinis,36.980092280977374,7.92510077905029,15.0,0
314.0,15.0,Rhodotorula glutinis,38.063983547079324,8.84764147254945,10.0,0
314.0,20.0,Rhodotorula glutinis,46.37301459270455,7.8216753123341345,12.0,0
314.0,25.0,Rhodotorula glutinis,42.68877306348614,4.814488472727908,20.0,0
315.0,0.0,Rhodotorula mucilaginosa,12.720425358793468,8.753662772234636,20.0,1
315.0,5.0,Rhodotorula mucilaginosa,37.942684127691905,10.35296289737408,20.0,0
315.0,10.0,Rhodotorula mucilaginosa,27.066193286897978,7.3154052705825885,15.0,1
315.0,15.0,Rhodotorula mucilaginosa,27.10887168327106,6.443902855948766,20.0,1
315.0,20.0,Rhodotorula mucilaginosa,26.541239112929787,4.685430799173618,17.0,1
315.0,25.0,Rhodotorula mucilaginosa,21.68793050000688,3.9049171721393607,15.0,1
315.0,30.0,Rhodotorula mucilaginosa,353.76110495903225,3.214991017260126,20.0,1
316.0,25.0,Rhodotorula evergladensis,47.395528342696025,5.0811992792977065,10.0,0
317.0,0.0,Rhodotorula mucilaginosa,22.68794224584636,12.721443296009216,20.0,1
317.0,5.0,Rhodotorula mucilaginosa,39.830796631130745,14.285850792661806,20.0,0
317.0,10.0,Rhodotorula mucilaginosa,50.40491660647946,10.79577413653458,15.0,0
317.0,15.0,Rhodotorula mucilaginosa,49.05102277307401,10.243406435440601,20.0,0
317.0,20.0,Rhodotorula mucilaginosa,39.69951506846546,7.236685951702553,17.0,0
317.0,25.0,Rhodotorula mucilaginosa,30.577723442420282,6.45424521935514,15.0,1
317.0,30.0,Rhodotorula mucilaginosa,44.03955023087235,4.89540295287983,17.0,0
318.0,0.0,Rhodotorula mucilaginosa,7.756324434777337,11.196443952275262,20.0,1
318.0,5.0,Rhodotorula mucilaginosa,41.364888778495875,12.42292570097753,20.0,0
318.0,10.0,Rhodotorula mucilaginosa,42.246201916030216,11.352077960675878,10.0,0
318.0,15.0,Rhodotorula mucilaginosa,43.47083419343992,10.765407161953451,15.0,0
318.0,20.0,Rhodotorula mucilaginosa,47.695550146256394,9.291762045127802,12.0,0
318.0,30.0,Rhodotorula mucilaginosa,67.86114339311135,8.011250985906933,17.0,0
319.0,0.0,,25.301407588507374,12.944699504993606,20.0,1
319.0,5.0,,37.0593553060458,13.677151176618265,20.0,0
319.0,10.0,,52.160973567485854,11.612433822041144,10.0,0
319.0,15.0,,48.17352024076536,9.706301565242192,15.0,0
319.0,20.0,,51.469257602048266,7.349512401515005,12.0,0
319.0,30.0,,25.115611811293352,2.695030430043412,17.0,1
320.0,0.0,Rhodotorula graminis,46.032303404648104,6.430477155439546,15.0,0
320.0,5.0,Rhodotorula graminis,58.5660148913669,9.492966391925286,10.0,0
320.0,10.0,Rhodotorula graminis,73.78345343742444,9.456764774164867,10.0,0
320.0,15.0,Rhodotorula graminis,78.66207528269943,5.431959260323303,15.0,0
321.0,0.0,Rhodotorula dairenensis,46.11474694573573,10.225167207079542,20.0,0
321.0,5.0,Rhodotorula dairenensis,52.44675971943861,13.03429365752502,15.0,0
321.0,10.0,Rhodotorula dairenensis,39.40967184008146,8.820943282000005,10.0,0
321.0,15.0,Rhodotorula dairenensis,45.674617330419686,14.386495180383164,15.0,0
321.0,20.0,Rhodotorula dairenensis,52.67449283756478,12.801089870058272,17.0,0
321.0,25.0,Rhodotorula dairenensis,43.401747117277246,8.278982247092461,10.0,0
321.0,30.0,Rhodotorula dairenensis,50.59358147268292,7.667080027442844,17.0,0
322.0,0.0,Rhodotorula mucilaginosa,71.1261741340533,1.4990944733586995,15.0,0
322.0,5.0,Rhodotorula mucilaginosa,98.66256398618425,4.834081508350039,10.0,0
322.0,10.0,Rhodotorula mucilaginosa,41.92114641178985,9.751969937790879,10.0,0
322.0,25.0,Rhodotorula mucilaginosa,54.23314239260557,7.334183063760271,10.0,0
323.0,0.0,Rhodotorula sphaerocarpa,31.87849344728559,10.44755862585393,15.0,0
323.0,5.0,Rhodotorula sphaerocarpa,53.18250709884316,11.15832887558138,15.0,0
323.0,10.0,Rhodotorula sphaerocarpa,57.69191388839835,9.678407372045168,15.0,0
323.0,15.0,Rhodotorula sphaerocarpa,65.47969706347078,9.068082201814049,15.0,0
323.0,25.0,Rhodotorula sphaerocarpa,61.70730112202359,8.698654172993058,10.0,0
323.0,30.0,Rhodotorula sphaerocarpa,85.79540551872458,10.199509982651994,12.0,0
324.0,5.0,Rhodotorula diobovata,47.42168726747027,13.311444847863129,10.0,0
324.0,10.0,Rhodotorula diobovata,62.52723546116339,11.675285428997864,10.0,0
324.0,20.0,Rhodotorula diobovata,70.14399325914111,7.941291743845518,10.0,0
325.0,10.0,Rhodotorula paludigena,42.47870701706934,11.156820260345661,10.0,0
325.0,15.0,Rhodotorula paludigena,56.69985758368698,9.402983677465645,10.0,0
325.0,25.0,Rhodotorula paludigena,42.6805934250205,5.104032522348247,10.0,0
326.0,0.0,Rhodotorula araucariae,16.072579162290953,4.95995537100063,15.0,1
326.0,5.0,Rhodotorula araucariae,55.76923718431274,11.323126239873206,15.0,0
326.0,10.0,Rhodotorula araucariae,63.85271480305038,8.981435731403476,15.0,0
326.0,15.0,Rhodotorula araucariae,67.49726506218201,3.203719460125149,15.0,0
326.0,20.0,Rhodotorula araucariae,54.47020513152214,6.575839794105891,10.0,0
326.0,25.0,Rhodotorula araucariae,40.35105607954911,4.158737245971819,10.0,0
327.0,0.0,Rhodotorula evergladensis,20.681543022946318,11.650349336903195,20.0,1
327.0,5.0,Rhodotorula evergladensis,45.50661884539403,15.49707729202892,20.0,0
327.0,10.0,Rhodotorula evergladensis,39.92238256867865,14.2028869401813,15.0,0
327.0,15.0,Rhodotorula evergladensis,40.359133130629,13.155693877624618,20.0,0
327.0,20.0,Rhodotorula evergladensis,51.88987698568361,10.988917755502,17.0,0
327.0,25.0,Rhodotorula evergladensis,47.82100524962478,6.136230118695928,15.0,0
327.0,30.0,Rhodotorula evergladensis,49.60590397503281,9.879545902585914,17.0,0
334.0,0.0,Rhodotorula mucilaginosa,18.18111508491482,9.489531397487909,40.0,1
334.0,5.0,Rhodotorula mucilaginosa,48.412929279401354,14.235279925586662,40.0,0
334.0,10.0,Rhodotorula mucilaginosa,54.546287196616454,12.236085352037406,30.0,0
334.0,15.0,Rhodotorula mucilaginosa,57.29999000855543,11.728732699032433,35.0,0
334.0,20.0,Rhodotorula mucilaginosa,60.72749611637582,10.641844083658436,27.0,0
334.0,25.0,Rhodotorula mucilaginosa,52.0933810994639,8.247072778713292,22.0,0
334.0,30.0,Rhodotorula mucilaginosa,52.37337562502322,8.35286158207758,32.0,0
