strain_id,species,pace_loglog
1.0,Rhodotorula mucilaginosa,0.20309562447837928
1.0,Rhodotorula mucilaginosa,0.22775048231761008
1.0,Rhodotorula mucilaginosa,1.1529341772926713
1.0,Rhodotorula mucilaginosa,0.31440844243859684
1.0,Rhodotorula mucilaginosa,0.31440844243859684
1.0,Rhodotorula mucilaginosa,1.1529341772926713
1.0,Rhodotorula mucilaginosa,1.1529341772926713
1.0,Rhodotorula mucilaginosa,0.3255361842767197
1.0,Rhodotorula mucilaginosa,0.3248342223834143
1.0,Rhodotorula mucilaginosa,0.3065746022234017
1.0,Rhodotorula mucilaginosa,0.6457489870735194
1.0,Rhodotorula mucilaginosa,0.6457489870735194
1.0,Rhodotorula mucilaginosa,0.6457489870735194
1.0,Rhodotorula mucilaginosa,0.6457489870735194
1.0,Rhodotorula mucilaginosa,0.308867116052092
1.0,Rhodotorula mucilaginosa,0.3270728913043767
1.0,Rhodotorula mucilaginosa,0.4314876285698574
1.0,Rhodotorula mucilaginosa,0.4314876285698574
1.0,Rhodotorula mucilaginosa,0.4314876285698574
1.0,Rhodotorula mucilaginosa,0.4314876285698574
1.0,Rhodotorula mucilaginosa,0.4314876285698574
1.0,Rhodotorula mucilaginosa,0.27095705231436656
1.0,Rhodotorula mucilaginosa,0.2986031295307316
1.0,Rhodotorula mucilaginosa,0.2676642933489429
1.0,Rhodotorula mucilaginosa,0.2328756290864609
1.0,Rhodotorula mucilaginosa,0.6437960517026327
1.0,Rhodotorula mucilaginosa,0.6437960517026327
1.0,Rhodotorula mucilaginosa,0.6437960517026327
2.0,Rhodotorula mucilaginosa,0.19580813581867287
2.0,Rhodotorula mucilaginosa,0.21605874161387775
2.0,Rhodotorula mucilaginosa,0.9090712318950176
2.0,Rhodotorula mucilaginosa,0.9090712318950176
2.0,Rhodotorula mucilaginosa,0.9090712318950176
2.0,Rhodotorula mucilaginosa,0.9090712318950176
2.0,Rhodotorula mucilaginosa,0.1092143694030328
2.0,Rhodotorula mucilaginosa,0.33042854352083234
2.0,Rhodotorula mucilaginosa,0.44140989480169196
2.0,Rhodotorula mucilaginosa,0.44140989480169196
2.0,Rhodotorula mucilaginosa,0.43069880328157584
2.0,Rhodotorula mucilaginosa,0.4851953558666317
2.0,Rhodotorula mucilaginosa,0.779909283853161
2.0,Rhodotorula mucilaginosa,0.779909283853161
2.0,Rhodotorula mucilaginosa,0.779909283853161
2.0,Rhodotorula mucilaginosa,0.779909283853161
2.0,Rhodotorula mucilaginosa,0.779909283853161
2.0,Rhodotorula mucilaginosa,0.3020953286834498
2.0,Rhodotorula mucilaginosa,0.33807583899610333
2.0,Rhodotorula mucilaginosa,0.8929979587255035
2.0,Rhodotorula mucilaginosa,0.8929979587255035
2.0,Rhodotorula mucilaginosa,0.8929979587255035
2.0,Rhodotorula mucilaginosa,0.8929979587255035
2.0,Rhodotorula mucilaginosa,0.8929979587255035
3.0,Rhodotorula mucilaginosa,0.2392538126763111
3.0,Rhodotorula mucilaginosa,0.23609066922743685
3.0,Rhodotorula mucilaginosa,0.6064241374028062
3.0,Rhodotorula mucilaginosa,0.6064241374028062
3.0,Rhodotorula mucilaginosa,0.6064241374028062
3.0,Rhodotorula mucilaginosa,0.6064241374028062
3.0,Rhodotorula mucilaginosa,0.6064241374028062
3.0,Rhodotorula mucilaginosa,0.317017686395428
3.0,Rhodotorula mucilaginosa,-1.5588602688722042
3.0,Rhodotorula mucilaginosa,-1.5588602688722042
3.0,Rhodotorula mucilaginosa,-1.5588602688722042
3.0,Rhodotorula mucilaginosa,-1.5588602688722042
3.0,Rhodotorula mucilaginosa,-1.5588602688722042
3.0,Rhodotorula mucilaginosa,0.17527905539164568
3.0,Rhodotorula mucilaginosa,0.29830918640500753
3.0,Rhodotorula mucilaginosa,0.31516105833000974
3.0,Rhodotorula mucilaginosa,0.5212674903686161
3.0,Rhodotorula mucilaginosa,0.5419432531738929
3.0,Rhodotorula mucilaginosa,-0.18890074352206443
3.0,Rhodotorula mucilaginosa,-0.18890074352206443
3.0,Rhodotorula mucilaginosa,-0.18890074352206443
3.0,Rhodotorula mucilaginosa,-0.18890074352206443
3.0,Rhodotorula mucilaginosa,-0.18890074352206443
4.0,Rhodotorula mucilaginosa,0.3167370721540039
4.0,Rhodotorula mucilaginosa,0.37826361676605536
4.0,Rhodotorula mucilaginosa,0.7405579909223302
4.0,Rhodotorula mucilaginosa,0.7405579909223302
4.0,Rhodotorula mucilaginosa,0.7405579909223302
4.0,Rhodotorula mucilaginosa,0.7405579909223302
4.0,Rhodotorula mucilaginosa,0.7405579909223302
4.0,Rhodotorula mucilaginosa,0.26061190927918504
4.0,Rhodotorula mucilaginosa,0.2973536961077889
4.0,Rhodotorula mucilaginosa,1.4992971999298457
4.0,Rhodotorula mucilaginosa,1.4992971999298457
4.0,Rhodotorula mucilaginosa,1.4992971999298457
4.0,Rhodotorula mucilaginosa,1.4992971999298457
4.0,Rhodotorula mucilaginosa,1.4992971999298457
4.0,Rhodotorula mucilaginosa,0.3742238044583574
4.0,Rhodotorula mucilaginosa,0.33220582438647045
4.0,Rhodotorula mucilaginosa,0.5277426463981896
4.0,Rhodotorula mucilaginosa,0.5277426463981896
4.0,Rhodotorula mucilaginosa,0.5277426463981896
4.0,Rhodotorula mucilaginosa,0.5277426463981896
4.0,Rhodotorula mucilaginosa,0.5277426463981896
4.0,Rhodotorula mucilaginosa,0.44740657298527164
4.0,Rhodotorula mucilaginosa,0.45011914367511496
4.0,Rhodotorula mucilaginosa,0.7716252401583342
4.0,Rhodotorula mucilaginosa,0.7716252401583342
4.0,Rhodotorula mucilaginosa,0.7716252401583342
4.0,Rhodotorula mucilaginosa,0.7716252401583342
4.0,Rhodotorula mucilaginosa,0.7716252401583342
5.0,Rhodotorula mucilaginosa,0.22665346478956183
5.0,Rhodotorula mucilaginosa,0.22342765641862278
5.0,Rhodotorula mucilaginosa,0.9374520953784208
5.0,Rhodotorula mucilaginosa,0.9374520953784208
5.0,Rhodotorula mucilaginosa,0.9374520953784208
5.0,Rhodotorula mucilaginosa,0.9374520953784208
5.0,Rhodotorula mucilaginosa,0.9374520953784208
5.0,Rhodotorula mucilaginosa,0.2339261327414347
5.0,Rhodotorula mucilaginosa,0.22988505051060618
5.0,Rhodotorula mucilaginosa,0.13502733681625334
5.0,Rhodotorula mucilaginosa,0.13502733681625334
5.0,Rhodotorula mucilaginosa,0.13502733681625334
5.0,Rhodotorula mucilaginosa,0.13502733681625334
5.0,Rhodotorula mucilaginosa,0.13502733681625334
5.0,Rhodotorula mucilaginosa,0.35637077653726995
5.0,Rhodotorula mucilaginosa,0.35006168833569423
5.0,Rhodotorula mucilaginosa,0.2754332855835466
5.0,Rhodotorula mucilaginosa,0.3522933865012411
5.0,Rhodotorula mucilaginosa,-0.07866384311100232
5.0,Rhodotorula mucilaginosa,-0.07866384311100232
5.0,Rhodotorula mucilaginosa,-0.07866384311100232
5.0,Rhodotorula mucilaginosa,0.4022925004580607
5.0,Rhodotorula mucilaginosa,0.3110424086133304
5.0,Rhodotorula mucilaginosa,0.39921856198925376
5.0,Rhodotorula mucilaginosa,0.2477216992387633
5.0,Rhodotorula mucilaginosa,0.39921856198925376
5.0,Rhodotorula mucilaginosa,0.39921856198925376
5.0,Rhodotorula mucilaginosa,0.39921856198925376
6.0,Rhodotorula mucilaginosa,0.2201387047145989
6.0,Rhodotorula mucilaginosa,0.2201387047145989
6.0,Rhodotorula mucilaginosa,-0.908900418764316
6.0,Rhodotorula mucilaginosa,-0.908900418764316
6.0,Rhodotorula mucilaginosa,-0.908900418764316
6.0,Rhodotorula mucilaginosa,-0.908900418764316
6.0,Rhodotorula mucilaginosa,-0.908900418764316
6.0,Rhodotorula mucilaginosa,0.3328814795983376
6.0,Rhodotorula mucilaginosa,1.3980802240074628
6.0,Rhodotorula mucilaginosa,1.3980802240074628
6.0,Rhodotorula mucilaginosa,1.3980802240074628
6.0,Rhodotorula mucilaginosa,1.3980802240074628
6.0,Rhodotorula mucilaginosa,1.3980802240074628
6.0,Rhodotorula mucilaginosa,1.3980802240074628
6.0,Rhodotorula mucilaginosa,0.33574905270787925
6.0,Rhodotorula mucilaginosa,0.5466741913006593
6.0,Rhodotorula mucilaginosa,0.41551716933950156
6.0,Rhodotorula mucilaginosa,0.41551716933950156
6.0,Rhodotorula mucilaginosa,0.41551716933950156
6.0,Rhodotorula mucilaginosa,0.41551716933950156
6.0,Rhodotorula mucilaginosa,0.46702083809009687
6.0,Rhodotorula mucilaginosa,0.46702083809009687
6.0,Rhodotorula mucilaginosa,0.7478012707240019
6.0,Rhodotorula mucilaginosa,0.7478012707240019
6.0,Rhodotorula mucilaginosa,0.7478012707240019
6.0,Rhodotorula mucilaginosa,0.7478012707240019
6.0,Rhodotorula mucilaginosa,0.7478012707240019
7.0,Rhodotorula mucilaginosa,0.2946786101184068
7.0,Rhodotorula mucilaginosa,0.30090636732029563
7.0,Rhodotorula mucilaginosa,0.10035508884375337
7.0,Rhodotorula mucilaginosa,0.10035508884375337
7.0,Rhodotorula mucilaginosa,0.10035508884375337
7.0,Rhodotorula mucilaginosa,0.10035508884375337
7.0,Rhodotorula mucilaginosa,0.10035508884375337
7.0,Rhodotorula mucilaginosa,0.33967571874575225
7.0,Rhodotorula mucilaginosa,0.3474306000160818
7.0,Rhodotorula mucilaginosa,0.34207016604542895
7.0,Rhodotorula mucilaginosa,0.8923374136146748
7.0,Rhodotorula mucilaginosa,0.8923374136146748
7.0,Rhodotorula mucilaginosa,0.8923374136146748
7.0,Rhodotorula mucilaginosa,0.8923374136146748
7.0,Rhodotorula mucilaginosa,0.2680449890773581
7.0,Rhodotorula mucilaginosa,0.36326744629885555
7.0,Rhodotorula mucilaginosa,0.08585660509688588
7.0,Rhodotorula mucilaginosa,0.08585660509688588
7.0,Rhodotorula mucilaginosa,0.08585660509688588
7.0,Rhodotorula mucilaginosa,0.08585660509688588
7.0,Rhodotorula mucilaginosa,0.08585660509688588
7.0,Rhodotorula mucilaginosa,0.2970452956883184
7.0,Rhodotorula mucilaginosa,0.3079513290986011
7.0,Rhodotorula mucilaginosa,0.47409690886459416
7.0,Rhodotorula mucilaginosa,0.47409690886459416
7.0,Rhodotorula mucilaginosa,0.47409690886459416
7.0,Rhodotorula mucilaginosa,0.47409690886459416
7.0,Rhodotorula mucilaginosa,0.47409690886459416
8.0,Rhodotorula mucilaginosa,0.314113860260316
8.0,Rhodotorula mucilaginosa,0.314113860260316
8.0,Rhodotorula mucilaginosa,0.07412714932765413
8.0,Rhodotorula mucilaginosa,0.03626227143881363
8.0,Rhodotorula mucilaginosa,0.03626227143881363
8.0,Rhodotorula mucilaginosa,0.07412714932765413
8.0,Rhodotorula mucilaginosa,0.07412714932765413
8.0,Rhodotorula mucilaginosa,0.32408265515867923
8.0,Rhodotorula mucilaginosa,0.31586310902981063
8.0,Rhodotorula mucilaginosa,-0.497068988197184
8.0,Rhodotorula mucilaginosa,-0.497068988197184
8.0,Rhodotorula mucilaginosa,-0.497068988197184
8.0,Rhodotorula mucilaginosa,-0.497068988197184
8.0,Rhodotorula mucilaginosa,-0.497068988197184
8.0,Rhodotorula mucilaginosa,0.3458573936329964
8.0,Rhodotorula mucilaginosa,0.3458573936329964
8.0,Rhodotorula mucilaginosa,0.6450315816727038
8.0,Rhodotorula mucilaginosa,0.6450315816727038
8.0,Rhodotorula mucilaginosa,0.6450315816727038
8.0,Rhodotorula mucilaginosa,0.6450315816727038
8.0,Rhodotorula mucilaginosa,0.6450315816727038
8.0,Rhodotorula mucilaginosa,0.33830704554631524
8.0,Rhodotorula mucilaginosa,0.37605940480135014
8.0,Rhodotorula mucilaginosa,0.08803119163920023
8.0,Rhodotorula mucilaginosa,0.08803119163920023
8.0,Rhodotorula mucilaginosa,0.08803119163920023
8.0,Rhodotorula mucilaginosa,0.08803119163920023
8.0,Rhodotorula mucilaginosa,0.08803119163920023
9.0,Rhodotorula mucilaginosa,0.33097298125655583
9.0,Rhodotorula mucilaginosa,0.3367212922313601
9.0,Rhodotorula mucilaginosa,0.6962989095004687
9.0,Rhodotorula mucilaginosa,0.6962989095004687
9.0,Rhodotorula mucilaginosa,0.6226005503381417
9.0,Rhodotorula mucilaginosa,0.6962989095004687
9.0,Rhodotorula mucilaginosa,0.5796321519129845
9.0,Rhodotorula mucilaginosa,0.3704742755667264
9.0,Rhodotorula mucilaginosa,0.30938439921625066
9.0,Rhodotorula mucilaginosa,1.468932731826841
9.0,Rhodotorula mucilaginosa,1.468932731826841
9.0,Rhodotorula mucilaginosa,1.468932731826841
9.0,Rhodotorula mucilaginosa,1.468932731826841
9.0,Rhodotorula mucilaginosa,1.468932731826841
9.0,Rhodotorula mucilaginosa,0.37852989184938973
9.0,Rhodotorula mucilaginosa,0.42334831109628474
9.0,Rhodotorula mucilaginosa,0.3967485913383921
9.0,Rhodotorula mucilaginosa,0.9179285277099036
9.0,Rhodotorula mucilaginosa,0.9179285277099036
9.0,Rhodotorula mucilaginosa,0.9179285277099036
9.0,Rhodotorula mucilaginosa,0.9179285277099036
9.0,Rhodotorula mucilaginosa,0.4370382476391069
9.0,Rhodotorula mucilaginosa,0.4128284587541903
9.0,Rhodotorula mucilaginosa,0.4845691569593089
9.0,Rhodotorula mucilaginosa,0.4845691569593089
9.0,Rhodotorula mucilaginosa,0.4845691569593089
9.0,Rhodotorula mucilaginosa,0.4845691569593089
9.0,Rhodotorula mucilaginosa,0.4845691569593089
10.0,Rhodotorula sphaerocarpa,0.5331242008185659
10.0,Rhodotorula sphaerocarpa,0.5331242008185659
10.0,Rhodotorula sphaerocarpa,0.39581484474739637
10.0,Rhodotorula sphaerocarpa,0.39581484474739637
10.0,Rhodotorula sphaerocarpa,0.2347477665721765
10.0,Rhodotorula sphaerocarpa,0.2347477665721765
10.0,Rhodotorula sphaerocarpa,0.2347477665721765
10.0,Rhodotorula sphaerocarpa,0.4000341655847461
10.0,Rhodotorula sphaerocarpa,0.32311886952022306
10.0,Rhodotorula sphaerocarpa,0.6868757556087015
10.0,Rhodotorula sphaerocarpa,0.6868757556087015
10.0,Rhodotorula sphaerocarpa,0.6868757556087015
10.0,Rhodotorula sphaerocarpa,0.6868757556087015
10.0,Rhodotorula sphaerocarpa,0.6868757556087015
11.0,Rhodotorula mucilaginosa,0.3284306669505133
11.0,Rhodotorula mucilaginosa,0.278591651896917
11.0,Rhodotorula mucilaginosa,0.6979122821371417
11.0,Rhodotorula mucilaginosa,0.6979122821371417
11.0,Rhodotorula mucilaginosa,0.6979122821371417
11.0,Rhodotorula mucilaginosa,0.6979122821371417
11.0,Rhodotorula mucilaginosa,0.6979122821371417
11.0,Rhodotorula mucilaginosa,0.3770151853067896
11.0,Rhodotorula mucilaginosa,0.36799352826686255
11.0,Rhodotorula mucilaginosa,0.5085629160320292
11.0,Rhodotorula mucilaginosa,0.5085629160320292
11.0,Rhodotorula mucilaginosa,0.46929044360529487
11.0,Rhodotorula mucilaginosa,0.46929044360529487
11.0,Rhodotorula mucilaginosa,0.46929044360529487
11.0,Rhodotorula mucilaginosa,0.3568345667985982
11.0,Rhodotorula mucilaginosa,0.42556152047436935
11.0,Rhodotorula mucilaginosa,0.41471293199499176
11.0,Rhodotorula mucilaginosa,0.44611003023483464
11.0,Rhodotorula mucilaginosa,0.675879811570215
11.0,Rhodotorula mucilaginosa,0.675879811570215
11.0,Rhodotorula mucilaginosa,0.675879811570215
11.0,Rhodotorula mucilaginosa,0.675879811570215
12.0,Rhodotorula mucilaginosa,0.26891286254791485
12.0,Rhodotorula mucilaginosa,0.31889144052954727
12.0,Rhodotorula mucilaginosa,1.280009920276135
12.0,Rhodotorula mucilaginosa,1.280009920276135
12.0,Rhodotorula mucilaginosa,1.280009920276135
12.0,Rhodotorula mucilaginosa,1.280009920276135
12.0,Rhodotorula mucilaginosa,1.280009920276135
12.0,Rhodotorula mucilaginosa,0.32230707676279746
12.0,Rhodotorula mucilaginosa,0.3436801474398523
12.0,Rhodotorula mucilaginosa,0.4749705516297427
12.0,Rhodotorula mucilaginosa,0.4749705516297427
12.0,Rhodotorula mucilaginosa,0.4749705516297427
12.0,Rhodotorula mucilaginosa,0.4749705516297427
12.0,Rhodotorula mucilaginosa,0.4749705516297427
12.0,Rhodotorula mucilaginosa,0.340030870905284
12.0,Rhodotorula mucilaginosa,0.340030870905284
12.0,Rhodotorula mucilaginosa,0.7456165840433598
12.0,Rhodotorula mucilaginosa,0.7456165840433598
12.0,Rhodotorula mucilaginosa,0.7456165840433598
12.0,Rhodotorula mucilaginosa,0.7456165840433598
12.0,Rhodotorula mucilaginosa,0.7456165840433598
12.0,Rhodotorula mucilaginosa,0.2025327362047805
12.0,Rhodotorula mucilaginosa,0.31217564551259525
13.0,Rhodotorula mucilaginosa,0.3695423368043109
13.0,Rhodotorula mucilaginosa,0.3695423368043109
13.0,Rhodotorula mucilaginosa,0.8931495763210302
13.0,Rhodotorula mucilaginosa,0.5089599404991125
13.0,Rhodotorula mucilaginosa,0.8931495763210302
13.0,Rhodotorula mucilaginosa,0.8931495763210302
13.0,Rhodotorula mucilaginosa,0.8931495763210302
13.0,Rhodotorula mucilaginosa,0.34141565678128405
13.0,Rhodotorula mucilaginosa,0.41312146886421347
13.0,Rhodotorula mucilaginosa,0.33470921872068937
13.0,Rhodotorula mucilaginosa,0.33414660618421577
13.0,Rhodotorula mucilaginosa,0.3262106311446486
13.0,Rhodotorula mucilaginosa,0.9600139752627009
13.0,Rhodotorula mucilaginosa,0.9600139752627009
13.0,Rhodotorula mucilaginosa,0.9600139752627009
13.0,Rhodotorula mucilaginosa,0.9600139752627009
13.0,Rhodotorula mucilaginosa,0.9600139752627009
14.0,Rhodotorula mucilaginosa,0.2861481127824569
14.0,Rhodotorula mucilaginosa,0.3363467649295797
14.0,Rhodotorula mucilaginosa,0.39055022217378116
14.0,Rhodotorula mucilaginosa,0.39055022217378116
14.0,Rhodotorula mucilaginosa,0.39055022217378116
14.0,Rhodotorula mucilaginosa,0.39055022217378116
14.0,Rhodotorula mucilaginosa,0.2441375526268355
14.0,Rhodotorula mucilaginosa,0.4003851223487663
14.0,Rhodotorula mucilaginosa,0.4003851223487663
14.0,Rhodotorula mucilaginosa,0.29566813977663847
14.0,Rhodotorula mucilaginosa,0.29566813977663847
14.0,Rhodotorula mucilaginosa,0.29566813977663847
14.0,Rhodotorula mucilaginosa,0.29566813977663847
14.0,Rhodotorula mucilaginosa,0.29566813977663847
14.0,Rhodotorula mucilaginosa,0.3189418722908843
14.0,Rhodotorula mucilaginosa,0.31342818823894414
14.0,Rhodotorula mucilaginosa,0.7218323273053114
14.0,Rhodotorula mucilaginosa,0.7218323273053114
14.0,Rhodotorula mucilaginosa,0.7218323273053114
14.0,Rhodotorula mucilaginosa,0.7218323273053114
14.0,Rhodotorula mucilaginosa,0.7218323273053114
15.0,Rhodotorula mucilaginosa,0.1842749852221108
15.0,Rhodotorula mucilaginosa,0.21831856328484894
15.0,Rhodotorula mucilaginosa,0.24945326329041184
15.0,Rhodotorula mucilaginosa,0.30130220395172236
15.0,Rhodotorula mucilaginosa,0.40493031608006685
15.0,Rhodotorula mucilaginosa,0.4921396861638144
15.0,Rhodotorula mucilaginosa,0.4921396861638144
15.0,Rhodotorula mucilaginosa,0.4921396861638144
15.0,Rhodotorula mucilaginosa,0.4921396861638144
15.0,Rhodotorula mucilaginosa,0.4921396861638144
15.0,Rhodotorula mucilaginosa,0.3060718215874452
15.0,Rhodotorula mucilaginosa,0.3464469752265743
15.0,Rhodotorula mucilaginosa,0.3464469752265743
15.0,Rhodotorula mucilaginosa,0.575656082180115
15.0,Rhodotorula mucilaginosa,0.575656082180115
15.0,Rhodotorula mucilaginosa,0.575656082180115
15.0,Rhodotorula mucilaginosa,0.575656082180115
15.0,Rhodotorula mucilaginosa,0.4693905204239011
15.0,Rhodotorula mucilaginosa,0.42644228947848967
15.0,Rhodotorula mucilaginosa,1.0443484560692875
15.0,Rhodotorula mucilaginosa,1.0443484560692875
15.0,Rhodotorula mucilaginosa,1.0443484560692875
15.0,Rhodotorula mucilaginosa,1.0443484560692875
15.0,Rhodotorula mucilaginosa,1.0443484560692875
16.0,Rhodotorula sp. clade XI,0.29683496595910497
16.0,Rhodotorula sp. clade XI,0.29683496595910497
16.0,Rhodotorula sp. clade XI,0.9847588574941498
16.0,Rhodotorula sp. clade XI,0.9847588574941498
16.0,Rhodotorula sp. clade XI,0.21054116193113145
16.0,Rhodotorula sp. clade XI,0.9847588574941498
16.0,Rhodotorula sp. clade XI,0.9847588574941498
16.0,Rhodotorula sp. clade XI,0.27126208672001184
16.0,Rhodotorula sp. clade XI,0.37947450672384514
16.0,Rhodotorula sp. clade XI,0.10368408100621389
16.0,Rhodotorula sp. clade XI,0.37947450672384514
16.0,Rhodotorula sp. clade XI,0.37947450672384514
16.0,Rhodotorula sp. clade XI,0.37947450672384514
16.0,Rhodotorula sp. clade XI,0.28575526391891615
16.0,Rhodotorula sp. clade XI,0.31671344659607753
16.0,Rhodotorula sp. clade XI,0.8275592257221369
16.0,Rhodotorula sp. clade XI,0.8275592257221369
16.0,Rhodotorula sp. clade XI,0.8275592257221369
16.0,Rhodotorula sp. clade XI,0.8275592257221369
16.0,Rhodotorula sp. clade XI,0.8275592257221369
16.0,Rhodotorula sp. clade XI,0.2973880237878109
16.0,Rhodotorula sp. clade XI,0.31052712763913726
16.0,Rhodotorula sp. clade XI,0.15128915442748606
16.0,Rhodotorula sp. clade XI,0.5825810182230949
16.0,Rhodotorula sp. clade XI,0.15128915442748606
16.0,Rhodotorula sp. clade XI,0.15128915442748606
16.0,Rhodotorula sp. clade XI,0.15128915442748606
17.0,Rhodotorula diobovata,0.2843962165318737
17.0,Rhodotorula diobovata,0.3022916455080933
17.0,Rhodotorula diobovata,0.5958151990884079
17.0,Rhodotorula diobovata,0.5958151990884079
17.0,Rhodotorula diobovata,0.5958151990884079
17.0,Rhodotorula diobovata,0.5958151990884079
17.0,Rhodotorula diobovata,0.5958151990884079
17.0,Rhodotorula diobovata,0.4055177490262914
17.0,Rhodotorula diobovata,0.3836116728305031
17.0,Rhodotorula diobovata,0.3137744639909947
17.0,Rhodotorula diobovata,0.3137744639909947
17.0,Rhodotorula diobovata,0.3137744639909947
17.0,Rhodotorula diobovata,0.3137744639909947
17.0,Rhodotorula diobovata,0.3137744639909947
17.0,Rhodotorula diobovata,0.30455125915088754
17.0,Rhodotorula diobovata,0.28843477653451555
17.0,Rhodotorula diobovata,0.20122934319486135
17.0,Rhodotorula diobovata,0.20122934319486135
17.0,Rhodotorula diobovata,0.20122934319486135
17.0,Rhodotorula diobovata,0.20122934319486135
17.0,Rhodotorula diobovata,0.20122934319486135
17.0,Rhodotorula diobovata,0.418923336468885
17.0,Rhodotorula diobovata,0.418923336468885
17.0,Rhodotorula diobovata,0.14151858338388082
17.0,Rhodotorula diobovata,0.14151858338388082
17.0,Rhodotorula diobovata,0.14151858338388082
17.0,Rhodotorula diobovata,0.14151858338388082
17.0,Rhodotorula diobovata,0.7138841799184198
18.0,Rhodotorula mucilaginosa,0.3826846076104701
18.0,Rhodotorula mucilaginosa,0.18334381316516524
18.0,Rhodotorula mucilaginosa,0.18334381316516524
18.0,Rhodotorula mucilaginosa,0.18334381316516524
18.0,Rhodotorula mucilaginosa,0.18334381316516524
18.0,Rhodotorula mucilaginosa,0.18334381316516524
18.0,Rhodotorula mucilaginosa,0.27695237200909817
18.0,Rhodotorula mucilaginosa,0.25093624036559153
18.0,Rhodotorula mucilaginosa,0.7321577685331434
18.0,Rhodotorula mucilaginosa,0.7321577685331434
18.0,Rhodotorula mucilaginosa,0.7321577685331434
18.0,Rhodotorula mucilaginosa,0.7321577685331434
18.0,Rhodotorula mucilaginosa,0.7321577685331434
18.0,Rhodotorula mucilaginosa,0.297220935540278
18.0,Rhodotorula mucilaginosa,0.28607426807955516
18.0,Rhodotorula mucilaginosa,0.5187549517584003
18.0,Rhodotorula mucilaginosa,0.1215612012403348
18.0,Rhodotorula mucilaginosa,0.5187549517584003
18.0,Rhodotorula mucilaginosa,0.5187549517584003
18.0,Rhodotorula mucilaginosa,0.5187549517584003
18.0,Rhodotorula mucilaginosa,0.3316792830679163
18.0,Rhodotorula mucilaginosa,0.31743339766277195
18.0,Rhodotorula mucilaginosa,1.86120476265881
18.0,Rhodotorula mucilaginosa,1.86120476265881
18.0,Rhodotorula mucilaginosa,1.86120476265881
18.0,Rhodotorula mucilaginosa,1.86120476265881
18.0,Rhodotorula mucilaginosa,1.86120476265881
19.0,Rhodotorula mucilaginosa,0.318635822453794
19.0,Rhodotorula mucilaginosa,0.3528632383190356
19.0,Rhodotorula mucilaginosa,0.632928277265346
19.0,Rhodotorula mucilaginosa,0.632928277265346
19.0,Rhodotorula mucilaginosa,0.632928277265346
19.0,Rhodotorula mucilaginosa,0.632928277265346
19.0,Rhodotorula mucilaginosa,0.632928277265346
19.0,Rhodotorula mucilaginosa,0.28699166305892987
19.0,Rhodotorula mucilaginosa,0.3049187904588674
19.0,Rhodotorula mucilaginosa,0.4904543553029298
19.0,Rhodotorula mucilaginosa,0.4904543553029298
19.0,Rhodotorula mucilaginosa,0.4904543553029298
19.0,Rhodotorula mucilaginosa,0.4904543553029298
19.0,Rhodotorula mucilaginosa,0.4904543553029298
19.0,Rhodotorula mucilaginosa,0.3416385493388109
19.0,Rhodotorula mucilaginosa,0.3074854701542668
19.0,Rhodotorula mucilaginosa,1.2577253214331936
19.0,Rhodotorula mucilaginosa,1.2577253214331936
19.0,Rhodotorula mucilaginosa,1.2577253214331936
19.0,Rhodotorula mucilaginosa,1.2577253214331936
19.0,Rhodotorula mucilaginosa,1.2577253214331936
19.0,Rhodotorula mucilaginosa,0.3427350195680114
19.0,Rhodotorula mucilaginosa,0.3457628791718278
19.0,Rhodotorula mucilaginosa,0.2451529298926078
19.0,Rhodotorula mucilaginosa,0.15554567313493764
19.0,Rhodotorula mucilaginosa,0.2451529298926078
19.0,Rhodotorula mucilaginosa,0.2451529298926078
19.0,Rhodotorula mucilaginosa,0.2451529298926078
20.0,Rhodotorula mucilaginosa,0.4014317322769045
20.0,Rhodotorula mucilaginosa,0.4014317322769045
20.0,Rhodotorula mucilaginosa,0.7449010753390387
20.0,Rhodotorula mucilaginosa,0.7449010753390387
20.0,Rhodotorula mucilaginosa,0.7449010753390387
20.0,Rhodotorula mucilaginosa,0.7449010753390387
20.0,Rhodotorula mucilaginosa,0.7449010753390387
20.0,Rhodotorula mucilaginosa,0.4462110148407881
20.0,Rhodotorula mucilaginosa,0.4457740618706665
20.0,Rhodotorula mucilaginosa,0.6671633098010593
20.0,Rhodotorula mucilaginosa,0.2709300011720581
20.0,Rhodotorula mucilaginosa,1.1140000140013757
20.0,Rhodotorula mucilaginosa,1.1140000140013757
20.0,Rhodotorula mucilaginosa,1.1140000140013757
20.0,Rhodotorula mucilaginosa,1.1140000140013757
20.0,Rhodotorula mucilaginosa,1.1140000140013757
20.0,Rhodotorula mucilaginosa,-0.016453242677848038
20.0,Rhodotorula mucilaginosa,-0.016453242677848038
20.0,Rhodotorula mucilaginosa,-0.016453242677848038
21.0,Rhodotorula mucilaginosa,0.29673913567448923
21.0,Rhodotorula mucilaginosa,0.3160125719877465
21.0,Rhodotorula mucilaginosa,0.8958722475534213
21.0,Rhodotorula mucilaginosa,0.8958722475534213
21.0,Rhodotorula mucilaginosa,0.8958722475534213
21.0,Rhodotorula mucilaginosa,0.8958722475534213
21.0,Rhodotorula mucilaginosa,0.8958722475534213
21.0,Rhodotorula mucilaginosa,0.3372702236051606
21.0,Rhodotorula mucilaginosa,0.32969242502698287
21.0,Rhodotorula mucilaginosa,1.1650894302436843
21.0,Rhodotorula mucilaginosa,1.1650894302436843
21.0,Rhodotorula mucilaginosa,1.1650894302436843
21.0,Rhodotorula mucilaginosa,1.1650894302436843
21.0,Rhodotorula mucilaginosa,0.39139700395656557
21.0,Rhodotorula mucilaginosa,0.35259261605174874
21.0,Rhodotorula mucilaginosa,0.47023928189642866
22.0,Rhodotorula mucilaginosa,0.31955368185841354
22.0,Rhodotorula mucilaginosa,0.25375265702030536
22.0,Rhodotorula mucilaginosa,0.2192082533341878
22.0,Rhodotorula mucilaginosa,0.03739848721674871
22.0,Rhodotorula mucilaginosa,0.03739848721674871
22.0,Rhodotorula mucilaginosa,0.2192082533341878
22.0,Rhodotorula mucilaginosa,0.2192082533341878
22.0,Rhodotorula mucilaginosa,0.32448422097726043
22.0,Rhodotorula mucilaginosa,0.36192117357601233
22.0,Rhodotorula mucilaginosa,0.6730534814342033
22.0,Rhodotorula mucilaginosa,0.6730534814342033
22.0,Rhodotorula mucilaginosa,0.6730534814342033
22.0,Rhodotorula mucilaginosa,0.6730534814342033
22.0,Rhodotorula mucilaginosa,0.6730534814342033
22.0,Rhodotorula mucilaginosa,0.30910106082805183
22.0,Rhodotorula mucilaginosa,0.30726974321828704
22.0,Rhodotorula mucilaginosa,-0.48414081464923125
22.0,Rhodotorula mucilaginosa,-0.48414081464923125
22.0,Rhodotorula mucilaginosa,-0.48414081464923125
22.0,Rhodotorula mucilaginosa,-0.48414081464923125
22.0,Rhodotorula mucilaginosa,-0.48414081464923125
22.0,Rhodotorula mucilaginosa,0.49461148910800595
22.0,Rhodotorula mucilaginosa,-0.524463499278976
22.0,Rhodotorula mucilaginosa,-0.524463499278976
22.0,Rhodotorula mucilaginosa,-0.524463499278976
22.0,Rhodotorula mucilaginosa,-0.524463499278976
22.0,Rhodotorula mucilaginosa,-0.524463499278976
23.0,Rhodotorula mucilaginosa,0.08012079614594748
23.0,Rhodotorula mucilaginosa,0.08012079614594748
23.0,Rhodotorula mucilaginosa,0.08012079614594748
23.0,Rhodotorula mucilaginosa,0.08012079614594748
23.0,Rhodotorula mucilaginosa,0.08012079614594748
23.0,Rhodotorula mucilaginosa,0.36882207673547607
23.0,Rhodotorula mucilaginosa,0.38413620930945785
23.0,Rhodotorula mucilaginosa,1.1090067373446888
23.0,Rhodotorula mucilaginosa,1.1090067373446888
23.0,Rhodotorula mucilaginosa,1.1090067373446888
23.0,Rhodotorula mucilaginosa,1.1090067373446888
23.0,Rhodotorula mucilaginosa,1.1090067373446888
24.0,Rhodotorula mucilaginosa,0.31032390821732947
24.0,Rhodotorula mucilaginosa,0.2704520739108939
24.0,Rhodotorula mucilaginosa,0.7475700539596303
24.0,Rhodotorula mucilaginosa,0.7475700539596303
24.0,Rhodotorula mucilaginosa,0.7475700539596303
24.0,Rhodotorula mucilaginosa,0.7475700539596303
24.0,Rhodotorula mucilaginosa,0.7475700539596303
24.0,Rhodotorula mucilaginosa,0.3615377173101757
24.0,Rhodotorula mucilaginosa,0.2710439241100561
24.0,Rhodotorula mucilaginosa,-0.244036283810516
24.0,Rhodotorula mucilaginosa,-0.244036283810516
24.0,Rhodotorula mucilaginosa,-0.244036283810516
24.0,Rhodotorula mucilaginosa,-0.244036283810516
24.0,Rhodotorula mucilaginosa,-0.244036283810516
24.0,Rhodotorula mucilaginosa,0.32447356038719016
24.0,Rhodotorula mucilaginosa,0.32447356038719016
24.0,Rhodotorula mucilaginosa,0.6649230056736738
24.0,Rhodotorula mucilaginosa,0.6649230056736738
24.0,Rhodotorula mucilaginosa,0.6649230056736738
24.0,Rhodotorula mucilaginosa,0.6649230056736738
24.0,Rhodotorula mucilaginosa,0.6649230056736738
24.0,Rhodotorula mucilaginosa,0.37796156694504984
24.0,Rhodotorula mucilaginosa,0.399289867308709
24.0,Rhodotorula mucilaginosa,0.3720961588030613
24.0,Rhodotorula mucilaginosa,0.5424732085917296
24.0,Rhodotorula mucilaginosa,0.5424732085917296
24.0,Rhodotorula mucilaginosa,0.5424732085917296
24.0,Rhodotorula mucilaginosa,0.5424732085917296
25.0,Rhodotorula mucilaginosa,0.4152514196753199
25.0,Rhodotorula mucilaginosa,0.4152514196753199
25.0,Rhodotorula mucilaginosa,0.381064433588194
25.0,Rhodotorula mucilaginosa,1.179786666954346
25.0,Rhodotorula mucilaginosa,1.179786666954346
25.0,Rhodotorula mucilaginosa,1.179786666954346
25.0,Rhodotorula mucilaginosa,0.292071402523004
25.0,Rhodotorula mucilaginosa,0.3034441892102443
25.0,Rhodotorula mucilaginosa,0.7891081555602257
25.0,Rhodotorula mucilaginosa,0.7891081555602257
25.0,Rhodotorula mucilaginosa,0.7891081555602257
25.0,Rhodotorula mucilaginosa,0.7891081555602257
25.0,Rhodotorula mucilaginosa,0.24094297025265687
25.0,Rhodotorula mucilaginosa,-0.43964654026410954
25.0,Rhodotorula mucilaginosa,-0.43964654026410954
25.0,Rhodotorula mucilaginosa,-0.43964654026410954
25.0,Rhodotorula mucilaginosa,-0.43964654026410954
25.0,Rhodotorula mucilaginosa,0.32006017001852904
25.0,Rhodotorula mucilaginosa,0.3556646316299183
25.0,Rhodotorula mucilaginosa,1.4031992638223902
25.0,Rhodotorula mucilaginosa,1.4031992638223902
25.0,Rhodotorula mucilaginosa,1.4031992638223902
25.0,Rhodotorula mucilaginosa,1.1555291674385142
25.0,Rhodotorula mucilaginosa,1.4031992638223902
26.0,Rhodotorula mucilaginosa,0.32768067062296974
26.0,Rhodotorula mucilaginosa,0.3495738375464683
26.0,Rhodotorula mucilaginosa,0.5454039652868863
26.0,Rhodotorula mucilaginosa,0.5454039652868863
26.0,Rhodotorula mucilaginosa,0.5454039652868863
26.0,Rhodotorula mucilaginosa,0.5454039652868863
26.0,Rhodotorula mucilaginosa,0.5454039652868863
26.0,Rhodotorula mucilaginosa,0.3009799047269075
26.0,Rhodotorula mucilaginosa,0.3009799047269075
26.0,Rhodotorula mucilaginosa,0.9886310371202108
26.0,Rhodotorula mucilaginosa,0.9886310371202108
26.0,Rhodotorula mucilaginosa,0.9886310371202108
26.0,Rhodotorula mucilaginosa,0.9886310371202108
26.0,Rhodotorula mucilaginosa,0.9886310371202108
26.0,Rhodotorula mucilaginosa,0.25105879286156896
26.0,Rhodotorula mucilaginosa,0.25105879286156896
26.0,Rhodotorula mucilaginosa,2.85005282500833
26.0,Rhodotorula mucilaginosa,2.85005282500833
26.0,Rhodotorula mucilaginosa,2.85005282500833
26.0,Rhodotorula mucilaginosa,2.85005282500833
26.0,Rhodotorula mucilaginosa,2.85005282500833
26.0,Rhodotorula mucilaginosa,0.37918113864601005
26.0,Rhodotorula mucilaginosa,0.3782073525602049
26.0,Rhodotorula mucilaginosa,0.37918113864601005
26.0,Rhodotorula mucilaginosa,1.0305605084883611
26.0,Rhodotorula mucilaginosa,1.0305605084883611
26.0,Rhodotorula mucilaginosa,1.0305605084883611
26.0,Rhodotorula mucilaginosa,1.0305605084883611
27.0,Rhodotorula mucilaginosa,0.31512343878878213
27.0,Rhodotorula mucilaginosa,0.33943021874037743
27.0,Rhodotorula mucilaginosa,0.8797862099729848
27.0,Rhodotorula mucilaginosa,0.8797862099729848
27.0,Rhodotorula mucilaginosa,0.8797862099729848
27.0,Rhodotorula mucilaginosa,0.8797862099729848
27.0,Rhodotorula mucilaginosa,0.8797862099729848
27.0,Rhodotorula mucilaginosa,0.2504980333499045
27.0,Rhodotorula mucilaginosa,0.3203946880185643
27.0,Rhodotorula mucilaginosa,0.4781131592529968
27.0,Rhodotorula mucilaginosa,0.4781131592529968
27.0,Rhodotorula mucilaginosa,0.4781131592529968
27.0,Rhodotorula mucilaginosa,0.4781131592529968
27.0,Rhodotorula mucilaginosa,0.4781131592529968
27.0,Rhodotorula mucilaginosa,0.33677732030079316
27.0,Rhodotorula mucilaginosa,0.4104302082498036
27.0,Rhodotorula mucilaginosa,0.3547706181953928
27.0,Rhodotorula mucilaginosa,0.43731802239564815
27.0,Rhodotorula mucilaginosa,0.8052805429367181
27.0,Rhodotorula mucilaginosa,0.8052805429367181
27.0,Rhodotorula mucilaginosa,0.8052805429367181
27.0,Rhodotorula mucilaginosa,0.8052805429367181
27.0,Rhodotorula mucilaginosa,0.8052805429367181
28.0,Rhodotorula pacifica,0.23376904307307977
28.0,Rhodotorula pacifica,-0.01033878836059515
28.0,Rhodotorula pacifica,-0.01033878836059515
28.0,Rhodotorula pacifica,-0.01033878836059515
28.0,Rhodotorula pacifica,-0.01033878836059515
28.0,Rhodotorula pacifica,-0.01033878836059515
28.0,Rhodotorula pacifica,0.33957244060305364
28.0,Rhodotorula pacifica,0.3177251006209106
28.0,Rhodotorula pacifica,0.4132168579554755
28.0,Rhodotorula pacifica,0.4132168579554755
28.0,Rhodotorula pacifica,0.4132168579554755
28.0,Rhodotorula pacifica,0.4132168579554755
28.0,Rhodotorula pacifica,0.4132168579554755
28.0,Rhodotorula pacifica,0.34491645972980933
28.0,Rhodotorula pacifica,0.3562150414766537
28.0,Rhodotorula pacifica,0.2149278446609324
28.0,Rhodotorula pacifica,0.2149278446609324
28.0,Rhodotorula pacifica,0.2149278446609324
28.0,Rhodotorula pacifica,0.2149278446609324
28.0,Rhodotorula pacifica,0.2149278446609324
29.0,Rhodotorula mucilaginosa,0.11702064189692951
29.0,Rhodotorula mucilaginosa,0.11702064189692951
29.0,Rhodotorula mucilaginosa,0.11702064189692951
29.0,Rhodotorula mucilaginosa,0.11702064189692951
29.0,Rhodotorula mucilaginosa,0.11702064189692951
29.0,Rhodotorula mucilaginosa,0.18635583783319293
29.0,Rhodotorula mucilaginosa,0.28447891764368394
29.0,Rhodotorula mucilaginosa,0.32101098360026176
29.0,Rhodotorula mucilaginosa,0.34981645547722795
29.0,Rhodotorula mucilaginosa,1.9342701808785407
29.0,Rhodotorula mucilaginosa,1.9342701808785407
29.0,Rhodotorula mucilaginosa,1.9342701808785407
29.0,Rhodotorula mucilaginosa,1.9342701808785407
29.0,Rhodotorula mucilaginosa,1.9342701808785407
29.0,Rhodotorula mucilaginosa,-0.46975943765542055
29.0,Rhodotorula mucilaginosa,-0.46975943765542055
29.0,Rhodotorula mucilaginosa,-0.46975943765542055
29.0,Rhodotorula mucilaginosa,-0.46975943765542055
29.0,Rhodotorula mucilaginosa,-0.46975943765542055
30.0,Rhodotorula mucilaginosa,0.39814139534505916
30.0,Rhodotorula mucilaginosa,0.33121583858915654
30.0,Rhodotorula mucilaginosa,0.5064254643844552
30.0,Rhodotorula mucilaginosa,0.5064254643844552
30.0,Rhodotorula mucilaginosa,0.5064254643844552
30.0,Rhodotorula mucilaginosa,0.5064254643844552
30.0,Rhodotorula mucilaginosa,0.5064254643844552
30.0,Rhodotorula mucilaginosa,0.48589148251719216
30.0,Rhodotorula mucilaginosa,0.48589148251719216
30.0,Rhodotorula mucilaginosa,0.6766102907332002
30.0,Rhodotorula mucilaginosa,0.6766102907332002
30.0,Rhodotorula mucilaginosa,0.6766102907332002
30.0,Rhodotorula mucilaginosa,0.6766102907332002
30.0,Rhodotorula mucilaginosa,0.6766102907332002
30.0,Rhodotorula mucilaginosa,0.2826929975064373
30.0,Rhodotorula mucilaginosa,0.2982320909293658
30.0,Rhodotorula mucilaginosa,0.02654420240657137
30.0,Rhodotorula mucilaginosa,0.02654420240657137
30.0,Rhodotorula mucilaginosa,0.02654420240657137
30.0,Rhodotorula mucilaginosa,0.02654420240657137
30.0,Rhodotorula mucilaginosa,0.040191755478597484
30.0,Rhodotorula mucilaginosa,0.3580061615869381
30.0,Rhodotorula mucilaginosa,0.35840883813114655
30.0,Rhodotorula mucilaginosa,1.217315056692891
30.0,Rhodotorula mucilaginosa,1.217315056692891
30.0,Rhodotorula mucilaginosa,0.35399532638127634
30.0,Rhodotorula mucilaginosa,1.217315056692891
31.0,Rhodotorula mucilaginosa,0.3704047424417933
31.0,Rhodotorula mucilaginosa,0.3305746783788248
31.0,Rhodotorula mucilaginosa,0.4346389787624433
31.0,Rhodotorula mucilaginosa,0.4346389787624433
31.0,Rhodotorula mucilaginosa,0.4346389787624433
31.0,Rhodotorula mucilaginosa,0.4346389787624433
31.0,Rhodotorula mucilaginosa,0.4346389787624433
31.0,Rhodotorula mucilaginosa,0.24537720088725098
31.0,Rhodotorula mucilaginosa,0.34456406854312216
31.0,Rhodotorula mucilaginosa,0.34296094121465703
31.0,Rhodotorula mucilaginosa,0.36195162153463445
31.0,Rhodotorula mucilaginosa,0.36195162153463445
31.0,Rhodotorula mucilaginosa,0.36195162153463445
31.0,Rhodotorula mucilaginosa,0.36195162153463445
31.0,Rhodotorula mucilaginosa,0.36195162153463445
31.0,Rhodotorula mucilaginosa,0.47764347548278213
31.0,Rhodotorula mucilaginosa,0.3474312387584547
31.0,Rhodotorula mucilaginosa,0.5696943995779574
32.0,Rhodotorula mucilaginosa,0.31093394554473625
32.0,Rhodotorula mucilaginosa,0.2743723633626465
32.0,Rhodotorula mucilaginosa,0.2369858400223153
32.0,Rhodotorula mucilaginosa,0.13125313317892504
32.0,Rhodotorula mucilaginosa,0.2369858400223153
32.0,Rhodotorula mucilaginosa,0.2369858400223153
32.0,Rhodotorula mucilaginosa,0.2369858400223153
32.0,Rhodotorula mucilaginosa,0.3720676963161138
32.0,Rhodotorula mucilaginosa,0.43179014351446227
32.0,Rhodotorula mucilaginosa,0.33761070724721826
32.0,Rhodotorula mucilaginosa,0.765383402679218
32.0,Rhodotorula mucilaginosa,0.765383402679218
32.0,Rhodotorula mucilaginosa,0.765383402679218
32.0,Rhodotorula mucilaginosa,0.765383402679218
32.0,Rhodotorula mucilaginosa,0.37347575764160784
32.0,Rhodotorula mucilaginosa,0.42122435252900436
32.0,Rhodotorula mucilaginosa,0.32849855360584823
32.0,Rhodotorula mucilaginosa,0.32849855360584823
32.0,Rhodotorula mucilaginosa,0.32849855360584823
32.0,Rhodotorula mucilaginosa,0.32849855360584823
32.0,Rhodotorula mucilaginosa,0.9463101634158938
33.0,Rhodotorula mucilaginosa,0.3515618013722205
33.0,Rhodotorula mucilaginosa,0.3515618013722205
33.0,Rhodotorula mucilaginosa,0.8399372704610336
33.0,Rhodotorula mucilaginosa,0.8399372704610336
33.0,Rhodotorula mucilaginosa,0.8399372704610336
33.0,Rhodotorula mucilaginosa,0.8399372704610336
33.0,Rhodotorula mucilaginosa,0.8399372704610336
33.0,Rhodotorula mucilaginosa,0.405129449929206
33.0,Rhodotorula mucilaginosa,0.4363236839141679
33.0,Rhodotorula mucilaginosa,0.2908907221776533
33.0,Rhodotorula mucilaginosa,0.2908907221776533
33.0,Rhodotorula mucilaginosa,0.2908907221776533
33.0,Rhodotorula mucilaginosa,0.2908907221776533
33.0,Rhodotorula mucilaginosa,0.2908907221776533
33.0,Rhodotorula mucilaginosa,0.2801875242442116
33.0,Rhodotorula mucilaginosa,0.31055475724241915
33.0,Rhodotorula mucilaginosa,0.7276806096399985
33.0,Rhodotorula mucilaginosa,0.7276806096399985
33.0,Rhodotorula mucilaginosa,0.7276806096399985
33.0,Rhodotorula mucilaginosa,0.7276806096399985
33.0,Rhodotorula mucilaginosa,0.7276806096399985
33.0,Rhodotorula mucilaginosa,0.3548119332981015
33.0,Rhodotorula mucilaginosa,0.35085201584662346
33.0,Rhodotorula mucilaginosa,1.1233077203940645
33.0,Rhodotorula mucilaginosa,1.1233077203940645
33.0,Rhodotorula mucilaginosa,1.1233077203940645
33.0,Rhodotorula mucilaginosa,1.1233077203940645
33.0,Rhodotorula mucilaginosa,1.1233077203940645
34.0,Rhodotorula sphaerocarpa,0.299328920561624
34.0,Rhodotorula sphaerocarpa,0.3212893108176936
34.0,Rhodotorula sphaerocarpa,0.49143333899256986
34.0,Rhodotorula sphaerocarpa,0.49143333899256986
34.0,Rhodotorula sphaerocarpa,0.49143333899256986
34.0,Rhodotorula sphaerocarpa,0.49143333899256986
34.0,Rhodotorula sphaerocarpa,0.49143333899256986
34.0,Rhodotorula sphaerocarpa,-0.06944478398959983
34.0,Rhodotorula sphaerocarpa,0.039957883368106434
34.0,Rhodotorula sphaerocarpa,-0.06944478398959983
34.0,Rhodotorula sphaerocarpa,-0.06944478398959983
34.0,Rhodotorula sphaerocarpa,-0.06944478398959983
34.0,Rhodotorula sphaerocarpa,0.3695207234358272
34.0,Rhodotorula sphaerocarpa,1.13468934737985
34.0,Rhodotorula sphaerocarpa,0.5228892797289826
34.0,Rhodotorula sphaerocarpa,0.49428970470975486
34.0,Rhodotorula sphaerocarpa,1.13468934737985
34.0,Rhodotorula sphaerocarpa,1.13468934737985
34.0,Rhodotorula sphaerocarpa,1.13468934737985
34.0,Rhodotorula sphaerocarpa,0.7700326523266738
34.0,Rhodotorula sphaerocarpa,0.7700326523266738
34.0,Rhodotorula sphaerocarpa,0.5579351290998682
34.0,Rhodotorula sphaerocarpa,0.5579351290998682
34.0,Rhodotorula sphaerocarpa,0.26812967871619575
34.0,Rhodotorula sphaerocarpa,0.26812967871619575
34.0,Rhodotorula sphaerocarpa,0.26812967871619575
35.0,,-0.5390059306215318
35.0,,-0.5390059306215318
35.0,,-0.5390059306215318
35.0,,0.4704792845845122
35.0,,0.24253826914239027
35.0,,0.24253826914239027
35.0,,0.4672454954613145
35.0,,0.24253826914239027
35.0,,0.24253826914239027
35.0,,0.3230514746016463
35.0,,0.10459417070136687
36.0,Rhodotorula mucilaginosa,0.33540861368228
36.0,Rhodotorula mucilaginosa,0.30496905547501957
36.0,Rhodotorula mucilaginosa,0.3697854608162552
36.0,Rhodotorula mucilaginosa,1.5610198749501731
36.0,Rhodotorula mucilaginosa,1.5610198749501731
36.0,Rhodotorula mucilaginosa,1.5610198749501731
36.0,Rhodotorula mucilaginosa,1.5610198749501731
36.0,Rhodotorula mucilaginosa,0.18955218728495912
36.0,Rhodotorula mucilaginosa,0.1908097083454626
36.0,Rhodotorula mucilaginosa,0.6411869418284648
36.0,Rhodotorula mucilaginosa,-0.004971202913701829
36.0,Rhodotorula mucilaginosa,0.6411869418284648
36.0,Rhodotorula mucilaginosa,0.6411869418284648
36.0,Rhodotorula mucilaginosa,0.6411869418284648
36.0,Rhodotorula mucilaginosa,0.4356260041629128
36.0,Rhodotorula mucilaginosa,0.5551216469975002
36.0,Rhodotorula mucilaginosa,0.5551216469975002
36.0,Rhodotorula mucilaginosa,0.5551216469975002
36.0,Rhodotorula mucilaginosa,0.5551216469975002
36.0,Rhodotorula mucilaginosa,0.5551216469975002
36.0,Rhodotorula mucilaginosa,0.3370812698301086
36.0,Rhodotorula mucilaginosa,0.37045496793253435
36.0,Rhodotorula mucilaginosa,1.0701302568244435
36.0,Rhodotorula mucilaginosa,1.2370092612669579
36.0,Rhodotorula mucilaginosa,1.0701302568244435
36.0,Rhodotorula mucilaginosa,1.0701302568244435
36.0,Rhodotorula mucilaginosa,1.0701302568244435
37.0,Rhodotorula paludigena,0.33124692369815734
37.0,Rhodotorula paludigena,0.3536711032236009
37.0,Rhodotorula paludigena,0.8641546389417234
37.0,Rhodotorula paludigena,0.8641546389417234
37.0,Rhodotorula paludigena,0.21458532234738004
37.0,Rhodotorula paludigena,0.21458532234738004
37.0,Rhodotorula paludigena,0.21458532234738004
37.0,Rhodotorula paludigena,0.37109479068507883
37.0,Rhodotorula paludigena,0.3366637624717692
37.0,Rhodotorula paludigena,0.40557436680184233
37.0,Rhodotorula paludigena,0.40557436680184233
37.0,Rhodotorula paludigena,0.40557436680184233
37.0,Rhodotorula paludigena,0.40557436680184233
37.0,Rhodotorula paludigena,0.40557436680184233
38.0,Rhodotorula mucilaginosa,0.4087865037395867
38.0,Rhodotorula mucilaginosa,0.40015394610503524
38.0,Rhodotorula mucilaginosa,0.7877441388930263
38.0,Rhodotorula mucilaginosa,0.7877441388930263
38.0,Rhodotorula mucilaginosa,0.7877441388930263
38.0,Rhodotorula mucilaginosa,0.7877441388930263
38.0,Rhodotorula mucilaginosa,0.7877441388930263
38.0,Rhodotorula mucilaginosa,0.3027254681933061
38.0,Rhodotorula mucilaginosa,0.3027254681933061
38.0,Rhodotorula mucilaginosa,0.6997983867740664
38.0,Rhodotorula mucilaginosa,0.6997983867740664
38.0,Rhodotorula mucilaginosa,0.6997983867740664
38.0,Rhodotorula mucilaginosa,0.6997983867740664
38.0,Rhodotorula mucilaginosa,0.6997983867740664
38.0,Rhodotorula mucilaginosa,0.3456355870387949
38.0,Rhodotorula mucilaginosa,0.37563687088994396
38.0,Rhodotorula mucilaginosa,0.30946229045660256
38.0,Rhodotorula mucilaginosa,0.30946229045660256
38.0,Rhodotorula mucilaginosa,0.30946229045660256
38.0,Rhodotorula mucilaginosa,0.30946229045660256
38.0,Rhodotorula mucilaginosa,0.30946229045660256
38.0,Rhodotorula mucilaginosa,0.4637444667193642
38.0,Rhodotorula mucilaginosa,0.502478138938258
38.0,Rhodotorula mucilaginosa,0.8841041894265623
38.0,Rhodotorula mucilaginosa,0.8841041894265623
38.0,Rhodotorula mucilaginosa,0.8841041894265623
38.0,Rhodotorula mucilaginosa,0.8841041894265623
38.0,Rhodotorula mucilaginosa,0.8841041894265623
39.0,Rhodotorula mucilaginosa,0.370645873627567
39.0,Rhodotorula mucilaginosa,0.39957049148051715
39.0,Rhodotorula mucilaginosa,0.36879682208538384
39.0,Rhodotorula mucilaginosa,0.5691840200466586
39.0,Rhodotorula mucilaginosa,0.5691840200466586
39.0,Rhodotorula mucilaginosa,0.5691840200466586
39.0,Rhodotorula mucilaginosa,0.5691840200466586
39.0,Rhodotorula mucilaginosa,0.08375373193957326
39.0,Rhodotorula mucilaginosa,0.08375373193957326
39.0,Rhodotorula mucilaginosa,1.1247943478996112
39.0,Rhodotorula mucilaginosa,1.1247943478996112
39.0,Rhodotorula mucilaginosa,1.1247943478996112
39.0,Rhodotorula mucilaginosa,1.1247943478996112
39.0,Rhodotorula mucilaginosa,1.1247943478996112
39.0,Rhodotorula mucilaginosa,0.3846452077415662
39.0,Rhodotorula mucilaginosa,0.40877173642115333
39.0,Rhodotorula mucilaginosa,0.27267214639955456
39.0,Rhodotorula mucilaginosa,0.27267214639955456
39.0,Rhodotorula mucilaginosa,0.27267214639955456
39.0,Rhodotorula mucilaginosa,0.27267214639955456
39.0,Rhodotorula mucilaginosa,0.27267214639955456
40.0,Rhodotorula mucilaginosa,0.20935857912942005
40.0,Rhodotorula mucilaginosa,0.3951270708224498
40.0,Rhodotorula mucilaginosa,0.3716890909536359
40.0,Rhodotorula mucilaginosa,0.3951270708224498
40.0,Rhodotorula mucilaginosa,0.3951270708224498
40.0,Rhodotorula mucilaginosa,0.3951270708224498
40.0,Rhodotorula mucilaginosa,0.27372737023734794
40.0,Rhodotorula mucilaginosa,0.311081512080074
40.0,Rhodotorula mucilaginosa,0.6490387916477369
40.0,Rhodotorula mucilaginosa,0.6490387916477369
40.0,Rhodotorula mucilaginosa,0.6490387916477369
40.0,Rhodotorula mucilaginosa,0.6490387916477369
40.0,Rhodotorula mucilaginosa,0.6490387916477369
40.0,Rhodotorula mucilaginosa,0.33000968120043556
40.0,Rhodotorula mucilaginosa,0.33000968120043556
40.0,Rhodotorula mucilaginosa,0.3119274479487477
40.0,Rhodotorula mucilaginosa,0.625303862593783
40.0,Rhodotorula mucilaginosa,0.625303862593783
40.0,Rhodotorula mucilaginosa,0.625303862593783
40.0,Rhodotorula mucilaginosa,0.625303862593783
40.0,Rhodotorula mucilaginosa,0.3712771173562406
40.0,Rhodotorula mucilaginosa,0.36307389673630375
40.0,Rhodotorula mucilaginosa,0.29947695163326976
40.0,Rhodotorula mucilaginosa,0.29947695163326976
40.0,Rhodotorula mucilaginosa,0.29947695163326976
40.0,Rhodotorula mucilaginosa,0.29947695163326976
40.0,Rhodotorula mucilaginosa,0.29947695163326976
41.0,Rhodotorula mucilaginosa,0.2882880729950344
41.0,Rhodotorula mucilaginosa,0.31403523348620244
41.0,Rhodotorula mucilaginosa,1.396783240416435
41.0,Rhodotorula mucilaginosa,1.396783240416435
41.0,Rhodotorula mucilaginosa,1.396783240416435
41.0,Rhodotorula mucilaginosa,1.396783240416435
41.0,Rhodotorula mucilaginosa,1.396783240416435
41.0,Rhodotorula mucilaginosa,0.34156184616254115
41.0,Rhodotorula mucilaginosa,0.2837048702653342
41.0,Rhodotorula mucilaginosa,0.32717820646590395
41.0,Rhodotorula mucilaginosa,0.32717820646590395
41.0,Rhodotorula mucilaginosa,0.32717820646590395
41.0,Rhodotorula mucilaginosa,0.32717820646590395
41.0,Rhodotorula mucilaginosa,0.32717820646590395
41.0,Rhodotorula mucilaginosa,0.31750935561509375
41.0,Rhodotorula mucilaginosa,0.3125174992146572
41.0,Rhodotorula mucilaginosa,0.5182541775985022
41.0,Rhodotorula mucilaginosa,0.5182541775985022
41.0,Rhodotorula mucilaginosa,0.5182541775985022
41.0,Rhodotorula mucilaginosa,0.5182541775985022
41.0,Rhodotorula mucilaginosa,0.2151518487319108
41.0,Rhodotorula mucilaginosa,0.237751479441287
41.0,Rhodotorula mucilaginosa,0.16829427010236842
41.0,Rhodotorula mucilaginosa,0.16829427010236842
41.0,Rhodotorula mucilaginosa,0.16829427010236842
41.0,Rhodotorula mucilaginosa,0.16829427010236842
41.0,Rhodotorula mucilaginosa,0.16829427010236842
42.0,Rhodotorula mucilaginosa,0.3221748266683143
42.0,Rhodotorula mucilaginosa,0.22680331844720455
42.0,Rhodotorula mucilaginosa,0.5380483233313008
42.0,Rhodotorula mucilaginosa,0.5380483233313008
42.0,Rhodotorula mucilaginosa,0.5380483233313008
42.0,Rhodotorula mucilaginosa,0.5380483233313008
42.0,Rhodotorula mucilaginosa,0.5380483233313008
42.0,Rhodotorula mucilaginosa,0.21681456398649976
42.0,Rhodotorula mucilaginosa,0.38001486038142773
42.0,Rhodotorula mucilaginosa,0.38001486038142773
42.0,Rhodotorula mucilaginosa,0.38001486038142773
42.0,Rhodotorula mucilaginosa,0.38001486038142773
42.0,Rhodotorula mucilaginosa,0.38001486038142773
42.0,Rhodotorula mucilaginosa,-0.3853470370752123
42.0,Rhodotorula mucilaginosa,-0.3853470370752123
42.0,Rhodotorula mucilaginosa,-0.3853470370752123
42.0,Rhodotorula mucilaginosa,-0.3853470370752123
42.0,Rhodotorula mucilaginosa,0.43362618408331044
42.0,Rhodotorula mucilaginosa,0.05402649288738124
42.0,Rhodotorula mucilaginosa,0.15537749978466284
42.0,Rhodotorula mucilaginosa,0.05402649288738124
42.0,Rhodotorula mucilaginosa,0.05402649288738124
42.0,Rhodotorula mucilaginosa,0.05402649288738124
43.0,Rhodotorula toruloides,0.31604775896846343
43.0,Rhodotorula toruloides,0.13914657925510598
43.0,Rhodotorula toruloides,0.13914657925510598
43.0,Rhodotorula toruloides,0.13914657925510598
43.0,Rhodotorula toruloides,0.13914657925510598
43.0,Rhodotorula toruloides,0.29022290232969106
43.0,Rhodotorula toruloides,-0.02454177573426731
43.0,Rhodotorula toruloides,-0.02454177573426731
43.0,Rhodotorula toruloides,-0.02454177573426731
43.0,Rhodotorula toruloides,-0.02454177573426731
43.0,Rhodotorula toruloides,-0.02454177573426731
43.0,Rhodotorula toruloides,-0.1250895545520493
43.0,Rhodotorula toruloides,-0.1250895545520493
43.0,Rhodotorula toruloides,-0.1250895545520493
43.0,Rhodotorula toruloides,-0.1250895545520493
43.0,Rhodotorula toruloides,-0.1250895545520493
43.0,Rhodotorula toruloides,0.2659968403883607
43.0,Rhodotorula toruloides,0.24650760181623438
43.0,Rhodotorula toruloides,1.0118542262477213
43.0,Rhodotorula toruloides,1.0118542262477213
43.0,Rhodotorula toruloides,1.0118542262477213
43.0,Rhodotorula toruloides,1.0118542262477213
43.0,Rhodotorula toruloides,1.0118542262477213
44.0,Rhodotorula diobovata,0.33365181785144926
44.0,Rhodotorula diobovata,0.298532090666602
44.0,Rhodotorula diobovata,0.22079716161634516
44.0,Rhodotorula diobovata,0.22079716161634516
44.0,Rhodotorula diobovata,0.22079716161634516
44.0,Rhodotorula diobovata,0.22079716161634516
44.0,Rhodotorula diobovata,0.22079716161634516
44.0,Rhodotorula diobovata,0.3304961740534884
44.0,Rhodotorula diobovata,0.32943349603135297
44.0,Rhodotorula diobovata,-1.257038965910358
44.0,Rhodotorula diobovata,-1.257038965910358
44.0,Rhodotorula diobovata,-1.257038965910358
44.0,Rhodotorula diobovata,-1.257038965910358
44.0,Rhodotorula diobovata,0.4520374494405037
44.0,Rhodotorula diobovata,0.41123515198602933
44.0,Rhodotorula diobovata,0.1434414732731027
44.0,Rhodotorula diobovata,0.1434414732731027
44.0,Rhodotorula diobovata,0.1434414732731027
44.0,Rhodotorula diobovata,0.1434414732731027
44.0,Rhodotorula diobovata,0.1434414732731027
44.0,Rhodotorula diobovata,0.35597352127691945
44.0,Rhodotorula diobovata,0.33311256140325785
45.0,Rhodotorula mucilaginosa,0.33484909986759676
45.0,Rhodotorula mucilaginosa,0.29536111788888725
45.0,Rhodotorula mucilaginosa,0.3867569310292343
45.0,Rhodotorula mucilaginosa,0.45947825019534855
45.0,Rhodotorula mucilaginosa,-0.4483352732930949
45.0,Rhodotorula mucilaginosa,-0.4483352732930949
45.0,Rhodotorula mucilaginosa,-0.4483352732930949
45.0,Rhodotorula mucilaginosa,-0.4483352732930949
45.0,Rhodotorula mucilaginosa,0.2247960016849568
45.0,Rhodotorula mucilaginosa,0.22207290774524852
45.0,Rhodotorula mucilaginosa,0.9239678633392402
45.0,Rhodotorula mucilaginosa,0.9239678633392402
45.0,Rhodotorula mucilaginosa,0.9239678633392402
45.0,Rhodotorula mucilaginosa,0.9239678633392402
45.0,Rhodotorula mucilaginosa,0.9239678633392402
45.0,Rhodotorula mucilaginosa,0.41065613443529064
45.0,Rhodotorula mucilaginosa,0.41065613443529064
45.0,Rhodotorula mucilaginosa,2.0553533726152864
45.0,Rhodotorula mucilaginosa,2.0553533726152864
45.0,Rhodotorula mucilaginosa,2.0553533726152864
45.0,Rhodotorula mucilaginosa,2.0553533726152864
45.0,Rhodotorula mucilaginosa,2.0553533726152864
46.0,Rhodotorula paludigena,0.2939197961130683
46.0,Rhodotorula paludigena,0.2710329227553271
46.0,Rhodotorula paludigena,0.8283405523697634
46.0,Rhodotorula paludigena,0.8283405523697634
46.0,Rhodotorula paludigena,0.8283405523697634
46.0,Rhodotorula paludigena,0.8283405523697634
46.0,Rhodotorula paludigena,0.363971579044368
46.0,Rhodotorula paludigena,0.2830840001747601
46.0,Rhodotorula paludigena,0.32725424656884977
46.0,Rhodotorula paludigena,0.7442699544237892
46.0,Rhodotorula paludigena,0.7442699544237892
46.0,Rhodotorula paludigena,0.7442699544237892
46.0,Rhodotorula paludigena,0.7442699544237892
46.0,Rhodotorula paludigena,0.7442699544237892
46.0,Rhodotorula paludigena,0.3790898269640527
47.0,Rhodotorula mucilaginosa,0.36992419508098445
47.0,Rhodotorula mucilaginosa,0.36992419508098445
47.0,Rhodotorula mucilaginosa,0.8618124262403197
47.0,Rhodotorula mucilaginosa,0.8618124262403197
47.0,Rhodotorula mucilaginosa,0.8618124262403197
47.0,Rhodotorula mucilaginosa,0.8618124262403197
47.0,Rhodotorula mucilaginosa,0.8618124262403197
47.0,Rhodotorula mucilaginosa,0.25242842736676907
47.0,Rhodotorula mucilaginosa,0.25242842736676907
47.0,Rhodotorula mucilaginosa,1.7146673137935873
47.0,Rhodotorula mucilaginosa,1.7146673137935873
47.0,Rhodotorula mucilaginosa,1.7146673137935873
47.0,Rhodotorula mucilaginosa,1.7146673137935873
47.0,Rhodotorula mucilaginosa,1.7146673137935873
47.0,Rhodotorula mucilaginosa,0.39075403993635405
47.0,Rhodotorula mucilaginosa,-0.9228547295097227
47.0,Rhodotorula mucilaginosa,-0.9228547295097227
47.0,Rhodotorula mucilaginosa,-0.9228547295097227
47.0,Rhodotorula mucilaginosa,-0.9228547295097227
48.0,Rhodotorula mucilaginosa,0.28563987738504615
48.0,Rhodotorula mucilaginosa,0.46887154939060377
48.0,Rhodotorula mucilaginosa,0.4092495104010079
48.0,Rhodotorula mucilaginosa,0.26085236316610433
48.0,Rhodotorula mucilaginosa,1.0811095771587302
48.0,Rhodotorula mucilaginosa,1.0811095771587302
48.0,Rhodotorula mucilaginosa,1.0811095771587302
48.0,Rhodotorula mucilaginosa,1.0811095771587302
48.0,Rhodotorula mucilaginosa,1.0811095771587302
48.0,Rhodotorula mucilaginosa,0.3639002544545235
48.0,Rhodotorula mucilaginosa,0.3711189051220216
48.0,Rhodotorula mucilaginosa,0.4439716628944758
48.0,Rhodotorula mucilaginosa,0.4439716628944758
48.0,Rhodotorula mucilaginosa,0.4439716628944758
48.0,Rhodotorula mucilaginosa,0.4439716628944758
48.0,Rhodotorula mucilaginosa,0.4439716628944758
48.0,Rhodotorula mucilaginosa,0.48247770486090835
48.0,Rhodotorula mucilaginosa,0.42623315505980097
48.0,Rhodotorula mucilaginosa,0.5489717386058915
48.0,Rhodotorula mucilaginosa,0.5489717386058915
48.0,Rhodotorula mucilaginosa,0.6888508431683763
48.0,Rhodotorula mucilaginosa,0.5489717386058915
48.0,Rhodotorula mucilaginosa,0.5489717386058915
49.0,Rhodotorula mucilaginosa,0.2981242450085733
49.0,Rhodotorula mucilaginosa,0.34290350647196904
49.0,Rhodotorula mucilaginosa,0.3790854014276972
49.0,Rhodotorula mucilaginosa,0.3790854014276972
49.0,Rhodotorula mucilaginosa,0.3790854014276972
49.0,Rhodotorula mucilaginosa,0.3790854014276972
49.0,Rhodotorula mucilaginosa,0.3790854014276972
49.0,Rhodotorula mucilaginosa,0.40791475173599706
49.0,Rhodotorula mucilaginosa,0.40791475173599706
49.0,Rhodotorula mucilaginosa,0.9087912192038795
49.0,Rhodotorula mucilaginosa,0.9087912192038795
49.0,Rhodotorula mucilaginosa,0.9087912192038795
49.0,Rhodotorula mucilaginosa,0.9087912192038795
49.0,Rhodotorula mucilaginosa,0.9087912192038795
49.0,Rhodotorula mucilaginosa,0.5674128244307454
49.0,Rhodotorula mucilaginosa,0.3546273154238521
49.0,Rhodotorula mucilaginosa,0.44371322383804024
49.0,Rhodotorula mucilaginosa,0.44371322383804024
49.0,Rhodotorula mucilaginosa,0.44371322383804024
49.0,Rhodotorula mucilaginosa,0.44371322383804024
49.0,Rhodotorula mucilaginosa,0.44371322383804024
49.0,Rhodotorula mucilaginosa,0.42971275000392145
49.0,Rhodotorula mucilaginosa,0.42971275000392145
49.0,Rhodotorula mucilaginosa,0.22555815672490973
49.0,Rhodotorula mucilaginosa,0.22555815672490973
49.0,Rhodotorula mucilaginosa,0.22555815672490973
49.0,Rhodotorula mucilaginosa,0.22555815672490973
49.0,Rhodotorula mucilaginosa,0.22555815672490973
50.0,Rhodotorula mucilaginosa,0.31601914124744507
50.0,Rhodotorula mucilaginosa,0.3208862178934085
50.0,Rhodotorula mucilaginosa,0.9980509430840849
50.0,Rhodotorula mucilaginosa,0.9980509430840849
50.0,Rhodotorula mucilaginosa,0.9980509430840849
50.0,Rhodotorula mucilaginosa,0.9980509430840849
50.0,Rhodotorula mucilaginosa,0.9980509430840849
50.0,Rhodotorula mucilaginosa,0.3745475366807644
50.0,Rhodotorula mucilaginosa,0.41409206107043317
50.0,Rhodotorula mucilaginosa,0.3745475366807644
50.0,Rhodotorula mucilaginosa,0.5212072239690103
50.0,Rhodotorula mucilaginosa,0.5212072239690103
50.0,Rhodotorula mucilaginosa,0.5212072239690103
50.0,Rhodotorula mucilaginosa,0.5212072239690103
50.0,Rhodotorula mucilaginosa,0.27165237748204896
50.0,Rhodotorula mucilaginosa,0.27165237748204896
50.0,Rhodotorula mucilaginosa,0.3554870703337803
50.0,Rhodotorula mucilaginosa,0.24873387243451486
50.0,Rhodotorula mucilaginosa,0.24873387243451486
50.0,Rhodotorula mucilaginosa,0.3554870703337803
50.0,Rhodotorula mucilaginosa,0.3554870703337803
50.0,Rhodotorula mucilaginosa,0.3853383587426604
50.0,Rhodotorula mucilaginosa,0.353048917631802
50.0,Rhodotorula mucilaginosa,1.3674432115125412
50.0,Rhodotorula mucilaginosa,1.3674432115125412
50.0,Rhodotorula mucilaginosa,1.3674432115125412
50.0,Rhodotorula mucilaginosa,1.3674432115125412
50.0,Rhodotorula mucilaginosa,1.3674432115125412
51.0,Rhodotorula mucilaginosa,0.39247346590818377
51.0,Rhodotorula mucilaginosa,0.4545360159242113
51.0,Rhodotorula mucilaginosa,0.39247346590818377
51.0,Rhodotorula mucilaginosa,0.5495461317430483
51.0,Rhodotorula mucilaginosa,0.5495461317430483
51.0,Rhodotorula mucilaginosa,0.5495461317430483
51.0,Rhodotorula mucilaginosa,0.5495461317430483
51.0,Rhodotorula mucilaginosa,0.32938625578635855
51.0,Rhodotorula mucilaginosa,0.32009811092632934
51.0,Rhodotorula mucilaginosa,0.6519302234112979
51.0,Rhodotorula mucilaginosa,0.33354335654158795
51.0,Rhodotorula mucilaginosa,0.42142669699373553
51.0,Rhodotorula mucilaginosa,0.42142669699373553
51.0,Rhodotorula mucilaginosa,0.42142669699373553
51.0,Rhodotorula mucilaginosa,0.32420684794972937
51.0,Rhodotorula mucilaginosa,0.2659183533320155
51.0,Rhodotorula mucilaginosa,0.909884238896392
51.0,Rhodotorula mucilaginosa,0.909884238896392
51.0,Rhodotorula mucilaginosa,0.3070120048054198
51.0,Rhodotorula mucilaginosa,0.909884238896392
51.0,Rhodotorula mucilaginosa,0.909884238896392
52.0,Rhodotorula mucilaginosa,0.32605411292075887
52.0,Rhodotorula mucilaginosa,0.3144705426597057
52.0,Rhodotorula mucilaginosa,0.7071856911117995
52.0,Rhodotorula mucilaginosa,0.7071856911117995
52.0,Rhodotorula mucilaginosa,0.7071856911117995
52.0,Rhodotorula mucilaginosa,0.7071856911117995
52.0,Rhodotorula mucilaginosa,0.7071856911117995
52.0,Rhodotorula mucilaginosa,0.4288256159883936
52.0,Rhodotorula mucilaginosa,0.40039665650514994
52.0,Rhodotorula mucilaginosa,0.40039665650514994
52.0,Rhodotorula mucilaginosa,0.45757582984005285
52.0,Rhodotorula mucilaginosa,0.45757582984005285
52.0,Rhodotorula mucilaginosa,0.45757582984005285
52.0,Rhodotorula mucilaginosa,0.45757582984005285
52.0,Rhodotorula mucilaginosa,0.29006896149956307
52.0,Rhodotorula mucilaginosa,0.21268314435125077
52.0,Rhodotorula mucilaginosa,0.9645388113985439
52.0,Rhodotorula mucilaginosa,0.9645388113985439
52.0,Rhodotorula mucilaginosa,0.9645388113985439
52.0,Rhodotorula mucilaginosa,0.9645388113985439
52.0,Rhodotorula mucilaginosa,0.9645388113985439
52.0,Rhodotorula mucilaginosa,0.26494255565243113
52.0,Rhodotorula mucilaginosa,0.3544957130506093
52.0,Rhodotorula mucilaginosa,1.2167128923358055
52.0,Rhodotorula mucilaginosa,1.2167128923358055
52.0,Rhodotorula mucilaginosa,1.2167128923358055
52.0,Rhodotorula mucilaginosa,1.2167128923358055
52.0,Rhodotorula mucilaginosa,1.2167128923358055
53.0,Rhodotorula mucilaginosa,0.2845009066911871
53.0,Rhodotorula mucilaginosa,0.07666933750663395
53.0,Rhodotorula mucilaginosa,0.07666933750663395
53.0,Rhodotorula mucilaginosa,0.07666933750663395
53.0,Rhodotorula mucilaginosa,0.07666933750663395
53.0,Rhodotorula mucilaginosa,0.07666933750663395
53.0,Rhodotorula mucilaginosa,0.43387509245907974
53.0,Rhodotorula mucilaginosa,0.3758650374328501
53.0,Rhodotorula mucilaginosa,0.6046803333462106
53.0,Rhodotorula mucilaginosa,0.6046803333462106
53.0,Rhodotorula mucilaginosa,0.7310116126485546
53.0,Rhodotorula mucilaginosa,0.6046803333462106
53.0,Rhodotorula mucilaginosa,0.6046803333462106
53.0,Rhodotorula mucilaginosa,0.3847053771266379
53.0,Rhodotorula mucilaginosa,0.3303828345424294
53.0,Rhodotorula mucilaginosa,1.0706137860437075
53.0,Rhodotorula mucilaginosa,1.0706137860437075
53.0,Rhodotorula mucilaginosa,1.0706137860437075
53.0,Rhodotorula mucilaginosa,1.0706137860437075
53.0,Rhodotorula mucilaginosa,1.0706137860437075
54.0,Rhodotorula mucilaginosa,0.2619636629610424
54.0,Rhodotorula mucilaginosa,0.28583780162828765
54.0,Rhodotorula mucilaginosa,1.9923095363286685
54.0,Rhodotorula mucilaginosa,1.9923095363286685
54.0,Rhodotorula mucilaginosa,0.4527611700301526
54.0,Rhodotorula mucilaginosa,1.9923095363286685
54.0,Rhodotorula mucilaginosa,1.9923095363286685
54.0,Rhodotorula mucilaginosa,0.3469476320491733
54.0,Rhodotorula mucilaginosa,0.3748629653504956
54.0,Rhodotorula mucilaginosa,0.6059226749119618
54.0,Rhodotorula mucilaginosa,0.6059226749119618
54.0,Rhodotorula mucilaginosa,0.6059226749119618
54.0,Rhodotorula mucilaginosa,0.6059226749119618
54.0,Rhodotorula mucilaginosa,0.6059226749119618
54.0,Rhodotorula mucilaginosa,0.29666880077325714
54.0,Rhodotorula mucilaginosa,0.304487832186904
54.0,Rhodotorula mucilaginosa,0.7550663769707283
54.0,Rhodotorula mucilaginosa,0.8378948268153068
54.0,Rhodotorula mucilaginosa,0.8378948268153068
54.0,Rhodotorula mucilaginosa,0.8378948268153068
54.0,Rhodotorula mucilaginosa,0.27644331519546445
54.0,Rhodotorula mucilaginosa,0.27644331519546445
54.0,Rhodotorula mucilaginosa,0.8172050856439692
54.0,Rhodotorula mucilaginosa,0.8172050856439692
54.0,Rhodotorula mucilaginosa,0.8172050856439692
54.0,Rhodotorula mucilaginosa,0.8172050856439692
54.0,Rhodotorula mucilaginosa,0.8172050856439692
55.0,Rhodotorula mucilaginosa,0.32995099523633176
55.0,Rhodotorula mucilaginosa,0.34122173408642253
55.0,Rhodotorula mucilaginosa,0.7513754764779391
55.0,Rhodotorula mucilaginosa,0.7513754764779391
55.0,Rhodotorula mucilaginosa,0.7513754764779391
55.0,Rhodotorula mucilaginosa,0.7513754764779391
55.0,Rhodotorula mucilaginosa,0.7513754764779391
55.0,Rhodotorula mucilaginosa,0.36606977271541213
55.0,Rhodotorula mucilaginosa,0.3402113661127151
55.0,Rhodotorula mucilaginosa,0.24949620297178374
55.0,Rhodotorula mucilaginosa,0.24949620297178374
55.0,Rhodotorula mucilaginosa,0.24949620297178374
55.0,Rhodotorula mucilaginosa,0.24949620297178374
55.0,Rhodotorula mucilaginosa,0.24949620297178374
55.0,Rhodotorula mucilaginosa,0.32637439931395673
55.0,Rhodotorula mucilaginosa,0.34775725890783915
55.0,Rhodotorula mucilaginosa,0.359498596321564
55.0,Rhodotorula mucilaginosa,0.36379949730844985
55.0,Rhodotorula mucilaginosa,0.359498596321564
55.0,Rhodotorula mucilaginosa,0.359498596321564
55.0,Rhodotorula mucilaginosa,0.359498596321564
55.0,Rhodotorula mucilaginosa,0.3201731269214955
55.0,Rhodotorula mucilaginosa,0.3933502190686988
55.0,Rhodotorula mucilaginosa,0.6389860350298602
55.0,Rhodotorula mucilaginosa,0.6389860350298602
55.0,Rhodotorula mucilaginosa,0.6389860350298602
55.0,Rhodotorula mucilaginosa,0.6389860350298602
55.0,Rhodotorula mucilaginosa,0.6389860350298602
56.0,Rhodotorula mucilaginosa,0.33091080980883336
56.0,Rhodotorula mucilaginosa,0.35379337180691917
56.0,Rhodotorula mucilaginosa,0.3035372009456994
56.0,Rhodotorula mucilaginosa,0.6000806554592871
56.0,Rhodotorula mucilaginosa,0.3035372009456994
56.0,Rhodotorula mucilaginosa,0.3035372009456994
56.0,Rhodotorula mucilaginosa,0.3035372009456994
56.0,Rhodotorula mucilaginosa,0.31488395378584616
56.0,Rhodotorula mucilaginosa,0.3650600384017951
56.0,Rhodotorula mucilaginosa,0.8911847083264509
56.0,Rhodotorula mucilaginosa,0.8911847083264509
56.0,Rhodotorula mucilaginosa,0.8911847083264509
56.0,Rhodotorula mucilaginosa,0.8911847083264509
56.0,Rhodotorula mucilaginosa,0.8911847083264509
56.0,Rhodotorula mucilaginosa,0.300865280722353
56.0,Rhodotorula mucilaginosa,0.300865280722353
56.0,Rhodotorula mucilaginosa,0.7107959051359143
56.0,Rhodotorula mucilaginosa,0.4989927629655108
56.0,Rhodotorula mucilaginosa,0.7107959051359143
56.0,Rhodotorula mucilaginosa,0.4989927629655108
56.0,Rhodotorula mucilaginosa,0.7107959051359143
56.0,Rhodotorula mucilaginosa,0.3669099001595794
56.0,Rhodotorula mucilaginosa,0.4511823932290258
56.0,Rhodotorula mucilaginosa,1.3868131658763942
56.0,Rhodotorula mucilaginosa,1.3868131658763942
56.0,Rhodotorula mucilaginosa,1.3868131658763942
56.0,Rhodotorula mucilaginosa,1.3868131658763942
56.0,Rhodotorula mucilaginosa,1.3868131658763942
57.0,Rhodotorula mucilaginosa,0.3192078871285145
57.0,Rhodotorula mucilaginosa,0.33529882835273517
57.0,Rhodotorula mucilaginosa,0.3192078871285145
57.0,Rhodotorula mucilaginosa,0.561939727401743
57.0,Rhodotorula mucilaginosa,0.3103092349277838
57.0,Rhodotorula mucilaginosa,0.2682996535681473
57.0,Rhodotorula mucilaginosa,0.12486922876652722
57.0,Rhodotorula mucilaginosa,0.549175942815975
57.0,Rhodotorula mucilaginosa,0.12486922876652722
57.0,Rhodotorula mucilaginosa,0.12486922876652722
57.0,Rhodotorula mucilaginosa,0.12486922876652722
57.0,Rhodotorula mucilaginosa,0.40048014510986507
57.0,Rhodotorula mucilaginosa,0.14120127888549933
57.0,Rhodotorula mucilaginosa,0.14120127888549933
57.0,Rhodotorula mucilaginosa,0.39492510274614573
57.0,Rhodotorula mucilaginosa,0.14120127888549933
57.0,Rhodotorula mucilaginosa,0.14120127888549933
57.0,Rhodotorula mucilaginosa,0.14120127888549933
57.0,Rhodotorula mucilaginosa,0.31118789041830863
57.0,Rhodotorula mucilaginosa,0.34094897935489754
57.0,Rhodotorula mucilaginosa,0.42047587742461057
57.0,Rhodotorula mucilaginosa,0.42047587742461057
57.0,Rhodotorula mucilaginosa,0.42047587742461057
57.0,Rhodotorula mucilaginosa,0.42047587742461057
57.0,Rhodotorula mucilaginosa,0.42047587742461057
58.0,Rhodotorula mucilaginosa,0.46796210704987146
58.0,Rhodotorula mucilaginosa,0.4360237695201566
58.0,Rhodotorula mucilaginosa,1.5031549613717203
58.0,Rhodotorula mucilaginosa,1.5031549613717203
58.0,Rhodotorula mucilaginosa,1.2394370155506886
58.0,Rhodotorula mucilaginosa,1.5031549613717203
58.0,Rhodotorula mucilaginosa,1.5031549613717203
58.0,Rhodotorula mucilaginosa,0.37818583416350093
58.0,Rhodotorula mucilaginosa,0.37818583416350093
58.0,Rhodotorula mucilaginosa,0.7596350975241077
58.0,Rhodotorula mucilaginosa,0.7596350975241077
58.0,Rhodotorula mucilaginosa,0.7596350975241077
58.0,Rhodotorula mucilaginosa,0.7596350975241077
58.0,Rhodotorula mucilaginosa,0.7596350975241077
58.0,Rhodotorula mucilaginosa,0.26396624247491063
58.0,Rhodotorula mucilaginosa,0.39878865169825534
58.0,Rhodotorula mucilaginosa,0.18064164925183973
58.0,Rhodotorula mucilaginosa,0.18064164925183973
58.0,Rhodotorula mucilaginosa,0.18064164925183973
58.0,Rhodotorula mucilaginosa,0.18064164925183973
58.0,Rhodotorula mucilaginosa,0.18064164925183973
58.0,Rhodotorula mucilaginosa,0.3493476184328216
58.0,Rhodotorula mucilaginosa,0.3493476184328216
58.0,Rhodotorula mucilaginosa,0.6813104954241495
58.0,Rhodotorula mucilaginosa,0.6813104954241495
58.0,Rhodotorula mucilaginosa,0.6813104954241495
58.0,Rhodotorula mucilaginosa,0.6813104954241495
58.0,Rhodotorula mucilaginosa,0.6813104954241495
59.0,Rhodotorula mucilaginosa,0.34791256322931047
59.0,Rhodotorula mucilaginosa,0.34791256322931047
59.0,Rhodotorula mucilaginosa,1.0704692146765251
59.0,Rhodotorula mucilaginosa,1.0704692146765251
59.0,Rhodotorula mucilaginosa,1.0704692146765251
59.0,Rhodotorula mucilaginosa,1.0704692146765251
59.0,Rhodotorula mucilaginosa,0.28032837563418606
59.0,Rhodotorula mucilaginosa,0.3283456003131888
59.0,Rhodotorula mucilaginosa,0.999654785956943
59.0,Rhodotorula mucilaginosa,0.999654785956943
59.0,Rhodotorula mucilaginosa,0.999654785956943
59.0,Rhodotorula mucilaginosa,0.999654785956943
59.0,Rhodotorula mucilaginosa,0.999654785956943
59.0,Rhodotorula mucilaginosa,0.298978145779407
59.0,Rhodotorula mucilaginosa,0.2628560309313589
59.0,Rhodotorula mucilaginosa,0.9895046751413887
59.0,Rhodotorula mucilaginosa,0.9895046751413887
59.0,Rhodotorula mucilaginosa,0.9895046751413887
59.0,Rhodotorula mucilaginosa,0.9895046751413887
59.0,Rhodotorula mucilaginosa,0.9895046751413887
59.0,Rhodotorula mucilaginosa,0.3499435334028365
59.0,Rhodotorula mucilaginosa,0.3678246685239308
59.0,Rhodotorula mucilaginosa,1.163042797443738
59.0,Rhodotorula mucilaginosa,1.163042797443738
59.0,Rhodotorula mucilaginosa,1.163042797443738
59.0,Rhodotorula mucilaginosa,1.163042797443738
59.0,Rhodotorula mucilaginosa,1.163042797443738
60.0,Rhodotorula mucilaginosa,0.33664322442562045
60.0,Rhodotorula mucilaginosa,0.3685626136402905
60.0,Rhodotorula mucilaginosa,1.5661897794229658
60.0,Rhodotorula mucilaginosa,1.5661897794229658
60.0,Rhodotorula mucilaginosa,1.5661897794229658
60.0,Rhodotorula mucilaginosa,1.5661897794229658
60.0,Rhodotorula mucilaginosa,1.5661897794229658
60.0,Rhodotorula mucilaginosa,0.3007315400601406
60.0,Rhodotorula mucilaginosa,0.21403748808898432
60.0,Rhodotorula mucilaginosa,0.21403748808898432
60.0,Rhodotorula mucilaginosa,0.21403748808898432
60.0,Rhodotorula mucilaginosa,0.21403748808898432
60.0,Rhodotorula mucilaginosa,0.21403748808898432
60.0,Rhodotorula mucilaginosa,0.21403748808898432
60.0,Rhodotorula mucilaginosa,0.3920265443512579
60.0,Rhodotorula mucilaginosa,0.3683519722569992
60.0,Rhodotorula mucilaginosa,0.6555328177251843
60.0,Rhodotorula mucilaginosa,0.6555328177251843
60.0,Rhodotorula mucilaginosa,0.6555328177251843
60.0,Rhodotorula mucilaginosa,0.6555328177251843
60.0,Rhodotorula mucilaginosa,0.6555328177251843
60.0,Rhodotorula mucilaginosa,0.3417099813476402
60.0,Rhodotorula mucilaginosa,0.3780430164841247
60.0,Rhodotorula mucilaginosa,0.38341831310570396
60.0,Rhodotorula mucilaginosa,0.38341831310570396
60.0,Rhodotorula mucilaginosa,0.38341831310570396
60.0,Rhodotorula mucilaginosa,0.38341831310570396
60.0,Rhodotorula mucilaginosa,0.38341831310570396
61.0,Rhodotorula toruloides,0.26321722907774786
61.0,Rhodotorula toruloides,0.17163817660135736
61.0,Rhodotorula toruloides,0.17163817660135736
61.0,Rhodotorula toruloides,0.17163817660135736
61.0,Rhodotorula toruloides,0.17163817660135736
61.0,Rhodotorula toruloides,0.35269819277236575
61.0,Rhodotorula toruloides,0.35269819277236575
61.0,Rhodotorula toruloides,0.7151402909550749
61.0,Rhodotorula toruloides,0.7151402909550749
61.0,Rhodotorula toruloides,0.7151402909550749
61.0,Rhodotorula toruloides,0.7151402909550749
61.0,Rhodotorula toruloides,0.7151402909550749
61.0,Rhodotorula toruloides,0.3819805251100502
61.0,Rhodotorula toruloides,0.38069929953537773
61.0,Rhodotorula toruloides,0.9242259185712592
61.0,Rhodotorula toruloides,0.9242259185712592
61.0,Rhodotorula toruloides,0.9242259185712592
61.0,Rhodotorula toruloides,0.9242259185712592
61.0,Rhodotorula toruloides,0.9242259185712592
62.0,Rhodotorula mucilaginosa,-0.16634373864986993
62.0,Rhodotorula mucilaginosa,-0.16634373864986993
62.0,Rhodotorula mucilaginosa,-0.16634373864986993
62.0,Rhodotorula mucilaginosa,-0.16634373864986993
62.0,Rhodotorula mucilaginosa,-0.006116274221955753
62.0,Rhodotorula mucilaginosa,0.3163073248134489
62.0,Rhodotorula mucilaginosa,0.3054294841255924
62.0,Rhodotorula mucilaginosa,0.38124637133273165
62.0,Rhodotorula mucilaginosa,1.0328889671153159
62.0,Rhodotorula mucilaginosa,1.0328889671153159
62.0,Rhodotorula mucilaginosa,1.0328889671153159
62.0,Rhodotorula mucilaginosa,1.0328889671153159
62.0,Rhodotorula mucilaginosa,1.0328889671153159
62.0,Rhodotorula mucilaginosa,0.3167535022473058
62.0,Rhodotorula mucilaginosa,0.3227738309847473
62.0,Rhodotorula mucilaginosa,0.36731827000256456
62.0,Rhodotorula mucilaginosa,0.36731827000256456
62.0,Rhodotorula mucilaginosa,0.4419024210410821
62.0,Rhodotorula mucilaginosa,0.36731827000256456
62.0,Rhodotorula mucilaginosa,0.36731827000256456
63.0,Rhodotorula mucilaginosa,0.3850870891665904
63.0,Rhodotorula mucilaginosa,0.36330808517445085
63.0,Rhodotorula mucilaginosa,0.8841206051816651
63.0,Rhodotorula mucilaginosa,0.8841206051816651
63.0,Rhodotorula mucilaginosa,0.8841206051816651
63.0,Rhodotorula mucilaginosa,0.8841206051816651
63.0,Rhodotorula mucilaginosa,0.8841206051816651
63.0,Rhodotorula mucilaginosa,0.355441367326674
63.0,Rhodotorula mucilaginosa,0.2956276765308561
63.0,Rhodotorula mucilaginosa,0.5721842732851617
63.0,Rhodotorula mucilaginosa,0.9401339364568322
63.0,Rhodotorula mucilaginosa,0.9401339364568322
63.0,Rhodotorula mucilaginosa,0.9401339364568322
63.0,Rhodotorula mucilaginosa,0.9401339364568322
63.0,Rhodotorula mucilaginosa,0.3674230583617196
63.0,Rhodotorula mucilaginosa,0.43065644483615945
63.0,Rhodotorula mucilaginosa,0.9010235834695653
63.0,Rhodotorula mucilaginosa,0.9010235834695653
63.0,Rhodotorula mucilaginosa,0.9010235834695653
63.0,Rhodotorula mucilaginosa,0.9010235834695653
63.0,Rhodotorula mucilaginosa,0.9010235834695653
64.0,Rhodotorula mucilaginosa,0.2919663721242589
64.0,Rhodotorula mucilaginosa,0.30430686537681967
64.0,Rhodotorula mucilaginosa,1.7636765555426872
64.0,Rhodotorula mucilaginosa,1.7636765555426872
64.0,Rhodotorula mucilaginosa,1.7636765555426872
64.0,Rhodotorula mucilaginosa,1.7636765555426872
64.0,Rhodotorula mucilaginosa,0.4074270709912608
64.0,Rhodotorula mucilaginosa,0.36885579061599755
64.0,Rhodotorula mucilaginosa,0.43056728347894063
64.0,Rhodotorula mucilaginosa,0.36885579061599755
64.0,Rhodotorula mucilaginosa,0.6136469679617821
64.0,Rhodotorula mucilaginosa,0.6136469679617821
64.0,Rhodotorula mucilaginosa,0.6136469679617821
64.0,Rhodotorula mucilaginosa,0.6136469679617821
64.0,Rhodotorula mucilaginosa,0.30979978817779635
64.0,Rhodotorula mucilaginosa,0.2646403142651168
64.0,Rhodotorula mucilaginosa,0.3641375091939522
64.0,Rhodotorula mucilaginosa,0.12702443280399386
64.0,Rhodotorula mucilaginosa,0.361003281115188
64.0,Rhodotorula mucilaginosa,0.3641375091939522
64.0,Rhodotorula mucilaginosa,0.3641375091939522
64.0,Rhodotorula mucilaginosa,0.30810881015295205
64.0,Rhodotorula mucilaginosa,0.3318695551594578
65.0,Rhodotorula mucilaginosa,0.32665434977749086
65.0,Rhodotorula mucilaginosa,0.32665434977749086
65.0,Rhodotorula mucilaginosa,0.2591906436174657
65.0,Rhodotorula mucilaginosa,0.2591906436174657
65.0,Rhodotorula mucilaginosa,0.3216519374452072
65.0,Rhodotorula mucilaginosa,0.3567745181947574
65.0,Rhodotorula mucilaginosa,0.12211142310435937
65.0,Rhodotorula mucilaginosa,0.12211142310435937
65.0,Rhodotorula mucilaginosa,0.12211142310435937
65.0,Rhodotorula mucilaginosa,0.12211142310435937
65.0,Rhodotorula mucilaginosa,0.12211142310435937
65.0,Rhodotorula mucilaginosa,0.3283370301152473
65.0,Rhodotorula mucilaginosa,0.3283370301152473
65.0,Rhodotorula mucilaginosa,0.5634354425651575
65.0,Rhodotorula mucilaginosa,0.5634354425651575
65.0,Rhodotorula mucilaginosa,0.5634354425651575
65.0,Rhodotorula mucilaginosa,0.5634354425651575
65.0,Rhodotorula mucilaginosa,0.5634354425651575
66.0,Rhodotorula mucilaginosa,0.3093522672766223
66.0,Rhodotorula mucilaginosa,0.35140410721985577
66.0,Rhodotorula mucilaginosa,0.04639641301688508
66.0,Rhodotorula mucilaginosa,0.04639641301688508
66.0,Rhodotorula mucilaginosa,0.04639641301688508
66.0,Rhodotorula mucilaginosa,0.04639641301688508
66.0,Rhodotorula mucilaginosa,0.04639641301688508
66.0,Rhodotorula mucilaginosa,0.3822091270884685
66.0,Rhodotorula mucilaginosa,0.3936280508851255
66.0,Rhodotorula mucilaginosa,0.5364620487963396
66.0,Rhodotorula mucilaginosa,0.5364620487963396
66.0,Rhodotorula mucilaginosa,0.5364620487963396
66.0,Rhodotorula mucilaginosa,0.5364620487963396
66.0,Rhodotorula mucilaginosa,0.5364620487963396
66.0,Rhodotorula mucilaginosa,0.3599685064732812
66.0,Rhodotorula mucilaginosa,0.37160262949297024
66.0,Rhodotorula mucilaginosa,0.5059589030638962
66.0,Rhodotorula mucilaginosa,0.5059589030638962
66.0,Rhodotorula mucilaginosa,0.5059589030638962
66.0,Rhodotorula mucilaginosa,0.5059589030638962
66.0,Rhodotorula mucilaginosa,0.5059589030638962
66.0,Rhodotorula mucilaginosa,0.2953312454016413
66.0,Rhodotorula mucilaginosa,0.2985230085720309
66.0,Rhodotorula mucilaginosa,0.6271855963198142
66.0,Rhodotorula mucilaginosa,0.6271855963198142
66.0,Rhodotorula mucilaginosa,0.6271855963198142
66.0,Rhodotorula mucilaginosa,0.6271855963198142
66.0,Rhodotorula mucilaginosa,0.212061038334727
67.0,Rhodotorula mucilaginosa,0.29694858885350917
67.0,Rhodotorula mucilaginosa,0.30446897028940145
67.0,Rhodotorula mucilaginosa,0.3702996495412954
67.0,Rhodotorula mucilaginosa,0.3702996495412954
67.0,Rhodotorula mucilaginosa,0.3702996495412954
67.0,Rhodotorula mucilaginosa,0.3702996495412954
67.0,Rhodotorula mucilaginosa,0.3702996495412954
67.0,Rhodotorula mucilaginosa,0.29542703723699837
67.0,Rhodotorula mucilaginosa,0.30832089344584807
67.0,Rhodotorula mucilaginosa,1.1580866788874515
67.0,Rhodotorula mucilaginosa,1.1580866788874515
67.0,Rhodotorula mucilaginosa,1.1580866788874515
67.0,Rhodotorula mucilaginosa,1.1580866788874515
67.0,Rhodotorula mucilaginosa,1.1580866788874515
67.0,Rhodotorula mucilaginosa,0.3182376284348633
67.0,Rhodotorula mucilaginosa,0.3182376284348633
67.0,Rhodotorula mucilaginosa,0.44246975878480416
67.0,Rhodotorula mucilaginosa,0.44246975878480416
67.0,Rhodotorula mucilaginosa,0.44246975878480416
67.0,Rhodotorula mucilaginosa,0.44246975878480416
67.0,Rhodotorula mucilaginosa,0.5384171842835496
67.0,Rhodotorula mucilaginosa,0.2988015319184893
67.0,Rhodotorula mucilaginosa,0.2988015319184893
67.0,Rhodotorula mucilaginosa,0.9976948712087893
67.0,Rhodotorula mucilaginosa,0.9976948712087893
67.0,Rhodotorula mucilaginosa,0.9976948712087893
67.0,Rhodotorula mucilaginosa,0.9976948712087893
67.0,Rhodotorula mucilaginosa,0.9976948712087893
68.0,Rhodotorula mucilaginosa,0.2847194350792723
68.0,Rhodotorula mucilaginosa,0.28694188477951516
68.0,Rhodotorula mucilaginosa,1.4053155210280597
68.0,Rhodotorula mucilaginosa,1.4053155210280597
68.0,Rhodotorula mucilaginosa,1.4053155210280597
68.0,Rhodotorula mucilaginosa,1.4053155210280597
68.0,Rhodotorula mucilaginosa,1.4053155210280597
68.0,Rhodotorula mucilaginosa,0.38199183967619843
68.0,Rhodotorula mucilaginosa,0.35477292336539745
68.0,Rhodotorula mucilaginosa,0.49818324203621905
68.0,Rhodotorula mucilaginosa,0.49818324203621905
68.0,Rhodotorula mucilaginosa,0.49818324203621905
68.0,Rhodotorula mucilaginosa,0.49818324203621905
68.0,Rhodotorula mucilaginosa,0.49818324203621905
68.0,Rhodotorula mucilaginosa,0.3998875516418371
68.0,Rhodotorula mucilaginosa,0.4282525161850813
68.0,Rhodotorula mucilaginosa,0.7477487352970568
68.0,Rhodotorula mucilaginosa,0.7477487352970568
68.0,Rhodotorula mucilaginosa,0.7477487352970568
68.0,Rhodotorula mucilaginosa,0.7477487352970568
68.0,Rhodotorula mucilaginosa,0.7477487352970568
68.0,Rhodotorula mucilaginosa,0.2696859885303471
68.0,Rhodotorula mucilaginosa,0.28664472414397624
68.0,Rhodotorula mucilaginosa,1.2763569240666066
68.0,Rhodotorula mucilaginosa,1.2763569240666066
68.0,Rhodotorula mucilaginosa,1.2763569240666066
68.0,Rhodotorula mucilaginosa,1.2763569240666066
68.0,Rhodotorula mucilaginosa,1.2763569240666066
69.0,Rhodotorula mucilaginosa,0.348493859968294
69.0,Rhodotorula mucilaginosa,0.3355144287970105
69.0,Rhodotorula mucilaginosa,0.21351561489974177
69.0,Rhodotorula mucilaginosa,0.262536346622363
69.0,Rhodotorula mucilaginosa,0.7892607378435208
69.0,Rhodotorula mucilaginosa,0.7892607378435208
69.0,Rhodotorula mucilaginosa,0.7892607378435208
69.0,Rhodotorula mucilaginosa,0.3309214514710025
69.0,Rhodotorula mucilaginosa,0.34287721959308376
69.0,Rhodotorula mucilaginosa,0.977566185918543
69.0,Rhodotorula mucilaginosa,0.977566185918543
69.0,Rhodotorula mucilaginosa,0.977566185918543
69.0,Rhodotorula mucilaginosa,0.977566185918543
69.0,Rhodotorula mucilaginosa,0.977566185918543
69.0,Rhodotorula mucilaginosa,0.33688506247477046
69.0,Rhodotorula mucilaginosa,0.32478189856941314
69.0,Rhodotorula mucilaginosa,0.746905501520782
69.0,Rhodotorula mucilaginosa,0.746905501520782
69.0,Rhodotorula mucilaginosa,0.746905501520782
69.0,Rhodotorula mucilaginosa,0.746905501520782
69.0,Rhodotorula mucilaginosa,0.746905501520782
69.0,Rhodotorula mucilaginosa,0.31839902185548397
69.0,Rhodotorula mucilaginosa,0.33626450733196966
69.0,Rhodotorula mucilaginosa,0.3706188581207809
69.0,Rhodotorula mucilaginosa,0.3706188581207809
69.0,Rhodotorula mucilaginosa,0.3706188581207809
69.0,Rhodotorula mucilaginosa,0.3706188581207809
69.0,Rhodotorula mucilaginosa,0.3706188581207809
71.0,Rhodotorula dairenensis,0.2819916423442682
71.0,Rhodotorula dairenensis,0.3043093123542422
71.0,Rhodotorula dairenensis,0.629762059541974
71.0,Rhodotorula dairenensis,0.7534342033480699
71.0,Rhodotorula dairenensis,0.629762059541974
71.0,Rhodotorula dairenensis,0.629762059541974
71.0,Rhodotorula dairenensis,0.629762059541974
71.0,Rhodotorula dairenensis,0.2651492775718507
71.0,Rhodotorula dairenensis,0.42328480550008346
71.0,Rhodotorula dairenensis,0.42328480550008346
71.0,Rhodotorula dairenensis,0.42328480550008346
71.0,Rhodotorula dairenensis,0.42328480550008346
71.0,Rhodotorula dairenensis,0.42328480550008346
71.0,Rhodotorula dairenensis,0.33048559888450174
71.0,Rhodotorula dairenensis,0.34128609098100277
71.0,Rhodotorula dairenensis,1.114364319520615
71.0,Rhodotorula dairenensis,1.114364319520615
71.0,Rhodotorula dairenensis,1.114364319520615
71.0,Rhodotorula dairenensis,1.114364319520615
71.0,Rhodotorula dairenensis,1.114364319520615
71.0,Rhodotorula dairenensis,0.27524369872419074
71.0,Rhodotorula dairenensis,0.30385919396380967
71.0,Rhodotorula dairenensis,0.30385919396380967
71.0,Rhodotorula dairenensis,0.30385919396380967
71.0,Rhodotorula dairenensis,0.30385919396380967
71.0,Rhodotorula dairenensis,0.30385919396380967
72.0,Rhodotorula mucilaginosa,0.38725622567259355
72.0,Rhodotorula mucilaginosa,0.38725622567259355
72.0,Rhodotorula mucilaginosa,0.2826022738025337
72.0,Rhodotorula mucilaginosa,0.17330006841379686
72.0,Rhodotorula mucilaginosa,0.2826022738025337
72.0,Rhodotorula mucilaginosa,0.2826022738025337
72.0,Rhodotorula mucilaginosa,0.2826022738025337
72.0,Rhodotorula mucilaginosa,0.3028159410224803
72.0,Rhodotorula mucilaginosa,0.3028159410224803
72.0,Rhodotorula mucilaginosa,-1.5098819802402603
72.0,Rhodotorula mucilaginosa,-1.5098819802402603
72.0,Rhodotorula mucilaginosa,-1.5098819802402603
72.0,Rhodotorula mucilaginosa,-1.5098819802402603
72.0,Rhodotorula mucilaginosa,0.4970923452149293
72.0,Rhodotorula mucilaginosa,0.3768130880657701
72.0,Rhodotorula mucilaginosa,0.33663736835608543
72.0,Rhodotorula mucilaginosa,-0.5070873209795911
72.0,Rhodotorula mucilaginosa,-0.5070873209795911
72.0,Rhodotorula mucilaginosa,0.07728691145321318
72.0,Rhodotorula mucilaginosa,-0.5070873209795911
72.0,Rhodotorula mucilaginosa,-0.5070873209795911
73.0,Rhodotorula mucilaginosa,0.2838070135160128
73.0,Rhodotorula mucilaginosa,0.2878050540102752
73.0,Rhodotorula mucilaginosa,0.599309425833483
73.0,Rhodotorula mucilaginosa,0.5804102875747604
73.0,Rhodotorula mucilaginosa,0.599309425833483
73.0,Rhodotorula mucilaginosa,0.30138655897127953
73.0,Rhodotorula mucilaginosa,0.30138655897127953
73.0,Rhodotorula mucilaginosa,0.3299356749695524
73.0,Rhodotorula mucilaginosa,0.3299356749695524
73.0,Rhodotorula mucilaginosa,0.802214707169182
73.0,Rhodotorula mucilaginosa,0.802214707169182
73.0,Rhodotorula mucilaginosa,0.802214707169182
73.0,Rhodotorula mucilaginosa,0.802214707169182
73.0,Rhodotorula mucilaginosa,0.802214707169182
73.0,Rhodotorula mucilaginosa,0.3398018557007551
73.0,Rhodotorula mucilaginosa,0.39693763528325887
73.0,Rhodotorula mucilaginosa,0.2976368173051388
73.0,Rhodotorula mucilaginosa,0.38938898195200433
73.0,Rhodotorula mucilaginosa,0.38938898195200433
73.0,Rhodotorula mucilaginosa,0.38938898195200433
73.0,Rhodotorula mucilaginosa,0.38938898195200433
73.0,Rhodotorula mucilaginosa,0.3145425526962685
73.0,Rhodotorula mucilaginosa,0.318307197428069
73.0,Rhodotorula mucilaginosa,0.08888518694527303
73.0,Rhodotorula mucilaginosa,0.08888518694527303
73.0,Rhodotorula mucilaginosa,-0.03181188197639674
73.0,Rhodotorula mucilaginosa,0.08888518694527303
73.0,Rhodotorula mucilaginosa,0.08888518694527303
74.0,Rhodotorula mucilaginosa,0.2983313357815145
74.0,Rhodotorula mucilaginosa,0.36310829593700733
74.0,Rhodotorula mucilaginosa,-0.13906395277993572
74.0,Rhodotorula mucilaginosa,-0.13906395277993572
74.0,Rhodotorula mucilaginosa,-0.13906395277993572
74.0,Rhodotorula mucilaginosa,-0.13906395277993572
74.0,Rhodotorula mucilaginosa,-0.13906395277993572
74.0,Rhodotorula mucilaginosa,0.3053400758025547
74.0,Rhodotorula mucilaginosa,0.3090788318279611
74.0,Rhodotorula mucilaginosa,1.1135021172695712
74.0,Rhodotorula mucilaginosa,1.1135021172695712
74.0,Rhodotorula mucilaginosa,1.1135021172695712
74.0,Rhodotorula mucilaginosa,1.1135021172695712
74.0,Rhodotorula mucilaginosa,1.1135021172695712
74.0,Rhodotorula mucilaginosa,0.35745905367365827
74.0,Rhodotorula mucilaginosa,0.37671389856671755
74.0,Rhodotorula mucilaginosa,0.8878863863920332
74.0,Rhodotorula mucilaginosa,0.8878863863920332
74.0,Rhodotorula mucilaginosa,0.8878863863920332
74.0,Rhodotorula mucilaginosa,0.8878863863920332
74.0,Rhodotorula mucilaginosa,0.8878863863920332
74.0,Rhodotorula mucilaginosa,0.29756426624099785
74.0,Rhodotorula mucilaginosa,0.2641062932165368
74.0,Rhodotorula mucilaginosa,0.643792170901221
74.0,Rhodotorula mucilaginosa,0.643792170901221
74.0,Rhodotorula mucilaginosa,0.09545638269509843
74.0,Rhodotorula mucilaginosa,0.643792170901221
74.0,Rhodotorula mucilaginosa,0.643792170901221
75.0,Rhodotorula mucilaginosa,0.37414082571471147
75.0,Rhodotorula mucilaginosa,0.40335551408245257
75.0,Rhodotorula mucilaginosa,0.715329298129168
75.0,Rhodotorula mucilaginosa,0.715329298129168
75.0,Rhodotorula mucilaginosa,0.3361464070829504
75.0,Rhodotorula mucilaginosa,0.3207733482445273
75.0,Rhodotorula mucilaginosa,1.262289570390446
75.0,Rhodotorula mucilaginosa,1.262289570390446
75.0,Rhodotorula mucilaginosa,1.262289570390446
75.0,Rhodotorula mucilaginosa,1.262289570390446
75.0,Rhodotorula mucilaginosa,1.262289570390446
75.0,Rhodotorula mucilaginosa,0.35436986334815435
75.0,Rhodotorula mucilaginosa,0.357937885443017
75.0,Rhodotorula mucilaginosa,0.8928546910297049
75.0,Rhodotorula mucilaginosa,0.29374049416791326
75.0,Rhodotorula mucilaginosa,0.8928546910297049
75.0,Rhodotorula mucilaginosa,0.8928546910297049
75.0,Rhodotorula mucilaginosa,0.8928546910297049
75.0,Rhodotorula mucilaginosa,0.3033999059710705
75.0,Rhodotorula mucilaginosa,0.2872940599806944
75.0,Rhodotorula mucilaginosa,1.387013333131596
75.0,Rhodotorula mucilaginosa,1.387013333131596
75.0,Rhodotorula mucilaginosa,1.387013333131596
75.0,Rhodotorula mucilaginosa,1.387013333131596
75.0,Rhodotorula mucilaginosa,1.387013333131596
76.0,Rhodotorula mucilaginosa,0.4051518595398839
76.0,Rhodotorula mucilaginosa,0.4051518595398839
76.0,Rhodotorula mucilaginosa,0.2828592272023551
76.0,Rhodotorula mucilaginosa,0.2828592272023551
76.0,Rhodotorula mucilaginosa,0.2828592272023551
76.0,Rhodotorula mucilaginosa,0.2709039221809514
76.0,Rhodotorula mucilaginosa,0.2828592272023551
76.0,Rhodotorula mucilaginosa,0.3071461618236455
76.0,Rhodotorula mucilaginosa,0.3145032863397372
76.0,Rhodotorula mucilaginosa,0.768502633566565
76.0,Rhodotorula mucilaginosa,0.8202621151013298
76.0,Rhodotorula mucilaginosa,0.8202621151013298
76.0,Rhodotorula mucilaginosa,0.8202621151013298
76.0,Rhodotorula mucilaginosa,0.8202621151013298
76.0,Rhodotorula mucilaginosa,0.38312579296719046
76.0,Rhodotorula mucilaginosa,0.38312579296719046
76.0,Rhodotorula mucilaginosa,1.0493993101041583
76.0,Rhodotorula mucilaginosa,1.0493993101041583
76.0,Rhodotorula mucilaginosa,1.0493993101041583
76.0,Rhodotorula mucilaginosa,1.0493993101041583
76.0,Rhodotorula mucilaginosa,1.0493993101041583
76.0,Rhodotorula mucilaginosa,0.35942276053795313
76.0,Rhodotorula mucilaginosa,0.3925685948009137
76.0,Rhodotorula mucilaginosa,0.9845253056061095
76.0,Rhodotorula mucilaginosa,0.8852466763367388
76.0,Rhodotorula mucilaginosa,0.8610918765554597
76.0,Rhodotorula mucilaginosa,0.8610918765554597
76.0,Rhodotorula mucilaginosa,0.8610918765554597
77.0,Rhodotorula mucilaginosa,0.29859431302121303
77.0,Rhodotorula mucilaginosa,0.017986397242890365
77.0,Rhodotorula mucilaginosa,0.017986397242890365
77.0,Rhodotorula mucilaginosa,0.017986397242890365
77.0,Rhodotorula mucilaginosa,0.017986397242890365
77.0,Rhodotorula mucilaginosa,0.017986397242890365
77.0,Rhodotorula mucilaginosa,0.017986397242890365
77.0,Rhodotorula mucilaginosa,0.4573118301259191
77.0,Rhodotorula mucilaginosa,0.41590867712818613
77.0,Rhodotorula mucilaginosa,0.6642735057638303
77.0,Rhodotorula mucilaginosa,0.6642735057638303
77.0,Rhodotorula mucilaginosa,0.6642735057638303
77.0,Rhodotorula mucilaginosa,0.6642735057638303
77.0,Rhodotorula mucilaginosa,0.6642735057638303
77.0,Rhodotorula mucilaginosa,0.333877509899319
77.0,Rhodotorula mucilaginosa,0.36707815102607544
77.0,Rhodotorula mucilaginosa,0.4214832054047503
77.0,Rhodotorula mucilaginosa,0.4214832054047503
77.0,Rhodotorula mucilaginosa,0.4214832054047503
77.0,Rhodotorula mucilaginosa,0.4214832054047503
77.0,Rhodotorula mucilaginosa,0.4214832054047503
77.0,Rhodotorula mucilaginosa,0.33139663341180386
77.0,Rhodotorula mucilaginosa,0.3617400936875034
77.0,Rhodotorula mucilaginosa,-0.1938436292637633
77.0,Rhodotorula mucilaginosa,-0.1938436292637633
77.0,Rhodotorula mucilaginosa,-0.1938436292637633
77.0,Rhodotorula mucilaginosa,-0.1938436292637633
77.0,Rhodotorula mucilaginosa,-0.1938436292637633
78.0,Rhodotorula mucilaginosa,0.33590929188869734
78.0,Rhodotorula mucilaginosa,0.30883168207112566
78.0,Rhodotorula mucilaginosa,0.36109242736501607
78.0,Rhodotorula mucilaginosa,0.30883168207112566
78.0,Rhodotorula mucilaginosa,0.30883168207112566
78.0,Rhodotorula mucilaginosa,0.30883168207112566
78.0,Rhodotorula mucilaginosa,0.30883168207112566
78.0,Rhodotorula mucilaginosa,0.3581107254593672
78.0,Rhodotorula mucilaginosa,0.35472269098238185
78.0,Rhodotorula mucilaginosa,0.8401004842340933
78.0,Rhodotorula mucilaginosa,0.8401004842340933
78.0,Rhodotorula mucilaginosa,0.8401004842340933
78.0,Rhodotorula mucilaginosa,0.8401004842340933
78.0,Rhodotorula mucilaginosa,0.8401004842340933
78.0,Rhodotorula mucilaginosa,0.35896165881908765
78.0,Rhodotorula mucilaginosa,0.35263280504164746
78.0,Rhodotorula mucilaginosa,0.6805289012101354
78.0,Rhodotorula mucilaginosa,0.6805289012101354
78.0,Rhodotorula mucilaginosa,0.6805289012101354
78.0,Rhodotorula mucilaginosa,0.5612893674716602
78.0,Rhodotorula mucilaginosa,0.6805289012101354
78.0,Rhodotorula mucilaginosa,0.30190820783413613
78.0,Rhodotorula mucilaginosa,0.34327849759208395
78.0,Rhodotorula mucilaginosa,0.09364302813674416
78.0,Rhodotorula mucilaginosa,0.09364302813674416
78.0,Rhodotorula mucilaginosa,0.09364302813674416
78.0,Rhodotorula mucilaginosa,0.09364302813674416
78.0,Rhodotorula mucilaginosa,0.09364302813674416
79.0,Rhodotorula mucilaginosa,0.3230416162797758
79.0,Rhodotorula mucilaginosa,0.34127548819444786
79.0,Rhodotorula mucilaginosa,0.5855320729469087
79.0,Rhodotorula mucilaginosa,0.6277120737960478
79.0,Rhodotorula mucilaginosa,0.5855320729469087
79.0,Rhodotorula mucilaginosa,0.5855320729469087
79.0,Rhodotorula mucilaginosa,0.5855320729469087
79.0,Rhodotorula mucilaginosa,0.484722147328249
79.0,Rhodotorula mucilaginosa,0.6952274395182342
79.0,Rhodotorula mucilaginosa,0.6952274395182342
79.0,Rhodotorula mucilaginosa,0.6952274395182342
79.0,Rhodotorula mucilaginosa,0.6952274395182342
79.0,Rhodotorula mucilaginosa,0.6952274395182342
79.0,Rhodotorula mucilaginosa,0.4201699061936825
79.0,Rhodotorula mucilaginosa,0.3335283791154259
79.0,Rhodotorula mucilaginosa,0.9382281601170801
79.0,Rhodotorula mucilaginosa,0.9382281601170801
79.0,Rhodotorula mucilaginosa,0.9382281601170801
79.0,Rhodotorula mucilaginosa,0.9382281601170801
79.0,Rhodotorula mucilaginosa,0.9382281601170801
79.0,Rhodotorula mucilaginosa,0.345949664388098
79.0,Rhodotorula mucilaginosa,0.1708863440784812
79.0,Rhodotorula mucilaginosa,0.1708863440784812
80.0,Rhodotorula pacifica,0.3158847800024264
80.0,Rhodotorula pacifica,0.3328731424074523
80.0,Rhodotorula pacifica,0.5800079074504992
80.0,Rhodotorula pacifica,0.5800079074504992
80.0,Rhodotorula pacifica,0.5800079074504992
80.0,Rhodotorula pacifica,0.5800079074504992
80.0,Rhodotorula pacifica,0.5800079074504992
80.0,Rhodotorula pacifica,0.28021545668963577
80.0,Rhodotorula pacifica,0.3358290744645319
80.0,Rhodotorula pacifica,0.3642120015938315
80.0,Rhodotorula pacifica,0.3642120015938315
80.0,Rhodotorula pacifica,0.3642120015938315
80.0,Rhodotorula pacifica,0.3642120015938315
80.0,Rhodotorula pacifica,0.3642120015938315
80.0,Rhodotorula pacifica,0.3124389456061189
80.0,Rhodotorula pacifica,0.3731369533281409
80.0,Rhodotorula pacifica,0.8115486697371593
80.0,Rhodotorula pacifica,0.29263068300489964
80.0,Rhodotorula pacifica,0.36373357661938466
81.0,Rhodotorula mucilaginosa,0.31721688686517907
81.0,Rhodotorula mucilaginosa,0.31721688686517907
81.0,Rhodotorula mucilaginosa,0.8143190411839507
81.0,Rhodotorula mucilaginosa,0.8143190411839507
81.0,Rhodotorula mucilaginosa,0.8143190411839507
81.0,Rhodotorula mucilaginosa,0.8143190411839507
81.0,Rhodotorula mucilaginosa,0.8143190411839507
81.0,Rhodotorula mucilaginosa,0.32831842323508265
81.0,Rhodotorula mucilaginosa,0.7111532234794986
81.0,Rhodotorula mucilaginosa,0.7111532234794986
81.0,Rhodotorula mucilaginosa,0.31772021655180543
81.0,Rhodotorula mucilaginosa,0.7111532234794986
81.0,Rhodotorula mucilaginosa,0.7111532234794986
81.0,Rhodotorula mucilaginosa,0.7111532234794986
81.0,Rhodotorula mucilaginosa,0.3658761626507453
81.0,Rhodotorula mucilaginosa,0.3658761626507453
81.0,Rhodotorula mucilaginosa,1.1394763543313204
81.0,Rhodotorula mucilaginosa,1.1394763543313204
81.0,Rhodotorula mucilaginosa,1.1394763543313204
81.0,Rhodotorula mucilaginosa,0.6967432584630091
81.0,Rhodotorula mucilaginosa,1.1394763543313204
81.0,Rhodotorula mucilaginosa,0.27934534625808555
81.0,Rhodotorula mucilaginosa,0.30163299897434676
81.0,Rhodotorula mucilaginosa,0.3642273604528436
81.0,Rhodotorula mucilaginosa,0.3642273604528436
81.0,Rhodotorula mucilaginosa,0.3642273604528436
81.0,Rhodotorula mucilaginosa,0.3642273604528436
81.0,Rhodotorula mucilaginosa,0.3642273604528436
83.0,Rhodotorula mucilaginosa,0.31336988890337625
83.0,Rhodotorula mucilaginosa,0.3393913935877831
83.0,Rhodotorula mucilaginosa,0.34966359888716264
83.0,Rhodotorula mucilaginosa,0.34966359888716264
83.0,Rhodotorula mucilaginosa,0.34966359888716264
83.0,Rhodotorula mucilaginosa,0.34966359888716264
83.0,Rhodotorula mucilaginosa,0.34966359888716264
83.0,Rhodotorula mucilaginosa,-0.396747968458439
83.0,Rhodotorula mucilaginosa,-0.396747968458439
83.0,Rhodotorula mucilaginosa,-0.396747968458439
83.0,Rhodotorula mucilaginosa,-0.396747968458439
83.0,Rhodotorula mucilaginosa,0.40084326907592255
83.0,Rhodotorula mucilaginosa,0.3887868782469433
83.0,Rhodotorula mucilaginosa,0.4854639103551783
83.0,Rhodotorula mucilaginosa,0.6792932540966132
83.0,Rhodotorula mucilaginosa,0.4854639103551783
83.0,Rhodotorula mucilaginosa,0.4854639103551783
83.0,Rhodotorula mucilaginosa,0.4854639103551783
83.0,Rhodotorula mucilaginosa,0.3282582980088759
83.0,Rhodotorula mucilaginosa,0.3282582980088759
83.0,Rhodotorula mucilaginosa,0.7824147010358539
83.0,Rhodotorula mucilaginosa,0.7824147010358539
83.0,Rhodotorula mucilaginosa,0.7824147010358539
83.0,Rhodotorula mucilaginosa,0.7824147010358539
83.0,Rhodotorula mucilaginosa,0.7824147010358539
84.0,Rhodotorula paludigena,0.3858856620384327
84.0,Rhodotorula paludigena,0.1247922101720626
84.0,Rhodotorula paludigena,0.1247922101720626
84.0,Rhodotorula paludigena,0.1247922101720626
84.0,Rhodotorula paludigena,0.1247922101720626
84.0,Rhodotorula paludigena,0.1247922101720626
84.0,Rhodotorula paludigena,0.1247922101720626
85.0,Rhodotorula paludigena,0.30738944974049903
85.0,Rhodotorula paludigena,0.29880789466702146
85.0,Rhodotorula paludigena,0.09082585823936212
85.0,Rhodotorula paludigena,0.09082585823936212
85.0,Rhodotorula paludigena,0.09082585823936212
85.0,Rhodotorula paludigena,0.09082585823936212
85.0,Rhodotorula paludigena,0.09082585823936212
85.0,Rhodotorula paludigena,0.31996689688558144
85.0,Rhodotorula paludigena,0.351799884107662
85.0,Rhodotorula paludigena,0.40018452398715704
85.0,Rhodotorula paludigena,0.40018452398715704
85.0,Rhodotorula paludigena,0.40018452398715704
85.0,Rhodotorula paludigena,0.40018452398715704
85.0,Rhodotorula paludigena,0.40018452398715704
86.0,Rhodotorula mucilaginosa,0.27161923610067307
86.0,Rhodotorula mucilaginosa,0.294712715893192
86.0,Rhodotorula mucilaginosa,0.4050117521624673
86.0,Rhodotorula mucilaginosa,0.4050117521624673
86.0,Rhodotorula mucilaginosa,0.4050117521624673
86.0,Rhodotorula mucilaginosa,0.4050117521624673
86.0,Rhodotorula mucilaginosa,0.3693503594046042
86.0,Rhodotorula mucilaginosa,0.3693503594046042
86.0,Rhodotorula mucilaginosa,0.8594746632429535
86.0,Rhodotorula mucilaginosa,0.8594746632429535
86.0,Rhodotorula mucilaginosa,0.8594746632429535
86.0,Rhodotorula mucilaginosa,0.8594746632429535
86.0,Rhodotorula mucilaginosa,0.8594746632429535
86.0,Rhodotorula mucilaginosa,0.35767784247656886
86.0,Rhodotorula mucilaginosa,0.4497074406742697
86.0,Rhodotorula mucilaginosa,0.4497074406742697
86.0,Rhodotorula mucilaginosa,0.4497074406742697
86.0,Rhodotorula mucilaginosa,0.4497074406742697
86.0,Rhodotorula mucilaginosa,0.4497074406742697
86.0,Rhodotorula mucilaginosa,0.4337083953086043
86.0,Rhodotorula mucilaginosa,-0.04262289734438395
86.0,Rhodotorula mucilaginosa,-0.04262289734438395
86.0,Rhodotorula mucilaginosa,-0.04262289734438395
86.0,Rhodotorula mucilaginosa,-0.04262289734438395
86.0,Rhodotorula mucilaginosa,-0.04262289734438395
88.0,Rhodotorula toruloides,0.3399375038146496
88.0,Rhodotorula toruloides,0.012134968261421285
88.0,Rhodotorula toruloides,0.012134968261421285
88.0,Rhodotorula toruloides,0.012134968261421285
88.0,Rhodotorula toruloides,0.3064792932275416
88.0,Rhodotorula toruloides,0.2520089412504462
88.0,Rhodotorula toruloides,0.40689286778205375
88.0,Rhodotorula toruloides,0.40689286778205375
88.0,Rhodotorula toruloides,0.40689286778205375
88.0,Rhodotorula toruloides,0.40689286778205375
88.0,Rhodotorula toruloides,0.40689286778205375
88.0,Rhodotorula toruloides,0.36671087650342715
88.0,Rhodotorula toruloides,0.2915703830956666
88.0,Rhodotorula toruloides,0.4345353024352394
88.0,Rhodotorula toruloides,0.3910007922273913
88.0,Rhodotorula toruloides,0.3910007922273913
88.0,Rhodotorula toruloides,0.3910007922273913
88.0,Rhodotorula toruloides,0.3910007922273913
89.0,Rhodotorula mucilaginosa,0.3151025966323477
89.0,Rhodotorula mucilaginosa,0.328090891614352
89.0,Rhodotorula mucilaginosa,0.7844533789233257
89.0,Rhodotorula mucilaginosa,0.7844533789233257
89.0,Rhodotorula mucilaginosa,0.7844533789233257
89.0,Rhodotorula mucilaginosa,0.7844533789233257
89.0,Rhodotorula mucilaginosa,0.7844533789233257
89.0,Rhodotorula mucilaginosa,0.3475374325029425
89.0,Rhodotorula mucilaginosa,0.39973222120595614
89.0,Rhodotorula mucilaginosa,0.6956492709448096
89.0,Rhodotorula mucilaginosa,0.6956492709448096
89.0,Rhodotorula mucilaginosa,0.8892197690885587
89.0,Rhodotorula mucilaginosa,0.6956492709448096
89.0,Rhodotorula mucilaginosa,0.6956492709448096
89.0,Rhodotorula mucilaginosa,-0.22301705527940113
89.0,Rhodotorula mucilaginosa,-0.3017138330686248
89.0,Rhodotorula mucilaginosa,-0.3017138330686248
89.0,Rhodotorula mucilaginosa,-0.3017138330686248
89.0,Rhodotorula mucilaginosa,0.2821174470773319
89.0,Rhodotorula mucilaginosa,0.31984276539332834
89.0,Rhodotorula mucilaginosa,-0.13548659654238465
89.0,Rhodotorula mucilaginosa,-0.13548659654238465
89.0,Rhodotorula mucilaginosa,-0.13548659654238465
89.0,Rhodotorula mucilaginosa,-0.13548659654238465
89.0,Rhodotorula mucilaginosa,-0.13548659654238465
91.0,Rhodotorula diobovata,0.29664260520400587
91.0,Rhodotorula diobovata,0.3599928481450664
91.0,Rhodotorula diobovata,0.27627092894949057
91.0,Rhodotorula diobovata,0.27627092894949057
91.0,Rhodotorula diobovata,0.27627092894949057
91.0,Rhodotorula diobovata,0.27627092894949057
91.0,Rhodotorula diobovata,0.27627092894949057
91.0,Rhodotorula diobovata,0.4075344813509802
91.0,Rhodotorula diobovata,0.40393793071564976
91.0,Rhodotorula diobovata,0.4264791508197301
91.0,Rhodotorula diobovata,0.0241267371392994
91.0,Rhodotorula diobovata,0.0241267371392994
91.0,Rhodotorula diobovata,0.0241267371392994
91.0,Rhodotorula diobovata,0.0241267371392994
91.0,Rhodotorula diobovata,0.4034364958082538
91.0,Rhodotorula diobovata,0.4718833627315926
91.0,Rhodotorula diobovata,0.33485690458696843
91.0,Rhodotorula diobovata,0.33485690458696843
91.0,Rhodotorula diobovata,0.5806645027773392
91.0,Rhodotorula diobovata,0.33485690458696843
91.0,Rhodotorula diobovata,0.33485690458696843
91.0,Rhodotorula diobovata,0.3846429245072936
91.0,Rhodotorula diobovata,0.43204496405656284
91.0,Rhodotorula diobovata,-0.8586157346323599
91.0,Rhodotorula diobovata,-0.8586157346323599
91.0,Rhodotorula diobovata,-0.8586157346323599
91.0,Rhodotorula diobovata,-0.8586157346323599
91.0,Rhodotorula diobovata,-0.8586157346323599
92.0,Rhodotorula taiwanensis,0.38081232391088515
92.0,Rhodotorula taiwanensis,0.45516387325059343
92.0,Rhodotorula taiwanensis,0.8162258343069815
92.0,Rhodotorula taiwanensis,0.8162258343069815
92.0,Rhodotorula taiwanensis,0.8162258343069815
92.0,Rhodotorula taiwanensis,0.8162258343069815
92.0,Rhodotorula taiwanensis,0.31648318275378423
92.0,Rhodotorula taiwanensis,0.31648318275378423
92.0,Rhodotorula taiwanensis,0.232107653718516
92.0,Rhodotorula taiwanensis,0.232107653718516
92.0,Rhodotorula taiwanensis,0.232107653718516
92.0,Rhodotorula taiwanensis,0.232107653718516
92.0,Rhodotorula taiwanensis,0.7966756413425025
92.0,Rhodotorula taiwanensis,0.587262337979615
92.0,Rhodotorula taiwanensis,0.19990990446069626
92.0,Rhodotorula taiwanensis,0.19990990446069626
92.0,Rhodotorula taiwanensis,0.19990990446069626
92.0,Rhodotorula taiwanensis,0.19990990446069626
92.0,Rhodotorula taiwanensis,0.19990990446069626
92.0,Rhodotorula taiwanensis,0.2791402522341888
92.0,Rhodotorula taiwanensis,0.3439219858243078
92.0,Rhodotorula taiwanensis,0.4649255114896409
92.0,Rhodotorula taiwanensis,0.4649255114896409
92.0,Rhodotorula taiwanensis,0.4649255114896409
92.0,Rhodotorula taiwanensis,0.4649255114896409
92.0,Rhodotorula taiwanensis,0.4649255114896409
93.0,Rhodotorula paludigena,0.359241094375108
93.0,Rhodotorula paludigena,-0.24084892646251455
93.0,Rhodotorula paludigena,-0.24084892646251455
93.0,Rhodotorula paludigena,-0.24084892646251455
93.0,Rhodotorula paludigena,0.32367335959947946
93.0,Rhodotorula paludigena,0.145244742129576
93.0,Rhodotorula paludigena,0.145244742129576
93.0,Rhodotorula paludigena,0.145244742129576
93.0,Rhodotorula paludigena,0.145244742129576
93.0,Rhodotorula paludigena,0.145244742129576
93.0,Rhodotorula paludigena,0.2944639523316205
93.0,Rhodotorula paludigena,0.3367472606236616
93.0,Rhodotorula paludigena,0.16176725001306602
94.0,Rhodotorula paludigena,0.3447392184057793
94.0,Rhodotorula paludigena,0.35040384756840864
94.0,Rhodotorula paludigena,0.220467477789345
94.0,Rhodotorula paludigena,0.220467477789345
94.0,Rhodotorula paludigena,0.220467477789345
94.0,Rhodotorula paludigena,0.220467477789345
94.0,Rhodotorula paludigena,0.220467477789345
95.0,Rhodotorula mucilaginosa,0.32899647660126385
95.0,Rhodotorula mucilaginosa,0.2921298328025008
95.0,Rhodotorula mucilaginosa,0.6407138814102361
95.0,Rhodotorula mucilaginosa,0.38396916851794427
95.0,Rhodotorula mucilaginosa,0.4001652034272648
95.0,Rhodotorula mucilaginosa,0.4058679792131159
95.0,Rhodotorula mucilaginosa,0.7913741169586089
95.0,Rhodotorula mucilaginosa,0.7184235366153451
95.0,Rhodotorula mucilaginosa,0.7913741169586089
95.0,Rhodotorula mucilaginosa,0.7913741169586089
95.0,Rhodotorula mucilaginosa,0.2876885459005139
95.0,Rhodotorula mucilaginosa,0.28387221947067676
95.0,Rhodotorula mucilaginosa,0.42808540650665805
95.0,Rhodotorula mucilaginosa,0.42808540650665805
95.0,Rhodotorula mucilaginosa,0.42808540650665805
95.0,Rhodotorula mucilaginosa,0.42808540650665805
95.0,Rhodotorula mucilaginosa,0.42808540650665805
95.0,Rhodotorula mucilaginosa,-0.49329126720833444
95.0,Rhodotorula mucilaginosa,0.7206231447500927
95.0,Rhodotorula mucilaginosa,0.7206231447500927
95.0,Rhodotorula mucilaginosa,0.7206231447500927
95.0,Rhodotorula mucilaginosa,0.7206231447500927
95.0,Rhodotorula mucilaginosa,0.7206231447500927
96.0,Rhodotorula toruloides,0.29375953858502957
96.0,Rhodotorula toruloides,-0.1468809958120328
96.0,Rhodotorula toruloides,-0.1468809958120328
96.0,Rhodotorula toruloides,-0.1468809958120328
96.0,Rhodotorula toruloides,0.3873772504606328
96.0,Rhodotorula toruloides,0.35624792375094055
96.0,Rhodotorula toruloides,0.3924807094920112
96.0,Rhodotorula toruloides,0.6723024777524047
96.0,Rhodotorula toruloides,0.5593749385019163
96.0,Rhodotorula toruloides,0.5593749385019163
96.0,Rhodotorula toruloides,0.5593749385019163
96.0,Rhodotorula toruloides,0.2603198632805842
96.0,Rhodotorula toruloides,0.05378482605834697
96.0,Rhodotorula toruloides,0.05378482605834697
96.0,Rhodotorula toruloides,0.05378482605834697
96.0,Rhodotorula toruloides,0.05378482605834697
96.0,Rhodotorula toruloides,0.2939231330731706
96.0,Rhodotorula toruloides,-0.2721520797734741
96.0,Rhodotorula toruloides,-0.2721520797734741
96.0,Rhodotorula toruloides,-0.2721520797734741
96.0,Rhodotorula toruloides,-0.2721520797734741
96.0,Rhodotorula toruloides,-0.2721520797734741
97.0,Rhodotorula mucilaginosa,0.2792767944486753
97.0,Rhodotorula mucilaginosa,0.2536992689893322
97.0,Rhodotorula mucilaginosa,1.0379356274770175
97.0,Rhodotorula mucilaginosa,1.0379356274770175
97.0,Rhodotorula mucilaginosa,1.0379356274770175
97.0,Rhodotorula mucilaginosa,1.0379356274770175
97.0,Rhodotorula mucilaginosa,1.0379356274770175
97.0,Rhodotorula mucilaginosa,0.22805471315583453
97.0,Rhodotorula mucilaginosa,0.29361210901435536
97.0,Rhodotorula mucilaginosa,0.3530095977449008
97.0,Rhodotorula mucilaginosa,0.3530095977449008
97.0,Rhodotorula mucilaginosa,0.3530095977449008
97.0,Rhodotorula mucilaginosa,0.3530095977449008
97.0,Rhodotorula mucilaginosa,0.3530095977449008
97.0,Rhodotorula mucilaginosa,0.24026057439368642
97.0,Rhodotorula mucilaginosa,0.30088263342046734
97.0,Rhodotorula mucilaginosa,0.7668500887591021
97.0,Rhodotorula mucilaginosa,0.7668500887591021
97.0,Rhodotorula mucilaginosa,0.7668500887591021
97.0,Rhodotorula mucilaginosa,0.7668500887591021
97.0,Rhodotorula mucilaginosa,0.7668500887591021
97.0,Rhodotorula mucilaginosa,0.3627004005954271
97.0,Rhodotorula mucilaginosa,0.4710113452356518
97.0,Rhodotorula mucilaginosa,0.2856138431964965
97.0,Rhodotorula mucilaginosa,0.2856138431964965
97.0,Rhodotorula mucilaginosa,0.2856138431964965
97.0,Rhodotorula mucilaginosa,0.2856138431964965
97.0,Rhodotorula mucilaginosa,0.2856138431964965
98.0,Rhodotorula mucilaginosa,0.3249057886890178
98.0,Rhodotorula mucilaginosa,0.3172971911476459
98.0,Rhodotorula mucilaginosa,0.6972174183626422
98.0,Rhodotorula mucilaginosa,0.6972174183626422
98.0,Rhodotorula mucilaginosa,0.6972174183626422
98.0,Rhodotorula mucilaginosa,0.6972174183626422
98.0,Rhodotorula mucilaginosa,0.6972174183626422
98.0,Rhodotorula mucilaginosa,0.44272289734036024
98.0,Rhodotorula mucilaginosa,0.44272289734036024
98.0,Rhodotorula mucilaginosa,0.43799441110240445
98.0,Rhodotorula mucilaginosa,0.5509075489654889
98.0,Rhodotorula mucilaginosa,0.26411643716245975
98.0,Rhodotorula mucilaginosa,0.26411643716245975
98.0,Rhodotorula mucilaginosa,0.26411643716245975
98.0,Rhodotorula mucilaginosa,0.27413734501422765
98.0,Rhodotorula mucilaginosa,0.27995443135210757
98.0,Rhodotorula mucilaginosa,0.5861569274142153
98.0,Rhodotorula mucilaginosa,0.5861569274142153
98.0,Rhodotorula mucilaginosa,0.5861569274142153
98.0,Rhodotorula mucilaginosa,0.5861569274142153
98.0,Rhodotorula mucilaginosa,0.5861569274142153
98.0,Rhodotorula mucilaginosa,0.30509227875040573
98.0,Rhodotorula mucilaginosa,0.30509227875040573
98.0,Rhodotorula mucilaginosa,0.3747995883192556
98.0,Rhodotorula mucilaginosa,0.3747995883192556
98.0,Rhodotorula mucilaginosa,0.3747995883192556
98.0,Rhodotorula mucilaginosa,0.3747995883192556
98.0,Rhodotorula mucilaginosa,0.3747995883192556
99.0,Rhodotorula mucilaginosa,0.3362513736615588
99.0,Rhodotorula mucilaginosa,0.2909959791824684
99.0,Rhodotorula mucilaginosa,0.2909959791824684
99.0,Rhodotorula mucilaginosa,0.2650772456522722
99.0,Rhodotorula mucilaginosa,0.2650772456522722
99.0,Rhodotorula mucilaginosa,0.2650772456522722
99.0,Rhodotorula mucilaginosa,0.2650772456522722
99.0,Rhodotorula mucilaginosa,0.42044223391507357
99.0,Rhodotorula mucilaginosa,0.42044223391507357
99.0,Rhodotorula mucilaginosa,0.31177229455456407
99.0,Rhodotorula mucilaginosa,0.31177229455456407
99.0,Rhodotorula mucilaginosa,0.31177229455456407
99.0,Rhodotorula mucilaginosa,0.31177229455456407
99.0,Rhodotorula mucilaginosa,0.31177229455456407
99.0,Rhodotorula mucilaginosa,0.3016349765151601
99.0,Rhodotorula mucilaginosa,0.3353459109439495
99.0,Rhodotorula mucilaginosa,0.5111379970394191
99.0,Rhodotorula mucilaginosa,0.5123920052509242
99.0,Rhodotorula mucilaginosa,0.5111379970394191
99.0,Rhodotorula mucilaginosa,0.5111379970394191
99.0,Rhodotorula mucilaginosa,0.5111379970394191
99.0,Rhodotorula mucilaginosa,0.334529751114154
99.0,Rhodotorula mucilaginosa,0.3496095394112647
99.0,Rhodotorula mucilaginosa,0.29018403116695285
99.0,Rhodotorula mucilaginosa,0.29018403116695285
99.0,Rhodotorula mucilaginosa,0.29018403116695285
99.0,Rhodotorula mucilaginosa,0.29018403116695285
99.0,Rhodotorula mucilaginosa,0.29018403116695285
100.0,Rhodotorula mucilaginosa,0.2967405002162142
100.0,Rhodotorula mucilaginosa,0.2782525831004396
100.0,Rhodotorula mucilaginosa,0.2967405002162142
100.0,Rhodotorula mucilaginosa,-0.007904431218021334
100.0,Rhodotorula mucilaginosa,-0.007904431218021334
100.0,Rhodotorula mucilaginosa,-0.007904431218021334
100.0,Rhodotorula mucilaginosa,-0.007904431218021334
100.0,Rhodotorula mucilaginosa,0.4128707146559747
100.0,Rhodotorula mucilaginosa,0.44472026337116105
100.0,Rhodotorula mucilaginosa,0.8897944478549679
100.0,Rhodotorula mucilaginosa,0.8897944478549679
100.0,Rhodotorula mucilaginosa,0.8897944478549679
100.0,Rhodotorula mucilaginosa,0.8897944478549679
100.0,Rhodotorula mucilaginosa,0.8897944478549679
100.0,Rhodotorula mucilaginosa,0.3437569098358305
100.0,Rhodotorula mucilaginosa,0.33304108300260915
100.0,Rhodotorula mucilaginosa,0.3007706362548047
100.0,Rhodotorula mucilaginosa,0.3007706362548047
100.0,Rhodotorula mucilaginosa,0.45329856153016373
100.0,Rhodotorula mucilaginosa,0.3007706362548047
100.0,Rhodotorula mucilaginosa,0.3007706362548047
100.0,Rhodotorula mucilaginosa,0.3272700767015864
100.0,Rhodotorula mucilaginosa,0.3381456512609044
100.0,Rhodotorula mucilaginosa,0.34656334472094724
100.0,Rhodotorula mucilaginosa,0.46041005367950616
100.0,Rhodotorula mucilaginosa,0.4869519337409981
100.0,Rhodotorula mucilaginosa,0.4869519337409981
100.0,Rhodotorula mucilaginosa,0.4869519337409981
101.0,Rhodotorula sphaerocarpa,0.3394854908895049
101.0,Rhodotorula sphaerocarpa,0.3394854908895049
101.0,Rhodotorula sphaerocarpa,0.484640639388065
101.0,Rhodotorula sphaerocarpa,0.3158548157402415
101.0,Rhodotorula sphaerocarpa,0.4258960641468639
101.0,Rhodotorula sphaerocarpa,0.4258960641468639
101.0,Rhodotorula sphaerocarpa,0.4258960641468639
102.0,Rhodotorula paludigena,0.43212785428355077
102.0,Rhodotorula paludigena,0.054163819569854006
102.0,Rhodotorula paludigena,0.054163819569854006
102.0,Rhodotorula paludigena,0.054163819569854006
102.0,Rhodotorula paludigena,0.054163819569854006
102.0,Rhodotorula paludigena,0.054163819569854006
103.0,Rhodotorula paludigena,0.3447008385384365
103.0,Rhodotorula paludigena,0.3447008385384365
103.0,Rhodotorula paludigena,0.42168067146502936
103.0,Rhodotorula paludigena,0.42168067146502936
103.0,Rhodotorula paludigena,0.42168067146502936
103.0,Rhodotorula paludigena,0.42168067146502936
103.0,Rhodotorula paludigena,0.42168067146502936
104.0,Rhodotorula mucilaginosa,0.43661787680519176
104.0,Rhodotorula mucilaginosa,0.43661787680519176
104.0,Rhodotorula mucilaginosa,0.41357286775975083
104.0,Rhodotorula mucilaginosa,0.40706111736013356
104.0,Rhodotorula mucilaginosa,0.40706111736013356
104.0,Rhodotorula mucilaginosa,0.40706111736013356
104.0,Rhodotorula mucilaginosa,0.40706111736013356
104.0,Rhodotorula mucilaginosa,0.2836498278318381
104.0,Rhodotorula mucilaginosa,0.2863063706831089
104.0,Rhodotorula mucilaginosa,0.45769305963656126
104.0,Rhodotorula mucilaginosa,0.45769305963656126
104.0,Rhodotorula mucilaginosa,0.45769305963656126
104.0,Rhodotorula mucilaginosa,0.45769305963656126
104.0,Rhodotorula mucilaginosa,0.45769305963656126
104.0,Rhodotorula mucilaginosa,0.3290946648380537
104.0,Rhodotorula mucilaginosa,0.3457104388105368
104.0,Rhodotorula mucilaginosa,0.5324273722831124
104.0,Rhodotorula mucilaginosa,0.5324273722831124
104.0,Rhodotorula mucilaginosa,0.5324273722831124
104.0,Rhodotorula mucilaginosa,0.5324273722831124
104.0,Rhodotorula mucilaginosa,0.5324273722831124
104.0,Rhodotorula mucilaginosa,0.31450581207328426
104.0,Rhodotorula mucilaginosa,0.31450581207328426
104.0,Rhodotorula mucilaginosa,1.0481702097094312
104.0,Rhodotorula mucilaginosa,1.0481702097094312
104.0,Rhodotorula mucilaginosa,1.0481702097094312
104.0,Rhodotorula mucilaginosa,1.0481702097094312
104.0,Rhodotorula mucilaginosa,1.0481702097094312
105.0,Rhodotorula toruloides,0.27761274570146083
105.0,Rhodotorula toruloides,0.30365125180760805
105.0,Rhodotorula toruloides,0.43744810814438384
105.0,Rhodotorula toruloides,0.43744810814438384
105.0,Rhodotorula toruloides,0.43744810814438384
105.0,Rhodotorula toruloides,0.43744810814438384
105.0,Rhodotorula toruloides,0.43744810814438384
105.0,Rhodotorula toruloides,0.4308861863678113
105.0,Rhodotorula toruloides,0.4308861863678113
105.0,Rhodotorula toruloides,0.5205612805633629
105.0,Rhodotorula toruloides,0.5205612805633629
105.0,Rhodotorula toruloides,0.5205612805633629
105.0,Rhodotorula toruloides,0.5205612805633629
105.0,Rhodotorula toruloides,0.8015703606013115
105.0,Rhodotorula toruloides,0.8015703606013115
105.0,Rhodotorula toruloides,0.042708289677870034
105.0,Rhodotorula toruloides,0.042708289677870034
105.0,Rhodotorula toruloides,0.042708289677870034
105.0,Rhodotorula toruloides,0.042708289677870034
105.0,Rhodotorula toruloides,0.042708289677870034
106.0,Rhodotorula mucilaginosa,0.3433062977892781
106.0,Rhodotorula mucilaginosa,0.39569383403068015
106.0,Rhodotorula mucilaginosa,0.6232245602808841
106.0,Rhodotorula mucilaginosa,0.6232245602808841
106.0,Rhodotorula mucilaginosa,0.6565632126659677
106.0,Rhodotorula mucilaginosa,0.6232245602808841
106.0,Rhodotorula mucilaginosa,0.6565632126659677
106.0,Rhodotorula mucilaginosa,0.31691212264474333
106.0,Rhodotorula mucilaginosa,0.31691212264474333
106.0,Rhodotorula mucilaginosa,0.33463192670357184
106.0,Rhodotorula mucilaginosa,0.41983901209608004
106.0,Rhodotorula mucilaginosa,0.4431461675655757
106.0,Rhodotorula mucilaginosa,0.4431461675655757
106.0,Rhodotorula mucilaginosa,0.4431461675655757
106.0,Rhodotorula mucilaginosa,0.37738973045752366
106.0,Rhodotorula mucilaginosa,0.35249541749898516
106.0,Rhodotorula mucilaginosa,0.49504665448283436
106.0,Rhodotorula mucilaginosa,0.49504665448283436
106.0,Rhodotorula mucilaginosa,0.4403111501671937
106.0,Rhodotorula mucilaginosa,0.49504665448283436
106.0,Rhodotorula mucilaginosa,0.49504665448283436
106.0,Rhodotorula mucilaginosa,0.29425151606772937
106.0,Rhodotorula mucilaginosa,0.31864865312888546
106.0,Rhodotorula mucilaginosa,0.2825571204817707
106.0,Rhodotorula mucilaginosa,0.2401170356245462
106.0,Rhodotorula mucilaginosa,0.2825571204817707
106.0,Rhodotorula mucilaginosa,0.2825571204817707
106.0,Rhodotorula mucilaginosa,0.2825571204817707
107.0,Rhodotorula mucilaginosa,0.2843353821809621
107.0,Rhodotorula mucilaginosa,0.29650623063713416
107.0,Rhodotorula mucilaginosa,0.2838607128755658
107.0,Rhodotorula mucilaginosa,0.2838607128755658
107.0,Rhodotorula mucilaginosa,0.2838607128755658
107.0,Rhodotorula mucilaginosa,0.2838607128755658
107.0,Rhodotorula mucilaginosa,0.2838607128755658
107.0,Rhodotorula mucilaginosa,0.41469712315310564
107.0,Rhodotorula mucilaginosa,0.35484566136335405
107.0,Rhodotorula mucilaginosa,0.5598548176433681
107.0,Rhodotorula mucilaginosa,0.5598548176433681
107.0,Rhodotorula mucilaginosa,0.5598548176433681
107.0,Rhodotorula mucilaginosa,0.5598548176433681
107.0,Rhodotorula mucilaginosa,0.5598548176433681
107.0,Rhodotorula mucilaginosa,0.36392970061378627
107.0,Rhodotorula mucilaginosa,0.3501157751708585
107.0,Rhodotorula mucilaginosa,0.5403760853485509
107.0,Rhodotorula mucilaginosa,0.3142725580395764
107.0,Rhodotorula mucilaginosa,0.3142725580395764
107.0,Rhodotorula mucilaginosa,0.3142725580395764
107.0,Rhodotorula mucilaginosa,0.3142725580395764
107.0,Rhodotorula mucilaginosa,0.30240807216491894
107.0,Rhodotorula mucilaginosa,0.26610798272655545
107.0,Rhodotorula mucilaginosa,-0.03284647576327659
107.0,Rhodotorula mucilaginosa,-0.03284647576327659
107.0,Rhodotorula mucilaginosa,-0.03284647576327659
107.0,Rhodotorula mucilaginosa,-0.03284647576327659
107.0,Rhodotorula mucilaginosa,-0.03284647576327659
108.0,Rhodotorula mucilaginosa,0.262088041874301
108.0,Rhodotorula mucilaginosa,0.36803006930336984
108.0,Rhodotorula mucilaginosa,0.3954917649487819
108.0,Rhodotorula mucilaginosa,0.3954917649487819
108.0,Rhodotorula mucilaginosa,0.3954917649487819
108.0,Rhodotorula mucilaginosa,0.3954917649487819
108.0,Rhodotorula mucilaginosa,0.3954917649487819
108.0,Rhodotorula mucilaginosa,0.3423488786863707
108.0,Rhodotorula mucilaginosa,0.3423488786863707
108.0,Rhodotorula mucilaginosa,0.7191289397977667
108.0,Rhodotorula mucilaginosa,0.7191289397977667
108.0,Rhodotorula mucilaginosa,0.8744162616881752
108.0,Rhodotorula mucilaginosa,0.7191289397977667
108.0,Rhodotorula mucilaginosa,0.7191289397977667
108.0,Rhodotorula mucilaginosa,0.2807537004210153
108.0,Rhodotorula mucilaginosa,0.26582971765474456
108.0,Rhodotorula mucilaginosa,0.2532797514812583
108.0,Rhodotorula mucilaginosa,0.3268242586195209
108.0,Rhodotorula mucilaginosa,0.44754033876901106
108.0,Rhodotorula mucilaginosa,0.44754033876901106
108.0,Rhodotorula mucilaginosa,0.44754033876901106
108.0,Rhodotorula mucilaginosa,0.32605583191802406
108.0,Rhodotorula mucilaginosa,0.3345416244891078
108.0,Rhodotorula mucilaginosa,0.36279610602082873
108.0,Rhodotorula mucilaginosa,0.035077112205602584
108.0,Rhodotorula mucilaginosa,0.035077112205602584
108.0,Rhodotorula mucilaginosa,0.035077112205602584
108.0,Rhodotorula mucilaginosa,0.035077112205602584
109.0,Rhodotorula mucilaginosa,0.264147456658885
109.0,Rhodotorula mucilaginosa,0.26215514407942664
109.0,Rhodotorula mucilaginosa,0.6173685802094131
109.0,Rhodotorula mucilaginosa,0.6173685802094131
109.0,Rhodotorula mucilaginosa,0.6173685802094131
109.0,Rhodotorula mucilaginosa,0.6173685802094131
109.0,Rhodotorula mucilaginosa,0.6173685802094131
109.0,Rhodotorula mucilaginosa,0.24711768563796685
109.0,Rhodotorula mucilaginosa,0.25517718691095737
109.0,Rhodotorula mucilaginosa,0.4002282275510741
109.0,Rhodotorula mucilaginosa,0.34275168175696935
109.0,Rhodotorula mucilaginosa,0.34275168175696935
109.0,Rhodotorula mucilaginosa,0.34275168175696935
109.0,Rhodotorula mucilaginosa,0.34275168175696935
109.0,Rhodotorula mucilaginosa,0.38446409965796347
109.0,Rhodotorula mucilaginosa,0.38446409965796347
109.0,Rhodotorula mucilaginosa,0.34027640263595094
109.0,Rhodotorula mucilaginosa,0.6494064435442618
109.0,Rhodotorula mucilaginosa,0.26023590983173744
109.0,Rhodotorula mucilaginosa,0.26023590983173744
109.0,Rhodotorula mucilaginosa,0.26023590983173744
109.0,Rhodotorula mucilaginosa,0.250216082686458
109.0,Rhodotorula mucilaginosa,0.316644367010301
109.0,Rhodotorula mucilaginosa,0.4885858891294181
109.0,Rhodotorula mucilaginosa,0.4885858891294181
109.0,Rhodotorula mucilaginosa,0.4885858891294181
109.0,Rhodotorula mucilaginosa,0.4885858891294181
109.0,Rhodotorula mucilaginosa,0.4885858891294181
110.0,Rhodotorula sp. clade I,0.3289430360739028
110.0,Rhodotorula sp. clade I,0.26139973002969435
110.0,Rhodotorula sp. clade I,0.26139973002969435
110.0,Rhodotorula sp. clade I,0.47799282372224144
110.0,Rhodotorula sp. clade I,0.47799282372224144
110.0,Rhodotorula sp. clade I,0.47799282372224144
110.0,Rhodotorula sp. clade I,0.6709890680177697
110.0,Rhodotorula sp. clade I,0.5208168675569037
110.0,Rhodotorula sp. clade I,0.5208168675569037
110.0,Rhodotorula sp. clade I,-0.14582419045901568
110.0,Rhodotorula sp. clade I,-0.14582419045901568
110.0,Rhodotorula sp. clade I,-0.14582419045901568
110.0,Rhodotorula sp. clade I,-0.14582419045901568
110.0,Rhodotorula sp. clade I,-0.14582419045901568
111.0,Rhodotorula diobovata,0.36002088874618665
111.0,Rhodotorula diobovata,0.44806606832971596
111.0,Rhodotorula diobovata,0.6250078761177075
111.0,Rhodotorula diobovata,0.6250078761177075
111.0,Rhodotorula diobovata,0.6250078761177075
111.0,Rhodotorula diobovata,0.6250078761177075
111.0,Rhodotorula diobovata,0.6250078761177075
111.0,Rhodotorula diobovata,0.5058473288973476
111.0,Rhodotorula diobovata,0.5058473288973476
111.0,Rhodotorula diobovata,-0.031861142887106154
111.0,Rhodotorula diobovata,-0.031861142887106154
111.0,Rhodotorula diobovata,-0.031861142887106154
111.0,Rhodotorula diobovata,-0.031861142887106154
111.0,Rhodotorula diobovata,-0.031861142887106154
111.0,Rhodotorula diobovata,0.35457447852982643
111.0,Rhodotorula diobovata,0.3271227805817804
111.0,Rhodotorula diobovata,0.5053386687248296
111.0,Rhodotorula diobovata,0.48402643109195054
111.0,Rhodotorula diobovata,0.26493646126044285
111.0,Rhodotorula diobovata,0.26493646126044285
111.0,Rhodotorula diobovata,0.26493646126044285
111.0,Rhodotorula diobovata,0.40801192447768586
111.0,Rhodotorula diobovata,0.4465216010810704
111.0,Rhodotorula diobovata,-0.15820463539689042
111.0,Rhodotorula diobovata,-0.15820463539689042
111.0,Rhodotorula diobovata,-0.15820463539689042
111.0,Rhodotorula diobovata,-0.15820463539689042
111.0,Rhodotorula diobovata,-0.15820463539689042
112.0,Rhodotorula sp. clade I,0.2661544643896681
112.0,Rhodotorula sp. clade I,0.2525784283909131
112.0,Rhodotorula sp. clade I,0.2661544643896681
113.0,Rhodotorula mucilaginosa,0.30279182318385295
113.0,Rhodotorula mucilaginosa,0.319842118636578
113.0,Rhodotorula mucilaginosa,0.36434404728327524
113.0,Rhodotorula mucilaginosa,0.36434404728327524
113.0,Rhodotorula mucilaginosa,0.36434404728327524
113.0,Rhodotorula mucilaginosa,0.36434404728327524
113.0,Rhodotorula mucilaginosa,0.36434404728327524
113.0,Rhodotorula mucilaginosa,0.32512319538368034
113.0,Rhodotorula mucilaginosa,0.32512319538368034
113.0,Rhodotorula mucilaginosa,0.426989654718197
113.0,Rhodotorula mucilaginosa,0.426989654718197
113.0,Rhodotorula mucilaginosa,0.426989654718197
113.0,Rhodotorula mucilaginosa,0.426989654718197
113.0,Rhodotorula mucilaginosa,0.426989654718197
113.0,Rhodotorula mucilaginosa,0.222959966774641
113.0,Rhodotorula mucilaginosa,0.28525096385361476
113.0,Rhodotorula mucilaginosa,0.4936327979400348
113.0,Rhodotorula mucilaginosa,0.4936327979400348
113.0,Rhodotorula mucilaginosa,0.4936327979400348
113.0,Rhodotorula mucilaginosa,0.4936327979400348
113.0,Rhodotorula mucilaginosa,0.4936327979400348
113.0,Rhodotorula mucilaginosa,-0.4986459623186168
113.0,Rhodotorula mucilaginosa,0.1397566175523604
113.0,Rhodotorula mucilaginosa,0.1397566175523604
113.0,Rhodotorula mucilaginosa,0.1397566175523604
113.0,Rhodotorula mucilaginosa,-0.0587519872901172
113.0,Rhodotorula mucilaginosa,0.1397566175523604
114.0,Rhodotorula toruloides,0.3123858557727903
114.0,Rhodotorula toruloides,-0.03758002708026813
114.0,Rhodotorula toruloides,-0.03758002708026813
114.0,Rhodotorula toruloides,-0.03758002708026813
114.0,Rhodotorula toruloides,-0.03758002708026813
114.0,Rhodotorula toruloides,-0.03758002708026813
114.0,Rhodotorula toruloides,0.388656058471931
114.0,Rhodotorula toruloides,0.3002487462877805
114.0,Rhodotorula toruloides,0.3623224847940115
114.0,Rhodotorula toruloides,0.4784842345306609
114.0,Rhodotorula toruloides,0.13567183533923105
114.0,Rhodotorula toruloides,0.13567183533923105
114.0,Rhodotorula toruloides,0.13567183533923105
114.0,Rhodotorula toruloides,0.3970767890716005
114.0,Rhodotorula toruloides,-0.13939414731968822
114.0,Rhodotorula toruloides,-0.13939414731968822
115.0,Rhodotorula mucilaginosa,0.2520525284036638
115.0,Rhodotorula mucilaginosa,0.2940330226364915
115.0,Rhodotorula mucilaginosa,0.5057861249548428
115.0,Rhodotorula mucilaginosa,0.5057861249548428
115.0,Rhodotorula mucilaginosa,0.5057861249548428
115.0,Rhodotorula mucilaginosa,0.5057861249548428
115.0,Rhodotorula mucilaginosa,0.5057861249548428
115.0,Rhodotorula mucilaginosa,0.3123629040210467
115.0,Rhodotorula mucilaginosa,0.29631664428279614
115.0,Rhodotorula mucilaginosa,0.7741687285564254
115.0,Rhodotorula mucilaginosa,0.7741687285564254
115.0,Rhodotorula mucilaginosa,0.7741687285564254
115.0,Rhodotorula mucilaginosa,0.936257052490139
115.0,Rhodotorula mucilaginosa,0.7741687285564254
115.0,Rhodotorula mucilaginosa,0.28097512875393993
115.0,Rhodotorula mucilaginosa,0.27705210281262926
115.0,Rhodotorula mucilaginosa,0.30467213874655574
115.0,Rhodotorula mucilaginosa,0.30467213874655574
115.0,Rhodotorula mucilaginosa,0.30467213874655574
115.0,Rhodotorula mucilaginosa,0.30467213874655574
115.0,Rhodotorula mucilaginosa,0.30467213874655574
116.0,Rhodotorula mucilaginosa,0.43619891796251087
116.0,Rhodotorula mucilaginosa,0.43619891796251087
116.0,Rhodotorula mucilaginosa,0.4388002754629974
116.0,Rhodotorula mucilaginosa,0.42000655643463397
116.0,Rhodotorula mucilaginosa,0.47326804476404816
116.0,Rhodotorula mucilaginosa,0.47326804476404816
116.0,Rhodotorula mucilaginosa,0.47326804476404816
116.0,Rhodotorula mucilaginosa,0.31587790687347217
116.0,Rhodotorula mucilaginosa,0.39981686650779485
116.0,Rhodotorula mucilaginosa,0.0391481845633938
116.0,Rhodotorula mucilaginosa,0.0391481845633938
116.0,Rhodotorula mucilaginosa,0.4237881420691652
116.0,Rhodotorula mucilaginosa,0.0391481845633938
116.0,Rhodotorula mucilaginosa,0.3587643854380074
116.0,Rhodotorula mucilaginosa,0.37040465135431
116.0,Rhodotorula mucilaginosa,0.3497952429885138
116.0,Rhodotorula mucilaginosa,0.13802068719530128
116.0,Rhodotorula mucilaginosa,0.13802068719530128
116.0,Rhodotorula mucilaginosa,0.2517646046890672
116.0,Rhodotorula mucilaginosa,0.13802068719530128
116.0,Rhodotorula mucilaginosa,0.29379867268025733
116.0,Rhodotorula mucilaginosa,0.3237417257956036
116.0,Rhodotorula mucilaginosa,0.22129205418165937
116.0,Rhodotorula mucilaginosa,0.44119697803195573
116.0,Rhodotorula mucilaginosa,0.18893021328458695
116.0,Rhodotorula mucilaginosa,0.22129205418165937
116.0,Rhodotorula mucilaginosa,0.18893021328458695
117.0,Rhodotorula mucilaginosa,0.29389880802217383
117.0,Rhodotorula mucilaginosa,0.2995128010724926
117.0,Rhodotorula mucilaginosa,0.3442182876113714
117.0,Rhodotorula mucilaginosa,0.30775272529351216
117.0,Rhodotorula mucilaginosa,0.3456851192384503
117.0,Rhodotorula mucilaginosa,0.26938736973624056
117.0,Rhodotorula mucilaginosa,0.26938736973624056
117.0,Rhodotorula mucilaginosa,0.26938736973624056
117.0,Rhodotorula mucilaginosa,0.26938736973624056
117.0,Rhodotorula mucilaginosa,0.3131264788416867
117.0,Rhodotorula mucilaginosa,0.26687789319729754
117.0,Rhodotorula mucilaginosa,0.22479319327916344
117.0,Rhodotorula mucilaginosa,0.22479319327916344
117.0,Rhodotorula mucilaginosa,0.18055242544847952
117.0,Rhodotorula mucilaginosa,0.22479319327916344
117.0,Rhodotorula mucilaginosa,0.22479319327916344
117.0,Rhodotorula mucilaginosa,0.26288498220299616
117.0,Rhodotorula mucilaginosa,0.26288498220299616
117.0,Rhodotorula mucilaginosa,0.29346944838522476
117.0,Rhodotorula mucilaginosa,0.4532001863033093
117.0,Rhodotorula mucilaginosa,0.29346944838522476
117.0,Rhodotorula mucilaginosa,0.29346944838522476
117.0,Rhodotorula mucilaginosa,0.29346944838522476
118.0,Rhodotorula taiwanensis,0.3387518688283585
118.0,Rhodotorula taiwanensis,0.3387518688283585
118.0,Rhodotorula taiwanensis,0.30415381169706524
118.0,Rhodotorula taiwanensis,0.30415381169706524
118.0,Rhodotorula taiwanensis,0.30415381169706524
118.0,Rhodotorula taiwanensis,0.30415381169706524
118.0,Rhodotorula taiwanensis,0.30415381169706524
118.0,Rhodotorula taiwanensis,0.37968694351071763
118.0,Rhodotorula taiwanensis,0.46221650276354503
118.0,Rhodotorula taiwanensis,0.21888114817628165
118.0,Rhodotorula taiwanensis,0.21888114817628165
118.0,Rhodotorula taiwanensis,0.21888114817628165
118.0,Rhodotorula taiwanensis,0.21888114817628165
118.0,Rhodotorula taiwanensis,0.21888114817628165
118.0,Rhodotorula taiwanensis,0.30763443112944855
118.0,Rhodotorula taiwanensis,0.30763443112944855
118.0,Rhodotorula taiwanensis,-0.1640897382261111
118.0,Rhodotorula taiwanensis,-0.1640897382261111
118.0,Rhodotorula taiwanensis,-0.1640897382261111
118.0,Rhodotorula taiwanensis,0.49354088236388244
118.0,Rhodotorula taiwanensis,-0.1640897382261111
118.0,Rhodotorula taiwanensis,0.49004502918254755
118.0,Rhodotorula taiwanensis,0.3932918780767255
118.0,Rhodotorula taiwanensis,0.275113691649634
118.0,Rhodotorula taiwanensis,0.275113691649634
118.0,Rhodotorula taiwanensis,0.275113691649634
118.0,Rhodotorula taiwanensis,0.275113691649634
118.0,Rhodotorula taiwanensis,0.275113691649634
119.0,Rhodotorula sp. clade I,0.28559889561273416
119.0,Rhodotorula sp. clade I,0.2800840282299891
119.0,Rhodotorula sp. clade I,0.7645127551754588
119.0,Rhodotorula sp. clade I,0.7645127551754588
119.0,Rhodotorula sp. clade I,0.6792863153342579
119.0,Rhodotorula sp. clade I,0.7645127551754588
119.0,Rhodotorula sp. clade I,0.7645127551754588
119.0,Rhodotorula sp. clade I,0.2516640730137045
119.0,Rhodotorula sp. clade I,0.2712072943899607
119.0,Rhodotorula sp. clade I,0.33904192409737793
119.0,Rhodotorula sp. clade I,0.33904192409737793
119.0,Rhodotorula sp. clade I,0.33904192409737793
119.0,Rhodotorula sp. clade I,0.33904192409737793
119.0,Rhodotorula sp. clade I,0.33904192409737793
119.0,Rhodotorula sp. clade I,0.31654999229476843
119.0,Rhodotorula sp. clade I,0.32609453886384276
119.0,Rhodotorula sp. clade I,0.37843515561143726
119.0,Rhodotorula sp. clade I,0.42322630388462534
119.0,Rhodotorula sp. clade I,0.42322630388462534
119.0,Rhodotorula sp. clade I,0.42322630388462534
119.0,Rhodotorula sp. clade I,0.42322630388462534
119.0,Rhodotorula sp. clade I,0.4386660334197112
119.0,Rhodotorula sp. clade I,0.4322609210327689
119.0,Rhodotorula sp. clade I,0.4322609210327689
119.0,Rhodotorula sp. clade I,0.4322609210327689
119.0,Rhodotorula sp. clade I,0.04452789393874597
119.0,Rhodotorula sp. clade I,0.04452789393874597
119.0,Rhodotorula sp. clade I,0.04452789393874597
120.0,Rhodotorula diobovata,0.3618790433948558
120.0,Rhodotorula diobovata,0.3618790433948558
120.0,Rhodotorula diobovata,0.3908697601084118
120.0,Rhodotorula diobovata,0.3477695929715443
120.0,Rhodotorula diobovata,0.3477695929715443
120.0,Rhodotorula diobovata,0.3477695929715443
120.0,Rhodotorula diobovata,0.3477695929715443
120.0,Rhodotorula diobovata,0.4670401491203648
120.0,Rhodotorula diobovata,0.5645358288564872
120.0,Rhodotorula diobovata,-0.01275328902522701
120.0,Rhodotorula diobovata,-0.01275328902522701
120.0,Rhodotorula diobovata,-0.01275328902522701
120.0,Rhodotorula diobovata,-0.01275328902522701
120.0,Rhodotorula diobovata,-0.07778761318727272
120.0,Rhodotorula diobovata,-0.07778761318727272
120.0,Rhodotorula diobovata,0.2778184281252863
120.0,Rhodotorula diobovata,0.3800242126970457
120.0,Rhodotorula diobovata,-0.017896525259368096
120.0,Rhodotorula diobovata,-0.017896525259368096
120.0,Rhodotorula diobovata,-0.017896525259368096
120.0,Rhodotorula diobovata,-0.017896525259368096
120.0,Rhodotorula diobovata,-0.017896525259368096
121.0,Rhodotorula paludigena,0.2947108049348271
121.0,Rhodotorula paludigena,0.3321106091412598
121.0,Rhodotorula paludigena,0.02820057808972058
121.0,Rhodotorula paludigena,0.02820057808972058
121.0,Rhodotorula paludigena,0.02820057808972058
121.0,Rhodotorula paludigena,0.08678168843157476
121.0,Rhodotorula paludigena,0.02820057808972058
121.0,Rhodotorula paludigena,-0.18938680991467585
121.0,Rhodotorula paludigena,-0.18938680991467585
121.0,Rhodotorula paludigena,-0.18938680991467585
122.0,Rhodotorula sp. clade I,0.36189268239124733
122.0,Rhodotorula sp. clade I,0.2999806162425609
122.0,Rhodotorula sp. clade I,0.2222478807543632
122.0,Rhodotorula sp. clade I,0.3629356930990824
122.0,Rhodotorula sp. clade I,0.3629356930990824
122.0,Rhodotorula sp. clade I,0.2222478807543632
122.0,Rhodotorula sp. clade I,0.2222478807543632
123.0,Rhodotorula sp. clade I,0.3721283986409632
123.0,Rhodotorula sp. clade I,0.3832349683673436
123.0,Rhodotorula sp. clade I,0.22629649701775026
123.0,Rhodotorula sp. clade I,0.22629649701775026
123.0,Rhodotorula sp. clade I,0.22629649701775026
123.0,Rhodotorula sp. clade I,0.22629649701775026
123.0,Rhodotorula sp. clade I,0.22629649701775026
123.0,Rhodotorula sp. clade I,0.41823965915438527
123.0,Rhodotorula sp. clade I,0.36383556059670524
123.0,Rhodotorula sp. clade I,0.36623764652149676
123.0,Rhodotorula sp. clade I,0.36623764652149676
123.0,Rhodotorula sp. clade I,0.36623764652149676
123.0,Rhodotorula sp. clade I,0.36623764652149676
123.0,Rhodotorula sp. clade I,0.36623764652149676
123.0,Rhodotorula sp. clade I,1.5811123739080173
123.0,Rhodotorula sp. clade I,1.5811123739080173
123.0,Rhodotorula sp. clade I,1.5811123739080173
123.0,Rhodotorula sp. clade I,1.5811123739080173
124.0,Rhodotorula mucilaginosa,0.3325267447905099
124.0,Rhodotorula mucilaginosa,0.30488140306647926
124.0,Rhodotorula mucilaginosa,0.3981780763687518
124.0,Rhodotorula mucilaginosa,0.3981780763687518
124.0,Rhodotorula mucilaginosa,0.3981780763687518
124.0,Rhodotorula mucilaginosa,0.3981780763687518
124.0,Rhodotorula mucilaginosa,0.3981780763687518
124.0,Rhodotorula mucilaginosa,0.3621849370364459
124.0,Rhodotorula mucilaginosa,0.3719414315681705
124.0,Rhodotorula mucilaginosa,-0.27045111907889874
124.0,Rhodotorula mucilaginosa,-0.27045111907889874
124.0,Rhodotorula mucilaginosa,-0.27045111907889874
124.0,Rhodotorula mucilaginosa,-0.27045111907889874
124.0,Rhodotorula mucilaginosa,-0.27045111907889874
124.0,Rhodotorula mucilaginosa,0.3565633285067681
124.0,Rhodotorula mucilaginosa,0.3932165024308113
124.0,Rhodotorula mucilaginosa,0.4848845942053878
124.0,Rhodotorula mucilaginosa,0.4848845942053878
124.0,Rhodotorula mucilaginosa,0.4848845942053878
124.0,Rhodotorula mucilaginosa,0.4848845942053878
124.0,Rhodotorula mucilaginosa,0.4848845942053878
124.0,Rhodotorula mucilaginosa,0.3025695226118708
124.0,Rhodotorula mucilaginosa,0.45184869970411834
124.0,Rhodotorula mucilaginosa,-0.16067289205515495
124.0,Rhodotorula mucilaginosa,-0.16067289205515495
124.0,Rhodotorula mucilaginosa,0.10119927272032427
124.0,Rhodotorula mucilaginosa,-0.16067289205515495
124.0,Rhodotorula mucilaginosa,-0.16067289205515495
125.0,Rhodotorula mucilaginosa,0.22527593933591322
125.0,Rhodotorula mucilaginosa,0.3193886428669234
125.0,Rhodotorula mucilaginosa,0.5345708071948544
125.0,Rhodotorula mucilaginosa,0.5345708071948544
125.0,Rhodotorula mucilaginosa,0.5345708071948544
125.0,Rhodotorula mucilaginosa,0.5345708071948544
125.0,Rhodotorula mucilaginosa,0.5345708071948544
125.0,Rhodotorula mucilaginosa,0.3347932771792218
125.0,Rhodotorula mucilaginosa,0.37909694057022497
125.0,Rhodotorula mucilaginosa,0.39612010679991644
125.0,Rhodotorula mucilaginosa,0.39612010679991644
125.0,Rhodotorula mucilaginosa,0.4744614675464259
125.0,Rhodotorula mucilaginosa,0.39612010679991644
125.0,Rhodotorula mucilaginosa,0.39612010679991644
125.0,Rhodotorula mucilaginosa,0.3049038427217045
125.0,Rhodotorula mucilaginosa,0.3049038427217045
125.0,Rhodotorula mucilaginosa,0.2831628761660725
125.0,Rhodotorula mucilaginosa,0.5999571039890751
125.0,Rhodotorula mucilaginosa,0.21818566959074095
125.0,Rhodotorula mucilaginosa,0.21818566959074095
125.0,Rhodotorula mucilaginosa,0.21818566959074095
125.0,Rhodotorula mucilaginosa,0.40515917014857505
125.0,Rhodotorula mucilaginosa,0.6160303906633195
125.0,Rhodotorula mucilaginosa,0.8310269773101199
125.0,Rhodotorula mucilaginosa,0.8310269773101199
125.0,Rhodotorula mucilaginosa,0.8310269773101199
125.0,Rhodotorula mucilaginosa,0.8310269773101199
126.0,Rhodotorula mucilaginosa,0.3353710759627033
126.0,Rhodotorula mucilaginosa,0.3353710759627033
126.0,Rhodotorula mucilaginosa,0.3471557210606783
126.0,Rhodotorula mucilaginosa,0.3471557210606783
126.0,Rhodotorula mucilaginosa,0.3471557210606783
126.0,Rhodotorula mucilaginosa,0.3471557210606783
126.0,Rhodotorula mucilaginosa,0.3471557210606783
126.0,Rhodotorula mucilaginosa,0.33256705160576194
126.0,Rhodotorula mucilaginosa,0.33256705160576194
126.0,Rhodotorula mucilaginosa,0.34613978690762087
126.0,Rhodotorula mucilaginosa,0.34613978690762087
126.0,Rhodotorula mucilaginosa,0.34613978690762087
126.0,Rhodotorula mucilaginosa,0.34613978690762087
126.0,Rhodotorula mucilaginosa,0.34613978690762087
126.0,Rhodotorula mucilaginosa,0.26032004687605503
126.0,Rhodotorula mucilaginosa,0.26032004687605503
126.0,Rhodotorula mucilaginosa,0.3120260667680147
126.0,Rhodotorula mucilaginosa,0.3120260667680147
126.0,Rhodotorula mucilaginosa,0.3120260667680147
126.0,Rhodotorula mucilaginosa,0.3120260667680147
126.0,Rhodotorula mucilaginosa,0.3120260667680147
126.0,Rhodotorula mucilaginosa,0.39401641241040514
126.0,Rhodotorula mucilaginosa,0.4059365319076508
126.0,Rhodotorula mucilaginosa,0.5532189475094103
126.0,Rhodotorula mucilaginosa,0.5532189475094103
126.0,Rhodotorula mucilaginosa,0.797663522334846
126.0,Rhodotorula mucilaginosa,0.797663522334846
126.0,Rhodotorula mucilaginosa,0.5532189475094103
127.0,Rhodotorula mucilaginosa,0.32748910876901377
127.0,Rhodotorula mucilaginosa,0.32748910876901377
127.0,Rhodotorula mucilaginosa,0.3074741038618165
127.0,Rhodotorula mucilaginosa,0.3074741038618165
127.0,Rhodotorula mucilaginosa,0.3074741038618165
127.0,Rhodotorula mucilaginosa,0.3074741038618165
127.0,Rhodotorula mucilaginosa,0.3074741038618165
127.0,Rhodotorula mucilaginosa,0.37040521105145624
127.0,Rhodotorula mucilaginosa,0.3572714476412593
127.0,Rhodotorula mucilaginosa,0.14509579176127704
127.0,Rhodotorula mucilaginosa,0.3572714476412593
127.0,Rhodotorula mucilaginosa,0.14509579176127704
127.0,Rhodotorula mucilaginosa,0.00885797700186751
127.0,Rhodotorula mucilaginosa,0.00885797700186751
127.0,Rhodotorula mucilaginosa,0.3515388018889325
127.0,Rhodotorula mucilaginosa,0.3265141913107718
127.0,Rhodotorula mucilaginosa,0.33334176434158974
127.0,Rhodotorula mucilaginosa,0.424878802607098
127.0,Rhodotorula mucilaginosa,0.5483191569774121
127.0,Rhodotorula mucilaginosa,0.5483191569774121
127.0,Rhodotorula mucilaginosa,0.5483191569774121
127.0,Rhodotorula mucilaginosa,0.4505632459018278
127.0,Rhodotorula mucilaginosa,0.4505632459018278
127.0,Rhodotorula mucilaginosa,1.223222874575434
127.0,Rhodotorula mucilaginosa,1.223222874575434
127.0,Rhodotorula mucilaginosa,1.223222874575434
127.0,Rhodotorula mucilaginosa,1.223222874575434
127.0,Rhodotorula mucilaginosa,1.223222874575434
128.0,Rhodotorula graminis,0.33258522175737537
128.0,Rhodotorula graminis,0.025763803476472946
128.0,Rhodotorula graminis,0.025763803476472946
128.0,Rhodotorula graminis,0.19946063436852682
128.0,Rhodotorula graminis,0.025763803476472946
128.0,Rhodotorula graminis,0.025763803476472946
129.0,Rhodotorula mucilaginosa,0.4040522622757092
129.0,Rhodotorula mucilaginosa,0.4040522622757092
129.0,Rhodotorula mucilaginosa,0.5866907944609482
129.0,Rhodotorula mucilaginosa,0.5866907944609482
129.0,Rhodotorula mucilaginosa,0.5866907944609482
129.0,Rhodotorula mucilaginosa,0.5866907944609482
129.0,Rhodotorula mucilaginosa,0.5866907944609482
129.0,Rhodotorula mucilaginosa,0.45783146493621824
129.0,Rhodotorula mucilaginosa,0.5167768406144089
129.0,Rhodotorula mucilaginosa,0.46746385410270347
129.0,Rhodotorula mucilaginosa,0.47638964678950435
129.0,Rhodotorula mucilaginosa,0.13513001527014162
129.0,Rhodotorula mucilaginosa,0.13513001527014162
129.0,Rhodotorula mucilaginosa,0.13513001527014162
129.0,Rhodotorula mucilaginosa,0.33138444221620683
129.0,Rhodotorula mucilaginosa,0.34078346190277503
129.0,Rhodotorula mucilaginosa,0.7422214159742124
129.0,Rhodotorula mucilaginosa,0.7422214159742124
129.0,Rhodotorula mucilaginosa,0.5731307633634634
129.0,Rhodotorula mucilaginosa,0.7422214159742124
129.0,Rhodotorula mucilaginosa,0.7422214159742124
129.0,Rhodotorula mucilaginosa,0.299366294044017
129.0,Rhodotorula mucilaginosa,0.3498667795436127
129.0,Rhodotorula mucilaginosa,0.36683204794989926
129.0,Rhodotorula mucilaginosa,0.36683204794989926
129.0,Rhodotorula mucilaginosa,0.36683204794989926
129.0,Rhodotorula mucilaginosa,0.36683204794989926
129.0,Rhodotorula mucilaginosa,0.36683204794989926
130.0,Rhodotorula mucilaginosa,0.25765853357521884
130.0,Rhodotorula mucilaginosa,0.24005181968920603
130.0,Rhodotorula mucilaginosa,0.24005181968920603
130.0,Rhodotorula mucilaginosa,0.24005181968920603
130.0,Rhodotorula mucilaginosa,0.24005181968920603
130.0,Rhodotorula mucilaginosa,0.24005181968920603
130.0,Rhodotorula mucilaginosa,-0.372862615698057
130.0,Rhodotorula mucilaginosa,-0.32943726370219323
130.0,Rhodotorula mucilaginosa,-0.32943726370219323
130.0,Rhodotorula mucilaginosa,-0.32943726370219323
130.0,Rhodotorula mucilaginosa,-0.32943726370219323
130.0,Rhodotorula mucilaginosa,-0.32943726370219323
130.0,Rhodotorula mucilaginosa,0.2223404569791667
130.0,Rhodotorula mucilaginosa,0.23134980656812745
130.0,Rhodotorula mucilaginosa,0.6577288974230135
130.0,Rhodotorula mucilaginosa,0.6577288974230135
130.0,Rhodotorula mucilaginosa,0.6577288974230135
130.0,Rhodotorula mucilaginosa,0.6577288974230135
130.0,Rhodotorula mucilaginosa,0.6577288974230135
130.0,Rhodotorula mucilaginosa,0.15495745032600153
130.0,Rhodotorula mucilaginosa,0.17810664622247568
130.0,Rhodotorula mucilaginosa,2.296438749109406
130.0,Rhodotorula mucilaginosa,2.296438749109406
130.0,Rhodotorula mucilaginosa,1.2263519242320369
130.0,Rhodotorula mucilaginosa,2.296438749109406
130.0,Rhodotorula mucilaginosa,2.296438749109406
131.0,Rhodotorula mucilaginosa,0.2910602478127181
131.0,Rhodotorula mucilaginosa,0.3654361857240349
131.0,Rhodotorula mucilaginosa,1.3815046465906131
131.0,Rhodotorula mucilaginosa,1.3815046465906131
131.0,Rhodotorula mucilaginosa,1.3815046465906131
131.0,Rhodotorula mucilaginosa,1.3815046465906131
131.0,Rhodotorula mucilaginosa,1.3815046465906131
131.0,Rhodotorula mucilaginosa,0.32962204078139384
131.0,Rhodotorula mucilaginosa,0.3189114325856505
131.0,Rhodotorula mucilaginosa,0.17437520186837543
131.0,Rhodotorula mucilaginosa,0.3633724959956517
131.0,Rhodotorula mucilaginosa,0.17437520186837543
131.0,Rhodotorula mucilaginosa,0.17437520186837543
131.0,Rhodotorula mucilaginosa,0.17437520186837543
131.0,Rhodotorula mucilaginosa,0.444030959055783
131.0,Rhodotorula mucilaginosa,0.43278171893128203
131.0,Rhodotorula mucilaginosa,0.4345325110849742
131.0,Rhodotorula mucilaginosa,0.4345325110849742
131.0,Rhodotorula mucilaginosa,0.4345325110849742
131.0,Rhodotorula mucilaginosa,0.4345325110849742
131.0,Rhodotorula mucilaginosa,0.4345325110849742
131.0,Rhodotorula mucilaginosa,0.2913150533903489
131.0,Rhodotorula mucilaginosa,0.347480097525384
131.0,Rhodotorula mucilaginosa,0.8067055265430836
131.0,Rhodotorula mucilaginosa,0.8067055265430836
131.0,Rhodotorula mucilaginosa,0.8067055265430836
131.0,Rhodotorula mucilaginosa,0.8067055265430836
131.0,Rhodotorula mucilaginosa,0.8067055265430836
133.0,Rhodotorula mucilaginosa,0.26003015773402766
133.0,Rhodotorula mucilaginosa,0.3294977599207221
133.0,Rhodotorula mucilaginosa,0.3887934691521916
133.0,Rhodotorula mucilaginosa,0.3887934691521916
133.0,Rhodotorula mucilaginosa,0.3887934691521916
133.0,Rhodotorula mucilaginosa,0.3887934691521916
133.0,Rhodotorula mucilaginosa,0.3887934691521916
133.0,Rhodotorula mucilaginosa,0.37976278071159075
133.0,Rhodotorula mucilaginosa,0.3539983947799503
133.0,Rhodotorula mucilaginosa,0.5414190652509503
133.0,Rhodotorula mucilaginosa,0.5414190652509503
133.0,Rhodotorula mucilaginosa,0.5101987473399086
133.0,Rhodotorula mucilaginosa,0.5101987473399086
133.0,Rhodotorula mucilaginosa,0.5101987473399086
133.0,Rhodotorula mucilaginosa,0.3189588420704606
133.0,Rhodotorula mucilaginosa,0.27173210644535595
133.0,Rhodotorula mucilaginosa,0.28750199053568437
133.0,Rhodotorula mucilaginosa,0.28750199053568437
133.0,Rhodotorula mucilaginosa,0.28750199053568437
133.0,Rhodotorula mucilaginosa,0.28750199053568437
133.0,Rhodotorula mucilaginosa,0.28750199053568437
133.0,Rhodotorula mucilaginosa,0.2910633162098658
133.0,Rhodotorula mucilaginosa,0.2910633162098658
133.0,Rhodotorula mucilaginosa,0.47617676525011016
133.0,Rhodotorula mucilaginosa,0.47617676525011016
133.0,Rhodotorula mucilaginosa,0.47617676525011016
133.0,Rhodotorula mucilaginosa,0.47617676525011016
133.0,Rhodotorula mucilaginosa,0.47617676525011016
134.0,Rhodotorula mucilaginosa,0.2096316204663045
134.0,Rhodotorula mucilaginosa,0.23155532628471695
134.0,Rhodotorula mucilaginosa,0.3003640317995473
134.0,Rhodotorula mucilaginosa,0.3003640317995473
134.0,Rhodotorula mucilaginosa,0.3003640317995473
134.0,Rhodotorula mucilaginosa,0.3003640317995473
134.0,Rhodotorula mucilaginosa,0.3003640317995473
134.0,Rhodotorula mucilaginosa,0.35826237255648424
134.0,Rhodotorula mucilaginosa,0.35826237255648424
134.0,Rhodotorula mucilaginosa,0.41481472205398934
134.0,Rhodotorula mucilaginosa,0.41481472205398934
134.0,Rhodotorula mucilaginosa,0.540515427440173
134.0,Rhodotorula mucilaginosa,0.41481472205398934
134.0,Rhodotorula mucilaginosa,0.41481472205398934
134.0,Rhodotorula mucilaginosa,0.30121696595819974
134.0,Rhodotorula mucilaginosa,0.30121696595819974
134.0,Rhodotorula mucilaginosa,0.40870122727971914
134.0,Rhodotorula mucilaginosa,0.40870122727971914
134.0,Rhodotorula mucilaginosa,0.40870122727971914
134.0,Rhodotorula mucilaginosa,0.40870122727971914
134.0,Rhodotorula mucilaginosa,0.40870122727971914
134.0,Rhodotorula mucilaginosa,0.40358396383455897
134.0,Rhodotorula mucilaginosa,0.40358396383455897
134.0,Rhodotorula mucilaginosa,0.4091049392812061
134.0,Rhodotorula mucilaginosa,0.329966903949943
134.0,Rhodotorula mucilaginosa,0.329966903949943
134.0,Rhodotorula mucilaginosa,0.329966903949943
134.0,Rhodotorula mucilaginosa,0.329966903949943
135.0,Rhodotorula mucilaginosa,0.43560111355883435
135.0,Rhodotorula mucilaginosa,0.43560111355883435
135.0,Rhodotorula mucilaginosa,0.4515403494537495
135.0,Rhodotorula mucilaginosa,0.4515403494537495
135.0,Rhodotorula mucilaginosa,0.4515403494537495
135.0,Rhodotorula mucilaginosa,0.4515403494537495
135.0,Rhodotorula mucilaginosa,0.4515403494537495
135.0,Rhodotorula mucilaginosa,0.41607648730487845
135.0,Rhodotorula mucilaginosa,0.41607648730487845
135.0,Rhodotorula mucilaginosa,0.3144108917147486
135.0,Rhodotorula mucilaginosa,0.3144108917147486
135.0,Rhodotorula mucilaginosa,0.3144108917147486
135.0,Rhodotorula mucilaginosa,0.3144108917147486
135.0,Rhodotorula mucilaginosa,0.3144108917147486
135.0,Rhodotorula mucilaginosa,0.439528174207959
135.0,Rhodotorula mucilaginosa,0.439528174207959
135.0,Rhodotorula mucilaginosa,0.32300004194498266
135.0,Rhodotorula mucilaginosa,0.32300004194498266
135.0,Rhodotorula mucilaginosa,0.32300004194498266
135.0,Rhodotorula mucilaginosa,0.32300004194498266
135.0,Rhodotorula mucilaginosa,0.32300004194498266
135.0,Rhodotorula mucilaginosa,0.29008072607254715
135.0,Rhodotorula mucilaginosa,0.2967557927696929
135.0,Rhodotorula mucilaginosa,0.30563349728865996
135.0,Rhodotorula mucilaginosa,0.19524113900013965
135.0,Rhodotorula mucilaginosa,0.19524113900013965
135.0,Rhodotorula mucilaginosa,0.19524113900013965
135.0,Rhodotorula mucilaginosa,0.19524113900013965
136.0,Rhodotorula sphaerocarpa,0.32091944805173755
136.0,Rhodotorula sphaerocarpa,0.3424314379038321
136.0,Rhodotorula sphaerocarpa,0.36832151645416045
136.0,Rhodotorula sphaerocarpa,0.5332142769045924
136.0,Rhodotorula sphaerocarpa,0.23904060145349817
136.0,Rhodotorula sphaerocarpa,0.23904060145349817
136.0,Rhodotorula sphaerocarpa,0.23904060145349817
136.0,Rhodotorula sphaerocarpa,0.42379104272090007
136.0,Rhodotorula sphaerocarpa,0.35071123351078054
136.0,Rhodotorula sphaerocarpa,0.49273837442009066
136.0,Rhodotorula sphaerocarpa,0.49273837442009066
136.0,Rhodotorula sphaerocarpa,0.49273837442009066
136.0,Rhodotorula sphaerocarpa,0.49273837442009066
136.0,Rhodotorula sphaerocarpa,0.49273837442009066
136.0,Rhodotorula sphaerocarpa,-0.13062731756119209
136.0,Rhodotorula sphaerocarpa,-0.13062731756119209
136.0,Rhodotorula sphaerocarpa,-0.13062731756119209
137.0,Rhodotorula taiwanensis,0.3192284355445856
137.0,Rhodotorula taiwanensis,0.29793546453394054
137.0,Rhodotorula taiwanensis,0.2959055116260203
137.0,Rhodotorula taiwanensis,0.2959055116260203
137.0,Rhodotorula taiwanensis,0.2959055116260203
137.0,Rhodotorula taiwanensis,0.2959055116260203
137.0,Rhodotorula taiwanensis,0.2959055116260203
137.0,Rhodotorula taiwanensis,0.4799201103440921
137.0,Rhodotorula taiwanensis,0.4799201103440921
137.0,Rhodotorula taiwanensis,0.9616230118338551
137.0,Rhodotorula taiwanensis,0.9616230118338551
137.0,Rhodotorula taiwanensis,0.9616230118338551
137.0,Rhodotorula taiwanensis,0.9616230118338551
137.0,Rhodotorula taiwanensis,0.9616230118338551
137.0,Rhodotorula taiwanensis,0.3711378931212223
137.0,Rhodotorula taiwanensis,0.3711378931212223
137.0,Rhodotorula taiwanensis,0.8380925297004637
137.0,Rhodotorula taiwanensis,0.8380925297004637
137.0,Rhodotorula taiwanensis,0.8380925297004637
137.0,Rhodotorula taiwanensis,0.8380925297004637
137.0,Rhodotorula taiwanensis,0.8380925297004637
137.0,Rhodotorula taiwanensis,0.26211202124306415
137.0,Rhodotorula taiwanensis,0.21994414788340552
137.0,Rhodotorula taiwanensis,0.21994414788340552
137.0,Rhodotorula taiwanensis,0.21994414788340552
137.0,Rhodotorula taiwanensis,0.21994414788340552
137.0,Rhodotorula taiwanensis,0.3853645288473139
138.0,Rhodotorula paludigena,0.3304875792892821
138.0,Rhodotorula paludigena,0.3304875792892821
138.0,Rhodotorula paludigena,0.45891107010409954
138.0,Rhodotorula paludigena,0.45891107010409954
138.0,Rhodotorula paludigena,0.45891107010409954
138.0,Rhodotorula paludigena,0.35514219724402196
138.0,Rhodotorula paludigena,0.45891107010409954
139.0,Rhodotorula sp. clade I,-0.04669402895753375
139.0,Rhodotorula sp. clade I,-0.04669402895753375
139.0,Rhodotorula sp. clade I,0.39235379002949466
139.0,Rhodotorula sp. clade I,0.41081255493574687
139.0,Rhodotorula sp. clade I,1.0223731025257679
139.0,Rhodotorula sp. clade I,1.5130682884296454
139.0,Rhodotorula sp. clade I,1.5130682884296454
139.0,Rhodotorula sp. clade I,1.5130682884296454
139.0,Rhodotorula sp. clade I,1.5130682884296454
139.0,Rhodotorula sp. clade I,0.3526696688642122
139.0,Rhodotorula sp. clade I,0.41127446008486235
139.0,Rhodotorula sp. clade I,0.410009894437648
139.0,Rhodotorula sp. clade I,0.5359387138973827
139.0,Rhodotorula sp. clade I,0.6567743774407597
139.0,Rhodotorula sp. clade I,0.6567743774407597
139.0,Rhodotorula sp. clade I,0.6567743774407597
139.0,Rhodotorula sp. clade I,0.4256829112115455
139.0,Rhodotorula sp. clade I,0.385618642641775
139.0,Rhodotorula sp. clade I,0.35655498277666525
139.0,Rhodotorula sp. clade I,0.31427762214178334
139.0,Rhodotorula sp. clade I,0.35655498277666525
139.0,Rhodotorula sp. clade I,0.35655498277666525
139.0,Rhodotorula sp. clade I,0.35655498277666525
140.0,Rhodotorula sp. clade I,0.3704692442374095
140.0,Rhodotorula sp. clade I,0.39298979742225354
140.0,Rhodotorula sp. clade I,0.30920802891634747
140.0,Rhodotorula sp. clade I,0.5238431468856778
140.0,Rhodotorula sp. clade I,0.30920802891634747
140.0,Rhodotorula sp. clade I,0.30920802891634747
140.0,Rhodotorula sp. clade I,0.30920802891634747
140.0,Rhodotorula sp. clade I,0.13379585433002134
140.0,Rhodotorula sp. clade I,0.4672565536101205
140.0,Rhodotorula sp. clade I,-0.05105992869953929
140.0,Rhodotorula sp. clade I,-0.05105992869953929
140.0,Rhodotorula sp. clade I,-0.05105992869953929
140.0,Rhodotorula sp. clade I,-0.05105992869953929
140.0,Rhodotorula sp. clade I,-0.05105992869953929
141.0,Rhodotorula toruloides,0.40939023022691495
141.0,Rhodotorula toruloides,0.41439811659225306
141.0,Rhodotorula toruloides,0.606266519263991
141.0,Rhodotorula toruloides,0.7550029898410726
141.0,Rhodotorula toruloides,0.3842426475304125
141.0,Rhodotorula toruloides,0.3842426475304125
141.0,Rhodotorula toruloides,0.3842426475304125
141.0,Rhodotorula toruloides,0.4116062315004567
141.0,Rhodotorula toruloides,0.36475295063430985
141.0,Rhodotorula toruloides,0.7626953824853993
141.0,Rhodotorula toruloides,0.7626953824853993
141.0,Rhodotorula toruloides,0.7626953824853993
141.0,Rhodotorula toruloides,0.7626953824853993
141.0,Rhodotorula toruloides,0.8752853848916082
141.0,Rhodotorula toruloides,0.34014354118864537
141.0,Rhodotorula toruloides,0.10665456132053182
141.0,Rhodotorula toruloides,0.2768399759692941
141.0,Rhodotorula toruloides,0.10665456132053182
141.0,Rhodotorula toruloides,0.10665456132053182
141.0,Rhodotorula toruloides,0.10665456132053182
142.0,Rhodotorula mucilaginosa,0.39055201247028865
142.0,Rhodotorula mucilaginosa,0.36347627078828837
142.0,Rhodotorula mucilaginosa,0.5114644041080783
142.0,Rhodotorula mucilaginosa,0.5114644041080783
142.0,Rhodotorula mucilaginosa,0.5114644041080783
142.0,Rhodotorula mucilaginosa,0.5114644041080783
142.0,Rhodotorula mucilaginosa,0.5114644041080783
142.0,Rhodotorula mucilaginosa,0.3052285225893293
142.0,Rhodotorula mucilaginosa,0.3660040418469974
142.0,Rhodotorula mucilaginosa,0.9401509990990113
142.0,Rhodotorula mucilaginosa,0.47971986289246693
142.0,Rhodotorula mucilaginosa,0.9401509990990113
142.0,Rhodotorula mucilaginosa,0.9401509990990113
142.0,Rhodotorula mucilaginosa,0.9401509990990113
142.0,Rhodotorula mucilaginosa,0.3547270727654863
142.0,Rhodotorula mucilaginosa,0.37915174636307847
142.0,Rhodotorula mucilaginosa,0.6956475284047637
142.0,Rhodotorula mucilaginosa,0.6956475284047637
142.0,Rhodotorula mucilaginosa,0.6956475284047637
142.0,Rhodotorula mucilaginosa,0.6956475284047637
142.0,Rhodotorula mucilaginosa,0.6956475284047637
142.0,Rhodotorula mucilaginosa,0.3117979990864072
142.0,Rhodotorula mucilaginosa,0.3679834383282705
142.0,Rhodotorula mucilaginosa,0.6113638197459234
142.0,Rhodotorula mucilaginosa,0.6113638197459234
142.0,Rhodotorula mucilaginosa,0.6113638197459234
142.0,Rhodotorula mucilaginosa,0.6113638197459234
142.0,Rhodotorula mucilaginosa,0.6113638197459234
143.0,Rhodotorula mucilaginosa,0.30443310896680453
143.0,Rhodotorula mucilaginosa,0.3261114525757725
143.0,Rhodotorula mucilaginosa,0.8491584346911327
143.0,Rhodotorula mucilaginosa,0.8491584346911327
143.0,Rhodotorula mucilaginosa,0.7705605929413921
143.0,Rhodotorula mucilaginosa,0.7705605929413921
143.0,Rhodotorula mucilaginosa,0.7705605929413921
143.0,Rhodotorula mucilaginosa,0.4012682579023492
143.0,Rhodotorula mucilaginosa,0.3460215268108202
143.0,Rhodotorula mucilaginosa,0.21965612592145145
143.0,Rhodotorula mucilaginosa,0.21965612592145145
143.0,Rhodotorula mucilaginosa,0.21965612592145145
143.0,Rhodotorula mucilaginosa,0.21965612592145145
143.0,Rhodotorula mucilaginosa,0.3261717368968351
143.0,Rhodotorula mucilaginosa,0.40588240857632435
143.0,Rhodotorula mucilaginosa,0.40547005726536056
143.0,Rhodotorula mucilaginosa,1.1374547934903851
143.0,Rhodotorula mucilaginosa,1.1374547934903851
143.0,Rhodotorula mucilaginosa,1.1374547934903851
143.0,Rhodotorula mucilaginosa,1.1374547934903851
143.0,Rhodotorula mucilaginosa,1.1374547934903851
143.0,Rhodotorula mucilaginosa,0.27985796499293514
143.0,Rhodotorula mucilaginosa,0.2985180252009896
143.0,Rhodotorula mucilaginosa,0.6007411351593822
143.0,Rhodotorula mucilaginosa,0.6007411351593822
143.0,Rhodotorula mucilaginosa,0.6007411351593822
143.0,Rhodotorula mucilaginosa,0.6007411351593822
143.0,Rhodotorula mucilaginosa,0.6007411351593822
144.0,Rhodotorula mucilaginosa,0.28656097491887417
144.0,Rhodotorula mucilaginosa,0.3066101896329965
144.0,Rhodotorula mucilaginosa,-0.2609387810704889
144.0,Rhodotorula mucilaginosa,-0.2609387810704889
144.0,Rhodotorula mucilaginosa,-0.2609387810704889
144.0,Rhodotorula mucilaginosa,-0.2609387810704889
144.0,Rhodotorula mucilaginosa,-0.2609387810704889
144.0,Rhodotorula mucilaginosa,0.29108838154596245
144.0,Rhodotorula mucilaginosa,0.37144990008369794
144.0,Rhodotorula mucilaginosa,0.5159622718251604
144.0,Rhodotorula mucilaginosa,0.5159622718251604
144.0,Rhodotorula mucilaginosa,0.5159622718251604
144.0,Rhodotorula mucilaginosa,0.5159622718251604
144.0,Rhodotorula mucilaginosa,0.5159622718251604
144.0,Rhodotorula mucilaginosa,0.2963202346225878
144.0,Rhodotorula mucilaginosa,0.3420987962719097
144.0,Rhodotorula mucilaginosa,0.31595612512205884
144.0,Rhodotorula mucilaginosa,0.5851080762941588
144.0,Rhodotorula mucilaginosa,0.5851080762941588
144.0,Rhodotorula mucilaginosa,0.5851080762941588
144.0,Rhodotorula mucilaginosa,0.5851080762941588
144.0,Rhodotorula mucilaginosa,0.3607409748414144
144.0,Rhodotorula mucilaginosa,0.44854494544556256
144.0,Rhodotorula mucilaginosa,0.4678978570887476
144.0,Rhodotorula mucilaginosa,0.4678978570887476
144.0,Rhodotorula mucilaginosa,0.4678978570887476
144.0,Rhodotorula mucilaginosa,0.4678978570887476
144.0,Rhodotorula mucilaginosa,0.4678978570887476
145.0,Rhodotorula mucilaginosa,0.2573573572786172
145.0,Rhodotorula mucilaginosa,0.335450567295123
145.0,Rhodotorula mucilaginosa,0.5114124775389759
145.0,Rhodotorula mucilaginosa,0.5114124775389759
145.0,Rhodotorula mucilaginosa,0.5114124775389759
145.0,Rhodotorula mucilaginosa,0.5114124775389759
145.0,Rhodotorula mucilaginosa,0.5114124775389759
145.0,Rhodotorula mucilaginosa,0.3535842502268344
145.0,Rhodotorula mucilaginosa,0.3535842502268344
145.0,Rhodotorula mucilaginosa,0.3795398964215505
145.0,Rhodotorula mucilaginosa,0.5189167431746857
145.0,Rhodotorula mucilaginosa,0.3857617095642157
145.0,Rhodotorula mucilaginosa,0.3857617095642157
145.0,Rhodotorula mucilaginosa,0.3857617095642157
145.0,Rhodotorula mucilaginosa,0.3113475355555179
145.0,Rhodotorula mucilaginosa,0.3525018280489004
145.0,Rhodotorula mucilaginosa,0.29892687648902905
145.0,Rhodotorula mucilaginosa,0.29892687648902905
145.0,Rhodotorula mucilaginosa,0.29892687648902905
145.0,Rhodotorula mucilaginosa,0.29892687648902905
145.0,Rhodotorula mucilaginosa,0.29892687648902905
145.0,Rhodotorula mucilaginosa,0.3214022821318049
145.0,Rhodotorula mucilaginosa,0.3808518247297681
145.0,Rhodotorula mucilaginosa,0.571406079757136
145.0,Rhodotorula mucilaginosa,0.571406079757136
145.0,Rhodotorula mucilaginosa,0.571406079757136
145.0,Rhodotorula mucilaginosa,0.571406079757136
145.0,Rhodotorula mucilaginosa,0.571406079757136
146.0,Rhodotorula mucilaginosa,0.354848006932315
146.0,Rhodotorula mucilaginosa,0.31850306084779
146.0,Rhodotorula mucilaginosa,0.3413340904692144
146.0,Rhodotorula mucilaginosa,0.3413340904692144
146.0,Rhodotorula mucilaginosa,0.3413340904692144
146.0,Rhodotorula mucilaginosa,0.3413340904692144
146.0,Rhodotorula mucilaginosa,0.3413340904692144
146.0,Rhodotorula mucilaginosa,0.33058453187026726
146.0,Rhodotorula mucilaginosa,0.33058453187026726
146.0,Rhodotorula mucilaginosa,0.22833152077165944
146.0,Rhodotorula mucilaginosa,0.22833152077165944
146.0,Rhodotorula mucilaginosa,0.22833152077165944
146.0,Rhodotorula mucilaginosa,0.22833152077165944
146.0,Rhodotorula mucilaginosa,0.22833152077165944
146.0,Rhodotorula mucilaginosa,0.3551487043558764
146.0,Rhodotorula mucilaginosa,0.4333459125764758
146.0,Rhodotorula mucilaginosa,0.4707842826569553
146.0,Rhodotorula mucilaginosa,0.38329311391853854
146.0,Rhodotorula mucilaginosa,0.36434635849478586
146.0,Rhodotorula mucilaginosa,0.36434635849478586
146.0,Rhodotorula mucilaginosa,0.4097676151881258
147.0,Rhodotorula paludigena,0.30382728403027137
147.0,Rhodotorula paludigena,0.3280044167162096
147.0,Rhodotorula paludigena,0.33379391969921346
147.0,Rhodotorula paludigena,0.06310888175169854
147.0,Rhodotorula paludigena,0.06310888175169854
147.0,Rhodotorula paludigena,0.06310888175169854
148.0,Rhodotorula mucilaginosa,0.24559604267073662
148.0,Rhodotorula mucilaginosa,0.3168857633575498
148.0,Rhodotorula mucilaginosa,0.8652703408472769
148.0,Rhodotorula mucilaginosa,0.8652703408472769
148.0,Rhodotorula mucilaginosa,0.8652703408472769
148.0,Rhodotorula mucilaginosa,0.8652703408472769
148.0,Rhodotorula mucilaginosa,0.8652703408472769
148.0,Rhodotorula mucilaginosa,0.42157243278473006
148.0,Rhodotorula mucilaginosa,0.3848758714107311
148.0,Rhodotorula mucilaginosa,-0.06814861176125707
148.0,Rhodotorula mucilaginosa,-0.06814861176125707
148.0,Rhodotorula mucilaginosa,-0.06814861176125707
148.0,Rhodotorula mucilaginosa,-0.06814861176125707
148.0,Rhodotorula mucilaginosa,-0.06814861176125707
148.0,Rhodotorula mucilaginosa,0.2926591279478311
148.0,Rhodotorula mucilaginosa,0.2926591279478311
148.0,Rhodotorula mucilaginosa,0.4234910220664621
148.0,Rhodotorula mucilaginosa,0.4234910220664621
148.0,Rhodotorula mucilaginosa,0.4234910220664621
148.0,Rhodotorula mucilaginosa,0.4234910220664621
148.0,Rhodotorula mucilaginosa,0.4234910220664621
148.0,Rhodotorula mucilaginosa,0.34781372754253786
148.0,Rhodotorula mucilaginosa,0.3603876819438816
148.0,Rhodotorula mucilaginosa,0.7118410361184823
148.0,Rhodotorula mucilaginosa,0.7118410361184823
148.0,Rhodotorula mucilaginosa,0.7118410361184823
148.0,Rhodotorula mucilaginosa,0.7118410361184823
148.0,Rhodotorula mucilaginosa,0.7118410361184823
149.0,Rhodotorula sphaerocarpa,-0.018462301345307592
149.0,Rhodotorula sphaerocarpa,0.4212124896683365
149.0,Rhodotorula sphaerocarpa,0.4212124896683365
149.0,Rhodotorula sphaerocarpa,0.26068614713515464
149.0,Rhodotorula sphaerocarpa,0.26068614713515464
149.0,Rhodotorula sphaerocarpa,0.26068614713515464
149.0,Rhodotorula sphaerocarpa,0.26068614713515464
149.0,Rhodotorula sphaerocarpa,0.26068614713515464
149.0,Rhodotorula sphaerocarpa,0.33996605641415284
149.0,Rhodotorula sphaerocarpa,0.29971060122265564
149.0,Rhodotorula sphaerocarpa,0.33996605641415284
149.0,Rhodotorula sphaerocarpa,0.20401545745113353
149.0,Rhodotorula sphaerocarpa,0.2316419153324619
149.0,Rhodotorula sphaerocarpa,0.20401545745113353
149.0,Rhodotorula sphaerocarpa,0.20401545745113353
150.0,Rhodotorula mucilaginosa,0.38034127836941556
150.0,Rhodotorula mucilaginosa,0.40727722123018417
150.0,Rhodotorula mucilaginosa,0.06095203400097908
150.0,Rhodotorula mucilaginosa,0.06095203400097908
150.0,Rhodotorula mucilaginosa,0.19073830536956934
150.0,Rhodotorula mucilaginosa,0.06095203400097908
150.0,Rhodotorula mucilaginosa,0.06095203400097908
150.0,Rhodotorula mucilaginosa,0.33659118896958323
150.0,Rhodotorula mucilaginosa,0.38832748281557083
150.0,Rhodotorula mucilaginosa,0.7618194404516807
150.0,Rhodotorula mucilaginosa,0.7618194404516807
150.0,Rhodotorula mucilaginosa,0.8172801721158048
150.0,Rhodotorula mucilaginosa,0.7618194404516807
150.0,Rhodotorula mucilaginosa,0.7618194404516807
150.0,Rhodotorula mucilaginosa,0.5170327443300199
150.0,Rhodotorula mucilaginosa,0.4386039137014643
150.0,Rhodotorula mucilaginosa,0.41576760399620855
150.0,Rhodotorula mucilaginosa,0.41576760399620855
150.0,Rhodotorula mucilaginosa,0.41576760399620855
150.0,Rhodotorula mucilaginosa,0.41576760399620855
150.0,Rhodotorula mucilaginosa,0.41576760399620855
150.0,Rhodotorula mucilaginosa,0.3348255866697273
150.0,Rhodotorula mucilaginosa,0.3946723241477973
150.0,Rhodotorula mucilaginosa,0.4326932395265997
150.0,Rhodotorula mucilaginosa,0.4326932395265997
150.0,Rhodotorula mucilaginosa,0.4326932395265997
150.0,Rhodotorula mucilaginosa,0.4326932395265997
150.0,Rhodotorula mucilaginosa,0.3836174252992046
151.0,Rhodotorula mucilaginosa,0.2791068905835097
151.0,Rhodotorula mucilaginosa,0.33501430771849017
151.0,Rhodotorula mucilaginosa,0.5423045960721763
151.0,Rhodotorula mucilaginosa,0.5423045960721763
151.0,Rhodotorula mucilaginosa,0.5423045960721763
151.0,Rhodotorula mucilaginosa,0.27283643707377114
151.0,Rhodotorula mucilaginosa,0.5423045960721763
151.0,Rhodotorula mucilaginosa,0.39735964396171447
151.0,Rhodotorula mucilaginosa,0.39735964396171447
151.0,Rhodotorula mucilaginosa,0.39940745249535037
151.0,Rhodotorula mucilaginosa,0.6174495282765969
151.0,Rhodotorula mucilaginosa,0.6183168933513287
151.0,Rhodotorula mucilaginosa,0.6183168933513287
151.0,Rhodotorula mucilaginosa,0.6183168933513287
151.0,Rhodotorula mucilaginosa,0.34746951851010077
151.0,Rhodotorula mucilaginosa,0.36161924136791984
151.0,Rhodotorula mucilaginosa,0.5639224619408574
151.0,Rhodotorula mucilaginosa,0.5639224619408574
151.0,Rhodotorula mucilaginosa,0.5639224619408574
151.0,Rhodotorula mucilaginosa,0.5639224619408574
151.0,Rhodotorula mucilaginosa,0.5639224619408574
151.0,Rhodotorula mucilaginosa,0.3452765500278908
151.0,Rhodotorula mucilaginosa,0.2528540382627126
151.0,Rhodotorula mucilaginosa,0.28997677775404535
151.0,Rhodotorula mucilaginosa,0.2815662840950482
151.0,Rhodotorula mucilaginosa,0.2815662840950482
151.0,Rhodotorula mucilaginosa,0.2815662840950482
151.0,Rhodotorula mucilaginosa,0.2815662840950482
152.0,Rhodotorula mucilaginosa,0.33963656104536705
152.0,Rhodotorula mucilaginosa,0.35003898752119716
152.0,Rhodotorula mucilaginosa,0.2056147717037068
152.0,Rhodotorula mucilaginosa,0.2056147717037068
152.0,Rhodotorula mucilaginosa,0.2056147717037068
152.0,Rhodotorula mucilaginosa,0.2056147717037068
152.0,Rhodotorula mucilaginosa,0.2056147717037068
152.0,Rhodotorula mucilaginosa,0.34955422673589165
152.0,Rhodotorula mucilaginosa,0.3802569185753107
152.0,Rhodotorula mucilaginosa,0.9125618899584473
152.0,Rhodotorula mucilaginosa,0.9125618899584473
152.0,Rhodotorula mucilaginosa,0.7832423666750348
152.0,Rhodotorula mucilaginosa,0.9125618899584473
152.0,Rhodotorula mucilaginosa,0.9125618899584473
152.0,Rhodotorula mucilaginosa,0.30941098575574466
152.0,Rhodotorula mucilaginosa,0.26702003147618364
152.0,Rhodotorula mucilaginosa,0.4982030611632758
152.0,Rhodotorula mucilaginosa,0.4982030611632758
152.0,Rhodotorula mucilaginosa,0.4982030611632758
152.0,Rhodotorula mucilaginosa,0.4982030611632758
152.0,Rhodotorula mucilaginosa,0.4982030611632758
152.0,Rhodotorula mucilaginosa,0.34352333202076824
152.0,Rhodotorula mucilaginosa,0.30367104338970397
152.0,Rhodotorula mucilaginosa,0.7875424199399041
152.0,Rhodotorula mucilaginosa,0.7458197781999127
152.0,Rhodotorula mucilaginosa,0.7875424199399041
152.0,Rhodotorula mucilaginosa,0.7458197781999127
152.0,Rhodotorula mucilaginosa,0.7458197781999127
153.0,Rhodotorula mucilaginosa,0.2752634318516456
153.0,Rhodotorula mucilaginosa,0.2907997290627243
153.0,Rhodotorula mucilaginosa,0.13416891469175365
153.0,Rhodotorula mucilaginosa,0.13416891469175365
153.0,Rhodotorula mucilaginosa,0.13416891469175365
153.0,Rhodotorula mucilaginosa,0.13416891469175365
153.0,Rhodotorula mucilaginosa,0.13416891469175365
153.0,Rhodotorula mucilaginosa,0.3236507267788867
153.0,Rhodotorula mucilaginosa,0.3573433914598449
153.0,Rhodotorula mucilaginosa,0.6836613419000613
153.0,Rhodotorula mucilaginosa,0.6836613419000613
153.0,Rhodotorula mucilaginosa,0.6836613419000613
153.0,Rhodotorula mucilaginosa,0.6836613419000613
153.0,Rhodotorula mucilaginosa,0.6836613419000613
153.0,Rhodotorula mucilaginosa,0.37000098030683487
153.0,Rhodotorula mucilaginosa,0.3399978695176368
153.0,Rhodotorula mucilaginosa,0.3399978695176368
153.0,Rhodotorula mucilaginosa,0.3399978695176368
153.0,Rhodotorula mucilaginosa,0.05763984935747827
153.0,Rhodotorula mucilaginosa,0.05763984935747827
153.0,Rhodotorula mucilaginosa,0.05763984935747827
153.0,Rhodotorula mucilaginosa,-0.11898759919473892
153.0,Rhodotorula mucilaginosa,0.05087275111721354
155.0,Rhodotorula taiwanensis,0.39026687562660595
155.0,Rhodotorula taiwanensis,0.39026687562660595
155.0,Rhodotorula taiwanensis,0.4329441774291321
155.0,Rhodotorula taiwanensis,0.3346528651335282
155.0,Rhodotorula taiwanensis,0.4329441774291321
155.0,Rhodotorula taiwanensis,0.4329441774291321
155.0,Rhodotorula taiwanensis,0.4329441774291321
155.0,Rhodotorula taiwanensis,0.2788087669030049
155.0,Rhodotorula taiwanensis,0.2788087669030049
155.0,Rhodotorula taiwanensis,-0.48250941289095506
155.0,Rhodotorula taiwanensis,-0.48250941289095506
155.0,Rhodotorula taiwanensis,-0.48250941289095506
155.0,Rhodotorula taiwanensis,-0.48250941289095506
155.0,Rhodotorula taiwanensis,-0.48250941289095506
155.0,Rhodotorula taiwanensis,0.3816150012227813
155.0,Rhodotorula taiwanensis,0.3816150012227813
155.0,Rhodotorula taiwanensis,0.12483605737453349
155.0,Rhodotorula taiwanensis,0.12483605737453349
155.0,Rhodotorula taiwanensis,0.4300621883168556
155.0,Rhodotorula taiwanensis,0.12483605737453349
155.0,Rhodotorula taiwanensis,0.12483605737453349
155.0,Rhodotorula taiwanensis,0.5258303727276322
155.0,Rhodotorula taiwanensis,0.5778119268550497
155.0,Rhodotorula taiwanensis,0.22894347655181993
155.0,Rhodotorula taiwanensis,0.22894347655181993
155.0,Rhodotorula taiwanensis,0.22894347655181993
155.0,Rhodotorula taiwanensis,0.22894347655181993
156.0,Rhodotorula paludigena,0.3751205849352006
156.0,Rhodotorula paludigena,0.3770178957824963
156.0,Rhodotorula paludigena,0.3751205849352006
156.0,Rhodotorula paludigena,0.5074637835799974
156.0,Rhodotorula paludigena,0.5074637835799974
156.0,Rhodotorula paludigena,0.5074637835799974
156.0,Rhodotorula paludigena,0.5074637835799974
156.0,Rhodotorula paludigena,0.33740903794700766
156.0,Rhodotorula paludigena,0.35710765132861216
156.0,Rhodotorula paludigena,0.7145913700630753
156.0,Rhodotorula paludigena,0.3387448144278111
156.0,Rhodotorula paludigena,0.7145913700630753
156.0,Rhodotorula paludigena,0.7145913700630753
156.0,Rhodotorula paludigena,0.7145913700630753
156.0,Rhodotorula paludigena,0.4338996136921731
156.0,Rhodotorula paludigena,0.3631287680985606
156.0,Rhodotorula paludigena,0.551080136128818
156.0,Rhodotorula paludigena,0.551080136128818
156.0,Rhodotorula paludigena,0.551080136128818
156.0,Rhodotorula paludigena,0.551080136128818
156.0,Rhodotorula paludigena,0.551080136128818
156.0,Rhodotorula paludigena,0.3936237119223034
156.0,Rhodotorula paludigena,0.3708204523330261
156.0,Rhodotorula paludigena,0.3936237119223034
156.0,Rhodotorula paludigena,0.37550048885090687
156.0,Rhodotorula paludigena,0.7559199653561544
156.0,Rhodotorula paludigena,0.7559199653561544
156.0,Rhodotorula paludigena,0.7559199653561544
157.0,Rhodotorula paludigena,0.3426165571154311
157.0,Rhodotorula paludigena,0.3661213478854712
157.0,Rhodotorula paludigena,0.10539136938294373
157.0,Rhodotorula paludigena,0.10539136938294373
157.0,Rhodotorula paludigena,0.10539136938294373
157.0,Rhodotorula paludigena,0.10539136938294373
157.0,Rhodotorula paludigena,0.10539136938294373
157.0,Rhodotorula paludigena,0.3731667200384518
157.0,Rhodotorula paludigena,0.3404035466000513
157.0,Rhodotorula paludigena,0.28868316398521604
157.0,Rhodotorula paludigena,0.28868316398521604
157.0,Rhodotorula paludigena,0.28868316398521604
157.0,Rhodotorula paludigena,0.28868316398521604
157.0,Rhodotorula paludigena,0.26949359848933996
157.0,Rhodotorula paludigena,0.31832139654490066
157.0,Rhodotorula paludigena,0.31832139654490066
157.0,Rhodotorula paludigena,0.2518359129012766
157.0,Rhodotorula paludigena,0.2518359129012766
157.0,Rhodotorula paludigena,0.2518359129012766
157.0,Rhodotorula paludigena,0.2518359129012766
157.0,Rhodotorula paludigena,0.2518359129012766
157.0,Rhodotorula paludigena,0.5412165458568667
157.0,Rhodotorula paludigena,0.4140322668218751
157.0,Rhodotorula paludigena,0.1177397825352294
157.0,Rhodotorula paludigena,0.1177397825352294
157.0,Rhodotorula paludigena,0.1177397825352294
157.0,Rhodotorula paludigena,0.1177397825352294
157.0,Rhodotorula paludigena,0.1177397825352294
158.0,Rhodotorula mucilaginosa,-0.10101860951847101
158.0,Rhodotorula mucilaginosa,-0.12871023718553057
158.0,Rhodotorula mucilaginosa,-0.2663492570599098
158.0,Rhodotorula mucilaginosa,-0.12871023718553057
158.0,Rhodotorula mucilaginosa,-0.2663492570599098
158.0,Rhodotorula mucilaginosa,-0.12871023718553057
158.0,Rhodotorula mucilaginosa,0.2485217211141499
158.0,Rhodotorula mucilaginosa,0.27563520973898126
158.0,Rhodotorula mucilaginosa,0.2805050051907856
158.0,Rhodotorula mucilaginosa,0.2805050051907856
158.0,Rhodotorula mucilaginosa,0.2805050051907856
158.0,Rhodotorula mucilaginosa,0.2805050051907856
158.0,Rhodotorula mucilaginosa,0.2805050051907856
158.0,Rhodotorula mucilaginosa,0.35164312647811546
158.0,Rhodotorula mucilaginosa,0.41080273040555
158.0,Rhodotorula mucilaginosa,0.3155592302115911
158.0,Rhodotorula mucilaginosa,0.3155592302115911
158.0,Rhodotorula mucilaginosa,0.3155592302115911
158.0,Rhodotorula mucilaginosa,0.3155592302115911
158.0,Rhodotorula mucilaginosa,0.3155592302115911
158.0,Rhodotorula mucilaginosa,0.3480743541926226
158.0,Rhodotorula mucilaginosa,0.3483919835589799
158.0,Rhodotorula mucilaginosa,0.416458634567145
158.0,Rhodotorula mucilaginosa,0.46438984415230267
158.0,Rhodotorula mucilaginosa,0.46438984415230267
158.0,Rhodotorula mucilaginosa,0.416458634567145
158.0,Rhodotorula mucilaginosa,0.416458634567145
159.0,Rhodotorula mucilaginosa,0.3162837847609099
159.0,Rhodotorula mucilaginosa,0.3162837847609099
159.0,Rhodotorula mucilaginosa,0.4163732369350991
159.0,Rhodotorula mucilaginosa,0.4163732369350991
159.0,Rhodotorula mucilaginosa,0.4163732369350991
159.0,Rhodotorula mucilaginosa,0.4833929827484116
159.0,Rhodotorula mucilaginosa,0.4163732369350991
159.0,Rhodotorula mucilaginosa,0.277433356274519
159.0,Rhodotorula mucilaginosa,0.27001104088312355
159.0,Rhodotorula mucilaginosa,0.30136306402672824
159.0,Rhodotorula mucilaginosa,0.3412825264201761
159.0,Rhodotorula mucilaginosa,0.5258339028475719
159.0,Rhodotorula mucilaginosa,0.3412825264201761
159.0,Rhodotorula mucilaginosa,0.3412825264201761
159.0,Rhodotorula mucilaginosa,0.32146583430376074
159.0,Rhodotorula mucilaginosa,0.3434653277934689
159.0,Rhodotorula mucilaginosa,0.5517489005286913
159.0,Rhodotorula mucilaginosa,0.5517489005286913
159.0,Rhodotorula mucilaginosa,0.5517489005286913
159.0,Rhodotorula mucilaginosa,0.5517489005286913
159.0,Rhodotorula mucilaginosa,0.5517489005286913
159.0,Rhodotorula mucilaginosa,0.3134986673521734
159.0,Rhodotorula mucilaginosa,0.3012421169261995
159.0,Rhodotorula mucilaginosa,0.8369681150860777
159.0,Rhodotorula mucilaginosa,0.8369681150860777
159.0,Rhodotorula mucilaginosa,0.8369681150860777
159.0,Rhodotorula mucilaginosa,0.8369681150860777
159.0,Rhodotorula mucilaginosa,0.8369681150860777
161.0,Rhodotorula mucilaginosa,0.31764126937170734
161.0,Rhodotorula mucilaginosa,0.30806715483508823
161.0,Rhodotorula mucilaginosa,0.2410268679152198
161.0,Rhodotorula mucilaginosa,0.2410268679152198
161.0,Rhodotorula mucilaginosa,0.2410268679152198
161.0,Rhodotorula mucilaginosa,0.2410268679152198
161.0,Rhodotorula mucilaginosa,0.2410268679152198
161.0,Rhodotorula mucilaginosa,0.3171735146124723
161.0,Rhodotorula mucilaginosa,0.3171735146124723
161.0,Rhodotorula mucilaginosa,0.1354090973201012
161.0,Rhodotorula mucilaginosa,0.1354090973201012
161.0,Rhodotorula mucilaginosa,0.1354090973201012
161.0,Rhodotorula mucilaginosa,0.1354090973201012
161.0,Rhodotorula mucilaginosa,0.1354090973201012
161.0,Rhodotorula mucilaginosa,0.31005204578195295
161.0,Rhodotorula mucilaginosa,0.3089473238337587
161.0,Rhodotorula mucilaginosa,0.3260517882967265
161.0,Rhodotorula mucilaginosa,0.42648245382047656
161.0,Rhodotorula mucilaginosa,0.42648245382047656
161.0,Rhodotorula mucilaginosa,0.38344711967477807
161.0,Rhodotorula mucilaginosa,0.3627891269544925
161.0,Rhodotorula mucilaginosa,0.5955305437121845
161.0,Rhodotorula mucilaginosa,0.5955305437121845
161.0,Rhodotorula mucilaginosa,0.5955305437121845
162.0,Rhodotorula mucilaginosa,0.3286872674175941
162.0,Rhodotorula mucilaginosa,0.33182722303229106
162.0,Rhodotorula mucilaginosa,0.41468434928892656
162.0,Rhodotorula mucilaginosa,0.571975131801517
162.0,Rhodotorula mucilaginosa,0.41468434928892656
162.0,Rhodotorula mucilaginosa,0.41468434928892656
162.0,Rhodotorula mucilaginosa,0.41468434928892656
162.0,Rhodotorula mucilaginosa,0.41127461879490235
162.0,Rhodotorula mucilaginosa,0.35586298967043184
162.0,Rhodotorula mucilaginosa,0.6772004476844822
162.0,Rhodotorula mucilaginosa,0.6772004476844822
162.0,Rhodotorula mucilaginosa,0.6772004476844822
162.0,Rhodotorula mucilaginosa,0.6772004476844822
162.0,Rhodotorula mucilaginosa,0.6772004476844822
162.0,Rhodotorula mucilaginosa,0.3891477686891005
162.0,Rhodotorula mucilaginosa,0.3891477686891005
162.0,Rhodotorula mucilaginosa,-0.1823058333052045
162.0,Rhodotorula mucilaginosa,-0.1823058333052045
162.0,Rhodotorula mucilaginosa,-0.1823058333052045
162.0,Rhodotorula mucilaginosa,-0.1823058333052045
162.0,Rhodotorula mucilaginosa,-0.1823058333052045
163.0,Rhodotorula mucilaginosa,0.35917682845870524
163.0,Rhodotorula mucilaginosa,0.5833833260457268
163.0,Rhodotorula mucilaginosa,0.6459876966538204
163.0,Rhodotorula mucilaginosa,0.5833833260457268
163.0,Rhodotorula mucilaginosa,0.5833833260457268
163.0,Rhodotorula mucilaginosa,0.5833833260457268
163.0,Rhodotorula mucilaginosa,0.2701510160684989
163.0,Rhodotorula mucilaginosa,0.35290597943808605
163.0,Rhodotorula mucilaginosa,0.33351530776289084
163.0,Rhodotorula mucilaginosa,0.33351530776289084
163.0,Rhodotorula mucilaginosa,0.33351530776289084
163.0,Rhodotorula mucilaginosa,0.33351530776289084
163.0,Rhodotorula mucilaginosa,0.33351530776289084
163.0,Rhodotorula mucilaginosa,0.2956365096604796
163.0,Rhodotorula mucilaginosa,0.31441964623411983
163.0,Rhodotorula mucilaginosa,0.6312785029079726
163.0,Rhodotorula mucilaginosa,0.6312785029079726
163.0,Rhodotorula mucilaginosa,0.6312785029079726
163.0,Rhodotorula mucilaginosa,0.6312785029079726
163.0,Rhodotorula mucilaginosa,0.6312785029079726
163.0,Rhodotorula mucilaginosa,0.35337638280815675
163.0,Rhodotorula mucilaginosa,0.3856149174411585
163.0,Rhodotorula mucilaginosa,0.34895171922626583
163.0,Rhodotorula mucilaginosa,0.28127629343363514
163.0,Rhodotorula mucilaginosa,0.5521715613287758
163.0,Rhodotorula mucilaginosa,0.28127629343363514
163.0,Rhodotorula mucilaginosa,0.28127629343363514
164.0,Rhodotorula mucilaginosa,0.2881705337910243
164.0,Rhodotorula mucilaginosa,0.31412524842206835
164.0,Rhodotorula mucilaginosa,0.4878772595275584
164.0,Rhodotorula mucilaginosa,0.2836029220006623
164.0,Rhodotorula mucilaginosa,0.4878772595275584
164.0,Rhodotorula mucilaginosa,0.4878772595275584
164.0,Rhodotorula mucilaginosa,0.4878772595275584
164.0,Rhodotorula mucilaginosa,0.26874951443148365
164.0,Rhodotorula mucilaginosa,0.26874951443148365
164.0,Rhodotorula mucilaginosa,0.41451810765670827
164.0,Rhodotorula mucilaginosa,0.41451810765670827
164.0,Rhodotorula mucilaginosa,0.41451810765670827
164.0,Rhodotorula mucilaginosa,0.41451810765670827
164.0,Rhodotorula mucilaginosa,0.41451810765670827
164.0,Rhodotorula mucilaginosa,0.3098998391224462
164.0,Rhodotorula mucilaginosa,0.006744419496540779
164.0,Rhodotorula mucilaginosa,0.006744419496540779
164.0,Rhodotorula mucilaginosa,0.006744419496540779
164.0,Rhodotorula mucilaginosa,0.006744419496540779
164.0,Rhodotorula mucilaginosa,0.28823331682539877
164.0,Rhodotorula mucilaginosa,0.3006864172424972
164.0,Rhodotorula mucilaginosa,0.8117777170995806
164.0,Rhodotorula mucilaginosa,0.8117777170995806
164.0,Rhodotorula mucilaginosa,0.8117777170995806
164.0,Rhodotorula mucilaginosa,0.8117777170995806
164.0,Rhodotorula mucilaginosa,0.8117777170995806
165.0,,0.2719681781350326
165.0,,0.2803447655295063
165.0,,0.4741872823740465
165.0,,0.4741872823740465
165.0,,0.4741872823740465
165.0,,0.4741872823740465
165.0,,0.4741872823740465
165.0,,0.35930515260221857
165.0,,0.3544812595512045
165.0,,0.42203299484627954
165.0,,0.49558808932686366
165.0,,0.6193753482593914
165.0,,0.6193753482593914
165.0,,0.6193753482593914
165.0,,0.2834758421293233
165.0,,0.2878686195044945
165.0,,0.6451096387710195
165.0,,0.6451096387710195
165.0,,0.6451096387710195
165.0,,0.6451096387710195
165.0,,0.6451096387710195
165.0,,0.06292410527004444
165.0,,0.06292410527004444
165.0,,0.06292410527004444
165.0,,0.06292410527004444
165.0,,0.06292410527004444
166.0,Rhodotorula mucilaginosa,0.22499416822708726
166.0,Rhodotorula mucilaginosa,0.22499416822708726
166.0,Rhodotorula mucilaginosa,0.3371770529261645
166.0,Rhodotorula mucilaginosa,0.3371770529261645
166.0,Rhodotorula mucilaginosa,0.3371770529261645
166.0,Rhodotorula mucilaginosa,0.3371770529261645
166.0,Rhodotorula mucilaginosa,0.42966797073691926
166.0,Rhodotorula mucilaginosa,0.48347438648236185
166.0,Rhodotorula mucilaginosa,0.4508060798181428
166.0,Rhodotorula mucilaginosa,0.6391740394835354
166.0,Rhodotorula mucilaginosa,0.4508060798181428
166.0,Rhodotorula mucilaginosa,0.4508060798181428
166.0,Rhodotorula mucilaginosa,0.4508060798181428
166.0,Rhodotorula mucilaginosa,0.3332176869573299
166.0,Rhodotorula mucilaginosa,0.37076487971723276
166.0,Rhodotorula mucilaginosa,-0.00470524450305933
166.0,Rhodotorula mucilaginosa,-0.00470524450305933
166.0,Rhodotorula mucilaginosa,-0.00470524450305933
166.0,Rhodotorula mucilaginosa,-0.00470524450305933
166.0,Rhodotorula mucilaginosa,-0.00470524450305933
166.0,Rhodotorula mucilaginosa,0.3974841881165209
166.0,Rhodotorula mucilaginosa,0.33817012486895
167.0,Rhodotorula mucilaginosa,0.36529940271142153
167.0,Rhodotorula mucilaginosa,0.23373831844891577
167.0,Rhodotorula mucilaginosa,0.36529940271142153
167.0,Rhodotorula mucilaginosa,0.23373831844891577
167.0,Rhodotorula mucilaginosa,0.23373831844891577
167.0,Rhodotorula mucilaginosa,0.23373831844891577
167.0,Rhodotorula mucilaginosa,0.32831369785395303
167.0,Rhodotorula mucilaginosa,0.522544867657671
167.0,Rhodotorula mucilaginosa,0.522544867657671
167.0,Rhodotorula mucilaginosa,0.522544867657671
167.0,Rhodotorula mucilaginosa,0.522544867657671
167.0,Rhodotorula mucilaginosa,0.522544867657671
167.0,Rhodotorula mucilaginosa,0.45619124403189387
167.0,Rhodotorula mucilaginosa,0.21960434748121235
167.0,Rhodotorula mucilaginosa,0.21960434748121235
167.0,Rhodotorula mucilaginosa,0.21960434748121235
167.0,Rhodotorula mucilaginosa,0.21960434748121235
167.0,Rhodotorula mucilaginosa,0.21960434748121235
167.0,Rhodotorula mucilaginosa,0.46777946057885944
167.0,Rhodotorula mucilaginosa,0.46777946057885944
167.0,Rhodotorula mucilaginosa,1.086346199637441
167.0,Rhodotorula mucilaginosa,1.086346199637441
167.0,Rhodotorula mucilaginosa,0.5378199287019446
167.0,Rhodotorula mucilaginosa,0.5378199287019446
167.0,Rhodotorula mucilaginosa,0.5378199287019446
168.0,Rhodotorula mucilaginosa,0.3256423081358288
168.0,Rhodotorula mucilaginosa,0.3256423081358288
168.0,Rhodotorula mucilaginosa,0.57520178807393
168.0,Rhodotorula mucilaginosa,0.57520178807393
168.0,Rhodotorula mucilaginosa,0.57520178807393
168.0,Rhodotorula mucilaginosa,0.57520178807393
168.0,Rhodotorula mucilaginosa,0.57520178807393
168.0,Rhodotorula mucilaginosa,0.37938739040856134
168.0,Rhodotorula mucilaginosa,0.37709387428053
168.0,Rhodotorula mucilaginosa,0.8256925265255174
168.0,Rhodotorula mucilaginosa,0.8256925265255174
168.0,Rhodotorula mucilaginosa,0.8256925265255174
168.0,Rhodotorula mucilaginosa,0.8256925265255174
168.0,Rhodotorula mucilaginosa,0.8256925265255174
168.0,Rhodotorula mucilaginosa,0.32636345698228314
168.0,Rhodotorula mucilaginosa,0.35174816339762327
168.0,Rhodotorula mucilaginosa,-0.012469657416531539
168.0,Rhodotorula mucilaginosa,-0.012469657416531539
168.0,Rhodotorula mucilaginosa,-0.012469657416531539
168.0,Rhodotorula mucilaginosa,-0.012469657416531539
168.0,Rhodotorula mucilaginosa,-0.012469657416531539
168.0,Rhodotorula mucilaginosa,0.3356028660674602
168.0,Rhodotorula mucilaginosa,0.33773648788351324
168.0,Rhodotorula mucilaginosa,0.14347086302324294
168.0,Rhodotorula mucilaginosa,0.10799075167644172
168.0,Rhodotorula mucilaginosa,0.10799075167644172
168.0,Rhodotorula mucilaginosa,0.10799075167644172
168.0,Rhodotorula mucilaginosa,0.10799075167644172
169.0,Rhodotorula mucilaginosa,0.31714502687870555
169.0,Rhodotorula mucilaginosa,0.520171817919746
169.0,Rhodotorula mucilaginosa,0.2677846294487732
169.0,Rhodotorula mucilaginosa,0.520171817919746
169.0,Rhodotorula mucilaginosa,0.520171817919746
169.0,Rhodotorula mucilaginosa,0.520171817919746
169.0,Rhodotorula mucilaginosa,0.368529226315666
169.0,Rhodotorula mucilaginosa,0.368529226315666
169.0,Rhodotorula mucilaginosa,0.29678461664870914
169.0,Rhodotorula mucilaginosa,0.29678461664870914
169.0,Rhodotorula mucilaginosa,0.29678461664870914
169.0,Rhodotorula mucilaginosa,0.29678461664870914
169.0,Rhodotorula mucilaginosa,0.29678461664870914
169.0,Rhodotorula mucilaginosa,0.36926012183334284
169.0,Rhodotorula mucilaginosa,0.4651376554949166
170.0,Rhodotorula mucilaginosa,0.254597265407879
170.0,Rhodotorula mucilaginosa,0.26800736413729864
170.0,Rhodotorula mucilaginosa,0.3524074519173116
170.0,Rhodotorula mucilaginosa,0.45387265036177865
170.0,Rhodotorula mucilaginosa,0.39683674916366146
170.0,Rhodotorula mucilaginosa,0.37644406591927226
170.0,Rhodotorula mucilaginosa,0.36937015261074335
170.0,Rhodotorula mucilaginosa,0.03830041159321343
170.0,Rhodotorula mucilaginosa,0.03830041159321343
170.0,Rhodotorula mucilaginosa,0.03830041159321343
170.0,Rhodotorula mucilaginosa,0.2777581503916884
170.0,Rhodotorula mucilaginosa,0.3424535635424048
170.0,Rhodotorula mucilaginosa,-0.08236736807819552
170.0,Rhodotorula mucilaginosa,-0.08236736807819552
170.0,Rhodotorula mucilaginosa,-0.08236736807819552
170.0,Rhodotorula mucilaginosa,-0.08236736807819552
170.0,Rhodotorula mucilaginosa,-0.08236736807819552
170.0,Rhodotorula mucilaginosa,0.23347238762454015
170.0,Rhodotorula mucilaginosa,0.30737327525181257
170.0,Rhodotorula mucilaginosa,0.5541871440340328
170.0,Rhodotorula mucilaginosa,0.5541871440340328
170.0,Rhodotorula mucilaginosa,0.5541871440340328
170.0,Rhodotorula mucilaginosa,0.4107905638770163
170.0,Rhodotorula mucilaginosa,0.5541871440340328
171.0,Rhodotorula mucilaginosa,0.35530812137688317
171.0,Rhodotorula mucilaginosa,0.3423909474908237
171.0,Rhodotorula mucilaginosa,0.36300238902347914
171.0,Rhodotorula mucilaginosa,0.42147047103620006
171.0,Rhodotorula mucilaginosa,0.42147047103620006
171.0,Rhodotorula mucilaginosa,0.42147047103620006
171.0,Rhodotorula mucilaginosa,0.42147047103620006
171.0,Rhodotorula mucilaginosa,0.4605798239213199
171.0,Rhodotorula mucilaginosa,0.4540257147609947
171.0,Rhodotorula mucilaginosa,0.5878189108382071
171.0,Rhodotorula mucilaginosa,0.5878189108382071
171.0,Rhodotorula mucilaginosa,0.5878189108382071
171.0,Rhodotorula mucilaginosa,0.5938980119373
171.0,Rhodotorula mucilaginosa,0.5878189108382071
171.0,Rhodotorula mucilaginosa,0.4574309056045797
171.0,Rhodotorula mucilaginosa,0.4574309056045797
171.0,Rhodotorula mucilaginosa,0.8404111655156922
171.0,Rhodotorula mucilaginosa,0.8404111655156922
171.0,Rhodotorula mucilaginosa,0.8404111655156922
171.0,Rhodotorula mucilaginosa,0.8404111655156922
171.0,Rhodotorula mucilaginosa,0.8404111655156922
171.0,Rhodotorula mucilaginosa,0.7369492463314321
171.0,Rhodotorula mucilaginosa,0.5942893464411807
171.0,Rhodotorula mucilaginosa,2.039195778014646
171.0,Rhodotorula mucilaginosa,2.039195778014646
171.0,Rhodotorula mucilaginosa,2.039195778014646
171.0,Rhodotorula mucilaginosa,2.039195778014646
171.0,Rhodotorula mucilaginosa,1.8986596095907207
172.0,Rhodotorula mucilaginosa,0.33340357923691044
172.0,Rhodotorula mucilaginosa,0.33340357923691044
172.0,Rhodotorula mucilaginosa,0.4928874979439398
172.0,Rhodotorula mucilaginosa,0.4928874979439398
172.0,Rhodotorula mucilaginosa,0.4928874979439398
172.0,Rhodotorula mucilaginosa,0.8704021807343698
172.0,Rhodotorula mucilaginosa,0.4928874979439398
172.0,Rhodotorula mucilaginosa,0.30993700832836774
172.0,Rhodotorula mucilaginosa,0.3227284082717161
172.0,Rhodotorula mucilaginosa,0.40306017240682707
172.0,Rhodotorula mucilaginosa,0.4661076341458938
172.0,Rhodotorula mucilaginosa,0.40306017240682707
172.0,Rhodotorula mucilaginosa,0.40306017240682707
172.0,Rhodotorula mucilaginosa,0.40306017240682707
172.0,Rhodotorula mucilaginosa,-0.5927494815656076
172.0,Rhodotorula mucilaginosa,0.22228234933118213
172.0,Rhodotorula mucilaginosa,0.22228234933118213
172.0,Rhodotorula mucilaginosa,0.22228234933118213
172.0,Rhodotorula mucilaginosa,0.22228234933118213
172.0,Rhodotorula mucilaginosa,0.22228234933118213
172.0,Rhodotorula mucilaginosa,0.435653191287989
172.0,Rhodotorula mucilaginosa,0.435653191287989
172.0,Rhodotorula mucilaginosa,1.2697831642977688
172.0,Rhodotorula mucilaginosa,1.6507005052902246
172.0,Rhodotorula mucilaginosa,1.6507005052902246
172.0,Rhodotorula mucilaginosa,1.6507005052902246
172.0,Rhodotorula mucilaginosa,1.6507005052902246
173.0,,0.33563341795527973
173.0,,0.2924577406533998
173.0,,0.39960989758413396
173.0,,0.2601404497634775
173.0,,0.39960989758413396
173.0,,0.39960989758413396
173.0,,0.39960989758413396
173.0,,0.38552561633790033
173.0,,0.37489717948023227
173.0,,0.4936796327606225
173.0,,0.3954188031045932
173.0,,0.4051764741616386
173.0,,0.4051764741616386
173.0,,0.4051764741616386
173.0,,0.8334110233268349
173.0,,-0.4280295041889554
173.0,,-0.4280295041889554
173.0,,-0.4280295041889554
173.0,,-0.4280295041889554
173.0,,-0.4280295041889554
173.0,,0.3765736781538503
173.0,,0.3765736781538503
173.0,,0.5847960595939422
173.0,,0.5847960595939422
173.0,,0.5847960595939422
173.0,,0.5847960595939422
173.0,,0.5847960595939422
174.0,Rhodotorula mucilaginosa,0.41005219090678124
174.0,Rhodotorula mucilaginosa,0.43320663342304716
174.0,Rhodotorula mucilaginosa,0.47971162683767077
174.0,Rhodotorula mucilaginosa,0.5227224810997506
174.0,Rhodotorula mucilaginosa,0.5227224810997506
174.0,Rhodotorula mucilaginosa,0.47971162683767077
174.0,Rhodotorula mucilaginosa,0.47971162683767077
174.0,Rhodotorula mucilaginosa,0.22037077283698014
174.0,Rhodotorula mucilaginosa,0.32114227576991805
174.0,Rhodotorula mucilaginosa,0.3669822298138888
174.0,Rhodotorula mucilaginosa,0.3669822298138888
174.0,Rhodotorula mucilaginosa,0.3669822298138888
174.0,Rhodotorula mucilaginosa,0.3669822298138888
174.0,Rhodotorula mucilaginosa,0.3669822298138888
174.0,Rhodotorula mucilaginosa,0.28683144992657894
174.0,Rhodotorula mucilaginosa,0.3000348020219018
174.0,Rhodotorula mucilaginosa,0.2564652549821934
174.0,Rhodotorula mucilaginosa,0.3106592844426606
174.0,Rhodotorula mucilaginosa,0.2564652549821934
174.0,Rhodotorula mucilaginosa,0.2564652549821934
174.0,Rhodotorula mucilaginosa,0.2564652549821934
174.0,Rhodotorula mucilaginosa,0.3149327412820223
174.0,Rhodotorula mucilaginosa,0.3769686813330749
174.0,Rhodotorula mucilaginosa,0.8190212243926867
174.0,Rhodotorula mucilaginosa,0.8190212243926867
174.0,Rhodotorula mucilaginosa,0.8190212243926867
174.0,Rhodotorula mucilaginosa,0.8190212243926867
174.0,Rhodotorula mucilaginosa,0.8190212243926867
175.0,Rhodotorula mucilaginosa,0.3060176933773101
175.0,Rhodotorula mucilaginosa,0.14346495710297857
175.0,Rhodotorula mucilaginosa,0.4343548883518532
175.0,Rhodotorula mucilaginosa,0.14346495710297857
175.0,Rhodotorula mucilaginosa,0.14346495710297857
175.0,Rhodotorula mucilaginosa,0.14346495710297857
175.0,Rhodotorula mucilaginosa,0.2855125940399602
175.0,Rhodotorula mucilaginosa,0.345148299117324
175.0,Rhodotorula mucilaginosa,0.308696903077526
175.0,Rhodotorula mucilaginosa,0.308696903077526
175.0,Rhodotorula mucilaginosa,0.308696903077526
175.0,Rhodotorula mucilaginosa,0.308696903077526
175.0,Rhodotorula mucilaginosa,0.308696903077526
175.0,Rhodotorula mucilaginosa,0.670752086882153
175.0,Rhodotorula mucilaginosa,0.8414666237168373
175.0,Rhodotorula mucilaginosa,0.47542675944355567
175.0,Rhodotorula mucilaginosa,0.47542675944355567
175.0,Rhodotorula mucilaginosa,0.3531395889837038
176.0,Rhodotorula mucilaginosa,0.334829663872968
176.0,Rhodotorula mucilaginosa,0.3148684229301505
176.0,Rhodotorula mucilaginosa,-0.4221910929296958
176.0,Rhodotorula mucilaginosa,-0.4221910929296958
176.0,Rhodotorula mucilaginosa,-0.4221910929296958
176.0,Rhodotorula mucilaginosa,0.5518665574662963
176.0,Rhodotorula mucilaginosa,-0.4221910929296958
176.0,Rhodotorula mucilaginosa,0.34045071977085456
176.0,Rhodotorula mucilaginosa,0.34045071977085456
176.0,Rhodotorula mucilaginosa,0.3567144887721227
176.0,Rhodotorula mucilaginosa,0.5385940609780221
176.0,Rhodotorula mucilaginosa,0.5385940609780221
176.0,Rhodotorula mucilaginosa,0.5385940609780221
176.0,Rhodotorula mucilaginosa,0.5385940609780221
176.0,Rhodotorula mucilaginosa,0.39214264620472156
176.0,Rhodotorula mucilaginosa,0.37537999481578455
176.0,Rhodotorula mucilaginosa,1.3300995444430601
176.0,Rhodotorula mucilaginosa,1.3300995444430601
176.0,Rhodotorula mucilaginosa,1.3300995444430601
176.0,Rhodotorula mucilaginosa,1.3300995444430601
176.0,Rhodotorula mucilaginosa,1.3300995444430601
177.0,Rhodotorula mucilaginosa,0.3695861035854542
177.0,Rhodotorula mucilaginosa,0.3695861035854542
177.0,Rhodotorula mucilaginosa,0.8140054024304781
177.0,Rhodotorula mucilaginosa,0.8140054024304781
177.0,Rhodotorula mucilaginosa,0.8140054024304781
177.0,Rhodotorula mucilaginosa,0.8140054024304781
177.0,Rhodotorula mucilaginosa,0.8140054024304781
177.0,Rhodotorula mucilaginosa,0.3218215394624101
177.0,Rhodotorula mucilaginosa,0.37085324492680477
177.0,Rhodotorula mucilaginosa,0.8012839074112482
177.0,Rhodotorula mucilaginosa,0.8012839074112482
177.0,Rhodotorula mucilaginosa,0.8012839074112482
177.0,Rhodotorula mucilaginosa,0.8012839074112482
177.0,Rhodotorula mucilaginosa,0.8012839074112482
177.0,Rhodotorula mucilaginosa,0.3343194239900501
177.0,Rhodotorula mucilaginosa,0.3297140867301713
177.0,Rhodotorula mucilaginosa,0.72357312719626
177.0,Rhodotorula mucilaginosa,0.72357312719626
177.0,Rhodotorula mucilaginosa,0.72357312719626
177.0,Rhodotorula mucilaginosa,0.72357312719626
177.0,Rhodotorula mucilaginosa,0.72357312719626
177.0,Rhodotorula mucilaginosa,0.31237420575590097
177.0,Rhodotorula mucilaginosa,0.37691248434567154
177.0,Rhodotorula mucilaginosa,0.3061916715592213
177.0,Rhodotorula mucilaginosa,0.3061916715592213
177.0,Rhodotorula mucilaginosa,0.3061916715592213
177.0,Rhodotorula mucilaginosa,0.3061916715592213
177.0,Rhodotorula mucilaginosa,0.3061916715592213
178.0,Rhodotorula mucilaginosa,0.4710085986901815
178.0,Rhodotorula mucilaginosa,0.4710085986901815
178.0,Rhodotorula mucilaginosa,0.2731549892902001
178.0,Rhodotorula mucilaginosa,0.2731549892902001
178.0,Rhodotorula mucilaginosa,0.2731549892902001
178.0,Rhodotorula mucilaginosa,0.2731549892902001
178.0,Rhodotorula mucilaginosa,0.2731549892902001
178.0,Rhodotorula mucilaginosa,0.435528060411865
178.0,Rhodotorula mucilaginosa,0.41489687775609
178.0,Rhodotorula mucilaginosa,0.41489687775609
179.0,Rhodotorula mucilaginosa,0.4849682883302423
179.0,Rhodotorula mucilaginosa,0.4849682883302423
179.0,Rhodotorula mucilaginosa,1.1194258446909258
179.0,Rhodotorula mucilaginosa,1.1194258446909258
179.0,Rhodotorula mucilaginosa,1.1194258446909258
179.0,Rhodotorula mucilaginosa,1.1194258446909258
179.0,Rhodotorula mucilaginosa,1.1194258446909258
179.0,Rhodotorula mucilaginosa,0.7016491590041487
179.0,Rhodotorula mucilaginosa,0.7016491590041487
179.0,Rhodotorula mucilaginosa,0.7016491590041487
179.0,Rhodotorula mucilaginosa,0.7016491590041487
179.0,Rhodotorula mucilaginosa,0.5209751119335586
179.0,Rhodotorula mucilaginosa,0.5209751119335586
179.0,Rhodotorula mucilaginosa,1.1035831772584996
179.0,Rhodotorula mucilaginosa,1.1035831772584996
179.0,Rhodotorula mucilaginosa,1.1035831772584996
179.0,Rhodotorula mucilaginosa,1.1035831772584996
179.0,Rhodotorula mucilaginosa,1.1035831772584996
179.0,Rhodotorula mucilaginosa,0.3595188996122854
179.0,Rhodotorula mucilaginosa,0.42992918759802423
181.0,Rhodotorula mucilaginosa,0.37774914759065936
181.0,Rhodotorula mucilaginosa,0.37774914759065936
181.0,Rhodotorula mucilaginosa,1.0965884460930486
181.0,Rhodotorula mucilaginosa,1.0965884460930486
181.0,Rhodotorula mucilaginosa,1.0965884460930486
181.0,Rhodotorula mucilaginosa,1.0965884460930486
181.0,Rhodotorula mucilaginosa,1.0965884460930486
181.0,Rhodotorula mucilaginosa,0.2643637811554396
181.0,Rhodotorula mucilaginosa,0.29049781437204963
181.0,Rhodotorula mucilaginosa,1.1018999018271975
181.0,Rhodotorula mucilaginosa,1.1018999018271975
181.0,Rhodotorula mucilaginosa,1.1018999018271975
181.0,Rhodotorula mucilaginosa,1.1018999018271975
181.0,Rhodotorula mucilaginosa,1.1018999018271975
181.0,Rhodotorula mucilaginosa,0.35163817175262985
181.0,Rhodotorula mucilaginosa,0.35163817175262985
181.0,Rhodotorula mucilaginosa,0.5629838087848066
181.0,Rhodotorula mucilaginosa,0.5629838087848066
181.0,Rhodotorula mucilaginosa,0.5629838087848066
181.0,Rhodotorula mucilaginosa,0.5629838087848066
181.0,Rhodotorula mucilaginosa,0.5629838087848066
181.0,Rhodotorula mucilaginosa,0.34053973101578605
181.0,Rhodotorula mucilaginosa,0.34053973101578605
181.0,Rhodotorula mucilaginosa,0.670796935316139
181.0,Rhodotorula mucilaginosa,0.670796935316139
181.0,Rhodotorula mucilaginosa,0.670796935316139
181.0,Rhodotorula mucilaginosa,0.670796935316139
181.0,Rhodotorula mucilaginosa,0.670796935316139
182.0,Rhodotorula mucilaginosa,0.3497637577450437
182.0,Rhodotorula mucilaginosa,0.38575114517798453
182.0,Rhodotorula mucilaginosa,0.35490497823233497
182.0,Rhodotorula mucilaginosa,0.3469598313793351
182.0,Rhodotorula mucilaginosa,0.8859932432749337
182.0,Rhodotorula mucilaginosa,0.8859932432749337
182.0,Rhodotorula mucilaginosa,0.33823647278917446
182.0,Rhodotorula mucilaginosa,0.43267099162318007
182.0,Rhodotorula mucilaginosa,0.30542859753726775
182.0,Rhodotorula mucilaginosa,0.3290340265781607
182.0,Rhodotorula mucilaginosa,0.3148652003235046
182.0,Rhodotorula mucilaginosa,0.3148652003235046
182.0,Rhodotorula mucilaginosa,0.3148652003235046
182.0,Rhodotorula mucilaginosa,0.37459577925988913
182.0,Rhodotorula mucilaginosa,0.42151666804507393
182.0,Rhodotorula mucilaginosa,0.8692272697587291
182.0,Rhodotorula mucilaginosa,0.8692272697587291
182.0,Rhodotorula mucilaginosa,0.8692272697587291
182.0,Rhodotorula mucilaginosa,0.8692272697587291
182.0,Rhodotorula mucilaginosa,0.8692272697587291
182.0,Rhodotorula mucilaginosa,0.38913441466590554
182.0,Rhodotorula mucilaginosa,0.40454510708918057
182.0,Rhodotorula mucilaginosa,0.6417164912908653
182.0,Rhodotorula mucilaginosa,0.6417164912908653
182.0,Rhodotorula mucilaginosa,0.6417164912908653
182.0,Rhodotorula mucilaginosa,0.6417164912908653
183.0,Rhodotorula mucilaginosa,0.3445243569835307
183.0,Rhodotorula mucilaginosa,0.40556751022566245
183.0,Rhodotorula mucilaginosa,0.8780522739812808
183.0,Rhodotorula mucilaginosa,0.8780522739812808
183.0,Rhodotorula mucilaginosa,0.8780522739812808
183.0,Rhodotorula mucilaginosa,0.8780522739812808
183.0,Rhodotorula mucilaginosa,0.8780522739812808
183.0,Rhodotorula mucilaginosa,0.2921608500763357
183.0,Rhodotorula mucilaginosa,0.3230881474695451
183.0,Rhodotorula mucilaginosa,-0.5136919115919039
183.0,Rhodotorula mucilaginosa,0.2946624330991306
183.0,Rhodotorula mucilaginosa,0.2620311443037381
183.0,Rhodotorula mucilaginosa,-0.28786939865892913
183.0,Rhodotorula mucilaginosa,-0.28786939865892913
183.0,Rhodotorula mucilaginosa,0.3571002958699797
183.0,Rhodotorula mucilaginosa,0.7205481556552118
183.0,Rhodotorula mucilaginosa,0.7205481556552118
183.0,Rhodotorula mucilaginosa,0.7205481556552118
183.0,Rhodotorula mucilaginosa,0.31360081829412
183.0,Rhodotorula mucilaginosa,0.3962455251604848
184.0,Rhodotorula glutinis,0.6610805385105083
185.0,Rhodotorula dairenensis,0.4243187399157117
185.0,Rhodotorula dairenensis,0.35343553762493213
185.0,Rhodotorula dairenensis,0.6564642234985263
185.0,Rhodotorula dairenensis,0.6564642234985263
185.0,Rhodotorula dairenensis,0.6564642234985263
185.0,Rhodotorula dairenensis,0.6564642234985263
185.0,Rhodotorula dairenensis,0.6564642234985263
185.0,Rhodotorula dairenensis,0.47893985511791637
185.0,Rhodotorula dairenensis,0.3961576888541521
185.0,Rhodotorula dairenensis,0.4115304746649995
185.0,Rhodotorula dairenensis,0.4115304746649995
185.0,Rhodotorula dairenensis,0.4115304746649995
185.0,Rhodotorula dairenensis,0.4115304746649995
185.0,Rhodotorula dairenensis,0.4115304746649995
185.0,Rhodotorula dairenensis,0.5085448607893331
185.0,Rhodotorula dairenensis,0.40934079652499666
185.0,Rhodotorula dairenensis,0.8306129201683998
185.0,Rhodotorula dairenensis,0.8306129201683998
185.0,Rhodotorula dairenensis,0.8053661353428638
185.0,Rhodotorula dairenensis,0.8306129201683998
185.0,Rhodotorula dairenensis,0.8306129201683998
185.0,Rhodotorula dairenensis,0.5307000659710248
185.0,Rhodotorula dairenensis,0.4985185191436517
185.0,Rhodotorula dairenensis,0.4985185191436517
185.0,Rhodotorula dairenensis,0.4985185191436517
185.0,Rhodotorula dairenensis,0.4985185191436517
186.0,Rhodotorula mucilaginosa,0.3124777824785146
186.0,Rhodotorula mucilaginosa,0.3229344322407824
186.0,Rhodotorula mucilaginosa,0.8732937147914829
186.0,Rhodotorula mucilaginosa,0.8732937147914829
186.0,Rhodotorula mucilaginosa,0.8732937147914829
186.0,Rhodotorula mucilaginosa,0.8732937147914829
186.0,Rhodotorula mucilaginosa,0.8732937147914829
186.0,Rhodotorula mucilaginosa,0.32975786434188703
186.0,Rhodotorula mucilaginosa,0.37365329447407064
186.0,Rhodotorula mucilaginosa,0.8218911078551647
186.0,Rhodotorula mucilaginosa,0.8218911078551647
186.0,Rhodotorula mucilaginosa,0.8218911078551647
186.0,Rhodotorula mucilaginosa,0.8218911078551647
186.0,Rhodotorula mucilaginosa,0.8218911078551647
186.0,Rhodotorula mucilaginosa,0.2892064877603539
186.0,Rhodotorula mucilaginosa,0.3505031229795532
186.0,Rhodotorula mucilaginosa,0.9219895658207549
186.0,Rhodotorula mucilaginosa,0.9219895658207549
186.0,Rhodotorula mucilaginosa,0.9219895658207549
186.0,Rhodotorula mucilaginosa,0.9219895658207549
186.0,Rhodotorula mucilaginosa,0.9219895658207549
186.0,Rhodotorula mucilaginosa,0.3464867641992802
186.0,Rhodotorula mucilaginosa,0.3464867641992802
186.0,Rhodotorula mucilaginosa,0.7144096106251481
187.0,Rhodotorula glutinis,0.7798687298382495
188.0,Rhodotorula mucilaginosa,0.29748428980051705
188.0,Rhodotorula mucilaginosa,1.0850341778336683
188.0,Rhodotorula mucilaginosa,1.0850341778336683
188.0,Rhodotorula mucilaginosa,1.0850341778336683
188.0,Rhodotorula mucilaginosa,1.0850341778336683
188.0,Rhodotorula mucilaginosa,1.0850341778336683
188.0,Rhodotorula mucilaginosa,0.36288195448174126
188.0,Rhodotorula mucilaginosa,0.25047856563280035
188.0,Rhodotorula mucilaginosa,0.25047856563280035
188.0,Rhodotorula mucilaginosa,0.25047856563280035
188.0,Rhodotorula mucilaginosa,0.25047856563280035
188.0,Rhodotorula mucilaginosa,0.25047856563280035
188.0,Rhodotorula mucilaginosa,0.318524602717533
188.0,Rhodotorula mucilaginosa,0.022289493158490242
188.0,Rhodotorula mucilaginosa,0.022289493158490242
188.0,Rhodotorula mucilaginosa,0.022289493158490242
188.0,Rhodotorula mucilaginosa,0.022289493158490242
188.0,Rhodotorula mucilaginosa,0.022289493158490242
188.0,Rhodotorula mucilaginosa,0.8834709062255724
188.0,Rhodotorula mucilaginosa,0.8834709062255724
188.0,Rhodotorula mucilaginosa,0.8834709062255724
188.0,Rhodotorula mucilaginosa,0.8834709062255724
188.0,Rhodotorula mucilaginosa,0.8834709062255724
189.0,Rhodotorula mucilaginosa,0.31066049206986307
189.0,Rhodotorula mucilaginosa,-0.014535263767950973
189.0,Rhodotorula mucilaginosa,-0.014535263767950973
189.0,Rhodotorula mucilaginosa,-0.014535263767950973
189.0,Rhodotorula mucilaginosa,-0.014535263767950973
189.0,Rhodotorula mucilaginosa,0.35545741944161974
189.0,Rhodotorula mucilaginosa,0.36049518356001015
189.0,Rhodotorula mucilaginosa,0.35820963361167746
189.0,Rhodotorula mucilaginosa,0.5287096772379999
189.0,Rhodotorula mucilaginosa,0.39719481602571804
189.0,Rhodotorula mucilaginosa,0.3902458574009346
189.0,Rhodotorula mucilaginosa,0.4381666893050235
189.0,Rhodotorula mucilaginosa,0.3059770530035316
189.0,Rhodotorula mucilaginosa,0.3059770530035316
189.0,Rhodotorula mucilaginosa,0.3059770530035316
189.0,Rhodotorula mucilaginosa,0.3059770530035316
189.0,Rhodotorula mucilaginosa,0.3599959921441361
189.0,Rhodotorula mucilaginosa,0.3819490368684614
189.0,Rhodotorula mucilaginosa,0.44333939703229525
189.0,Rhodotorula mucilaginosa,0.4002134196028107
189.0,Rhodotorula mucilaginosa,0.3955454971001394
189.0,Rhodotorula mucilaginosa,0.3955454971001394
189.0,Rhodotorula mucilaginosa,0.3955454971001394
190.0,Rhodotorula mucilaginosa,0.283487072932425
190.0,Rhodotorula mucilaginosa,0.31814659900056136
190.0,Rhodotorula mucilaginosa,0.31113208570800815
190.0,Rhodotorula mucilaginosa,0.5415258512282907
190.0,Rhodotorula mucilaginosa,0.5415258512282907
190.0,Rhodotorula mucilaginosa,0.2969321874274484
190.0,Rhodotorula mucilaginosa,0.29947837199044
190.0,Rhodotorula mucilaginosa,0.29042603223061764
190.0,Rhodotorula mucilaginosa,0.20124564097764316
190.0,Rhodotorula mucilaginosa,0.20124564097764316
190.0,Rhodotorula mucilaginosa,0.20124564097764316
190.0,Rhodotorula mucilaginosa,0.20124564097764316
190.0,Rhodotorula mucilaginosa,0.27063963385820256
190.0,Rhodotorula mucilaginosa,0.3559259826906752
190.0,Rhodotorula mucilaginosa,0.6009331485522287
190.0,Rhodotorula mucilaginosa,0.6009331485522287
190.0,Rhodotorula mucilaginosa,0.6009331485522287
190.0,Rhodotorula mucilaginosa,0.6009331485522287
190.0,Rhodotorula mucilaginosa,0.6802757167120875
191.0,,0.30520043321929013
191.0,,0.3125043759458555
191.0,,0.32440630993118325
191.0,,0.32440630993118325
191.0,,0.2907261589861599
191.0,,0.2907261589861599
191.0,,0.4105350872149308
191.0,,0.4105350872149308
191.0,,0.4105350872149308
191.0,,0.4105350872149308
191.0,,0.37898111180363864
191.0,,0.3597162679404953
191.0,,0.7523916418905708
191.0,,0.7523916418905708
191.0,,0.7523916418905708
191.0,,0.7523916418905708
191.0,,0.29177609047356107
191.0,,0.2709544950455051
191.0,,0.7940045859508766
191.0,,0.7940045859508766
191.0,,0.7940045859508766
191.0,,0.7940045859508766
191.0,,0.30999929762756534
192.0,Rhodotorula dairenensis,0.5431771083565337
192.0,Rhodotorula dairenensis,0.5718513491482514
192.0,Rhodotorula dairenensis,0.7340082602717066
192.0,Rhodotorula dairenensis,0.7340082602717066
192.0,Rhodotorula dairenensis,0.7340082602717066
192.0,Rhodotorula dairenensis,0.7340082602717066
192.0,Rhodotorula dairenensis,0.7340082602717066
192.0,Rhodotorula dairenensis,0.4575991150980426
192.0,Rhodotorula dairenensis,0.6545176259586148
192.0,Rhodotorula dairenensis,0.6294776132784814
192.0,Rhodotorula dairenensis,0.7003201260521936
192.0,Rhodotorula dairenensis,0.7003201260521936
192.0,Rhodotorula dairenensis,0.7003201260521936
192.0,Rhodotorula dairenensis,0.7003201260521936
192.0,Rhodotorula dairenensis,0.5054361964665649
192.0,Rhodotorula dairenensis,0.5700078196780133
192.0,Rhodotorula dairenensis,0.49919646923539207
192.0,Rhodotorula dairenensis,0.49919646923539207
192.0,Rhodotorula dairenensis,0.49919646923539207
192.0,Rhodotorula dairenensis,0.49919646923539207
192.0,Rhodotorula dairenensis,0.49919646923539207
192.0,Rhodotorula dairenensis,0.4903768060164882
192.0,Rhodotorula dairenensis,0.6965948592951876
192.0,Rhodotorula dairenensis,0.6965948592951876
192.0,Rhodotorula dairenensis,0.6965948592951876
192.0,Rhodotorula dairenensis,0.6965948592951876
193.0,Rhodotorula mucilaginosa,0.40186944353025894
193.0,Rhodotorula mucilaginosa,0.39127305960040437
193.0,Rhodotorula mucilaginosa,0.5661356119592567
193.0,Rhodotorula mucilaginosa,0.5661356119592567
193.0,Rhodotorula mucilaginosa,0.5661356119592567
193.0,Rhodotorula mucilaginosa,0.6091963219899796
193.0,Rhodotorula mucilaginosa,0.5661356119592567
193.0,Rhodotorula mucilaginosa,0.43063331772548596
193.0,Rhodotorula mucilaginosa,0.3739545533561339
193.0,Rhodotorula mucilaginosa,0.3489041217102234
193.0,Rhodotorula mucilaginosa,0.3489041217102234
193.0,Rhodotorula mucilaginosa,0.3489041217102234
193.0,Rhodotorula mucilaginosa,0.3489041217102234
193.0,Rhodotorula mucilaginosa,0.3489041217102234
193.0,Rhodotorula mucilaginosa,0.4714461054504417
193.0,Rhodotorula mucilaginosa,0.44587638975893146
193.0,Rhodotorula mucilaginosa,0.7546195204734362
193.0,Rhodotorula mucilaginosa,0.7546195204734362
193.0,Rhodotorula mucilaginosa,0.7546195204734362
193.0,Rhodotorula mucilaginosa,0.7546195204734362
193.0,Rhodotorula mucilaginosa,0.7546195204734362
194.0,Rhodotorula dairenensis,0.4995600872018771
194.0,Rhodotorula dairenensis,0.592265640912156
194.0,Rhodotorula dairenensis,0.592265640912156
194.0,Rhodotorula dairenensis,0.592265640912156
194.0,Rhodotorula dairenensis,0.23229834928987542
194.0,Rhodotorula dairenensis,0.23229834928987542
194.0,Rhodotorula dairenensis,0.23229834928987542
194.0,Rhodotorula dairenensis,0.492893629477633
194.0,Rhodotorula dairenensis,0.6544624877237459
194.0,Rhodotorula dairenensis,0.6121674294155584
194.0,Rhodotorula dairenensis,0.74034742096085
194.0,Rhodotorula dairenensis,0.74034742096085
194.0,Rhodotorula dairenensis,0.74034742096085
194.0,Rhodotorula dairenensis,0.74034742096085
194.0,Rhodotorula dairenensis,0.5524923275832337
194.0,Rhodotorula dairenensis,0.7346749270644966
194.0,Rhodotorula dairenensis,0.7694269367936983
194.0,Rhodotorula dairenensis,0.7694269367936983
194.0,Rhodotorula dairenensis,0.7694269367936983
194.0,Rhodotorula dairenensis,0.7694269367936983
194.0,Rhodotorula dairenensis,0.7694269367936983
194.0,Rhodotorula dairenensis,0.5286265000189011
194.0,Rhodotorula dairenensis,0.6789599127042807
194.0,Rhodotorula dairenensis,0.6789599127042807
194.0,Rhodotorula dairenensis,0.6789599127042807
196.0,Rhodotorula mucilaginosa,0.4088296667501348
196.0,Rhodotorula mucilaginosa,0.4170979714481901
196.0,Rhodotorula mucilaginosa,0.54032491158642
196.0,Rhodotorula mucilaginosa,0.54032491158642
196.0,Rhodotorula mucilaginosa,0.54032491158642
196.0,Rhodotorula mucilaginosa,0.54032491158642
196.0,Rhodotorula mucilaginosa,0.54032491158642
196.0,Rhodotorula mucilaginosa,0.29799687844045675
196.0,Rhodotorula mucilaginosa,0.2954798541123715
196.0,Rhodotorula mucilaginosa,0.893477410499836
196.0,Rhodotorula mucilaginosa,0.893477410499836
196.0,Rhodotorula mucilaginosa,0.893477410499836
196.0,Rhodotorula mucilaginosa,0.893477410499836
196.0,Rhodotorula mucilaginosa,0.893477410499836
196.0,Rhodotorula mucilaginosa,0.32665370706231467
196.0,Rhodotorula mucilaginosa,0.32665370706231467
196.0,Rhodotorula mucilaginosa,0.7912186527036058
196.0,Rhodotorula mucilaginosa,0.7912186527036058
196.0,Rhodotorula mucilaginosa,0.7820362399672681
196.0,Rhodotorula mucilaginosa,0.7912186527036058
196.0,Rhodotorula mucilaginosa,0.7912186527036058
196.0,Rhodotorula mucilaginosa,0.3048098371903328
196.0,Rhodotorula mucilaginosa,0.3048098371903328
196.0,Rhodotorula mucilaginosa,0.6032217033666671
196.0,Rhodotorula mucilaginosa,0.6032217033666671
196.0,Rhodotorula mucilaginosa,0.6032217033666671
196.0,Rhodotorula mucilaginosa,0.6032217033666671
196.0,Rhodotorula mucilaginosa,0.8370474866741704
197.0,Rhodotorula mucilaginosa,-0.030337643633102984
197.0,Rhodotorula mucilaginosa,0.37080686253843753
197.0,Rhodotorula mucilaginosa,0.37080686253843753
197.0,Rhodotorula mucilaginosa,0.6176601293809422
197.0,Rhodotorula mucilaginosa,0.6176601293809422
197.0,Rhodotorula mucilaginosa,0.6792719098166543
197.0,Rhodotorula mucilaginosa,0.6176601293809422
197.0,Rhodotorula mucilaginosa,0.6176601293809422
197.0,Rhodotorula mucilaginosa,0.2889705019287387
197.0,Rhodotorula mucilaginosa,0.30272028385360367
197.0,Rhodotorula mucilaginosa,0.3547394742272446
197.0,Rhodotorula mucilaginosa,0.3547394742272446
197.0,Rhodotorula mucilaginosa,0.3547394742272446
197.0,Rhodotorula mucilaginosa,0.3547394742272446
197.0,Rhodotorula mucilaginosa,0.3547394742272446
197.0,Rhodotorula mucilaginosa,0.3819367346592909
197.0,Rhodotorula mucilaginosa,0.5877473880425759
197.0,Rhodotorula mucilaginosa,0.5877473880425759
197.0,Rhodotorula mucilaginosa,0.5877473880425759
197.0,Rhodotorula mucilaginosa,0.5877473880425759
198.0,Rhodotorula mucilaginosa,0.5224084812727442
198.0,Rhodotorula mucilaginosa,0.5224084812727442
198.0,Rhodotorula mucilaginosa,1.5912857623880718
198.0,Rhodotorula mucilaginosa,1.5912857623880718
198.0,Rhodotorula mucilaginosa,1.5912857623880718
198.0,Rhodotorula mucilaginosa,1.5912857623880718
198.0,Rhodotorula mucilaginosa,1.5912857623880718
198.0,Rhodotorula mucilaginosa,0.4060425116586534
198.0,Rhodotorula mucilaginosa,0.4458473638397214
198.0,Rhodotorula mucilaginosa,0.3342793813853577
199.0,Rhodotorula mucilaginosa,0.4084091863225812
199.0,Rhodotorula mucilaginosa,0.9182358382780206
199.0,Rhodotorula mucilaginosa,0.9182358382780206
199.0,Rhodotorula mucilaginosa,0.9182358382780206
199.0,Rhodotorula mucilaginosa,0.9182358382780206
199.0,Rhodotorula mucilaginosa,0.9182358382780206
199.0,Rhodotorula mucilaginosa,0.40046911825336007
199.0,Rhodotorula mucilaginosa,0.40046911825336007
199.0,Rhodotorula mucilaginosa,0.6139232861360745
199.0,Rhodotorula mucilaginosa,0.6139232861360745
199.0,Rhodotorula mucilaginosa,0.6139232861360745
199.0,Rhodotorula mucilaginosa,0.6139232861360745
199.0,Rhodotorula mucilaginosa,0.6139232861360745
199.0,Rhodotorula mucilaginosa,0.44021880738716773
199.0,Rhodotorula mucilaginosa,0.44021880738716773
199.0,Rhodotorula mucilaginosa,0.44939744838862117
199.0,Rhodotorula mucilaginosa,0.44939744838862117
199.0,Rhodotorula mucilaginosa,0.44939744838862117
199.0,Rhodotorula mucilaginosa,0.44939744838862117
199.0,Rhodotorula mucilaginosa,0.5369249771369395
199.0,Rhodotorula mucilaginosa,0.3267924584547223
199.0,Rhodotorula mucilaginosa,0.31897633610015363
199.0,Rhodotorula mucilaginosa,1.8512985373082158
199.0,Rhodotorula mucilaginosa,1.8512985373082158
199.0,Rhodotorula mucilaginosa,1.8512985373082158
199.0,Rhodotorula mucilaginosa,1.8512985373082158
199.0,Rhodotorula mucilaginosa,1.8512985373082158
200.0,Rhodotorula mucilaginosa,0.3359415055107394
200.0,Rhodotorula mucilaginosa,0.34280660563368603
200.0,Rhodotorula mucilaginosa,0.5483526359925669
200.0,Rhodotorula mucilaginosa,0.5483526359925669
200.0,Rhodotorula mucilaginosa,0.5483526359925669
200.0,Rhodotorula mucilaginosa,0.5483526359925669
200.0,Rhodotorula mucilaginosa,0.5483526359925669
200.0,Rhodotorula mucilaginosa,0.31834141255656895
200.0,Rhodotorula mucilaginosa,0.3554173083370963
200.0,Rhodotorula mucilaginosa,-0.22822936127437668
200.0,Rhodotorula mucilaginosa,-0.22822936127437668
200.0,Rhodotorula mucilaginosa,-0.22822936127437668
200.0,Rhodotorula mucilaginosa,-0.22822936127437668
200.0,Rhodotorula mucilaginosa,-0.22822936127437668
200.0,Rhodotorula mucilaginosa,0.3557123139821335
200.0,Rhodotorula mucilaginosa,0.3538407821993963
200.0,Rhodotorula mucilaginosa,0.7194388508559483
200.0,Rhodotorula mucilaginosa,0.7194388508559483
200.0,Rhodotorula mucilaginosa,0.7194388508559483
200.0,Rhodotorula mucilaginosa,0.7194388508559483
200.0,Rhodotorula mucilaginosa,0.33130474867236737
200.0,Rhodotorula mucilaginosa,0.32846077928610257
200.0,Rhodotorula mucilaginosa,0.16398909067217873
200.0,Rhodotorula mucilaginosa,0.16398909067217873
200.0,Rhodotorula mucilaginosa,0.16398909067217873
200.0,Rhodotorula mucilaginosa,0.16398909067217873
200.0,Rhodotorula mucilaginosa,0.16398909067217873
201.0,Rhodotorula mucilaginosa,0.4192041787016519
201.0,Rhodotorula mucilaginosa,0.4162960459832084
201.0,Rhodotorula mucilaginosa,0.5664076114565033
201.0,Rhodotorula mucilaginosa,0.28725603802517213
201.0,Rhodotorula mucilaginosa,0.28725603802517213
201.0,Rhodotorula mucilaginosa,0.28725603802517213
201.0,Rhodotorula mucilaginosa,0.28725603802517213
201.0,Rhodotorula mucilaginosa,0.108770497707081
201.0,Rhodotorula mucilaginosa,0.005559825586350082
202.0,Rhodotorula mucilaginosa,0.4636002534430487
202.0,Rhodotorula mucilaginosa,0.48355299145118685
202.0,Rhodotorula mucilaginosa,-0.42564527524645657
202.0,Rhodotorula mucilaginosa,-0.42564527524645657
202.0,Rhodotorula mucilaginosa,-0.42564527524645657
202.0,Rhodotorula mucilaginosa,-0.42564527524645657
202.0,Rhodotorula mucilaginosa,-0.42564527524645657
202.0,Rhodotorula mucilaginosa,0.3998258857212995
202.0,Rhodotorula mucilaginosa,0.394851622218886
202.0,Rhodotorula mucilaginosa,0.5818548690575676
202.0,Rhodotorula mucilaginosa,0.5818548690575676
202.0,Rhodotorula mucilaginosa,0.5818548690575676
202.0,Rhodotorula mucilaginosa,0.5818548690575676
202.0,Rhodotorula mucilaginosa,0.5818548690575676
202.0,Rhodotorula mucilaginosa,1.3925071733405534
202.0,Rhodotorula mucilaginosa,1.3925071733405534
202.0,Rhodotorula mucilaginosa,1.3925071733405534
202.0,Rhodotorula mucilaginosa,1.3925071733405534
202.0,Rhodotorula mucilaginosa,1.3925071733405534
202.0,Rhodotorula mucilaginosa,0.44358085328392877
202.0,Rhodotorula mucilaginosa,0.44358085328392877
202.0,Rhodotorula mucilaginosa,0.5618346502264308
202.0,Rhodotorula mucilaginosa,0.42259478583749943
202.0,Rhodotorula mucilaginosa,0.5618346502264308
202.0,Rhodotorula mucilaginosa,0.5618346502264308
202.0,Rhodotorula mucilaginosa,0.5618346502264308
203.0,Rhodotorula dairenensis,0.4134322689254094
203.0,Rhodotorula dairenensis,0.4199882729636374
203.0,Rhodotorula dairenensis,0.6186017616924853
203.0,Rhodotorula dairenensis,0.6186017616924853
203.0,Rhodotorula dairenensis,0.6186017616924853
203.0,Rhodotorula dairenensis,0.6186017616924853
203.0,Rhodotorula dairenensis,0.6186017616924853
203.0,Rhodotorula dairenensis,0.3350872734716986
203.0,Rhodotorula dairenensis,0.4536509469015836
203.0,Rhodotorula dairenensis,0.820918902563255
203.0,Rhodotorula dairenensis,0.820918902563255
203.0,Rhodotorula dairenensis,0.820918902563255
203.0,Rhodotorula dairenensis,0.820918902563255
203.0,Rhodotorula dairenensis,0.820918902563255
203.0,Rhodotorula dairenensis,0.4832687767093483
203.0,Rhodotorula dairenensis,0.6101381185093988
203.0,Rhodotorula dairenensis,0.6101381185093988
203.0,Rhodotorula dairenensis,0.6101381185093988
203.0,Rhodotorula dairenensis,0.6101381185093988
203.0,Rhodotorula dairenensis,0.6101381185093988
203.0,Rhodotorula dairenensis,0.5027894409801158
203.0,Rhodotorula dairenensis,0.6301604567469278
203.0,Rhodotorula dairenensis,0.7388255807588637
203.0,Rhodotorula dairenensis,0.7388255807588637
203.0,Rhodotorula dairenensis,0.7388255807588637
203.0,Rhodotorula dairenensis,0.7388255807588637
203.0,Rhodotorula dairenensis,0.7388255807588637
204.0,Rhodotorula mucilaginosa,0.32841587918578286
204.0,Rhodotorula mucilaginosa,0.39511187856599095
204.0,Rhodotorula mucilaginosa,0.4744368917805791
204.0,Rhodotorula mucilaginosa,0.4744368917805791
204.0,Rhodotorula mucilaginosa,0.4744368917805791
204.0,Rhodotorula mucilaginosa,0.4744368917805791
204.0,Rhodotorula mucilaginosa,0.4744368917805791
204.0,Rhodotorula mucilaginosa,0.32865280879654074
204.0,Rhodotorula mucilaginosa,0.39184498723762595
204.0,Rhodotorula mucilaginosa,0.32865280879654074
205.0,Rhodotorula mucilaginosa,0.3717019810657161
205.0,Rhodotorula mucilaginosa,0.3717019810657161
205.0,Rhodotorula mucilaginosa,0.4123724683037216
205.0,Rhodotorula mucilaginosa,0.4123724683037216
205.0,Rhodotorula mucilaginosa,0.4123724683037216
205.0,Rhodotorula mucilaginosa,0.4123724683037216
205.0,Rhodotorula mucilaginosa,0.34574889461578895
205.0,Rhodotorula mucilaginosa,0.34574889461578895
205.0,Rhodotorula mucilaginosa,0.5615143312261026
205.0,Rhodotorula mucilaginosa,0.5615143312261026
205.0,Rhodotorula mucilaginosa,0.5615143312261026
205.0,Rhodotorula mucilaginosa,0.5615143312261026
205.0,Rhodotorula mucilaginosa,0.40639942212822744
205.0,Rhodotorula mucilaginosa,0.36831647031782966
205.0,Rhodotorula mucilaginosa,0.40757818161875853
205.0,Rhodotorula mucilaginosa,0.40757818161875853
205.0,Rhodotorula mucilaginosa,0.40757818161875853
205.0,Rhodotorula mucilaginosa,0.40757818161875853
205.0,Rhodotorula mucilaginosa,0.40757818161875853
206.0,Rhodotorula mucilaginosa,0.3391706069530386
206.0,Rhodotorula mucilaginosa,0.3598379601715264
206.0,Rhodotorula mucilaginosa,0.5997533773222643
206.0,Rhodotorula mucilaginosa,0.3630705358067589
206.0,Rhodotorula mucilaginosa,0.5997533773222643
206.0,Rhodotorula mucilaginosa,0.5997533773222643
206.0,Rhodotorula mucilaginosa,0.5997533773222643
206.0,Rhodotorula mucilaginosa,0.3225067290078267
206.0,Rhodotorula mucilaginosa,0.3101524826131935
206.0,Rhodotorula mucilaginosa,0.5584998697856685
206.0,Rhodotorula mucilaginosa,0.5584998697856685
206.0,Rhodotorula mucilaginosa,0.5584998697856685
206.0,Rhodotorula mucilaginosa,0.5584998697856685
206.0,Rhodotorula mucilaginosa,0.5584998697856685
206.0,Rhodotorula mucilaginosa,0.3634901342767354
206.0,Rhodotorula mucilaginosa,0.38118407896684126
206.0,Rhodotorula mucilaginosa,0.352876103507271
206.0,Rhodotorula mucilaginosa,0.352876103507271
206.0,Rhodotorula mucilaginosa,0.352876103507271
206.0,Rhodotorula mucilaginosa,0.352876103507271
206.0,Rhodotorula mucilaginosa,0.352876103507271
206.0,Rhodotorula mucilaginosa,0.34259360595314997
206.0,Rhodotorula mucilaginosa,0.5233491647136266
206.0,Rhodotorula mucilaginosa,0.5233491647136266
206.0,Rhodotorula mucilaginosa,0.5233491647136266
206.0,Rhodotorula mucilaginosa,0.5233491647136266
207.0,Rhodotorula mucilaginosa,0.4065649111200626
207.0,Rhodotorula mucilaginosa,0.4065649111200626
207.0,Rhodotorula mucilaginosa,1.1799062392519308
207.0,Rhodotorula mucilaginosa,1.1799062392519308
207.0,Rhodotorula mucilaginosa,1.1799062392519308
207.0,Rhodotorula mucilaginosa,1.1799062392519308
207.0,Rhodotorula mucilaginosa,1.1799062392519308
207.0,Rhodotorula mucilaginosa,0.28196802887556177
207.0,Rhodotorula mucilaginosa,0.28196802887556177
207.0,Rhodotorula mucilaginosa,0.2582490098311933
207.0,Rhodotorula mucilaginosa,0.6372559221011216
207.0,Rhodotorula mucilaginosa,0.6372559221011216
207.0,Rhodotorula mucilaginosa,0.6372559221011216
207.0,Rhodotorula mucilaginosa,0.6372559221011216
207.0,Rhodotorula mucilaginosa,0.38718499933495926
207.0,Rhodotorula mucilaginosa,0.38718499933495926
207.0,Rhodotorula mucilaginosa,0.3700838271644338
207.0,Rhodotorula mucilaginosa,0.7464672807686561
207.0,Rhodotorula mucilaginosa,0.7464672807686561
207.0,Rhodotorula mucilaginosa,0.7464672807686561
207.0,Rhodotorula mucilaginosa,0.7464672807686561
207.0,Rhodotorula mucilaginosa,0.2881252378810452
207.0,Rhodotorula mucilaginosa,0.38407437218446894
207.0,Rhodotorula mucilaginosa,0.38407437218446894
207.0,Rhodotorula mucilaginosa,0.38407437218446894
207.0,Rhodotorula mucilaginosa,0.38407437218446894
207.0,Rhodotorula mucilaginosa,0.38407437218446894
208.0,Rhodotorula mucilaginosa,0.34599064792631185
208.0,Rhodotorula mucilaginosa,0.31836018153821444
208.0,Rhodotorula mucilaginosa,-0.21995561365713542
208.0,Rhodotorula mucilaginosa,-0.21995561365713542
208.0,Rhodotorula mucilaginosa,-0.21995561365713542
208.0,Rhodotorula mucilaginosa,-0.21995561365713542
208.0,Rhodotorula mucilaginosa,-0.21995561365713542
208.0,Rhodotorula mucilaginosa,0.29775448725318765
208.0,Rhodotorula mucilaginosa,0.29775448725318765
208.0,Rhodotorula mucilaginosa,0.8496301975986897
208.0,Rhodotorula mucilaginosa,0.8496301975986897
208.0,Rhodotorula mucilaginosa,0.8496301975986897
208.0,Rhodotorula mucilaginosa,0.8496301975986897
208.0,Rhodotorula mucilaginosa,0.8496301975986897
208.0,Rhodotorula mucilaginosa,0.2833656609884925
208.0,Rhodotorula mucilaginosa,0.29561888912374856
208.0,Rhodotorula mucilaginosa,0.6214085014360097
208.0,Rhodotorula mucilaginosa,0.6214085014360097
208.0,Rhodotorula mucilaginosa,0.6214085014360097
208.0,Rhodotorula mucilaginosa,0.6214085014360097
208.0,Rhodotorula mucilaginosa,0.2866291836266358
208.0,Rhodotorula mucilaginosa,0.34716846390280404
208.0,Rhodotorula mucilaginosa,0.6680013409573746
208.0,Rhodotorula mucilaginosa,0.6680013409573746
208.0,Rhodotorula mucilaginosa,0.5978268895450661
208.0,Rhodotorula mucilaginosa,0.6680013409573746
208.0,Rhodotorula mucilaginosa,0.6680013409573746
209.0,Rhodotorula mucilaginosa,0.32049819834341076
209.0,Rhodotorula mucilaginosa,0.3930923063832265
209.0,Rhodotorula mucilaginosa,1.5872407601876517
209.0,Rhodotorula mucilaginosa,1.5872407601876517
209.0,Rhodotorula mucilaginosa,1.5872407601876517
209.0,Rhodotorula mucilaginosa,1.5872407601876517
209.0,Rhodotorula mucilaginosa,1.5872407601876517
209.0,Rhodotorula mucilaginosa,0.38215263687160256
209.0,Rhodotorula mucilaginosa,0.38215263687160256
209.0,Rhodotorula mucilaginosa,0.51083161871533
209.0,Rhodotorula mucilaginosa,0.51083161871533
209.0,Rhodotorula mucilaginosa,0.51083161871533
209.0,Rhodotorula mucilaginosa,0.51083161871533
209.0,Rhodotorula mucilaginosa,0.51083161871533
209.0,Rhodotorula mucilaginosa,0.2806073967898657
209.0,Rhodotorula mucilaginosa,0.2806073967898657
209.0,Rhodotorula mucilaginosa,0.9300104426801271
209.0,Rhodotorula mucilaginosa,0.9300104426801271
209.0,Rhodotorula mucilaginosa,0.5162055824483237
209.0,Rhodotorula mucilaginosa,0.9300104426801271
209.0,Rhodotorula mucilaginosa,0.9300104426801271
209.0,Rhodotorula mucilaginosa,0.28469951691894174
209.0,Rhodotorula mucilaginosa,0.3349912871600185
209.0,Rhodotorula mucilaginosa,0.9205719280082344
209.0,Rhodotorula mucilaginosa,0.9205719280082344
209.0,Rhodotorula mucilaginosa,0.9205719280082344
209.0,Rhodotorula mucilaginosa,0.9205719280082344
209.0,Rhodotorula mucilaginosa,0.9205719280082344
210.0,Rhodotorula mucilaginosa,0.41401962013833693
210.0,Rhodotorula mucilaginosa,0.4603590857029538
210.0,Rhodotorula mucilaginosa,1.2058609075274263
210.0,Rhodotorula mucilaginosa,1.2058609075274263
210.0,Rhodotorula mucilaginosa,1.2058609075274263
210.0,Rhodotorula mucilaginosa,1.2058609075274263
210.0,Rhodotorula mucilaginosa,1.2058609075274263
210.0,Rhodotorula mucilaginosa,0.36882803209748477
210.0,Rhodotorula mucilaginosa,0.46149732692650036
210.0,Rhodotorula mucilaginosa,0.4021687550045034
210.0,Rhodotorula mucilaginosa,0.4021687550045034
210.0,Rhodotorula mucilaginosa,0.4021687550045034
210.0,Rhodotorula mucilaginosa,0.4021687550045034
210.0,Rhodotorula mucilaginosa,0.5185599317222398
210.0,Rhodotorula mucilaginosa,1.5621417786892198
210.0,Rhodotorula mucilaginosa,1.5621417786892198
210.0,Rhodotorula mucilaginosa,1.5621417786892198
210.0,Rhodotorula mucilaginosa,1.5621417786892198
210.0,Rhodotorula mucilaginosa,1.5621417786892198
211.0,Rhodotorula mucilaginosa,0.4730841300553913
211.0,Rhodotorula mucilaginosa,0.5183066104564202
211.0,Rhodotorula mucilaginosa,0.5183066104564202
211.0,Rhodotorula mucilaginosa,0.5183066104564202
211.0,Rhodotorula mucilaginosa,0.5183066104564202
211.0,Rhodotorula mucilaginosa,0.44235092257599723
211.0,Rhodotorula mucilaginosa,0.5208296944423129
211.0,Rhodotorula mucilaginosa,-0.42101631993708793
211.0,Rhodotorula mucilaginosa,-0.42101631993708793
211.0,Rhodotorula mucilaginosa,-0.42101631993708793
211.0,Rhodotorula mucilaginosa,-0.42101631993708793
211.0,Rhodotorula mucilaginosa,0.53962617411375
211.0,Rhodotorula mucilaginosa,0.37007702675693394
211.0,Rhodotorula mucilaginosa,0.42719431363438093
211.0,Rhodotorula mucilaginosa,0.39651398629720974
211.0,Rhodotorula mucilaginosa,0.8091241679798745
211.0,Rhodotorula mucilaginosa,0.8091241679798745
211.0,Rhodotorula mucilaginosa,0.8091241679798745
211.0,Rhodotorula mucilaginosa,0.8091241679798745
211.0,Rhodotorula mucilaginosa,0.605466370952495
211.0,Rhodotorula mucilaginosa,0.6150953162742003
211.0,Rhodotorula mucilaginosa,1.2715599097387802
211.0,Rhodotorula mucilaginosa,1.2715599097387802
211.0,Rhodotorula mucilaginosa,1.2715599097387802
211.0,Rhodotorula mucilaginosa,1.2715599097387802
211.0,Rhodotorula mucilaginosa,1.2715599097387802
213.0,Rhodotorula mucilaginosa,0.23390249810414337
213.0,Rhodotorula mucilaginosa,0.3243977615445105
213.0,Rhodotorula mucilaginosa,0.47150574808762724
213.0,Rhodotorula mucilaginosa,0.47150574808762724
213.0,Rhodotorula mucilaginosa,0.47150574808762724
213.0,Rhodotorula mucilaginosa,0.47150574808762724
213.0,Rhodotorula mucilaginosa,0.47150574808762724
213.0,Rhodotorula mucilaginosa,0.36015871127432275
213.0,Rhodotorula mucilaginosa,0.46211862298339684
213.0,Rhodotorula mucilaginosa,0.41786005745346133
213.0,Rhodotorula mucilaginosa,0.41786005745346133
213.0,Rhodotorula mucilaginosa,0.41786005745346133
213.0,Rhodotorula mucilaginosa,0.41786005745346133
213.0,Rhodotorula mucilaginosa,0.41786005745346133
213.0,Rhodotorula mucilaginosa,0.3774367161195924
213.0,Rhodotorula mucilaginosa,0.42945636100623397
213.0,Rhodotorula mucilaginosa,0.42223297081680156
213.0,Rhodotorula mucilaginosa,0.42223297081680156
213.0,Rhodotorula mucilaginosa,0.42223297081680156
213.0,Rhodotorula mucilaginosa,0.42223297081680156
213.0,Rhodotorula mucilaginosa,0.42223297081680156
213.0,Rhodotorula mucilaginosa,0.33341170589254016
213.0,Rhodotorula mucilaginosa,0.37818288930302
213.0,Rhodotorula mucilaginosa,0.7077087594340324
213.0,Rhodotorula mucilaginosa,0.7077087594340324
213.0,Rhodotorula mucilaginosa,0.7077087594340324
213.0,Rhodotorula mucilaginosa,0.7077087594340324
213.0,Rhodotorula mucilaginosa,0.7077087594340324
214.0,Rhodotorula mucilaginosa,0.322585229146597
214.0,Rhodotorula mucilaginosa,0.31782634781050634
214.0,Rhodotorula mucilaginosa,0.7851189915209371
214.0,Rhodotorula mucilaginosa,0.7851189915209371
214.0,Rhodotorula mucilaginosa,0.7851189915209371
214.0,Rhodotorula mucilaginosa,0.7851189915209371
214.0,Rhodotorula mucilaginosa,0.7851189915209371
214.0,Rhodotorula mucilaginosa,0.364659526128562
214.0,Rhodotorula mucilaginosa,0.36126399265687287
214.0,Rhodotorula mucilaginosa,0.5650559280298677
214.0,Rhodotorula mucilaginosa,0.5650559280298677
214.0,Rhodotorula mucilaginosa,0.5650559280298677
214.0,Rhodotorula mucilaginosa,0.5650559280298677
214.0,Rhodotorula mucilaginosa,0.5650559280298677
214.0,Rhodotorula mucilaginosa,0.35165384371918335
214.0,Rhodotorula mucilaginosa,0.35165384371918335
214.0,Rhodotorula mucilaginosa,0.3459992472915329
214.0,Rhodotorula mucilaginosa,0.3459992472915329
214.0,Rhodotorula mucilaginosa,0.6191947173750779
214.0,Rhodotorula mucilaginosa,0.6191947173750779
214.0,Rhodotorula mucilaginosa,0.6191947173750779
214.0,Rhodotorula mucilaginosa,0.6191947173750779
214.0,Rhodotorula mucilaginosa,0.5556706915193925
215.0,Rhodotorula taiwanensis,0.44409939298531703
215.0,Rhodotorula taiwanensis,0.31392189456446085
215.0,Rhodotorula taiwanensis,0.4464040886478522
215.0,Rhodotorula taiwanensis,0.481752060590071
215.0,Rhodotorula taiwanensis,0.28242782652261017
215.0,Rhodotorula taiwanensis,0.5525598399975747
215.0,Rhodotorula taiwanensis,0.34278458940858475
216.0,Rhodotorula mucilaginosa,0.4001864777651793
216.0,Rhodotorula mucilaginosa,0.4001864777651793
216.0,Rhodotorula mucilaginosa,0.7545587545737253
216.0,Rhodotorula mucilaginosa,0.7545587545737253
216.0,Rhodotorula mucilaginosa,0.7545587545737253
216.0,Rhodotorula mucilaginosa,0.7545587545737253
216.0,Rhodotorula mucilaginosa,0.7545587545737253
216.0,Rhodotorula mucilaginosa,0.3680717302974203
216.0,Rhodotorula mucilaginosa,0.39402344566335934
216.0,Rhodotorula mucilaginosa,0.7798391705299136
216.0,Rhodotorula mucilaginosa,0.7798391705299136
216.0,Rhodotorula mucilaginosa,0.7798391705299136
216.0,Rhodotorula mucilaginosa,0.7798391705299136
216.0,Rhodotorula mucilaginosa,0.7798391705299136
216.0,Rhodotorula mucilaginosa,0.4474571185020041
216.0,Rhodotorula mucilaginosa,0.40709340710477393
216.0,Rhodotorula mucilaginosa,0.7790611316483813
216.0,Rhodotorula mucilaginosa,0.7790611316483813
216.0,Rhodotorula mucilaginosa,0.7790611316483813
216.0,Rhodotorula mucilaginosa,0.7790611316483813
216.0,Rhodotorula mucilaginosa,0.7790611316483813
216.0,Rhodotorula mucilaginosa,0.2622803143010953
216.0,Rhodotorula mucilaginosa,0.23286082715622097
216.0,Rhodotorula mucilaginosa,0.25294784499298695
216.0,Rhodotorula mucilaginosa,-0.33226458798059133
216.0,Rhodotorula mucilaginosa,-0.33226458798059133
216.0,Rhodotorula mucilaginosa,-0.33226458798059133
216.0,Rhodotorula mucilaginosa,-0.33226458798059133
217.0,Rhodotorula mucilaginosa,0.3965050497445196
217.0,Rhodotorula mucilaginosa,0.437148446405419
217.0,Rhodotorula mucilaginosa,1.4187261713839985
217.0,Rhodotorula mucilaginosa,1.4187261713839985
217.0,Rhodotorula mucilaginosa,1.4187261713839985
217.0,Rhodotorula mucilaginosa,1.4187261713839985
217.0,Rhodotorula mucilaginosa,1.4187261713839985
217.0,Rhodotorula mucilaginosa,0.3407835852949237
217.0,Rhodotorula mucilaginosa,0.3581105483105498
217.0,Rhodotorula mucilaginosa,0.7244796791048964
217.0,Rhodotorula mucilaginosa,0.39109000453967463
217.0,Rhodotorula mucilaginosa,0.4127060347741153
217.0,Rhodotorula mucilaginosa,1.2170746285015588
217.0,Rhodotorula mucilaginosa,1.2170746285015588
217.0,Rhodotorula mucilaginosa,1.2170746285015588
217.0,Rhodotorula mucilaginosa,1.2170746285015588
217.0,Rhodotorula mucilaginosa,0.36248011696898813
217.0,Rhodotorula mucilaginosa,0.4130703939935084
217.0,Rhodotorula mucilaginosa,1.5954414792912701
217.0,Rhodotorula mucilaginosa,1.5954414792912701
217.0,Rhodotorula mucilaginosa,1.0629390799204084
217.0,Rhodotorula mucilaginosa,1.5954414792912701
217.0,Rhodotorula mucilaginosa,1.5954414792912701
218.0,Rhodotorula mucilaginosa,0.374622003270119
218.0,Rhodotorula mucilaginosa,0.4142264908705115
218.0,Rhodotorula mucilaginosa,1.0324237720732923
218.0,Rhodotorula mucilaginosa,1.0324237720732923
218.0,Rhodotorula mucilaginosa,1.0324237720732923
218.0,Rhodotorula mucilaginosa,1.0324237720732923
218.0,Rhodotorula mucilaginosa,1.0324237720732923
218.0,Rhodotorula mucilaginosa,0.28419411651455395
218.0,Rhodotorula mucilaginosa,0.34986230410304453
218.0,Rhodotorula mucilaginosa,0.5565724542033129
218.0,Rhodotorula mucilaginosa,0.5565724542033129
218.0,Rhodotorula mucilaginosa,0.5565724542033129
218.0,Rhodotorula mucilaginosa,0.5565724542033129
218.0,Rhodotorula mucilaginosa,0.5565724542033129
218.0,Rhodotorula mucilaginosa,0.33503991773655994
218.0,Rhodotorula mucilaginosa,0.9505729021600463
218.0,Rhodotorula mucilaginosa,0.9505729021600463
218.0,Rhodotorula mucilaginosa,0.9505729021600463
218.0,Rhodotorula mucilaginosa,0.9505729021600463
218.0,Rhodotorula mucilaginosa,0.9505729021600463
218.0,Rhodotorula mucilaginosa,0.3486017525495766
218.0,Rhodotorula mucilaginosa,0.43718895996652857
218.0,Rhodotorula mucilaginosa,0.5293431119588106
218.0,Rhodotorula mucilaginosa,0.5293431119588106
218.0,Rhodotorula mucilaginosa,0.5293431119588106
218.0,Rhodotorula mucilaginosa,0.5293431119588106
218.0,Rhodotorula mucilaginosa,0.5293431119588106
219.0,Rhodotorula mucilaginosa,0.39226147428464553
219.0,Rhodotorula mucilaginosa,0.4204345152020682
219.0,Rhodotorula mucilaginosa,0.36031163806391564
219.0,Rhodotorula mucilaginosa,0.750914164046865
219.0,Rhodotorula mucilaginosa,0.750914164046865
219.0,Rhodotorula mucilaginosa,0.750914164046865
219.0,Rhodotorula mucilaginosa,0.750914164046865
219.0,Rhodotorula mucilaginosa,0.3517368961798624
219.0,Rhodotorula mucilaginosa,0.3517368961798624
219.0,Rhodotorula mucilaginosa,0.5238421058612778
219.0,Rhodotorula mucilaginosa,0.5238421058612778
219.0,Rhodotorula mucilaginosa,0.4960509212533867
219.0,Rhodotorula mucilaginosa,0.5238421058612778
219.0,Rhodotorula mucilaginosa,0.5238421058612778
219.0,Rhodotorula mucilaginosa,0.3695834108660824
219.0,Rhodotorula mucilaginosa,0.3695834108660824
219.0,Rhodotorula mucilaginosa,0.4370755320850309
219.0,Rhodotorula mucilaginosa,0.4370755320850309
219.0,Rhodotorula mucilaginosa,0.4370755320850309
219.0,Rhodotorula mucilaginosa,0.4370755320850309
219.0,Rhodotorula mucilaginosa,0.4370755320850309
219.0,Rhodotorula mucilaginosa,0.5323598445163837
219.0,Rhodotorula mucilaginosa,0.5323598445163837
219.0,Rhodotorula mucilaginosa,0.5323598445163837
219.0,Rhodotorula mucilaginosa,0.5323598445163837
220.0,Rhodotorula mucilaginosa,0.5421233609176337
220.0,Rhodotorula mucilaginosa,0.5741939420159989
220.0,Rhodotorula mucilaginosa,0.3418041000410509
220.0,Rhodotorula mucilaginosa,0.3418041000410509
220.0,Rhodotorula mucilaginosa,0.3418041000410509
220.0,Rhodotorula mucilaginosa,0.3418041000410509
220.0,Rhodotorula mucilaginosa,0.38269555361792806
220.0,Rhodotorula mucilaginosa,0.47449384289813135
220.0,Rhodotorula mucilaginosa,0.6052219934565787
220.0,Rhodotorula mucilaginosa,0.6052219934565787
220.0,Rhodotorula mucilaginosa,0.6052219934565787
220.0,Rhodotorula mucilaginosa,0.6052219934565787
220.0,Rhodotorula mucilaginosa,0.6052219934565787
220.0,Rhodotorula mucilaginosa,0.46991623782751485
220.0,Rhodotorula mucilaginosa,0.5407583234816941
220.0,Rhodotorula mucilaginosa,0.7079851077893288
220.0,Rhodotorula mucilaginosa,0.7079851077893288
220.0,Rhodotorula mucilaginosa,0.7079851077893288
220.0,Rhodotorula mucilaginosa,0.7079851077893288
220.0,Rhodotorula mucilaginosa,0.7079851077893288
220.0,Rhodotorula mucilaginosa,0.36079216608726955
220.0,Rhodotorula mucilaginosa,0.40782039483065624
220.0,Rhodotorula mucilaginosa,0.3914598349691598
221.0,Rhodotorula dairenensis,0.4739760617056256
221.0,Rhodotorula dairenensis,0.5190551180072246
221.0,Rhodotorula dairenensis,0.5190551180072246
221.0,Rhodotorula dairenensis,0.5190551180072246
221.0,Rhodotorula dairenensis,0.5190551180072246
221.0,Rhodotorula dairenensis,0.4202843966570493
221.0,Rhodotorula dairenensis,0.41740933429065147
221.0,Rhodotorula dairenensis,0.461643792957257
221.0,Rhodotorula dairenensis,0.4960189713357183
221.0,Rhodotorula dairenensis,1.3303255412046493
221.0,Rhodotorula dairenensis,1.3303255412046493
221.0,Rhodotorula dairenensis,1.3303255412046493
221.0,Rhodotorula dairenensis,1.3303255412046493
221.0,Rhodotorula dairenensis,1.3303255412046493
221.0,Rhodotorula dairenensis,0.38074919519784006
221.0,Rhodotorula dairenensis,0.4420355213123916
221.0,Rhodotorula dairenensis,0.4324520273007347
221.0,Rhodotorula dairenensis,0.4420355213123916
221.0,Rhodotorula dairenensis,0.1569728981604122
221.0,Rhodotorula dairenensis,0.1569728981604122
221.0,Rhodotorula dairenensis,0.1569728981604122
222.0,Rhodotorula mucilaginosa,0.4374794556855224
222.0,Rhodotorula mucilaginosa,0.3887937369490438
222.0,Rhodotorula mucilaginosa,0.3887937369490438
222.0,Rhodotorula mucilaginosa,0.3887937369490438
222.0,Rhodotorula mucilaginosa,0.3887937369490438
222.0,Rhodotorula mucilaginosa,0.3887937369490438
222.0,Rhodotorula mucilaginosa,0.39524971817442583
222.0,Rhodotorula mucilaginosa,0.4223976693864425
222.0,Rhodotorula mucilaginosa,0.4426107885547495
222.0,Rhodotorula mucilaginosa,0.4426107885547495
222.0,Rhodotorula mucilaginosa,0.4426107885547495
222.0,Rhodotorula mucilaginosa,0.4426107885547495
222.0,Rhodotorula mucilaginosa,0.4426107885547495
222.0,Rhodotorula mucilaginosa,0.42018806724009533
222.0,Rhodotorula mucilaginosa,0.3655701476865041
222.0,Rhodotorula mucilaginosa,0.3655701476865041
222.0,Rhodotorula mucilaginosa,0.3655701476865041
222.0,Rhodotorula mucilaginosa,0.3655701476865041
222.0,Rhodotorula mucilaginosa,0.3655701476865041
222.0,Rhodotorula mucilaginosa,0.4231986731721005
222.0,Rhodotorula mucilaginosa,0.42565037848709275
222.0,Rhodotorula mucilaginosa,0.41559702351592387
222.0,Rhodotorula mucilaginosa,0.41117622221336686
222.0,Rhodotorula mucilaginosa,0.41117622221336686
222.0,Rhodotorula mucilaginosa,0.41117622221336686
222.0,Rhodotorula mucilaginosa,0.32159292057545324
223.0,Rhodotorula mucilaginosa,0.3397758377616159
223.0,Rhodotorula mucilaginosa,0.3390136954384418
223.0,Rhodotorula mucilaginosa,0.6511574899152921
223.0,Rhodotorula mucilaginosa,0.6511574899152921
223.0,Rhodotorula mucilaginosa,0.6511574899152921
223.0,Rhodotorula mucilaginosa,0.6511574899152921
223.0,Rhodotorula mucilaginosa,0.6511574899152921
223.0,Rhodotorula mucilaginosa,0.3808471729698466
223.0,Rhodotorula mucilaginosa,0.7159973855236341
223.0,Rhodotorula mucilaginosa,0.7159973855236341
223.0,Rhodotorula mucilaginosa,0.7159973855236341
223.0,Rhodotorula mucilaginosa,0.7159973855236341
223.0,Rhodotorula mucilaginosa,0.2918550171496028
223.0,Rhodotorula mucilaginosa,0.2877177877870028
223.0,Rhodotorula mucilaginosa,0.804573187936911
223.0,Rhodotorula mucilaginosa,0.804573187936911
223.0,Rhodotorula mucilaginosa,0.804573187936911
223.0,Rhodotorula mucilaginosa,0.804573187936911
223.0,Rhodotorula mucilaginosa,0.804573187936911
223.0,Rhodotorula mucilaginosa,0.34911777674170785
223.0,Rhodotorula mucilaginosa,0.3315477415149627
223.0,Rhodotorula mucilaginosa,0.021974704487673545
223.0,Rhodotorula mucilaginosa,-0.2971102957563191
223.0,Rhodotorula mucilaginosa,0.021974704487673545
223.0,Rhodotorula mucilaginosa,0.021974704487673545
223.0,Rhodotorula mucilaginosa,0.021974704487673545
224.0,Rhodotorula taiwanensis,0.3652321172230683
224.0,Rhodotorula taiwanensis,0.4462102214556941
224.0,Rhodotorula taiwanensis,0.09678623105796247
224.0,Rhodotorula taiwanensis,0.09678623105796247
224.0,Rhodotorula taiwanensis,0.6322642152174646
224.0,Rhodotorula taiwanensis,0.09678623105796247
224.0,Rhodotorula taiwanensis,0.5839966826337267
224.0,Rhodotorula taiwanensis,0.6334553609598831
224.0,Rhodotorula taiwanensis,0.6614935806128902
224.0,Rhodotorula taiwanensis,0.6614935806128902
224.0,Rhodotorula taiwanensis,0.6614935806128902
224.0,Rhodotorula taiwanensis,0.6614935806128902
224.0,Rhodotorula taiwanensis,0.6614935806128902
225.0,Rhodotorula mucilaginosa,0.33228606620482937
225.0,Rhodotorula mucilaginosa,0.3326117374135778
225.0,Rhodotorula mucilaginosa,0.42333771434964024
225.0,Rhodotorula mucilaginosa,0.42333771434964024
225.0,Rhodotorula mucilaginosa,0.42333771434964024
225.0,Rhodotorula mucilaginosa,0.42333771434964024
225.0,Rhodotorula mucilaginosa,0.42333771434964024
225.0,Rhodotorula mucilaginosa,0.3401300612047133
225.0,Rhodotorula mucilaginosa,0.365438880608473
225.0,Rhodotorula mucilaginosa,0.21894781952847167
225.0,Rhodotorula mucilaginosa,0.21894781952847167
225.0,Rhodotorula mucilaginosa,0.45868346385599507
225.0,Rhodotorula mucilaginosa,0.21894781952847167
225.0,Rhodotorula mucilaginosa,0.21894781952847167
225.0,Rhodotorula mucilaginosa,0.3381242711988256
225.0,Rhodotorula mucilaginosa,0.3492575939198481
225.0,Rhodotorula mucilaginosa,0.8875996136591661
225.0,Rhodotorula mucilaginosa,0.8875996136591661
225.0,Rhodotorula mucilaginosa,0.6967932566836703
225.0,Rhodotorula mucilaginosa,0.8875996136591661
225.0,Rhodotorula mucilaginosa,0.8875996136591661
225.0,Rhodotorula mucilaginosa,0.40949539203252283
225.0,Rhodotorula mucilaginosa,0.40949539203252283
225.0,Rhodotorula mucilaginosa,1.0983120076432575
225.0,Rhodotorula mucilaginosa,1.0983120076432575
225.0,Rhodotorula mucilaginosa,1.0983120076432575
225.0,Rhodotorula mucilaginosa,1.0983120076432575
225.0,Rhodotorula mucilaginosa,1.0983120076432575
227.0,Rhodotorula mucilaginosa,0.4183439683477663
227.0,Rhodotorula mucilaginosa,0.387254371681837
227.0,Rhodotorula mucilaginosa,0.43942819705753494
227.0,Rhodotorula mucilaginosa,0.43942819705753494
227.0,Rhodotorula mucilaginosa,0.518099718722149
227.0,Rhodotorula mucilaginosa,0.518099718722149
227.0,Rhodotorula mucilaginosa,0.43942819705753494
227.0,Rhodotorula mucilaginosa,0.3794456809496659
227.0,Rhodotorula mucilaginosa,0.4338525014994038
227.0,Rhodotorula mucilaginosa,0.33940256311311373
227.0,Rhodotorula mucilaginosa,0.46534284198344317
227.0,Rhodotorula mucilaginosa,0.46534284198344317
227.0,Rhodotorula mucilaginosa,0.46534284198344317
227.0,Rhodotorula mucilaginosa,0.46534284198344317
227.0,Rhodotorula mucilaginosa,0.46534284198344317
227.0,Rhodotorula mucilaginosa,0.3472571946616429
227.0,Rhodotorula mucilaginosa,0.3472571946616429
227.0,Rhodotorula mucilaginosa,0.7895067803610969
227.0,Rhodotorula mucilaginosa,0.7895067803610969
227.0,Rhodotorula mucilaginosa,0.7895067803610969
227.0,Rhodotorula mucilaginosa,0.7895067803610969
227.0,Rhodotorula mucilaginosa,0.7895067803610969
228.0,Rhodotorula mucilaginosa,0.45041171843177996
228.0,Rhodotorula mucilaginosa,0.2826194052454604
228.0,Rhodotorula mucilaginosa,0.2826194052454604
228.0,Rhodotorula mucilaginosa,0.2826194052454604
228.0,Rhodotorula mucilaginosa,0.2826194052454604
228.0,Rhodotorula mucilaginosa,0.265204733801772
228.0,Rhodotorula mucilaginosa,0.4270061011417218
228.0,Rhodotorula mucilaginosa,0.2615777634607039
228.0,Rhodotorula mucilaginosa,0.2615777634607039
228.0,Rhodotorula mucilaginosa,0.2615777634607039
228.0,Rhodotorula mucilaginosa,0.2615777634607039
228.0,Rhodotorula mucilaginosa,0.2615777634607039
228.0,Rhodotorula mucilaginosa,0.42956532658946844
228.0,Rhodotorula mucilaginosa,0.6020303203152677
228.0,Rhodotorula mucilaginosa,0.6020303203152677
228.0,Rhodotorula mucilaginosa,0.6020303203152677
228.0,Rhodotorula mucilaginosa,0.6020303203152677
228.0,Rhodotorula mucilaginosa,0.6020303203152677
228.0,Rhodotorula mucilaginosa,0.5255925949072016
228.0,Rhodotorula mucilaginosa,0.5255925949072016
228.0,Rhodotorula mucilaginosa,0.5255925949072016
228.0,Rhodotorula mucilaginosa,0.5255925949072016
228.0,Rhodotorula mucilaginosa,0.5255925949072016
229.0,Rhodotorula mucilaginosa,0.4748237892473396
229.0,Rhodotorula mucilaginosa,0.14401673921177516
229.0,Rhodotorula mucilaginosa,0.14401673921177516
229.0,Rhodotorula mucilaginosa,0.14401673921177516
229.0,Rhodotorula mucilaginosa,0.14401673921177516
229.0,Rhodotorula mucilaginosa,0.14401673921177516
229.0,Rhodotorula mucilaginosa,0.4303834188671329
229.0,Rhodotorula mucilaginosa,0.2301695050862353
229.0,Rhodotorula mucilaginosa,0.2301695050862353
229.0,Rhodotorula mucilaginosa,0.2301695050862353
229.0,Rhodotorula mucilaginosa,0.2301695050862353
229.0,Rhodotorula mucilaginosa,0.2301695050862353
229.0,Rhodotorula mucilaginosa,0.3722976233147494
229.0,Rhodotorula mucilaginosa,0.43908062697448363
229.0,Rhodotorula mucilaginosa,0.35367892487419633
229.0,Rhodotorula mucilaginosa,0.35367892487419633
229.0,Rhodotorula mucilaginosa,0.35367892487419633
229.0,Rhodotorula mucilaginosa,0.35367892487419633
229.0,Rhodotorula mucilaginosa,0.43196425646151654
229.0,Rhodotorula mucilaginosa,0.3866882935723263
229.0,Rhodotorula mucilaginosa,0.4257902377060362
229.0,Rhodotorula mucilaginosa,0.4257902377060362
229.0,Rhodotorula mucilaginosa,0.4257902377060362
229.0,Rhodotorula mucilaginosa,0.4257902377060362
229.0,Rhodotorula mucilaginosa,0.4257902377060362
230.0,Rhodotorula dairenensis,-1.7232919467116434
230.0,Rhodotorula dairenensis,-0.16104752640623646
230.0,Rhodotorula dairenensis,0.43969428500451935
230.0,Rhodotorula dairenensis,0.37591204945302237
230.0,Rhodotorula dairenensis,0.5460585669473438
230.0,Rhodotorula dairenensis,0.5460585669473438
230.0,Rhodotorula dairenensis,0.5460585669473438
230.0,Rhodotorula dairenensis,0.5460585669473438
230.0,Rhodotorula dairenensis,0.5460585669473438
230.0,Rhodotorula dairenensis,0.3409139075609767
230.0,Rhodotorula dairenensis,0.3334636122585732
230.0,Rhodotorula dairenensis,0.1523287220143835
230.0,Rhodotorula dairenensis,0.1523287220143835
230.0,Rhodotorula dairenensis,0.1523287220143835
230.0,Rhodotorula dairenensis,0.1523287220143835
230.0,Rhodotorula dairenensis,0.1523287220143835
231.0,Rhodotorula mucilaginosa,0.26223021411141095
231.0,Rhodotorula mucilaginosa,0.510192474002264
231.0,Rhodotorula mucilaginosa,0.510192474002264
231.0,Rhodotorula mucilaginosa,0.510192474002264
231.0,Rhodotorula mucilaginosa,0.8244254649389369
231.0,Rhodotorula mucilaginosa,1.1411665732594807
231.0,Rhodotorula mucilaginosa,0.8535518732342514
231.0,Rhodotorula mucilaginosa,0.8535518732342514
231.0,Rhodotorula mucilaginosa,0.8535518732342514
231.0,Rhodotorula mucilaginosa,0.8535518732342514
231.0,Rhodotorula mucilaginosa,0.8535518732342514
231.0,Rhodotorula mucilaginosa,0.7397525658751605
231.0,Rhodotorula mucilaginosa,0.9402843086872406
231.0,Rhodotorula mucilaginosa,1.1858393045218227
231.0,Rhodotorula mucilaginosa,1.1858393045218227
231.0,Rhodotorula mucilaginosa,1.1858393045218227
231.0,Rhodotorula mucilaginosa,1.1858393045218227
231.0,Rhodotorula mucilaginosa,1.1858393045218227
231.0,Rhodotorula mucilaginosa,0.6386642114215816
231.0,Rhodotorula mucilaginosa,0.825463709209779
231.0,Rhodotorula mucilaginosa,0.6252018339420067
231.0,Rhodotorula mucilaginosa,0.6252018339420067
231.0,Rhodotorula mucilaginosa,0.6252018339420067
231.0,Rhodotorula mucilaginosa,0.6252018339420067
231.0,Rhodotorula mucilaginosa,0.6252018339420067
232.0,Rhodotorula mucilaginosa,0.45013972032091687
232.0,Rhodotorula mucilaginosa,0.45248767773119003
232.0,Rhodotorula mucilaginosa,0.40441890727763563
232.0,Rhodotorula mucilaginosa,0.40441890727763563
232.0,Rhodotorula mucilaginosa,0.40441890727763563
232.0,Rhodotorula mucilaginosa,0.40441890727763563
232.0,Rhodotorula mucilaginosa,0.40441890727763563
232.0,Rhodotorula mucilaginosa,0.4839943003060293
232.0,Rhodotorula mucilaginosa,0.4699632631211888
232.0,Rhodotorula mucilaginosa,0.5236309574612191
232.0,Rhodotorula mucilaginosa,0.5236309574612191
232.0,Rhodotorula mucilaginosa,0.5236309574612191
232.0,Rhodotorula mucilaginosa,0.5236309574612191
232.0,Rhodotorula mucilaginosa,0.5236309574612191
232.0,Rhodotorula mucilaginosa,0.45362442828149785
232.0,Rhodotorula mucilaginosa,0.42018693514404704
232.0,Rhodotorula mucilaginosa,0.9170430023255841
232.0,Rhodotorula mucilaginosa,0.9170430023255841
232.0,Rhodotorula mucilaginosa,0.7435017188984898
232.0,Rhodotorula mucilaginosa,0.9170430023255841
232.0,Rhodotorula mucilaginosa,0.7435017188984898
232.0,Rhodotorula mucilaginosa,0.3998524679544509
232.0,Rhodotorula mucilaginosa,0.5053602227259155
233.0,Rhodotorula mucilaginosa,0.22427644941107697
233.0,Rhodotorula mucilaginosa,0.30274264167072396
233.0,Rhodotorula mucilaginosa,0.2736750410455684
233.0,Rhodotorula mucilaginosa,0.5630821030747346
233.0,Rhodotorula mucilaginosa,0.5630821030747346
233.0,Rhodotorula mucilaginosa,0.5630821030747346
233.0,Rhodotorula mucilaginosa,0.5630821030747346
233.0,Rhodotorula mucilaginosa,0.31231705517696645
233.0,Rhodotorula mucilaginosa,0.3683683272244857
233.0,Rhodotorula mucilaginosa,0.581803186250355
233.0,Rhodotorula mucilaginosa,0.581803186250355
233.0,Rhodotorula mucilaginosa,0.581803186250355
233.0,Rhodotorula mucilaginosa,0.581803186250355
233.0,Rhodotorula mucilaginosa,0.581803186250355
233.0,Rhodotorula mucilaginosa,0.32444018023847576
233.0,Rhodotorula mucilaginosa,0.43774210686217246
233.0,Rhodotorula mucilaginosa,0.8088236147219319
233.0,Rhodotorula mucilaginosa,0.8088236147219319
233.0,Rhodotorula mucilaginosa,0.8088236147219319
233.0,Rhodotorula mucilaginosa,0.8088236147219319
233.0,Rhodotorula mucilaginosa,0.8088236147219319
233.0,Rhodotorula mucilaginosa,0.34575477086496714
233.0,Rhodotorula mucilaginosa,0.32494643467127887
233.0,Rhodotorula mucilaginosa,0.6413744694184286
233.0,Rhodotorula mucilaginosa,0.6413744694184286
233.0,Rhodotorula mucilaginosa,0.8933257624266783
233.0,Rhodotorula mucilaginosa,0.6413744694184286
233.0,Rhodotorula mucilaginosa,0.6413744694184286
234.0,Rhodotorula mucilaginosa,0.3643841132745272
234.0,Rhodotorula mucilaginosa,0.39358856008663917
234.0,Rhodotorula mucilaginosa,0.39358856008663917
234.0,Rhodotorula mucilaginosa,0.41148386167421447
234.0,Rhodotorula mucilaginosa,0.39358856008663917
234.0,Rhodotorula mucilaginosa,0.39358856008663917
234.0,Rhodotorula mucilaginosa,0.33239067778347375
234.0,Rhodotorula mucilaginosa,0.38550066811049194
234.0,Rhodotorula mucilaginosa,0.38550066811049194
234.0,Rhodotorula mucilaginosa,0.38550066811049194
234.0,Rhodotorula mucilaginosa,0.38550066811049194
234.0,Rhodotorula mucilaginosa,0.38550066811049194
234.0,Rhodotorula mucilaginosa,0.360384456289901
234.0,Rhodotorula mucilaginosa,0.8477347975639907
234.0,Rhodotorula mucilaginosa,0.8477347975639907
234.0,Rhodotorula mucilaginosa,0.8477347975639907
234.0,Rhodotorula mucilaginosa,0.8477347975639907
234.0,Rhodotorula mucilaginosa,0.3357694290253257
235.0,Rhodotorula mucilaginosa,0.43338773955838406
235.0,Rhodotorula mucilaginosa,0.4437582672292764
235.0,Rhodotorula mucilaginosa,0.43338773955838406
235.0,Rhodotorula mucilaginosa,0.6566556882455848
235.0,Rhodotorula mucilaginosa,0.6566556882455848
235.0,Rhodotorula mucilaginosa,0.6566556882455848
235.0,Rhodotorula mucilaginosa,0.6566556882455848
235.0,Rhodotorula mucilaginosa,0.40052497982835605
235.0,Rhodotorula mucilaginosa,0.4104191361584954
235.0,Rhodotorula mucilaginosa,0.41739463067533816
235.0,Rhodotorula mucilaginosa,0.3932223301308339
235.0,Rhodotorula mucilaginosa,0.3932223301308339
235.0,Rhodotorula mucilaginosa,0.3797212560588887
235.0,Rhodotorula mucilaginosa,0.3797212560588887
235.0,Rhodotorula mucilaginosa,0.3797212560588887
235.0,Rhodotorula mucilaginosa,0.3797212560588887
235.0,Rhodotorula mucilaginosa,0.38647552501453664
235.0,Rhodotorula mucilaginosa,0.3991022022753044
235.0,Rhodotorula mucilaginosa,0.4886336318341815
235.0,Rhodotorula mucilaginosa,0.4886336318341815
235.0,Rhodotorula mucilaginosa,0.4886336318341815
235.0,Rhodotorula mucilaginosa,0.4886336318341815
235.0,Rhodotorula mucilaginosa,0.4886336318341815
236.0,Rhodotorula mucilaginosa,0.394999839332744
236.0,Rhodotorula mucilaginosa,0.49806663287118086
236.0,Rhodotorula mucilaginosa,0.6973543802083269
236.0,Rhodotorula mucilaginosa,0.6973543802083269
236.0,Rhodotorula mucilaginosa,0.6973543802083269
236.0,Rhodotorula mucilaginosa,0.6973543802083269
236.0,Rhodotorula mucilaginosa,0.6973543802083269
236.0,Rhodotorula mucilaginosa,0.316082040912938
236.0,Rhodotorula mucilaginosa,0.3545972262063566
236.0,Rhodotorula mucilaginosa,0.742279247618023
236.0,Rhodotorula mucilaginosa,0.742279247618023
236.0,Rhodotorula mucilaginosa,0.742279247618023
236.0,Rhodotorula mucilaginosa,0.742279247618023
236.0,Rhodotorula mucilaginosa,0.742279247618023
236.0,Rhodotorula mucilaginosa,0.35392327238223187
236.0,Rhodotorula mucilaginosa,0.3554700135517819
236.0,Rhodotorula mucilaginosa,0.7212983899342458
236.0,Rhodotorula mucilaginosa,0.7212983899342458
236.0,Rhodotorula mucilaginosa,0.7212983899342458
236.0,Rhodotorula mucilaginosa,0.7212983899342458
236.0,Rhodotorula mucilaginosa,0.7212983899342458
236.0,Rhodotorula mucilaginosa,0.3230794684161089
236.0,Rhodotorula mucilaginosa,1.4578448365285486
236.0,Rhodotorula mucilaginosa,1.4578448365285486
236.0,Rhodotorula mucilaginosa,1.4578448365285486
236.0,Rhodotorula mucilaginosa,1.4578448365285486
236.0,Rhodotorula mucilaginosa,1.4578448365285486
237.0,Rhodotorula mucilaginosa,0.37208926096845335
237.0,Rhodotorula mucilaginosa,0.36359539400235213
237.0,Rhodotorula mucilaginosa,0.9450944267930996
237.0,Rhodotorula mucilaginosa,0.9450944267930996
237.0,Rhodotorula mucilaginosa,0.9450944267930996
237.0,Rhodotorula mucilaginosa,0.9450944267930996
237.0,Rhodotorula mucilaginosa,0.9450944267930996
237.0,Rhodotorula mucilaginosa,0.38345239495884964
237.0,Rhodotorula mucilaginosa,0.38808809961854646
237.0,Rhodotorula mucilaginosa,0.8698781316045759
237.0,Rhodotorula mucilaginosa,0.8698781316045759
237.0,Rhodotorula mucilaginosa,0.8698781316045759
237.0,Rhodotorula mucilaginosa,0.8698781316045759
237.0,Rhodotorula mucilaginosa,0.8698781316045759
237.0,Rhodotorula mucilaginosa,0.30438615930907015
237.0,Rhodotorula mucilaginosa,0.36761675853702896
237.0,Rhodotorula mucilaginosa,0.5845310678374299
237.0,Rhodotorula mucilaginosa,0.5845310678374299
237.0,Rhodotorula mucilaginosa,0.5845310678374299
237.0,Rhodotorula mucilaginosa,0.5845310678374299
237.0,Rhodotorula mucilaginosa,0.5845310678374299
237.0,Rhodotorula mucilaginosa,0.32570649804961777
237.0,Rhodotorula mucilaginosa,0.3301739297436066
237.0,Rhodotorula mucilaginosa,1.217849698015106
237.0,Rhodotorula mucilaginosa,1.217849698015106
237.0,Rhodotorula mucilaginosa,1.217849698015106
237.0,Rhodotorula mucilaginosa,1.217849698015106
237.0,Rhodotorula mucilaginosa,1.217849698015106
238.0,Rhodotorula mucilaginosa,0.3141137769873976
238.0,Rhodotorula mucilaginosa,0.30680083082855625
238.0,Rhodotorula mucilaginosa,0.30680083082855625
238.0,Rhodotorula mucilaginosa,0.30680083082855625
238.0,Rhodotorula mucilaginosa,0.30680083082855625
238.0,Rhodotorula mucilaginosa,0.4078268785691307
238.0,Rhodotorula mucilaginosa,0.43960411212649425
238.0,Rhodotorula mucilaginosa,-0.10554060370868316
238.0,Rhodotorula mucilaginosa,-0.10554060370868316
238.0,Rhodotorula mucilaginosa,-0.10554060370868316
238.0,Rhodotorula mucilaginosa,-0.10554060370868316
238.0,Rhodotorula mucilaginosa,-0.10554060370868316
238.0,Rhodotorula mucilaginosa,0.2928995714863157
238.0,Rhodotorula mucilaginosa,0.37683321925465774
238.0,Rhodotorula mucilaginosa,0.9298826262582348
238.0,Rhodotorula mucilaginosa,0.9298826262582348
238.0,Rhodotorula mucilaginosa,0.9298826262582348
238.0,Rhodotorula mucilaginosa,0.9298826262582348
238.0,Rhodotorula mucilaginosa,0.9298826262582348
238.0,Rhodotorula mucilaginosa,0.5228071425941794
238.0,Rhodotorula mucilaginosa,0.5711760592217643
238.0,Rhodotorula mucilaginosa,1.9696119995745132
238.0,Rhodotorula mucilaginosa,1.9696119995745132
238.0,Rhodotorula mucilaginosa,1.9696119995745132
238.0,Rhodotorula mucilaginosa,1.9696119995745132
238.0,Rhodotorula mucilaginosa,1.9696119995745132
239.0,Rhodotorula mucilaginosa,0.3519962487248871
239.0,Rhodotorula mucilaginosa,0.4174558265012159
239.0,Rhodotorula mucilaginosa,0.4174558265012159
239.0,Rhodotorula mucilaginosa,0.4174558265012159
239.0,Rhodotorula mucilaginosa,0.4174558265012159
239.0,Rhodotorula mucilaginosa,0.4174558265012159
239.0,Rhodotorula mucilaginosa,0.36000493500752295
239.0,Rhodotorula mucilaginosa,0.2505457331105886
239.0,Rhodotorula mucilaginosa,0.2505457331105886
239.0,Rhodotorula mucilaginosa,0.2505457331105886
239.0,Rhodotorula mucilaginosa,0.2505457331105886
239.0,Rhodotorula mucilaginosa,0.2505457331105886
239.0,Rhodotorula mucilaginosa,-0.8793342589490557
239.0,Rhodotorula mucilaginosa,-0.2516128910394639
240.0,Rhodotorula mucilaginosa,0.39294446140150496
240.0,Rhodotorula mucilaginosa,0.3912640357917008
240.0,Rhodotorula mucilaginosa,0.40922072268975335
240.0,Rhodotorula mucilaginosa,0.9236576393667222
240.0,Rhodotorula mucilaginosa,0.9236576393667222
240.0,Rhodotorula mucilaginosa,0.9236576393667222
240.0,Rhodotorula mucilaginosa,0.9236576393667222
240.0,Rhodotorula mucilaginosa,0.4556271939805896
240.0,Rhodotorula mucilaginosa,0.4556271939805896
240.0,Rhodotorula mucilaginosa,0.4323819604742825
240.0,Rhodotorula mucilaginosa,0.4323819604742825
240.0,Rhodotorula mucilaginosa,0.4323819604742825
240.0,Rhodotorula mucilaginosa,0.4323819604742825
240.0,Rhodotorula mucilaginosa,0.4323819604742825
240.0,Rhodotorula mucilaginosa,0.46307968084739026
240.0,Rhodotorula mucilaginosa,0.47257850584315564
240.0,Rhodotorula mucilaginosa,0.47257850584315564
240.0,Rhodotorula mucilaginosa,0.47257850584315564
240.0,Rhodotorula mucilaginosa,0.47257850584315564
240.0,Rhodotorula mucilaginosa,0.47257850584315564
240.0,Rhodotorula mucilaginosa,0.36147208746077886
240.0,Rhodotorula mucilaginosa,0.3738578482861498
240.0,Rhodotorula mucilaginosa,0.39112468232891423
240.0,Rhodotorula mucilaginosa,0.39112468232891423
240.0,Rhodotorula mucilaginosa,0.39112468232891423
240.0,Rhodotorula mucilaginosa,0.37637484200878674
240.0,Rhodotorula mucilaginosa,0.39112468232891423
241.0,Rhodotorula mucilaginosa,0.3548468014147552
241.0,Rhodotorula mucilaginosa,0.40920434184310056
241.0,Rhodotorula mucilaginosa,0.6449053992710085
241.0,Rhodotorula mucilaginosa,0.6449053992710085
241.0,Rhodotorula mucilaginosa,0.6449053992710085
241.0,Rhodotorula mucilaginosa,0.6449053992710085
241.0,Rhodotorula mucilaginosa,0.6449053992710085
241.0,Rhodotorula mucilaginosa,-0.6159787163016408
241.0,Rhodotorula mucilaginosa,-0.6159787163016408
241.0,Rhodotorula mucilaginosa,0.3754807663070601
241.0,Rhodotorula mucilaginosa,0.4196925489691629
241.0,Rhodotorula mucilaginosa,0.9336562350296178
241.0,Rhodotorula mucilaginosa,0.9336562350296178
241.0,Rhodotorula mucilaginosa,0.9336562350296178
241.0,Rhodotorula mucilaginosa,0.9336562350296178
241.0,Rhodotorula mucilaginosa,0.7561516094866765
241.0,Rhodotorula mucilaginosa,0.410381330321188
241.0,Rhodotorula mucilaginosa,0.4590661222175924
241.0,Rhodotorula mucilaginosa,0.7352077193714324
241.0,Rhodotorula mucilaginosa,0.7352077193714324
241.0,Rhodotorula mucilaginosa,0.7352077193714324
241.0,Rhodotorula mucilaginosa,0.7352077193714324
241.0,Rhodotorula mucilaginosa,0.7352077193714324
243.0,Rhodotorula mucilaginosa,0.3505745906203652
243.0,Rhodotorula mucilaginosa,0.6908689661295813
243.0,Rhodotorula mucilaginosa,0.6908689661295813
243.0,Rhodotorula mucilaginosa,0.6908689661295813
243.0,Rhodotorula mucilaginosa,0.6908689661295813
243.0,Rhodotorula mucilaginosa,0.6908689661295813
243.0,Rhodotorula mucilaginosa,0.2736282418878415
243.0,Rhodotorula mucilaginosa,0.3692758609705295
243.0,Rhodotorula mucilaginosa,0.29337188623706745
243.0,Rhodotorula mucilaginosa,0.5517662632173114
243.0,Rhodotorula mucilaginosa,0.5517662632173114
243.0,Rhodotorula mucilaginosa,0.5517662632173114
243.0,Rhodotorula mucilaginosa,0.5517662632173114
243.0,Rhodotorula mucilaginosa,0.5517662632173114
243.0,Rhodotorula mucilaginosa,0.34976095561445075
243.0,Rhodotorula mucilaginosa,0.7140473907404304
243.0,Rhodotorula mucilaginosa,0.7140473907404304
243.0,Rhodotorula mucilaginosa,0.7140473907404304
243.0,Rhodotorula mucilaginosa,0.7140473907404304
243.0,Rhodotorula mucilaginosa,0.7140473907404304
245.0,Rhodotorula mucilaginosa,0.31572562747534505
245.0,Rhodotorula mucilaginosa,0.3525560287632451
245.0,Rhodotorula mucilaginosa,0.885002750765378
245.0,Rhodotorula mucilaginosa,0.885002750765378
245.0,Rhodotorula mucilaginosa,0.885002750765378
245.0,Rhodotorula mucilaginosa,0.885002750765378
245.0,Rhodotorula mucilaginosa,0.885002750765378
245.0,Rhodotorula mucilaginosa,0.38370963980017847
245.0,Rhodotorula mucilaginosa,0.39699280420365707
245.0,Rhodotorula mucilaginosa,0.7295761464073952
245.0,Rhodotorula mucilaginosa,0.7295761464073952
245.0,Rhodotorula mucilaginosa,0.7295761464073952
245.0,Rhodotorula mucilaginosa,0.3538594768917477
245.0,Rhodotorula mucilaginosa,0.31738001787626063
245.0,Rhodotorula mucilaginosa,-0.22328631548452446
245.0,Rhodotorula mucilaginosa,-0.22328631548452446
245.0,Rhodotorula mucilaginosa,-0.22328631548452446
245.0,Rhodotorula mucilaginosa,-0.22328631548452446
245.0,Rhodotorula mucilaginosa,-0.22328631548452446
245.0,Rhodotorula mucilaginosa,0.34010399598692614
245.0,Rhodotorula mucilaginosa,0.29921178357857425
246.0,Rhodotorula mucilaginosa,0.41083396486925455
246.0,Rhodotorula mucilaginosa,0.41083396486925455
246.0,Rhodotorula mucilaginosa,0.20720875309416023
246.0,Rhodotorula mucilaginosa,0.20720875309416023
246.0,Rhodotorula mucilaginosa,0.20720875309416023
246.0,Rhodotorula mucilaginosa,0.20720875309416023
246.0,Rhodotorula mucilaginosa,0.20720875309416023
246.0,Rhodotorula mucilaginosa,0.4657047912187254
246.0,Rhodotorula mucilaginosa,0.4233195986042026
246.0,Rhodotorula mucilaginosa,0.5861690513223814
246.0,Rhodotorula mucilaginosa,0.5861690513223814
246.0,Rhodotorula mucilaginosa,0.5861690513223814
246.0,Rhodotorula mucilaginosa,0.5861690513223814
246.0,Rhodotorula mucilaginosa,0.5727926069383886
246.0,Rhodotorula mucilaginosa,0.3367282133459514
246.0,Rhodotorula mucilaginosa,0.3264425134072716
246.0,Rhodotorula mucilaginosa,0.3584724956437004
246.0,Rhodotorula mucilaginosa,0.47308278193372083
246.0,Rhodotorula mucilaginosa,0.3830942407003233
246.0,Rhodotorula mucilaginosa,0.47308278193372083
246.0,Rhodotorula mucilaginosa,0.47308278193372083
246.0,Rhodotorula mucilaginosa,0.3494784559239077
246.0,Rhodotorula mucilaginosa,0.32686780580818886
246.0,Rhodotorula mucilaginosa,1.0592127614709084
246.0,Rhodotorula mucilaginosa,1.0592127614709084
246.0,Rhodotorula mucilaginosa,1.0592127614709084
246.0,Rhodotorula mucilaginosa,1.0592127614709084
246.0,Rhodotorula mucilaginosa,1.0592127614709084
247.0,Rhodotorula toruloides,0.4073468054734041
247.0,Rhodotorula toruloides,-0.6870612756555002
247.0,Rhodotorula toruloides,-0.6870612756555002
247.0,Rhodotorula toruloides,-0.6870612756555002
247.0,Rhodotorula toruloides,-0.6870612756555002
247.0,Rhodotorula toruloides,0.37446722286263573
247.0,Rhodotorula toruloides,0.40406139309051564
247.0,Rhodotorula toruloides,0.5235009848872247
248.0,Rhodotorula sp. clade XIII,0.17894381682665736
248.0,Rhodotorula sp. clade XIII,0.5876025343815355
248.0,Rhodotorula sp. clade XIII,0.5876025343815355
248.0,Rhodotorula sp. clade XIII,0.5876025343815355
248.0,Rhodotorula sp. clade XIII,0.5876025343815355
248.0,Rhodotorula sp. clade XIII,0.0885354140083391
248.0,Rhodotorula sp. clade XIII,0.0885354140083391
248.0,Rhodotorula sp. clade XIII,0.30163011406287743
248.0,Rhodotorula sp. clade XIII,0.30163011406287743
248.0,Rhodotorula sp. clade XIII,0.30163011406287743
248.0,Rhodotorula sp. clade XIII,0.30163011406287743
248.0,Rhodotorula sp. clade XIII,0.30163011406287743
249.0,Rhodotorula mucilaginosa,-0.04182561452698786
249.0,Rhodotorula mucilaginosa,2.827863908555901
249.0,Rhodotorula mucilaginosa,0.0010451729888339655
249.0,Rhodotorula mucilaginosa,0.47146051770823466
249.0,Rhodotorula mucilaginosa,0.47146051770823466
250.0,Rhodotorula paludigena,0.3324655908932556
250.0,Rhodotorula paludigena,0.4527966576740294
250.0,Rhodotorula paludigena,0.3062874060810111
250.0,Rhodotorula paludigena,0.3285128420580993
251.0,,0.41563331744228227
251.0,,0.4590459103032431
251.0,,0.6496857285628087
251.0,,0.6496857285628087
251.0,,0.6496857285628087
251.0,,0.6496857285628087
251.0,,0.6496857285628087
251.0,,0.26157939218858717
251.0,,0.24370684366757892
251.0,,0.9375192688088954
251.0,,0.9375192688088954
251.0,,0.9375192688088954
251.0,,0.9375192688088954
251.0,,0.9375192688088954
251.0,,0.33494318065492285
251.0,,0.011672010310608664
251.0,,0.011672010310608664
251.0,,0.011672010310608664
251.0,,0.3849525749098241
251.0,,0.44394257236106877
251.0,,0.4463682631592553
251.0,,0.4463682631592553
251.0,,0.6314757045143117
251.0,,0.4463682631592553
251.0,,0.4463682631592553
252.0,,0.8693878070964741
252.0,,0.8693878070964741
252.0,,0.8693878070964741
252.0,,0.39538653028119447
252.0,,0.4979906738942067
252.0,,0.8727361598863915
252.0,,0.8727361598863915
252.0,,0.8727361598863915
252.0,,0.8727361598863915
252.0,,0.8727361598863915
252.0,,0.3591370762582707
252.0,,0.4484099998804256
252.0,,0.8136698388955512
252.0,,0.8136698388955512
252.0,,0.8136698388955512
252.0,,0.8136698388955512
252.0,,0.8136698388955512
252.0,,0.4827527349126668
252.0,,0.4827527349126668
252.0,,0.8178451155406208
252.0,,0.8178451155406208
252.0,,0.8178451155406208
252.0,,0.8178451155406208
252.0,,0.8178451155406208
253.0,Rhodotorula mucilaginosa,0.3916216182971534
253.0,Rhodotorula mucilaginosa,0.3916216182971534
253.0,Rhodotorula mucilaginosa,0.9771782163828319
253.0,Rhodotorula mucilaginosa,0.9771782163828319
253.0,Rhodotorula mucilaginosa,0.9771782163828319
253.0,Rhodotorula mucilaginosa,0.9771782163828319
253.0,Rhodotorula mucilaginosa,0.9771782163828319
253.0,Rhodotorula mucilaginosa,0.2916792223186305
253.0,Rhodotorula mucilaginosa,0.3406796492695174
253.0,Rhodotorula mucilaginosa,0.45975567226615566
253.0,Rhodotorula mucilaginosa,0.45975567226615566
253.0,Rhodotorula mucilaginosa,0.45975567226615566
253.0,Rhodotorula mucilaginosa,0.45975567226615566
253.0,Rhodotorula mucilaginosa,0.45975567226615566
253.0,Rhodotorula mucilaginosa,0.34846761204676013
253.0,Rhodotorula mucilaginosa,0.355945896134183
253.0,Rhodotorula mucilaginosa,0.7495941942513266
253.0,Rhodotorula mucilaginosa,0.7495941942513266
253.0,Rhodotorula mucilaginosa,0.7495941942513266
253.0,Rhodotorula mucilaginosa,0.7495941942513266
253.0,Rhodotorula mucilaginosa,0.7495941942513266
253.0,Rhodotorula mucilaginosa,0.31512703452534707
253.0,Rhodotorula mucilaginosa,0.331939800660856
253.0,Rhodotorula mucilaginosa,0.3270684044756179
253.0,Rhodotorula mucilaginosa,0.3357293237005248
253.0,Rhodotorula mucilaginosa,0.5274831173796504
253.0,Rhodotorula mucilaginosa,0.5274831173796504
253.0,Rhodotorula mucilaginosa,0.5274831173796504
254.0,Rhodotorula mucilaginosa,0.29589593253521496
254.0,Rhodotorula mucilaginosa,0.3657351666208718
254.0,Rhodotorula mucilaginosa,-0.07018145173339602
254.0,Rhodotorula mucilaginosa,-0.07018145173339602
254.0,Rhodotorula mucilaginosa,-0.07018145173339602
254.0,Rhodotorula mucilaginosa,-0.07018145173339602
254.0,Rhodotorula mucilaginosa,-0.07018145173339602
254.0,Rhodotorula mucilaginosa,0.3310045560477251
254.0,Rhodotorula mucilaginosa,1.2546222255449972
254.0,Rhodotorula mucilaginosa,1.2546222255449972
254.0,Rhodotorula mucilaginosa,1.2546222255449972
254.0,Rhodotorula mucilaginosa,1.2546222255449972
254.0,Rhodotorula mucilaginosa,0.35836614420042545
254.0,Rhodotorula mucilaginosa,0.35836614420042545
254.0,Rhodotorula mucilaginosa,0.5804319783720082
254.0,Rhodotorula mucilaginosa,0.5804319783720082
254.0,Rhodotorula mucilaginosa,0.5804319783720082
254.0,Rhodotorula mucilaginosa,0.5804319783720082
254.0,Rhodotorula mucilaginosa,0.5804319783720082
254.0,Rhodotorula mucilaginosa,0.3850715205509739
254.0,Rhodotorula mucilaginosa,0.3494338536841546
254.0,Rhodotorula mucilaginosa,0.7544873976743787
254.0,Rhodotorula mucilaginosa,0.7544873976743787
254.0,Rhodotorula mucilaginosa,0.7544873976743787
254.0,Rhodotorula mucilaginosa,0.6525912145117135
254.0,Rhodotorula mucilaginosa,0.6525912145117135
255.0,Rhodotorula mucilaginosa,0.3072052412964962
255.0,Rhodotorula mucilaginosa,0.3072052412964962
255.0,Rhodotorula mucilaginosa,0.3072052412964962
255.0,Rhodotorula mucilaginosa,0.39864782581995
255.0,Rhodotorula mucilaginosa,0.4492785523106352
255.0,Rhodotorula mucilaginosa,0.40159841052797657
255.0,Rhodotorula mucilaginosa,0.40159841052797657
255.0,Rhodotorula mucilaginosa,0.39815258652024216
255.0,Rhodotorula mucilaginosa,0.40159841052797657
255.0,Rhodotorula mucilaginosa,0.40159841052797657
255.0,Rhodotorula mucilaginosa,0.32684467096207726
256.0,Rhodotorula mucilaginosa,0.33208442631022755
256.0,Rhodotorula mucilaginosa,0.4801280776172684
256.0,Rhodotorula mucilaginosa,0.4801280776172684
256.0,Rhodotorula mucilaginosa,0.4801280776172684
256.0,Rhodotorula mucilaginosa,0.4801280776172684
256.0,Rhodotorula mucilaginosa,0.4801280776172684
256.0,Rhodotorula mucilaginosa,0.3693269871525306
256.0,Rhodotorula mucilaginosa,0.42094127448576346
256.0,Rhodotorula mucilaginosa,1.8516083727286639
256.0,Rhodotorula mucilaginosa,1.8516083727286639
256.0,Rhodotorula mucilaginosa,1.8516083727286639
256.0,Rhodotorula mucilaginosa,1.8516083727286639
256.0,Rhodotorula mucilaginosa,1.8516083727286639
256.0,Rhodotorula mucilaginosa,0.33397785604614405
256.0,Rhodotorula mucilaginosa,0.3309925470278327
256.0,Rhodotorula mucilaginosa,0.6345827928840536
256.0,Rhodotorula mucilaginosa,0.6345827928840536
256.0,Rhodotorula mucilaginosa,0.6345827928840536
256.0,Rhodotorula mucilaginosa,0.6345827928840536
256.0,Rhodotorula mucilaginosa,0.6345827928840536
256.0,Rhodotorula mucilaginosa,0.33046198805997984
256.0,Rhodotorula mucilaginosa,0.3396163168355311
256.0,Rhodotorula mucilaginosa,0.6738155467849917
256.0,Rhodotorula mucilaginosa,0.6738155467849917
256.0,Rhodotorula mucilaginosa,0.6738155467849917
256.0,Rhodotorula mucilaginosa,0.6738155467849917
256.0,Rhodotorula mucilaginosa,0.6738155467849917
257.0,Rhodotorula mucilaginosa,0.35864106837953796
257.0,Rhodotorula mucilaginosa,0.3474863940996176
257.0,Rhodotorula mucilaginosa,0.6685446708277044
257.0,Rhodotorula mucilaginosa,0.6685446708277044
257.0,Rhodotorula mucilaginosa,0.6685446708277044
257.0,Rhodotorula mucilaginosa,0.6685446708277044
257.0,Rhodotorula mucilaginosa,0.6685446708277044
257.0,Rhodotorula mucilaginosa,0.4260313282687417
257.0,Rhodotorula mucilaginosa,0.43388707284620176
257.0,Rhodotorula mucilaginosa,0.5666712082137477
257.0,Rhodotorula mucilaginosa,0.5666712082137477
257.0,Rhodotorula mucilaginosa,0.5666712082137477
257.0,Rhodotorula mucilaginosa,0.5666712082137477
257.0,Rhodotorula mucilaginosa,0.5666712082137477
257.0,Rhodotorula mucilaginosa,0.3295240292423338
257.0,Rhodotorula mucilaginosa,0.39981987034244265
257.0,Rhodotorula mucilaginosa,0.8284348908983855
257.0,Rhodotorula mucilaginosa,0.8284348908983855
257.0,Rhodotorula mucilaginosa,0.8284348908983855
257.0,Rhodotorula mucilaginosa,0.8284348908983855
257.0,Rhodotorula mucilaginosa,0.8284348908983855
257.0,Rhodotorula mucilaginosa,0.36865479616538405
257.0,Rhodotorula mucilaginosa,0.37115475180484864
257.0,Rhodotorula mucilaginosa,0.6614544116916155
257.0,Rhodotorula mucilaginosa,0.6614544116916155
257.0,Rhodotorula mucilaginosa,0.6614544116916155
257.0,Rhodotorula mucilaginosa,0.6614544116916155
257.0,Rhodotorula mucilaginosa,0.6614544116916155
258.0,Rhodotorula mucilaginosa,0.38521436371319834
258.0,Rhodotorula mucilaginosa,0.3941169312568557
258.0,Rhodotorula mucilaginosa,0.5960036261169529
258.0,Rhodotorula mucilaginosa,0.5960036261169529
258.0,Rhodotorula mucilaginosa,0.5960036261169529
258.0,Rhodotorula mucilaginosa,0.5960036261169529
258.0,Rhodotorula mucilaginosa,0.5960036261169529
258.0,Rhodotorula mucilaginosa,0.3361434557499815
258.0,Rhodotorula mucilaginosa,0.3361434557499815
258.0,Rhodotorula mucilaginosa,0.306224937503144
258.0,Rhodotorula mucilaginosa,0.306224937503144
258.0,Rhodotorula mucilaginosa,0.306224937503144
258.0,Rhodotorula mucilaginosa,0.306224937503144
258.0,Rhodotorula mucilaginosa,0.3761152596205544
258.0,Rhodotorula mucilaginosa,0.3446258589837335
258.0,Rhodotorula mucilaginosa,0.1608437505132832
258.0,Rhodotorula mucilaginosa,0.1608437505132832
258.0,Rhodotorula mucilaginosa,0.1608437505132832
258.0,Rhodotorula mucilaginosa,0.1608437505132832
258.0,Rhodotorula mucilaginosa,0.1608437505132832
258.0,Rhodotorula mucilaginosa,0.3909482158524
258.0,Rhodotorula mucilaginosa,0.40425570912534053
258.0,Rhodotorula mucilaginosa,1.1450501271058988
258.0,Rhodotorula mucilaginosa,1.1450501271058988
258.0,Rhodotorula mucilaginosa,1.1450501271058988
258.0,Rhodotorula mucilaginosa,1.1450501271058988
258.0,Rhodotorula mucilaginosa,1.1450501271058988
259.0,,0.35993193840495935
259.0,,0.6296409885450742
259.0,,0.6296409885450742
259.0,,0.6296409885450742
259.0,,0.6296409885450742
259.0,,0.3360515749017286
259.0,,0.3835842960624176
259.0,,0.36639618350627445
259.0,,0.36639618350627445
259.0,,0.36639618350627445
259.0,,0.36639618350627445
259.0,,0.36639618350627445
259.0,,0.4063649608128002
259.0,,0.43868431326834395
259.0,,0.6779110151458676
259.0,,0.48922515850536274
259.0,,0.6779110151458676
259.0,,0.6779110151458676
260.0,,0.343548921760627
260.0,,0.3553371858151811
260.0,,0.6250655209354588
260.0,,0.6250655209354588
260.0,,0.6250655209354588
260.0,,0.6250655209354588
260.0,,0.6250655209354588
260.0,,0.44147398328684334
260.0,,0.4209714036527221
260.0,,0.41876939267201263
260.0,,0.41876939267201263
260.0,,0.41876939267201263
260.0,,0.41876939267201263
260.0,,0.41876939267201263
260.0,,0.3881969019517937
260.0,,0.4133160618812802
260.0,,0.3384906866684154
260.0,,0.3384906866684154
260.0,,0.3384906866684154
260.0,,0.3384906866684154
260.0,,0.3384906866684154
260.0,,0.2992842029951034
260.0,,0.2715663316762458
260.0,,0.12494508018245354
260.0,,0.4482723026418659
260.0,,0.12494508018245354
260.0,,0.12494508018245354
260.0,,0.12494508018245354
261.0,Rhodotorula sphaerocarpa,0.4860398048547752
261.0,Rhodotorula sphaerocarpa,0.4860398048547752
261.0,Rhodotorula sphaerocarpa,1.0253359100117914
261.0,Rhodotorula sphaerocarpa,1.0253359100117914
261.0,Rhodotorula sphaerocarpa,1.0253359100117914
261.0,Rhodotorula sphaerocarpa,1.0253359100117914
261.0,Rhodotorula sphaerocarpa,1.0253359100117914
261.0,Rhodotorula sphaerocarpa,0.34270208327805385
261.0,Rhodotorula sphaerocarpa,0.34270208327805385
261.0,Rhodotorula sphaerocarpa,1.122715089836449
261.0,Rhodotorula sphaerocarpa,1.0844944785632489
261.0,Rhodotorula sphaerocarpa,1.0844944785632489
261.0,Rhodotorula sphaerocarpa,1.122715089836449
261.0,Rhodotorula sphaerocarpa,1.122715089836449
261.0,Rhodotorula sphaerocarpa,0.678010830307042
261.0,Rhodotorula sphaerocarpa,0.48002520517234704
261.0,Rhodotorula sphaerocarpa,0.21695017429398566
261.0,Rhodotorula sphaerocarpa,0.28908746856982903
261.0,Rhodotorula sphaerocarpa,0.21695017429398566
261.0,Rhodotorula sphaerocarpa,0.21695017429398566
261.0,Rhodotorula sphaerocarpa,0.21695017429398566
261.0,Rhodotorula sphaerocarpa,0.4951894657966412
261.0,Rhodotorula sphaerocarpa,0.4951894657966412
261.0,Rhodotorula sphaerocarpa,0.649699702302927
261.0,Rhodotorula sphaerocarpa,0.649699702302927
261.0,Rhodotorula sphaerocarpa,0.649699702302927
262.0,Rhodotorula mucilaginosa,0.3829032958303379
262.0,Rhodotorula mucilaginosa,0.406950190084458
262.0,Rhodotorula mucilaginosa,1.4235869086672885
262.0,Rhodotorula mucilaginosa,1.4235869086672885
262.0,Rhodotorula mucilaginosa,1.4235869086672885
262.0,Rhodotorula mucilaginosa,1.4235869086672885
262.0,Rhodotorula mucilaginosa,1.4235869086672885
262.0,Rhodotorula mucilaginosa,0.34285768511685427
262.0,Rhodotorula mucilaginosa,0.2885664943985918
262.0,Rhodotorula mucilaginosa,0.44214876758502536
262.0,Rhodotorula mucilaginosa,0.44214876758502536
262.0,Rhodotorula mucilaginosa,0.44214876758502536
262.0,Rhodotorula mucilaginosa,0.44214876758502536
262.0,Rhodotorula mucilaginosa,0.44214876758502536
262.0,Rhodotorula mucilaginosa,0.32393615258308994
262.0,Rhodotorula mucilaginosa,0.37082601920263275
262.0,Rhodotorula mucilaginosa,0.47221305339594527
262.0,Rhodotorula mucilaginosa,0.47221305339594527
262.0,Rhodotorula mucilaginosa,0.47221305339594527
262.0,Rhodotorula mucilaginosa,0.47221305339594527
262.0,Rhodotorula mucilaginosa,0.47221305339594527
263.0,Rhodotorula mucilaginosa,0.37041418873993126
263.0,Rhodotorula mucilaginosa,0.38722135633455645
263.0,Rhodotorula mucilaginosa,1.8585008131855825
263.0,Rhodotorula mucilaginosa,1.8585008131855825
263.0,Rhodotorula mucilaginosa,1.8585008131855825
263.0,Rhodotorula mucilaginosa,1.8585008131855825
263.0,Rhodotorula mucilaginosa,1.8585008131855825
263.0,Rhodotorula mucilaginosa,0.38941715633791635
263.0,Rhodotorula mucilaginosa,0.3551939509141387
263.0,Rhodotorula mucilaginosa,0.3061165617730064
263.0,Rhodotorula mucilaginosa,0.3061165617730064
263.0,Rhodotorula mucilaginosa,0.3061165617730064
263.0,Rhodotorula mucilaginosa,0.3061165617730064
263.0,Rhodotorula mucilaginosa,0.3061165617730064
263.0,Rhodotorula mucilaginosa,0.32254577921971817
263.0,Rhodotorula mucilaginosa,0.3837964943376088
263.0,Rhodotorula mucilaginosa,0.6916759604685161
263.0,Rhodotorula mucilaginosa,0.6916759604685161
263.0,Rhodotorula mucilaginosa,0.6916759604685161
263.0,Rhodotorula mucilaginosa,0.748083265660917
263.0,Rhodotorula mucilaginosa,0.6916759604685161
263.0,Rhodotorula mucilaginosa,0.4508395983283656
263.0,Rhodotorula mucilaginosa,0.4508395983283656
263.0,Rhodotorula mucilaginosa,0.29081596996758635
263.0,Rhodotorula mucilaginosa,0.29081596996758635
263.0,Rhodotorula mucilaginosa,0.29081596996758635
264.0,Rhodotorula mucilaginosa,-0.08735531120257069
264.0,Rhodotorula mucilaginosa,0.3684091969047439
264.0,Rhodotorula mucilaginosa,-0.08735531120257069
264.0,Rhodotorula mucilaginosa,-0.08735531120257069
264.0,Rhodotorula mucilaginosa,0.19745950329532072
264.0,Rhodotorula mucilaginosa,-0.08735531120257069
264.0,Rhodotorula mucilaginosa,-0.08735531120257069
264.0,Rhodotorula mucilaginosa,0.3083618307736182
264.0,Rhodotorula mucilaginosa,0.34318989243459536
264.0,Rhodotorula mucilaginosa,0.7151390772083164
264.0,Rhodotorula mucilaginosa,0.7151390772083164
264.0,Rhodotorula mucilaginosa,0.7151390772083164
264.0,Rhodotorula mucilaginosa,0.7151390772083164
264.0,Rhodotorula mucilaginosa,0.6999062857556594
264.0,Rhodotorula mucilaginosa,0.4276500470736966
264.0,Rhodotorula mucilaginosa,0.4276500470736966
264.0,Rhodotorula mucilaginosa,0.4516769327065175
264.0,Rhodotorula mucilaginosa,0.4516769327065175
264.0,Rhodotorula mucilaginosa,0.4516769327065175
264.0,Rhodotorula mucilaginosa,0.4516769327065175
264.0,Rhodotorula mucilaginosa,0.4516769327065175
264.0,Rhodotorula mucilaginosa,0.39217895114060847
264.0,Rhodotorula mucilaginosa,0.39345161120796474
264.0,Rhodotorula mucilaginosa,0.37281219566429297
264.0,Rhodotorula mucilaginosa,0.37281219566429297
264.0,Rhodotorula mucilaginosa,0.37281219566429297
264.0,Rhodotorula mucilaginosa,0.37281219566429297
264.0,Rhodotorula mucilaginosa,0.37281219566429297
265.0,Rhodotorula mucilaginosa,0.37520867008330233
265.0,Rhodotorula mucilaginosa,0.3944437878392035
265.0,Rhodotorula mucilaginosa,0.6226680461077491
265.0,Rhodotorula mucilaginosa,0.6226680461077491
265.0,Rhodotorula mucilaginosa,0.6226680461077491
265.0,Rhodotorula mucilaginosa,0.6226680461077491
265.0,Rhodotorula mucilaginosa,0.6226680461077491
265.0,Rhodotorula mucilaginosa,0.4193522312818217
265.0,Rhodotorula mucilaginosa,0.4193522312818217
265.0,Rhodotorula mucilaginosa,0.4170475515117288
265.0,Rhodotorula mucilaginosa,0.4170475515117288
265.0,Rhodotorula mucilaginosa,0.4170475515117288
265.0,Rhodotorula mucilaginosa,0.4170475515117288
265.0,Rhodotorula mucilaginosa,0.4170475515117288
265.0,Rhodotorula mucilaginosa,0.35757857593460324
265.0,Rhodotorula mucilaginosa,0.35757857593460324
265.0,Rhodotorula mucilaginosa,0.3444138342940773
265.0,Rhodotorula mucilaginosa,0.3444138342940773
265.0,Rhodotorula mucilaginosa,0.3444138342940773
265.0,Rhodotorula mucilaginosa,0.3444138342940773
265.0,Rhodotorula mucilaginosa,0.3444138342940773
265.0,Rhodotorula mucilaginosa,0.31677986558222543
265.0,Rhodotorula mucilaginosa,0.3635664647114699
265.0,Rhodotorula mucilaginosa,0.5707156963698456
265.0,Rhodotorula mucilaginosa,1.035733639073774
265.0,Rhodotorula mucilaginosa,1.035733639073774
265.0,Rhodotorula mucilaginosa,0.5707156963698456
265.0,Rhodotorula mucilaginosa,0.5707156963698456
266.0,Rhodotorula sp. clade I,0.39594174147246586
266.0,Rhodotorula sp. clade I,0.4290647908067961
266.0,Rhodotorula sp. clade I,0.36889710285589233
266.0,Rhodotorula sp. clade I,0.36889710285589233
266.0,Rhodotorula sp. clade I,0.36889710285589233
266.0,Rhodotorula sp. clade I,0.30020419603146387
266.0,Rhodotorula sp. clade I,0.36889710285589233
266.0,Rhodotorula sp. clade I,0.3557907666085378
266.0,Rhodotorula sp. clade I,0.3557907666085378
266.0,Rhodotorula sp. clade I,0.418243904580204
266.0,Rhodotorula sp. clade I,0.418243904580204
266.0,Rhodotorula sp. clade I,0.418243904580204
266.0,Rhodotorula sp. clade I,0.418243904580204
266.0,Rhodotorula sp. clade I,0.418243904580204
266.0,Rhodotorula sp. clade I,0.28838292833558254
266.0,Rhodotorula sp. clade I,0.30359778422710126
266.0,Rhodotorula sp. clade I,0.385355652759205
266.0,Rhodotorula sp. clade I,0.385355652759205
266.0,Rhodotorula sp. clade I,0.385355652759205
266.0,Rhodotorula sp. clade I,0.385355652759205
266.0,Rhodotorula sp. clade I,0.385355652759205
266.0,Rhodotorula sp. clade I,0.45248881625758364
266.0,Rhodotorula sp. clade I,0.45248881625758364
266.0,Rhodotorula sp. clade I,0.28024194765412697
266.0,Rhodotorula sp. clade I,0.28024194765412697
266.0,Rhodotorula sp. clade I,0.28024194765412697
266.0,Rhodotorula sp. clade I,0.28024194765412697
266.0,Rhodotorula sp. clade I,0.28024194765412697
267.0,Rhodotorula mucilaginosa,-0.12949042794800755
267.0,Rhodotorula mucilaginosa,-0.17423311104487693
267.0,Rhodotorula mucilaginosa,-0.17423311104487693
267.0,Rhodotorula mucilaginosa,-0.17423311104487693
267.0,Rhodotorula mucilaginosa,-0.17423311104487693
267.0,Rhodotorula mucilaginosa,-0.17423311104487693
267.0,Rhodotorula mucilaginosa,0.48972003251457513
267.0,Rhodotorula mucilaginosa,0.0939337966116444
267.0,Rhodotorula mucilaginosa,0.4032068788782192
267.0,Rhodotorula mucilaginosa,0.4194328051489829
267.0,Rhodotorula mucilaginosa,0.4194328051489829
267.0,Rhodotorula mucilaginosa,0.4194328051489829
267.0,Rhodotorula mucilaginosa,0.4194328051489829
267.0,Rhodotorula mucilaginosa,0.4194328051489829
267.0,Rhodotorula mucilaginosa,0.36206582157116496
267.0,Rhodotorula mucilaginosa,0.4160901919826081
267.0,Rhodotorula mucilaginosa,0.2077946734014711
267.0,Rhodotorula mucilaginosa,0.2077946734014711
267.0,Rhodotorula mucilaginosa,0.2077946734014711
267.0,Rhodotorula mucilaginosa,0.2077946734014711
268.0,Rhodotorula mucilaginosa,0.3470113328734805
268.0,Rhodotorula mucilaginosa,0.3889868549626231
268.0,Rhodotorula mucilaginosa,0.37451021274437113
268.0,Rhodotorula mucilaginosa,0.37451021274437113
268.0,Rhodotorula mucilaginosa,0.37451021274437113
268.0,Rhodotorula mucilaginosa,0.37451021274437113
268.0,Rhodotorula mucilaginosa,0.37451021274437113
268.0,Rhodotorula mucilaginosa,0.3536919973542942
268.0,Rhodotorula mucilaginosa,0.3488041246644001
268.0,Rhodotorula mucilaginosa,0.19793534645090458
268.0,Rhodotorula mucilaginosa,0.19793534645090458
268.0,Rhodotorula mucilaginosa,0.19793534645090458
268.0,Rhodotorula mucilaginosa,0.19793534645090458
268.0,Rhodotorula mucilaginosa,0.4055138799399529
268.0,Rhodotorula mucilaginosa,0.40856265378249274
268.0,Rhodotorula mucilaginosa,0.2992519638491574
268.0,Rhodotorula mucilaginosa,0.2992519638491574
268.0,Rhodotorula mucilaginosa,0.4858684595995934
268.0,Rhodotorula mucilaginosa,0.2992519638491574
268.0,Rhodotorula mucilaginosa,0.2992519638491574
268.0,Rhodotorula mucilaginosa,0.4206427421838288
268.0,Rhodotorula mucilaginosa,0.13870795952083384
268.0,Rhodotorula mucilaginosa,0.6072514418763943
268.0,Rhodotorula mucilaginosa,0.13870795952083384
269.0,,0.41762482003262524
269.0,,0.4553593199612732
269.0,,0.29152388151481645
269.0,,0.29152388151481645
269.0,,0.29152388151481645
269.0,,0.29152388151481645
269.0,,0.29152388151481645
269.0,,0.29205605070791407
269.0,,0.31134694960233467
269.0,,0.5510925717772807
269.0,,0.5510925717772807
269.0,,0.5510925717772807
269.0,,0.5510925717772807
269.0,,0.5510925717772807
269.0,,0.33427203648948833
269.0,,0.33427203648948833
269.0,,0.35925076577923853
269.0,,0.35925076577923853
269.0,,0.35925076577923853
269.0,,0.35925076577923853
269.0,,0.35925076577923853
269.0,,-0.637918767478233
269.0,,0.7059554685584185
269.0,,0.7059554685584185
269.0,,0.21501260768631408
270.0,Rhodotorula diobovata,0.48332971352515486
270.0,Rhodotorula diobovata,0.5205970255934358
270.0,Rhodotorula diobovata,0.19862970285108197
270.0,Rhodotorula diobovata,0.19862970285108197
270.0,Rhodotorula diobovata,0.19862970285108197
270.0,Rhodotorula diobovata,0.19862970285108197
270.0,Rhodotorula diobovata,0.19862970285108197
270.0,Rhodotorula diobovata,0.5288146048605811
270.0,Rhodotorula diobovata,0.44431089941936935
270.0,Rhodotorula diobovata,0.26813138756991584
270.0,Rhodotorula diobovata,0.26813138756991584
270.0,Rhodotorula diobovata,0.26813138756991584
270.0,Rhodotorula diobovata,0.26813138756991584
270.0,Rhodotorula diobovata,0.26813138756991584
270.0,Rhodotorula diobovata,0.37114147988195273
270.0,Rhodotorula diobovata,0.23400418567992984
270.0,Rhodotorula diobovata,0.42546151825551
270.0,Rhodotorula diobovata,0.23400418567992984
270.0,Rhodotorula diobovata,0.23400418567992984
270.0,Rhodotorula diobovata,0.23400418567992984
270.0,Rhodotorula diobovata,0.24538270518718644
270.0,Rhodotorula diobovata,0.13785064182045204
270.0,Rhodotorula diobovata,0.13785064182045204
270.0,Rhodotorula diobovata,0.13785064182045204
270.0,Rhodotorula diobovata,0.13785064182045204
270.0,Rhodotorula diobovata,0.13785064182045204
271.0,Rhodotorula mucilaginosa,0.5368233944193552
271.0,Rhodotorula mucilaginosa,0.472730410642101
271.0,Rhodotorula mucilaginosa,0.3939596524255974
271.0,Rhodotorula mucilaginosa,0.3939596524255974
271.0,Rhodotorula mucilaginosa,0.11595977467057703
271.0,Rhodotorula mucilaginosa,0.5168330128109863
271.0,Rhodotorula mucilaginosa,0.11595977467057703
271.0,Rhodotorula mucilaginosa,0.4615438145535014
271.0,Rhodotorula mucilaginosa,0.4615438145535014
271.0,Rhodotorula mucilaginosa,0.1793013522917674
271.0,Rhodotorula mucilaginosa,0.49486877830593273
271.0,Rhodotorula mucilaginosa,0.1793013522917674
271.0,Rhodotorula mucilaginosa,0.1793013522917674
271.0,Rhodotorula mucilaginosa,0.1793013522917674
271.0,Rhodotorula mucilaginosa,0.40594049386890735
271.0,Rhodotorula mucilaginosa,0.3712414318935755
271.0,Rhodotorula mucilaginosa,0.3498931662703215
271.0,Rhodotorula mucilaginosa,0.5552179174743331
271.0,Rhodotorula mucilaginosa,0.3498931662703215
271.0,Rhodotorula mucilaginosa,0.3498931662703215
271.0,Rhodotorula mucilaginosa,0.3498931662703215
271.0,Rhodotorula mucilaginosa,0.4811476988247775
271.0,Rhodotorula mucilaginosa,0.4323703124907166
271.0,Rhodotorula mucilaginosa,0.2102507526174728
271.0,Rhodotorula mucilaginosa,0.2102507526174728
271.0,Rhodotorula mucilaginosa,0.2102507526174728
272.0,Rhodotorula mucilaginosa,0.3515181980064654
272.0,Rhodotorula mucilaginosa,0.34867610244518754
272.0,Rhodotorula mucilaginosa,0.33393716563385206
272.0,Rhodotorula mucilaginosa,0.5042508156977541
272.0,Rhodotorula mucilaginosa,0.33393716563385206
272.0,Rhodotorula mucilaginosa,0.33393716563385206
272.0,Rhodotorula mucilaginosa,0.5042508156977541
272.0,Rhodotorula mucilaginosa,0.4871137619750686
272.0,Rhodotorula mucilaginosa,0.5051808590753808
272.0,Rhodotorula mucilaginosa,0.3186680132366209
272.0,Rhodotorula mucilaginosa,0.3186680132366209
272.0,Rhodotorula mucilaginosa,0.3186680132366209
272.0,Rhodotorula mucilaginosa,0.8918114187018543
272.0,Rhodotorula mucilaginosa,0.3186680132366209
272.0,Rhodotorula mucilaginosa,0.40983129638863786
272.0,Rhodotorula mucilaginosa,0.42518420388284106
272.0,Rhodotorula mucilaginosa,0.22295790066973678
272.0,Rhodotorula mucilaginosa,0.3726453549972544
272.0,Rhodotorula mucilaginosa,0.22295790066973678
272.0,Rhodotorula mucilaginosa,0.22295790066973678
272.0,Rhodotorula mucilaginosa,0.22295790066973678
272.0,Rhodotorula mucilaginosa,0.3784911757604858
272.0,Rhodotorula mucilaginosa,0.3704159944572697
272.0,Rhodotorula mucilaginosa,0.6231952471253052
273.0,Rhodotorula toruloides,0.4562030855477155
273.0,Rhodotorula toruloides,0.4274854521667506
273.0,Rhodotorula toruloides,0.18543468962780307
273.0,Rhodotorula toruloides,0.18543468962780307
273.0,Rhodotorula toruloides,0.18543468962780307
273.0,Rhodotorula toruloides,0.18543468962780307
273.0,Rhodotorula toruloides,0.18543468962780307
273.0,Rhodotorula toruloides,0.3816514107921931
273.0,Rhodotorula toruloides,0.3816514107921931
273.0,Rhodotorula toruloides,0.442831675172383
273.0,Rhodotorula toruloides,0.442831675172383
273.0,Rhodotorula toruloides,0.442831675172383
273.0,Rhodotorula toruloides,0.442831675172383
273.0,Rhodotorula toruloides,0.442831675172383
273.0,Rhodotorula toruloides,0.37843032662153037
273.0,Rhodotorula toruloides,0.37843032662153037
273.0,Rhodotorula toruloides,0.40771710531401867
273.0,Rhodotorula toruloides,0.8293351530086199
273.0,Rhodotorula toruloides,0.40771710531401867
273.0,Rhodotorula toruloides,0.40771710531401867
273.0,Rhodotorula toruloides,0.40771710531401867
273.0,Rhodotorula toruloides,0.401174534998679
273.0,Rhodotorula toruloides,0.401174534998679
273.0,Rhodotorula toruloides,0.8615806121570013
273.0,Rhodotorula toruloides,1.0595452647271748
273.0,Rhodotorula toruloides,0.8615806121570013
273.0,Rhodotorula toruloides,0.8615806121570013
273.0,Rhodotorula toruloides,0.8615806121570013
274.0,Rhodotorula mucilaginosa,0.25350440133320723
274.0,Rhodotorula mucilaginosa,0.3129075637501501
274.0,Rhodotorula mucilaginosa,0.2931799506531462
274.0,Rhodotorula mucilaginosa,0.3129075637501501
274.0,Rhodotorula mucilaginosa,0.3129075637501501
274.0,Rhodotorula mucilaginosa,0.2931799506531462
274.0,Rhodotorula mucilaginosa,0.33635927745500754
274.0,Rhodotorula mucilaginosa,0.2098482232649743
274.0,Rhodotorula mucilaginosa,0.2134219588564433
274.0,Rhodotorula mucilaginosa,0.2134219588564433
274.0,Rhodotorula mucilaginosa,0.2134219588564433
274.0,Rhodotorula mucilaginosa,0.2134219588564433
274.0,Rhodotorula mucilaginosa,0.35268770914014846
274.0,Rhodotorula mucilaginosa,0.3561855991900805
274.0,Rhodotorula mucilaginosa,0.3561855991900805
274.0,Rhodotorula mucilaginosa,0.3561855991900805
275.0,Cystobasidium sp.,0.3183746221407753
275.0,Cystobasidium sp.,0.12612262846091424
275.0,Cystobasidium sp.,0.12612262846091424
275.0,Cystobasidium sp.,0.12612262846091424
275.0,Cystobasidium sp.,0.12612262846091424
275.0,Cystobasidium sp.,0.12612262846091424
275.0,Cystobasidium sp.,0.3432960683305004
275.0,Cystobasidium sp.,0.35884408123661815
275.0,Cystobasidium sp.,0.35884408123661815
275.0,Cystobasidium sp.,0.35884408123661815
275.0,Cystobasidium sp.,0.35884408123661815
275.0,Cystobasidium sp.,0.35884408123661815
276.0,Rhodotorula mucilaginosa,0.3577585535277538
276.0,Rhodotorula mucilaginosa,0.36416824636183354
276.0,Rhodotorula mucilaginosa,0.4115207613764707
276.0,Rhodotorula mucilaginosa,0.4115207613764707
276.0,Rhodotorula mucilaginosa,0.4115207613764707
276.0,Rhodotorula mucilaginosa,0.4115207613764707
276.0,Rhodotorula mucilaginosa,0.4115207613764707
276.0,Rhodotorula mucilaginosa,0.3092853249478731
276.0,Rhodotorula mucilaginosa,0.351189883371908
276.0,Rhodotorula mucilaginosa,0.4436969587178862
276.0,Rhodotorula mucilaginosa,0.4436969587178862
276.0,Rhodotorula mucilaginosa,0.4436969587178862
276.0,Rhodotorula mucilaginosa,0.32365534362370235
276.0,Rhodotorula mucilaginosa,0.35239309438226735
276.0,Rhodotorula mucilaginosa,0.5271414210357598
276.0,Rhodotorula mucilaginosa,0.5271414210357598
276.0,Rhodotorula mucilaginosa,0.5271414210357598
276.0,Rhodotorula mucilaginosa,0.5271414210357598
276.0,Rhodotorula mucilaginosa,0.5271414210357598
276.0,Rhodotorula mucilaginosa,0.2836992257566921
276.0,Rhodotorula mucilaginosa,0.33874399954332707
276.0,Rhodotorula mucilaginosa,0.7057398006326167
276.0,Rhodotorula mucilaginosa,0.7057398006326167
276.0,Rhodotorula mucilaginosa,0.7057398006326167
276.0,Rhodotorula mucilaginosa,0.7057398006326167
276.0,Rhodotorula mucilaginosa,0.7057398006326167
277.0,Rhodotorula mucilaginosa,0.7091036489613349
277.0,Rhodotorula mucilaginosa,1.0304573485201545
277.0,Rhodotorula mucilaginosa,0.26003818950096547
277.0,Rhodotorula mucilaginosa,0.26003818950096547
277.0,Rhodotorula mucilaginosa,0.26003818950096547
277.0,Rhodotorula mucilaginosa,0.26003818950096547
277.0,Rhodotorula mucilaginosa,0.26003818950096547
277.0,Rhodotorula mucilaginosa,0.5458634870883226
277.0,Rhodotorula mucilaginosa,0.4750601589188696
277.0,Rhodotorula mucilaginosa,0.26791082612028405
277.0,Rhodotorula mucilaginosa,0.26791082612028405
277.0,Rhodotorula mucilaginosa,0.26791082612028405
277.0,Rhodotorula mucilaginosa,0.26791082612028405
277.0,Rhodotorula mucilaginosa,0.588974464392257
277.0,Rhodotorula mucilaginosa,0.518314728717081
277.0,Rhodotorula mucilaginosa,0.518314728717081
277.0,Rhodotorula mucilaginosa,0.518314728717081
277.0,Rhodotorula mucilaginosa,0.518314728717081
277.0,Rhodotorula mucilaginosa,0.518314728717081
277.0,Rhodotorula mucilaginosa,0.5649818609017698
277.0,Rhodotorula mucilaginosa,0.8731226739042858
277.0,Rhodotorula mucilaginosa,0.8731226739042858
277.0,Rhodotorula mucilaginosa,0.8731226739042858
277.0,Rhodotorula mucilaginosa,0.8731226739042858
277.0,Rhodotorula mucilaginosa,0.8731226739042858
278.0,Rhodotorula sphaerocarpa,0.5679846548238838
278.0,Rhodotorula sphaerocarpa,0.5679846548238838
278.0,Rhodotorula sphaerocarpa,0.4540302128307654
278.0,Rhodotorula sphaerocarpa,0.3878915466641641
278.0,Rhodotorula sphaerocarpa,0.4540302128307654
278.0,Rhodotorula sphaerocarpa,0.4540302128307654
278.0,Rhodotorula sphaerocarpa,0.4540302128307654
278.0,Rhodotorula sphaerocarpa,0.5708181439222936
278.0,Rhodotorula sphaerocarpa,0.40428608609163086
278.0,Rhodotorula sphaerocarpa,0.40757622592088105
278.0,Rhodotorula sphaerocarpa,0.40757622592088105
278.0,Rhodotorula sphaerocarpa,0.40757622592088105
278.0,Rhodotorula sphaerocarpa,0.40757622592088105
278.0,Rhodotorula sphaerocarpa,0.40757622592088105
278.0,Rhodotorula sphaerocarpa,0.4262571603771103
278.0,Rhodotorula sphaerocarpa,0.4262571603771103
278.0,Rhodotorula sphaerocarpa,0.8127049493205644
278.0,Rhodotorula sphaerocarpa,0.8127049493205644
278.0,Rhodotorula sphaerocarpa,0.8127049493205644
278.0,Rhodotorula sphaerocarpa,0.8127049493205644
278.0,Rhodotorula sphaerocarpa,0.8127049493205644
279.0,Rhodotorula mucilaginosa,0.24158123643769036
279.0,Rhodotorula mucilaginosa,0.27550189493327715
279.0,Rhodotorula mucilaginosa,0.30348697047334616
279.0,Rhodotorula mucilaginosa,0.30348697047334616
279.0,Rhodotorula mucilaginosa,0.30348697047334616
279.0,Rhodotorula mucilaginosa,0.30348697047334616
279.0,Rhodotorula mucilaginosa,0.30348697047334616
279.0,Rhodotorula mucilaginosa,0.3239588951754826
279.0,Rhodotorula mucilaginosa,0.4200438548396909
279.0,Rhodotorula mucilaginosa,0.32612895131464303
279.0,Rhodotorula mucilaginosa,0.32612895131464303
279.0,Rhodotorula mucilaginosa,0.32612895131464303
279.0,Rhodotorula mucilaginosa,0.32612895131464303
279.0,Rhodotorula mucilaginosa,0.32612895131464303
279.0,Rhodotorula mucilaginosa,0.2934282214535332
279.0,Rhodotorula mucilaginosa,0.2975542651646994
279.0,Rhodotorula mucilaginosa,0.3847247687858015
279.0,Rhodotorula mucilaginosa,0.28054968365685234
279.0,Rhodotorula mucilaginosa,0.3847247687858015
279.0,Rhodotorula mucilaginosa,0.3847247687858015
279.0,Rhodotorula mucilaginosa,0.3847247687858015
279.0,Rhodotorula mucilaginosa,0.3405070324719865
279.0,Rhodotorula mucilaginosa,0.3174322261440965
279.0,Rhodotorula mucilaginosa,0.2202600305628363
279.0,Rhodotorula mucilaginosa,0.2202600305628363
279.0,Rhodotorula mucilaginosa,0.2202600305628363
279.0,Rhodotorula mucilaginosa,0.2202600305628363
279.0,Rhodotorula mucilaginosa,0.2202600305628363
280.0,Rhodotorula mucilaginosa,0.26897966832538767
280.0,Rhodotorula mucilaginosa,0.4046317117238988
280.0,Rhodotorula mucilaginosa,0.8191961756600884
280.0,Rhodotorula mucilaginosa,0.7877775674279578
280.0,Rhodotorula mucilaginosa,0.7877775674279578
280.0,Rhodotorula mucilaginosa,0.8191961756600884
280.0,Rhodotorula mucilaginosa,0.8191961756600884
280.0,Rhodotorula mucilaginosa,0.49522000305710134
280.0,Rhodotorula mucilaginosa,0.49522000305710134
280.0,Rhodotorula mucilaginosa,0.2998842541084805
280.0,Rhodotorula mucilaginosa,0.2998842541084805
280.0,Rhodotorula mucilaginosa,0.2998842541084805
280.0,Rhodotorula mucilaginosa,0.2998842541084805
280.0,Rhodotorula mucilaginosa,0.2998842541084805
280.0,Rhodotorula mucilaginosa,0.37883064834298097
280.0,Rhodotorula mucilaginosa,0.38430157326661685
280.0,Rhodotorula mucilaginosa,0.3333837333686614
280.0,Rhodotorula mucilaginosa,0.3333837333686614
280.0,Rhodotorula mucilaginosa,0.3333837333686614
280.0,Rhodotorula mucilaginosa,0.3333837333686614
280.0,Rhodotorula mucilaginosa,0.3333837333686614
280.0,Rhodotorula mucilaginosa,0.3615870893478259
280.0,Rhodotorula mucilaginosa,0.34719789800804235
280.0,Rhodotorula mucilaginosa,0.42537150964611986
280.0,Rhodotorula mucilaginosa,0.42537150964611986
280.0,Rhodotorula mucilaginosa,0.5854316700577333
281.0,Rhodotorula mucilaginosa,0.4208451989466657
281.0,Rhodotorula mucilaginosa,0.3992888258758205
281.0,Rhodotorula mucilaginosa,0.5798855147818176
281.0,Rhodotorula mucilaginosa,0.5798855147818176
281.0,Rhodotorula mucilaginosa,0.5798855147818176
281.0,Rhodotorula mucilaginosa,0.5798855147818176
281.0,Rhodotorula mucilaginosa,0.5798855147818176
281.0,Rhodotorula mucilaginosa,0.31885796876496536
281.0,Rhodotorula mucilaginosa,0.3398656151749891
281.0,Rhodotorula mucilaginosa,0.7829197911840917
281.0,Rhodotorula mucilaginosa,0.30123518549525113
281.0,Rhodotorula mucilaginosa,0.30123518549525113
281.0,Rhodotorula mucilaginosa,0.30123518549525113
281.0,Rhodotorula mucilaginosa,0.283581644761073
281.0,Rhodotorula mucilaginosa,0.39359728569410257
281.0,Rhodotorula mucilaginosa,0.4469712514077478
281.0,Rhodotorula mucilaginosa,0.9094582138171409
281.0,Rhodotorula mucilaginosa,0.4469712514077478
281.0,Rhodotorula mucilaginosa,0.4469712514077478
281.0,Rhodotorula mucilaginosa,0.4469712514077478
282.0,Rhodotorula diobovata,0.6730883209076157
282.0,Rhodotorula diobovata,0.29447830026498595
282.0,Rhodotorula diobovata,0.3634329517249585
282.0,Rhodotorula diobovata,0.3634329517249585
282.0,Rhodotorula diobovata,0.29447830026498595
282.0,Rhodotorula diobovata,0.29447830026498595
282.0,Rhodotorula diobovata,0.4592539627644264
282.0,Rhodotorula diobovata,0.39696561368204814
282.0,Rhodotorula diobovata,0.39696561368204814
282.0,Rhodotorula diobovata,0.39696561368204814
282.0,Rhodotorula diobovata,0.39696561368204814
282.0,Rhodotorula diobovata,0.39696561368204814
282.0,Rhodotorula diobovata,0.3961770479150128
282.0,Rhodotorula diobovata,0.43112940717149995
282.0,Rhodotorula diobovata,0.11998445475977998
282.0,Rhodotorula diobovata,0.11998445475977998
282.0,Rhodotorula diobovata,0.11998445475977998
282.0,Rhodotorula diobovata,0.11998445475977998
282.0,Rhodotorula diobovata,0.4451576696648844
282.0,Rhodotorula diobovata,0.48684040417772845
282.0,Rhodotorula diobovata,0.48684040417772845
282.0,Rhodotorula diobovata,0.49713150556615804
282.0,Rhodotorula diobovata,0.06179568102024915
282.0,Rhodotorula diobovata,0.06179568102024915
282.0,Rhodotorula diobovata,0.06179568102024915
283.0,Rhodotorula mucilaginosa,0.28727765737812766
283.0,Rhodotorula mucilaginosa,0.31723923365632867
283.0,Rhodotorula mucilaginosa,0.4301033052848432
283.0,Rhodotorula mucilaginosa,0.4301033052848432
283.0,Rhodotorula mucilaginosa,0.4301033052848432
283.0,Rhodotorula mucilaginosa,0.4301033052848432
283.0,Rhodotorula mucilaginosa,0.468524343513669
283.0,Rhodotorula mucilaginosa,0.3609940103669967
283.0,Rhodotorula mucilaginosa,0.37916495485545576
283.0,Rhodotorula mucilaginosa,0.29265748047630086
283.0,Rhodotorula mucilaginosa,0.29265748047630086
283.0,Rhodotorula mucilaginosa,0.29265748047630086
283.0,Rhodotorula mucilaginosa,0.29265748047630086
283.0,Rhodotorula mucilaginosa,0.29265748047630086
283.0,Rhodotorula mucilaginosa,0.3712672009657812
283.0,Rhodotorula mucilaginosa,0.3851547762199217
283.0,Rhodotorula mucilaginosa,0.2291957072399051
284.0,Rhodotorula kratochvilovae,0.3969982769969852
284.0,Rhodotorula kratochvilovae,0.4282946738169074
284.0,Rhodotorula kratochvilovae,-0.006733979514775147
284.0,Rhodotorula kratochvilovae,-0.006733979514775147
284.0,Rhodotorula kratochvilovae,-0.006733979514775147
284.0,Rhodotorula kratochvilovae,0.35149083085280175
284.0,Rhodotorula kratochvilovae,0.10911714873342317
284.0,Rhodotorula kratochvilovae,0.2627964501380435
284.0,Rhodotorula kratochvilovae,0.10911714873342317
284.0,Rhodotorula kratochvilovae,0.10911714873342317
284.0,Rhodotorula kratochvilovae,0.10911714873342317
284.0,Rhodotorula kratochvilovae,0.4815096765507774
284.0,Rhodotorula kratochvilovae,0.11487489546599455
284.0,Rhodotorula kratochvilovae,0.11487489546599455
284.0,Rhodotorula kratochvilovae,0.11487489546599455
284.0,Rhodotorula kratochvilovae,0.11487489546599455
284.0,Rhodotorula kratochvilovae,0.11487489546599455
284.0,Rhodotorula kratochvilovae,0.39178668286829327
284.0,Rhodotorula kratochvilovae,-0.04453933623507323
284.0,Rhodotorula kratochvilovae,-0.04453933623507323
284.0,Rhodotorula kratochvilovae,-0.04453933623507323
284.0,Rhodotorula kratochvilovae,-0.04453933623507323
284.0,Rhodotorula kratochvilovae,-0.04453933623507323
285.0,Rhodotorula mucilaginosa,0.37707615250653276
285.0,Rhodotorula mucilaginosa,0.45179922291868274
285.0,Rhodotorula mucilaginosa,0.45805168125537643
285.0,Rhodotorula mucilaginosa,0.45805168125537643
285.0,Rhodotorula mucilaginosa,0.45805168125537643
285.0,Rhodotorula mucilaginosa,0.5111392226549147
285.0,Rhodotorula mucilaginosa,0.45805168125537643
285.0,Rhodotorula mucilaginosa,0.44461742724573694
285.0,Rhodotorula mucilaginosa,0.44461742724573694
285.0,Rhodotorula mucilaginosa,0.31062667371005204
285.0,Rhodotorula mucilaginosa,0.31062667371005204
285.0,Rhodotorula mucilaginosa,0.31062667371005204
285.0,Rhodotorula mucilaginosa,0.4202485749637516
285.0,Rhodotorula mucilaginosa,0.3940153810439927
285.0,Rhodotorula mucilaginosa,0.055657878884048405
285.0,Rhodotorula mucilaginosa,0.055657878884048405
285.0,Rhodotorula mucilaginosa,0.055657878884048405
285.0,Rhodotorula mucilaginosa,0.055657878884048405
285.0,Rhodotorula mucilaginosa,0.055657878884048405
285.0,Rhodotorula mucilaginosa,0.4291724942305946
285.0,Rhodotorula mucilaginosa,0.4291724942305946
285.0,Rhodotorula mucilaginosa,0.5719526049550773
285.0,Rhodotorula mucilaginosa,0.5719526049550773
285.0,Rhodotorula mucilaginosa,0.5719526049550773
285.0,Rhodotorula mucilaginosa,0.5719526049550773
285.0,Rhodotorula mucilaginosa,0.5719526049550773
286.0,Rhodotorula mucilaginosa,0.4196307570583918
286.0,Rhodotorula mucilaginosa,0.36457605334981735
286.0,Rhodotorula mucilaginosa,1.445446574077772
286.0,Rhodotorula mucilaginosa,1.247105507595644
286.0,Rhodotorula mucilaginosa,1.247105507595644
286.0,Rhodotorula mucilaginosa,1.445446574077772
286.0,Rhodotorula mucilaginosa,1.445446574077772
286.0,Rhodotorula mucilaginosa,0.4124331702388537
286.0,Rhodotorula mucilaginosa,0.4299780909116487
286.0,Rhodotorula mucilaginosa,0.4737727115786018
286.0,Rhodotorula mucilaginosa,0.4737727115786018
286.0,Rhodotorula mucilaginosa,0.4737727115786018
286.0,Rhodotorula mucilaginosa,0.38047772379791284
286.0,Rhodotorula mucilaginosa,0.3785808468753094
286.0,Rhodotorula mucilaginosa,0.6494960138789556
286.0,Rhodotorula mucilaginosa,0.6494960138789556
286.0,Rhodotorula mucilaginosa,0.6494960138789556
286.0,Rhodotorula mucilaginosa,0.6494960138789556
286.0,Rhodotorula mucilaginosa,0.6494960138789556
286.0,Rhodotorula mucilaginosa,0.41930775006811666
286.0,Rhodotorula mucilaginosa,0.37693503116230703
286.0,Rhodotorula mucilaginosa,0.5016968008871696
286.0,Rhodotorula mucilaginosa,0.5016968008871696
286.0,Rhodotorula mucilaginosa,0.5016968008871696
286.0,Rhodotorula mucilaginosa,0.5016968008871696
286.0,Rhodotorula mucilaginosa,0.5016968008871696
287.0,Rhodotorula toruloides,0.37163838887206935
287.0,Rhodotorula toruloides,0.07076822930064555
287.0,Rhodotorula toruloides,0.21310647394240212
287.0,Rhodotorula toruloides,0.07076822930064555
287.0,Rhodotorula toruloides,0.31217701883879057
287.0,Rhodotorula toruloides,0.11520581985538869
287.0,Rhodotorula toruloides,0.1863468392565978
287.0,Rhodotorula toruloides,0.40098978841392585
287.0,Rhodotorula toruloides,-0.10806578183727403
287.0,Rhodotorula toruloides,-0.10806578183727403
287.0,Rhodotorula toruloides,-0.10806578183727403
287.0,Rhodotorula toruloides,-0.10806578183727403
287.0,Rhodotorula toruloides,-0.10806578183727403
287.0,Rhodotorula toruloides,0.3186120118815415
287.0,Rhodotorula toruloides,-0.06700771131626554
287.0,Rhodotorula toruloides,-0.06700771131626554
287.0,Rhodotorula toruloides,-0.06700771131626554
288.0,Rhodotorula pacifica,0.31708542418551383
288.0,Rhodotorula pacifica,0.3268631096874331
288.0,Rhodotorula pacifica,1.1343954531297895
288.0,Rhodotorula pacifica,1.1343954531297895
288.0,Rhodotorula pacifica,1.000601728325865
288.0,Rhodotorula pacifica,1.1343954531297895
288.0,Rhodotorula pacifica,1.000601728325865
288.0,Rhodotorula pacifica,0.5128754684697906
288.0,Rhodotorula pacifica,0.4726261275028191
288.0,Rhodotorula pacifica,0.11571223448928904
288.0,Rhodotorula pacifica,0.11571223448928904
288.0,Rhodotorula pacifica,0.11571223448928904
288.0,Rhodotorula pacifica,0.11571223448928904
288.0,Rhodotorula pacifica,0.11571223448928904
288.0,Rhodotorula pacifica,0.3467477654363351
288.0,Rhodotorula pacifica,0.3467477654363351
288.0,Rhodotorula pacifica,0.5225889659214924
288.0,Rhodotorula pacifica,0.9117803960106152
288.0,Rhodotorula pacifica,0.9117803960106152
288.0,Rhodotorula pacifica,0.5225889659214924
288.0,Rhodotorula pacifica,0.5225889659214924
288.0,Rhodotorula pacifica,0.4954760476806138
288.0,Rhodotorula pacifica,0.43546874410395064
288.0,Rhodotorula pacifica,0.44532119397848047
288.0,Rhodotorula pacifica,0.5418043906256549
288.0,Rhodotorula pacifica,0.44532119397848047
288.0,Rhodotorula pacifica,0.44532119397848047
288.0,Rhodotorula pacifica,0.44532119397848047
289.0,Rhodotorula mucilaginosa,0.3614771409175211
289.0,Rhodotorula mucilaginosa,0.3614771409175211
289.0,Rhodotorula mucilaginosa,0.48319448166690426
289.0,Rhodotorula mucilaginosa,0.48319448166690426
289.0,Rhodotorula mucilaginosa,0.48319448166690426
289.0,Rhodotorula mucilaginosa,0.48319448166690426
289.0,Rhodotorula mucilaginosa,0.48319448166690426
289.0,Rhodotorula mucilaginosa,0.36979044023334257
289.0,Rhodotorula mucilaginosa,0.36979044023334257
289.0,Rhodotorula mucilaginosa,0.4794292287744533
289.0,Rhodotorula mucilaginosa,0.4794292287744533
289.0,Rhodotorula mucilaginosa,0.4794292287744533
289.0,Rhodotorula mucilaginosa,0.6885223885814261
289.0,Rhodotorula mucilaginosa,0.4794292287744533
289.0,Rhodotorula mucilaginosa,0.2560426705676993
289.0,Rhodotorula mucilaginosa,0.296504459966421
289.0,Rhodotorula mucilaginosa,0.9549578164769561
289.0,Rhodotorula mucilaginosa,0.9549578164769561
289.0,Rhodotorula mucilaginosa,0.4909722346774873
289.0,Rhodotorula mucilaginosa,0.5663037073397691
289.0,Rhodotorula mucilaginosa,0.34864090722872326
289.0,Rhodotorula mucilaginosa,0.34864090722872326
289.0,Rhodotorula mucilaginosa,0.34864090722872326
289.0,Rhodotorula mucilaginosa,0.34864090722872326
289.0,Rhodotorula mucilaginosa,0.34864090722872326
290.0,Rhodotorula mucilaginosa,0.3877194104524081
290.0,Rhodotorula mucilaginosa,0.3877194104524081
290.0,Rhodotorula mucilaginosa,0.356511436920971
290.0,Rhodotorula mucilaginosa,0.356511436920971
290.0,Rhodotorula mucilaginosa,0.356511436920971
290.0,Rhodotorula mucilaginosa,0.356511436920971
290.0,Rhodotorula mucilaginosa,0.356511436920971
290.0,Rhodotorula mucilaginosa,0.33033018741882586
290.0,Rhodotorula mucilaginosa,0.33114231532315797
290.0,Rhodotorula mucilaginosa,0.18787491312621674
290.0,Rhodotorula mucilaginosa,0.18787491312621674
290.0,Rhodotorula mucilaginosa,0.37068877973084274
290.0,Rhodotorula mucilaginosa,0.18787491312621674
290.0,Rhodotorula mucilaginosa,0.18787491312621674
290.0,Rhodotorula mucilaginosa,0.23608948540068111
290.0,Rhodotorula mucilaginosa,0.23608948540068111
290.0,Rhodotorula mucilaginosa,0.5318860812426095
290.0,Rhodotorula mucilaginosa,0.5318860812426095
290.0,Rhodotorula mucilaginosa,0.5318860812426095
290.0,Rhodotorula mucilaginosa,0.5318860812426095
290.0,Rhodotorula mucilaginosa,0.5318860812426095
290.0,Rhodotorula mucilaginosa,0.4462486154844449
290.0,Rhodotorula mucilaginosa,0.41032255611819657
290.0,Rhodotorula mucilaginosa,0.36942556259854614
290.0,Rhodotorula mucilaginosa,0.36942556259854614
291.0,Rhodotorula diobovata,0.3422377460974031
291.0,Rhodotorula diobovata,0.5017874455089641
291.0,Rhodotorula diobovata,0.04533691416448226
291.0,Rhodotorula diobovata,0.04533691416448226
291.0,Rhodotorula diobovata,0.04533691416448226
291.0,Rhodotorula diobovata,0.04533691416448226
291.0,Rhodotorula diobovata,0.04533691416448226
291.0,Rhodotorula diobovata,0.5168916705704596
291.0,Rhodotorula diobovata,0.06557874685833534
291.0,Rhodotorula diobovata,0.06557874685833534
291.0,Rhodotorula diobovata,0.06557874685833534
291.0,Rhodotorula diobovata,0.06557874685833534
291.0,Rhodotorula diobovata,0.06557874685833534
291.0,Rhodotorula diobovata,0.3866810919108986
291.0,Rhodotorula diobovata,0.2491829764783432
291.0,Rhodotorula diobovata,0.3813377063759084
291.0,Rhodotorula diobovata,0.2491829764783432
291.0,Rhodotorula diobovata,0.2491829764783432
291.0,Rhodotorula diobovata,0.2491829764783432
293.0,Rhodotorula mucilaginosa,0.4060023784842004
293.0,Rhodotorula mucilaginosa,0.4060023784842004
293.0,Rhodotorula mucilaginosa,0.7152443213158259
293.0,Rhodotorula mucilaginosa,0.7152443213158259
293.0,Rhodotorula mucilaginosa,0.7152443213158259
293.0,Rhodotorula mucilaginosa,0.48114297012309143
293.0,Rhodotorula mucilaginosa,0.3695172550058495
293.0,Rhodotorula mucilaginosa,0.3855345147271331
293.0,Rhodotorula mucilaginosa,0.3855345147271331
293.0,Rhodotorula mucilaginosa,0.3855345147271331
293.0,Rhodotorula mucilaginosa,0.4462971832629477
293.0,Rhodotorula mucilaginosa,0.4462971832629477
293.0,Rhodotorula mucilaginosa,0.6514394169642304
293.0,Rhodotorula mucilaginosa,0.6514394169642304
293.0,Rhodotorula mucilaginosa,0.6514394169642304
293.0,Rhodotorula mucilaginosa,0.6514394169642304
293.0,Rhodotorula mucilaginosa,0.5583995528415565
293.0,Rhodotorula mucilaginosa,0.4889362825257282
293.0,Rhodotorula mucilaginosa,0.35668289816329374
293.0,Rhodotorula mucilaginosa,0.35668289816329374
293.0,Rhodotorula mucilaginosa,0.35668289816329374
293.0,Rhodotorula mucilaginosa,0.35668289816329374
293.0,Rhodotorula mucilaginosa,0.35668289816329374
294.0,Rhodotorula graminis,0.4584452854361756
294.0,Rhodotorula graminis,0.36892156522255487
294.0,Rhodotorula graminis,0.3424042846880957
294.0,Rhodotorula graminis,0.7277717105621521
294.0,Rhodotorula graminis,0.7277717105621521
294.0,Rhodotorula graminis,0.7277717105621521
295.0,Rhodotorula mucilaginosa,0.5024791608000151
295.0,Rhodotorula mucilaginosa,0.5024791608000151
295.0,Rhodotorula mucilaginosa,0.4808326291382944
295.0,Rhodotorula mucilaginosa,0.4808326291382944
295.0,Rhodotorula mucilaginosa,0.4808326291382944
295.0,Rhodotorula mucilaginosa,0.4808326291382944
295.0,Rhodotorula mucilaginosa,0.4808326291382944
295.0,Rhodotorula mucilaginosa,0.3812845982601673
295.0,Rhodotorula mucilaginosa,0.3568783373463514
295.0,Rhodotorula mucilaginosa,0.4691658651367573
295.0,Rhodotorula mucilaginosa,0.7699013152422229
295.0,Rhodotorula mucilaginosa,0.4691658651367573
295.0,Rhodotorula mucilaginosa,0.4691658651367573
295.0,Rhodotorula mucilaginosa,0.4691658651367573
295.0,Rhodotorula mucilaginosa,0.33540134521596593
295.0,Rhodotorula mucilaginosa,0.33540134521596593
295.0,Rhodotorula mucilaginosa,0.9866691202126682
295.0,Rhodotorula mucilaginosa,0.7484781829472275
295.0,Rhodotorula mucilaginosa,0.9866691202126682
295.0,Rhodotorula mucilaginosa,0.9866691202126682
295.0,Rhodotorula mucilaginosa,0.9866691202126682
295.0,Rhodotorula mucilaginosa,0.49469762750056745
295.0,Rhodotorula mucilaginosa,0.521083551892566
295.0,Rhodotorula mucilaginosa,0.38286068495663056
295.0,Rhodotorula mucilaginosa,0.5091956174522236
295.0,Rhodotorula mucilaginosa,0.38286068495663056
295.0,Rhodotorula mucilaginosa,0.5091956174522236
295.0,Rhodotorula mucilaginosa,0.38286068495663056
296.0,Rhodotorula mucilaginosa,0.3687143222419031
296.0,Rhodotorula mucilaginosa,0.3275574354099951
296.0,Rhodotorula mucilaginosa,0.5799761891054066
296.0,Rhodotorula mucilaginosa,0.742220496322152
296.0,Rhodotorula mucilaginosa,0.5799761891054066
296.0,Rhodotorula mucilaginosa,0.5799761891054066
296.0,Rhodotorula mucilaginosa,0.5799761891054066
296.0,Rhodotorula mucilaginosa,0.4703520456900129
296.0,Rhodotorula mucilaginosa,0.4176687774884393
296.0,Rhodotorula mucilaginosa,0.26719941580741313
296.0,Rhodotorula mucilaginosa,0.26719941580741313
296.0,Rhodotorula mucilaginosa,0.26719941580741313
296.0,Rhodotorula mucilaginosa,0.26719941580741313
296.0,Rhodotorula mucilaginosa,0.26719941580741313
296.0,Rhodotorula mucilaginosa,0.3702714024976626
296.0,Rhodotorula mucilaginosa,0.4210532971337909
296.0,Rhodotorula mucilaginosa,0.5240764948789013
296.0,Rhodotorula mucilaginosa,0.5240764948789013
296.0,Rhodotorula mucilaginosa,0.5240764948789013
296.0,Rhodotorula mucilaginosa,0.39419018556075125
296.0,Rhodotorula mucilaginosa,0.39419018556075125
296.0,Rhodotorula mucilaginosa,0.3752003814612938
296.0,Rhodotorula mucilaginosa,0.3752003814612938
296.0,Rhodotorula mucilaginosa,0.3752003814612938
296.0,Rhodotorula mucilaginosa,0.3752003814612938
297.0,Rhodotorula diobovata,0.4112387991064537
297.0,Rhodotorula diobovata,0.6292313182325344
297.0,Rhodotorula diobovata,-0.7638093364047209
297.0,Rhodotorula diobovata,-0.7638093364047209
297.0,Rhodotorula diobovata,-0.7638093364047209
297.0,Rhodotorula diobovata,-0.7638093364047209
297.0,Rhodotorula diobovata,-0.7638093364047209
297.0,Rhodotorula diobovata,0.47711333697036806
298.0,Rhodotorula mucilaginosa,0.34580821358954583
298.0,Rhodotorula mucilaginosa,0.39481238424788634
298.0,Rhodotorula mucilaginosa,-0.19336987035149436
298.0,Rhodotorula mucilaginosa,-0.19336987035149436
298.0,Rhodotorula mucilaginosa,-0.19336987035149436
298.0,Rhodotorula mucilaginosa,-0.19336987035149436
298.0,Rhodotorula mucilaginosa,-0.19336987035149436
298.0,Rhodotorula mucilaginosa,0.4990751528163117
298.0,Rhodotorula mucilaginosa,0.4990751528163117
298.0,Rhodotorula mucilaginosa,0.17429433186394944
298.0,Rhodotorula mucilaginosa,0.17429433186394944
298.0,Rhodotorula mucilaginosa,0.17429433186394944
298.0,Rhodotorula mucilaginosa,0.17429433186394944
298.0,Rhodotorula mucilaginosa,0.17429433186394944
298.0,Rhodotorula mucilaginosa,0.31570194729497764
298.0,Rhodotorula mucilaginosa,0.3851430385389706
299.0,Rhodotorula mucilaginosa,0.29925691961198325
299.0,Rhodotorula mucilaginosa,0.31835135633047684
299.0,Rhodotorula mucilaginosa,0.07215940542257195
299.0,Rhodotorula mucilaginosa,0.806256207899141
299.0,Rhodotorula mucilaginosa,0.806256207899141
299.0,Rhodotorula mucilaginosa,0.07215940542257195
299.0,Rhodotorula mucilaginosa,0.07215940542257195
299.0,Rhodotorula mucilaginosa,0.3216461472592358
299.0,Rhodotorula mucilaginosa,0.3003960368131156
299.0,Rhodotorula mucilaginosa,0.5702971613600526
299.0,Rhodotorula mucilaginosa,0.5702971613600526
299.0,Rhodotorula mucilaginosa,0.5702971613600526
299.0,Rhodotorula mucilaginosa,0.5702971613600526
299.0,Rhodotorula mucilaginosa,0.3858415933573448
299.0,Rhodotorula mucilaginosa,0.3962020651279416
299.0,Rhodotorula mucilaginosa,0.4443000368122085
299.0,Rhodotorula mucilaginosa,0.4443000368122085
299.0,Rhodotorula mucilaginosa,0.4443000368122085
299.0,Rhodotorula mucilaginosa,0.4443000368122085
299.0,Rhodotorula mucilaginosa,0.2915327408906061
299.0,Rhodotorula mucilaginosa,0.3082371771686793
299.0,Rhodotorula mucilaginosa,0.4395315866595224
299.0,Rhodotorula mucilaginosa,0.4937315624619911
299.0,Rhodotorula mucilaginosa,0.4395315866595224
299.0,Rhodotorula mucilaginosa,0.4395315866595224
299.0,Rhodotorula mucilaginosa,0.4395315866595224
300.0,Rhodotorula mucilaginosa,-0.07918319195380037
300.0,Rhodotorula mucilaginosa,-0.2813530765192804
300.0,Rhodotorula mucilaginosa,-0.2813530765192804
300.0,Rhodotorula mucilaginosa,-0.2813530765192804
300.0,Rhodotorula mucilaginosa,-0.2813530765192804
300.0,Rhodotorula mucilaginosa,-0.35536156283992576
300.0,Rhodotorula mucilaginosa,0.43220422713565726
300.0,Rhodotorula mucilaginosa,0.43220422713565726
300.0,Rhodotorula mucilaginosa,0.37781818208376067
300.0,Rhodotorula mucilaginosa,0.37781818208376067
300.0,Rhodotorula mucilaginosa,0.37781818208376067
300.0,Rhodotorula mucilaginosa,0.37781818208376067
300.0,Rhodotorula mucilaginosa,0.37781818208376067
300.0,Rhodotorula mucilaginosa,0.3923943395185192
300.0,Rhodotorula mucilaginosa,0.3999264817781614
300.0,Rhodotorula mucilaginosa,0.7211200308599979
300.0,Rhodotorula mucilaginosa,0.7211200308599979
300.0,Rhodotorula mucilaginosa,0.7211200308599979
300.0,Rhodotorula mucilaginosa,0.9176118131081828
300.0,Rhodotorula mucilaginosa,0.7211200308599979
300.0,Rhodotorula mucilaginosa,0.3091438120607472
300.0,Rhodotorula mucilaginosa,0.3091438120607472
300.0,Rhodotorula mucilaginosa,0.6923711374920564
300.0,Rhodotorula mucilaginosa,0.6923711374920564
300.0,Rhodotorula mucilaginosa,0.6923711374920564
301.0,Rhodotorula paludigena,0.27478063588206414
301.0,Rhodotorula paludigena,0.36113235003117355
301.0,Rhodotorula paludigena,0.21627787917554886
301.0,Rhodotorula paludigena,0.21627787917554886
301.0,Rhodotorula paludigena,0.21627787917554886
301.0,Rhodotorula paludigena,0.21627787917554886
301.0,Rhodotorula paludigena,0.21627787917554886
301.0,Rhodotorula paludigena,0.34743140808151624
301.0,Rhodotorula paludigena,-0.2511200797741055
302.0,Rhodotorula sp. clade XI,0.343913322331435
302.0,Rhodotorula sp. clade XI,0.09236462609742929
302.0,Rhodotorula sp. clade XI,0.09236462609742929
302.0,Rhodotorula sp. clade XI,0.09236462609742929
302.0,Rhodotorula sp. clade XI,0.09236462609742929
302.0,Rhodotorula sp. clade XI,0.09236462609742929
302.0,Rhodotorula sp. clade XI,0.3918591436816809
302.0,Rhodotorula sp. clade XI,0.5412836313224568
302.0,Rhodotorula sp. clade XI,0.5412836313224568
302.0,Rhodotorula sp. clade XI,0.5412836313224568
302.0,Rhodotorula sp. clade XI,0.5412836313224568
302.0,Rhodotorula sp. clade XI,0.5412836313224568
302.0,Rhodotorula sp. clade XI,0.3046819613713504
302.0,Rhodotorula sp. clade XI,-0.0015064276877573993
302.0,Rhodotorula sp. clade XI,-0.0015064276877573993
302.0,Rhodotorula sp. clade XI,-0.0015064276877573993
302.0,Rhodotorula sp. clade XI,-0.0015064276877573993
302.0,Rhodotorula sp. clade XI,-0.0015064276877573993
303.0,Rhodotorula mucilaginosa,0.34969284673834017
303.0,Rhodotorula mucilaginosa,0.36239605321431095
303.0,Rhodotorula mucilaginosa,0.24908292396089043
303.0,Rhodotorula mucilaginosa,0.24908292396089043
303.0,Rhodotorula mucilaginosa,0.24908292396089043
303.0,Rhodotorula mucilaginosa,0.3522790374438579
303.0,Rhodotorula mucilaginosa,0.35652889905281043
303.0,Rhodotorula mucilaginosa,0.3085396361202831
303.0,Rhodotorula mucilaginosa,0.31712755500238277
303.0,Rhodotorula mucilaginosa,0.34403737004141055
303.0,Rhodotorula mucilaginosa,0.40088270068011306
303.0,Rhodotorula mucilaginosa,0.34403737004141055
303.0,Rhodotorula mucilaginosa,0.34403737004141055
303.0,Rhodotorula mucilaginosa,0.34403737004141055
303.0,Rhodotorula mucilaginosa,0.39854644259375904
303.0,Rhodotorula mucilaginosa,0.43166767645539145
303.0,Rhodotorula mucilaginosa,0.6393998489282214
303.0,Rhodotorula mucilaginosa,0.6393998489282214
303.0,Rhodotorula mucilaginosa,0.5657308256079376
303.0,Rhodotorula mucilaginosa,0.6393998489282214
303.0,Rhodotorula mucilaginosa,0.6393998489282214
304.0,Rhodotorula mucilaginosa,0.26339421800091956
304.0,Rhodotorula mucilaginosa,0.3220852013501881
304.0,Rhodotorula mucilaginosa,0.4347941613305046
304.0,Rhodotorula mucilaginosa,0.6958286160576779
304.0,Rhodotorula mucilaginosa,0.4347941613305046
304.0,Rhodotorula mucilaginosa,0.4347941613305046
304.0,Rhodotorula mucilaginosa,0.4347941613305046
304.0,Rhodotorula mucilaginosa,0.33908899281820803
304.0,Rhodotorula mucilaginosa,0.33908899281820803
304.0,Rhodotorula mucilaginosa,0.3586670973139927
304.0,Rhodotorula mucilaginosa,0.3586670973139927
304.0,Rhodotorula mucilaginosa,0.3586670973139927
304.0,Rhodotorula mucilaginosa,0.2932220192993481
304.0,Rhodotorula mucilaginosa,0.3421016598089215
304.0,Rhodotorula mucilaginosa,0.5040348427218209
304.0,Rhodotorula mucilaginosa,0.5040348427218209
304.0,Rhodotorula mucilaginosa,0.5040348427218209
304.0,Rhodotorula mucilaginosa,0.5040348427218209
304.0,Rhodotorula mucilaginosa,0.5040348427218209
304.0,Rhodotorula mucilaginosa,0.3632602219785619
304.0,Rhodotorula mucilaginosa,0.339979143260985
304.0,Rhodotorula mucilaginosa,0.23489309628558985
304.0,Rhodotorula mucilaginosa,0.45230104942926735
304.0,Rhodotorula mucilaginosa,0.23489309628558985
304.0,Rhodotorula mucilaginosa,0.23489309628558985
304.0,Rhodotorula mucilaginosa,0.45230104942926735
305.0,,0.2802388379625192
305.0,,0.2903663493360949
305.0,,0.35814579037293576
305.0,,0.5699185025660297
305.0,,0.35814579037293576
305.0,,0.35814579037293576
305.0,,0.35814579037293576
305.0,,0.26926244523923765
305.0,,0.2979489153256497
305.0,,0.28066217317470454
305.0,,0.28066217317470454
305.0,,0.28066217317470454
305.0,,0.28066217317470454
305.0,,-0.5168472299812916
305.0,,0.014757174816365922
305.0,,0.41940065632752105
305.0,,0.41940065632752105
305.0,,0.41940065632752105
305.0,,0.26382458171611506
305.0,,0.2948186016957472
305.0,,0.42371694923882847
305.0,,0.42371694923882847
306.0,,0.3625174468026655
306.0,,0.4006497192077855
306.0,,0.660656936010251
306.0,,0.660656936010251
306.0,,0.660656936010251
306.0,,0.660656936010251
306.0,,0.660656936010251
306.0,,0.33427712602810045
306.0,,0.33427712602810045
306.0,,0.43779821088361953
306.0,,0.43779821088361953
306.0,,0.43779821088361953
306.0,,0.3733474628125264
306.0,,0.4038025567105811
306.0,,0.3419257641187428
306.0,,0.3419257641187428
306.0,,0.3419257641187428
306.0,,0.26636929467412435
306.0,,0.33392573971553413
306.0,,0.4458998996028311
306.0,,0.4458998996028311
306.0,,0.4458998996028311
306.0,,0.4458998996028311
306.0,,0.6033914717891179
307.0,Rhodotorula mucilaginosa,0.3775751495833834
307.0,Rhodotorula mucilaginosa,0.3775751495833834
307.0,Rhodotorula mucilaginosa,0.13924426775843254
307.0,Rhodotorula mucilaginosa,0.13924426775843254
307.0,Rhodotorula mucilaginosa,0.13924426775843254
307.0,Rhodotorula mucilaginosa,0.13924426775843254
307.0,Rhodotorula mucilaginosa,0.13924426775843254
307.0,Rhodotorula mucilaginosa,0.33919393518939295
307.0,Rhodotorula mucilaginosa,0.33919393518939295
307.0,Rhodotorula mucilaginosa,0.0241908056790221
307.0,Rhodotorula mucilaginosa,0.0241908056790221
307.0,Rhodotorula mucilaginosa,0.0241908056790221
307.0,Rhodotorula mucilaginosa,0.0241908056790221
307.0,Rhodotorula mucilaginosa,0.0241908056790221
307.0,Rhodotorula mucilaginosa,0.3236066301926608
307.0,Rhodotorula mucilaginosa,0.3226185022191238
307.0,Rhodotorula mucilaginosa,0.19948681573168087
307.0,Rhodotorula mucilaginosa,0.19948681573168087
307.0,Rhodotorula mucilaginosa,0.19948681573168087
307.0,Rhodotorula mucilaginosa,0.19948681573168087
307.0,Rhodotorula mucilaginosa,0.19948681573168087
308.0,Rhodotorula mucilaginosa,0.25818634604351837
308.0,Rhodotorula mucilaginosa,0.2581484905632835
308.0,Rhodotorula mucilaginosa,0.7565909798750354
308.0,Rhodotorula mucilaginosa,0.7565909798750354
308.0,Rhodotorula mucilaginosa,0.7565909798750354
308.0,Rhodotorula mucilaginosa,0.7565909798750354
308.0,Rhodotorula mucilaginosa,0.7565909798750354
308.0,Rhodotorula mucilaginosa,0.3166257754055051
308.0,Rhodotorula mucilaginosa,0.4212371176759239
308.0,Rhodotorula mucilaginosa,0.07009224547564732
308.0,Rhodotorula mucilaginosa,0.07009224547564732
308.0,Rhodotorula mucilaginosa,0.04613710792920403
308.0,Rhodotorula mucilaginosa,0.04613710792920403
308.0,Rhodotorula mucilaginosa,0.07009224547564732
308.0,Rhodotorula mucilaginosa,0.2676581244411656
308.0,Rhodotorula mucilaginosa,0.28973786844876315
308.0,Rhodotorula mucilaginosa,0.9849368638048513
308.0,Rhodotorula mucilaginosa,0.9849368638048513
308.0,Rhodotorula mucilaginosa,0.9849368638048513
308.0,Rhodotorula mucilaginosa,0.9849368638048513
308.0,Rhodotorula mucilaginosa,0.9849368638048513
308.0,Rhodotorula mucilaginosa,0.28252557487831376
308.0,Rhodotorula mucilaginosa,0.310523945501146
308.0,Rhodotorula mucilaginosa,0.6164214699181761
308.0,Rhodotorula mucilaginosa,0.8747102385833351
308.0,Rhodotorula mucilaginosa,0.6164214699181761
309.0,Rhodotorula mucilaginosa,0.36928717429405655
309.0,Rhodotorula mucilaginosa,0.41006725575014563
309.0,Rhodotorula mucilaginosa,0.4306647286121446
309.0,Rhodotorula mucilaginosa,0.40855258128104804
309.0,Rhodotorula mucilaginosa,0.8599092527135438
309.0,Rhodotorula mucilaginosa,0.984975361341
309.0,Rhodotorula mucilaginosa,0.8599092527135438
309.0,Rhodotorula mucilaginosa,0.8599092527135438
309.0,Rhodotorula mucilaginosa,0.8599092527135438
309.0,Rhodotorula mucilaginosa,0.3867080770524171
309.0,Rhodotorula mucilaginosa,0.3851524589071425
309.0,Rhodotorula mucilaginosa,0.4536757176811053
309.0,Rhodotorula mucilaginosa,0.4536757176811053
309.0,Rhodotorula mucilaginosa,0.4536757176811053
309.0,Rhodotorula mucilaginosa,0.4536757176811053
309.0,Rhodotorula mucilaginosa,0.4536757176811053
309.0,Rhodotorula mucilaginosa,0.41281381905191866
309.0,Rhodotorula mucilaginosa,0.36047344398637216
309.0,Rhodotorula mucilaginosa,0.41211684381812197
309.0,Rhodotorula mucilaginosa,0.41211684381812197
309.0,Rhodotorula mucilaginosa,0.41211684381812197
309.0,Rhodotorula mucilaginosa,0.46123164338735334
309.0,Rhodotorula mucilaginosa,0.41211684381812197
310.0,Rhodotorula kratochvilovae,0.3398275738035023
310.0,Rhodotorula kratochvilovae,0.4253020954153219
310.0,Rhodotorula kratochvilovae,0.4253020954153219
310.0,Rhodotorula kratochvilovae,0.4253020954153219
310.0,Rhodotorula kratochvilovae,0.4253020954153219
310.0,Rhodotorula kratochvilovae,0.35484412979922425
310.0,Rhodotorula kratochvilovae,0.043146558766417445
310.0,Rhodotorula kratochvilovae,0.5278104088377585
310.0,Rhodotorula kratochvilovae,0.23284241032004918
310.0,Rhodotorula kratochvilovae,0.23284241032004918
310.0,Rhodotorula kratochvilovae,0.23284241032004918
310.0,Rhodotorula kratochvilovae,0.23284241032004918
310.0,Rhodotorula kratochvilovae,0.23284241032004918
310.0,Rhodotorula kratochvilovae,0.5884799426171012
310.0,Rhodotorula kratochvilovae,-0.3509440678907262
310.0,Rhodotorula kratochvilovae,-0.3509440678907262
310.0,Rhodotorula kratochvilovae,-0.3509440678907262
310.0,Rhodotorula kratochvilovae,-0.3509440678907262
311.0,Rhodotorula kratochvilovae,0.4993710412319582
311.0,Rhodotorula kratochvilovae,0.44499245262971066
311.0,Rhodotorula kratochvilovae,1.2683698823546228
311.0,Rhodotorula kratochvilovae,1.2683698823546228
311.0,Rhodotorula kratochvilovae,0.4694543065717385
311.0,Rhodotorula kratochvilovae,0.33258829736811896
311.0,Rhodotorula kratochvilovae,0.5931506049259017
311.0,Rhodotorula kratochvilovae,0.5931506049259017
311.0,Rhodotorula kratochvilovae,0.4882594695264693
311.0,Rhodotorula kratochvilovae,0.5830111556466532
311.0,Rhodotorula kratochvilovae,0.5427612015014885
311.0,Rhodotorula kratochvilovae,0.5427612015014885
311.0,Rhodotorula kratochvilovae,0.5427612015014885
311.0,Rhodotorula kratochvilovae,0.5427612015014885
311.0,Rhodotorula kratochvilovae,0.36041828605065607
311.0,Rhodotorula kratochvilovae,0.4247689478456831
311.0,Rhodotorula kratochvilovae,0.502530272645752
311.0,Rhodotorula kratochvilovae,0.502530272645752
311.0,Rhodotorula kratochvilovae,0.502530272645752
311.0,Rhodotorula kratochvilovae,0.502530272645752
312.0,Pseudomicrostroma phylloplanum,0.28000335833246065
312.0,Pseudomicrostroma phylloplanum,0.3114027011581804
312.0,Pseudomicrostroma phylloplanum,0.13730878756571574
312.0,Pseudomicrostroma phylloplanum,0.13730878756571574
312.0,Pseudomicrostroma phylloplanum,0.8608529526837583
312.0,Pseudomicrostroma phylloplanum,0.13730878756571574
312.0,Pseudomicrostroma phylloplanum,0.13730878756571574
312.0,Pseudomicrostroma phylloplanum,0.41151370997814474
312.0,Pseudomicrostroma phylloplanum,0.4517682471893298
312.0,Pseudomicrostroma phylloplanum,0.627641224956861
312.0,Pseudomicrostroma phylloplanum,0.627641224956861
312.0,Pseudomicrostroma phylloplanum,0.627641224956861
312.0,Pseudomicrostroma phylloplanum,0.627641224956861
312.0,Pseudomicrostroma phylloplanum,0.627641224956861
312.0,Pseudomicrostroma phylloplanum,0.44094601074504247
312.0,Pseudomicrostroma phylloplanum,0.5046734222527143
312.0,Pseudomicrostroma phylloplanum,0.28992425927966187
312.0,Pseudomicrostroma phylloplanum,0.28992425927966187
312.0,Pseudomicrostroma phylloplanum,0.28992425927966187
312.0,Pseudomicrostroma phylloplanum,0.28992425927966187
312.0,Pseudomicrostroma phylloplanum,0.28992425927966187
313.0,Rhodotorula mucilaginosa,0.34626225337073196
313.0,Rhodotorula mucilaginosa,0.35015283357798127
313.0,Rhodotorula mucilaginosa,0.3101907602343307
313.0,Rhodotorula mucilaginosa,0.33190459488107
313.0,Rhodotorula mucilaginosa,0.3101907602343307
313.0,Rhodotorula mucilaginosa,0.3101907602343307
313.0,Rhodotorula mucilaginosa,0.4785513935774651
313.0,Rhodotorula mucilaginosa,-0.019804038840038243
313.0,Rhodotorula mucilaginosa,-0.24791081522226383
313.0,Rhodotorula mucilaginosa,-0.24791081522226383
313.0,Rhodotorula mucilaginosa,-0.24791081522226383
313.0,Rhodotorula mucilaginosa,0.4132927124137602
313.0,Rhodotorula mucilaginosa,0.38916579961635556
313.0,Rhodotorula mucilaginosa,0.16827161252398343
313.0,Rhodotorula mucilaginosa,0.16827161252398343
313.0,Rhodotorula mucilaginosa,0.16827161252398343
313.0,Rhodotorula mucilaginosa,0.16827161252398343
313.0,Rhodotorula mucilaginosa,0.39538533901962375
313.0,Rhodotorula mucilaginosa,0.39538533901962375
313.0,Rhodotorula mucilaginosa,0.14171205571809092
313.0,Rhodotorula mucilaginosa,0.14171205571809092
313.0,Rhodotorula mucilaginosa,0.14171205571809092
313.0,Rhodotorula mucilaginosa,0.14171205571809092
313.0,Rhodotorula mucilaginosa,0.14171205571809092
314.0,Rhodotorula glutinis,0.30282856392223634
314.0,Rhodotorula glutinis,0.3356369700161643
314.0,Rhodotorula glutinis,0.6072405000421682
314.0,Rhodotorula glutinis,0.6072405000421682
314.0,Rhodotorula glutinis,0.6072405000421682
314.0,Rhodotorula glutinis,0.6072405000421682
314.0,Rhodotorula glutinis,0.6072405000421682
314.0,Rhodotorula glutinis,1.298274342922618
314.0,Rhodotorula glutinis,0.10842140794430759
314.0,Rhodotorula glutinis,0.10842140794430759
315.0,Rhodotorula mucilaginosa,-0.025488308081539755
315.0,Rhodotorula mucilaginosa,-0.014631096133870326
315.0,Rhodotorula mucilaginosa,-0.014631096133870326
315.0,Rhodotorula mucilaginosa,-0.014631096133870326
315.0,Rhodotorula mucilaginosa,-0.014631096133870326
315.0,Rhodotorula mucilaginosa,-0.06125322278130764
315.0,Rhodotorula mucilaginosa,0.33933924507398455
315.0,Rhodotorula mucilaginosa,0.3635389896430195
315.0,Rhodotorula mucilaginosa,0.4864110478585413
315.0,Rhodotorula mucilaginosa,1.0587578615405628
315.0,Rhodotorula mucilaginosa,0.4864110478585413
315.0,Rhodotorula mucilaginosa,0.4864110478585413
315.0,Rhodotorula mucilaginosa,0.4864110478585413
315.0,Rhodotorula mucilaginosa,0.2816289716906968
315.0,Rhodotorula mucilaginosa,0.2866952610900017
315.0,Rhodotorula mucilaginosa,0.4979848825022178
315.0,Rhodotorula mucilaginosa,0.4979848825022178
315.0,Rhodotorula mucilaginosa,0.4979848825022178
315.0,Rhodotorula mucilaginosa,0.4979848825022178
315.0,Rhodotorula mucilaginosa,0.4979848825022178
315.0,Rhodotorula mucilaginosa,0.2865541733214287
315.0,Rhodotorula mucilaginosa,0.3274270188730454
315.0,Rhodotorula mucilaginosa,0.5695094263271856
315.0,Rhodotorula mucilaginosa,0.5695094263271856
315.0,Rhodotorula mucilaginosa,0.5695094263271856
315.0,Rhodotorula mucilaginosa,0.5695094263271856
315.0,Rhodotorula mucilaginosa,0.5695094263271856
317.0,Rhodotorula mucilaginosa,0.48734960265641086
317.0,Rhodotorula mucilaginosa,0.48734960265641086
317.0,Rhodotorula mucilaginosa,0.4483369643025414
317.0,Rhodotorula mucilaginosa,0.4483369643025414
317.0,Rhodotorula mucilaginosa,0.4483369643025414
317.0,Rhodotorula mucilaginosa,0.4483369643025414
317.0,Rhodotorula mucilaginosa,0.4483369643025414
317.0,Rhodotorula mucilaginosa,0.30500001028961266
317.0,Rhodotorula mucilaginosa,0.30237888003117797
317.0,Rhodotorula mucilaginosa,0.6017300980403454
317.0,Rhodotorula mucilaginosa,1.1173731351382368
317.0,Rhodotorula mucilaginosa,1.1173731351382368
317.0,Rhodotorula mucilaginosa,0.6017300980403454
317.0,Rhodotorula mucilaginosa,0.6017300980403454
317.0,Rhodotorula mucilaginosa,0.35306134789423593
317.0,Rhodotorula mucilaginosa,0.3125571149009718
317.0,Rhodotorula mucilaginosa,0.4379908718532788
317.0,Rhodotorula mucilaginosa,0.4379908718532788
317.0,Rhodotorula mucilaginosa,0.5673444620726937
317.0,Rhodotorula mucilaginosa,0.4379908718532788
317.0,Rhodotorula mucilaginosa,0.3623324211748888
317.0,Rhodotorula mucilaginosa,0.424400959691265
317.0,Rhodotorula mucilaginosa,0.5831431512556514
317.0,Rhodotorula mucilaginosa,0.5831431512556514
317.0,Rhodotorula mucilaginosa,0.5831431512556514
318.0,Rhodotorula mucilaginosa,0.33884174330823885
318.0,Rhodotorula mucilaginosa,0.33617874798582414
318.0,Rhodotorula mucilaginosa,1.165812707187019
318.0,Rhodotorula mucilaginosa,1.165812707187019
318.0,Rhodotorula mucilaginosa,1.165812707187019
318.0,Rhodotorula mucilaginosa,1.165812707187019
318.0,Rhodotorula mucilaginosa,1.165812707187019
318.0,Rhodotorula mucilaginosa,0.35916920958037246
318.0,Rhodotorula mucilaginosa,0.35154073576601613
318.0,Rhodotorula mucilaginosa,0.34219403105111623
318.0,Rhodotorula mucilaginosa,0.4391558134835729
318.0,Rhodotorula mucilaginosa,0.34219403105111623
318.0,Rhodotorula mucilaginosa,0.45963681006120133
318.0,Rhodotorula mucilaginosa,0.5022114883141419
318.0,Rhodotorula mucilaginosa,0.18732603727597072
318.0,Rhodotorula mucilaginosa,0.18732603727597072
318.0,Rhodotorula mucilaginosa,0.18732603727597072
318.0,Rhodotorula mucilaginosa,0.18732603727597072
318.0,Rhodotorula mucilaginosa,0.18732603727597072
318.0,Rhodotorula mucilaginosa,0.4650109151576942
318.0,Rhodotorula mucilaginosa,0.4650109151576942
318.0,Rhodotorula mucilaginosa,0.2505874137088628
318.0,Rhodotorula mucilaginosa,0.2505874137088628
318.0,Rhodotorula mucilaginosa,0.2505874137088628
319.0,,0.5088264964570233
319.0,,0.43303978297447365
319.0,,0.366527944000073
319.0,,0.8966738959735877
319.0,,0.1208518861460891
319.0,,0.1208518861460891
319.0,,0.1208518861460891
319.0,,0.45175269711150856
319.0,,0.37467062666508555
319.0,,0.1603394461150887
319.0,,0.1603394461150887
319.0,,0.1603394461150887
319.0,,0.49439063943383554
319.0,,0.49439063943383554
319.0,,0.36746871068004366
319.0,,0.36746871068004366
319.0,,0.36746871068004366
319.0,,0.44760853554739755
319.0,,0.3757762255175642
319.0,,0.3351538623334882
319.0,,0.361130840823914
319.0,,0.3053768469235988
319.0,,0.3053768469235988
319.0,,0.3053768469235988
320.0,Rhodotorula graminis,0.5820111253039373
320.0,Rhodotorula graminis,-0.29952108193092386
320.0,Rhodotorula graminis,0.5314659149942061
320.0,Rhodotorula graminis,-0.3549165566513235
320.0,Rhodotorula graminis,-0.3549165566513235
320.0,Rhodotorula graminis,-0.3549165566513235
320.0,Rhodotorula graminis,-0.3549165566513235
320.0,Rhodotorula graminis,0.4857302040201652
320.0,Rhodotorula graminis,0.6646229901164934
320.0,Rhodotorula graminis,0.6646229901164934
321.0,Rhodotorula dairenensis,0.36794403780840795
321.0,Rhodotorula dairenensis,0.421549740120753
321.0,Rhodotorula dairenensis,0.43674967245651425
321.0,Rhodotorula dairenensis,0.4171620974984727
321.0,Rhodotorula dairenensis,0.43674967245651425
321.0,Rhodotorula dairenensis,0.43674967245651425
321.0,Rhodotorula dairenensis,0.43674967245651425
321.0,Rhodotorula dairenensis,0.3743443933810263
321.0,Rhodotorula dairenensis,0.4608741850890847
321.0,Rhodotorula dairenensis,0.16331017500562023
321.0,Rhodotorula dairenensis,0.16331017500562023
321.0,Rhodotorula dairenensis,0.310642423105608
321.0,Rhodotorula dairenensis,0.3516962966783014
321.0,Rhodotorula dairenensis,0.5871310150909897
321.0,Rhodotorula dairenensis,0.3694590345748212
321.0,Rhodotorula dairenensis,0.5033763637526063
321.0,Rhodotorula dairenensis,0.462097062678834
321.0,Rhodotorula dairenensis,0.462097062678834
321.0,Rhodotorula dairenensis,0.462097062678834
321.0,Rhodotorula dairenensis,0.462097062678834
321.0,Rhodotorula dairenensis,0.462097062678834
322.0,Rhodotorula mucilaginosa,1.7310032451301198
322.0,Rhodotorula mucilaginosa,2.1935624948615127
323.0,Rhodotorula sphaerocarpa,0.4277598969459298
323.0,Rhodotorula sphaerocarpa,0.44790162853272153
323.0,Rhodotorula sphaerocarpa,0.64031582986593
323.0,Rhodotorula sphaerocarpa,0.739227123481192
323.0,Rhodotorula sphaerocarpa,0.07138570922286075
323.0,Rhodotorula sphaerocarpa,0.48619214814522244
323.0,Rhodotorula sphaerocarpa,0.07138570922286075
323.0,Rhodotorula sphaerocarpa,0.07138570922286075
323.0,Rhodotorula sphaerocarpa,0.07138570922286075
323.0,Rhodotorula sphaerocarpa,0.3808141873522858
323.0,Rhodotorula sphaerocarpa,0.3808141873522858
323.0,Rhodotorula sphaerocarpa,0.2891693360522906
323.0,Rhodotorula sphaerocarpa,0.2891693360522906
323.0,Rhodotorula sphaerocarpa,0.2891693360522906
323.0,Rhodotorula sphaerocarpa,0.2891693360522906
323.0,Rhodotorula sphaerocarpa,0.2891693360522906
324.0,Rhodotorula diobovata,0.33733972706759363
324.0,Rhodotorula diobovata,0.4242336348815517
324.0,Rhodotorula diobovata,-0.004114383513201914
324.0,Rhodotorula diobovata,0.17104739610338482
324.0,Rhodotorula diobovata,0.17104739610338482
325.0,Rhodotorula paludigena,0.3265446768076513
325.0,Rhodotorula paludigena,0.36629829904847655
325.0,Rhodotorula paludigena,0.39423646204459717
325.0,Rhodotorula paludigena,0.39423646204459717
325.0,Rhodotorula paludigena,0.39423646204459717
325.0,Rhodotorula paludigena,0.39423646204459717
325.0,Rhodotorula paludigena,0.39423646204459717
326.0,Rhodotorula araucariae,0.3443027611070522
326.0,Rhodotorula araucariae,-0.015083268177258215
326.0,Rhodotorula araucariae,-0.015083268177258215
326.0,Rhodotorula araucariae,0.3179990796040276
326.0,Rhodotorula araucariae,-0.033351562601474954
326.0,Rhodotorula araucariae,-0.033351562601474954
326.0,Rhodotorula araucariae,-0.033351562601474954
326.0,Rhodotorula araucariae,-0.033351562601474954
326.0,Rhodotorula araucariae,0.3027600065022301
326.0,Rhodotorula araucariae,0.36576607432359004
326.0,Rhodotorula araucariae,0.5196373927197014
326.0,Rhodotorula araucariae,0.5196373927197014
326.0,Rhodotorula araucariae,0.5196373927197014
326.0,Rhodotorula araucariae,0.5196373927197014
326.0,Rhodotorula araucariae,0.5196373927197014
327.0,Rhodotorula evergladensis,0.3937060590139119
327.0,Rhodotorula evergladensis,0.3937060590139119
327.0,Rhodotorula evergladensis,0.46724434658960295
327.0,Rhodotorula evergladensis,0.3516838633891445
327.0,Rhodotorula evergladensis,0.46724434658960295
327.0,Rhodotorula evergladensis,0.46724434658960295
327.0,Rhodotorula evergladensis,0.46724434658960295
327.0,Rhodotorula evergladensis,0.33666507609430635
327.0,Rhodotorula evergladensis,0.36183668102764427
327.0,Rhodotorula evergladensis,0.36472760025147727
327.0,Rhodotorula evergladensis,0.36472760025147727
327.0,Rhodotorula evergladensis,0.5884512750258435
327.0,Rhodotorula evergladensis,0.5884512750258435
327.0,Rhodotorula evergladensis,0.5884512750258435
327.0,Rhodotorula evergladensis,0.5884512750258435
327.0,Rhodotorula evergladensis,0.5884512750258435
327.0,Rhodotorula evergladensis,0.351802634456712
327.0,Rhodotorula evergladensis,0.388037149198913
327.0,Rhodotorula evergladensis,0.9099561312138926
327.0,Rhodotorula evergladensis,0.9099561312138926
327.0,Rhodotorula evergladensis,0.9099561312138926
327.0,Rhodotorula evergladensis,0.9099561312138926
334.0,Rhodotorula mucilaginosa,0.26999349968005093
334.0,Rhodotorula mucilaginosa,0.3389198318933017
334.0,Rhodotorula mucilaginosa,0.39994464231950566
334.0,Rhodotorula mucilaginosa,0.39994464231950566
334.0,Rhodotorula mucilaginosa,0.39994464231950566
334.0,Rhodotorula mucilaginosa,0.39994464231950566
334.0,Rhodotorula mucilaginosa,0.39994464231950566
334.0,Rhodotorula mucilaginosa,0.2536406163685571
334.0,Rhodotorula mucilaginosa,0.2925199982736199
334.0,Rhodotorula mucilaginosa,0.16501859510753397
334.0,Rhodotorula mucilaginosa,0.7172302161395423
334.0,Rhodotorula mucilaginosa,0.7172302161395423
334.0,Rhodotorula mucilaginosa,0.16501859510753397
334.0,Rhodotorula mucilaginosa,0.16501859510753397
334.0,Rhodotorula mucilaginosa,0.24161304160145833
334.0,Rhodotorula mucilaginosa,0.2922076363556542
334.0,Rhodotorula mucilaginosa,0.36066026281523944
334.0,Rhodotorula mucilaginosa,0.36066026281523944
334.0,Rhodotorula mucilaginosa,0.31203620300960144
334.0,Rhodotorula mucilaginosa,0.3308093093850069
334.0,Rhodotorula mucilaginosa,0.5026449029417083
334.0,Rhodotorula mucilaginosa,0.5026449029417083
334.0,Rhodotorula mucilaginosa,0.5026449029417083
334.0,Rhodotorula mucilaginosa,0.5026449029417083
334.0,Rhodotorula mucilaginosa,0.5026449029417083
334.0,Rhodotorula mucilaginosa,0.25607943293263524
334.0,Rhodotorula mucilaginosa,0.31135092096946665
334.0,Rhodotorula mucilaginosa,0.4341192832669833
334.0,Rhodotorula mucilaginosa,0.4341192832669833
334.0,Rhodotorula mucilaginosa,0.4341192832669833
334.0,Rhodotorula mucilaginosa,0.4341192832669833
334.0,Rhodotorula mucilaginosa,0.4341192832669833
334.0,Rhodotorula mucilaginosa,0.27876724526842456
334.0,Rhodotorula mucilaginosa,0.31205401101455077
334.0,Rhodotorula mucilaginosa,0.08783242043522221
334.0,Rhodotorula mucilaginosa,0.08783242043522221
334.0,Rhodotorula mucilaginosa,0.08783242043522221
334.0,Rhodotorula mucilaginosa,0.08783242043522221
334.0,Rhodotorula mucilaginosa,0.08783242043522221
334.0,Rhodotorula mucilaginosa,0.33566445888168434
334.0,Rhodotorula mucilaginosa,0.3778762497977737
334.0,Rhodotorula mucilaginosa,0.22017279001611464
334.0,Rhodotorula mucilaginosa,0.8983206995038949
334.0,Rhodotorula mucilaginosa,0.22017279001611464
334.0,Rhodotorula mucilaginosa,0.22017279001611464
334.0,Rhodotorula mucilaginosa,0.22017279001611464
334.0,Rhodotorula mucilaginosa,0.31533130384941244
334.0,Rhodotorula mucilaginosa,0.3363199731387732
