strain_id,species,copper_mm,n_wells,sd_log10_asat,median_asat
1.0,Rhodotorula mucilaginosa,0.0,4,0.06306814342357317,35615.975000000006
1.0,Rhodotorula mucilaginosa,5.0,4,0.048295375782068974,37717.425
1.0,Rhodotorula mucilaginosa,10.0,4,0.04003782361785934,35943.675
1.0,Rhodotorula mucilaginosa,15.0,4,0.08512328122845611,30629.299999999996
1.0,Rhodotorula mucilaginosa,20.0,4,0.14349134349345455,28114.35
1.0,Rhodotorula mucilaginosa,25.0,4,0.059677858214115614,20874.1
1.0,Rhodotorula mucilaginosa,30.0,4,0.2226229323926679,8700.75
2.0,Rhodotorula mucilaginosa,0.0,4,0.08816889950482512,35916.75
2.0,Rhodotorula mucilaginosa,5.0,4,0.008162140147602706,39223.700000000004
2.0,Rhodotorula mucilaginosa,10.0,4,0.015857642396062875,39173.375
2.0,Rhodotorula mucilaginosa,15.0,4,0.05057797277889142,36383.15
2.0,Rhodotorula mucilaginosa,20.0,4,0.045956373496420524,28984.975
2.0,Rhodotorula mucilaginosa,25.0,4,0.0815401764919815,18510.675
2.0,Rhodotorula mucilaginosa,30.0,4,0.1822423097740367,14717.825
3.0,Rhodotorula mucilaginosa,0.0,4,0.7106556935267797,27300.024999999998
3.0,Rhodotorula mucilaginosa,5.0,4,0.756466458974982,34630.100000000006
3.0,Rhodotorula mucilaginosa,10.0,4,0.5193826841622056,30980.549999999996
3.0,Rhodotorula mucilaginosa,15.0,4,0.5021404821616572,28908.375
3.0,Rhodotorula mucilaginosa,20.0,4,0.5676755386428269,31998.424999999996
3.0,Rhodotorula mucilaginosa,25.0,4,0.44501435659177657,25047.0
3.0,Rhodotorula mucilaginosa,30.0,4,0.425847038265994,19435.8
4.0,Rhodotorula mucilaginosa,0.0,4,0.10504130092426915,39165.375
4.0,Rhodotorula mucilaginosa,5.0,4,0.08889633678220236,45935.0
4.0,Rhodotorula mucilaginosa,10.0,4,0.10380002189085398,38854.7
4.0,Rhodotorula mucilaginosa,15.0,4,0.16417669316649636,34550.325000000004
4.0,Rhodotorula mucilaginosa,20.0,4,0.18692318005920788,26995.275
4.0,Rhodotorula mucilaginosa,25.0,4,0.26629584558528185,21648.95
4.0,Rhodotorula mucilaginosa,30.0,4,0.6983491743697173,15356.95
5.0,Rhodotorula mucilaginosa,0.0,4,0.0976888235937802,28103.375
5.0,Rhodotorula mucilaginosa,5.0,4,0.06988442300759366,34668.725000000006
5.0,Rhodotorula mucilaginosa,10.0,4,0.09596474199090066,32038.9
5.0,Rhodotorula mucilaginosa,15.0,4,0.1353413195729353,29152.625000000004
5.0,Rhodotorula mucilaginosa,20.0,4,0.17292818274472121,24960.6
5.0,Rhodotorula mucilaginosa,25.0,4,0.3232959309428419,27810.999999999996
5.0,Rhodotorula mucilaginosa,30.0,4,0.8322212245433566,25201.350000000002
6.0,Rhodotorula mucilaginosa,0.0,4,0.1666750752385602,27005.350000000002
6.0,Rhodotorula mucilaginosa,5.0,4,0.07844911565981409,42560.175
6.0,Rhodotorula mucilaginosa,10.0,4,0.049096014535412034,38546.925
6.0,Rhodotorula mucilaginosa,15.0,4,0.06522886705972906,33852.899999999994
6.0,Rhodotorula mucilaginosa,20.0,4,0.12826833404069188,29545.350000000006
6.0,Rhodotorula mucilaginosa,25.0,4,0.14228749193866166,27813.5
6.0,Rhodotorula mucilaginosa,30.0,4,0.2068283038279133,19601.6
7.0,Rhodotorula mucilaginosa,0.0,4,0.11100821950731148,21149.075000000004
7.0,Rhodotorula mucilaginosa,5.0,4,0.05788210541338669,37428.62500000001
7.0,Rhodotorula mucilaginosa,10.0,4,0.05608062871798574,34908.5875
7.0,Rhodotorula mucilaginosa,15.0,4,0.04884635135041438,29064.700000000004
7.0,Rhodotorula mucilaginosa,20.0,4,0.09735728001767799,25418.55
7.0,Rhodotorula mucilaginosa,25.0,4,0.21695704776280994,20971.5
7.0,Rhodotorula mucilaginosa,30.0,4,0.43352929206443686,17732.95
8.0,Rhodotorula mucilaginosa,0.0,4,0.08785396492444654,29330.675000000007
8.0,Rhodotorula mucilaginosa,5.0,4,0.1237510201309623,36098.700000000004
8.0,Rhodotorula mucilaginosa,10.0,4,0.13252641133990073,32056.850000000006
8.0,Rhodotorula mucilaginosa,15.0,4,0.09837213254180914,27762.449999999997
8.0,Rhodotorula mucilaginosa,20.0,4,0.05686813194755041,21103.949999999997
8.0,Rhodotorula mucilaginosa,25.0,4,0.19319411329606723,17725.9
8.0,Rhodotorula mucilaginosa,30.0,4,0.4711509907084865,6159.05
9.0,Rhodotorula mucilaginosa,0.0,4,0.034142041379931494,37576.575000000004
9.0,Rhodotorula mucilaginosa,5.0,4,0.03899488899599688,48453.675
9.0,Rhodotorula mucilaginosa,10.0,4,0.05062403066782086,41022.675
9.0,Rhodotorula mucilaginosa,15.0,4,0.07457275881153806,38420.850000000006
9.0,Rhodotorula mucilaginosa,20.0,4,0.15264500193539626,38874.45
9.0,Rhodotorula mucilaginosa,25.0,4,0.09283814040690028,24286.125
9.0,Rhodotorula mucilaginosa,30.0,4,0.23458927518586417,11117.125
10.0,Rhodotorula sphaerocarpa,0.0,4,0.6866155035386032,29458.075000000004
10.0,Rhodotorula sphaerocarpa,5.0,4,1.1857592002631963,19892.575
10.0,Rhodotorula sphaerocarpa,10.0,4,0.9933197730416004,19133.500000000004
10.0,Rhodotorula sphaerocarpa,15.0,4,1.2739170777273692,18358.050000000003
10.0,Rhodotorula sphaerocarpa,20.0,4,0.9147588895336127,17324.97500000003
10.0,Rhodotorula sphaerocarpa,25.0,4,1.1758039480199898,14027.275
10.0,Rhodotorula sphaerocarpa,30.0,4,0.7126390859725414,7622.45
11.0,Rhodotorula mucilaginosa,0.0,4,0.31208556085149897,29902.25
11.0,Rhodotorula mucilaginosa,5.0,4,0.11653267597329786,49986.875
11.0,Rhodotorula mucilaginosa,10.0,4,0.18530129568789827,37300.25
11.0,Rhodotorula mucilaginosa,15.0,4,0.15506089734225154,37518.299999999996
11.0,Rhodotorula mucilaginosa,20.0,4,0.30436746765335754,52552.649999999994
11.0,Rhodotorula mucilaginosa,25.0,4,0.23385739435420916,36342.84999999999
11.0,Rhodotorula mucilaginosa,30.0,4,0.2382486047810951,28423.25
12.0,Rhodotorula mucilaginosa,0.0,4,0.1798157977406669,32668.9
12.0,Rhodotorula mucilaginosa,5.0,4,0.053138922786075383,43722.125
12.0,Rhodotorula mucilaginosa,10.0,4,0.04012738596848086,36150.125
12.0,Rhodotorula mucilaginosa,15.0,4,0.046950217250294,39216.225000000006
12.0,Rhodotorula mucilaginosa,20.0,4,0.09109725653099589,33675.25
12.0,Rhodotorula mucilaginosa,25.0,4,0.20380961385730717,34593.5
12.0,Rhodotorula mucilaginosa,30.0,4,0.39833995927680776,30072.45
13.0,Rhodotorula mucilaginosa,0.0,4,0.14358004931027446,27977.324999999997
13.0,Rhodotorula mucilaginosa,5.0,4,0.09520835443931219,39058.15
13.0,Rhodotorula mucilaginosa,10.0,4,0.06793817064971963,36910.225
13.0,Rhodotorula mucilaginosa,15.0,4,0.08829941680923396,36319.975
13.0,Rhodotorula mucilaginosa,20.0,4,0.10308515277204168,26672.25
13.0,Rhodotorula mucilaginosa,25.0,4,0.19574152063153805,27268.274999999998
13.0,Rhodotorula mucilaginosa,30.0,4,0.5419126809825937,34411.875
14.0,Rhodotorula mucilaginosa,0.0,4,0.14977249048993038,27618.65
14.0,Rhodotorula mucilaginosa,5.0,4,0.11018445419887937,30592.575
14.0,Rhodotorula mucilaginosa,10.0,4,0.05776438020270805,29536.425000000003
14.0,Rhodotorula mucilaginosa,15.0,4,0.06061022291606076,27936.625
14.0,Rhodotorula mucilaginosa,20.0,4,0.11269640018992337,25649.649999999998
14.0,Rhodotorula mucilaginosa,25.0,4,0.19586460250013904,26025.425
14.0,Rhodotorula mucilaginosa,30.0,4,0.12980176152711317,22152.1
15.0,Rhodotorula mucilaginosa,0.0,4,0.15549803527628717,36959.575
15.0,Rhodotorula mucilaginosa,5.0,4,0.10579910937223806,48163.0
15.0,Rhodotorula mucilaginosa,10.0,4,0.1216517236889236,45532.675
15.0,Rhodotorula mucilaginosa,15.0,4,0.08528864595545094,41912.975
15.0,Rhodotorula mucilaginosa,20.0,4,0.07996130544951337,29993.725
15.0,Rhodotorula mucilaginosa,25.0,4,0.062182034259479,21967.525
15.0,Rhodotorula mucilaginosa,30.0,4,0.1393915145354974,10828.099999999999
16.0,Rhodotorula sp. clade XI,0.0,4,0.13458302273779071,33963.4
16.0,Rhodotorula sp. clade XI,5.0,4,0.07032390977260132,34836.225000000006
16.0,Rhodotorula sp. clade XI,10.0,4,0.0665142491172194,30951.475000000002
16.0,Rhodotorula sp. clade XI,15.0,4,0.07857715383583791,31058.574999999997
16.0,Rhodotorula sp. clade XI,20.0,4,0.11296014645561357,29220.824999999997
16.0,Rhodotorula sp. clade XI,25.0,4,0.15015749713415502,24216.85
16.0,Rhodotorula sp. clade XI,30.0,4,0.29706449482684666,16788.075
17.0,Rhodotorula diobovata,0.0,4,0.09669864279137139,30086.825
17.0,Rhodotorula diobovata,5.0,4,0.09668196595238021,41446.950000000004
17.0,Rhodotorula diobovata,10.0,4,0.27076755426021015,29132.9
17.0,Rhodotorula diobovata,15.0,4,0.5893349847585709,20343.149999999998
17.0,Rhodotorula diobovata,20.0,4,0.6114677582175767,15799.750000000002
17.0,Rhodotorula diobovata,25.0,4,0.694090150260928,10208.300000000001
17.0,Rhodotorula diobovata,30.0,4,0.6204577412662614,5688.525000000006
18.0,Rhodotorula mucilaginosa,0.0,4,0.1450510668546257,33634.875
18.0,Rhodotorula mucilaginosa,5.0,4,0.0877175565118986,42923.450000000004
18.0,Rhodotorula mucilaginosa,10.0,4,0.0782775945569434,37118.025
18.0,Rhodotorula mucilaginosa,15.0,4,0.08589409113587163,32038.75
18.0,Rhodotorula mucilaginosa,20.0,4,0.15630740006720373,22710.699999999997
18.0,Rhodotorula mucilaginosa,25.0,4,0.2541201800324338,18365.7
18.0,Rhodotorula mucilaginosa,30.0,4,0.1548278817401726,9993.675000000001
19.0,Rhodotorula mucilaginosa,0.0,4,0.0757325957321136,36264.65
19.0,Rhodotorula mucilaginosa,5.0,4,0.06573180157304344,43217.625
19.0,Rhodotorula mucilaginosa,10.0,4,0.04104840865149206,37474.275
19.0,Rhodotorula mucilaginosa,15.0,4,0.08686212539893055,33504.5
19.0,Rhodotorula mucilaginosa,20.0,4,0.058047219736455775,31359.350000000002
19.0,Rhodotorula mucilaginosa,25.0,4,0.09260154178069682,27048.899999999998
19.0,Rhodotorula mucilaginosa,30.0,4,0.27297955879505054,19734.350000000002
20.0,Rhodotorula mucilaginosa,0.0,4,0.8945778393397092,27978.649999999998
20.0,Rhodotorula mucilaginosa,5.0,4,0.8899806777877105,36990.0
20.0,Rhodotorula mucilaginosa,10.0,4,1.0215234358692145,35814.575
20.0,Rhodotorula mucilaginosa,15.0,4,0.8968165629885594,31574.949999999997
20.0,Rhodotorula mucilaginosa,20.0,4,0.3898659799300189,25499.249999999996
20.0,Rhodotorula mucilaginosa,25.0,4,0.6547028622931449,16911.95
20.0,Rhodotorula mucilaginosa,30.0,4,0.21636937051532698,9974.75
21.0,Rhodotorula mucilaginosa,0.0,3,0.13112074428905932,29295.899999999994
21.0,Rhodotorula mucilaginosa,5.0,4,0.7721022902767171,39560.299999999996
21.0,Rhodotorula mucilaginosa,10.0,4,0.7655835028010451,33063.425
21.0,Rhodotorula mucilaginosa,15.0,4,0.6995621092569878,28696.5
21.0,Rhodotorula mucilaginosa,20.0,4,0.4714160474249084,21278.85
21.0,Rhodotorula mucilaginosa,25.0,4,0.24299457609983033,13106.550000000001
21.0,Rhodotorula mucilaginosa,30.0,4,0.4453625743196906,5679.525
22.0,Rhodotorula mucilaginosa,0.0,4,0.06830741699142762,22561.45
22.0,Rhodotorula mucilaginosa,5.0,4,0.10992320784113409,31040.300000000003
22.0,Rhodotorula mucilaginosa,10.0,4,0.11427124473598026,29320.975000000006
22.0,Rhodotorula mucilaginosa,15.0,4,0.23658770140608293,27682.699999999997
22.0,Rhodotorula mucilaginosa,20.0,4,0.1444077150079186,21541.599999999995
22.0,Rhodotorula mucilaginosa,25.0,4,0.31721058573357325,19698.225
22.0,Rhodotorula mucilaginosa,30.0,4,0.5157648255885886,13617.900000000001
23.0,Rhodotorula mucilaginosa,0.0,2,1.0842636755964556,17446.300000000003
23.0,Rhodotorula mucilaginosa,5.0,2,1.6195216485980752,24027.325
23.0,Rhodotorula mucilaginosa,10.0,3,1.3239104508748432,2975.3999999999996
23.0,Rhodotorula mucilaginosa,15.0,4,1.2189803031924318,4520.249999999916
23.0,Rhodotorula mucilaginosa,20.0,4,1.1212712683237733,16558.662500000002
23.0,Rhodotorula mucilaginosa,25.0,4,1.1422576605934336,4671.549999999999
23.0,Rhodotorula mucilaginosa,30.0,4,1.0603692601476393,647.65
24.0,Rhodotorula mucilaginosa,0.0,4,0.10415330864040348,36348.175
24.0,Rhodotorula mucilaginosa,5.0,4,0.06970763298526678,46474.77500000001
24.0,Rhodotorula mucilaginosa,10.0,4,0.10212698567627002,40733.700000000004
24.0,Rhodotorula mucilaginosa,15.0,4,0.08689761519734582,49732.02500000001
24.0,Rhodotorula mucilaginosa,20.0,4,0.15678473887732347,37712.79999999999
24.0,Rhodotorula mucilaginosa,25.0,4,0.14505549460356965,37483.425
24.0,Rhodotorula mucilaginosa,30.0,4,0.20708950669690807,31404.625
25.0,Rhodotorula mucilaginosa,0.0,4,0.7100422526633493,22102.850000000002
25.0,Rhodotorula mucilaginosa,5.0,4,0.7554808281689338,34836.325000000004
25.0,Rhodotorula mucilaginosa,10.0,4,0.6563380030105364,33427.475000000006
25.0,Rhodotorula mucilaginosa,15.0,4,0.7592989899764566,28673.75
25.0,Rhodotorula mucilaginosa,20.0,4,0.555832836202569,26463.275
25.0,Rhodotorula mucilaginosa,25.0,4,0.7157850396859337,25613.749999999993
25.0,Rhodotorula mucilaginosa,30.0,4,0.9361838080175885,20547.1
26.0,Rhodotorula mucilaginosa,0.0,4,0.044992742611739675,29707.675000000003
26.0,Rhodotorula mucilaginosa,5.0,4,0.025165874745852315,35859.625
26.0,Rhodotorula mucilaginosa,10.0,4,0.02026574419074534,33709.3
26.0,Rhodotorula mucilaginosa,15.0,4,0.02857252743440541,30310.625
26.0,Rhodotorula mucilaginosa,20.0,4,0.10325864905558421,31644.475
26.0,Rhodotorula mucilaginosa,25.0,4,0.2024259647794408,29606.649999999994
26.0,Rhodotorula mucilaginosa,30.0,4,0.3118381069691432,26203.525
27.0,Rhodotorula mucilaginosa,0.0,4,0.2133693497832087,27941.25
27.0,Rhodotorula mucilaginosa,5.0,4,0.1832702814766028,45207.825000000004
27.0,Rhodotorula mucilaginosa,10.0,4,0.19102465629504364,42841.350000000006
27.0,Rhodotorula mucilaginosa,15.0,4,0.2721120881760542,40592.65000000001
27.0,Rhodotorula mucilaginosa,20.0,4,0.2184728547466042,32797.2
27.0,Rhodotorula mucilaginosa,25.0,4,0.1524636243112763,29996.075
27.0,Rhodotorula mucilaginosa,30.0,4,0.14689360955828526,13311.625
28.0,Rhodotorula pacifica,0.0,4,0.1401216321722849,21788.375
28.0,Rhodotorula pacifica,5.0,4,0.0754959870105952,36914.52500000001
28.0,Rhodotorula pacifica,10.0,4,0.0999026440246579,33110.25
28.0,Rhodotorula pacifica,15.0,4,0.10417335487970766,32615.075000000004
28.0,Rhodotorula pacifica,20.0,4,0.19152279669108063,29263.399999999998
28.0,Rhodotorula pacifica,25.0,4,0.25656069178053703,28118.774999999998
28.0,Rhodotorula pacifica,30.0,4,0.4264326580528036,24481.049999999996
29.0,Rhodotorula mucilaginosa,0.0,4,0.6386090024181283,21888.074999999997
29.0,Rhodotorula mucilaginosa,5.0,4,1.0204608923863008,18156.5
29.0,Rhodotorula mucilaginosa,10.0,4,0.69473561840806,23007.525
29.0,Rhodotorula mucilaginosa,15.0,4,0.7404891437594204,21660.924999999996
29.0,Rhodotorula mucilaginosa,20.0,4,0.192855597453585,28985.76249999999
29.0,Rhodotorula mucilaginosa,25.0,4,0.3642252273804619,30244.762499999997
29.0,Rhodotorula mucilaginosa,30.0,4,0.7178584512667524,20121.699999999997
30.0,Rhodotorula mucilaginosa,0.0,4,0.14024100395650146,27993.550000000003
30.0,Rhodotorula mucilaginosa,5.0,4,0.07913983186509399,38608.15
30.0,Rhodotorula mucilaginosa,10.0,4,0.08570390508231306,36346.0
30.0,Rhodotorula mucilaginosa,15.0,4,0.07021257520916213,31602.025
30.0,Rhodotorula mucilaginosa,20.0,4,0.2625087772027217,26480.949999999997
30.0,Rhodotorula mucilaginosa,25.0,4,0.17218048409761408,23520.4
30.0,Rhodotorula mucilaginosa,30.0,4,0.330330341346496,7960.1
31.0,Rhodotorula mucilaginosa,0.0,4,0.10969863824892273,27731.474999999955
31.0,Rhodotorula mucilaginosa,5.0,4,0.03782370528101658,36027.674999999996
31.0,Rhodotorula mucilaginosa,10.0,4,0.06757764945617936,36011.600000000006
31.0,Rhodotorula mucilaginosa,15.0,4,0.038620465888042604,31761.7
31.0,Rhodotorula mucilaginosa,20.0,4,0.07920554189645858,26118.95
31.0,Rhodotorula mucilaginosa,25.0,4,0.1285140868424213,20254.949999999997
31.0,Rhodotorula mucilaginosa,30.0,4,0.3190834901314171,11624.6
32.0,Rhodotorula mucilaginosa,0.0,4,0.12839728021403435,27011.825
32.0,Rhodotorula mucilaginosa,5.0,4,0.08667253097970132,36641.649999999994
32.0,Rhodotorula mucilaginosa,10.0,4,0.06920930490599778,34427.600000000006
32.0,Rhodotorula mucilaginosa,15.0,4,0.08193979567089311,30437.975000000002
32.0,Rhodotorula mucilaginosa,20.0,4,0.13756021801684423,25016.425000000003
32.0,Rhodotorula mucilaginosa,25.0,4,0.1876893613477601,16841.425
32.0,Rhodotorula mucilaginosa,30.0,4,0.1253452595028913,8085.549999999999
33.0,Rhodotorula mucilaginosa,0.0,4,0.08947321399648087,25538.625
33.0,Rhodotorula mucilaginosa,5.0,4,0.07912161087307337,37445.375
33.0,Rhodotorula mucilaginosa,10.0,4,0.0650583641989217,33595.175
33.0,Rhodotorula mucilaginosa,15.0,4,0.04773043398182086,32114.45000000003
33.0,Rhodotorula mucilaginosa,20.0,4,0.11356317065393749,24574.225
33.0,Rhodotorula mucilaginosa,25.0,4,0.1510801887108702,16631.25
33.0,Rhodotorula mucilaginosa,30.0,4,0.3561576485287314,7496.475
34.0,Rhodotorula sphaerocarpa,0.0,4,0.7663421801051948,25728.200000000004
34.0,Rhodotorula sphaerocarpa,5.0,4,0.7599922075649023,34741.225
34.0,Rhodotorula sphaerocarpa,10.0,4,0.6487079644826694,32341.425000000003
34.0,Rhodotorula sphaerocarpa,15.0,4,0.7898458614575259,26723.949999999997
34.0,Rhodotorula sphaerocarpa,20.0,4,0.3931375902241386,29445.999999999985
34.0,Rhodotorula sphaerocarpa,25.0,4,0.47524510076538057,15831.525000000001
34.0,Rhodotorula sphaerocarpa,30.0,4,0.6344163747467109,9002.675000000001
35.0,,0.0,4,0.8203139103888002,6886.025000000001
35.0,,5.0,4,0.7734300262899523,1854.2999999999995
35.0,,10.0,4,0.7459098156839368,3233.0999999999995
35.0,,15.0,4,0.9378461086749138,721.15
35.0,,20.0,4,0.8159752374373374,1440.7999999999997
35.0,,25.0,4,0.605236309787897,169.77499999999998
35.0,,30.0,4,1.432760791168655,588.0125000000005
36.0,Rhodotorula mucilaginosa,0.0,4,0.08293381926076977,35211.9
36.0,Rhodotorula mucilaginosa,5.0,4,0.056242524521895605,44422.950000000004
36.0,Rhodotorula mucilaginosa,10.0,4,0.05229433353528752,40467.95
36.0,Rhodotorula mucilaginosa,15.0,4,0.041207177975211375,36903.825
36.0,Rhodotorula mucilaginosa,20.0,4,0.43984153104567636,34016.99999999999
36.0,Rhodotorula mucilaginosa,25.0,4,0.07546950100998884,24307.524999999914
36.0,Rhodotorula mucilaginosa,30.0,4,0.1464397336494219,11876.45
37.0,Rhodotorula paludigena,0.0,3,1.9139083572048736,26544.9
37.0,Rhodotorula paludigena,5.0,4,1.6962461459340359,17444.425
37.0,Rhodotorula paludigena,10.0,4,1.1084885243570324,14693.45
37.0,Rhodotorula paludigena,15.0,4,0.9475015560471398,14706.3125
37.0,Rhodotorula paludigena,20.0,4,1.0756092245470654,13372.474999999999
37.0,Rhodotorula paludigena,25.0,4,0.8992212538599548,7529.299999999998
37.0,Rhodotorula paludigena,30.0,4,0.24443517961222305,5779.299999999999
38.0,Rhodotorula mucilaginosa,0.0,4,0.09359145105189791,28418.200000000004
38.0,Rhodotorula mucilaginosa,5.0,4,0.03581901648957998,42290.675
38.0,Rhodotorula mucilaginosa,10.0,4,0.06164578181096104,37457.6
38.0,Rhodotorula mucilaginosa,15.0,4,0.07540748155942434,35964.850000000006
38.0,Rhodotorula mucilaginosa,20.0,4,0.10167394114886152,37017.575
38.0,Rhodotorula mucilaginosa,25.0,4,0.2736439223924228,34060.799999999996
38.0,Rhodotorula mucilaginosa,30.0,4,0.4974502389532244,20653.675000000003
39.0,Rhodotorula mucilaginosa,0.0,4,0.08967811640340378,34779.375
39.0,Rhodotorula mucilaginosa,5.0,4,0.04978908508127816,44363.8
39.0,Rhodotorula mucilaginosa,10.0,4,0.055402337069714494,39657.25
39.0,Rhodotorula mucilaginosa,15.0,4,0.0805019179905636,36418.225000000006
39.0,Rhodotorula mucilaginosa,20.0,4,0.1599867602317116,32753.225
39.0,Rhodotorula mucilaginosa,25.0,4,0.1409051376054795,21900.75
39.0,Rhodotorula mucilaginosa,30.0,4,0.5782369500409597,14892.75
40.0,Rhodotorula mucilaginosa,0.0,4,0.12859049259178792,38607.15
40.0,Rhodotorula mucilaginosa,5.0,4,0.06190551364447329,46202.200000000004
40.0,Rhodotorula mucilaginosa,10.0,4,0.09663989532762322,41710.0
40.0,Rhodotorula mucilaginosa,15.0,4,0.1379431968053803,36819.575
40.0,Rhodotorula mucilaginosa,20.0,4,0.21912960598591674,43844.425
40.0,Rhodotorula mucilaginosa,25.0,4,0.19385081208183533,26873.925000000003
40.0,Rhodotorula mucilaginosa,30.0,4,0.20788317841876838,15460.524999999998
41.0,Rhodotorula mucilaginosa,0.0,4,0.09753547578059922,32311.375
41.0,Rhodotorula mucilaginosa,5.0,4,0.05108595806720899,47722.350000000006
41.0,Rhodotorula mucilaginosa,10.0,4,0.05994365979112211,40211.475000000006
41.0,Rhodotorula mucilaginosa,15.0,4,0.06876322337889762,32974.3
41.0,Rhodotorula mucilaginosa,20.0,4,0.04226523350913782,28113.700000000004
41.0,Rhodotorula mucilaginosa,25.0,4,0.062031655210034585,25252.324999999997
41.0,Rhodotorula mucilaginosa,30.0,4,0.13345232203952406,14223.9
42.0,Rhodotorula mucilaginosa,0.0,4,0.8606788473515488,25849.425000000003
42.0,Rhodotorula mucilaginosa,5.0,4,0.9986596769986178,31294.899999999994
42.0,Rhodotorula mucilaginosa,10.0,4,0.867133016674972,16817.799999999996
42.0,Rhodotorula mucilaginosa,15.0,4,0.9146250202731021,16340.399999999996
42.0,Rhodotorula mucilaginosa,20.0,4,0.8464715072943176,15224.699999999997
42.0,Rhodotorula mucilaginosa,25.0,4,1.4977992546690195,15247.85
42.0,Rhodotorula mucilaginosa,30.0,4,0.8065922861251074,14969.6
43.0,Rhodotorula toruloides,0.0,4,0.5324855272991633,22383.125
43.0,Rhodotorula toruloides,5.0,4,0.5746590152937028,26009.350000000002
43.0,Rhodotorula toruloides,10.0,4,0.6481004899252284,22516.775
43.0,Rhodotorula toruloides,15.0,4,0.792574426750142,33900.975000000006
43.0,Rhodotorula toruloides,20.0,4,0.49670429907915253,20550.0
43.0,Rhodotorula toruloides,25.0,4,0.9069074955768074,12693.5625
43.0,Rhodotorula toruloides,30.0,4,0.5527767943970785,11597.899999999998
44.0,Rhodotorula diobovata,0.0,4,0.05293011786198309,27012.25
44.0,Rhodotorula diobovata,5.0,4,0.1111941898974085,42146.425
44.0,Rhodotorula diobovata,10.0,4,0.28127554751890055,33591.675
44.0,Rhodotorula diobovata,15.0,4,0.3164249394618918,24592.699999999997
44.0,Rhodotorula diobovata,20.0,4,0.7205332383373826,30452.8
44.0,Rhodotorula diobovata,25.0,4,0.8519388066541469,29723.225000000002
44.0,Rhodotorula diobovata,30.0,4,0.9776554014968457,11992.900000000001
45.0,Rhodotorula mucilaginosa,0.0,4,0.7401198605276231,32356.050000000003
45.0,Rhodotorula mucilaginosa,5.0,4,0.7149518931322477,38623.0
45.0,Rhodotorula mucilaginosa,10.0,4,0.8315074521797544,35883.325
45.0,Rhodotorula mucilaginosa,15.0,4,0.6024655828691602,33491.725
45.0,Rhodotorula mucilaginosa,20.0,4,0.747384527097481,30525.1
45.0,Rhodotorula mucilaginosa,25.0,4,0.600156609428329,20027.65
45.0,Rhodotorula mucilaginosa,30.0,4,0.07700218639744066,11194.6
46.0,Rhodotorula paludigena,0.0,4,0.987542910336934,25842.95
46.0,Rhodotorula paludigena,5.0,4,1.1873933286076845,30145.25
46.0,Rhodotorula paludigena,10.0,4,1.019619420873621,25589.125
46.0,Rhodotorula paludigena,15.0,4,0.6586725717514779,24048.85
46.0,Rhodotorula paludigena,20.0,4,0.7305314011960626,18451.349999999995
46.0,Rhodotorula paludigena,25.0,4,0.4853084408754821,12910.375
46.0,Rhodotorula paludigena,30.0,4,0.6856984723903866,8014.200000000001
47.0,Rhodotorula mucilaginosa,0.0,3,0.204162334308064,34592.15
47.0,Rhodotorula mucilaginosa,5.0,3,0.30775699081355906,44377.200000000004
47.0,Rhodotorula mucilaginosa,10.0,3,0.5508362461758803,40748.5
47.0,Rhodotorula mucilaginosa,15.0,4,1.288023214258227,20778.125
47.0,Rhodotorula mucilaginosa,20.0,4,0.6785104505117526,21656.862500000003
47.0,Rhodotorula mucilaginosa,25.0,4,0.7574262707128488,15295.775
47.0,Rhodotorula mucilaginosa,30.0,4,0.7759306334910152,15174.224999999999
48.0,Rhodotorula mucilaginosa,0.0,4,0.1303545376811034,35436.85
48.0,Rhodotorula mucilaginosa,5.0,4,0.09618494962924416,42443.4
48.0,Rhodotorula mucilaginosa,10.0,4,0.39575275249865133,32862.5
48.0,Rhodotorula mucilaginosa,15.0,4,0.672404186969523,31035.049999999996
48.0,Rhodotorula mucilaginosa,20.0,4,0.5123975816845118,21625.9
48.0,Rhodotorula mucilaginosa,25.0,4,0.44145331305991015,15511.650000000001
48.0,Rhodotorula mucilaginosa,30.0,4,0.5992005627494914,3812.9
49.0,Rhodotorula mucilaginosa,0.0,4,0.10321811910158032,29083.4
49.0,Rhodotorula mucilaginosa,5.0,4,0.07179184947273325,39635.7
49.0,Rhodotorula mucilaginosa,10.0,4,0.036467057678643715,34830.525
49.0,Rhodotorula mucilaginosa,15.0,4,0.07278370249320638,29521.32500000001
49.0,Rhodotorula mucilaginosa,20.0,4,0.05502998729005629,22142.324999999997
49.0,Rhodotorula mucilaginosa,25.0,4,0.09610290610702299,16227.2
49.0,Rhodotorula mucilaginosa,30.0,4,0.4614182235609722,9789.0
50.0,Rhodotorula mucilaginosa,0.0,4,0.08860506044566191,32727.875
50.0,Rhodotorula mucilaginosa,5.0,4,0.06949680229778357,44655.675
50.0,Rhodotorula mucilaginosa,10.0,4,0.07411175702380862,38255.175
50.0,Rhodotorula mucilaginosa,15.0,4,0.07734844886866786,34077.275
50.0,Rhodotorula mucilaginosa,20.0,4,0.4266578170878058,23895.699999999997
50.0,Rhodotorula mucilaginosa,25.0,4,0.11307401537672353,14747.850000000002
50.0,Rhodotorula mucilaginosa,30.0,4,0.6134928045105043,7555.575000000001
51.0,Rhodotorula mucilaginosa,0.0,4,1.296527518409614,32927.675
51.0,Rhodotorula mucilaginosa,5.0,4,1.3908640016738214,45666.72499999999
51.0,Rhodotorula mucilaginosa,10.0,3,0.02287783486643371,40739.5
51.0,Rhodotorula mucilaginosa,15.0,4,0.7715739024477807,33374.850000000006
51.0,Rhodotorula mucilaginosa,20.0,4,0.6583260043274488,28394.64999999994
51.0,Rhodotorula mucilaginosa,25.0,4,0.8533016845020306,19979.699999999997
51.0,Rhodotorula mucilaginosa,30.0,4,0.5742215322804473,15505.275000000009
52.0,Rhodotorula mucilaginosa,0.0,4,0.25881973236702094,36148.725000000006
52.0,Rhodotorula mucilaginosa,5.0,4,0.16052593311604943,41008.475000000006
52.0,Rhodotorula mucilaginosa,10.0,4,0.1302464388823214,36954.15
52.0,Rhodotorula mucilaginosa,15.0,4,0.04283059780373055,31688.25
52.0,Rhodotorula mucilaginosa,20.0,4,0.06555061876002119,21590.6
52.0,Rhodotorula mucilaginosa,25.0,4,0.22390722392496995,18232.225000000002
52.0,Rhodotorula mucilaginosa,30.0,4,0.5260964330790474,13887.55
53.0,Rhodotorula mucilaginosa,0.0,3,0.09890228575402228,27916.45
53.0,Rhodotorula mucilaginosa,5.0,4,1.1208974315765319,31448.375
53.0,Rhodotorula mucilaginosa,10.0,4,1.066140339523369,30427.550000000003
53.0,Rhodotorula mucilaginosa,15.0,4,0.3370427590645425,36098.525
53.0,Rhodotorula mucilaginosa,20.0,4,0.9267117692424086,21766.75
53.0,Rhodotorula mucilaginosa,25.0,4,0.17583393118442744,18903.699999999997
53.0,Rhodotorula mucilaginosa,30.0,4,0.47660703492388595,10782.0
54.0,Rhodotorula mucilaginosa,0.0,4,0.07329067517355664,37387.975000000006
54.0,Rhodotorula mucilaginosa,5.0,4,0.08677640800037567,45796.2
54.0,Rhodotorula mucilaginosa,10.0,4,0.11553222549665466,40471.825
54.0,Rhodotorula mucilaginosa,15.0,4,0.11166847432915994,38499.975000000006
54.0,Rhodotorula mucilaginosa,20.0,4,0.12910587789936112,34733.174999999996
54.0,Rhodotorula mucilaginosa,25.0,4,0.1446281088059273,28028.625
54.0,Rhodotorula mucilaginosa,30.0,4,0.25681425550217624,12226.774999999998
55.0,Rhodotorula mucilaginosa,0.0,4,0.06260879859847626,31873.875
55.0,Rhodotorula mucilaginosa,5.0,4,0.059331686235882176,42968.25
55.0,Rhodotorula mucilaginosa,10.0,4,0.06455178115418413,38858.725000000006
55.0,Rhodotorula mucilaginosa,15.0,4,0.09674645902807807,36226.174999999996
55.0,Rhodotorula mucilaginosa,20.0,4,0.11614370124250141,28297.799999999996
55.0,Rhodotorula mucilaginosa,25.0,4,0.2615653495789064,20496.475
55.0,Rhodotorula mucilaginosa,30.0,4,0.7758241080853809,18696.225
56.0,Rhodotorula mucilaginosa,0.0,4,0.14606372440183044,27526.800000000003
56.0,Rhodotorula mucilaginosa,5.0,4,0.11453952259028231,43143.575000000004
56.0,Rhodotorula mucilaginosa,10.0,4,0.06974500250364933,36366.950000000004
56.0,Rhodotorula mucilaginosa,15.0,4,0.0875694746567192,36024.09999999999
56.0,Rhodotorula mucilaginosa,20.0,4,0.12094191718400149,31716.500000000004
56.0,Rhodotorula mucilaginosa,25.0,4,0.13273807404488067,28014.82500000004
56.0,Rhodotorula mucilaginosa,30.0,4,0.19622312795182767,13614.650000000001
57.0,Rhodotorula mucilaginosa,0.0,4,0.0411955945071028,28885.525
57.0,Rhodotorula mucilaginosa,5.0,4,0.08296502774763537,40365.100000000006
57.0,Rhodotorula mucilaginosa,10.0,4,0.0663547684683563,36339.125
57.0,Rhodotorula mucilaginosa,15.0,4,0.0714653271356914,32166.6
57.0,Rhodotorula mucilaginosa,20.0,4,0.15498708904260908,28820.225
57.0,Rhodotorula mucilaginosa,25.0,4,0.22402506126159127,27468.6
57.0,Rhodotorula mucilaginosa,30.0,4,0.5763242192285472,23918.074999999997
58.0,Rhodotorula mucilaginosa,0.0,4,0.14123120313318427,35502.75
58.0,Rhodotorula mucilaginosa,5.0,4,0.03981183091290169,39115.549999999996
58.0,Rhodotorula mucilaginosa,10.0,4,0.06718694507057323,38392.850000000006
58.0,Rhodotorula mucilaginosa,15.0,4,0.0711836444263759,34776.40000000001
58.0,Rhodotorula mucilaginosa,20.0,4,0.08357984217586656,32801.625
58.0,Rhodotorula mucilaginosa,25.0,4,0.17844631994655782,28013.875000000004
58.0,Rhodotorula mucilaginosa,30.0,4,0.22831883905349606,16966.500000000025
59.0,Rhodotorula mucilaginosa,0.0,4,0.06543886912501998,34173.675
59.0,Rhodotorula mucilaginosa,5.0,4,0.09220009076035172,42969.700000000004
59.0,Rhodotorula mucilaginosa,10.0,4,0.09121023336086552,38487.525
59.0,Rhodotorula mucilaginosa,15.0,4,0.05799485480801515,33667.950000000004
59.0,Rhodotorula mucilaginosa,20.0,4,0.07521753192532411,27898.050000000003
59.0,Rhodotorula mucilaginosa,25.0,4,0.15816161839317153,25675.425000000003
59.0,Rhodotorula mucilaginosa,30.0,4,0.1861222186744897,13468.299999999997
60.0,Rhodotorula mucilaginosa,0.0,4,0.07044806469609433,29148.525
60.0,Rhodotorula mucilaginosa,5.0,4,0.0566326071486313,38517.475000000006
60.0,Rhodotorula mucilaginosa,10.0,4,0.03936491219925812,35479.45
60.0,Rhodotorula mucilaginosa,15.0,4,0.057359279036023204,36491.75
60.0,Rhodotorula mucilaginosa,20.0,4,0.05856817929577734,28847.5
60.0,Rhodotorula mucilaginosa,25.0,4,0.09282323306219127,27329.425000000003
60.0,Rhodotorula mucilaginosa,30.0,4,0.15252944849332045,19587.15
61.0,Rhodotorula toruloides,0.0,4,0.9168230541202045,31510.725
61.0,Rhodotorula toruloides,5.0,4,0.9725280261412161,36844.0
61.0,Rhodotorula toruloides,10.0,4,1.2486059567580592,32726.825000000004
61.0,Rhodotorula toruloides,15.0,4,1.252221810993162,28042.950000000004
61.0,Rhodotorula toruloides,20.0,4,0.7090567012024099,19002.45
61.0,Rhodotorula toruloides,25.0,4,0.6295849460184336,10156.75
61.0,Rhodotorula toruloides,30.0,4,0.4827217109345648,2596.237499999992
62.0,Rhodotorula mucilaginosa,0.0,4,0.655849159552983,28392.75
62.0,Rhodotorula mucilaginosa,5.0,4,0.7287453752472285,41640.024999999994
62.0,Rhodotorula mucilaginosa,10.0,4,0.7571084524173427,37234.8
62.0,Rhodotorula mucilaginosa,15.0,4,0.7428816531799776,34828.875
62.0,Rhodotorula mucilaginosa,20.0,4,0.9020492792612991,28392.175
62.0,Rhodotorula mucilaginosa,25.0,4,1.0945892770673753,29744.175000000003
62.0,Rhodotorula mucilaginosa,30.0,4,0.7021517351958744,15467.699999999997
63.0,Rhodotorula mucilaginosa,0.0,4,0.7895113907472493,27804.4
63.0,Rhodotorula mucilaginosa,5.0,4,1.3126078753300228,38194.875
63.0,Rhodotorula mucilaginosa,10.0,4,0.627532569513736,36895.274999999994
63.0,Rhodotorula mucilaginosa,15.0,4,0.6217995619863996,33361.549999999996
63.0,Rhodotorula mucilaginosa,20.0,4,1.461279797844203,28101.775
63.0,Rhodotorula mucilaginosa,25.0,4,1.224223204724917,19363.6
63.0,Rhodotorula mucilaginosa,30.0,4,0.6791499416765749,9375.225
64.0,Rhodotorula mucilaginosa,0.0,4,0.04969135663649905,29564.7
64.0,Rhodotorula mucilaginosa,5.0,4,0.07111883608769069,36198.774999999994
64.0,Rhodotorula mucilaginosa,10.0,4,0.0827182032148,33482.45
64.0,Rhodotorula mucilaginosa,15.0,4,0.07401484646815179,33102.975000000006
64.0,Rhodotorula mucilaginosa,20.0,4,0.16677658410907117,24199.8
64.0,Rhodotorula mucilaginosa,25.0,4,0.30675747670127074,23103.149999999994
64.0,Rhodotorula mucilaginosa,30.0,4,0.34279744115457544,16652.274999999998
65.0,Rhodotorula mucilaginosa,0.0,4,0.04496647240093773,28178.15
65.0,Rhodotorula mucilaginosa,5.0,4,0.07146446716324234,33751.125
65.0,Rhodotorula mucilaginosa,10.0,4,0.048337931245840154,31920.0
65.0,Rhodotorula mucilaginosa,15.0,4,0.12295595611160567,32969.350000000006
65.0,Rhodotorula mucilaginosa,20.0,4,0.040228124959573966,30998.75
65.0,Rhodotorula mucilaginosa,25.0,4,0.03382030321103392,28782.450000000004
65.0,Rhodotorula mucilaginosa,30.0,4,0.05689358901763448,25276.1875
66.0,Rhodotorula mucilaginosa,0.0,4,0.11233828987487474,31149.100000000002
66.0,Rhodotorula mucilaginosa,5.0,4,0.04655155771258819,39344.700000000004
66.0,Rhodotorula mucilaginosa,10.0,4,0.04626213645067213,36462.175
66.0,Rhodotorula mucilaginosa,15.0,4,0.05878347737164433,35282.9
66.0,Rhodotorula mucilaginosa,20.0,4,0.11696822346633995,30663.775
66.0,Rhodotorula mucilaginosa,25.0,4,0.1512501704912147,28407.85
66.0,Rhodotorula mucilaginosa,30.0,4,0.17303694720750204,21626.449999999997
67.0,Rhodotorula mucilaginosa,0.0,4,0.05086099132131489,35786.27500000001
67.0,Rhodotorula mucilaginosa,5.0,4,0.09199588325428412,40753.875
67.0,Rhodotorula mucilaginosa,10.0,4,0.06582015996658705,36728.625
67.0,Rhodotorula mucilaginosa,15.0,4,0.07408141985331186,39545.799999999996
67.0,Rhodotorula mucilaginosa,20.0,4,0.05240395104439615,33787.674999999996
67.0,Rhodotorula mucilaginosa,25.0,4,0.1984173344368888,41521.25
67.0,Rhodotorula mucilaginosa,30.0,4,0.09918972586108948,28345.925000000003
68.0,Rhodotorula mucilaginosa,0.0,4,0.06000581972587205,34042.225000000006
68.0,Rhodotorula mucilaginosa,5.0,4,0.07281702136425235,44746.625
68.0,Rhodotorula mucilaginosa,10.0,4,0.0669516760375348,37702.174999999996
68.0,Rhodotorula mucilaginosa,15.0,4,0.13581420828661409,32881.4
68.0,Rhodotorula mucilaginosa,20.0,4,0.24681784109088753,31620.574999999997
68.0,Rhodotorula mucilaginosa,25.0,4,0.40459338265463873,28173.425000000003
68.0,Rhodotorula mucilaginosa,30.0,4,0.05748506664173536,22147.525
69.0,Rhodotorula mucilaginosa,0.0,4,0.10584072038026396,33500.0
69.0,Rhodotorula mucilaginosa,5.0,4,0.02240855181861231,41206.925
69.0,Rhodotorula mucilaginosa,10.0,4,0.035985772822431816,35995.22499999999
69.0,Rhodotorula mucilaginosa,15.0,4,0.038315592481517925,33023.175
69.0,Rhodotorula mucilaginosa,20.0,4,0.08395618905325154,28781.949999999997
69.0,Rhodotorula mucilaginosa,25.0,4,0.12178657214005631,28023.1
69.0,Rhodotorula mucilaginosa,30.0,4,0.19647597816617673,24564.099999999977
71.0,Rhodotorula dairenensis,0.0,4,0.1625534279041971,34165.200000000004
71.0,Rhodotorula dairenensis,5.0,4,0.10357637159035712,40260.424999999996
71.0,Rhodotorula dairenensis,10.0,4,0.05917824891284639,34815.775
71.0,Rhodotorula dairenensis,15.0,4,0.09372935692746519,31311.75
71.0,Rhodotorula dairenensis,20.0,4,0.07583965015112347,28552.449999999997
71.0,Rhodotorula dairenensis,25.0,4,0.09897840570636361,25390.4
71.0,Rhodotorula dairenensis,30.0,4,0.18357439579411503,16956.05
72.0,Rhodotorula mucilaginosa,0.0,3,0.04120537110540024,26040.2
72.0,Rhodotorula mucilaginosa,5.0,4,1.8082318027122626,31706.425000000003
72.0,Rhodotorula mucilaginosa,10.0,3,0.01141069066233259,30492.600000000002
72.0,Rhodotorula mucilaginosa,15.0,4,1.3618575622621594,28410.225
72.0,Rhodotorula mucilaginosa,20.0,4,0.8913606970188656,23840.399999999994
72.0,Rhodotorula mucilaginosa,25.0,4,0.6230507221806385,17614.949999999997
72.0,Rhodotorula mucilaginosa,30.0,4,0.7424753364626417,10323.075
73.0,Rhodotorula mucilaginosa,0.0,4,0.08474194072803637,31143.5
73.0,Rhodotorula mucilaginosa,5.0,4,0.04268278583704257,39866.4
73.0,Rhodotorula mucilaginosa,10.0,4,0.030470812448812796,36555.1
73.0,Rhodotorula mucilaginosa,15.0,4,0.04537041463311246,33334.45
73.0,Rhodotorula mucilaginosa,20.0,4,0.021801769002822782,31408.85
73.0,Rhodotorula mucilaginosa,25.0,4,0.07496455948537827,29501.399999999994
73.0,Rhodotorula mucilaginosa,30.0,4,0.1699383479793775,28033.824999999997
74.0,Rhodotorula mucilaginosa,0.0,4,0.03533363373268862,32513.850000000002
74.0,Rhodotorula mucilaginosa,5.0,4,0.0427197035849601,42964.9
74.0,Rhodotorula mucilaginosa,10.0,4,0.035623882333786556,38904.75
74.0,Rhodotorula mucilaginosa,15.0,4,0.06703984513472715,37866.875
74.0,Rhodotorula mucilaginosa,20.0,4,0.037617134611424755,36071.049999999996
74.0,Rhodotorula mucilaginosa,25.0,4,0.035317544655860386,33908.775
74.0,Rhodotorula mucilaginosa,30.0,4,0.05858391563427041,28969.175000000003
75.0,Rhodotorula mucilaginosa,0.0,4,0.09068124474976266,34790.0
75.0,Rhodotorula mucilaginosa,5.0,4,0.10794057933171562,42492.975000000006
75.0,Rhodotorula mucilaginosa,10.0,4,0.08032654143933288,38575.75
75.0,Rhodotorula mucilaginosa,15.0,4,0.07238234907492637,37781.649999999994
75.0,Rhodotorula mucilaginosa,20.0,4,0.14474413584709786,32741.100000000002
75.0,Rhodotorula mucilaginosa,25.0,4,0.12889456427623472,25721.275
75.0,Rhodotorula mucilaginosa,30.0,4,0.22458551279179761,19666.775
76.0,Rhodotorula mucilaginosa,0.0,4,0.08015392199573516,29811.050000000003
76.0,Rhodotorula mucilaginosa,5.0,4,0.0486528674109515,40133.975000000006
76.0,Rhodotorula mucilaginosa,10.0,4,0.0668836887650818,33452.875
76.0,Rhodotorula mucilaginosa,15.0,4,0.08249545513466174,30672.925
76.0,Rhodotorula mucilaginosa,20.0,4,0.1100509255111783,28348.949999999997
76.0,Rhodotorula mucilaginosa,25.0,4,0.1278629302898574,26189.4
76.0,Rhodotorula mucilaginosa,30.0,4,0.24160209587643028,22092.425000000003
77.0,Rhodotorula mucilaginosa,0.0,4,0.11441284852044996,31929.550000000007
77.0,Rhodotorula mucilaginosa,5.0,4,0.10667475259534989,41169.825
77.0,Rhodotorula mucilaginosa,10.0,4,0.12006632303146073,36088.325
77.0,Rhodotorula mucilaginosa,15.0,4,0.12887660176371216,33743.8
77.0,Rhodotorula mucilaginosa,20.0,4,0.12198435469491654,31645.65
77.0,Rhodotorula mucilaginosa,25.0,4,0.11584265603882853,30959.149999999998
77.0,Rhodotorula mucilaginosa,30.0,4,0.1311617447679029,26775.85
78.0,Rhodotorula mucilaginosa,0.0,4,0.1861113880400579,31267.600000000002
78.0,Rhodotorula mucilaginosa,5.0,4,0.11337118762670126,38139.5
78.0,Rhodotorula mucilaginosa,10.0,4,0.08622253825381428,33781.2
78.0,Rhodotorula mucilaginosa,15.0,4,0.09190605619678983,33239.274999999994
78.0,Rhodotorula mucilaginosa,20.0,4,0.06120111997988104,30622.999999999996
78.0,Rhodotorula mucilaginosa,25.0,4,0.05678816421130671,25026.8
78.0,Rhodotorula mucilaginosa,30.0,4,0.2648164081661559,16897.800000000003
79.0,Rhodotorula mucilaginosa,0.0,4,0.10212686965686274,28368.5
79.0,Rhodotorula mucilaginosa,5.0,4,0.05886380140600028,35106.65000000001
79.0,Rhodotorula mucilaginosa,10.0,4,0.09604639370626866,29789.875
79.0,Rhodotorula mucilaginosa,15.0,4,0.09372705158647797,29068.775
79.0,Rhodotorula mucilaginosa,20.0,4,0.12240322144791321,21873.4
79.0,Rhodotorula mucilaginosa,25.0,4,0.22498714966019648,13628.974999999999
79.0,Rhodotorula mucilaginosa,30.0,4,0.2565420136259144,6853.950000000001
80.0,Rhodotorula pacifica,0.0,4,0.07524106239296732,29362.225
80.0,Rhodotorula pacifica,5.0,4,0.07990450209977468,42111.35
80.0,Rhodotorula pacifica,10.0,4,0.09841290134477453,37278.125
80.0,Rhodotorula pacifica,15.0,4,0.09197706767158452,33176.375
80.0,Rhodotorula pacifica,20.0,4,0.08568269948786573,29740.199999999997
80.0,Rhodotorula pacifica,25.0,4,0.37205894215871455,33400.05
80.0,Rhodotorula pacifica,30.0,4,0.16070143984217672,21924.799999999996
81.0,Rhodotorula mucilaginosa,0.0,4,0.029741986085243304,27641.525
81.0,Rhodotorula mucilaginosa,5.0,4,0.05647651338001922,35434.075000000004
81.0,Rhodotorula mucilaginosa,10.0,4,0.041778026538718795,32881.05
81.0,Rhodotorula mucilaginosa,15.0,4,0.06662154124475295,31114.700000000004
81.0,Rhodotorula mucilaginosa,20.0,4,0.12231233946849293,28426.699999999997
81.0,Rhodotorula mucilaginosa,25.0,4,0.21160431259547113,22188.075
81.0,Rhodotorula mucilaginosa,30.0,4,0.2788044258485208,19929.00000000005
83.0,Rhodotorula mucilaginosa,0.0,4,0.8556205526316885,26596.25
83.0,Rhodotorula mucilaginosa,5.0,4,0.8232233618641941,32433.0
83.0,Rhodotorula mucilaginosa,10.0,4,0.7915202248007143,31279.200000000004
83.0,Rhodotorula mucilaginosa,15.0,4,0.575097484412659,29814.449999999997
83.0,Rhodotorula mucilaginosa,20.0,4,0.16119061472771667,26322.200000000004
83.0,Rhodotorula mucilaginosa,25.0,4,0.9588973220093623,18247.525
83.0,Rhodotorula mucilaginosa,30.0,4,0.30271413278769693,9219.45
84.0,Rhodotorula paludigena,0.0,2,1.763643465375584,19570.950000000004
84.0,Rhodotorula paludigena,5.0,2,2.0963935929693562,24460.475000000002
84.0,Rhodotorula paludigena,10.0,2,2.024040963701308,19331.600000000002
84.0,Rhodotorula paludigena,15.0,3,1.5307512317131315,326.0
84.0,Rhodotorula paludigena,20.0,4,1.0130453947314426,1494.85
84.0,Rhodotorula paludigena,25.0,4,0.32958771017688815,1916.3124999999995
84.0,Rhodotorula paludigena,30.0,4,0.18734763588894507,1804.8500000000001
85.0,Rhodotorula paludigena,0.0,3,1.3026220996012092,23986.45
85.0,Rhodotorula paludigena,5.0,2,0.007062048905562556,40773.250000000044
85.0,Rhodotorula paludigena,10.0,2,0.09238119563260602,32998.024999999994
85.0,Rhodotorula paludigena,15.0,3,1.4625925753433318,30174.60000000003
85.0,Rhodotorula paludigena,20.0,3,0.48551910692970723,37457.799999999996
85.0,Rhodotorula paludigena,25.0,4,1.1084404716516079,14959.774999999998
85.0,Rhodotorula paludigena,30.0,4,0.6761480577328911,11142.0125
86.0,Rhodotorula mucilaginosa,0.0,4,0.159928966752609,33304.725000000006
86.0,Rhodotorula mucilaginosa,5.0,4,0.07855360638600219,39964.15000000001
86.0,Rhodotorula mucilaginosa,10.0,4,0.046279525699642894,33351.275
86.0,Rhodotorula mucilaginosa,15.0,4,0.05013440553330411,30628.55
86.0,Rhodotorula mucilaginosa,20.0,4,0.10025105912658488,20585.774999999994
86.0,Rhodotorula mucilaginosa,25.0,4,0.17709048472320477,19734.574999999997
86.0,Rhodotorula mucilaginosa,30.0,4,0.38489679328899706,12411.15
88.0,Rhodotorula toruloides,0.0,4,0.9142703427443741,26324.550000000003
88.0,Rhodotorula toruloides,5.0,4,1.1951217862659667,26591.5
88.0,Rhodotorula toruloides,10.0,4,1.512768237955835,27125.62500000001
88.0,Rhodotorula toruloides,15.0,3,0.1961479409897614,27199.100000000002
88.0,Rhodotorula toruloides,20.0,4,1.1731094013163788,21700.800000000007
88.0,Rhodotorula toruloides,25.0,4,0.6865978096125508,37261.55
88.0,Rhodotorula toruloides,30.0,4,1.2713534329864147,7131.9
89.0,Rhodotorula mucilaginosa,0.0,4,0.7192729519833827,26067.025
89.0,Rhodotorula mucilaginosa,5.0,4,0.8245193533242678,36806.375
89.0,Rhodotorula mucilaginosa,10.0,4,0.8288819720432337,34220.274999999994
89.0,Rhodotorula mucilaginosa,15.0,4,0.7949037844023547,34145.025
89.0,Rhodotorula mucilaginosa,20.0,4,0.8000699478820792,33151.9
89.0,Rhodotorula mucilaginosa,25.0,4,0.7543935248364505,28393.049999999996
89.0,Rhodotorula mucilaginosa,30.0,4,0.5815341081425022,24885.800000000003
91.0,Rhodotorula diobovata,0.0,4,0.09926245396894319,23498.825
91.0,Rhodotorula diobovata,5.0,4,0.18136312193676937,27184.550000000003
91.0,Rhodotorula diobovata,10.0,4,0.18828540755369833,23539.724999999995
91.0,Rhodotorula diobovata,15.0,4,0.21288411214985087,20791.375
91.0,Rhodotorula diobovata,20.0,4,0.14702220224363072,16042.025000000001
91.0,Rhodotorula diobovata,25.0,4,0.3023009966467278,11070.32500000004
91.0,Rhodotorula diobovata,30.0,4,0.32298454451760805,4015.075
92.0,Rhodotorula taiwanensis,0.0,4,0.11034449264412485,25861.425000000003
92.0,Rhodotorula taiwanensis,5.0,4,0.11212066217035681,27628.675000000003
92.0,Rhodotorula taiwanensis,10.0,4,0.14557268347188454,19213.999999999996
92.0,Rhodotorula taiwanensis,15.0,4,0.17320029348485438,16535.550000000003
92.0,Rhodotorula taiwanensis,20.0,4,0.24450329223776043,13670.5
92.0,Rhodotorula taiwanensis,25.0,4,0.4167150695171728,8886.85
92.0,Rhodotorula taiwanensis,30.0,4,0.43179244672543843,1785.1499999999999
93.0,Rhodotorula paludigena,0.0,4,0.695447764007008,25998.074999999997
93.0,Rhodotorula paludigena,5.0,4,1.153593205087233,21734.824999999997
93.0,Rhodotorula paludigena,10.0,4,0.923764347736784,19464.97499999999
93.0,Rhodotorula paludigena,15.0,4,1.2541842154594522,10398.6
93.0,Rhodotorula paludigena,20.0,4,0.5282827816688366,13116.25
93.0,Rhodotorula paludigena,25.0,4,0.7202349302896334,7676.75
93.0,Rhodotorula paludigena,30.0,4,0.9449923592336512,1830.025
94.0,Rhodotorula paludigena,0.0,2,2.3308979095139404,21777.075
94.0,Rhodotorula paludigena,5.0,2,1.4959175898720398,25126.0
94.0,Rhodotorula paludigena,20.0,4,0.9598453830016868,1392.2375
94.0,Rhodotorula paludigena,25.0,4,1.1675351210410292,620.625
94.0,Rhodotorula paludigena,30.0,3,1.1067009696799412,1015.1
95.0,Rhodotorula mucilaginosa,0.0,4,0.3216549441278512,35169.125
95.0,Rhodotorula mucilaginosa,5.0,4,0.07894598274265315,42822.0
95.0,Rhodotorula mucilaginosa,10.0,4,0.08404112997063556,38859.85
95.0,Rhodotorula mucilaginosa,15.0,4,0.06752367983582463,35592.15
95.0,Rhodotorula mucilaginosa,20.0,4,0.11880419418038972,36445.69999999999
95.0,Rhodotorula mucilaginosa,25.0,4,0.19910852235159343,34694.2
95.0,Rhodotorula mucilaginosa,30.0,4,0.34669404636208867,30343.299999999996
96.0,Rhodotorula toruloides,0.0,4,0.10476386890293442,30613.850000000002
96.0,Rhodotorula toruloides,5.0,4,0.17176421708973538,25555.2
96.0,Rhodotorula toruloides,10.0,4,0.1743516700589995,26462.174999999996
96.0,Rhodotorula toruloides,15.0,4,1.3830376011392287,21311.35
96.0,Rhodotorula toruloides,20.0,3,0.3819217493974576,28654.7
96.0,Rhodotorula toruloides,25.0,4,0.3919904983218544,27761.025
96.0,Rhodotorula toruloides,30.0,4,0.6004462867045696,22110.425
97.0,Rhodotorula mucilaginosa,0.0,4,0.14145179080781403,28985.325
97.0,Rhodotorula mucilaginosa,5.0,4,0.06888810153245553,37230.675
97.0,Rhodotorula mucilaginosa,10.0,4,0.06277468555327184,33337.575
97.0,Rhodotorula mucilaginosa,15.0,4,0.09823862074279571,34742.6
97.0,Rhodotorula mucilaginosa,20.0,4,0.10841244892478664,34710.6
97.0,Rhodotorula mucilaginosa,25.0,4,0.17138787849341924,31479.225
97.0,Rhodotorula mucilaginosa,30.0,4,0.25728305610883384,24299.275
98.0,Rhodotorula mucilaginosa,0.0,4,0.1388276302764407,38025.775
98.0,Rhodotorula mucilaginosa,5.0,4,0.059966557160950305,44581.600000000006
98.0,Rhodotorula mucilaginosa,10.0,4,0.06692596649987159,40612.649999999994
98.0,Rhodotorula mucilaginosa,15.0,4,0.04997153042445888,37681.75
98.0,Rhodotorula mucilaginosa,20.0,4,0.30904037131306245,41770.675
98.0,Rhodotorula mucilaginosa,25.0,4,0.11066503270277896,35281.15
98.0,Rhodotorula mucilaginosa,30.0,4,0.09626742995914164,23412.15
99.0,Rhodotorula mucilaginosa,0.0,4,0.09730287455501796,38020.4
99.0,Rhodotorula mucilaginosa,5.0,4,0.0871832398223425,49056.425
99.0,Rhodotorula mucilaginosa,10.0,4,0.018998206307189753,41168.39999999999
99.0,Rhodotorula mucilaginosa,15.0,4,0.025039210706009295,38767.05
99.0,Rhodotorula mucilaginosa,20.0,4,0.028675250511620922,36900.525
99.0,Rhodotorula mucilaginosa,25.0,4,0.055314055187565964,31361.775
99.0,Rhodotorula mucilaginosa,30.0,4,0.17539221673438046,21462.100000000002
100.0,Rhodotorula mucilaginosa,0.0,4,0.11251921486290634,37410.625
100.0,Rhodotorula mucilaginosa,5.0,4,0.06555239568783229,49130.175
100.0,Rhodotorula mucilaginosa,10.0,4,0.057365044288379644,46275.575000000004
100.0,Rhodotorula mucilaginosa,15.0,4,0.0590787757154547,43986.27500000001
100.0,Rhodotorula mucilaginosa,20.0,4,0.03560178534270669,41133.525
100.0,Rhodotorula mucilaginosa,25.0,4,0.060145636959544925,30090.850000000002
100.0,Rhodotorula mucilaginosa,30.0,4,0.20809658945818654,12995.100000000002
101.0,Rhodotorula sphaerocarpa,0.0,2,1.869332024234406,19015.05
101.0,Rhodotorula sphaerocarpa,5.0,3,1.5689140703762394,122.14999999999999
101.0,Rhodotorula sphaerocarpa,10.0,2,0.09096417329082983,36963.04999999999
101.0,Rhodotorula sphaerocarpa,15.0,3,1.7654953665786632,35.6
101.0,Rhodotorula sphaerocarpa,20.0,4,1.090562711131854,453.79999999999995
101.0,Rhodotorula sphaerocarpa,25.0,4,1.8154409628981,8710.2875
101.0,Rhodotorula sphaerocarpa,30.0,3,0.8171644210145165,576.2
102.0,Rhodotorula paludigena,0.0,3,1.7954746115085318,23762.5
102.0,Rhodotorula paludigena,5.0,2,1.0688073231150537,20236.075
102.0,Rhodotorula paludigena,10.0,3,1.2578484717385146,500.0
102.0,Rhodotorula paludigena,15.0,2,1.2258918464589907,17981.925
102.0,Rhodotorula paludigena,20.0,3,1.5383901242064801,524.1999999999998
102.0,Rhodotorula paludigena,25.0,4,1.0864960367772385,1417.9999999999998
102.0,Rhodotorula paludigena,30.0,4,0.894622079365788,16112.5625
103.0,Rhodotorula paludigena,0.0,2,1.632862504136262,15124.900000000001
103.0,Rhodotorula paludigena,5.0,2,1.821956547726765,15281.525000000001
103.0,Rhodotorula paludigena,10.0,2,1.6531588537326904,15513.475
103.0,Rhodotorula paludigena,15.0,2,1.81487969053949,15876.950000000003
103.0,Rhodotorula paludigena,20.0,4,1.5128336087797698,172.9875
103.0,Rhodotorula paludigena,25.0,4,1.35250789658849,5018.4
103.0,Rhodotorula paludigena,30.0,4,1.1569448467912686,1866.5625
104.0,Rhodotorula mucilaginosa,0.0,4,0.08092927463155906,34864.575000000004
104.0,Rhodotorula mucilaginosa,5.0,4,0.057778763722939476,43335.125
104.0,Rhodotorula mucilaginosa,10.0,4,0.059159038145239706,41162.29999999999
104.0,Rhodotorula mucilaginosa,15.0,4,0.03817364647111568,40739.950000000004
104.0,Rhodotorula mucilaginosa,20.0,4,0.07726298910014047,36054.475
104.0,Rhodotorula mucilaginosa,25.0,4,0.13789571506093168,37322.700000000004
104.0,Rhodotorula mucilaginosa,30.0,4,0.18962367644426614,24471.025
105.0,Rhodotorula toruloides,0.0,3,0.19853999860549448,32216.800000000003
105.0,Rhodotorula toruloides,5.0,4,0.8613793137142838,31386.925000000003
105.0,Rhodotorula toruloides,10.0,4,1.0050799472306955,26254.574999999997
105.0,Rhodotorula toruloides,15.0,4,1.0610454067490362,21658.225000000002
105.0,Rhodotorula toruloides,20.0,4,0.7575082418892553,13458.25
105.0,Rhodotorula toruloides,25.0,4,0.5741029264554627,7051.9
105.0,Rhodotorula toruloides,30.0,4,0.9811444234960549,5680.6249999999945
106.0,Rhodotorula mucilaginosa,0.0,4,0.028037246710921383,33289.675
106.0,Rhodotorula mucilaginosa,5.0,4,0.07464542063030694,35791.850000000006
106.0,Rhodotorula mucilaginosa,10.0,4,0.059544556806771155,32712.0
106.0,Rhodotorula mucilaginosa,15.0,4,0.0702604047910176,29684.475
106.0,Rhodotorula mucilaginosa,20.0,4,0.15163181352650976,26202.35
106.0,Rhodotorula mucilaginosa,25.0,4,0.21726445884905052,15952.875
106.0,Rhodotorula mucilaginosa,30.0,4,0.28817113538270844,8882.474999999999
107.0,Rhodotorula mucilaginosa,0.0,4,0.07186617609617821,42137.0
107.0,Rhodotorula mucilaginosa,5.0,4,0.03567017480233561,53060.725000000006
107.0,Rhodotorula mucilaginosa,10.0,4,0.043112703666251966,44334.24999999999
107.0,Rhodotorula mucilaginosa,15.0,4,0.028559806541406763,43440.350000000006
107.0,Rhodotorula mucilaginosa,20.0,4,0.04680798797393046,40709.575
107.0,Rhodotorula mucilaginosa,25.0,4,0.033961288500273606,36627.95
107.0,Rhodotorula mucilaginosa,30.0,4,0.07165321534481717,29146.575000000004
108.0,Rhodotorula mucilaginosa,0.0,4,0.08521223397359716,36942.575000000004
108.0,Rhodotorula mucilaginosa,5.0,4,0.07843381829347813,38973.675
108.0,Rhodotorula mucilaginosa,10.0,4,0.10223950436093496,35531.75
108.0,Rhodotorula mucilaginosa,15.0,4,0.13376093744571305,32905.525
108.0,Rhodotorula mucilaginosa,20.0,4,0.09327782975637978,31851.950000000004
108.0,Rhodotorula mucilaginosa,25.0,4,0.14256963884881468,21037.65
108.0,Rhodotorula mucilaginosa,30.0,4,0.18460497401578504,12041.150000000001
109.0,Rhodotorula mucilaginosa,0.0,4,0.09019044878042562,30899.750000000004
109.0,Rhodotorula mucilaginosa,5.0,4,0.08649273447419548,39953.675
109.0,Rhodotorula mucilaginosa,10.0,4,0.10371725479123142,36670.774999999994
109.0,Rhodotorula mucilaginosa,15.0,4,0.07609974022583436,36246.625
109.0,Rhodotorula mucilaginosa,20.0,4,0.05209190238054236,33264.850000000006
109.0,Rhodotorula mucilaginosa,25.0,4,0.1955010316219505,36194.55
109.0,Rhodotorula mucilaginosa,30.0,4,0.19081331713377087,24869.95
110.0,Rhodotorula sp. clade I,0.0,4,0.9185478128676594,5610.525000000001
110.0,Rhodotorula sp. clade I,5.0,4,1.3716822614886643,6556.225
110.0,Rhodotorula sp. clade I,10.0,4,0.8334932912388652,4590.75
110.0,Rhodotorula sp. clade I,15.0,4,1.4018807513744922,2811.175
110.0,Rhodotorula sp. clade I,20.0,3,0.85499166809513,1199.4500000000003
110.0,Rhodotorula sp. clade I,25.0,4,1.00395084483763,1456.3250000000003
110.0,Rhodotorula sp. clade I,30.0,4,0.2501242085391071,4040.0750000000025
111.0,Rhodotorula diobovata,0.0,4,0.13278947253780768,23839.1
111.0,Rhodotorula diobovata,5.0,4,0.1299720637813537,29796.300000000003
111.0,Rhodotorula diobovata,10.0,4,0.14485204527284293,25908.099999999995
111.0,Rhodotorula diobovata,15.0,4,0.1872950618836861,21582.775
111.0,Rhodotorula diobovata,20.0,4,0.2118766658265051,19062.1
111.0,Rhodotorula diobovata,25.0,4,0.3939956428545304,7778.775000000001
111.0,Rhodotorula diobovata,30.0,4,1.1195913055454456,1993.6125000000002
112.0,Rhodotorula sp. clade I,0.0,3,1.8656698666718885,1600.5500000000002
112.0,Rhodotorula sp. clade I,10.0,4,1.4014112233695937,103.52499999999999
112.0,Rhodotorula sp. clade I,15.0,3,1.4223868695211916,532.0
112.0,Rhodotorula sp. clade I,20.0,4,1.2089243730251251,575.0
112.0,Rhodotorula sp. clade I,25.0,4,0.8962660621561843,662.825
112.0,Rhodotorula sp. clade I,30.0,3,1.3699132540213723,882.9499999999997
113.0,Rhodotorula mucilaginosa,0.0,4,0.34775070871642577,39917.350000000006
113.0,Rhodotorula mucilaginosa,5.0,4,0.12351429139387775,41816.7
113.0,Rhodotorula mucilaginosa,10.0,4,0.0738952998000134,37515.72499999999
113.0,Rhodotorula mucilaginosa,15.0,4,0.04727257283568868,35577.275
113.0,Rhodotorula mucilaginosa,20.0,4,0.05020786170958003,35343.075
113.0,Rhodotorula mucilaginosa,25.0,4,0.09109298846948473,30136.849999999995
113.0,Rhodotorula mucilaginosa,30.0,4,0.2457981552021224,24711.925000000003
114.0,Rhodotorula toruloides,0.0,4,0.8969992359485768,25809.125
114.0,Rhodotorula toruloides,5.0,4,1.302000507850002,27125.300000000003
114.0,Rhodotorula toruloides,10.0,4,1.1843869792269108,22609.8
114.0,Rhodotorula toruloides,15.0,4,0.857665079258331,20154.0
114.0,Rhodotorula toruloides,20.0,4,0.48517567986345744,18264.675000000003
114.0,Rhodotorula toruloides,25.0,4,0.6599755748545555,6302.4
114.0,Rhodotorula toruloides,30.0,4,1.5783333930081433,9142.35
115.0,Rhodotorula mucilaginosa,0.0,3,0.06851129544631038,36859.8
115.0,Rhodotorula mucilaginosa,5.0,3,0.06127519208786226,41543.0
115.0,Rhodotorula mucilaginosa,10.0,3,0.09722016907010789,40923.29999999998
115.0,Rhodotorula mucilaginosa,15.0,3,0.07064719185241468,36761.75
115.0,Rhodotorula mucilaginosa,20.0,3,0.03407852682869894,36300.6
115.0,Rhodotorula mucilaginosa,25.0,4,1.7385850613194054,30764.949999999997
115.0,Rhodotorula mucilaginosa,30.0,4,1.2121106343934234,24467.800000000003
116.0,Rhodotorula mucilaginosa,0.0,4,0.12223796766553308,32148.025
116.0,Rhodotorula mucilaginosa,5.0,4,0.09985692211790291,37603.524999999994
116.0,Rhodotorula mucilaginosa,10.0,4,0.09999004998453252,30171.84999999999
116.0,Rhodotorula mucilaginosa,15.0,4,0.15874232626456927,24918.1
116.0,Rhodotorula mucilaginosa,20.0,4,0.21149199829772972,15635.699999999999
116.0,Rhodotorula mucilaginosa,25.0,4,0.3721024821912854,6577.4
116.0,Rhodotorula mucilaginosa,30.0,4,1.1144651012971,6095.499999999999
117.0,Rhodotorula mucilaginosa,0.0,4,0.1051319678008074,32264.425000000003
117.0,Rhodotorula mucilaginosa,5.0,4,0.045000830227173355,41972.725000000006
117.0,Rhodotorula mucilaginosa,10.0,4,0.0651144445121016,35055.15
117.0,Rhodotorula mucilaginosa,15.0,4,0.04917085977983571,33784.175
117.0,Rhodotorula mucilaginosa,20.0,4,0.07150266323416435,27951.074999999997
117.0,Rhodotorula mucilaginosa,25.0,4,0.12133559525327074,21112.625
117.0,Rhodotorula mucilaginosa,30.0,4,0.17945894275848392,14141.075
118.0,Rhodotorula taiwanensis,0.0,4,0.00951319378100438,28882.675000000003
118.0,Rhodotorula taiwanensis,5.0,4,0.08318837354690745,28462.175000000003
118.0,Rhodotorula taiwanensis,10.0,4,0.09595664633524831,19917.374999999996
118.0,Rhodotorula taiwanensis,15.0,4,0.1416272869116817,14620.975000000002
118.0,Rhodotorula taiwanensis,20.0,4,0.5604637727184713,8972.575
118.0,Rhodotorula taiwanensis,25.0,4,0.6929868838793226,6530.875
118.0,Rhodotorula taiwanensis,30.0,4,0.39984174282404283,849.7499999999997
119.0,Rhodotorula sp. clade I,0.0,4,0.11118394442940596,45231.275
119.0,Rhodotorula sp. clade I,5.0,4,0.07620565849015591,49050.175
119.0,Rhodotorula sp. clade I,10.0,4,0.06840488360902248,41793.299999999996
119.0,Rhodotorula sp. clade I,15.0,4,0.04186098165775189,33271.75
119.0,Rhodotorula sp. clade I,20.0,4,0.12698436585718761,25912.699999999997
119.0,Rhodotorula sp. clade I,25.0,4,0.1597772083365254,19602.65
119.0,Rhodotorula sp. clade I,30.0,4,0.3450226693359437,11633.55
120.0,Rhodotorula diobovata,0.0,4,0.7274476283622303,27294.800000000003
120.0,Rhodotorula diobovata,5.0,4,1.0056194946752688,28571.550000000003
120.0,Rhodotorula diobovata,10.0,4,1.545788549675926,18524.75
120.0,Rhodotorula diobovata,15.0,4,0.8242405516534471,12915.925000000001
120.0,Rhodotorula diobovata,20.0,4,0.5449437453512436,18544.112499999996
120.0,Rhodotorula diobovata,25.0,4,0.8190678501669398,7516.525000000001
120.0,Rhodotorula diobovata,30.0,4,0.805502071736367,2964.3
121.0,Rhodotorula paludigena,0.0,3,1.1758904117071778,1131.2500000000002
121.0,Rhodotorula paludigena,5.0,3,1.0660317248875912,998.2500000000001
121.0,Rhodotorula paludigena,10.0,3,1.1307306663860783,644.5
121.0,Rhodotorula paludigena,15.0,3,0.910601938015387,752.6
121.0,Rhodotorula paludigena,20.0,3,0.8325275488243401,835.0
121.0,Rhodotorula paludigena,25.0,4,0.8978375055791343,1140.9625
121.0,Rhodotorula paludigena,30.0,4,0.9988048003250735,3452.0999999999995
122.0,Rhodotorula sp. clade I,0.0,2,2.245048912463992,18714.525
122.0,Rhodotorula sp. clade I,20.0,3,1.421887614590515,147.0
122.0,Rhodotorula sp. clade I,25.0,4,1.3646493963105257,1338.7875
122.0,Rhodotorula sp. clade I,30.0,3,0.9202663693665734,1308.2749999999999
123.0,Rhodotorula sp. clade I,0.0,4,0.2862494132189435,14397.825
123.0,Rhodotorula sp. clade I,5.0,4,0.8541512667569253,9265.9
123.0,Rhodotorula sp. clade I,10.0,4,1.2356308794569002,4465.775
123.0,Rhodotorula sp. clade I,15.0,4,0.9366978212367197,2821.1250000000005
123.0,Rhodotorula sp. clade I,20.0,4,0.8081903215560822,1551.35
123.0,Rhodotorula sp. clade I,25.0,4,1.308960772797201,686.9749999999985
123.0,Rhodotorula sp. clade I,30.0,4,1.0330305324633318,2364.0249999999996
124.0,Rhodotorula mucilaginosa,0.0,4,0.044015233846382305,32150.175000000003
124.0,Rhodotorula mucilaginosa,5.0,4,0.097195760590151,44423.225000000006
124.0,Rhodotorula mucilaginosa,10.0,4,0.08021347883376481,35372.12499999999
124.0,Rhodotorula mucilaginosa,15.0,4,0.0298354175641017,32893.700000000004
124.0,Rhodotorula mucilaginosa,20.0,4,0.22608976516601648,28929.525
124.0,Rhodotorula mucilaginosa,25.0,4,0.377678803420029,22094.5
124.0,Rhodotorula mucilaginosa,30.0,4,0.4038949450112344,4126.15
125.0,Rhodotorula mucilaginosa,0.0,4,0.10572243834526567,39808.225000000006
125.0,Rhodotorula mucilaginosa,5.0,4,0.052400868409731814,48074.65
125.0,Rhodotorula mucilaginosa,10.0,4,0.05001106126145044,42213.325
125.0,Rhodotorula mucilaginosa,15.0,4,0.03751177937564339,40795.075000000004
125.0,Rhodotorula mucilaginosa,20.0,4,0.05025605228111981,38743.24999999994
125.0,Rhodotorula mucilaginosa,25.0,4,0.13264473856578007,27853.725000000002
125.0,Rhodotorula mucilaginosa,30.0,4,0.5306341172322833,12734.7
126.0,Rhodotorula mucilaginosa,0.0,4,0.056005180270827286,39169.100000000006
126.0,Rhodotorula mucilaginosa,5.0,4,0.02012925466893181,49153.275
126.0,Rhodotorula mucilaginosa,10.0,4,0.030994361317876237,45001.675
126.0,Rhodotorula mucilaginosa,15.0,4,0.021542089523989578,41074.75
126.0,Rhodotorula mucilaginosa,20.0,4,0.08843367714146971,38433.675
126.0,Rhodotorula mucilaginosa,25.0,4,0.13225079116679536,34376.600000000006
126.0,Rhodotorula mucilaginosa,30.0,4,0.3480227981057371,27553.125
127.0,Rhodotorula mucilaginosa,0.0,4,0.08350231032967977,34757.375
127.0,Rhodotorula mucilaginosa,5.0,4,0.041056662714889364,43502.975000000006
127.0,Rhodotorula mucilaginosa,10.0,4,0.05191396119852595,38052.92499999999
127.0,Rhodotorula mucilaginosa,15.0,4,0.06644348308542339,34274.0
127.0,Rhodotorula mucilaginosa,20.0,4,0.048882470276613514,30509.862499999992
127.0,Rhodotorula mucilaginosa,25.0,4,0.1742972691880244,22598.425000000003
127.0,Rhodotorula mucilaginosa,30.0,4,0.3097369946585835,16192.975000000064
128.0,Rhodotorula graminis,0.0,2,0.6308071770232337,21779.625000000004
128.0,Rhodotorula graminis,5.0,2,0.3083050096853762,24303.800000000003
128.0,Rhodotorula graminis,10.0,2,0.5570526578248868,19144.825
128.0,Rhodotorula graminis,15.0,2,2.4806757430802,19341.55
128.0,Rhodotorula graminis,20.0,4,1.0934090449826177,540.55
128.0,Rhodotorula graminis,25.0,4,1.317761560031303,112.05
128.0,Rhodotorula graminis,30.0,4,1.0734207445875632,9088.025
129.0,Rhodotorula mucilaginosa,0.0,4,0.11425168630296557,32700.675000000003
129.0,Rhodotorula mucilaginosa,5.0,4,0.02773826078250609,48364.575
129.0,Rhodotorula mucilaginosa,10.0,4,0.13182345780729113,39569.075
129.0,Rhodotorula mucilaginosa,15.0,4,0.297501560295511,38510.175
129.0,Rhodotorula mucilaginosa,20.0,4,0.5356066105731472,34979.35
129.0,Rhodotorula mucilaginosa,25.0,4,0.5836087267004983,28123.549999999996
129.0,Rhodotorula mucilaginosa,30.0,4,0.5341926009257006,17718.65
130.0,Rhodotorula mucilaginosa,0.0,4,0.2761539300723916,34067.3
130.0,Rhodotorula mucilaginosa,5.0,4,0.06454389918521082,43463.95
130.0,Rhodotorula mucilaginosa,10.0,4,0.06763314501429843,41116.2
130.0,Rhodotorula mucilaginosa,15.0,4,0.06379519010933733,40837.15
130.0,Rhodotorula mucilaginosa,20.0,4,0.22636972931180943,42613.15000000001
130.0,Rhodotorula mucilaginosa,25.0,4,0.050707240247139594,39440.45
130.0,Rhodotorula mucilaginosa,30.0,4,0.06661857281376109,36748.700000000004
131.0,Rhodotorula mucilaginosa,0.0,4,0.17863199115903836,25898.450000000004
131.0,Rhodotorula mucilaginosa,5.0,4,0.09764453268802065,41245.025
131.0,Rhodotorula mucilaginosa,10.0,4,0.13098816647162545,37921.65
131.0,Rhodotorula mucilaginosa,15.0,4,0.11871155256452749,38572.25
131.0,Rhodotorula mucilaginosa,20.0,4,0.08910285716022517,34014.125
131.0,Rhodotorula mucilaginosa,25.0,4,0.09917531764919196,26530.125
131.0,Rhodotorula mucilaginosa,30.0,4,0.15362845454669177,22351.575
133.0,Rhodotorula mucilaginosa,0.0,4,0.08342623611623698,32618.025
133.0,Rhodotorula mucilaginosa,5.0,4,0.01251939436179788,40490.95
133.0,Rhodotorula mucilaginosa,10.0,4,0.0458350863276598,38086.049999999996
133.0,Rhodotorula mucilaginosa,15.0,4,0.043630985719131966,37792.675
133.0,Rhodotorula mucilaginosa,20.0,4,0.08146897006874171,37973.100000000006
133.0,Rhodotorula mucilaginosa,25.0,4,0.06331169197417319,32516.85
133.0,Rhodotorula mucilaginosa,30.0,4,0.10233395962959088,30599.775
134.0,Rhodotorula mucilaginosa,0.0,4,0.08317324769572386,35967.075
134.0,Rhodotorula mucilaginosa,5.0,4,0.10169106410754936,47999.275
134.0,Rhodotorula mucilaginosa,10.0,4,0.073470646504378,40503.29999999999
134.0,Rhodotorula mucilaginosa,15.0,4,0.093141445676186,38371.425
134.0,Rhodotorula mucilaginosa,20.0,4,0.1863011362229286,36810.84999999999
134.0,Rhodotorula mucilaginosa,25.0,4,0.38088474001952527,32679.375
134.0,Rhodotorula mucilaginosa,30.0,4,0.8889244331961087,26652.600000000002
135.0,Rhodotorula mucilaginosa,0.0,4,0.03891053732384657,29239.300000000003
135.0,Rhodotorula mucilaginosa,5.0,4,0.08335980229850937,44353.90000000001
135.0,Rhodotorula mucilaginosa,10.0,4,0.0631659592738292,47448.44999999999
135.0,Rhodotorula mucilaginosa,15.0,4,0.054839573987462045,40361.625
135.0,Rhodotorula mucilaginosa,20.0,4,0.038380358459037485,37947.6
135.0,Rhodotorula mucilaginosa,25.0,4,0.09927792658743118,31213.15
135.0,Rhodotorula mucilaginosa,30.0,4,0.1484458885603296,18355.575
136.0,Rhodotorula sphaerocarpa,0.0,4,0.6616211521327929,10020.525000000007
136.0,Rhodotorula sphaerocarpa,5.0,4,0.89173424225132,13042.050000000001
136.0,Rhodotorula sphaerocarpa,10.0,4,0.769830194981997,12056.149999999996
136.0,Rhodotorula sphaerocarpa,15.0,4,0.6980329150216648,16381.724999999999
136.0,Rhodotorula sphaerocarpa,20.0,4,0.5826568392867882,14159.549999999997
136.0,Rhodotorula sphaerocarpa,25.0,4,0.991982335847002,13114.1
136.0,Rhodotorula sphaerocarpa,30.0,3,0.5020850804307823,4608.05
137.0,Rhodotorula taiwanensis,0.0,4,0.06388014867022022,28397.225000000002
137.0,Rhodotorula taiwanensis,5.0,4,0.12101852377402755,35727.15
137.0,Rhodotorula taiwanensis,10.0,4,0.2619801337694478,33353.275
137.0,Rhodotorula taiwanensis,15.0,4,0.31646495818434717,31382.350000000002
137.0,Rhodotorula taiwanensis,20.0,4,0.45450341777468656,29907.75
137.0,Rhodotorula taiwanensis,25.0,4,0.560161620155317,21840.5
137.0,Rhodotorula taiwanensis,30.0,4,0.86024876614902,13685.050000000001
138.0,Rhodotorula paludigena,0.0,2,0.7134529081861052,12607.1
138.0,Rhodotorula paludigena,5.0,2,1.0448019929150707,16120.725
138.0,Rhodotorula paludigena,15.0,2,1.0456954327816173,15247.400000000001
138.0,Rhodotorula paludigena,20.0,3,1.046711822272165,817.525
138.0,Rhodotorula paludigena,25.0,4,1.2685830440936745,117.55
138.0,Rhodotorula paludigena,30.0,4,1.152062152306647,441.99999999999994
139.0,Rhodotorula sp. clade I,0.0,4,0.3661029627532852,33510.75
139.0,Rhodotorula sp. clade I,5.0,4,1.545036465182988,41438.90000000001
139.0,Rhodotorula sp. clade I,10.0,4,0.1682287900809461,37779.72499999999
139.0,Rhodotorula sp. clade I,15.0,4,0.857529677862858,37969.625
139.0,Rhodotorula sp. clade I,20.0,4,1.4304979835413207,32211.700000000004
139.0,Rhodotorula sp. clade I,25.0,4,1.2446911688481725,23516.050000000003
139.0,Rhodotorula sp. clade I,30.0,4,1.1006807210879563,14784.875
140.0,Rhodotorula sp. clade I,0.0,3,0.923311626815664,12320.900000000001
140.0,Rhodotorula sp. clade I,5.0,3,0.7165132954751959,11279.7
140.0,Rhodotorula sp. clade I,10.0,4,1.3270892477828116,2962.4749999999995
140.0,Rhodotorula sp. clade I,15.0,3,1.1819637730482095,997.5
140.0,Rhodotorula sp. clade I,20.0,4,1.133723489689353,1618.7750000000003
140.0,Rhodotorula sp. clade I,25.0,4,0.740503540072507,5727.399999999999
140.0,Rhodotorula sp. clade I,30.0,4,1.2189184680423788,9908.225
141.0,Rhodotorula toruloides,0.0,4,1.317861459616297,42000.2
141.0,Rhodotorula toruloides,5.0,4,1.4932007875674136,40322.825000000004
141.0,Rhodotorula toruloides,10.0,4,1.2879250817917085,32888.524999999994
141.0,Rhodotorula toruloides,15.0,4,1.6310372332468552,28371.475
141.0,Rhodotorula toruloides,20.0,4,0.7559211332507855,25303.049999999996
141.0,Rhodotorula toruloides,25.0,4,0.22705471615066292,28928.25
141.0,Rhodotorula toruloides,30.0,4,0.47319666822086964,7710.4
142.0,Rhodotorula mucilaginosa,0.0,4,0.11819780112462515,39068.325000000004
142.0,Rhodotorula mucilaginosa,5.0,4,0.03950559483747923,44908.8
142.0,Rhodotorula mucilaginosa,10.0,4,0.04607779189925,44511.92499999999
142.0,Rhodotorula mucilaginosa,15.0,4,0.050568469881515525,42141.925
142.0,Rhodotorula mucilaginosa,20.0,4,0.035147232756635276,42607.1
142.0,Rhodotorula mucilaginosa,25.0,4,0.06097839676063196,40328.9
142.0,Rhodotorula mucilaginosa,30.0,4,0.06762317371665272,34921.075
143.0,Rhodotorula mucilaginosa,0.0,4,0.08241597265084004,35961.700000000004
143.0,Rhodotorula mucilaginosa,5.0,4,0.05810035404502395,46079.825
143.0,Rhodotorula mucilaginosa,10.0,4,0.08588354053425411,42658.94999999998
143.0,Rhodotorula mucilaginosa,15.0,4,0.09259330868270403,38258.049999999996
143.0,Rhodotorula mucilaginosa,20.0,4,0.06377618098007062,34481.049999999996
143.0,Rhodotorula mucilaginosa,25.0,4,0.07888753531678604,27421.675000000003
143.0,Rhodotorula mucilaginosa,30.0,4,0.10993713541190003,23346.625
144.0,Rhodotorula mucilaginosa,0.0,4,0.08912374584999329,33374.375
144.0,Rhodotorula mucilaginosa,5.0,4,0.07419103379521333,45096.65
144.0,Rhodotorula mucilaginosa,10.0,4,0.0661501929651459,35388.524999999994
144.0,Rhodotorula mucilaginosa,15.0,4,0.06919323154541923,36786.625
144.0,Rhodotorula mucilaginosa,20.0,4,0.05628915018849329,36042.675
144.0,Rhodotorula mucilaginosa,25.0,4,0.0862190107675028,32815.100000000006
144.0,Rhodotorula mucilaginosa,30.0,4,0.07376661513912,28833.300000000003
145.0,Rhodotorula mucilaginosa,0.0,4,0.08994825680463525,39539.875
145.0,Rhodotorula mucilaginosa,5.0,4,0.053139223022307384,53230.425
145.0,Rhodotorula mucilaginosa,10.0,4,0.02412739502683963,44686.325000000004
145.0,Rhodotorula mucilaginosa,15.0,4,0.0547283583846572,42890.425
145.0,Rhodotorula mucilaginosa,20.0,4,0.09942320564521018,41889.0
145.0,Rhodotorula mucilaginosa,25.0,4,0.11264295180119896,34731.575
145.0,Rhodotorula mucilaginosa,30.0,4,0.28101403021508353,15710.650000000001
146.0,Rhodotorula mucilaginosa,0.0,4,0.05346117035219633,28717.4
146.0,Rhodotorula mucilaginosa,5.0,4,0.044847097122843606,41308.375
146.0,Rhodotorula mucilaginosa,10.0,4,0.08216028250309536,32966.125
146.0,Rhodotorula mucilaginosa,15.0,4,0.034499375039085185,33502.475000000006
146.0,Rhodotorula mucilaginosa,20.0,4,0.03708907346488426,32921.975
146.0,Rhodotorula mucilaginosa,25.0,4,0.09990282619183796,29781.05
146.0,Rhodotorula mucilaginosa,30.0,4,0.09262412862519726,24587.725
147.0,Rhodotorula paludigena,0.0,2,2.046573515379065,21252.7
147.0,Rhodotorula paludigena,5.0,2,2.3821864891641984,19884.975000000002
147.0,Rhodotorula paludigena,10.0,2,2.041233999848609,16219.6
147.0,Rhodotorula paludigena,15.0,2,2.658693245119295,14387.175000000001
147.0,Rhodotorula paludigena,20.0,4,1.2692504618951435,182.2875
147.0,Rhodotorula paludigena,25.0,4,0.9386705095472829,700.325
147.0,Rhodotorula paludigena,30.0,3,0.8187823769198727,331.2
148.0,Rhodotorula mucilaginosa,0.0,4,0.1211472719670155,35639.025000000016
148.0,Rhodotorula mucilaginosa,5.0,4,0.08400136733235418,41326.425
148.0,Rhodotorula mucilaginosa,10.0,4,0.08627889035277034,37691.325
148.0,Rhodotorula mucilaginosa,15.0,4,0.12145452532189102,37606.45
148.0,Rhodotorula mucilaginosa,20.0,4,0.09070124189880274,34750.04999999999
148.0,Rhodotorula mucilaginosa,25.0,4,0.16662080039463842,36000.175
148.0,Rhodotorula mucilaginosa,30.0,4,0.25537631127372074,25984.65
149.0,Rhodotorula sphaerocarpa,0.0,4,0.9068217747495179,13564.675000000001
149.0,Rhodotorula sphaerocarpa,5.0,4,1.0131395971726656,15796.175000000001
149.0,Rhodotorula sphaerocarpa,10.0,4,0.973617383275838,15790.7
149.0,Rhodotorula sphaerocarpa,15.0,4,0.8493550165656679,14031.325
149.0,Rhodotorula sphaerocarpa,20.0,4,0.8112013471905419,25038.874999999996
149.0,Rhodotorula sphaerocarpa,25.0,4,0.9605320256076914,18118.399999999998
149.0,Rhodotorula sphaerocarpa,30.0,4,1.4296537559878568,4245.299999999999
150.0,Rhodotorula mucilaginosa,0.0,4,0.12037711614896984,34627.525
150.0,Rhodotorula mucilaginosa,5.0,4,0.036022620486906465,43608.77500000001
150.0,Rhodotorula mucilaginosa,10.0,4,0.026279143499431713,38748.549999999996
150.0,Rhodotorula mucilaginosa,15.0,4,0.06908582705287498,38913.925
150.0,Rhodotorula mucilaginosa,20.0,4,0.08361837057995013,30870.399999999998
150.0,Rhodotorula mucilaginosa,25.0,4,0.12238419977905139,28504.225000000002
150.0,Rhodotorula mucilaginosa,30.0,4,0.16998492457128325,20437.65
151.0,Rhodotorula mucilaginosa,0.0,4,0.06579313677571946,38913.15
151.0,Rhodotorula mucilaginosa,5.0,4,0.04367050294870534,48914.75
151.0,Rhodotorula mucilaginosa,10.0,4,0.07606024380332387,41889.375
151.0,Rhodotorula mucilaginosa,15.0,4,0.04864596188316469,41974.25
151.0,Rhodotorula mucilaginosa,20.0,4,0.01433073396747272,38492.975000000006
151.0,Rhodotorula mucilaginosa,25.0,4,0.06135481008072077,32425.75
151.0,Rhodotorula mucilaginosa,30.0,4,0.19597244069720915,24361.375
152.0,Rhodotorula mucilaginosa,0.0,4,0.10804979517294186,28837.350000000002
152.0,Rhodotorula mucilaginosa,5.0,4,0.16285383609985307,41062.0
152.0,Rhodotorula mucilaginosa,10.0,4,0.08679061642874512,37446.024999999994
152.0,Rhodotorula mucilaginosa,15.0,4,0.0852426142149657,32004.0
152.0,Rhodotorula mucilaginosa,20.0,4,0.11667786832065463,29796.249999999993
152.0,Rhodotorula mucilaginosa,25.0,4,0.18117379330632596,26325.575000000004
152.0,Rhodotorula mucilaginosa,30.0,4,0.09909964281800086,27030.700000000175
153.0,Rhodotorula mucilaginosa,0.0,4,0.19496996637467023,53665.600000000006
153.0,Rhodotorula mucilaginosa,5.0,4,0.05708309862361373,49113.325
153.0,Rhodotorula mucilaginosa,10.0,4,0.08791243325498214,42229.850000000006
153.0,Rhodotorula mucilaginosa,15.0,4,0.05296546334376442,37089.2
153.0,Rhodotorula mucilaginosa,20.0,4,0.06788694696711572,29692.299999999996
153.0,Rhodotorula mucilaginosa,25.0,4,0.03466543259248912,20274.574999999997
153.0,Rhodotorula mucilaginosa,30.0,4,0.0928736651822314,9779.375
155.0,Rhodotorula taiwanensis,0.0,4,0.1736559972657162,31243.350000000002
155.0,Rhodotorula taiwanensis,5.0,4,0.2483804464308417,45128.90000000001
155.0,Rhodotorula taiwanensis,10.0,4,0.3982068462101658,34886.24999999999
155.0,Rhodotorula taiwanensis,15.0,4,0.40600199183704283,23773.424999999996
155.0,Rhodotorula taiwanensis,20.0,4,0.2854989355876026,17373.375
155.0,Rhodotorula taiwanensis,25.0,4,0.6625390317578789,6722.025
155.0,Rhodotorula taiwanensis,30.0,4,0.7135114849557437,5069.549999999998
156.0,Rhodotorula paludigena,0.0,4,0.10098769965519319,32016.95
156.0,Rhodotorula paludigena,5.0,4,0.035575142340806436,40955.775
156.0,Rhodotorula paludigena,10.0,4,0.04803163518829411,41229.149999999994
156.0,Rhodotorula paludigena,15.0,4,0.057485698365124335,39980.925
156.0,Rhodotorula paludigena,20.0,4,0.08640427875998914,33210.525
156.0,Rhodotorula paludigena,25.0,4,0.16733455912557912,28048.525
156.0,Rhodotorula paludigena,30.0,4,0.23512214069661502,14149.275000000001
157.0,Rhodotorula paludigena,0.0,4,0.1532212019735258,38566.7
157.0,Rhodotorula paludigena,5.0,4,0.04954211083199006,47010.325
157.0,Rhodotorula paludigena,10.0,4,0.053407959015239724,39595.47499999999
157.0,Rhodotorula paludigena,15.0,4,0.07710687418155064,32445.475000000002
157.0,Rhodotorula paludigena,20.0,4,0.1293267289616414,23626.674999999996
157.0,Rhodotorula paludigena,25.0,4,0.17372030562050203,15365.650000000001
157.0,Rhodotorula paludigena,30.0,4,0.38095873837261407,5477.225
158.0,Rhodotorula mucilaginosa,0.0,4,0.27115242985466187,47324.200000000004
158.0,Rhodotorula mucilaginosa,5.0,4,0.020048085406543528,50631.525
158.0,Rhodotorula mucilaginosa,10.0,4,0.037936666368847016,46986.04999999999
158.0,Rhodotorula mucilaginosa,15.0,4,0.022117115922513135,44382.84999999999
158.0,Rhodotorula mucilaginosa,20.0,4,0.016226881524961753,36493.09999999999
158.0,Rhodotorula mucilaginosa,25.0,4,0.04343818266417838,29542.4
158.0,Rhodotorula mucilaginosa,30.0,4,0.13476020153748897,15992.675000000001
159.0,Rhodotorula mucilaginosa,0.0,4,0.03642049371381178,33261.65
159.0,Rhodotorula mucilaginosa,5.0,4,0.07241039633447874,36434.575000000004
159.0,Rhodotorula mucilaginosa,10.0,4,0.05269478757024236,35704.22499999999
159.0,Rhodotorula mucilaginosa,15.0,4,0.06107142418461752,34802.275
159.0,Rhodotorula mucilaginosa,20.0,4,0.06073350109351338,32358.899999999998
159.0,Rhodotorula mucilaginosa,25.0,4,0.08788144185352155,34023.5
159.0,Rhodotorula mucilaginosa,30.0,4,0.1128721920669362,28911.35
161.0,Rhodotorula mucilaginosa,0.0,4,0.09148178281606116,36469.200000000004
161.0,Rhodotorula mucilaginosa,5.0,4,0.05550929601507713,47233.575000000004
161.0,Rhodotorula mucilaginosa,10.0,4,0.026386431000225082,42873.875
161.0,Rhodotorula mucilaginosa,15.0,4,0.03055355111133244,39287.575
161.0,Rhodotorula mucilaginosa,20.0,4,0.04478267970098922,33596.625
161.0,Rhodotorula mucilaginosa,25.0,4,0.0698508757427651,26954.825
161.0,Rhodotorula mucilaginosa,30.0,4,0.10916400963385128,14694.025000000001
162.0,Rhodotorula mucilaginosa,0.0,3,0.10290749061477027,38806.9
162.0,Rhodotorula mucilaginosa,5.0,3,0.016777379808571354,50429.55
162.0,Rhodotorula mucilaginosa,10.0,3,0.01914410125301366,43163.700000000004
162.0,Rhodotorula mucilaginosa,15.0,3,0.04111864300233563,39998.8
162.0,Rhodotorula mucilaginosa,20.0,3,0.032595947340664545,32069.699999999993
162.0,Rhodotorula mucilaginosa,25.0,4,1.1092741555997023,24119.199999999997
162.0,Rhodotorula mucilaginosa,30.0,4,0.7481034505128318,11505.725000000002
163.0,Rhodotorula mucilaginosa,0.0,4,0.1259482095649428,32557.125
163.0,Rhodotorula mucilaginosa,5.0,4,0.162525063257445,43520.925
163.0,Rhodotorula mucilaginosa,10.0,4,0.18328837368351655,40174.149999999994
163.0,Rhodotorula mucilaginosa,15.0,4,0.2131230028756967,38142.899999999994
163.0,Rhodotorula mucilaginosa,20.0,4,0.20071243462977478,36919.549999999996
163.0,Rhodotorula mucilaginosa,25.0,4,0.2208110698350523,30142.95
163.0,Rhodotorula mucilaginosa,30.0,4,0.15227804941575926,12123.575
164.0,Rhodotorula mucilaginosa,0.0,4,0.06667188426749406,30492.875
164.0,Rhodotorula mucilaginosa,5.0,4,0.07735141147978482,37530.65
164.0,Rhodotorula mucilaginosa,10.0,4,0.11826124901460659,34384.075
164.0,Rhodotorula mucilaginosa,15.0,4,0.09666233944833622,33858.225000000006
164.0,Rhodotorula mucilaginosa,20.0,4,0.1453724011315039,33090.674999999996
164.0,Rhodotorula mucilaginosa,25.0,4,0.09069203192746048,30016.1
164.0,Rhodotorula mucilaginosa,30.0,4,0.3331920886769469,26426.025
165.0,,0.0,4,0.30835369003091867,33135.3
165.0,,5.0,4,0.05561428779411963,40438.600000000006
165.0,,10.0,4,0.13015375309578373,37498.275
165.0,,15.0,4,0.09927682582544047,37398.825000000004
165.0,,20.0,4,0.08444386531885872,36907.075
165.0,,25.0,4,0.09885738343294116,34741.75
165.0,,30.0,4,0.0888985336655736,30733.725000000002
166.0,Rhodotorula mucilaginosa,0.0,4,0.11625006439632209,33126.325000000004
166.0,Rhodotorula mucilaginosa,5.0,4,0.13561422616028102,37593.325000000004
166.0,Rhodotorula mucilaginosa,10.0,4,0.1644075809863192,31525.675000000003
166.0,Rhodotorula mucilaginosa,15.0,4,0.23737237863176225,21109.074999999997
166.0,Rhodotorula mucilaginosa,20.0,4,0.6975693121650889,11189.224999999999
166.0,Rhodotorula mucilaginosa,25.0,4,0.73863241808978,4196.15
166.0,Rhodotorula mucilaginosa,30.0,4,0.7618930391340983,1337.8874999999998
167.0,Rhodotorula mucilaginosa,0.0,4,0.0943581369228844,34504.3
167.0,Rhodotorula mucilaginosa,5.0,4,0.1321132423162613,36970.125
167.0,Rhodotorula mucilaginosa,10.0,4,0.12381627946447032,35127.65
167.0,Rhodotorula mucilaginosa,15.0,4,0.1376517420178112,32206.175000000003
167.0,Rhodotorula mucilaginosa,20.0,4,0.17859771719325362,24052.2
167.0,Rhodotorula mucilaginosa,25.0,4,0.2602440288198253,17657.000000000015
167.0,Rhodotorula mucilaginosa,30.0,4,0.5641953265512464,6146.400000000001
168.0,Rhodotorula mucilaginosa,0.0,4,0.09420320420554772,29727.075000000004
168.0,Rhodotorula mucilaginosa,5.0,4,0.13570284622808082,34227.950000000004
168.0,Rhodotorula mucilaginosa,10.0,4,0.14190720507813037,29588.424999999996
168.0,Rhodotorula mucilaginosa,15.0,4,0.11536221948142761,29195.0
168.0,Rhodotorula mucilaginosa,20.0,4,0.09945265863605995,28204.550000000003
168.0,Rhodotorula mucilaginosa,25.0,4,0.07148204690746328,27748.100000000002
168.0,Rhodotorula mucilaginosa,30.0,4,0.1516535741645353,18910.975000000002
169.0,Rhodotorula mucilaginosa,0.0,4,0.2015940525750348,22190.9
169.0,Rhodotorula mucilaginosa,5.0,4,0.24379146399951782,24564.7
169.0,Rhodotorula mucilaginosa,10.0,3,0.25675050150911927,21945.099999999995
169.0,Rhodotorula mucilaginosa,15.0,4,0.25905502033534067,19634.35
169.0,Rhodotorula mucilaginosa,20.0,4,0.25677813362560414,19743.899999999998
169.0,Rhodotorula mucilaginosa,25.0,4,0.9718482621591858,16733.15
169.0,Rhodotorula mucilaginosa,30.0,4,0.7074495784486186,14968.074999999995
170.0,Rhodotorula mucilaginosa,0.0,4,0.1440264245017363,22855.075
170.0,Rhodotorula mucilaginosa,5.0,4,0.1293116975740361,31858.6
170.0,Rhodotorula mucilaginosa,10.0,4,0.13208482093348023,31901.95
170.0,Rhodotorula mucilaginosa,15.0,4,0.0695998849415639,28575.675000000003
170.0,Rhodotorula mucilaginosa,20.0,4,0.059246412823172646,26631.299999999996
170.0,Rhodotorula mucilaginosa,25.0,4,0.10593944836745346,18870.1
170.0,Rhodotorula mucilaginosa,30.0,4,0.28820606337412547,11293.999999999996
171.0,Rhodotorula mucilaginosa,0.0,4,0.24648025537012988,17095.625
171.0,Rhodotorula mucilaginosa,5.0,4,0.27286045789552704,20025.9
171.0,Rhodotorula mucilaginosa,10.0,4,0.2612444018367284,18350.624999999996
171.0,Rhodotorula mucilaginosa,15.0,4,0.23374783723147544,19110.325000000004
171.0,Rhodotorula mucilaginosa,20.0,4,0.16485908655578074,16314.050000000001
171.0,Rhodotorula mucilaginosa,25.0,4,0.11047029197941523,14845.25
171.0,Rhodotorula mucilaginosa,30.0,4,0.10584704925104205,9897.85
172.0,Rhodotorula mucilaginosa,0.0,4,0.19071253498316618,41086.75
172.0,Rhodotorula mucilaginosa,5.0,4,0.029577798842729264,46504.55
172.0,Rhodotorula mucilaginosa,10.0,4,0.012656002263930903,44003.325
172.0,Rhodotorula mucilaginosa,15.0,4,0.05037775342289313,40122.52500000001
172.0,Rhodotorula mucilaginosa,20.0,4,0.030994111360762272,32607.600000000002
172.0,Rhodotorula mucilaginosa,25.0,4,0.071784550511129,32403.725
172.0,Rhodotorula mucilaginosa,30.0,4,0.17755370387886935,25530.899999999994
173.0,,0.0,4,0.22333522134171768,36978.700000000004
173.0,,5.0,4,0.08204705816167966,42373.05
173.0,,10.0,4,0.06271918576872756,42887.87499999999
173.0,,15.0,4,0.07050372754010109,37155.825
173.0,,20.0,4,0.09204883113019892,33644.0
173.0,,25.0,4,0.16058815873137786,25024.65
173.0,,30.0,4,0.3714601312066907,10725.5
174.0,Rhodotorula mucilaginosa,0.0,4,0.10328043598626796,39117.8
174.0,Rhodotorula mucilaginosa,5.0,4,0.09868781040363726,45441.55
174.0,Rhodotorula mucilaginosa,10.0,4,0.08120641233508898,42677.79999999999
174.0,Rhodotorula mucilaginosa,15.0,4,0.10343477579802626,38708.625
174.0,Rhodotorula mucilaginosa,20.0,4,0.09946206907973429,36995.59999999999
174.0,Rhodotorula mucilaginosa,25.0,4,0.13631552033066235,27404.300000000003
174.0,Rhodotorula mucilaginosa,30.0,4,0.9216586419787346,13744.5
175.0,Rhodotorula mucilaginosa,0.0,4,0.13971829043303444,23825.399999999998
175.0,Rhodotorula mucilaginosa,5.0,4,0.1364626107103438,33255.375
175.0,Rhodotorula mucilaginosa,10.0,4,0.13244351003062774,24547.300000000003
175.0,Rhodotorula mucilaginosa,15.0,4,0.11445655636056874,19296.425
175.0,Rhodotorula mucilaginosa,20.0,4,0.4858902631849748,5588.625
175.0,Rhodotorula mucilaginosa,25.0,4,1.022064140894832,1065.825
175.0,Rhodotorula mucilaginosa,30.0,4,0.9131104859003055,2850.8250000000003
176.0,Rhodotorula mucilaginosa,0.0,4,0.29330258629621264,40752.774999999994
176.0,Rhodotorula mucilaginosa,5.0,4,0.3359737084715986,51838.2
176.0,Rhodotorula mucilaginosa,10.0,4,0.20827180319396787,45858.3
176.0,Rhodotorula mucilaginosa,15.0,4,0.16259476103606318,40308.5
176.0,Rhodotorula mucilaginosa,20.0,4,0.23130995756485787,38856.675
176.0,Rhodotorula mucilaginosa,25.0,4,0.32366710258247866,36344.275
176.0,Rhodotorula mucilaginosa,30.0,4,0.2762632759732406,22685.825
177.0,Rhodotorula mucilaginosa,0.0,4,0.028706292816254232,35754.524999999994
177.0,Rhodotorula mucilaginosa,5.0,4,0.06458059889339869,49187.350000000006
177.0,Rhodotorula mucilaginosa,10.0,4,0.040860261128109754,44496.200000000004
177.0,Rhodotorula mucilaginosa,15.0,4,0.06800297059133115,46469.9
177.0,Rhodotorula mucilaginosa,20.0,4,0.0677462348492652,40547.125
177.0,Rhodotorula mucilaginosa,25.0,4,0.10805811873852145,38168.649999999994
177.0,Rhodotorula mucilaginosa,30.0,4,0.11913417663927865,30247.525
178.0,Rhodotorula mucilaginosa,0.0,4,0.06589000929065912,43658.0
178.0,Rhodotorula mucilaginosa,5.0,4,0.05194697519539376,41332.225000000006
178.0,Rhodotorula mucilaginosa,10.0,4,0.04975161331026684,32094.75
178.0,Rhodotorula mucilaginosa,15.0,4,0.08257481172910477,34288.925
178.0,Rhodotorula mucilaginosa,20.0,4,0.052740906738877054,32953.875
178.0,Rhodotorula mucilaginosa,25.0,4,0.05377384338293304,28946.924999999996
178.0,Rhodotorula mucilaginosa,30.0,4,0.10873834283899353,17638.125
179.0,Rhodotorula mucilaginosa,0.0,4,0.1812509509415102,39145.09999999999
179.0,Rhodotorula mucilaginosa,5.0,4,0.08431122875960402,45112.850000000006
179.0,Rhodotorula mucilaginosa,10.0,4,0.08939599164088612,41402.475000000006
179.0,Rhodotorula mucilaginosa,15.0,4,0.12981657756779294,38335.15
179.0,Rhodotorula mucilaginosa,20.0,4,0.05435528139049534,26171.850000000002
179.0,Rhodotorula mucilaginosa,25.0,4,0.10377549769334177,22408.95
179.0,Rhodotorula mucilaginosa,30.0,4,0.0953150385256456,14918.200000000004
180.0,Rhodotorula sp. clade I,20.0,2,0.2601988802010339,215.0
180.0,Rhodotorula sp. clade I,25.0,4,0.3676698777320794,283.0
180.0,Rhodotorula sp. clade I,30.0,4,0.5682330069415303,1933.9125
181.0,Rhodotorula mucilaginosa,0.0,4,0.08268020448375295,35822.925
181.0,Rhodotorula mucilaginosa,5.0,4,0.023036676187342574,42102.65000000001
181.0,Rhodotorula mucilaginosa,10.0,4,0.03843781407230608,38616.125
181.0,Rhodotorula mucilaginosa,15.0,4,0.04164374383019566,40538.675
181.0,Rhodotorula mucilaginosa,20.0,4,0.05261364985947612,35903.4
181.0,Rhodotorula mucilaginosa,25.0,4,0.06354604398784161,37655.825000000004
181.0,Rhodotorula mucilaginosa,30.0,4,0.08587369721107385,31508.850000000006
182.0,Rhodotorula mucilaginosa,0.0,4,0.07864121207851435,33430.950000000004
182.0,Rhodotorula mucilaginosa,5.0,4,0.05238539759476448,44866.5
182.0,Rhodotorula mucilaginosa,10.0,4,0.06252680049025008,40907.475000000006
182.0,Rhodotorula mucilaginosa,15.0,4,0.058346315956657416,37934.275
182.0,Rhodotorula mucilaginosa,20.0,4,0.04920599819869379,30454.5
182.0,Rhodotorula mucilaginosa,25.0,4,0.04136942510146622,22680.6
182.0,Rhodotorula mucilaginosa,30.0,4,0.37739364724318003,14425.525
183.0,Rhodotorula mucilaginosa,0.0,4,0.060153935357657895,32320.65
183.0,Rhodotorula mucilaginosa,5.0,4,0.039725530424100035,39741.175
183.0,Rhodotorula mucilaginosa,10.0,4,0.024505417923907986,40052.45000000001
183.0,Rhodotorula mucilaginosa,15.0,4,0.04749976425759534,38669.549999999996
183.0,Rhodotorula mucilaginosa,20.0,4,0.035050149689026956,36701.174999999996
183.0,Rhodotorula mucilaginosa,25.0,4,0.050361628635986366,35276.59999999999
183.0,Rhodotorula mucilaginosa,30.0,4,0.06812614108241238,27044.3
184.0,Rhodotorula glutinis,0.0,2,1.2032949039688998,898.05
184.0,Rhodotorula glutinis,5.0,2,0.14727333124820904,34.0
184.0,Rhodotorula glutinis,20.0,2,0.020360569207294222,513.0
184.0,Rhodotorula glutinis,25.0,3,1.8955818186751126,483.0
184.0,Rhodotorula glutinis,30.0,3,0.355703873579907,6019.2
185.0,Rhodotorula dairenensis,0.0,4,0.05185263138611666,47384.90000000001
185.0,Rhodotorula dairenensis,5.0,4,0.03050498911756172,48750.375
185.0,Rhodotorula dairenensis,10.0,4,0.05343129942849034,40819.025
185.0,Rhodotorula dairenensis,15.0,4,0.10861990393595569,30427.95
185.0,Rhodotorula dairenensis,20.0,4,0.09422006403541348,23962.5
185.0,Rhodotorula dairenensis,25.0,4,0.1076596238694986,17731.125
185.0,Rhodotorula dairenensis,30.0,4,0.1824890403613046,11273.2
186.0,Rhodotorula mucilaginosa,0.0,4,0.032477221431117,36616.7
186.0,Rhodotorula mucilaginosa,5.0,4,0.05179882741874682,45165.5
186.0,Rhodotorula mucilaginosa,10.0,4,0.08440499447409097,43269.350000000006
186.0,Rhodotorula mucilaginosa,15.0,4,0.08124861572614046,39860.875
186.0,Rhodotorula mucilaginosa,20.0,4,0.07244765004848758,38471.7
186.0,Rhodotorula mucilaginosa,25.0,4,0.06339726418401193,37073.125
186.0,Rhodotorula mucilaginosa,30.0,4,0.09410797431536008,25269.875
187.0,Rhodotorula glutinis,0.0,2,0.8255520345010737,6045.4
187.0,Rhodotorula glutinis,20.0,3,0.7691303645231717,31.0
187.0,Rhodotorula glutinis,25.0,4,0.5002595837552822,119.5
187.0,Rhodotorula glutinis,30.0,3,0.5637780408979259,940.775
188.0,Rhodotorula mucilaginosa,0.0,4,0.03932752639691876,41777.40000000004
188.0,Rhodotorula mucilaginosa,5.0,4,0.01869207258115011,52500.9
188.0,Rhodotorula mucilaginosa,10.0,4,0.012487975726468087,44919.075
188.0,Rhodotorula mucilaginosa,15.0,4,0.0577881153350688,40286.8
188.0,Rhodotorula mucilaginosa,20.0,4,0.07298369740783071,24647.625
188.0,Rhodotorula mucilaginosa,25.0,4,0.10831815073648342,16644.95
188.0,Rhodotorula mucilaginosa,30.0,4,0.1935890107593646,5270.750000000004
189.0,Rhodotorula mucilaginosa,0.0,4,0.06882244503710823,36362.625
189.0,Rhodotorula mucilaginosa,5.0,4,0.009835921994901145,51148.55
189.0,Rhodotorula mucilaginosa,10.0,4,0.020987234408724947,44368.925
189.0,Rhodotorula mucilaginosa,15.0,4,0.019637770315418742,36593.274999999994
189.0,Rhodotorula mucilaginosa,20.0,4,0.0366603658369125,28630.425
189.0,Rhodotorula mucilaginosa,25.0,4,0.11449337321467369,17277.75
189.0,Rhodotorula mucilaginosa,30.0,4,0.15892888879638195,7294.5
190.0,Rhodotorula mucilaginosa,0.0,4,0.035035328594311785,46005.09999999999
190.0,Rhodotorula mucilaginosa,5.0,4,0.01654324848941366,55022.125
190.0,Rhodotorula mucilaginosa,10.0,4,0.02608412454860725,51867.75
190.0,Rhodotorula mucilaginosa,15.0,4,0.04714889881521075,47351.8
190.0,Rhodotorula mucilaginosa,20.0,4,0.048345554960883184,40455.600000000006
190.0,Rhodotorula mucilaginosa,25.0,4,0.03178167241404324,23361.95
190.0,Rhodotorula mucilaginosa,30.0,4,0.16188793105620652,10307.1
191.0,,0.0,4,0.0984746556198403,25763.275
191.0,,5.0,4,0.17051800072575582,35890.975000000006
191.0,,10.0,4,0.21784268427381226,34683.100000000006
191.0,,15.0,3,0.15148542988518493,38569.350000000006
191.0,,20.0,3,1.268632242120723,39303.9
191.0,,25.0,4,1.133243878076373,17062.775
191.0,,30.0,4,0.6161593020988437,24197.15
192.0,Rhodotorula dairenensis,0.0,4,0.02812812196007411,39496.575
192.0,Rhodotorula dairenensis,5.0,4,0.051261543602155964,118104.925
192.0,Rhodotorula dairenensis,10.0,4,0.024278984651463813,76034.675
192.0,Rhodotorula dairenensis,15.0,4,0.023500436425084894,42106.95
192.0,Rhodotorula dairenensis,20.0,4,0.048267154572180504,27746.825
192.0,Rhodotorula dairenensis,25.0,4,0.017353513977351735,17131.625
192.0,Rhodotorula dairenensis,30.0,4,0.013070175396091488,9838.05
193.0,Rhodotorula mucilaginosa,0.0,4,0.035783179123681334,47788.97499999999
193.0,Rhodotorula mucilaginosa,5.0,4,0.02768486651328342,60893.125
193.0,Rhodotorula mucilaginosa,10.0,4,0.042785267969967865,61159.175
193.0,Rhodotorula mucilaginosa,15.0,4,0.012937915447133661,57475.625
193.0,Rhodotorula mucilaginosa,20.0,4,0.030180272003372397,51409.925
193.0,Rhodotorula mucilaginosa,25.0,4,0.03560683555935982,49402.950000000004
193.0,Rhodotorula mucilaginosa,30.0,4,0.04003987510507421,35948.95
194.0,Rhodotorula dairenensis,0.0,4,0.021410446401179856,47159.34999999999
194.0,Rhodotorula dairenensis,5.0,4,0.13210357916393903,141776.80000000002
194.0,Rhodotorula dairenensis,10.0,4,0.02299414338818649,99850.57500000001
194.0,Rhodotorula dairenensis,15.0,4,0.04456400117597748,52836.200000000004
194.0,Rhodotorula dairenensis,20.0,4,0.04841777984282621,33299.75
194.0,Rhodotorula dairenensis,25.0,4,0.09704393453196805,20319.25
194.0,Rhodotorula dairenensis,30.0,4,0.06084171050034905,11560.3
195.0,Rhodotorula dairenensis,0.0,2,0.9730501152662202,284.9
195.0,Rhodotorula dairenensis,20.0,3,0.29492155543599435,305.5
195.0,Rhodotorula dairenensis,25.0,4,0.49242955791991283,88.5
195.0,Rhodotorula dairenensis,30.0,3,1.2304151340826128,1290.25
196.0,Rhodotorula mucilaginosa,0.0,4,0.09657373478567648,39114.0
196.0,Rhodotorula mucilaginosa,5.0,4,0.05496481289810312,54451.075
196.0,Rhodotorula mucilaginosa,10.0,4,0.04188311391876817,46197.0
196.0,Rhodotorula mucilaginosa,15.0,4,0.04808154125993104,46949.52500000001
196.0,Rhodotorula mucilaginosa,20.0,4,0.011843437974924468,38387.0
196.0,Rhodotorula mucilaginosa,25.0,4,0.044040342762135226,36886.675
196.0,Rhodotorula mucilaginosa,30.0,4,0.03036849137659962,26825.125
197.0,Rhodotorula mucilaginosa,0.0,4,0.8450232454932932,35169.95
197.0,Rhodotorula mucilaginosa,5.0,4,1.4341745216989876,40278.075
197.0,Rhodotorula mucilaginosa,10.0,4,0.9117949837689704,35623.5
197.0,Rhodotorula mucilaginosa,15.0,4,1.790092950422788,28139.9
197.0,Rhodotorula mucilaginosa,20.0,3,0.09760462435377928,24971.5
197.0,Rhodotorula mucilaginosa,25.0,3,0.1439395778445408,20002.7
197.0,Rhodotorula mucilaginosa,30.0,4,1.0658118471249218,6959.375
198.0,Rhodotorula mucilaginosa,0.0,3,0.08151570275736536,23458.449999999997
198.0,Rhodotorula mucilaginosa,5.0,3,0.0441119573366549,46497.200000000004
198.0,Rhodotorula mucilaginosa,10.0,3,0.023606056517894748,37982.200000000004
198.0,Rhodotorula mucilaginosa,15.0,3,0.030732160654277536,41688.85
198.0,Rhodotorula mucilaginosa,20.0,3,0.01744658120722127,35498.399999999994
198.0,Rhodotorula mucilaginosa,25.0,4,0.8136191725685866,33271.125
198.0,Rhodotorula mucilaginosa,30.0,4,1.3446624536322007,26614.225000000002
199.0,Rhodotorula mucilaginosa,0.0,4,0.044733610440373266,41222.875
199.0,Rhodotorula mucilaginosa,5.0,4,0.008547281702486857,42013.875
199.0,Rhodotorula mucilaginosa,10.0,4,0.017037759994580907,40891.9
199.0,Rhodotorula mucilaginosa,15.0,4,0.01807944405940762,41874.05
199.0,Rhodotorula mucilaginosa,20.0,4,0.016981292063768114,38574.65
199.0,Rhodotorula mucilaginosa,25.0,4,0.06403588645197238,34715.15
199.0,Rhodotorula mucilaginosa,30.0,4,0.09163421582345192,30294.02500000001
200.0,Rhodotorula mucilaginosa,0.0,4,0.06422765542734431,35626.45
200.0,Rhodotorula mucilaginosa,5.0,4,0.11172014352289782,42854.125
200.0,Rhodotorula mucilaginosa,10.0,4,0.1230459154325955,44433.175
200.0,Rhodotorula mucilaginosa,15.0,4,0.12904849580988573,39429.025
200.0,Rhodotorula mucilaginosa,20.0,4,0.11446440932623284,37005.275
200.0,Rhodotorula mucilaginosa,25.0,4,0.12413043852366545,36658.9
200.0,Rhodotorula mucilaginosa,30.0,4,0.08433589784527973,28371.100000000002
201.0,Rhodotorula mucilaginosa,0.0,4,1.1769523605244743,26661.375000000004
201.0,Rhodotorula mucilaginosa,5.0,4,1.2717643343913791,27691.999999999993
201.0,Rhodotorula mucilaginosa,10.0,3,1.4857696980361215,16661.25
201.0,Rhodotorula mucilaginosa,15.0,4,1.420852952839388,204.1
201.0,Rhodotorula mucilaginosa,20.0,3,1.2081216366861496,900.0
201.0,Rhodotorula mucilaginosa,25.0,4,1.24454009755716,1081.25
201.0,Rhodotorula mucilaginosa,30.0,3,1.219652196773552,301.7
202.0,Rhodotorula mucilaginosa,0.0,4,0.09851601755270062,42219.34999999999
202.0,Rhodotorula mucilaginosa,5.0,4,0.07163350081311583,37335.7
202.0,Rhodotorula mucilaginosa,10.0,4,0.061597205911268854,42431.675
202.0,Rhodotorula mucilaginosa,15.0,4,0.12497086903294416,42081.850000000006
202.0,Rhodotorula mucilaginosa,20.0,4,0.08607501774661555,41805.100000000006
202.0,Rhodotorula mucilaginosa,25.0,4,0.10607365724199176,38993.425
202.0,Rhodotorula mucilaginosa,30.0,4,0.06070118992600615,34294.3
203.0,Rhodotorula dairenensis,0.0,4,0.09738908887987272,64989.649999999994
203.0,Rhodotorula dairenensis,5.0,4,0.06331844827197258,159033.42500000002
203.0,Rhodotorula dairenensis,10.0,4,0.06398842994464164,101012.375
203.0,Rhodotorula dairenensis,15.0,4,0.06721282684394042,51110.200000000004
203.0,Rhodotorula dairenensis,20.0,4,0.13051248975668897,26825.15
203.0,Rhodotorula dairenensis,25.0,4,0.17030278593579745,17916.9
203.0,Rhodotorula dairenensis,30.0,4,0.14190961608104505,9679.85
204.0,Rhodotorula mucilaginosa,0.0,4,0.5595176466877607,30749.85
204.0,Rhodotorula mucilaginosa,5.0,4,0.9167907438184792,37607.350000000006
204.0,Rhodotorula mucilaginosa,10.0,4,0.9912730637244453,24962.725000000002
204.0,Rhodotorula mucilaginosa,15.0,3,0.11369246396645151,27114.45
204.0,Rhodotorula mucilaginosa,20.0,4,0.21718025944817532,26184.925
204.0,Rhodotorula mucilaginosa,25.0,4,0.37810714163589615,19742.7
204.0,Rhodotorula mucilaginosa,30.0,4,0.4807827074733731,15709.375
205.0,Rhodotorula mucilaginosa,0.0,4,0.28703689375015606,40383.125
205.0,Rhodotorula mucilaginosa,5.0,4,1.4487908565074048,49544.850000000006
205.0,Rhodotorula mucilaginosa,10.0,4,1.454948643545136,41084.65000000001
205.0,Rhodotorula mucilaginosa,15.0,3,1.7893649908501845,24312.699999999997
205.0,Rhodotorula mucilaginosa,20.0,4,1.2437256364044194,27988.475000000002
205.0,Rhodotorula mucilaginosa,25.0,4,1.546266699349921,15408.7
205.0,Rhodotorula mucilaginosa,30.0,4,1.2451341621968939,9439.175
206.0,Rhodotorula mucilaginosa,0.0,4,0.01640021597724457,34862.625
206.0,Rhodotorula mucilaginosa,5.0,4,0.040502382850574954,43611.725000000006
206.0,Rhodotorula mucilaginosa,10.0,4,0.06011438568378516,36182.425
206.0,Rhodotorula mucilaginosa,15.0,4,0.07128971497408991,36096.75
206.0,Rhodotorula mucilaginosa,20.0,4,0.06665289321363929,34324.5
206.0,Rhodotorula mucilaginosa,25.0,4,0.08683451728238711,34798.725000000006
206.0,Rhodotorula mucilaginosa,30.0,4,0.07721108276299746,20780.075000000004
207.0,Rhodotorula mucilaginosa,0.0,4,0.010545822081013123,39607.024999999994
207.0,Rhodotorula mucilaginosa,5.0,4,0.014394127404056533,48770.4
207.0,Rhodotorula mucilaginosa,10.0,4,0.02314704564855687,46910.05
207.0,Rhodotorula mucilaginosa,15.0,4,0.020617045810096185,49760.75
207.0,Rhodotorula mucilaginosa,20.0,4,0.023029279950700605,43536.725000000006
207.0,Rhodotorula mucilaginosa,25.0,4,0.029918008002548,41803.725
207.0,Rhodotorula mucilaginosa,30.0,4,0.01661375497559686,28080.175000000003
208.0,Rhodotorula mucilaginosa,0.0,4,0.08308261036107589,32317.35
208.0,Rhodotorula mucilaginosa,5.0,4,0.11129861354497281,36887.600000000006
208.0,Rhodotorula mucilaginosa,10.0,4,0.08662101041873045,35663.9
208.0,Rhodotorula mucilaginosa,15.0,4,0.11533303712270424,32970.425
208.0,Rhodotorula mucilaginosa,20.0,4,0.10166186527114662,36146.500000000015
208.0,Rhodotorula mucilaginosa,25.0,4,0.06478778878140487,34210.575
208.0,Rhodotorula mucilaginosa,30.0,4,0.1521741907541787,28208.225
209.0,Rhodotorula mucilaginosa,0.0,4,0.07879078508461228,32042.725
209.0,Rhodotorula mucilaginosa,5.0,4,0.05523483211361036,41577.3
209.0,Rhodotorula mucilaginosa,10.0,4,0.01910913587896462,37273.875
209.0,Rhodotorula mucilaginosa,15.0,4,0.02212678942911833,37116.425
209.0,Rhodotorula mucilaginosa,20.0,4,0.0597203766947441,35707.625
209.0,Rhodotorula mucilaginosa,25.0,4,0.040547342188407096,36402.649999999994
209.0,Rhodotorula mucilaginosa,30.0,4,0.06997037983088668,30783.550000000003
210.0,Rhodotorula mucilaginosa,0.0,4,0.08697709078242584,28460.199999999997
210.0,Rhodotorula mucilaginosa,5.0,4,0.10040277207783088,38002.850000000006
210.0,Rhodotorula mucilaginosa,10.0,4,0.0607649516170417,32360.95
210.0,Rhodotorula mucilaginosa,15.0,4,0.05853425013752296,28521.675
210.0,Rhodotorula mucilaginosa,20.0,4,0.052137138139941745,25462.475
210.0,Rhodotorula mucilaginosa,25.0,4,0.19345389205443198,14712.575
210.0,Rhodotorula mucilaginosa,30.0,4,0.23908152425173093,3915.8500000000004
211.0,Rhodotorula mucilaginosa,0.0,4,0.08754881048512272,35251.149999999994
211.0,Rhodotorula mucilaginosa,5.0,4,0.05257195312082894,44832.950000000004
211.0,Rhodotorula mucilaginosa,10.0,4,0.03818490475000655,41210.325
211.0,Rhodotorula mucilaginosa,15.0,4,0.048906332764677145,41799.875
211.0,Rhodotorula mucilaginosa,20.0,4,0.15631707527200836,41623.875
211.0,Rhodotorula mucilaginosa,25.0,4,0.06446698323262481,36690.2
211.0,Rhodotorula mucilaginosa,30.0,4,0.0783800223295432,24746.95
212.0,Rhodotorula dairenensis,0.0,4,0.4125204472320366,20.5
212.0,Rhodotorula dairenensis,20.0,4,1.2172444398477924,270.15
212.0,Rhodotorula dairenensis,25.0,4,0.5075720090407104,110.0
212.0,Rhodotorula dairenensis,30.0,4,1.5769032552396922,791.0374999999999
213.0,Rhodotorula mucilaginosa,0.0,4,0.07852426570653848,33998.6
213.0,Rhodotorula mucilaginosa,5.0,4,0.0267206065946997,40942.8
213.0,Rhodotorula mucilaginosa,10.0,4,0.5107788022557335,35380.075000000004
213.0,Rhodotorula mucilaginosa,15.0,4,0.7538773197638071,23054.125
213.0,Rhodotorula mucilaginosa,20.0,4,0.04544397950311655,13743.175000000001
213.0,Rhodotorula mucilaginosa,25.0,4,0.09575101128365174,8244.074999999999
213.0,Rhodotorula mucilaginosa,30.0,4,0.2736597510581019,3994.0250000000005
214.0,Rhodotorula mucilaginosa,0.0,4,0.01896052675654024,32929.625
214.0,Rhodotorula mucilaginosa,5.0,4,0.027443671330444657,38929.200000000004
214.0,Rhodotorula mucilaginosa,10.0,4,0.011199478797862275,38391.27500000001
214.0,Rhodotorula mucilaginosa,15.0,4,0.008902514872654267,37346.77500000001
214.0,Rhodotorula mucilaginosa,20.0,4,0.030876064298733318,32630.275
214.0,Rhodotorula mucilaginosa,25.0,4,0.03413620367842072,32174.15
214.0,Rhodotorula mucilaginosa,30.0,4,0.08104166667497179,26444.425000000003
215.0,Rhodotorula taiwanensis,0.0,4,0.05993321702766757,23336.125
215.0,Rhodotorula taiwanensis,5.0,4,0.4546867043540985,11539.875
215.0,Rhodotorula taiwanensis,10.0,4,0.11592502734830602,5300.049999999999
215.0,Rhodotorula taiwanensis,15.0,4,1.0223133719725512,646.6
215.0,Rhodotorula taiwanensis,20.0,4,0.17349685170705606,1097.55
215.0,Rhodotorula taiwanensis,25.0,4,0.6646379380374556,1117.9499999999998
215.0,Rhodotorula taiwanensis,30.0,4,0.8253567308260263,2226.325
216.0,Rhodotorula mucilaginosa,0.0,4,0.25368967033440404,37242.9
216.0,Rhodotorula mucilaginosa,5.0,4,0.14997953622346735,48841.825000000004
216.0,Rhodotorula mucilaginosa,10.0,4,0.17644369497842133,50683.075000000004
216.0,Rhodotorula mucilaginosa,15.0,4,0.14702611603310844,47958.15
216.0,Rhodotorula mucilaginosa,20.0,4,0.13945746606604828,43345.175
216.0,Rhodotorula mucilaginosa,25.0,4,0.12427779749403377,41848.850000000006
216.0,Rhodotorula mucilaginosa,30.0,4,0.13197888072050656,32652.050000000003
217.0,Rhodotorula mucilaginosa,0.0,4,0.038978942072365345,43340.700000000004
217.0,Rhodotorula mucilaginosa,5.0,4,0.05064518904196779,58655.925
217.0,Rhodotorula mucilaginosa,10.0,4,0.013755773342044968,55951.675
217.0,Rhodotorula mucilaginosa,15.0,4,0.04741270591702544,55555.525
217.0,Rhodotorula mucilaginosa,20.0,4,0.024085333235335758,52087.95
217.0,Rhodotorula mucilaginosa,25.0,4,0.027458364917208596,53125.75
217.0,Rhodotorula mucilaginosa,30.0,4,0.04455575206451411,43378.125
218.0,Rhodotorula mucilaginosa,0.0,4,0.04743931591441455,46380.825
218.0,Rhodotorula mucilaginosa,5.0,4,0.019601436432163173,54739.0
218.0,Rhodotorula mucilaginosa,10.0,4,0.027223826921200935,52541.425
218.0,Rhodotorula mucilaginosa,15.0,4,0.022663617066787302,50328.625
218.0,Rhodotorula mucilaginosa,20.0,4,0.038824245850062396,39466.725000000006
218.0,Rhodotorula mucilaginosa,25.0,4,0.03542762191994434,28298.525
218.0,Rhodotorula mucilaginosa,30.0,4,0.06539396359745767,14640.95
219.0,Rhodotorula mucilaginosa,0.0,4,0.05251151769892897,39594.55
219.0,Rhodotorula mucilaginosa,5.0,4,0.04897453013662415,49716.525
219.0,Rhodotorula mucilaginosa,10.0,4,0.06618869474377889,49950.350000000006
219.0,Rhodotorula mucilaginosa,15.0,4,0.05406305171267025,44485.5
219.0,Rhodotorula mucilaginosa,20.0,4,0.09102293115632674,35100.350000000006
219.0,Rhodotorula mucilaginosa,25.0,4,0.12129857942793787,32019.4
219.0,Rhodotorula mucilaginosa,30.0,4,0.324625856919429,25854.850000000002
220.0,Rhodotorula mucilaginosa,0.0,4,0.1102288919981342,38467.45
220.0,Rhodotorula mucilaginosa,5.0,4,0.043592398284776394,44016.175
220.0,Rhodotorula mucilaginosa,10.0,4,0.06109480081488324,36586.725000000006
220.0,Rhodotorula mucilaginosa,15.0,4,0.06825706318083305,40334.275
220.0,Rhodotorula mucilaginosa,20.0,4,0.10953659334677787,37315.475000000006
220.0,Rhodotorula mucilaginosa,25.0,4,0.10761807473655141,36688.600000000006
220.0,Rhodotorula mucilaginosa,30.0,4,0.11583517659536902,23426.449999999997
221.0,Rhodotorula dairenensis,0.0,4,0.09938556221107436,33834.149999999994
221.0,Rhodotorula dairenensis,5.0,4,0.025369134782361604,46663.825000000004
221.0,Rhodotorula dairenensis,10.0,4,0.06304240911963402,41342.3
221.0,Rhodotorula dairenensis,15.0,4,0.09256231731075237,41870.775
221.0,Rhodotorula dairenensis,20.0,4,0.12142455582669011,39577.4
221.0,Rhodotorula dairenensis,25.0,4,0.13766095009219234,37869.5
221.0,Rhodotorula dairenensis,30.0,4,0.1277947050224175,22994.475000000002
222.0,Rhodotorula mucilaginosa,0.0,4,0.03676103904068317,35673.475
222.0,Rhodotorula mucilaginosa,5.0,4,0.06929088284877015,45007.625
222.0,Rhodotorula mucilaginosa,10.0,4,0.05301254191773063,44749.5
222.0,Rhodotorula mucilaginosa,15.0,4,0.051269330900267696,33026.475000000006
222.0,Rhodotorula mucilaginosa,20.0,4,0.03636619662512509,21730.75
222.0,Rhodotorula mucilaginosa,25.0,4,0.1031246137621061,12530.775000000001
222.0,Rhodotorula mucilaginosa,30.0,4,0.30278298611642157,2659.95
223.0,Rhodotorula mucilaginosa,0.0,4,0.07434690792873003,35256.149999999994
223.0,Rhodotorula mucilaginosa,5.0,4,0.020028291111920497,48483.100000000006
223.0,Rhodotorula mucilaginosa,10.0,4,0.036043487902805434,46839.950000000004
223.0,Rhodotorula mucilaginosa,15.0,4,0.02012471368491514,47089.475
223.0,Rhodotorula mucilaginosa,20.0,4,0.03469331693249237,43277.975000000006
223.0,Rhodotorula mucilaginosa,25.0,4,0.056579421977153,39580.325
223.0,Rhodotorula mucilaginosa,30.0,4,0.04945703995188841,28262.75
224.0,Rhodotorula taiwanensis,0.0,4,0.5967699032949526,21757.699999999946
224.0,Rhodotorula taiwanensis,5.0,4,0.7806507587021196,25900.825000000004
224.0,Rhodotorula taiwanensis,10.0,4,1.0104389003299168,15810.05
224.0,Rhodotorula taiwanensis,15.0,4,0.916243141253054,9156.575
224.0,Rhodotorula taiwanensis,20.0,4,0.33815671129118813,1058.475
224.0,Rhodotorula taiwanensis,25.0,4,0.7897243584857792,1161.499999999999
224.0,Rhodotorula taiwanensis,30.0,4,0.9094931186254718,659.05
225.0,Rhodotorula mucilaginosa,0.0,4,0.009811812909401935,43854.04999999999
225.0,Rhodotorula mucilaginosa,5.0,4,0.03781344005099732,64535.700000000004
225.0,Rhodotorula mucilaginosa,10.0,4,0.0364721037392009,55118.375
225.0,Rhodotorula mucilaginosa,15.0,4,0.06328877600195484,54503.55
225.0,Rhodotorula mucilaginosa,20.0,4,0.05755811989153014,48717.149999999994
225.0,Rhodotorula mucilaginosa,25.0,4,0.2294077622621835,42113.05
225.0,Rhodotorula mucilaginosa,30.0,4,0.2273253458687295,33222.975
227.0,Rhodotorula mucilaginosa,0.0,4,0.05024840563644855,29710.699999999997
227.0,Rhodotorula mucilaginosa,5.0,4,0.0731712807840941,42714.55
227.0,Rhodotorula mucilaginosa,10.0,4,0.05469233404993153,41369.875
227.0,Rhodotorula mucilaginosa,15.0,4,0.06740831448488518,34968.450000000004
227.0,Rhodotorula mucilaginosa,20.0,4,0.06339119946539577,23413.225
227.0,Rhodotorula mucilaginosa,25.0,4,0.10801809964530741,13664.099999999999
227.0,Rhodotorula mucilaginosa,30.0,4,0.45088576721333296,5257.200000000001
228.0,Rhodotorula mucilaginosa,0.0,4,0.07973456244859847,40066.95
228.0,Rhodotorula mucilaginosa,5.0,4,0.018078440843894695,44285.925
228.0,Rhodotorula mucilaginosa,10.0,4,0.04591607693008549,42567.700000000004
228.0,Rhodotorula mucilaginosa,15.0,4,0.04326927818547727,37974.475000000006
228.0,Rhodotorula mucilaginosa,20.0,4,0.04630565280894419,30510.2
228.0,Rhodotorula mucilaginosa,25.0,4,0.03963623056267835,23600.975
228.0,Rhodotorula mucilaginosa,30.0,4,0.0401832011127376,13404.0
229.0,Rhodotorula mucilaginosa,0.0,4,0.05429144488892862,33871.399999999994
229.0,Rhodotorula mucilaginosa,5.0,4,0.025711297292733224,47920.25
229.0,Rhodotorula mucilaginosa,10.0,4,0.04525174924355765,40862.95
229.0,Rhodotorula mucilaginosa,15.0,4,0.057863919918355634,39577.25
229.0,Rhodotorula mucilaginosa,20.0,4,0.07113362001698185,32453.4
229.0,Rhodotorula mucilaginosa,25.0,4,0.12896587502797655,28622.25
229.0,Rhodotorula mucilaginosa,30.0,4,0.3165551091512177,19803.525
230.0,Rhodotorula dairenensis,0.0,4,1.156206640940474,13065.425
230.0,Rhodotorula dairenensis,5.0,4,0.1447762125597667,23805.850000000002
230.0,Rhodotorula dairenensis,10.0,4,1.0152231814027408,15743.400000000001
230.0,Rhodotorula dairenensis,15.0,4,0.9482589121438388,24841.550000000003
230.0,Rhodotorula dairenensis,20.0,4,1.0175783789118906,11099.2
230.0,Rhodotorula dairenensis,25.0,4,0.7578382814772876,18915.45
230.0,Rhodotorula dairenensis,30.0,4,1.0287302013118902,11519.5
231.0,Rhodotorula mucilaginosa,0.0,4,0.07396002924764641,67927.225
231.0,Rhodotorula mucilaginosa,5.0,4,0.018289198168142416,158075.65000000002
231.0,Rhodotorula mucilaginosa,10.0,4,0.030737007913700636,111494.27500000001
231.0,Rhodotorula mucilaginosa,15.0,4,0.06615206569202578,59223.7
231.0,Rhodotorula mucilaginosa,20.0,4,0.2533653703665942,35736.024999999994
231.0,Rhodotorula mucilaginosa,25.0,4,0.0966030415853409,24015.975
231.0,Rhodotorula mucilaginosa,30.0,4,0.12313625955830314,15371.800000000001
232.0,Rhodotorula mucilaginosa,0.0,4,0.08299441506818883,41286.524999999994
232.0,Rhodotorula mucilaginosa,5.0,4,0.029121819487118877,54747.825
232.0,Rhodotorula mucilaginosa,10.0,4,0.049582087253487186,46893.4
232.0,Rhodotorula mucilaginosa,15.0,4,0.02391305227762304,33205.825
232.0,Rhodotorula mucilaginosa,20.0,4,0.08791209355068,21247.774999999998
232.0,Rhodotorula mucilaginosa,25.0,4,0.09152497516297078,13674.475000000002
232.0,Rhodotorula mucilaginosa,30.0,4,0.11459234840041507,6569.924999999999
233.0,Rhodotorula mucilaginosa,0.0,4,0.07240577451860941,39639.1
233.0,Rhodotorula mucilaginosa,5.0,4,0.030294004323748572,40585.55
233.0,Rhodotorula mucilaginosa,10.0,4,0.04496758803778404,40672.25
233.0,Rhodotorula mucilaginosa,15.0,4,0.08907162103825729,35928.9
233.0,Rhodotorula mucilaginosa,20.0,4,0.02504593529803622,26598.699999999997
233.0,Rhodotorula mucilaginosa,25.0,4,0.09988298954747347,17981.25
233.0,Rhodotorula mucilaginosa,30.0,4,0.221724204503492,9207.075
234.0,Rhodotorula mucilaginosa,0.0,3,0.06045144838385108,33437.0
234.0,Rhodotorula mucilaginosa,5.0,3,0.014671505622231105,45011.450000000004
234.0,Rhodotorula mucilaginosa,10.0,3,0.041482845908477915,41821.15
234.0,Rhodotorula mucilaginosa,15.0,3,0.023941082843232892,42944.3
234.0,Rhodotorula mucilaginosa,20.0,4,1.1386052380670424,37267.525
234.0,Rhodotorula mucilaginosa,25.0,4,0.8916764344782104,35593.0
234.0,Rhodotorula mucilaginosa,30.0,4,1.355597746392982,23347.200000000004
235.0,Rhodotorula mucilaginosa,0.0,4,0.041839662352364804,40726.49999999999
235.0,Rhodotorula mucilaginosa,5.0,4,0.04050129427731602,57734.15
235.0,Rhodotorula mucilaginosa,10.0,4,0.028404746297752578,50574.600000000006
235.0,Rhodotorula mucilaginosa,15.0,4,0.023237534176525243,41799.350000000006
235.0,Rhodotorula mucilaginosa,20.0,4,0.03006784817791329,28479.175000000003
235.0,Rhodotorula mucilaginosa,25.0,4,0.039712437358731305,13358.45
235.0,Rhodotorula mucilaginosa,30.0,4,0.2880342007271539,2768.5249999999996
236.0,Rhodotorula mucilaginosa,0.0,4,0.04689338373899784,37514.35
236.0,Rhodotorula mucilaginosa,5.0,4,0.03662797823370343,43976.05
236.0,Rhodotorula mucilaginosa,10.0,4,0.04304828689285926,43951.725000000006
236.0,Rhodotorula mucilaginosa,15.0,4,0.015467331848066949,45158.100000000006
236.0,Rhodotorula mucilaginosa,20.0,4,0.03640770739580867,40879.675
236.0,Rhodotorula mucilaginosa,25.0,4,0.027632849420333352,45311.3
236.0,Rhodotorula mucilaginosa,30.0,4,0.07100534380226922,36757.3
237.0,Rhodotorula mucilaginosa,0.0,4,0.026985310905685077,39135.05
237.0,Rhodotorula mucilaginosa,5.0,4,0.011056619060855302,45839.95
237.0,Rhodotorula mucilaginosa,10.0,4,0.05885060371678526,41198.3
237.0,Rhodotorula mucilaginosa,15.0,4,0.02389697957396306,45934.600000000006
237.0,Rhodotorula mucilaginosa,20.0,4,0.04307977564338932,39386.950000000004
237.0,Rhodotorula mucilaginosa,25.0,4,0.04310906309799487,40224.825000000004
237.0,Rhodotorula mucilaginosa,30.0,4,0.09568558103321231,31202.225000000002
238.0,Rhodotorula mucilaginosa,0.0,4,0.10518637760325715,30635.225
238.0,Rhodotorula mucilaginosa,5.0,4,0.07203500847747504,41771.7
238.0,Rhodotorula mucilaginosa,10.0,4,0.04685736053973217,38789.90000000001
238.0,Rhodotorula mucilaginosa,15.0,4,0.045872365686295616,39812.85000000002
238.0,Rhodotorula mucilaginosa,20.0,4,0.05551623068898838,38796.700000000004
238.0,Rhodotorula mucilaginosa,25.0,4,0.09125984016762835,35122.65
238.0,Rhodotorula mucilaginosa,30.0,4,0.0446310136372053,23184.7
239.0,Rhodotorula mucilaginosa,0.0,4,0.2433915559336846,32279.6
239.0,Rhodotorula mucilaginosa,5.0,4,0.8369031093481182,26087.825
239.0,Rhodotorula mucilaginosa,10.0,4,1.4173600781193894,16017.724999999997
239.0,Rhodotorula mucilaginosa,15.0,4,1.3837344716835918,11882.474999999999
239.0,Rhodotorula mucilaginosa,20.0,3,0.8141908826395248,19806.500000000004
239.0,Rhodotorula mucilaginosa,25.0,4,1.436554636495237,12551.25
239.0,Rhodotorula mucilaginosa,30.0,4,0.10836305902880969,20697.999999999996
240.0,Rhodotorula mucilaginosa,0.0,4,0.11926859374928643,42097.850000000006
240.0,Rhodotorula mucilaginosa,5.0,4,0.11002186180742025,55260.075000000004
240.0,Rhodotorula mucilaginosa,10.0,4,0.058470716379964593,46259.7
240.0,Rhodotorula mucilaginosa,15.0,4,0.12190233313031175,44470.95
240.0,Rhodotorula mucilaginosa,20.0,4,0.05886723859076139,45363.49999999996
240.0,Rhodotorula mucilaginosa,25.0,4,0.14920482683458244,41706.77500000001
240.0,Rhodotorula mucilaginosa,30.0,4,0.15602925136079093,31193.800000000003
241.0,Rhodotorula mucilaginosa,0.0,4,0.8860286057999567,31408.149999999994
241.0,Rhodotorula mucilaginosa,5.0,4,1.106330302668475,34127.375
241.0,Rhodotorula mucilaginosa,10.0,4,0.2135788210660013,37810.7
241.0,Rhodotorula mucilaginosa,15.0,4,1.34542155479413,38352.200000000004
241.0,Rhodotorula mucilaginosa,20.0,4,1.239959151060406,31073.175000000003
241.0,Rhodotorula mucilaginosa,25.0,4,1.563899979174389,26682.849999999995
241.0,Rhodotorula mucilaginosa,30.0,4,0.3365622035058868,21306.199999999997
242.0,Rhodotorula paludigena,0.0,3,1.0638096403166568,478.0
242.0,Rhodotorula paludigena,5.0,2,0.9740313768909581,497.0
242.0,Rhodotorula paludigena,10.0,2,1.1706991274804648,185.0
242.0,Rhodotorula paludigena,15.0,2,0.06686126489687383,41.5
242.0,Rhodotorula paludigena,20.0,2,0.028492581270085728,37.75
242.0,Rhodotorula paludigena,25.0,4,0.5045882848064404,138.0
242.0,Rhodotorula paludigena,30.0,4,1.3009337153092095,420.36249999999995
243.0,Rhodotorula mucilaginosa,0.0,4,0.04602917279917202,35286.325
243.0,Rhodotorula mucilaginosa,5.0,4,0.035898441750827736,39698.6
243.0,Rhodotorula mucilaginosa,10.0,4,0.07042294287237669,33600.525
243.0,Rhodotorula mucilaginosa,15.0,4,0.09970907654950047,31718.925
243.0,Rhodotorula mucilaginosa,20.0,4,0.1536681468679618,26807.574999999997
243.0,Rhodotorula mucilaginosa,25.0,4,0.1810557079826157,20649.6
243.0,Rhodotorula mucilaginosa,30.0,4,0.2510193937416957,12521.275000000001
244.0,Rhodotorula mucilaginosa,0.0,2,0.11694630198164781,453.65
244.0,Rhodotorula mucilaginosa,20.0,2,0.3124421523924274,305.04999999999995
244.0,Rhodotorula mucilaginosa,25.0,4,0.48774508158588675,278.5
244.0,Rhodotorula mucilaginosa,30.0,4,0.5535484393239986,490.425
245.0,Rhodotorula mucilaginosa,0.0,4,0.0881524631911527,43332.200000000004
245.0,Rhodotorula mucilaginosa,5.0,4,0.032079719344434536,58249.325000000004
245.0,Rhodotorula mucilaginosa,10.0,4,0.03694236687532843,49758.575
245.0,Rhodotorula mucilaginosa,15.0,4,0.019580137356830358,45080.7
245.0,Rhodotorula mucilaginosa,20.0,4,0.03669509950333777,30405.225
245.0,Rhodotorula mucilaginosa,25.0,4,0.009195591276027504,19914.45
245.0,Rhodotorula mucilaginosa,30.0,4,0.16173848626196496,8099.350000000007
246.0,Rhodotorula mucilaginosa,0.0,4,0.09022446895933105,35935.175
246.0,Rhodotorula mucilaginosa,5.0,4,0.038111994752119155,47065.2
246.0,Rhodotorula mucilaginosa,10.0,4,0.0388984000090844,49489.05
246.0,Rhodotorula mucilaginosa,15.0,4,0.0534976694283087,45910.125
246.0,Rhodotorula mucilaginosa,20.0,4,0.04561192896558686,42266.575000000004
246.0,Rhodotorula mucilaginosa,25.0,4,0.04891386090586169,37285.2
246.0,Rhodotorula mucilaginosa,30.0,4,0.02061582161784363,29756.199999999997
247.0,Rhodotorula toruloides,0.0,4,0.4587535631364435,22177.374999999996
247.0,Rhodotorula toruloides,5.0,4,0.13621846822718603,27447.725000000002
247.0,Rhodotorula toruloides,10.0,4,1.4013149454817362,18384.749999999996
247.0,Rhodotorula toruloides,15.0,4,0.10993898797026183,15340.599999999999
247.0,Rhodotorula toruloides,20.0,4,0.12837949833386644,14277.199999999999
247.0,Rhodotorula toruloides,25.0,3,1.2455281729093655,20451.350000000002
247.0,Rhodotorula toruloides,30.0,4,1.4578250040373397,7906.449999999999
248.0,Rhodotorula sp. clade XIII,0.0,4,0.07320257569324187,24226.899999999998
248.0,Rhodotorula sp. clade XIII,5.0,4,0.07096438550899789,28386.725
248.0,Rhodotorula sp. clade XIII,10.0,4,0.26573101729147336,21596.375
248.0,Rhodotorula sp. clade XIII,15.0,4,0.14259938700175878,22165.499999999996
248.0,Rhodotorula sp. clade XIII,20.0,4,1.1277188520368926,19617.9
248.0,Rhodotorula sp. clade XIII,25.0,4,1.237909798765496,14298.599999999999
248.0,Rhodotorula sp. clade XIII,30.0,4,1.030678069774695,4274.099999999999
249.0,Rhodotorula mucilaginosa,0.0,4,0.7397275266782086,8667.324999999999
249.0,Rhodotorula mucilaginosa,5.0,4,1.198262734871329,4542.175000000001
249.0,Rhodotorula mucilaginosa,10.0,2,0.22978177178162218,937.7250000000001
249.0,Rhodotorula mucilaginosa,15.0,3,0.34648773346035494,130.39999999999998
249.0,Rhodotorula mucilaginosa,20.0,4,0.9260577310770961,524.1999999999996
249.0,Rhodotorula mucilaginosa,25.0,3,1.0078787751671028,74.5
249.0,Rhodotorula mucilaginosa,30.0,4,1.2326086888070202,3845.75
250.0,Rhodotorula paludigena,0.0,3,1.0071717343819027,26548.549999999996
250.0,Rhodotorula paludigena,5.0,4,1.3591420093095232,24020.399999999998
250.0,Rhodotorula paludigena,10.0,2,0.01788764021659066,27670.4
250.0,Rhodotorula paludigena,15.0,3,1.6923473192588234,24145.750000000004
250.0,Rhodotorula paludigena,20.0,4,1.020055296145051,20363.524999999998
250.0,Rhodotorula paludigena,25.0,4,0.9189390482326419,24111.399999999994
250.0,Rhodotorula paludigena,30.0,4,0.7055212836380473,15228.724999999999
251.0,,0.0,4,0.14752275230188988,28156.050000000003
251.0,,5.0,4,0.16819911728009596,28647.9
251.0,,10.0,4,0.2047939817048198,22846.074999999997
251.0,,15.0,4,0.21033353680496983,23099.375
251.0,,20.0,4,0.5728547605951556,26266.699999999997
251.0,,25.0,4,0.5762976095206565,21189.8
251.0,,30.0,4,1.1279974634337433,20261.325
252.0,,0.0,4,0.10295169998876447,32695.275
252.0,,5.0,4,0.07561881503359567,44227.375
252.0,,10.0,4,0.023763979335357677,43858.100000000006
252.0,,15.0,4,0.05379014003370247,41257.225000000006
252.0,,20.0,4,0.046265994667442585,33258.7
252.0,,25.0,4,0.04894690571445175,28394.725
252.0,,30.0,4,0.07140304130378691,16347.05
253.0,Rhodotorula mucilaginosa,0.0,4,0.13877147758611505,33952.649999999994
253.0,Rhodotorula mucilaginosa,5.0,4,0.04534001991898674,39798.925
253.0,Rhodotorula mucilaginosa,10.0,4,0.05698720255748182,35855.25
253.0,Rhodotorula mucilaginosa,15.0,4,0.0625813900501704,34045.05
253.0,Rhodotorula mucilaginosa,20.0,4,0.08206380046636366,33199.924999999996
253.0,Rhodotorula mucilaginosa,25.0,4,0.08790734490584208,32328.275
253.0,Rhodotorula mucilaginosa,30.0,4,0.08978775181176105,26679.725000000002
254.0,Rhodotorula mucilaginosa,0.0,4,0.04224569995545786,36949.275
254.0,Rhodotorula mucilaginosa,5.0,4,0.023325579494214644,48384.375
254.0,Rhodotorula mucilaginosa,10.0,4,0.021608838078064317,46343.65
254.0,Rhodotorula mucilaginosa,15.0,4,0.0405460573921558,43631.425
254.0,Rhodotorula mucilaginosa,20.0,4,0.03673994260734299,32421.075
254.0,Rhodotorula mucilaginosa,25.0,4,0.05217779307107219,28135.275
254.0,Rhodotorula mucilaginosa,30.0,4,0.13676749990841297,14999.95
255.0,Rhodotorula mucilaginosa,0.0,3,0.29237703742021437,18483.95
255.0,Rhodotorula mucilaginosa,5.0,2,0.24013324186698426,27394.15
255.0,Rhodotorula mucilaginosa,10.0,2,0.14764946907087959,30462.850000000002
255.0,Rhodotorula mucilaginosa,15.0,2,0.028968111611982122,31812.425000000003
255.0,Rhodotorula mucilaginosa,20.0,4,0.884952568674563,17141.1
255.0,Rhodotorula mucilaginosa,25.0,4,0.4809214237167674,19675.024999999998
255.0,Rhodotorula mucilaginosa,30.0,4,0.14002114367437,18795.249999999996
256.0,Rhodotorula mucilaginosa,0.0,4,0.014751897452441655,41141.575
256.0,Rhodotorula mucilaginosa,5.0,4,0.0410792748779385,42436.775
256.0,Rhodotorula mucilaginosa,10.0,4,0.03339947162050179,44619.850000000006
256.0,Rhodotorula mucilaginosa,15.0,4,0.008228166610723349,40442.850000000006
256.0,Rhodotorula mucilaginosa,20.0,4,0.0369425589818006,39221.925
256.0,Rhodotorula mucilaginosa,25.0,4,0.028071026075005404,39341.575
256.0,Rhodotorula mucilaginosa,30.0,4,0.05314987646394843,27689.050000000017
257.0,Rhodotorula mucilaginosa,0.0,4,0.039933042237955796,39072.99999999999
257.0,Rhodotorula mucilaginosa,5.0,4,0.027123170849332648,43758.0
257.0,Rhodotorula mucilaginosa,10.0,4,0.013892548676586444,43806.15000000001
257.0,Rhodotorula mucilaginosa,15.0,4,0.025987045501463666,41158.600000000006
257.0,Rhodotorula mucilaginosa,20.0,4,0.044051938132540006,42237.175
257.0,Rhodotorula mucilaginosa,25.0,4,0.028088464969046312,38997.775
257.0,Rhodotorula mucilaginosa,30.0,4,0.0692531988800465,28552.025
258.0,Rhodotorula mucilaginosa,0.0,4,0.11737056321958304,42442.549999999996
258.0,Rhodotorula mucilaginosa,5.0,4,0.07321236638193208,50811.475000000006
258.0,Rhodotorula mucilaginosa,10.0,4,0.05171203246498788,45103.875
258.0,Rhodotorula mucilaginosa,15.0,4,0.040441259080229885,45470.525
258.0,Rhodotorula mucilaginosa,20.0,4,0.06239076243401685,41566.950000000004
258.0,Rhodotorula mucilaginosa,25.0,4,0.081137386458491,40253.225000000006
258.0,Rhodotorula mucilaginosa,30.0,4,0.08343460714659838,29329.050000000003
259.0,,0.0,4,0.12349424675010343,32843.0
259.0,,5.0,4,0.04954700961337018,50385.125
259.0,,10.0,4,0.029552538659025154,44463.799999999996
259.0,,15.0,4,0.025784290576019143,37303.425
259.0,,20.0,4,0.054011019550129956,36301.975
259.0,,25.0,4,0.053527142999187455,33511.25
259.0,,30.0,4,0.07963048123681375,25586.500000000015
260.0,,0.0,4,0.11788041321755544,34391.475000000006
260.0,,5.0,4,0.12997448343991583,42413.55
260.0,,10.0,4,0.0911742400547314,41337.600000000006
260.0,,15.0,4,0.07002206049310727,42130.424999999996
260.0,,20.0,4,0.06972028071902461,29355.850000000006
260.0,,25.0,4,0.08463328615777219,27838.449999999997
260.0,,30.0,4,0.169503132621524,23761.850000000002
261.0,Rhodotorula sphaerocarpa,0.0,4,0.09015385002679917,26857.925000000003
261.0,Rhodotorula sphaerocarpa,5.0,4,0.05759734479411646,27329.025
261.0,Rhodotorula sphaerocarpa,10.0,4,0.2948616306428142,24889.125
261.0,Rhodotorula sphaerocarpa,15.0,4,0.3824205070302305,25928.675000000003
261.0,Rhodotorula sphaerocarpa,20.0,4,0.10653138804369604,21966.824999999993
261.0,Rhodotorula sphaerocarpa,25.0,4,0.44776574392359725,14878.699999999999
261.0,Rhodotorula sphaerocarpa,30.0,4,0.2347578525993588,8816.7
262.0,Rhodotorula mucilaginosa,0.0,4,0.04057123161876465,34787.925
262.0,Rhodotorula mucilaginosa,5.0,4,0.018716086231773264,42290.4
262.0,Rhodotorula mucilaginosa,10.0,4,0.6374233965657705,38005.675
262.0,Rhodotorula mucilaginosa,15.0,4,0.5583188037264769,36441.375
262.0,Rhodotorula mucilaginosa,20.0,4,0.13378516818387926,24373.47499999999
262.0,Rhodotorula mucilaginosa,25.0,4,0.3647641521937831,10021.55
262.0,Rhodotorula mucilaginosa,30.0,4,0.6015860661353001,1961.1750000000002
263.0,Rhodotorula mucilaginosa,0.0,4,0.09460037850633493,38557.65000000001
263.0,Rhodotorula mucilaginosa,5.0,4,0.0665530529704508,49028.5
263.0,Rhodotorula mucilaginosa,10.0,4,0.30494366748294965,37651.799999999996
263.0,Rhodotorula mucilaginosa,15.0,4,0.28287081115887497,34342.575
263.0,Rhodotorula mucilaginosa,20.0,4,0.07329465555104826,31632.65
263.0,Rhodotorula mucilaginosa,25.0,4,0.4124233651888238,21192.399999999994
263.0,Rhodotorula mucilaginosa,30.0,4,0.18735707751000585,14842.425000000001
264.0,Rhodotorula mucilaginosa,0.0,4,0.09144312331837293,41300.05
264.0,Rhodotorula mucilaginosa,5.0,4,0.061344978270202265,49956.5
264.0,Rhodotorula mucilaginosa,10.0,4,0.04620306018236179,43730.275
264.0,Rhodotorula mucilaginosa,15.0,4,0.05941804410908208,38010.475
264.0,Rhodotorula mucilaginosa,20.0,4,0.11725562790483177,32612.024999999998
264.0,Rhodotorula mucilaginosa,25.0,4,0.16866681975536602,29527.925000000083
264.0,Rhodotorula mucilaginosa,30.0,4,0.3325157646270367,8764.10000000002
265.0,Rhodotorula mucilaginosa,0.0,4,0.13251591470391283,38386.225000000006
265.0,Rhodotorula mucilaginosa,5.0,4,0.08535734580942074,45665.05
265.0,Rhodotorula mucilaginosa,10.0,4,0.07200483079549684,44725.575000000004
265.0,Rhodotorula mucilaginosa,15.0,4,0.05289745820428232,40229.149999999994
265.0,Rhodotorula mucilaginosa,20.0,4,0.07640183771804772,31751.575
265.0,Rhodotorula mucilaginosa,25.0,4,0.05170901444662977,30641.249999999993
265.0,Rhodotorula mucilaginosa,30.0,4,0.0654314502189301,24362.825
266.0,Rhodotorula sp. clade I,0.0,4,0.14946453669634238,37083.450000000004
266.0,Rhodotorula sp. clade I,5.0,4,0.08179478192718179,48191.950000000004
266.0,Rhodotorula sp. clade I,10.0,4,0.0852429741291193,41763.625
266.0,Rhodotorula sp. clade I,15.0,4,0.06311730756680037,39324.950000000004
266.0,Rhodotorula sp. clade I,20.0,4,0.15030301638424953,36057.14999999999
266.0,Rhodotorula sp. clade I,25.0,4,0.10302480520174068,31333.8
266.0,Rhodotorula sp. clade I,30.0,4,0.04239668279328428,26273.550000000003
267.0,Rhodotorula mucilaginosa,0.0,4,0.2752603644431679,44903.1
267.0,Rhodotorula mucilaginosa,5.0,4,0.10348037570518474,35992.225000000006
267.0,Rhodotorula mucilaginosa,10.0,4,0.28617703969438846,35982.625
267.0,Rhodotorula mucilaginosa,15.0,4,0.33739522096956254,29907.625
267.0,Rhodotorula mucilaginosa,20.0,4,0.06777644767057331,25390.549999999996
267.0,Rhodotorula mucilaginosa,25.0,4,0.40844130148499075,10751.3
267.0,Rhodotorula mucilaginosa,30.0,4,0.31235561032328946,13449.150000000001
268.0,Rhodotorula mucilaginosa,0.0,4,0.06680097943970574,34545.7
268.0,Rhodotorula mucilaginosa,5.0,4,0.06079557371801591,50220.250000000015
268.0,Rhodotorula mucilaginosa,10.0,4,0.632582653815846,29549.300000000003
268.0,Rhodotorula mucilaginosa,15.0,4,0.6398632671751489,21828.825000000004
268.0,Rhodotorula mucilaginosa,20.0,4,0.11928228280108255,38437.75
268.0,Rhodotorula mucilaginosa,25.0,4,0.6398148894257227,13901.125
268.0,Rhodotorula mucilaginosa,30.0,4,0.4501927468268184,25241.525
269.0,,0.0,4,0.2476827354328459,38485.325000000004
269.0,,5.0,4,0.08368351732830968,45984.25
269.0,,10.0,4,0.39408083324207227,41761.175
269.0,,15.0,4,0.3778373419660437,42079.425
269.0,,20.0,4,0.11357607270532083,36798.25
269.0,,25.0,4,0.6987739739566537,43084.05000000011
269.0,,30.0,4,0.195144246444345,25419.425000000003
270.0,Rhodotorula diobovata,0.0,4,0.04615442663187253,43846.25
270.0,Rhodotorula diobovata,5.0,4,0.017683370209939823,42772.875
270.0,Rhodotorula diobovata,10.0,4,0.26051542335852534,20046.325
270.0,Rhodotorula diobovata,15.0,4,0.4851194296288433,6788.05
270.0,Rhodotorula diobovata,20.0,4,0.9602646149671443,18128.824999999997
270.0,Rhodotorula diobovata,25.0,4,0.8053358840561567,20600.599999999995
270.0,Rhodotorula diobovata,30.0,4,0.6953622034984667,8081.075
271.0,Rhodotorula mucilaginosa,0.0,4,0.021824064991367107,47641.125
271.0,Rhodotorula mucilaginosa,5.0,4,0.017857624963698974,62915.950000000004
271.0,Rhodotorula mucilaginosa,10.0,4,0.3904905836748495,40806.450000000004
271.0,Rhodotorula mucilaginosa,15.0,4,0.4025697426019751,27536.375
271.0,Rhodotorula mucilaginosa,20.0,4,0.07444080456693908,22446.725
271.0,Rhodotorula mucilaginosa,25.0,4,0.4405592594608301,6768.7
271.0,Rhodotorula mucilaginosa,30.0,4,0.23879300667425762,7371.1
272.0,Rhodotorula mucilaginosa,0.0,4,0.053870250296398026,33567.975000000006
272.0,Rhodotorula mucilaginosa,5.0,4,0.07640307847134185,56996.9
272.0,Rhodotorula mucilaginosa,10.0,4,0.3846632517617485,40941.4
272.0,Rhodotorula mucilaginosa,15.0,4,0.374972630008324,39882.72499999999
272.0,Rhodotorula mucilaginosa,20.0,4,0.046607304068978145,34685.09999999999
272.0,Rhodotorula mucilaginosa,25.0,4,0.3145337873504722,22524.6
272.0,Rhodotorula mucilaginosa,30.0,4,0.2957333361941962,22514.449999999997
273.0,Rhodotorula toruloides,0.0,4,0.1111821990540546,40163.35
273.0,Rhodotorula toruloides,5.0,4,0.11997395288123643,52836.4
273.0,Rhodotorula toruloides,10.0,4,0.08871604254248305,49747.825000000004
273.0,Rhodotorula toruloides,15.0,4,0.08850808606773157,46085.15
273.0,Rhodotorula toruloides,20.0,4,0.1466128877583489,37340.575
273.0,Rhodotorula toruloides,25.0,4,0.12049128924463272,43025.65000000001
273.0,Rhodotorula toruloides,30.0,4,0.10069972357291418,33349.725
274.0,Rhodotorula mucilaginosa,0.0,3,0.09720159265691251,33023.25
274.0,Rhodotorula mucilaginosa,5.0,3,0.10308136096897541,37381.25
274.0,Rhodotorula mucilaginosa,10.0,3,0.5379977168210601,33811.799999999996
274.0,Rhodotorula mucilaginosa,15.0,3,0.5266291008892998,31715.299999999992
274.0,Rhodotorula mucilaginosa,20.0,4,1.276461188220057,25641.449999999997
274.0,Rhodotorula mucilaginosa,25.0,4,0.8023772274173879,16513.725
274.0,Rhodotorula mucilaginosa,30.0,3,0.3319723626125998,18117.099999999995
275.0,Cystobasidium sp.,0.0,2,0.08367068640302158,31835.825000000004
275.0,Cystobasidium sp.,5.0,2,0.0689768109113871,38986.850000000006
275.0,Cystobasidium sp.,10.0,4,1.8926257455238886,15734.425
275.0,Cystobasidium sp.,15.0,2,0.07239673172008766,33174.8
275.0,Cystobasidium sp.,20.0,2,0.07499724727000903,28402.274999999987
275.0,Cystobasidium sp.,25.0,4,1.182183267476379,10830.2125
275.0,Cystobasidium sp.,30.0,4,1.2438442977777748,11770.725
276.0,Rhodotorula mucilaginosa,0.0,4,0.10014025298755287,40263.77500000001
276.0,Rhodotorula mucilaginosa,5.0,4,0.07834378664440059,48605.4
276.0,Rhodotorula mucilaginosa,10.0,4,0.43986043284284826,38573.475000000006
276.0,Rhodotorula mucilaginosa,15.0,4,0.3838762602792189,38677.475000000006
276.0,Rhodotorula mucilaginosa,20.0,4,0.12842070383907883,36997.75
276.0,Rhodotorula mucilaginosa,25.0,4,0.39991246554355,25645.9
276.0,Rhodotorula mucilaginosa,30.0,4,0.2777743535134044,23233.0
277.0,Rhodotorula mucilaginosa,0.0,4,0.08079630618967891,18736.25
277.0,Rhodotorula mucilaginosa,5.0,4,0.15203237364662486,8098.050000000001
277.0,Rhodotorula mucilaginosa,10.0,4,0.30639775129339003,17752.15
277.0,Rhodotorula mucilaginosa,15.0,4,0.2839563293209846,17971.775
277.0,Rhodotorula mucilaginosa,20.0,4,0.4157149354788869,21700.65
277.0,Rhodotorula mucilaginosa,25.0,4,0.3104141622123873,24775.700000000004
277.0,Rhodotorula mucilaginosa,30.0,4,0.1836523797773825,12352.25
278.0,Rhodotorula sphaerocarpa,0.0,4,1.045967853771424,27022.125
278.0,Rhodotorula sphaerocarpa,5.0,3,0.026960632585964508,30774.15
278.0,Rhodotorula sphaerocarpa,10.0,4,0.9890402584503956,26816.875
278.0,Rhodotorula sphaerocarpa,15.0,4,0.926692642006079,28217.850000000002
278.0,Rhodotorula sphaerocarpa,20.0,4,0.8713054743789355,24099.475
278.0,Rhodotorula sphaerocarpa,25.0,4,1.1083541236422865,19214.125
278.0,Rhodotorula sphaerocarpa,30.0,4,0.5937703622586497,14254.350000000002
279.0,Rhodotorula mucilaginosa,0.0,4,0.07376563438819946,41614.950000000004
279.0,Rhodotorula mucilaginosa,5.0,4,0.07201713607013122,53530.950000000004
279.0,Rhodotorula mucilaginosa,10.0,4,0.10006826529989521,52041.600000000006
279.0,Rhodotorula mucilaginosa,15.0,4,0.16309856914116702,48552.075
279.0,Rhodotorula mucilaginosa,20.0,4,0.07032421656180428,42406.2
279.0,Rhodotorula mucilaginosa,25.0,4,0.20027197436045385,28000.824999999997
279.0,Rhodotorula mucilaginosa,30.0,4,0.17912274100885295,12560.525000000001
280.0,Rhodotorula mucilaginosa,0.0,4,0.1436289633238324,31277.375
280.0,Rhodotorula mucilaginosa,5.0,4,0.0655653825103118,46295.65000000001
280.0,Rhodotorula mucilaginosa,10.0,4,0.39463432073970023,35445.200000000004
280.0,Rhodotorula mucilaginosa,15.0,4,0.4076317709756292,32785.024999999994
280.0,Rhodotorula mucilaginosa,20.0,4,0.047130983268452595,34861.45
280.0,Rhodotorula mucilaginosa,25.0,4,0.47850402867696773,30556.399999999998
280.0,Rhodotorula mucilaginosa,30.0,4,0.1420748126923014,23491.9
281.0,Rhodotorula mucilaginosa,0.0,4,1.7788905241217674,32050.850000000002
281.0,Rhodotorula mucilaginosa,5.0,3,0.17330853905168345,45199.0
281.0,Rhodotorula mucilaginosa,10.0,4,1.0435994417693693,20341.65
281.0,Rhodotorula mucilaginosa,15.0,3,0.05172514620106401,35608.8
281.0,Rhodotorula mucilaginosa,20.0,3,0.10593528098230866,33333.25
281.0,Rhodotorula mucilaginosa,25.0,4,1.26455947465178,15950.075
281.0,Rhodotorula mucilaginosa,30.0,4,1.266233911469175,29566.125
282.0,Rhodotorula diobovata,0.0,4,0.06104225884511654,23471.300000000003
282.0,Rhodotorula diobovata,5.0,4,0.08926325142278367,24811.299999999996
282.0,Rhodotorula diobovata,10.0,4,0.4030840589585927,22929.375
282.0,Rhodotorula diobovata,15.0,4,0.07149731217486781,24473.800000000003
282.0,Rhodotorula diobovata,20.0,4,0.08283390596771516,15974.0
282.0,Rhodotorula diobovata,25.0,4,0.47805127283600246,11425.125
282.0,Rhodotorula diobovata,30.0,4,0.35780809322606255,12367.7
283.0,Rhodotorula mucilaginosa,0.0,4,0.10632544526895372,31934.5
283.0,Rhodotorula mucilaginosa,5.0,4,0.0674124832612888,43094.45
283.0,Rhodotorula mucilaginosa,10.0,4,0.6517275050224944,6421.2
283.0,Rhodotorula mucilaginosa,15.0,4,0.7497230509464646,17706.15
283.0,Rhodotorula mucilaginosa,20.0,4,0.14143615030671586,28134.375
283.0,Rhodotorula mucilaginosa,25.0,4,0.4653545672809494,3943.0749999999994
283.0,Rhodotorula mucilaginosa,30.0,4,0.6237778793357321,19978.574999999997
284.0,Rhodotorula kratochvilovae,0.0,4,0.061482858286982876,24973.775
284.0,Rhodotorula kratochvilovae,5.0,4,0.0828433536181483,34263.05
284.0,Rhodotorula kratochvilovae,10.0,4,0.47814943443917474,20418.25
284.0,Rhodotorula kratochvilovae,15.0,4,0.11012963007217433,10771.925
284.0,Rhodotorula kratochvilovae,20.0,4,0.5189001265087476,2471.05
284.0,Rhodotorula kratochvilovae,25.0,4,0.7610369005057485,1471.7750000000008
284.0,Rhodotorula kratochvilovae,30.0,4,0.4665454047608817,2207.65
285.0,Rhodotorula mucilaginosa,0.0,4,0.03806359321031699,31450.625
285.0,Rhodotorula mucilaginosa,5.0,4,0.06178078129705217,40927.850000000006
285.0,Rhodotorula mucilaginosa,10.0,4,0.3755657216947199,33073.925
285.0,Rhodotorula mucilaginosa,15.0,4,0.04788895849094255,36999.2
285.0,Rhodotorula mucilaginosa,20.0,4,0.0493666880736737,29583.225
285.0,Rhodotorula mucilaginosa,25.0,4,0.33155723227294315,28426.175
285.0,Rhodotorula mucilaginosa,30.0,4,0.3849317411532496,25753.97499999999
286.0,Rhodotorula mucilaginosa,0.0,4,0.03157162515842975,24265.4
286.0,Rhodotorula mucilaginosa,5.0,4,0.025395939532498517,28010.975000000002
286.0,Rhodotorula mucilaginosa,10.0,4,0.431426900040517,23309.075000000004
286.0,Rhodotorula mucilaginosa,15.0,4,0.10845090774188702,24616.725
286.0,Rhodotorula mucilaginosa,20.0,4,0.06491869208203054,20608.274999999994
286.0,Rhodotorula mucilaginosa,25.0,4,0.28475948251267474,16956.25
286.0,Rhodotorula mucilaginosa,30.0,4,0.12182334722152367,19693.2
287.0,Rhodotorula toruloides,0.0,4,0.10712259055955346,37492.600000000006
287.0,Rhodotorula toruloides,5.0,4,0.05903407579573905,39986.15
287.0,Rhodotorula toruloides,10.0,4,0.5073923080473106,4715.475
287.0,Rhodotorula toruloides,15.0,4,0.5804588182619215,16812.624999999996
287.0,Rhodotorula toruloides,20.0,4,0.13329931121847646,22979.349999999995
287.0,Rhodotorula toruloides,25.0,4,0.7569690807810951,2603.075
287.0,Rhodotorula toruloides,30.0,4,0.7967048094217891,15458.549999999997
288.0,Rhodotorula pacifica,0.0,4,0.1557611268809772,27153.200000000004
288.0,Rhodotorula pacifica,5.0,4,0.1222743583745902,35642.5
288.0,Rhodotorula pacifica,10.0,4,0.2043479148521144,29559.375
288.0,Rhodotorula pacifica,15.0,4,0.3006293422894164,26357.274999999998
288.0,Rhodotorula pacifica,20.0,4,0.04945913614053119,31571.0
288.0,Rhodotorula pacifica,25.0,4,0.2913117163323219,28022.149999999998
288.0,Rhodotorula pacifica,30.0,4,0.059036615053690296,24649.274999999998
289.0,Rhodotorula mucilaginosa,0.0,4,0.05982176426733611,34997.05
289.0,Rhodotorula mucilaginosa,5.0,4,0.05464034237433402,41618.85
289.0,Rhodotorula mucilaginosa,10.0,4,0.06268889256740431,46037.5
289.0,Rhodotorula mucilaginosa,15.0,4,0.07476976182931147,45109.850000000006
289.0,Rhodotorula mucilaginosa,20.0,4,0.07791980528213457,34555.74999999999
289.0,Rhodotorula mucilaginosa,25.0,4,0.11090246957437402,34098.625
289.0,Rhodotorula mucilaginosa,30.0,4,0.09440550458415517,25626.075
290.0,Rhodotorula mucilaginosa,0.0,4,0.08694291184774967,36868.775
290.0,Rhodotorula mucilaginosa,5.0,4,0.06671044813170578,42420.100000000006
290.0,Rhodotorula mucilaginosa,10.0,4,0.3021890303320829,30717.925000000003
290.0,Rhodotorula mucilaginosa,15.0,4,0.2886962328372216,33052.55
290.0,Rhodotorula mucilaginosa,20.0,4,0.10847591852022494,25343.75
290.0,Rhodotorula mucilaginosa,25.0,4,0.5376464483977039,11755.125
290.0,Rhodotorula mucilaginosa,30.0,4,0.38800311195823606,9451.375
291.0,Rhodotorula diobovata,0.0,4,0.12741111098994612,32415.775
291.0,Rhodotorula diobovata,5.0,4,0.9768347094792957,40328.700000000004
291.0,Rhodotorula diobovata,10.0,4,0.6450238765925643,35977.15
291.0,Rhodotorula diobovata,15.0,4,0.9691669138138783,29687.65
291.0,Rhodotorula diobovata,20.0,4,0.9521339942694855,28429.824999999993
291.0,Rhodotorula diobovata,25.0,4,0.35160613835983584,16073.050000000001
291.0,Rhodotorula diobovata,30.0,4,0.7196620963516684,9966.525
292.0,Rhodotorula graminis,10.0,4,1.0529445890397684,34386.225
292.0,Rhodotorula graminis,15.0,3,0.3084888258351518,34993.0
292.0,Rhodotorula graminis,20.0,4,0.48145109775224854,26976.35
292.0,Rhodotorula graminis,25.0,4,0.0948549324660809,25755.024999999998
292.0,Rhodotorula graminis,30.0,3,0.9887813334817086,16528.05
293.0,Rhodotorula mucilaginosa,0.0,4,0.10463070852466998,42489.275
293.0,Rhodotorula mucilaginosa,5.0,4,0.017806706848676235,47876.275
293.0,Rhodotorula mucilaginosa,10.0,4,0.4265621669871221,8173.725
293.0,Rhodotorula mucilaginosa,15.0,4,0.4933872470818375,22942.725
293.0,Rhodotorula mucilaginosa,20.0,4,0.14976436619236733,29298.0
293.0,Rhodotorula mucilaginosa,25.0,4,0.33818106178772434,4144.825
293.0,Rhodotorula mucilaginosa,30.0,4,0.3605940387672365,23385.7
294.0,Rhodotorula graminis,0.0,3,1.672785672322032,8835.4
294.0,Rhodotorula graminis,5.0,3,0.613805346488737,19831.549999999996
294.0,Rhodotorula graminis,10.0,4,0.7405120415215816,19610.774999999994
294.0,Rhodotorula graminis,15.0,3,0.45204880553615623,12634.999999999998
294.0,Rhodotorula graminis,20.0,4,0.16305523016314297,25715.975
294.0,Rhodotorula graminis,25.0,4,0.6084616788901075,24790.499999999996
294.0,Rhodotorula graminis,30.0,4,0.7067852792158439,15008.0
295.0,Rhodotorula mucilaginosa,0.0,4,0.17758021989036102,57941.100000000006
295.0,Rhodotorula mucilaginosa,5.0,4,0.27299417888054206,57441.725000000006
295.0,Rhodotorula mucilaginosa,10.0,4,0.1943002986475738,50299.525
295.0,Rhodotorula mucilaginosa,15.0,4,0.1076700511752106,39803.299999999996
295.0,Rhodotorula mucilaginosa,20.0,4,0.09924824697270074,29785.15
295.0,Rhodotorula mucilaginosa,25.0,4,0.08018138186655217,23470.725
295.0,Rhodotorula mucilaginosa,30.0,4,0.17539381244338823,7874.675
296.0,Rhodotorula mucilaginosa,0.0,4,0.03823597942699869,32786.45
296.0,Rhodotorula mucilaginosa,5.0,4,0.17400332419263556,41641.275
296.0,Rhodotorula mucilaginosa,10.0,4,0.5534482196429386,20530.050000000003
296.0,Rhodotorula mucilaginosa,15.0,4,0.5538736585419136,31879.475
296.0,Rhodotorula mucilaginosa,20.0,4,0.021374771698006875,24954.324999999997
296.0,Rhodotorula mucilaginosa,25.0,4,0.7205021694550374,9699.55
296.0,Rhodotorula mucilaginosa,30.0,4,0.20119292853930895,4733.125
297.0,Rhodotorula diobovata,0.0,4,0.9976066351616926,2869.9749999999995
297.0,Rhodotorula diobovata,5.0,3,0.7361338710934051,4843.8
297.0,Rhodotorula diobovata,10.0,4,1.129953962101349,2325.4
297.0,Rhodotorula diobovata,15.0,3,0.1943949155567237,1198.6
297.0,Rhodotorula diobovata,20.0,4,1.2073545466960272,1356.6124999999997
297.0,Rhodotorula diobovata,25.0,4,0.7699171208612389,1519.4374999999995
297.0,Rhodotorula diobovata,30.0,4,0.7373094927415714,853.925
298.0,Rhodotorula mucilaginosa,0.0,3,0.15476103286681706,43653.200000000004
298.0,Rhodotorula mucilaginosa,5.0,3,0.04038752335765689,46064.5
298.0,Rhodotorula mucilaginosa,10.0,4,0.5588369708306481,32511.65
298.0,Rhodotorula mucilaginosa,15.0,4,0.5014694070966277,24387.425000000003
298.0,Rhodotorula mucilaginosa,20.0,4,0.32890502493062407,21386.674999999996
298.0,Rhodotorula mucilaginosa,25.0,4,0.41052118255490233,17133.75
298.0,Rhodotorula mucilaginosa,30.0,3,0.8864147565632294,14849.6
299.0,Rhodotorula mucilaginosa,0.0,4,0.013852986508629279,34313.825000000004
299.0,Rhodotorula mucilaginosa,5.0,4,0.11395383547773469,37362.52500000001
299.0,Rhodotorula mucilaginosa,10.0,4,0.35507693760377723,18321.300000000003
299.0,Rhodotorula mucilaginosa,15.0,4,0.34006536411945626,32135.949999999997
299.0,Rhodotorula mucilaginosa,20.0,4,0.2723914871258871,25794.6
299.0,Rhodotorula mucilaginosa,25.0,4,0.39475297120180325,12114.475000000002
299.0,Rhodotorula mucilaginosa,30.0,4,0.21446807523595923,11581.974999999999
300.0,Rhodotorula mucilaginosa,0.0,4,0.3012454613964784,41491.025
300.0,Rhodotorula mucilaginosa,5.0,4,0.0814962901750693,41830.75
300.0,Rhodotorula mucilaginosa,10.0,4,0.5379761277346744,39939.75
300.0,Rhodotorula mucilaginosa,15.0,4,0.5969187637774004,39719.350000000006
300.0,Rhodotorula mucilaginosa,20.0,4,0.10753450041986538,36671.225
300.0,Rhodotorula mucilaginosa,25.0,4,0.5152462036434087,32512.725
300.0,Rhodotorula mucilaginosa,30.0,4,0.35600040497466734,25757.0
301.0,Rhodotorula paludigena,0.0,2,0.09524730652350681,31665.875
301.0,Rhodotorula paludigena,5.0,3,1.4211407650189514,16480.6
301.0,Rhodotorula paludigena,10.0,3,1.1289943695833835,15878.050000000001
301.0,Rhodotorula paludigena,15.0,3,0.9843954245017285,24418.5
301.0,Rhodotorula paludigena,20.0,4,0.6705073034566955,9972.55
301.0,Rhodotorula paludigena,25.0,4,0.5202308265854713,11606.324999999997
301.0,Rhodotorula paludigena,30.0,4,1.0970352815256095,6689.649999999999
302.0,Rhodotorula sp. clade XI,0.0,4,0.1333761619189289,53442.77500000001
302.0,Rhodotorula sp. clade XI,5.0,4,0.11594636197030415,51631.625
302.0,Rhodotorula sp. clade XI,10.0,4,0.3133984563532345,35852.55
302.0,Rhodotorula sp. clade XI,15.0,4,0.24710758179293882,29842.65
302.0,Rhodotorula sp. clade XI,20.0,4,0.10609904861725505,23076.69999999999
302.0,Rhodotorula sp. clade XI,25.0,4,0.2699361597916409,13279.574999999999
302.0,Rhodotorula sp. clade XI,30.0,4,0.35391206264328,8645.4
303.0,Rhodotorula mucilaginosa,0.0,4,0.10822230244490354,29084.625
303.0,Rhodotorula mucilaginosa,5.0,4,0.12753761217364096,38456.15
303.0,Rhodotorula mucilaginosa,10.0,4,0.5225937949678251,32471.325
303.0,Rhodotorula mucilaginosa,15.0,4,0.4809016636500244,27322.274999999998
303.0,Rhodotorula mucilaginosa,20.0,4,0.11980252355619356,26957.199999999997
303.0,Rhodotorula mucilaginosa,25.0,4,0.2700501392857603,13819.499999999998
303.0,Rhodotorula mucilaginosa,30.0,4,0.16418561905755222,16535.0
304.0,Rhodotorula mucilaginosa,0.0,4,0.041685694152512526,42386.662500000006
304.0,Rhodotorula mucilaginosa,5.0,4,0.16167420078841593,44451.85
304.0,Rhodotorula mucilaginosa,10.0,4,0.41742238778363866,25180.175000000003
304.0,Rhodotorula mucilaginosa,15.0,4,0.4316294954084422,38605.74999999999
304.0,Rhodotorula mucilaginosa,20.0,4,0.13102575118516147,41684.99999999999
304.0,Rhodotorula mucilaginosa,25.0,4,0.4413421064753305,13025.9
304.0,Rhodotorula mucilaginosa,30.0,4,0.22264164128795064,11132.249999999998
305.0,,0.0,4,0.20794939540328086,52550.65
305.0,,5.0,4,0.14279893594710313,56389.850000000006
305.0,,10.0,4,0.454947652925893,8591.2
305.0,,15.0,4,0.4713481326710077,30312.899999999994
305.0,,20.0,4,0.10081321920152699,40899.0
305.0,,25.0,4,0.46918457674078756,6862.799999999999
305.0,,30.0,4,0.2782456247432591,13038.025000000001
306.0,,0.0,4,0.07897300833189012,39488.8
306.0,,5.0,4,0.10280977935977204,45598.27500000001
306.0,,10.0,4,0.6613769669871025,21286.025
306.0,,15.0,4,0.7372173394970857,39795.52500000001
306.0,,20.0,4,0.1452492144722494,30938.749999999985
306.0,,25.0,4,0.6121888944878967,9008.85
306.0,,30.0,4,0.5176553461181057,24235.574999999997
307.0,Rhodotorula mucilaginosa,0.0,4,0.06282103829148424,38339.875
307.0,Rhodotorula mucilaginosa,5.0,4,0.014079253120479434,51563.200000000004
307.0,Rhodotorula mucilaginosa,10.0,4,0.07398752473911858,47127.45
307.0,Rhodotorula mucilaginosa,15.0,4,0.07553069852227873,42462.475000000006
307.0,Rhodotorula mucilaginosa,20.0,4,0.10403873414169232,36716.925
307.0,Rhodotorula mucilaginosa,25.0,4,0.3028490407807843,32332.125
307.0,Rhodotorula mucilaginosa,30.0,4,0.11864271717906474,25601.225000000002
308.0,Rhodotorula mucilaginosa,0.0,4,0.34197263732965877,32850.0
308.0,Rhodotorula mucilaginosa,5.0,4,0.10332554569718275,40710.450000000004
308.0,Rhodotorula mucilaginosa,10.0,4,0.35977563159544734,31475.73750000001
308.0,Rhodotorula mucilaginosa,15.0,4,0.3471353125936218,27805.15
308.0,Rhodotorula mucilaginosa,20.0,4,0.10373261984410947,24274.1
308.0,Rhodotorula mucilaginosa,25.0,4,0.38956478474636586,11628.6
308.0,Rhodotorula mucilaginosa,30.0,4,0.3466255649754192,14175.100000000002
309.0,Rhodotorula mucilaginosa,0.0,4,0.06412549741698198,30993.05
309.0,Rhodotorula mucilaginosa,5.0,4,0.1766100978865357,57726.125
309.0,Rhodotorula mucilaginosa,10.0,4,0.1166641189967967,41033.7
309.0,Rhodotorula mucilaginosa,15.0,4,0.04936947264169966,34693.325
309.0,Rhodotorula mucilaginosa,20.0,4,0.03824276410464853,23443.574999999997
309.0,Rhodotorula mucilaginosa,25.0,4,0.3826418507146673,19533.85
309.0,Rhodotorula mucilaginosa,30.0,4,0.20566774105728214,9974.650000000001
310.0,Rhodotorula kratochvilovae,0.0,4,0.07402968010722098,24340.2
310.0,Rhodotorula kratochvilovae,5.0,4,0.18778775827501362,31378.175000000003
310.0,Rhodotorula kratochvilovae,10.0,4,0.6954976864421467,10989.675
310.0,Rhodotorula kratochvilovae,15.0,4,0.36273597979617145,4569.45
310.0,Rhodotorula kratochvilovae,20.0,4,0.9319345178452264,2149.9749999999995
310.0,Rhodotorula kratochvilovae,25.0,4,1.1431938404725577,860.7125
310.0,Rhodotorula kratochvilovae,30.0,3,0.2578915821516164,1085.7999999999997
311.0,Rhodotorula kratochvilovae,0.0,4,0.08473021689677945,22780.6
311.0,Rhodotorula kratochvilovae,5.0,4,0.17406999959062883,27013.125
311.0,Rhodotorula kratochvilovae,10.0,4,0.7578325707614242,12910.774999999976
311.0,Rhodotorula kratochvilovae,15.0,4,0.5542341652190464,2848.175
311.0,Rhodotorula kratochvilovae,20.0,4,0.9370939559347569,856.05
311.0,Rhodotorula kratochvilovae,25.0,4,0.8280138901881764,3333.0
311.0,Rhodotorula kratochvilovae,30.0,4,0.9170392951108592,598.8999999999999
312.0,Pseudomicrostroma phylloplanum,0.0,3,0.11593383732402525,39411.6
312.0,Pseudomicrostroma phylloplanum,5.0,3,0.1250197357210923,48793.15
312.0,Pseudomicrostroma phylloplanum,10.0,3,0.20955787844278279,45390.0
312.0,Pseudomicrostroma phylloplanum,15.0,3,0.18351272214841396,46350.950000000004
312.0,Pseudomicrostroma phylloplanum,20.0,4,0.8681834698257876,23081.100000000006
312.0,Pseudomicrostroma phylloplanum,25.0,4,1.1831748547054401,23787.199999999997
312.0,Pseudomicrostroma phylloplanum,30.0,3,0.25712134842703727,33453.8
313.0,Rhodotorula mucilaginosa,0.0,4,0.2892641103943069,41494.40000000001
313.0,Rhodotorula mucilaginosa,5.0,4,0.11812561767934487,46804.84999999999
313.0,Rhodotorula mucilaginosa,10.0,4,0.617014706481347,21814.499999999993
313.0,Rhodotorula mucilaginosa,15.0,4,0.46667220777106605,44914.225
313.0,Rhodotorula mucilaginosa,20.0,4,0.07503927859912449,33577.6
313.0,Rhodotorula mucilaginosa,25.0,4,0.6461504289720819,16571.45
313.0,Rhodotorula mucilaginosa,30.0,4,0.3870544603320466,24063.15
314.0,Rhodotorula glutinis,0.0,3,0.11263056934040024,23972.399999999998
314.0,Rhodotorula glutinis,5.0,2,0.06064581313693479,47405.95
314.0,Rhodotorula glutinis,10.0,3,0.02590801857549621,43701.0
314.0,Rhodotorula glutinis,15.0,3,0.16826268581129386,38835.1
314.0,Rhodotorula glutinis,20.0,4,0.9166207847191522,32618.175
314.0,Rhodotorula glutinis,25.0,4,0.12997309684343442,27571.324999999997
314.0,Rhodotorula glutinis,30.0,2,0.05217441515719832,13220.8
315.0,Rhodotorula mucilaginosa,0.0,4,0.29013398639770316,38748.725000000006
315.0,Rhodotorula mucilaginosa,5.0,4,0.08730085048678006,45490.9
315.0,Rhodotorula mucilaginosa,10.0,4,0.33066945652486185,32815.725000000006
315.0,Rhodotorula mucilaginosa,15.0,4,0.09845414417128039,39313.125
315.0,Rhodotorula mucilaginosa,20.0,4,0.10797516448728053,29290.6
315.0,Rhodotorula mucilaginosa,25.0,4,0.2624235354172903,17887.550000000003
315.0,Rhodotorula mucilaginosa,30.0,4,0.3493802226292294,15020.35
316.0,Rhodotorula evergladensis,10.0,2,1.8074162748165319,22631.774999999998
316.0,Rhodotorula evergladensis,15.0,3,1.829877820653946,205.29999999999998
316.0,Rhodotorula evergladensis,20.0,4,1.3431956499857634,151.0
316.0,Rhodotorula evergladensis,25.0,4,0.961051737740308,11502.8
316.0,Rhodotorula evergladensis,30.0,3,1.2696230256698466,26857.8
317.0,Rhodotorula mucilaginosa,0.0,4,0.09815945626147507,41899.975000000006
317.0,Rhodotorula mucilaginosa,5.0,4,0.13142039092077257,50658.7
317.0,Rhodotorula mucilaginosa,10.0,4,0.3531005331304095,29194.825000000004
317.0,Rhodotorula mucilaginosa,15.0,4,0.23545978736544035,35512.35
317.0,Rhodotorula mucilaginosa,20.0,4,0.0387197542745012,27821.875
317.0,Rhodotorula mucilaginosa,25.0,4,0.4657772483365057,13239.724999999999
317.0,Rhodotorula mucilaginosa,30.0,4,0.32070846922723956,12888.150000000001
318.0,Rhodotorula mucilaginosa,0.0,4,0.10724047564188477,41866.875
318.0,Rhodotorula mucilaginosa,5.0,4,0.12823064261413714,49082.075000000004
318.0,Rhodotorula mucilaginosa,10.0,4,0.4584527396676599,22232.9
318.0,Rhodotorula mucilaginosa,15.0,4,0.4210374172537332,40715.15
318.0,Rhodotorula mucilaginosa,20.0,4,0.04640329757287372,37594.25
318.0,Rhodotorula mucilaginosa,25.0,4,0.4076756777116213,16319.05
318.0,Rhodotorula mucilaginosa,30.0,4,0.1630162269389107,26492.65
319.0,,0.0,4,0.05198624050637754,40814.850000000006
319.0,,5.0,4,0.03155434224548981,53932.625
319.0,,10.0,4,0.4474703074968637,23136.9
319.0,,15.0,4,0.3971111300770218,38888.175
319.0,,20.0,4,0.03614380584704147,26889.749999999993
319.0,,25.0,4,0.42241861719979257,8146.35
319.0,,30.0,4,0.14838457373981484,11628.6
320.0,Rhodotorula graminis,0.0,4,0.9405374007175072,8891.775000000001
320.0,Rhodotorula graminis,5.0,3,0.14939295745318873,8618.45
320.0,Rhodotorula graminis,10.0,3,0.5691968083691067,5925.0
320.0,Rhodotorula graminis,15.0,3,0.279252082583365,2994.75
320.0,Rhodotorula graminis,20.0,4,1.0573980721086933,976.825
320.0,Rhodotorula graminis,25.0,4,0.5458241608812964,952.5750000000005
320.0,Rhodotorula graminis,30.0,4,0.4065474654610036,704.35
321.0,Rhodotorula dairenensis,0.0,4,0.14091844275715648,33117.05
321.0,Rhodotorula dairenensis,5.0,4,0.21416484310168646,42933.3
321.0,Rhodotorula dairenensis,10.0,4,0.37127549707287266,11579.0
321.0,Rhodotorula dairenensis,15.0,4,0.37408549145185316,14208.825
321.0,Rhodotorula dairenensis,20.0,4,0.05387851257462678,11964.525000000001
321.0,Rhodotorula dairenensis,25.0,4,0.408871589209151,5747.775
321.0,Rhodotorula dairenensis,30.0,4,0.18190828946437287,5349.724999999999
322.0,Rhodotorula mucilaginosa,0.0,4,0.5926678340207089,23168.574999999997
322.0,Rhodotorula mucilaginosa,5.0,3,0.689380920322812,9059.999999999998
322.0,Rhodotorula mucilaginosa,10.0,3,1.2756441834941579,38613.5
322.0,Rhodotorula mucilaginosa,15.0,3,0.33209275351072726,13821.0
322.0,Rhodotorula mucilaginosa,20.0,4,1.3859473888846294,16630.85
322.0,Rhodotorula mucilaginosa,25.0,4,1.409034184366322,22264.05
322.0,Rhodotorula mucilaginosa,30.0,4,0.8619179530490594,2491.1749999999993
323.0,Rhodotorula sphaerocarpa,0.0,3,0.156426368052193,22875.65
323.0,Rhodotorula sphaerocarpa,5.0,3,0.15610167159557695,26745.600000000002
323.0,Rhodotorula sphaerocarpa,10.0,3,0.25752374272337447,38585.59999999999
323.0,Rhodotorula sphaerocarpa,15.0,3,0.14791707710160823,28838.3
323.0,Rhodotorula sphaerocarpa,20.0,4,1.1834061273782819,15211.424999999996
323.0,Rhodotorula sphaerocarpa,25.0,4,0.8555169949716828,15201.999999999998
323.0,Rhodotorula sphaerocarpa,30.0,4,0.8420821843876563,9199.85
324.0,Rhodotorula diobovata,0.0,2,1.793447618230069,12266.600000000002
324.0,Rhodotorula diobovata,5.0,3,1.6145326388887122,30354.250000000004
324.0,Rhodotorula diobovata,10.0,4,1.1428942596580094,12347.45
324.0,Rhodotorula diobovata,15.0,4,1.2880477735636253,3863.8999999999996
324.0,Rhodotorula diobovata,20.0,4,1.431417768306162,11308.0
324.0,Rhodotorula diobovata,25.0,4,1.1515052737257705,250.1
324.0,Rhodotorula diobovata,30.0,3,0.6014083190121775,2800.5999999999995
325.0,Rhodotorula paludigena,0.0,2,1.4448831233623405,17380.5
325.0,Rhodotorula paludigena,5.0,3,1.4519314783156392,168.5
325.0,Rhodotorula paludigena,10.0,4,1.5861450378567108,24212.375
325.0,Rhodotorula paludigena,15.0,3,1.467999265323405,27429.15
325.0,Rhodotorula paludigena,20.0,4,1.5626485987612917,198.5
325.0,Rhodotorula paludigena,25.0,4,0.6874383500030851,12046.949999999999
325.0,Rhodotorula paludigena,30.0,4,0.6620317072257704,4337.099999999999
326.0,Rhodotorula araucariae,0.0,4,1.530900540935689,39922.05
326.0,Rhodotorula araucariae,5.0,4,1.3954640464234545,35301.9
326.0,Rhodotorula araucariae,10.0,3,0.4360968961722871,10394.25
326.0,Rhodotorula araucariae,15.0,3,1.0198786666611366,981.95
326.0,Rhodotorula araucariae,20.0,4,1.3142734993597955,13140.349999999999
326.0,Rhodotorula araucariae,25.0,4,1.3162346741787827,8776.099999999999
326.0,Rhodotorula araucariae,30.0,4,1.2552230772945419,505.625
327.0,Rhodotorula evergladensis,0.0,4,0.12531798001461014,36836.7
327.0,Rhodotorula evergladensis,5.0,4,0.225579205779374,42831.725
327.0,Rhodotorula evergladensis,10.0,4,0.3708025701429146,37419.65
327.0,Rhodotorula evergladensis,15.0,4,0.15279045902052732,52551.950000000004
327.0,Rhodotorula evergladensis,20.0,4,0.08723843434645721,45406.575
327.0,Rhodotorula evergladensis,25.0,4,0.407818733918936,30397.125
327.0,Rhodotorula evergladensis,30.0,4,0.15948644948009147,26429.725
334.0,Rhodotorula mucilaginosa,0.0,8,0.13371669782353807,41456.3
334.0,Rhodotorula mucilaginosa,5.0,8,0.11840227320339132,49262.825000000004
334.0,Rhodotorula mucilaginosa,10.0,8,0.3028454478934277,34254.125
334.0,Rhodotorula mucilaginosa,15.0,8,0.29661236550772524,32318.125
334.0,Rhodotorula mucilaginosa,20.0,8,0.17886010680718983,31053.074999999993
334.0,Rhodotorula mucilaginosa,25.0,8,0.45877461280145704,14836.199999999999
334.0,Rhodotorula mucilaginosa,30.0,8,0.2562093678804182,11867.45
