bim_index,rs,pip,n_samples_included
356179,scaffold_5:458816:C:G,0.43983,43983
425292,scaffold_7:533078:C:A,0.06395,6395
395094,scaffold_6:613428:C:T,0.04948,4948
119304,scaffold_15:572515:G:A,0.04882,4882
128013,scaffold_16:270730:A:G,0.0227,2270
371134,scaffold_5:1073498:A:C,0.02163,2163
493472,scaffold_9:790433:G:A,0.01856,1856
173094,scaffold_19:170993:A:C,0.01621,1621
143639,scaffold_17:243782:C:G,0.01598,1598
264160,scaffold_2:1344519:C:A,0.01223,1223
30469,scaffold_11:292561:G:A,0.01105,1105
378536,scaffold_5:1389236:A:G,0.00961,961
290702,scaffold_3:785140:C:T,0.00942,942
273820,scaffold_3:142325:C:T,0.00921,921
240915,scaffold_2:402067:T:G,0.00916,916
312674,scaffold_4:182761:G:C,0.00906,906
349081,scaffold_5:187143:G:A,0.00899,899
173030,scaffold_19:168992:A:G,0.00892,892
227629,scaffold_1:2019118:G:C,0.00873,873
436885,scaffold_7:987682:T:C,0.00867,867
468240,scaffold_8:991220:T:G,0.00836,836
102071,scaffold_14:632098:C:T,0.00834,834
460031,scaffold_8:645679:C:T,0.00828,828
83872,scaffold_13:705520:G:A,0.0081,810
139170,scaffold_17:64176:C:A,0.00808,808
149909,scaffold_17:514572:G:A,0.00795,795
389441,scaffold_6:395345:T:C,0.0079,790
53200,scaffold_12:314857:T:C,0.00786,786
431665,scaffold_7:780122:G:A,0.00767,767
11990,scaffold_10:486785:C:G,0.00754,754
377943,scaffold_5:1360615:G:C,0.00746,746
152537,scaffold_17:620623:G:A,0.00745,745
288110,scaffold_3:681619:T:A,0.00744,744
224376,scaffold_1:1901865:T:A,0.00734,734
183246,scaffold_1:320192:C:T,0.0073,730
407470,scaffold_6:1142589:G:A,0.00728,728
356311,scaffold_5:464531:C:T,0.00721,721
336419,scaffold_4:1108679:T:C,0.00721,721
118127,scaffold_15:527661:C:T,0.00715,715
272155,scaffold_3:74922:G:C,0.00706,706
348505,scaffold_5:163123:A:G,0.007,700
168659,scaffold_18:615673:C:T,0.00696,696
193937,scaffold_1:745862:C:T,0.00696,696
339447,scaffold_4:1251187:G:T,0.00693,693
323236,scaffold_4:605535:C:G,0.00684,684
313172,scaffold_4:200806:A:T,0.00678,678
360351,scaffold_5:636492:C:T,0.00676,676
491495,scaffold_9:705459:G:C,0.00669,669
368449,scaffold_5:965846:C:T,0.00666,666
319773,scaffold_4:463436:T:C,0.0066,660
377895,scaffold_5:1358165:C:T,0.00658,658
99749,scaffold_14:541130:T:A,0.00658,658
305116,scaffold_3:1346276:T:C,0.00655,655
185189,scaffold_1:397862:A:T,0.00654,654
117635,scaffold_15:508324:T:C,0.00653,653
407153,scaffold_6:1117431:A:G,0.00649,649
437169,scaffold_7:997455:T:C,0.00645,645
288929,scaffold_3:715408:T:C,0.00643,643
30974,scaffold_11:310596:A:G,0.00638,638
184926,scaffold_1:384325:A:G,0.00637,637
204271,scaffold_1:1138037:A:G,0.00637,637
188877,scaffold_1:551406:T:C,0.0063,630
174575,scaffold_19:226682:C:T,0.00629,629
42573,scaffold_11:820038:A:C,0.00629,629
271112,scaffold_3:27166:T:G,0.00629,629
268090,scaffold_2:1506046:C:G,0.00628,628
354810,scaffold_5:405884:T:C,0.00626,626
404609,scaffold_6:991337:G:T,0.00624,624
199384,scaffold_1:956719:C:G,0.00622,622
369534,scaffold_5:1008495:T:A,0.00621,621
331007,scaffold_4:905731:C:T,0.00618,618
348529,scaffold_5:163708:A:G,0.00597,597
343567,scaffold_4:1435099:G:A,0.00595,595
486436,scaffold_9:502928:G:A,0.00594,594
265189,scaffold_2:1381779:A:G,0.00582,582
3770,scaffold_10:147984:C:T,0.00581,581
41899,scaffold_11:785904:C:T,0.00562,562
446805,scaffold_8:102291:C:G,0.0056,560
460117,scaffold_8:648689:C:G,0.00559,559
160297,scaffold_18:284485:T:C,0.00557,557
192555,scaffold_1:694700:A:G,0.0055,550
487601,scaffold_9:549841:C:G,0.00548,548
214911,scaffold_1:1539121:A:G,0.00544,544
318509,scaffold_4:415392:A:G,0.0054,540
462848,scaffold_8:759588:C:G,0.00537,537
157946,scaffold_18:187925:T:C,0.00535,535
258964,scaffold_2:1141869:A:G,0.00533,533
105984,scaffold_15:23616:C:G,0.00533,533
170286,scaffold_19:32831:G:A,0.00532,532
401846,scaffold_6:877960:A:G,0.00532,532
234656,scaffold_2:131720:A:G,0.00531,531
33838,scaffold_11:462025:G:C,0.0053,530
151573,scaffold_17:582814:G:A,0.00528,528
423011,scaffold_7:452195:G:T,0.00527,527
74973,scaffold_13:368197:G:A,0.00526,526
486501,scaffold_9:504870:A:G,0.00524,524
281208,scaffold_3:428259:C:T,0.00523,523
161713,scaffold_18:342147:A:G,0.0052,520
271850,scaffold_3:63965:G:A,0.00517,517
66366,scaffold_13:45938:G:A,0.00512,512
359297,scaffold_5:596941:G:T,0.00506,506
334799,scaffold_4:1040242:G:T,0.00503,503
299700,scaffold_3:1136332:T:C,0.00502,502
404050,scaffold_6:965768:C:T,0.00501,501
254205,scaffold_2:958381:C:T,0.00493,493
115492,scaffold_15:430603:T:C,0.00493,493
364936,scaffold_5:837626:C:T,0.00493,493
26295,scaffold_11:106996:C:T,0.00491,491
153000,scaffold_17:640920:G:T,0.00485,485
165456,scaffold_18:490632:A:G,0.00481,481
440665,scaffold_7:1126025:T:G,0.0048,480
269754,scaffold_2:1587426:A:G,0.00479,479
419939,scaffold_7:337996:T:A,0.00478,478
46316,scaffold_12:41677:A:G,0.00476,476
85772,scaffold_13:783026:A:C,0.00475,475
485007,scaffold_9:451547:T:C,0.00473,473
16180,scaffold_10:657638:G:T,0.00471,471
471029,scaffold_8:1132879:A:C,0.00471,471
229830,scaffold_1:2102279:A:C,0.00469,469
82790,scaffold_13:663904:C:T,0.00467,467
227326,scaffold_1:2010177:C:T,0.00466,466
224714,scaffold_1:1912681:A:C,0.00465,465
62670,scaffold_12:714820:G:A,0.00465,465
415417,scaffold_7:174290:G:A,0.00464,464
191204,scaffold_1:641158:A:T,0.00464,464
337270,scaffold_4:1139205:G:C,0.00459,459
263774,scaffold_2:1324054:C:T,0.00457,457
294621,scaffold_3:932895:A:G,0.00456,456
160659,scaffold_18:298902:A:G,0.00455,455
33000,scaffold_11:431466:T:C,0.00453,453
382486,scaffold_6:142582:C:A,0.00453,453
422707,scaffold_7:440600:C:T,0.00453,453
438154,scaffold_7:1030823:C:G,0.00452,452
419760,scaffold_7:331169:C:T,0.00446,446
390253,scaffold_6:424738:T:C,0.00445,445
197778,scaffold_1:893383:G:A,0.00444,444
250201,scaffold_2:793529:T:C,0.00444,444
367629,scaffold_5:936522:G:A,0.00443,443
317760,scaffold_4:387399:G:A,0.00443,443
187600,scaffold_1:489866:C:G,0.00443,443
417605,scaffold_7:253086:C:T,0.00443,443
477853,scaffold_9:169383:G:A,0.00441,441
228021,scaffold_1:2032464:C:T,0.00441,441
409496,scaffold_6:1227743:C:T,0.0044,440
342062,scaffold_4:1370155:G:A,0.0044,440
108518,scaffold_15:153380:A:G,0.00439,439
76626,scaffold_13:434858:T:C,0.00439,439
104285,scaffold_14:717658:C:G,0.00438,438
240504,scaffold_2:386840:C:G,0.00438,438
22295,scaffold_10:930849:C:A,0.00436,436
4465,scaffold_10:176923:G:T,0.00435,435
461501,scaffold_8:706978:A:G,0.00435,435
268700,scaffold_2:1538580:T:C,0.00434,434
95814,scaffold_14:371050:C:G,0.00432,432
169631,scaffold_19:9943:T:G,0.00432,432
408901,scaffold_6:1201564:G:A,0.00428,428
142766,scaffold_17:208017:C:T,0.00427,427
436490,scaffold_7:972862:C:T,0.00425,425
201573,scaffold_1:1041508:G:A,0.00424,424
494697,scaffold_9:849641:G:A,0.00423,423
51374,scaffold_12:246607:G:A,0.00422,422
295533,scaffold_3:981207:T:C,0.00421,421
438703,scaffold_7:1050905:T:C,0.0042,420
317520,scaffold_4:379702:G:A,0.00418,418
37268,scaffold_11:601634:T:C,0.00415,415
387982,scaffold_6:345431:C:T,0.0041,410
437690,scaffold_7:1013502:T:C,0.0041,410
304602,scaffold_3:1329266:C:A,0.00408,408
85342,scaffold_13:767051:G:A,0.00407,407
11176,scaffold_10:460275:A:T,0.00407,407
461781,scaffold_8:717454:C:T,0.00407,407
385597,scaffold_6:257650:A:G,0.00406,406
476738,scaffold_9:119205:G:A,0.00406,406
7838,scaffold_10:321661:C:T,0.00405,405
409353,scaffold_6:1221448:T:G,0.00405,405
57698,scaffold_12:498473:C:T,0.00404,404
141859,scaffold_17:171164:G:A,0.00404,404
47369,scaffold_12:81613:C:A,0.00403,403
395659,scaffold_6:636660:T:C,0.00402,402
241996,scaffold_2:442359:A:G,0.00401,401
314824,scaffold_4:281873:T:C,0.004,400
274361,scaffold_3:164260:G:A,0.004,400
214097,scaffold_1:1508227:G:A,0.004,400
449542,scaffold_8:209555:C:A,0.00398,398
407569,scaffold_6:1152529:A:G,0.00398,398
136335,scaffold_16:608159:A:G,0.00398,398
459223,scaffold_8:612862:T:C,0.00396,396
50228,scaffold_12:200564:C:T,0.00394,394
216867,scaffold_1:1615358:A:C,0.00394,394
260902,scaffold_2:1217032:A:G,0.00394,394
416429,scaffold_7:212759:G:A,0.00393,393
14531,scaffold_10:597386:G:A,0.00391,391
281792,scaffold_3:450879:A:G,0.0039,390
52975,scaffold_12:306247:T:C,0.00389,389
83755,scaffold_13:701398:G:A,0.00388,388
178217,scaffold_1:98867:C:T,0.00386,386
29355,scaffold_11:246589:C:T,0.00386,386
281687,scaffold_3:447229:G:T,0.00386,386
233230,scaffold_2:64173:A:C,0.00384,384
243693,scaffold_2:512054:T:C,0.00381,381
471441,scaffold_8:1147670:A:C,0.00381,381
81018,scaffold_13:597869:C:G,0.0038,380
240873,scaffold_2:400674:G:A,0.0038,380
318072,scaffold_4:398483:C:T,0.00379,379
121801,scaffold_15:682927:C:T,0.00378,378
208968,scaffold_1:1316614:G:A,0.00378,378
345634,scaffold_5:44980:A:C,0.00377,377
191125,scaffold_1:637421:T:C,0.00377,377
397785,scaffold_6:718479:C:T,0.00376,376
479445,scaffold_9:243123:C:G,0.00375,375
281978,scaffold_3:457041:A:C,0.00374,374
407155,scaffold_6:1117485:T:C,0.00373,373
436586,scaffold_7:975269:C:T,0.00373,373
312298,scaffold_4:167075:A:G,0.00372,372
274706,scaffold_3:177667:G:A,0.00372,372
367488,scaffold_5:931392:C:G,0.00371,371
366693,scaffold_5:902300:C:T,0.0037,370
387957,scaffold_6:344608:C:A,0.0037,370
449717,scaffold_8:216107:A:C,0.00369,369
423127,scaffold_7:455730:T:A,0.00369,369
481464,scaffold_9:319922:A:C,0.00368,368
204750,scaffold_1:1154570:C:T,0.00367,367
195108,scaffold_1:794934:A:G,0.00366,366
244720,scaffold_2:557447:C:T,0.00365,365
130,scaffold_10:5669:G:A,0.00364,364
383748,scaffold_6:190823:T:G,0.00364,364
471447,scaffold_8:1147795:A:C,0.00364,364
290088,scaffold_3:761473:G:C,0.00364,364
114315,scaffold_15:387360:A:C,0.00363,363
381919,scaffold_6:121380:A:G,0.00363,363
231608,scaffold_1:2171659:T:G,0.00363,363
359180,scaffold_5:592738:C:T,0.00362,362
78911,scaffold_13:516967:G:A,0.00361,361
426984,scaffold_7:596329:A:G,0.00361,361
209152,scaffold_1:1323599:G:T,0.00361,361
15830,scaffold_10:644631:T:C,0.00361,361
379104,scaffold_6:14834:G:C,0.00361,361
53549,scaffold_12:330844:G:A,0.00359,359
109496,scaffold_15:187751:C:T,0.00359,359
436948,scaffold_7:989556:G:A,0.00359,359
51962,scaffold_12:270354:C:T,0.00359,359
121344,scaffold_15:659720:G:C,0.00358,358
234964,scaffold_2:142714:A:G,0.00356,356
484279,scaffold_9:425160:G:A,0.00356,356
249583,scaffold_2:768727:C:A,0.00356,356
285845,scaffold_3:598318:G:C,0.00355,355
157197,scaffold_18:151447:G:A,0.00353,353
43532,scaffold_11:859752:T:G,0.00353,353
73702,scaffold_13:320299:G:A,0.00353,353
285930,scaffold_3:600769:A:G,0.00352,352
222034,scaffold_1:1815443:G:T,0.00351,351
171987,scaffold_19:117039:C:T,0.00351,351
180001,scaffold_1:182282:C:G,0.0035,350
275333,scaffold_3:208954:C:T,0.0035,350
423061,scaffold_7:453770:T:G,0.0035,350
134152,scaffold_16:514782:G:T,0.00349,349
400410,scaffold_6:820745:C:G,0.00349,349
231053,scaffold_1:2150557:C:G,0.00348,348
255968,scaffold_2:1025231:C:G,0.00348,348
261367,scaffold_2:1233513:G:A,0.00348,348
214256,scaffold_1:1513282:G:A,0.00348,348
453074,scaffold_8:356863:G:T,0.00348,348
10263,scaffold_10:418164:G:T,0.00347,347
59959,scaffold_12:597380:G:C,0.00347,347
55927,scaffold_12:432442:T:C,0.00347,347
353455,scaffold_5:358373:G:T,0.00347,347
358767,scaffold_5:571082:G:C,0.00347,347
169240,scaffold_18:636770:C:T,0.00346,346
372345,scaffold_5:1127878:C:T,0.00344,344
380185,scaffold_6:61060:T:C,0.00343,343
192539,scaffold_1:694175:G:A,0.00343,343
244853,scaffold_2:562368:C:A,0.00343,343
18936,scaffold_10:767361:T:C,0.00343,343
222125,scaffold_1:1819051:G:A,0.00342,342
3588,scaffold_10:141048:A:C,0.00342,342
347777,scaffold_5:138316:T:G,0.00341,341
470532,scaffold_8:1092020:T:C,0.00341,341
314057,scaffold_4:249177:C:A,0.00341,341
439292,scaffold_7:1071893:C:A,0.0034,340
490427,scaffold_9:657571:T:G,0.00339,339
229349,scaffold_1:2084033:G:A,0.00338,338
140853,scaffold_17:131158:G:C,0.00338,338
70840,scaffold_13:220968:T:C,0.00338,338
137546,scaffold_16:665161:C:T,0.00337,337
174753,scaffold_19:234489:A:G,0.00337,337
439053,scaffold_7:1063691:G:A,0.00337,337
93191,scaffold_14:276677:C:T,0.00337,337
5726,scaffold_10:233100:A:C,0.00337,337
45458,scaffold_12:3038:A:T,0.00336,336
323938,scaffold_4:633306:A:T,0.00336,336
222503,scaffold_1:1833852:A:G,0.00335,335
419288,scaffold_7:314560:C:T,0.00335,335
37759,scaffold_11:621853:T:A,0.00334,334
258037,scaffold_2:1107029:G:C,0.00334,334
319667,scaffold_4:459145:C:T,0.00334,334
192980,scaffold_1:710871:C:G,0.00333,333
167770,scaffold_18:578847:G:A,0.00333,333
130230,scaffold_16:354337:G:A,0.00332,332
416284,scaffold_7:207170:C:T,0.00332,332
423192,scaffold_7:458219:G:C,0.00332,332
278672,scaffold_3:328111:G:A,0.00331,331
236089,scaffold_2:184896:G:A,0.00331,331
133114,scaffold_16:469698:A:G,0.0033,330
324498,scaffold_4:655957:G:A,0.0033,330
121204,scaffold_15:651840:A:G,0.0033,330
87944,scaffold_14:64824:T:C,0.00329,329
385211,scaffold_6:243462:A:C,0.00329,329
270020,scaffold_2:1597340:T:C,0.00329,329
79308,scaffold_13:530080:G:A,0.00329,329
252215,scaffold_2:877150:G:A,0.00329,329
60330,scaffold_12:613041:A:G,0.00329,329
17590,scaffold_10:711990:G:A,0.00328,328
15383,scaffold_10:627566:G:A,0.00328,328
347885,scaffold_5:141469:T:C,0.00327,327
131641,scaffold_16:409978:C:A,0.00327,327
331801,scaffold_4:934621:G:A,0.00327,327
75816,scaffold_13:401407:G:A,0.00326,326
495460,scaffold_9:886818:C:T,0.00326,326
161543,scaffold_18:335815:C:T,0.00325,325
270966,scaffold_3:21774:C:T,0.00325,325
304145,scaffold_3:1314441:C:T,0.00325,325
49025,scaffold_12:150616:C:T,0.00324,324
85969,scaffold_13:793220:C:T,0.00323,323
239021,scaffold_2:323991:C:T,0.00322,322
494739,scaffold_9:850755:C:G,0.00322,322
343209,scaffold_4:1421546:G:A,0.00321,321
369579,scaffold_5:1010428:C:T,0.00319,319
208496,scaffold_1:1300323:G:C,0.00319,319
74872,scaffold_13:364914:G:T,0.00319,319
264043,scaffold_2:1336242:A:G,0.00318,318
36107,scaffold_11:550160:C:T,0.00318,318
453524,scaffold_8:377641:C:T,0.00317,317
347552,scaffold_5:128367:T:C,0.00317,317
421076,scaffold_7:381106:C:G,0.00317,317
3077,scaffold_10:119789:C:A,0.00317,317
22192,scaffold_10:926184:G:C,0.00316,316
271406,scaffold_3:42508:G:A,0.00316,316
87685,scaffold_14:54614:C:T,0.00315,315
226477,scaffold_1:1980474:G:A,0.00314,314
176818,scaffold_1:43537:G:C,0.00314,314
340603,scaffold_4:1309746:G:A,0.00314,314
329418,scaffold_4:849199:G:A,0.00313,313
222549,scaffold_1:1835357:A:G,0.00312,312
428777,scaffold_7:666101:G:A,0.00312,312
259363,scaffold_2:1157417:C:T,0.00312,312
12251,scaffold_10:495971:G:A,0.00311,311
169681,scaffold_19:11935:G:A,0.00311,311
99054,scaffold_14:513970:G:T,0.00311,311
428738,scaffold_7:664894:G:C,0.0031,310
229724,scaffold_1:2097818:G:A,0.0031,310
283756,scaffold_3:519900:C:G,0.0031,310
108699,scaffold_15:161037:G:A,0.00309,309
108245,scaffold_15:139904:A:T,0.00309,309
364340,scaffold_5:817642:A:G,0.00309,309
424139,scaffold_7:490150:A:T,0.00308,308
385401,scaffold_6:251239:C:T,0.00307,307
21122,scaffold_10:883154:C:T,0.00307,307
78947,scaffold_13:517983:A:T,0.00307,307
186470,scaffold_1:447612:C:A,0.00307,307
399507,scaffold_6:786218:G:A,0.00306,306
48507,scaffold_12:126041:T:C,0.00305,305
41166,scaffold_11:755425:C:T,0.00305,305
494079,scaffold_9:823121:C:G,0.00304,304
414526,scaffold_7:143255:A:G,0.00304,304
62077,scaffold_12:689177:G:C,0.00304,304
372599,scaffold_5:1137625:A:G,0.00303,303
116727,scaffold_15:475305:T:G,0.00303,303
493755,scaffold_9:807243:G:A,0.00303,303
308686,scaffold_4:29867:G:T,0.00303,303
160021,scaffold_18:274221:C:T,0.00303,303
224048,scaffold_1:1891723:C:T,0.00303,303
317763,scaffold_4:387468:G:A,0.00303,303
339154,scaffold_4:1238160:T:C,0.00302,302
173318,scaffold_19:179979:C:G,0.00302,302
449981,scaffold_8:226551:G:A,0.00301,301
452005,scaffold_8:308554:T:C,0.00301,301
285673,scaffold_3:592908:A:G,0.00301,301
40729,scaffold_11:739604:G:C,0.003,300
157762,scaffold_18:180536:C:T,0.003,300
175070,scaffold_19:248399:A:G,0.00298,298
442652,scaffold_7:1206478:T:C,0.00298,298
315098,scaffold_4:291604:C:T,0.00298,298
327616,scaffold_4:779793:T:C,0.00297,297
375487,scaffold_5:1257989:A:G,0.00297,297
126516,scaffold_16:193219:A:T,0.00297,297
234412,scaffold_2:118159:C:T,0.00297,297
355897,scaffold_5:447274:C:T,0.00297,297
287173,scaffold_3:646969:G:A,0.00296,296
441870,scaffold_7:1173893:G:A,0.00296,296
246499,scaffold_2:629615:A:G,0.00295,295
454801,scaffold_8:427584:A:G,0.00294,294
95232,scaffold_14:350094:G:C,0.00294,294
115634,scaffold_15:436310:G:A,0.00294,294
344137,scaffold_4:1456586:A:T,0.00293,293
247832,scaffold_2:685391:T:C,0.00293,293
118354,scaffold_15:536821:A:G,0.00293,293
476440,scaffold_9:107964:G:C,0.00293,293
293583,scaffold_3:893546:C:T,0.00292,292
151401,scaffold_17:575865:T:G,0.00291,291
275039,scaffold_3:196508:C:T,0.00291,291
490230,scaffold_9:649629:T:C,0.00291,291
494822,scaffold_9:854202:A:G,0.00291,291
20997,scaffold_10:876783:T:C,0.00291,291
120111,scaffold_15:605095:C:A,0.00291,291
66019,scaffold_13:30026:G:C,0.0029,290
165572,scaffold_18:494411:T:C,0.0029,290
248915,scaffold_2:742246:G:T,0.00289,289
224284,scaffold_1:1899077:G:A,0.00289,289
115356,scaffold_15:426646:T:C,0.00288,288
280219,scaffold_3:388865:C:T,0.00288,288
452550,scaffold_8:338038:T:C,0.00287,287
166554,scaffold_18:534329:A:C,0.00287,287
56799,scaffold_12:467590:A:G,0.00287,287
191088,scaffold_1:636095:G:T,0.00286,286
211368,scaffold_1:1402582:T:C,0.00286,286
163735,scaffold_18:420479:A:C,0.00286,286
105993,scaffold_15:24117:C:G,0.00285,285
304547,scaffold_3:1327794:T:G,0.00285,285
275735,scaffold_3:221414:C:T,0.00284,284
18617,scaffold_10:752608:C:T,0.00284,284
351543,scaffold_5:283014:T:G,0.00284,284
330141,scaffold_4:874682:C:G,0.00283,283
2600,scaffold_10:101824:T:G,0.00283,283
450550,scaffold_8:249399:A:C,0.00283,283
181520,scaffold_1:243287:T:G,0.00283,283
176981,scaffold_1:51188:T:G,0.00282,282
87846,scaffold_14:61086:A:G,0.00282,282
396508,scaffold_6:673092:G:A,0.00282,282
92714,scaffold_14:255090:C:G,0.00281,281
311609,scaffold_4:140302:C:T,0.0028,280
419635,scaffold_7:326370:G:T,0.0028,280
273627,scaffold_3:134774:T:C,0.0028,280
355834,scaffold_5:444484:A:G,0.0028,280
483404,scaffold_9:391484:A:G,0.0028,280
246794,scaffold_2:641795:C:A,0.00279,279
416317,scaffold_7:208441:G:A,0.00279,279
211006,scaffold_1:1390683:C:T,0.00279,279
296628,scaffold_3:1024593:C:T,0.00278,278
376283,scaffold_5:1291495:A:G,0.00278,278
450370,scaffold_8:241242:C:T,0.00277,277
324123,scaffold_4:640616:A:G,0.00276,276
435828,scaffold_7:948965:T:C,0.00276,276
222279,scaffold_1:1824889:A:G,0.00276,276
73437,scaffold_13:311068:A:T,0.00276,276
65239,scaffold_13:4702:T:A,0.00276,276
386477,scaffold_6:288403:A:C,0.00275,275
319869,scaffold_4:466772:G:A,0.00275,275
233006,scaffold_2:54758:C:T,0.00275,275
467846,scaffold_8:974805:A:G,0.00275,275
113884,scaffold_15:365792:T:C,0.00275,275
343433,scaffold_4:1429357:C:T,0.00274,274
395111,scaffold_6:613977:C:G,0.00274,274
290359,scaffold_3:772965:A:T,0.00273,273
468767,scaffold_8:1013438:A:G,0.00273,273
333964,scaffold_4:1012534:G:A,0.00272,272
150844,scaffold_17:553897:C:T,0.00272,272
480571,scaffold_9:287558:C:T,0.00272,272
221031,scaffold_1:1779771:C:T,0.00272,272
427971,scaffold_7:634163:G:C,0.00271,271
162584,scaffold_18:375593:A:G,0.00271,271
125338,scaffold_16:144219:T:C,0.0027,270
298538,scaffold_3:1091661:C:T,0.0027,270
20031,scaffold_10:833169:G:T,0.0027,270
119271,scaffold_15:570762:T:G,0.0027,270
491160,scaffold_9:689950:G:C,0.0027,270
373268,scaffold_5:1158642:T:C,0.00269,269
71452,scaffold_13:242346:G:A,0.00269,269
160309,scaffold_18:286488:C:T,0.00269,269
344922,scaffold_5:16385:G:A,0.00269,269
321191,scaffold_4:522952:G:C,0.00269,269
168523,scaffold_18:611536:G:A,0.00269,269
454335,scaffold_8:409339:C:T,0.00268,268
380939,scaffold_6:87148:A:G,0.00268,268
365831,scaffold_5:868794:C:T,0.00268,268
279856,scaffold_3:372894:G:A,0.00268,268
203212,scaffold_1:1103108:C:A,0.00268,268
341798,scaffold_4:1357478:G:A,0.00267,267
343550,scaffold_4:1434730:G:A,0.00267,267
378387,scaffold_5:1383989:G:A,0.00267,267
164877,scaffold_18:466457:A:T,0.00267,267
239798,scaffold_2:359176:G:C,0.00266,266
72495,scaffold_13:279293:T:C,0.00266,266
254828,scaffold_2:981290:G:A,0.00266,266
434253,scaffold_7:886423:C:A,0.00265,265
263897,scaffold_2:1328964:G:C,0.00265,265
381932,scaffold_6:121633:C:A,0.00265,265
256736,scaffold_2:1056146:G:A,0.00265,265
14046,scaffold_10:578145:T:A,0.00265,265
80743,scaffold_13:586282:G:A,0.00263,263
470684,scaffold_8:1096368:T:G,0.00263,263
135886,scaffold_16:582709:T:C,0.00263,263
268492,scaffold_2:1524652:A:T,0.00262,262
92764,scaffold_14:256816:A:T,0.00262,262
131983,scaffold_16:423543:T:C,0.00262,262
144922,scaffold_17:287171:G:A,0.00261,261
25027,scaffold_11:56214:G:A,0.00261,261
399728,scaffold_6:794625:G:A,0.0026,260
58287,scaffold_12:522736:T:C,0.0026,260
56300,scaffold_12:448833:G:C,0.0026,260
393378,scaffold_6:543823:A:G,0.0026,260
345997,scaffold_5:66357:T:C,0.0026,260
319663,scaffold_4:459032:C:T,0.0026,260
236417,scaffold_2:201385:G:T,0.0026,260
182401,scaffold_1:281824:A:G,0.00259,259
259121,scaffold_2:1147876:C:T,0.00258,258
353875,scaffold_5:373967:T:C,0.00257,257
371163,scaffold_5:1075710:C:G,0.00257,257
345756,scaffold_5:56912:C:T,0.00256,256
270006,scaffold_2:1596711:C:G,0.00256,256
226416,scaffold_1:1977859:C:A,0.00256,256
153834,scaffold_18:23219:A:G,0.00256,256
234869,scaffold_2:139318:C:A,0.00256,256
121288,scaffold_15:657774:T:G,0.00255,255
233347,scaffold_2:68253:T:C,0.00254,254
280454,scaffold_3:399719:C:G,0.00254,254
312324,scaffold_4:168236:C:T,0.00254,254
144090,scaffold_17:260735:G:T,0.00254,254
315940,scaffold_4:322930:G:C,0.00254,254
281412,scaffold_3:437152:G:A,0.00254,254
267905,scaffold_2:1497275:G:A,0.00254,254
367268,scaffold_5:924208:G:C,0.00254,254
13146,scaffold_10:540278:G:A,0.00253,253
408302,scaffold_6:1178435:G:T,0.00253,253
418641,scaffold_7:292333:G:C,0.00253,253
385909,scaffold_6:269392:G:A,0.00253,253
106168,scaffold_15:31521:A:G,0.00253,253
357347,scaffold_5:510443:A:G,0.00253,253
278992,scaffold_3:340809:C:T,0.00253,253
358820,scaffold_5:572414:C:T,0.00253,253
99531,scaffold_14:532719:T:C,0.00252,252
27331,scaffold_11:152874:C:G,0.00252,252
308916,scaffold_4:37457:G:C,0.00251,251
368728,scaffold_5:976833:T:A,0.00251,251
479600,scaffold_9:250532:G:A,0.00251,251
59863,scaffold_12:593694:T:C,0.0025,250
125171,scaffold_16:138422:A:G,0.0025,250
277878,scaffold_3:299865:T:C,0.0025,250
418651,scaffold_7:292620:G:C,0.0025,250
267552,scaffold_2:1482337:G:T,0.0025,250
82344,scaffold_13:644831:C:T,0.0025,250
463374,scaffold_8:781415:A:G,0.0025,250
365787,scaffold_5:867517:A:G,0.00249,249
424400,scaffold_7:499458:G:A,0.00249,249
401567,scaffold_6:864753:A:G,0.00249,249
486889,scaffold_9:521398:G:A,0.00249,249
287031,scaffold_3:642217:T:C,0.00249,249
418153,scaffold_7:270632:G:A,0.00249,249
154908,scaffold_18:64286:G:A,0.00249,249
297650,scaffold_3:1059558:C:T,0.00248,248
288359,scaffold_3:692001:G:A,0.00247,247
388227,scaffold_6:353024:A:G,0.00246,246
110240,scaffold_15:212341:T:C,0.00246,246
143446,scaffold_17:234799:C:T,0.00246,246
13114,scaffold_10:539361:G:C,0.00246,246
460598,scaffold_8:670404:A:G,0.00245,245
221157,scaffold_1:1786273:G:A,0.00245,245
476040,scaffold_9:93436:G:A,0.00245,245
351379,scaffold_5:276747:C:T,0.00245,245
321872,scaffold_4:548131:C:T,0.00245,245
220552,scaffold_1:1755410:A:G,0.00245,245
348374,scaffold_5:157657:C:T,0.00244,244
271435,scaffold_3:44386:G:C,0.00244,244
27673,scaffold_11:167420:G:A,0.00244,244
4722,scaffold_10:186857:C:T,0.00244,244
27122,scaffold_11:144795:G:A,0.00243,243
111590,scaffold_15:277203:C:T,0.00243,243
464418,scaffold_8:821760:C:T,0.00243,243
316091,scaffold_4:328235:A:T,0.00243,243
408723,scaffold_6:1193450:C:T,0.00243,243
134922,scaffold_16:544527:A:G,0.00243,243
427419,scaffold_7:612713:G:C,0.00242,242
432699,scaffold_7:821418:A:G,0.00242,242
168227,scaffold_18:598048:A:G,0.00242,242
95376,scaffold_14:355251:A:G,0.00242,242
318047,scaffold_4:397807:T:C,0.00242,242
457432,scaffold_8:537494:A:G,0.00241,241
309988,scaffold_4:81799:C:G,0.00241,241
95228,scaffold_14:349974:A:G,0.00241,241
258972,scaffold_2:1142115:C:A,0.00241,241
297293,scaffold_3:1048599:C:A,0.0024,240
143738,scaffold_17:248454:C:G,0.0024,240
213492,scaffold_1:1486973:A:G,0.0024,240
231031,scaffold_1:2149778:C:T,0.0024,240
108473,scaffold_15:152065:G:A,0.00239,239
375220,scaffold_5:1246145:G:T,0.00239,239
151953,scaffold_17:597545:C:T,0.00239,239
471804,scaffold_8:1160197:A:T,0.00238,238
154715,scaffold_18:57235:C:T,0.00238,238
40593,scaffold_11:733474:G:T,0.00238,238
81704,scaffold_13:623732:A:C,0.00238,238
52072,scaffold_12:274570:G:C,0.00237,237
413122,scaffold_7:91838:G:A,0.00237,237
158496,scaffold_18:214223:C:T,0.00237,237
283019,scaffold_3:494552:G:A,0.00237,237
129036,scaffold_16:310201:G:C,0.00236,236
326381,scaffold_4:728249:G:T,0.00236,236
325201,scaffold_4:683137:G:C,0.00236,236
118812,scaffold_15:553545:G:A,0.00236,236
477001,scaffold_9:128168:C:T,0.00236,236
81688,scaffold_13:623216:C:T,0.00236,236
98256,scaffold_14:479192:C:T,0.00236,236
16125,scaffold_10:655130:A:C,0.00235,235
24153,scaffold_11:22708:C:T,0.00235,235
428751,scaffold_7:665113:A:G,0.00235,235
137135,scaffold_16:647757:A:T,0.00235,235
422633,scaffold_7:437096:G:C,0.00235,235
252542,scaffold_2:891331:C:T,0.00235,235
203637,scaffold_1:1116587:T:C,0.00234,234
125395,scaffold_16:146035:C:T,0.00234,234
24380,scaffold_11:32081:G:C,0.00234,234
282923,scaffold_3:490185:G:A,0.00234,234
175244,scaffold_19:255473:A:C,0.00234,234
142290,scaffold_17:190440:C:G,0.00234,234
102968,scaffold_14:667143:T:C,0.00234,234
89278,scaffold_14:114774:C:T,0.00234,234
166885,scaffold_18:546995:G:A,0.00234,234
247276,scaffold_2:662596:G:C,0.00233,233
226523,scaffold_1:1982499:C:T,0.00233,233
436942,scaffold_7:989418:C:T,0.00233,233
428014,scaffold_7:635824:C:T,0.00233,233
86798,scaffold_14:14055:A:G,0.00233,233
344568,scaffold_5:4764:T:C,0.00233,233
300354,scaffold_3:1159950:T:G,0.00233,233
353310,scaffold_5:352594:G:A,0.00233,233
428884,scaffold_7:670308:G:A,0.00232,232
143645,scaffold_17:244088:G:T,0.00232,232
374046,scaffold_5:1197458:A:G,0.00232,232
483565,scaffold_9:398306:C:T,0.00232,232
476770,scaffold_9:120591:T:C,0.00232,232
70439,scaffold_13:204827:C:A,0.00232,232
226845,scaffold_1:1993815:G:A,0.00231,231
294838,scaffold_3:940402:A:G,0.00231,231
421249,scaffold_7:387261:C:T,0.00231,231
97768,scaffold_14:453393:G:A,0.00231,231
369128,scaffold_5:990973:A:C,0.00231,231
62367,scaffold_12:700863:G:T,0.00231,231
382252,scaffold_6:134282:C:T,0.0023,230
149157,scaffold_17:467409:A:T,0.0023,230
389948,scaffold_6:413983:G:T,0.0023,230
250352,scaffold_2:797330:T:G,0.00229,229
117839,scaffold_15:517216:A:T,0.00229,229
267308,scaffold_2:1471861:G:A,0.00229,229
333777,scaffold_4:1005861:G:A,0.00229,229
246495,scaffold_2:629392:A:G,0.00229,229
103481,scaffold_14:686522:G:A,0.00229,229
321195,scaffold_4:523063:G:A,0.00229,229
419933,scaffold_7:337517:G:T,0.00229,229
453353,scaffold_8:369587:A:G,0.00229,229
175314,scaffold_19:258325:G:A,0.00228,228
53034,scaffold_12:308280:T:C,0.00228,228
158887,scaffold_18:231208:C:T,0.00228,228
215466,scaffold_1:1561750:C:T,0.00228,228
283866,scaffold_3:523014:A:G,0.00228,228
471310,scaffold_8:1143217:T:G,0.00228,228
95656,scaffold_14:365972:C:A,0.00228,228
225289,scaffold_1:1933681:C:T,0.00228,228
95864,scaffold_14:373054:C:T,0.00227,227
467496,scaffold_8:959741:C:A,0.00227,227
42288,scaffold_11:808542:A:G,0.00227,227
138085,scaffold_17:21838:G:A,0.00227,227
321876,scaffold_4:548210:C:T,0.00226,226
432017,scaffold_7:794748:G:A,0.00226,226
27107,scaffold_11:143563:C:G,0.00226,226
215085,scaffold_1:1547038:A:G,0.00226,226
212791,scaffold_1:1456887:T:G,0.00226,226
231327,scaffold_1:2162902:C:T,0.00226,226
365448,scaffold_5:854790:C:T,0.00225,225
413821,scaffold_7:116951:A:G,0.00225,225
169117,scaffold_18:632423:A:C,0.00225,225
63888,scaffold_12:772584:C:T,0.00225,225
61426,scaffold_12:660720:C:T,0.00225,225
146466,scaffold_17:351587:C:T,0.00224,224
247591,scaffold_2:676036:T:C,0.00224,224
443942,scaffold_7:1256882:G:A,0.00224,224
490876,scaffold_9:674640:C:T,0.00224,224
334834,scaffold_4:1041337:C:G,0.00224,224
117007,scaffold_15:484121:G:A,0.00224,224
234525,scaffold_2:126156:A:G,0.00224,224
469563,scaffold_8:1048681:T:C,0.00224,224
405912,scaffold_6:1062488:T:A,0.00223,223
175260,scaffold_19:255982:C:T,0.00223,223
91980,scaffold_14:231973:C:G,0.00223,223
271034,scaffold_3:24279:C:A,0.00223,223
139736,scaffold_17:86082:C:T,0.00223,223
48362,scaffold_12:120552:C:T,0.00223,223
95157,scaffold_14:347599:T:C,0.00222,222
441087,scaffold_7:1141198:T:C,0.00222,222
312679,scaffold_4:182826:T:C,0.00222,222
406402,scaffold_6:1089184:T:C,0.00222,222
32172,scaffold_11:360122:T:G,0.00222,222
74785,scaffold_13:362151:T:C,0.00222,222
238303,scaffold_2:292244:G:A,0.00222,222
455002,scaffold_8:434296:C:T,0.00221,221
393894,scaffold_6:568763:G:A,0.00221,221
192763,scaffold_1:701728:G:T,0.00221,221
468977,scaffold_8:1026149:T:C,0.00221,221
66384,scaffold_13:46799:C:G,0.00221,221
267714,scaffold_2:1488832:G:C,0.00221,221
435995,scaffold_7:954330:G:A,0.0022,220
445998,scaffold_8:70356:A:T,0.0022,220
472157,scaffold_8:1173669:G:A,0.0022,220
351096,scaffold_5:265078:C:G,0.00219,219
436946,scaffold_7:989544:A:T,0.00219,219
236551,scaffold_2:208020:C:T,0.00219,219
131943,scaffold_16:422352:C:T,0.00219,219
257575,scaffold_2:1088504:G:C,0.00219,219
459248,scaffold_8:613776:C:T,0.00219,219
348489,scaffold_5:161981:C:T,0.00219,219
403014,scaffold_6:924439:C:A,0.00219,219
128981,scaffold_16:308124:T:C,0.00218,218
273670,scaffold_3:136245:A:C,0.00218,218
162936,scaffold_18:391363:T:A,0.00218,218
371292,scaffold_5:1080835:G:A,0.00218,218
305111,scaffold_3:1346027:T:C,0.00218,218
408524,scaffold_6:1186369:T:C,0.00217,217
84511,scaffold_13:729785:T:A,0.00217,217
311105,scaffold_4:122433:A:G,0.00217,217
345643,scaffold_5:45309:A:G,0.00217,217
43798,scaffold_11:870305:C:T,0.00216,216
347537,scaffold_5:127737:A:G,0.00216,216
476815,scaffold_9:122553:G:C,0.00216,216
193300,scaffold_1:724570:T:C,0.00216,216
7713,scaffold_10:316294:G:T,0.00216,216
109682,scaffold_15:193405:T:C,0.00216,216
385486,scaffold_6:254198:G:A,0.00216,216
471478,scaffold_8:1148811:G:A,0.00215,215
97364,scaffold_14:437528:T:C,0.00215,215
318107,scaffold_4:399910:C:G,0.00215,215
155225,scaffold_18:74671:C:T,0.00215,215
58280,scaffold_12:522571:T:C,0.00215,215
456478,scaffold_8:498056:G:A,0.00215,215
192514,scaffold_1:693034:T:G,0.00215,215
428459,scaffold_7:651992:A:G,0.00215,215
190479,scaffold_1:613290:G:A,0.00215,215
212766,scaffold_1:1455748:C:T,0.00215,215
176379,scaffold_1:24713:A:G,0.00214,214
408580,scaffold_6:1188996:G:T,0.00214,214
213435,scaffold_1:1485336:T:C,0.00214,214
177947,scaffold_1:87723:G:C,0.00214,214
18149,scaffold_10:736539:G:C,0.00214,214
244146,scaffold_2:530442:G:A,0.00214,214
68429,scaffold_13:126895:G:A,0.00214,214
154976,scaffold_18:66625:A:C,0.00214,214
280214,scaffold_3:388651:G:T,0.00213,213
179270,scaffold_1:138955:C:T,0.00213,213
380419,scaffold_6:68917:A:G,0.00213,213
430842,scaffold_7:749689:A:G,0.00213,213
70627,scaffold_13:212680:A:T,0.00213,213
146488,scaffold_17:352496:A:C,0.00213,213
166348,scaffold_18:527889:A:T,0.00213,213
429807,scaffold_7:709015:G:A,0.00212,212
372332,scaffold_5:1127330:T:C,0.00212,212
199052,scaffold_1:945375:C:A,0.00212,212
302095,scaffold_3:1231219:C:T,0.00212,212
304084,scaffold_3:1312600:G:A,0.00212,212
461260,scaffold_8:695553:T:C,0.00212,212
390309,scaffold_6:427915:C:T,0.00212,212
139591,scaffold_17:81392:T:C,0.00211,211
215313,scaffold_1:1556103:A:C,0.00211,211
99680,scaffold_14:538534:G:C,0.00211,211
135616,scaffold_16:571596:G:A,0.00211,211
286984,scaffold_3:639960:C:T,0.00211,211
71354,scaffold_13:239782:A:C,0.00211,211
260392,scaffold_2:1197829:A:G,0.0021,210
146176,scaffold_17:342055:G:A,0.0021,210
286933,scaffold_3:637707:A:G,0.0021,210
427233,scaffold_7:605544:C:T,0.0021,210
278858,scaffold_3:335236:C:G,0.0021,210
289151,scaffold_3:725509:T:C,0.0021,210
42922,scaffold_11:832075:T:C,0.0021,210
197679,scaffold_1:889572:A:G,0.0021,210
273472,scaffold_3:127862:T:C,0.0021,210
466512,scaffold_8:912704:C:A,0.0021,210
258931,scaffold_2:1141123:A:G,0.0021,210
267116,scaffold_2:1464084:G:A,0.0021,210
375780,scaffold_5:1269606:C:T,0.0021,210
246314,scaffold_2:620073:A:G,0.00209,209
322737,scaffold_4:588601:C:T,0.00209,209
336428,scaffold_4:1109198:C:T,0.00209,209
162548,scaffold_18:373668:C:T,0.00208,208
488537,scaffold_9:585441:A:C,0.00208,208
280099,scaffold_3:381891:A:G,0.00208,208
351775,scaffold_5:290976:C:T,0.00208,208
400407,scaffold_6:820625:A:G,0.00208,208
440760,scaffold_7:1129039:C:T,0.00208,208
439770,scaffold_7:1089302:A:G,0.00208,208
57589,scaffold_12:494173:C:T,0.00208,208
294655,scaffold_3:933850:C:T,0.00208,208
120149,scaffold_15:607529:G:A,0.00207,207
335720,scaffold_4:1083823:G:A,0.00207,207
11180,scaffold_10:460318:C:T,0.00207,207
401338,scaffold_6:856086:C:T,0.00207,207
315614,scaffold_4:309938:G:A,0.00207,207
472266,scaffold_8:1178309:G:C,0.00206,206
341537,scaffold_4:1347422:C:G,0.00206,206
195181,scaffold_1:797462:T:C,0.00206,206
136622,scaffold_16:617629:G:C,0.00206,206
139323,scaffold_17:69714:C:T,0.00206,206
368720,scaffold_5:976601:T:C,0.00206,206
125240,scaffold_16:140925:T:C,0.00206,206
91096,scaffold_14:189972:A:C,0.00206,206
34245,scaffold_11:477538:A:G,0.00205,205
8339,scaffold_10:340757:T:C,0.00205,205
473179,scaffold_8:1215403:G:A,0.00205,205
110391,scaffold_15:218005:C:G,0.00205,205
32668,scaffold_11:381368:C:T,0.00204,204
402486,scaffold_6:901900:A:T,0.00204,204
8612,scaffold_10:352018:T:C,0.00204,204
266703,scaffold_2:1446153:C:T,0.00204,204
242318,scaffold_2:455135:A:C,0.00204,204
331774,scaffold_4:933787:A:G,0.00204,204
413216,scaffold_7:94994:T:G,0.00203,203
337555,scaffold_4:1149419:C:T,0.00203,203
421190,scaffold_7:385052:T:A,0.00203,203
193157,scaffold_1:717367:G:A,0.00203,203
6343,scaffold_10:259587:A:G,0.00203,203
111783,scaffold_15:285547:A:C,0.00203,203
491492,scaffold_9:705426:C:T,0.00202,202
368933,scaffold_5:983339:C:G,0.00202,202
260840,scaffold_2:1214830:G:C,0.00202,202
342418,scaffold_4:1382735:G:A,0.00202,202
417058,scaffold_7:233718:T:A,0.00202,202
370432,scaffold_5:1043735:T:A,0.00202,202
393322,scaffold_6:541787:C:A,0.00201,201
11413,scaffold_10:468706:A:G,0.00201,201
452617,scaffold_8:340365:C:G,0.00201,201
201428,scaffold_1:1036145:G:A,0.00201,201
329077,scaffold_4:836602:A:G,0.00201,201
402692,scaffold_6:911366:T:G,0.00201,201
54247,scaffold_12:369101:A:G,0.00201,201
10288,scaffold_10:419336:G:A,0.00201,201
360417,scaffold_5:639046:A:G,0.00201,201
130850,scaffold_16:376118:C:T,0.00201,201
44423,scaffold_11:897313:C:T,0.002,200
459072,scaffold_8:606420:T:A,0.002,200
82446,scaffold_13:648632:G:C,0.002,200
165092,scaffold_18:474031:C:T,0.002,200
212749,scaffold_1:1454925:T:C,0.002,200
474141,scaffold_9:20881:T:C,0.002,200
407905,scaffold_6:1164495:G:A,0.002,200
473302,scaffold_8:1230392:G:A,0.002,200
79609,scaffold_13:541294:T:C,0.002,200
190098,scaffold_1:599527:A:G,0.00199,199
82678,scaffold_13:659625:A:G,0.00199,199
84686,scaffold_13:737234:A:G,0.00199,199
275982,scaffold_3:229635:C:T,0.00199,199
247495,scaffold_2:672452:G:T,0.00199,199
28057,scaffold_11:182653:T:C,0.00199,199
121836,scaffold_15:684309:C:T,0.00199,199
479319,scaffold_9:238497:C:T,0.00199,199
495354,scaffold_9:882457:C:T,0.00198,198
23204,scaffold_10:970484:G:C,0.00198,198
73395,scaffold_13:309933:G:A,0.00198,198
417366,scaffold_7:243579:C:T,0.00198,198
135480,scaffold_16:563436:G:T,0.00198,198
443635,scaffold_7:1246330:C:T,0.00198,198
259747,scaffold_2:1172932:C:T,0.00198,198
158497,scaffold_18:214227:T:C,0.00198,198
429944,scaffold_7:713042:G:A,0.00197,197
37247,scaffold_11:600343:T:C,0.00197,197
48854,scaffold_12:144575:G:A,0.00197,197
66682,scaffold_13:58651:G:C,0.00197,197
268699,scaffold_2:1538561:C:G,0.00197,197
308324,scaffold_4:15031:G:C,0.00197,197
38942,scaffold_11:669573:A:T,0.00197,197
197387,scaffold_1:878746:A:G,0.00197,197
187118,scaffold_1:472015:G:A,0.00196,196
70894,scaffold_13:222653:C:A,0.00196,196
132560,scaffold_16:447479:A:G,0.00196,196
278899,scaffold_3:336702:T:C,0.00196,196
328169,scaffold_4:800648:G:C,0.00196,196
373549,scaffold_5:1181058:A:C,0.00196,196
369829,scaffold_5:1019090:G:A,0.00196,196
338009,scaffold_4:1198066:C:G,0.00196,196
106706,scaffold_15:65945:T:A,0.00196,196
128522,scaffold_16:289959:T:C,0.00196,196
461431,scaffold_8:704263:G:C,0.00195,195
111604,scaffold_15:277702:A:G,0.00195,195
235077,scaffold_2:146846:C:T,0.00195,195
213088,scaffold_1:1472033:A:G,0.00195,195
470830,scaffold_8:1102077:T:C,0.00195,195
184674,scaffold_1:373737:G:C,0.00194,194
332709,scaffold_4:969773:A:G,0.00194,194
327841,scaffold_4:788673:G:A,0.00194,194
226652,scaffold_1:1987256:C:G,0.00194,194
113863,scaffold_15:363865:T:C,0.00194,194
93485,scaffold_14:287112:G:C,0.00194,194
334993,scaffold_4:1047566:A:G,0.00194,194
408645,scaffold_6:1191053:G:C,0.00194,194
421784,scaffold_7:406907:C:T,0.00193,193
438483,scaffold_7:1043244:T:C,0.00193,193
21781,scaffold_10:908733:G:T,0.00193,193
166403,scaffold_18:529694:A:G,0.00193,193
300996,scaffold_3:1184941:G:A,0.00193,193
111030,scaffold_15:244922:T:C,0.00193,193
147490,scaffold_17:399171:A:G,0.00193,193
276074,scaffold_3:233275:T:G,0.00192,192
113303,scaffold_15:340089:G:A,0.00192,192
138606,scaffold_17:42221:C:T,0.00192,192
67309,scaffold_13:85318:G:A,0.00192,192
388140,scaffold_6:350331:G:A,0.00192,192
471642,scaffold_8:1154797:T:C,0.00192,192
238516,scaffold_2:301133:C:A,0.00192,192
276235,scaffold_3:238778:G:C,0.00192,192
95965,scaffold_14:376962:A:C,0.00192,192
341799,scaffold_4:1357541:A:G,0.00192,192
269057,scaffold_2:1557903:C:A,0.00192,192
31900,scaffold_11:347295:C:G,0.00192,192
488311,scaffold_9:576059:C:T,0.00192,192
317762,scaffold_4:387438:G:A,0.00191,191
172771,scaffold_19:153378:G:C,0.00191,191
351809,scaffold_5:292890:T:C,0.00191,191
229512,scaffold_1:2089609:G:A,0.0019,190
315080,scaffold_4:290780:A:G,0.0019,190
343136,scaffold_4:1418785:T:C,0.0019,190
372068,scaffold_5:1117993:A:G,0.0019,190
485478,scaffold_9:467678:C:G,0.0019,190
199545,scaffold_1:963668:A:G,0.0019,190
396287,scaffold_6:662896:C:G,0.0019,190
89388,scaffold_14:118690:C:T,0.0019,190
454899,scaffold_8:431546:A:G,0.0019,190
456044,scaffold_8:480717:G:C,0.0019,190
420154,scaffold_7:348667:T:A,0.0019,190
43406,scaffold_11:852773:A:G,0.0019,190
477359,scaffold_9:137996:G:A,0.00189,189
278715,scaffold_3:329909:C:T,0.00189,189
342303,scaffold_4:1378862:T:G,0.00189,189
167571,scaffold_18:570583:G:A,0.00189,189
40737,scaffold_11:739850:C:T,0.00189,189
292073,scaffold_3:835615:C:G,0.00189,189
135286,scaffold_16:556731:C:T,0.00189,189
102833,scaffold_14:662186:G:A,0.00189,189
47202,scaffold_12:74783:G:A,0.00189,189
208618,scaffold_1:1304021:T:G,0.00189,189
49885,scaffold_12:187621:C:A,0.00188,188
260466,scaffold_2:1199728:T:C,0.00188,188
302767,scaffold_3:1256867:A:G,0.00188,188
329265,scaffold_4:842683:C:T,0.00188,188
261323,scaffold_2:1231701:C:G,0.00188,188
360698,scaffold_5:649268:A:G,0.00188,188
30793,scaffold_11:304509:C:G,0.00188,188
62147,scaffold_12:692135:C:T,0.00188,188
231134,scaffold_1:2153223:T:C,0.00187,187
470888,scaffold_8:1126654:C:T,0.00187,187
18036,scaffold_10:729980:A:C,0.00187,187
51404,scaffold_12:247404:C:T,0.00187,187
1375,scaffold_10:53554:G:T,0.00187,187
173644,scaffold_19:190820:T:C,0.00187,187
152484,scaffold_17:618949:C:T,0.00187,187
300786,scaffold_3:1176309:G:C,0.00187,187
280608,scaffold_3:405412:T:C,0.00187,187
253499,scaffold_2:930754:A:G,0.00187,187
46506,scaffold_12:48821:G:T,0.00186,186
417598,scaffold_7:252893:G:T,0.00186,186
459457,scaffold_8:623430:C:G,0.00186,186
419392,scaffold_7:318355:C:T,0.00186,186
86959,scaffold_14:18114:G:T,0.00186,186
476983,scaffold_9:127679:T:C,0.00186,186
419820,scaffold_7:333584:A:T,0.00186,186
444082,scaffold_7:1262365:T:C,0.00186,186
41183,scaffold_11:756233:G:C,0.00186,186
84054,scaffold_13:712258:C:T,0.00186,186
873,scaffold_10:36118:T:C,0.00185,185
69155,scaffold_13:155058:T:C,0.00185,185
45507,scaffold_12:5238:C:G,0.00185,185
397425,scaffold_6:704935:G:A,0.00185,185
327570,scaffold_4:778592:G:A,0.00185,185
80804,scaffold_13:588664:A:G,0.00185,185
50295,scaffold_12:203799:T:C,0.00184,184
106135,scaffold_15:30510:T:A,0.00184,184
60591,scaffold_12:623251:G:A,0.00184,184
183226,scaffold_1:319370:G:A,0.00184,184
473496,scaffold_8:1237088:G:T,0.00184,184
277850,scaffold_3:299199:C:T,0.00184,184
486257,scaffold_9:495436:G:A,0.00184,184
208087,scaffold_1:1284329:G:A,0.00183,183
125227,scaffold_16:140428:T:G,0.00183,183
391118,scaffold_6:457531:A:C,0.00183,183
271231,scaffold_3:31661:T:G,0.00183,183
192440,scaffold_1:690109:A:G,0.00183,183
349409,scaffold_5:199138:T:C,0.00182,182
225931,scaffold_1:1957567:G:A,0.00182,182
200676,scaffold_1:1010763:T:G,0.00182,182
385705,scaffold_6:261881:C:G,0.00182,182
280049,scaffold_3:380119:C:T,0.00182,182
350415,scaffold_5:236902:A:C,0.00182,182
237372,scaffold_2:239087:A:G,0.00182,182
244310,scaffold_2:536292:G:A,0.00182,182
422840,scaffold_7:445596:A:C,0.00182,182
206494,scaffold_1:1217146:G:A,0.00181,181
13069,scaffold_10:537307:T:C,0.00181,181
377206,scaffold_5:1329300:T:C,0.00181,181
248284,scaffold_2:705703:A:C,0.00181,181
298713,scaffold_3:1097226:C:A,0.00181,181
325108,scaffold_4:679353:A:T,0.0018,180
127144,scaffold_16:222749:T:C,0.0018,180
234832,scaffold_2:137776:T:C,0.0018,180
109424,scaffold_15:185857:A:G,0.0018,180
421687,scaffold_7:403310:G:A,0.0018,180
227041,scaffold_1:2001466:T:G,0.0018,180
45310,scaffold_11:938860:G:A,0.0018,180
338456,scaffold_4:1211821:C:T,0.0018,180
479375,scaffold_9:240897:T:C,0.0018,180
126345,scaffold_16:186761:C:T,0.0018,180
35488,scaffold_11:523843:G:A,0.0018,180
226640,scaffold_1:1986899:T:C,0.0018,180
43248,scaffold_11:845691:C:T,0.0018,180
85752,scaffold_13:781979:C:T,0.00179,179
43218,scaffold_11:843722:C:T,0.00179,179
208806,scaffold_1:1310964:T:C,0.00179,179
390817,scaffold_6:447208:G:C,0.00178,178
760,scaffold_10:31027:A:C,0.00178,178
260505,scaffold_2:1201028:C:T,0.00178,178
16993,scaffold_10:687926:C:G,0.00178,178
214029,scaffold_1:1505235:C:G,0.00178,178
94459,scaffold_14:321659:G:A,0.00178,178
153823,scaffold_18:22739:T:C,0.00178,178
379461,scaffold_6:31118:G:C,0.00178,178
63269,scaffold_12:744853:G:A,0.00178,178
196859,scaffold_1:859215:C:G,0.00178,178
343914,scaffold_4:1447927:A:G,0.00178,178
372813,scaffold_5:1144836:C:T,0.00177,177
140891,scaffold_17:132840:G:A,0.00177,177
204165,scaffold_1:1134099:C:T,0.00177,177
84636,scaffold_13:735422:G:A,0.00177,177
162362,scaffold_18:365988:A:G,0.00177,177
86620,scaffold_14:7686:A:G,0.00177,177
245740,scaffold_2:598223:T:C,0.00177,177
160677,scaffold_18:299487:C:G,0.00177,177
398627,scaffold_6:750558:A:C,0.00177,177
4338,scaffold_10:172473:T:C,0.00176,176
74964,scaffold_13:367969:C:T,0.00176,176
305324,scaffold_3:1353810:T:G,0.00176,176
274539,scaffold_3:170999:T:A,0.00176,176
316126,scaffold_4:329451:A:C,0.00176,176
3954,scaffold_10:157806:G:A,0.00176,176
247646,scaffold_2:677908:A:G,0.00176,176
423944,scaffold_7:483788:G:C,0.00176,176
456095,scaffold_8:482719:T:C,0.00176,176
440073,scaffold_7:1101517:T:C,0.00176,176
245585,scaffold_2:591330:C:T,0.00176,176
447900,scaffold_8:146267:T:A,0.00176,176
77190,scaffold_13:457444:G:A,0.00176,176
333106,scaffold_4:983215:C:T,0.00176,176
459637,scaffold_8:631824:C:T,0.00176,176
406052,scaffold_6:1067223:A:G,0.00175,175
311589,scaffold_4:139024:T:G,0.00175,175
111827,scaffold_15:287696:C:A,0.00175,175
95911,scaffold_14:374844:G:A,0.00175,175
259378,scaffold_2:1157920:C:G,0.00175,175
83824,scaffold_13:703651:C:T,0.00175,175
135427,scaffold_16:562115:C:G,0.00175,175
327709,scaffold_4:783821:G:T,0.00175,175
39149,scaffold_11:677287:G:C,0.00175,175
128397,scaffold_16:285088:C:T,0.00175,175
121712,scaffold_15:679608:G:A,0.00175,175
428131,scaffold_7:640099:C:T,0.00175,175
424310,scaffold_7:495657:G:A,0.00174,174
485748,scaffold_9:477596:T:C,0.00174,174
438867,scaffold_7:1056653:C:G,0.00174,174
186442,scaffold_1:446617:T:C,0.00174,174
270541,scaffold_3:6675:G:A,0.00174,174
108842,scaffold_15:166012:G:A,0.00174,174
320890,scaffold_4:507934:A:G,0.00174,174
235187,scaffold_2:150682:G:C,0.00174,174
125639,scaffold_16:154419:G:A,0.00174,174
129836,scaffold_16:340268:T:C,0.00173,173
190032,scaffold_1:597028:T:A,0.00173,173
417126,scaffold_7:236236:T:G,0.00173,173
311674,scaffold_4:142487:G:C,0.00173,173
238785,scaffold_2:313500:T:C,0.00173,173
288383,scaffold_3:693023:A:G,0.00173,173
210391,scaffold_1:1368906:A:G,0.00173,173
94525,scaffold_14:324515:T:C,0.00173,173
156170,scaffold_18:112479:T:A,0.00173,173
420871,scaffold_7:375092:A:G,0.00173,173
98726,scaffold_14:497756:C:T,0.00172,172
208657,scaffold_1:1305393:C:A,0.00172,172
46808,scaffold_12:61110:T:C,0.00172,172
274116,scaffold_3:154052:T:G,0.00172,172
488021,scaffold_9:564233:A:G,0.00172,172
36024,scaffold_11:546060:C:T,0.00172,172
183430,scaffold_1:326900:A:T,0.00172,172
334556,scaffold_4:1032007:C:T,0.00171,171
135077,scaffold_16:549863:T:C,0.00171,171
466004,scaffold_8:891865:G:C,0.00171,171
404251,scaffold_6:976845:C:A,0.00171,171
448095,scaffold_8:153499:C:G,0.00171,171
322087,scaffold_4:557286:A:G,0.00171,171
23987,scaffold_11:15875:G:A,0.00171,171
275306,scaffold_3:207110:G:A,0.0017,170
312552,scaffold_4:178658:T:C,0.0017,170
419758,scaffold_7:330953:G:C,0.0017,170
493779,scaffold_9:808450:G:A,0.0017,170
289148,scaffold_3:725266:C:T,0.0017,170
181623,scaffold_1:247200:C:G,0.0017,170
288109,scaffold_3:681568:C:T,0.0017,170
388153,scaffold_6:350580:C:T,0.0017,170
58400,scaffold_12:528206:G:C,0.00169,169
292989,scaffold_3:869008:A:G,0.00169,169
239325,scaffold_2:339601:G:A,0.00169,169
475002,scaffold_9:52516:C:G,0.00169,169
106710,scaffold_15:66782:C:T,0.00169,169
91956,scaffold_14:231369:G:A,0.00169,169
94798,scaffold_14:334401:T:G,0.00169,169
52243,scaffold_12:281042:G:A,0.00169,169
143852,scaffold_17:252471:A:G,0.00168,168
448866,scaffold_8:185899:C:A,0.00168,168
331896,scaffold_4:938236:A:G,0.00168,168
409624,scaffold_6:1233579:C:A,0.00168,168
381636,scaffold_6:112507:C:T,0.00168,168
85327,scaffold_13:766606:C:T,0.00168,168
175410,scaffold_19:261809:C:T,0.00168,168
290336,scaffold_3:772168:G:A,0.00168,168
253745,scaffold_2:939931:T:C,0.00167,167
52150,scaffold_12:277706:G:T,0.00167,167
477055,scaffold_9:130111:T:C,0.00167,167
140151,scaffold_17:102560:C:G,0.00167,167
492533,scaffold_9:755268:T:C,0.00167,167
333466,scaffold_4:995317:A:G,0.00167,167
418769,scaffold_7:296698:A:G,0.00167,167
178769,scaffold_1:120731:C:T,0.00167,167
137288,scaffold_16:654132:A:C,0.00167,167
401115,scaffold_6:848065:T:C,0.00166,166
56275,scaffold_12:447765:G:A,0.00166,166
185352,scaffold_1:404583:C:T,0.00166,166
432015,scaffold_7:794685:C:A,0.00166,166
342,scaffold_10:14004:G:T,0.00166,166
376678,scaffold_5:1309013:C:T,0.00166,166
341146,scaffold_4:1330665:T:C,0.00166,166
58168,scaffold_12:519299:A:G,0.00166,166
284174,scaffold_3:533060:A:G,0.00166,166
348484,scaffold_5:161759:G:C,0.00166,166
127499,scaffold_16:245915:T:C,0.00165,165
489789,scaffold_9:632451:C:T,0.00165,165
453297,scaffold_8:367687:C:G,0.00165,165
459361,scaffold_8:617993:G:A,0.00165,165
233929,scaffold_2:94270:A:G,0.00165,165
53053,scaffold_12:308667:G:A,0.00165,165
435446,scaffold_7:934058:C:T,0.00165,165
318117,scaffold_4:400310:A:C,0.00165,165
201435,scaffold_1:1036597:G:C,0.00164,164
266176,scaffold_2:1424102:G:C,0.00164,164
53390,scaffold_12:322675:A:T,0.00164,164
257466,scaffold_2:1083933:T:C,0.00164,164
104034,scaffold_14:708523:A:G,0.00164,164
486715,scaffold_9:513451:G:A,0.00164,164
179978,scaffold_1:181347:C:T,0.00164,164
294716,scaffold_3:935755:C:G,0.00164,164
43615,scaffold_11:862873:G:A,0.00164,164
106318,scaffold_15:40555:A:G,0.00164,164
84671,scaffold_13:736585:T:A,0.00163,163
250148,scaffold_2:791851:A:G,0.00163,163
213151,scaffold_1:1473988:C:T,0.00163,163
204308,scaffold_1:1139685:T:C,0.00163,163
158253,scaffold_18:198302:A:C,0.00163,163
386038,scaffold_6:273667:G:A,0.00163,163
451178,scaffold_8:274234:T:G,0.00163,163
227692,scaffold_1:2020773:G:A,0.00163,163
317652,scaffold_4:384397:G:A,0.00162,162
199809,scaffold_1:980726:A:T,0.00162,162
114633,scaffold_15:399062:A:G,0.00162,162
462324,scaffold_8:738370:G:A,0.00162,162
214607,scaffold_1:1526650:A:G,0.00162,162
60667,scaffold_12:626059:C:T,0.00162,162
125331,scaffold_16:144041:G:A,0.00162,162
298287,scaffold_3:1082614:A:G,0.00161,161
3218,scaffold_10:124184:C:T,0.00161,161
291847,scaffold_3:827551:G:T,0.00161,161
368260,scaffold_5:958026:C:T,0.00161,161
466473,scaffold_8:911106:T:C,0.00161,161
442963,scaffold_7:1219728:C:G,0.00161,161
390329,scaffold_6:428544:A:C,0.00161,161
142660,scaffold_17:203814:T:A,0.0016,160
219244,scaffold_1:1704002:G:A,0.0016,160
483824,scaffold_9:406919:T:C,0.0016,160
463786,scaffold_8:795456:C:T,0.0016,160
195894,scaffold_1:826707:A:G,0.0016,160
452100,scaffold_8:313355:T:C,0.0016,160
27397,scaffold_11:156477:A:G,0.0016,160
23075,scaffold_10:966501:A:T,0.0016,160
466159,scaffold_8:898723:C:T,0.0016,160
245298,scaffold_2:580880:A:G,0.0016,160
53045,scaffold_12:308421:T:C,0.0016,160
50255,scaffold_12:201696:G:C,0.0016,160
313582,scaffold_4:217021:T:C,0.0016,160
19976,scaffold_10:829773:C:G,0.0016,160
232996,scaffold_2:54460:C:T,0.0016,160
478015,scaffold_9:186295:G:C,0.0016,160
473572,scaffold_8:1240632:T:G,0.0016,160
407362,scaffold_6:1133950:G:A,0.0016,160
389374,scaffold_6:392551:A:G,0.0016,160
9051,scaffold_10:368607:T:C,0.00159,159
207685,scaffold_1:1269225:C:G,0.00159,159
394989,scaffold_6:610134:G:A,0.00159,159
257386,scaffold_2:1080814:C:T,0.00159,159
128573,scaffold_16:293152:G:C,0.00159,159
120095,scaffold_15:604488:T:C,0.00159,159
385865,scaffold_6:268159:A:G,0.00159,159
53607,scaffold_12:333600:A:G,0.00159,159
475949,scaffold_9:90283:T:C,0.00159,159
394913,scaffold_6:608215:C:A,0.00159,159
207092,scaffold_1:1239472:A:G,0.00159,159
422201,scaffold_7:422295:C:T,0.00158,158
302770,scaffold_3:1256937:T:C,0.00158,158
401802,scaffold_6:876280:T:A,0.00158,158
31264,scaffold_11:322763:A:G,0.00158,158
429826,scaffold_7:709648:C:T,0.00158,158
222085,scaffold_1:1817225:G:A,0.00158,158
88035,scaffold_14:67901:T:C,0.00158,158
190195,scaffold_1:602982:C:A,0.00158,158
118639,scaffold_15:546468:A:G,0.00158,158
199499,scaffold_1:961311:G:A,0.00158,158
292029,scaffold_3:834228:G:C,0.00158,158
264020,scaffold_2:1335301:G:T,0.00158,158
128321,scaffold_16:282464:C:T,0.00158,158
158188,scaffold_18:195838:A:G,0.00157,157
275599,scaffold_3:218052:C:T,0.00157,157
356676,scaffold_5:477055:G:T,0.00157,157
391669,scaffold_6:480339:G:A,0.00157,157
136677,scaffold_16:619221:G:C,0.00157,157
180455,scaffold_1:203769:C:T,0.00157,157
284498,scaffold_3:550469:G:A,0.00157,157
204964,scaffold_1:1161905:C:G,0.00156,156
236475,scaffold_2:205045:C:G,0.00156,156
201046,scaffold_1:1023098:C:T,0.00156,156
106044,scaffold_15:27165:G:A,0.00156,156
78933,scaffold_13:517641:A:T,0.00156,156
13519,scaffold_10:554421:G:T,0.00156,156
435926,scaffold_7:952365:C:T,0.00156,156
76039,scaffold_13:410023:C:T,0.00156,156
330860,scaffold_4:901021:C:G,0.00156,156
403349,scaffold_6:940474:A:G,0.00156,156
311075,scaffold_4:121635:C:T,0.00156,156
223756,scaffold_1:1878837:C:T,0.00156,156
342558,scaffold_4:1387940:C:T,0.00156,156
296157,scaffold_3:1007698:C:T,0.00156,156
453052,scaffold_8:356402:A:G,0.00156,156
143672,scaffold_17:244778:T:C,0.00155,155
414481,scaffold_7:141555:C:T,0.00155,155
149694,scaffold_17:505555:T:A,0.00155,155
270776,scaffold_3:15193:A:G,0.00155,155
437788,scaffold_7:1017203:C:G,0.00155,155
312554,scaffold_4:178739:A:G,0.00155,155
158487,scaffold_18:213925:G:C,0.00155,155
486245,scaffold_9:495141:G:A,0.00155,155
479993,scaffold_9:266100:G:T,0.00155,155
320033,scaffold_4:473319:A:G,0.00154,154
295255,scaffold_3:971153:C:G,0.00154,154
349426,scaffold_5:199723:C:T,0.00154,154
107142,scaffold_15:88156:T:C,0.00154,154
209117,scaffold_1:1322405:G:C,0.00154,154
309612,scaffold_4:62703:A:G,0.00154,154
287696,scaffold_3:664493:G:A,0.00154,154
299960,scaffold_3:1146669:G:A,0.00154,154
205614,scaffold_1:1186191:C:G,0.00154,154
444418,scaffold_8:12389:T:C,0.00154,154
194196,scaffold_1:755167:G:A,0.00154,154
127992,scaffold_16:270164:T:C,0.00154,154
319480,scaffold_4:449930:A:G,0.00153,153
207379,scaffold_1:1259294:A:G,0.00153,153
274556,scaffold_3:171666:G:C,0.00153,153
142645,scaffold_17:203247:G:C,0.00153,153
313933,scaffold_4:243608:G:A,0.00152,152
332199,scaffold_4:950247:G:A,0.00152,152
93567,scaffold_14:289613:C:T,0.00152,152
109905,scaffold_15:201131:G:A,0.00152,152
453657,scaffold_8:381962:G:C,0.00152,152
174099,scaffold_19:207771:G:T,0.00152,152
124148,scaffold_16:83044:A:C,0.00152,152
486952,scaffold_9:524564:C:T,0.00152,152
103890,scaffold_14:703624:C:A,0.00151,151
25779,scaffold_11:86784:C:T,0.00151,151
76082,scaffold_13:412137:G:T,0.00151,151
168950,scaffold_18:626832:T:C,0.00151,151
283137,scaffold_3:499000:T:C,0.00151,151
266823,scaffold_2:1451401:G:C,0.00151,151
163827,scaffold_18:423701:C:G,0.00151,151
152330,scaffold_17:613621:G:A,0.00151,151
396753,scaffold_6:680523:C:G,0.00151,151
350664,scaffold_5:245771:A:G,0.00151,151
477441,scaffold_9:140717:C:A,0.00151,151
327313,scaffold_4:767573:T:A,0.00151,151
203140,scaffold_1:1100921:T:C,0.00151,151
164459,scaffold_18:449872:G:A,0.00151,151
459371,scaffold_8:618471:C:G,0.0015,150
308758,scaffold_4:32497:A:G,0.0015,150
329153,scaffold_4:838848:T:C,0.0015,150
130427,scaffold_16:361429:C:T,0.0015,150
390344,scaffold_6:429142:C:T,0.0015,150
368840,scaffold_5:980508:G:A,0.0015,150
289115,scaffold_3:723454:T:C,0.0015,150
325363,scaffold_4:689119:G:A,0.0015,150
110019,scaffold_15:204320:C:T,0.0015,150
487125,scaffold_9:532197:G:A,0.0015,150
292981,scaffold_3:868697:G:C,0.0015,150
52423,scaffold_12:286648:T:C,0.0015,150
428437,scaffold_7:651174:G:C,0.0015,150
210814,scaffold_1:1384131:G:A,0.0015,150
380623,scaffold_6:76004:A:G,0.0015,150
225671,scaffold_1:1946658:C:T,0.0015,150
219135,scaffold_1:1700832:G:C,0.0015,150
257642,scaffold_2:1091352:G:T,0.0015,150
384293,scaffold_6:209404:A:G,0.00149,149
213323,scaffold_1:1481222:A:T,0.00149,149
330708,scaffold_4:896014:T:C,0.00149,149
452882,scaffold_8:349689:C:G,0.00149,149
32098,scaffold_11:356696:C:T,0.00149,149
330037,scaffold_4:871488:C:T,0.00149,149
167713,scaffold_18:576444:C:T,0.00149,149
52521,scaffold_12:290042:C:T,0.00149,149
282075,scaffold_3:459810:T:C,0.00149,149
271096,scaffold_3:26647:C:T,0.00149,149
201967,scaffold_1:1056272:T:C,0.00149,149
478066,scaffold_9:191207:T:C,0.00149,149
151965,scaffold_17:598141:T:A,0.00149,149
224875,scaffold_1:1918868:A:G,0.00149,149
232383,scaffold_2:29386:A:T,0.00149,149
295049,scaffold_3:948426:G:C,0.00149,149
276086,scaffold_3:233717:G:C,0.00149,149
487181,scaffold_9:533845:A:G,0.00148,148
360476,scaffold_5:641346:C:G,0.00148,148
85070,scaffold_13:753435:C:T,0.00148,148
355764,scaffold_5:441599:C:T,0.00148,148
161929,scaffold_18:349486:G:A,0.00148,148
283571,scaffold_3:514388:C:T,0.00148,148
179004,scaffold_1:129855:G:A,0.00148,148
393425,scaffold_6:545019:C:T,0.00148,148
55534,scaffold_12:416446:C:A,0.00148,148
199287,scaffold_1:953456:T:A,0.00148,148
124963,scaffold_16:124844:C:T,0.00148,148
273500,scaffold_3:129484:C:G,0.00148,148
295199,scaffold_3:954356:C:G,0.00147,147
6065,scaffold_10:249170:A:C,0.00147,147
197272,scaffold_1:873425:G:T,0.00147,147
164089,scaffold_18:434231:G:C,0.00147,147
461065,scaffold_8:688596:A:G,0.00147,147
344801,scaffold_5:12566:C:G,0.00147,147
477397,scaffold_9:139376:T:G,0.00147,147
433897,scaffold_7:872825:G:T,0.00147,147
437831,scaffold_7:1018433:G:C,0.00147,147
138438,scaffold_17:33755:C:A,0.00146,146
372405,scaffold_5:1130721:C:T,0.00146,146
488927,scaffold_9:599776:G:C,0.00146,146
123676,scaffold_16:62724:A:T,0.00146,146
10159,scaffold_10:413595:G:A,0.00146,146
489073,scaffold_9:605028:A:G,0.00146,146
100757,scaffold_14:584386:A:C,0.00146,146
491248,scaffold_9:694282:A:C,0.00146,146
109964,scaffold_15:202682:C:G,0.00146,146
377431,scaffold_5:1335903:A:G,0.00146,146
126741,scaffold_16:205354:G:A,0.00146,146
476335,scaffold_9:104411:C:G,0.00146,146
332460,scaffold_4:960455:G:T,0.00146,146
6469,scaffold_10:264346:T:G,0.00146,146
290200,scaffold_3:766761:C:T,0.00145,145
424036,scaffold_7:486320:A:C,0.00145,145
45826,scaffold_12:21153:G:A,0.00145,145
363874,scaffold_5:801857:C:T,0.00145,145
228626,scaffold_1:2056949:T:C,0.00145,145
433664,scaffold_7:864063:A:C,0.00145,145
199567,scaffold_1:965324:A:G,0.00144,144
220185,scaffold_1:1740302:T:G,0.00144,144
111708,scaffold_15:282656:G:A,0.00144,144
96984,scaffold_14:423068:C:G,0.00144,144
491161,scaffold_9:689952:G:C,0.00144,144
131145,scaffold_16:386401:G:C,0.00144,144
49278,scaffold_12:161298:G:A,0.00144,144
261297,scaffold_2:1231037:A:G,0.00144,144
411749,scaffold_7:32329:A:G,0.00144,144
244390,scaffold_2:540001:C:T,0.00144,144
248548,scaffold_2:724599:G:A,0.00144,144
355442,scaffold_5:428369:G:T,0.00143,143
468847,scaffold_8:1019285:C:T,0.00143,143
75868,scaffold_13:403608:T:C,0.00143,143
331027,scaffold_4:906143:G:A,0.00143,143
152483,scaffold_17:618843:G:C,0.00143,143
397177,scaffold_6:695426:T:G,0.00143,143
332519,scaffold_4:962600:C:G,0.00143,143
74518,scaffold_13:351543:C:G,0.00143,143
375591,scaffold_5:1262736:A:C,0.00143,143
50250,scaffold_12:201575:G:T,0.00143,143
470807,scaffold_8:1100906:C:G,0.00143,143
91886,scaffold_14:229232:G:C,0.00143,143
245059,scaffold_2:569720:C:T,0.00143,143
190777,scaffold_1:624762:C:G,0.00142,142
210795,scaffold_1:1383365:G:T,0.00142,142
403229,scaffold_6:935773:G:A,0.00142,142
181839,scaffold_1:259136:G:A,0.00142,142
293801,scaffold_3:903678:C:T,0.00142,142
51907,scaffold_12:267911:G:A,0.00142,142
177410,scaffold_1:68915:C:T,0.00142,142
303148,scaffold_3:1270442:A:G,0.00142,142
59789,scaffold_12:590529:C:A,0.00142,142
264746,scaffold_2:1365827:A:C,0.00141,141
463797,scaffold_8:795868:C:T,0.00141,141
224037,scaffold_1:1891522:G:C,0.00141,141
451284,scaffold_8:280139:C:T,0.00141,141
265852,scaffold_2:1412609:C:T,0.00141,141
24772,scaffold_11:45588:T:C,0.00141,141
335873,scaffold_4:1090242:A:T,0.00141,141
104356,scaffold_14:720606:C:T,0.00141,141
440048,scaffold_7:1100538:A:C,0.00141,141
162952,scaffold_18:392232:T:A,0.00141,141
229424,scaffold_1:2086583:A:G,0.00141,141
457277,scaffold_8:531288:A:C,0.00141,141
5824,scaffold_10:237171:C:G,0.00141,141
437237,scaffold_7:999512:T:C,0.00141,141
433795,scaffold_7:869083:C:T,0.00141,141
396090,scaffold_6:653303:A:G,0.00141,141
268417,scaffold_2:1522036:A:G,0.00141,141
135522,scaffold_16:565082:G:C,0.00141,141
117420,scaffold_15:500491:T:C,0.00141,141
153165,scaffold_17:648645:G:A,0.0014,140
218436,scaffold_1:1672346:T:C,0.0014,140
124701,scaffold_16:108235:T:C,0.0014,140
416752,scaffold_7:223564:G:A,0.0014,140
425588,scaffold_7:542996:T:C,0.0014,140
454708,scaffold_8:424319:A:G,0.0014,140
15728,scaffold_10:641015:G:T,0.0014,140
21179,scaffold_10:885999:G:T,0.0014,140
77035,scaffold_13:450071:G:A,0.00139,139
135249,scaffold_16:555766:C:T,0.00139,139
327526,scaffold_4:776604:C:T,0.00139,139
238686,scaffold_2:310325:C:T,0.00139,139
317973,scaffold_4:395231:C:T,0.00139,139
181673,scaffold_1:250882:T:G,0.00139,139
156869,scaffold_18:136441:T:C,0.00139,139
15160,scaffold_10:618933:C:T,0.00139,139
316212,scaffold_4:332904:A:C,0.00139,139
21168,scaffold_10:885530:G:A,0.00139,139
243400,scaffold_2:499017:A:G,0.00138,138
312643,scaffold_4:181657:C:T,0.00138,138
217371,scaffold_1:1633106:C:T,0.00138,138
465750,scaffold_8:880409:A:T,0.00138,138
447448,scaffold_8:126873:G:A,0.00138,138
28148,scaffold_11:187734:G:A,0.00138,138
131015,scaffold_16:382020:A:T,0.00138,138
13569,scaffold_10:556404:T:C,0.00138,138
326244,scaffold_4:722851:C:G,0.00138,138
414510,scaffold_7:142835:C:T,0.00138,138
179218,scaffold_1:137214:C:T,0.00138,138
221520,scaffold_1:1798481:T:C,0.00138,138
20821,scaffold_10:865891:C:G,0.00138,138
206685,scaffold_1:1225720:G:T,0.00138,138
185114,scaffold_1:393683:A:G,0.00138,138
4991,scaffold_10:198535:G:C,0.00138,138
110093,scaffold_15:206588:G:T,0.00138,138
270358,scaffold_2:1611027:G:C,0.00137,137
273362,scaffold_3:123601:G:A,0.00137,137
196230,scaffold_1:838027:C:T,0.00137,137
2629,scaffold_10:102905:C:T,0.00137,137
285780,scaffold_3:596291:T:C,0.00137,137
257326,scaffold_2:1078551:C:T,0.00137,137
210076,scaffold_1:1357013:G:T,0.00137,137
185705,scaffold_1:417894:C:G,0.00137,137
243698,scaffold_2:512257:G:A,0.00137,137
297549,scaffold_3:1056788:G:C,0.00137,137
392003,scaffold_6:493366:C:G,0.00136,136
241596,scaffold_2:427220:T:C,0.00136,136
124395,scaffold_16:95993:G:T,0.00136,136
270072,scaffold_2:1599046:A:C,0.00136,136
442399,scaffold_7:1194836:G:C,0.00136,136
304359,scaffold_3:1320761:G:T,0.00136,136
472362,scaffold_8:1181269:T:C,0.00136,136
134370,scaffold_16:521980:A:C,0.00136,136
87779,scaffold_14:58321:G:A,0.00135,135
49737,scaffold_12:181353:A:G,0.00135,135
362825,scaffold_5:758964:T:C,0.00135,135
36765,scaffold_11:575834:G:A,0.00135,135
288357,scaffold_3:691770:A:G,0.00135,135
371140,scaffold_5:1074012:T:C,0.00135,135
116292,scaffold_15:457234:G:A,0.00135,135
430824,scaffold_7:748923:G:C,0.00135,135
413940,scaffold_7:121129:C:G,0.00135,135
47581,scaffold_12:90754:T:G,0.00135,135
16440,scaffold_10:666039:C:G,0.00135,135
52746,scaffold_12:297818:A:C,0.00135,135
291415,scaffold_3:812238:A:C,0.00134,134
344770,scaffold_5:11567:C:T,0.00134,134
54643,scaffold_12:383996:C:G,0.00134,134
337664,scaffold_4:1183935:C:A,0.00134,134
255358,scaffold_2:1000706:G:T,0.00134,134
120612,scaffold_15:628235:C:T,0.00134,134
272825,scaffold_3:100898:T:C,0.00134,134
142245,scaffold_17:187506:G:A,0.00134,134
407112,scaffold_6:1116032:C:G,0.00134,134
394675,scaffold_6:600234:G:T,0.00134,134
492917,scaffold_9:772033:A:T,0.00134,134
252000,scaffold_2:867686:C:T,0.00134,134
213832,scaffold_1:1498690:T:G,0.00134,134
302155,scaffold_3:1232725:G:C,0.00134,134
141770,scaffold_17:167654:G:C,0.00134,134
428721,scaffold_7:664226:T:C,0.00134,134
77068,scaffold_13:451753:G:A,0.00134,134
306876,scaffold_3:1427532:A:G,0.00134,134
331648,scaffold_4:928141:G:T,0.00134,134
235111,scaffold_2:148288:C:A,0.00134,134
134614,scaffold_16:531335:T:C,0.00134,134
62913,scaffold_12:724336:G:A,0.00134,134
149248,scaffold_17:486553:G:A,0.00134,134
67472,scaffold_13:92033:C:T,0.00134,134
147449,scaffold_17:397379:A:C,0.00133,133
114673,scaffold_15:400547:C:G,0.00133,133
121335,scaffold_15:659387:C:G,0.00133,133
402325,scaffold_6:895604:G:A,0.00133,133
365124,scaffold_5:844837:C:G,0.00133,133
115975,scaffold_15:447675:G:T,0.00133,133
183524,scaffold_1:330048:G:A,0.00133,133
386092,scaffold_6:275832:A:G,0.00133,133
422630,scaffold_7:437024:C:T,0.00133,133
411098,scaffold_7:4813:A:G,0.00133,133
415995,scaffold_7:197978:C:T,0.00133,133
82956,scaffold_13:669248:T:C,0.00133,133
24547,scaffold_11:38135:A:C,0.00133,133
472611,scaffold_8:1191345:G:C,0.00133,133
69008,scaffold_13:150880:G:A,0.00133,133
174190,scaffold_19:211002:G:A,0.00133,133
164888,scaffold_18:466739:T:G,0.00133,133
163965,scaffold_18:430161:C:G,0.00133,133
123856,scaffold_16:70665:G:A,0.00132,132
482722,scaffold_9:366879:G:C,0.00132,132
45854,scaffold_12:22411:A:C,0.00132,132
494813,scaffold_9:854102:A:T,0.00132,132
250868,scaffold_2:819765:G:C,0.00132,132
393794,scaffold_6:562456:G:C,0.00132,132
384119,scaffold_6:204225:C:T,0.00132,132
308226,scaffold_4:11555:T:C,0.00131,131
359433,scaffold_5:601210:T:C,0.00131,131
7506,scaffold_10:305916:A:G,0.00131,131
177123,scaffold_1:56791:A:G,0.00131,131
409315,scaffold_6:1219863:G:A,0.00131,131
181112,scaffold_1:228683:A:G,0.00131,131
168812,scaffold_18:621432:A:C,0.00131,131
407438,scaffold_6:1139661:C:T,0.00131,131
237761,scaffold_2:257997:C:T,0.00131,131
97520,scaffold_14:442427:C:T,0.00131,131
495044,scaffold_9:869865:A:C,0.00131,131
279308,scaffold_3:353161:T:C,0.00131,131
272282,scaffold_3:81175:A:C,0.00131,131
199782,scaffold_1:979954:A:G,0.0013,130
194744,scaffold_1:781996:A:C,0.0013,130
471361,scaffold_8:1145213:G:C,0.0013,130
333175,scaffold_4:985471:C:T,0.0013,130
317344,scaffold_4:373339:G:C,0.0013,130
429369,scaffold_7:691379:C:G,0.0013,130
466206,scaffold_8:900843:A:C,0.0013,130
432714,scaffold_7:821827:G:A,0.0013,130
221948,scaffold_1:1812312:G:A,0.0013,130
55297,scaffold_12:406494:A:G,0.0013,130
287020,scaffold_3:641587:C:G,0.0013,130
50078,scaffold_12:193366:A:C,0.0013,130
85040,scaffold_13:752085:C:T,0.0013,130
56922,scaffold_12:472096:A:G,0.0013,130
383390,scaffold_6:176863:T:C,0.00129,129
310875,scaffold_4:113104:G:A,0.00129,129
44851,scaffold_11:916195:C:T,0.00129,129
266428,scaffold_2:1433691:T:C,0.00129,129
440838,scaffold_7:1132017:C:T,0.00129,129
344145,scaffold_4:1456838:C:T,0.00129,129
54321,scaffold_12:370811:A:C,0.00129,129
336853,scaffold_4:1126310:C:T,0.00129,129
90804,scaffold_14:175287:A:G,0.00129,129
393926,scaffold_6:570406:C:T,0.00129,129
389428,scaffold_6:395029:G:A,0.00129,129
181937,scaffold_1:263531:G:C,0.00129,129
430539,scaffold_7:738734:G:T,0.00129,129
153844,scaffold_18:23561:G:A,0.00129,129
438425,scaffold_7:1040440:C:T,0.00129,129
226937,scaffold_1:1997056:G:A,0.00129,129
172482,scaffold_19:139877:G:A,0.00129,129
108052,scaffold_15:132511:C:G,0.00129,129
118903,scaffold_15:556285:C:T,0.00129,129
336176,scaffold_4:1100351:A:C,0.00128,128
281226,scaffold_3:429350:C:T,0.00128,128
255557,scaffold_2:1008779:A:C,0.00128,128
438569,scaffold_7:1046151:C:T,0.00128,128
472042,scaffold_8:1168578:C:T,0.00128,128
60851,scaffold_12:633516:C:G,0.00128,128
451204,scaffold_8:275697:G:A,0.00128,128
143056,scaffold_17:218213:G:A,0.00128,128
115576,scaffold_15:434524:C:A,0.00128,128
12525,scaffold_10:518501:C:G,0.00128,128
410799,scaffold_6:1279476:G:C,0.00128,128
184724,scaffold_1:376251:T:G,0.00127,127
395426,scaffold_6:625948:A:G,0.00127,127
5217,scaffold_10:210655:C:G,0.00127,127
152045,scaffold_17:601126:G:A,0.00127,127
394946,scaffold_6:608956:G:A,0.00127,127
252670,scaffold_2:896687:G:A,0.00127,127
489691,scaffold_9:629374:A:T,0.00127,127
290974,scaffold_3:795152:G:C,0.00127,127
426970,scaffold_7:595733:C:T,0.00127,127
144446,scaffold_17:272757:G:A,0.00127,127
265810,scaffold_2:1410969:C:T,0.00127,127
89821,scaffold_14:135998:T:C,0.00127,127
30652,scaffold_11:298761:G:A,0.00127,127
356308,scaffold_5:464379:A:G,0.00127,127
390602,scaffold_6:439088:C:G,0.00127,127
285578,scaffold_3:589454:T:G,0.00127,127
46220,scaffold_12:37978:G:A,0.00127,127
449706,scaffold_8:215592:C:A,0.00127,127
81142,scaffold_13:603133:G:T,0.00126,126
170383,scaffold_19:37629:A:G,0.00126,126
295762,scaffold_3:990276:G:A,0.00126,126
406110,scaffold_6:1070834:G:A,0.00126,126
78849,scaffold_13:514836:G:A,0.00126,126
117688,scaffold_15:510545:T:G,0.00126,126
324175,scaffold_4:642653:T:A,0.00126,126
495361,scaffold_9:882853:T:G,0.00126,126
376750,scaffold_5:1311630:C:T,0.00126,126
215933,scaffold_1:1579848:G:A,0.00126,126
138932,scaffold_17:54036:A:G,0.00126,126
479149,scaffold_9:233759:C:G,0.00126,126
109545,scaffold_15:189443:C:A,0.00126,126
115115,scaffold_15:417116:A:C,0.00126,126
494141,scaffold_9:826603:G:A,0.00126,126
153819,scaffold_18:22592:C:A,0.00126,126
196204,scaffold_1:837063:C:G,0.00126,126
137968,scaffold_17:16795:G:C,0.00126,126
370920,scaffold_5:1066374:C:T,0.00126,126
334837,scaffold_4:1041644:T:G,0.00126,126
263098,scaffold_2:1297638:T:C,0.00126,126
437841,scaffold_7:1018708:C:G,0.00126,126
417535,scaffold_7:250876:A:G,0.00126,126
309908,scaffold_4:77731:G:A,0.00125,125
165446,scaffold_18:490434:C:T,0.00125,125
165252,scaffold_18:481218:A:G,0.00125,125
283069,scaffold_3:496448:A:G,0.00125,125
53144,scaffold_12:311985:C:G,0.00125,125
255006,scaffold_2:988509:C:G,0.00125,125
204209,scaffold_1:1135430:C:T,0.00125,125
147319,scaffold_17:391265:G:A,0.00125,125
248376,scaffold_2:714944:T:A,0.00125,125
320533,scaffold_4:494502:C:T,0.00125,125
425726,scaffold_7:548220:G:A,0.00125,125
175213,scaffold_19:254192:T:C,0.00125,125
238545,scaffold_2:303047:A:G,0.00125,125
202271,scaffold_1:1067218:A:G,0.00125,125
303179,scaffold_3:1271772:C:T,0.00125,125
362350,scaffold_5:739437:A:C,0.00125,125
376009,scaffold_5:1280755:C:T,0.00125,125
179861,scaffold_1:175484:A:C,0.00125,125
316416,scaffold_4:339802:A:G,0.00125,125
381955,scaffold_6:122007:A:G,0.00125,125
312568,scaffold_4:179457:G:A,0.00125,125
23703,scaffold_11:5074:A:T,0.00125,125
235021,scaffold_2:144900:G:T,0.00125,125
81388,scaffold_13:612328:C:T,0.00125,125
422396,scaffold_7:429297:C:T,0.00125,125
366079,scaffold_5:880447:C:T,0.00124,124
272388,scaffold_3:84979:G:A,0.00124,124
369380,scaffold_5:1001572:C:T,0.00124,124
494902,scaffold_9:859435:C:T,0.00124,124
403108,scaffold_6:927837:A:G,0.00124,124
239962,scaffold_2:365702:T:C,0.00124,124
440886,scaffold_7:1133187:A:G,0.00124,124
331855,scaffold_4:936565:C:T,0.00124,124
11340,scaffold_10:465928:G:A,0.00124,124
143586,scaffold_17:240978:A:G,0.00124,124
386982,scaffold_6:311446:G:A,0.00124,124
355043,scaffold_5:414762:A:G,0.00124,124
31908,scaffold_11:348000:C:T,0.00124,124
424002,scaffold_7:485248:T:C,0.00124,124
489380,scaffold_9:616021:G:C,0.00124,124
188811,scaffold_1:547343:C:G,0.00124,124
302308,scaffold_3:1238304:A:G,0.00124,124
128081,scaffold_16:272973:G:A,0.00123,123
167222,scaffold_18:559842:C:G,0.00123,123
169591,scaffold_19:8830:A:C,0.00123,123
331534,scaffold_4:923528:C:T,0.00123,123
201886,scaffold_1:1053087:T:C,0.00123,123
271382,scaffold_3:41356:C:T,0.00123,123
289134,scaffold_3:724666:C:T,0.00123,123
105029,scaffold_14:746763:C:T,0.00123,123
243696,scaffold_2:512092:C:T,0.00123,123
429627,scaffold_7:701800:G:C,0.00123,123
380583,scaffold_6:74825:C:G,0.00123,123
311117,scaffold_4:123083:T:C,0.00123,123
88096,scaffold_14:69720:C:G,0.00123,123
353563,scaffold_5:362759:A:C,0.00122,122
375397,scaffold_5:1253781:G:A,0.00122,122
451277,scaffold_8:279851:C:T,0.00122,122
131931,scaffold_16:421807:G:A,0.00122,122
175955,scaffold_1:6207:C:T,0.00122,122
232841,scaffold_2:48273:C:G,0.00122,122
383050,scaffold_6:165461:T:C,0.00122,122
193066,scaffold_1:713891:G:A,0.00122,122
76551,scaffold_13:432048:G:T,0.00122,122
79014,scaffold_13:520089:C:G,0.00122,122
445466,scaffold_8:50938:C:G,0.00122,122
119869,scaffold_15:594872:T:C,0.00122,122
476747,scaffold_9:119692:T:C,0.00122,122
427623,scaffold_7:620757:C:T,0.00122,122
52078,scaffold_12:274755:A:G,0.00122,122
431973,scaffold_7:793203:C:G,0.00122,122
65955,scaffold_13:28362:G:A,0.00121,121
488113,scaffold_9:567921:G:A,0.00121,121
43221,scaffold_11:843869:G:A,0.00121,121
417343,scaffold_7:243070:G:A,0.00121,121
491030,scaffold_9:681757:G:C,0.00121,121
177105,scaffold_1:56253:T:C,0.00121,121
5928,scaffold_10:243542:T:C,0.00121,121
389847,scaffold_6:410525:G:C,0.00121,121
191974,scaffold_1:672173:A:T,0.00121,121
52164,scaffold_12:278422:T:C,0.00121,121
101124,scaffold_14:596274:A:G,0.00121,121
104942,scaffold_14:743810:G:A,0.00121,121
87589,scaffold_14:51166:T:C,0.00121,121
6702,scaffold_10:273971:C:T,0.00121,121
478758,scaffold_9:217106:A:G,0.00121,121
462615,scaffold_8:750395:C:G,0.0012,120
3358,scaffold_10:131528:A:G,0.0012,120
45726,scaffold_12:16683:C:T,0.0012,120
166167,scaffold_18:520506:T:C,0.0012,120
184111,scaffold_1:353442:A:G,0.0012,120
379306,scaffold_6:22807:G:A,0.0012,120
287499,scaffold_3:658175:G:C,0.0012,120
315317,scaffold_4:299599:G:A,0.0012,120
96329,scaffold_14:388910:G:A,0.0012,120
440548,scaffold_7:1119177:C:A,0.0012,120
221674,scaffold_1:1803708:C:T,0.0012,120
308784,scaffold_4:33250:A:G,0.0012,120
128608,scaffold_16:294669:C:G,0.0012,120
354431,scaffold_5:393934:C:T,0.0012,120
435732,scaffold_7:944983:A:G,0.0012,120
241912,scaffold_2:438765:A:G,0.0012,120
284968,scaffold_3:566800:C:T,0.0012,120
306867,scaffold_3:1427090:C:T,0.0012,120
77872,scaffold_13:481786:G:A,0.00119,119
185401,scaffold_1:406030:A:G,0.00119,119
61420,scaffold_12:660422:G:A,0.00119,119
299578,scaffold_3:1129550:C:T,0.00119,119
15702,scaffold_10:640139:G:A,0.00119,119
425044,scaffold_7:524405:T:G,0.00119,119
81301,scaffold_13:608835:T:C,0.00119,119
307471,scaffold_3:1450083:A:G,0.00119,119
350407,scaffold_5:236673:G:A,0.00119,119
48219,scaffold_12:115250:C:T,0.00119,119
317716,scaffold_4:386141:C:T,0.00119,119
436782,scaffold_7:983327:A:G,0.00119,119
52234,scaffold_12:280712:A:G,0.00119,119
469469,scaffold_8:1044971:T:C,0.00119,119
312180,scaffold_4:161214:G:A,0.00119,119
382563,scaffold_6:144907:G:A,0.00119,119
78417,scaffold_13:500506:C:T,0.00119,119
86791,scaffold_14:13993:C:A,0.00119,119
113030,scaffold_15:330219:A:G,0.00119,119
390734,scaffold_6:444399:A:T,0.00119,119
288388,scaffold_3:693123:C:T,0.00119,119
231147,scaffold_1:2153847:C:A,0.00119,119
203807,scaffold_1:1121692:C:T,0.00119,119
109054,scaffold_15:173528:T:C,0.00119,119
202237,scaffold_1:1066016:T:C,0.00119,119
36056,scaffold_11:547749:A:G,0.00119,119
464073,scaffold_8:808283:C:G,0.00119,119
359537,scaffold_5:604806:G:A,0.00118,118
242527,scaffold_2:462737:G:A,0.00118,118
347302,scaffold_5:119078:C:G,0.00118,118
329938,scaffold_4:868272:T:C,0.00118,118
208858,scaffold_1:1313497:A:C,0.00118,118
477546,scaffold_9:144776:T:G,0.00118,118
146936,scaffold_17:372854:T:C,0.00118,118
234236,scaffold_2:108195:G:T,0.00118,118
317508,scaffold_4:379471:T:C,0.00118,118
359252,scaffold_5:595679:T:G,0.00118,118
4550,scaffold_10:180504:C:T,0.00118,118
217166,scaffold_1:1626555:G:A,0.00118,118
42326,scaffold_11:810114:G:C,0.00118,118
210718,scaffold_1:1380468:C:T,0.00118,118
262172,scaffold_2:1263766:T:G,0.00118,118
38511,scaffold_11:652889:C:T,0.00118,118
446584,scaffold_8:93543:A:G,0.00117,117
165749,scaffold_18:503264:C:G,0.00117,117
37435,scaffold_11:608241:T:C,0.00117,117
435069,scaffold_7:921874:G:T,0.00117,117
251386,scaffold_2:842279:T:C,0.00117,117
381598,scaffold_6:111295:C:T,0.00117,117
215408,scaffold_1:1559940:T:G,0.00117,117
210551,scaffold_1:1374189:C:G,0.00117,117
386860,scaffold_6:307312:A:C,0.00117,117
439872,scaffold_7:1094257:C:T,0.00117,117
322886,scaffold_4:593911:T:C,0.00117,117
425915,scaffold_7:555536:C:T,0.00117,117
60975,scaffold_12:638083:A:G,0.00117,117
391790,scaffold_6:485824:C:A,0.00117,117
34427,scaffold_11:483534:T:C,0.00117,117
94385,scaffold_14:319356:A:G,0.00117,117
121405,scaffold_15:663997:C:T,0.00117,117
168428,scaffold_18:605404:A:G,0.00116,116
183539,scaffold_1:330730:A:G,0.00116,116
239937,scaffold_2:364714:A:C,0.00116,116
18784,scaffold_10:761439:C:T,0.00116,116
473879,scaffold_9:10859:A:T,0.00116,116
74527,scaffold_13:351705:T:G,0.00116,116
201053,scaffold_1:1023472:C:T,0.00116,116
302707,scaffold_3:1253713:A:T,0.00116,116
461483,scaffold_8:706096:A:G,0.00116,116
445119,scaffold_8:37676:C:A,0.00116,116
79257,scaffold_13:528577:G:C,0.00116,116
283510,scaffold_3:512831:A:G,0.00116,116
78388,scaffold_13:499197:G:A,0.00116,116
197011,scaffold_1:864246:G:A,0.00116,116
96201,scaffold_14:384766:T:C,0.00116,116
130599,scaffold_16:367590:T:C,0.00116,116
291179,scaffold_3:803716:A:T,0.00116,116
359926,scaffold_5:621325:C:T,0.00116,116
413997,scaffold_7:123034:T:C,0.00115,115
89600,scaffold_14:128961:A:C,0.00115,115
311301,scaffold_4:128670:C:T,0.00115,115
387811,scaffold_6:340647:G:A,0.00115,115
408024,scaffold_6:1168419:C:T,0.00115,115
294531,scaffold_3:929885:C:T,0.00115,115
316166,scaffold_4:331472:G:A,0.00115,115
254663,scaffold_2:976429:T:C,0.00115,115
495,scaffold_10:20034:C:T,0.00115,115
18644,scaffold_10:753154:C:G,0.00115,115
398509,scaffold_6:745128:C:A,0.00115,115
409985,scaffold_6:1248318:C:T,0.00115,115
224742,scaffold_1:1913486:A:C,0.00115,115
156728,scaffold_18:131805:C:A,0.00115,115
277250,scaffold_3:276222:T:G,0.00115,115
87167,scaffold_14:36730:G:T,0.00115,115
381888,scaffold_6:120451:G:C,0.00115,115
146892,scaffold_17:371799:G:A,0.00114,114
372707,scaffold_5:1140910:A:C,0.00114,114
63873,scaffold_12:772093:A:G,0.00114,114
452528,scaffold_8:337187:C:G,0.00114,114
441812,scaffold_7:1172035:A:G,0.00114,114
167313,scaffold_18:562676:A:G,0.00114,114
78748,scaffold_13:511620:G:A,0.00114,114
423039,scaffold_7:453236:T:C,0.00114,114
272185,scaffold_3:76173:G:C,0.00114,114
299421,scaffold_3:1124544:T:A,0.00114,114
479240,scaffold_9:236427:C:T,0.00114,114
2164,scaffold_10:84021:C:A,0.00114,114
379503,scaffold_6:32999:C:T,0.00114,114
451242,scaffold_8:278198:T:C,0.00114,114
475811,scaffold_9:83191:G:A,0.00114,114
394430,scaffold_6:591118:G:A,0.00114,114
449606,scaffold_8:211909:G:A,0.00114,114
189732,scaffold_1:585270:C:T,0.00114,114
419721,scaffold_7:329640:G:C,0.00114,114
262808,scaffold_2:1284609:C:T,0.00114,114
128744,scaffold_16:298413:A:G,0.00113,113
209236,scaffold_1:1326746:A:G,0.00113,113
143821,scaffold_17:251479:C:T,0.00113,113
29289,scaffold_11:242696:C:G,0.00113,113
386357,scaffold_6:284440:G:T,0.00113,113
326172,scaffold_4:719982:G:A,0.00113,113
184518,scaffold_1:368248:C:T,0.00113,113
315832,scaffold_4:318182:C:G,0.00113,113
284908,scaffold_3:564875:A:T,0.00113,113
152290,scaffold_17:611722:C:G,0.00113,113
47281,scaffold_12:77457:G:A,0.00113,113
396451,scaffold_6:670947:A:G,0.00113,113
81542,scaffold_13:618090:C:G,0.00113,113
431493,scaffold_7:772888:G:A,0.00113,113
133978,scaffold_16:507471:T:G,0.00113,113
441008,scaffold_7:1137972:A:G,0.00113,113
213980,scaffold_1:1503222:A:C,0.00113,113
441002,scaffold_7:1137811:C:G,0.00113,113
77336,scaffold_13:463115:C:T,0.00113,113
191951,scaffold_1:671499:A:C,0.00113,113
351696,scaffold_5:288275:T:A,0.00112,112
191149,scaffold_1:638627:A:G,0.00112,112
76339,scaffold_13:420957:G:C,0.00112,112
344448,scaffold_5:1921:G:T,0.00112,112
164854,scaffold_18:465880:C:T,0.00112,112
86370,scaffold_13:809837:T:G,0.00112,112
484953,scaffold_9:448897:G:A,0.00112,112
131567,scaffold_16:405323:C:T,0.00112,112
90404,scaffold_14:160244:G:T,0.00112,112
78697,scaffold_13:509947:C:T,0.00112,112
420253,scaffold_7:352203:T:C,0.00112,112
176642,scaffold_1:36863:T:C,0.00112,112
348595,scaffold_5:166162:A:G,0.00112,112
73761,scaffold_13:323757:G:C,0.00112,112
470140,scaffold_8:1072619:G:C,0.00112,112
111887,scaffold_15:290722:C:G,0.00111,111
401537,scaffold_6:863510:T:C,0.00111,111
432150,scaffold_7:800107:G:C,0.00111,111
395305,scaffold_6:621379:G:A,0.00111,111
147151,scaffold_17:381588:C:G,0.00111,111
314342,scaffold_4:259907:G:T,0.00111,111
380230,scaffold_6:62597:C:A,0.00111,111
120582,scaffold_15:626531:G:C,0.00111,111
110690,scaffold_15:228083:G:T,0.00111,111
40135,scaffold_11:718801:G:C,0.00111,111
58691,scaffold_12:539671:G:A,0.00111,111
35240,scaffold_11:515858:G:T,0.00111,111
290171,scaffold_3:764778:T:C,0.00111,111
290098,scaffold_3:762056:G:A,0.00111,111
325129,scaffold_4:679931:G:A,0.00111,111
461896,scaffold_8:721288:C:G,0.00111,111
390468,scaffold_6:433572:T:G,0.00111,111
293864,scaffold_3:905608:C:T,0.00111,111
448235,scaffold_8:158851:C:T,0.00111,111
177635,scaffold_1:76503:G:A,0.00111,111
161691,scaffold_18:341239:T:C,0.00111,111
353841,scaffold_5:372944:G:A,0.0011,110
274707,scaffold_3:177686:A:G,0.0011,110
248447,scaffold_2:719684:G:C,0.0011,110
477789,scaffold_9:157251:A:G,0.0011,110
181670,scaffold_1:250799:A:G,0.0011,110
273683,scaffold_3:136807:C:T,0.0011,110
46688,scaffold_12:57211:A:G,0.0011,110
444259,scaffold_8:7387:C:G,0.0011,110
263409,scaffold_2:1309805:C:T,0.0011,110
234069,scaffold_2:100090:T:C,0.0011,110
9878,scaffold_10:401144:G:A,0.0011,110
38782,scaffold_11:663690:G:C,0.0011,110
150569,scaffold_17:542005:G:A,0.0011,110
387941,scaffold_6:344175:A:G,0.0011,110
391687,scaffold_6:480885:G:A,0.0011,110
323182,scaffold_4:603669:C:T,0.0011,110
386031,scaffold_6:273513:A:C,0.0011,110
279058,scaffold_3:343606:T:G,0.0011,110
410656,scaffold_6:1272815:C:A,0.0011,110
220923,scaffold_1:1776744:G:A,0.00109,109
131872,scaffold_16:419954:A:G,0.00109,109
351352,scaffold_5:275484:A:G,0.00109,109
356937,scaffold_5:490627:G:A,0.00109,109
112391,scaffold_15:308687:C:T,0.00109,109
284102,scaffold_3:530819:C:A,0.00109,109
54070,scaffold_12:361866:T:C,0.00109,109
440151,scaffold_7:1103777:G:A,0.00109,109
317751,scaffold_4:387170:G:A,0.00109,109
221149,scaffold_1:1784535:G:A,0.00109,109
82210,scaffold_13:639978:C:T,0.00109,109
348858,scaffold_5:175115:T:C,0.00109,109
116164,scaffold_15:452440:G:C,0.00109,109
94699,scaffold_14:329993:T:C,0.00109,109
232062,scaffold_2:16521:A:C,0.00109,109
442879,scaffold_7:1217012:T:A,0.00109,109
178935,scaffold_1:127292:C:T,0.00109,109
172489,scaffold_19:140219:T:C,0.00109,109
316767,scaffold_4:352246:T:C,0.00109,109
2057,scaffold_10:79715:A:T,0.00109,109
326469,scaffold_4:732096:C:T,0.00109,109
69514,scaffold_13:170348:C:T,0.00109,109
306147,scaffold_3:1395191:G:C,0.00108,108
490004,scaffold_9:640018:C:T,0.00108,108
8153,scaffold_10:333206:C:T,0.00108,108
331105,scaffold_4:908519:C:A,0.00108,108
386945,scaffold_6:310400:G:A,0.00108,108
6410,scaffold_10:261964:A:C,0.00108,108
294676,scaffold_3:934687:A:G,0.00108,108
198681,scaffold_1:930607:C:T,0.00108,108
408001,scaffold_6:1167452:T:C,0.00108,108
154453,scaffold_18:46197:G:A,0.00108,108
278915,scaffold_3:337202:A:G,0.00108,108
352222,scaffold_5:309404:G:C,0.00108,108
159578,scaffold_18:256076:G:A,0.00108,108
65190,scaffold_13:2111:A:G,0.00108,108
255978,scaffold_2:1025764:A:G,0.00108,108
421861,scaffold_7:409998:G:A,0.00108,108
189575,scaffold_1:578908:C:T,0.00108,108
177970,scaffold_1:88477:G:C,0.00107,107
291470,scaffold_3:814104:T:G,0.00107,107
187041,scaffold_1:468747:A:T,0.00107,107
181526,scaffold_1:243651:A:T,0.00107,107
379044,scaffold_6:12540:C:T,0.00107,107
460237,scaffold_8:653973:C:A,0.00107,107
348378,scaffold_5:157914:G:T,0.00107,107
6638,scaffold_10:270968:T:G,0.00107,107
494403,scaffold_9:838015:C:T,0.00107,107
230507,scaffold_1:2130753:G:C,0.00107,107
220677,scaffold_1:1767176:G:T,0.00107,107
277571,scaffold_3:289220:G:T,0.00107,107
150836,scaffold_17:553635:G:C,0.00107,107
1767,scaffold_10:67040:T:G,0.00107,107
458628,scaffold_8:587300:A:G,0.00107,107
100662,scaffold_14:580437:G:T,0.00107,107
441264,scaffold_7:1149951:G:A,0.00107,107
435146,scaffold_7:924049:A:G,0.00107,107
307577,scaffold_3:1454863:C:G,0.00107,107
189759,scaffold_1:586094:G:A,0.00107,107
157365,scaffold_18:161948:T:C,0.00107,107
477476,scaffold_9:142580:C:T,0.00107,107
460625,scaffold_8:671458:A:T,0.00107,107
151516,scaffold_17:580535:A:G,0.00106,106
253840,scaffold_2:943770:T:A,0.00106,106
423792,scaffold_7:479088:T:G,0.00106,106
127097,scaffold_16:221546:C:T,0.00106,106
126786,scaffold_16:207610:A:G,0.00106,106
350698,scaffold_5:247505:G:A,0.00106,106
434265,scaffold_7:886921:G:C,0.00106,106
409908,scaffold_6:1245407:C:A,0.00106,106
7704,scaffold_10:315771:C:T,0.00106,106
493033,scaffold_9:776024:T:C,0.00106,106
445727,scaffold_8:60682:T:G,0.00106,106
40173,scaffold_11:719766:A:T,0.00106,106
197594,scaffold_1:886599:T:C,0.00106,106
246268,scaffold_2:618431:A:G,0.00106,106
463930,scaffold_8:802518:A:G,0.00106,106
460919,scaffold_8:683477:C:G,0.00106,106
328985,scaffold_4:834253:A:G,0.00106,106
417113,scaffold_7:235785:C:T,0.00105,105
468098,scaffold_8:984126:A:G,0.00105,105
254787,scaffold_2:980215:C:G,0.00105,105
344661,scaffold_5:7759:T:G,0.00105,105
270091,scaffold_2:1599920:C:G,0.00105,105
483806,scaffold_9:406081:C:T,0.00105,105
488026,scaffold_9:564405:C:A,0.00105,105
319413,scaffold_4:446482:A:G,0.00105,105
3931,scaffold_10:156820:T:C,0.00105,105
393282,scaffold_6:540609:T:A,0.00105,105
21825,scaffold_10:910187:G:T,0.00105,105
116081,scaffold_15:450391:T:C,0.00105,105
402264,scaffold_6:893896:C:G,0.00105,105
420191,scaffold_7:350103:A:G,0.00105,105
469067,scaffold_8:1029930:A:G,0.00105,105
177918,scaffold_1:86588:C:T,0.00105,105
350289,scaffold_5:233138:G:A,0.00105,105
390982,scaffold_6:452712:T:G,0.00105,105
394278,scaffold_6:585392:A:C,0.00105,105
336762,scaffold_4:1122570:C:T,0.00105,105
478779,scaffold_9:218293:T:G,0.00105,105
67240,scaffold_13:82514:A:G,0.00105,105
116241,scaffold_15:454808:G:C,0.00104,104
303634,scaffold_3:1288936:G:C,0.00104,104
350538,scaffold_5:241170:A:G,0.00104,104
366779,scaffold_5:905151:G:C,0.00104,104
457956,scaffold_8:559169:C:T,0.00104,104
331979,scaffold_4:941212:G:A,0.00104,104
278381,scaffold_3:317664:T:C,0.00104,104
402971,scaffold_6:922854:G:A,0.00104,104
200074,scaffold_1:989344:T:C,0.00104,104
414713,scaffold_7:150595:G:A,0.00104,104
349617,scaffold_5:207193:A:G,0.00104,104
493259,scaffold_9:783873:C:G,0.00104,104
454935,scaffold_8:432371:A:G,0.00104,104
339164,scaffold_4:1238545:T:C,0.00104,104
173613,scaffold_19:189689:T:C,0.00104,104
241374,scaffold_2:419007:G:A,0.00104,104
476503,scaffold_9:110983:A:G,0.00104,104
172512,scaffold_19:141792:C:G,0.00104,104
23542,scaffold_10:984401:C:G,0.00104,104
107024,scaffold_15:81967:G:A,0.00104,104
229532,scaffold_1:2090171:T:C,0.00104,104
160929,scaffold_18:309974:T:A,0.00104,104
64906,scaffold_12:815686:G:A,0.00104,104
174607,scaffold_19:228773:C:T,0.00104,104
86556,scaffold_14:5678:G:A,0.00104,104
403203,scaffold_6:934651:G:A,0.00104,104
365970,scaffold_5:876518:C:T,0.00104,104
230136,scaffold_1:2115577:C:T,0.00104,104
479580,scaffold_9:249432:C:A,0.00104,104
340646,scaffold_4:1311238:A:G,0.00103,103
197107,scaffold_1:867867:G:A,0.00103,103
138550,scaffold_17:39575:A:C,0.00103,103
200428,scaffold_1:1001113:G:A,0.00103,103
162308,scaffold_18:364516:A:G,0.00103,103
211532,scaffold_1:1408284:G:A,0.00103,103
318617,scaffold_4:419317:T:C,0.00103,103
462156,scaffold_8:731025:A:G,0.00103,103
412577,scaffold_7:72556:C:T,0.00103,103
368217,scaffold_5:956854:C:T,0.00103,103
371517,scaffold_5:1093140:G:A,0.00103,103
308629,scaffold_4:26401:A:T,0.00103,103
369823,scaffold_5:1018868:A:G,0.00103,103
325651,scaffold_4:701274:G:A,0.00103,103
484650,scaffold_9:438447:T:G,0.00103,103
422975,scaffold_7:450464:C:T,0.00103,103
314492,scaffold_4:265649:G:A,0.00103,103
412890,scaffold_7:83683:T:G,0.00103,103
344240,scaffold_4:1459929:G:T,0.00103,103
65803,scaffold_13:23628:A:C,0.00103,103
353823,scaffold_5:372475:C:T,0.00103,103
60979,scaffold_12:638167:G:A,0.00102,102
380441,scaffold_6:69610:T:A,0.00102,102
138072,scaffold_17:21298:C:T,0.00102,102
341967,scaffold_4:1366048:G:A,0.00102,102
415723,scaffold_7:187152:G:A,0.00102,102
387135,scaffold_6:316566:G:A,0.00102,102
483123,scaffold_9:380051:G:A,0.00102,102
345842,scaffold_5:60681:A:G,0.00102,102
103086,scaffold_14:673278:G:A,0.00102,102
383826,scaffold_6:193695:G:A,0.00102,102
467759,scaffold_8:970480:A:G,0.00102,102
105604,scaffold_15:8520:T:G,0.00102,102
372163,scaffold_5:1121856:A:G,0.00102,102
110703,scaffold_15:228353:C:T,0.00101,101
149015,scaffold_17:461875:G:A,0.00101,101
178463,scaffold_1:109498:G:A,0.00101,101
265291,scaffold_2:1387719:C:T,0.00101,101
403308,scaffold_6:939145:G:T,0.00101,101
313491,scaffold_4:212678:C:T,0.00101,101
146891,scaffold_17:371793:T:A,0.00101,101
57721,scaffold_12:499217:G:A,0.00101,101
245423,scaffold_2:584442:C:G,0.00101,101
399126,scaffold_6:771047:C:T,0.00101,101
64206,scaffold_12:788297:C:T,0.00101,101
296315,scaffold_3:1014258:T:A,0.00101,101
294972,scaffold_3:946014:C:T,0.00101,101
76912,scaffold_13:445015:C:T,0.00101,101
30039,scaffold_11:275621:G:C,0.00101,101
195895,scaffold_1:826711:A:G,0.00101,101
151818,scaffold_17:592180:G:C,0.00101,101
221352,scaffold_1:1793685:C:T,0.00101,101
52137,scaffold_12:277267:C:T,0.00101,101
469123,scaffold_8:1031891:C:T,0.00101,101
453456,scaffold_8:375171:T:C,0.00101,101
406857,scaffold_6:1106071:C:T,0.001,100
229509,scaffold_1:2089579:C:T,0.001,100
325911,scaffold_4:710434:G:A,0.001,100
243964,scaffold_2:523589:G:A,0.001,100
373235,scaffold_5:1157477:T:G,0.001,100
188175,scaffold_1:516766:G:A,0.001,100
469792,scaffold_8:1058537:T:C,0.001,100
88062,scaffold_14:68932:A:C,0.001,100
97930,scaffold_14:466612:G:A,0.001,100
26697,scaffold_11:121602:C:G,0.001,100
177636,scaffold_1:76515:C:T,0.001,100
305618,scaffold_3:1366004:G:A,0.001,100
158843,scaffold_18:228017:C:G,0.001,100
8835,scaffold_10:360939:C:T,0.001,100
259385,scaffold_2:1158008:C:T,0.001,100
182265,scaffold_1:276839:T:C,0.001,100
6560,scaffold_10:267696:T:C,0.001,100
244958,scaffold_2:566028:G:A,0.001,100
33791,scaffold_11:460276:G:A,0.001,100
301752,scaffold_3:1216717:T:C,0.001,100
203096,scaffold_1:1099840:C:A,0.001,100
445960,scaffold_8:69000:A:T,0.00099,99
440767,scaffold_7:1129222:G:A,0.00099,99
26231,scaffold_11:104491:G:T,0.00099,99
488312,scaffold_9:576065:T:C,0.00099,99
427231,scaffold_7:605467:C:A,0.00099,99
361733,scaffold_5:708013:C:T,0.00099,99
107109,scaffold_15:86153:G:A,0.00099,99
142404,scaffold_17:194609:G:A,0.00099,99
190411,scaffold_1:610977:A:G,0.00099,99
78099,scaffold_13:489862:G:A,0.00099,99
150573,scaffold_17:542138:G:T,0.00099,99
256773,scaffold_2:1057275:G:T,0.00099,99
222676,scaffold_1:1839072:G:A,0.00099,99
265035,scaffold_2:1375867:G:A,0.00099,99
247009,scaffold_2:651566:T:C,0.00099,99
128829,scaffold_16:302069:C:T,0.00099,99
134705,scaffold_16:534042:G:A,0.00099,99
278604,scaffold_3:326201:A:G,0.00099,99
259071,scaffold_2:1146123:G:A,0.00099,99
55260,scaffold_12:405039:T:C,0.00099,99
421833,scaffold_7:408338:G:A,0.00099,99
384737,scaffold_6:224807:G:T,0.00099,99
411615,scaffold_7:27199:A:G,0.00099,99
124078,scaffold_16:79971:G:C,0.00099,99
144887,scaffold_17:286223:A:T,0.00099,99
492306,scaffold_9:747138:C:T,0.00099,99
229270,scaffold_1:2080852:C:T,0.00099,99
488710,scaffold_9:592100:G:A,0.00099,99
176135,scaffold_1:13787:G:A,0.00099,99
246426,scaffold_2:626289:C:T,0.00099,99
21798,scaffold_10:909179:C:T,0.00099,99
390291,scaffold_6:426856:C:G,0.00098,98
297305,scaffold_3:1048899:C:T,0.00098,98
110279,scaffold_15:213621:T:A,0.00098,98
101505,scaffold_14:608654:G:C,0.00098,98
305759,scaffold_3:1371875:C:A,0.00098,98
422913,scaffold_7:448294:T:C,0.00098,98
371048,scaffold_5:1070796:C:T,0.00098,98
149049,scaffold_17:462990:T:C,0.00098,98
313824,scaffold_4:229591:T:C,0.00098,98
293987,scaffold_3:910971:T:C,0.00098,98
404311,scaffold_6:979815:T:G,0.00098,98
297206,scaffold_3:1045268:C:T,0.00098,98
201156,scaffold_1:1026913:T:C,0.00098,98
381586,scaffold_6:110608:C:T,0.00098,98
115472,scaffold_15:430059:T:C,0.00098,98
34714,scaffold_11:496038:C:T,0.00098,98
148974,scaffold_17:460355:G:A,0.00098,98
391504,scaffold_6:475437:G:A,0.00098,98
227690,scaffold_1:2020698:C:G,0.00098,98
144389,scaffold_17:270853:A:G,0.00097,97
134664,scaffold_16:532756:C:G,0.00097,97
396134,scaffold_6:655417:A:G,0.00097,97
336688,scaffold_4:1120219:T:C,0.00097,97
72236,scaffold_13:269687:A:G,0.00097,97
357061,scaffold_5:496207:G:A,0.00097,97
448782,scaffold_8:182423:T:C,0.00097,97
19117,scaffold_10:793798:C:T,0.00097,97
390432,scaffold_6:432270:G:A,0.00097,97
128994,scaffold_16:308730:T:A,0.00097,97
422688,scaffold_7:439912:A:G,0.00097,97
431210,scaffold_7:762629:A:G,0.00097,97
309572,scaffold_4:61540:C:T,0.00097,97
460333,scaffold_8:658495:C:T,0.00097,97
378855,scaffold_6:6231:C:T,0.00097,97
182534,scaffold_1:286310:C:G,0.00097,97
433972,scaffold_7:876132:C:G,0.00097,97
278764,scaffold_3:331607:C:T,0.00097,97
98219,scaffold_14:477871:C:G,0.00097,97
67172,scaffold_13:80183:G:C,0.00097,97
43595,scaffold_11:862225:G:A,0.00097,97
280602,scaffold_3:405319:T:C,0.00097,97
343612,scaffold_4:1436786:G:A,0.00097,97
338814,scaffold_4:1225420:G:C,0.00097,97
210392,scaffold_1:1368917:T:A,0.00097,97
322953,scaffold_4:595939:G:A,0.00096,96
63893,scaffold_12:772698:A:G,0.00096,96
159637,scaffold_18:258187:C:G,0.00096,96
12200,scaffold_10:493670:T:C,0.00096,96
379439,scaffold_6:30114:C:G,0.00096,96
110841,scaffold_15:233183:A:G,0.00096,96
76408,scaffold_13:425188:A:C,0.00096,96
272368,scaffold_3:84285:G:C,0.00096,96
32164,scaffold_11:359942:G:C,0.00096,96
67505,scaffold_13:93922:T:C,0.00096,96
90033,scaffold_14:147427:G:T,0.00096,96
426996,scaffold_7:596645:C:T,0.00096,96
247981,scaffold_2:692289:A:G,0.00096,96
479879,scaffold_9:261996:T:C,0.00096,96
158965,scaffold_18:234377:T:C,0.00096,96
362329,scaffold_5:738737:G:T,0.00096,96
86532,scaffold_14:5108:T:C,0.00096,96
396264,scaffold_6:661792:G:A,0.00096,96
15949,scaffold_10:649009:G:A,0.00096,96
40102,scaffold_11:717557:A:G,0.00096,96
55038,scaffold_12:396828:G:A,0.00096,96
313972,scaffold_4:246146:T:C,0.00096,96
170489,scaffold_19:43737:T:A,0.00096,96
312911,scaffold_4:190628:G:A,0.00096,96
122340,scaffold_16:2747:G:A,0.00096,96
429813,scaffold_7:709243:A:G,0.00096,96
318925,scaffold_4:430005:T:G,0.00095,95
375879,scaffold_5:1275277:A:C,0.00095,95
299434,scaffold_3:1125108:C:T,0.00095,95
347839,scaffold_5:140459:C:T,0.00095,95
474543,scaffold_9:37640:C:G,0.00095,95
276246,scaffold_3:239385:C:T,0.00095,95
15993,scaffold_10:650261:G:A,0.00095,95
140820,scaffold_17:129811:G:A,0.00095,95
263610,scaffold_2:1316698:A:G,0.00095,95
43672,scaffold_11:865836:C:T,0.00095,95
179727,scaffold_1:167317:C:T,0.00095,95
19828,scaffold_10:822345:G:A,0.00095,95
384646,scaffold_6:220554:A:G,0.00095,95
177297,scaffold_1:64474:C:A,0.00095,95
262716,scaffold_2:1281466:G:C,0.00095,95
168602,scaffold_18:613814:G:C,0.00095,95
455018,scaffold_8:435394:C:T,0.00095,95
403624,scaffold_6:949646:G:A,0.00095,95
202272,scaffold_1:1067267:G:C,0.00095,95
329236,scaffold_4:841774:C:G,0.00094,94
308134,scaffold_4:7482:T:G,0.00094,94
18785,scaffold_10:761451:G:A,0.00094,94
437571,scaffold_7:1009496:T:C,0.00094,94
322460,scaffold_4:572573:C:A,0.00094,94
298927,scaffold_3:1106111:G:T,0.00094,94
229231,scaffold_1:2078807:C:G,0.00094,94
188295,scaffold_1:526459:A:G,0.00094,94
141011,scaffold_17:136791:G:A,0.00094,94
452863,scaffold_8:349097:C:T,0.00094,94
422535,scaffold_7:434241:T:A,0.00094,94
177329,scaffold_1:66003:G:A,0.00094,94
218472,scaffold_1:1674010:A:C,0.00094,94
152848,scaffold_17:632151:A:G,0.00094,94
120814,scaffold_15:634570:G:C,0.00094,94
209978,scaffold_1:1353758:G:A,0.00094,94
382944,scaffold_6:161621:A:G,0.00094,94
186729,scaffold_1:456959:C:T,0.00094,94
459384,scaffold_8:619318:T:C,0.00094,94
159963,scaffold_18:272001:C:A,0.00094,94
161489,scaffold_18:334094:A:C,0.00094,94
93614,scaffold_14:291081:C:G,0.00093,93
449037,scaffold_8:190982:T:C,0.00093,93
178895,scaffold_1:126131:A:G,0.00093,93
192858,scaffold_1:704972:G:A,0.00093,93
223006,scaffold_1:1852011:C:G,0.00093,93
385995,scaffold_6:272439:G:A,0.00093,93
312530,scaffold_4:177916:G:A,0.00093,93
277830,scaffold_3:298639:C:T,0.00093,93
222903,scaffold_1:1847255:T:C,0.00093,93
328485,scaffold_4:816634:C:T,0.00093,93
270538,scaffold_3:6462:G:C,0.00093,93
284023,scaffold_3:528164:T:C,0.00093,93
425231,scaffold_7:531472:A:G,0.00093,93
435037,scaffold_7:920257:C:G,0.00093,93
209317,scaffold_1:1329612:C:T,0.00093,93
299580,scaffold_3:1129675:T:C,0.00093,93
243031,scaffold_2:483653:C:T,0.00093,93
209230,scaffold_1:1326490:T:C,0.00093,93
440061,scaffold_7:1101121:A:G,0.00093,93
407585,scaffold_6:1152975:G:A,0.00093,93
311958,scaffold_4:152322:G:A,0.00093,93
476694,scaffold_9:117674:A:T,0.00093,93
141429,scaffold_17:154404:A:G,0.00093,93
61733,scaffold_12:674976:C:G,0.00093,93
111696,scaffold_15:281821:A:G,0.00093,93
212142,scaffold_1:1431148:G:A,0.00093,93
330333,scaffold_4:881643:C:T,0.00093,93
162576,scaffold_18:374969:C:T,0.00093,93
31931,scaffold_11:349287:C:T,0.00092,92
485657,scaffold_9:473757:C:A,0.00092,92
390492,scaffold_6:434609:G:C,0.00092,92
344545,scaffold_5:4090:A:G,0.00092,92
57270,scaffold_12:483575:C:T,0.00092,92
407765,scaffold_6:1159346:C:G,0.00092,92
265489,scaffold_2:1397754:C:T,0.00092,92
332188,scaffold_4:949856:G:A,0.00092,92
48103,scaffold_12:112250:T:C,0.00092,92
333502,scaffold_4:996330:G:T,0.00092,92
110718,scaffold_15:228696:T:C,0.00092,92
387847,scaffold_6:341690:T:G,0.00092,92
423020,scaffold_7:452443:G:C,0.00092,92
160713,scaffold_18:301614:C:T,0.00092,92
74060,scaffold_13:336829:T:C,0.00092,92
481786,scaffold_9:333446:G:C,0.00092,92
180339,scaffold_1:198558:G:A,0.00092,92
432981,scaffold_7:830257:A:G,0.00092,92
205741,scaffold_1:1189364:T:G,0.00092,92
163092,scaffold_18:396272:T:C,0.00092,92
112875,scaffold_15:324913:T:A,0.00092,92
267420,scaffold_2:1477327:T:C,0.00091,91
243694,scaffold_2:512056:A:C,0.00091,91
316213,scaffold_4:332915:G:T,0.00091,91
167857,scaffold_18:581599:G:A,0.00091,91
168504,scaffold_18:610420:C:T,0.00091,91
289519,scaffold_3:738968:C:A,0.00091,91
385113,scaffold_6:239480:T:A,0.00091,91
46174,scaffold_12:35634:C:T,0.00091,91
158710,scaffold_18:223006:C:G,0.00091,91
480756,scaffold_9:294171:C:T,0.00091,91
297418,scaffold_3:1052759:G:T,0.00091,91
17340,scaffold_10:701498:C:T,0.00091,91
78153,scaffold_13:492781:A:G,0.00091,91
282222,scaffold_3:464142:C:A,0.00091,91
157610,scaffold_18:173442:G:A,0.00091,91
105679,scaffold_15:11540:C:G,0.00091,91
460614,scaffold_8:671011:C:T,0.00091,91
182723,scaffold_1:293213:C:T,0.00091,91
264524,scaffold_2:1357301:C:T,0.00091,91
275453,scaffold_3:212416:G:C,0.00091,91
236434,scaffold_2:202133:A:T,0.00091,91
58607,scaffold_12:536624:A:G,0.00091,91
303731,scaffold_3:1292196:G:C,0.00091,91
145576,scaffold_17:316851:C:T,0.0009,90
20015,scaffold_10:831765:A:G,0.0009,90
152397,scaffold_17:615955:G:A,0.0009,90
133926,scaffold_16:505442:C:T,0.0009,90
114211,scaffold_15:382317:C:G,0.0009,90
155950,scaffold_18:104471:G:A,0.0009,90
437528,scaffold_7:1008170:G:C,0.0009,90
85804,scaffold_13:784511:G:C,0.0009,90
252793,scaffold_2:902340:A:G,0.0009,90
280030,scaffold_3:379602:G:A,0.0009,90
276453,scaffold_3:247607:G:A,0.0009,90
435031,scaffold_7:920023:A:G,0.0009,90
437852,scaffold_7:1019177:G:A,0.0009,90
297404,scaffold_3:1052151:G:A,0.0009,90
235664,scaffold_2:167076:G:A,0.0009,90
420256,scaffold_7:352328:C:T,0.0009,90
364796,scaffold_5:833477:A:C,0.0009,90
330857,scaffold_4:900968:C:T,0.0009,90
58112,scaffold_12:516997:G:T,0.00089,89
100593,scaffold_14:578619:A:G,0.00089,89
436482,scaffold_7:972654:C:G,0.00089,89
323201,scaffold_4:604052:A:G,0.00089,89
333778,scaffold_4:1006091:T:C,0.00089,89
153114,scaffold_17:646838:A:G,0.00089,89
189793,scaffold_1:587157:A:G,0.00089,89
326125,scaffold_4:718668:G:A,0.00089,89
164271,scaffold_18:442533:C:T,0.00089,89
215072,scaffold_1:1546405:C:T,0.00089,89
119718,scaffold_15:587181:C:T,0.00089,89
90734,scaffold_14:172082:C:T,0.00089,89
471909,scaffold_8:1163839:T:C,0.00089,89
376690,scaffold_5:1309348:C:T,0.00089,89
284838,scaffold_3:562635:A:G,0.00089,89
316360,scaffold_4:338274:G:A,0.00089,89
303390,scaffold_3:1280933:T:C,0.00089,89
445984,scaffold_8:69823:A:G,0.00089,89
93612,scaffold_14:291063:A:G,0.00089,89
225025,scaffold_1:1924196:A:G,0.00088,88
297608,scaffold_3:1058568:T:C,0.00088,88
197000,scaffold_1:863917:A:G,0.00088,88
278713,scaffold_3:329897:G:A,0.00088,88
4405,scaffold_10:174469:G:C,0.00088,88
52653,scaffold_12:294986:C:T,0.00088,88
355923,scaffold_5:448123:G:C,0.00088,88
283150,scaffold_3:499401:A:T,0.00088,88
406128,scaffold_6:1072806:T:C,0.00088,88
238939,scaffold_2:319461:G:T,0.00088,88
28125,scaffold_11:186486:G:T,0.00088,88
309050,scaffold_4:43050:T:C,0.00088,88
376881,scaffold_5:1316628:T:G,0.00088,88
53374,scaffold_12:322053:G:A,0.00088,88
384931,scaffold_6:232300:A:G,0.00088,88
141534,scaffold_17:157705:C:T,0.00088,88
286818,scaffold_3:633509:A:G,0.00088,88
127529,scaffold_16:249095:A:T,0.00088,88
196287,scaffold_1:840001:G:C,0.00088,88
91300,scaffold_14:198195:C:T,0.00088,88
332547,scaffold_4:963897:C:G,0.00088,88
71838,scaffold_13:255699:C:G,0.00088,88
442791,scaffold_7:1213982:A:C,0.00088,88
333473,scaffold_4:995469:C:G,0.00088,88
478304,scaffold_9:200630:A:G,0.00088,88
288009,scaffold_3:677506:C:T,0.00088,88
234658,scaffold_2:131817:A:G,0.00088,88
214156,scaffold_1:1509845:G:A,0.00088,88
23164,scaffold_10:969336:A:T,0.00088,88
46593,scaffold_12:52049:G:T,0.00088,88
254577,scaffold_2:972441:T:A,0.00088,88
390636,scaffold_6:440630:G:A,0.00088,88
364997,scaffold_5:840361:G:A,0.00088,88
415084,scaffold_7:163600:G:C,0.00088,88
202647,scaffold_1:1081456:G:A,0.00088,88
42097,scaffold_11:793080:C:G,0.00088,88
483943,scaffold_9:411569:G:A,0.00088,88
28945,scaffold_11:223973:C:T,0.00088,88
191230,scaffold_1:642439:A:G,0.00088,88
470007,scaffold_8:1066249:T:C,0.00088,88
434358,scaffold_7:890221:G:A,0.00088,88
428702,scaffold_7:663548:A:T,0.00088,88
33630,scaffold_11:454232:C:T,0.00087,87
280492,scaffold_3:400872:C:G,0.00087,87
219447,scaffold_1:1712263:T:G,0.00087,87
399267,scaffold_6:776596:A:G,0.00087,87
96962,scaffold_14:422211:G:C,0.00087,87
222453,scaffold_1:1831390:G:A,0.00087,87
370322,scaffold_5:1038818:C:G,0.00087,87
202153,scaffold_1:1063179:A:G,0.00087,87
423832,scaffold_7:480569:C:G,0.00087,87
165161,scaffold_18:476192:G:T,0.00087,87
2322,scaffold_10:89979:C:T,0.00087,87
152679,scaffold_17:625336:A:G,0.00087,87
425100,scaffold_7:526726:T:C,0.00087,87
84220,scaffold_13:718586:T:C,0.00087,87
303140,scaffold_3:1270124:C:T,0.00087,87
313583,scaffold_4:217024:G:A,0.00087,87
489662,scaffold_9:628101:A:G,0.00087,87
190242,scaffold_1:604720:C:T,0.00087,87
9032,scaffold_10:367968:G:C,0.00087,87
206920,scaffold_1:1233384:C:G,0.00087,87
111202,scaffold_15:260161:C:T,0.00087,87
64690,scaffold_12:805599:T:G,0.00087,87
412943,scaffold_7:85387:T:C,0.00087,87
129637,scaffold_16:332568:G:A,0.00087,87
6927,scaffold_10:281971:T:C,0.00087,87
105293,scaffold_14:756840:C:T,0.00087,87
232292,scaffold_2:26144:G:C,0.00087,87
350501,scaffold_5:239763:C:T,0.00087,87
354751,scaffold_5:403877:A:G,0.00087,87
203868,scaffold_1:1123929:C:T,0.00087,87
416991,scaffold_7:231439:G:A,0.00086,86
176254,scaffold_1:19110:G:A,0.00086,86
301180,scaffold_3:1194366:T:A,0.00086,86
338458,scaffold_4:1212045:C:T,0.00086,86
214360,scaffold_1:1517240:G:A,0.00086,86
332511,scaffold_4:962407:T:C,0.00086,86
398343,scaffold_6:737808:T:A,0.00086,86
367923,scaffold_5:945932:G:C,0.00086,86
31409,scaffold_11:328539:G:A,0.00086,86
440970,scaffold_7:1136644:A:G,0.00086,86
81067,scaffold_13:600753:C:T,0.00086,86
6302,scaffold_10:257994:C:G,0.00086,86
1205,scaffold_10:48356:T:C,0.00086,86
266452,scaffold_2:1434742:G:A,0.00086,86
492363,scaffold_9:749043:A:G,0.00086,86
48962,scaffold_12:147674:A:C,0.00086,86
5158,scaffold_10:207734:A:G,0.00086,86
462514,scaffold_8:745271:A:G,0.00086,86
480421,scaffold_9:281494:C:G,0.00086,86
396254,scaffold_6:661516:G:A,0.00086,86
147767,scaffold_17:409472:G:T,0.00086,86
206162,scaffold_1:1206163:G:A,0.00086,86
79183,scaffold_13:526045:G:A,0.00086,86
242468,scaffold_2:460396:C:T,0.00086,86
232775,scaffold_2:44833:T:A,0.00086,86
101600,scaffold_14:613071:T:C,0.00086,86
284054,scaffold_3:529497:T:G,0.00086,86
233839,scaffold_2:91204:A:G,0.00086,86
216271,scaffold_1:1593462:G:A,0.00086,86
435149,scaffold_7:924150:G:A,0.00086,86
489215,scaffold_9:609708:C:T,0.00085,85
412979,scaffold_7:86723:T:C,0.00085,85
326367,scaffold_4:727931:G:C,0.00085,85
425247,scaffold_7:531816:T:C,0.00085,85
317745,scaffold_4:386942:G:A,0.00085,85
183891,scaffold_1:344524:T:C,0.00085,85
431454,scaffold_7:772041:G:A,0.00085,85
408879,scaffold_6:1200940:G:A,0.00085,85
484755,scaffold_9:442061:T:C,0.00085,85
123127,scaffold_16:34473:C:T,0.00085,85
349411,scaffold_5:199179:G:A,0.00085,85
275966,scaffold_3:229165:G:C,0.00085,85
63724,scaffold_12:766707:G:A,0.00085,85
194159,scaffold_1:754053:G:A,0.00085,85
436531,scaffold_7:973860:C:T,0.00085,85
196644,scaffold_1:853568:T:C,0.00085,85
249102,scaffold_2:749957:A:T,0.00085,85
368225,scaffold_5:956979:C:T,0.00085,85
375750,scaffold_5:1268699:C:T,0.00085,85
480606,scaffold_9:288724:A:G,0.00085,85
430600,scaffold_7:741494:T:C,0.00085,85
305979,scaffold_3:1383433:T:G,0.00085,85
55592,scaffold_12:419044:C:G,0.00085,85
356257,scaffold_5:462172:C:T,0.00085,85
432007,scaffold_7:794545:G:T,0.00085,85
368767,scaffold_5:978165:T:C,0.00085,85
10058,scaffold_10:409074:C:A,0.00085,85
10148,scaffold_10:412710:C:T,0.00085,85
485378,scaffold_9:464375:T:C,0.00085,85
320665,scaffold_4:500138:C:T,0.00085,85
387266,scaffold_6:320687:G:C,0.00085,85
435579,scaffold_7:939635:C:A,0.00084,84
162187,scaffold_18:358729:C:T,0.00084,84
13769,scaffold_10:564875:A:G,0.00084,84
435814,scaffold_7:948687:G:T,0.00084,84
330803,scaffold_4:898836:G:T,0.00084,84
241866,scaffold_2:437483:G:T,0.00084,84
61104,scaffold_12:642538:C:T,0.00084,84
301217,scaffold_3:1195667:C:T,0.00084,84
389013,scaffold_6:379703:C:T,0.00084,84
279483,scaffold_3:359682:A:G,0.00084,84
474179,scaffold_9:23177:A:C,0.00084,84
394812,scaffold_6:605013:G:C,0.00084,84
341483,scaffold_4:1345354:G:T,0.00084,84
45464,scaffold_12:3184:G:T,0.00084,84
17696,scaffold_10:716899:G:A,0.00084,84
191898,scaffold_1:668934:A:G,0.00084,84
127130,scaffold_16:222460:C:A,0.00084,84
430464,scaffold_7:734937:C:A,0.00084,84
255138,scaffold_2:992955:G:T,0.00084,84
128724,scaffold_16:297856:G:C,0.00084,84
275931,scaffold_3:228278:C:T,0.00084,84
486566,scaffold_9:506925:G:A,0.00084,84
92785,scaffold_14:257424:G:C,0.00084,84
324272,scaffold_4:646449:C:A,0.00084,84
102322,scaffold_14:639550:C:T,0.00084,84
174072,scaffold_19:206858:A:G,0.00084,84
392005,scaffold_6:493387:C:G,0.00083,83
266692,scaffold_2:1445481:G:T,0.00083,83
32431,scaffold_11:372049:G:C,0.00083,83
378481,scaffold_5:1387882:G:T,0.00083,83
183162,scaffold_1:317503:G:A,0.00083,83
30487,scaffold_11:293107:G:C,0.00083,83
33496,scaffold_11:449106:C:T,0.00083,83
310006,scaffold_4:82368:T:G,0.00083,83
76293,scaffold_13:418817:C:G,0.00083,83
322003,scaffold_4:553793:A:G,0.00083,83
150797,scaffold_17:552427:G:C,0.00083,83
30674,scaffold_11:299909:G:A,0.00083,83
354008,scaffold_5:377899:C:T,0.00083,83
484214,scaffold_9:420306:C:T,0.00083,83
42880,scaffold_11:830004:T:C,0.00083,83
340536,scaffold_4:1304470:A:G,0.00083,83
142681,scaffold_17:204778:G:C,0.00083,83
390160,scaffold_6:421327:C:T,0.00083,83
416757,scaffold_7:223716:T:C,0.00083,83
137858,scaffold_17:12931:C:T,0.00082,82
428528,scaffold_7:654916:T:C,0.00082,82
196076,scaffold_1:832801:C:G,0.00082,82
368328,scaffold_5:960201:C:T,0.00082,82
388260,scaffold_6:354060:C:T,0.00082,82
56123,scaffold_12:441292:C:T,0.00082,82
462427,scaffold_8:741902:C:T,0.00082,82
115267,scaffold_15:422553:C:T,0.00082,82
294211,scaffold_3:918451:G:A,0.00082,82
321683,scaffold_4:541640:C:T,0.00082,82
349472,scaffold_5:201716:A:T,0.00082,82
15380,scaffold_10:627476:G:A,0.00082,82
64520,scaffold_12:800105:C:A,0.00082,82
352195,scaffold_5:308169:G:A,0.00082,82
256541,scaffold_2:1049928:G:A,0.00082,82
24191,scaffold_11:24614:C:T,0.00082,82
289493,scaffold_3:738187:G:A,0.00082,82
388181,scaffold_6:351548:G:A,0.00082,82
478217,scaffold_9:197122:T:C,0.00082,82
264229,scaffold_2:1346945:T:C,0.00082,82
159508,scaffold_18:253049:A:G,0.00082,82
199868,scaffold_1:982458:T:C,0.00082,82
54655,scaffold_12:384543:G:A,0.00082,82
399247,scaffold_6:775747:G:T,0.00082,82
88661,scaffold_14:89982:G:A,0.00082,82
134329,scaffold_16:520801:G:C,0.00082,82
72091,scaffold_13:264094:A:G,0.00082,82
290607,scaffold_3:781540:C:T,0.00082,82
470785,scaffold_8:1099714:C:T,0.00082,82
438253,scaffold_7:1034288:T:C,0.00082,82
223668,scaffold_1:1875543:A:G,0.00082,82
409726,scaffold_6:1237348:T:A,0.00082,82
403399,scaffold_6:941988:C:T,0.00082,82
155171,scaffold_18:73058:A:G,0.00082,82
491551,scaffold_9:708137:C:T,0.00081,81
39620,scaffold_11:699597:C:A,0.00081,81
163476,scaffold_18:410220:G:A,0.00081,81
279807,scaffold_3:371017:T:G,0.00081,81
7694,scaffold_10:315368:G:A,0.00081,81
468967,scaffold_8:1025849:A:C,0.00081,81
120771,scaffold_15:633200:T:C,0.00081,81
317533,scaffold_4:380340:G:C,0.00081,81
384253,scaffold_6:208690:G:A,0.00081,81
121101,scaffold_15:648903:G:A,0.00081,81
304535,scaffold_3:1327179:T:C,0.00081,81
432741,scaffold_7:822689:T:C,0.00081,81
323152,scaffold_4:603068:G:A,0.00081,81
252658,scaffold_2:896120:G:T,0.00081,81
396609,scaffold_6:675654:G:C,0.00081,81
470728,scaffold_8:1097609:G:A,0.00081,81
63548,scaffold_12:761179:G:A,0.00081,81
305771,scaffold_3:1372776:G:T,0.0008,80
471114,scaffold_8:1136307:G:A,0.0008,80
23403,scaffold_10:979409:G:C,0.0008,80
456357,scaffold_8:493959:G:A,0.0008,80
216289,scaffold_1:1593966:G:C,0.0008,80
295644,scaffold_3:985551:G:C,0.0008,80
438945,scaffold_7:1059744:G:C,0.0008,80
275558,scaffold_3:216476:C:T,0.0008,80
130836,scaffold_16:375927:A:G,0.0008,80
154575,scaffold_18:51904:A:G,0.0008,80
295200,scaffold_3:954369:C:T,0.0008,80
374337,scaffold_5:1210230:T:G,0.0008,80
217138,scaffold_1:1625967:T:C,0.0008,80
92998,scaffold_14:269687:G:A,0.0008,80
253125,scaffold_2:914805:A:T,0.0008,80
308840,scaffold_4:35163:C:G,0.0008,80
329343,scaffold_4:846052:A:C,0.0008,80
8155,scaffold_10:333221:C:T,0.0008,80
274108,scaffold_3:153839:T:C,0.0008,80
58218,scaffold_12:520752:G:A,0.0008,80
57196,scaffold_12:480875:A:C,0.0008,80
477333,scaffold_9:137374:T:A,0.0008,80
490049,scaffold_9:641707:C:T,0.0008,80
168637,scaffold_18:614976:T:C,0.0008,80
198241,scaffold_1:911122:C:T,0.0008,80
135977,scaffold_16:587091:C:T,0.0008,80
242018,scaffold_2:442918:C:G,0.0008,80
412759,scaffold_7:79439:C:G,0.0008,80
13139,scaffold_10:540069:T:C,0.0008,80
393563,scaffold_6:552938:C:T,0.0008,80
107266,scaffold_15:96912:C:A,0.00079,79
218556,scaffold_1:1677255:A:G,0.00079,79
4305,scaffold_10:171663:T:C,0.00079,79
63951,scaffold_12:775410:C:T,0.00079,79
189648,scaffold_1:581439:T:C,0.00079,79
338418,scaffold_4:1210995:T:C,0.00079,79
371551,scaffold_5:1094487:G:C,0.00079,79
251836,scaffold_2:861602:G:A,0.00079,79
150040,scaffold_17:521044:C:T,0.00079,79
373332,scaffold_5:1174054:C:A,0.00079,79
406591,scaffold_6:1096350:T:G,0.00079,79
310701,scaffold_4:106759:G:A,0.00079,79
301867,scaffold_3:1221268:C:G,0.00079,79
175171,scaffold_19:253023:G:A,0.00079,79
334292,scaffold_4:1023330:T:A,0.00079,79
247059,scaffold_2:653366:C:T,0.00079,79
188760,scaffold_1:545862:T:C,0.00079,79
250298,scaffold_2:796104:C:T,0.00079,79
5587,scaffold_10:227751:G:C,0.00079,79
85799,scaffold_13:784396:C:G,0.00079,79
135837,scaffold_16:581112:C:T,0.00079,79
494591,scaffold_9:845430:A:G,0.00079,79
355123,scaffold_5:417725:T:G,0.00079,79
313833,scaffold_4:229819:T:C,0.00079,79
249392,scaffold_2:762116:C:A,0.00079,79
241574,scaffold_2:426333:G:A,0.00079,79
449228,scaffold_8:199219:C:T,0.00079,79
420039,scaffold_7:341276:G:A,0.00079,79
201115,scaffold_1:1025636:C:A,0.00079,79
428645,scaffold_7:661447:T:C,0.00079,79
76592,scaffold_13:433791:C:T,0.00079,79
290182,scaffold_3:765569:G:A,0.00079,79
277313,scaffold_3:278067:C:T,0.00079,79
245640,scaffold_2:593689:C:T,0.00079,79
166933,scaffold_18:548835:C:A,0.00079,79
319219,scaffold_4:439900:T:G,0.00078,78
317727,scaffold_4:386496:A:G,0.00078,78
319336,scaffold_4:444140:A:G,0.00078,78
293059,scaffold_3:871618:A:G,0.00078,78
295562,scaffold_3:982474:T:C,0.00078,78
132303,scaffold_16:435668:T:G,0.00078,78
421585,scaffold_7:400497:A:G,0.00078,78
119711,scaffold_15:587037:T:G,0.00078,78
300152,scaffold_3:1153905:C:T,0.00078,78
100580,scaffold_14:578103:A:G,0.00078,78
77375,scaffold_13:464603:C:A,0.00078,78
290335,scaffold_3:772161:A:G,0.00078,78
356682,scaffold_5:477291:A:G,0.00078,78
58382,scaffold_12:527247:G:A,0.00078,78
144789,scaffold_17:283559:T:C,0.00078,78
289588,scaffold_3:740892:C:G,0.00078,78
297443,scaffold_3:1053732:T:C,0.00078,78
217148,scaffold_1:1626239:T:C,0.00078,78
338738,scaffold_4:1222437:A:G,0.00078,78
89716,scaffold_14:133167:T:C,0.00078,78
381329,scaffold_6:102569:G:A,0.00078,78
340066,scaffold_4:1285954:C:T,0.00078,78
193228,scaffold_1:720656:T:C,0.00078,78
301453,scaffold_3:1205659:T:C,0.00078,78
436802,scaffold_7:984299:C:T,0.00078,78
329683,scaffold_4:859307:G:C,0.00078,78
323706,scaffold_4:623949:A:G,0.00078,78
243865,scaffold_2:519574:G:A,0.00077,77
110634,scaffold_15:225760:G:A,0.00077,77
477415,scaffold_9:139924:G:A,0.00077,77
421177,scaffold_7:384717:C:A,0.00077,77
166329,scaffold_18:527037:A:G,0.00077,77
203458,scaffold_1:1111244:G:A,0.00077,77
166423,scaffold_18:530174:A:C,0.00077,77
313815,scaffold_4:229176:T:C,0.00077,77
196053,scaffold_1:831865:C:G,0.00077,77
336848,scaffold_4:1126104:G:A,0.00077,77
149217,scaffold_17:485391:G:A,0.00077,77
386028,scaffold_6:273385:C:T,0.00077,77
340349,scaffold_4:1296874:G:A,0.00077,77
476035,scaffold_9:93227:C:A,0.00077,77
324539,scaffold_4:657680:G:A,0.00077,77
443923,scaffold_7:1256517:T:C,0.00077,77
308049,scaffold_4:5146:G:A,0.00077,77
226032,scaffold_1:1961418:T:C,0.00077,77
345220,scaffold_5:27266:A:C,0.00077,77
381987,scaffold_6:122951:C:T,0.00077,77
2246,scaffold_10:86633:T:C,0.00077,77
202313,scaffold_1:1068663:C:A,0.00077,77
472752,scaffold_8:1197148:C:T,0.00077,77
239052,scaffold_2:325192:A:G,0.00076,76
383573,scaffold_6:183736:C:T,0.00076,76
54348,scaffold_12:371764:C:T,0.00076,76
390093,scaffold_6:419133:A:G,0.00076,76
54763,scaffold_12:387484:G:A,0.00076,76
397923,scaffold_6:723332:G:A,0.00076,76
124301,scaffold_16:91878:A:T,0.00076,76
45918,scaffold_12:25555:T:C,0.00076,76
265834,scaffold_2:1412003:C:A,0.00076,76
347477,scaffold_5:125738:C:T,0.00076,76
248472,scaffold_2:721015:T:C,0.00076,76
86051,scaffold_13:796955:C:G,0.00076,76
3882,scaffold_10:154071:C:G,0.00076,76
306208,scaffold_3:1397090:G:C,0.00076,76
373442,scaffold_5:1177563:C:G,0.00076,76
335528,scaffold_4:1075806:C:T,0.00076,76
25653,scaffold_11:81547:G:A,0.00076,76
446715,scaffold_8:98302:C:T,0.00076,76
7885,scaffold_10:323214:G:C,0.00076,76
43009,scaffold_11:835703:C:G,0.00076,76
476963,scaffold_9:127153:C:T,0.00076,76
259193,scaffold_2:1150988:T:C,0.00076,76
255003,scaffold_2:988433:G:T,0.00076,76
1025,scaffold_10:41984:C:T,0.00076,76
42706,scaffold_11:824083:T:C,0.00076,76
389015,scaffold_6:379764:G:A,0.00076,76
125287,scaffold_16:142869:G:A,0.00076,76
399324,scaffold_6:778429:T:G,0.00076,76
163246,scaffold_18:402783:A:G,0.00076,76
295884,scaffold_3:995623:C:G,0.00076,76
152854,scaffold_17:632306:C:G,0.00076,76
265016,scaffold_2:1375215:G:A,0.00075,75
408751,scaffold_6:1194522:C:G,0.00075,75
355148,scaffold_5:418497:G:A,0.00075,75
356647,scaffold_5:475372:A:C,0.00075,75
273835,scaffold_3:143155:T:C,0.00075,75
237918,scaffold_2:265052:T:C,0.00075,75
99759,scaffold_14:541301:G:A,0.00075,75
276390,scaffold_3:244478:T:C,0.00075,75
350657,scaffold_5:245319:G:A,0.00075,75
141104,scaffold_17:140216:T:C,0.00075,75
129309,scaffold_16:319766:G:T,0.00075,75
286992,scaffold_3:640479:C:T,0.00075,75
458478,scaffold_8:581568:G:C,0.00075,75
235087,scaffold_2:147274:G:A,0.00075,75
58616,scaffold_12:536858:C:G,0.00075,75
426034,scaffold_7:560029:A:G,0.00075,75
10762,scaffold_10:437718:C:A,0.00075,75
52993,scaffold_12:307033:A:G,0.00075,75
445559,scaffold_8:54452:A:G,0.00075,75
143253,scaffold_17:227216:C:T,0.00075,75
169504,scaffold_19:5701:T:C,0.00075,75
33209,scaffold_11:437837:C:T,0.00075,75
382104,scaffold_6:128635:A:G,0.00075,75
28669,scaffold_11:213680:A:G,0.00074,74
84313,scaffold_13:721851:A:G,0.00074,74
36204,scaffold_11:553373:C:T,0.00074,74
406951,scaffold_6:1109267:C:T,0.00074,74
418990,scaffold_7:304184:T:C,0.00074,74
91558,scaffold_14:216593:C:T,0.00074,74
444889,scaffold_8:29726:C:T,0.00074,74
342876,scaffold_4:1404901:A:G,0.00074,74
185963,scaffold_1:427795:T:C,0.00074,74
481210,scaffold_9:310115:G:C,0.00074,74
493649,scaffold_9:801545:T:C,0.00074,74
110972,scaffold_15:239163:C:T,0.00074,74
267766,scaffold_2:1491509:T:C,0.00074,74
261747,scaffold_2:1248863:A:G,0.00074,74
211410,scaffold_1:1404029:T:C,0.00074,74
425848,scaffold_7:552981:C:T,0.00074,74
410480,scaffold_6:1266221:C:G,0.00074,74
409853,scaffold_6:1242866:C:T,0.00074,74
254281,scaffold_2:961085:G:A,0.00074,74
495264,scaffold_9:877854:C:T,0.00074,74
429423,scaffold_7:693354:A:G,0.00074,74
74454,scaffold_13:349575:C:G,0.00074,74
476494,scaffold_9:110447:A:G,0.00074,74
422457,scaffold_7:431030:G:A,0.00074,74
437845,scaffold_7:1018763:C:A,0.00074,74
205976,scaffold_1:1198830:G:A,0.00074,74
104450,scaffold_14:723653:G:A,0.00074,74
473721,scaffold_9:5255:C:T,0.00074,74
395425,scaffold_6:625897:C:A,0.00074,74
43961,scaffold_11:877337:C:A,0.00074,74
154616,scaffold_18:53385:G:T,0.00074,74
430791,scaffold_7:747730:G:A,0.00074,74
411803,scaffold_7:34134:C:A,0.00074,74
162861,scaffold_18:386864:A:G,0.00074,74
131944,scaffold_16:422378:A:C,0.00074,74
213678,scaffold_1:1493122:G:C,0.00074,74
111825,scaffold_15:287681:C:T,0.00074,74
57656,scaffold_12:496574:G:C,0.00074,74
89387,scaffold_14:118689:G:A,0.00074,74
138282,scaffold_17:28570:C:T,0.00073,73
407062,scaffold_6:1114454:T:C,0.00073,73
481317,scaffold_9:314199:G:C,0.00073,73
14960,scaffold_10:611491:G:A,0.00073,73
399295,scaffold_6:777723:G:A,0.00073,73
387558,scaffold_6:331202:T:C,0.00073,73
253968,scaffold_2:948341:G:A,0.00073,73
390733,scaffold_6:444398:A:T,0.00073,73
491154,scaffold_9:689432:C:A,0.00073,73
296008,scaffold_3:1000605:A:T,0.00073,73
365549,scaffold_5:859038:G:C,0.00073,73
165904,scaffold_18:510836:C:T,0.00073,73
48882,scaffold_12:145348:G:A,0.00073,73
437569,scaffold_7:1009453:G:A,0.00073,73
234499,scaffold_2:124866:C:T,0.00073,73
154138,scaffold_18:35828:A:G,0.00073,73
448428,scaffold_8:167238:G:T,0.00073,73
216471,scaffold_1:1600351:G:T,0.00073,73
10166,scaffold_10:414047:G:T,0.00073,73
343294,scaffold_4:1425116:G:A,0.00073,73
263715,scaffold_2:1320864:T:C,0.00073,73
357933,scaffold_5:538731:G:T,0.00073,73
399259,scaffold_6:776386:G:A,0.00073,73
145648,scaffold_17:319635:C:T,0.00073,73
62750,scaffold_12:718211:A:G,0.00073,73
242507,scaffold_2:461969:A:G,0.00073,73
242549,scaffold_2:463711:T:C,0.00073,73
166342,scaffold_18:527733:C:G,0.00073,73
464871,scaffold_8:841778:G:A,0.00072,72
58830,scaffold_12:545590:G:A,0.00072,72
486052,scaffold_9:488505:C:T,0.00072,72
398309,scaffold_6:736622:C:G,0.00072,72
56330,scaffold_12:449757:G:C,0.00072,72
156690,scaffold_18:130547:T:C,0.00072,72
171142,scaffold_19:75714:A:T,0.00072,72
206947,scaffold_1:1234362:G:A,0.00072,72
367925,scaffold_5:945987:C:T,0.00072,72
356350,scaffold_5:465793:G:T,0.00072,72
318130,scaffold_4:400879:G:A,0.00072,72
259005,scaffold_2:1143468:T:G,0.00072,72
330939,scaffold_4:903545:G:A,0.00072,72
382472,scaffold_6:142201:A:T,0.00072,72
308070,scaffold_4:5851:C:G,0.00072,72
460336,scaffold_8:658628:A:G,0.00072,72
353016,scaffold_5:339466:C:A,0.00072,72
119215,scaffold_15:569038:A:G,0.00072,72
486334,scaffold_9:499176:A:G,0.00072,72
484666,scaffold_9:438891:C:T,0.00072,72
277317,scaffold_3:278415:A:G,0.00072,72
371518,scaffold_5:1093193:C:G,0.00072,72
84668,scaffold_13:736397:C:G,0.00072,72
373002,scaffold_5:1150329:G:A,0.00072,72
50980,scaffold_12:229901:G:A,0.00072,72
390104,scaffold_6:419318:A:G,0.00072,72
248470,scaffold_2:720502:C:T,0.00072,72
310209,scaffold_4:89489:G:T,0.00072,72
132359,scaffold_16:437482:A:T,0.00072,72
176425,scaffold_1:26954:C:T,0.00072,72
360774,scaffold_5:654136:G:A,0.00072,72
225099,scaffold_1:1927130:G:C,0.00071,71
370141,scaffold_5:1030154:G:A,0.00071,71
358259,scaffold_5:553413:T:C,0.00071,71
60172,scaffold_12:606088:T:C,0.00071,71
262578,scaffold_2:1275939:G:T,0.00071,71
14250,scaffold_10:585255:G:A,0.00071,71
120518,scaffold_15:624084:C:T,0.00071,71
32826,scaffold_11:390344:T:G,0.00071,71
32071,scaffold_11:355284:A:G,0.00071,71
147485,scaffold_17:399051:G:A,0.00071,71
353185,scaffold_5:347021:T:C,0.00071,71
447557,scaffold_8:131343:G:A,0.00071,71
429574,scaffold_7:699093:C:T,0.00071,71
382060,scaffold_6:126162:A:G,0.00071,71
20773,scaffold_10:863718:A:G,0.00071,71
32038,scaffold_11:354478:G:C,0.00071,71
360940,scaffold_5:660592:G:C,0.00071,71
121247,scaffold_15:655942:T:G,0.00071,71
135653,scaffold_16:573236:T:A,0.00071,71
456124,scaffold_8:483620:A:G,0.00071,71
346560,scaffold_5:86420:T:C,0.00071,71
297994,scaffold_3:1071633:G:A,0.00071,71
293706,scaffold_3:899790:G:A,0.00071,71
319134,scaffold_4:436837:C:G,0.00071,71
290277,scaffold_3:769397:C:T,0.00071,71
245476,scaffold_2:586683:G:T,0.00071,71
254982,scaffold_2:987467:A:G,0.00071,71
478890,scaffold_9:223185:A:G,0.00071,71
98584,scaffold_14:491205:G:A,0.00071,71
293211,scaffold_3:877139:G:A,0.00071,71
299252,scaffold_3:1118159:C:T,0.00071,71
165895,scaffold_18:510634:C:T,0.00071,71
317959,scaffold_4:394823:G:A,0.00071,71
236978,scaffold_2:221665:T:C,0.00071,71
29325,scaffold_11:244873:G:A,0.0007,70
148604,scaffold_17:445467:T:C,0.0007,70
412646,scaffold_7:74893:C:A,0.0007,70
313025,scaffold_4:195198:A:C,0.0007,70
44885,scaffold_11:917642:C:G,0.0007,70
62905,scaffold_12:724005:A:G,0.0007,70
244165,scaffold_2:531108:A:G,0.0007,70
180232,scaffold_1:194569:G:A,0.0007,70
98621,scaffold_14:494037:T:C,0.0007,70
133402,scaffold_16:481494:C:A,0.0007,70
255197,scaffold_2:995046:T:C,0.0007,70
454450,scaffold_8:414753:G:A,0.0007,70
284528,scaffold_3:551036:T:C,0.0007,70
61478,scaffold_12:664830:T:C,0.0007,70
349434,scaffold_5:200297:G:C,0.0007,70
246054,scaffold_2:608241:A:G,0.0007,70
454640,scaffold_8:422225:A:G,0.0007,70
166296,scaffold_18:525471:C:T,0.0007,70
376825,scaffold_5:1314736:C:G,0.0007,70
302087,scaffold_3:1230998:C:G,0.0007,70
214345,scaffold_1:1516536:G:A,0.0007,70
281005,scaffold_3:420528:C:A,0.0007,70
482505,scaffold_9:358401:A:G,0.0007,70
164125,scaffold_18:435592:A:G,0.00069,69
4425,scaffold_10:175354:T:C,0.00069,69
56590,scaffold_12:459528:G:A,0.00069,69
463906,scaffold_8:800708:G:A,0.00069,69
372391,scaffold_5:1130289:A:G,0.00069,69
254559,scaffold_2:971769:G:T,0.00069,69
303525,scaffold_3:1285384:T:C,0.00069,69
469287,scaffold_8:1037244:G:A,0.00069,69
32854,scaffold_11:417908:A:G,0.00069,69
422218,scaffold_7:422887:A:G,0.00069,69
343631,scaffold_4:1437369:G:A,0.00069,69
445221,scaffold_8:41758:G:A,0.00069,69
130847,scaffold_16:376035:T:C,0.00069,69
44530,scaffold_11:902088:A:G,0.00069,69
261174,scaffold_2:1226499:G:A,0.00069,69
486288,scaffold_9:497051:G:A,0.00069,69
285000,scaffold_3:567943:A:C,0.00069,69
127117,scaffold_16:222080:G:A,0.00069,69
120772,scaffold_15:633205:G:A,0.00069,69
40421,scaffold_11:727035:T:C,0.00069,69
318662,scaffold_4:420798:A:C,0.00069,69
20585,scaffold_10:854918:A:G,0.00069,69
159752,scaffold_18:264691:G:A,0.00069,69
402465,scaffold_6:901050:A:C,0.00069,69
335677,scaffold_4:1082448:G:A,0.00069,69
35489,scaffold_11:523905:G:C,0.00069,69
135290,scaffold_16:556765:T:C,0.00069,69
31457,scaffold_11:329882:T:C,0.00069,69
348238,scaffold_5:153176:G:A,0.00069,69
287055,scaffold_3:642819:A:G,0.00069,69
228392,scaffold_1:2047340:C:T,0.00069,69
440939,scaffold_7:1135356:A:G,0.00069,69
214583,scaffold_1:1525960:C:T,0.00069,69
164300,scaffold_18:443882:C:A,0.00069,69
450779,scaffold_8:258021:T:C,0.00069,69
213205,scaffold_1:1475969:T:C,0.00069,69
390372,scaffold_6:429778:A:C,0.00069,69
264109,scaffold_2:1342293:T:C,0.00069,69
294136,scaffold_3:915946:C:G,0.00069,69
470622,scaffold_8:1094976:G:A,0.00069,69
274510,scaffold_3:170150:G:C,0.00069,69
471666,scaffold_8:1155603:G:A,0.00069,69
36555,scaffold_11:567826:C:G,0.00069,69
474240,scaffold_9:26296:C:T,0.00068,68
207565,scaffold_1:1265401:A:G,0.00068,68
84680,scaffold_13:737030:G:A,0.00068,68
84008,scaffold_13:710586:T:C,0.00068,68
279514,scaffold_3:360557:T:G,0.00068,68
228498,scaffold_1:2052287:G:C,0.00068,68
413409,scaffold_7:100957:C:T,0.00068,68
92107,scaffold_14:235409:C:T,0.00068,68
35820,scaffold_11:537859:T:C,0.00068,68
46914,scaffold_12:65295:A:G,0.00068,68
358161,scaffold_5:549154:C:T,0.00068,68
436913,scaffold_7:988415:G:C,0.00068,68
459272,scaffold_8:614599:C:G,0.00068,68
315692,scaffold_4:312069:C:T,0.00068,68
250362,scaffold_2:797641:G:C,0.00068,68
381817,scaffold_6:118164:A:G,0.00068,68
249785,scaffold_2:776625:G:A,0.00068,68
216811,scaffold_1:1613345:T:C,0.00068,68
247927,scaffold_2:688587:T:C,0.00068,68
111940,scaffold_15:292899:C:G,0.00068,68
395588,scaffold_6:633581:G:T,0.00068,68
351269,scaffold_5:272104:C:T,0.00068,68
414358,scaffold_7:137132:T:G,0.00068,68
274397,scaffold_3:165943:G:A,0.00068,68
138614,scaffold_17:42501:G:C,0.00068,68
425185,scaffold_7:529954:T:C,0.00068,68
466177,scaffold_8:899246:C:T,0.00068,68
278268,scaffold_3:314570:G:A,0.00068,68
11930,scaffold_10:485261:A:G,0.00068,68
27074,scaffold_11:142407:G:A,0.00067,67
180511,scaffold_1:205851:C:T,0.00067,67
135059,scaffold_16:549440:C:A,0.00067,67
41112,scaffold_11:753580:A:G,0.00067,67
197568,scaffold_1:885221:C:T,0.00067,67
260106,scaffold_2:1188681:C:T,0.00067,67
428533,scaffold_7:655127:G:C,0.00067,67
244416,scaffold_2:541083:C:G,0.00067,67
315376,scaffold_4:301822:G:A,0.00067,67
349259,scaffold_5:194669:C:A,0.00067,67
342054,scaffold_4:1369828:A:G,0.00067,67
99635,scaffold_14:536804:G:A,0.00067,67
98128,scaffold_14:474466:T:G,0.00067,67
77583,scaffold_13:471267:G:A,0.00067,67
225945,scaffold_1:1957988:G:C,0.00067,67
66768,scaffold_13:61815:C:T,0.00067,67
26110,scaffold_11:98851:G:T,0.00067,67
119719,scaffold_15:587217:T:C,0.00067,67
377912,scaffold_5:1358495:A:G,0.00067,67
222996,scaffold_1:1851102:G:A,0.00067,67
332661,scaffold_4:967878:T:A,0.00067,67
105279,scaffold_14:756283:C:G,0.00067,67
57697,scaffold_12:498254:A:G,0.00067,67
336300,scaffold_4:1104386:A:T,0.00067,67
400212,scaffold_6:813300:G:A,0.00067,67
458454,scaffold_8:580869:T:C,0.00067,67
377904,scaffold_5:1358320:G:A,0.00067,67
133961,scaffold_16:506821:C:T,0.00067,67
319752,scaffold_4:462859:G:A,0.00067,67
389895,scaffold_6:412321:T:A,0.00067,67
149933,scaffold_17:515574:A:C,0.00067,67
364042,scaffold_5:807158:C:T,0.00067,67
351255,scaffold_5:271582:G:A,0.00067,67
457112,scaffold_8:526010:G:A,0.00067,67
344406,scaffold_4:1467938:C:A,0.00067,67
461482,scaffold_8:706081:G:C,0.00067,67
74592,scaffold_13:353935:G:A,0.00066,66
118579,scaffold_15:543855:G:A,0.00066,66
4887,scaffold_10:194072:T:G,0.00066,66
323694,scaffold_4:623220:C:T,0.00066,66
403589,scaffold_6:948927:A:G,0.00066,66
127163,scaffold_16:223306:G:C,0.00066,66
11637,scaffold_10:476046:C:T,0.00066,66
164824,scaffold_18:464002:C:T,0.00066,66
70758,scaffold_13:218799:G:A,0.00066,66
100528,scaffold_14:573364:G:A,0.00066,66
327326,scaffold_4:768071:G:A,0.00066,66
127645,scaffold_16:254125:G:A,0.00066,66
243833,scaffold_2:518241:G:A,0.00066,66
194387,scaffold_1:761634:G:A,0.00066,66
414314,scaffold_7:135484:C:T,0.00066,66
348806,scaffold_5:173207:G:A,0.00066,66
341367,scaffold_4:1341671:C:G,0.00066,66
430903,scaffold_7:752091:C:T,0.00066,66
375763,scaffold_5:1269098:C:T,0.00066,66
282173,scaffold_3:462699:G:A,0.00066,66
353353,scaffold_5:353779:C:A,0.00066,66
275410,scaffold_3:211412:C:T,0.00066,66
104324,scaffold_14:719812:G:A,0.00066,66
402632,scaffold_6:908634:A:G,0.00066,66
222027,scaffold_1:1815160:C:T,0.00065,65
80556,scaffold_13:578788:G:A,0.00065,65
257922,scaffold_2:1102978:C:T,0.00065,65
128361,scaffold_16:283862:C:G,0.00065,65
154606,scaffold_18:53153:G:A,0.00065,65
336515,scaffold_4:1112232:T:G,0.00065,65
291037,scaffold_3:798053:G:A,0.00065,65
292375,scaffold_3:846266:T:C,0.00065,65
372742,scaffold_5:1142163:C:T,0.00065,65
414921,scaffold_7:158782:A:G,0.00065,65
265441,scaffold_2:1395450:C:T,0.00065,65
359936,scaffold_5:621591:G:A,0.00065,65
323511,scaffold_4:616269:C:A,0.00065,65
93268,scaffold_14:278808:C:T,0.00065,65
125012,scaffold_16:129615:G:A,0.00065,65
394324,scaffold_6:587274:C:T,0.00065,65
70658,scaffold_13:214630:C:T,0.00065,65
61006,scaffold_12:639269:G:A,0.00065,65
113759,scaffold_15:359283:C:T,0.00065,65
202142,scaffold_1:1062941:A:C,0.00065,65
415003,scaffold_7:161296:G:A,0.00065,65
410637,scaffold_6:1272115:C:T,0.00065,65
399151,scaffold_6:772338:G:T,0.00065,65
294471,scaffold_3:927850:G:C,0.00065,65
451150,scaffold_8:273228:C:A,0.00065,65
472906,scaffold_8:1204113:G:A,0.00065,65
249223,scaffold_2:754246:G:C,0.00065,65
342409,scaffold_4:1382538:G:A,0.00065,65
257837,scaffold_2:1099124:T:C,0.00065,65
320256,scaffold_4:482618:C:A,0.00065,65
185074,scaffold_1:392272:G:C,0.00065,65
181474,scaffold_1:241626:C:G,0.00065,65
369173,scaffold_5:994007:T:C,0.00065,65
19845,scaffold_10:822923:G:A,0.00065,65
389939,scaffold_6:413779:C:T,0.00065,65
146914,scaffold_17:372409:G:C,0.00065,65
277366,scaffold_3:280692:G:A,0.00065,65
276205,scaffold_3:237546:A:G,0.00065,65
366216,scaffold_5:885731:G:C,0.00064,64
75295,scaffold_13:380361:C:T,0.00064,64
411025,scaffold_7:2602:G:C,0.00064,64
351762,scaffold_5:290610:T:C,0.00064,64
307349,scaffold_3:1445707:A:G,0.00064,64
197382,scaffold_1:878572:G:A,0.00064,64
350591,scaffold_5:242961:T:A,0.00064,64
408376,scaffold_6:1180648:G:A,0.00064,64
357702,scaffold_5:529227:T:C,0.00064,64
424988,scaffold_7:522881:C:T,0.00064,64
320367,scaffold_4:487629:T:C,0.00064,64
20474,scaffold_10:850133:T:C,0.00064,64
117485,scaffold_15:502540:C:G,0.00064,64
389479,scaffold_6:397080:C:T,0.00064,64
188085,scaffold_1:513427:G:A,0.00064,64
93926,scaffold_14:304225:T:C,0.00064,64
208408,scaffold_1:1296666:G:A,0.00064,64
155365,scaffold_18:80003:G:C,0.00064,64
116780,scaffold_15:477401:C:G,0.00064,64
428899,scaffold_7:670803:G:A,0.00064,64
216958,scaffold_1:1619521:T:G,0.00064,64
401684,scaffold_6:871359:G:A,0.00064,64
76653,scaffold_13:435590:G:A,0.00064,64
380625,scaffold_6:76021:C:T,0.00064,64
171942,scaffold_19:115317:G:A,0.00064,64
35433,scaffold_11:521971:T:C,0.00064,64
408809,scaffold_6:1198307:C:T,0.00064,64
33579,scaffold_11:452791:T:C,0.00064,64
482581,scaffold_9:360721:C:G,0.00064,64
188063,scaffold_1:512441:G:A,0.00064,64
92512,scaffold_14:248245:C:G,0.00064,64
409577,scaffold_6:1231702:A:G,0.00064,64
98366,scaffold_14:483436:C:G,0.00064,64
133066,scaffold_16:468032:G:T,0.00064,64
213534,scaffold_1:1488595:C:G,0.00064,64
475486,scaffold_9:68671:T:C,0.00064,64
93611,scaffold_14:291036:C:T,0.00064,64
184174,scaffold_1:355291:T:C,0.00064,64
233417,scaffold_2:70715:G:A,0.00064,64
87747,scaffold_14:56969:C:G,0.00064,64
439661,scaffold_7:1084944:T:G,0.00064,64
118627,scaffold_15:546092:A:C,0.00064,64
115114,scaffold_15:417113:C:T,0.00064,64
72256,scaffold_13:270430:C:T,0.00063,63
472998,scaffold_8:1208549:G:T,0.00063,63
384690,scaffold_6:222912:A:C,0.00063,63
8653,scaffold_10:353512:T:A,0.00063,63
84635,scaffold_13:735419:T:C,0.00063,63
213082,scaffold_1:1471724:C:T,0.00063,63
51855,scaffold_12:265931:C:G,0.00063,63
412474,scaffold_7:69202:G:T,0.00063,63
55917,scaffold_12:432013:T:C,0.00063,63
271768,scaffold_3:61287:C:T,0.00063,63
183959,scaffold_1:347891:C:T,0.00063,63
101350,scaffold_14:603193:C:T,0.00063,63
426292,scaffold_7:568165:A:G,0.00063,63
138646,scaffold_17:43486:T:C,0.00063,63
482718,scaffold_9:366611:T:G,0.00063,63
487122,scaffold_9:532019:G:C,0.00063,63
154472,scaffold_18:47109:G:C,0.00063,63
281398,scaffold_3:436196:G:A,0.00063,63
377144,scaffold_5:1327356:T:C,0.00063,63
175328,scaffold_19:258773:A:C,0.00063,63
76001,scaffold_13:409093:T:C,0.00063,63
367197,scaffold_5:921246:T:C,0.00063,63
38902,scaffold_11:667776:T:C,0.00063,63
282368,scaffold_3:470661:T:C,0.00063,63
339297,scaffold_4:1243086:T:C,0.00062,62
261568,scaffold_2:1242662:A:G,0.00062,62
205649,scaffold_1:1186911:T:A,0.00062,62
59839,scaffold_12:592644:C:T,0.00062,62
120478,scaffold_15:622924:T:A,0.00062,62
139196,scaffold_17:65088:G:A,0.00062,62
394408,scaffold_6:590654:G:A,0.00062,62
153785,scaffold_18:21412:A:G,0.00062,62
161556,scaffold_18:336064:C:A,0.00062,62
307950,scaffold_3:1469376:A:G,0.00062,62
69246,scaffold_13:158234:C:T,0.00062,62
361084,scaffold_5:666825:A:T,0.00062,62
180492,scaffold_1:204955:T:C,0.00062,62
397179,scaffold_6:695625:G:A,0.00062,62
273938,scaffold_3:146387:A:G,0.00062,62
22406,scaffold_10:935032:G:A,0.00062,62
263529,scaffold_2:1313492:G:A,0.00062,62
420762,scaffold_7:370820:A:G,0.00062,62
130992,scaffold_16:380875:T:C,0.00062,62
102878,scaffold_14:663548:A:G,0.00062,62
143856,scaffold_17:252624:G:A,0.00062,62
240491,scaffold_2:386556:G:T,0.00062,62
287468,scaffold_3:657358:G:A,0.00062,62
15201,scaffold_10:620546:G:A,0.00062,62
124247,scaffold_16:89461:G:A,0.00062,62
2694,scaffold_10:106042:T:C,0.00062,62
412475,scaffold_7:69227:T:C,0.00062,62
381871,scaffold_6:119727:C:G,0.00062,62
40215,scaffold_11:721538:G:A,0.00062,62
397877,scaffold_6:721672:T:C,0.00062,62
38172,scaffold_11:640967:C:T,0.00062,62
387060,scaffold_6:314328:C:T,0.00062,62
6282,scaffold_10:257317:C:T,0.00062,62
57777,scaffold_12:501717:T:A,0.00062,62
168753,scaffold_18:618981:C:T,0.00062,62
482844,scaffold_9:370929:C:T,0.00062,62
102785,scaffold_14:660758:G:A,0.00062,62
107181,scaffold_15:91880:C:T,0.00062,62
253856,scaffold_2:944241:G:A,0.00062,62
211425,scaffold_1:1404449:C:T,0.00062,62
236838,scaffold_2:217642:A:G,0.00062,62
47917,scaffold_12:106011:T:G,0.00061,61
302387,scaffold_3:1240779:C:T,0.00061,61
485431,scaffold_9:466024:C:T,0.00061,61
479132,scaffold_9:232819:A:C,0.00061,61
346378,scaffold_5:80436:G:T,0.00061,61
2604,scaffold_10:102237:A:G,0.00061,61
439243,scaffold_7:1070404:C:G,0.00061,61
471158,scaffold_8:1137969:G:A,0.00061,61
172263,scaffold_19:128458:C:A,0.00061,61
75249,scaffold_13:377971:A:G,0.00061,61
190497,scaffold_1:613679:G:A,0.00061,61
430212,scaffold_7:724870:G:C,0.00061,61
288451,scaffold_3:695736:A:T,0.00061,61
456539,scaffold_8:501109:A:G,0.00061,61
138075,scaffold_17:21545:C:T,0.00061,61
277312,scaffold_3:278044:G:A,0.00061,61
54760,scaffold_12:387352:G:C,0.00061,61
428612,scaffold_7:660084:A:G,0.00061,61
16367,scaffold_10:663789:T:C,0.00061,61
450312,scaffold_8:238859:G:A,0.00061,61
243727,scaffold_2:513079:G:T,0.00061,61
482716,scaffold_9:366509:T:C,0.00061,61
282517,scaffold_3:476383:T:C,0.00061,61
386870,scaffold_6:307877:C:T,0.00061,61
112856,scaffold_15:324494:T:C,0.00061,61
408987,scaffold_6:1204319:G:A,0.00061,61
473479,scaffold_8:1236441:G:T,0.00061,61
407696,scaffold_6:1156848:C:T,0.00061,61
175997,scaffold_1:7722:G:A,0.00061,61
396270,scaffold_6:662362:G:A,0.00061,61
157039,scaffold_18:143002:A:G,0.00061,61
282568,scaffold_3:479476:T:C,0.00061,61
307278,scaffold_3:1442928:G:A,0.00061,61
365424,scaffold_5:853923:C:T,0.0006,60
416881,scaffold_7:227913:A:G,0.0006,60
96496,scaffold_14:401113:T:A,0.0006,60
46400,scaffold_12:44347:C:G,0.0006,60
56010,scaffold_12:435837:C:G,0.0006,60
297666,scaffold_3:1060325:G:A,0.0006,60
244990,scaffold_2:567454:A:G,0.0006,60
316490,scaffold_4:342029:G:A,0.0006,60
80726,scaffold_13:585402:C:A,0.0006,60
19470,scaffold_10:806142:A:G,0.0006,60
35507,scaffold_11:524231:G:A,0.0006,60
12600,scaffold_10:520644:T:C,0.0006,60
418116,scaffold_7:268687:G:T,0.0006,60
289356,scaffold_3:731578:G:A,0.0006,60
394112,scaffold_6:579791:A:G,0.0006,60
3776,scaffold_10:148537:T:C,0.0006,60
253961,scaffold_2:948271:A:C,0.0006,60
112648,scaffold_15:317532:T:C,0.0006,60
321435,scaffold_4:531901:T:A,0.0006,60
123694,scaffold_16:63323:G:A,0.0006,60
347706,scaffold_5:135480:G:A,0.0006,60
25222,scaffold_11:65259:C:T,0.0006,60
202442,scaffold_1:1073343:G:A,0.0006,60
47307,scaffold_12:78177:T:C,0.0006,60
399900,scaffold_6:801537:A:T,0.0006,60
114046,scaffold_15:377068:C:T,0.0006,60
93839,scaffold_14:300514:C:T,0.0006,60
110456,scaffold_15:220108:C:G,0.0006,60
56770,scaffold_12:466615:A:G,0.0006,60
104513,scaffold_14:725889:C:A,0.0006,60
214146,scaffold_1:1509674:A:G,0.0006,60
181652,scaffold_1:248945:G:T,0.0006,60
83025,scaffold_13:673042:C:G,0.0006,60
183685,scaffold_1:336184:T:C,0.0006,60
441069,scaffold_7:1140860:T:C,0.0006,60
418466,scaffold_7:282848:T:C,0.0006,60
174815,scaffold_19:237679:G:A,0.0006,60
458837,scaffold_8:595766:A:G,0.0006,60
404821,scaffold_6:1000600:G:A,0.0006,60
401840,scaffold_6:877795:C:A,0.00059,59
309560,scaffold_4:61045:G:A,0.00059,59
286939,scaffold_3:638158:G:T,0.00059,59
442898,scaffold_7:1217648:A:G,0.00059,59
360729,scaffold_5:651358:C:T,0.00059,59
358882,scaffold_5:574368:T:A,0.00059,59
61234,scaffold_12:646469:G:A,0.00059,59
104564,scaffold_14:727910:A:G,0.00059,59
189738,scaffold_1:585368:A:G,0.00059,59
113302,scaffold_15:340056:C:A,0.00059,59
364493,scaffold_5:823699:A:C,0.00059,59
104207,scaffold_14:714752:G:A,0.00059,59
446170,scaffold_8:77668:G:A,0.00059,59
218659,scaffold_1:1681876:G:C,0.00059,59
282443,scaffold_3:472931:G:A,0.00059,59
209832,scaffold_1:1348359:G:C,0.00059,59
433708,scaffold_7:865645:G:A,0.00059,59
386597,scaffold_6:295006:A:G,0.00059,59
374203,scaffold_5:1203317:T:C,0.00059,59
466145,scaffold_8:898276:C:G,0.00059,59
337320,scaffold_4:1140605:T:C,0.00059,59
207307,scaffold_1:1256788:T:C,0.00059,59
336847,scaffold_4:1126082:C:T,0.00059,59
391087,scaffold_6:456729:G:A,0.00059,59
493385,scaffold_9:787692:G:A,0.00059,59
284337,scaffold_3:544760:G:A,0.00059,59
256969,scaffold_2:1064589:G:C,0.00059,59
270439,scaffold_3:2526:C:T,0.00059,59
416050,scaffold_7:199741:C:T,0.00059,59
177561,scaffold_1:73817:A:C,0.00059,59
199795,scaffold_1:980251:T:C,0.00059,59
329478,scaffold_4:851636:T:C,0.00059,59
37217,scaffold_11:593564:C:T,0.00059,59
281370,scaffold_3:435282:G:A,0.00059,59
348594,scaffold_5:166111:A:C,0.00059,59
409453,scaffold_6:1225449:A:G,0.00059,59
98925,scaffold_14:505609:A:C,0.00059,59
440870,scaffold_7:1132896:C:T,0.00059,59
88589,scaffold_14:87557:T:C,0.00059,59
316811,scaffold_4:353447:C:A,0.00059,59
143512,scaffold_17:237707:A:G,0.00059,59
84492,scaffold_13:729192:C:T,0.00059,59
489684,scaffold_9:629155:G:C,0.00059,59
492282,scaffold_9:746351:T:C,0.00059,59
434723,scaffold_7:906236:G:A,0.00058,58
426028,scaffold_7:559799:A:C,0.00058,58
414775,scaffold_7:152473:G:A,0.00058,58
14552,scaffold_10:598177:A:G,0.00058,58
447523,scaffold_8:129434:T:C,0.00058,58
171190,scaffold_19:77295:C:G,0.00058,58
25001,scaffold_11:53969:A:G,0.00058,58
430924,scaffold_7:752845:T:G,0.00058,58
251455,scaffold_2:844980:G:C,0.00058,58
436548,scaffold_7:974356:G:T,0.00058,58
231991,scaffold_2:13510:G:C,0.00058,58
93803,scaffold_14:299078:C:G,0.00058,58
157579,scaffold_18:172489:C:T,0.00058,58
370113,scaffold_5:1029197:T:C,0.00058,58
216818,scaffold_1:1613552:C:T,0.00058,58
214361,scaffold_1:1517267:G:A,0.00058,58
304066,scaffold_3:1312237:G:A,0.00058,58
154412,scaffold_18:44747:A:G,0.00058,58
177126,scaffold_1:56975:T:C,0.00058,58
243695,scaffold_2:512065:C:T,0.00058,58
198404,scaffold_1:917120:T:C,0.00058,58
139556,scaffold_17:79727:C:T,0.00058,58
414082,scaffold_7:126626:C:T,0.00058,58
164014,scaffold_18:432092:A:T,0.00058,58
85479,scaffold_13:772236:C:A,0.00058,58
267547,scaffold_2:1482116:T:A,0.00058,58
111793,scaffold_15:286040:C:T,0.00058,58
448469,scaffold_8:168769:G:T,0.00058,58
124482,scaffold_16:100169:A:C,0.00058,58
296897,scaffold_3:1033521:C:A,0.00058,58
199370,scaffold_1:956229:G:A,0.00058,58
401132,scaffold_6:848533:T:C,0.00058,58
14054,scaffold_10:578265:C:T,0.00058,58
434807,scaffold_7:910694:G:A,0.00058,58
93606,scaffold_14:290799:C:G,0.00058,58
363859,scaffold_5:801236:C:G,0.00058,58
183224,scaffold_1:319360:T:C,0.00058,58
206810,scaffold_1:1230232:T:C,0.00058,58
12647,scaffold_10:522968:T:C,0.00058,58
490432,scaffold_9:657685:C:G,0.00058,58
312990,scaffold_4:193333:G:A,0.00057,57
313962,scaffold_4:245741:C:T,0.00057,57
358307,scaffold_5:555665:G:A,0.00057,57
307951,scaffold_3:1469486:T:C,0.00057,57
305588,scaffold_3:1364725:G:C,0.00057,57
52117,scaffold_12:276294:G:A,0.00057,57
294815,scaffold_3:939580:G:A,0.00057,57
74576,scaffold_13:353441:G:A,0.00057,57
4462,scaffold_10:176830:T:C,0.00057,57
393992,scaffold_6:574103:C:T,0.00057,57
242348,scaffold_2:456440:T:C,0.00057,57
168795,scaffold_18:620381:G:A,0.00057,57
218120,scaffold_1:1657747:A:G,0.00057,57
37638,scaffold_11:615836:T:C,0.00057,57
172017,scaffold_19:118326:A:G,0.00057,57
436360,scaffold_7:969512:T:G,0.00057,57
470858,scaffold_8:1125012:T:G,0.00057,57
181838,scaffold_1:259073:C:T,0.00057,57
173987,scaffold_19:204169:T:C,0.00057,57
114648,scaffold_15:399632:C:G,0.00057,57
261746,scaffold_2:1248708:A:C,0.00057,57
440946,scaffold_7:1136072:G:C,0.00057,57
208250,scaffold_1:1291060:T:C,0.00057,57
188057,scaffold_1:512029:G:C,0.00057,57
227546,scaffold_1:2016910:C:G,0.00057,57
379780,scaffold_6:46275:G:T,0.00057,57
238830,scaffold_2:315105:T:C,0.00057,57
365159,scaffold_5:846165:A:G,0.00057,57
383220,scaffold_6:170923:T:A,0.00057,57
349564,scaffold_5:205156:G:A,0.00057,57
274260,scaffold_3:159708:A:G,0.00057,57
24758,scaffold_11:45032:T:G,0.00057,57
338567,scaffold_4:1216309:C:T,0.00057,57
108345,scaffold_15:145987:C:T,0.00057,57
177956,scaffold_1:88059:C:A,0.00057,57
141488,scaffold_17:156114:G:A,0.00057,57
303778,scaffold_3:1293497:C:A,0.00057,57
105970,scaffold_15:23248:G:C,0.00057,57
445968,scaffold_8:69118:G:A,0.00057,57
88413,scaffold_14:80374:T:C,0.00057,57
309068,scaffold_4:43408:T:A,0.00057,57
245348,scaffold_2:582398:A:G,0.00057,57
245245,scaffold_2:578346:T:C,0.00057,57
383903,scaffold_6:196677:A:G,0.00057,57
131121,scaffold_16:385624:G:C,0.00056,56
87869,scaffold_14:61559:C:A,0.00056,56
10880,scaffold_10:442415:A:G,0.00056,56
358098,scaffold_5:546700:A:G,0.00056,56
128268,scaffold_16:281256:A:G,0.00056,56
331388,scaffold_4:918490:C:G,0.00056,56
187521,scaffold_1:486261:C:T,0.00056,56
438138,scaffold_7:1030307:G:A,0.00056,56
128683,scaffold_16:296825:A:G,0.00056,56
79401,scaffold_13:533209:C:T,0.00056,56
436818,scaffold_7:985163:G:A,0.00056,56
440557,scaffold_7:1119563:G:A,0.00056,56
18728,scaffold_10:758874:A:G,0.00056,56
85171,scaffold_13:756859:T:C,0.00056,56
97029,scaffold_14:424519:A:C,0.00056,56
67436,scaffold_13:90523:C:T,0.00056,56
255027,scaffold_2:989210:C:G,0.00056,56
328566,scaffold_4:819545:C:T,0.00056,56
248039,scaffold_2:694949:G:C,0.00056,56
288369,scaffold_3:692442:G:A,0.00056,56
321318,scaffold_4:527558:C:T,0.00056,56
243859,scaffold_2:519302:G:T,0.00056,56
422100,scaffold_7:419326:G:A,0.00056,56
452570,scaffold_8:338611:G:A,0.00056,56
101495,scaffold_14:608328:G:A,0.00056,56
118570,scaffold_15:543753:T:C,0.00056,56
320984,scaffold_4:512454:C:G,0.00056,56
420046,scaffold_7:341499:A:G,0.00056,56
272768,scaffold_3:98705:T:G,0.00056,56
117757,scaffold_15:513233:A:T,0.00056,56
407199,scaffold_6:1119271:C:T,0.00056,56
483624,scaffold_9:400362:C:A,0.00056,56
128956,scaffold_16:307412:T:A,0.00056,56
454689,scaffold_8:423852:A:G,0.00056,56
367117,scaffold_5:918069:C:T,0.00056,56
107308,scaffold_15:98125:C:T,0.00056,56
407121,scaffold_6:1116416:A:C,0.00056,56
136942,scaffold_16:633796:A:C,0.00056,56
284689,scaffold_3:557507:T:C,0.00056,56
50014,scaffold_12:191462:G:T,0.00056,56
446220,scaffold_8:79322:T:C,0.00056,56
373083,scaffold_5:1152643:T:C,0.00056,56
15723,scaffold_10:640716:T:C,0.00056,56
376996,scaffold_5:1321857:C:T,0.00056,56
106198,scaffold_15:32548:T:C,0.00056,56
56593,scaffold_12:459691:T:C,0.00056,56
210743,scaffold_1:1381601:A:G,0.00056,56
257701,scaffold_2:1094132:C:T,0.00056,56
290591,scaffold_3:780670:C:T,0.00056,56
185365,scaffold_1:404989:C:T,0.00056,56
6548,scaffold_10:267362:C:T,0.00056,56
183761,scaffold_1:338712:T:G,0.00056,56
348138,scaffold_5:150404:A:G,0.00056,56
469027,scaffold_8:1028318:G:T,0.00055,55
396045,scaffold_6:651529:G:C,0.00055,55
379507,scaffold_6:33165:G:A,0.00055,55
421973,scaffold_7:414558:C:G,0.00055,55
446253,scaffold_8:80546:C:T,0.00055,55
293662,scaffold_3:897766:C:T,0.00055,55
185556,scaffold_1:411996:A:G,0.00055,55
243049,scaffold_2:484137:C:G,0.00055,55
421070,scaffold_7:381043:C:T,0.00055,55
220409,scaffold_1:1748863:G:A,0.00055,55
382198,scaffold_6:132555:T:A,0.00055,55
60458,scaffold_12:617727:A:C,0.00055,55
454536,scaffold_8:417887:A:G,0.00055,55
405725,scaffold_6:1054703:G:C,0.00055,55
455471,scaffold_8:458238:G:C,0.00055,55
303324,scaffold_3:1277557:C:T,0.00055,55
459224,scaffold_8:612875:T:A,0.00055,55
464529,scaffold_8:826119:A:G,0.00055,55
158528,scaffold_18:215249:C:G,0.00055,55
410018,scaffold_6:1250028:A:G,0.00055,55
12982,scaffold_10:534538:C:G,0.00055,55
413550,scaffold_7:106963:T:G,0.00055,55
222808,scaffold_1:1843950:C:T,0.00055,55
229408,scaffold_1:2086157:C:T,0.00055,55
198792,scaffold_1:934914:C:A,0.00055,55
299583,scaffold_3:1129718:A:C,0.00055,55
490706,scaffold_9:668656:A:C,0.00055,55
186188,scaffold_1:436878:C:A,0.00055,55
487954,scaffold_9:562193:T:C,0.00055,55
137238,scaffold_16:652014:T:C,0.00055,55
300116,scaffold_3:1152591:T:A,0.00055,55
391018,scaffold_6:453948:A:G,0.00055,55
413745,scaffold_7:113918:G:A,0.00055,55
63323,scaffold_12:748638:C:T,0.00055,55
261762,scaffold_2:1249249:G:A,0.00055,55
361013,scaffold_5:663957:T:C,0.00055,55
452582,scaffold_8:338886:T:C,0.00055,55
119669,scaffold_15:585400:C:T,0.00055,55
62309,scaffold_12:698542:C:T,0.00055,55
266572,scaffold_2:1440117:C:T,0.00055,55
278982,scaffold_3:340227:G:A,0.00055,55
226291,scaffold_1:1971418:G:A,0.00055,55
309832,scaffold_4:73009:C:T,0.00055,55
341547,scaffold_4:1347702:C:G,0.00054,54
246613,scaffold_2:634982:T:C,0.00054,54
92830,scaffold_14:259148:T:C,0.00054,54
251097,scaffold_2:828907:A:G,0.00054,54
55104,scaffold_12:399540:T:C,0.00054,54
196137,scaffold_1:834874:C:T,0.00054,54
393309,scaffold_6:541389:A:C,0.00054,54
477767,scaffold_9:155922:T:C,0.00054,54
194830,scaffold_1:785263:C:T,0.00054,54
129832,scaffold_16:339934:T:C,0.00054,54
196260,scaffold_1:839153:C:G,0.00054,54
451013,scaffold_8:267620:C:G,0.00054,54
285224,scaffold_3:575934:C:T,0.00054,54
29220,scaffold_11:239961:G:C,0.00054,54
131541,scaffold_16:404119:C:T,0.00054,54
433095,scaffold_7:835143:C:G,0.00054,54
264112,scaffold_2:1342385:C:G,0.00054,54
320541,scaffold_4:494784:C:T,0.00054,54
304203,scaffold_3:1316069:G:C,0.00054,54
446132,scaffold_8:76576:A:G,0.00054,54
181401,scaffold_1:238597:G:A,0.00054,54
40910,scaffold_11:746407:C:T,0.00054,54
177971,scaffold_1:88484:G:A,0.00054,54
145526,scaffold_17:314837:C:T,0.00054,54
129794,scaffold_16:338723:G:A,0.00054,54
23120,scaffold_10:967857:C:G,0.00054,54
210065,scaffold_1:1356379:T:G,0.00054,54
238192,scaffold_2:275899:C:T,0.00054,54
417788,scaffold_7:258942:A:G,0.00054,54
193819,scaffold_1:741244:C:T,0.00054,54
392927,scaffold_6:526893:T:C,0.00054,54
37240,scaffold_11:600049:T:C,0.00054,54
68249,scaffold_13:119973:A:T,0.00054,54
471891,scaffold_8:1162903:T:A,0.00054,54
307765,scaffold_3:1461883:G:A,0.00054,54
302453,scaffold_3:1243605:G:T,0.00054,54
359773,scaffold_5:614958:G:A,0.00054,54
373885,scaffold_5:1192042:A:G,0.00054,54
44260,scaffold_11:890230:G:A,0.00054,54
175006,scaffold_19:245658:C:T,0.00054,54
66984,scaffold_13:71088:G:C,0.00054,54
369638,scaffold_5:1012618:G:A,0.00054,54
364913,scaffold_5:836875:T:G,0.00053,53
66036,scaffold_13:30508:C:T,0.00053,53
485530,scaffold_9:469384:C:T,0.00053,53
199836,scaffold_1:981393:T:C,0.00053,53
489383,scaffold_9:616078:A:C,0.00053,53
298922,scaffold_3:1105945:G:T,0.00053,53
289342,scaffold_3:731160:G:A,0.00053,53
240716,scaffold_2:395669:G:A,0.00053,53
389885,scaffold_6:411907:C:T,0.00053,53
236073,scaffold_2:184348:G:A,0.00053,53
366624,scaffold_5:900249:A:C,0.00053,53
378605,scaffold_5:1392223:G:T,0.00053,53
124196,scaffold_16:87008:G:A,0.00053,53
429635,scaffold_7:702342:T:C,0.00053,53
15426,scaffold_10:630250:T:C,0.00053,53
340484,scaffold_4:1301928:G:A,0.00053,53
441343,scaffold_7:1152846:G:A,0.00053,53
105683,scaffold_15:11579:C:T,0.00053,53
423055,scaffold_7:453665:C:A,0.00053,53
458143,scaffold_8:565984:G:A,0.00053,53
129614,scaffold_16:331620:T:C,0.00053,53
232602,scaffold_2:37723:C:T,0.00053,53
72199,scaffold_13:268784:T:C,0.00053,53
79538,scaffold_13:538359:G:A,0.00053,53
439184,scaffold_7:1067940:C:T,0.00053,53
336254,scaffold_4:1102851:A:G,0.00053,53
344719,scaffold_5:9960:T:C,0.00053,53
3073,scaffold_10:119743:G:A,0.00053,53
82221,scaffold_13:640407:A:G,0.00053,53
182475,scaffold_1:284208:C:T,0.00053,53
160359,scaffold_18:288685:T:C,0.00053,53
242419,scaffold_2:458818:G:C,0.00053,53
14360,scaffold_10:590575:A:G,0.00053,53
235341,scaffold_2:156217:T:G,0.00053,53
223606,scaffold_1:1873333:G:A,0.00053,53
75507,scaffold_13:388110:C:T,0.00053,53
375546,scaffold_5:1260996:A:G,0.00053,53
419475,scaffold_7:321215:T:A,0.00053,53
34740,scaffold_11:496806:C:T,0.00053,53
109136,scaffold_15:175890:T:C,0.00053,53
185060,scaffold_1:391532:T:C,0.00053,53
20267,scaffold_10:841334:C:T,0.00053,53
468306,scaffold_8:993613:C:T,0.00053,53
71172,scaffold_13:233084:G:A,0.00053,53
120558,scaffold_15:625346:T:G,0.00053,53
347814,scaffold_5:139517:G:A,0.00053,53
156684,scaffold_18:130394:T:C,0.00053,53
82727,scaffold_13:661393:C:A,0.00053,53
358694,scaffold_5:568681:C:T,0.00053,53
40266,scaffold_11:723129:T:C,0.00053,53
274965,scaffold_3:193468:G:T,0.00053,53
112345,scaffold_15:307365:A:T,0.00053,53
169421,scaffold_19:1814:G:A,0.00053,53
348707,scaffold_5:169671:G:A,0.00053,53
232496,scaffold_2:33406:T:C,0.00053,53
444519,scaffold_8:15961:G:A,0.00052,52
369831,scaffold_5:1019127:A:G,0.00052,52
182106,scaffold_1:270152:G:A,0.00052,52
352525,scaffold_5:320887:G:A,0.00052,52
132742,scaffold_16:455258:G:C,0.00052,52
108818,scaffold_15:165261:G:A,0.00052,52
92882,scaffold_14:260806:C:A,0.00052,52
287846,scaffold_3:670665:C:G,0.00052,52
163488,scaffold_18:410494:A:C,0.00052,52
436611,scaffold_7:975971:T:C,0.00052,52
181324,scaffold_1:236070:G:A,0.00052,52
385210,scaffold_6:243451:T:C,0.00052,52
354097,scaffold_5:381107:G:T,0.00052,52
395154,scaffold_6:615846:G:A,0.00052,52
200613,scaffold_1:1008441:C:T,0.00052,52
483289,scaffold_9:387647:A:G,0.00052,52
58578,scaffold_12:535208:A:C,0.00052,52
255645,scaffold_2:1013341:A:G,0.00052,52
400514,scaffold_6:825823:G:A,0.00052,52
101282,scaffold_14:600899:C:T,0.00052,52
62102,scaffold_12:689782:A:G,0.00052,52
163851,scaffold_18:424406:T:C,0.00052,52
105183,scaffold_14:752823:G:A,0.00052,52
269878,scaffold_2:1592633:A:G,0.00052,52
24850,scaffold_11:48509:A:T,0.00052,52
360723,scaffold_5:650989:G:C,0.00052,52
458513,scaffold_8:582682:C:T,0.00052,52
63966,scaffold_12:776480:C:T,0.00052,52
303194,scaffold_3:1272274:C:G,0.00052,52
272173,scaffold_3:75750:C:T,0.00052,52
18391,scaffold_10:745294:C:G,0.00052,52
1692,scaffold_10:64489:A:G,0.00052,52
75091,scaffold_13:372323:G:A,0.00051,51
210843,scaffold_1:1384993:C:T,0.00051,51
457719,scaffold_8:548562:C:G,0.00051,51
88943,scaffold_14:100185:G:A,0.00051,51
487132,scaffold_9:532405:G:C,0.00051,51
123406,scaffold_16:49872:C:T,0.00051,51
108919,scaffold_15:168645:T:C,0.00051,51
421191,scaffold_7:385116:C:G,0.00051,51
228481,scaffold_1:2051360:G:A,0.00051,51
226485,scaffold_1:1980705:C:T,0.00051,51
46687,scaffold_12:57191:A:C,0.00051,51
453791,scaffold_8:388105:G:C,0.00051,51
350067,scaffold_5:225104:T:C,0.00051,51
328754,scaffold_4:826805:C:T,0.00051,51
462822,scaffold_8:758718:C:T,0.00051,51
490394,scaffold_9:656020:C:A,0.00051,51
464081,scaffold_8:808794:C:T,0.00051,51
472474,scaffold_8:1184984:A:C,0.00051,51
294600,scaffold_3:932309:G:A,0.00051,51
406083,scaffold_6:1068313:G:A,0.00051,51
440032,scaffold_7:1100087:G:C,0.00051,51
129883,scaffold_16:341843:T:C,0.00051,51
81512,scaffold_13:617046:A:C,0.00051,51
213011,scaffold_1:1468893:T:C,0.00051,51
454997,scaffold_8:434150:T:C,0.00051,51
52495,scaffold_12:289027:A:G,0.00051,51
494357,scaffold_9:836238:A:T,0.00051,51
351045,scaffold_5:263230:G:C,0.00051,51
302902,scaffold_3:1262097:A:G,0.00051,51
20589,scaffold_10:855132:C:T,0.00051,51
129843,scaffold_16:340472:T:C,0.00051,51
244926,scaffold_2:564970:G:C,0.00051,51
296134,scaffold_3:1006458:G:A,0.00051,51
222827,scaffold_1:1845085:A:G,0.00051,51
306320,scaffold_3:1401563:T:C,0.00051,51
196815,scaffold_1:857999:G:C,0.00051,51
116661,scaffold_15:472181:C:G,0.00051,51
122515,scaffold_16:9943:C:T,0.00051,51
231509,scaffold_1:2168950:C:T,0.00051,51
472586,scaffold_8:1189830:G:C,0.00051,51
209154,scaffold_1:1323693:T:C,0.00051,51
163360,scaffold_18:406392:G:C,0.00051,51
102908,scaffold_14:664270:G:A,0.00051,51
194984,scaffold_1:791483:C:T,0.00051,51
39626,scaffold_11:700162:G:C,0.00051,51
409269,scaffold_6:1217997:C:G,0.00051,51
189401,scaffold_1:572059:G:C,0.00051,51
486409,scaffold_9:501752:C:T,0.00051,51
62506,scaffold_12:707362:A:C,0.0005,50
399845,scaffold_6:799295:A:G,0.0005,50
467091,scaffold_8:943264:G:A,0.0005,50
79429,scaffold_13:534292:C:T,0.0005,50
449410,scaffold_8:204816:T:C,0.0005,50
50139,scaffold_12:196101:C:A,0.0005,50
69046,scaffold_13:151828:A:G,0.0005,50
14458,scaffold_10:594188:T:G,0.0005,50
141016,scaffold_17:136888:A:G,0.0005,50
171843,scaffold_19:112494:G:A,0.0005,50
174239,scaffold_19:213385:C:T,0.0005,50
372495,scaffold_5:1133515:G:A,0.0005,50
85774,scaffold_13:783374:A:G,0.0005,50
345844,scaffold_5:60709:C:T,0.0005,50
365858,scaffold_5:871042:G:A,0.0005,50
131166,scaffold_16:387280:T:C,0.0005,50
54637,scaffold_12:383862:C:T,0.0005,50
373994,scaffold_5:1196338:A:G,0.0005,50
306658,scaffold_3:1419143:C:T,0.0005,50
290593,scaffold_3:780693:C:T,0.0005,50
489324,scaffold_9:614217:C:A,0.0005,50
17295,scaffold_10:699160:T:C,0.0005,50
258244,scaffold_2:1114444:T:A,0.0005,50
212794,scaffold_1:1456977:G:C,0.0005,50
19937,scaffold_10:827909:G:C,0.0005,50
1327,scaffold_10:52407:T:G,0.0005,50
348288,scaffold_5:155118:T:C,0.0005,50
139202,scaffold_17:65430:G:T,0.0005,50
491190,scaffold_9:691430:C:T,0.0005,50
410809,scaffold_6:1279705:C:T,0.0005,50
82917,scaffold_13:667887:T:C,0.0005,50
409234,scaffold_6:1216545:T:C,0.0005,50
187099,scaffold_1:471243:A:G,0.0005,50
59498,scaffold_12:580897:G:C,0.0005,50
23113,scaffold_10:967699:G:C,0.0005,50
258897,scaffold_2:1139977:G:T,0.0005,50
253668,scaffold_2:937239:G:A,0.0005,50
351735,scaffold_5:289776:A:G,0.0005,50
183250,scaffold_1:320426:C:G,0.0005,50
374947,scaffold_5:1235815:T:G,0.0005,50
49527,scaffold_12:172373:T:G,0.0005,50
409839,scaffold_6:1242186:C:T,0.0005,50
335423,scaffold_4:1071533:C:T,0.0005,50
80250,scaffold_13:565873:C:T,0.00049,49
302934,scaffold_3:1263101:G:T,0.00049,49
160790,scaffold_18:304221:T:C,0.00049,49
286662,scaffold_3:628421:C:T,0.00049,49
224440,scaffold_1:1903865:A:T,0.00049,49
337059,scaffold_4:1133109:G:A,0.00049,49
192856,scaffold_1:704912:G:C,0.00049,49
56785,scaffold_12:467110:T:A,0.00049,49
70689,scaffold_13:216828:G:A,0.00049,49
352261,scaffold_5:311330:C:T,0.00049,49
208133,scaffold_1:1286976:C:T,0.00049,49
140245,scaffold_17:105606:A:T,0.00049,49
125468,scaffold_16:148066:G:A,0.00049,49
480394,scaffold_9:280298:T:C,0.00049,49
212754,scaffold_1:1455256:A:G,0.00049,49
344780,scaffold_5:11927:C:T,0.00049,49
309897,scaffold_4:75976:G:A,0.00049,49
305665,scaffold_3:1367342:G:T,0.00049,49
171036,scaffold_19:70907:A:G,0.00049,49
152983,scaffold_17:639204:G:A,0.00049,49
253650,scaffold_2:936609:T:C,0.00049,49
46789,scaffold_12:60661:A:G,0.00049,49
369392,scaffold_5:1001998:A:G,0.00049,49
294546,scaffold_3:930340:C:T,0.00049,49
110596,scaffold_15:224686:G:A,0.00049,49
265634,scaffold_2:1404086:C:G,0.00049,49
484113,scaffold_9:416979:C:T,0.00049,49
235972,scaffold_2:179138:T:G,0.00049,49
335526,scaffold_4:1075506:C:T,0.00049,49
210982,scaffold_1:1389529:G:A,0.00049,49
8741,scaffold_10:356795:T:C,0.00049,49
46844,scaffold_12:62091:A:G,0.00049,49
112947,scaffold_15:327566:T:C,0.00049,49
146687,scaffold_17:361657:G:A,0.00049,49
15954,scaffold_10:649234:T:C,0.00049,49
180285,scaffold_1:196214:T:G,0.00049,49
446247,scaffold_8:80360:G:C,0.00049,49
66264,scaffold_13:40099:G:A,0.00049,49
29064,scaffold_11:231947:G:A,0.00049,49
40683,scaffold_11:736696:G:A,0.00049,49
471597,scaffold_8:1152764:A:C,0.00049,49
154735,scaffold_18:57818:T:A,0.00049,49
105347,scaffold_14:758526:T:A,0.00049,49
63875,scaffold_12:772175:A:G,0.00049,49
118718,scaffold_15:549737:C:T,0.00048,48
160479,scaffold_18:292910:G:C,0.00048,48
64481,scaffold_12:798929:G:A,0.00048,48
82700,scaffold_13:660627:C:G,0.00048,48
395657,scaffold_6:636582:G:A,0.00048,48
207881,scaffold_1:1276328:G:A,0.00048,48
415834,scaffold_7:191607:G:T,0.00048,48
163134,scaffold_18:398876:G:A,0.00048,48
194388,scaffold_1:761642:A:G,0.00048,48
470844,scaffold_8:1124614:C:A,0.00048,48
28018,scaffold_11:180785:G:A,0.00048,48
87728,scaffold_14:56427:T:A,0.00048,48
404555,scaffold_6:989111:A:G,0.00048,48
304053,scaffold_3:1311127:C:T,0.00048,48
105521,scaffold_15:6273:T:C,0.00048,48
76007,scaffold_13:409189:C:T,0.00048,48
318645,scaffold_4:420322:A:G,0.00048,48
385587,scaffold_6:257353:T:G,0.00048,48
242353,scaffold_2:456654:G:T,0.00048,48
325908,scaffold_4:710308:G:T,0.00048,48
496138,scaffold_9:919937:A:G,0.00048,48
473492,scaffold_8:1236861:C:A,0.00048,48
315799,scaffold_4:317314:T:G,0.00048,48
409504,scaffold_6:1228346:T:C,0.00048,48
249002,scaffold_2:745760:C:G,0.00048,48
396046,scaffold_6:651563:T:A,0.00048,48
435668,scaffold_7:942874:T:C,0.00048,48
53299,scaffold_12:319426:T:C,0.00048,48
478337,scaffold_9:201807:G:A,0.00048,48
210139,scaffold_1:1358716:C:G,0.00048,48
158471,scaffold_18:213544:C:T,0.00048,48
236013,scaffold_2:181796:G:C,0.00048,48
209487,scaffold_1:1335343:G:A,0.00048,48
14630,scaffold_10:600267:G:C,0.00048,48
134438,scaffold_16:524310:G:C,0.00048,48
428374,scaffold_7:649066:A:G,0.00048,48
300022,scaffold_3:1149543:T:C,0.00048,48
305267,scaffold_3:1351983:C:T,0.00048,48
432229,scaffold_7:802834:C:T,0.00048,48
487233,scaffold_9:536030:C:T,0.00048,48
129892,scaffold_16:342092:C:T,0.00048,48
175348,scaffold_19:259325:G:A,0.00048,48
78819,scaffold_13:513799:A:G,0.00048,48
168193,scaffold_18:596822:G:T,0.00048,48
193264,scaffold_1:721998:C:T,0.00048,48
66020,scaffold_13:30034:T:C,0.00047,47
474479,scaffold_9:35259:A:C,0.00047,47
456375,scaffold_8:494406:C:T,0.00047,47
321930,scaffold_4:550387:T:C,0.00047,47
408312,scaffold_6:1178747:C:G,0.00047,47
317963,scaffold_4:394952:C:T,0.00047,47
144767,scaffold_17:282711:A:G,0.00047,47
288758,scaffold_3:706726:G:A,0.00047,47
410772,scaffold_6:1278503:C:G,0.00047,47
367275,scaffold_5:924543:G:C,0.00047,47
22806,scaffold_10:955976:C:G,0.00047,47
272683,scaffold_3:94918:G:C,0.00047,47
337696,scaffold_4:1186069:G:T,0.00047,47
55673,scaffold_12:422385:A:G,0.00047,47
2820,scaffold_10:110365:A:G,0.00047,47
201230,scaffold_1:1029358:C:T,0.00047,47
450059,scaffold_8:229749:G:A,0.00047,47
427834,scaffold_7:629821:G:A,0.00047,47
23954,scaffold_11:15013:G:A,0.00047,47
356118,scaffold_5:456389:C:T,0.00047,47
303724,scaffold_3:1291911:T:C,0.00047,47
333118,scaffold_4:983485:C:T,0.00047,47
312491,scaffold_4:175791:A:C,0.00047,47
402204,scaffold_6:891721:C:G,0.00047,47
129858,scaffold_16:341087:G:T,0.00047,47
455374,scaffold_8:452366:G:C,0.00047,47
131424,scaffold_16:398772:G:C,0.00047,47
60476,scaffold_12:618508:A:C,0.00047,47
271132,scaffold_3:28065:A:C,0.00047,47
108567,scaffold_15:155821:G:A,0.00047,47
430823,scaffold_7:748885:C:T,0.00047,47
87446,scaffold_14:46132:A:G,0.00047,47
477613,scaffold_9:146799:A:G,0.00047,47
134141,scaffold_16:514496:G:A,0.00047,47
193238,scaffold_1:721055:T:C,0.00047,47
126617,scaffold_16:197612:T:C,0.00047,47
484324,scaffold_9:426685:A:G,0.00047,47
366521,scaffold_5:896307:G:A,0.00047,47
28561,scaffold_11:209407:T:C,0.00046,46
385337,scaffold_6:248729:G:A,0.00046,46
190605,scaffold_1:618221:G:C,0.00046,46
340176,scaffold_4:1290134:T:C,0.00046,46
182144,scaffold_1:271246:T:G,0.00046,46
162466,scaffold_18:369625:C:G,0.00046,46
231643,scaffold_1:2172447:A:G,0.00046,46
236722,scaffold_2:214071:C:G,0.00046,46
289367,scaffold_3:732398:A:G,0.00046,46
136339,scaffold_16:608311:G:T,0.00046,46
181694,scaffold_1:251312:A:G,0.00046,46
487609,scaffold_9:550078:G:A,0.00046,46
350206,scaffold_5:230889:T:C,0.00046,46
115839,scaffold_15:442600:T:C,0.00046,46
192325,scaffold_1:686717:G:A,0.00046,46
218735,scaffold_1:1685831:A:G,0.00046,46
249678,scaffold_2:771775:C:A,0.00046,46
131201,scaffold_16:389360:T:A,0.00046,46
40668,scaffold_11:736067:C:T,0.00046,46
153643,scaffold_18:15638:A:T,0.00046,46
127179,scaffold_16:223978:G:C,0.00046,46
196473,scaffold_1:846921:C:T,0.00046,46
421188,scaffold_7:384996:G:C,0.00046,46
454052,scaffold_8:399322:C:T,0.00046,46
336497,scaffold_4:1111778:C:T,0.00046,46
370128,scaffold_5:1029883:G:T,0.00046,46
240432,scaffold_2:384149:G:C,0.00046,46
218435,scaffold_1:1672336:G:T,0.00046,46
462426,scaffold_8:741835:T:A,0.00046,46
401930,scaffold_6:880677:G:A,0.00046,46
327180,scaffold_4:758052:C:A,0.00046,46
307725,scaffold_3:1460261:G:C,0.00046,46
141687,scaffold_17:163838:A:G,0.00046,46
215305,scaffold_1:1555724:G:T,0.00046,46
308706,scaffold_4:30568:C:G,0.00046,46
362792,scaffold_5:757854:T:C,0.00046,46
115193,scaffold_15:419895:G:T,0.00046,46
238292,scaffold_2:291933:T:A,0.00046,46
162233,scaffold_18:361471:C:T,0.00046,46
458545,scaffold_8:584325:C:T,0.00046,46
488667,scaffold_9:590730:C:A,0.00046,46
190166,scaffold_1:602056:C:T,0.00046,46
443435,scaffold_7:1238064:C:G,0.00046,46
464368,scaffold_8:820078:A:T,0.00046,46
155769,scaffold_18:95972:A:G,0.00046,46
333501,scaffold_4:996276:G:A,0.00046,46
282038,scaffold_3:458798:G:C,0.00046,46
463466,scaffold_8:784444:A:G,0.00046,46
227974,scaffold_1:2030339:C:A,0.00046,46
80932,scaffold_13:594225:G:A,0.00046,46
34343,scaffold_11:480329:A:G,0.00046,46
305695,scaffold_3:1369014:A:G,0.00046,46
284373,scaffold_3:545786:G:T,0.00045,45
251204,scaffold_2:833269:C:T,0.00045,45
185613,scaffold_1:414198:T:C,0.00045,45
78991,scaffold_13:519461:A:C,0.00045,45
346124,scaffold_5:71379:G:T,0.00045,45
312241,scaffold_4:164274:T:C,0.00045,45
108040,scaffold_15:132179:A:G,0.00045,45
425587,scaffold_7:542945:A:G,0.00045,45
39889,scaffold_11:710039:G:A,0.00045,45
183947,scaffold_1:347322:C:T,0.00045,45
49011,scaffold_12:149574:T:C,0.00045,45
460118,scaffold_8:648713:G:A,0.00045,45
231518,scaffold_1:2169114:G:C,0.00045,45
330464,scaffold_4:886094:G:A,0.00045,45
475132,scaffold_9:56675:C:T,0.00045,45
284333,scaffold_3:544691:A:G,0.00045,45
183603,scaffold_1:333195:A:G,0.00045,45
242947,scaffold_2:479747:G:T,0.00045,45
294910,scaffold_3:943476:T:G,0.00045,45
290350,scaffold_3:772767:G:C,0.00045,45
256910,scaffold_2:1062474:T:C,0.00045,45
490285,scaffold_9:652480:A:G,0.00045,45
165512,scaffold_18:492768:A:G,0.00045,45
314903,scaffold_4:284630:T:G,0.00045,45
11285,scaffold_10:464062:T:C,0.00045,45
443558,scaffold_7:1243326:T:C,0.00045,45
163131,scaffold_18:398714:C:G,0.00045,45
264236,scaffold_2:1347090:C:T,0.00045,45
49513,scaffold_12:172080:G:C,0.00045,45
132525,scaffold_16:446052:C:G,0.00045,45
142714,scaffold_17:206022:G:A,0.00045,45
491324,scaffold_9:697240:C:G,0.00045,45
276153,scaffold_3:235747:G:C,0.00045,45
215252,scaffold_1:1553350:A:G,0.00045,45
235657,scaffold_2:166666:A:G,0.00045,45
156596,scaffold_18:126994:G:A,0.00045,45
17863,scaffold_10:723380:A:T,0.00045,45
479065,scaffold_9:229990:C:T,0.00045,45
45523,scaffold_12:5765:A:G,0.00045,45
273939,scaffold_3:146413:A:G,0.00045,45
376251,scaffold_5:1290406:C:T,0.00045,45
66169,scaffold_13:37339:G:C,0.00045,45
280768,scaffold_3:411039:C:G,0.00045,45
424556,scaffold_7:505646:G:A,0.00045,45
147209,scaffold_17:384435:G:A,0.00045,45
48097,scaffold_12:112190:G:A,0.00045,45
232977,scaffold_2:53689:C:G,0.00045,45
494355,scaffold_9:836202:C:G,0.00045,45
61559,scaffold_12:667729:C:T,0.00045,45
225410,scaffold_1:1937746:C:G,0.00045,45
216023,scaffold_1:1584070:C:T,0.00045,45
481159,scaffold_9:308482:G:A,0.00045,45
315811,scaffold_4:317615:C:T,0.00045,45
419287,scaffold_7:314539:T:G,0.00045,45
95945,scaffold_14:376039:G:A,0.00045,45
396354,scaffold_6:666049:G:C,0.00045,45
258952,scaffold_2:1141558:C:T,0.00045,45
248998,scaffold_2:745489:A:C,0.00045,45
330082,scaffold_4:873008:G:A,0.00045,45
205417,scaffold_1:1178768:G:A,0.00045,45
194377,scaffold_1:761227:A:G,0.00045,45
63986,scaffold_12:777659:A:G,0.00045,45
474480,scaffold_9:35302:C:T,0.00045,45
109137,scaffold_15:175948:A:G,0.00045,45
315967,scaffold_4:323779:G:A,0.00045,45
144402,scaffold_17:271446:C:T,0.00045,45
319021,scaffold_4:433131:T:C,0.00045,45
210373,scaffold_1:1367936:T:C,0.00045,45
243701,scaffold_2:512347:C:T,0.00044,44
9289,scaffold_10:378845:G:A,0.00044,44
60983,scaffold_12:638248:G:A,0.00044,44
151186,scaffold_17:568579:A:T,0.00044,44
430069,scaffold_7:718629:C:G,0.00044,44
272706,scaffold_3:95621:G:A,0.00044,44
96927,scaffold_14:420761:C:T,0.00044,44
217363,scaffold_1:1632935:G:A,0.00044,44
84179,scaffold_13:717125:A:G,0.00044,44
406014,scaffold_6:1065623:C:T,0.00044,44
248191,scaffold_2:701830:T:C,0.00044,44
190364,scaffold_1:609524:G:A,0.00044,44
221836,scaffold_1:1808745:T:G,0.00044,44
293452,scaffold_3:887549:C:T,0.00044,44
467873,scaffold_8:975887:C:G,0.00044,44
353187,scaffold_5:347093:C:T,0.00044,44
64924,scaffold_12:816449:T:C,0.00044,44
344168,scaffold_4:1457742:A:G,0.00044,44
201756,scaffold_1:1047890:C:A,0.00044,44
494785,scaffold_9:853125:G:A,0.00044,44
431961,scaffold_7:792773:A:G,0.00044,44
11703,scaffold_10:477899:C:G,0.00044,44
61921,scaffold_12:683246:A:G,0.00044,44
248512,scaffold_2:723341:A:G,0.00044,44
310583,scaffold_4:103311:C:T,0.00044,44
14744,scaffold_10:605163:G:C,0.00044,44
338195,scaffold_4:1203820:A:T,0.00044,44
344164,scaffold_4:1457696:T:C,0.00044,44
471228,scaffold_8:1140396:C:A,0.00044,44
27213,scaffold_11:147942:G:A,0.00044,44
125153,scaffold_16:137901:C:T,0.00044,44
62552,scaffold_12:709185:G:A,0.00044,44
1346,scaffold_10:52867:T:C,0.00044,44
197614,scaffold_1:887383:C:T,0.00044,44
485503,scaffold_9:468478:G:A,0.00044,44
18922,scaffold_10:766988:C:A,0.00044,44
451184,scaffold_8:274403:T:C,0.00044,44
330987,scaffold_4:905354:C:G,0.00044,44
113638,scaffold_15:354642:G:A,0.00044,44
476136,scaffold_9:96963:T:C,0.00044,44
76562,scaffold_13:432520:C:T,0.00044,44
475303,scaffold_9:61702:A:G,0.00044,44
190152,scaffold_1:601407:C:T,0.00044,44
157894,scaffold_18:186317:C:A,0.00044,44
307442,scaffold_3:1449132:A:C,0.00044,44
260151,scaffold_2:1189985:A:G,0.00044,44
248043,scaffold_2:695033:A:C,0.00044,44
416370,scaffold_7:210029:G:C,0.00044,44
147100,scaffold_17:379731:G:A,0.00044,44
225626,scaffold_1:1944928:T:C,0.00044,44
181997,scaffold_1:265942:G:C,0.00044,44
466746,scaffold_8:922962:A:G,0.00044,44
301181,scaffold_3:1194381:G:A,0.00044,44
380029,scaffold_6:55026:C:T,0.00044,44
432516,scaffold_7:815045:C:T,0.00044,44
33040,scaffold_11:432570:C:T,0.00044,44
427785,scaffold_7:627938:G:A,0.00044,44
34889,scaffold_11:501574:G:C,0.00043,43
216668,scaffold_1:1607721:T:C,0.00043,43
452117,scaffold_8:321465:C:A,0.00043,43
200967,scaffold_1:1020880:T:A,0.00043,43
354080,scaffold_5:380234:A:G,0.00043,43
102911,scaffold_14:664300:G:A,0.00043,43
193564,scaffold_1:734229:A:G,0.00043,43
436919,scaffold_7:988644:C:A,0.00043,43
270421,scaffold_3:2059:G:T,0.00043,43
274160,scaffold_3:156654:C:G,0.00043,43
205413,scaffold_1:1178620:G:C,0.00043,43
397052,scaffold_6:691129:C:T,0.00043,43
462142,scaffold_8:730415:C:T,0.00043,43
59999,scaffold_12:598553:A:G,0.00043,43
369942,scaffold_5:1022825:A:C,0.00043,43
218049,scaffold_1:1654876:C:G,0.00043,43
61554,scaffold_12:667519:G:A,0.00043,43
8265,scaffold_10:338243:G:C,0.00043,43
245854,scaffold_2:601664:G:A,0.00043,43
37853,scaffold_11:626603:C:T,0.00043,43
450645,scaffold_8:252954:A:G,0.00043,43
265527,scaffold_2:1399255:A:G,0.00043,43
299461,scaffold_3:1126136:C:A,0.00043,43
438745,scaffold_7:1052834:G:C,0.00043,43
359084,scaffold_5:586464:A:T,0.00043,43
373230,scaffold_5:1157370:A:G,0.00043,43
140945,scaffold_17:134704:G:A,0.00043,43
314582,scaffold_4:270178:A:G,0.00043,43
178200,scaffold_1:98207:A:T,0.00043,43
356722,scaffold_5:479476:G:T,0.00043,43
463336,scaffold_8:780404:G:A,0.00043,43
413439,scaffold_7:102382:T:C,0.00043,43
473920,scaffold_9:12147:G:C,0.00043,43
471827,scaffold_8:1161177:C:T,0.00043,43
141062,scaffold_17:138849:C:G,0.00043,43
335768,scaffold_4:1086106:A:G,0.00043,43
246788,scaffold_2:641660:T:A,0.00043,43
96881,scaffold_14:419487:A:G,0.00043,43
230132,scaffold_1:2115522:A:G,0.00043,43
475534,scaffold_9:70460:C:A,0.00043,43
66315,scaffold_13:42515:G:A,0.00043,43
277504,scaffold_3:287100:G:A,0.00043,43
122288,scaffold_16:974:G:A,0.00043,43
481752,scaffold_9:331862:A:G,0.00043,43
249162,scaffold_2:752263:T:C,0.00043,43
318673,scaffold_4:421158:G:C,0.00043,43
481666,scaffold_9:328797:G:C,0.00043,43
318597,scaffold_4:418648:T:C,0.00043,43
338309,scaffold_4:1207426:C:T,0.00043,43
67708,scaffold_13:101151:G:A,0.00043,43
236770,scaffold_2:215816:G:A,0.00043,43
354694,scaffold_5:402256:C:T,0.00043,43
344793,scaffold_5:12303:A:G,0.00043,43
184075,scaffold_1:352374:G:T,0.00042,42
244022,scaffold_2:525354:G:A,0.00042,42
383722,scaffold_6:189875:C:A,0.00042,42
248551,scaffold_2:724662:A:C,0.00042,42
238287,scaffold_2:291773:A:G,0.00042,42
482367,scaffold_9:354662:A:G,0.00042,42
483182,scaffold_9:382221:A:C,0.00042,42
9915,scaffold_10:402346:T:C,0.00042,42
233933,scaffold_2:94366:G:T,0.00042,42
2940,scaffold_10:114912:T:A,0.00042,42
251390,scaffold_2:842619:C:T,0.00042,42
297330,scaffold_3:1049832:T:C,0.00042,42
220595,scaffold_1:1756888:A:G,0.00042,42
466712,scaffold_8:921279:G:C,0.00042,42
197237,scaffold_1:872836:A:G,0.00042,42
336537,scaffold_4:1113592:C:A,0.00042,42
296807,scaffold_3:1030249:T:C,0.00042,42
345324,scaffold_5:30500:G:A,0.00042,42
402473,scaffold_6:901202:T:G,0.00042,42
203559,scaffold_1:1114178:G:A,0.00042,42
129689,scaffold_16:334740:T:A,0.00042,42
87206,scaffold_14:38254:T:C,0.00042,42
415363,scaffold_7:172717:G:C,0.00042,42
181435,scaffold_1:240135:G:A,0.00042,42
178732,scaffold_1:119213:C:A,0.00042,42
203131,scaffold_1:1100729:C:G,0.00042,42
92133,scaffold_14:236154:G:C,0.00042,42
277096,scaffold_3:271569:A:G,0.00042,42
206495,scaffold_1:1217150:A:G,0.00042,42
240735,scaffold_2:396510:C:T,0.00042,42
412949,scaffold_7:85642:A:C,0.00042,42
154789,scaffold_18:60446:C:G,0.00042,42
233742,scaffold_2:81965:G:A,0.00042,42
779,scaffold_10:32269:G:C,0.00042,42
339651,scaffold_4:1262450:A:C,0.00042,42
189524,scaffold_1:577258:C:T,0.00042,42
133778,scaffold_16:497044:G:A,0.00042,42
338495,scaffold_4:1213491:G:A,0.00042,42
389747,scaffold_6:407101:G:C,0.00042,42
366015,scaffold_5:877995:C:T,0.00042,42
136704,scaffold_16:620184:G:A,0.00042,42
27189,scaffold_11:147155:T:C,0.00042,42
87423,scaffold_14:45578:G:A,0.00042,42
418706,scaffold_7:294425:C:T,0.00042,42
440153,scaffold_7:1103864:A:G,0.00042,42
251550,scaffold_2:849271:A:T,0.00042,42
325606,scaffold_4:700179:C:T,0.00042,42
112344,scaffold_15:307356:A:G,0.00042,42
297291,scaffold_3:1048508:C:T,0.00042,42
370190,scaffold_5:1032014:A:G,0.00042,42
296908,scaffold_3:1033935:T:A,0.00042,42
439288,scaffold_7:1071779:G:A,0.00042,42
223299,scaffold_1:1862728:A:G,0.00042,42
460637,scaffold_8:671684:G:A,0.00042,42
24323,scaffold_11:30477:C:G,0.00042,42
438922,scaffold_7:1059073:A:C,0.00042,42
275952,scaffold_3:228850:G:A,0.00042,42
364304,scaffold_5:816741:G:C,0.00042,42
207781,scaffold_1:1272538:C:T,0.00041,41
149999,scaffold_17:518424:G:A,0.00041,41
242075,scaffold_2:444609:A:T,0.00041,41
208626,scaffold_1:1304220:A:G,0.00041,41
338788,scaffold_4:1224059:C:T,0.00041,41
63852,scaffold_12:771213:C:G,0.00041,41
104640,scaffold_14:731462:T:C,0.00041,41
46483,scaffold_12:48323:C:G,0.00041,41
436623,scaffold_7:976356:T:C,0.00041,41
346386,scaffold_5:80567:C:A,0.00041,41
92885,scaffold_14:261044:A:G,0.00041,41
208803,scaffold_1:1310849:G:C,0.00041,41
261592,scaffold_2:1243506:C:T,0.00041,41
140937,scaffold_17:134398:A:G,0.00041,41
413342,scaffold_7:98803:G:A,0.00041,41
197034,scaffold_1:865145:C:T,0.00041,41
395427,scaffold_6:625952:T:C,0.00041,41
145411,scaffold_17:310047:A:G,0.00041,41
301860,scaffold_3:1220990:T:C,0.00041,41
257290,scaffold_2:1076791:C:T,0.00041,41
15955,scaffold_10:649247:C:T,0.00041,41
389977,scaffold_6:415275:T:G,0.00041,41
227140,scaffold_1:2004806:G:A,0.00041,41
200463,scaffold_1:1002531:A:G,0.00041,41
335496,scaffold_4:1074485:A:T,0.00041,41
277127,scaffold_3:272619:C:T,0.00041,41
437555,scaffold_7:1009085:A:G,0.00041,41
424276,scaffold_7:494450:A:G,0.00041,41
179376,scaffold_1:150219:A:C,0.00041,41
461377,scaffold_8:701334:T:C,0.00041,41
79434,scaffold_13:534344:A:G,0.00041,41
138274,scaffold_17:28425:C:T,0.00041,41
409319,scaffold_6:1219974:T:C,0.00041,41
437733,scaffold_7:1015354:T:A,0.00041,41
346340,scaffold_5:78541:C:A,0.00041,41
272666,scaffold_3:94283:C:G,0.00041,41
215767,scaffold_1:1573389:A:C,0.00041,41
283704,scaffold_3:518634:A:G,0.00041,41
464414,scaffold_8:821727:C:A,0.00041,41
147346,scaffold_17:392602:G:C,0.00041,41
387004,scaffold_6:312597:T:C,0.00041,41
113684,scaffold_15:356486:A:T,0.00041,41
221748,scaffold_1:1806134:T:G,0.00041,41
45792,scaffold_12:19894:T:C,0.00041,41
72873,scaffold_13:293637:C:T,0.00041,41
379505,scaffold_6:33150:G:A,0.00041,41
85751,scaffold_13:781908:C:G,0.00041,41
71381,scaffold_13:240474:C:T,0.00041,41
331423,scaffold_4:919625:T:C,0.00041,41
115254,scaffold_15:422087:T:C,0.00041,41
312565,scaffold_4:179312:G:C,0.00041,41
215449,scaffold_1:1561197:G:A,0.00041,41
206454,scaffold_1:1215983:C:T,0.0004,40
233878,scaffold_2:92333:G:T,0.0004,40
384410,scaffold_6:212924:C:T,0.0004,40
234677,scaffold_2:132509:A:G,0.0004,40
301750,scaffold_3:1216705:A:C,0.0004,40
421426,scaffold_7:393048:C:T,0.0004,40
367354,scaffold_5:926741:C:T,0.0004,40
183943,scaffold_1:347035:C:T,0.0004,40
297643,scaffold_3:1059291:G:C,0.0004,40
63944,scaffold_12:774833:G:A,0.0004,40
225133,scaffold_1:1928249:G:A,0.0004,40
290455,scaffold_3:776113:T:C,0.0004,40
455022,scaffold_8:435553:G:A,0.0004,40
385184,scaffold_6:242269:G:T,0.0004,40
449296,scaffold_8:201349:T:G,0.0004,40
410562,scaffold_6:1269194:A:G,0.0004,40
425227,scaffold_7:531343:A:C,0.0004,40
84191,scaffold_13:717396:G:C,0.0004,40
327882,scaffold_4:789713:G:A,0.0004,40
135219,scaffold_16:554544:C:T,0.0004,40
170533,scaffold_19:45004:G:A,0.0004,40
337569,scaffold_4:1150730:G:A,0.0004,40
106722,scaffold_15:67340:G:C,0.0004,40
475150,scaffold_9:57396:C:G,0.0004,40
254737,scaffold_2:978676:T:C,0.0004,40
320456,scaffold_4:490481:T:C,0.0004,40
58187,scaffold_12:519862:C:A,0.0004,40
270220,scaffold_2:1606000:C:A,0.0004,40
227207,scaffold_1:2006909:C:T,0.0004,40
212194,scaffold_1:1434045:A:G,0.0004,40
329356,scaffold_4:846481:T:C,0.0004,40
399881,scaffold_6:800618:A:G,0.0004,40
337820,scaffold_4:1191599:C:G,0.0004,40
395917,scaffold_6:647150:A:C,0.0004,40
206019,scaffold_1:1200197:C:G,0.0004,40
283532,scaffold_3:513272:T:C,0.0004,40
302951,scaffold_3:1263557:A:G,0.0004,40
33098,scaffold_11:434041:C:A,0.0004,40
193572,scaffold_1:734382:G:T,0.0004,40
232515,scaffold_2:34197:A:G,0.0004,40
465340,scaffold_8:861576:G:A,0.0004,40
275431,scaffold_3:211787:C:T,0.0004,40
45630,scaffold_12:11185:G:A,0.0004,40
146058,scaffold_17:337089:A:G,0.0004,40
185804,scaffold_1:421879:T:C,0.0004,40
50799,scaffold_12:222675:C:T,0.0004,40
102960,scaffold_14:666921:A:G,0.0004,40
307614,scaffold_3:1456483:G:C,0.0004,40
267524,scaffold_2:1481255:C:T,0.0004,40
233945,scaffold_2:94765:G:C,0.0004,40
196174,scaffold_1:836297:A:G,0.0004,40
317680,scaffold_4:385199:A:C,0.0004,40
321269,scaffold_4:525861:G:A,0.0004,40
337046,scaffold_4:1132821:G:A,0.0004,40
428176,scaffold_7:641998:G:T,0.0004,40
15860,scaffold_10:645556:G:A,0.0004,40
37820,scaffold_11:624946:A:T,0.0004,40
126115,scaffold_16:177729:T:C,0.00039,39
208819,scaffold_1:1311697:T:C,0.00039,39
181461,scaffold_1:241011:T:C,0.00039,39
96453,scaffold_14:400041:A:G,0.00039,39
432386,scaffold_7:809168:A:G,0.00039,39
309741,scaffold_4:67096:C:T,0.00039,39
202738,scaffold_1:1085519:C:T,0.00039,39
239751,scaffold_2:357591:A:C,0.00039,39
65180,scaffold_13:1846:C:G,0.00039,39
417979,scaffold_7:263857:C:T,0.00039,39
351677,scaffold_5:287746:C:T,0.00039,39
152285,scaffold_17:611471:C:T,0.00039,39
36261,scaffold_11:555193:G:A,0.00039,39
193209,scaffold_1:719949:G:A,0.00039,39
362836,scaffold_5:759584:T:C,0.00039,39
481950,scaffold_9:340404:A:G,0.00039,39
259813,scaffold_2:1175256:C:T,0.00039,39
350158,scaffold_5:229196:T:C,0.00039,39
12220,scaffold_10:494752:A:C,0.00039,39
55832,scaffold_12:426880:C:T,0.00039,39
490434,scaffold_9:657795:T:C,0.00039,39
272496,scaffold_3:88940:T:C,0.00039,39
148792,scaffold_17:453925:C:T,0.00039,39
390744,scaffold_6:444808:A:C,0.00039,39
395449,scaffold_6:627173:T:A,0.00039,39
492148,scaffold_9:740858:G:C,0.00039,39
193890,scaffold_1:744238:G:T,0.00039,39
225902,scaffold_1:1956992:G:C,0.00039,39
56366,scaffold_12:450677:C:A,0.00039,39
382566,scaffold_6:144943:C:G,0.00039,39
394843,scaffold_6:605802:A:G,0.00039,39
157977,scaffold_18:188673:C:T,0.00039,39
237600,scaffold_2:250337:C:T,0.00039,39
116262,scaffold_15:455566:T:A,0.00039,39
422916,scaffold_7:448462:G:A,0.00039,39
165397,scaffold_18:488202:T:C,0.00039,39
174776,scaffold_19:235511:G:A,0.00039,39
91942,scaffold_14:230821:C:T,0.00039,39
187777,scaffold_1:496697:C:T,0.00039,39
494943,scaffold_9:861073:G:A,0.00039,39
34246,scaffold_11:477541:C:T,0.00039,39
119338,scaffold_15:573689:A:G,0.00039,39
208843,scaffold_1:1312454:A:G,0.00039,39
362088,scaffold_5:725561:G:C,0.00039,39
97097,scaffold_14:427114:C:G,0.00039,39
435058,scaffold_7:921414:G:C,0.00039,39
236244,scaffold_2:193571:C:G,0.00039,39
380827,scaffold_6:83218:C:T,0.00039,39
309543,scaffold_4:60495:T:C,0.00039,39
49522,scaffold_12:172227:G:C,0.00039,39
60027,scaffold_12:599769:G:A,0.00039,39
436322,scaffold_7:967323:G:A,0.00039,39
81798,scaffold_13:627237:A:G,0.00039,39
78703,scaffold_13:509994:T:G,0.00039,39
181171,scaffold_1:230437:G:C,0.00039,39
303819,scaffold_3:1294710:A:G,0.00039,39
407444,scaffold_6:1140334:T:C,0.00039,39
12757,scaffold_10:526331:T:C,0.00039,39
342762,scaffold_4:1398050:C:T,0.00039,39
195119,scaffold_1:795356:A:G,0.00039,39
449086,scaffold_8:192257:G:A,0.00039,39
3093,scaffold_10:120393:T:C,0.00039,39
310397,scaffold_4:96433:G:A,0.00039,39
91970,scaffold_14:231814:T:A,0.00038,38
239621,scaffold_2:351916:A:G,0.00038,38
370747,scaffold_5:1060034:T:C,0.00038,38
162829,scaffold_18:385513:C:T,0.00038,38
464375,scaffold_8:820325:C:G,0.00038,38
85121,scaffold_13:755025:A:G,0.00038,38
305327,scaffold_3:1353903:T:C,0.00038,38
253384,scaffold_2:925448:G:C,0.00038,38
282,scaffold_10:11648:G:A,0.00038,38
242617,scaffold_2:465518:A:C,0.00038,38
345197,scaffold_5:26620:T:C,0.00038,38
34760,scaffold_11:497394:A:C,0.00038,38
385434,scaffold_6:252430:A:G,0.00038,38
416739,scaffold_7:223282:A:G,0.00038,38
294478,scaffold_3:927979:G:A,0.00038,38
461457,scaffold_8:705208:T:C,0.00038,38
176689,scaffold_1:39319:G:A,0.00038,38
109661,scaffold_15:192712:A:C,0.00038,38
308052,scaffold_4:5348:C:T,0.00038,38
109146,scaffold_15:176168:G:A,0.00038,38
55775,scaffold_12:424812:C:T,0.00038,38
280126,scaffold_3:382596:A:G,0.00038,38
418852,scaffold_7:299717:C:T,0.00038,38
383485,scaffold_6:180070:C:G,0.00038,38
372706,scaffold_5:1140907:C:T,0.00038,38
382307,scaffold_6:136591:C:T,0.00038,38
320260,scaffold_4:482794:T:C,0.00038,38
306091,scaffold_3:1393393:G:A,0.00038,38
14223,scaffold_10:584744:A:G,0.00038,38
129729,scaffold_16:337082:A:G,0.00038,38
199827,scaffold_1:981211:G:A,0.00038,38
234881,scaffold_2:139567:C:T,0.00038,38
322619,scaffold_4:579252:C:A,0.00038,38
310625,scaffold_4:104310:G:A,0.00038,38
475989,scaffold_9:91318:G:T,0.00038,38
325086,scaffold_4:678595:T:G,0.00038,38
56438,scaffold_12:452965:C:T,0.00038,38
285935,scaffold_3:600880:G:A,0.00038,38
68358,scaffold_13:124106:A:G,0.00038,38
466971,scaffold_8:937952:T:C,0.00038,38
393914,scaffold_6:569591:G:A,0.00038,38
46689,scaffold_12:57212:A:C,0.00038,38
302771,scaffold_3:1256946:T:C,0.00038,38
119843,scaffold_15:593543:T:C,0.00038,38
187750,scaffold_1:495680:G:T,0.00038,38
353497,scaffold_5:360248:C:T,0.00037,37
107099,scaffold_15:85789:C:T,0.00037,37
342861,scaffold_4:1404232:T:C,0.00037,37
427620,scaffold_7:620664:G:T,0.00037,37
30489,scaffold_11:293149:A:T,0.00037,37
84036,scaffold_13:711799:G:C,0.00037,37
117206,scaffold_15:490631:A:C,0.00037,37
415396,scaffold_7:173581:T:G,0.00037,37
348593,scaffold_5:165931:G:C,0.00037,37
136573,scaffold_16:616187:A:G,0.00037,37
370919,scaffold_5:1066283:C:T,0.00037,37
82242,scaffold_13:640935:A:G,0.00037,37
7642,scaffold_10:312639:A:C,0.00037,37
438554,scaffold_7:1045848:G:A,0.00037,37
198747,scaffold_1:933371:A:G,0.00037,37
104357,scaffold_14:720640:C:T,0.00037,37
2513,scaffold_10:97303:G:A,0.00037,37
246712,scaffold_2:639036:A:C,0.00037,37
108021,scaffold_15:131654:G:A,0.00037,37
51957,scaffold_12:270235:C:G,0.00037,37
223179,scaffold_1:1857964:G:T,0.00037,37
202443,scaffold_1:1073344:G:A,0.00037,37
193690,scaffold_1:737811:A:G,0.00037,37
410846,scaffold_6:1280845:G:T,0.00037,37
100071,scaffold_14:555321:G:A,0.00037,37
391159,scaffold_6:459389:G:A,0.00037,37
208412,scaffold_1:1296838:G:C,0.00037,37
67153,scaffold_13:77362:C:T,0.00037,37
220423,scaffold_1:1750024:T:C,0.00037,37
162196,scaffold_18:359513:G:T,0.00037,37
334893,scaffold_4:1043939:T:C,0.00037,37
83405,scaffold_13:685840:T:C,0.00037,37
409297,scaffold_6:1219324:G:A,0.00037,37
379722,scaffold_6:43503:C:A,0.00037,37
128844,scaffold_16:302573:C:A,0.00037,37
179306,scaffold_1:140482:C:T,0.00037,37
382026,scaffold_6:124525:G:T,0.00037,37
480515,scaffold_9:285439:T:C,0.00037,37
285510,scaffold_3:586787:T:G,0.00037,37
396241,scaffold_6:660871:T:A,0.00037,37
128595,scaffold_16:294034:G:A,0.00037,37
421927,scaffold_7:412659:A:G,0.00037,37
495773,scaffold_9:901218:C:G,0.00037,37
424066,scaffold_7:487344:G:A,0.00037,37
57613,scaffold_12:495154:T:C,0.00037,37
204301,scaffold_1:1139570:T:C,0.00037,37
277238,scaffold_3:275770:T:C,0.00037,37
263126,scaffold_2:1298442:C:G,0.00037,37
148689,scaffold_17:450555:T:C,0.00037,37
307626,scaffold_3:1456969:G:T,0.00037,37
340127,scaffold_4:1288728:G:A,0.00037,37
77161,scaffold_13:456348:T:C,0.00037,37
311950,scaffold_4:151931:T:C,0.00037,37
482717,scaffold_9:366581:T:C,0.00037,37
455737,scaffold_8:470088:G:A,0.00036,36
32611,scaffold_11:379704:C:T,0.00036,36
75321,scaffold_13:381715:C:A,0.00036,36
194688,scaffold_1:780065:G:A,0.00036,36
84689,scaffold_13:737376:G:T,0.00036,36
199410,scaffold_1:957368:C:A,0.00036,36
1542,scaffold_10:59251:G:C,0.00036,36
1396,scaffold_10:54161:A:G,0.00036,36
396862,scaffold_6:683565:G:A,0.00036,36
57394,scaffold_12:487661:A:C,0.00036,36
96357,scaffold_14:390325:G:A,0.00036,36
131194,scaffold_16:388550:T:G,0.00036,36
124941,scaffold_16:122927:C:T,0.00036,36
492415,scaffold_9:750826:C:A,0.00036,36
50222,scaffold_12:200186:G:A,0.00036,36
463388,scaffold_8:781897:G:A,0.00036,36
164197,scaffold_18:439409:C:T,0.00036,36
348596,scaffold_5:166212:T:G,0.00036,36
151085,scaffold_17:564781:G:A,0.00036,36
112837,scaffold_15:324022:G:A,0.00036,36
93620,scaffold_14:291255:A:G,0.00036,36
10767,scaffold_10:438019:T:C,0.00036,36
68572,scaffold_13:132540:C:T,0.00036,36
50583,scaffold_12:214777:C:T,0.00036,36
485920,scaffold_9:483819:C:T,0.00036,36
131400,scaffold_16:397974:G:T,0.00036,36
471709,scaffold_8:1156618:C:A,0.00036,36
139435,scaffold_17:74468:A:G,0.00036,36
389641,scaffold_6:403466:C:T,0.00036,36
213785,scaffold_1:1497090:G:C,0.00036,36
321428,scaffold_4:531674:C:T,0.00036,36
334713,scaffold_4:1037176:T:C,0.00036,36
413658,scaffold_7:110821:T:C,0.00036,36
262062,scaffold_2:1260358:T:C,0.00036,36
317651,scaffold_4:384388:G:C,0.00036,36
92826,scaffold_14:258995:G:A,0.00036,36
272869,scaffold_3:102221:G:A,0.00036,36
247048,scaffold_2:653078:G:A,0.00036,36
366179,scaffold_5:884244:C:T,0.00036,36
284954,scaffold_3:566313:A:G,0.00036,36
157366,scaffold_18:162054:C:T,0.00036,36
255319,scaffold_2:999290:G:A,0.00036,36
217372,scaffold_1:1633127:G:A,0.00036,36
179037,scaffold_1:130974:C:T,0.00036,36
326899,scaffold_4:746433:G:C,0.00036,36
382868,scaffold_6:158779:T:C,0.00036,36
224433,scaffold_1:1903689:A:G,0.00036,36
259063,scaffold_2:1145817:C:T,0.00036,36
42679,scaffold_11:823442:C:G,0.00036,36
450940,scaffold_8:263908:T:C,0.00036,36
494288,scaffold_9:834175:T:C,0.00036,36
50060,scaffold_12:192575:A:G,0.00036,36
398139,scaffold_6:731413:A:C,0.00036,36
118388,scaffold_15:537757:G:A,0.00036,36
399932,scaffold_6:802605:C:T,0.00036,36
307225,scaffold_3:1439733:T:C,0.00036,36
167560,scaffold_18:570080:T:C,0.00036,36
403580,scaffold_6:948662:T:G,0.00036,36
4479,scaffold_10:177253:C:T,0.00036,36
435265,scaffold_7:927543:C:T,0.00036,36
358732,scaffold_5:569785:G:T,0.00036,36
223177,scaffold_1:1857929:A:G,0.00035,35
126853,scaffold_16:209521:C:T,0.00035,35
335129,scaffold_4:1059781:T:G,0.00035,35
415886,scaffold_7:193392:G:T,0.00035,35
359529,scaffold_5:604557:A:C,0.00035,35
170094,scaffold_19:26375:A:G,0.00035,35
470620,scaffold_8:1094949:T:C,0.00035,35
233248,scaffold_2:64770:T:C,0.00035,35
354018,scaffold_5:378085:C:A,0.00035,35
143972,scaffold_17:256452:C:T,0.00035,35
431259,scaffold_7:764380:T:C,0.00035,35
490,scaffold_10:19732:T:C,0.00035,35
391828,scaffold_6:487396:C:T,0.00035,35
404807,scaffold_6:1000309:G:A,0.00035,35
351990,scaffold_5:301013:G:A,0.00035,35
111850,scaffold_15:288412:T:C,0.00035,35
188415,scaffold_1:533883:A:G,0.00035,35
251960,scaffold_2:865865:A:C,0.00035,35
154350,scaffold_18:42451:G:A,0.00035,35
367215,scaffold_5:921685:G:T,0.00035,35
421192,scaffold_7:385133:A:G,0.00035,35
449987,scaffold_8:226850:T:C,0.00035,35
388968,scaffold_6:378279:C:T,0.00035,35
75190,scaffold_13:376171:G:A,0.00035,35
479357,scaffold_9:240219:C:G,0.00035,35
301526,scaffold_3:1208038:A:G,0.00035,35
131308,scaffold_16:393881:C:A,0.00035,35
159706,scaffold_18:261438:C:T,0.00035,35
154658,scaffold_18:54880:G:T,0.00035,35
446840,scaffold_8:103727:C:A,0.00035,35
21104,scaffold_10:882676:T:A,0.00035,35
310138,scaffold_4:87315:A:C,0.00035,35
288947,scaffold_3:716424:G:C,0.00035,35
105921,scaffold_15:21412:G:A,0.00035,35
24507,scaffold_11:36962:T:C,0.00035,35
92697,scaffold_14:254386:A:G,0.00035,35
52349,scaffold_12:284079:C:T,0.00035,35
338023,scaffold_4:1198379:G:A,0.00035,35
386158,scaffold_6:277750:A:G,0.00035,35
100364,scaffold_14:567081:C:G,0.00035,35
415275,scaffold_7:169791:C:T,0.00035,35
364076,scaffold_5:808736:C:T,0.00035,35
390983,scaffold_6:452736:G:C,0.00035,35
443666,scaffold_7:1247202:C:G,0.00035,35
344027,scaffold_4:1452846:C:T,0.00035,35
491702,scaffold_9:715300:C:T,0.00035,35
364288,scaffold_5:816168:G:A,0.00035,35
79073,scaffold_13:521769:C:T,0.00035,35
277792,scaffold_3:297434:C:A,0.00035,35
95757,scaffold_14:369269:T:C,0.00035,35
149009,scaffold_17:461689:T:C,0.00035,35
132221,scaffold_16:431977:A:T,0.00034,34
266963,scaffold_2:1457025:T:C,0.00034,34
436240,scaffold_7:963943:G:C,0.00034,34
5799,scaffold_10:235477:G:C,0.00034,34
452420,scaffold_8:333586:G:A,0.00034,34
426387,scaffold_7:571723:C:G,0.00034,34
72308,scaffold_13:272065:T:C,0.00034,34
389898,scaffold_6:412339:A:C,0.00034,34
467265,scaffold_8:949759:G:A,0.00034,34
75206,scaffold_13:376574:G:A,0.00034,34
230719,scaffold_1:2138810:C:T,0.00034,34
330500,scaffold_4:887396:C:T,0.00034,34
183938,scaffold_1:346926:G:A,0.00034,34
450573,scaffold_8:250427:T:C,0.00034,34
273646,scaffold_3:135398:G:A,0.00034,34
215561,scaffold_1:1565407:T:C,0.00034,34
381953,scaffold_6:121984:G:A,0.00034,34
137243,scaffold_16:652172:C:T,0.00034,34
230829,scaffold_1:2142280:T:C,0.00034,34
13799,scaffold_10:565969:A:G,0.00034,34
409027,scaffold_6:1205650:C:T,0.00034,34
113414,scaffold_15:346846:C:A,0.00034,34
166498,scaffold_18:532956:T:G,0.00034,34
88530,scaffold_14:85265:T:C,0.00034,34
178695,scaffold_1:117988:C:T,0.00034,34
419142,scaffold_7:309608:A:G,0.00034,34
401335,scaffold_6:856059:C:T,0.00034,34
87594,scaffold_14:51286:C:T,0.00034,34
75277,scaffold_13:379697:C:T,0.00034,34
457730,scaffold_8:549281:C:G,0.00034,34
62753,scaffold_12:718449:G:A,0.00034,34
52586,scaffold_12:292437:G:A,0.00034,34
486082,scaffold_9:489301:C:T,0.00034,34
470001,scaffold_8:1065745:A:G,0.00034,34
352299,scaffold_5:312839:C:T,0.00034,34
220468,scaffold_1:1751683:C:G,0.00034,34
316896,scaffold_4:356619:T:C,0.00034,34
391690,scaffold_6:481005:G:A,0.00034,34
31897,scaffold_11:347191:T:C,0.00034,34
195911,scaffold_1:827148:T:A,0.00034,34
63972,scaffold_12:776776:A:C,0.00034,34
352285,scaffold_5:312352:G:T,0.00034,34
134948,scaffold_16:545826:C:T,0.00034,34
97079,scaffold_14:426370:G:T,0.00034,34
227758,scaffold_1:2022961:G:A,0.00034,34
250990,scaffold_2:824136:C:T,0.00034,34
64727,scaffold_12:808499:C:T,0.00034,34
43133,scaffold_11:841080:T:C,0.00034,34
189066,scaffold_1:558921:G:C,0.00034,34
3879,scaffold_10:153995:G:C,0.00034,34
265927,scaffold_2:1415642:G:C,0.00034,34
16294,scaffold_10:661121:A:G,0.00034,34
395686,scaffold_6:637666:T:G,0.00034,34
410989,scaffold_7:1403:G:T,0.00034,34
7796,scaffold_10:319866:A:G,0.00034,34
7929,scaffold_10:324450:A:G,0.00034,34
233710,scaffold_2:80807:G:C,0.00033,33
121014,scaffold_15:645691:G:C,0.00033,33
323519,scaffold_4:616474:G:A,0.00033,33
394593,scaffold_6:596848:T:G,0.00033,33
465854,scaffold_8:885187:A:C,0.00033,33
427026,scaffold_7:597522:T:C,0.00033,33
51016,scaffold_12:231481:G:A,0.00033,33
483076,scaffold_9:378285:C:T,0.00033,33
414237,scaffold_7:132399:G:A,0.00033,33
180603,scaffold_1:209330:C:G,0.00033,33
252831,scaffold_2:904083:G:T,0.00033,33
196037,scaffold_1:831134:C:T,0.00033,33
83473,scaffold_13:687777:G:T,0.00033,33
131473,scaffold_16:400479:C:T,0.00033,33
47695,scaffold_12:95147:A:G,0.00033,33
218048,scaffold_1:1654817:T:C,0.00033,33
235918,scaffold_2:177013:G:A,0.00033,33
207091,scaffold_1:1239457:G:A,0.00033,33
212223,scaffold_1:1435012:G:A,0.00033,33
54792,scaffold_12:388539:G:A,0.00033,33
476526,scaffold_9:112048:T:G,0.00033,33
259503,scaffold_2:1162155:A:G,0.00033,33
247167,scaffold_2:657508:G:A,0.00033,33
245096,scaffold_2:571223:A:G,0.00033,33
61624,scaffold_12:669692:A:T,0.00033,33
433014,scaffold_7:831709:G:A,0.00033,33
255356,scaffold_2:1000619:T:C,0.00033,33
34692,scaffold_11:495335:G:C,0.00033,33
54683,scaffold_12:385392:A:C,0.00033,33
194331,scaffold_1:760020:A:T,0.00033,33
255984,scaffold_2:1025897:A:G,0.00033,33
356543,scaffold_5:472164:C:T,0.00033,33
396693,scaffold_6:678677:C:T,0.00033,33
256531,scaffold_2:1049782:G:C,0.00033,33
489588,scaffold_9:625957:A:G,0.00033,33
52144,scaffold_12:277567:G:A,0.00033,33
277067,scaffold_3:270999:T:C,0.00033,33
189404,scaffold_1:572112:A:G,0.00033,33
184177,scaffold_1:355344:G:A,0.00033,33
228030,scaffold_1:2032607:G:A,0.00033,33
258431,scaffold_2:1121933:T:C,0.00033,33
399791,scaffold_6:797108:T:C,0.00033,33
350236,scaffold_5:231827:T:G,0.00033,33
384582,scaffold_6:218940:T:C,0.00033,33
315591,scaffold_4:308809:C:T,0.00033,33
136952,scaffold_16:634058:T:C,0.00033,33
215480,scaffold_1:1562385:G:C,0.00033,33
303564,scaffold_3:1286797:A:C,0.00033,33
143875,scaffold_17:253209:G:A,0.00033,33
414386,scaffold_7:138226:G:A,0.00033,33
387522,scaffold_6:330352:T:C,0.00033,33
455730,scaffold_8:469861:C:T,0.00033,33
154745,scaffold_18:58167:A:G,0.00033,33
140790,scaffold_17:128196:A:G,0.00033,33
196139,scaffold_1:834919:T:C,0.00033,33
101872,scaffold_14:623566:G:T,0.00033,33
261954,scaffold_2:1255965:A:G,0.00033,33
355109,scaffold_5:417256:G:T,0.00033,33
58794,scaffold_12:543616:C:T,0.00033,33
59473,scaffold_12:579974:T:A,0.00033,33
61247,scaffold_12:646891:T:C,0.00033,33
415000,scaffold_7:161170:C:T,0.00033,33
389518,scaffold_6:398998:T:A,0.00033,33
244290,scaffold_2:535427:T:C,0.00033,33
57489,scaffold_12:490728:G:A,0.00033,33
46910,scaffold_12:64713:C:G,0.00033,33
216476,scaffold_1:1600471:G:C,0.00033,33
379783,scaffold_6:46347:T:C,0.00033,33
237742,scaffold_2:256871:G:A,0.00033,33
439170,scaffold_7:1067211:C:T,0.00032,32
59878,scaffold_12:594415:C:T,0.00032,32
210541,scaffold_1:1373907:C:G,0.00032,32
302375,scaffold_3:1240435:G:T,0.00032,32
39314,scaffold_11:683748:T:C,0.00032,32
475909,scaffold_9:88442:G:A,0.00032,32
122612,scaffold_16:13077:C:T,0.00032,32
344150,scaffold_4:1456881:G:C,0.00032,32
488541,scaffold_9:585660:T:A,0.00032,32
110625,scaffold_15:225471:G:A,0.00032,32
228625,scaffold_1:2056941:G:T,0.00032,32
217021,scaffold_1:1621513:C:T,0.00032,32
296501,scaffold_3:1020755:G:C,0.00032,32
414505,scaffold_7:142595:A:T,0.00032,32
182954,scaffold_1:309951:A:T,0.00032,32
14078,scaffold_10:579006:C:T,0.00032,32
43364,scaffold_11:851266:T:C,0.00032,32
231218,scaffold_1:2156849:T:G,0.00032,32
154228,scaffold_18:38651:C:T,0.00032,32
335323,scaffold_4:1067655:G:C,0.00032,32
206417,scaffold_1:1214803:A:C,0.00032,32
464471,scaffold_8:823325:G:A,0.00032,32
344740,scaffold_5:10413:A:G,0.00032,32
200064,scaffold_1:988832:G:A,0.00032,32
220681,scaffold_1:1767548:A:G,0.00032,32
167859,scaffold_18:581611:T:C,0.00032,32
382790,scaffold_6:154978:A:G,0.00032,32
343441,scaffold_4:1429683:C:T,0.00032,32
244949,scaffold_2:565727:C:T,0.00032,32
19061,scaffold_10:782640:C:T,0.00032,32
463304,scaffold_8:778203:G:C,0.00032,32
270066,scaffold_2:1598935:C:A,0.00032,32
343265,scaffold_4:1423617:C:T,0.00032,32
332763,scaffold_4:971283:G:T,0.00032,32
157424,scaffold_18:163747:C:T,0.00032,32
91441,scaffold_14:202751:T:C,0.00032,32
78457,scaffold_13:501783:C:G,0.00032,32
491957,scaffold_9:724909:T:C,0.00032,32
328840,scaffold_4:829848:A:T,0.00032,32
211461,scaffold_1:1405887:C:G,0.00032,32
294305,scaffold_3:922020:T:C,0.00032,32
411421,scaffold_7:19998:C:T,0.00032,32
275336,scaffold_3:209067:C:T,0.00032,32
264041,scaffold_2:1336104:G:A,0.00032,32
30475,scaffold_11:292704:G:A,0.00032,32
180896,scaffold_1:221082:G:A,0.00032,32
369394,scaffold_5:1002048:T:C,0.00032,32
285265,scaffold_3:577369:G:A,0.00032,32
225467,scaffold_1:1939712:G:A,0.00032,32
297788,scaffold_3:1064991:G:C,0.00032,32
127018,scaffold_16:217763:G:A,0.00032,32
284405,scaffold_3:546894:C:G,0.00032,32
77856,scaffold_13:481402:G:A,0.00032,32
420852,scaffold_7:374023:G:A,0.00032,32
410798,scaffold_6:1279439:G:A,0.00032,32
8249,scaffold_10:337101:G:A,0.00032,32
156119,scaffold_18:110770:G:A,0.00032,32
195398,scaffold_1:804028:A:C,0.00032,32
225351,scaffold_1:1935747:G:T,0.00032,32
284271,scaffold_3:540058:A:G,0.00032,32
266088,scaffold_2:1421113:G:A,0.00032,32
302119,scaffold_3:1231839:C:T,0.00032,32
396255,scaffold_6:661588:G:A,0.00032,32
80898,scaffold_13:592748:C:T,0.00032,32
100052,scaffold_14:554508:C:A,0.00032,32
213050,scaffold_1:1470566:G:C,0.00032,32
144521,scaffold_17:275232:A:C,0.00032,32
212029,scaffold_1:1426615:C:A,0.00032,32
416052,scaffold_7:199752:A:G,0.00032,32
473797,scaffold_9:8189:T:A,0.00032,32
342943,scaffold_4:1408401:C:A,0.00032,32
449439,scaffold_8:205626:C:T,0.00031,31
213636,scaffold_1:1491973:C:T,0.00031,31
363928,scaffold_5:803199:G:A,0.00031,31
273704,scaffold_3:137764:G:A,0.00031,31
183639,scaffold_1:334275:C:T,0.00031,31
359257,scaffold_5:595812:G:C,0.00031,31
121415,scaffold_15:664481:C:G,0.00031,31
215789,scaffold_1:1574113:C:G,0.00031,31
467347,scaffold_8:953549:T:C,0.00031,31
363507,scaffold_5:788403:A:C,0.00031,31
71225,scaffold_13:234717:C:G,0.00031,31
469534,scaffold_8:1047607:T:C,0.00031,31
49958,scaffold_12:190018:C:G,0.00031,31
195928,scaffold_1:827682:A:C,0.00031,31
79539,scaffold_13:538377:T:C,0.00031,31
111817,scaffold_15:287023:C:G,0.00031,31
356684,scaffold_5:477423:C:T,0.00031,31
169103,scaffold_18:631916:T:C,0.00031,31
180235,scaffold_1:194733:G:A,0.00031,31
142422,scaffold_17:195040:T:C,0.00031,31
446641,scaffold_8:95453:C:T,0.00031,31
450713,scaffold_8:255414:G:A,0.00031,31
111588,scaffold_15:277185:A:C,0.00031,31
204161,scaffold_1:1133884:G:A,0.00031,31
134027,scaffold_16:508919:G:A,0.00031,31
216272,scaffold_1:1593516:A:G,0.00031,31
122112,scaffold_15:693270:C:G,0.00031,31
295139,scaffold_3:951967:A:C,0.00031,31
321265,scaffold_4:525655:T:C,0.00031,31
86826,scaffold_14:14803:T:A,0.00031,31
321748,scaffold_4:544254:C:T,0.00031,31
485320,scaffold_9:462638:A:G,0.00031,31
372223,scaffold_5:1123950:C:T,0.00031,31
315513,scaffold_4:306148:C:T,0.00031,31
157284,scaffold_18:160009:T:C,0.00031,31
250486,scaffold_2:802216:A:C,0.00031,31
233734,scaffold_2:81596:G:T,0.00031,31
367187,scaffold_5:920661:G:A,0.00031,31
215354,scaffold_1:1557757:C:T,0.00031,31
340502,scaffold_4:1302918:G:C,0.00031,31
384903,scaffold_6:231117:G:T,0.00031,31
195107,scaffold_1:794919:A:C,0.00031,31
64072,scaffold_12:781371:A:C,0.00031,31
148928,scaffold_17:458748:G:A,0.00031,31
321744,scaffold_4:544169:G:T,0.00031,31
379265,scaffold_6:21461:T:C,0.00031,31
487869,scaffold_9:559278:G:T,0.00031,31
435894,scaffold_7:951395:C:T,0.00031,31
250595,scaffold_2:806451:C:G,0.00031,31
81604,scaffold_13:620510:C:T,0.00031,31
222705,scaffold_1:1840633:G:A,0.00031,31
492293,scaffold_9:746667:A:G,0.00031,31
405300,scaffold_6:1033397:C:T,0.00031,31
329359,scaffold_4:846526:G:A,0.00031,31
297032,scaffold_3:1037539:C:T,0.00031,31
121429,scaffold_15:665880:T:C,0.00031,31
317679,scaffold_4:385190:A:C,0.00031,31
105791,scaffold_15:16333:T:G,0.00031,31
251494,scaffold_2:846674:C:T,0.00031,31
249898,scaffold_2:780299:A:G,0.00031,31
133885,scaffold_16:503869:C:T,0.00031,31
151917,scaffold_17:596144:T:C,0.0003,30
243440,scaffold_2:500540:C:T,0.0003,30
92780,scaffold_14:257259:C:T,0.0003,30
325465,scaffold_4:692685:A:G,0.0003,30
192035,scaffold_1:674045:T:G,0.0003,30
43184,scaffold_11:842568:C:T,0.0003,30
275831,scaffold_3:225214:G:A,0.0003,30
84192,scaffold_13:717408:A:G,0.0003,30
300589,scaffold_3:1169975:A:G,0.0003,30
178508,scaffold_1:111809:G:A,0.0003,30
286135,scaffold_3:607722:A:T,0.0003,30
390393,scaffold_6:430913:T:G,0.0003,30
415762,scaffold_7:188593:G:A,0.0003,30
466135,scaffold_8:897608:G:A,0.0003,30
323924,scaffold_4:632588:G:A,0.0003,30
351878,scaffold_5:296254:G:A,0.0003,30
349470,scaffold_5:201609:T:G,0.0003,30
162790,scaffold_18:384132:G:C,0.0003,30
93988,scaffold_14:306836:G:A,0.0003,30
257770,scaffold_2:1096937:A:G,0.0003,30
247926,scaffold_2:688563:T:G,0.0003,30
264941,scaffold_2:1372346:A:G,0.0003,30
12201,scaffold_10:493680:T:C,0.0003,30
322089,scaffold_4:557413:G:A,0.0003,30
318655,scaffold_4:420692:A:G,0.0003,30
106792,scaffold_15:72095:C:G,0.0003,30
290074,scaffold_3:760713:A:C,0.0003,30
327934,scaffold_4:791491:A:G,0.0003,30
429127,scaffold_7:679572:T:G,0.0003,30
127441,scaffold_16:242368:G:A,0.0003,30
250421,scaffold_2:799874:C:T,0.0003,30
288647,scaffold_3:702730:A:G,0.0003,30
343704,scaffold_4:1439937:G:C,0.0003,30
244161,scaffold_2:530928:G:A,0.0003,30
158082,scaffold_18:191968:C:A,0.0003,30
110899,scaffold_15:235010:A:G,0.0003,30
267151,scaffold_2:1465521:C:T,0.0003,30
271647,scaffold_3:57396:G:A,0.0003,30
214407,scaffold_1:1519564:G:A,0.0003,30
139935,scaffold_17:93602:C:T,0.0003,30
296253,scaffold_3:1011433:T:C,0.0003,30
491186,scaffold_9:691370:C:A,0.0003,30
329940,scaffold_4:868325:C:T,0.0003,30
470400,scaffold_8:1085876:G:A,0.0003,30
165728,scaffold_18:502259:G:A,0.0003,30
263893,scaffold_2:1328808:A:C,0.0003,30
335878,scaffold_4:1090382:G:A,0.0003,30
110556,scaffold_15:223543:A:G,0.0003,30
271359,scaffold_3:40119:C:G,0.0003,30
347878,scaffold_5:141368:T:G,0.0003,30
89249,scaffold_14:113263:C:T,0.0003,30
485593,scaffold_9:471149:C:T,0.0003,30
409721,scaffold_6:1237224:G:C,0.0003,30
76911,scaffold_13:445012:T:C,0.0003,30
420552,scaffold_7:363477:A:G,0.0003,30
88550,scaffold_14:86352:A:C,0.0003,30
33471,scaffold_11:447800:C:T,0.0003,30
307116,scaffold_3:1436412:C:G,0.0003,30
230396,scaffold_1:2127075:C:T,0.0003,30
115957,scaffold_15:446752:T:C,0.0003,30
319671,scaffold_4:459690:G:A,0.0003,30
312551,scaffold_4:178626:T:G,0.0003,30
424944,scaffold_7:521254:G:A,0.0003,30
453899,scaffold_8:392281:G:C,0.0003,30
96728,scaffold_14:410717:T:C,0.0003,30
211142,scaffold_1:1395179:T:G,0.0003,30
445313,scaffold_8:44893:T:G,0.0003,30
97697,scaffold_14:450429:C:T,0.0003,30
258056,scaffold_2:1107989:C:A,0.00029,29
273257,scaffold_3:120020:A:G,0.00029,29
174830,scaffold_19:238531:T:G,0.00029,29
279625,scaffold_3:365122:C:A,0.00029,29
173156,scaffold_19:173226:T:C,0.00029,29
418868,scaffold_7:300273:G:A,0.00029,29
155292,scaffold_18:76735:C:T,0.00029,29
177469,scaffold_1:70796:G:C,0.00029,29
117933,scaffold_15:520763:G:A,0.00029,29
139723,scaffold_17:85765:A:G,0.00029,29
381868,scaffold_6:119572:G:T,0.00029,29
250534,scaffold_2:804149:C:T,0.00029,29
143957,scaffold_17:256144:G:A,0.00029,29
30762,scaffold_11:303581:G:A,0.00029,29
335249,scaffold_4:1065073:G:A,0.00029,29
44049,scaffold_11:881294:C:T,0.00029,29
387115,scaffold_6:315981:G:A,0.00029,29
339443,scaffold_4:1250359:C:G,0.00029,29
24753,scaffold_11:44932:A:G,0.00029,29
409357,scaffold_6:1221497:G:A,0.00029,29
96570,scaffold_14:404608:A:G,0.00029,29
91612,scaffold_14:218932:C:A,0.00029,29
17474,scaffold_10:707785:G:T,0.00029,29
380620,scaffold_6:75941:C:T,0.00029,29
396931,scaffold_6:686826:C:T,0.00029,29
65615,scaffold_13:17594:T:G,0.00029,29
19460,scaffold_10:805713:A:G,0.00029,29
394268,scaffold_6:585036:G:A,0.00029,29
235429,scaffold_2:158856:C:T,0.00029,29
437243,scaffold_7:999791:C:T,0.00029,29
111099,scaffold_15:252743:T:C,0.00029,29
201564,scaffold_1:1041072:G:A,0.00029,29
486249,scaffold_9:495254:G:A,0.00029,29
283660,scaffold_3:517300:T:C,0.00029,29
83360,scaffold_13:684647:G:T,0.00029,29
397568,scaffold_6:709539:A:G,0.00029,29
252158,scaffold_2:874654:C:T,0.00029,29
273060,scaffold_3:112853:T:G,0.00029,29
180204,scaffold_1:192972:G:A,0.00029,29
385540,scaffold_6:255973:T:C,0.00029,29
441494,scaffold_7:1159503:G:T,0.00029,29
253935,scaffold_2:947181:T:C,0.00029,29
139949,scaffold_17:94013:G:A,0.00029,29
283622,scaffold_3:516102:T:C,0.00029,29
315421,scaffold_4:302930:C:A,0.00029,29
398022,scaffold_6:726818:G:A,0.00029,29
341649,scaffold_4:1350783:C:G,0.00029,29
357246,scaffold_5:507137:G:C,0.00029,29
126818,scaffold_16:208480:C:T,0.00029,29
308146,scaffold_4:7868:G:C,0.00029,29
167249,scaffold_18:560800:T:C,0.00029,29
363055,scaffold_5:771586:A:C,0.00029,29
328361,scaffold_4:812773:G:A,0.00029,29
100951,scaffold_14:590657:C:G,0.00029,29
267212,scaffold_2:1467982:C:T,0.00029,29
88226,scaffold_14:73780:G:A,0.00029,29
170000,scaffold_19:23216:A:G,0.00029,29
388569,scaffold_6:364933:T:C,0.00029,29
437549,scaffold_7:1008824:G:A,0.00029,29
445095,scaffold_8:36593:A:G,0.00029,29
113000,scaffold_15:329349:C:T,0.00029,29
7601,scaffold_10:310981:G:C,0.00029,29
290080,scaffold_3:761028:T:A,0.00029,29
346798,scaffold_5:101147:G:A,0.00029,29
214973,scaffold_1:1543268:T:G,0.00029,29
408886,scaffold_6:1201093:A:G,0.00029,29
4209,scaffold_10:168671:G:C,0.00029,29
194389,scaffold_1:761645:A:C,0.00029,29
255292,scaffold_2:998294:G:A,0.00029,29
85453,scaffold_13:771332:A:G,0.00029,29
230095,scaffold_1:2113803:T:C,0.00029,29
297865,scaffold_3:1067680:C:T,0.00029,29
68754,scaffold_13:140068:G:A,0.00029,29
219461,scaffold_1:1712556:G:A,0.00029,29
489444,scaffold_9:618418:G:A,0.00029,29
476367,scaffold_9:105400:C:G,0.00029,29
38391,scaffold_11:649411:A:T,0.00029,29
437131,scaffold_7:996189:G:A,0.00028,28
458420,scaffold_8:579338:G:A,0.00028,28
118152,scaffold_15:528467:T:C,0.00028,28
422816,scaffold_7:445020:G:A,0.00028,28
218121,scaffold_1:1657784:G:A,0.00028,28
217259,scaffold_1:1629458:G:A,0.00028,28
411051,scaffold_7:3334:G:T,0.00028,28
347968,scaffold_5:144135:T:G,0.00028,28
465767,scaffold_8:880845:C:G,0.00028,28
269460,scaffold_2:1575956:T:G,0.00028,28
444950,scaffold_8:32203:T:C,0.00028,28
14599,scaffold_10:599617:G:A,0.00028,28
403622,scaffold_6:949595:G:A,0.00028,28
69343,scaffold_13:163953:T:G,0.00028,28
121281,scaffold_15:657537:C:T,0.00028,28
177458,scaffold_1:70313:T:G,0.00028,28
219119,scaffold_1:1699972:A:G,0.00028,28
495842,scaffold_9:906077:G:A,0.00028,28
143358,scaffold_17:231267:G:A,0.00028,28
355206,scaffold_5:420375:A:G,0.00028,28
271593,scaffold_3:54494:T:C,0.00028,28
242351,scaffold_2:456541:G:A,0.00028,28
311057,scaffold_4:121187:C:G,0.00028,28
376504,scaffold_5:1301125:G:A,0.00028,28
188017,scaffold_1:507348:T:C,0.00028,28
319721,scaffold_4:461670:T:C,0.00028,28
16952,scaffold_10:686184:C:T,0.00028,28
196607,scaffold_1:852381:A:G,0.00028,28
437311,scaffold_7:1001589:G:A,0.00028,28
96735,scaffold_14:411065:A:T,0.00028,28
331525,scaffold_4:923177:G:A,0.00028,28
37307,scaffold_11:603471:G:A,0.00028,28
336390,scaffold_4:1107716:T:C,0.00028,28
462859,scaffold_8:759975:G:T,0.00028,28
105866,scaffold_15:19569:A:C,0.00028,28
407291,scaffold_6:1128123:A:G,0.00028,28
307866,scaffold_3:1465491:A:G,0.00028,28
226958,scaffold_1:1997785:T:C,0.00028,28
242274,scaffold_2:453459:A:G,0.00028,28
485022,scaffold_9:452365:A:G,0.00028,28
463155,scaffold_8:772476:A:C,0.00028,28
36021,scaffold_11:545991:G:A,0.00028,28
487054,scaffold_9:529203:C:T,0.00028,28
15284,scaffold_10:623809:T:A,0.00028,28
348699,scaffold_5:169427:T:C,0.00028,28
402644,scaffold_6:909172:A:G,0.00028,28
313623,scaffold_4:219166:G:C,0.00028,28
64573,scaffold_12:801574:T:A,0.00028,28
234190,scaffold_2:105550:C:A,0.00028,28
370213,scaffold_5:1032876:C:T,0.00028,28
344010,scaffold_4:1452039:G:A,0.00028,28
224859,scaffold_1:1918268:C:T,0.00028,28
54302,scaffold_12:370421:C:T,0.00028,28
141641,scaffold_17:161380:T:C,0.00028,28
193458,scaffold_1:730802:A:G,0.00028,28
252291,scaffold_2:879801:C:T,0.00028,28
258510,scaffold_2:1125200:G:A,0.00028,28
329391,scaffold_4:848101:G:T,0.00028,28
379782,scaffold_6:46327:T:C,0.00028,28
245242,scaffold_2:578181:A:C,0.00028,28
103044,scaffold_14:671070:G:A,0.00028,28
388244,scaffold_6:353534:C:T,0.00028,28
48914,scaffold_12:146051:A:T,0.00028,28
483736,scaffold_9:404259:T:C,0.00028,28
345259,scaffold_5:28735:G:A,0.00028,28
229594,scaffold_1:2092673:A:G,0.00028,28
457473,scaffold_8:539010:A:T,0.00028,28
256356,scaffold_2:1043371:A:G,0.00028,28
274261,scaffold_3:159756:T:C,0.00028,28
97056,scaffold_14:425531:A:G,0.00027,27
431272,scaffold_7:765002:T:C,0.00027,27
420435,scaffold_7:359432:A:T,0.00027,27
471814,scaffold_8:1160434:G:C,0.00027,27
482171,scaffold_9:348207:A:G,0.00027,27
177209,scaffold_1:60548:G:C,0.00027,27
287722,scaffold_3:665695:A:G,0.00027,27
249698,scaffold_2:773098:G:A,0.00027,27
416396,scaffold_7:210769:C:T,0.00027,27
148399,scaffold_17:438145:A:G,0.00027,27
466029,scaffold_8:892875:G:A,0.00027,27
101209,scaffold_14:598431:C:T,0.00027,27
173959,scaffold_19:202868:G:A,0.00027,27
193376,scaffold_1:727508:A:G,0.00027,27
336626,scaffold_4:1117109:C:A,0.00027,27
393500,scaffold_6:549580:A:G,0.00027,27
189564,scaffold_1:578710:G:C,0.00027,27
457367,scaffold_8:535271:T:A,0.00027,27
202437,scaffold_1:1073103:A:G,0.00027,27
263410,scaffold_2:1309824:G:A,0.00027,27
235356,scaffold_2:156896:G:A,0.00027,27
96004,scaffold_14:378419:G:A,0.00027,27
121325,scaffold_15:659098:T:C,0.00027,27
364135,scaffold_5:811357:A:T,0.00027,27
331435,scaffold_4:919800:C:A,0.00027,27
92158,scaffold_14:236923:C:G,0.00027,27
125789,scaffold_16:159959:T:C,0.00027,27
180909,scaffold_1:221641:A:G,0.00027,27
442101,scaffold_7:1184513:C:T,0.00027,27
120695,scaffold_15:630650:G:C,0.00027,27
272696,scaffold_3:95366:A:G,0.00027,27
494840,scaffold_9:856261:A:G,0.00027,27
152157,scaffold_17:604939:T:C,0.00027,27
226825,scaffold_1:1993250:G:C,0.00027,27
256418,scaffold_2:1045361:T:C,0.00027,27
170188,scaffold_19:29390:G:C,0.00027,27
417797,scaffold_7:259142:C:T,0.00027,27
364285,scaffold_5:816105:T:C,0.00027,27
340048,scaffold_4:1285283:G:C,0.00027,27
372119,scaffold_5:1120151:T:G,0.00027,27
454624,scaffold_8:421694:G:T,0.00027,27
217922,scaffold_1:1650791:T:G,0.00027,27
476528,scaffold_9:112120:C:T,0.00027,27
242945,scaffold_2:479654:G:T,0.00027,27
395321,scaffold_6:621656:A:C,0.00027,27
364562,scaffold_5:826137:T:C,0.00027,27
52714,scaffold_12:296767:C:A,0.00027,27
169104,scaffold_18:631923:A:G,0.00027,27
445916,scaffold_8:67172:G:A,0.00027,27
29774,scaffold_11:264052:G:A,0.00027,27
425536,scaffold_7:540972:T:C,0.00027,27
490435,scaffold_9:657821:G:A,0.00027,27
170194,scaffold_19:29591:T:G,0.00027,27
103785,scaffold_14:699829:C:G,0.00027,27
482572,scaffold_9:360454:T:C,0.00027,27
204615,scaffold_1:1149915:C:T,0.00027,27
50304,scaffold_12:203943:G:A,0.00027,27
283576,scaffold_3:514533:A:G,0.00027,27
90162,scaffold_14:151935:A:G,0.00027,27
64020,scaffold_12:778828:C:T,0.00027,27
413817,scaffold_7:116860:G:T,0.00027,27
401264,scaffold_6:853861:C:T,0.00027,27
324601,scaffold_4:659952:C:G,0.00027,27
383625,scaffold_6:185767:C:G,0.00027,27
117984,scaffold_15:522203:G:A,0.00027,27
9862,scaffold_10:400653:C:G,0.00027,27
342579,scaffold_4:1388884:G:A,0.00027,27
308601,scaffold_4:25491:A:T,0.00027,27
193067,scaffold_1:713938:G:A,0.00027,27
136226,scaffold_16:603700:C:T,0.00027,27
338780,scaffold_4:1223964:C:T,0.00027,27
378660,scaffold_5:1394332:G:C,0.00027,27
445464,scaffold_8:50875:C:G,0.00027,27
137559,scaffold_17:751:C:T,0.00027,27
368556,scaffold_5:969706:G:T,0.00027,27
154635,scaffold_18:54150:C:A,0.00027,27
353111,scaffold_5:343149:C:T,0.00026,26
442006,scaffold_7:1180014:G:T,0.00026,26
52797,scaffold_12:299676:G:C,0.00026,26
698,scaffold_10:29324:G:T,0.00026,26
81564,scaffold_13:619094:G:A,0.00026,26
157361,scaffold_18:161916:G:A,0.00026,26
368354,scaffold_5:961645:C:G,0.00026,26
177659,scaffold_1:77184:T:C,0.00026,26
490034,scaffold_9:641192:A:G,0.00026,26
97633,scaffold_14:448213:G:A,0.00026,26
298702,scaffold_3:1096929:G:A,0.00026,26
232143,scaffold_2:19857:C:G,0.00026,26
57857,scaffold_12:504465:A:C,0.00026,26
167067,scaffold_18:554478:A:G,0.00026,26
277318,scaffold_3:278454:T:C,0.00026,26
35796,scaffold_11:537221:C:T,0.00026,26
202846,scaffold_1:1089969:C:A,0.00026,26
328319,scaffold_4:811532:C:G,0.00026,26
368250,scaffold_5:957712:A:G,0.00026,26
193251,scaffold_1:721403:T:C,0.00026,26
286742,scaffold_3:631055:G:A,0.00026,26
49342,scaffold_12:163753:G:T,0.00026,26
264233,scaffold_2:1347007:T:C,0.00026,26
37544,scaffold_11:612522:G:A,0.00026,26
147134,scaffold_17:380986:C:T,0.00026,26
83830,scaffold_13:703853:A:G,0.00026,26
441068,scaffold_7:1140839:C:G,0.00026,26
132879,scaffold_16:459894:C:G,0.00026,26
207272,scaffold_1:1254711:G:A,0.00026,26
394259,scaffold_6:584764:A:G,0.00026,26
137366,scaffold_16:657728:C:A,0.00026,26
72571,scaffold_13:281630:A:C,0.00026,26
17920,scaffold_10:725293:T:C,0.00026,26
13316,scaffold_10:545805:C:T,0.00026,26
258250,scaffold_2:1114672:A:G,0.00026,26
480859,scaffold_9:299218:T:C,0.00026,26
229558,scaffold_1:2091252:A:G,0.00026,26
115949,scaffold_15:446602:C:A,0.00026,26
31788,scaffold_11:342083:C:T,0.00026,26
8288,scaffold_10:338998:G:A,0.00026,26
201374,scaffold_1:1033985:C:T,0.00026,26
279373,scaffold_3:355824:T:C,0.00026,26
2125,scaffold_10:82363:A:C,0.00026,26
124109,scaffold_16:81028:T:G,0.00026,26
328203,scaffold_4:806074:G:C,0.00026,26
96697,scaffold_14:409698:A:C,0.00026,26
102190,scaffold_14:636042:C:T,0.00026,26
4042,scaffold_10:161491:C:G,0.00026,26
248200,scaffold_2:702585:A:G,0.00026,26
439142,scaffold_7:1066421:C:G,0.00026,26
66080,scaffold_13:32542:G:A,0.00026,26
484469,scaffold_9:432354:T:G,0.00026,26
486090,scaffold_9:489637:T:C,0.00026,26
291231,scaffold_3:805517:A:G,0.00026,26
370495,scaffold_5:1047373:G:A,0.00026,26
434054,scaffold_7:879767:C:G,0.00026,26
69896,scaffold_13:183885:C:T,0.00026,26
78027,scaffold_13:487583:T:C,0.00026,26
248696,scaffold_2:734721:C:A,0.00026,26
282715,scaffold_3:484294:C:A,0.00026,26
43405,scaffold_11:852753:T:A,0.00026,26
206004,scaffold_1:1199643:G:A,0.00026,26
377727,scaffold_5:1349432:G:A,0.00026,26
164794,scaffold_18:462834:T:G,0.00026,26
15597,scaffold_10:637506:G:T,0.00026,26
437474,scaffold_7:1006478:A:G,0.00026,26
50643,scaffold_12:216414:C:T,0.00026,26
130883,scaffold_16:377026:A:T,0.00026,26
34039,scaffold_11:469406:A:C,0.00026,26
219051,scaffold_1:1698014:G:A,0.00026,26
301276,scaffold_3:1198310:G:T,0.00026,26
291425,scaffold_3:812594:G:A,0.00026,26
248856,scaffold_2:740316:A:G,0.00026,26
19316,scaffold_10:801446:G:C,0.00026,26
316156,scaffold_4:331000:C:T,0.00026,26
138763,scaffold_17:48748:G:T,0.00026,26
468006,scaffold_8:980576:C:T,0.00026,26
82285,scaffold_13:642172:T:G,0.00026,26
193170,scaffold_1:718059:G:A,0.00026,26
332902,scaffold_4:976486:G:A,0.00026,26
436459,scaffold_7:972044:C:T,0.00026,26
306645,scaffold_3:1418297:C:G,0.00026,26
356087,scaffold_5:454108:G:A,0.00026,26
399373,scaffold_6:780446:G:A,0.00026,26
206266,scaffold_1:1210143:C:T,0.00026,26
432159,scaffold_7:800431:G:A,0.00026,26
432478,scaffold_7:813475:C:A,0.00026,26
397003,scaffold_6:688990:A:G,0.00025,25
136498,scaffold_16:613513:A:C,0.00025,25
29949,scaffold_11:272382:T:G,0.00025,25
232084,scaffold_2:17600:C:T,0.00025,25
414603,scaffold_7:146603:C:G,0.00025,25
422088,scaffold_7:419071:C:T,0.00025,25
391639,scaffold_6:479718:T:C,0.00025,25
104623,scaffold_14:730902:C:T,0.00025,25
134389,scaffold_16:522536:T:C,0.00025,25
25783,scaffold_11:87290:G:T,0.00025,25
331212,scaffold_4:912283:C:T,0.00025,25
324857,scaffold_4:670369:A:G,0.00025,25
491261,scaffold_9:694791:G:A,0.00025,25
231705,scaffold_1:2174226:A:G,0.00025,25
297131,scaffold_3:1042025:A:G,0.00025,25
8782,scaffold_10:358695:G:C,0.00025,25
136954,scaffold_16:634172:G:A,0.00025,25
381764,scaffold_6:116390:G:A,0.00025,25
393135,scaffold_6:534939:G:C,0.00025,25
264188,scaffold_2:1345659:A:G,0.00025,25
54080,scaffold_12:362399:G:C,0.00025,25
267429,scaffold_2:1477928:C:G,0.00025,25
305202,scaffold_3:1349025:C:T,0.00025,25
47729,scaffold_12:96711:T:C,0.00025,25
490131,scaffold_9:644633:T:C,0.00025,25
242076,scaffold_2:444610:C:T,0.00025,25
31507,scaffold_11:332173:A:G,0.00025,25
293619,scaffold_3:895366:G:A,0.00025,25
296422,scaffold_3:1018056:T:G,0.00025,25
178612,scaffold_1:115465:G:A,0.00025,25
60631,scaffold_12:624960:C:G,0.00025,25
279954,scaffold_3:376282:G:A,0.00025,25
321152,scaffold_4:518966:C:T,0.00025,25
86146,scaffold_13:800576:C:T,0.00025,25
201728,scaffold_1:1046891:T:G,0.00025,25
117755,scaffold_15:513205:T:C,0.00025,25
47024,scaffold_12:68350:G:A,0.00025,25
71652,scaffold_13:249181:C:T,0.00025,25
238391,scaffold_2:295641:T:C,0.00025,25
456278,scaffold_8:490776:T:G,0.00025,25
405492,scaffold_6:1041954:A:C,0.00025,25
332480,scaffold_4:961181:A:G,0.00025,25
7837,scaffold_10:321595:C:T,0.00025,25
410998,scaffold_7:1596:G:A,0.00025,25
142083,scaffold_17:180067:C:T,0.00025,25
105971,scaffold_15:23250:A:G,0.00025,25
35612,scaffold_11:527803:G:C,0.00025,25
362281,scaffold_5:736898:G:C,0.00025,25
74486,scaffold_13:350669:C:T,0.00025,25
140520,scaffold_17:116642:T:C,0.00025,25
452957,scaffold_8:353695:C:A,0.00025,25
183259,scaffold_1:320659:A:T,0.00025,25
155170,scaffold_18:73023:A:G,0.00025,25
307252,scaffold_3:1440569:G:C,0.00025,25
489466,scaffold_9:619596:A:G,0.00025,25
356024,scaffold_5:451720:C:T,0.00025,25
201758,scaffold_1:1047953:T:G,0.00025,25
269126,scaffold_2:1561556:G:A,0.00025,25
74766,scaffold_13:360658:G:A,0.00025,25
364935,scaffold_5:837595:G:A,0.00025,25
322774,scaffold_4:589921:A:G,0.00025,25
166503,scaffold_18:533157:T:C,0.00025,25
232776,scaffold_2:44875:T:G,0.00025,25
224006,scaffold_1:1890496:T:A,0.00025,25
301379,scaffold_3:1202323:T:C,0.00025,25
310141,scaffold_4:87332:C:T,0.00025,25
138524,scaffold_17:38247:C:G,0.00025,25
434438,scaffold_7:892896:G:A,0.00025,25
384644,scaffold_6:220500:G:A,0.00025,25
38326,scaffold_11:646828:A:G,0.00025,25
347468,scaffold_5:125510:G:A,0.00025,25
472005,scaffold_8:1167192:C:G,0.00025,25
10554,scaffold_10:430776:T:C,0.00025,25
382897,scaffold_6:159678:T:G,0.00025,25
155103,scaffold_18:70431:C:G,0.00025,25
263448,scaffold_2:1311028:C:T,0.00025,25
251978,scaffold_2:866804:C:G,0.00025,25
429705,scaffold_7:705655:A:G,0.00025,25
106660,scaffold_15:63962:C:T,0.00025,25
217462,scaffold_1:1636134:T:C,0.00025,25
354894,scaffold_5:409684:C:T,0.00025,25
194718,scaffold_1:781141:G:T,0.00025,25
195361,scaffold_1:802891:T:G,0.00025,25
102043,scaffold_14:630897:T:A,0.00025,25
330085,scaffold_4:873053:G:C,0.00025,25
324829,scaffold_4:669101:C:G,0.00025,25
328886,scaffold_4:831023:C:T,0.00025,25
287804,scaffold_3:668913:T:C,0.00025,25
292075,scaffold_3:835666:A:G,0.00025,25
434749,scaffold_7:908120:T:A,0.00025,25
172609,scaffold_19:146502:G:C,0.00025,25
193068,scaffold_1:713945:T:C,0.00025,25
154842,scaffold_18:62192:T:C,0.00025,25
374829,scaffold_5:1230806:A:G,0.00025,25
143032,scaffold_17:217546:G:T,0.00024,24
232888,scaffold_2:50129:A:G,0.00024,24
87789,scaffold_14:58571:T:C,0.00024,24
476681,scaffold_9:117167:T:C,0.00024,24
193374,scaffold_1:727481:C:T,0.00024,24
207117,scaffold_1:1240304:T:C,0.00024,24
213309,scaffold_1:1480796:G:A,0.00024,24
5645,scaffold_10:230523:C:A,0.00024,24
130677,scaffold_16:370302:C:G,0.00024,24
283654,scaffold_3:517134:G:A,0.00024,24
287842,scaffold_3:670516:C:A,0.00024,24
296868,scaffold_3:1032106:C:T,0.00024,24
70591,scaffold_13:211438:A:T,0.00024,24
284913,scaffold_3:565047:A:C,0.00024,24
317616,scaffold_4:383350:G:C,0.00024,24
238187,scaffold_2:275455:T:C,0.00024,24
142435,scaffold_17:195444:C:T,0.00024,24
19419,scaffold_10:804499:G:A,0.00024,24
271271,scaffold_3:32960:T:G,0.00024,24
183890,scaffold_1:344509:T:C,0.00024,24
303937,scaffold_3:1297366:A:T,0.00024,24
470459,scaffold_8:1088905:A:G,0.00024,24
417401,scaffold_7:244389:C:T,0.00024,24
469937,scaffold_8:1063126:A:G,0.00024,24
14909,scaffold_10:610148:G:A,0.00024,24
95113,scaffold_14:345940:C:T,0.00024,24
67842,scaffold_13:105360:T:G,0.00024,24
244424,scaffold_2:541748:A:G,0.00024,24
341480,scaffold_4:1345077:C:G,0.00024,24
196880,scaffold_1:859894:G:A,0.00024,24
205643,scaffold_1:1186773:C:T,0.00024,24
164994,scaffold_18:469967:G:A,0.00024,24
345689,scaffold_5:51021:A:T,0.00024,24
467443,scaffold_8:957451:G:A,0.00024,24
290293,scaffold_3:770030:T:C,0.00024,24
494761,scaffold_9:851965:C:T,0.00024,24
303198,scaffold_3:1272358:A:G,0.00024,24
78705,scaffold_13:510102:C:G,0.00024,24
366459,scaffold_5:894244:C:T,0.00024,24
230216,scaffold_1:2120776:G:A,0.00024,24
60724,scaffold_12:628657:G:A,0.00024,24
226704,scaffold_1:1988726:C:T,0.00024,24
487610,scaffold_9:550111:C:G,0.00024,24
28076,scaffold_11:183799:A:G,0.00024,24
347070,scaffold_5:111254:T:C,0.00024,24
350251,scaffold_5:232274:G:C,0.00024,24
181200,scaffold_1:231430:A:G,0.00024,24
442436,scaffold_7:1195813:A:G,0.00024,24
111258,scaffold_15:261830:C:T,0.00024,24
91471,scaffold_14:204473:C:T,0.00024,24
171258,scaffold_19:85420:C:T,0.00024,24
262900,scaffold_2:1289231:T:C,0.00024,24
12275,scaffold_10:497167:C:T,0.00024,24
107828,scaffold_15:124007:T:G,0.00024,24
357803,scaffold_5:532696:A:G,0.00024,24
270370,scaffold_2:1611267:G:A,0.00024,24
149616,scaffold_17:502280:G:A,0.00024,24
176013,scaffold_1:8190:G:A,0.00024,24
64602,scaffold_12:802790:C:T,0.00024,24
322801,scaffold_4:591080:C:A,0.00024,24
460809,scaffold_8:679376:A:G,0.00024,24
329822,scaffold_4:864081:G:A,0.00024,24
224366,scaffold_1:1901159:A:G,0.00024,24
212778,scaffold_1:1456499:G:A,0.00024,24
142902,scaffold_17:213395:G:A,0.00024,24
30624,scaffold_11:297375:G:A,0.00024,24
207588,scaffold_1:1266670:A:G,0.00024,24
171800,scaffold_19:110923:G:A,0.00024,24
53725,scaffold_12:349277:G:A,0.00024,24
154029,scaffold_18:32241:G:C,0.00024,24
249763,scaffold_2:775789:G:T,0.00024,24
233717,scaffold_2:81073:C:T,0.00024,24
72262,scaffold_13:270555:C:A,0.00024,24
156111,scaffold_18:110553:C:T,0.00024,24
95793,scaffold_14:370340:G:A,0.00024,24
265105,scaffold_2:1378815:A:C,0.00024,24
85637,scaffold_13:778023:C:T,0.00024,24
260676,scaffold_2:1209307:G:A,0.00024,24
450654,scaffold_8:253448:G:A,0.00024,24
196810,scaffold_1:857939:A:G,0.00024,24
353951,scaffold_5:376179:C:G,0.00023,23
111680,scaffold_15:280965:G:A,0.00023,23
286504,scaffold_3:622963:A:G,0.00023,23
378088,scaffold_5:1370930:C:G,0.00023,23
113300,scaffold_15:339630:T:C,0.00023,23
188578,scaffold_1:539848:A:G,0.00023,23
128971,scaffold_16:307773:C:T,0.00023,23
9148,scaffold_10:372736:T:C,0.00023,23
154985,scaffold_18:66873:T:C,0.00023,23
398246,scaffold_6:734658:A:G,0.00023,23
186179,scaffold_1:436610:C:T,0.00023,23
385633,scaffold_6:259137:C:T,0.00023,23
104840,scaffold_14:740429:T:A,0.00023,23
375292,scaffold_5:1248338:A:G,0.00023,23
439415,scaffold_7:1077008:C:G,0.00023,23
224711,scaffold_1:1912660:T:C,0.00023,23
127586,scaffold_16:251893:G:T,0.00023,23
196058,scaffold_1:831972:C:T,0.00023,23
91207,scaffold_14:194625:G:A,0.00023,23
161299,scaffold_18:326025:A:G,0.00023,23
493809,scaffold_9:809762:G:A,0.00023,23
485742,scaffold_9:477323:C:T,0.00023,23
232511,scaffold_2:34141:C:G,0.00023,23
359062,scaffold_5:582629:T:C,0.00023,23
70501,scaffold_13:206884:A:G,0.00023,23
246486,scaffold_2:628778:G:A,0.00023,23
9196,scaffold_10:374856:T:C,0.00023,23
378549,scaffold_5:1390037:G:C,0.00023,23
152306,scaffold_17:612658:T:A,0.00023,23
373056,scaffold_5:1152013:T:C,0.00023,23
424640,scaffold_7:508900:G:C,0.00023,23
77756,scaffold_13:477424:C:T,0.00023,23
333817,scaffold_4:1007239:G:T,0.00023,23
351271,scaffold_5:272119:C:G,0.00023,23
126894,scaffold_16:211156:T:C,0.00023,23
198142,scaffold_1:908151:G:A,0.00023,23
428817,scaffold_7:667783:C:A,0.00023,23
483788,scaffold_9:405446:T:C,0.00023,23
315607,scaffold_4:309343:G:T,0.00023,23
103013,scaffold_14:669610:C:G,0.00023,23
442300,scaffold_7:1191883:A:C,0.00023,23
374643,scaffold_5:1221487:G:T,0.00023,23
487943,scaffold_9:561866:C:T,0.00023,23
288614,scaffold_3:701617:A:G,0.00023,23
176562,scaffold_1:33427:T:C,0.00023,23
489718,scaffold_9:629907:T:C,0.00023,23
295516,scaffold_3:980523:T:G,0.00023,23
352582,scaffold_5:322688:G:A,0.00023,23
242964,scaffold_2:480114:T:C,0.00023,23
402163,scaffold_6:889610:C:A,0.00023,23
422892,scaffold_7:447616:T:C,0.00023,23
9421,scaffold_10:383387:T:C,0.00023,23
446256,scaffold_8:80696:T:C,0.00023,23
174127,scaffold_19:208506:G:A,0.00023,23
11076,scaffold_10:456276:A:C,0.00023,23
345281,scaffold_5:29420:A:C,0.00023,23
81929,scaffold_13:631262:G:C,0.00023,23
213452,scaffold_1:1485657:G:A,0.00023,23
390004,scaffold_6:416172:A:G,0.00023,23
440206,scaffold_7:1105723:T:A,0.00023,23
382105,scaffold_6:128683:G:A,0.00023,23
38647,scaffold_11:657994:G:T,0.00023,23
273780,scaffold_3:140558:A:G,0.00023,23
53057,scaffold_12:308737:T:G,0.00023,23
451296,scaffold_8:280323:G:A,0.00023,23
11849,scaffold_10:482659:A:G,0.00023,23
315454,scaffold_4:303849:G:A,0.00023,23
242203,scaffold_2:450132:G:A,0.00023,23
33370,scaffold_11:443746:A:G,0.00023,23
291645,scaffold_3:820104:T:G,0.00023,23
429456,scaffold_7:694009:G:C,0.00023,23
406192,scaffold_6:1078755:A:G,0.00023,23
325817,scaffold_4:707696:C:A,0.00023,23
334985,scaffold_4:1047364:T:C,0.00023,23
361410,scaffold_5:695489:A:G,0.00023,23
251955,scaffold_2:865516:C:A,0.00023,23
362477,scaffold_5:743935:C:A,0.00023,23
314988,scaffold_4:288126:G:A,0.00023,23
444523,scaffold_8:16017:C:G,0.00023,23
169148,scaffold_18:633423:C:T,0.00023,23
320194,scaffold_4:480369:G:C,0.00023,23
362258,scaffold_5:736252:A:G,0.00023,23
420490,scaffold_7:361276:T:C,0.00023,23
478214,scaffold_9:196925:A:G,0.00023,23
367246,scaffold_5:923614:C:T,0.00023,23
267267,scaffold_2:1470201:G:A,0.00023,23
309475,scaffold_4:56943:C:G,0.00023,23
271223,scaffold_3:31516:C:A,0.00023,23
423641,scaffold_7:473568:C:T,0.00023,23
183553,scaffold_1:331455:A:G,0.00023,23
186180,scaffold_1:436629:G:A,0.00023,23
318403,scaffold_4:411854:A:G,0.00023,23
483576,scaffold_9:398573:G:A,0.00023,23
319952,scaffold_4:470295:A:G,0.00023,23
460585,scaffold_8:669854:G:C,0.00023,23
180479,scaffold_1:204517:A:G,0.00023,23
324606,scaffold_4:660056:C:T,0.00023,23
252280,scaffold_2:879621:C:T,0.00023,23
8109,scaffold_10:330890:G:A,0.00023,23
63985,scaffold_12:777658:G:A,0.00023,23
323205,scaffold_4:604169:C:G,0.00023,23
106156,scaffold_15:31196:C:T,0.00023,23
4948,scaffold_10:196501:G:T,0.00022,22
160482,scaffold_18:292947:A:T,0.00022,22
18978,scaffold_10:768607:G:A,0.00022,22
245313,scaffold_2:581321:T:C,0.00022,22
244891,scaffold_2:563747:T:C,0.00022,22
22714,scaffold_10:951079:A:T,0.00022,22
360045,scaffold_5:624686:G:A,0.00022,22
112845,scaffold_15:324163:G:A,0.00022,22
245558,scaffold_2:590277:T:C,0.00022,22
349535,scaffold_5:204094:G:T,0.00022,22
8845,scaffold_10:361439:G:A,0.00022,22
363430,scaffold_5:785714:A:C,0.00022,22
143817,scaffold_17:251258:A:G,0.00022,22
483036,scaffold_9:376797:A:T,0.00022,22
238486,scaffold_2:299245:G:A,0.00022,22
295645,scaffold_3:985602:G:A,0.00022,22
341110,scaffold_4:1329472:G:A,0.00022,22
152953,scaffold_17:636677:C:G,0.00022,22
424371,scaffold_7:497943:G:A,0.00022,22
256762,scaffold_2:1057020:T:C,0.00022,22
114818,scaffold_15:406535:C:T,0.00022,22
325856,scaffold_4:708892:G:C,0.00022,22
474021,scaffold_9:16581:T:C,0.00022,22
451222,scaffold_8:277020:G:A,0.00022,22
97435,scaffold_14:440304:G:A,0.00022,22
323650,scaffold_4:621731:T:C,0.00022,22
135774,scaffold_16:578809:G:A,0.00022,22
127580,scaffold_16:251668:C:T,0.00022,22
495530,scaffold_9:889789:A:G,0.00022,22
62570,scaffold_12:710005:T:G,0.00022,22
212708,scaffold_1:1453333:A:G,0.00022,22
280154,scaffold_3:383813:G:C,0.00022,22
241981,scaffold_2:441867:G:A,0.00022,22
177284,scaffold_1:63886:G:A,0.00022,22
230262,scaffold_1:2122491:C:T,0.00022,22
479312,scaffold_9:238283:C:T,0.00022,22
153366,scaffold_18:4004:C:G,0.00022,22
114941,scaffold_15:410728:T:C,0.00022,22
62546,scaffold_12:708837:A:T,0.00022,22
459322,scaffold_8:616303:T:C,0.00022,22
321598,scaffold_4:538610:G:A,0.00022,22
211415,scaffold_1:1404170:C:G,0.00022,22
366670,scaffold_5:901760:T:C,0.00022,22
69976,scaffold_13:186424:C:T,0.00022,22
383834,scaffold_6:193939:A:G,0.00022,22
191366,scaffold_1:647890:G:A,0.00022,22
343785,scaffold_4:1442958:C:G,0.00022,22
475867,scaffold_9:87126:C:T,0.00022,22
451457,scaffold_8:286446:C:T,0.00022,22
245321,scaffold_2:581628:G:T,0.00022,22
261878,scaffold_2:1252888:G:A,0.00022,22
170384,scaffold_19:37705:A:G,0.00022,22
387670,scaffold_6:335640:T:C,0.00022,22
430238,scaffold_7:726543:T:C,0.00022,22
359137,scaffold_5:591357:G:A,0.00022,22
87518,scaffold_14:48425:A:G,0.00022,22
32605,scaffold_11:379409:C:T,0.00022,22
299970,scaffold_3:1147242:T:C,0.00022,22
318251,scaffold_4:406749:A:G,0.00022,22
146172,scaffold_17:341888:G:A,0.00022,22
371331,scaffold_5:1083220:G:A,0.00022,22
85448,scaffold_13:771026:C:T,0.00022,22
55470,scaffold_12:413577:C:T,0.00022,22
369594,scaffold_5:1010991:C:T,0.00022,22
251723,scaffold_2:856811:C:T,0.00022,22
290666,scaffold_3:783669:C:T,0.00022,22
375578,scaffold_5:1262245:C:T,0.00022,22
207993,scaffold_1:1280584:A:T,0.00022,22
115689,scaffold_15:438395:A:G,0.00022,22
265637,scaffold_2:1404162:T:A,0.00022,22
204955,scaffold_1:1161725:A:G,0.00022,22
272721,scaffold_3:96150:T:C,0.00022,22
328121,scaffold_4:798437:C:T,0.00022,22
268636,scaffold_2:1535971:A:G,0.00022,22
249957,scaffold_2:782670:T:A,0.00022,22
415934,scaffold_7:195404:A:G,0.00022,22
128269,scaffold_16:281285:C:T,0.00022,22
43953,scaffold_11:877139:T:G,0.00022,22
372446,scaffold_5:1132180:G:C,0.00022,22
328460,scaffold_4:815952:A:G,0.00022,22
254179,scaffold_2:957302:C:T,0.00022,22
236865,scaffold_2:218395:G:A,0.00022,22
25734,scaffold_11:84247:T:C,0.00022,22
404746,scaffold_6:997170:C:T,0.00022,22
110084,scaffold_15:206299:C:T,0.00022,22
173378,scaffold_19:181666:C:G,0.00022,22
446560,scaffold_8:93083:G:A,0.00022,22
388078,scaffold_6:348634:T:C,0.00022,22
132785,scaffold_16:456602:G:A,0.00022,22
83193,scaffold_13:678930:A:C,0.00022,22
320666,scaffold_4:500142:A:G,0.00022,22
462745,scaffold_8:756590:C:T,0.00022,22
381523,scaffold_6:109028:G:A,0.00022,22
166160,scaffold_18:520111:T:G,0.00022,22
462154,scaffold_8:730914:C:T,0.00022,22
384612,scaffold_6:219552:G:T,0.00022,22
428414,scaffold_7:650284:T:G,0.00022,22
410736,scaffold_6:1276898:C:G,0.00022,22
49475,scaffold_12:171126:A:G,0.00022,22
235207,scaffold_2:151501:C:G,0.00021,21
62780,scaffold_12:719585:C:G,0.00021,21
369729,scaffold_5:1015614:A:C,0.00021,21
51549,scaffold_12:252031:G:A,0.00021,21
464284,scaffold_8:817420:A:C,0.00021,21
50747,scaffold_12:219960:T:A,0.00021,21
239538,scaffold_2:348960:G:C,0.00021,21
17401,scaffold_10:704437:C:G,0.00021,21
322814,scaffold_4:591979:T:G,0.00021,21
85853,scaffold_13:786398:C:T,0.00021,21
314982,scaffold_4:287963:C:T,0.00021,21
375451,scaffold_5:1255565:C:G,0.00021,21
479227,scaffold_9:235967:C:G,0.00021,21
69185,scaffold_13:155969:A:G,0.00021,21
109375,scaffold_15:183957:A:G,0.00021,21
155600,scaffold_18:89646:C:G,0.00021,21
388528,scaffold_6:363374:C:T,0.00021,21
434973,scaffold_7:917776:T:C,0.00021,21
111646,scaffold_15:279196:T:C,0.00021,21
35398,scaffold_11:520804:G:A,0.00021,21
316202,scaffold_4:332308:G:A,0.00021,21
43738,scaffold_11:868612:A:C,0.00021,21
151244,scaffold_17:570458:A:G,0.00021,21
22086,scaffold_10:922527:C:T,0.00021,21
389740,scaffold_6:406972:A:G,0.00021,21
367123,scaffold_5:918311:A:G,0.00021,21
402967,scaffold_6:922495:C:T,0.00021,21
37302,scaffold_11:603158:C:T,0.00021,21
315184,scaffold_4:295000:A:C,0.00021,21
249235,scaffold_2:755446:G:C,0.00021,21
215358,scaffold_1:1557949:G:A,0.00021,21
196557,scaffold_1:850488:T:C,0.00021,21
222763,scaffold_1:1842340:G:T,0.00021,21
447547,scaffold_8:131018:G:A,0.00021,21
294107,scaffold_3:914782:A:T,0.00021,21
146440,scaffold_17:350592:C:T,0.00021,21
377616,scaffold_5:1343591:G:C,0.00021,21
242184,scaffold_2:449280:A:C,0.00021,21
227518,scaffold_1:2016248:T:C,0.00021,21
225785,scaffold_1:1952310:C:T,0.00021,21
299375,scaffold_3:1122809:G:C,0.00021,21
83886,scaffold_13:706109:G:A,0.00021,21
401911,scaffold_6:879851:G:T,0.00021,21
450081,scaffold_8:230453:A:G,0.00021,21
371715,scaffold_5:1101680:C:A,0.00021,21
483024,scaffold_9:376448:C:G,0.00021,21
378701,scaffold_5:1395582:T:C,0.00021,21
158325,scaffold_18:200779:T:G,0.00021,21
9208,scaffold_10:375304:T:C,0.00021,21
289542,scaffold_3:739440:A:G,0.00021,21
156354,scaffold_18:118789:A:G,0.00021,21
397703,scaffold_6:715160:C:G,0.00021,21
337421,scaffold_4:1144036:A:G,0.00021,21
74521,scaffold_13:351612:T:C,0.00021,21
224287,scaffold_1:1899152:G:C,0.00021,21
372553,scaffold_5:1136217:A:G,0.00021,21
307885,scaffold_3:1466135:G:C,0.00021,21
425047,scaffold_7:524438:G:A,0.00021,21
461232,scaffold_8:694514:T:C,0.00021,21
259498,scaffold_2:1162081:G:C,0.00021,21
332804,scaffold_4:972843:G:A,0.00021,21
396256,scaffold_6:661624:C:T,0.00021,21
294034,scaffold_3:912639:G:A,0.00021,21
340785,scaffold_4:1317115:T:G,0.00021,21
449640,scaffold_8:213185:A:G,0.00021,21
50151,scaffold_12:196656:T:C,0.00021,21
274502,scaffold_3:169878:C:T,0.00021,21
33724,scaffold_11:457444:G:A,0.00021,21
279816,scaffold_3:371346:G:A,0.00021,21
37704,scaffold_11:617948:C:T,0.00021,21
31317,scaffold_11:325252:T:C,0.00021,21
388848,scaffold_6:373763:T:A,0.00021,21
261392,scaffold_2:1234927:T:C,0.00021,21
54728,scaffold_12:386590:G:C,0.00021,21
253485,scaffold_2:930200:C:T,0.00021,21
340973,scaffold_4:1324514:G:A,0.00021,21
219648,scaffold_1:1720455:T:C,0.00021,21
197774,scaffold_1:893228:A:G,0.00021,21
46863,scaffold_12:62546:A:G,0.00021,21
226707,scaffold_1:1988750:C:A,0.00021,21
219090,scaffold_1:1699116:C:T,0.00021,21
82477,scaffold_13:649924:C:T,0.00021,21
431286,scaffold_7:765496:A:C,0.00021,21
37234,scaffold_11:599753:G:C,0.00021,21
360880,scaffold_5:658230:A:G,0.00021,21
149923,scaffold_17:515264:T:C,0.00021,21
203095,scaffold_1:1099823:G:A,0.00021,21
312991,scaffold_4:193339:T:C,0.00021,21
427544,scaffold_7:617872:C:T,0.00021,21
466100,scaffold_8:896025:G:A,0.00021,21
219257,scaffold_1:1704404:G:A,0.00021,21
191385,scaffold_1:648671:G:A,0.00021,21
98859,scaffold_14:503524:G:A,0.00021,21
151986,scaffold_17:599102:T:C,0.00021,21
286483,scaffold_3:622516:C:T,0.00021,21
71297,scaffold_13:238109:G:C,0.00021,21
143196,scaffold_17:225005:T:C,0.00021,21
161810,scaffold_18:345629:A:G,0.00021,21
291358,scaffold_3:810635:T:C,0.00021,21
495110,scaffold_9:872450:A:G,0.00021,21
290888,scaffold_3:791689:G:A,0.00021,21
257588,scaffold_2:1089233:G:T,0.00021,21
25185,scaffold_11:63532:G:C,0.00021,21
130755,scaffold_16:373452:G:C,0.00021,21
259383,scaffold_2:1157987:T:G,0.00021,21
448443,scaffold_8:167918:C:T,0.00021,21
294525,scaffold_3:929683:A:G,0.00021,21
201966,scaffold_1:1056242:A:G,0.0002,20
271385,scaffold_3:41522:C:A,0.0002,20
378127,scaffold_5:1373979:C:T,0.0002,20
366301,scaffold_5:888228:A:G,0.0002,20
29264,scaffold_11:241858:G:C,0.0002,20
99747,scaffold_14:541082:G:A,0.0002,20
320233,scaffold_4:481652:A:C,0.0002,20
145723,scaffold_17:322057:G:A,0.0002,20
450969,scaffold_8:264947:C:T,0.0002,20
191309,scaffold_1:645735:G:T,0.0002,20
78883,scaffold_13:516116:A:G,0.0002,20
170826,scaffold_19:58556:C:A,0.0002,20
82668,scaffold_13:659259:G:C,0.0002,20
282165,scaffold_3:462583:G:C,0.0002,20
196372,scaffold_1:843060:C:T,0.0002,20
259778,scaffold_2:1174053:G:C,0.0002,20
247187,scaffold_2:658007:T:C,0.0002,20
196136,scaffold_1:834871:G:C,0.0002,20
152807,scaffold_17:630467:G:A,0.0002,20
53009,scaffold_12:307485:C:T,0.0002,20
109420,scaffold_15:185452:C:T,0.0002,20
7434,scaffold_10:303061:C:T,0.0002,20
198988,scaffold_1:942650:T:C,0.0002,20
393162,scaffold_6:536320:G:A,0.0002,20
449199,scaffold_8:197852:C:A,0.0002,20
464681,scaffold_8:831575:G:A,0.0002,20
425415,scaffold_7:537208:A:G,0.0002,20
279286,scaffold_3:352555:C:T,0.0002,20
95610,scaffold_14:363906:G:T,0.0002,20
175211,scaffold_19:254164:C:A,0.0002,20
460474,scaffold_8:664920:G:A,0.0002,20
462165,scaffold_8:731293:C:G,0.0002,20
454983,scaffold_8:433794:C:A,0.0002,20
137634,scaffold_17:5181:G:C,0.0002,20
352014,scaffold_5:302069:C:T,0.0002,20
67237,scaffold_13:82453:C:T,0.0002,20
323627,scaffold_4:621010:T:G,0.0002,20
472503,scaffold_8:1185937:A:G,0.0002,20
360385,scaffold_5:637903:A:G,0.0002,20
244655,scaffold_2:553677:G:A,0.0002,20
315480,scaffold_4:304928:T:C,0.0002,20
205444,scaffold_1:1179353:A:T,0.0002,20
252723,scaffold_2:898727:A:G,0.0002,20
477542,scaffold_9:144637:C:A,0.0002,20
8091,scaffold_10:330264:A:G,0.0002,20
144912,scaffold_17:286941:G:A,0.0002,20
351786,scaffold_5:291515:C:T,0.0002,20
433284,scaffold_7:848151:G:A,0.0002,20
490686,scaffold_9:668174:G:A,0.0002,20
251178,scaffold_2:832287:G:A,0.0002,20
200942,scaffold_1:1019918:G:C,0.0002,20
297768,scaffold_3:1064126:G:A,0.0002,20
292063,scaffold_3:835373:C:T,0.0002,20
392940,scaffold_6:527225:G:A,0.0002,20
472919,scaffold_8:1204705:C:T,0.0002,20
218573,scaffold_1:1677726:T:C,0.0002,20
364258,scaffold_5:815447:G:T,0.0002,20
308565,scaffold_4:24442:T:C,0.0002,20
24558,scaffold_11:38497:T:G,0.0002,20
156859,scaffold_18:136034:A:C,0.0002,20
298070,scaffold_3:1074468:C:T,0.0002,20
125158,scaffold_16:138134:C:T,0.0002,20
320457,scaffold_4:490495:C:T,0.0002,20
212053,scaffold_1:1427119:A:C,0.0002,20
249014,scaffold_2:746771:T:C,0.0002,20
250037,scaffold_2:785994:C:G,0.0002,20
444388,scaffold_8:11791:T:C,0.0002,20
195971,scaffold_1:829160:G:A,0.0002,20
338489,scaffold_4:1213197:T:C,0.0002,20
98837,scaffold_14:502095:A:C,0.0002,20
329826,scaffold_4:864138:G:A,0.0002,20
285154,scaffold_3:573144:G:C,0.0002,20
48589,scaffold_12:130551:G:C,0.0002,20
32875,scaffold_11:423889:G:A,0.0002,20
136752,scaffold_16:621677:C:A,0.0002,20
310952,scaffold_4:115819:G:T,0.0002,20
364303,scaffold_5:816740:T:C,0.0002,20
144893,scaffold_17:286366:G:C,0.0002,20
488191,scaffold_9:570808:C:T,0.0002,20
454424,scaffold_8:413626:T:C,0.0002,20
274110,scaffold_3:153866:G:C,0.0002,20
178550,scaffold_1:113048:A:G,0.0002,20
303257,scaffold_3:1274667:T:C,0.0002,20
483310,scaffold_9:388521:G:A,0.0002,20
155750,scaffold_18:95286:T:C,0.0002,20
299217,scaffold_3:1116832:G:A,0.0002,20
179365,scaffold_1:149500:G:A,0.0002,20
415222,scaffold_7:167590:G:A,0.0002,20
349215,scaffold_5:192418:G:C,0.0002,20
477400,scaffold_9:139557:G:A,0.0002,20
272673,scaffold_3:94515:G:C,0.0002,20
387557,scaffold_6:331182:G:A,0.0002,20
293281,scaffold_3:880190:C:A,0.0002,20
23154,scaffold_10:968902:A:T,0.0002,20
260795,scaffold_2:1213532:A:G,0.0002,20
196112,scaffold_1:834048:C:T,0.0002,20
170415,scaffold_19:39080:C:T,0.0002,20
31396,scaffold_11:328235:G:C,0.0002,20
60962,scaffold_12:637614:T:C,0.0002,20
336154,scaffold_4:1099488:G:T,0.0002,20
100117,scaffold_14:556937:C:G,0.0002,20
274441,scaffold_3:167410:T:C,0.00019,19
36120,scaffold_11:550507:C:T,0.00019,19
472004,scaffold_8:1166985:C:G,0.00019,19
279905,scaffold_3:374493:C:T,0.00019,19
437415,scaffold_7:1005071:A:G,0.00019,19
97449,scaffold_14:440471:C:T,0.00019,19
493608,scaffold_9:797010:T:C,0.00019,19
171777,scaffold_19:109758:A:G,0.00019,19
30504,scaffold_11:293651:C:T,0.00019,19
450051,scaffold_8:229279:T:C,0.00019,19
141745,scaffold_17:166331:A:G,0.00019,19
211494,scaffold_1:1407256:A:G,0.00019,19
276583,scaffold_3:251540:G:A,0.00019,19
168040,scaffold_18:591450:A:G,0.00019,19
372993,scaffold_5:1150201:A:C,0.00019,19
233506,scaffold_2:73538:T:A,0.00019,19
318927,scaffold_4:430017:G:C,0.00019,19
434166,scaffold_7:882832:C:T,0.00019,19
492241,scaffold_9:744402:A:T,0.00019,19
274392,scaffold_3:165492:A:G,0.00019,19
80944,scaffold_13:595079:C:G,0.00019,19
50485,scaffold_12:210172:G:C,0.00019,19
357452,scaffold_5:515534:A:C,0.00019,19
140844,scaffold_17:130740:G:A,0.00019,19
328506,scaffold_4:817317:C:T,0.00019,19
243970,scaffold_2:523799:T:C,0.00019,19
439509,scaffold_7:1080098:C:G,0.00019,19
150693,scaffold_17:548674:C:T,0.00019,19
146653,scaffold_17:360180:C:T,0.00019,19
289707,scaffold_3:745038:G:A,0.00019,19
38346,scaffold_11:647409:G:C,0.00019,19
102302,scaffold_14:639112:A:C,0.00019,19
427189,scaffold_7:603491:C:T,0.00019,19
131657,scaffold_16:410876:T:C,0.00019,19
307758,scaffold_3:1461245:A:G,0.00019,19
254677,scaffold_2:976690:C:T,0.00019,19
116402,scaffold_15:461296:C:T,0.00019,19
129496,scaffold_16:327622:C:G,0.00019,19
215695,scaffold_1:1570484:T:C,0.00019,19
204213,scaffold_1:1135484:G:A,0.00019,19
75785,scaffold_13:399982:A:G,0.00019,19
112886,scaffold_15:325182:T:C,0.00019,19
414070,scaffold_7:126226:A:G,0.00019,19
12733,scaffold_10:525694:A:T,0.00019,19
447848,scaffold_8:143027:G:A,0.00019,19
166695,scaffold_18:540066:G:A,0.00019,19
356202,scaffold_5:459665:A:G,0.00019,19
226754,scaffold_1:1990522:C:T,0.00019,19
170738,scaffold_19:53742:G:C,0.00019,19
312054,scaffold_4:156083:C:T,0.00019,19
347737,scaffold_5:136945:A:G,0.00019,19
230513,scaffold_1:2130942:C:T,0.00019,19
34761,scaffold_11:497480:C:T,0.00019,19
46521,scaffold_12:49920:T:C,0.00019,19
56261,scaffold_12:447116:G:T,0.00019,19
398136,scaffold_6:731316:A:G,0.00019,19
312042,scaffold_4:155584:G:T,0.00019,19
30993,scaffold_11:311299:C:T,0.00019,19
206114,scaffold_1:1204560:A:G,0.00019,19
398051,scaffold_6:728052:T:C,0.00019,19
19539,scaffold_10:808641:T:C,0.00019,19
130733,scaffold_16:372591:C:T,0.00019,19
224750,scaffold_1:1913671:T:C,0.00019,19
23096,scaffold_10:967146:C:T,0.00019,19
158020,scaffold_18:189774:G:A,0.00019,19
387038,scaffold_6:313522:A:G,0.00019,19
495331,scaffold_9:881531:G:T,0.00019,19
453286,scaffold_8:366943:A:G,0.00019,19
41386,scaffold_11:764821:G:C,0.00019,19
214621,scaffold_1:1527001:C:G,0.00019,19
320892,scaffold_4:507955:C:G,0.00019,19
183905,scaffold_1:345571:G:A,0.00019,19
190503,scaffold_1:613798:T:C,0.00019,19
11120,scaffold_10:458088:G:A,0.00019,19
319491,scaffold_4:450146:G:C,0.00019,19
137652,scaffold_17:6096:T:G,0.00019,19
11574,scaffold_10:473960:G:A,0.00019,19
151501,scaffold_17:579869:A:G,0.00019,19
161735,scaffold_18:343325:A:G,0.00019,19
296990,scaffold_3:1036204:G:C,0.00019,19
418662,scaffold_7:292820:C:G,0.00019,19
465743,scaffold_8:880017:G:A,0.00019,19
109117,scaffold_15:175325:C:T,0.00019,19
421697,scaffold_7:403537:G:A,0.00019,19
249087,scaffold_2:749127:T:C,0.00019,19
220441,scaffold_1:1750845:T:C,0.00019,19
312462,scaffold_4:174061:G:A,0.00019,19
263024,scaffold_2:1294764:C:T,0.00019,19
250000,scaffold_2:784341:G:A,0.00019,19
108548,scaffold_15:155182:A:C,0.00019,19
51553,scaffold_12:252250:G:A,0.00019,19
301562,scaffold_3:1209207:T:C,0.00019,19
57386,scaffold_12:487394:G:C,0.00019,19
277083,scaffold_3:271274:C:G,0.00019,19
460960,scaffold_8:684899:G:T,0.00019,19
230291,scaffold_1:2123571:C:T,0.00019,19
427078,scaffold_7:599457:T:C,0.00019,19
391421,scaffold_6:467962:T:C,0.00019,19
392764,scaffold_6:521614:G:C,0.00019,19
495982,scaffold_9:912316:C:G,0.00019,19
177993,scaffold_1:89336:A:G,0.00019,19
363623,scaffold_5:792890:A:G,0.00019,19
179586,scaffold_1:159972:G:A,0.00019,19
22848,scaffold_10:957438:T:G,0.00019,19
304119,scaffold_3:1313461:C:T,0.00018,18
250526,scaffold_2:803699:G:C,0.00018,18
236109,scaffold_2:186983:T:G,0.00018,18
312553,scaffold_4:178706:G:T,0.00018,18
187084,scaffold_1:470638:T:G,0.00018,18
202451,scaffold_1:1073527:A:G,0.00018,18
90366,scaffold_14:158903:A:G,0.00018,18
201393,scaffold_1:1034730:G:A,0.00018,18
481349,scaffold_9:315276:T:C,0.00018,18
279182,scaffold_3:348652:G:C,0.00018,18
237250,scaffold_2:231228:A:G,0.00018,18
370307,scaffold_5:1038509:G:C,0.00018,18
185579,scaffold_1:412863:T:C,0.00018,18
196457,scaffold_1:846242:C:G,0.00018,18
174105,scaffold_19:207882:A:T,0.00018,18
42915,scaffold_11:831505:T:C,0.00018,18
52020,scaffold_12:272603:A:G,0.00018,18
234664,scaffold_2:132057:C:T,0.00018,18
306796,scaffold_3:1424657:C:A,0.00018,18
431818,scaffold_7:786165:G:T,0.00018,18
224386,scaffold_1:1902171:C:T,0.00018,18
329032,scaffold_4:835446:C:G,0.00018,18
152683,scaffold_17:625463:C:T,0.00018,18
116752,scaffold_15:476468:A:G,0.00018,18
22396,scaffold_10:934496:G:A,0.00018,18
198725,scaffold_1:932381:G:A,0.00018,18
488446,scaffold_9:581380:A:G,0.00018,18
478897,scaffold_9:223311:A:G,0.00018,18
207057,scaffold_1:1238336:A:T,0.00018,18
158737,scaffold_18:223889:G:A,0.00018,18
102858,scaffold_14:662923:T:C,0.00018,18
255021,scaffold_2:989033:C:T,0.00018,18
221225,scaffold_1:1789593:A:C,0.00018,18
474846,scaffold_9:47477:T:C,0.00018,18
354476,scaffold_5:394912:C:T,0.00018,18
480036,scaffold_9:267469:C:T,0.00018,18
257523,scaffold_2:1085997:T:C,0.00018,18
165443,scaffold_18:490371:C:T,0.00018,18
283428,scaffold_3:510164:T:C,0.00018,18
107731,scaffold_15:120563:A:T,0.00018,18
317665,scaffold_4:384664:A:G,0.00018,18
144333,scaffold_17:268895:T:C,0.00018,18
87106,scaffold_14:23597:C:T,0.00018,18
460315,scaffold_8:657648:C:T,0.00018,18
477036,scaffold_9:129845:G:T,0.00018,18
159819,scaffold_18:267302:C:G,0.00018,18
334810,scaffold_4:1040617:C:T,0.00018,18
342660,scaffold_4:1391971:G:A,0.00018,18
370861,scaffold_5:1063757:C:G,0.00018,18
491486,scaffold_9:705279:T:C,0.00018,18
312509,scaffold_4:176693:G:A,0.00018,18
464028,scaffold_8:806345:G:C,0.00018,18
364500,scaffold_5:823976:A:G,0.00018,18
438411,scaffold_7:1039868:A:G,0.00018,18
410692,scaffold_6:1275111:G:C,0.00018,18
320125,scaffold_4:477880:T:C,0.00018,18
243692,scaffold_2:512036:T:C,0.00018,18
94165,scaffold_14:312506:C:T,0.00018,18
51019,scaffold_12:231533:A:G,0.00018,18
393715,scaffold_6:558887:C:T,0.00018,18
31166,scaffold_11:319552:C:T,0.00018,18
354659,scaffold_5:400941:G:T,0.00018,18
409107,scaffold_6:1210375:G:A,0.00018,18
381376,scaffold_6:104395:G:A,0.00018,18
100598,scaffold_14:578814:T:C,0.00018,18
270190,scaffold_2:1604908:A:G,0.00018,18
245572,scaffold_2:590559:T:G,0.00018,18
138955,scaffold_17:55058:T:C,0.00018,18
318692,scaffold_4:421684:G:A,0.00018,18
26416,scaffold_11:111135:C:T,0.00018,18
380495,scaffold_6:71569:G:C,0.00018,18
106075,scaffold_15:28145:A:G,0.00018,18
102394,scaffold_14:642220:A:G,0.00018,18
47095,scaffold_12:70868:T:C,0.00018,18
264065,scaffold_2:1339453:G:A,0.00018,18
377241,scaffold_5:1330450:T:A,0.00018,18
30480,scaffold_11:292906:C:T,0.00018,18
469453,scaffold_8:1044297:G:A,0.00018,18
143662,scaffold_17:244494:C:A,0.00018,18
405306,scaffold_6:1033671:T:C,0.00018,18
363989,scaffold_5:805411:A:G,0.00018,18
301219,scaffold_3:1195682:C:A,0.00018,18
242288,scaffold_2:454035:C:T,0.00018,18
381614,scaffold_6:111809:A:G,0.00018,18
492865,scaffold_9:768460:C:A,0.00018,18
123169,scaffold_16:37168:G:A,0.00018,18
364333,scaffold_5:817460:C:T,0.00018,18
189624,scaffold_1:580778:C:T,0.00018,18
311505,scaffold_4:135796:G:A,0.00018,18
345247,scaffold_5:28382:G:C,0.00018,18
194184,scaffold_1:754681:C:T,0.00018,18
309722,scaffold_4:66195:C:T,0.00018,18
360360,scaffold_5:636653:G:A,0.00018,18
172982,scaffold_19:166590:A:C,0.00018,18
46401,scaffold_12:44420:A:G,0.00018,18
464881,scaffold_8:842099:A:G,0.00018,18
365708,scaffold_5:865048:G:A,0.00018,18
18834,scaffold_10:763107:G:A,0.00018,18
316536,scaffold_4:343516:G:A,0.00018,18
296517,scaffold_3:1021394:G:A,0.00018,18
416143,scaffold_7:202383:A:T,0.00018,18
438279,scaffold_7:1035343:G:T,0.00018,18
198472,scaffold_1:921197:T:A,0.00018,18
421565,scaffold_7:399655:C:T,0.00018,18
274059,scaffold_3:151614:T:C,0.00018,18
140076,scaffold_17:98651:T:C,0.00018,18
124859,scaffold_16:114833:T:C,0.00018,18
274909,scaffold_3:184810:G:A,0.00018,18
433221,scaffold_7:846174:G:T,0.00018,18
239580,scaffold_2:350350:G:C,0.00018,18
247016,scaffold_2:651707:G:A,0.00018,18
391874,scaffold_6:488785:G:A,0.00018,18
336647,scaffold_4:1118133:G:A,0.00018,18
411748,scaffold_7:32278:T:C,0.00018,18
425808,scaffold_7:551021:A:G,0.00018,18
428450,scaffold_7:651633:T:G,0.00018,18
200680,scaffold_1:1010893:C:G,0.00018,18
400928,scaffold_6:841135:C:G,0.00018,18
192488,scaffold_1:691782:T:C,0.00018,18
8619,scaffold_10:352176:A:G,0.00018,18
19989,scaffold_10:830751:A:G,0.00018,18
430888,scaffold_7:751594:T:C,0.00018,18
432762,scaffold_7:823613:C:T,0.00018,18
171589,scaffold_19:102082:A:G,0.00018,18
429836,scaffold_7:709926:G:A,0.00018,18
416512,scaffold_7:215020:T:G,0.00018,18
466342,scaffold_8:906707:A:G,0.00018,18
196580,scaffold_1:851130:G:T,0.00018,18
56098,scaffold_12:439623:T:C,0.00018,18
227606,scaffold_1:2018601:A:G,0.00018,18
111079,scaffold_15:251221:C:G,0.00018,18
270398,scaffold_3:1241:T:A,0.00018,18
470784,scaffold_8:1099609:T:C,0.00018,18
461929,scaffold_8:723260:C:T,0.00018,18
130227,scaffold_16:354276:A:G,0.00018,18
455659,scaffold_8:466791:T:C,0.00018,18
474311,scaffold_9:28818:G:A,0.00018,18
309957,scaffold_4:80628:G:C,0.00018,18
166432,scaffold_18:530621:C:T,0.00018,18
339391,scaffold_4:1247814:T:C,0.00018,18
242349,scaffold_2:456451:A:C,0.00018,18
90247,scaffold_14:154324:G:A,0.00018,18
405218,scaffold_6:1028759:A:G,0.00018,18
240446,scaffold_2:384766:C:T,0.00018,18
286912,scaffold_3:636657:G:T,0.00018,18
7049,scaffold_10:287298:T:G,0.00018,18
304118,scaffold_3:1313458:T:C,0.00018,18
19967,scaffold_10:829547:C:T,0.00018,18
66564,scaffold_13:54609:A:G,0.00018,18
213217,scaffold_1:1477047:G:A,0.00018,18
155099,scaffold_18:70374:T:C,0.00017,17
167464,scaffold_18:567333:T:C,0.00017,17
102191,scaffold_14:636093:A:G,0.00017,17
422551,scaffold_7:434856:C:A,0.00017,17
273049,scaffold_3:110779:T:C,0.00017,17
96016,scaffold_14:378730:G:A,0.00017,17
100990,scaffold_14:591609:C:G,0.00017,17
30828,scaffold_11:305852:C:T,0.00017,17
301555,scaffold_3:1208919:C:G,0.00017,17
266731,scaffold_2:1447182:A:C,0.00017,17
29807,scaffold_11:265139:T:A,0.00017,17
52246,scaffold_12:281111:C:G,0.00017,17
102889,scaffold_14:663803:G:T,0.00017,17
279674,scaffold_3:367073:C:T,0.00017,17
486593,scaffold_9:507851:G:A,0.00017,17
60012,scaffold_12:599490:A:G,0.00017,17
227901,scaffold_1:2027663:C:T,0.00017,17
87327,scaffold_14:42274:C:G,0.00017,17
439929,scaffold_7:1096329:C:T,0.00017,17
123590,scaffold_16:59355:A:T,0.00017,17
20715,scaffold_10:860353:C:A,0.00017,17
72934,scaffold_13:295353:G:A,0.00017,17
360066,scaffold_5:625519:G:A,0.00017,17
419725,scaffold_7:329900:C:T,0.00017,17
182288,scaffold_1:278118:C:T,0.00017,17
118799,scaffold_15:553141:G:A,0.00017,17
138654,scaffold_17:43729:C:A,0.00017,17
396515,scaffold_6:673354:T:G,0.00017,17
177741,scaffold_1:80317:A:C,0.00017,17
134266,scaffold_16:518890:C:T,0.00017,17
439278,scaffold_7:1071493:T:C,0.00017,17
455397,scaffold_8:453488:C:T,0.00017,17
223001,scaffold_1:1851621:G:A,0.00017,17
54434,scaffold_12:375872:C:A,0.00017,17
441571,scaffold_7:1162158:T:G,0.00017,17
130315,scaffold_16:357512:A:T,0.00017,17
376011,scaffold_5:1280825:G:C,0.00017,17
131688,scaffold_16:412844:A:G,0.00017,17
224453,scaffold_1:1904314:T:C,0.00017,17
335422,scaffold_4:1071522:T:G,0.00017,17
473590,scaffold_8:1241895:A:C,0.00017,17
257162,scaffold_2:1071192:A:G,0.00017,17
359592,scaffold_5:606953:C:G,0.00017,17
265144,scaffold_2:1380402:T:C,0.00017,17
153378,scaffold_18:4431:T:C,0.00017,17
124793,scaffold_16:112565:A:G,0.00017,17
240892,scaffold_2:401384:A:G,0.00017,17
316303,scaffold_4:336024:C:G,0.00017,17
373550,scaffold_5:1181078:T:C,0.00017,17
486720,scaffold_9:513492:G:T,0.00017,17
259666,scaffold_2:1168906:T:C,0.00017,17
470019,scaffold_8:1066682:G:T,0.00017,17
161675,scaffold_18:340331:G:A,0.00017,17
92599,scaffold_14:251101:C:T,0.00017,17
255708,scaffold_2:1015199:C:A,0.00017,17
460460,scaffold_8:664413:T:A,0.00017,17
453132,scaffold_8:361378:C:T,0.00017,17
18489,scaffold_10:748037:T:C,0.00017,17
86628,scaffold_14:7891:A:G,0.00017,17
408490,scaffold_6:1184962:G:A,0.00017,17
127834,scaffold_16:264619:T:C,0.00017,17
55192,scaffold_12:402886:A:G,0.00017,17
326427,scaffold_4:730492:G:C,0.00017,17
447178,scaffold_8:117005:T:C,0.00017,17
432677,scaffold_7:820825:G:A,0.00017,17
140623,scaffold_17:120157:G:A,0.00017,17
343962,scaffold_4:1450234:G:C,0.00017,17
361272,scaffold_5:674672:C:A,0.00017,17
383785,scaffold_6:192109:C:T,0.00017,17
321317,scaffold_4:527519:C:T,0.00017,17
181034,scaffold_1:225440:T:C,0.00017,17
215634,scaffold_1:1568282:C:T,0.00017,17
160893,scaffold_18:308909:C:A,0.00017,17
105690,scaffold_15:11926:C:T,0.00017,17
46375,scaffold_12:43590:A:G,0.00017,17
202030,scaffold_1:1059048:C:T,0.00017,17
229776,scaffold_1:2099481:C:T,0.00017,17
469753,scaffold_8:1057027:C:A,0.00017,17
148411,scaffold_17:438448:C:T,0.00017,17
356796,scaffold_5:484256:T:C,0.00017,17
376887,scaffold_5:1316729:A:T,0.00017,17
424968,scaffold_7:522187:C:T,0.00017,17
365629,scaffold_5:861921:G:A,0.00017,17
325353,scaffold_4:688873:T:G,0.00017,17
174929,scaffold_19:242575:G:A,0.00017,17
17835,scaffold_10:722066:C:A,0.00017,17
137897,scaffold_17:14116:A:C,0.00017,17
108590,scaffold_15:156546:G:A,0.00017,17
80906,scaffold_13:592869:C:T,0.00017,17
353688,scaffold_5:367883:C:T,0.00017,17
466235,scaffold_8:902572:G:A,0.00017,17
45555,scaffold_12:7325:G:A,0.00017,17
369240,scaffold_5:996527:C:T,0.00017,17
336460,scaffold_4:1110518:G:A,0.00017,17
361900,scaffold_5:718890:C:T,0.00017,17
21862,scaffold_10:911413:C:T,0.00017,17
472175,scaffold_8:1174935:G:A,0.00017,17
200666,scaffold_1:1010532:A:G,0.00017,17
315638,scaffold_4:310623:G:C,0.00017,17
427787,scaffold_7:627968:T:C,0.00017,17
160539,scaffold_18:295155:C:T,0.00017,17
435552,scaffold_7:938595:G:A,0.00017,17
151364,scaffold_17:574426:A:G,0.00017,17
315014,scaffold_4:288895:T:C,0.00017,17
295593,scaffold_3:983586:C:A,0.00017,17
260707,scaffold_2:1210216:C:G,0.00017,17
290710,scaffold_3:785428:G:A,0.00017,17
339238,scaffold_4:1241027:C:T,0.00017,17
239009,scaffold_2:323319:C:T,0.00017,17
294612,scaffold_3:932699:A:G,0.00017,17
441453,scaffold_7:1158331:T:C,0.00017,17
326851,scaffold_4:744640:G:A,0.00017,17
385992,scaffold_6:272209:A:T,0.00017,17
281708,scaffold_3:447770:A:G,0.00017,17
257821,scaffold_2:1098761:T:C,0.00017,17
208495,scaffold_1:1300314:T:C,0.00017,17
208709,scaffold_1:1307407:T:C,0.00017,17
435649,scaffold_7:942497:G:A,0.00017,17
98796,scaffold_14:500373:A:T,0.00017,17
139724,scaffold_17:85800:A:G,0.00017,17
385459,scaffold_6:253349:T:C,0.00017,17
433894,scaffold_7:872717:T:C,0.00017,17
459767,scaffold_8:635952:C:T,0.00017,17
79876,scaffold_13:551341:C:T,0.00017,17
426587,scaffold_7:579120:G:T,0.00016,16
396193,scaffold_6:657691:A:G,0.00016,16
30030,scaffold_11:275262:C:T,0.00016,16
314742,scaffold_4:277656:G:A,0.00016,16
312626,scaffold_4:181225:C:T,0.00016,16
277955,scaffold_3:302715:T:C,0.00016,16
333015,scaffold_4:980384:C:T,0.00016,16
115690,scaffold_15:438417:C:G,0.00016,16
476086,scaffold_9:95025:A:G,0.00016,16
38213,scaffold_11:642733:C:T,0.00016,16
40901,scaffold_11:746132:G:A,0.00016,16
116730,scaffold_15:475504:T:C,0.00016,16
238027,scaffold_2:269393:A:G,0.00016,16
343665,scaffold_4:1438735:C:T,0.00016,16
201489,scaffold_1:1038283:G:A,0.00016,16
259499,scaffold_2:1162092:T:C,0.00016,16
428564,scaffold_7:657163:C:A,0.00016,16
396859,scaffold_6:683348:G:C,0.00016,16
145074,scaffold_17:292983:C:A,0.00016,16
60356,scaffold_12:613660:T:G,0.00016,16
246320,scaffold_2:620332:A:C,0.00016,16
369724,scaffold_5:1015344:T:A,0.00016,16
369308,scaffold_5:998922:T:G,0.00016,16
475536,scaffold_9:70668:C:T,0.00016,16
95916,scaffold_14:375135:T:C,0.00016,16
137803,scaffold_17:11691:T:C,0.00016,16
136534,scaffold_16:614742:T:G,0.00016,16
170008,scaffold_19:23839:C:T,0.00016,16
344456,scaffold_5:2192:C:T,0.00016,16
484853,scaffold_9:445070:A:G,0.00016,16
230518,scaffold_1:2131285:C:A,0.00016,16
440772,scaffold_7:1129468:C:T,0.00016,16
225101,scaffold_1:1927148:C:G,0.00016,16
104492,scaffold_14:725108:C:T,0.00016,16
400986,scaffold_6:842958:G:C,0.00016,16
264520,scaffold_2:1357217:G:A,0.00016,16
91628,scaffold_14:219410:G:C,0.00016,16
142408,scaffold_17:194662:C:T,0.00016,16
445808,scaffold_8:63558:C:T,0.00016,16
187008,scaffold_1:467836:G:A,0.00016,16
391457,scaffold_6:473726:C:A,0.00016,16
453089,scaffold_8:357868:A:G,0.00016,16
249239,scaffold_2:755527:G:C,0.00016,16
29739,scaffold_11:262601:G:C,0.00016,16
387236,scaffold_6:320040:A:G,0.00016,16
2184,scaffold_10:84506:G:A,0.00016,16
440590,scaffold_7:1121432:C:T,0.00016,16
222185,scaffold_1:1821810:G:A,0.00016,16
132170,scaffold_16:430116:T:C,0.00016,16
15548,scaffold_10:635598:C:T,0.00016,16
84688,scaffold_13:737248:G:A,0.00016,16
147577,scaffold_17:403317:G:A,0.00016,16
321629,scaffold_4:539917:A:T,0.00016,16
425038,scaffold_7:524165:A:G,0.00016,16
435931,scaffold_7:952451:A:G,0.00016,16
52071,scaffold_12:274560:G:A,0.00016,16
180166,scaffold_1:190937:C:G,0.00016,16
86716,scaffold_14:11027:G:A,0.00016,16
438705,scaffold_7:1050968:G:A,0.00016,16
357191,scaffold_5:504973:C:G,0.00016,16
29138,scaffold_11:236048:C:A,0.00016,16
450907,scaffold_8:262730:T:A,0.00016,16
299007,scaffold_3:1109378:T:C,0.00016,16
222665,scaffold_1:1838835:C:T,0.00016,16
331123,scaffold_4:909138:A:G,0.00016,16
428340,scaffold_7:647791:A:T,0.00016,16
172287,scaffold_19:129941:T:C,0.00016,16
254970,scaffold_2:986886:G:A,0.00016,16
255531,scaffold_2:1007124:C:T,0.00016,16
357962,scaffold_5:540770:C:A,0.00016,16
336892,scaffold_4:1127520:G:C,0.00016,16
324670,scaffold_4:662567:C:T,0.00016,16
83427,scaffold_13:686354:G:A,0.00016,16
33095,scaffold_11:433978:G:A,0.00016,16
336425,scaffold_4:1109070:T:C,0.00016,16
59693,scaffold_12:587092:C:T,0.00016,16
3027,scaffold_10:117949:C:T,0.00016,16
361128,scaffold_5:668739:A:C,0.00016,16
408829,scaffold_6:1199197:T:C,0.00016,16
431626,scaffold_7:778323:G:A,0.00016,16
442318,scaffold_7:1192265:A:G,0.00016,16
24520,scaffold_11:37248:G:A,0.00016,16
259584,scaffold_2:1165653:T:C,0.00016,16
127648,scaffold_16:254155:A:G,0.00016,16
409427,scaffold_6:1224286:C:T,0.00016,16
17361,scaffold_10:702785:G:C,0.00016,16
436273,scaffold_7:965200:A:G,0.00016,16
365323,scaffold_5:851060:C:T,0.00016,16
320413,scaffold_4:489051:C:T,0.00016,16
293853,scaffold_3:905357:C:T,0.00016,16
24645,scaffold_11:40807:C:A,0.00016,16
216415,scaffold_1:1598619:G:A,0.00016,16
160508,scaffold_18:293695:A:G,0.00016,16
454012,scaffold_8:397263:T:C,0.00016,16
271025,scaffold_3:24028:C:T,0.00016,16
269152,scaffold_2:1562761:G:A,0.00016,16
429310,scaffold_7:686533:C:T,0.00016,16
267694,scaffold_2:1488327:T:C,0.00016,16
14852,scaffold_10:608540:C:G,0.00016,16
411828,scaffold_7:35016:T:C,0.00016,16
327861,scaffold_4:789196:G:A,0.00016,16
99638,scaffold_14:536915:A:G,0.00016,16
156574,scaffold_18:126381:C:T,0.00016,16
483363,scaffold_9:390585:C:T,0.00016,16
189389,scaffold_1:571789:G:C,0.00016,16
226008,scaffold_1:1960779:G:A,0.00016,16
72180,scaffold_13:268063:C:G,0.00016,16
20451,scaffold_10:849420:A:G,0.00016,16
389749,scaffold_6:407119:C:T,0.00016,16
230295,scaffold_1:2123685:T:G,0.00016,16
402520,scaffold_6:904003:C:A,0.00016,16
234185,scaffold_2:105209:G:C,0.00016,16
267478,scaffold_2:1479641:T:C,0.00016,16
442310,scaffold_7:1192140:T:C,0.00016,16
419274,scaffold_7:314195:T:C,0.00016,16
47630,scaffold_12:92395:G:A,0.00016,16
129187,scaffold_16:314741:T:G,0.00016,16
14225,scaffold_10:584756:G:A,0.00016,16
183349,scaffold_1:323741:G:A,0.00016,16
172809,scaffold_19:155304:C:T,0.00016,16
116917,scaffold_15:481177:G:T,0.00016,16
372571,scaffold_5:1136868:T:C,0.00016,16
98110,scaffold_14:473761:G:C,0.00016,16
43005,scaffold_11:835631:A:C,0.00016,16
94498,scaffold_14:323365:T:C,0.00016,16
202354,scaffold_1:1070276:C:G,0.00016,16
468233,scaffold_8:990902:C:G,0.00016,16
313409,scaffold_4:208840:G:A,0.00016,16
439050,scaffold_7:1063587:C:G,0.00016,16
296237,scaffold_3:1010804:G:C,0.00016,16
136887,scaffold_16:631580:C:A,0.00016,16
435005,scaffold_7:919411:A:C,0.00016,16
268120,scaffold_2:1507481:T:C,0.00016,16
278958,scaffold_3:339184:A:G,0.00016,16
60081,scaffold_12:601735:T:A,0.00016,16
206767,scaffold_1:1228711:G:A,0.00016,16
2383,scaffold_10:92238:T:C,0.00016,16
100950,scaffold_14:590630:G:T,0.00016,16
68211,scaffold_13:118635:A:G,0.00016,16
47367,scaffold_12:81171:A:C,0.00016,16
286850,scaffold_3:634483:C:T,0.00016,16
451766,scaffold_8:298402:C:T,0.00016,16
273294,scaffold_3:121204:C:G,0.00016,16
91277,scaffold_14:197259:G:A,0.00016,16
89728,scaffold_14:133337:C:T,0.00016,16
447179,scaffold_8:117095:A:G,0.00016,16
451140,scaffold_8:272503:C:T,0.00016,16
394480,scaffold_6:592650:C:T,0.00015,15
20140,scaffold_10:836044:G:A,0.00015,15
145054,scaffold_17:291982:G:A,0.00015,15
376161,scaffold_5:1286554:C:T,0.00015,15
24716,scaffold_11:43658:C:A,0.00015,15
339683,scaffold_4:1264521:C:T,0.00015,15
29022,scaffold_11:230472:G:C,0.00015,15
412817,scaffold_7:81433:G:T,0.00015,15
188339,scaffold_1:528603:G:A,0.00015,15
310068,scaffold_4:85097:A:G,0.00015,15
117301,scaffold_15:496674:T:C,0.00015,15
198632,scaffold_1:928402:G:C,0.00015,15
400031,scaffold_6:806218:T:C,0.00015,15
105966,scaffold_15:23155:C:T,0.00015,15
331516,scaffold_4:922898:G:A,0.00015,15
174688,scaffold_19:232361:G:T,0.00015,15
214642,scaffold_1:1527911:T:C,0.00015,15
110863,scaffold_15:234168:C:T,0.00015,15
166989,scaffold_18:550908:C:G,0.00015,15
245557,scaffold_2:590253:T:C,0.00015,15
466838,scaffold_8:933437:C:T,0.00015,15
125813,scaffold_16:161962:A:G,0.00015,15
268617,scaffold_2:1534091:G:A,0.00015,15
493483,scaffold_9:791193:G:C,0.00015,15
203183,scaffold_1:1102343:C:T,0.00015,15
261036,scaffold_2:1221985:G:A,0.00015,15
126777,scaffold_16:207299:T:A,0.00015,15
33837,scaffold_11:461986:G:T,0.00015,15
246388,scaffold_2:623318:G:T,0.00015,15
18565,scaffold_10:751061:G:A,0.00015,15
150706,scaffold_17:549280:G:A,0.00015,15
146533,scaffold_17:354717:A:G,0.00015,15
100351,scaffold_14:566598:A:G,0.00015,15
281695,scaffold_3:447340:T:C,0.00015,15
452837,scaffold_8:348341:G:A,0.00015,15
155915,scaffold_18:102986:G:A,0.00015,15
1609,scaffold_10:61376:G:A,0.00015,15
163515,scaffold_18:411670:A:G,0.00015,15
393702,scaffold_6:558210:C:A,0.00015,15
153646,scaffold_18:15773:G:A,0.00015,15
55919,scaffold_12:432070:G:A,0.00015,15
59893,scaffold_12:595147:A:C,0.00015,15
466420,scaffold_8:909178:G:A,0.00015,15
456080,scaffold_8:482231:T:C,0.00015,15
112975,scaffold_15:328584:G:A,0.00015,15
170503,scaffold_19:44165:A:G,0.00015,15
109649,scaffold_15:192398:C:T,0.00015,15
279024,scaffold_3:341979:C:T,0.00015,15
187732,scaffold_1:494924:G:A,0.00015,15
278092,scaffold_3:308340:G:A,0.00015,15
337505,scaffold_4:1147286:A:G,0.00015,15
103421,scaffold_14:684477:C:G,0.00015,15
415937,scaffold_7:195540:A:G,0.00015,15
404304,scaffold_6:979407:C:G,0.00015,15
257601,scaffold_2:1089697:C:G,0.00015,15
424124,scaffold_7:489838:A:G,0.00015,15
48102,scaffold_12:112232:T:A,0.00015,15
133933,scaffold_16:505752:T:C,0.00015,15
362504,scaffold_5:744759:A:C,0.00015,15
41911,scaffold_11:786208:G:T,0.00015,15
229673,scaffold_1:2095752:A:G,0.00015,15
269613,scaffold_2:1582430:C:T,0.00015,15
208493,scaffold_1:1300296:C:G,0.00015,15
333833,scaffold_4:1007602:T:G,0.00015,15
94101,scaffold_14:310264:G:A,0.00015,15
148759,scaffold_17:452857:C:T,0.00015,15
144203,scaffold_17:264544:T:C,0.00015,15
468138,scaffold_8:986083:A:G,0.00015,15
216068,scaffold_1:1585868:C:T,0.00015,15
389005,scaffold_6:379415:T:C,0.00015,15
125707,scaffold_16:156817:G:T,0.00015,15
487933,scaffold_9:561527:G:C,0.00015,15
396100,scaffold_6:653768:C:G,0.00015,15
69019,scaffold_13:151133:G:C,0.00015,15
12126,scaffold_10:491143:T:C,0.00015,15
483215,scaffold_9:383615:C:T,0.00015,15
321098,scaffold_4:516973:G:A,0.00015,15
39871,scaffold_11:709592:C:T,0.00015,15
181268,scaffold_1:233886:G:C,0.00015,15
276641,scaffold_3:253469:A:G,0.00015,15
396682,scaffold_6:678386:T:A,0.00015,15
241054,scaffold_2:407136:G:T,0.00015,15
317681,scaffold_4:385208:G:A,0.00015,15
19716,scaffold_10:816206:A:G,0.00015,15
423420,scaffold_7:466851:A:G,0.00015,15
10737,scaffold_10:436496:G:T,0.00015,15
162082,scaffold_18:354670:C:T,0.00015,15
268398,scaffold_2:1521269:G:A,0.00015,15
196237,scaffold_1:838234:C:T,0.00015,15
4316,scaffold_10:171878:C:T,0.00015,15
402043,scaffold_6:885682:G:A,0.00015,15
129338,scaffold_16:321066:G:T,0.00015,15
476628,scaffold_9:115797:T:C,0.00015,15
129478,scaffold_16:326937:A:G,0.00015,15
386212,scaffold_6:279538:G:A,0.00015,15
331215,scaffold_4:912385:T:A,0.00015,15
213732,scaffold_1:1494390:G:C,0.00015,15
408347,scaffold_6:1179935:T:C,0.00015,15
368163,scaffold_5:955027:C:T,0.00015,15
402755,scaffold_6:913421:T:C,0.00015,15
298897,scaffold_3:1105400:G:A,0.00015,15
263097,scaffold_2:1297611:G:A,0.00015,15
91422,scaffold_14:202113:T:G,0.00015,15
301093,scaffold_3:1190611:G:A,0.00015,15
405480,scaffold_6:1041385:G:A,0.00015,15
232419,scaffold_2:30685:A:C,0.00015,15
428231,scaffold_7:644317:C:A,0.00015,15
117328,scaffold_15:497370:G:A,0.00015,15
242501,scaffold_2:461496:A:T,0.00015,15
33488,scaffold_11:448474:C:T,0.00015,15
373921,scaffold_5:1193577:T:G,0.00015,15
144173,scaffold_17:263342:C:A,0.00015,15
102435,scaffold_14:643749:C:T,0.00015,15
381183,scaffold_6:95881:C:A,0.00015,15
383882,scaffold_6:196002:G:C,0.00015,15
23366,scaffold_10:977945:C:T,0.00015,15
59023,scaffold_12:555501:C:G,0.00015,15
303381,scaffold_3:1280397:G:T,0.00015,15
179675,scaffold_1:164523:T:C,0.00015,15
398541,scaffold_6:746344:C:G,0.00015,15
466390,scaffold_8:907950:C:A,0.00015,15
75030,scaffold_13:370094:T:A,0.00015,15
7340,scaffold_10:299544:A:G,0.00015,15
350011,scaffold_5:222996:C:T,0.00015,15
227353,scaffold_1:2011009:G:C,0.00015,15
82914,scaffold_13:667846:C:T,0.00015,15
164948,scaffold_18:468807:C:T,0.00015,15
156755,scaffold_18:132379:G:C,0.00015,15
305071,scaffold_3:1344427:C:A,0.00015,15
151913,scaffold_17:595994:C:T,0.00015,15
226723,scaffold_1:1989292:C:T,0.00015,15
322859,scaffold_4:593436:G:A,0.00015,15
142441,scaffold_17:195826:A:G,0.00015,15
421755,scaffold_7:405992:C:T,0.00015,15
19254,scaffold_10:798716:G:A,0.00015,15
421596,scaffold_7:400792:C:G,0.00015,15
398031,scaffold_6:727185:C:T,0.00015,15
179886,scaffold_1:176851:T:C,0.00015,15
439768,scaffold_7:1089290:A:G,0.00015,15
402145,scaffold_6:888962:A:G,0.00015,15
441303,scaffold_7:1151497:G:A,0.00015,15
267494,scaffold_2:1479888:T:C,0.00015,15
325172,scaffold_4:681702:A:G,0.00015,15
302594,scaffold_3:1249308:G:A,0.00015,15
222046,scaffold_1:1815973:T:C,0.00015,15
63587,scaffold_12:762580:C:T,0.00015,15
468559,scaffold_8:1004306:C:T,0.00015,15
137849,scaffold_17:12808:C:G,0.00015,15
451116,scaffold_8:271347:G:A,0.00015,15
89839,scaffold_14:138175:T:C,0.00015,15
276541,scaffold_3:250326:C:T,0.00015,15
151110,scaffold_17:566024:C:G,0.00015,15
338805,scaffold_4:1225062:G:A,0.00015,15
402913,scaffold_6:919951:C:T,0.00015,15
309441,scaffold_4:56139:T:A,0.00015,15
66280,scaffold_13:40789:T:C,0.00015,15
27779,scaffold_11:171333:T:C,0.00015,15
132382,scaffold_16:438600:C:T,0.00015,15
120394,scaffold_15:617996:C:G,0.00015,15
73855,scaffold_13:330490:T:C,0.00014,14
255282,scaffold_2:997939:T:C,0.00014,14
442270,scaffold_7:1191347:G:T,0.00014,14
360290,scaffold_5:633620:G:A,0.00014,14
129911,scaffold_16:342680:C:A,0.00014,14
37455,scaffold_11:608889:A:C,0.00014,14
386366,scaffold_6:284743:C:A,0.00014,14
272761,scaffold_3:97953:G:C,0.00014,14
406543,scaffold_6:1094546:T:C,0.00014,14
142782,scaffold_17:208487:T:C,0.00014,14
293095,scaffold_3:872934:G:A,0.00014,14
413994,scaffold_7:122998:C:T,0.00014,14
139650,scaffold_17:83783:T:C,0.00014,14
76422,scaffold_13:425926:G:A,0.00014,14
290377,scaffold_3:773571:C:G,0.00014,14
171817,scaffold_19:111424:A:G,0.00014,14
33626,scaffold_11:454151:G:A,0.00014,14
432667,scaffold_7:820504:C:G,0.00014,14
215454,scaffold_1:1561280:A:T,0.00014,14
383352,scaffold_6:175915:G:A,0.00014,14
456975,scaffold_8:520527:G:A,0.00014,14
493726,scaffold_9:805732:C:T,0.00014,14
57367,scaffold_12:486597:A:C,0.00014,14
287432,scaffold_3:656071:A:G,0.00014,14
337361,scaffold_4:1141781:C:A,0.00014,14
25677,scaffold_11:82151:T:C,0.00014,14
452938,scaffold_8:352933:T:C,0.00014,14
260653,scaffold_2:1207736:C:A,0.00014,14
188800,scaffold_1:547140:T:A,0.00014,14
171799,scaffold_19:110895:G:C,0.00014,14
332724,scaffold_4:970263:A:G,0.00014,14
336264,scaffold_4:1103213:C:A,0.00014,14
370319,scaffold_5:1038789:G:C,0.00014,14
101803,scaffold_14:621336:T:C,0.00014,14
156920,scaffold_18:138141:A:C,0.00014,14
307099,scaffold_3:1435578:C:T,0.00014,14
155696,scaffold_18:93062:T:C,0.00014,14
72191,scaffold_13:268333:T:A,0.00014,14
12975,scaffold_10:534361:C:G,0.00014,14
452872,scaffold_8:349477:C:T,0.00014,14
385944,scaffold_6:270329:A:C,0.00014,14
98685,scaffold_14:495991:G:A,0.00014,14
195868,scaffold_1:825906:G:T,0.00014,14
86089,scaffold_13:798204:G:A,0.00014,14
56293,scaffold_12:448576:T:C,0.00014,14
463623,scaffold_8:790113:G:C,0.00014,14
157015,scaffold_18:142579:C:T,0.00014,14
200777,scaffold_1:1014190:C:G,0.00014,14
61668,scaffold_12:671881:C:A,0.00014,14
494984,scaffold_9:864710:G:A,0.00014,14
354409,scaffold_5:393078:T:C,0.00014,14
242461,scaffold_2:460074:T:C,0.00014,14
162851,scaffold_18:386557:A:G,0.00014,14
228843,scaffold_1:2064924:A:T,0.00014,14
12241,scaffold_10:495689:G:T,0.00014,14
109562,scaffold_15:190070:G:A,0.00014,14
213723,scaffold_1:1494100:T:A,0.00014,14
69026,scaffold_13:151280:G:A,0.00014,14
329928,scaffold_4:867870:A:G,0.00014,14
221009,scaffold_1:1779242:G:A,0.00014,14
448353,scaffold_8:164423:T:C,0.00014,14
438193,scaffold_7:1031891:G:C,0.00014,14
372966,scaffold_5:1149315:C:T,0.00014,14
100637,scaffold_14:579761:A:G,0.00014,14
160693,scaffold_18:300607:T:C,0.00014,14
494033,scaffold_9:820681:G:C,0.00014,14
113632,scaffold_15:354466:A:C,0.00014,14
6466,scaffold_10:264267:A:G,0.00014,14
242565,scaffold_2:464043:A:G,0.00014,14
321587,scaffold_4:537934:T:A,0.00014,14
41968,scaffold_11:788750:C:T,0.00014,14
241368,scaffold_2:418914:A:G,0.00014,14
402261,scaffold_6:893795:T:G,0.00014,14
66778,scaffold_13:62447:A:G,0.00014,14
465355,scaffold_8:862260:G:C,0.00014,14
473755,scaffold_9:6548:G:A,0.00014,14
85685,scaffold_13:779537:T:C,0.00014,14
176356,scaffold_1:23707:A:G,0.00014,14
297460,scaffold_3:1054089:C:T,0.00014,14
198832,scaffold_1:936673:C:G,0.00014,14
252345,scaffold_2:881837:T:C,0.00014,14
65821,scaffold_13:24462:C:T,0.00014,14
269823,scaffold_2:1590111:G:A,0.00014,14
245722,scaffold_2:597514:G:C,0.00014,14
231965,scaffold_2:12523:C:T,0.00014,14
231210,scaffold_1:2156562:C:T,0.00014,14
61291,scaffold_12:651582:T:G,0.00014,14
291077,scaffold_3:799896:G:A,0.00014,14
480289,scaffold_9:276966:C:G,0.00014,14
207544,scaffold_1:1264928:C:T,0.00014,14
218204,scaffold_1:1661143:C:T,0.00014,14
244530,scaffold_2:548809:C:T,0.00014,14
384474,scaffold_6:215371:G:A,0.00014,14
197400,scaffold_1:879277:A:G,0.00014,14
190057,scaffold_1:598090:C:G,0.00014,14
156479,scaffold_18:122406:G:C,0.00014,14
486874,scaffold_9:520579:G:A,0.00014,14
276886,scaffold_3:263697:C:T,0.00014,14
35145,scaffold_11:512402:A:G,0.00014,14
263206,scaffold_2:1301968:G:T,0.00014,14
313166,scaffold_4:200703:C:T,0.00014,14
428666,scaffold_7:662257:C:T,0.00014,14
310991,scaffold_4:117827:G:A,0.00014,14
455231,scaffold_8:444568:G:C,0.00014,14
19915,scaffold_10:827011:T:C,0.00014,14
463016,scaffold_8:766255:G:A,0.00014,14
328972,scaffold_4:834005:C:A,0.00014,14
287261,scaffold_3:650616:C:T,0.00014,14
421011,scaffold_7:379274:C:G,0.00014,14
197559,scaffold_1:884928:C:G,0.00014,14
407914,scaffold_6:1164691:G:A,0.00014,14
243142,scaffold_2:488511:G:A,0.00014,14
365190,scaffold_5:846949:C:G,0.00014,14
99582,scaffold_14:534350:A:T,0.00014,14
345160,scaffold_5:25028:A:G,0.00014,14
470525,scaffold_8:1091530:A:T,0.00014,14
11027,scaffold_10:454590:G:A,0.00014,14
262783,scaffold_2:1283820:C:T,0.00014,14
173506,scaffold_19:186347:T:C,0.00014,14
337911,scaffold_4:1195348:C:T,0.00014,14
448216,scaffold_8:157957:C:T,0.00014,14
350697,scaffold_5:247433:C:G,0.00014,14
354403,scaffold_5:392805:T:C,0.00014,14
358997,scaffold_5:577843:G:A,0.00014,14
431894,scaffold_7:789186:A:C,0.00014,14
115960,scaffold_15:446905:C:T,0.00014,14
151101,scaffold_17:565597:C:G,0.00014,14
295001,scaffold_3:946965:G:C,0.00014,14
254362,scaffold_2:964183:G:C,0.00014,14
431620,scaffold_7:778098:G:A,0.00014,14
327520,scaffold_4:776480:G:C,0.00014,14
462881,scaffold_8:761356:C:T,0.00014,14
406028,scaffold_6:1066210:T:A,0.00014,14
364015,scaffold_5:806284:C:T,0.00014,14
213546,scaffold_1:1489164:T:G,0.00014,14
374578,scaffold_5:1218745:C:T,0.00014,14
132952,scaffold_16:463014:G:A,0.00014,14
288942,scaffold_3:716289:A:T,0.00014,14
58795,scaffold_12:543667:G:C,0.00014,14
470868,scaffold_8:1125646:A:G,0.00014,14
100332,scaffold_14:566154:C:A,0.00014,14
138572,scaffold_17:40409:A:G,0.00014,14
350949,scaffold_5:257006:G:A,0.00014,14
371377,scaffold_5:1087918:C:T,0.00014,14
487184,scaffold_9:534083:T:A,0.00014,14
459343,scaffold_8:617281:A:G,0.00014,14
15305,scaffold_10:624428:A:G,0.00014,14
170449,scaffold_19:41376:C:A,0.00014,14
77311,scaffold_13:461890:C:T,0.00014,14
232485,scaffold_2:33013:C:A,0.00014,14
93607,scaffold_14:290848:T:C,0.00014,14
318357,scaffold_4:410131:G:A,0.00014,14
306180,scaffold_3:1396195:G:A,0.00014,14
485064,scaffold_9:453974:G:A,0.00013,13
20019,scaffold_10:831886:T:C,0.00013,13
471070,scaffold_8:1133874:A:G,0.00013,13
462705,scaffold_8:755295:G:A,0.00013,13
310738,scaffold_4:108169:T:G,0.00013,13
142739,scaffold_17:207090:G:C,0.00013,13
231619,scaffold_1:2171898:T:G,0.00013,13
245077,scaffold_2:570333:C:T,0.00013,13
143153,scaffold_17:223477:G:A,0.00013,13
364414,scaffold_5:820512:C:T,0.00013,13
354304,scaffold_5:389800:T:C,0.00013,13
392756,scaffold_6:521278:C:A,0.00013,13
406183,scaffold_6:1078236:T:G,0.00013,13
9818,scaffold_10:399191:C:T,0.00013,13
429502,scaffold_7:695527:T:A,0.00013,13
90962,scaffold_14:184910:G:C,0.00013,13
458984,scaffold_8:601750:T:G,0.00013,13
193521,scaffold_1:732852:T:A,0.00013,13
435241,scaffold_7:926933:G:T,0.00013,13
321350,scaffold_4:528739:C:T,0.00013,13
168299,scaffold_18:600895:C:G,0.00013,13
31997,scaffold_11:352398:C:G,0.00013,13
378422,scaffold_5:1385129:T:C,0.00013,13
349388,scaffold_5:198672:C:G,0.00013,13
408409,scaffold_6:1181716:G:A,0.00013,13
426001,scaffold_7:558745:A:G,0.00013,13
8281,scaffold_10:338832:C:T,0.00013,13
142406,scaffold_17:194642:A:G,0.00013,13
429950,scaffold_7:713234:C:T,0.00013,13
410485,scaffold_6:1266336:G:C,0.00013,13
477115,scaffold_9:132001:A:T,0.00013,13
159719,scaffold_18:262308:G:A,0.00013,13
11365,scaffold_10:466835:T:G,0.00013,13
106208,scaffold_15:33047:G:C,0.00013,13
16918,scaffold_10:684978:G:T,0.00013,13
363590,scaffold_5:791568:G:A,0.00013,13
447351,scaffold_8:123278:G:A,0.00013,13
392022,scaffold_6:493757:A:G,0.00013,13
25050,scaffold_11:57556:T:G,0.00013,13
160759,scaffold_18:303221:C:A,0.00013,13
485907,scaffold_9:483437:G:C,0.00013,13
42896,scaffold_11:830352:G:A,0.00013,13
18130,scaffold_10:735210:T:A,0.00013,13
51194,scaffold_12:239008:C:A,0.00013,13
324266,scaffold_4:646335:C:T,0.00013,13
84898,scaffold_13:745596:C:T,0.00013,13
302099,scaffold_3:1231312:A:G,0.00013,13
360250,scaffold_5:631927:T:G,0.00013,13
208482,scaffold_1:1299919:T:C,0.00013,13
266947,scaffold_2:1456413:T:C,0.00013,13
197780,scaffold_1:893444:C:T,0.00013,13
423363,scaffold_7:465103:G:C,0.00013,13
350644,scaffold_5:244985:A:G,0.00013,13
216971,scaffold_1:1620068:G:C,0.00013,13
318788,scaffold_4:424821:G:A,0.00013,13
166945,scaffold_18:549093:A:G,0.00013,13
420527,scaffold_7:362441:T:C,0.00013,13
128485,scaffold_16:288840:A:G,0.00013,13
129487,scaffold_16:327054:T:C,0.00013,13
11610,scaffold_10:475104:G:A,0.00013,13
464923,scaffold_8:843785:G:A,0.00013,13
350548,scaffold_5:241443:A:G,0.00013,13
344581,scaffold_5:4932:C:G,0.00013,13
318133,scaffold_4:400949:G:A,0.00013,13
239745,scaffold_2:357311:G:T,0.00013,13
176923,scaffold_1:49068:C:G,0.00013,13
51371,scaffold_12:246444:T:C,0.00013,13
46317,scaffold_12:41691:G:C,0.00013,13
484571,scaffold_9:435652:A:G,0.00013,13
463782,scaffold_8:795360:T:C,0.00013,13
421866,scaffold_7:410214:G:C,0.00013,13
392635,scaffold_6:517511:G:A,0.00013,13
486592,scaffold_9:507848:C:G,0.00013,13
35366,scaffold_11:520005:T:G,0.00013,13
285258,scaffold_3:576971:A:G,0.00013,13
336631,scaffold_4:1117211:G:A,0.00013,13
44284,scaffold_11:891317:C:T,0.00013,13
96431,scaffold_14:399037:C:T,0.00013,13
217790,scaffold_1:1646688:C:T,0.00013,13
384215,scaffold_6:207407:G:A,0.00013,13
87828,scaffold_14:60280:T:G,0.00013,13
125528,scaffold_16:150020:T:C,0.00013,13
318359,scaffold_4:410143:G:C,0.00013,13
367319,scaffold_5:926024:G:A,0.00013,13
218357,scaffold_1:1668294:A:C,0.00013,13
130661,scaffold_16:369869:A:C,0.00013,13
208694,scaffold_1:1306664:T:C,0.00013,13
396694,scaffold_6:678698:C:G,0.00013,13
284410,scaffold_3:547322:C:T,0.00013,13
344451,scaffold_5:2034:A:G,0.00013,13
195885,scaffold_1:826514:G:A,0.00013,13
19362,scaffold_10:802433:A:G,0.00013,13
80531,scaffold_13:577756:C:T,0.00013,13
71969,scaffold_13:259846:C:T,0.00013,13
181573,scaffold_1:245445:A:G,0.00013,13
9656,scaffold_10:392853:C:T,0.00013,13
412994,scaffold_7:87356:G:A,0.00013,13
155098,scaffold_18:70209:G:C,0.00013,13
450935,scaffold_8:263727:A:C,0.00013,13
80278,scaffold_13:566771:C:T,0.00013,13
96611,scaffold_14:405819:C:T,0.00013,13
34632,scaffold_11:492617:C:T,0.00013,13
157754,scaffold_18:180359:G:A,0.00013,13
390580,scaffold_6:438139:A:T,0.00013,13
428052,scaffold_7:637093:C:T,0.00013,13
115260,scaffold_15:422307:G:A,0.00013,13
182500,scaffold_1:285200:G:C,0.00013,13
121525,scaffold_15:669380:G:T,0.00013,13
423808,scaffold_7:479593:G:C,0.00013,13
277428,scaffold_3:284337:G:A,0.00013,13
271216,scaffold_3:31183:C:T,0.00013,13
5992,scaffold_10:245780:T:G,0.00013,13
103165,scaffold_14:675468:T:C,0.00013,13
29471,scaffold_11:250848:G:A,0.00013,13
379865,scaffold_6:49372:A:G,0.00013,13
117458,scaffold_15:501802:T:G,0.00013,13
14167,scaffold_10:581660:G:C,0.00013,13
407240,scaffold_6:1121692:T:C,0.00013,13
304154,scaffold_3:1314690:G:A,0.00013,13
258378,scaffold_2:1120000:C:G,0.00013,13
339295,scaffold_4:1243065:T:C,0.00013,13
347192,scaffold_5:115296:A:G,0.00013,13
491002,scaffold_9:680349:T:C,0.00013,13
208603,scaffold_1:1303735:C:T,0.00013,13
46018,scaffold_12:29897:G:A,0.00013,13
145688,scaffold_17:320904:C:T,0.00013,13
404116,scaffold_6:970158:C:T,0.00013,13
434182,scaffold_7:883594:C:A,0.00013,13
381473,scaffold_6:107579:C:A,0.00013,13
241257,scaffold_2:414586:G:C,0.00013,13
11975,scaffold_10:486521:G:T,0.00013,13
116971,scaffold_15:482710:G:T,0.00013,13
299505,scaffold_3:1127546:G:C,0.00013,13
121121,scaffold_15:649317:C:G,0.00013,13
17543,scaffold_10:710440:G:T,0.00013,13
408364,scaffold_6:1180422:G:A,0.00013,13
80110,scaffold_13:560856:G:T,0.00013,13
367876,scaffold_5:944291:G:A,0.00013,13
4883,scaffold_10:193944:A:T,0.00013,13
345443,scaffold_5:35849:G:A,0.00013,13
486311,scaffold_9:498328:G:A,0.00013,13
472146,scaffold_8:1173342:A:G,0.00013,13
94903,scaffold_14:338926:G:A,0.00013,13
177776,scaffold_1:81204:T:C,0.00013,13
446832,scaffold_8:103425:A:G,0.00013,13
291004,scaffold_3:796148:C:T,0.00013,13
409513,scaffold_6:1228659:G:C,0.00013,13
219736,scaffold_1:1723608:T:C,0.00013,13
7672,scaffold_10:314098:C:T,0.00013,13
103215,scaffold_14:677140:A:C,0.00013,13
78500,scaffold_13:503606:C:G,0.00013,13
486854,scaffold_9:519433:C:G,0.00013,13
431213,scaffold_7:762686:T:C,0.00013,13
118602,scaffold_15:545055:G:A,0.00013,13
314120,scaffold_4:251631:G:A,0.00013,13
480458,scaffold_9:282781:T:A,0.00013,13
183778,scaffold_1:339147:G:A,0.00013,13
336299,scaffold_4:1104373:G:A,0.00013,13
308645,scaffold_4:27282:T:C,0.00013,13
231884,scaffold_2:8713:T:C,0.00013,13
331925,scaffold_4:939219:C:T,0.00013,13
398768,scaffold_6:757100:G:C,0.00013,13
180785,scaffold_1:215733:C:T,0.00013,13
59528,scaffold_12:581635:C:G,0.00013,13
132562,scaffold_16:447645:G:C,0.00013,13
372885,scaffold_5:1146901:T:C,0.00013,13
107444,scaffold_15:104762:G:C,0.00013,13
34509,scaffold_11:488168:C:T,0.00013,13
136200,scaffold_16:602133:A:G,0.00013,13
140767,scaffold_17:127221:C:A,0.00013,13
9247,scaffold_10:376481:A:G,0.00013,13
154916,scaffold_18:64453:C:G,0.00013,13
114513,scaffold_15:394961:G:A,0.00013,13
118148,scaffold_15:528353:G:C,0.00013,13
183953,scaffold_1:347556:G:A,0.00013,13
230538,scaffold_1:2131935:C:T,0.00013,13
86761,scaffold_14:12618:A:G,0.00013,13
489034,scaffold_9:603620:C:G,0.00013,13
203946,scaffold_1:1127109:C:T,0.00013,13
31861,scaffold_11:345257:T:C,0.00013,13
473877,scaffold_9:10828:G:A,0.00013,13
326946,scaffold_4:748228:A:T,0.00013,13
172285,scaffold_19:129710:C:T,0.00013,13
402942,scaffold_6:921329:C:G,0.00013,13
145651,scaffold_17:319701:G:C,0.00013,13
48182,scaffold_12:114196:A:G,0.00013,13
337232,scaffold_4:1138155:A:G,0.00013,13
255243,scaffold_2:996606:A:G,0.00013,13
61287,scaffold_12:651184:G:A,0.00013,13
129601,scaffold_16:331080:T:C,0.00013,13
465801,scaffold_8:882112:C:T,0.00013,13
46622,scaffold_12:53885:T:C,0.00013,13
30204,scaffold_11:281374:A:G,0.00013,13
410577,scaffold_6:1269956:A:C,0.00013,13
223148,scaffold_1:1856665:C:A,0.00013,13
406088,scaffold_6:1068511:G:A,0.00013,13
376323,scaffold_5:1294078:T:C,0.00013,13
155243,scaffold_18:75046:C:T,0.00013,13
458712,scaffold_8:590695:C:T,0.00013,13
47865,scaffold_12:103242:A:G,0.00013,13
356176,scaffold_5:458624:T:C,0.00013,13
189133,scaffold_1:561307:G:A,0.00013,13
245475,scaffold_2:586656:G:A,0.00012,12
306595,scaffold_3:1414324:G:A,0.00012,12
308106,scaffold_4:6859:T:G,0.00012,12
1307,scaffold_10:51532:C:T,0.00012,12
369867,scaffold_5:1020408:C:T,0.00012,12
149871,scaffold_17:512709:T:C,0.00012,12
471041,scaffold_8:1133113:G:C,0.00012,12
490441,scaffold_9:658052:G:C,0.00012,12
435,scaffold_10:17292:C:T,0.00012,12
468602,scaffold_8:1005470:C:T,0.00012,12
238517,scaffold_2:301138:C:T,0.00012,12
309049,scaffold_4:43008:G:C,0.00012,12
348148,scaffold_5:150653:C:T,0.00012,12
369133,scaffold_5:991212:C:G,0.00012,12
477162,scaffold_9:133113:A:C,0.00012,12
264478,scaffold_2:1355708:C:T,0.00012,12
463781,scaffold_8:795358:C:T,0.00012,12
136490,scaffold_16:613218:C:G,0.00012,12
267744,scaffold_2:1490175:G:A,0.00012,12
27616,scaffold_11:165566:C:A,0.00012,12
456316,scaffold_8:492244:T:A,0.00012,12
453636,scaffold_8:381173:G:A,0.00012,12
246104,scaffold_2:611881:T:C,0.00012,12
232162,scaffold_2:21048:C:G,0.00012,12
250558,scaffold_2:804928:G:A,0.00012,12
350957,scaffold_5:257325:G:A,0.00012,12
311781,scaffold_4:146680:C:A,0.00012,12
206511,scaffold_1:1217658:A:C,0.00012,12
197085,scaffold_1:867086:A:G,0.00012,12
470018,scaffold_8:1066672:G:C,0.00012,12
292139,scaffold_3:837464:T:C,0.00012,12
285262,scaffold_3:577130:A:G,0.00012,12
81457,scaffold_13:615330:C:T,0.00012,12
315387,scaffold_4:302101:G:T,0.00012,12
140210,scaffold_17:104706:G:A,0.00012,12
319999,scaffold_4:471615:C:T,0.00012,12
201932,scaffold_1:1055009:C:T,0.00012,12
69724,scaffold_13:177948:C:G,0.00012,12
144242,scaffold_17:265652:C:T,0.00012,12
244979,scaffold_2:566830:A:C,0.00012,12
414846,scaffold_7:155624:T:C,0.00012,12
318713,scaffold_4:422495:A:T,0.00012,12
123895,scaffold_16:72571:T:C,0.00012,12
249798,scaffold_2:777333:A:G,0.00012,12
426218,scaffold_7:566170:G:A,0.00012,12
433071,scaffold_7:834195:A:C,0.00012,12
417544,scaffold_7:251101:G:A,0.00012,12
446911,scaffold_8:106237:T:A,0.00012,12
159468,scaffold_18:251579:T:C,0.00012,12
380403,scaffold_6:68266:A:C,0.00012,12
172480,scaffold_19:139867:C:T,0.00012,12
301440,scaffold_3:1205269:T:A,0.00012,12
398399,scaffold_6:740900:A:C,0.00012,12
306285,scaffold_3:1400213:G:A,0.00012,12
238146,scaffold_2:273397:G:T,0.00012,12
593,scaffold_10:24215:A:G,0.00012,12
46143,scaffold_12:34709:A:C,0.00012,12
232176,scaffold_2:21723:T:C,0.00012,12
402950,scaffold_6:921598:C:T,0.00012,12
372199,scaffold_5:1122868:C:G,0.00012,12
333664,scaffold_4:1001553:G:C,0.00012,12
251908,scaffold_2:863500:C:T,0.00012,12
285057,scaffold_3:570037:A:G,0.00012,12
286417,scaffold_3:619724:C:G,0.00012,12
221144,scaffold_1:1784393:G:A,0.00012,12
319049,scaffold_4:433962:C:T,0.00012,12
12377,scaffold_10:506211:T:C,0.00012,12
247901,scaffold_2:687814:C:A,0.00012,12
174527,scaffold_19:225087:C:T,0.00012,12
199265,scaffold_1:952357:A:C,0.00012,12
130366,scaffold_16:359743:G:A,0.00012,12
10810,scaffold_10:439522:G:T,0.00012,12
422680,scaffold_7:439318:G:A,0.00012,12
87265,scaffold_14:40371:A:G,0.00012,12
79881,scaffold_13:551443:G:A,0.00012,12
289854,scaffold_3:750596:T:C,0.00012,12
450838,scaffold_8:259999:G:A,0.00012,12
220843,scaffold_1:1773947:C:A,0.00012,12
10768,scaffold_10:438025:G:C,0.00012,12
105249,scaffold_14:755212:A:G,0.00012,12
310280,scaffold_4:92069:A:T,0.00012,12
378418,scaffold_5:1384973:C:T,0.00012,12
196289,scaffold_1:840039:T:C,0.00012,12
337694,scaffold_4:1185946:G:T,0.00012,12
192613,scaffold_1:695995:T:C,0.00012,12
316288,scaffold_4:335639:A:G,0.00012,12
157399,scaffold_18:162931:C:T,0.00012,12
193857,scaffold_1:742827:T:C,0.00012,12
401882,scaffold_6:878875:G:A,0.00012,12
190184,scaffold_1:602535:A:G,0.00012,12
382139,scaffold_6:130345:T:C,0.00012,12
174744,scaffold_19:234348:G:A,0.00012,12
30687,scaffold_11:300163:A:C,0.00012,12
318278,scaffold_4:407597:G:A,0.00012,12
280103,scaffold_3:382011:C:A,0.00012,12
477354,scaffold_9:137855:G:A,0.00012,12
138543,scaffold_17:39431:C:A,0.00012,12
245100,scaffold_2:571592:A:C,0.00012,12
160449,scaffold_18:292102:T:C,0.00012,12
314375,scaffold_4:260805:C:T,0.00012,12
379016,scaffold_6:11635:C:T,0.00012,12
473858,scaffold_9:10273:C:T,0.00012,12
211357,scaffold_1:1402264:A:G,0.00012,12
140787,scaffold_17:128145:T:C,0.00012,12
92232,scaffold_14:239293:C:A,0.00012,12
78511,scaffold_13:504141:T:G,0.00012,12
430052,scaffold_7:717847:G:A,0.00012,12
223439,scaffold_1:1867488:C:T,0.00012,12
24176,scaffold_11:23663:C:T,0.00012,12
295325,scaffold_3:973240:G:C,0.00012,12
179622,scaffold_1:161618:C:G,0.00012,12
106163,scaffold_15:31373:C:G,0.00012,12
422883,scaffold_7:447353:A:T,0.00012,12
380524,scaffold_6:72872:C:G,0.00012,12
29793,scaffold_11:264572:C:T,0.00012,12
316757,scaffold_4:351779:G:A,0.00012,12
331548,scaffold_4:924316:T:G,0.00012,12
95186,scaffold_14:348298:A:G,0.00012,12
408801,scaffold_6:1197780:G:C,0.00012,12
159895,scaffold_18:270159:C:G,0.00012,12
260978,scaffold_2:1220515:G:C,0.00012,12
188928,scaffold_1:553298:G:A,0.00012,12
252019,scaffold_2:868227:G:T,0.00012,12
202882,scaffold_1:1091346:C:T,0.00012,12
185861,scaffold_1:424132:A:C,0.00012,12
415952,scaffold_7:196177:C:A,0.00012,12
458502,scaffold_8:582318:G:A,0.00012,12
396238,scaffold_6:660796:G:A,0.00012,12
280582,scaffold_3:404357:C:T,0.00012,12
222820,scaffold_1:1844580:C:T,0.00012,12
452202,scaffold_8:324976:T:C,0.00012,12
384731,scaffold_6:224634:T:C,0.00012,12
334455,scaffold_4:1029325:G:C,0.00012,12
58216,scaffold_12:520720:A:G,0.00012,12
456769,scaffold_8:512037:T:C,0.00012,12
421151,scaffold_7:384149:A:G,0.00012,12
146250,scaffold_17:344376:C:G,0.00012,12
126326,scaffold_16:186181:G:A,0.00012,12
290383,scaffold_3:773876:T:C,0.00012,12
347910,scaffold_5:142348:C:T,0.00012,12
419190,scaffold_7:311040:C:T,0.00012,12
99372,scaffold_14:525405:G:T,0.00012,12
34816,scaffold_11:499218:G:T,0.00012,12
183615,scaffold_1:333565:A:G,0.00012,12
288144,scaffold_3:683930:A:G,0.00012,12
424193,scaffold_7:491676:G:A,0.00012,12
158093,scaffold_18:192322:G:A,0.00012,12
27330,scaffold_11:152838:G:A,0.00012,12
118670,scaffold_15:547628:A:G,0.00012,12
55474,scaffold_12:413874:T:A,0.00012,12
423384,scaffold_7:465722:G:C,0.00012,12
43842,scaffold_11:871973:G:A,0.00012,12
431229,scaffold_7:763247:A:G,0.00012,12
187506,scaffold_1:485708:T:C,0.00012,12
104878,scaffold_14:741763:C:T,0.00012,12
496276,scaffold_9:924893:C:T,0.00012,12
76398,scaffold_13:424697:A:G,0.00012,12
119011,scaffold_15:560375:T:C,0.00012,12
154090,scaffold_18:34440:C:T,0.00012,12
118758,scaffold_15:551157:G:C,0.00012,12
82991,scaffold_13:670539:G:A,0.00012,12
280926,scaffold_3:416707:T:C,0.00012,12
386571,scaffold_6:292368:C:T,0.00012,12
264182,scaffold_2:1345311:C:T,0.00012,12
490431,scaffold_9:657681:A:G,0.00012,12
455694,scaffold_8:468495:T:C,0.00012,12
67287,scaffold_13:84272:A:G,0.00012,12
482140,scaffold_9:347442:C:A,0.00012,12
353487,scaffold_5:359752:G:A,0.00012,12
209862,scaffold_1:1349451:T:A,0.00012,12
242622,scaffold_2:465659:C:G,0.00012,12
388469,scaffold_6:361278:G:A,0.00012,12
325435,scaffold_4:691309:G:A,0.00012,12
48318,scaffold_12:119036:T:C,0.00012,12
191229,scaffold_1:642436:C:T,0.00012,12
125333,scaffold_16:144052:C:G,0.00012,12
78600,scaffold_13:507540:C:T,0.00012,12
84815,scaffold_13:742521:G:A,0.00012,12
203631,scaffold_1:1116286:A:G,0.00012,12
450716,scaffold_8:255487:A:G,0.00012,12
119403,scaffold_15:575235:G:C,0.00012,12
263294,scaffold_2:1304745:G:A,0.00012,12
1087,scaffold_10:44995:T:C,0.00012,12
148669,scaffold_17:449332:C:A,0.00012,12
40247,scaffold_11:722707:T:C,0.00012,12
127173,scaffold_16:223655:G:C,0.00012,12
169654,scaffold_19:11062:A:G,0.00012,12
373569,scaffold_5:1181566:G:A,0.00012,12
365853,scaffold_5:870384:G:C,0.00012,12
485655,scaffold_9:473715:C:G,0.00012,12
371971,scaffold_5:1112845:G:A,0.00012,12
172399,scaffold_19:135355:A:G,0.00012,12
380319,scaffold_6:65866:A:G,0.00012,12
69020,scaffold_13:151163:G:T,0.00012,12
396939,scaffold_6:687056:G:A,0.00012,12
466266,scaffold_8:903976:G:T,0.00012,12
52390,scaffold_12:285540:G:A,0.00012,12
312897,scaffold_4:190243:T:C,0.00012,12
442938,scaffold_7:1219092:C:T,0.00012,12
334832,scaffold_4:1041306:C:A,0.00012,12
230086,scaffold_1:2113205:G:T,0.00012,12
167477,scaffold_18:567814:T:C,0.00012,12
328838,scaffold_4:829797:T:G,0.00012,12
182520,scaffold_1:286000:T:C,0.00012,12
221995,scaffold_1:1813875:G:T,0.00012,12
17481,scaffold_10:708062:C:A,0.00012,12
217156,scaffold_1:1626401:A:G,0.00012,12
401044,scaffold_6:845467:G:A,0.00012,12
475001,scaffold_9:52449:G:C,0.00012,12
438863,scaffold_7:1056572:G:C,0.00012,12
413616,scaffold_7:109251:T:C,0.00012,12
356082,scaffold_5:453933:C:A,0.00012,12
238588,scaffold_2:305829:G:T,0.00012,12
1753,scaffold_10:66387:C:A,0.00012,12
69692,scaffold_13:177006:G:T,0.00012,12
400205,scaffold_6:812917:A:G,0.00012,12
294923,scaffold_3:944032:G:A,0.00012,12
227313,scaffold_1:2009933:C:A,0.00012,12
310258,scaffold_4:91226:C:T,0.00012,12
30166,scaffold_11:279949:T:C,0.00012,12
73831,scaffold_13:329778:T:A,0.00012,12
482103,scaffold_9:345682:G:T,0.00012,12
62132,scaffold_12:691423:T:C,0.00011,11
385420,scaffold_6:252048:T:G,0.00011,11
477091,scaffold_9:131357:T:A,0.00011,11
196844,scaffold_1:858886:C:G,0.00011,11
494849,scaffold_9:856853:C:T,0.00011,11
455144,scaffold_8:440412:A:G,0.00011,11
170795,scaffold_19:57355:A:C,0.00011,11
475437,scaffold_9:66816:G:A,0.00011,11
18807,scaffold_10:762426:A:C,0.00011,11
280246,scaffold_3:389952:G:C,0.00011,11
357326,scaffold_5:509376:C:T,0.00011,11
103970,scaffold_14:706788:T:C,0.00011,11
230,scaffold_10:9422:T:C,0.00011,11
203572,scaffold_1:1114565:A:G,0.00011,11
270806,scaffold_3:15974:C:T,0.00011,11
44376,scaffold_11:895433:A:T,0.00011,11
308787,scaffold_4:33448:A:G,0.00011,11
348306,scaffold_5:156042:C:T,0.00011,11
450502,scaffold_8:246602:A:G,0.00011,11
382540,scaffold_6:144238:G:A,0.00011,11
449718,scaffold_8:216122:C:T,0.00011,11
446012,scaffold_8:71050:C:T,0.00011,11
50545,scaffold_12:213121:G:T,0.00011,11
343562,scaffold_4:1434979:G:A,0.00011,11
372292,scaffold_5:1125709:C:T,0.00011,11
79600,scaffold_13:540949:C:T,0.00011,11
376845,scaffold_5:1315229:G:A,0.00011,11
232859,scaffold_2:49133:C:T,0.00011,11
494053,scaffold_9:821072:G:A,0.00011,11
230795,scaffold_1:2141397:G:A,0.00011,11
79068,scaffold_13:521615:G:A,0.00011,11
230475,scaffold_1:2129921:C:T,0.00011,11
133062,scaffold_16:467943:A:C,0.00011,11
387515,scaffold_6:329909:G:A,0.00011,11
291323,scaffold_3:808986:C:T,0.00011,11
8662,scaffold_10:354020:C:T,0.00011,11
373248,scaffold_5:1157779:C:T,0.00011,11
427481,scaffold_7:615418:C:T,0.00011,11
384171,scaffold_6:206109:A:G,0.00011,11
108814,scaffold_15:165204:C:G,0.00011,11
435066,scaffold_7:921775:G:A,0.00011,11
94432,scaffold_14:320764:A:C,0.00011,11
112238,scaffold_15:304296:C:A,0.00011,11
324258,scaffold_4:646092:G:C,0.00011,11
395027,scaffold_6:611420:C:T,0.00011,11
478,scaffold_10:19138:C:G,0.00011,11
39539,scaffold_11:697138:T:C,0.00011,11
111413,scaffold_15:267169:T:G,0.00011,11
105524,scaffold_15:6363:T:C,0.00011,11
339999,scaffold_4:1281918:G:C,0.00011,11
245831,scaffold_2:601064:G:A,0.00011,11
327059,scaffold_4:752645:G:C,0.00011,11
202048,scaffold_1:1059585:C:T,0.00011,11
103324,scaffold_14:681181:T:C,0.00011,11
417365,scaffold_7:243483:T:C,0.00011,11
144724,scaffold_17:281761:G:C,0.00011,11
149815,scaffold_17:509906:T:C,0.00011,11
34809,scaffold_11:499064:A:G,0.00011,11
117714,scaffold_15:511563:G:A,0.00011,11
341770,scaffold_4:1356489:A:G,0.00011,11
322854,scaffold_4:593301:T:C,0.00011,11
172127,scaffold_19:123262:G:C,0.00011,11
437761,scaffold_7:1016193:G:A,0.00011,11
187463,scaffold_1:484354:C:T,0.00011,11
278621,scaffold_3:326896:G:C,0.00011,11
428293,scaffold_7:646419:G:T,0.00011,11
401688,scaffold_6:871397:C:G,0.00011,11
62027,scaffold_12:687193:T:C,0.00011,11
115699,scaffold_15:438807:T:C,0.00011,11
169723,scaffold_19:13135:T:C,0.00011,11
75412,scaffold_13:385010:C:G,0.00011,11
482391,scaffold_9:355437:G:A,0.00011,11
101098,scaffold_14:595283:C:G,0.00011,11
86615,scaffold_14:7630:C:G,0.00011,11
245497,scaffold_2:587955:C:T,0.00011,11
247226,scaffold_2:659729:T:C,0.00011,11
59432,scaffold_12:576882:A:C,0.00011,11
469962,scaffold_8:1064054:C:A,0.00011,11
108138,scaffold_15:135376:C:T,0.00011,11
311547,scaffold_4:137191:C:G,0.00011,11
347825,scaffold_5:139853:G:A,0.00011,11
129429,scaffold_16:324641:A:C,0.00011,11
301418,scaffold_3:1203789:T:C,0.00011,11
190066,scaffold_1:598482:G:A,0.00011,11
298350,scaffold_3:1084962:A:G,0.00011,11
11084,scaffold_10:456627:G:C,0.00011,11
10579,scaffold_10:431610:G:A,0.00011,11
495088,scaffold_9:871209:T:A,0.00011,11
61965,scaffold_12:685255:T:C,0.00011,11
137802,scaffold_17:11658:A:G,0.00011,11
439849,scaffold_7:1093234:A:G,0.00011,11
185657,scaffold_1:416071:G:A,0.00011,11
344318,scaffold_4:1462729:A:C,0.00011,11
10602,scaffold_10:432113:C:T,0.00011,11
177171,scaffold_1:58395:C:A,0.00011,11
44243,scaffold_11:889760:T:C,0.00011,11
200598,scaffold_1:1008075:C:A,0.00011,11
133893,scaffold_16:504262:G:A,0.00011,11
462087,scaffold_8:728123:G:C,0.00011,11
453701,scaffold_8:383493:C:G,0.00011,11
227560,scaffold_1:2017274:T:A,0.00011,11
187846,scaffold_1:499481:C:A,0.00011,11
171128,scaffold_19:75302:C:T,0.00011,11
102166,scaffold_14:635150:A:G,0.00011,11
50390,scaffold_12:206599:C:T,0.00011,11
156341,scaffold_18:118266:T:A,0.00011,11
77452,scaffold_13:466841:A:T,0.00011,11
428684,scaffold_7:662770:A:G,0.00011,11
114134,scaffold_15:379836:G:A,0.00011,11
185153,scaffold_1:395458:T:A,0.00011,11
63685,scaffold_12:765208:G:A,0.00011,11
52689,scaffold_12:296027:A:G,0.00011,11
285139,scaffold_3:572455:G:A,0.00011,11
25817,scaffold_11:88371:T:C,0.00011,11
456512,scaffold_8:500024:G:C,0.00011,11
433340,scaffold_7:849914:A:C,0.00011,11
244605,scaffold_2:551398:G:A,0.00011,11
185292,scaffold_1:402501:C:T,0.00011,11
131797,scaffold_16:416814:A:C,0.00011,11
486958,scaffold_9:524838:C:T,0.00011,11
209307,scaffold_1:1329064:G:T,0.00011,11
391454,scaffold_6:473623:C:T,0.00011,11
417036,scaffold_7:232797:C:G,0.00011,11
51722,scaffold_12:259738:T:G,0.00011,11
288736,scaffold_3:705911:A:G,0.00011,11
151783,scaffold_17:590589:C:G,0.00011,11
384818,scaffold_6:227374:G:A,0.00011,11
159233,scaffold_18:243454:A:G,0.00011,11
30335,scaffold_11:286995:A:G,0.00011,11
130853,scaffold_16:376161:T:A,0.00011,11
278228,scaffold_3:313289:G:A,0.00011,11
19812,scaffold_10:821813:G:A,0.00011,11
64574,scaffold_12:801583:T:C,0.00011,11
226086,scaffold_1:1963636:C:T,0.00011,11
405959,scaffold_6:1064005:G:A,0.00011,11
106555,scaffold_15:52021:T:G,0.00011,11
464899,scaffold_8:842501:C:T,0.00011,11
400553,scaffold_6:827710:T:G,0.00011,11
53129,scaffold_12:311466:C:G,0.00011,11
144473,scaffold_17:273925:G:A,0.00011,11
78484,scaffold_13:503204:A:G,0.00011,11
334236,scaffold_4:1021418:G:A,0.00011,11
111298,scaffold_15:263315:C:T,0.00011,11
436083,scaffold_7:957649:G:C,0.00011,11
369495,scaffold_5:1006892:G:C,0.00011,11
276967,scaffold_3:266089:T:C,0.00011,11
161913,scaffold_18:349100:G:A,0.00011,11
140261,scaffold_17:106116:T:C,0.00011,11
476854,scaffold_9:123965:G:T,0.00011,11
50406,scaffold_12:207133:T:C,0.00011,11
233832,scaffold_2:90679:C:T,0.00011,11
327657,scaffold_4:781920:G:C,0.00011,11
328415,scaffold_4:814509:T:C,0.00011,11
158249,scaffold_18:197869:G:A,0.00011,11
244686,scaffold_2:556292:C:G,0.00011,11
254329,scaffold_2:963139:T:C,0.00011,11
340380,scaffold_4:1297692:C:T,0.00011,11
93873,scaffold_14:302112:G:A,0.00011,11
82487,scaffold_13:650395:G:C,0.00011,11
262268,scaffold_2:1266202:T:C,0.00011,11
33369,scaffold_11:443731:T:C,0.00011,11
192948,scaffold_1:709549:T:C,0.00011,11
283726,scaffold_3:519245:G:A,0.00011,11
448990,scaffold_8:189675:G:A,0.00011,11
440821,scaffold_7:1131266:G:A,0.00011,11
139832,scaffold_17:89175:T:G,0.00011,11
38449,scaffold_11:651044:A:C,0.00011,11
3146,scaffold_10:121643:G:A,0.00011,11
304008,scaffold_3:1305577:C:G,0.00011,11
3095,scaffold_10:120441:A:G,0.00011,11
134369,scaffold_16:521870:T:C,0.00011,11
461332,scaffold_8:699087:G:T,0.00011,11
290582,scaffold_3:780171:G:C,0.00011,11
378297,scaffold_5:1380816:C:T,0.00011,11
301777,scaffold_3:1217808:T:C,0.00011,11
439517,scaffold_7:1080239:A:G,0.00011,11
371666,scaffold_5:1098771:G:A,0.00011,11
346971,scaffold_5:107764:C:A,0.00011,11
145900,scaffold_17:328922:C:G,0.00011,11
143455,scaffold_17:235262:T:C,0.00011,11
432618,scaffold_7:819045:G:C,0.00011,11
452770,scaffold_8:345426:G:T,0.00011,11
487494,scaffold_9:546611:G:C,0.00011,11
142508,scaffold_17:198629:A:G,0.00011,11
202570,scaffold_1:1079125:C:T,0.00011,11
135361,scaffold_16:559695:T:C,0.00011,11
368649,scaffold_5:973138:C:T,0.00011,11
314512,scaffold_4:266612:T:C,0.00011,11
3279,scaffold_10:127450:C:T,0.00011,11
190109,scaffold_1:599813:G:T,0.00011,11
445861,scaffold_8:65391:T:C,0.00011,11
94650,scaffold_14:328382:C:T,0.00011,11
364811,scaffold_5:833805:A:C,0.00011,11
228568,scaffold_1:2054956:C:T,0.00011,11
399506,scaffold_6:786206:G:A,0.00011,11
71615,scaffold_13:247225:A:T,0.00011,11
348591,scaffold_5:165904:C:T,0.00011,11
268235,scaffold_2:1514589:G:A,0.00011,11
104597,scaffold_14:729069:C:G,0.00011,11
206131,scaffold_1:1205210:A:G,0.00011,11
348720,scaffold_5:169970:G:A,0.00011,11
353897,scaffold_5:374646:G:A,0.00011,11
419796,scaffold_7:332291:T:C,0.00011,11
17579,scaffold_10:711600:C:T,0.00011,11
486310,scaffold_9:498323:A:G,0.00011,11
103283,scaffold_14:679526:T:C,0.00011,11
84733,scaffold_13:739922:A:G,0.00011,11
350410,scaffold_5:236790:A:C,0.00011,11
285244,scaffold_3:576498:T:C,0.00011,11
435664,scaffold_7:942832:A:G,0.00011,11
335826,scaffold_4:1088634:A:G,0.00011,11
388128,scaffold_6:349948:G:A,0.0001,10
124531,scaffold_16:102033:T:G,0.0001,10
411870,scaffold_7:36556:T:C,0.0001,10
302536,scaffold_3:1246762:C:G,0.0001,10
434016,scaffold_7:878179:T:C,0.0001,10
32923,scaffold_11:429162:G:A,0.0001,10
110197,scaffold_15:211179:T:G,0.0001,10
468693,scaffold_8:1010261:T:C,0.0001,10
207912,scaffold_1:1277469:G:T,0.0001,10
252579,scaffold_2:892938:A:G,0.0001,10
106114,scaffold_15:29619:A:G,0.0001,10
432792,scaffold_7:824590:C:T,0.0001,10
384875,scaffold_6:229614:A:T,0.0001,10
386405,scaffold_6:285632:A:G,0.0001,10
333911,scaffold_4:1010618:G:A,0.0001,10
245933,scaffold_2:603550:C:T,0.0001,10
411984,scaffold_7:40090:C:T,0.0001,10
71402,scaffold_13:240961:G:C,0.0001,10
171441,scaffold_19:95772:T:C,0.0001,10
168705,scaffold_18:617358:G:C,0.0001,10
241802,scaffold_2:434637:C:A,0.0001,10
299607,scaffold_3:1130512:A:G,0.0001,10
325016,scaffold_4:676132:C:G,0.0001,10
413845,scaffold_7:117826:T:C,0.0001,10
322115,scaffold_4:558474:A:C,0.0001,10
237465,scaffold_2:243259:C:T,0.0001,10
32694,scaffold_11:382763:T:C,0.0001,10
223361,scaffold_1:1864326:C:T,0.0001,10
371021,scaffold_5:1069889:G:T,0.0001,10
86184,scaffold_13:801651:C:T,0.0001,10
20445,scaffold_10:849228:T:C,0.0001,10
335862,scaffold_4:1089742:G:A,0.0001,10
287897,scaffold_3:672545:G:A,0.0001,10
22897,scaffold_10:959176:C:T,0.0001,10
83745,scaffold_13:701170:C:T,0.0001,10
375688,scaffold_5:1266352:G:C,0.0001,10
304808,scaffold_3:1336207:C:T,0.0001,10
27311,scaffold_11:152146:C:T,0.0001,10
172240,scaffold_19:127041:G:A,0.0001,10
77342,scaffold_13:463160:A:T,0.0001,10
304434,scaffold_3:1323156:A:G,0.0001,10
327296,scaffold_4:766967:T:C,0.0001,10
256701,scaffold_2:1054765:T:C,0.0001,10
353544,scaffold_5:361853:A:T,0.0001,10
369785,scaffold_5:1017579:T:C,0.0001,10
210274,scaffold_1:1364211:G:A,0.0001,10
453838,scaffold_8:389383:A:G,0.0001,10
264297,scaffold_2:1349070:G:A,0.0001,10
449085,scaffold_8:192239:G:C,0.0001,10
345414,scaffold_5:34433:G:A,0.0001,10
114864,scaffold_15:408367:G:A,0.0001,10
258468,scaffold_2:1123531:A:T,0.0001,10
338436,scaffold_4:1211249:C:T,0.0001,10
223162,scaffold_1:1857266:T:C,0.0001,10
381140,scaffold_6:94644:C:T,0.0001,10
229687,scaffold_1:2096204:C:A,0.0001,10
484648,scaffold_9:438301:T:C,0.0001,10
173295,scaffold_19:178873:G:A,0.0001,10
255291,scaffold_2:998287:T:C,0.0001,10
29175,scaffold_11:238009:G:A,0.0001,10
289861,scaffold_3:751064:A:G,0.0001,10
47026,scaffold_12:68425:C:T,0.0001,10
251566,scaffold_2:849646:T:G,0.0001,10
474086,scaffold_9:18503:T:C,0.0001,10
255773,scaffold_2:1017852:G:A,0.0001,10
236895,scaffold_2:219268:G:C,0.0001,10
266476,scaffold_2:1435588:C:G,0.0001,10
307873,scaffold_3:1465631:T:G,0.0001,10
313838,scaffold_4:229924:T:C,0.0001,10
1843,scaffold_10:70286:A:T,0.0001,10
336171,scaffold_4:1100134:G:A,0.0001,10
257714,scaffold_2:1094573:C:T,0.0001,10
234928,scaffold_2:141368:G:A,0.0001,10
359439,scaffold_5:601366:T:C,0.0001,10
17949,scaffold_10:726493:A:G,0.0001,10
280604,scaffold_3:405361:G:C,0.0001,10
36889,scaffold_11:580759:C:T,0.0001,10
359109,scaffold_5:589741:C:T,0.0001,10
395851,scaffold_6:644105:C:T,0.0001,10
45990,scaffold_12:28859:A:T,0.0001,10
301939,scaffold_3:1224906:A:C,0.0001,10
383043,scaffold_6:165167:A:G,0.0001,10
303770,scaffold_3:1293215:G:A,0.0001,10
109948,scaffold_15:202273:G:A,0.0001,10
15340,scaffold_10:625703:T:C,0.0001,10
18614,scaffold_10:752513:T:C,0.0001,10
49345,scaffold_12:163881:G:A,0.0001,10
384084,scaffold_6:202875:C:T,0.0001,10
379380,scaffold_6:26296:A:G,0.0001,10
415257,scaffold_7:169010:A:C,0.0001,10
86239,scaffold_13:804151:C:T,0.0001,10
42520,scaffold_11:817798:A:T,0.0001,10
233462,scaffold_2:72107:C:T,0.0001,10
430674,scaffold_7:743731:A:G,0.0001,10
470010,scaffold_8:1066355:G:A,0.0001,10
409883,scaffold_6:1244349:A:G,0.0001,10
357707,scaffold_5:529557:C:G,0.0001,10
444722,scaffold_8:22214:A:C,0.0001,10
246953,scaffold_2:649028:C:T,0.0001,10
382370,scaffold_6:139237:G:A,0.0001,10
403914,scaffold_6:961179:A:G,0.0001,10
237289,scaffold_2:232633:C:T,0.0001,10
427264,scaffold_7:606494:C:T,0.0001,10
239610,scaffold_2:351455:C:G,0.0001,10
103620,scaffold_14:692870:C:T,0.0001,10
490366,scaffold_9:655336:C:G,0.0001,10
142757,scaffold_17:207466:T:C,0.0001,10
69160,scaffold_13:155228:C:A,0.0001,10
305998,scaffold_3:1386244:A:G,0.0001,10
379939,scaffold_6:52176:C:G,0.0001,10
252176,scaffold_2:875534:A:T,0.0001,10
251013,scaffold_2:825048:T:G,0.0001,10
142157,scaffold_17:182523:T:C,0.0001,10
401582,scaffold_6:865284:G:T,0.0001,10
431570,scaffold_7:775862:A:G,0.0001,10
11734,scaffold_10:478802:G:C,0.0001,10
190087,scaffold_1:599052:G:A,0.0001,10
21087,scaffold_10:882259:T:G,0.0001,10
284753,scaffold_3:559288:T:C,0.0001,10
363279,scaffold_5:778789:C:A,0.0001,10
153793,scaffold_18:21635:A:G,0.0001,10
152090,scaffold_17:602704:C:G,0.0001,10
314807,scaffold_4:280910:A:G,0.0001,10
183245,scaffold_1:320191:A:C,0.0001,10
146592,scaffold_17:356842:A:C,0.0001,10
402418,scaffold_6:899342:G:A,0.0001,10
443319,scaffold_7:1233081:T:C,0.0001,10
234128,scaffold_2:101919:C:T,0.0001,10
433726,scaffold_7:866336:C:T,0.0001,10
473685,scaffold_9:4151:C:T,0.0001,10
188376,scaffold_1:530561:A:G,0.0001,10
490950,scaffold_9:677894:C:T,0.0001,10
170018,scaffold_19:24037:A:T,0.0001,10
79163,scaffold_13:525632:C:G,0.0001,10
184289,scaffold_1:359673:T:C,0.0001,10
406208,scaffold_6:1079447:G:A,0.0001,10
225089,scaffold_1:1926632:A:G,0.0001,10
136710,scaffold_16:620274:T:C,0.0001,10
458692,scaffold_8:589839:A:G,0.0001,10
88203,scaffold_14:73076:G:C,0.0001,10
9137,scaffold_10:372312:T:G,0.0001,10
8715,scaffold_10:355907:T:G,0.0001,10
442991,scaffold_7:1220538:T:C,0.0001,10
387317,scaffold_6:322339:C:T,0.0001,10
25125,scaffold_11:60401:G:A,0.0001,10
471254,scaffold_8:1141530:T:G,0.0001,10
40080,scaffold_11:716803:G:A,0.0001,10
229904,scaffold_1:2104650:T:C,0.0001,10
52804,scaffold_12:300023:T:G,0.0001,10
268158,scaffold_2:1510034:T:G,0.0001,10
109816,scaffold_15:198254:G:T,0.0001,10
186815,scaffold_1:459840:A:G,0.0001,10
340193,scaffold_4:1291142:G:A,0.0001,10
22526,scaffold_10:940850:C:T,0.0001,10
282938,scaffold_3:490739:C:T,0.0001,10
471449,scaffold_8:1147877:T:C,0.0001,10
264738,scaffold_2:1365474:G:A,0.0001,10
191440,scaffold_1:650789:G:A,0.0001,10
61329,scaffold_12:653271:G:C,0.0001,10
349969,scaffold_5:221743:T:C,0.0001,10
382094,scaffold_6:127913:C:T,0.0001,10
212972,scaffold_1:1467259:C:G,0.0001,10
264445,scaffold_2:1354448:C:G,0.0001,10
409568,scaffold_6:1231150:C:G,0.0001,10
106364,scaffold_15:43077:C:G,0.0001,10
129267,scaffold_16:317190:G:C,0.0001,10
6669,scaffold_10:272207:G:A,0.0001,10
96934,scaffold_14:421169:G:A,0.0001,10
392440,scaffold_6:509470:T:C,0.0001,10
397811,scaffold_6:719424:G:T,0.0001,10
33743,scaffold_11:457857:C:T,0.0001,10
268530,scaffold_2:1528008:C:G,0.0001,10
62971,scaffold_12:726798:C:T,0.0001,10
271192,scaffold_3:30108:G:A,0.0001,10
249591,scaffold_2:768935:C:T,0.0001,10
180820,scaffold_1:217864:T:C,0.0001,10
377381,scaffold_5:1334025:T:G,0.0001,10
439093,scaffold_7:1064711:C:T,0.0001,10
224227,scaffold_1:1897491:C:T,0.0001,10
169746,scaffold_19:13816:C:A,0.0001,10
352620,scaffold_5:323857:T:A,0.0001,10
456763,scaffold_8:511377:C:T,0.0001,10
112911,scaffold_15:326498:G:A,0.0001,10
114253,scaffold_15:384265:C:G,0.0001,10
475896,scaffold_9:88135:G:A,0.0001,10
41986,scaffold_11:789377:C:T,0.0001,10
457683,scaffold_8:547741:T:C,0.0001,10
89706,scaffold_14:132966:C:T,0.0001,10
396040,scaffold_6:651069:G:A,0.0001,10
81902,scaffold_13:630241:C:A,0.0001,10
252979,scaffold_2:909192:C:T,0.0001,10
267521,scaffold_2:1481201:T:G,0.0001,10
21360,scaffold_10:892468:G:A,0.0001,10
338339,scaffold_4:1208436:T:C,0.0001,10
238224,scaffold_2:277110:G:C,0.0001,10
317122,scaffold_4:364890:C:T,0.0001,10
221524,scaffold_1:1798593:A:G,0.0001,10
254324,scaffold_2:962956:C:G,0.0001,10
260391,scaffold_2:1197826:T:C,0.0001,10
137476,scaffold_16:661310:C:T,0.0001,10
188635,scaffold_1:541246:T:C,0.0001,10
153277,scaffold_17:654304:G:A,0.0001,10
32896,scaffold_11:427975:A:G,0.0001,10
66127,scaffold_13:34538:T:A,0.0001,10
208561,scaffold_1:1302245:G:T,0.0001,10
407324,scaffold_6:1131609:C:G,0.0001,10
90135,scaffold_14:150323:T:C,0.0001,10
429464,scaffold_7:694301:T:C,0.0001,10
65808,scaffold_13:23724:C:G,0.0001,10
227562,scaffold_1:2017324:C:A,0.0001,10
72658,scaffold_13:286246:G:A,0.0001,10
23530,scaffold_10:984100:G:A,0.0001,10
218652,scaffold_1:1681621:G:A,0.0001,10
184376,scaffold_1:364270:C:G,0.0001,10
385173,scaffold_6:241800:G:A,0.0001,10
309997,scaffold_4:82173:G:C,0.0001,10
412497,scaffold_7:69962:T:C,0.0001,10
393261,scaffold_6:539918:T:G,0.0001,10
395364,scaffold_6:623395:G:T,0.0001,10
376613,scaffold_5:1306266:G:A,0.0001,10
85396,scaffold_13:769079:A:G,0.0001,10
142507,scaffold_17:198620:G:A,0.0001,10
7004,scaffold_10:285245:C:T,0.0001,10
7266,scaffold_10:297447:T:C,0.0001,10
455230,scaffold_8:444454:T:C,0.0001,10
480638,scaffold_9:289887:G:A,0.0001,10
324161,scaffold_4:642010:A:G,0.0001,10
267968,scaffold_2:1499843:A:G,0.0001,10
445848,scaffold_8:65053:A:G,0.0001,10
277171,scaffold_3:273705:G:A,0.0001,10
328820,scaffold_4:828870:C:T,0.0001,10
140540,scaffold_17:117139:G:A,0.0001,10
432969,scaffold_7:829847:G:A,0.0001,10
333899,scaffold_4:1010030:A:G,0.0001,10
182407,scaffold_1:282053:G:A,0.0001,10
386666,scaffold_6:298482:C:T,0.0001,10
458791,scaffold_8:593996:G:C,0.0001,10
422259,scaffold_7:424623:G:T,0.0001,10
16979,scaffold_10:687107:G:A,0.0001,10
380844,scaffold_6:83678:A:G,0.0001,10
295272,scaffold_3:971598:A:G,0.0001,10
233517,scaffold_2:73921:T:A,0.0001,10
482243,scaffold_9:350204:T:C,0.0001,10
479484,scaffold_9:244559:G:A,0.0001,10
330909,scaffold_4:902764:T:C,0.0001,10
280435,scaffold_3:399095:G:A,0.0001,10
189256,scaffold_1:566238:C:A,0.0001,10
398008,scaffold_6:725893:C:G,0.0001,10
391984,scaffold_6:492717:C:T,0.0001,10
112941,scaffold_15:327315:C:T,0.0001,10
119927,scaffold_15:596847:T:C,0.0001,10
371229,scaffold_5:1078259:C:T,0.0001,10
157557,scaffold_18:171573:A:G,0.0001,10
74094,scaffold_13:338494:T:C,0.0001,10
375473,scaffold_5:1256879:T:C,0.0001,10
71178,scaffold_13:233365:A:G,0.0001,10
28390,scaffold_11:201504:T:G,0.0001,10
414878,scaffold_7:157084:C:T,0.0001,10
345354,scaffold_5:31726:A:C,0.0001,10
417887,scaffold_7:261241:A:T,0.0001,10
205839,scaffold_1:1193263:T:C,0.0001,10
434986,scaffold_7:918505:C:T,0.0001,10
58500,scaffold_12:532415:G:A,0.0001,10
253609,scaffold_2:934687:C:G,0.0001,10
186646,scaffold_1:454217:A:C,0.0001,10
399425,scaffold_6:782035:T:C,0.0001,10
443975,scaffold_7:1258150:T:A,0.0001,10
165145,scaffold_18:475859:T:C,0.0001,10
125965,scaffold_16:170447:G:A,0.0001,10
248487,scaffold_2:722407:T:G,9e-05,9
242909,scaffold_2:477521:G:C,9e-05,9
392362,scaffold_6:506671:C:T,9e-05,9
242460,scaffold_2:460052:T:A,9e-05,9
159630,scaffold_18:258071:C:T,9e-05,9
404751,scaffold_6:997380:T:C,9e-05,9
467580,scaffold_8:963725:G:A,9e-05,9
151450,scaffold_17:577769:G:A,9e-05,9
114441,scaffold_15:391979:C:G,9e-05,9
17138,scaffold_10:693363:C:A,9e-05,9
331529,scaffold_4:923291:C:T,9e-05,9
244578,scaffold_2:550850:A:G,9e-05,9
132969,scaffold_16:463654:C:T,9e-05,9
243703,scaffold_2:512428:A:G,9e-05,9
152804,scaffold_17:630413:G:A,9e-05,9
226637,scaffold_1:1986869:A:G,9e-05,9
342109,scaffold_4:1371561:C:T,9e-05,9
326372,scaffold_4:728042:G:T,9e-05,9
349625,scaffold_5:207460:C:T,9e-05,9
337147,scaffold_4:1135560:A:T,9e-05,9
362558,scaffold_5:747386:G:A,9e-05,9
295237,scaffold_3:955917:G:A,9e-05,9
111149,scaffold_15:257763:A:G,9e-05,9
31986,scaffold_11:351975:G:C,9e-05,9
86193,scaffold_13:801944:A:C,9e-05,9
26318,scaffold_11:107930:A:G,9e-05,9
256368,scaffold_2:1043848:A:C,9e-05,9
202302,scaffold_1:1068159:T:A,9e-05,9
398169,scaffold_6:732567:A:C,9e-05,9
41290,scaffold_11:759724:C:G,9e-05,9
424723,scaffold_7:512458:G:A,9e-05,9
192203,scaffold_1:680446:T:C,9e-05,9
308382,scaffold_4:17020:G:A,9e-05,9
66361,scaffold_13:45599:A:C,9e-05,9
206193,scaffold_1:1207741:G:C,9e-05,9
259038,scaffold_2:1144818:G:A,9e-05,9
54380,scaffold_12:372879:C:T,9e-05,9
167830,scaffold_18:580829:G:C,9e-05,9
457703,scaffold_8:548235:A:G,9e-05,9
467559,scaffold_8:962540:C:T,9e-05,9
418044,scaffold_7:266281:A:G,9e-05,9
127893,scaffold_16:266521:T:G,9e-05,9
323349,scaffold_4:610390:A:G,9e-05,9
132381,scaffold_16:438576:C:T,9e-05,9
277530,scaffold_3:287658:G:A,9e-05,9
351754,scaffold_5:290404:C:T,9e-05,9
227528,scaffold_1:2016487:G:A,9e-05,9
340629,scaffold_4:1310631:G:C,9e-05,9
383789,scaffold_6:192243:G:A,9e-05,9
298788,scaffold_3:1100286:T:G,9e-05,9
401992,scaffold_6:883111:A:G,9e-05,9
132126,scaffold_16:428744:G:A,9e-05,9
442887,scaffold_7:1217290:C:T,9e-05,9
33238,scaffold_11:438751:C:T,9e-05,9
30802,scaffold_11:304877:C:A,9e-05,9
448928,scaffold_8:188145:C:T,9e-05,9
126378,scaffold_16:188216:G:A,9e-05,9
74019,scaffold_13:335768:A:C,9e-05,9
343945,scaffold_4:1449162:T:A,9e-05,9
224626,scaffold_1:1910482:G:A,9e-05,9
224586,scaffold_1:1908878:G:A,9e-05,9
325081,scaffold_4:678460:G:A,9e-05,9
24613,scaffold_11:39973:C:T,9e-05,9
352080,scaffold_5:304243:G:C,9e-05,9
450983,scaffold_8:266141:G:A,9e-05,9
319867,scaffold_4:466726:C:T,9e-05,9
188664,scaffold_1:542551:G:A,9e-05,9
182541,scaffold_1:286668:C:T,9e-05,9
372488,scaffold_5:1133394:G:A,9e-05,9
477565,scaffold_9:145165:A:G,9e-05,9
381527,scaffold_6:109136:T:C,9e-05,9
184640,scaffold_1:372102:G:C,9e-05,9
38881,scaffold_11:666885:T:C,9e-05,9
460065,scaffold_8:647023:A:T,9e-05,9
192821,scaffold_1:704018:G:C,9e-05,9
385787,scaffold_6:264120:C:T,9e-05,9
10878,scaffold_10:441837:A:G,9e-05,9
89467,scaffold_14:121642:A:G,9e-05,9
484457,scaffold_9:431848:G:A,9e-05,9
384699,scaffold_6:223441:A:T,9e-05,9
133126,scaffold_16:470105:G:A,9e-05,9
128306,scaffold_16:282189:G:A,9e-05,9
364751,scaffold_5:831968:G:A,9e-05,9
468408,scaffold_8:998249:G:A,9e-05,9
460245,scaffold_8:654149:C:T,9e-05,9
453933,scaffold_8:393677:A:G,9e-05,9
449522,scaffold_8:209117:C:G,9e-05,9
81304,scaffold_13:608946:A:G,9e-05,9
10054,scaffold_10:408771:C:A,9e-05,9
164044,scaffold_18:432725:A:G,9e-05,9
380948,scaffold_6:87578:T:C,9e-05,9
207980,scaffold_1:1280159:A:G,9e-05,9
442452,scaffold_7:1196161:A:G,9e-05,9
186921,scaffold_1:463861:T:C,9e-05,9
264975,scaffold_2:1373467:C:G,9e-05,9
370646,scaffold_5:1052128:G:T,9e-05,9
381243,scaffold_6:99051:T:C,9e-05,9
196651,scaffold_1:853781:G:A,9e-05,9
411916,scaffold_7:37901:T:G,9e-05,9
249913,scaffold_2:780828:C:G,9e-05,9
310895,scaffold_4:114119:A:C,9e-05,9
491229,scaffold_9:693445:G:A,9e-05,9
79747,scaffold_13:546362:C:G,9e-05,9
13157,scaffold_10:540552:C:T,9e-05,9
304685,scaffold_3:1332117:T:C,9e-05,9
253115,scaffold_2:914542:T:C,9e-05,9
221872,scaffold_1:1809847:C:T,9e-05,9
338268,scaffold_4:1205877:A:G,9e-05,9
210198,scaffold_1:1361065:T:C,9e-05,9
201529,scaffold_1:1039301:C:G,9e-05,9
157824,scaffold_18:183691:G:A,9e-05,9
250573,scaffold_2:805737:T:C,9e-05,9
58855,scaffold_12:547326:C:T,9e-05,9
402862,scaffold_6:917172:A:G,9e-05,9
120219,scaffold_15:610343:G:C,9e-05,9
410880,scaffold_6:1282200:T:C,9e-05,9
103580,scaffold_14:691600:G:A,9e-05,9
341089,scaffold_4:1328812:G:C,9e-05,9
373177,scaffold_5:1155701:G:A,9e-05,9
12018,scaffold_10:487729:C:A,9e-05,9
229499,scaffold_1:2089220:C:T,9e-05,9
224994,scaffold_1:1923113:G:A,9e-05,9
229108,scaffold_1:2072579:T:G,9e-05,9
119373,scaffold_15:574681:T:C,9e-05,9
422513,scaffold_7:433495:A:G,9e-05,9
315991,scaffold_4:324757:T:G,9e-05,9
78358,scaffold_13:498584:T:C,9e-05,9
189229,scaffold_1:565356:A:G,9e-05,9
355978,scaffold_5:450143:G:A,9e-05,9
439844,scaffold_7:1092935:C:A,9e-05,9
59444,scaffold_12:577922:C:G,9e-05,9
416746,scaffold_7:223376:C:G,9e-05,9
58429,scaffold_12:530049:A:G,9e-05,9
213960,scaffold_1:1502653:C:T,9e-05,9
198453,scaffold_1:920338:G:A,9e-05,9
29313,scaffold_11:244201:C:T,9e-05,9
346081,scaffold_5:69022:A:G,9e-05,9
29941,scaffold_11:272021:T:A,9e-05,9
433924,scaffold_7:873776:C:T,9e-05,9
475573,scaffold_9:72103:A:G,9e-05,9
308933,scaffold_4:38075:G:C,9e-05,9
381425,scaffold_6:105973:A:G,9e-05,9
251358,scaffold_2:841356:A:G,9e-05,9
338403,scaffold_4:1210246:G:C,9e-05,9
464334,scaffold_8:818997:A:C,9e-05,9
66638,scaffold_13:57259:G:C,9e-05,9
90020,scaffold_14:146139:T:C,9e-05,9
299770,scaffold_3:1139991:T:C,9e-05,9
290641,scaffold_3:782907:G:A,9e-05,9
249943,scaffold_2:782003:G:A,9e-05,9
410800,scaffold_6:1279487:G:A,9e-05,9
302126,scaffold_3:1232038:C:A,9e-05,9
475837,scaffold_9:85371:A:G,9e-05,9
320774,scaffold_4:504097:G:C,9e-05,9
135454,scaffold_16:562723:C:A,9e-05,9
160736,scaffold_18:302430:A:G,9e-05,9
462793,scaffold_8:758049:C:A,9e-05,9
124582,scaffold_16:103470:G:A,9e-05,9
166868,scaffold_18:546216:T:C,9e-05,9
135882,scaffold_16:582610:G:A,9e-05,9
398295,scaffold_6:736260:G:A,9e-05,9
330154,scaffold_4:875055:G:C,9e-05,9
228750,scaffold_1:2061936:A:G,9e-05,9
321066,scaffold_4:515934:G:A,9e-05,9
330271,scaffold_4:879543:G:C,9e-05,9
231659,scaffold_1:2172917:T:C,9e-05,9
76674,scaffold_13:436411:C:T,9e-05,9
154969,scaffold_18:66452:C:T,9e-05,9
216692,scaffold_1:1608616:G:C,9e-05,9
307154,scaffold_3:1437532:T:C,9e-05,9
238289,scaffold_2:291810:C:T,9e-05,9
250737,scaffold_2:811961:G:A,9e-05,9
467202,scaffold_8:948019:T:C,9e-05,9
142951,scaffold_17:214616:C:G,9e-05,9
134203,scaffold_16:516534:A:G,9e-05,9
217802,scaffold_1:1647158:G:A,9e-05,9
231488,scaffold_1:2168334:A:G,9e-05,9
23162,scaffold_10:969193:G:T,9e-05,9
145083,scaffold_17:293117:G:C,9e-05,9
394845,scaffold_6:605860:C:T,9e-05,9
6316,scaffold_10:258347:A:G,9e-05,9
417921,scaffold_7:262378:A:G,9e-05,9
128564,scaffold_16:292813:C:T,9e-05,9
40465,scaffold_11:728571:T:C,9e-05,9
34953,scaffold_11:503795:G:A,9e-05,9
233886,scaffold_2:92891:T:G,9e-05,9
105337,scaffold_14:758171:C:G,9e-05,9
34388,scaffold_11:482028:G:C,9e-05,9
205597,scaffold_1:1185668:C:T,9e-05,9
326268,scaffold_4:723768:A:G,9e-05,9
296924,scaffold_3:1034293:A:G,9e-05,9
63648,scaffold_12:764053:A:C,9e-05,9
454845,scaffold_8:429742:A:G,9e-05,9
174353,scaffold_19:219671:C:G,9e-05,9
157188,scaffold_18:151130:C:T,9e-05,9
183010,scaffold_1:312475:A:G,9e-05,9
490476,scaffold_9:659219:C:G,9e-05,9
386388,scaffold_6:285050:G:A,9e-05,9
111711,scaffold_15:282854:C:A,9e-05,9
380032,scaffold_6:55250:T:C,9e-05,9
438612,scaffold_7:1048022:G:T,9e-05,9
158468,scaffold_18:213424:C:T,9e-05,9
261376,scaffold_2:1234044:G:A,9e-05,9
317169,scaffold_4:366244:T:C,9e-05,9
144664,scaffold_17:279483:C:A,9e-05,9
181710,scaffold_1:251783:A:G,9e-05,9
135900,scaffold_16:583725:A:G,9e-05,9
180174,scaffold_1:191138:T:A,9e-05,9
28507,scaffold_11:207509:A:T,9e-05,9
277300,scaffold_3:277683:T:G,9e-05,9
221794,scaffold_1:1807452:A:G,9e-05,9
125891,scaffold_16:167351:T:C,9e-05,9
411802,scaffold_7:34092:G:C,9e-05,9
483955,scaffold_9:411902:G:A,9e-05,9
235555,scaffold_2:163410:G:C,9e-05,9
289209,scaffold_3:727028:G:A,9e-05,9
495662,scaffold_9:894889:G:A,9e-05,9
305419,scaffold_3:1357951:T:C,9e-05,9
415860,scaffold_7:192746:T:C,9e-05,9
197473,scaffold_1:882287:C:T,9e-05,9
318039,scaffold_4:397534:C:T,9e-05,9
419665,scaffold_7:327321:T:G,9e-05,9
319630,scaffold_4:455602:C:T,9e-05,9
413635,scaffold_7:110090:T:C,9e-05,9
415272,scaffold_7:169625:A:C,9e-05,9
462215,scaffold_8:733059:T:G,9e-05,9
410380,scaffold_6:1263277:C:T,9e-05,9
240297,scaffold_2:378385:G:A,9e-05,9
486328,scaffold_9:499049:G:A,9e-05,9
380606,scaffold_6:75349:A:C,9e-05,9
377925,scaffold_5:1359941:G:A,9e-05,9
97840,scaffold_14:460751:G:A,9e-05,9
16366,scaffold_10:663762:T:C,9e-05,9
382595,scaffold_6:145944:T:C,9e-05,9
186682,scaffold_1:455285:T:C,9e-05,9
44155,scaffold_11:885230:A:G,9e-05,9
77307,scaffold_13:461665:G:C,9e-05,9
190255,scaffold_1:605222:T:C,9e-05,9
406172,scaffold_6:1077977:G:A,9e-05,9
355653,scaffold_5:437236:A:G,9e-05,9
143017,scaffold_17:217099:G:A,9e-05,9
236115,scaffold_2:187305:G:A,9e-05,9
434325,scaffold_7:888973:C:T,9e-05,9
185040,scaffold_1:390944:G:A,9e-05,9
440421,scaffold_7:1113665:G:C,9e-05,9
285263,scaffold_3:577357:C:T,9e-05,9
154364,scaffold_18:43136:C:G,9e-05,9
142728,scaffold_17:206802:C:G,9e-05,9
318326,scaffold_4:409069:T:C,9e-05,9
403473,scaffold_6:944680:G:C,9e-05,9
311255,scaffold_4:127430:G:C,9e-05,9
46190,scaffold_12:36428:C:T,9e-05,9
330497,scaffold_4:887360:T:C,9e-05,9
93483,scaffold_14:286980:G:A,9e-05,9
370224,scaffold_5:1033266:A:G,9e-05,9
286461,scaffold_3:621384:T:C,9e-05,9
224619,scaffold_1:1910200:A:G,9e-05,9
149471,scaffold_17:496577:C:T,9e-05,9
44209,scaffold_11:887755:T:A,9e-05,9
54267,scaffold_12:369475:C:G,9e-05,9
369447,scaffold_5:1005115:T:G,9e-05,9
165624,scaffold_18:496792:G:A,9e-05,9
205307,scaffold_1:1175601:A:G,9e-05,9
178693,scaffold_1:117939:A:G,9e-05,9
386490,scaffold_6:288889:G:A,9e-05,9
34506,scaffold_11:487990:T:C,9e-05,9
296831,scaffold_3:1030972:G:A,9e-05,9
292499,scaffold_3:850647:C:T,9e-05,9
295259,scaffold_3:971180:C:T,9e-05,9
277933,scaffold_3:302220:C:G,9e-05,9
161045,scaffold_18:315178:A:G,9e-05,9
319687,scaffold_4:460352:A:C,9e-05,9
225725,scaffold_1:1948398:T:G,9e-05,9
26278,scaffold_11:106494:G:A,9e-05,9
217563,scaffold_1:1639037:G:A,9e-05,9
159896,scaffold_18:270167:A:G,9e-05,9
152052,scaffold_17:601347:G:T,9e-05,9
114422,scaffold_15:391652:G:A,9e-05,9
423649,scaffold_7:473721:A:C,9e-05,9
63550,scaffold_12:761286:G:T,9e-05,9
437612,scaffold_7:1010683:T:A,9e-05,9
314640,scaffold_4:272441:C:T,9e-05,9
185103,scaffold_1:393473:G:A,9e-05,9
398319,scaffold_6:736817:C:G,9e-05,9
340331,scaffold_4:1296191:A:G,9e-05,9
5267,scaffold_10:213228:T:G,9e-05,9
135458,scaffold_16:562804:T:C,9e-05,9
224189,scaffold_1:1896193:T:C,9e-05,9
256099,scaffold_2:1032101:T:C,9e-05,9
77251,scaffold_13:459255:A:G,9e-05,9
375974,scaffold_5:1279875:T:C,9e-05,9
87194,scaffold_14:37736:A:C,9e-05,9
138026,scaffold_17:19212:C:G,9e-05,9
487748,scaffold_9:555063:T:C,9e-05,9
334171,scaffold_4:1019529:A:T,8e-05,8
111217,scaffold_15:260557:T:C,8e-05,8
66633,scaffold_13:56897:T:C,8e-05,8
243092,scaffold_2:486238:A:G,8e-05,8
55865,scaffold_12:428547:T:C,8e-05,8
348220,scaffold_5:152674:G:A,8e-05,8
17909,scaffold_10:725083:C:T,8e-05,8
196070,scaffold_1:832584:G:A,8e-05,8
94093,scaffold_14:310073:C:T,8e-05,8
332731,scaffold_4:970449:G:A,8e-05,8
480175,scaffold_9:272373:T:C,8e-05,8
190288,scaffold_1:607215:G:C,8e-05,8
467346,scaffold_8:953492:T:C,8e-05,8
261310,scaffold_2:1231275:C:T,8e-05,8
256809,scaffold_2:1058749:T:A,8e-05,8
301133,scaffold_3:1192072:A:C,8e-05,8
381803,scaffold_6:117669:G:A,8e-05,8
468494,scaffold_8:1002196:G:T,8e-05,8
473332,scaffold_8:1231466:T:C,8e-05,8
249576,scaffold_2:768536:C:T,8e-05,8
466656,scaffold_8:919799:A:G,8e-05,8
444028,scaffold_7:1260424:G:A,8e-05,8
107659,scaffold_15:117715:C:T,8e-05,8
32052,scaffold_11:354997:A:G,8e-05,8
86278,scaffold_13:806187:A:G,8e-05,8
339173,scaffold_4:1238750:G:C,8e-05,8
427980,scaffold_7:634665:T:C,8e-05,8
129527,scaffold_16:328458:C:A,8e-05,8
469727,scaffold_8:1055989:A:G,8e-05,8
27195,scaffold_11:147314:T:C,8e-05,8
200227,scaffold_1:993594:G:A,8e-05,8
213389,scaffold_1:1483708:T:C,8e-05,8
328201,scaffold_4:806025:C:T,8e-05,8
314263,scaffold_4:256884:G:C,8e-05,8
91469,scaffold_14:204438:G:C,8e-05,8
127312,scaffold_16:228406:T:C,8e-05,8
135751,scaffold_16:577776:T:C,8e-05,8
472643,scaffold_8:1192916:T:C,8e-05,8
202684,scaffold_1:1083809:C:T,8e-05,8
389656,scaffold_6:404278:C:T,8e-05,8
370384,scaffold_5:1041510:A:T,8e-05,8
214073,scaffold_1:1507556:C:A,8e-05,8
414170,scaffold_7:130224:C:T,8e-05,8
264232,scaffold_2:1346997:T:C,8e-05,8
66292,scaffold_13:41287:A:G,8e-05,8
269875,scaffold_2:1592458:A:G,8e-05,8
76597,scaffold_13:434079:A:C,8e-05,8
214781,scaffold_1:1533219:G:C,8e-05,8
95222,scaffold_14:349712:A:G,8e-05,8
22524,scaffold_10:940617:A:G,8e-05,8
366038,scaffold_5:878687:A:G,8e-05,8
307216,scaffold_3:1439543:C:T,8e-05,8
319749,scaffold_4:462825:C:T,8e-05,8
309183,scaffold_4:47464:T:G,8e-05,8
104078,scaffold_14:710160:C:T,8e-05,8
338540,scaffold_4:1215190:G:C,8e-05,8
53647,scaffold_12:345844:C:G,8e-05,8
458362,scaffold_8:576427:C:G,8e-05,8
243543,scaffold_2:504649:G:C,8e-05,8
127228,scaffold_16:225593:C:T,8e-05,8
13219,scaffold_10:542883:C:T,8e-05,8
419422,scaffold_7:319410:G:C,8e-05,8
177321,scaffold_1:65651:G:A,8e-05,8
84,scaffold_10:3718:C:T,8e-05,8
486895,scaffold_9:521539:C:A,8e-05,8
59565,scaffold_12:582595:C:A,8e-05,8
47333,scaffold_12:79250:C:A,8e-05,8
97416,scaffold_14:439607:A:G,8e-05,8
219343,scaffold_1:1709053:G:A,8e-05,8
347883,scaffold_5:141451:C:G,8e-05,8
418617,scaffold_7:291324:C:G,8e-05,8
410027,scaffold_6:1250636:A:G,8e-05,8
420446,scaffold_7:359812:G:T,8e-05,8
487965,scaffold_9:562446:C:T,8e-05,8
400539,scaffold_6:826929:C:T,8e-05,8
363377,scaffold_5:783849:G:C,8e-05,8
424210,scaffold_7:492248:G:C,8e-05,8
150588,scaffold_17:542842:T:G,8e-05,8
81847,scaffold_13:628711:T:C,8e-05,8
419348,scaffold_7:316959:C:T,8e-05,8
222934,scaffold_1:1848327:G:A,8e-05,8
226275,scaffold_1:1970569:C:T,8e-05,8
129169,scaffold_16:314168:T:C,8e-05,8
179159,scaffold_1:135214:T:C,8e-05,8
109522,scaffold_15:188384:G:T,8e-05,8
23142,scaffold_10:968725:G:A,8e-05,8
289171,scaffold_3:726122:T:C,8e-05,8
335313,scaffold_4:1067038:A:G,8e-05,8
476150,scaffold_9:97711:A:G,8e-05,8
11723,scaffold_10:478355:C:G,8e-05,8
494342,scaffold_9:836011:C:T,8e-05,8
326752,scaffold_4:741159:T:C,8e-05,8
410941,scaffold_6:1284379:G:A,8e-05,8
233374,scaffold_2:69296:C:T,8e-05,8
347800,scaffold_5:139043:C:G,8e-05,8
288891,scaffold_3:713479:G:A,8e-05,8
212145,scaffold_1:1431216:C:T,8e-05,8
449358,scaffold_8:203114:C:T,8e-05,8
435487,scaffold_7:935778:A:G,8e-05,8
261706,scaffold_2:1247367:A:G,8e-05,8
147268,scaffold_17:387128:C:T,8e-05,8
386262,scaffold_6:281177:G:A,8e-05,8
107432,scaffold_15:104477:T:G,8e-05,8
47014,scaffold_12:68138:G:C,8e-05,8
53221,scaffold_12:315904:A:G,8e-05,8
386656,scaffold_6:298137:C:G,8e-05,8
253936,scaffold_2:947190:T:C,8e-05,8
383167,scaffold_6:168884:T:C,8e-05,8
469152,scaffold_8:1032474:G:A,8e-05,8
182320,scaffold_1:279333:C:T,8e-05,8
310129,scaffold_4:87042:C:A,8e-05,8
130393,scaffold_16:360366:G:A,8e-05,8
126333,scaffold_16:186401:G:A,8e-05,8
193283,scaffold_1:723265:A:G,8e-05,8
159877,scaffold_18:269492:A:G,8e-05,8
444747,scaffold_8:23368:G:C,8e-05,8
278792,scaffold_3:332591:C:T,8e-05,8
189770,scaffold_1:586447:C:A,8e-05,8
404121,scaffold_6:970677:C:A,8e-05,8
282559,scaffold_3:479162:G:A,8e-05,8
224698,scaffold_1:1912432:A:G,8e-05,8
14667,scaffold_10:601461:G:A,8e-05,8
254669,scaffold_2:976544:G:T,8e-05,8
260699,scaffold_2:1210020:A:G,8e-05,8
80150,scaffold_13:562012:A:G,8e-05,8
318252,scaffold_4:406755:G:A,8e-05,8
267310,scaffold_2:1471949:C:T,8e-05,8
62865,scaffold_12:722685:A:C,8e-05,8
487600,scaffold_9:549691:A:G,8e-05,8
343898,scaffold_4:1447395:C:T,8e-05,8
51410,scaffold_12:247729:T:C,8e-05,8
479489,scaffold_9:244676:C:G,8e-05,8
87247,scaffold_14:39852:C:G,8e-05,8
346445,scaffold_5:81957:C:T,8e-05,8
494539,scaffold_9:843539:G:A,8e-05,8
248848,scaffold_2:739938:T:C,8e-05,8
460832,scaffold_8:680194:C:G,8e-05,8
410439,scaffold_6:1265387:G:A,8e-05,8
397485,scaffold_6:706715:A:G,8e-05,8
36462,scaffold_11:563279:C:G,8e-05,8
232061,scaffold_2:16451:T:C,8e-05,8
271492,scaffold_3:48417:G:A,8e-05,8
398040,scaffold_6:727658:G:A,8e-05,8
268586,scaffold_2:1531106:T:C,8e-05,8
255879,scaffold_2:1022150:A:G,8e-05,8
301344,scaffold_3:1201276:G:A,8e-05,8
363663,scaffold_5:794119:A:T,8e-05,8
97502,scaffold_14:442103:G:A,8e-05,8
88175,scaffold_14:72409:C:A,8e-05,8
492101,scaffold_9:731167:T:G,8e-05,8
390838,scaffold_6:447826:A:C,8e-05,8
180314,scaffold_1:197629:C:T,8e-05,8
297078,scaffold_3:1039066:A:T,8e-05,8
487488,scaffold_9:546382:C:A,8e-05,8
438268,scaffold_7:1034938:G:A,8e-05,8
149940,scaffold_17:516142:T:A,8e-05,8
415775,scaffold_7:188948:C:T,8e-05,8
53482,scaffold_12:325881:G:C,8e-05,8
231915,scaffold_2:9702:C:G,8e-05,8
287566,scaffold_3:660730:C:T,8e-05,8
25725,scaffold_11:84011:C:T,8e-05,8
444732,scaffold_8:22381:A:G,8e-05,8
322345,scaffold_4:565390:A:C,8e-05,8
455053,scaffold_8:436579:G:T,8e-05,8
10837,scaffold_10:440136:G:A,8e-05,8
19409,scaffold_10:804113:T:C,8e-05,8
288971,scaffold_3:717089:A:G,8e-05,8
290566,scaffold_3:779703:C:T,8e-05,8
404476,scaffold_6:987001:G:A,8e-05,8
113274,scaffold_15:337993:G:C,8e-05,8
55069,scaffold_12:398185:C:T,8e-05,8
335435,scaffold_4:1071748:C:T,8e-05,8
2888,scaffold_10:113251:A:C,8e-05,8
401248,scaffold_6:853021:A:G,8e-05,8
72258,scaffold_13:270453:T:C,8e-05,8
368037,scaffold_5:950417:A:G,8e-05,8
145314,scaffold_17:302846:A:G,8e-05,8
277195,scaffold_3:274326:A:G,8e-05,8
78573,scaffold_13:506745:G:A,8e-05,8
486450,scaffold_9:503302:G:A,8e-05,8
91351,scaffold_14:199667:T:A,8e-05,8
144335,scaffold_17:268933:C:T,8e-05,8
41415,scaffold_11:765993:C:T,8e-05,8
172932,scaffold_19:165162:T:C,8e-05,8
433032,scaffold_7:832672:T:G,8e-05,8
218585,scaffold_1:1678275:A:C,8e-05,8
52119,scaffold_12:276459:A:G,8e-05,8
495260,scaffold_9:877474:C:T,8e-05,8
122629,scaffold_16:13566:A:G,8e-05,8
473341,scaffold_8:1231635:C:A,8e-05,8
206698,scaffold_1:1226209:A:C,8e-05,8
52761,scaffold_12:298197:C:T,8e-05,8
306201,scaffold_3:1396696:G:C,8e-05,8
41157,scaffold_11:755242:A:G,8e-05,8
3945,scaffold_10:157381:G:A,8e-05,8
256844,scaffold_2:1060035:C:T,8e-05,8
349633,scaffold_5:207946:T:C,8e-05,8
403102,scaffold_6:927540:C:A,8e-05,8
296661,scaffold_3:1025955:T:A,8e-05,8
481508,scaffold_9:321532:A:C,8e-05,8
169605,scaffold_19:9316:G:C,8e-05,8
219417,scaffold_1:1711391:A:G,8e-05,8
221747,scaffold_1:1806105:G:C,8e-05,8
99493,scaffold_14:531125:A:G,8e-05,8
7399,scaffold_10:301699:C:A,8e-05,8
108765,scaffold_15:162890:G:A,8e-05,8
1828,scaffold_10:69948:G:T,8e-05,8
179784,scaffold_1:169508:G:A,8e-05,8
124906,scaffold_16:121446:T:G,8e-05,8
12530,scaffold_10:518667:C:T,8e-05,8
323753,scaffold_4:625401:C:T,8e-05,8
211002,scaffold_1:1390398:C:T,8e-05,8
213213,scaffold_1:1476389:T:C,8e-05,8
297596,scaffold_3:1058253:G:A,8e-05,8
488761,scaffold_9:593711:G:A,8e-05,8
279411,scaffold_3:357023:C:G,8e-05,8
354463,scaffold_5:394560:C:G,8e-05,8
87870,scaffold_14:61589:G:A,8e-05,8
476165,scaffold_9:98315:G:C,8e-05,8
52744,scaffold_12:297711:A:G,8e-05,8
256032,scaffold_2:1029135:C:A,8e-05,8
182519,scaffold_1:285998:G:A,8e-05,8
428562,scaffold_7:657047:C:A,8e-05,8
186493,scaffold_1:448164:C:T,8e-05,8
166179,scaffold_18:520937:C:T,8e-05,8
177207,scaffold_1:60526:A:T,8e-05,8
288092,scaffold_3:680951:T:G,8e-05,8
446390,scaffold_8:86128:A:T,8e-05,8
188005,scaffold_1:504510:T:A,8e-05,8
21035,scaffold_10:879042:G:A,8e-05,8
334706,scaffold_4:1036995:C:T,8e-05,8
196012,scaffold_1:830463:C:T,8e-05,8
467862,scaffold_8:975323:T:A,8e-05,8
2006,scaffold_10:77581:C:T,8e-05,8
43000,scaffold_11:835461:T:C,8e-05,8
13885,scaffold_10:570437:G:C,8e-05,8
253097,scaffold_2:913673:G:A,8e-05,8
65737,scaffold_13:21262:C:G,8e-05,8
7706,scaffold_10:315802:T:C,8e-05,8
234552,scaffold_2:127215:C:T,8e-05,8
288381,scaffold_3:692955:C:T,8e-05,8
411593,scaffold_7:26484:T:G,8e-05,8
36311,scaffold_11:557191:A:G,8e-05,8
354483,scaffold_5:395211:C:G,8e-05,8
154849,scaffold_18:62536:C:G,8e-05,8
211431,scaffold_1:1404575:G:A,8e-05,8
128884,scaffold_16:304784:C:T,8e-05,8
455580,scaffold_8:463054:C:T,8e-05,8
385868,scaffold_6:268174:C:T,8e-05,8
309266,scaffold_4:50691:G:A,8e-05,8
367992,scaffold_5:948586:T:C,8e-05,8
143603,scaffold_17:241892:T:G,8e-05,8
363533,scaffold_5:789294:C:G,8e-05,8
475994,scaffold_9:91494:G:A,8e-05,8
16421,scaffold_10:665607:C:G,8e-05,8
27032,scaffold_11:140071:G:A,8e-05,8
493804,scaffold_9:809564:A:C,8e-05,8
136378,scaffold_16:609326:A:G,8e-05,8
302416,scaffold_3:1241731:T:C,8e-05,8
228722,scaffold_1:2060716:C:T,8e-05,8
10699,scaffold_10:435086:G:A,8e-05,8
311018,scaffold_4:119343:A:G,8e-05,8
434933,scaffold_7:915943:G:A,8e-05,8
31421,scaffold_11:328923:T:C,8e-05,8
493614,scaffold_9:797074:G:A,8e-05,8
178860,scaffold_1:124993:A:G,8e-05,8
158999,scaffold_18:235473:T:C,8e-05,8
411046,scaffold_7:3196:A:G,8e-05,8
420429,scaffold_7:359094:C:G,8e-05,8
89060,scaffold_14:105098:G:C,8e-05,8
454317,scaffold_8:408522:T:C,8e-05,8
12754,scaffold_10:526199:A:G,8e-05,8
357940,scaffold_5:539128:C:G,8e-05,8
190542,scaffold_1:615821:G:A,8e-05,8
210706,scaffold_1:1379858:G:A,8e-05,8
412924,scaffold_7:84831:C:T,8e-05,8
73538,scaffold_13:314334:C:T,8e-05,8
209430,scaffold_1:1333571:G:A,8e-05,8
136007,scaffold_16:588583:G:C,8e-05,8
205768,scaffold_1:1190497:G:A,8e-05,8
95951,scaffold_14:376201:G:A,8e-05,8
287459,scaffold_3:656809:A:G,8e-05,8
244124,scaffold_2:529746:G:A,8e-05,8
148623,scaffold_17:446410:C:T,8e-05,8
9875,scaffold_10:401115:T:C,8e-05,8
204672,scaffold_1:1151878:A:G,8e-05,8
398238,scaffold_6:734485:G:A,8e-05,8
342406,scaffold_4:1382487:C:T,8e-05,8
125604,scaffold_16:152903:C:G,8e-05,8
249413,scaffold_2:762799:A:C,8e-05,8
130412,scaffold_16:360937:A:T,8e-05,8
216625,scaffold_1:1606227:C:G,8e-05,8
17526,scaffold_10:709960:G:C,8e-05,8
219786,scaffold_1:1725928:C:T,8e-05,8
357826,scaffold_5:533599:A:T,8e-05,8
141200,scaffold_17:144575:T:C,8e-05,8
366048,scaffold_5:878893:T:A,8e-05,8
320496,scaffold_4:493574:C:G,8e-05,8
320586,scaffold_4:496434:C:G,8e-05,8
201240,scaffold_1:1029545:G:A,8e-05,8
289363,scaffold_3:732231:A:C,8e-05,8
17509,scaffold_10:709212:G:A,8e-05,8
75893,scaffold_13:405026:C:T,8e-05,8
484124,scaffold_9:417285:T:C,8e-05,8
174501,scaffold_19:224216:C:T,8e-05,8
157944,scaffold_18:187910:C:G,8e-05,8
266205,scaffold_2:1425008:G:A,8e-05,8
265155,scaffold_2:1380620:A:G,8e-05,8
222373,scaffold_1:1828487:A:C,8e-05,8
427475,scaffold_7:615232:T:C,8e-05,8
335438,scaffold_4:1071811:T:C,8e-05,8
310513,scaffold_4:100020:C:T,8e-05,8
43736,scaffold_11:868520:T:A,8e-05,8
488604,scaffold_9:588038:G:A,8e-05,8
341030,scaffold_4:1326081:G:C,8e-05,8
172115,scaffold_19:123027:G:C,8e-05,8
443938,scaffold_7:1256725:G:C,8e-05,8
288944,scaffold_3:716335:G:A,8e-05,8
342516,scaffold_4:1386049:C:T,8e-05,8
411677,scaffold_7:29905:A:T,8e-05,8
128106,scaffold_16:275828:G:C,8e-05,8
249429,scaffold_2:763412:T:A,8e-05,8
261724,scaffold_2:1248110:C:T,8e-05,8
371742,scaffold_5:1103197:G:A,8e-05,8
467141,scaffold_8:945154:C:T,8e-05,8
478352,scaffold_9:202511:C:T,8e-05,8
362640,scaffold_5:750625:G:A,8e-05,8
265472,scaffold_2:1397216:G:A,8e-05,8
252835,scaffold_2:904255:A:G,8e-05,8
444470,scaffold_8:14302:G:A,8e-05,8
456216,scaffold_8:487819:G:A,8e-05,8
116083,scaffold_15:450447:T:C,8e-05,8
55848,scaffold_12:427774:G:C,8e-05,8
176971,scaffold_1:50588:G:A,8e-05,8
286531,scaffold_3:623719:G:A,8e-05,8
26976,scaffold_11:134821:C:A,8e-05,8
192438,scaffold_1:690004:G:A,8e-05,8
427040,scaffold_7:597917:A:G,8e-05,8
301605,scaffold_3:1210954:C:T,8e-05,8
265668,scaffold_2:1405344:C:A,8e-05,8
272045,scaffold_3:69339:T:A,8e-05,8
129942,scaffold_16:344087:T:C,8e-05,8
492580,scaffold_9:756866:C:T,8e-05,8
24676,scaffold_11:41971:C:G,8e-05,8
451929,scaffold_8:305229:T:C,8e-05,8
214492,scaffold_1:1522553:C:A,8e-05,8
230369,scaffold_1:2126344:C:G,8e-05,8
189688,scaffold_1:583844:T:G,8e-05,8
18152,scaffold_10:736676:T:C,8e-05,8
101177,scaffold_14:597611:G:T,8e-05,8
135819,scaffold_16:580323:C:T,8e-05,8
343011,scaffold_4:1410972:C:T,8e-05,8
297037,scaffold_3:1037676:C:T,8e-05,8
238653,scaffold_2:309401:G:A,8e-05,8
174832,scaffold_19:238633:C:G,8e-05,8
306272,scaffold_3:1399762:C:G,8e-05,8
392468,scaffold_6:511203:T:C,8e-05,8
85757,scaffold_13:782300:C:T,8e-05,8
163790,scaffold_18:422260:G:A,8e-05,8
102097,scaffold_14:632880:C:T,8e-05,8
306899,scaffold_3:1428276:A:G,8e-05,8
337198,scaffold_4:1137172:G:C,8e-05,8
361019,scaffold_5:664054:C:G,8e-05,8
251139,scaffold_2:830943:C:T,8e-05,8
368941,scaffold_5:983679:T:C,8e-05,8
130471,scaffold_16:362927:G:A,8e-05,8
184631,scaffold_1:371791:G:A,8e-05,8
169583,scaffold_19:8623:T:A,8e-05,8
399279,scaffold_6:777116:A:T,8e-05,8
273916,scaffold_3:145541:G:C,8e-05,8
229891,scaffold_1:2104302:T:C,8e-05,8
411877,scaffold_7:36757:T:C,8e-05,8
137788,scaffold_17:10949:A:G,8e-05,8
121909,scaffold_15:686279:C:G,8e-05,8
238631,scaffold_2:308168:A:G,8e-05,8
171894,scaffold_19:113890:G:A,8e-05,8
16323,scaffold_10:662252:C:T,8e-05,8
443545,scaffold_7:1242781:C:T,8e-05,8
56178,scaffold_12:443808:A:G,8e-05,8
224217,scaffold_1:1897248:T:C,8e-05,8
107372,scaffold_15:99971:C:T,8e-05,8
470416,scaffold_8:1086446:A:C,8e-05,8
117135,scaffold_15:488387:C:T,8e-05,8
342961,scaffold_4:1408814:C:T,8e-05,8
121680,scaffold_15:678310:A:G,7e-05,7
98357,scaffold_14:483241:G:C,7e-05,7
74252,scaffold_13:343852:C:T,7e-05,7
401135,scaffold_6:848689:G:A,7e-05,7
8624,scaffold_10:352288:T:C,7e-05,7
222257,scaffold_1:1824017:G:A,7e-05,7
294407,scaffold_3:925878:G:C,7e-05,7
343905,scaffold_4:1447646:A:G,7e-05,7
36367,scaffold_11:559934:C:T,7e-05,7
196985,scaffold_1:863650:T:C,7e-05,7
383737,scaffold_6:190458:G:A,7e-05,7
290012,scaffold_3:757830:C:G,7e-05,7
10596,scaffold_10:432009:C:G,7e-05,7
186851,scaffold_1:461088:A:G,7e-05,7
238207,scaffold_2:276543:G:C,7e-05,7
406278,scaffold_6:1083651:C:A,7e-05,7
106171,scaffold_15:31605:G:A,7e-05,7
93138,scaffold_14:274945:A:T,7e-05,7
360482,scaffold_5:641462:C:T,7e-05,7
381658,scaffold_6:113215:C:T,7e-05,7
304806,scaffold_3:1336162:G:A,7e-05,7
413897,scaffold_7:119728:A:G,7e-05,7
314430,scaffold_4:263542:A:G,7e-05,7
27323,scaffold_11:152577:C:T,7e-05,7
268211,scaffold_2:1512430:T:C,7e-05,7
101469,scaffold_14:606990:G:C,7e-05,7
143060,scaffold_17:218373:T:A,7e-05,7
180071,scaffold_1:186818:T:C,7e-05,7
483948,scaffold_9:411631:C:T,7e-05,7
358474,scaffold_5:561237:T:G,7e-05,7
137669,scaffold_17:6686:C:G,7e-05,7
393787,scaffold_6:562188:A:G,7e-05,7
156848,scaffold_18:135588:C:T,7e-05,7
413159,scaffold_7:93262:G:A,7e-05,7
380978,scaffold_6:89448:T:C,7e-05,7
445617,scaffold_8:56673:G:A,7e-05,7
131794,scaffold_16:416721:C:T,7e-05,7
412035,scaffold_7:41948:T:G,7e-05,7
341147,scaffold_4:1330671:C:T,7e-05,7
138199,scaffold_17:25640:C:T,7e-05,7
330753,scaffold_4:897328:A:G,7e-05,7
232274,scaffold_2:25629:G:A,7e-05,7
240973,scaffold_2:404054:G:A,7e-05,7
316298,scaffold_4:335901:G:A,7e-05,7
253167,scaffold_2:916161:A:G,7e-05,7
115148,scaffold_15:418590:G:A,7e-05,7
124224,scaffold_16:88845:T:C,7e-05,7
455735,scaffold_8:470029:C:G,7e-05,7
340277,scaffold_4:1294275:G:T,7e-05,7
67264,scaffold_13:83294:T:A,7e-05,7
28573,scaffold_11:209860:T:A,7e-05,7
431637,scaffold_7:779141:G:A,7e-05,7
307751,scaffold_3:1460914:T:C,7e-05,7
351832,scaffold_5:294059:T:C,7e-05,7
339082,scaffold_4:1234963:A:G,7e-05,7
422521,scaffold_7:433829:T:C,7e-05,7
322218,scaffold_4:561533:G:A,7e-05,7
110704,scaffold_15:228426:A:T,7e-05,7
163066,scaffold_18:395718:G:A,7e-05,7
448858,scaffold_8:185692:T:G,7e-05,7
123320,scaffold_16:46980:T:C,7e-05,7
258067,scaffold_2:1108359:C:T,7e-05,7
352198,scaffold_5:308319:C:G,7e-05,7
305908,scaffold_3:1379711:T:C,7e-05,7
242101,scaffold_2:445953:A:G,7e-05,7
353139,scaffold_5:344301:A:C,7e-05,7
62648,scaffold_12:713334:A:G,7e-05,7
81745,scaffold_13:625187:G:A,7e-05,7
220235,scaffold_1:1742471:C:A,7e-05,7
458567,scaffold_8:585057:G:T,7e-05,7
450134,scaffold_8:232026:G:A,7e-05,7
394489,scaffold_6:592984:G:A,7e-05,7
108324,scaffold_15:144621:A:G,7e-05,7
493671,scaffold_9:802666:C:T,7e-05,7
256033,scaffold_2:1029138:T:C,7e-05,7
312494,scaffold_4:176024:C:A,7e-05,7
133555,scaffold_16:488253:T:G,7e-05,7
210459,scaffold_1:1371223:G:A,7e-05,7
378207,scaffold_5:1376935:G:A,7e-05,7
170513,scaffold_19:44349:A:G,7e-05,7
288593,scaffold_3:700594:G:A,7e-05,7
441522,scaffold_7:1160790:A:G,7e-05,7
495492,scaffold_9:887872:T:A,7e-05,7
398120,scaffold_6:730685:C:T,7e-05,7
337362,scaffold_4:1141791:T:C,7e-05,7
47744,scaffold_12:97198:C:T,7e-05,7
48870,scaffold_12:145054:C:T,7e-05,7
107612,scaffold_15:116222:T:C,7e-05,7
224583,scaffold_1:1908816:T:C,7e-05,7
280616,scaffold_3:405613:T:A,7e-05,7
145364,scaffold_17:307943:C:T,7e-05,7
79674,scaffold_13:543391:A:G,7e-05,7
77937,scaffold_13:483725:C:T,7e-05,7
305575,scaffold_3:1363931:G:A,7e-05,7
422620,scaffold_7:436706:C:G,7e-05,7
452923,scaffold_8:352636:T:G,7e-05,7
77886,scaffold_13:482254:T:C,7e-05,7
446033,scaffold_8:71647:C:T,7e-05,7
237258,scaffold_2:231589:G:A,7e-05,7
94480,scaffold_14:322548:C:G,7e-05,7
315090,scaffold_4:291274:C:T,7e-05,7
403170,scaffold_6:930671:G:T,7e-05,7
143763,scaffold_17:249445:T:C,7e-05,7
127674,scaffold_16:257192:G:A,7e-05,7
191872,scaffold_1:666896:C:T,7e-05,7
236149,scaffold_2:190308:C:T,7e-05,7
217186,scaffold_1:1627129:A:C,7e-05,7
3853,scaffold_10:152621:C:T,7e-05,7
387003,scaffold_6:312499:T:C,7e-05,7
349025,scaffold_5:185051:G:T,7e-05,7
125913,scaffold_16:168421:T:A,7e-05,7
420908,scaffold_7:377003:G:A,7e-05,7
233604,scaffold_2:77210:G:T,7e-05,7
321057,scaffold_4:515694:A:C,7e-05,7
459818,scaffold_8:637476:T:C,7e-05,7
471683,scaffold_8:1156019:G:C,7e-05,7
215248,scaffold_1:1553188:G:A,7e-05,7
307707,scaffold_3:1459954:T:G,7e-05,7
486185,scaffold_9:493008:T:G,7e-05,7
133818,scaffold_16:500325:G:A,7e-05,7
459510,scaffold_8:625577:G:A,7e-05,7
109325,scaffold_15:182360:G:A,7e-05,7
310675,scaffold_4:106029:A:G,7e-05,7
331301,scaffold_4:916117:C:T,7e-05,7
1632,scaffold_10:62078:C:T,7e-05,7
474150,scaffold_9:21673:T:A,7e-05,7
151066,scaffold_17:563939:G:T,7e-05,7
254673,scaffold_2:976654:T:G,7e-05,7
90310,scaffold_14:156862:C:G,7e-05,7
422876,scaffold_7:447037:G:A,7e-05,7
495171,scaffold_9:874554:G:A,7e-05,7
72153,scaffold_13:266720:G:A,7e-05,7
434498,scaffold_7:895585:A:G,7e-05,7
77446,scaffold_13:466645:G:A,7e-05,7
121972,scaffold_15:688331:G:C,7e-05,7
223744,scaffold_1:1878420:C:T,7e-05,7
29693,scaffold_11:260869:G:A,7e-05,7
209372,scaffold_1:1331991:C:G,7e-05,7
381411,scaffold_6:105617:G:C,7e-05,7
434840,scaffold_7:912122:G:T,7e-05,7
87038,scaffold_14:20925:G:T,7e-05,7
463202,scaffold_8:774479:C:T,7e-05,7
197252,scaffold_1:873034:C:T,7e-05,7
294635,scaffold_3:933307:A:G,7e-05,7
391351,scaffold_6:465628:G:A,7e-05,7
458898,scaffold_8:598306:G:A,7e-05,7
81217,scaffold_13:606408:T:C,7e-05,7
192221,scaffold_1:681144:A:G,7e-05,7
190733,scaffold_1:623292:G:A,7e-05,7
306418,scaffold_3:1406490:G:A,7e-05,7
232701,scaffold_2:42049:C:T,7e-05,7
495385,scaffold_9:883733:T:C,7e-05,7
289765,scaffold_3:747531:C:T,7e-05,7
206805,scaffold_1:1230159:T:C,7e-05,7
310757,scaffold_4:108654:C:T,7e-05,7
112621,scaffold_15:316592:G:A,7e-05,7
84076,scaffold_13:713106:C:T,7e-05,7
369086,scaffold_5:989484:C:T,7e-05,7
112707,scaffold_15:319525:C:T,7e-05,7
345945,scaffold_5:64583:C:T,7e-05,7
431772,scaffold_7:784384:T:C,7e-05,7
383074,scaffold_6:166120:G:T,7e-05,7
10617,scaffold_10:432358:G:C,7e-05,7
199455,scaffold_1:959137:A:G,7e-05,7
37864,scaffold_11:627065:C:T,7e-05,7
491982,scaffold_9:725967:C:T,7e-05,7
415351,scaffold_7:172445:C:T,7e-05,7
804,scaffold_10:33034:A:T,7e-05,7
184451,scaffold_1:366078:C:G,7e-05,7
4437,scaffold_10:175642:G:C,7e-05,7
1724,scaffold_10:65561:A:C,7e-05,7
351291,scaffold_5:272964:C:T,7e-05,7
326285,scaffold_4:724402:C:G,7e-05,7
299349,scaffold_3:1121774:G:A,7e-05,7
173066,scaffold_19:170099:G:C,7e-05,7
381230,scaffold_6:98238:G:A,7e-05,7
9637,scaffold_10:392466:A:G,7e-05,7
203524,scaffold_1:1113366:G:A,7e-05,7
155981,scaffold_18:105512:C:T,7e-05,7
248607,scaffold_2:727870:A:G,7e-05,7
430707,scaffold_7:744470:C:T,7e-05,7
349537,scaffold_5:204353:A:G,7e-05,7
410209,scaffold_6:1256711:T:A,7e-05,7
343890,scaffold_4:1447143:T:C,7e-05,7
182971,scaffold_1:310674:T:G,7e-05,7
10053,scaffold_10:408739:C:G,7e-05,7
142844,scaffold_17:211097:T:C,7e-05,7
117585,scaffold_15:506794:C:T,7e-05,7
146783,scaffold_17:367763:G:A,7e-05,7
276137,scaffold_3:235310:C:T,7e-05,7
3235,scaffold_10:125463:C:G,7e-05,7
391584,scaffold_6:478239:T:C,7e-05,7
139049,scaffold_17:58902:C:A,7e-05,7
291016,scaffold_3:796746:G:C,7e-05,7
179073,scaffold_1:132416:G:A,7e-05,7
278539,scaffold_3:323860:G:C,7e-05,7
192550,scaffold_1:694569:G:T,7e-05,7
79568,scaffold_13:539420:A:G,7e-05,7
439863,scaffold_7:1093969:A:G,7e-05,7
5573,scaffold_10:226880:G:A,7e-05,7
379440,scaffold_6:30346:A:G,7e-05,7
441260,scaffold_7:1149794:C:T,7e-05,7
355899,scaffold_5:447322:G:A,7e-05,7
325121,scaffold_4:679773:G:A,7e-05,7
243687,scaffold_2:511588:T:A,7e-05,7
408245,scaffold_6:1176899:C:T,7e-05,7
65179,scaffold_13:1838:G:A,7e-05,7
480798,scaffold_9:295546:C:T,7e-05,7
400896,scaffold_6:840322:A:C,7e-05,7
29765,scaffold_11:263648:G:C,7e-05,7
450395,scaffold_8:242569:A:T,7e-05,7
179427,scaffold_1:154110:C:T,7e-05,7
448972,scaffold_8:189303:C:T,7e-05,7
198467,scaffold_1:921064:G:T,7e-05,7
394977,scaffold_6:609661:G:A,7e-05,7
168483,scaffold_18:609371:C:A,7e-05,7
13521,scaffold_10:554472:G:A,7e-05,7
435476,scaffold_7:935284:A:G,7e-05,7
8592,scaffold_10:351059:G:C,7e-05,7
482415,scaffold_9:356177:C:A,7e-05,7
384147,scaffold_6:205222:G:A,7e-05,7
55261,scaffold_12:405055:T:C,7e-05,7
62745,scaffold_12:717834:C:G,7e-05,7
489038,scaffold_9:603675:T:C,7e-05,7
229019,scaffold_1:2070142:G:T,7e-05,7
21420,scaffold_10:895314:G:C,7e-05,7
386764,scaffold_6:304635:A:T,7e-05,7
80003,scaffold_13:555853:G:A,7e-05,7
267885,scaffold_2:1496578:G:C,7e-05,7
330823,scaffold_4:899465:G:A,7e-05,7
22830,scaffold_10:956845:C:T,7e-05,7
393611,scaffold_6:555474:G:A,7e-05,7
197479,scaffold_1:882438:A:T,7e-05,7
293984,scaffold_3:910779:T:C,7e-05,7
172869,scaffold_19:162572:G:A,7e-05,7
350097,scaffold_5:226238:C:T,7e-05,7
183266,scaffold_1:320826:C:T,7e-05,7
50440,scaffold_12:208508:G:C,7e-05,7
39629,scaffold_11:700293:G:A,7e-05,7
221933,scaffold_1:1811866:A:C,7e-05,7
232869,scaffold_2:49483:C:G,7e-05,7
441505,scaffold_7:1159991:G:C,7e-05,7
406347,scaffold_6:1086251:A:C,7e-05,7
267733,scaffold_2:1489390:T:G,7e-05,7
268554,scaffold_2:1529266:T:G,7e-05,7
253603,scaffold_2:934258:T:C,7e-05,7
190711,scaffold_1:622607:C:G,7e-05,7
237471,scaffold_2:244039:C:T,7e-05,7
391345,scaffold_6:465291:T:C,7e-05,7
91517,scaffold_14:206762:T:G,7e-05,7
211471,scaffold_1:1406122:T:C,7e-05,7
332875,scaffold_4:975783:G:A,7e-05,7
426753,scaffold_7:584290:T:A,7e-05,7
356263,scaffold_5:462401:G:T,7e-05,7
430298,scaffold_7:728993:T:C,7e-05,7
417392,scaffold_7:244164:T:C,7e-05,7
158772,scaffold_18:225681:A:G,7e-05,7
117308,scaffold_15:496817:C:T,7e-05,7
198933,scaffold_1:941113:A:G,7e-05,7
256363,scaffold_2:1043686:G:C,7e-05,7
377411,scaffold_5:1334640:G:A,7e-05,7
483255,scaffold_9:385001:G:A,7e-05,7
404412,scaffold_6:983902:G:T,7e-05,7
255313,scaffold_2:999110:G:A,7e-05,7
19052,scaffold_10:779891:A:G,7e-05,7
367889,scaffold_5:944802:T:C,7e-05,7
212484,scaffold_1:1445320:A:G,7e-05,7
151264,scaffold_17:571065:A:T,7e-05,7
70915,scaffold_13:223252:C:T,7e-05,7
346912,scaffold_5:105629:A:C,7e-05,7
431682,scaffold_7:780630:G:T,7e-05,7
225295,scaffold_1:1933819:T:C,7e-05,7
93521,scaffold_14:288217:C:T,7e-05,7
446854,scaffold_8:104411:T:C,7e-05,7
348151,scaffold_5:150745:C:T,7e-05,7
380389,scaffold_6:67651:C:T,7e-05,7
400440,scaffold_6:822394:G:A,7e-05,7
178049,scaffold_1:91764:C:T,7e-05,7
398725,scaffold_6:755519:A:G,7e-05,7
286001,scaffold_3:603596:C:T,7e-05,7
487841,scaffold_9:558045:G:A,7e-05,7
135063,scaffold_16:549516:C:T,7e-05,7
211301,scaffold_1:1400621:T:C,7e-05,7
364851,scaffold_5:835046:A:G,7e-05,7
272747,scaffold_3:97514:T:C,7e-05,7
369103,scaffold_5:990220:C:T,7e-05,7
490659,scaffold_9:667240:G:A,7e-05,7
398368,scaffold_6:739663:G:A,7e-05,7
55626,scaffold_12:420822:C:G,7e-05,7
61498,scaffold_12:665525:C:T,7e-05,7
205822,scaffold_1:1192334:G:A,7e-05,7
160356,scaffold_18:288655:A:G,7e-05,7
489797,scaffold_9:633022:T:C,7e-05,7
369033,scaffold_5:987599:C:G,7e-05,7
344036,scaffold_4:1453034:A:T,7e-05,7
439097,scaffold_7:1064744:G:A,7e-05,7
254317,scaffold_2:962655:C:A,7e-05,7
165735,scaffold_18:502493:G:A,7e-05,7
203879,scaffold_1:1124572:C:T,7e-05,7
477660,scaffold_9:148233:A:G,7e-05,7
264967,scaffold_2:1373143:A:T,7e-05,7
303947,scaffold_3:1297699:G:A,7e-05,7
139396,scaffold_17:72630:C:T,7e-05,7
359803,scaffold_5:615981:C:T,7e-05,7
147463,scaffold_17:398241:T:C,7e-05,7
443428,scaffold_7:1237777:G:T,7e-05,7
494504,scaffold_9:842244:T:G,7e-05,7
214211,scaffold_1:1511776:G:C,7e-05,7
290651,scaffold_3:783098:C:T,7e-05,7
74968,scaffold_13:368080:T:C,7e-05,7
288334,scaffold_3:690905:G:C,7e-05,7
220951,scaffold_1:1777536:A:G,7e-05,7
57676,scaffold_12:497621:T:C,7e-05,7
376665,scaffold_5:1308587:T:C,7e-05,7
344251,scaffold_4:1460466:C:A,7e-05,7
392013,scaffold_6:493593:T:C,7e-05,7
234214,scaffold_2:106670:G:A,7e-05,7
260023,scaffold_2:1185040:A:T,7e-05,7
117471,scaffold_15:502186:T:C,7e-05,7
220144,scaffold_1:1738925:C:G,7e-05,7
419671,scaffold_7:327574:G:A,7e-05,7
295960,scaffold_3:998479:A:G,7e-05,7
287430,scaffold_3:656039:C:T,7e-05,7
390348,scaffold_6:429246:G:A,7e-05,7
105309,scaffold_14:757306:T:G,7e-05,7
149537,scaffold_17:499653:C:T,7e-05,7
322225,scaffold_4:561749:A:G,7e-05,7
178084,scaffold_1:93194:A:C,7e-05,7
448870,scaffold_8:185947:G:A,7e-05,7
174726,scaffold_19:233753:G:A,7e-05,7
223869,scaffold_1:1884916:C:T,7e-05,7
400058,scaffold_6:807202:G:T,7e-05,7
468275,scaffold_8:992507:G:A,7e-05,7
487780,scaffold_9:556100:A:G,7e-05,7
116,scaffold_10:5004:A:T,7e-05,7
197453,scaffold_1:881622:C:A,7e-05,7
154780,scaffold_18:59955:C:T,7e-05,7
141491,scaffold_17:156297:G:A,7e-05,7
75573,scaffold_13:390022:G:A,7e-05,7
268721,scaffold_2:1539315:A:G,7e-05,7
158985,scaffold_18:235178:C:T,7e-05,7
47755,scaffold_12:98275:C:A,7e-05,7
182612,scaffold_1:289262:A:G,7e-05,7
287214,scaffold_3:648622:T:C,7e-05,7
124354,scaffold_16:94116:C:T,7e-05,7
106231,scaffold_15:34855:G:T,7e-05,7
267361,scaffold_2:1474447:C:G,7e-05,7
339722,scaffold_4:1266225:T:G,7e-05,7
13498,scaffold_10:553610:G:A,7e-05,7
20876,scaffold_10:869976:A:G,7e-05,7
419318,scaffold_7:315576:G:T,7e-05,7
460596,scaffold_8:670281:C:A,7e-05,7
73412,scaffold_13:310392:A:G,7e-05,7
174658,scaffold_19:231380:C:G,7e-05,7
430239,scaffold_7:726602:G:C,7e-05,7
426146,scaffold_7:563746:C:T,7e-05,7
282426,scaffold_3:472292:C:T,7e-05,7
358117,scaffold_5:547304:G:A,7e-05,7
109599,scaffold_15:191250:T:C,7e-05,7
400131,scaffold_6:809844:G:C,7e-05,7
455549,scaffold_8:461477:G:A,7e-05,7
271200,scaffold_3:30380:G:C,7e-05,7
216325,scaffold_1:1595201:G:C,7e-05,7
53177,scaffold_12:313379:C:G,7e-05,7
28289,scaffold_11:193875:G:A,7e-05,7
6912,scaffold_10:281500:G:C,7e-05,7
183604,scaffold_1:333198:G:A,7e-05,7
324291,scaffold_4:647071:C:T,7e-05,7
297998,scaffold_3:1071823:G:A,7e-05,7
229590,scaffold_1:2092547:A:G,7e-05,7
140817,scaffold_17:129696:A:G,7e-05,7
128488,scaffold_16:289017:A:G,7e-05,7
459739,scaffold_8:635028:A:G,7e-05,7
221844,scaffold_1:1808907:C:G,7e-05,7
205816,scaffold_1:1192163:T:C,7e-05,7
254214,scaffold_2:958697:T:A,7e-05,7
41925,scaffold_11:786678:G:A,7e-05,7
492692,scaffold_9:760166:G:A,7e-05,7
332815,scaffold_4:973390:G:A,7e-05,7
295677,scaffold_3:986790:G:A,7e-05,7
373582,scaffold_5:1182020:A:G,7e-05,7
401296,scaffold_6:854886:C:T,7e-05,7
431143,scaffold_7:760614:G:A,7e-05,7
336305,scaffold_4:1104674:G:C,7e-05,7
243708,scaffold_2:512462:G:C,7e-05,7
493021,scaffold_9:775802:T:C,7e-05,7
470380,scaffold_8:1085408:A:G,7e-05,7
191151,scaffold_1:638937:T:C,7e-05,7
77694,scaffold_13:475488:G:C,7e-05,7
332048,scaffold_4:944092:A:G,7e-05,7
222854,scaffold_1:1846037:T:G,7e-05,7
264345,scaffold_2:1350422:G:A,7e-05,7
268200,scaffold_2:1511925:G:A,7e-05,7
362539,scaffold_5:746013:C:T,7e-05,7
361888,scaffold_5:718557:G:C,7e-05,7
140446,scaffold_17:114271:C:T,7e-05,7
36169,scaffold_11:551987:T:C,7e-05,7
127062,scaffold_16:220332:T:C,7e-05,7
350252,scaffold_5:232289:G:A,7e-05,7
115725,scaffold_15:439490:C:G,7e-05,7
338457,scaffold_4:1211920:C:T,7e-05,7
479746,scaffold_9:255903:A:G,7e-05,7
171,scaffold_10:7278:C:T,7e-05,7
212130,scaffold_1:1430865:T:C,7e-05,7
30882,scaffold_11:307878:G:A,7e-05,7
352453,scaffold_5:318773:G:A,7e-05,7
30023,scaffold_11:274986:G:A,7e-05,7
104307,scaffold_14:718912:C:G,7e-05,7
281155,scaffold_3:425687:C:T,7e-05,7
335562,scaffold_4:1077251:G:A,7e-05,7
353993,scaffold_5:377575:A:G,7e-05,7
39651,scaffold_11:700928:G:A,7e-05,7
196452,scaffold_1:846039:G:C,7e-05,7
322912,scaffold_4:594727:T:C,7e-05,7
288306,scaffold_3:689621:C:A,7e-05,7
292796,scaffold_3:862053:G:A,7e-05,7
67588,scaffold_13:96351:C:G,7e-05,7
51294,scaffold_12:243121:G:A,7e-05,7
247492,scaffold_2:672266:T:C,7e-05,7
475109,scaffold_9:56162:A:G,7e-05,7
130431,scaffold_16:361877:G:A,7e-05,7
396675,scaffold_6:677687:C:A,7e-05,7
44410,scaffold_11:896885:A:G,7e-05,7
118221,scaffold_15:532028:G:A,7e-05,7
431719,scaffold_7:782399:C:A,7e-05,7
463159,scaffold_8:772609:C:A,7e-05,7
395512,scaffold_6:631429:A:G,7e-05,7
440949,scaffold_7:1136094:C:T,7e-05,7
485500,scaffold_9:468457:T:C,7e-05,7
161945,scaffold_18:349996:A:G,7e-05,7
252884,scaffold_2:905531:C:T,7e-05,7
76999,scaffold_13:448698:A:G,7e-05,7
458069,scaffold_8:563180:G:A,7e-05,7
152095,scaffold_17:602906:A:G,7e-05,7
466928,scaffold_8:936245:A:T,7e-05,7
13448,scaffold_10:551149:A:G,7e-05,7
238842,scaffold_2:315708:A:C,7e-05,7
495509,scaffold_9:888706:G:A,7e-05,7
425135,scaffold_7:528030:G:A,7e-05,7
476020,scaffold_9:92750:G:A,7e-05,7
80650,scaffold_13:582442:A:C,7e-05,7
141701,scaffold_17:164565:C:T,7e-05,7
283734,scaffold_3:519464:A:G,7e-05,7
53361,scaffold_12:321711:A:G,7e-05,7
320959,scaffold_4:511589:G:A,7e-05,7
219400,scaffold_1:1710990:G:A,7e-05,7
245045,scaffold_2:569247:G:C,7e-05,7
244977,scaffold_2:566755:A:C,7e-05,7
138019,scaffold_17:18874:A:C,7e-05,7
455070,scaffold_8:437236:T:C,7e-05,7
398912,scaffold_6:762349:C:T,7e-05,7
170211,scaffold_19:30128:A:G,7e-05,7
235034,scaffold_2:145589:G:A,7e-05,7
346886,scaffold_5:104720:C:T,7e-05,7
150192,scaffold_17:527323:G:A,7e-05,7
404499,scaffold_6:987787:T:G,7e-05,7
304631,scaffold_3:1330213:G:T,7e-05,7
320038,scaffold_4:473721:A:G,7e-05,7
410047,scaffold_6:1251364:A:T,7e-05,7
136359,scaffold_16:608818:C:G,7e-05,7
259179,scaffold_2:1150007:G:C,7e-05,7
248654,scaffold_2:731810:G:A,7e-05,7
77771,scaffold_13:477822:C:T,7e-05,7
295473,scaffold_3:978493:C:A,7e-05,7
43946,scaffold_11:876917:G:C,7e-05,7
70803,scaffold_13:220205:G:A,7e-05,7
125481,scaffold_16:148265:G:A,7e-05,7
54803,scaffold_12:388794:G:C,7e-05,7
451544,scaffold_8:289645:A:G,7e-05,7
276653,scaffold_3:253843:C:A,7e-05,7
210247,scaffold_1:1363590:A:T,7e-05,7
326385,scaffold_4:728686:G:A,7e-05,7
85124,scaffold_13:755167:C:T,7e-05,7
292234,scaffold_3:841345:G:C,7e-05,7
467654,scaffold_8:966467:A:C,7e-05,7
257723,scaffold_2:1094825:T:A,7e-05,7
323710,scaffold_4:624033:T:G,7e-05,7
481648,scaffold_9:327891:G:C,7e-05,7
384693,scaffold_6:223281:T:C,7e-05,7
360086,scaffold_5:625999:A:G,7e-05,7
52625,scaffold_12:293815:C:T,7e-05,7
344350,scaffold_4:1464375:T:G,7e-05,7
478284,scaffold_9:200051:G:T,7e-05,7
72028,scaffold_13:261895:C:T,7e-05,7
247885,scaffold_2:687379:G:C,7e-05,7
491914,scaffold_9:723257:G:C,7e-05,7
234084,scaffold_2:100705:C:T,7e-05,7
217519,scaffold_1:1637518:G:A,7e-05,7
220477,scaffold_1:1751899:G:A,7e-05,7
294455,scaffold_3:927361:C:T,7e-05,7
303808,scaffold_3:1294511:A:G,7e-05,7
482354,scaffold_9:354276:G:T,7e-05,7
469344,scaffold_8:1039783:A:G,7e-05,7
264293,scaffold_2:1348830:C:T,7e-05,7
478740,scaffold_9:216650:C:T,7e-05,7
163598,scaffold_18:415327:T:C,7e-05,7
385292,scaffold_6:247176:T:C,7e-05,7
434871,scaffold_7:913238:G:C,7e-05,7
254904,scaffold_2:984554:C:T,7e-05,7
208740,scaffold_1:1308177:T:C,7e-05,7
370525,scaffold_5:1048325:G:A,7e-05,7
469664,scaffold_8:1053479:A:G,7e-05,7
345169,scaffold_5:25314:G:A,7e-05,7
80148,scaffold_13:561920:G:A,7e-05,7
74853,scaffold_13:364512:A:G,7e-05,7
341692,scaffold_4:1352346:C:T,7e-05,7
260698,scaffold_2:1209984:G:C,7e-05,7
90011,scaffold_14:145393:A:T,7e-05,7
116145,scaffold_15:452016:A:G,6e-05,6
74601,scaffold_13:354215:A:G,6e-05,6
370159,scaffold_5:1030745:C:T,6e-05,6
286004,scaffold_3:603760:C:T,6e-05,6
151466,scaffold_17:578222:T:C,6e-05,6
463950,scaffold_8:803363:G:A,6e-05,6
70794,scaffold_13:219892:C:T,6e-05,6
120634,scaffold_15:629024:T:A,6e-05,6
360605,scaffold_5:645488:C:T,6e-05,6
196099,scaffold_1:833676:C:A,6e-05,6
399430,scaffold_6:782223:A:G,6e-05,6
280257,scaffold_3:390850:G:C,6e-05,6
329852,scaffold_4:865002:C:T,6e-05,6
284017,scaffold_3:527936:G:A,6e-05,6
60528,scaffold_12:620627:A:G,6e-05,6
400230,scaffold_6:813597:A:G,6e-05,6
420445,scaffold_7:359719:C:T,6e-05,6
108263,scaffold_15:140689:G:T,6e-05,6
424493,scaffold_7:503213:T:C,6e-05,6
474424,scaffold_9:33034:C:T,6e-05,6
117998,scaffold_15:522994:A:G,6e-05,6
51136,scaffold_12:236892:G:T,6e-05,6
351489,scaffold_5:281230:C:G,6e-05,6
320126,scaffold_4:477913:C:A,6e-05,6
188727,scaffold_1:544847:T:C,6e-05,6
261356,scaffold_2:1233192:G:C,6e-05,6
446806,scaffold_8:102339:A:G,6e-05,6
268995,scaffold_2:1554517:C:G,6e-05,6
121236,scaffold_15:654891:C:T,6e-05,6
121166,scaffold_15:650928:G:A,6e-05,6
473171,scaffold_8:1215140:G:T,6e-05,6
60847,scaffold_12:633396:G:T,6e-05,6
477409,scaffold_9:139761:T:C,6e-05,6
453598,scaffold_8:379862:G:A,6e-05,6
187515,scaffold_1:485959:T:G,6e-05,6
225220,scaffold_1:1931619:T:G,6e-05,6
114932,scaffold_15:410541:G:T,6e-05,6
141981,scaffold_17:177033:C:T,6e-05,6
348710,scaffold_5:169722:G:T,6e-05,6
484051,scaffold_9:414975:C:A,6e-05,6
152648,scaffold_17:624480:T:A,6e-05,6
366799,scaffold_5:906021:G:A,6e-05,6
441236,scaffold_7:1147651:A:G,6e-05,6
363932,scaffold_5:803291:G:A,6e-05,6
139031,scaffold_17:57925:C:T,6e-05,6
17211,scaffold_10:695256:G:A,6e-05,6
32094,scaffold_11:356643:C:T,6e-05,6
192382,scaffold_1:688713:T:C,6e-05,6
433126,scaffold_7:840889:C:T,6e-05,6
150234,scaffold_17:528580:A:G,6e-05,6
393999,scaffold_6:574536:C:T,6e-05,6
254728,scaffold_2:978490:C:T,6e-05,6
259195,scaffold_2:1151081:C:G,6e-05,6
47817,scaffold_12:101730:C:G,6e-05,6
300640,scaffold_3:1171129:T:C,6e-05,6
353984,scaffold_5:377191:C:G,6e-05,6
437216,scaffold_7:998798:G:A,6e-05,6
119218,scaffold_15:569118:G:C,6e-05,6
226812,scaffold_1:1992859:G:T,6e-05,6
472436,scaffold_8:1183590:C:T,6e-05,6
266665,scaffold_2:1444461:C:T,6e-05,6
365391,scaffold_5:852947:T:C,6e-05,6
290926,scaffold_3:793233:T:G,6e-05,6
489164,scaffold_9:607733:G:C,6e-05,6
301715,scaffold_3:1214951:C:T,6e-05,6
458482,scaffold_8:581673:C:T,6e-05,6
207542,scaffold_1:1264865:A:G,6e-05,6
388073,scaffold_6:348541:C:T,6e-05,6
218790,scaffold_1:1687751:C:T,6e-05,6
228960,scaffold_1:2068540:C:T,6e-05,6
155744,scaffold_18:94893:G:A,6e-05,6
451732,scaffold_8:297607:G:A,6e-05,6
406176,scaffold_6:1078038:T:G,6e-05,6
449904,scaffold_8:223513:G:A,6e-05,6
394748,scaffold_6:602696:T:A,6e-05,6
98909,scaffold_14:505186:A:G,6e-05,6
417261,scaffold_7:240107:C:T,6e-05,6
32143,scaffold_11:359307:C:T,6e-05,6
411577,scaffold_7:26044:C:T,6e-05,6
120706,scaffold_15:631272:C:A,6e-05,6
363495,scaffold_5:788056:G:A,6e-05,6
272619,scaffold_3:92580:A:G,6e-05,6
456307,scaffold_8:492118:C:G,6e-05,6
24473,scaffold_11:35499:G:C,6e-05,6
89235,scaffold_14:112889:A:C,6e-05,6
304460,scaffold_3:1324266:C:T,6e-05,6
335795,scaffold_4:1087366:C:G,6e-05,6
235732,scaffold_2:169886:T:G,6e-05,6
147107,scaffold_17:380117:A:G,6e-05,6
393271,scaffold_6:540180:C:T,6e-05,6
391199,scaffold_6:460357:G:A,6e-05,6
143284,scaffold_17:228575:A:C,6e-05,6
278981,scaffold_3:340220:C:T,6e-05,6
155255,scaffold_18:75584:G:A,6e-05,6
185379,scaffold_1:405273:C:T,6e-05,6
86152,scaffold_13:800738:G:A,6e-05,6
451590,scaffold_8:291211:A:C,6e-05,6
303120,scaffold_3:1269785:C:G,6e-05,6
450990,scaffold_8:266354:G:A,6e-05,6
213496,scaffold_1:1487059:T:C,6e-05,6
119564,scaffold_15:581049:C:A,6e-05,6
151396,scaffold_17:575752:C:T,6e-05,6
398288,scaffold_6:736103:C:G,6e-05,6
263939,scaffold_2:1330488:A:G,6e-05,6
462314,scaffold_8:737292:G:A,6e-05,6
43728,scaffold_11:868059:T:C,6e-05,6
132922,scaffold_16:461810:T:A,6e-05,6
14323,scaffold_10:589212:T:A,6e-05,6
267091,scaffold_2:1463025:C:G,6e-05,6
374606,scaffold_5:1220244:T:G,6e-05,6
96055,scaffold_14:379768:G:A,6e-05,6
367413,scaffold_5:929319:G:A,6e-05,6
268079,scaffold_2:1505643:G:A,6e-05,6
128405,scaffold_16:285481:C:T,6e-05,6
479625,scaffold_9:251633:G:C,6e-05,6
181161,scaffold_1:230215:C:T,6e-05,6
57387,scaffold_12:487412:G:C,6e-05,6
92283,scaffold_14:240715:C:T,6e-05,6
56434,scaffold_12:452779:C:G,6e-05,6
426946,scaffold_7:595082:C:G,6e-05,6
13468,scaffold_10:552411:A:G,6e-05,6
145857,scaffold_17:326848:C:A,6e-05,6
373725,scaffold_5:1186624:C:T,6e-05,6
7653,scaffold_10:313142:C:G,6e-05,6
476506,scaffold_9:111034:A:G,6e-05,6
419103,scaffold_7:308245:G:A,6e-05,6
50170,scaffold_12:197360:T:C,6e-05,6
325891,scaffold_4:709644:A:G,6e-05,6
368403,scaffold_5:963051:C:T,6e-05,6
481915,scaffold_9:338816:C:G,6e-05,6
143887,scaffold_17:253524:G:A,6e-05,6
99714,scaffold_14:539842:G:C,6e-05,6
173509,scaffold_19:186451:G:C,6e-05,6
348994,scaffold_5:180665:T:C,6e-05,6
417084,scaffold_7:234804:G:A,6e-05,6
17394,scaffold_10:704240:T:C,6e-05,6
317085,scaffold_4:363928:G:C,6e-05,6
321012,scaffold_4:513579:T:A,6e-05,6
32476,scaffold_11:373684:C:A,6e-05,6
56632,scaffold_12:460823:A:G,6e-05,6
129783,scaffold_16:338323:G:A,6e-05,6
453527,scaffold_8:377707:C:G,6e-05,6
364253,scaffold_5:815252:G:A,6e-05,6
361350,scaffold_5:692852:C:T,6e-05,6
11686,scaffold_10:477418:A:G,6e-05,6
84334,scaffold_13:722612:G:A,6e-05,6
257965,scaffold_2:1104641:C:T,6e-05,6
159432,scaffold_18:250338:G:T,6e-05,6
83283,scaffold_13:682387:T:C,6e-05,6
103541,scaffold_14:690193:G:A,6e-05,6
271456,scaffold_3:45887:C:T,6e-05,6
222574,scaffold_1:1836182:G:A,6e-05,6
277869,scaffold_3:299669:C:T,6e-05,6
237653,scaffold_2:252819:G:A,6e-05,6
26454,scaffold_11:112987:C:T,6e-05,6
365714,scaffold_5:865246:T:C,6e-05,6
97246,scaffold_14:432881:T:C,6e-05,6
320510,scaffold_4:493869:C:T,6e-05,6
261981,scaffold_2:1257021:C:T,6e-05,6
354504,scaffold_5:395963:C:T,6e-05,6
375864,scaffold_5:1273688:T:C,6e-05,6
100449,scaffold_14:570098:G:A,6e-05,6
254456,scaffold_2:968170:G:C,6e-05,6
227052,scaffold_1:2002077:G:A,6e-05,6
337579,scaffold_4:1151216:C:T,6e-05,6
91262,scaffold_14:196642:G:A,6e-05,6
339880,scaffold_4:1276017:G:A,6e-05,6
6225,scaffold_10:254896:C:T,6e-05,6
364982,scaffold_5:839722:C:T,6e-05,6
153821,scaffold_18:22706:G:A,6e-05,6
3405,scaffold_10:133064:T:A,6e-05,6
40396,scaffold_11:726219:C:T,6e-05,6
217423,scaffold_1:1634994:A:G,6e-05,6
325390,scaffold_4:690266:G:A,6e-05,6
285417,scaffold_3:582624:G:A,6e-05,6
176743,scaffold_1:41122:G:C,6e-05,6
67845,scaffold_13:105435:A:G,6e-05,6
218995,scaffold_1:1696181:T:C,6e-05,6
220026,scaffold_1:1734531:A:G,6e-05,6
425551,scaffold_7:541549:C:T,6e-05,6
325922,scaffold_4:711217:G:A,6e-05,6
187639,scaffold_1:491020:A:G,6e-05,6
267698,scaffold_2:1488418:G:A,6e-05,6
209127,scaffold_1:1322540:G:A,6e-05,6
29037,scaffold_11:231139:G:A,6e-05,6
423788,scaffold_7:478914:T:C,6e-05,6
430585,scaffold_7:741131:G:C,6e-05,6
247906,scaffold_2:687922:C:G,6e-05,6
282107,scaffold_3:460911:C:T,6e-05,6
465450,scaffold_8:866196:C:T,6e-05,6
36207,scaffold_11:553535:T:C,6e-05,6
457820,scaffold_8:552625:G:A,6e-05,6
334035,scaffold_4:1015195:G:C,6e-05,6
441187,scaffold_7:1145399:A:C,6e-05,6
242802,scaffold_2:473937:G:A,6e-05,6
247085,scaffold_2:654380:C:T,6e-05,6
36623,scaffold_11:570448:A:C,6e-05,6
313181,scaffold_4:201083:A:T,6e-05,6
23956,scaffold_11:15060:C:T,6e-05,6
247267,scaffold_2:661992:C:T,6e-05,6
162060,scaffold_18:354016:A:G,6e-05,6
48229,scaffold_12:115664:G:A,6e-05,6
128166,scaffold_16:278463:T:C,6e-05,6
66997,scaffold_13:71520:C:T,6e-05,6
300606,scaffold_3:1170443:C:T,6e-05,6
72598,scaffold_13:282571:T:A,6e-05,6
6987,scaffold_10:284427:A:T,6e-05,6
481890,scaffold_9:337506:T:C,6e-05,6
353061,scaffold_5:341279:C:G,6e-05,6
123110,scaffold_16:33493:G:T,6e-05,6
149072,scaffold_17:463838:C:T,6e-05,6
305108,scaffold_3:1345900:G:C,6e-05,6
204715,scaffold_1:1153350:C:A,6e-05,6
395973,scaffold_6:649183:G:C,6e-05,6
451154,scaffold_8:273450:G:A,6e-05,6
380318,scaffold_6:65821:C:T,6e-05,6
107107,scaffold_15:86127:G:C,6e-05,6
172916,scaffold_19:164769:C:T,6e-05,6
171944,scaffold_19:115367:G:A,6e-05,6
476928,scaffold_9:126332:C:G,6e-05,6
166328,scaffold_18:527001:G:C,6e-05,6
307060,scaffold_3:1433999:C:T,6e-05,6
74035,scaffold_13:336229:T:C,6e-05,6
22113,scaffold_10:923701:G:A,6e-05,6
3234,scaffold_10:125411:G:C,6e-05,6
462026,scaffold_8:725939:G:A,6e-05,6
254323,scaffold_2:962926:A:G,6e-05,6
376679,scaffold_5:1309016:G:C,6e-05,6
286480,scaffold_3:622094:A:C,6e-05,6
208504,scaffold_1:1300527:A:G,6e-05,6
293175,scaffold_3:875809:G:A,6e-05,6
276277,scaffold_3:240509:G:A,6e-05,6
234464,scaffold_2:121470:T:C,6e-05,6
254085,scaffold_2:953800:G:A,6e-05,6
132314,scaffold_16:436166:T:G,6e-05,6
407463,scaffold_6:1141962:A:G,6e-05,6
233974,scaffold_2:96924:C:G,6e-05,6
6104,scaffold_10:250450:G:T,6e-05,6
337845,scaffold_4:1192778:A:G,6e-05,6
447597,scaffold_8:132933:G:A,6e-05,6
240984,scaffold_2:404391:A:G,6e-05,6
321745,scaffold_4:544202:G:C,6e-05,6
345910,scaffold_5:63522:A:G,6e-05,6
394429,scaffold_6:591112:T:G,6e-05,6
130477,scaffold_16:363153:C:G,6e-05,6
203206,scaffold_1:1102961:G:C,6e-05,6
301876,scaffold_3:1221693:T:A,6e-05,6
47988,scaffold_12:109025:C:T,6e-05,6
459535,scaffold_8:627044:T:C,6e-05,6
200926,scaffold_1:1019026:A:G,6e-05,6
494506,scaffold_9:842315:G:C,6e-05,6
338020,scaffold_4:1198355:G:A,6e-05,6
104299,scaffold_14:718559:T:A,6e-05,6
476380,scaffold_9:105761:C:T,6e-05,6
495308,scaffold_9:880187:G:A,6e-05,6
37483,scaffold_11:610026:A:T,6e-05,6
93462,scaffold_14:285772:T:C,6e-05,6
278688,scaffold_3:328674:G:C,6e-05,6
172773,scaffold_19:153468:C:G,6e-05,6
294010,scaffold_3:911801:C:A,6e-05,6
302354,scaffold_3:1239107:G:A,6e-05,6
176903,scaffold_1:47977:A:G,6e-05,6
305319,scaffold_3:1353468:C:G,6e-05,6
495594,scaffold_9:892358:T:G,6e-05,6
168202,scaffold_18:597183:G:A,6e-05,6
382254,scaffold_6:134324:G:A,6e-05,6
471180,scaffold_8:1138870:C:T,6e-05,6
446119,scaffold_8:76216:T:A,6e-05,6
153205,scaffold_17:651655:G:C,6e-05,6
59360,scaffold_12:567670:A:G,6e-05,6
355600,scaffold_5:435334:C:T,6e-05,6
46053,scaffold_12:31700:G:T,6e-05,6
339037,scaffold_4:1233447:G:A,6e-05,6
484377,scaffold_9:428825:A:C,6e-05,6
245162,scaffold_2:574131:T:C,6e-05,6
28006,scaffold_11:180438:G:A,6e-05,6
409239,scaffold_6:1216909:G:C,6e-05,6
47427,scaffold_12:85269:A:C,6e-05,6
403820,scaffold_6:958143:G:A,6e-05,6
444907,scaffold_8:30680:T:G,6e-05,6
93109,scaffold_14:273953:T:A,6e-05,6
381251,scaffold_6:99309:T:C,6e-05,6
264057,scaffold_2:1338806:G:A,6e-05,6
174392,scaffold_19:220846:C:A,6e-05,6
227392,scaffold_1:2012095:C:T,6e-05,6
381576,scaffold_6:110350:C:A,6e-05,6
471358,scaffold_8:1145099:C:G,6e-05,6
334119,scaffold_4:1017988:C:G,6e-05,6
181354,scaffold_1:237117:G:A,6e-05,6
145956,scaffold_17:332222:C:T,6e-05,6
308347,scaffold_4:15561:C:G,6e-05,6
165061,scaffold_18:472968:A:G,6e-05,6
330842,scaffold_4:900292:A:G,6e-05,6
192741,scaffold_1:701003:C:T,6e-05,6
398378,scaffold_6:740199:G:A,6e-05,6
315584,scaffold_4:308606:C:T,6e-05,6
355871,scaffold_5:446293:T:C,6e-05,6
179362,scaffold_1:148780:C:A,6e-05,6
366934,scaffold_5:911284:T:A,6e-05,6
414326,scaffold_7:135831:C:T,6e-05,6
405806,scaffold_6:1057187:G:C,6e-05,6
324678,scaffold_4:663012:A:G,6e-05,6
95472,scaffold_14:358981:T:G,6e-05,6
383419,scaffold_6:177676:A:G,6e-05,6
34161,scaffold_11:473989:C:G,6e-05,6
326016,scaffold_4:714572:C:G,6e-05,6
214081,scaffold_1:1507861:G:C,6e-05,6
75568,scaffold_13:389803:G:T,6e-05,6
408732,scaffold_6:1193616:C:T,6e-05,6
243591,scaffold_2:507415:A:G,6e-05,6
352535,scaffold_5:321152:C:T,6e-05,6
255540,scaffold_2:1007676:C:T,6e-05,6
132524,scaffold_16:445999:G:A,6e-05,6
183815,scaffold_1:341134:A:C,6e-05,6
16349,scaffold_10:663188:C:T,6e-05,6
433967,scaffold_7:875813:T:C,6e-05,6
149348,scaffold_17:491411:G:A,6e-05,6
285582,scaffold_3:589759:T:A,6e-05,6
111832,scaffold_15:287759:C:G,6e-05,6
419930,scaffold_7:337288:G:A,6e-05,6
141682,scaffold_17:163663:T:C,6e-05,6
303697,scaffold_3:1290710:T:G,6e-05,6
260849,scaffold_2:1215105:C:A,6e-05,6
166258,scaffold_18:523611:G:A,6e-05,6
369501,scaffold_5:1007181:C:T,6e-05,6
92093,scaffold_14:235175:G:C,6e-05,6
160487,scaffold_18:293015:C:T,6e-05,6
5579,scaffold_10:227198:T:C,6e-05,6
88186,scaffold_14:72610:G:A,6e-05,6
324757,scaffold_4:666485:G:A,6e-05,6
483574,scaffold_9:398494:C:T,6e-05,6
480652,scaffold_9:290232:A:G,6e-05,6
163958,scaffold_18:429951:A:C,6e-05,6
310290,scaffold_4:92251:G:A,6e-05,6
331178,scaffold_4:911094:A:T,6e-05,6
306522,scaffold_3:1411283:C:T,6e-05,6
33085,scaffold_11:433712:A:G,6e-05,6
194499,scaffold_1:765844:C:T,6e-05,6
56495,scaffold_12:455116:A:G,6e-05,6
212296,scaffold_1:1437661:C:T,6e-05,6
183347,scaffold_1:323603:A:G,6e-05,6
2698,scaffold_10:106164:G:A,6e-05,6
229615,scaffold_1:2093467:G:A,6e-05,6
292805,scaffold_3:862513:G:A,6e-05,6
28710,scaffold_11:215031:T:C,6e-05,6
401148,scaffold_6:849074:G:A,6e-05,6
165098,scaffold_18:474310:T:C,6e-05,6
224200,scaffold_1:1896565:A:G,6e-05,6
287502,scaffold_3:658648:C:T,6e-05,6
104769,scaffold_14:736929:G:C,6e-05,6
326315,scaffold_4:725513:G:A,6e-05,6
368981,scaffold_5:985121:T:A,6e-05,6
162488,scaffold_18:370739:C:T,6e-05,6
110851,scaffold_15:233508:A:T,6e-05,6
144594,scaffold_17:277924:G:T,6e-05,6
326106,scaffold_4:717964:C:T,6e-05,6
232293,scaffold_2:26160:G:C,6e-05,6
190599,scaffold_1:617978:T:A,6e-05,6
41782,scaffold_11:780792:A:C,6e-05,6
373099,scaffold_5:1153153:T:C,6e-05,6
485909,scaffold_9:483506:T:C,6e-05,6
68983,scaffold_13:149812:C:T,6e-05,6
128671,scaffold_16:296330:C:T,6e-05,6
150166,scaffold_17:526319:T:G,6e-05,6
348442,scaffold_5:160600:A:G,6e-05,6
96457,scaffold_14:400151:C:G,6e-05,6
218473,scaffold_1:1674100:C:T,6e-05,6
71781,scaffold_13:253665:G:A,6e-05,6
151125,scaffold_17:566325:C:T,6e-05,6
182618,scaffold_1:289612:G:T,6e-05,6
435009,scaffold_7:919558:A:T,6e-05,6
62931,scaffold_12:725275:A:G,6e-05,6
29870,scaffold_11:268829:C:G,6e-05,6
273336,scaffold_3:122554:A:G,6e-05,6
83097,scaffold_13:675596:G:A,6e-05,6
112953,scaffold_15:328005:C:T,6e-05,6
88136,scaffold_14:71081:T:G,6e-05,6
487063,scaffold_9:529662:C:G,6e-05,6
321041,scaffold_4:515077:T:C,6e-05,6
205786,scaffold_1:1191127:T:C,6e-05,6
482862,scaffold_9:371662:C:G,6e-05,6
462424,scaffold_8:741825:C:A,6e-05,6
281988,scaffold_3:457488:C:G,6e-05,6
446575,scaffold_8:93416:T:G,6e-05,6
158470,scaffold_18:213436:C:T,6e-05,6
392722,scaffold_6:520384:G:A,6e-05,6
76298,scaffold_13:418989:T:A,6e-05,6
180999,scaffold_1:224361:A:C,6e-05,6
12034,scaffold_10:488354:A:G,6e-05,6
399989,scaffold_6:804903:G:C,6e-05,6
253464,scaffold_2:929448:C:T,6e-05,6
208293,scaffold_1:1292395:C:T,6e-05,6
82142,scaffold_13:637570:C:G,6e-05,6
85356,scaffold_13:767601:A:G,6e-05,6
119907,scaffold_15:596144:C:T,6e-05,6
409944,scaffold_6:1246890:G:T,6e-05,6
41354,scaffold_11:762645:A:T,6e-05,6
25,scaffold_10:1680:G:A,6e-05,6
41033,scaffold_11:750944:A:T,6e-05,6
147636,scaffold_17:404742:G:A,6e-05,6
451363,scaffold_8:283037:A:G,6e-05,6
352716,scaffold_5:327077:G:T,6e-05,6
187633,scaffold_1:490765:C:T,6e-05,6
204894,scaffold_1:1159614:G:A,6e-05,6
236883,scaffold_2:218824:T:C,6e-05,6
181466,scaffold_1:241262:C:T,6e-05,6
427502,scaffold_7:615875:G:C,6e-05,6
288968,scaffold_3:717045:T:G,6e-05,6
52065,scaffold_12:274417:T:C,6e-05,6
443693,scaffold_7:1247989:C:T,6e-05,6
43547,scaffold_11:860368:G:C,6e-05,6
309947,scaffold_4:80434:T:C,6e-05,6
173728,scaffold_19:194367:A:G,6e-05,6
442473,scaffold_7:1197181:G:C,6e-05,6
219375,scaffold_1:1709833:G:A,6e-05,6
257954,scaffold_2:1103933:G:A,6e-05,6
111570,scaffold_15:276485:A:G,6e-05,6
35892,scaffold_11:539711:T:C,6e-05,6
302153,scaffold_3:1232649:G:A,6e-05,6
176169,scaffold_1:15712:G:C,6e-05,6
65335,scaffold_13:8343:G:A,6e-05,6
256409,scaffold_2:1045091:G:C,6e-05,6
26608,scaffold_11:118737:T:C,6e-05,6
252301,scaffold_2:880089:C:T,6e-05,6
262529,scaffold_2:1274781:A:G,6e-05,6
330288,scaffold_4:880061:C:A,6e-05,6
107603,scaffold_15:115807:A:G,6e-05,6
214566,scaffold_1:1525258:C:T,6e-05,6
14378,scaffold_10:591077:A:C,6e-05,6
42772,scaffold_11:826069:G:T,6e-05,6
238338,scaffold_2:293735:C:G,6e-05,6
163670,scaffold_18:418274:G:A,6e-05,6
72102,scaffold_13:264528:A:G,6e-05,6
359630,scaffold_5:608636:A:C,6e-05,6
408646,scaffold_6:1191066:T:C,6e-05,6
239011,scaffold_2:323332:G:A,6e-05,6
417984,scaffold_7:264276:A:G,6e-05,6
256216,scaffold_2:1037820:C:G,6e-05,6
334918,scaffold_4:1044851:G:A,6e-05,6
309706,scaffold_4:65920:G:T,6e-05,6
34354,scaffold_11:480612:T:C,6e-05,6
95790,scaffold_14:370311:T:G,6e-05,6
333928,scaffold_4:1011373:G:A,6e-05,6
446051,scaffold_8:72866:A:G,6e-05,6
114137,scaffold_15:379877:C:T,6e-05,6
472693,scaffold_8:1195398:C:T,6e-05,6
393227,scaffold_6:538689:G:C,6e-05,6
421037,scaffold_7:379923:G:T,6e-05,6
383215,scaffold_6:170695:G:A,6e-05,6
106099,scaffold_15:28947:G:T,6e-05,6
91092,scaffold_14:189922:T:C,6e-05,6
408556,scaffold_6:1188272:G:C,6e-05,6
410744,scaffold_6:1277137:C:T,6e-05,6
340307,scaffold_4:1295406:C:T,6e-05,6
393756,scaffold_6:560809:A:G,6e-05,6
346173,scaffold_5:73176:T:C,6e-05,6
77921,scaffold_13:483256:C:T,6e-05,6
448978,scaffold_8:189435:C:T,6e-05,6
211657,scaffold_1:1411833:G:A,6e-05,6
46577,scaffold_12:51625:C:T,6e-05,6
235581,scaffold_2:164247:G:A,6e-05,6
477176,scaffold_9:133332:G:C,6e-05,6
207279,scaffold_1:1255323:G:A,6e-05,6
423234,scaffold_7:459799:G:A,6e-05,6
83983,scaffold_13:709554:G:A,6e-05,6
98978,scaffold_14:508149:A:G,6e-05,6
264728,scaffold_2:1364442:G:A,6e-05,6
441713,scaffold_7:1168041:G:A,6e-05,6
287374,scaffold_3:653818:C:T,6e-05,6
3083,scaffold_10:119956:C:T,6e-05,6
429544,scaffold_7:697714:G:A,6e-05,6
232382,scaffold_2:29317:C:T,6e-05,6
419732,scaffold_7:330017:T:G,6e-05,6
284261,scaffold_3:539900:C:T,6e-05,6
16459,scaffold_10:666528:G:A,6e-05,6
283676,scaffold_3:517791:A:G,6e-05,6
352665,scaffold_5:325111:C:T,6e-05,6
249456,scaffold_2:764437:A:C,6e-05,6
384595,scaffold_6:219264:G:A,6e-05,6
163077,scaffold_18:395850:G:A,6e-05,6
335700,scaffold_4:1083287:G:A,6e-05,6
195232,scaffold_1:799326:A:C,6e-05,6
147432,scaffold_17:396497:A:G,6e-05,6
272398,scaffold_3:85300:G:A,6e-05,6
211547,scaffold_1:1408623:G:C,6e-05,6
23580,scaffold_10:985864:T:C,6e-05,6
61325,scaffold_12:653165:G:A,6e-05,6
187637,scaffold_1:490865:C:A,6e-05,6
113879,scaffold_15:365237:G:A,6e-05,6
433918,scaffold_7:873511:A:G,6e-05,6
193403,scaffold_1:728912:T:C,6e-05,6
412768,scaffold_7:79673:A:G,6e-05,6
423756,scaffold_7:477769:A:C,6e-05,6
374230,scaffold_5:1205444:A:G,6e-05,6
10114,scaffold_10:410835:A:G,6e-05,6
302311,scaffold_3:1238346:G:T,6e-05,6
182286,scaffold_1:277951:A:G,6e-05,6
247158,scaffold_2:657140:T:C,6e-05,6
337373,scaffold_4:1142071:A:G,6e-05,6
70167,scaffold_13:193596:A:C,6e-05,6
486864,scaffold_9:519985:G:A,6e-05,6
37515,scaffold_11:611361:T:C,6e-05,6
323562,scaffold_4:618433:G:A,6e-05,6
231516,scaffold_1:2169092:T:C,6e-05,6
241858,scaffold_2:437127:T:C,6e-05,6
262533,scaffold_2:1274883:T:C,6e-05,6
324851,scaffold_4:670054:T:C,6e-05,6
296716,scaffold_3:1027569:C:T,6e-05,6
33617,scaffold_11:454000:A:G,6e-05,6
3844,scaffold_10:151681:C:G,6e-05,6
285117,scaffold_3:571589:C:T,6e-05,6
279762,scaffold_3:370045:C:T,6e-05,6
23434,scaffold_10:980630:A:C,6e-05,6
132493,scaffold_16:443304:C:T,6e-05,6
160396,scaffold_18:290087:A:C,6e-05,6
152802,scaffold_17:630354:T:C,6e-05,6
366262,scaffold_5:887201:T:G,6e-05,6
57083,scaffold_12:478022:T:G,6e-05,6
81310,scaffold_13:609114:G:A,6e-05,6
260375,scaffold_2:1197275:T:C,6e-05,6
353601,scaffold_5:364093:T:C,6e-05,6
139104,scaffold_17:60594:T:C,6e-05,6
46320,scaffold_12:41763:C:G,6e-05,6
456023,scaffold_8:479997:C:G,6e-05,6
186208,scaffold_1:437553:T:G,6e-05,6
212792,scaffold_1:1456894:G:A,6e-05,6
453558,scaffold_8:378831:C:T,6e-05,6
51160,scaffold_12:237532:A:G,6e-05,6
25048,scaffold_11:57502:C:A,6e-05,6
394433,scaffold_6:591217:A:G,6e-05,6
169417,scaffold_19:1610:G:C,6e-05,6
203623,scaffold_1:1116141:G:A,6e-05,6
108544,scaffold_15:154761:A:C,6e-05,6
373386,scaffold_5:1175735:A:C,6e-05,6
326652,scaffold_4:738208:T:C,6e-05,6
297514,scaffold_3:1056073:G:A,6e-05,6
409096,scaffold_6:1209753:G:A,6e-05,6
336916,scaffold_4:1128330:G:A,6e-05,6
447667,scaffold_8:136005:C:G,6e-05,6
45873,scaffold_12:23188:T:G,6e-05,6
208708,scaffold_1:1307316:G:A,6e-05,6
256242,scaffold_2:1038876:T:A,6e-05,6
444608,scaffold_8:18382:G:A,6e-05,6
463842,scaffold_8:797806:C:A,6e-05,6
190494,scaffold_1:613639:G:A,6e-05,6
226379,scaffold_1:1975948:A:G,6e-05,6
410614,scaffold_6:1271373:G:A,6e-05,6
450254,scaffold_8:236489:A:T,6e-05,6
161883,scaffold_18:348479:G:C,6e-05,6
169298,scaffold_18:638885:C:T,6e-05,6
9129,scaffold_10:372034:C:G,6e-05,6
290100,scaffold_3:762158:T:C,6e-05,6
222596,scaffold_1:1836882:G:C,6e-05,6
159620,scaffold_18:257850:A:G,6e-05,6
166038,scaffold_18:515045:A:G,6e-05,6
176450,scaffold_1:27835:T:G,6e-05,6
267825,scaffold_2:1493918:G:A,6e-05,6
12732,scaffold_10:525678:A:G,6e-05,6
215800,scaffold_1:1574692:C:T,6e-05,6
423473,scaffold_7:468546:A:G,6e-05,6
493657,scaffold_9:801858:T:C,6e-05,6
7859,scaffold_10:322219:C:T,6e-05,6
382258,scaffold_6:134469:G:C,5e-05,5
2613,scaffold_10:102500:A:G,5e-05,5
56369,scaffold_12:450731:C:T,5e-05,5
463017,scaffold_8:766258:G:A,5e-05,5
280457,scaffold_3:399752:T:C,5e-05,5
401924,scaffold_6:880332:G:C,5e-05,5
313476,scaffold_4:212223:C:T,5e-05,5
433829,scaffold_7:870015:C:G,5e-05,5
27704,scaffold_11:168038:C:G,5e-05,5
399037,scaffold_6:767097:G:C,5e-05,5
358700,scaffold_5:568789:C:T,5e-05,5
119251,scaffold_15:570069:T:C,5e-05,5
426664,scaffold_7:581907:T:C,5e-05,5
258524,scaffold_2:1125928:C:T,5e-05,5
57639,scaffold_12:496049:G:C,5e-05,5
221107,scaffold_1:1783106:C:G,5e-05,5
122770,scaffold_16:19626:T:G,5e-05,5
406376,scaffold_6:1087567:G:A,5e-05,5
97172,scaffold_14:430326:G:T,5e-05,5
107994,scaffold_15:130995:C:G,5e-05,5
135464,scaffold_16:562955:C:T,5e-05,5
128244,scaffold_16:280638:G:A,5e-05,5
49255,scaffold_12:160607:T:A,5e-05,5
226262,scaffold_1:1969937:C:T,5e-05,5
54393,scaffold_12:373218:A:G,5e-05,5
241325,scaffold_2:417124:G:A,5e-05,5
419396,scaffold_7:318550:A:G,5e-05,5
91899,scaffold_14:229565:G:A,5e-05,5
396450,scaffold_6:670945:G:A,5e-05,5
322727,scaffold_4:588362:T:C,5e-05,5
458224,scaffold_8:569957:C:T,5e-05,5
234131,scaffold_2:102051:A:G,5e-05,5
157745,scaffold_18:179858:A:G,5e-05,5
104573,scaffold_14:728240:A:G,5e-05,5
196965,scaffold_1:863242:T:G,5e-05,5
14871,scaffold_10:609040:C:T,5e-05,5
381225,scaffold_6:97386:T:C,5e-05,5
232849,scaffold_2:48813:G:A,5e-05,5
9882,scaffold_10:401256:G:A,5e-05,5
175168,scaffold_19:252870:C:G,5e-05,5
463656,scaffold_8:791042:C:T,5e-05,5
112681,scaffold_15:318712:C:T,5e-05,5
455504,scaffold_8:459425:G:T,5e-05,5
386303,scaffold_6:282820:G:A,5e-05,5
175140,scaffold_19:251792:C:A,5e-05,5
340593,scaffold_4:1309319:A:G,5e-05,5
364592,scaffold_5:827120:T:G,5e-05,5
455312,scaffold_8:449745:T:C,5e-05,5
164381,scaffold_18:446580:C:A,5e-05,5
35029,scaffold_11:506624:C:G,5e-05,5
220060,scaffold_1:1735731:C:G,5e-05,5
94921,scaffold_14:339913:A:G,5e-05,5
273716,scaffold_3:138184:T:C,5e-05,5
220448,scaffold_1:1751059:G:A,5e-05,5
215409,scaffold_1:1559952:T:G,5e-05,5
269684,scaffold_2:1584987:G:A,5e-05,5
155335,scaffold_18:78578:T:C,5e-05,5
349766,scaffold_5:213039:G:A,5e-05,5
313958,scaffold_4:245101:T:G,5e-05,5
222904,scaffold_1:1847426:G:A,5e-05,5
358163,scaffold_5:549166:A:G,5e-05,5
159353,scaffold_18:247469:A:G,5e-05,5
236506,scaffold_2:206561:G:C,5e-05,5
276215,scaffold_3:237868:T:A,5e-05,5
314029,scaffold_4:248226:G:A,5e-05,5
181741,scaffold_1:253884:A:G,5e-05,5
232878,scaffold_2:49771:A:C,5e-05,5
493733,scaffold_9:806035:T:A,5e-05,5
447778,scaffold_8:140462:C:G,5e-05,5
125350,scaffold_16:144696:A:G,5e-05,5
463741,scaffold_8:793881:C:T,5e-05,5
391432,scaffold_6:473015:G:A,5e-05,5
310530,scaffold_4:100592:T:A,5e-05,5
424498,scaffold_7:503297:G:A,5e-05,5
93158,scaffold_14:275814:A:C,5e-05,5
482368,scaffold_9:354671:G:A,5e-05,5
21353,scaffold_10:892308:G:A,5e-05,5
411770,scaffold_7:33184:C:G,5e-05,5
393647,scaffold_6:556768:G:A,5e-05,5
60571,scaffold_12:622389:C:A,5e-05,5
448230,scaffold_8:158671:G:A,5e-05,5
405134,scaffold_6:1023617:G:A,5e-05,5
397193,scaffold_6:696352:C:G,5e-05,5
172691,scaffold_19:149992:G:A,5e-05,5
19571,scaffold_10:809630:C:T,5e-05,5
173250,scaffold_19:177035:A:G,5e-05,5
102854,scaffold_14:662812:C:T,5e-05,5
400713,scaffold_6:835627:G:C,5e-05,5
457315,scaffold_8:532721:C:T,5e-05,5
207026,scaffold_1:1237121:C:G,5e-05,5
254258,scaffold_2:960177:T:C,5e-05,5
77540,scaffold_13:469762:A:G,5e-05,5
290612,scaffold_3:781783:T:C,5e-05,5
321135,scaffold_4:518181:T:A,5e-05,5
189374,scaffold_1:570935:T:G,5e-05,5
7074,scaffold_10:288498:C:T,5e-05,5
344471,scaffold_5:2529:A:G,5e-05,5
39026,scaffold_11:672814:A:C,5e-05,5
181633,scaffold_1:247884:A:G,5e-05,5
278498,scaffold_3:322332:A:C,5e-05,5
201645,scaffold_1:1043932:G:C,5e-05,5
270256,scaffold_2:1607106:G:A,5e-05,5
135611,scaffold_16:571407:G:T,5e-05,5
495064,scaffold_9:870775:C:T,5e-05,5
486628,scaffold_9:508980:G:C,5e-05,5
32340,scaffold_11:368029:C:T,5e-05,5
327132,scaffold_4:755592:G:A,5e-05,5
344675,scaffold_5:8392:G:A,5e-05,5
473465,scaffold_8:1236002:T:A,5e-05,5
20512,scaffold_10:852232:G:A,5e-05,5
244145,scaffold_2:530433:G:A,5e-05,5
103405,scaffold_14:683626:T:G,5e-05,5
322025,scaffold_4:554754:G:A,5e-05,5
3467,scaffold_10:135516:C:T,5e-05,5
280959,scaffold_3:418439:C:T,5e-05,5
53982,scaffold_12:359526:G:T,5e-05,5
13780,scaffold_10:565101:A:G,5e-05,5
27120,scaffold_11:144669:A:G,5e-05,5
407534,scaffold_6:1148888:G:A,5e-05,5
465444,scaffold_8:865952:A:G,5e-05,5
274992,scaffold_3:194921:C:A,5e-05,5
39422,scaffold_11:687408:A:G,5e-05,5
344924,scaffold_5:16411:T:G,5e-05,5
136530,scaffold_16:614662:G:C,5e-05,5
414129,scaffold_7:128502:C:T,5e-05,5
80919,scaffold_13:593190:G:A,5e-05,5
64742,scaffold_12:808918:C:T,5e-05,5
181630,scaffold_1:247852:T:A,5e-05,5
178216,scaffold_1:98746:C:G,5e-05,5
343145,scaffold_4:1419030:C:T,5e-05,5
387205,scaffold_6:319128:A:C,5e-05,5
17134,scaffold_10:693090:A:G,5e-05,5
216457,scaffold_1:1599948:G:T,5e-05,5
404673,scaffold_6:994161:C:T,5e-05,5
129332,scaffold_16:320433:A:C,5e-05,5
148276,scaffold_17:433536:G:C,5e-05,5
233343,scaffold_2:67975:G:A,5e-05,5
312726,scaffold_4:183932:G:C,5e-05,5
177925,scaffold_1:86714:T:C,5e-05,5
424590,scaffold_7:506727:A:G,5e-05,5
360802,scaffold_5:655129:A:C,5e-05,5
392312,scaffold_6:504669:C:T,5e-05,5
233153,scaffold_2:59867:A:G,5e-05,5
10674,scaffold_10:434328:A:G,5e-05,5
2601,scaffold_10:101839:G:T,5e-05,5
95983,scaffold_14:377576:C:T,5e-05,5
305530,scaffold_3:1361408:C:T,5e-05,5
15972,scaffold_10:649659:C:T,5e-05,5
344990,scaffold_5:18617:A:G,5e-05,5
394665,scaffold_6:599863:G:C,5e-05,5
384360,scaffold_6:211097:A:G,5e-05,5
41581,scaffold_11:772133:G:C,5e-05,5
371756,scaffold_5:1104111:C:T,5e-05,5
298026,scaffold_3:1072826:C:T,5e-05,5
433482,scaffold_7:855786:T:C,5e-05,5
155679,scaffold_18:92312:C:G,5e-05,5
213959,scaffold_1:1502602:C:T,5e-05,5
137692,scaffold_17:7780:G:T,5e-05,5
99018,scaffold_14:509988:C:T,5e-05,5
299468,scaffold_3:1126287:T:G,5e-05,5
177106,scaffold_1:56255:A:T,5e-05,5
84025,scaffold_13:711240:C:A,5e-05,5
230979,scaffold_1:2147728:T:G,5e-05,5
331057,scaffold_4:906893:A:G,5e-05,5
49768,scaffold_12:182403:G:A,5e-05,5
160415,scaffold_18:290784:C:T,5e-05,5
1008,scaffold_10:41568:C:T,5e-05,5
328735,scaffold_4:825812:T:G,5e-05,5
185704,scaffold_1:417863:T:C,5e-05,5
324313,scaffold_4:647714:G:A,5e-05,5
98519,scaffold_14:488892:G:T,5e-05,5
457310,scaffold_8:532565:G:A,5e-05,5
481368,scaffold_9:315834:G:A,5e-05,5
410968,scaffold_7:846:G:T,5e-05,5
250909,scaffold_2:820985:T:G,5e-05,5
360725,scaffold_5:651259:G:A,5e-05,5
325152,scaffold_4:681212:G:T,5e-05,5
169824,scaffold_19:16238:T:A,5e-05,5
53475,scaffold_12:325541:A:T,5e-05,5
432149,scaffold_7:800104:C:G,5e-05,5
131060,scaffold_16:383145:G:A,5e-05,5
355073,scaffold_5:415711:T:C,5e-05,5
21830,scaffold_10:910339:C:T,5e-05,5
142158,scaffold_17:182566:T:C,5e-05,5
134907,scaffold_16:543866:T:C,5e-05,5
459338,scaffold_8:616783:T:C,5e-05,5
390395,scaffold_6:430986:C:T,5e-05,5
492394,scaffold_9:750403:T:C,5e-05,5
140137,scaffold_17:101833:A:G,5e-05,5
35884,scaffold_11:539456:G:A,5e-05,5
466384,scaffold_8:907814:C:G,5e-05,5
147743,scaffold_17:408599:C:T,5e-05,5
229549,scaffold_1:2090679:T:C,5e-05,5
185128,scaffold_1:394092:G:A,5e-05,5
194301,scaffold_1:758593:T:C,5e-05,5
429732,scaffold_7:706680:T:C,5e-05,5
413496,scaffold_7:104568:G:C,5e-05,5
142603,scaffold_17:201853:C:T,5e-05,5
324682,scaffold_4:663064:C:T,5e-05,5
360770,scaffold_5:653573:G:A,5e-05,5
243975,scaffold_2:524069:A:T,5e-05,5
456953,scaffold_8:519826:T:G,5e-05,5
419874,scaffold_7:335754:C:G,5e-05,5
407801,scaffold_6:1160234:C:T,5e-05,5
461918,scaffold_8:722789:A:C,5e-05,5
455042,scaffold_8:436161:T:C,5e-05,5
376603,scaffold_5:1306134:T:C,5e-05,5
136517,scaffold_16:614149:G:C,5e-05,5
287536,scaffold_3:659731:T:C,5e-05,5
16923,scaffold_10:685288:A:G,5e-05,5
184124,scaffold_1:353878:T:C,5e-05,5
467993,scaffold_8:980217:T:C,5e-05,5
27247,scaffold_11:149181:T:C,5e-05,5
149440,scaffold_17:495367:C:G,5e-05,5
178515,scaffold_1:111920:C:T,5e-05,5
469635,scaffold_8:1052150:C:G,5e-05,5
9053,scaffold_10:368640:C:G,5e-05,5
228754,scaffold_1:2062235:G:A,5e-05,5
95545,scaffold_14:361407:C:T,5e-05,5
225419,scaffold_1:1938006:C:T,5e-05,5
128396,scaffold_16:285056:C:A,5e-05,5
254564,scaffold_2:971901:G:A,5e-05,5
207586,scaffold_1:1266549:G:A,5e-05,5
5163,scaffold_10:208217:C:G,5e-05,5
271701,scaffold_3:58907:A:G,5e-05,5
126343,scaffold_16:186665:G:C,5e-05,5
131833,scaffold_16:418196:G:A,5e-05,5
389234,scaffold_6:387493:T:C,5e-05,5
183714,scaffold_1:336872:T:C,5e-05,5
459062,scaffold_8:604704:G:T,5e-05,5
466528,scaffold_8:913489:G:T,5e-05,5
388228,scaffold_6:353059:G:A,5e-05,5
427953,scaffold_7:633694:T:C,5e-05,5
491835,scaffold_9:720654:G:A,5e-05,5
5240,scaffold_10:212001:C:A,5e-05,5
7192,scaffold_10:293914:T:C,5e-05,5
393820,scaffold_6:563049:A:G,5e-05,5
271035,scaffold_3:24314:T:C,5e-05,5
243526,scaffold_2:504104:C:A,5e-05,5
408660,scaffold_6:1191659:A:G,5e-05,5
226697,scaffold_1:1988471:A:G,5e-05,5
493467,scaffold_9:790358:C:G,5e-05,5
119712,scaffold_15:587049:C:T,5e-05,5
491930,scaffold_9:723983:C:T,5e-05,5
414831,scaffold_7:154834:G:A,5e-05,5
466709,scaffold_8:921122:C:T,5e-05,5
17488,scaffold_10:708256:G:A,5e-05,5
299749,scaffold_3:1139011:C:G,5e-05,5
397165,scaffold_6:694968:G:A,5e-05,5
356177,scaffold_5:458648:C:T,5e-05,5
133511,scaffold_16:486133:G:A,5e-05,5
449001,scaffold_8:189859:G:C,5e-05,5
7270,scaffold_10:297536:C:T,5e-05,5
41372,scaffold_11:764088:G:A,5e-05,5
485200,scaffold_9:458547:A:G,5e-05,5
305647,scaffold_3:1366833:T:C,5e-05,5
111292,scaffold_15:263144:C:T,5e-05,5
475990,scaffold_9:91354:G:A,5e-05,5
341439,scaffold_4:1343701:G:C,5e-05,5
428074,scaffold_7:637987:G:A,5e-05,5
465308,scaffold_8:860603:C:T,5e-05,5
259273,scaffold_2:1154127:C:T,5e-05,5
463748,scaffold_8:794084:A:G,5e-05,5
380494,scaffold_6:71529:T:G,5e-05,5
83490,scaffold_13:688573:G:A,5e-05,5
94709,scaffold_14:330394:G:A,5e-05,5
91000,scaffold_14:186626:G:C,5e-05,5
45946,scaffold_12:26541:G:C,5e-05,5
445589,scaffold_8:55552:T:C,5e-05,5
62914,scaffold_12:724405:A:G,5e-05,5
288130,scaffold_3:683518:G:A,5e-05,5
23195,scaffold_10:970078:T:C,5e-05,5
145322,scaffold_17:303066:C:T,5e-05,5
79327,scaffold_13:530800:A:G,5e-05,5
206671,scaffold_1:1224530:C:A,5e-05,5
229958,scaffold_1:2107396:T:G,5e-05,5
392203,scaffold_6:500036:T:C,5e-05,5
17459,scaffold_10:707478:T:C,5e-05,5
20011,scaffold_10:831672:G:C,5e-05,5
187010,scaffold_1:467850:C:G,5e-05,5
28045,scaffold_11:182273:A:G,5e-05,5
208513,scaffold_1:1300942:G:C,5e-05,5
105326,scaffold_14:757860:A:G,5e-05,5
194522,scaffold_1:766656:G:C,5e-05,5
51230,scaffold_12:240638:C:G,5e-05,5
218328,scaffold_1:1667104:T:C,5e-05,5
239487,scaffold_2:346765:C:T,5e-05,5
471150,scaffold_8:1137494:C:T,5e-05,5
66545,scaffold_13:53709:C:T,5e-05,5
322681,scaffold_4:583278:G:A,5e-05,5
272400,scaffold_3:85329:T:G,5e-05,5
59744,scaffold_12:588852:A:G,5e-05,5
181644,scaffold_1:248467:C:G,5e-05,5
138163,scaffold_17:24321:C:T,5e-05,5
291355,scaffold_3:810607:T:C,5e-05,5
451414,scaffold_8:284442:C:T,5e-05,5
343956,scaffold_4:1449886:C:G,5e-05,5
181030,scaffold_1:225323:T:C,5e-05,5
296133,scaffold_3:1006452:A:C,5e-05,5
490446,scaffold_9:658155:G:C,5e-05,5
21879,scaffold_10:911998:A:G,5e-05,5
306280,scaffold_3:1400038:G:T,5e-05,5
107275,scaffold_15:97164:C:A,5e-05,5
145400,scaffold_17:309520:G:A,5e-05,5
482739,scaffold_9:367383:T:C,5e-05,5
62956,scaffold_12:726144:T:C,5e-05,5
305199,scaffold_3:1348982:G:A,5e-05,5
400881,scaffold_6:839920:G:A,5e-05,5
308379,scaffold_4:16780:G:A,5e-05,5
493452,scaffold_9:789853:C:T,5e-05,5
3002,scaffold_10:116805:T:A,5e-05,5
263287,scaffold_2:1304559:T:G,5e-05,5
366316,scaffold_5:888618:T:C,5e-05,5
383633,scaffold_6:186204:A:G,5e-05,5
112410,scaffold_15:309157:C:T,5e-05,5
238430,scaffold_2:297112:T:G,5e-05,5
129915,scaffold_16:342981:T:A,5e-05,5
175475,scaffold_19:264309:C:G,5e-05,5
363754,scaffold_5:797361:A:G,5e-05,5
331550,scaffold_4:924340:G:A,5e-05,5
51133,scaffold_12:236856:C:T,5e-05,5
119001,scaffold_15:560222:G:A,5e-05,5
215079,scaffold_1:1546627:T:A,5e-05,5
253444,scaffold_2:928237:G:A,5e-05,5
340449,scaffold_4:1300493:C:T,5e-05,5
258782,scaffold_2:1135592:C:G,5e-05,5
340073,scaffold_4:1286352:C:T,5e-05,5
389272,scaffold_6:388614:C:T,5e-05,5
157812,scaffold_18:183325:A:T,5e-05,5
29633,scaffold_11:258186:G:A,5e-05,5
19168,scaffold_10:796122:C:T,5e-05,5
112162,scaffold_15:301522:T:G,5e-05,5
396576,scaffold_6:674731:A:G,5e-05,5
197169,scaffold_1:870011:A:G,5e-05,5
383581,scaffold_6:184003:C:G,5e-05,5
85960,scaffold_13:792862:C:A,5e-05,5
123260,scaffold_16:44495:C:T,5e-05,5
294450,scaffold_3:927208:G:A,5e-05,5
335022,scaffold_4:1048632:C:T,5e-05,5
321009,scaffold_4:513408:T:G,5e-05,5
402225,scaffold_6:892401:G:C,5e-05,5
162301,scaffold_18:364240:C:T,5e-05,5
138716,scaffold_17:46212:T:C,5e-05,5
493032,scaffold_9:775988:C:T,5e-05,5
458341,scaffold_8:575352:G:T,5e-05,5
352937,scaffold_5:336059:C:T,5e-05,5
195684,scaffold_1:819070:A:G,5e-05,5
451763,scaffold_8:298340:A:G,5e-05,5
492396,scaffold_9:750476:G:A,5e-05,5
140191,scaffold_17:103872:T:C,5e-05,5
296867,scaffold_3:1032063:G:C,5e-05,5
79721,scaffold_13:545098:G:A,5e-05,5
111978,scaffold_15:294592:C:T,5e-05,5
65068,scaffold_12:821619:G:A,5e-05,5
369378,scaffold_5:1001542:A:G,5e-05,5
446417,scaffold_8:86909:C:T,5e-05,5
201011,scaffold_1:1022156:A:G,5e-05,5
493403,scaffold_9:788450:C:T,5e-05,5
280210,scaffold_3:388348:G:C,5e-05,5
170944,scaffold_19:65900:C:G,5e-05,5
422803,scaffold_7:444357:C:T,5e-05,5
472486,scaffold_8:1185363:C:T,5e-05,5
34101,scaffold_11:471373:C:A,5e-05,5
123434,scaffold_16:51228:C:A,5e-05,5
127892,scaffold_16:266403:A:G,5e-05,5
481696,scaffold_9:329811:G:A,5e-05,5
43294,scaffold_11:847671:G:A,5e-05,5
242063,scaffold_2:444450:C:G,5e-05,5
454611,scaffold_8:421141:C:A,5e-05,5
470394,scaffold_8:1085798:G:A,5e-05,5
487936,scaffold_9:561602:C:T,5e-05,5
476529,scaffold_9:112129:G:A,5e-05,5
188364,scaffold_1:529706:C:T,5e-05,5
81912,scaffold_13:630806:C:T,5e-05,5
418546,scaffold_7:287793:G:T,5e-05,5
71598,scaffold_13:246849:C:G,5e-05,5
23418,scaffold_10:979874:T:C,5e-05,5
324794,scaffold_4:667948:A:G,5e-05,5
28556,scaffold_11:209177:G:A,5e-05,5
66631,scaffold_13:56858:G:A,5e-05,5
264177,scaffold_2:1345037:C:T,5e-05,5
132510,scaffold_16:445206:T:C,5e-05,5
170189,scaffold_19:29427:C:G,5e-05,5
54304,scaffold_12:370460:C:G,5e-05,5
61430,scaffold_12:660920:T:G,5e-05,5
310934,scaffold_4:115175:G:C,5e-05,5
171764,scaffold_19:109478:C:G,5e-05,5
70560,scaffold_13:210033:A:C,5e-05,5
17187,scaffold_10:694356:G:A,5e-05,5
101086,scaffold_14:595034:G:T,5e-05,5
272421,scaffold_3:86473:C:T,5e-05,5
284877,scaffold_3:563630:C:G,5e-05,5
438819,scaffold_7:1054750:C:A,5e-05,5
81722,scaffold_13:624178:T:C,5e-05,5
107232,scaffold_15:95769:A:G,5e-05,5
105195,scaffold_14:753049:T:C,5e-05,5
283513,scaffold_3:513009:G:A,5e-05,5
311649,scaffold_4:141613:T:C,5e-05,5
461202,scaffold_8:693529:C:G,5e-05,5
398394,scaffold_6:740703:G:T,5e-05,5
469482,scaffold_8:1045534:G:C,5e-05,5
444152,scaffold_8:2583:A:G,5e-05,5
261351,scaffold_2:1233100:A:G,5e-05,5
350688,scaffold_5:246950:C:T,5e-05,5
396963,scaffold_6:687866:A:G,5e-05,5
346635,scaffold_5:90079:T:C,5e-05,5
491,scaffold_10:19743:C:T,5e-05,5
233994,scaffold_2:97538:C:A,5e-05,5
446279,scaffold_8:82173:C:T,5e-05,5
147430,scaffold_17:396470:T:C,5e-05,5
19304,scaffold_10:800672:G:C,5e-05,5
400192,scaffold_6:812300:G:A,5e-05,5
49998,scaffold_12:191050:G:T,5e-05,5
250457,scaffold_2:801166:T:C,5e-05,5
415484,scaffold_7:177185:A:G,5e-05,5
466492,scaffold_8:911838:C:T,5e-05,5
33097,scaffold_11:434035:A:C,5e-05,5
112532,scaffold_15:313307:G:A,5e-05,5
419049,scaffold_7:305665:C:T,5e-05,5
183367,scaffold_1:324391:G:A,5e-05,5
405176,scaffold_6:1026943:A:C,5e-05,5
349485,scaffold_5:202048:C:T,5e-05,5
20294,scaffold_10:842360:C:T,5e-05,5
194807,scaffold_1:784138:G:T,5e-05,5
116281,scaffold_15:456551:T:A,5e-05,5
304634,scaffold_3:1330474:A:T,5e-05,5
394109,scaffold_6:579564:T:C,5e-05,5
15719,scaffold_10:640532:T:G,5e-05,5
199243,scaffold_1:951539:G:A,5e-05,5
214631,scaffold_1:1527494:G:C,5e-05,5
466546,scaffold_8:914197:T:C,5e-05,5
225393,scaffold_1:1937167:A:G,5e-05,5
50885,scaffold_12:225868:A:G,5e-05,5
352669,scaffold_5:325159:C:G,5e-05,5
464890,scaffold_8:842387:G:A,5e-05,5
41281,scaffold_11:759308:C:G,5e-05,5
315785,scaffold_4:316701:A:G,5e-05,5
444034,scaffold_7:1260625:A:G,5e-05,5
265571,scaffold_2:1401811:G:A,5e-05,5
96834,scaffold_14:418067:C:T,5e-05,5
490347,scaffold_9:654676:A:G,5e-05,5
48691,scaffold_12:136775:C:T,5e-05,5
244478,scaffold_2:546210:G:A,5e-05,5
298831,scaffold_3:1101792:C:T,5e-05,5
309094,scaffold_4:44098:A:C,5e-05,5
487937,scaffold_9:561604:A:T,5e-05,5
252749,scaffold_2:899739:G:A,5e-05,5
281878,scaffold_3:453521:C:G,5e-05,5
466963,scaffold_8:937668:G:T,5e-05,5
269378,scaffold_2:1571629:C:A,5e-05,5
172213,scaffold_19:126125:C:G,5e-05,5
401359,scaffold_6:856853:G:A,5e-05,5
261125,scaffold_2:1224686:A:G,5e-05,5
109407,scaffold_15:185037:T:A,5e-05,5
161619,scaffold_18:338708:A:G,5e-05,5
117483,scaffold_15:502489:T:C,5e-05,5
314669,scaffold_4:273197:G:C,5e-05,5
422412,scaffold_7:430008:A:T,5e-05,5
36683,scaffold_11:572785:A:G,5e-05,5
418865,scaffold_7:300139:A:T,5e-05,5
316526,scaffold_4:343033:A:G,5e-05,5
360495,scaffold_5:641594:G:A,5e-05,5
441342,scaffold_7:1152843:G:A,5e-05,5
31254,scaffold_11:322472:T:G,5e-05,5
426224,scaffold_7:566326:T:C,5e-05,5
239302,scaffold_2:338735:A:G,5e-05,5
271126,scaffold_3:27668:C:G,5e-05,5
297676,scaffold_3:1060824:G:A,5e-05,5
20891,scaffold_10:870543:G:A,5e-05,5
464456,scaffold_8:822762:G:A,5e-05,5
15468,scaffold_10:631686:T:C,5e-05,5
318668,scaffold_4:420937:A:G,5e-05,5
363902,scaffold_5:802464:G:C,5e-05,5
239597,scaffold_2:350885:G:A,5e-05,5
462372,scaffold_8:739904:G:A,5e-05,5
494368,scaffold_9:836442:G:A,5e-05,5
283788,scaffold_3:520795:G:A,5e-05,5
154438,scaffold_18:45593:A:C,5e-05,5
186838,scaffold_1:460741:C:G,5e-05,5
478277,scaffold_9:199746:A:G,5e-05,5
124233,scaffold_16:88968:A:G,5e-05,5
254164,scaffold_2:956543:T:C,5e-05,5
228083,scaffold_1:2034649:G:A,5e-05,5
404188,scaffold_6:974508:T:C,5e-05,5
424442,scaffold_7:501191:T:C,5e-05,5
49112,scaffold_12:155129:C:T,5e-05,5
239218,scaffold_2:335555:C:T,5e-05,5
309519,scaffold_4:58859:A:C,5e-05,5
390293,scaffold_6:427151:C:G,5e-05,5
4286,scaffold_10:171296:C:T,5e-05,5
105533,scaffold_15:6633:C:T,5e-05,5
170076,scaffold_19:25810:T:A,5e-05,5
472849,scaffold_8:1201059:G:T,5e-05,5
125511,scaffold_16:149395:G:C,5e-05,5
96543,scaffold_14:403217:G:A,5e-05,5
210188,scaffold_1:1360844:C:T,5e-05,5
39728,scaffold_11:703488:G:C,5e-05,5
78429,scaffold_13:500956:G:A,5e-05,5
240019,scaffold_2:367480:T:C,5e-05,5
50790,scaffold_12:222161:C:T,5e-05,5
254240,scaffold_2:959439:C:T,5e-05,5
208314,scaffold_1:1292906:C:T,5e-05,5
451202,scaffold_8:275634:A:T,5e-05,5
75667,scaffold_13:395110:C:G,5e-05,5
34770,scaffold_11:497766:G:C,5e-05,5
299202,scaffold_3:1116567:C:G,5e-05,5
409077,scaffold_6:1208035:G:T,5e-05,5
76738,scaffold_13:438083:C:T,5e-05,5
237529,scaffold_2:247916:C:G,5e-05,5
274710,scaffold_3:177745:C:T,5e-05,5
431750,scaffold_7:783437:C:G,5e-05,5
50928,scaffold_12:228148:A:C,5e-05,5
152583,scaffold_17:622406:G:T,5e-05,5
254775,scaffold_2:979854:T:C,5e-05,5
406288,scaffold_6:1084148:C:T,5e-05,5
184399,scaffold_1:364961:A:G,5e-05,5
75859,scaffold_13:402784:G:A,5e-05,5
180926,scaffold_1:222233:C:T,5e-05,5
81446,scaffold_13:614940:C:G,5e-05,5
452997,scaffold_8:354607:T:C,5e-05,5
430526,scaffold_7:737656:T:C,5e-05,5
303151,scaffold_3:1270544:A:G,5e-05,5
463465,scaffold_8:784417:C:T,5e-05,5
150419,scaffold_17:536327:C:G,5e-05,5
87016,scaffold_14:20017:C:A,5e-05,5
339508,scaffold_4:1254907:C:G,5e-05,5
72250,scaffold_13:270105:A:C,5e-05,5
96668,scaffold_14:408201:T:C,5e-05,5
227523,scaffold_1:2016361:T:C,5e-05,5
186870,scaffold_1:461712:C:A,5e-05,5
291097,scaffold_3:800544:G:A,5e-05,5
31691,scaffold_11:338204:A:G,5e-05,5
331742,scaffold_4:932821:G:A,5e-05,5
17083,scaffold_10:691849:A:G,5e-05,5
82293,scaffold_13:642615:C:T,5e-05,5
147411,scaffold_17:395546:T:C,5e-05,5
294643,scaffold_3:933545:G:C,5e-05,5
356780,scaffold_5:483195:A:G,5e-05,5
285197,scaffold_3:574914:C:T,5e-05,5
144437,scaffold_17:272415:G:C,5e-05,5
430123,scaffold_7:721357:C:T,5e-05,5
74057,scaffold_13:336799:C:T,5e-05,5
413449,scaffold_7:103031:G:A,5e-05,5
162730,scaffold_18:381582:C:T,5e-05,5
19567,scaffold_10:809351:C:T,5e-05,5
386662,scaffold_6:298405:C:T,5e-05,5
377667,scaffold_5:1346653:G:A,5e-05,5
328579,scaffold_4:819974:C:G,5e-05,5
384047,scaffold_6:201661:G:C,5e-05,5
76568,scaffold_13:432850:C:T,5e-05,5
357609,scaffold_5:525380:C:T,5e-05,5
85676,scaffold_13:779276:C:G,5e-05,5
443069,scaffold_7:1223702:A:G,5e-05,5
270340,scaffold_2:1610268:G:C,5e-05,5
322643,scaffold_4:580584:C:A,5e-05,5
123180,scaffold_16:37997:G:A,5e-05,5
248288,scaffold_2:705802:G:A,5e-05,5
395386,scaffold_6:624457:C:T,5e-05,5
355998,scaffold_5:450867:A:G,5e-05,5
413716,scaffold_7:112558:C:G,5e-05,5
227384,scaffold_1:2011836:C:G,5e-05,5
260924,scaffold_2:1217746:C:G,5e-05,5
303277,scaffold_3:1275261:T:A,5e-05,5
167966,scaffold_18:587902:T:A,5e-05,5
260568,scaffold_2:1204111:A:G,5e-05,5
137528,scaffold_16:663200:C:G,5e-05,5
76932,scaffold_13:445900:G:A,5e-05,5
322566,scaffold_4:577201:T:C,5e-05,5
337865,scaffold_4:1193610:G:A,5e-05,5
461254,scaffold_8:695397:C:T,5e-05,5
376961,scaffold_5:1320553:C:T,5e-05,5
206134,scaffold_1:1205339:G:C,5e-05,5
319846,scaffold_4:465760:A:G,5e-05,5
403785,scaffold_6:956297:C:T,5e-05,5
247132,scaffold_2:656088:C:T,5e-05,5
191658,scaffold_1:658737:C:T,5e-05,5
379264,scaffold_6:21444:G:C,5e-05,5
195401,scaffold_1:804122:G:A,5e-05,5
238066,scaffold_2:270759:C:T,5e-05,5
167392,scaffold_18:564902:T:G,5e-05,5
492124,scaffold_9:731937:A:G,5e-05,5
243962,scaffold_2:523528:C:G,5e-05,5
24281,scaffold_11:28296:T:G,5e-05,5
134495,scaffold_16:526700:C:T,5e-05,5
6311,scaffold_10:258267:T:C,5e-05,5
208469,scaffold_1:1299291:A:G,5e-05,5
30814,scaffold_11:305489:T:C,5e-05,5
292106,scaffold_3:836497:C:G,5e-05,5
485411,scaffold_9:465635:G:A,5e-05,5
255087,scaffold_2:991694:G:C,5e-05,5
182647,scaffold_1:290507:A:C,5e-05,5
125315,scaffold_16:143539:G:C,5e-05,5
85978,scaffold_13:793517:G:A,5e-05,5
172795,scaffold_19:154459:A:G,5e-05,5
208860,scaffold_1:1313559:G:C,5e-05,5
298318,scaffold_3:1084012:T:A,5e-05,5
489345,scaffold_9:615135:T:C,5e-05,5
492814,scaffold_9:764978:T:C,5e-05,5
236036,scaffold_2:183046:G:A,5e-05,5
129603,scaffold_16:331091:T:G,5e-05,5
440173,scaffold_7:1104848:G:A,5e-05,5
82768,scaffold_13:663255:T:C,5e-05,5
481584,scaffold_9:324970:G:T,5e-05,5
379648,scaffold_6:40133:T:C,5e-05,5
430325,scaffold_7:730001:A:G,5e-05,5
442954,scaffold_7:1219602:G:A,5e-05,5
29221,scaffold_11:240071:A:G,5e-05,5
164092,scaffold_18:434355:G:T,5e-05,5
239391,scaffold_2:342622:C:A,5e-05,5
190487,scaffold_1:613534:G:A,5e-05,5
412007,scaffold_7:40863:T:A,5e-05,5
442746,scaffold_7:1212259:G:C,5e-05,5
156822,scaffold_18:134694:T:G,5e-05,5
108264,scaffold_15:140974:G:A,5e-05,5
446184,scaffold_8:78047:C:G,5e-05,5
183515,scaffold_1:329387:A:G,5e-05,5
192689,scaffold_1:699207:A:T,5e-05,5
350915,scaffold_5:255408:T:G,5e-05,5
161869,scaffold_18:347815:A:G,5e-05,5
165134,scaffold_18:475490:C:G,5e-05,5
202011,scaffold_1:1057970:T:C,5e-05,5
255482,scaffold_2:1005114:C:G,5e-05,5
15364,scaffold_10:626780:G:A,5e-05,5
295471,scaffold_3:978363:C:A,5e-05,5
474450,scaffold_9:34089:C:A,5e-05,5
305478,scaffold_3:1359743:C:T,5e-05,5
81601,scaffold_13:620477:G:T,5e-05,5
65940,scaffold_13:27964:T:G,5e-05,5
178843,scaffold_1:124324:G:C,5e-05,5
168403,scaffold_18:604480:G:A,5e-05,5
286802,scaffold_3:633218:G:A,5e-05,5
274722,scaffold_3:178111:G:A,5e-05,5
209720,scaffold_1:1343676:A:G,5e-05,5
119771,scaffold_15:589302:T:C,5e-05,5
419594,scaffold_7:325104:G:A,5e-05,5
411868,scaffold_7:36441:T:C,5e-05,5
110807,scaffold_15:232046:C:T,5e-05,5
3399,scaffold_10:132891:C:A,5e-05,5
300837,scaffold_3:1178269:G:C,5e-05,5
415982,scaffold_7:197394:C:G,5e-05,5
172018,scaffold_19:118427:G:C,5e-05,5
267754,scaffold_2:1490737:T:G,5e-05,5
456062,scaffold_8:481286:T:C,5e-05,5
487935,scaffold_9:561587:G:A,5e-05,5
450872,scaffold_8:261259:A:G,5e-05,5
140918,scaffold_17:133513:A:G,5e-05,5
61506,scaffold_12:665792:G:A,5e-05,5
116467,scaffold_15:465389:C:T,5e-05,5
342891,scaffold_4:1405787:T:G,5e-05,5
12714,scaffold_10:525128:G:A,5e-05,5
60383,scaffold_12:614443:G:T,5e-05,5
132604,scaffold_16:449669:T:C,5e-05,5
336752,scaffold_4:1122298:C:T,5e-05,5
116366,scaffold_15:459693:G:C,5e-05,5
175537,scaffold_19:266533:G:C,5e-05,5
263915,scaffold_2:1329722:G:C,5e-05,5
50023,scaffold_12:191723:A:G,5e-05,5
161592,scaffold_18:337792:C:G,5e-05,5
471031,scaffold_8:1132899:T:C,5e-05,5
429593,scaffold_7:699727:T:G,5e-05,5
54130,scaffold_12:363942:C:A,5e-05,5
264600,scaffold_2:1360186:A:T,5e-05,5
5068,scaffold_10:204126:A:G,5e-05,5
297840,scaffold_3:1066906:C:G,5e-05,5
110110,scaffold_15:207214:C:T,5e-05,5
261464,scaffold_2:1239033:C:T,5e-05,5
199141,scaffold_1:948040:C:T,5e-05,5
438374,scaffold_7:1038518:C:G,4e-05,4
293462,scaffold_3:888141:G:A,4e-05,4
369466,scaffold_5:1006010:G:A,4e-05,4
111863,scaffold_15:289177:G:A,4e-05,4
158026,scaffold_18:189909:C:G,4e-05,4
332053,scaffold_4:944220:T:C,4e-05,4
312533,scaffold_4:178110:C:T,4e-05,4
111163,scaffold_15:258318:A:G,4e-05,4
411396,scaffold_7:18995:T:C,4e-05,4
144727,scaffold_17:281812:G:A,4e-05,4
248142,scaffold_2:699851:G:C,4e-05,4
229544,scaffold_1:2090484:T:C,4e-05,4
280002,scaffold_3:378377:C:T,4e-05,4
164021,scaffold_18:432218:A:G,4e-05,4
111011,scaffold_15:243565:T:C,4e-05,4
253555,scaffold_2:932435:G:C,4e-05,4
341016,scaffold_4:1325652:C:T,4e-05,4
214655,scaffold_1:1528172:A:C,4e-05,4
469774,scaffold_8:1058053:T:C,4e-05,4
246143,scaffold_2:614418:G:T,4e-05,4
427935,scaffold_7:633175:C:T,4e-05,4
443561,scaffold_7:1243533:G:C,4e-05,4
204282,scaffold_1:1138531:G:C,4e-05,4
244947,scaffold_2:565698:C:T,4e-05,4
296325,scaffold_3:1014545:T:C,4e-05,4
447422,scaffold_8:125887:A:G,4e-05,4
27761,scaffold_11:170773:A:G,4e-05,4
176410,scaffold_1:25995:A:G,4e-05,4
152248,scaffold_17:609206:A:G,4e-05,4
253063,scaffold_2:912492:A:G,4e-05,4
130514,scaffold_16:364601:A:G,4e-05,4
186973,scaffold_1:466362:G:T,4e-05,4
383829,scaffold_6:193804:A:G,4e-05,4
62699,scaffold_12:715836:A:C,4e-05,4
286518,scaffold_3:623419:C:T,4e-05,4
146972,scaffold_17:374460:T:C,4e-05,4
162967,scaffold_18:392482:C:T,4e-05,4
329035,scaffold_4:835542:T:C,4e-05,4
452604,scaffold_8:339851:A:G,4e-05,4
340735,scaffold_4:1315106:G:A,4e-05,4
305261,scaffold_3:1351371:G:T,4e-05,4
395943,scaffold_6:647939:C:A,4e-05,4
156177,scaffold_18:112743:G:A,4e-05,4
331091,scaffold_4:908115:C:T,4e-05,4
281970,scaffold_3:456817:C:T,4e-05,4
277703,scaffold_3:294688:C:T,4e-05,4
48964,scaffold_12:147806:A:G,4e-05,4
285703,scaffold_3:593863:T:C,4e-05,4
208356,scaffold_1:1295100:G:C,4e-05,4
62202,scaffold_12:694421:A:G,4e-05,4
495161,scaffold_9:874251:A:G,4e-05,4
159065,scaffold_18:238044:C:T,4e-05,4
406420,scaffold_6:1089868:C:T,4e-05,4
254934,scaffold_2:985517:C:T,4e-05,4
337637,scaffold_4:1182227:G:A,4e-05,4
459842,scaffold_8:638191:C:A,4e-05,4
348689,scaffold_5:168887:G:A,4e-05,4
166564,scaffold_18:534569:C:G,4e-05,4
43477,scaffold_11:857213:G:A,4e-05,4
42900,scaffold_11:830446:G:A,4e-05,4
86130,scaffold_13:800092:G:A,4e-05,4
239847,scaffold_2:361463:G:C,4e-05,4
259501,scaffold_2:1162137:G:A,4e-05,4
227336,scaffold_1:2010522:G:T,4e-05,4
302545,scaffold_3:1247391:T:A,4e-05,4
119411,scaffold_15:575595:G:C,4e-05,4
457624,scaffold_8:544957:C:T,4e-05,4
136164,scaffold_16:596463:G:A,4e-05,4
453223,scaffold_8:364681:C:T,4e-05,4
398992,scaffold_6:765671:G:T,4e-05,4
362388,scaffold_5:740734:C:T,4e-05,4
3766,scaffold_10:147928:T:G,4e-05,4
261216,scaffold_2:1227569:G:A,4e-05,4
436590,scaffold_7:975302:C:T,4e-05,4
110150,scaffold_15:208663:C:T,4e-05,4
308920,scaffold_4:37593:A:G,4e-05,4
9976,scaffold_10:404890:T:C,4e-05,4
421514,scaffold_7:397821:T:C,4e-05,4
229522,scaffold_1:2089839:A:C,4e-05,4
247314,scaffold_2:663902:G:A,4e-05,4
349834,scaffold_5:215722:C:T,4e-05,4
470099,scaffold_8:1070993:G:C,4e-05,4
306778,scaffold_3:1423988:T:C,4e-05,4
331392,scaffold_4:918684:T:C,4e-05,4
41465,scaffold_11:767840:T:G,4e-05,4
345435,scaffold_5:35097:C:T,4e-05,4
157667,scaffold_18:176806:C:G,4e-05,4
190302,scaffold_1:607471:G:A,4e-05,4
93549,scaffold_14:289240:A:G,4e-05,4
481597,scaffold_9:325577:A:T,4e-05,4
252165,scaffold_2:875105:C:T,4e-05,4
424902,scaffold_7:519695:A:G,4e-05,4
66746,scaffold_13:61079:C:T,4e-05,4
160591,scaffold_18:296646:G:T,4e-05,4
428152,scaffold_7:641120:G:T,4e-05,4
255223,scaffold_2:996179:A:C,4e-05,4
401243,scaffold_6:852773:A:G,4e-05,4
367550,scaffold_5:933572:G:A,4e-05,4
124338,scaffold_16:93595:G:A,4e-05,4
120637,scaffold_15:629082:T:C,4e-05,4
310334,scaffold_4:93693:C:G,4e-05,4
48435,scaffold_12:122956:A:T,4e-05,4
228805,scaffold_1:2064019:A:T,4e-05,4
52667,scaffold_12:295466:C:T,4e-05,4
165452,scaffold_18:490583:C:G,4e-05,4
312692,scaffold_4:183094:G:A,4e-05,4
291466,scaffold_3:813890:G:T,4e-05,4
197435,scaffold_1:880752:C:G,4e-05,4
323232,scaffold_4:605499:T:G,4e-05,4
449512,scaffold_8:208846:A:G,4e-05,4
305985,scaffold_3:1384693:A:C,4e-05,4
331340,scaffold_4:917358:G:A,4e-05,4
465940,scaffold_8:888979:T:C,4e-05,4
249891,scaffold_2:780099:G:A,4e-05,4
362737,scaffold_5:755954:C:G,4e-05,4
247623,scaffold_2:677046:A:G,4e-05,4
30830,scaffold_11:305942:T:G,4e-05,4
153003,scaffold_17:641076:G:C,4e-05,4
409084,scaffold_6:1208597:T:G,4e-05,4
423965,scaffold_7:484342:G:C,4e-05,4
177228,scaffold_1:61163:G:T,4e-05,4
165569,scaffold_18:494384:A:G,4e-05,4
61588,scaffold_12:668550:C:G,4e-05,4
391742,scaffold_6:483228:G:C,4e-05,4
338848,scaffold_4:1226792:G:A,4e-05,4
478133,scaffold_9:194007:A:G,4e-05,4
152107,scaffold_17:603323:G:A,4e-05,4
349910,scaffold_5:219727:A:G,4e-05,4
195117,scaffold_1:795317:G:C,4e-05,4
91724,scaffold_14:222886:C:G,4e-05,4
229060,scaffold_1:2071078:A:G,4e-05,4
119638,scaffold_15:583789:A:C,4e-05,4
50862,scaffold_12:225035:C:T,4e-05,4
5804,scaffold_10:235534:T:C,4e-05,4
347308,scaffold_5:119267:C:G,4e-05,4
258089,scaffold_2:1108858:A:G,4e-05,4
312392,scaffold_4:171099:C:A,4e-05,4
220094,scaffold_1:1737138:G:A,4e-05,4
63047,scaffold_12:730737:C:T,4e-05,4
410508,scaffold_6:1267528:C:G,4e-05,4
416642,scaffold_7:219940:C:T,4e-05,4
336903,scaffold_4:1128021:T:C,4e-05,4
37983,scaffold_11:632086:C:T,4e-05,4
140470,scaffold_17:115038:C:T,4e-05,4
452418,scaffold_8:333547:G:A,4e-05,4
54695,scaffold_12:385856:T:C,4e-05,4
180354,scaffold_1:199212:A:C,4e-05,4
315715,scaffold_4:312472:G:A,4e-05,4
157669,scaffold_18:176882:T:C,4e-05,4
285260,scaffold_3:576989:A:G,4e-05,4
138185,scaffold_17:25114:C:G,4e-05,4
471570,scaffold_8:1151857:G:C,4e-05,4
353926,scaffold_5:375498:G:A,4e-05,4
158937,scaffold_18:233499:A:G,4e-05,4
174801,scaffold_19:236912:C:T,4e-05,4
429187,scaffold_7:681457:A:G,4e-05,4
301512,scaffold_3:1207641:T:C,4e-05,4
445769,scaffold_8:61970:C:G,4e-05,4
319082,scaffold_4:434904:C:T,4e-05,4
91704,scaffold_14:222231:A:T,4e-05,4
191015,scaffold_1:633386:C:A,4e-05,4
208187,scaffold_1:1289061:G:T,4e-05,4
193989,scaffold_1:747742:A:C,4e-05,4
146981,scaffold_17:374662:C:A,4e-05,4
311236,scaffold_4:126785:G:A,4e-05,4
289454,scaffold_3:736834:C:G,4e-05,4
495788,scaffold_9:901524:G:A,4e-05,4
304045,scaffold_3:1310475:A:C,4e-05,4
396441,scaffold_6:670713:G:T,4e-05,4
224269,scaffold_1:1898690:C:T,4e-05,4
436840,scaffold_7:986091:G:A,4e-05,4
171578,scaffold_19:101709:A:G,4e-05,4
113606,scaffold_15:353597:G:C,4e-05,4
62765,scaffold_12:718938:T:C,4e-05,4
56183,scaffold_12:444109:A:G,4e-05,4
341462,scaffold_4:1344495:C:A,4e-05,4
220573,scaffold_1:1756222:G:C,4e-05,4
31811,scaffold_11:343353:A:G,4e-05,4
154493,scaffold_18:48058:A:G,4e-05,4
251001,scaffold_2:824604:A:G,4e-05,4
97681,scaffold_14:449661:G:C,4e-05,4
122737,scaffold_16:17372:C:A,4e-05,4
488367,scaffold_9:578253:C:T,4e-05,4
44042,scaffold_11:881093:G:C,4e-05,4
110859,scaffold_15:234122:A:G,4e-05,4
265055,scaffold_2:1376469:G:A,4e-05,4
279056,scaffold_3:343581:T:C,4e-05,4
136648,scaffold_16:618171:C:G,4e-05,4
192160,scaffold_1:678708:A:G,4e-05,4
372189,scaffold_5:1122412:T:C,4e-05,4
467879,scaffold_8:976327:T:G,4e-05,4
60406,scaffold_12:615418:C:A,4e-05,4
366740,scaffold_5:903558:C:A,4e-05,4
228192,scaffold_1:2039237:G:A,4e-05,4
457852,scaffold_8:554189:C:A,4e-05,4
352108,scaffold_5:305289:T:C,4e-05,4
56235,scaffold_12:446067:G:A,4e-05,4
131804,scaffold_16:417320:C:T,4e-05,4
449860,scaffold_8:221970:C:G,4e-05,4
151743,scaffold_17:589430:G:A,4e-05,4
415698,scaffold_7:186199:G:T,4e-05,4
424532,scaffold_7:504321:G:T,4e-05,4
15455,scaffold_10:631296:A:T,4e-05,4
278622,scaffold_3:326905:A:C,4e-05,4
277673,scaffold_3:293781:C:T,4e-05,4
221915,scaffold_1:1811318:T:C,4e-05,4
318544,scaffold_4:416765:C:T,4e-05,4
486448,scaffold_9:503251:A:G,4e-05,4
37775,scaffold_11:622281:A:G,4e-05,4
205397,scaffold_1:1178281:T:G,4e-05,4
444315,scaffold_8:9153:C:G,4e-05,4
395328,scaffold_6:621869:A:G,4e-05,4
154201,scaffold_18:37675:T:C,4e-05,4
6859,scaffold_10:279367:C:A,4e-05,4
257291,scaffold_2:1076792:T:C,4e-05,4
322750,scaffold_4:589039:C:T,4e-05,4
473767,scaffold_9:6899:C:T,4e-05,4
339956,scaffold_4:1280177:G:A,4e-05,4
161053,scaffold_18:315438:T:G,4e-05,4
460210,scaffold_8:652463:G:A,4e-05,4
110309,scaffold_15:214569:C:A,4e-05,4
458955,scaffold_8:600967:G:A,4e-05,4
257784,scaffold_2:1097430:C:T,4e-05,4
423460,scaffold_7:468273:C:T,4e-05,4
405204,scaffold_6:1028089:C:G,4e-05,4
6814,scaffold_10:277689:C:G,4e-05,4
329903,scaffold_4:866894:T:A,4e-05,4
492996,scaffold_9:775144:A:G,4e-05,4
263415,scaffold_2:1310025:G:C,4e-05,4
494940,scaffold_9:861034:C:T,4e-05,4
409863,scaffold_6:1243327:A:T,4e-05,4
178529,scaffold_1:112355:T:C,4e-05,4
175396,scaffold_19:261290:T:A,4e-05,4
70891,scaffold_13:222608:T:G,4e-05,4
136919,scaffold_16:633060:C:T,4e-05,4
385666,scaffold_6:260550:C:T,4e-05,4
477168,scaffold_9:133241:G:C,4e-05,4
479816,scaffold_9:259542:T:C,4e-05,4
305268,scaffold_3:1351992:G:C,4e-05,4
22375,scaffold_10:933883:C:T,4e-05,4
27818,scaffold_11:172305:C:G,4e-05,4
153435,scaffold_18:6943:A:T,4e-05,4
318186,scaffold_4:403527:T:C,4e-05,4
191048,scaffold_1:634607:C:T,4e-05,4
315055,scaffold_4:289982:T:G,4e-05,4
124737,scaffold_16:110392:C:T,4e-05,4
110486,scaffold_15:221197:G:T,4e-05,4
80483,scaffold_13:575868:C:G,4e-05,4
416376,scaffold_7:210183:G:A,4e-05,4
81190,scaffold_13:605599:A:G,4e-05,4
429262,scaffold_7:684426:A:G,4e-05,4
124979,scaffold_16:125896:C:T,4e-05,4
326784,scaffold_4:742272:G:A,4e-05,4
257574,scaffold_2:1088402:T:C,4e-05,4
317767,scaffold_4:387698:T:C,4e-05,4
388734,scaffold_6:370356:T:C,4e-05,4
334980,scaffold_4:1047275:C:T,4e-05,4
467081,scaffold_8:942802:G:A,4e-05,4
240570,scaffold_2:389391:G:A,4e-05,4
57891,scaffold_12:505815:G:C,4e-05,4
213126,scaffold_1:1473116:T:G,4e-05,4
236460,scaffold_2:204451:T:C,4e-05,4
71811,scaffold_13:254727:T:A,4e-05,4
95121,scaffold_14:346117:T:A,4e-05,4
471226,scaffold_8:1140207:T:G,4e-05,4
325022,scaffold_4:676285:T:C,4e-05,4
276297,scaffold_3:241052:G:A,4e-05,4
55606,scaffold_12:419472:C:T,4e-05,4
233849,scaffold_2:91450:G:A,4e-05,4
39919,scaffold_11:711005:C:A,4e-05,4
339621,scaffold_4:1260981:T:G,4e-05,4
344193,scaffold_4:1458378:C:A,4e-05,4
370498,scaffold_5:1047418:G:A,4e-05,4
46216,scaffold_12:37818:T:G,4e-05,4
173845,scaffold_19:199192:G:T,4e-05,4
419201,scaffold_7:311404:C:A,4e-05,4
237948,scaffold_2:266418:T:A,4e-05,4
486571,scaffold_9:507054:G:C,4e-05,4
380776,scaffold_6:81431:G:A,4e-05,4
66719,scaffold_13:60386:G:A,4e-05,4
390709,scaffold_6:443721:A:G,4e-05,4
178650,scaffold_1:116855:C:A,4e-05,4
298005,scaffold_3:1072129:A:G,4e-05,4
2036,scaffold_10:78797:C:G,4e-05,4
207559,scaffold_1:1265180:T:C,4e-05,4
135465,scaffold_16:562966:G:C,4e-05,4
3501,scaffold_10:137129:T:C,4e-05,4
187613,scaffold_1:490420:C:T,4e-05,4
81760,scaffold_13:625551:T:G,4e-05,4
172880,scaffold_19:163058:C:T,4e-05,4
326742,scaffold_4:740915:C:T,4e-05,4
459451,scaffold_8:623200:T:C,4e-05,4
299018,scaffold_3:1109801:A:G,4e-05,4
4610,scaffold_10:182268:T:A,4e-05,4
38207,scaffold_11:642471:T:C,4e-05,4
281924,scaffold_3:455129:C:T,4e-05,4
120080,scaffold_15:603743:G:A,4e-05,4
55205,scaffold_12:403377:C:T,4e-05,4
108289,scaffold_15:142145:A:T,4e-05,4
373474,scaffold_5:1178609:A:T,4e-05,4
105739,scaffold_15:13609:T:C,4e-05,4
16443,scaffold_10:666070:A:C,4e-05,4
339606,scaffold_4:1260568:G:C,4e-05,4
145171,scaffold_17:296839:G:C,4e-05,4
318968,scaffold_4:431531:A:G,4e-05,4
340265,scaffold_4:1293460:G:A,4e-05,4
358313,scaffold_5:555805:C:T,4e-05,4
263320,scaffold_2:1305835:T:A,4e-05,4
103224,scaffold_14:677922:G:T,4e-05,4
402087,scaffold_6:887000:T:C,4e-05,4
253243,scaffold_2:919850:C:G,4e-05,4
433626,scaffold_7:862418:A:C,4e-05,4
204163,scaffold_1:1134047:G:A,4e-05,4
356140,scaffold_5:457580:A:G,4e-05,4
123870,scaffold_16:71231:A:G,4e-05,4
452240,scaffold_8:326360:G:T,4e-05,4
144917,scaffold_17:287025:G:A,4e-05,4
348592,scaffold_5:165919:A:G,4e-05,4
187694,scaffold_1:492998:C:T,4e-05,4
280017,scaffold_3:378963:C:G,4e-05,4
98746,scaffold_14:498466:T:C,4e-05,4
120497,scaffold_15:623343:G:C,4e-05,4
106580,scaffold_15:60914:C:G,4e-05,4
257115,scaffold_2:1069503:G:C,4e-05,4
434761,scaffold_7:908875:G:A,4e-05,4
265776,scaffold_2:1409951:C:T,4e-05,4
483935,scaffold_9:411386:G:A,4e-05,4
367565,scaffold_5:933780:T:C,4e-05,4
184559,scaffold_1:369346:C:T,4e-05,4
271394,scaffold_3:41896:C:T,4e-05,4
329311,scaffold_4:844336:T:C,4e-05,4
71247,scaffold_13:235263:T:G,4e-05,4
204004,scaffold_1:1128582:G:A,4e-05,4
373884,scaffold_5:1192029:T:C,4e-05,4
163755,scaffold_18:421168:G:A,4e-05,4
44418,scaffold_11:897050:A:G,4e-05,4
355228,scaffold_5:420866:C:T,4e-05,4
252112,scaffold_2:872709:C:G,4e-05,4
84958,scaffold_13:748000:A:C,4e-05,4
495799,scaffold_9:901924:C:T,4e-05,4
203737,scaffold_1:1119600:C:T,4e-05,4
327859,scaffold_4:789135:C:T,4e-05,4
284939,scaffold_3:565884:C:G,4e-05,4
456700,scaffold_8:508702:T:C,4e-05,4
241242,scaffold_2:414126:C:G,4e-05,4
298621,scaffold_3:1093803:G:A,4e-05,4
417341,scaffold_7:243033:T:C,4e-05,4
120283,scaffold_15:613275:C:G,4e-05,4
378519,scaffold_5:1388741:G:C,4e-05,4
321287,scaffold_4:526266:C:G,4e-05,4
429791,scaffold_7:708538:A:C,4e-05,4
205564,scaffold_1:1184372:C:T,4e-05,4
395716,scaffold_6:638700:T:A,4e-05,4
181221,scaffold_1:232237:T:C,4e-05,4
115757,scaffold_15:440321:G:A,4e-05,4
357988,scaffold_5:541861:C:A,4e-05,4
215065,scaffold_1:1546204:G:A,4e-05,4
384228,scaffold_6:207837:A:G,4e-05,4
359178,scaffold_5:592708:C:T,4e-05,4
233709,scaffold_2:80798:A:G,4e-05,4
425947,scaffold_7:556813:A:G,4e-05,4
485996,scaffold_9:486529:G:A,4e-05,4
72165,scaffold_13:267404:A:C,4e-05,4
290218,scaffold_3:767294:G:C,4e-05,4
244967,scaffold_2:566267:G:A,4e-05,4
197390,scaffold_1:878899:A:C,4e-05,4
417349,scaffold_7:243180:C:T,4e-05,4
199578,scaffold_1:966136:C:T,4e-05,4
144271,scaffold_17:266268:C:G,4e-05,4
350678,scaffold_5:246358:C:T,4e-05,4
160456,scaffold_18:292267:C:T,4e-05,4
54985,scaffold_12:394924:A:G,4e-05,4
480163,scaffold_9:271903:C:T,4e-05,4
128524,scaffold_16:290140:A:C,4e-05,4
76798,scaffold_13:440608:G:T,4e-05,4
491087,scaffold_9:685809:A:T,4e-05,4
304891,scaffold_3:1338764:T:C,4e-05,4
290844,scaffold_3:790396:C:T,4e-05,4
322062,scaffold_4:556170:T:C,4e-05,4
263821,scaffold_2:1325796:T:C,4e-05,4
286677,scaffold_3:628979:C:A,4e-05,4
446453,scaffold_8:88121:A:G,4e-05,4
294424,scaffold_3:926400:C:T,4e-05,4
268102,scaffold_2:1506489:C:A,4e-05,4
303779,scaffold_3:1293701:G:A,4e-05,4
308499,scaffold_4:21927:G:A,4e-05,4
399423,scaffold_6:782021:A:C,4e-05,4
308815,scaffold_4:34474:T:C,4e-05,4
329679,scaffold_4:859099:A:G,4e-05,4
460425,scaffold_8:663012:C:T,4e-05,4
58736,scaffold_12:541197:T:C,4e-05,4
264129,scaffold_2:1343156:G:C,4e-05,4
87187,scaffold_14:37400:G:A,4e-05,4
444091,scaffold_7:1262902:C:G,4e-05,4
365450,scaffold_5:854828:C:T,4e-05,4
470328,scaffold_8:1082458:G:A,4e-05,4
411783,scaffold_7:33505:C:G,4e-05,4
379988,scaffold_6:54010:G:C,4e-05,4
244647,scaffold_2:553351:T:C,4e-05,4
25307,scaffold_11:68428:A:C,4e-05,4
289486,scaffold_3:738047:G:T,4e-05,4
167761,scaffold_18:578592:G:A,4e-05,4
131852,scaffold_16:418947:T:C,4e-05,4
477704,scaffold_9:151027:T:G,4e-05,4
159308,scaffold_18:246030:C:T,4e-05,4
487234,scaffold_9:536113:C:G,4e-05,4
53637,scaffold_12:345405:C:G,4e-05,4
377735,scaffold_5:1349654:C:A,4e-05,4
310044,scaffold_4:84086:G:T,4e-05,4
200738,scaffold_1:1013132:A:G,4e-05,4
325583,scaffold_4:698986:G:C,4e-05,4
381734,scaffold_6:115591:T:C,4e-05,4
422529,scaffold_7:434071:G:A,4e-05,4
412964,scaffold_7:86074:A:C,4e-05,4
63457,scaffold_12:755756:G:A,4e-05,4
159118,scaffold_18:240120:C:T,4e-05,4
100256,scaffold_14:563540:G:A,4e-05,4
307036,scaffold_3:1433054:G:A,4e-05,4
105726,scaffold_15:13125:A:G,4e-05,4
399339,scaffold_6:778873:G:A,4e-05,4
280170,scaffold_3:384928:G:A,4e-05,4
382347,scaffold_6:138328:T:C,4e-05,4
459794,scaffold_8:636500:C:A,4e-05,4
462925,scaffold_8:763285:C:T,4e-05,4
421525,scaffold_7:398392:G:T,4e-05,4
481567,scaffold_9:323496:T:C,4e-05,4
272659,scaffold_3:94080:C:A,4e-05,4
370788,scaffold_5:1061496:A:T,4e-05,4
30270,scaffold_11:283663:G:A,4e-05,4
244226,scaffold_2:532896:G:A,4e-05,4
431492,scaffold_7:772883:G:C,4e-05,4
179582,scaffold_1:159800:T:C,4e-05,4
142967,scaffold_17:215433:G:C,4e-05,4
48780,scaffold_12:140897:G:A,4e-05,4
13915,scaffold_10:571550:A:T,4e-05,4
228771,scaffold_1:2062962:G:A,4e-05,4
55529,scaffold_12:416157:G:A,4e-05,4
172286,scaffold_19:129873:A:T,4e-05,4
438954,scaffold_7:1059911:G:T,4e-05,4
222274,scaffold_1:1824574:G:A,4e-05,4
22570,scaffold_10:942473:C:G,4e-05,4
162351,scaffold_18:365734:T:C,4e-05,4
12145,scaffold_10:492016:G:A,4e-05,4
64714,scaffold_12:807819:T:C,4e-05,4
145780,scaffold_17:324126:C:T,4e-05,4
337527,scaffold_4:1148069:G:A,4e-05,4
55907,scaffold_12:431750:T:G,4e-05,4
258827,scaffold_2:1137537:A:G,4e-05,4
257376,scaffold_2:1080528:G:A,4e-05,4
102021,scaffold_14:630294:C:A,4e-05,4
107813,scaffold_15:123647:T:C,4e-05,4
37671,scaffold_11:617008:C:G,4e-05,4
49752,scaffold_12:181887:A:G,4e-05,4
165260,scaffold_18:481771:A:G,4e-05,4
111941,scaffold_15:292910:T:A,4e-05,4
141477,scaffold_17:155878:A:G,4e-05,4
207622,scaffold_1:1267562:G:A,4e-05,4
339094,scaffold_4:1235215:A:G,4e-05,4
58453,scaffold_12:530722:G:A,4e-05,4
16236,scaffold_10:659039:C:A,4e-05,4
408615,scaffold_6:1190093:G:C,4e-05,4
284657,scaffold_3:556215:G:C,4e-05,4
313703,scaffold_4:224090:G:A,4e-05,4
89032,scaffold_14:103681:A:G,4e-05,4
42574,scaffold_11:820055:C:T,4e-05,4
336032,scaffold_4:1095765:G:A,4e-05,4
223220,scaffold_1:1859311:C:T,4e-05,4
312463,scaffold_4:174124:C:G,4e-05,4
304254,scaffold_3:1317537:A:G,4e-05,4
10959,scaffold_10:452588:G:A,4e-05,4
59711,scaffold_12:587904:G:A,4e-05,4
338596,scaffold_4:1217222:G:C,4e-05,4
64160,scaffold_12:786313:A:G,4e-05,4
226446,scaffold_1:1978984:C:A,4e-05,4
205302,scaffold_1:1175450:T:G,4e-05,4
478752,scaffold_9:217034:C:T,4e-05,4
179918,scaffold_1:177808:A:G,4e-05,4
174069,scaffold_19:206788:A:G,4e-05,4
361101,scaffold_5:667322:C:A,4e-05,4
399518,scaffold_6:786626:T:C,4e-05,4
409783,scaffold_6:1239475:G:C,4e-05,4
280391,scaffold_3:397610:C:A,4e-05,4
409764,scaffold_6:1239060:T:C,4e-05,4
134639,scaffold_16:532121:G:T,4e-05,4
402850,scaffold_6:916675:G:A,4e-05,4
238412,scaffold_2:296430:G:A,4e-05,4
51539,scaffold_12:251806:C:A,4e-05,4
272265,scaffold_3:79758:C:A,4e-05,4
373648,scaffold_5:1183271:A:G,4e-05,4
254740,scaffold_2:978791:T:C,4e-05,4
409184,scaffold_6:1213124:T:C,4e-05,4
319528,scaffold_4:450900:C:G,4e-05,4
461095,scaffold_8:689537:G:A,4e-05,4
250635,scaffold_2:807838:C:T,4e-05,4
344649,scaffold_5:7206:G:A,4e-05,4
12750,scaffold_10:526091:G:T,4e-05,4
361805,scaffold_5:715626:C:T,4e-05,4
76712,scaffold_13:437323:C:T,4e-05,4
65544,scaffold_13:14815:A:C,4e-05,4
150682,scaffold_17:548419:A:G,4e-05,4
343579,scaffold_4:1435730:T:G,4e-05,4
187001,scaffold_1:467685:G:A,4e-05,4
355835,scaffold_5:444490:C:T,4e-05,4
445141,scaffold_8:38474:A:C,4e-05,4
389270,scaffold_6:388584:G:C,4e-05,4
474427,scaffold_9:33101:C:T,4e-05,4
168219,scaffold_18:597720:C:T,4e-05,4
271862,scaffold_3:64297:A:G,4e-05,4
403690,scaffold_6:952337:C:T,4e-05,4
469261,scaffold_8:1036712:G:T,4e-05,4
161075,scaffold_18:316083:T:G,4e-05,4
199255,scaffold_1:951901:T:G,4e-05,4
419952,scaffold_7:338281:T:C,4e-05,4
442211,scaffold_7:1189229:G:A,4e-05,4
76919,scaffold_13:445217:T:A,4e-05,4
446825,scaffold_8:103139:G:A,4e-05,4
245489,scaffold_2:587733:T:G,4e-05,4
471405,scaffold_8:1146460:G:C,4e-05,4
471174,scaffold_8:1138602:A:G,4e-05,4
229758,scaffold_1:2098770:G:A,4e-05,4
312502,scaffold_4:176448:T:G,4e-05,4
249460,scaffold_2:764511:C:G,4e-05,4
394389,scaffold_6:589815:G:A,4e-05,4
303000,scaffold_3:1265484:G:A,4e-05,4
407635,scaffold_6:1154713:G:C,4e-05,4
28146,scaffold_11:187249:C:A,4e-05,4
225426,scaffold_1:1938092:G:T,4e-05,4
274958,scaffold_3:193284:A:G,4e-05,4
189934,scaffold_1:592895:G:T,4e-05,4
202109,scaffold_1:1061633:C:T,4e-05,4
236147,scaffold_2:190229:A:G,4e-05,4
385683,scaffold_6:260882:G:T,4e-05,4
167274,scaffold_18:561400:A:C,4e-05,4
240986,scaffold_2:404462:G:A,4e-05,4
163594,scaffold_18:415235:A:G,4e-05,4
435622,scaffold_7:941184:A:C,4e-05,4
131747,scaffold_16:414990:G:A,4e-05,4
433267,scaffold_7:847704:G:A,4e-05,4
82689,scaffold_13:660028:A:G,4e-05,4
26702,scaffold_11:121659:T:A,4e-05,4
418754,scaffold_7:296310:T:C,4e-05,4
142216,scaffold_17:184660:G:A,4e-05,4
431302,scaffold_7:766147:G:T,4e-05,4
91536,scaffold_14:207451:C:T,4e-05,4
341500,scaffold_4:1346068:G:A,4e-05,4
149685,scaffold_17:505288:G:A,4e-05,4
211390,scaffold_1:1403308:T:C,4e-05,4
475127,scaffold_9:56457:T:C,4e-05,4
57041,scaffold_12:476579:T:C,4e-05,4
108057,scaffold_15:132714:A:G,4e-05,4
357132,scaffold_5:501989:G:A,4e-05,4
211509,scaffold_1:1407799:G:A,4e-05,4
83772,scaffold_13:701795:C:G,4e-05,4
409755,scaffold_6:1238494:G:C,4e-05,4
413396,scaffold_7:100638:T:G,4e-05,4
161242,scaffold_18:323300:T:G,4e-05,4
369113,scaffold_5:990409:T:G,4e-05,4
320031,scaffold_4:473277:C:T,4e-05,4
406674,scaffold_6:1098525:G:C,4e-05,4
358321,scaffold_5:555991:G:A,4e-05,4
352485,scaffold_5:319743:C:T,4e-05,4
444220,scaffold_8:5028:A:C,4e-05,4
158439,scaffold_18:206579:T:C,4e-05,4
121248,scaffold_15:655952:G:A,4e-05,4
320249,scaffold_4:482453:C:T,4e-05,4
221869,scaffold_1:1809814:C:T,4e-05,4
405323,scaffold_6:1035387:G:A,4e-05,4
69239,scaffold_13:158072:G:C,4e-05,4
274170,scaffold_3:157117:T:G,4e-05,4
353632,scaffold_5:364983:C:T,4e-05,4
75438,scaffold_13:386005:G:T,4e-05,4
266265,scaffold_2:1426999:T:C,4e-05,4
163585,scaffold_18:414884:G:T,4e-05,4
483747,scaffold_9:404472:C:T,4e-05,4
189195,scaffold_1:564000:T:G,4e-05,4
399153,scaffold_6:772349:C:G,4e-05,4
454883,scaffold_8:430945:G:A,4e-05,4
494,scaffold_10:19963:T:C,4e-05,4
345682,scaffold_5:50404:T:G,4e-05,4
275635,scaffold_3:218885:C:T,4e-05,4
72969,scaffold_13:296359:G:T,4e-05,4
243482,scaffold_2:502206:T:C,4e-05,4
387907,scaffold_6:343034:C:G,4e-05,4
436636,scaffold_7:976963:C:T,4e-05,4
156471,scaffold_18:122214:A:G,4e-05,4
275094,scaffold_3:198979:A:G,4e-05,4
471957,scaffold_8:1165479:G:T,4e-05,4
283649,scaffold_3:516979:C:T,4e-05,4
3237,scaffold_10:125662:C:A,4e-05,4
202773,scaffold_1:1086687:T:C,4e-05,4
184304,scaffold_1:360611:G:A,4e-05,4
253362,scaffold_2:924305:C:T,4e-05,4
224001,scaffold_1:1890439:T:G,4e-05,4
481375,scaffold_9:316279:C:T,4e-05,4
359880,scaffold_5:619575:G:A,4e-05,4
110615,scaffold_15:225263:G:A,4e-05,4
345789,scaffold_5:58863:A:G,4e-05,4
309138,scaffold_4:46187:G:A,4e-05,4
440550,scaffold_7:1119210:C:T,4e-05,4
353367,scaffold_5:354497:T:C,4e-05,4
197226,scaffold_1:872229:C:T,4e-05,4
310877,scaffold_4:113177:C:T,4e-05,4
199077,scaffold_1:946320:G:C,4e-05,4
407959,scaffold_6:1165942:G:A,4e-05,4
448550,scaffold_8:172015:C:T,4e-05,4
182136,scaffold_1:270831:T:C,4e-05,4
436663,scaffold_7:978257:G:A,4e-05,4
192214,scaffold_1:680833:G:C,4e-05,4
239862,scaffold_2:362144:G:A,4e-05,4
443271,scaffold_7:1231388:G:A,4e-05,4
4011,scaffold_10:160442:G:A,4e-05,4
452947,scaffold_8:353402:G:A,4e-05,4
351196,scaffold_5:269143:C:T,4e-05,4
113826,scaffold_15:361988:T:C,4e-05,4
401809,scaffold_6:876454:G:T,4e-05,4
238796,scaffold_2:313842:G:A,4e-05,4
419593,scaffold_7:325092:A:C,4e-05,4
56848,scaffold_12:469615:G:A,4e-05,4
26315,scaffold_11:107772:G:A,4e-05,4
157869,scaffold_18:185598:T:C,4e-05,4
304375,scaffold_3:1321256:C:A,4e-05,4
367226,scaffold_5:922137:T:C,4e-05,4
223407,scaffold_1:1866268:T:C,4e-05,4
403766,scaffold_6:955394:G:A,4e-05,4
458119,scaffold_8:565090:G:A,4e-05,4
360679,scaffold_5:648611:T:G,4e-05,4
54994,scaffold_12:395191:T:G,4e-05,4
167218,scaffold_18:559819:G:T,4e-05,4
494852,scaffold_9:857123:T:A,4e-05,4
429445,scaffold_7:693745:A:G,4e-05,4
489261,scaffold_9:611416:C:T,4e-05,4
179094,scaffold_1:133159:C:T,4e-05,4
176755,scaffold_1:41449:A:G,4e-05,4
418291,scaffold_7:276001:G:A,4e-05,4
445133,scaffold_8:38098:C:G,4e-05,4
485485,scaffold_9:467832:G:A,4e-05,4
59778,scaffold_12:589852:G:C,4e-05,4
453227,scaffold_8:364707:G:A,4e-05,4
127,scaffold_10:5315:A:G,4e-05,4
369666,scaffold_5:1013457:A:G,4e-05,4
330021,scaffold_4:871208:C:T,4e-05,4
179382,scaffold_1:150717:G:A,4e-05,4
163130,scaffold_18:398601:G:A,4e-05,4
421206,scaffold_7:385784:C:T,4e-05,4
466117,scaffold_8:896503:T:C,4e-05,4
346509,scaffold_5:84367:T:C,4e-05,4
69618,scaffold_13:173778:C:T,4e-05,4
390889,scaffold_6:449536:A:G,4e-05,4
176614,scaffold_1:36153:A:G,4e-05,4
328118,scaffold_4:798251:C:T,4e-05,4
23863,scaffold_11:11609:G:A,4e-05,4
316816,scaffold_4:353630:G:C,4e-05,4
20983,scaffold_10:875856:T:C,4e-05,4
68794,scaffold_13:141628:T:G,4e-05,4
486661,scaffold_9:510859:G:A,4e-05,4
36276,scaffold_11:556148:G:C,4e-05,4
229472,scaffold_1:2088191:C:T,4e-05,4
23883,scaffold_11:12026:C:T,4e-05,4
242594,scaffold_2:464923:G:A,4e-05,4
370211,scaffold_5:1032808:T:C,4e-05,4
119064,scaffold_15:562693:A:T,4e-05,4
241977,scaffold_2:441741:G:A,4e-05,4
386642,scaffold_6:296996:G:A,4e-05,4
250228,scaffold_2:794268:C:T,4e-05,4
344017,scaffold_4:1452327:C:T,4e-05,4
48996,scaffold_12:148882:T:A,4e-05,4
139601,scaffold_17:81875:G:A,4e-05,4
126072,scaffold_16:176613:G:A,4e-05,4
327049,scaffold_4:752398:C:T,4e-05,4
288530,scaffold_3:698275:G:A,4e-05,4
423307,scaffold_7:463006:G:C,4e-05,4
424491,scaffold_7:503142:A:G,4e-05,4
389730,scaffold_6:406864:G:A,4e-05,4
153376,scaffold_18:4281:G:A,4e-05,4
280934,scaffold_3:417389:G:A,4e-05,4
141319,scaffold_17:148947:A:T,4e-05,4
96269,scaffold_14:387016:C:T,4e-05,4
103510,scaffold_14:688670:T:A,4e-05,4
167518,scaffold_18:569006:C:A,4e-05,4
304065,scaffold_3:1312166:G:A,4e-05,4
112534,scaffold_15:313324:C:G,4e-05,4
108002,scaffold_15:131140:C:A,4e-05,4
215012,scaffold_1:1544780:T:C,4e-05,4
96322,scaffold_14:388658:C:T,4e-05,4
176320,scaffold_1:22000:C:T,4e-05,4
27274,scaffold_11:150144:T:G,4e-05,4
433327,scaffold_7:849374:A:G,4e-05,4
350062,scaffold_5:225002:C:T,4e-05,4
282116,scaffold_3:461083:C:T,4e-05,4
109677,scaffold_15:193295:C:T,4e-05,4
279131,scaffold_3:346760:C:G,4e-05,4
95684,scaffold_14:366881:G:C,4e-05,4
184854,scaffold_1:381263:G:T,4e-05,4
414179,scaffold_7:130631:T:G,4e-05,4
53471,scaffold_12:325497:A:G,4e-05,4
326163,scaffold_4:719738:G:A,4e-05,4
278056,scaffold_3:306329:C:G,4e-05,4
11286,scaffold_10:464083:T:G,4e-05,4
106430,scaffold_15:46567:C:T,4e-05,4
459368,scaffold_8:618333:A:G,4e-05,4
26191,scaffold_11:102029:C:T,4e-05,4
249769,scaffold_2:775993:C:A,4e-05,4
492090,scaffold_9:730623:G:C,4e-05,4
492775,scaffold_9:763391:C:T,4e-05,4
360942,scaffold_5:660738:A:G,4e-05,4
114574,scaffold_15:397251:A:C,4e-05,4
10666,scaffold_10:433853:G:A,4e-05,4
430990,scaffold_7:755484:T:G,4e-05,4
7048,scaffold_10:287187:A:G,4e-05,4
13100,scaffold_10:539035:C:A,4e-05,4
161308,scaffold_18:326168:G:T,4e-05,4
320385,scaffold_4:488005:C:G,4e-05,4
402832,scaffold_6:916023:C:T,4e-05,4
466213,scaffold_8:901323:T:A,4e-05,4
205514,scaffold_1:1181848:A:C,4e-05,4
60998,scaffold_12:639058:G:A,4e-05,4
383601,scaffold_6:185080:A:C,4e-05,4
454027,scaffold_8:397871:T:C,4e-05,4
377220,scaffold_5:1329783:C:T,4e-05,4
311173,scaffold_4:124844:A:G,4e-05,4
445734,scaffold_8:60944:T:C,4e-05,4
314347,scaffold_4:260009:G:A,4e-05,4
164316,scaffold_18:444353:A:T,4e-05,4
364092,scaffold_5:809684:G:C,4e-05,4
127049,scaffold_16:219815:C:T,4e-05,4
137071,scaffold_16:644818:G:T,4e-05,4
492564,scaffold_9:756140:C:T,4e-05,4
352618,scaffold_5:323754:G:C,4e-05,4
140725,scaffold_17:124582:A:G,4e-05,4
76443,scaffold_13:427011:C:T,4e-05,4
138978,scaffold_17:55748:G:A,4e-05,4
151879,scaffold_17:594739:G:A,4e-05,4
281008,scaffold_3:420698:A:T,4e-05,4
188497,scaffold_1:536514:G:C,4e-05,4
138097,scaffold_17:22071:G:A,4e-05,4
412355,scaffold_7:65690:T:G,4e-05,4
195127,scaffold_1:795474:T:G,4e-05,4
186736,scaffold_1:457156:A:T,4e-05,4
3605,scaffold_10:141737:C:T,4e-05,4
121032,scaffold_15:646637:G:A,4e-05,4
297906,scaffold_3:1068571:T:C,4e-05,4
339981,scaffold_4:1281153:T:C,4e-05,4
60946,scaffold_12:636840:C:T,4e-05,4
324995,scaffold_4:675290:G:A,4e-05,4
37957,scaffold_11:631265:C:T,4e-05,4
362180,scaffold_5:733268:G:A,4e-05,4
379074,scaffold_6:13242:A:G,4e-05,4
72070,scaffold_13:263297:C:T,4e-05,4
298380,scaffold_3:1085960:G:T,4e-05,4
81156,scaffold_13:604292:A:G,4e-05,4
363723,scaffold_5:796664:T:C,4e-05,4
451771,scaffold_8:298505:C:T,4e-05,4
80869,scaffold_13:591753:T:C,4e-05,4
433796,scaffold_7:869125:T:C,4e-05,4
167225,scaffold_18:559914:T:C,4e-05,4
97972,scaffold_14:468615:A:G,4e-05,4
100295,scaffold_14:565175:C:T,4e-05,4
111761,scaffold_15:284831:C:T,4e-05,4
368381,scaffold_5:962430:C:A,4e-05,4
367095,scaffold_5:917289:G:C,4e-05,4
119292,scaffold_15:571875:A:C,4e-05,4
367456,scaffold_5:930424:T:C,4e-05,4
323041,scaffold_4:599178:C:A,4e-05,4
55675,scaffold_12:422400:G:A,4e-05,4
329747,scaffold_4:861719:G:T,4e-05,4
94996,scaffold_14:342578:A:G,4e-05,4
11648,scaffold_10:476270:G:A,4e-05,4
355678,scaffold_5:438433:G:C,4e-05,4
408370,scaffold_6:1180504:A:C,4e-05,4
151865,scaffold_17:594010:A:T,4e-05,4
10947,scaffold_10:452351:G:C,4e-05,4
129384,scaffold_16:322997:C:T,4e-05,4
38790,scaffold_11:663864:A:G,4e-05,4
151460,scaffold_17:578029:C:T,4e-05,4
172907,scaffold_19:164494:A:G,4e-05,4
207803,scaffold_1:1273598:G:A,4e-05,4
349131,scaffold_5:188818:T:C,4e-05,4
422264,scaffold_7:424788:C:G,4e-05,4
362599,scaffold_5:749020:C:G,4e-05,4
136869,scaffold_16:630496:G:T,4e-05,4
146007,scaffold_17:334995:G:A,4e-05,4
429983,scaffold_7:714263:A:G,4e-05,4
50473,scaffold_12:209774:T:C,4e-05,4
412443,scaffold_7:68107:G:A,4e-05,4
335823,scaffold_4:1088431:G:A,4e-05,4
244482,scaffold_2:546291:C:T,4e-05,4
115362,scaffold_15:426898:G:T,4e-05,4
435778,scaffold_7:947038:G:A,4e-05,4
484763,scaffold_9:442285:G:T,4e-05,4
267252,scaffold_2:1469632:C:T,4e-05,4
87570,scaffold_14:50109:T:C,4e-05,4
203986,scaffold_1:1128113:A:G,4e-05,4
12544,scaffold_10:519006:G:A,4e-05,4
315408,scaffold_4:302676:T:C,4e-05,4
67716,scaffold_13:101611:A:C,4e-05,4
250862,scaffold_2:819405:A:C,4e-05,4
465629,scaffold_8:876051:C:T,4e-05,4
343373,scaffold_4:1427401:C:G,4e-05,4
458022,scaffold_8:561699:C:G,4e-05,4
54906,scaffold_12:392188:T:C,4e-05,4
116972,scaffold_15:482758:C:T,4e-05,4
292860,scaffold_3:864606:T:C,4e-05,4
227320,scaffold_1:2010089:T:C,4e-05,4
363728,scaffold_5:796715:G:C,4e-05,4
5957,scaffold_10:244621:C:T,4e-05,4
459406,scaffold_8:620878:A:G,4e-05,4
36446,scaffold_11:562703:C:T,4e-05,4
4320,scaffold_10:171956:G:A,4e-05,4
395614,scaffold_6:635098:A:G,4e-05,4
44674,scaffold_11:907522:C:A,4e-05,4
137034,scaffold_16:643482:C:T,4e-05,4
21990,scaffold_10:917800:C:T,4e-05,4
206318,scaffold_1:1211451:G:A,4e-05,4
247719,scaffold_2:680906:G:T,4e-05,4
43358,scaffold_11:850837:T:C,4e-05,4
16893,scaffold_10:684305:C:G,4e-05,4
249213,scaffold_2:753800:A:G,3e-05,3
65115,scaffold_12:824222:A:G,3e-05,3
371741,scaffold_5:1103127:G:A,3e-05,3
248347,scaffold_2:709360:T:C,3e-05,3
138309,scaffold_17:29365:A:G,3e-05,3
433219,scaffold_7:846159:A:C,3e-05,3
26645,scaffold_11:120154:C:T,3e-05,3
261686,scaffold_2:1246807:C:T,3e-05,3
143232,scaffold_17:226676:T:G,3e-05,3
194588,scaffold_1:772084:G:A,3e-05,3
472760,scaffold_8:1197364:C:G,3e-05,3
435529,scaffold_7:937426:C:A,3e-05,3
361859,scaffold_5:717474:T:C,3e-05,3
422592,scaffold_7:436175:A:G,3e-05,3
312831,scaffold_4:187573:T:C,3e-05,3
211182,scaffold_1:1396798:G:T,3e-05,3
385496,scaffold_6:254526:G:A,3e-05,3
367924,scaffold_5:945933:C:G,3e-05,3
411454,scaffold_7:21339:G:A,3e-05,3
138930,scaffold_17:54015:C:A,3e-05,3
269744,scaffold_2:1587183:C:G,3e-05,3
50523,scaffold_12:211896:T:G,3e-05,3
434867,scaffold_7:912997:C:T,3e-05,3
81635,scaffold_13:621605:C:T,3e-05,3
304640,scaffold_3:1330624:T:G,3e-05,3
445537,scaffold_8:53717:C:T,3e-05,3
144809,scaffold_17:284413:C:T,3e-05,3
305126,scaffold_3:1346804:A:G,3e-05,3
143201,scaffold_17:225089:C:A,3e-05,3
187378,scaffold_1:481352:G:C,3e-05,3
406364,scaffold_6:1086800:C:T,3e-05,3
4899,scaffold_10:194616:C:T,3e-05,3
387442,scaffold_6:327146:G:A,3e-05,3
480373,scaffold_9:279716:A:G,3e-05,3
94204,scaffold_14:314137:T:C,3e-05,3
193245,scaffold_1:721230:T:C,3e-05,3
147843,scaffold_17:412597:G:A,3e-05,3
436169,scaffold_7:961477:G:C,3e-05,3
237235,scaffold_2:230831:C:G,3e-05,3
305731,scaffold_3:1370663:A:G,3e-05,3
54242,scaffold_12:368781:C:T,3e-05,3
326142,scaffold_4:719166:A:G,3e-05,3
185041,scaffold_1:391016:A:G,3e-05,3
209555,scaffold_1:1338054:A:G,3e-05,3
47638,scaffold_12:92676:T:C,3e-05,3
102789,scaffold_14:660935:C:T,3e-05,3
100505,scaffold_14:572121:G:T,3e-05,3
181196,scaffold_1:231297:C:G,3e-05,3
439116,scaffold_7:1065458:T:C,3e-05,3
150139,scaffold_17:525466:A:C,3e-05,3
420569,scaffold_7:364270:C:A,3e-05,3
186248,scaffold_1:439360:G:A,3e-05,3
102737,scaffold_14:659381:C:T,3e-05,3
260905,scaffold_2:1217148:T:A,3e-05,3
17594,scaffold_10:712044:A:G,3e-05,3
135679,scaffold_16:573998:G:A,3e-05,3
32299,scaffold_11:365899:G:A,3e-05,3
357087,scaffold_5:498969:T:G,3e-05,3
21151,scaffold_10:884664:T:C,3e-05,3
148728,scaffold_17:451686:C:T,3e-05,3
432281,scaffold_7:805183:C:T,3e-05,3
244292,scaffold_2:535496:G:A,3e-05,3
114053,scaffold_15:377467:A:G,3e-05,3
286661,scaffold_3:628407:A:G,3e-05,3
235863,scaffold_2:174377:G:A,3e-05,3
384524,scaffold_6:217156:C:T,3e-05,3
231899,scaffold_2:9267:T:C,3e-05,3
446149,scaffold_8:77068:C:A,3e-05,3
297247,scaffold_3:1046424:G:A,3e-05,3
449825,scaffold_8:220504:G:A,3e-05,3
229850,scaffold_1:2103025:T:C,3e-05,3
23693,scaffold_11:4655:C:T,3e-05,3
485692,scaffold_9:475256:C:T,3e-05,3
435063,scaffold_7:921727:T:A,3e-05,3
476268,scaffold_9:102004:G:A,3e-05,3
391692,scaffold_6:481044:G:A,3e-05,3
165025,scaffold_18:471082:C:T,3e-05,3
358337,scaffold_5:556610:C:T,3e-05,3
439111,scaffold_7:1065290:A:C,3e-05,3
316383,scaffold_4:338817:A:G,3e-05,3
254210,scaffold_2:958573:C:A,3e-05,3
169747,scaffold_19:13865:G:A,3e-05,3
94112,scaffold_14:310951:G:C,3e-05,3
189082,scaffold_1:559555:C:G,3e-05,3
256931,scaffold_2:1063270:A:C,3e-05,3
429938,scaffold_7:712856:A:G,3e-05,3
38281,scaffold_11:645260:A:G,3e-05,3
399344,scaffold_6:778980:A:G,3e-05,3
80993,scaffold_13:596889:A:G,3e-05,3
483259,scaffold_9:385225:A:T,3e-05,3
326219,scaffold_4:721573:T:C,3e-05,3
148206,scaffold_17:431277:C:T,3e-05,3
137199,scaffold_16:650663:C:T,3e-05,3
380811,scaffold_6:82687:C:G,3e-05,3
143818,scaffold_17:251305:C:A,3e-05,3
283363,scaffold_3:507687:G:A,3e-05,3
16345,scaffold_10:662992:G:C,3e-05,3
467712,scaffold_8:968840:A:G,3e-05,3
26268,scaffold_11:106269:T:G,3e-05,3
193486,scaffold_1:731930:T:C,3e-05,3
465366,scaffold_8:862669:G:A,3e-05,3
325141,scaffold_4:680756:G:A,3e-05,3
81042,scaffold_13:598475:A:G,3e-05,3
387925,scaffold_6:343445:G:A,3e-05,3
480586,scaffold_9:288091:T:C,3e-05,3
449438,scaffold_8:205462:T:C,3e-05,3
168787,scaffold_18:620173:C:T,3e-05,3
62069,scaffold_12:688967:A:G,3e-05,3
125118,scaffold_16:136787:G:C,3e-05,3
242639,scaffold_2:466553:G:C,3e-05,3
232032,scaffold_2:15275:C:G,3e-05,3
406117,scaffold_6:1071448:A:G,3e-05,3
379748,scaffold_6:45096:G:A,3e-05,3
149491,scaffold_17:497582:C:T,3e-05,3
436298,scaffold_7:966546:T:C,3e-05,3
190281,scaffold_1:606918:C:G,3e-05,3
287790,scaffold_3:668469:A:G,3e-05,3
82554,scaffold_13:654145:G:C,3e-05,3
306981,scaffold_3:1430555:A:G,3e-05,3
423301,scaffold_7:462771:T:G,3e-05,3
446393,scaffold_8:86285:T:C,3e-05,3
479345,scaffold_9:239844:G:C,3e-05,3
319214,scaffold_4:439836:C:A,3e-05,3
23181,scaffold_10:969710:G:T,3e-05,3
99022,scaffold_14:510547:T:C,3e-05,3
77046,scaffold_13:450421:G:A,3e-05,3
28230,scaffold_11:190810:T:A,3e-05,3
321493,scaffold_4:534631:C:A,3e-05,3
17530,scaffold_10:710107:G:C,3e-05,3
227247,scaffold_1:2008111:A:C,3e-05,3
427157,scaffold_7:602363:T:C,3e-05,3
183797,scaffold_1:339946:A:C,3e-05,3
91577,scaffold_14:217718:C:G,3e-05,3
230573,scaffold_1:2133543:G:A,3e-05,3
482477,scaffold_9:357606:A:C,3e-05,3
279193,scaffold_3:348965:C:T,3e-05,3
288623,scaffold_3:701892:A:G,3e-05,3
155415,scaffold_18:81855:G:A,3e-05,3
12974,scaffold_10:534355:A:C,3e-05,3
368418,scaffold_5:963821:T:C,3e-05,3
195460,scaffold_1:806125:T:C,3e-05,3
364399,scaffold_5:819984:C:G,3e-05,3
316359,scaffold_4:338249:A:C,3e-05,3
456227,scaffold_8:488460:C:T,3e-05,3
141506,scaffold_17:156717:C:G,3e-05,3
213654,scaffold_1:1492304:C:G,3e-05,3
225250,scaffold_1:1932815:T:G,3e-05,3
291792,scaffold_3:825491:G:A,3e-05,3
203194,scaffold_1:1102691:G:T,3e-05,3
153121,scaffold_17:646988:G:C,3e-05,3
9938,scaffold_10:403264:T:C,3e-05,3
423547,scaffold_7:470551:A:G,3e-05,3
205984,scaffold_1:1199003:C:A,3e-05,3
280104,scaffold_3:382026:C:G,3e-05,3
19318,scaffold_10:801485:A:C,3e-05,3
20616,scaffold_10:855931:G:A,3e-05,3
340039,scaffold_4:1284545:G:A,3e-05,3
357566,scaffold_5:523533:C:A,3e-05,3
323449,scaffold_4:613989:G:A,3e-05,3
267709,scaffold_2:1488684:T:C,3e-05,3
317252,scaffold_4:369396:A:G,3e-05,3
302042,scaffold_3:1229290:A:G,3e-05,3
320146,scaffold_4:478648:G:A,3e-05,3
223508,scaffold_1:1870550:T:A,3e-05,3
127240,scaffold_16:225845:C:T,3e-05,3
354680,scaffold_5:401671:G:A,3e-05,3
214724,scaffold_1:1531189:C:T,3e-05,3
217207,scaffold_1:1627790:G:C,3e-05,3
306130,scaffold_3:1394740:T:G,3e-05,3
161091,scaffold_18:316653:A:T,3e-05,3
206383,scaffold_1:1213728:A:G,3e-05,3
105650,scaffold_15:10288:C:T,3e-05,3
484417,scaffold_9:430514:T:A,3e-05,3
379932,scaffold_6:51835:C:A,3e-05,3
77832,scaffold_13:480031:A:C,3e-05,3
481362,scaffold_9:315736:T:G,3e-05,3
318679,scaffold_4:421320:C:T,3e-05,3
441539,scaffold_7:1161142:G:A,3e-05,3
9248,scaffold_10:376749:G:A,3e-05,3
123458,scaffold_16:52355:A:G,3e-05,3
437101,scaffold_7:995282:T:G,3e-05,3
75502,scaffold_13:387951:T:A,3e-05,3
183155,scaffold_1:317176:A:C,3e-05,3
485837,scaffold_9:480414:A:G,3e-05,3
351188,scaffold_5:268796:G:A,3e-05,3
92782,scaffold_14:257324:T:C,3e-05,3
240125,scaffold_2:371290:G:C,3e-05,3
376916,scaffold_5:1318514:G:T,3e-05,3
77610,scaffold_13:472462:T:G,3e-05,3
10433,scaffold_10:424242:A:G,3e-05,3
348372,scaffold_5:157646:C:T,3e-05,3
251307,scaffold_2:839702:A:G,3e-05,3
18356,scaffold_10:743606:C:G,3e-05,3
462598,scaffold_8:749566:C:A,3e-05,3
10935,scaffold_10:445153:C:T,3e-05,3
364585,scaffold_5:826928:T:C,3e-05,3
13140,scaffold_10:540126:A:G,3e-05,3
187155,scaffold_1:472906:T:C,3e-05,3
414017,scaffold_7:123932:T:G,3e-05,3
124826,scaffold_16:113649:A:G,3e-05,3
199613,scaffold_1:967636:G:C,3e-05,3
285416,scaffold_3:582622:T:C,3e-05,3
292543,scaffold_3:852686:C:G,3e-05,3
220578,scaffold_1:1756369:A:G,3e-05,3
94311,scaffold_14:317396:G:A,3e-05,3
79107,scaffold_13:523137:T:C,3e-05,3
275858,scaffold_3:226034:A:G,3e-05,3
328641,scaffold_4:821900:G:A,3e-05,3
346606,scaffold_5:88411:A:G,3e-05,3
177547,scaffold_1:73346:T:C,3e-05,3
234031,scaffold_2:99012:C:T,3e-05,3
266462,scaffold_2:1435063:T:C,3e-05,3
152458,scaffold_17:618003:C:T,3e-05,3
388900,scaffold_6:375419:G:A,3e-05,3
318233,scaffold_4:405212:T:G,3e-05,3
288052,scaffold_3:679057:T:C,3e-05,3
179409,scaffold_1:152280:G:C,3e-05,3
53291,scaffold_12:319073:A:G,3e-05,3
406081,scaffold_6:1068280:C:T,3e-05,3
386865,scaffold_6:307592:C:T,3e-05,3
301286,scaffold_3:1198637:C:T,3e-05,3
341889,scaffold_4:1361722:C:T,3e-05,3
112024,scaffold_15:297041:G:A,3e-05,3
370040,scaffold_5:1025955:C:G,3e-05,3
272889,scaffold_3:103007:C:T,3e-05,3
480816,scaffold_9:296524:G:A,3e-05,3
429300,scaffold_7:686111:G:C,3e-05,3
260745,scaffold_2:1211999:G:A,3e-05,3
132795,scaffold_16:457165:G:A,3e-05,3
31647,scaffold_11:336400:C:G,3e-05,3
98283,scaffold_14:480260:T:C,3e-05,3
354239,scaffold_5:387437:G:A,3e-05,3
278493,scaffold_3:322121:G:C,3e-05,3
286970,scaffold_3:639499:C:T,3e-05,3
270355,scaffold_2:1610910:G:C,3e-05,3
474053,scaffold_9:17563:T:C,3e-05,3
212632,scaffold_1:1450608:T:C,3e-05,3
1682,scaffold_10:64308:A:G,3e-05,3
158718,scaffold_18:223359:A:G,3e-05,3
319580,scaffold_4:452829:G:A,3e-05,3
187414,scaffold_1:482390:T:A,3e-05,3
275555,scaffold_3:216309:T:G,3e-05,3
37140,scaffold_11:590700:A:G,3e-05,3
395940,scaffold_6:647687:C:T,3e-05,3
239477,scaffold_2:346191:C:T,3e-05,3
174858,scaffold_19:239363:T:C,3e-05,3
379025,scaffold_6:11922:C:T,3e-05,3
405158,scaffold_6:1025609:C:T,3e-05,3
428657,scaffold_7:661714:G:A,3e-05,3
305255,scaffold_3:1351146:T:C,3e-05,3
141665,scaffold_17:162925:T:A,3e-05,3
127096,scaffold_16:221537:A:G,3e-05,3
372356,scaffold_5:1128200:T:C,3e-05,3
241261,scaffold_2:414831:G:A,3e-05,3
156929,scaffold_18:138664:G:A,3e-05,3
355935,scaffold_5:448877:C:A,3e-05,3
283029,scaffold_3:494927:C:G,3e-05,3
80503,scaffold_13:576831:A:G,3e-05,3
460174,scaffold_8:650984:G:A,3e-05,3
278736,scaffold_3:330701:A:G,3e-05,3
365849,scaffold_5:869979:C:G,3e-05,3
87922,scaffold_14:64020:G:A,3e-05,3
277454,scaffold_3:285464:A:G,3e-05,3
195432,scaffold_1:805070:G:A,3e-05,3
67114,scaffold_13:75991:C:T,3e-05,3
97786,scaffold_14:453730:A:G,3e-05,3
175393,scaffold_19:261219:C:T,3e-05,3
38474,scaffold_11:651937:T:C,3e-05,3
465347,scaffold_8:861792:A:G,3e-05,3
185962,scaffold_1:427773:C:T,3e-05,3
279480,scaffold_3:359550:G:A,3e-05,3
476671,scaffold_9:116910:C:T,3e-05,3
76461,scaffold_13:428532:G:A,3e-05,3
342057,scaffold_4:1369942:T:C,3e-05,3
185706,scaffold_1:417909:A:G,3e-05,3
375814,scaffold_5:1270983:T:C,3e-05,3
395966,scaffold_6:648846:G:C,3e-05,3
117359,scaffold_15:498669:G:A,3e-05,3
474930,scaffold_9:50058:C:G,3e-05,3
365074,scaffold_5:843151:G:C,3e-05,3
382896,scaffold_6:159641:T:C,3e-05,3
135333,scaffold_16:558661:G:C,3e-05,3
235754,scaffold_2:170809:C:T,3e-05,3
474335,scaffold_9:29276:G:A,3e-05,3
310467,scaffold_4:98321:C:G,3e-05,3
225623,scaffold_1:1944905:A:G,3e-05,3
410528,scaffold_6:1267963:G:T,3e-05,3
39630,scaffold_11:700351:T:C,3e-05,3
127120,scaffold_16:222238:C:T,3e-05,3
308939,scaffold_4:38258:C:T,3e-05,3
282806,scaffold_3:486841:C:T,3e-05,3
168511,scaffold_18:610749:C:T,3e-05,3
9378,scaffold_10:382314:A:G,3e-05,3
265565,scaffold_2:1401614:G:A,3e-05,3
3043,scaffold_10:118472:G:A,3e-05,3
53546,scaffold_12:330754:G:A,3e-05,3
311585,scaffold_4:138894:T:G,3e-05,3
421528,scaffold_7:398626:G:C,3e-05,3
245851,scaffold_2:601577:A:C,3e-05,3
476064,scaffold_9:94186:G:T,3e-05,3
283922,scaffold_3:525014:G:A,3e-05,3
18663,scaffold_10:753961:T:G,3e-05,3
478677,scaffold_9:213913:A:C,3e-05,3
25113,scaffold_11:59932:T:A,3e-05,3
25196,scaffold_11:64054:A:G,3e-05,3
109163,scaffold_15:176500:T:C,3e-05,3
40371,scaffold_11:725778:G:A,3e-05,3
209330,scaffold_1:1330254:G:A,3e-05,3
436597,scaffold_7:975545:T:C,3e-05,3
38921,scaffold_11:668931:G:A,3e-05,3
313555,scaffold_4:215705:G:C,3e-05,3
416963,scaffold_7:230221:C:A,3e-05,3
159206,scaffold_18:242576:G:A,3e-05,3
168965,scaffold_18:627202:T:C,3e-05,3
12199,scaffold_10:493669:T:C,3e-05,3
242048,scaffold_2:443971:A:G,3e-05,3
302250,scaffold_3:1236546:T:C,3e-05,3
384777,scaffold_6:225815:A:G,3e-05,3
196164,scaffold_1:836041:A:C,3e-05,3
459207,scaffold_8:612350:A:T,3e-05,3
492494,scaffold_9:753894:T:G,3e-05,3
467001,scaffold_8:939629:G:C,3e-05,3
244690,scaffold_2:556480:T:C,3e-05,3
293337,scaffold_3:882890:G:A,3e-05,3
102474,scaffold_14:645743:C:T,3e-05,3
363389,scaffold_5:784246:T:C,3e-05,3
368023,scaffold_5:949846:T:C,3e-05,3
5715,scaffold_10:232770:T:C,3e-05,3
52709,scaffold_12:296601:G:A,3e-05,3
298384,scaffold_3:1086012:A:G,3e-05,3
89726,scaffold_14:133314:G:C,3e-05,3
274879,scaffold_3:183399:T:C,3e-05,3
27578,scaffold_11:164538:A:G,3e-05,3
412682,scaffold_7:75966:T:A,3e-05,3
180266,scaffold_1:195608:G:A,3e-05,3
166419,scaffold_18:530123:A:G,3e-05,3
361835,scaffold_5:716477:A:G,3e-05,3
361572,scaffold_5:702429:A:G,3e-05,3
327572,scaffold_4:778619:G:C,3e-05,3
112476,scaffold_15:311051:T:C,3e-05,3
158767,scaffold_18:225118:C:T,3e-05,3
325265,scaffold_4:684833:G:C,3e-05,3
282134,scaffold_3:461465:C:G,3e-05,3
269015,scaffold_2:1556234:G:A,3e-05,3
361841,scaffold_5:716876:T:C,3e-05,3
71529,scaffold_13:244856:C:G,3e-05,3
130948,scaffold_16:379451:G:A,3e-05,3
213788,scaffold_1:1497134:C:A,3e-05,3
59131,scaffold_12:558989:G:A,3e-05,3
169349,scaffold_18:640687:C:G,3e-05,3
435885,scaffold_7:951136:T:C,3e-05,3
159069,scaffold_18:238354:T:C,3e-05,3
85116,scaffold_13:754832:A:T,3e-05,3
61048,scaffold_12:640935:T:C,3e-05,3
106771,scaffold_15:69683:T:C,3e-05,3
226393,scaffold_1:1976905:A:T,3e-05,3
23478,scaffold_10:982343:G:C,3e-05,3
245809,scaffold_2:600290:C:T,3e-05,3
457342,scaffold_8:533890:G:T,3e-05,3
138244,scaffold_17:27147:A:G,3e-05,3
222375,scaffold_1:1828539:C:T,3e-05,3
385572,scaffold_6:256839:C:A,3e-05,3
448105,scaffold_8:154169:G:A,3e-05,3
292229,scaffold_3:841186:T:C,3e-05,3
407088,scaffold_6:1115165:G:C,3e-05,3
100986,scaffold_14:591523:T:A,3e-05,3
390851,scaffold_6:448175:A:G,3e-05,3
255766,scaffold_2:1017547:T:C,3e-05,3
236164,scaffold_2:190991:T:C,3e-05,3
489964,scaffold_9:638966:A:G,3e-05,3
307098,scaffold_3:1435549:G:A,3e-05,3
456350,scaffold_8:493403:T:A,3e-05,3
307291,scaffold_3:1443720:T:C,3e-05,3
86835,scaffold_14:14922:G:A,3e-05,3
370519,scaffold_5:1048241:C:G,3e-05,3
36180,scaffold_11:552402:A:T,3e-05,3
283030,scaffold_3:495062:C:G,3e-05,3
25200,scaffold_11:64132:C:A,3e-05,3
366668,scaffold_5:901649:G:A,3e-05,3
53242,scaffold_12:316589:C:G,3e-05,3
125102,scaffold_16:136253:C:T,3e-05,3
274146,scaffold_3:155988:T:C,3e-05,3
163202,scaffold_18:401168:A:G,3e-05,3
215997,scaffold_1:1582549:T:C,3e-05,3
34446,scaffold_11:484910:G:A,3e-05,3
393264,scaffold_6:539966:G:A,3e-05,3
337144,scaffold_4:1135347:G:A,3e-05,3
276487,scaffold_3:248632:G:A,3e-05,3
305269,scaffold_3:1351993:A:C,3e-05,3
46701,scaffold_12:57531:C:T,3e-05,3
357946,scaffold_5:539187:G:C,3e-05,3
324246,scaffold_4:645619:A:G,3e-05,3
275960,scaffold_3:229034:A:G,3e-05,3
487529,scaffold_9:548185:G:A,3e-05,3
397900,scaffold_6:722595:G:A,3e-05,3
454830,scaffold_8:429236:G:C,3e-05,3
422228,scaffold_7:423121:A:C,3e-05,3
377787,scaffold_5:1351415:G:A,3e-05,3
333887,scaffold_4:1009715:G:C,3e-05,3
448626,scaffold_8:176419:A:G,3e-05,3
405849,scaffold_6:1059296:C:T,3e-05,3
367368,scaffold_5:927811:C:T,3e-05,3
365930,scaffold_5:874058:T:C,3e-05,3
116418,scaffold_15:461675:C:T,3e-05,3
85447,scaffold_13:770897:A:G,3e-05,3
277249,scaffold_3:276156:G:A,3e-05,3
348562,scaffold_5:164936:C:T,3e-05,3
86027,scaffold_13:795995:C:T,3e-05,3
459181,scaffold_8:610866:A:C,3e-05,3
16768,scaffold_10:679497:G:A,3e-05,3
394282,scaffold_6:585470:T:A,3e-05,3
214888,scaffold_1:1538306:T:C,3e-05,3
68542,scaffold_13:131284:T:G,3e-05,3
167635,scaffold_18:573027:A:C,3e-05,3
229124,scaffold_1:2072915:T:A,3e-05,3
111392,scaffold_15:266226:T:C,3e-05,3
50498,scaffold_12:210669:T:C,3e-05,3
276513,scaffold_3:249439:C:G,3e-05,3
32574,scaffold_11:378541:T:G,3e-05,3
292360,scaffold_3:845767:G:T,3e-05,3
475280,scaffold_9:60946:T:C,3e-05,3
186905,scaffold_1:463319:G:A,3e-05,3
491616,scaffold_9:711609:G:A,3e-05,3
357371,scaffold_5:511133:G:C,3e-05,3
456756,scaffold_8:511157:C:T,3e-05,3
363824,scaffold_5:799680:G:C,3e-05,3
60782,scaffold_12:631225:A:C,3e-05,3
97559,scaffold_14:444420:A:G,3e-05,3
11348,scaffold_10:466062:T:C,3e-05,3
86540,scaffold_14:5211:T:C,3e-05,3
493570,scaffold_9:794717:T:C,3e-05,3
95338,scaffold_14:353817:T:C,3e-05,3
492786,scaffold_9:763871:T:A,3e-05,3
6039,scaffold_10:248185:C:T,3e-05,3
192117,scaffold_1:676728:C:A,3e-05,3
198665,scaffold_1:929769:G:C,3e-05,3
129786,scaffold_16:338427:G:A,3e-05,3
477586,scaffold_9:146017:A:G,3e-05,3
231989,scaffold_2:13482:A:C,3e-05,3
296395,scaffold_3:1016928:C:T,3e-05,3
337337,scaffold_4:1141221:G:A,3e-05,3
120931,scaffold_15:640904:C:G,3e-05,3
23490,scaffold_10:982899:A:G,3e-05,3
221041,scaffold_1:1780109:T:C,3e-05,3
374647,scaffold_5:1221656:T:C,3e-05,3
41400,scaffold_11:765293:C:G,3e-05,3
37940,scaffold_11:630164:G:T,3e-05,3
495392,scaffold_9:883840:G:A,3e-05,3
73626,scaffold_13:317546:A:G,3e-05,3
221001,scaffold_1:1779099:G:A,3e-05,3
441997,scaffold_7:1179484:G:C,3e-05,3
8981,scaffold_10:365955:T:G,3e-05,3
338325,scaffold_4:1208043:G:A,3e-05,3
30278,scaffold_11:284082:G:A,3e-05,3
273575,scaffold_3:132837:A:G,3e-05,3
267463,scaffold_2:1479082:C:A,3e-05,3
286319,scaffold_3:616077:C:T,3e-05,3
330593,scaffold_4:890863:C:G,3e-05,3
100407,scaffold_14:568733:T:C,3e-05,3
424596,scaffold_7:507054:G:T,3e-05,3
313871,scaffold_4:232049:C:G,3e-05,3
25325,scaffold_11:69023:C:T,3e-05,3
367343,scaffold_5:926510:G:T,3e-05,3
464130,scaffold_8:810940:G:A,3e-05,3
254656,scaffold_2:976221:G:A,3e-05,3
270379,scaffold_3:206:C:G,3e-05,3
40347,scaffold_11:725002:C:G,3e-05,3
6011,scaffold_10:246847:C:T,3e-05,3
11200,scaffold_10:461183:G:A,3e-05,3
95238,scaffold_14:350276:C:T,3e-05,3
467522,scaffold_8:961240:A:T,3e-05,3
49849,scaffold_12:186016:T:C,3e-05,3
21929,scaffold_10:913967:C:T,3e-05,3
73469,scaffold_13:312276:T:C,3e-05,3
454545,scaffold_8:418519:G:C,3e-05,3
165870,scaffold_18:509777:C:T,3e-05,3
352219,scaffold_5:309368:C:T,3e-05,3
94775,scaffold_14:333654:C:T,3e-05,3
323328,scaffold_4:609105:A:G,3e-05,3
465098,scaffold_8:852186:C:T,3e-05,3
379045,scaffold_6:12552:A:G,3e-05,3
368156,scaffold_5:954732:A:G,3e-05,3
485016,scaffold_9:452079:C:A,3e-05,3
64552,scaffold_12:801014:G:C,3e-05,3
83177,scaffold_13:678388:G:A,3e-05,3
125629,scaffold_16:153629:C:A,3e-05,3
16604,scaffold_10:672334:A:G,3e-05,3
389813,scaffold_6:409375:T:G,3e-05,3
315559,scaffold_4:307804:G:A,3e-05,3
95553,scaffold_14:361569:C:T,3e-05,3
79929,scaffold_13:553550:G:A,3e-05,3
30803,scaffold_11:304903:T:C,3e-05,3
81826,scaffold_13:628095:C:T,3e-05,3
49505,scaffold_12:171933:T:C,3e-05,3
413387,scaffold_7:100181:C:T,3e-05,3
241695,scaffold_2:430983:G:A,3e-05,3
117162,scaffold_15:489510:G:A,3e-05,3
387568,scaffold_6:331718:C:A,3e-05,3
120489,scaffold_15:623134:G:A,3e-05,3
204329,scaffold_1:1140358:T:C,3e-05,3
239068,scaffold_2:325931:T:G,3e-05,3
245347,scaffold_2:582365:A:G,3e-05,3
265991,scaffold_2:1417820:G:A,3e-05,3
259379,scaffold_2:1157940:C:A,3e-05,3
61940,scaffold_12:683957:A:G,3e-05,3
234739,scaffold_2:134632:T:C,3e-05,3
92537,scaffold_14:248903:G:C,3e-05,3
1344,scaffold_10:52853:G:A,3e-05,3
391738,scaffold_6:482950:C:T,3e-05,3
447373,scaffold_8:124305:G:A,3e-05,3
382497,scaffold_6:143026:C:A,3e-05,3
40531,scaffold_11:730896:C:A,3e-05,3
14321,scaffold_10:589195:G:A,3e-05,3
234269,scaffold_2:109077:G:A,3e-05,3
391021,scaffold_6:454138:A:G,3e-05,3
413905,scaffold_7:120074:T:C,3e-05,3
146746,scaffold_17:366281:G:A,3e-05,3
319527,scaffold_4:450888:G:A,3e-05,3
154777,scaffold_18:59779:C:A,3e-05,3
344588,scaffold_5:5107:C:G,3e-05,3
365891,scaffold_5:872694:A:G,3e-05,3
233585,scaffold_2:76257:C:G,3e-05,3
284441,scaffold_3:548923:T:C,3e-05,3
118307,scaffold_15:535721:G:C,3e-05,3
72983,scaffold_13:296560:T:C,3e-05,3
448302,scaffold_8:162275:G:A,3e-05,3
452666,scaffold_8:341896:G:A,3e-05,3
291361,scaffold_3:810682:T:A,3e-05,3
166565,scaffold_18:534578:C:G,3e-05,3
225382,scaffold_1:1936870:C:T,3e-05,3
86431,scaffold_14:1105:A:T,3e-05,3
55630,scaffold_12:421059:C:G,3e-05,3
387547,scaffold_6:330897:T:C,3e-05,3
201054,scaffold_1:1023495:C:T,3e-05,3
328973,scaffold_4:834038:A:T,3e-05,3
104533,scaffold_14:726765:C:T,3e-05,3
77991,scaffold_13:486177:A:G,3e-05,3
305000,scaffold_3:1341858:T:A,3e-05,3
310655,scaffold_4:105552:C:A,3e-05,3
27343,scaffold_11:154114:G:A,3e-05,3
91160,scaffold_14:193184:T:C,3e-05,3
35062,scaffold_11:508046:C:T,3e-05,3
361673,scaffold_5:706484:T:A,3e-05,3
306538,scaffold_3:1411626:G:C,3e-05,3
341277,scaffold_4:1336543:A:G,3e-05,3
132105,scaffold_16:427945:G:A,3e-05,3
378129,scaffold_5:1374372:T:G,3e-05,3
338005,scaffold_4:1197931:A:T,3e-05,3
203590,scaffold_1:1115042:G:A,3e-05,3
445114,scaffold_8:37307:A:G,3e-05,3
43806,scaffold_11:870603:G:T,3e-05,3
171162,scaffold_19:76425:G:A,3e-05,3
283994,scaffold_3:526986:A:C,3e-05,3
152959,scaffold_17:637737:T:C,3e-05,3
483082,scaffold_9:378551:T:C,3e-05,3
126003,scaffold_16:171816:A:C,3e-05,3
362653,scaffold_5:751412:A:G,3e-05,3
254041,scaffold_2:951486:G:A,3e-05,3
29399,scaffold_11:248636:A:G,3e-05,3
201901,scaffold_1:1053891:G:T,3e-05,3
312988,scaffold_4:193306:C:T,3e-05,3
454141,scaffold_8:402136:A:G,3e-05,3
464831,scaffold_8:840088:T:C,3e-05,3
365570,scaffold_5:859573:T:C,3e-05,3
59734,scaffold_12:588523:C:G,3e-05,3
229779,scaffold_1:2099590:C:T,3e-05,3
457450,scaffold_8:538081:A:G,3e-05,3
204143,scaffold_1:1133555:C:G,3e-05,3
321621,scaffold_4:539731:T:C,3e-05,3
161681,scaffold_18:340840:G:C,3e-05,3
347151,scaffold_5:114046:A:G,3e-05,3
311099,scaffold_4:122237:A:G,3e-05,3
131302,scaffold_16:393735:C:T,3e-05,3
365263,scaffold_5:848774:G:A,3e-05,3
41362,scaffold_11:763226:T:A,3e-05,3
333522,scaffold_4:997017:T:G,3e-05,3
91178,scaffold_14:193594:A:C,3e-05,3
405779,scaffold_6:1056398:A:T,3e-05,3
201138,scaffold_1:1026434:C:T,3e-05,3
224516,scaffold_1:1906445:G:C,3e-05,3
113600,scaffold_15:353483:C:G,3e-05,3
327958,scaffold_4:792442:C:T,3e-05,3
186372,scaffold_1:444122:C:T,3e-05,3
359519,scaffold_5:604257:A:G,3e-05,3
290774,scaffold_3:787264:G:A,3e-05,3
119323,scaffold_15:573383:G:T,3e-05,3
162963,scaffold_18:392388:A:G,3e-05,3
295092,scaffold_3:950301:C:T,3e-05,3
287498,scaffold_3:658137:T:C,3e-05,3
204401,scaffold_1:1142209:G:C,3e-05,3
4411,scaffold_10:174863:T:C,3e-05,3
11777,scaffold_10:480529:T:G,3e-05,3
210467,scaffold_1:1371463:G:A,3e-05,3
247316,scaffold_2:663992:G:A,3e-05,3
344370,scaffold_4:1465538:C:G,3e-05,3
192045,scaffold_1:674278:T:C,3e-05,3
283958,scaffold_3:526262:A:G,3e-05,3
457534,scaffold_8:541150:G:C,3e-05,3
4028,scaffold_10:160967:G:C,3e-05,3
285201,scaffold_3:575154:G:A,3e-05,3
389798,scaffold_6:408710:G:A,3e-05,3
194324,scaffold_1:759819:C:G,3e-05,3
347821,scaffold_5:139710:T:A,3e-05,3
19231,scaffold_10:797949:T:C,3e-05,3
345355,scaffold_5:31799:G:C,3e-05,3
393928,scaffold_6:570596:T:C,3e-05,3
123728,scaffold_16:64717:G:T,3e-05,3
356756,scaffold_5:482203:T:C,3e-05,3
90639,scaffold_14:168621:T:G,3e-05,3
259589,scaffold_2:1166071:A:G,3e-05,3
463305,scaffold_8:778259:T:C,3e-05,3
134712,scaffold_16:534535:A:G,3e-05,3
483796,scaffold_9:405680:T:C,3e-05,3
430375,scaffold_7:731569:C:G,3e-05,3
49654,scaffold_12:178627:C:G,3e-05,3
226924,scaffold_1:1996749:G:A,3e-05,3
496227,scaffold_9:922730:A:G,3e-05,3
151485,scaffold_17:579267:A:G,3e-05,3
358512,scaffold_5:562823:A:G,3e-05,3
288181,scaffold_3:684976:C:T,3e-05,3
164870,scaffold_18:466287:A:G,3e-05,3
294364,scaffold_3:924008:A:G,3e-05,3
262463,scaffold_2:1272487:T:C,3e-05,3
452845,scaffold_8:348517:T:C,3e-05,3
272043,scaffold_3:69312:G:C,3e-05,3
167936,scaffold_18:584637:C:T,3e-05,3
17685,scaffold_10:716428:C:G,3e-05,3
328413,scaffold_4:814453:C:T,3e-05,3
76556,scaffold_13:432289:C:G,3e-05,3
481557,scaffold_9:322958:A:G,3e-05,3
340741,scaffold_4:1315451:G:A,3e-05,3
265192,scaffold_2:1381805:C:T,3e-05,3
127607,scaffold_16:252667:C:T,3e-05,3
91830,scaffold_14:227457:A:G,3e-05,3
105384,scaffold_14:760266:T:G,3e-05,3
33347,scaffold_11:442717:G:C,3e-05,3
427131,scaffold_7:601570:C:T,3e-05,3
284600,scaffold_3:553889:T:C,3e-05,3
324942,scaffold_4:673076:G:T,3e-05,3
192188,scaffold_1:680177:T:C,3e-05,3
455083,scaffold_8:437795:A:C,3e-05,3
485704,scaffold_9:475787:G:A,3e-05,3
400696,scaffold_6:835205:G:C,3e-05,3
433438,scaffold_7:853825:G:A,3e-05,3
228490,scaffold_1:2051771:A:G,3e-05,3
285103,scaffold_3:571194:G:A,3e-05,3
405389,scaffold_6:1038450:C:G,3e-05,3
217936,scaffold_1:1651147:G:A,3e-05,3
220500,scaffold_1:1752801:G:C,3e-05,3
355704,scaffold_5:439132:C:G,3e-05,3
410975,scaffold_7:1038:C:T,3e-05,3
134283,scaffold_16:519383:T:G,3e-05,3
299862,scaffold_3:1143230:G:A,3e-05,3
18968,scaffold_10:768401:G:A,3e-05,3
191407,scaffold_1:649568:T:C,3e-05,3
247701,scaffold_2:680378:G:A,3e-05,3
52561,scaffold_12:291454:A:G,3e-05,3
338916,scaffold_4:1228589:G:A,3e-05,3
358998,scaffold_5:577847:A:C,3e-05,3
457246,scaffold_8:530048:G:A,3e-05,3
241047,scaffold_2:406670:C:T,3e-05,3
25974,scaffold_11:94361:G:A,3e-05,3
437008,scaffold_7:991272:T:G,3e-05,3
296064,scaffold_3:1003473:G:C,3e-05,3
91977,scaffold_14:231946:G:A,3e-05,3
386451,scaffold_6:287726:C:G,3e-05,3
486649,scaffold_9:509992:C:T,3e-05,3
234960,scaffold_2:142618:T:C,3e-05,3
464089,scaffold_8:808974:T:G,3e-05,3
345876,scaffold_5:62209:C:T,3e-05,3
16289,scaffold_10:660916:G:A,3e-05,3
91212,scaffold_14:194672:A:T,3e-05,3
288562,scaffold_3:699763:A:G,3e-05,3
248041,scaffold_2:694963:T:C,3e-05,3
495050,scaffold_9:869958:T:C,3e-05,3
264484,scaffold_2:1355972:A:C,3e-05,3
300995,scaffold_3:1184932:T:A,3e-05,3
195068,scaffold_1:793729:T:G,3e-05,3
203449,scaffold_1:1110983:G:A,3e-05,3
238663,scaffold_2:309803:A:G,3e-05,3
249679,scaffold_2:771874:A:G,3e-05,3
175906,scaffold_1:4762:G:A,3e-05,3
433982,scaffold_7:876408:A:G,3e-05,3
251083,scaffold_2:827984:A:G,3e-05,3
309516,scaffold_4:58826:T:C,3e-05,3
226345,scaffold_1:1974116:A:G,3e-05,3
310452,scaffold_4:97847:C:T,3e-05,3
176952,scaffold_1:49836:G:C,3e-05,3
441206,scaffold_7:1146325:G:T,3e-05,3
288417,scaffold_3:694823:A:C,3e-05,3
152913,scaffold_17:634261:G:A,3e-05,3
415121,scaffold_7:164704:G:T,3e-05,3
340941,scaffold_4:1323164:G:T,3e-05,3
48128,scaffold_12:112733:C:G,3e-05,3
322816,scaffold_4:591992:G:C,3e-05,3
320645,scaffold_4:499201:A:G,3e-05,3
16914,scaffold_10:684820:C:T,3e-05,3
481628,scaffold_9:326787:C:A,3e-05,3
495296,scaffold_9:879770:C:G,3e-05,3
488324,scaffold_9:576514:C:G,3e-05,3
257286,scaffold_2:1076662:C:T,3e-05,3
33024,scaffold_11:432056:A:G,3e-05,3
192888,scaffold_1:707230:G:C,3e-05,3
469766,scaffold_8:1057531:G:A,3e-05,3
34762,scaffold_11:497489:G:A,3e-05,3
162616,scaffold_18:377366:C:G,3e-05,3
340500,scaffold_4:1302578:A:T,3e-05,3
318787,scaffold_4:424771:C:T,3e-05,3
407325,scaffold_6:1131627:A:G,3e-05,3
348402,scaffold_5:159282:T:C,3e-05,3
315105,scaffold_4:291797:G:C,3e-05,3
225008,scaffold_1:1923632:T:G,3e-05,3
335207,scaffold_4:1063382:G:A,3e-05,3
195084,scaffold_1:794110:A:G,3e-05,3
391371,scaffold_6:466387:A:G,3e-05,3
155760,scaffold_18:95637:C:T,3e-05,3
1036,scaffold_10:42412:T:C,3e-05,3
124190,scaffold_16:86803:G:C,3e-05,3
91663,scaffold_14:220892:G:A,3e-05,3
277882,scaffold_3:300086:C:T,3e-05,3
153709,scaffold_18:17780:A:G,3e-05,3
443118,scaffold_7:1225624:T:C,3e-05,3
280643,scaffold_3:406910:A:G,3e-05,3
202242,scaffold_1:1066261:G:T,3e-05,3
258226,scaffold_2:1113890:T:C,3e-05,3
365538,scaffold_5:858728:C:A,3e-05,3
317372,scaffold_4:374134:G:A,3e-05,3
297824,scaffold_3:1066461:T:C,3e-05,3
206646,scaffold_1:1223080:C:G,3e-05,3
442964,scaffold_7:1219735:G:C,3e-05,3
308530,scaffold_4:23381:T:G,3e-05,3
424386,scaffold_7:498690:C:T,3e-05,3
205364,scaffold_1:1177270:C:T,3e-05,3
462284,scaffold_8:735741:G:A,3e-05,3
126520,scaffold_16:193651:A:G,3e-05,3
172443,scaffold_19:138035:A:C,3e-05,3
192521,scaffold_1:693358:A:C,3e-05,3
250099,scaffold_2:789030:A:C,3e-05,3
279904,scaffold_3:374490:T:A,3e-05,3
316557,scaffold_4:344117:G:A,3e-05,3
138347,scaffold_17:30459:G:A,3e-05,3
477836,scaffold_9:167040:G:C,3e-05,3
43083,scaffold_11:838641:T:C,3e-05,3
465272,scaffold_8:859405:G:A,3e-05,3
93314,scaffold_14:280414:C:T,3e-05,3
330336,scaffold_4:881745:G:A,3e-05,3
287051,scaffold_3:642684:G:A,3e-05,3
362808,scaffold_5:758522:T:C,3e-05,3
63266,scaffold_12:744742:T:C,3e-05,3
470049,scaffold_8:1068661:A:C,3e-05,3
214113,scaffold_1:1508674:G:T,3e-05,3
236194,scaffold_2:192208:A:G,3e-05,3
458996,scaffold_8:602153:T:C,3e-05,3
198865,scaffold_1:937749:G:A,3e-05,3
140974,scaffold_17:135699:C:T,3e-05,3
87098,scaffold_14:22501:G:A,3e-05,3
252276,scaffold_2:879575:T:A,3e-05,3
331920,scaffold_4:939003:G:A,3e-05,3
68145,scaffold_13:116323:G:A,3e-05,3
140286,scaffold_17:107192:T:C,3e-05,3
427591,scaffold_7:619546:G:A,3e-05,3
408309,scaffold_6:1178645:A:C,3e-05,3
138601,scaffold_17:42106:T:A,3e-05,3
148474,scaffold_17:440730:A:C,3e-05,3
267262,scaffold_2:1470007:G:A,3e-05,3
288925,scaffold_3:715319:G:A,3e-05,3
412753,scaffold_7:79335:G:A,3e-05,3
153600,scaffold_18:14374:C:G,3e-05,3
102535,scaffold_14:650549:A:G,3e-05,3
460127,scaffold_8:649047:G:A,3e-05,3
381180,scaffold_6:95847:G:A,3e-05,3
77472,scaffold_13:467460:T:G,3e-05,3
415714,scaffold_7:186797:C:T,3e-05,3
466211,scaffold_8:900986:G:A,3e-05,3
347608,scaffold_5:130274:C:T,3e-05,3
242097,scaffold_2:445844:T:C,3e-05,3
52054,scaffold_12:273986:C:G,3e-05,3
150747,scaffold_17:550985:A:C,3e-05,3
486384,scaffold_9:500969:C:A,3e-05,3
351931,scaffold_5:298233:A:G,3e-05,3
347871,scaffold_5:141260:G:C,3e-05,3
320995,scaffold_4:512885:A:G,3e-05,3
206105,scaffold_1:1204404:G:A,3e-05,3
305896,scaffold_3:1379087:T:C,3e-05,3
297478,scaffold_3:1054767:G:A,3e-05,3
19993,scaffold_10:830866:G:T,3e-05,3
398367,scaffold_6:739584:G:A,3e-05,3
175484,scaffold_19:264455:C:A,3e-05,3
415845,scaffold_7:192124:G:A,3e-05,3
59064,scaffold_12:556887:A:G,3e-05,3
283949,scaffold_3:526082:T:C,3e-05,3
2599,scaffold_10:101807:C:T,3e-05,3
148232,scaffold_17:432270:T:C,3e-05,3
74419,scaffold_13:348756:C:T,3e-05,3
172902,scaffold_19:164193:G:A,3e-05,3
68461,scaffold_13:128353:C:G,3e-05,3
397124,scaffold_6:693178:C:G,3e-05,3
190326,scaffold_1:608394:G:A,3e-05,3
23289,scaffold_10:973418:G:C,3e-05,3
227498,scaffold_1:2015566:G:A,3e-05,3
403900,scaffold_6:960407:T:G,3e-05,3
492875,scaffold_9:769719:G:A,3e-05,3
1918,scaffold_10:74201:C:G,3e-05,3
50140,scaffold_12:196102:G:C,3e-05,3
185872,scaffold_1:424369:T:G,3e-05,3
424086,scaffold_7:488540:G:A,3e-05,3
382148,scaffold_6:130583:G:A,3e-05,3
243933,scaffold_2:522126:T:G,3e-05,3
427427,scaffold_7:613006:C:G,3e-05,3
337128,scaffold_4:1134884:A:C,3e-05,3
63586,scaffold_12:762565:C:T,3e-05,3
84572,scaffold_13:733182:G:A,3e-05,3
23920,scaffold_11:13855:G:T,3e-05,3
321503,scaffold_4:534896:G:A,3e-05,3
418126,scaffold_7:269098:A:G,3e-05,3
444756,scaffold_8:24017:G:C,3e-05,3
197797,scaffold_1:894272:T:C,3e-05,3
29045,scaffold_11:231371:G:T,3e-05,3
22195,scaffold_10:926261:C:T,3e-05,3
234501,scaffold_2:125021:G:A,3e-05,3
402451,scaffold_6:900179:T:C,3e-05,3
198338,scaffold_1:915393:A:T,3e-05,3
482252,scaffold_9:350451:A:G,3e-05,3
77409,scaffold_13:465494:G:T,3e-05,3
255755,scaffold_2:1017321:T:C,3e-05,3
426837,scaffold_7:588868:G:C,3e-05,3
435597,scaffold_7:940251:G:A,3e-05,3
40040,scaffold_11:715735:G:A,3e-05,3
164767,scaffold_18:461293:T:G,3e-05,3
142010,scaffold_17:177907:C:T,3e-05,3
317642,scaffold_4:384121:C:T,3e-05,3
277499,scaffold_3:287012:C:T,3e-05,3
86553,scaffold_14:5517:T:A,3e-05,3
280456,scaffold_3:399731:C:A,3e-05,3
190646,scaffold_1:620180:A:G,3e-05,3
215746,scaffold_1:1572136:G:A,3e-05,3
59363,scaffold_12:567757:G:A,3e-05,3
371918,scaffold_5:1110345:T:C,3e-05,3
262434,scaffold_2:1271331:A:C,3e-05,3
264324,scaffold_2:1349747:G:C,3e-05,3
332830,scaffold_4:973914:A:G,3e-05,3
241974,scaffold_2:441678:T:C,3e-05,3
357353,scaffold_5:510587:T:C,3e-05,3
342488,scaffold_4:1385066:C:A,3e-05,3
167266,scaffold_18:561229:G:C,3e-05,3
314537,scaffold_4:267389:C:T,3e-05,3
127841,scaffold_16:264788:G:A,3e-05,3
208644,scaffold_1:1305167:C:T,3e-05,3
171566,scaffold_19:101272:G:T,3e-05,3
324303,scaffold_4:647375:T:C,3e-05,3
153581,scaffold_18:13704:C:T,3e-05,3
2641,scaffold_10:103803:C:G,3e-05,3
294366,scaffold_3:924059:C:A,3e-05,3
96089,scaffold_14:380883:G:C,3e-05,3
323460,scaffold_4:614410:C:G,3e-05,3
189250,scaffold_1:565947:T:C,3e-05,3
255479,scaffold_2:1005046:C:T,3e-05,3
41253,scaffold_11:758379:C:G,3e-05,3
452663,scaffold_8:341775:C:T,3e-05,3
90929,scaffold_14:183405:T:A,3e-05,3
129171,scaffold_16:314211:T:C,3e-05,3
389884,scaffold_6:411866:C:T,3e-05,3
380741,scaffold_6:80465:C:A,3e-05,3
359881,scaffold_5:619581:G:C,3e-05,3
175009,scaffold_19:245772:T:C,3e-05,3
18200,scaffold_10:738260:C:T,3e-05,3
430777,scaffold_7:747200:C:G,3e-05,3
97912,scaffold_14:465862:C:T,3e-05,3
87400,scaffold_14:44784:C:T,3e-05,3
465398,scaffold_8:863880:T:G,3e-05,3
223264,scaffold_1:1861661:A:G,3e-05,3
406880,scaffold_6:1106715:C:T,3e-05,3
3701,scaffold_10:145150:C:T,3e-05,3
17047,scaffold_10:689874:T:G,3e-05,3
231158,scaffold_1:2154550:G:C,3e-05,3
163170,scaffold_18:399961:C:G,3e-05,3
482724,scaffold_9:367002:C:T,3e-05,3
444626,scaffold_8:19138:C:T,3e-05,3
53163,scaffold_12:313090:C:T,3e-05,3
122838,scaffold_16:21704:C:T,3e-05,3
134082,scaffold_16:511307:T:C,3e-05,3
259182,scaffold_2:1150043:G:T,3e-05,3
277232,scaffold_3:275590:C:G,3e-05,3
439730,scaffold_7:1087752:G:A,3e-05,3
334454,scaffold_4:1029295:C:A,3e-05,3
400688,scaffold_6:834910:C:T,3e-05,3
404144,scaffold_6:972482:T:C,3e-05,3
369603,scaffold_5:1011271:A:C,3e-05,3
12537,scaffold_10:518889:T:C,3e-05,3
320694,scaffold_4:501550:C:T,3e-05,3
409414,scaffold_6:1224014:C:T,3e-05,3
477296,scaffold_9:136346:C:T,3e-05,3
354612,scaffold_5:399556:A:C,3e-05,3
134020,scaffold_16:508678:T:C,3e-05,3
321575,scaffold_4:537277:T:C,3e-05,3
4016,scaffold_10:160664:A:C,3e-05,3
103381,scaffold_14:682978:C:T,3e-05,3
336528,scaffold_4:1112805:G:A,3e-05,3
463407,scaffold_8:782512:C:G,3e-05,3
377435,scaffold_5:1336020:A:G,3e-05,3
297284,scaffold_3:1048143:G:A,3e-05,3
117823,scaffold_15:516565:T:C,3e-05,3
278746,scaffold_3:330920:G:A,3e-05,3
382135,scaffold_6:130171:A:G,3e-05,3
365834,scaffold_5:868925:T:A,3e-05,3
473211,scaffold_8:1217119:G:A,3e-05,3
120761,scaffold_15:632985:T:C,3e-05,3
58439,scaffold_12:530301:T:G,3e-05,3
369117,scaffold_5:990484:G:A,3e-05,3
42545,scaffold_11:818956:T:C,3e-05,3
153434,scaffold_18:6935:G:A,3e-05,3
2821,scaffold_10:110400:A:G,3e-05,3
372936,scaffold_5:1148622:G:A,3e-05,3
105383,scaffold_14:760261:G:A,3e-05,3
443316,scaffold_7:1233007:C:A,3e-05,3
382138,scaffold_6:130279:C:T,3e-05,3
56298,scaffold_12:448681:T:C,3e-05,3
17902,scaffold_10:724675:C:G,3e-05,3
333679,scaffold_4:1001897:G:C,3e-05,3
214216,scaffold_1:1511884:C:T,3e-05,3
239995,scaffold_2:366811:G:A,3e-05,3
329714,scaffold_4:860365:C:T,3e-05,3
49651,scaffold_12:178606:G:C,3e-05,3
274893,scaffold_3:184183:A:G,3e-05,3
320668,scaffold_4:500299:G:C,3e-05,3
307613,scaffold_3:1456477:G:C,3e-05,3
446737,scaffold_8:99397:A:G,3e-05,3
252936,scaffold_2:907520:C:T,3e-05,3
99863,scaffold_14:546158:C:T,3e-05,3
283482,scaffold_3:512018:C:T,3e-05,3
236113,scaffold_2:187110:T:C,3e-05,3
52060,scaffold_12:274327:G:A,3e-05,3
159227,scaffold_18:243324:T:C,3e-05,3
268432,scaffold_2:1522558:A:G,3e-05,3
262885,scaffold_2:1288717:T:G,3e-05,3
126916,scaffold_16:211882:G:A,3e-05,3
1987,scaffold_10:76660:C:T,3e-05,3
372038,scaffold_5:1116067:T:G,3e-05,3
409510,scaffold_6:1228643:T:C,3e-05,3
447292,scaffold_8:120914:C:T,3e-05,3
429577,scaffold_7:699179:C:T,3e-05,3
342486,scaffold_4:1385012:A:C,3e-05,3
399842,scaffold_6:799158:G:A,3e-05,3
451854,scaffold_8:300915:G:A,3e-05,3
116551,scaffold_15:467848:C:T,3e-05,3
445347,scaffold_8:46360:A:C,3e-05,3
113016,scaffold_15:329719:T:C,3e-05,3
240305,scaffold_2:378624:G:T,3e-05,3
412599,scaffold_7:73211:T:A,3e-05,3
291021,scaffold_3:797087:C:G,3e-05,3
107460,scaffold_15:105858:A:G,3e-05,3
173182,scaffold_19:174391:T:C,3e-05,3
474493,scaffold_9:35890:A:G,3e-05,3
327077,scaffold_4:753333:G:A,3e-05,3
478246,scaffold_9:198535:G:A,3e-05,3
123350,scaffold_16:48038:G:A,3e-05,3
297126,scaffold_3:1041883:G:A,3e-05,3
45195,scaffold_11:926898:T:G,3e-05,3
298272,scaffold_3:1081972:C:T,3e-05,3
268457,scaffold_2:1523137:T:G,3e-05,3
181467,scaffold_1:241338:A:G,3e-05,3
483530,scaffold_9:396864:T:C,3e-05,3
423879,scaffold_7:481591:C:T,3e-05,3
146445,scaffold_17:350869:C:G,3e-05,3
298735,scaffold_3:1098366:C:G,3e-05,3
329527,scaffold_4:853370:C:T,3e-05,3
351803,scaffold_5:292308:C:T,3e-05,3
479933,scaffold_9:264122:C:G,3e-05,3
297518,scaffold_3:1056118:A:G,3e-05,3
124861,scaffold_16:114892:G:A,3e-05,3
9595,scaffold_10:390377:G:A,3e-05,3
159615,scaffold_18:257789:A:C,3e-05,3
98404,scaffold_14:484860:C:T,3e-05,3
365286,scaffold_5:849549:A:C,3e-05,3
192300,scaffold_1:684690:C:G,3e-05,3
198990,scaffold_1:942798:G:C,3e-05,3
349367,scaffold_5:197967:G:A,3e-05,3
47383,scaffold_12:81977:C:T,3e-05,3
474812,scaffold_9:46429:C:T,3e-05,3
188183,scaffold_1:517618:C:G,3e-05,3
75413,scaffold_13:385021:A:G,3e-05,3
451052,scaffold_8:269164:A:G,3e-05,3
129767,scaffold_16:338083:T:C,3e-05,3
169345,scaffold_18:640425:G:T,3e-05,3
485115,scaffold_9:455850:C:G,3e-05,3
467791,scaffold_8:971643:T:G,3e-05,3
264473,scaffold_2:1355596:G:A,3e-05,3
30361,scaffold_11:287631:A:G,3e-05,3
337437,scaffold_4:1144503:T:G,3e-05,3
205416,scaffold_1:1178743:A:G,3e-05,3
385535,scaffold_6:255757:G:A,3e-05,3
233239,scaffold_2:64496:C:G,3e-05,3
192412,scaffold_1:689377:C:T,3e-05,3
430969,scaffold_7:754424:G:A,3e-05,3
227604,scaffold_1:2018415:T:A,3e-05,3
435913,scaffold_7:951882:G:C,3e-05,3
330804,scaffold_4:898911:T:C,3e-05,3
42214,scaffold_11:797765:T:C,3e-05,3
207032,scaffold_1:1237382:G:A,3e-05,3
352568,scaffold_5:322310:C:G,3e-05,3
445825,scaffold_8:64399:G:T,3e-05,3
305006,scaffold_3:1342142:T:C,3e-05,3
103286,scaffold_14:679721:G:T,3e-05,3
248108,scaffold_2:698574:G:A,3e-05,3
212902,scaffold_1:1464377:G:A,3e-05,3
78425,scaffold_13:500875:G:C,3e-05,3
189151,scaffold_1:562199:T:G,3e-05,3
232486,scaffold_2:33024:C:T,3e-05,3
127400,scaffold_16:232079:C:T,3e-05,3
99834,scaffold_14:544798:C:T,3e-05,3
196073,scaffold_1:832774:T:C,3e-05,3
368799,scaffold_5:978893:G:A,3e-05,3
273764,scaffold_3:139886:C:T,3e-05,3
415355,scaffold_7:172577:G:A,3e-05,3
443299,scaffold_7:1232306:T:G,3e-05,3
310368,scaffold_4:94951:A:G,3e-05,3
295778,scaffold_3:990962:T:C,3e-05,3
237039,scaffold_2:223938:A:G,3e-05,3
398227,scaffold_6:734213:C:T,3e-05,3
211483,scaffold_1:1406739:G:A,3e-05,3
42501,scaffold_11:816694:C:T,3e-05,3
303077,scaffold_3:1268135:G:T,3e-05,3
242540,scaffold_2:463195:G:A,3e-05,3
422509,scaffold_7:433096:T:G,3e-05,3
402236,scaffold_6:892757:C:G,3e-05,3
48588,scaffold_12:130536:T:A,3e-05,3
141764,scaffold_17:167276:C:A,3e-05,3
279241,scaffold_3:351126:C:T,3e-05,3
487626,scaffold_9:550794:G:A,3e-05,3
231960,scaffold_2:12315:T:C,3e-05,3
444948,scaffold_8:32176:A:G,3e-05,3
256074,scaffold_2:1030972:A:C,3e-05,3
347147,scaffold_5:113963:A:C,3e-05,3
98593,scaffold_14:491513:T:A,3e-05,3
285335,scaffold_3:579381:C:T,3e-05,3
8481,scaffold_10:346531:T:C,3e-05,3
193739,scaffold_1:738860:T:C,3e-05,3
343423,scaffold_4:1428921:G:C,3e-05,3
401351,scaffold_6:856536:G:T,3e-05,3
181096,scaffold_1:227939:C:G,3e-05,3
362277,scaffold_5:736844:A:C,3e-05,3
167472,scaffold_18:567552:C:T,3e-05,3
25429,scaffold_11:72682:G:A,3e-05,3
352007,scaffold_5:301855:G:A,3e-05,3
329921,scaffold_4:867537:T:C,3e-05,3
421677,scaffold_7:402984:G:A,3e-05,3
15855,scaffold_10:645376:A:G,3e-05,3
359167,scaffold_5:592363:C:T,3e-05,3
90646,scaffold_14:168958:C:G,3e-05,3
373004,scaffold_5:1150373:T:G,3e-05,3
222911,scaffold_1:1847709:C:G,3e-05,3
442984,scaffold_7:1220286:A:G,3e-05,3
287827,scaffold_3:669771:G:A,3e-05,3
404801,scaffold_6:1000192:A:G,3e-05,3
3462,scaffold_10:135411:G:A,3e-05,3
32865,scaffold_11:420170:A:C,3e-05,3
250982,scaffold_2:823745:G:T,3e-05,3
104209,scaffold_14:714770:G:A,3e-05,3
456132,scaffold_8:484001:C:T,3e-05,3
354531,scaffold_5:396722:C:T,3e-05,3
361007,scaffold_5:663699:G:A,3e-05,3
267564,scaffold_2:1482887:A:G,3e-05,3
24633,scaffold_11:40415:G:C,3e-05,3
169741,scaffold_19:13544:T:C,3e-05,3
370284,scaffold_5:1036444:T:C,3e-05,3
412928,scaffold_7:85000:A:C,3e-05,3
376696,scaffold_5:1309602:A:G,3e-05,3
74539,scaffold_13:351909:G:C,3e-05,3
489409,scaffold_9:617198:G:A,3e-05,3
425574,scaffold_7:542485:G:A,3e-05,3
120678,scaffold_15:630300:C:T,3e-05,3
54467,scaffold_12:376978:C:T,3e-05,3
180684,scaffold_1:211533:C:G,3e-05,3
161218,scaffold_18:322005:T:C,3e-05,3
455668,scaffold_8:467202:T:C,3e-05,3
435968,scaffold_7:953593:C:G,3e-05,3
285987,scaffold_3:603019:C:G,3e-05,3
155996,scaffold_18:105872:A:G,3e-05,3
456597,scaffold_8:503942:A:C,3e-05,3
491367,scaffold_9:700219:G:A,3e-05,3
93998,scaffold_14:307205:A:G,3e-05,3
146400,scaffold_17:349373:G:T,3e-05,3
294562,scaffold_3:931018:C:T,3e-05,3
26225,scaffold_11:103626:T:C,3e-05,3
419720,scaffold_7:329580:C:T,3e-05,3
298415,scaffold_3:1087196:G:C,3e-05,3
408221,scaffold_6:1176162:A:C,3e-05,3
485069,scaffold_9:454180:T:A,3e-05,3
75102,scaffold_13:372740:A:G,3e-05,3
90521,scaffold_14:164445:C:A,3e-05,3
197763,scaffold_1:892784:C:G,3e-05,3
23461,scaffold_10:981494:T:C,3e-05,3
495250,scaffold_9:876941:A:G,3e-05,3
447904,scaffold_8:146337:T:C,3e-05,3
442872,scaffold_7:1216889:T:A,3e-05,3
81893,scaffold_13:629980:C:T,3e-05,3
58586,scaffold_12:535433:A:C,3e-05,3
288570,scaffold_3:700011:G:A,3e-05,3
252075,scaffold_2:870882:C:A,3e-05,3
470461,scaffold_8:1089127:C:T,3e-05,3
495924,scaffold_9:909978:C:A,3e-05,3
379542,scaffold_6:34578:C:T,3e-05,3
394461,scaffold_6:591835:G:A,3e-05,3
115663,scaffold_15:437269:G:C,3e-05,3
43219,scaffold_11:843836:C:G,3e-05,3
233396,scaffold_2:70293:G:A,3e-05,3
178615,scaffold_1:115624:C:G,3e-05,3
461512,scaffold_8:707377:C:G,3e-05,3
267025,scaffold_2:1460126:A:G,3e-05,3
388429,scaffold_6:360189:C:T,3e-05,3
175876,scaffold_1:3702:A:G,3e-05,3
47576,scaffold_12:90228:A:C,3e-05,3
276976,scaffold_3:266464:C:T,3e-05,3
218509,scaffold_1:1675748:G:A,3e-05,3
449560,scaffold_8:210023:C:T,3e-05,3
64625,scaffold_12:803658:G:A,3e-05,3
384323,scaffold_6:210347:G:A,3e-05,3
111707,scaffold_15:282418:C:G,3e-05,3
341299,scaffold_4:1338829:T:G,3e-05,3
462151,scaffold_8:730718:A:C,3e-05,3
290402,scaffold_3:774618:G:A,3e-05,3
326294,scaffold_4:724631:G:A,3e-05,3
250198,scaffold_2:793478:A:G,3e-05,3
31490,scaffold_11:331628:T:C,3e-05,3
412881,scaffold_7:83490:G:C,3e-05,3
158624,scaffold_18:218288:G:A,3e-05,3
73208,scaffold_13:304406:T:C,3e-05,3
247284,scaffold_2:662958:T:C,3e-05,3
343738,scaffold_4:1441404:C:A,3e-05,3
184379,scaffold_1:364374:C:G,3e-05,3
156038,scaffold_18:107834:A:G,3e-05,3
361159,scaffold_5:670416:T:C,3e-05,3
191470,scaffold_1:651995:T:C,3e-05,3
176640,scaffold_1:36839:C:G,3e-05,3
53119,scaffold_12:310914:C:G,3e-05,3
103431,scaffold_14:684791:T:C,3e-05,3
344107,scaffold_4:1455700:G:A,3e-05,3
322366,scaffold_4:566084:A:G,3e-05,3
120197,scaffold_15:609534:A:G,2e-05,2
198602,scaffold_1:927270:A:G,2e-05,2
203844,scaffold_1:1122741:C:T,2e-05,2
229333,scaffold_1:2083390:C:T,2e-05,2
419536,scaffold_7:323095:G:C,2e-05,2
472083,scaffold_8:1170581:C:T,2e-05,2
481035,scaffold_9:304838:T:C,2e-05,2
369817,scaffold_5:1018714:C:T,2e-05,2
443297,scaffold_7:1232281:T:C,2e-05,2
109211,scaffold_15:177999:A:C,2e-05,2
136483,scaffold_16:613110:C:T,2e-05,2
354982,scaffold_5:412822:C:T,2e-05,2
439463,scaffold_7:1078633:T:C,2e-05,2
46009,scaffold_12:29667:G:C,2e-05,2
32519,scaffold_11:376101:A:G,2e-05,2
373591,scaffold_5:1182192:A:G,2e-05,2
422459,scaffold_7:431189:C:T,2e-05,2
62062,scaffold_12:688674:T:C,2e-05,2
388334,scaffold_6:356241:G:A,2e-05,2
287071,scaffold_3:643403:A:G,2e-05,2
29878,scaffold_11:268974:T:A,2e-05,2
202222,scaffold_1:1065562:T:C,2e-05,2
75225,scaffold_13:377249:C:G,2e-05,2
355226,scaffold_5:420833:A:G,2e-05,2
39893,scaffold_11:710090:A:G,2e-05,2
223302,scaffold_1:1862823:G:A,2e-05,2
83146,scaffold_13:677313:G:A,2e-05,2
451438,scaffold_8:285368:C:T,2e-05,2
173219,scaffold_19:175940:G:A,2e-05,2
292376,scaffold_3:846275:A:G,2e-05,2
122298,scaffold_16:1394:A:G,2e-05,2
43539,scaffold_11:860101:G:A,2e-05,2
454288,scaffold_8:407512:T:C,2e-05,2
376253,scaffold_5:1290569:G:T,2e-05,2
264436,scaffold_2:1354175:A:C,2e-05,2
279836,scaffold_3:372070:A:G,2e-05,2
266365,scaffold_2:1430577:A:G,2e-05,2
479609,scaffold_9:251132:C:T,2e-05,2
153094,scaffold_17:645663:C:G,2e-05,2
256171,scaffold_2:1035279:C:T,2e-05,2
347449,scaffold_5:124944:C:T,2e-05,2
198286,scaffold_1:912836:C:G,2e-05,2
204534,scaffold_1:1147582:G:A,2e-05,2
364569,scaffold_5:826473:G:A,2e-05,2
294839,scaffold_3:940417:T:C,2e-05,2
11349,scaffold_10:466082:C:T,2e-05,2
495431,scaffold_9:885332:A:G,2e-05,2
212684,scaffold_1:1452528:C:T,2e-05,2
50664,scaffold_12:216914:G:A,2e-05,2
323488,scaffold_4:615608:A:G,2e-05,2
42572,scaffold_11:820024:T:C,2e-05,2
307114,scaffold_3:1436356:T:C,2e-05,2
172798,scaffold_19:154545:G:A,2e-05,2
190968,scaffold_1:631296:C:A,2e-05,2
478348,scaffold_9:202443:T:C,2e-05,2
256648,scaffold_2:1053312:C:T,2e-05,2
60778,scaffold_12:631159:T:C,2e-05,2
379637,scaffold_6:39728:G:A,2e-05,2
190408,scaffold_1:610901:C:T,2e-05,2
92003,scaffold_14:232554:C:G,2e-05,2
69604,scaffold_13:173432:G:A,2e-05,2
73898,scaffold_13:331877:T:A,2e-05,2
23090,scaffold_10:966798:A:T,2e-05,2
422552,scaffold_7:434863:G:C,2e-05,2
220857,scaffold_1:1774415:C:T,2e-05,2
332171,scaffold_4:948934:G:A,2e-05,2
480952,scaffold_9:302564:C:T,2e-05,2
74028,scaffold_13:336048:C:G,2e-05,2
228808,scaffold_1:2064167:T:C,2e-05,2
381187,scaffold_6:95956:C:A,2e-05,2
229941,scaffold_1:2106876:C:G,2e-05,2
343993,scaffold_4:1451574:A:G,2e-05,2
277430,scaffold_3:284672:T:C,2e-05,2
154437,scaffold_18:45568:A:G,2e-05,2
97261,scaffold_14:433515:A:T,2e-05,2
115337,scaffold_15:426070:T:G,2e-05,2
323639,scaffold_4:621330:C:T,2e-05,2
227061,scaffold_1:2002288:A:G,2e-05,2
389467,scaffold_6:396352:C:T,2e-05,2
138825,scaffold_17:50587:A:G,2e-05,2
117749,scaffold_15:512933:C:T,2e-05,2
286149,scaffold_3:608505:A:G,2e-05,2
475992,scaffold_9:91422:T:C,2e-05,2
407159,scaffold_6:1117631:C:G,2e-05,2
28571,scaffold_11:209804:A:G,2e-05,2
190517,scaffold_1:614355:G:A,2e-05,2
275098,scaffold_3:199503:T:C,2e-05,2
391998,scaffold_6:493192:G:A,2e-05,2
295737,scaffold_3:989290:G:C,2e-05,2
357295,scaffold_5:508167:G:A,2e-05,2
225827,scaffold_1:1954590:G:A,2e-05,2
400341,scaffold_6:818395:C:T,2e-05,2
105436,scaffold_15:1812:A:G,2e-05,2
473917,scaffold_9:11979:A:G,2e-05,2
487533,scaffold_9:548220:G:T,2e-05,2
15953,scaffold_10:649189:T:G,2e-05,2
211411,scaffold_1:1404035:C:G,2e-05,2
329937,scaffold_4:868137:G:A,2e-05,2
421598,scaffold_7:400852:C:G,2e-05,2
66427,scaffold_13:48744:C:T,2e-05,2
4326,scaffold_10:172142:G:A,2e-05,2
174807,scaffold_19:237340:G:A,2e-05,2
173086,scaffold_19:170844:G:C,2e-05,2
282716,scaffold_3:484297:G:A,2e-05,2
336875,scaffold_4:1126968:C:T,2e-05,2
395863,scaffold_6:644884:C:T,2e-05,2
207297,scaffold_1:1256444:T:C,2e-05,2
47211,scaffold_12:75129:T:G,2e-05,2
181656,scaffold_1:249012:G:C,2e-05,2
128385,scaffold_16:284612:C:T,2e-05,2
202407,scaffold_1:1072129:C:G,2e-05,2
436977,scaffold_7:990400:G:A,2e-05,2
161282,scaffold_18:325532:G:A,2e-05,2
48461,scaffold_12:123872:C:T,2e-05,2
226445,scaffold_1:1978945:T:C,2e-05,2
375270,scaffold_5:1247347:G:A,2e-05,2
216299,scaffold_1:1594441:T:A,2e-05,2
99312,scaffold_14:522947:C:T,2e-05,2
353057,scaffold_5:341126:A:G,2e-05,2
364924,scaffold_5:837300:A:G,2e-05,2
406255,scaffold_6:1081101:G:A,2e-05,2
81404,scaffold_13:612862:A:C,2e-05,2
492470,scaffold_9:753079:C:T,2e-05,2
437639,scaffold_7:1011433:C:T,2e-05,2
495400,scaffold_9:884256:T:C,2e-05,2
414105,scaffold_7:127380:A:G,2e-05,2
469536,scaffold_8:1047651:C:A,2e-05,2
445846,scaffold_8:65038:G:A,2e-05,2
437597,scaffold_7:1010080:T:C,2e-05,2
54552,scaffold_12:380561:C:T,2e-05,2
7690,scaffold_10:315140:C:G,2e-05,2
427760,scaffold_7:627441:C:T,2e-05,2
117121,scaffold_15:487983:G:A,2e-05,2
383986,scaffold_6:199721:G:C,2e-05,2
114734,scaffold_15:403473:G:A,2e-05,2
43929,scaffold_11:876033:C:A,2e-05,2
43780,scaffold_11:869715:C:T,2e-05,2
208335,scaffold_1:1294467:A:C,2e-05,2
332253,scaffold_4:952367:G:A,2e-05,2
258725,scaffold_2:1133181:C:G,2e-05,2
270240,scaffold_2:1606628:G:A,2e-05,2
82044,scaffold_13:634348:C:T,2e-05,2
151892,scaffold_17:595442:A:T,2e-05,2
350857,scaffold_5:253273:G:A,2e-05,2
4380,scaffold_10:173563:G:C,2e-05,2
154458,scaffold_18:46503:C:A,2e-05,2
472667,scaffold_8:1194126:T:G,2e-05,2
44873,scaffold_11:917229:T:G,2e-05,2
308453,scaffold_4:19665:A:G,2e-05,2
148500,scaffold_17:441728:C:T,2e-05,2
151831,scaffold_17:592614:C:G,2e-05,2
26121,scaffold_11:99374:G:A,2e-05,2
190764,scaffold_1:624358:T:C,2e-05,2
246791,scaffold_2:641722:C:T,2e-05,2
457462,scaffold_8:538591:C:T,2e-05,2
394649,scaffold_6:599444:A:G,2e-05,2
166988,scaffold_18:550893:G:A,2e-05,2
352636,scaffold_5:324387:G:A,2e-05,2
269942,scaffold_2:1595075:C:G,2e-05,2
460154,scaffold_8:650197:G:T,2e-05,2
421173,scaffold_7:384609:G:A,2e-05,2
439605,scaffold_7:1083011:C:T,2e-05,2
37963,scaffold_11:631492:C:T,2e-05,2
176484,scaffold_1:29742:T:C,2e-05,2
295395,scaffold_3:975317:A:G,2e-05,2
393659,scaffold_6:557114:T:C,2e-05,2
296762,scaffold_3:1028834:T:C,2e-05,2
366536,scaffold_5:896739:G:C,2e-05,2
173927,scaffold_19:201848:C:T,2e-05,2
88791,scaffold_14:94389:T:G,2e-05,2
445719,scaffold_8:60391:C:T,2e-05,2
210914,scaffold_1:1387436:A:G,2e-05,2
118872,scaffold_15:555456:G:C,2e-05,2
15790,scaffold_10:643369:C:T,2e-05,2
148227,scaffold_17:432002:A:C,2e-05,2
117386,scaffold_15:499489:C:T,2e-05,2
36926,scaffold_11:582114:A:G,2e-05,2
148147,scaffold_17:428102:C:T,2e-05,2
371939,scaffold_5:1111564:G:A,2e-05,2
173733,scaffold_19:194532:G:C,2e-05,2
444947,scaffold_8:32145:T:G,2e-05,2
312992,scaffold_4:193345:A:G,2e-05,2
263240,scaffold_2:1303029:G:A,2e-05,2
489978,scaffold_9:639204:A:C,2e-05,2
304009,scaffold_3:1305702:A:G,2e-05,2
61320,scaffold_12:653083:A:G,2e-05,2
170319,scaffold_19:34306:A:C,2e-05,2
289924,scaffold_3:753137:C:T,2e-05,2
466901,scaffold_8:935193:G:C,2e-05,2
295182,scaffold_3:953418:A:G,2e-05,2
49493,scaffold_12:171675:A:G,2e-05,2
127322,scaffold_16:228624:G:A,2e-05,2
329735,scaffold_4:861409:T:A,2e-05,2
27347,scaffold_11:154216:G:T,2e-05,2
445127,scaffold_8:38007:A:G,2e-05,2
476469,scaffold_9:109057:C:A,2e-05,2
44432,scaffold_11:897697:C:T,2e-05,2
365686,scaffold_5:864166:C:T,2e-05,2
296795,scaffold_3:1029747:G:A,2e-05,2
481698,scaffold_9:329921:G:A,2e-05,2
143084,scaffold_17:219997:G:T,2e-05,2
187892,scaffold_1:501060:C:T,2e-05,2
285507,scaffold_3:586732:A:C,2e-05,2
87401,scaffold_14:44796:C:T,2e-05,2
150607,scaffold_17:543743:T:A,2e-05,2
452008,scaffold_8:308652:T:C,2e-05,2
212392,scaffold_1:1441231:A:G,2e-05,2
12341,scaffold_10:500797:G:A,2e-05,2
152838,scaffold_17:631746:G:T,2e-05,2
335772,scaffold_4:1086298:A:G,2e-05,2
19307,scaffold_10:801194:G:C,2e-05,2
446416,scaffold_8:86908:G:A,2e-05,2
265572,scaffold_2:1401829:A:G,2e-05,2
474490,scaffold_9:35794:G:A,2e-05,2
162988,scaffold_18:393178:C:G,2e-05,2
411848,scaffold_7:35664:C:T,2e-05,2
372445,scaffold_5:1132171:C:T,2e-05,2
431503,scaffold_7:773220:C:T,2e-05,2
282986,scaffold_3:492697:A:G,2e-05,2
159527,scaffold_18:254194:T:C,2e-05,2
253399,scaffold_2:925966:T:C,2e-05,2
190037,scaffold_1:597203:A:G,2e-05,2
338089,scaffold_4:1200313:C:T,2e-05,2
416349,scaffold_7:209509:A:G,2e-05,2
383268,scaffold_6:172670:T:C,2e-05,2
165579,scaffold_18:494760:A:G,2e-05,2
212504,scaffold_1:1446101:C:T,2e-05,2
301478,scaffold_3:1206807:T:C,2e-05,2
375794,scaffold_5:1270182:G:A,2e-05,2
172618,scaffold_19:146730:C:G,2e-05,2
255122,scaffold_2:992557:G:A,2e-05,2
477832,scaffold_9:164817:G:A,2e-05,2
493470,scaffold_9:790387:T:C,2e-05,2
84896,scaffold_13:745548:C:G,2e-05,2
158072,scaffold_18:191410:A:G,2e-05,2
36934,scaffold_11:582996:C:T,2e-05,2
242906,scaffold_2:477360:A:G,2e-05,2
364783,scaffold_5:832918:C:T,2e-05,2
425530,scaffold_7:540758:G:C,2e-05,2
233904,scaffold_2:93421:T:A,2e-05,2
181275,scaffold_1:234468:T:A,2e-05,2
185202,scaffold_1:398363:C:T,2e-05,2
129512,scaffold_16:328206:T:C,2e-05,2
402417,scaffold_6:899334:C:T,2e-05,2
224815,scaffold_1:1916045:G:A,2e-05,2
58598,scaffold_12:536075:C:T,2e-05,2
57039,scaffold_12:476417:T:C,2e-05,2
277564,scaffold_3:288995:C:A,2e-05,2
420189,scaffold_7:350035:C:A,2e-05,2
303804,scaffold_3:1294460:G:A,2e-05,2
48756,scaffold_12:139778:A:T,2e-05,2
401608,scaffold_6:866275:C:T,2e-05,2
416239,scaffold_7:205940:T:C,2e-05,2
420923,scaffold_7:377322:T:C,2e-05,2
6062,scaffold_10:249078:C:T,2e-05,2
29452,scaffold_11:250209:T:C,2e-05,2
285990,scaffold_3:603138:A:G,2e-05,2
72518,scaffold_13:280108:C:T,2e-05,2
37136,scaffold_11:590609:G:A,2e-05,2
475326,scaffold_9:62825:A:G,2e-05,2
302657,scaffold_3:1252536:A:T,2e-05,2
396055,scaffold_6:651937:T:C,2e-05,2
361079,scaffold_5:666648:A:G,2e-05,2
213068,scaffold_1:1471158:A:G,2e-05,2
473328,scaffold_8:1231402:T:C,2e-05,2
204075,scaffold_1:1130994:G:C,2e-05,2
24848,scaffold_11:48406:G:A,2e-05,2
47096,scaffold_12:70936:C:G,2e-05,2
151979,scaffold_17:598773:T:C,2e-05,2
279558,scaffold_3:362257:A:G,2e-05,2
335189,scaffold_4:1062623:C:T,2e-05,2
387396,scaffold_6:325496:G:C,2e-05,2
56301,scaffold_12:448910:C:T,2e-05,2
424942,scaffold_7:521187:G:A,2e-05,2
165849,scaffold_18:509104:A:G,2e-05,2
279875,scaffold_3:373691:G:C,2e-05,2
161838,scaffold_18:346568:G:A,2e-05,2
409009,scaffold_6:1205105:G:A,2e-05,2
126210,scaffold_16:182079:T:C,2e-05,2
61276,scaffold_12:648159:T:C,2e-05,2
225347,scaffold_1:1935584:T:A,2e-05,2
417705,scaffold_7:256298:T:C,2e-05,2
142271,scaffold_17:189552:C:G,2e-05,2
342319,scaffold_4:1379416:A:G,2e-05,2
454374,scaffold_8:411377:G:C,2e-05,2
303490,scaffold_3:1284496:C:T,2e-05,2
48056,scaffold_12:110780:A:G,2e-05,2
189414,scaffold_1:572565:G:A,2e-05,2
185207,scaffold_1:398520:G:A,2e-05,2
454715,scaffold_8:424514:T:G,2e-05,2
1053,scaffold_10:43223:C:T,2e-05,2
434662,scaffold_7:904527:A:G,2e-05,2
442869,scaffold_7:1216837:A:C,2e-05,2
54787,scaffold_12:388484:A:G,2e-05,2
258857,scaffold_2:1138536:A:G,2e-05,2
397340,scaffold_6:702486:T:A,2e-05,2
387222,scaffold_6:319633:T:C,2e-05,2
24892,scaffold_11:49745:G:A,2e-05,2
330176,scaffold_4:875898:A:C,2e-05,2
335804,scaffold_4:1087657:T:C,2e-05,2
56107,scaffold_12:440199:T:C,2e-05,2
158936,scaffold_18:233476:C:A,2e-05,2
109974,scaffold_15:203041:G:A,2e-05,2
160543,scaffold_18:295260:G:T,2e-05,2
208668,scaffold_1:1305710:T:C,2e-05,2
307166,scaffold_3:1437874:T:C,2e-05,2
421538,scaffold_7:398838:A:G,2e-05,2
272555,scaffold_3:90838:G:A,2e-05,2
166623,scaffold_18:536385:G:A,2e-05,2
60300,scaffold_12:611844:C:A,2e-05,2
51312,scaffold_12:243884:T:C,2e-05,2
41805,scaffold_11:781660:G:T,2e-05,2
125699,scaffold_16:156718:A:G,2e-05,2
87499,scaffold_14:47786:A:G,2e-05,2
432334,scaffold_7:807225:A:C,2e-05,2
440083,scaffold_7:1101906:G:T,2e-05,2
37378,scaffold_11:606442:C:T,2e-05,2
268390,scaffold_2:1520865:T:C,2e-05,2
393976,scaffold_6:572918:T:C,2e-05,2
225563,scaffold_1:1943289:G:C,2e-05,2
5614,scaffold_10:228800:A:G,2e-05,2
230320,scaffold_1:2124534:G:A,2e-05,2
328642,scaffold_4:821911:C:G,2e-05,2
318500,scaffold_4:415069:C:T,2e-05,2
400374,scaffold_6:819365:A:G,2e-05,2
203719,scaffold_1:1119117:G:A,2e-05,2
454180,scaffold_8:403722:T:C,2e-05,2
268890,scaffold_2:1546719:A:G,2e-05,2
332850,scaffold_4:974741:C:A,2e-05,2
76416,scaffold_13:425504:C:A,2e-05,2
219133,scaffold_1:1700793:C:T,2e-05,2
170573,scaffold_19:46620:G:A,2e-05,2
283780,scaffold_3:520537:T:C,2e-05,2
13592,scaffold_10:557230:C:T,2e-05,2
17858,scaffold_10:723222:C:T,2e-05,2
460593,scaffold_8:670233:T:C,2e-05,2
137047,scaffold_16:643900:C:T,2e-05,2
51358,scaffold_12:245774:G:A,2e-05,2
188871,scaffold_1:550957:T:A,2e-05,2
443198,scaffold_7:1228911:C:T,2e-05,2
379113,scaffold_6:15195:T:C,2e-05,2
417389,scaffold_7:244098:C:G,2e-05,2
421045,scaffold_7:380368:A:G,2e-05,2
402876,scaffold_6:918586:G:C,2e-05,2
368691,scaffold_5:975388:T:G,2e-05,2
268540,scaffold_2:1528489:C:G,2e-05,2
89050,scaffold_14:104679:T:A,2e-05,2
476254,scaffold_9:101615:C:G,2e-05,2
63565,scaffold_12:761642:A:C,2e-05,2
363425,scaffold_5:785500:A:G,2e-05,2
406723,scaffold_6:1100138:T:C,2e-05,2
110926,scaffold_15:235676:C:A,2e-05,2
104297,scaffold_14:718430:G:T,2e-05,2
130510,scaffold_16:364521:G:A,2e-05,2
468192,scaffold_8:988672:G:A,2e-05,2
218101,scaffold_1:1657041:G:T,2e-05,2
82692,scaffold_13:660205:T:C,2e-05,2
95743,scaffold_14:368899:G:T,2e-05,2
465861,scaffold_8:885614:G:A,2e-05,2
38496,scaffold_11:652558:T:C,2e-05,2
449182,scaffold_8:196943:T:C,2e-05,2
231742,scaffold_20:12965:C:G,2e-05,2
62361,scaffold_12:700596:T:C,2e-05,2
428144,scaffold_7:640612:C:A,2e-05,2
486071,scaffold_9:488982:A:C,2e-05,2
328400,scaffold_4:813991:C:T,2e-05,2
305918,scaffold_3:1380110:C:A,2e-05,2
184565,scaffold_1:369571:A:G,2e-05,2
63034,scaffold_12:730100:G:C,2e-05,2
205358,scaffold_1:1176967:A:G,2e-05,2
212078,scaffold_1:1428025:G:A,2e-05,2
21376,scaffold_10:893434:G:A,2e-05,2
233766,scaffold_2:85253:C:A,2e-05,2
236435,scaffold_2:202137:C:G,2e-05,2
113942,scaffold_15:373648:G:A,2e-05,2
281593,scaffold_3:443148:G:A,2e-05,2
409543,scaffold_6:1230107:T:C,2e-05,2
270188,scaffold_2:1604872:C:G,2e-05,2
253524,scaffold_2:931441:C:G,2e-05,2
451879,scaffold_8:302323:C:T,2e-05,2
432783,scaffold_7:824143:C:G,2e-05,2
454787,scaffold_8:427113:T:C,2e-05,2
141225,scaffold_17:145292:A:G,2e-05,2
84785,scaffold_13:741594:G:A,2e-05,2
58693,scaffold_12:539692:G:C,2e-05,2
53966,scaffold_12:358906:C:T,2e-05,2
470704,scaffold_8:1096890:A:G,2e-05,2
245736,scaffold_2:598163:A:G,2e-05,2
337844,scaffold_4:1192760:T:C,2e-05,2
383130,scaffold_6:167604:A:G,2e-05,2
45445,scaffold_12:2609:C:T,2e-05,2
84337,scaffold_13:722653:A:G,2e-05,2
217884,scaffold_1:1649528:A:C,2e-05,2
49147,scaffold_12:156459:G:A,2e-05,2
222902,scaffold_1:1847248:A:G,2e-05,2
176336,scaffold_1:23084:G:C,2e-05,2
242944,scaffold_2:479646:A:G,2e-05,2
178611,scaffold_1:115417:G:A,2e-05,2
347250,scaffold_5:116989:C:T,2e-05,2
451227,scaffold_8:277200:A:G,2e-05,2
415992,scaffold_7:197778:G:C,2e-05,2
460330,scaffold_8:658255:G:A,2e-05,2
222400,scaffold_1:1829594:A:G,2e-05,2
438236,scaffold_7:1033480:C:A,2e-05,2
437553,scaffold_7:1009016:G:A,2e-05,2
443665,scaffold_7:1247190:C:G,2e-05,2
19478,scaffold_10:806653:A:C,2e-05,2
175673,scaffold_19:271170:A:G,2e-05,2
300564,scaffold_3:1169186:C:A,2e-05,2
481761,scaffold_9:332127:A:T,2e-05,2
197548,scaffold_1:884716:C:T,2e-05,2
429384,scaffold_7:691864:G:T,2e-05,2
15319,scaffold_10:625204:G:A,2e-05,2
97914,scaffold_14:465876:G:T,2e-05,2
479092,scaffold_9:230780:C:T,2e-05,2
240600,scaffold_2:390611:A:G,2e-05,2
326091,scaffold_4:717370:A:C,2e-05,2
324153,scaffold_4:641741:C:T,2e-05,2
453458,scaffold_8:375255:C:A,2e-05,2
370941,scaffold_5:1067396:C:A,2e-05,2
248264,scaffold_2:704359:C:A,2e-05,2
397858,scaffold_6:721134:C:T,2e-05,2
74480,scaffold_13:350590:G:A,2e-05,2
355585,scaffold_5:434702:G:C,2e-05,2
396583,scaffold_6:674854:C:G,2e-05,2
329699,scaffold_4:859676:G:T,2e-05,2
119324,scaffold_15:573386:T:C,2e-05,2
49383,scaffold_12:166483:G:T,2e-05,2
131628,scaffold_16:408841:C:T,2e-05,2
53690,scaffold_12:347385:G:C,2e-05,2
17257,scaffold_10:697571:G:C,2e-05,2
52736,scaffold_12:297307:C:T,2e-05,2
5953,scaffold_10:244466:T:G,2e-05,2
464083,scaffold_8:808806:C:T,2e-05,2
207218,scaffold_1:1253102:C:T,2e-05,2
228469,scaffold_1:2051077:C:A,2e-05,2
200153,scaffold_1:991589:G:A,2e-05,2
178234,scaffold_1:99488:T:C,2e-05,2
249503,scaffold_2:765996:C:T,2e-05,2
250772,scaffold_2:815076:T:C,2e-05,2
64378,scaffold_12:795267:G:A,2e-05,2
317440,scaffold_4:376858:C:A,2e-05,2
277341,scaffold_3:279556:C:G,2e-05,2
217929,scaffold_1:1651019:G:A,2e-05,2
118895,scaffold_15:556119:G:A,2e-05,2
475133,scaffold_9:56685:C:T,2e-05,2
219303,scaffold_1:1706611:G:A,2e-05,2
333947,scaffold_4:1011788:C:T,2e-05,2
294219,scaffold_3:918900:A:G,2e-05,2
223297,scaffold_1:1862702:C:T,2e-05,2
407831,scaffold_6:1161024:T:C,2e-05,2
442225,scaffold_7:1189836:G:T,2e-05,2
318004,scaffold_4:396287:C:T,2e-05,2
147323,scaffold_17:391782:C:T,2e-05,2
324900,scaffold_4:671715:C:T,2e-05,2
206778,scaffold_1:1229274:A:G,2e-05,2
418565,scaffold_7:288386:A:C,2e-05,2
287396,scaffold_3:654858:A:G,2e-05,2
202078,scaffold_1:1060366:C:A,2e-05,2
448794,scaffold_8:183032:G:T,2e-05,2
324975,scaffold_4:674419:C:T,2e-05,2
221529,scaffold_1:1798700:A:C,2e-05,2
444322,scaffold_8:9298:T:C,2e-05,2
11819,scaffold_10:481803:T:G,2e-05,2
126304,scaffold_16:185494:T:A,2e-05,2
408441,scaffold_6:1182795:C:T,2e-05,2
394442,scaffold_6:591433:T:C,2e-05,2
248691,scaffold_2:734281:C:A,2e-05,2
329856,scaffold_4:865158:G:A,2e-05,2
80883,scaffold_13:592168:A:G,2e-05,2
40723,scaffold_11:738973:G:A,2e-05,2
440201,scaffold_7:1105597:G:A,2e-05,2
155318,scaffold_18:77635:T:A,2e-05,2
259823,scaffold_2:1175771:C:A,2e-05,2
433480,scaffold_7:855714:G:A,2e-05,2
488036,scaffold_9:564689:C:T,2e-05,2
64064,scaffold_12:780922:G:T,2e-05,2
160349,scaffold_18:288356:G:A,2e-05,2
373554,scaffold_5:1181257:T:G,2e-05,2
58610,scaffold_12:536642:T:C,2e-05,2
386407,scaffold_6:285696:A:C,2e-05,2
300291,scaffold_3:1157942:C:T,2e-05,2
26210,scaffold_11:102684:C:T,2e-05,2
143492,scaffold_17:236805:T:A,2e-05,2
115821,scaffold_15:442203:C:G,2e-05,2
209839,scaffold_1:1348617:T:C,2e-05,2
479315,scaffold_9:238339:C:T,2e-05,2
129684,scaffold_16:334625:C:T,2e-05,2
128250,scaffold_16:280784:C:T,2e-05,2
372701,scaffold_5:1140737:A:C,2e-05,2
296632,scaffold_3:1024704:G:A,2e-05,2
29614,scaffold_11:257628:G:A,2e-05,2
168821,scaffold_18:621599:A:G,2e-05,2
369983,scaffold_5:1023949:G:A,2e-05,2
356962,scaffold_5:491741:C:T,2e-05,2
328378,scaffold_4:813229:C:T,2e-05,2
42203,scaffold_11:797343:T:G,2e-05,2
346199,scaffold_5:74100:C:G,2e-05,2
348111,scaffold_5:149550:G:C,2e-05,2
207020,scaffold_1:1237061:G:A,2e-05,2
176684,scaffold_1:38799:T:C,2e-05,2
313131,scaffold_4:198926:C:T,2e-05,2
89380,scaffold_14:118488:T:C,2e-05,2
182865,scaffold_1:299505:C:T,2e-05,2
430694,scaffold_7:744142:T:C,2e-05,2
153,scaffold_10:6389:C:A,2e-05,2
3666,scaffold_10:143604:C:A,2e-05,2
61263,scaffold_12:647546:G:C,2e-05,2
449944,scaffold_8:225336:C:A,2e-05,2
407562,scaffold_6:1151836:G:A,2e-05,2
167851,scaffold_18:581341:G:C,2e-05,2
205543,scaffold_1:1183740:C:T,2e-05,2
113152,scaffold_15:334014:T:C,2e-05,2
250787,scaffold_2:816117:C:T,2e-05,2
465334,scaffold_8:861457:G:A,2e-05,2
2233,scaffold_10:86255:C:G,2e-05,2
155467,scaffold_18:83903:G:A,2e-05,2
219242,scaffold_1:1703954:C:T,2e-05,2
121157,scaffold_15:650456:T:C,2e-05,2
124548,scaffold_16:102674:T:C,2e-05,2
64611,scaffold_12:803027:A:T,2e-05,2
305627,scaffold_3:1366209:C:G,2e-05,2
446658,scaffold_8:96151:G:C,2e-05,2
360968,scaffold_5:661436:T:G,2e-05,2
40082,scaffold_11:716864:T:C,2e-05,2
168443,scaffold_18:605924:T:G,2e-05,2
404408,scaffold_6:983708:C:A,2e-05,2
76632,scaffold_13:434987:T:C,2e-05,2
246325,scaffold_2:620505:C:T,2e-05,2
430677,scaffold_7:743833:A:C,2e-05,2
270543,scaffold_3:6756:G:A,2e-05,2
204638,scaffold_1:1150828:C:T,2e-05,2
382979,scaffold_6:162668:T:C,2e-05,2
44556,scaffold_11:903280:A:C,2e-05,2
80619,scaffold_13:581253:G:C,2e-05,2
253190,scaffold_2:917027:A:C,2e-05,2
249483,scaffold_2:765270:C:T,2e-05,2
233876,scaffold_2:92275:G:A,2e-05,2
134839,scaffold_16:540739:A:G,2e-05,2
343482,scaffold_4:1432179:G:A,2e-05,2
439024,scaffold_7:1062455:C:T,2e-05,2
182809,scaffold_1:296544:C:T,2e-05,2
332733,scaffold_4:970470:G:A,2e-05,2
242538,scaffold_2:463014:C:T,2e-05,2
190678,scaffold_1:621159:G:C,2e-05,2
33906,scaffold_11:464568:A:G,2e-05,2
52648,scaffold_12:294701:G:A,2e-05,2
151422,scaffold_17:576815:A:G,2e-05,2
166590,scaffold_18:535117:C:T,2e-05,2
389667,scaffold_6:404712:C:T,2e-05,2
453088,scaffold_8:357812:C:A,2e-05,2
388287,scaffold_6:354767:A:G,2e-05,2
403663,scaffold_6:951170:G:A,2e-05,2
240587,scaffold_2:390041:A:C,2e-05,2
489777,scaffold_9:631811:A:C,2e-05,2
389928,scaffold_6:413253:A:G,2e-05,2
255149,scaffold_2:993501:G:T,2e-05,2
483130,scaffold_9:380357:A:G,2e-05,2
253003,scaffold_2:910088:G:A,2e-05,2
473459,scaffold_8:1235813:C:T,2e-05,2
473312,scaffold_8:1230916:C:A,2e-05,2
58697,scaffold_12:539800:G:A,2e-05,2
401420,scaffold_6:858912:G:C,2e-05,2
115913,scaffold_15:445452:G:C,2e-05,2
127027,scaffold_16:218340:C:T,2e-05,2
339798,scaffold_4:1272049:G:T,2e-05,2
207778,scaffold_1:1272514:C:T,2e-05,2
306204,scaffold_3:1396807:G:T,2e-05,2
335596,scaffold_4:1078494:C:T,2e-05,2
440644,scaffold_7:1124831:A:T,2e-05,2
34293,scaffold_11:478917:A:G,2e-05,2
458662,scaffold_8:588466:C:T,2e-05,2
381375,scaffold_6:104379:T:C,2e-05,2
239766,scaffold_2:358140:G:A,2e-05,2
331694,scaffold_4:930697:A:G,2e-05,2
449243,scaffold_8:199774:A:G,2e-05,2
37823,scaffold_11:625084:G:A,2e-05,2
66660,scaffold_13:58070:C:T,2e-05,2
243718,scaffold_2:512769:A:G,2e-05,2
306077,scaffold_3:1392994:G:A,2e-05,2
493420,scaffold_9:788836:G:A,2e-05,2
186616,scaffold_1:453210:G:A,2e-05,2
333517,scaffold_4:996819:C:T,2e-05,2
428870,scaffold_7:669930:C:T,2e-05,2
483795,scaffold_9:405670:C:T,2e-05,2
305351,scaffold_3:1354893:G:A,2e-05,2
491842,scaffold_9:720887:T:C,2e-05,2
279679,scaffold_3:367187:T:G,2e-05,2
13358,scaffold_10:547403:G:T,2e-05,2
122786,scaffold_16:20140:G:A,2e-05,2
52318,scaffold_12:283253:T:C,2e-05,2
332106,scaffold_4:946093:T:G,2e-05,2
116781,scaffold_15:477431:C:T,2e-05,2
245393,scaffold_2:583549:G:A,2e-05,2
31278,scaffold_11:323235:G:A,2e-05,2
437583,scaffold_7:1009778:C:A,2e-05,2
349050,scaffold_5:186122:G:C,2e-05,2
328425,scaffold_4:814905:C:A,2e-05,2
46911,scaffold_12:64767:T:G,2e-05,2
253186,scaffold_2:916727:G:A,2e-05,2
484776,scaffold_9:442650:A:G,2e-05,2
298473,scaffold_3:1089226:A:G,2e-05,2
100260,scaffold_14:563654:G:A,2e-05,2
429922,scaffold_7:712361:C:T,2e-05,2
454351,scaffold_8:410430:C:T,2e-05,2
279982,scaffold_3:377711:T:C,2e-05,2
89030,scaffold_14:103645:G:A,2e-05,2
429547,scaffold_7:697861:C:T,2e-05,2
66609,scaffold_13:56153:C:T,2e-05,2
748,scaffold_10:30721:A:G,2e-05,2
394437,scaffold_6:591382:G:C,2e-05,2
177240,scaffold_1:61673:G:A,2e-05,2
162892,scaffold_18:389369:C:A,2e-05,2
422473,scaffold_7:431753:C:T,2e-05,2
126619,scaffold_16:197655:T:G,2e-05,2
75375,scaffold_13:383619:T:A,2e-05,2
480855,scaffold_9:299165:T:C,2e-05,2
199123,scaffold_1:947355:C:A,2e-05,2
325741,scaffold_4:704749:G:A,2e-05,2
443393,scaffold_7:1236388:C:G,2e-05,2
478001,scaffold_9:184956:G:A,2e-05,2
101384,scaffold_14:604363:T:G,2e-05,2
165142,scaffold_18:475706:G:A,2e-05,2
450607,scaffold_8:251643:A:G,2e-05,2
143561,scaffold_17:240017:G:C,2e-05,2
372612,scaffold_5:1137932:G:A,2e-05,2
465645,scaffold_8:876585:C:T,2e-05,2
305711,scaffold_3:1370205:C:T,2e-05,2
214054,scaffold_1:1506635:G:A,2e-05,2
265845,scaffold_2:1412327:G:C,2e-05,2
300514,scaffold_3:1167425:T:C,2e-05,2
307023,scaffold_3:1432391:G:T,2e-05,2
6313,scaffold_10:258298:G:A,2e-05,2
415941,scaffold_7:195812:C:T,2e-05,2
430142,scaffold_7:722152:T:C,2e-05,2
16474,scaffold_10:667164:C:T,2e-05,2
125523,scaffold_16:149863:C:T,2e-05,2
410977,scaffold_7:1081:G:A,2e-05,2
133053,scaffold_16:467562:A:G,2e-05,2
451240,scaffold_8:278052:G:T,2e-05,2
266635,scaffold_2:1443395:A:C,2e-05,2
472758,scaffold_8:1197346:C:G,2e-05,2
374940,scaffold_5:1235678:G:C,2e-05,2
97318,scaffold_14:435681:T:C,2e-05,2
373467,scaffold_5:1178389:G:A,2e-05,2
116705,scaffold_15:474154:T:C,2e-05,2
308945,scaffold_4:38408:C:T,2e-05,2
418633,scaffold_7:292144:G:C,2e-05,2
496118,scaffold_9:919262:A:T,2e-05,2
183557,scaffold_1:331543:G:A,2e-05,2
9869,scaffold_10:400929:C:T,2e-05,2
183137,scaffold_1:316620:C:G,2e-05,2
392826,scaffold_6:523817:T:C,2e-05,2
284166,scaffold_3:532774:G:C,2e-05,2
490718,scaffold_9:669267:C:T,2e-05,2
205411,scaffold_1:1178605:G:T,2e-05,2
495736,scaffold_9:898705:C:G,2e-05,2
173175,scaffold_19:174263:T:C,2e-05,2
52963,scaffold_12:305959:C:T,2e-05,2
50429,scaffold_12:208064:G:A,2e-05,2
70480,scaffold_13:206166:T:C,2e-05,2
88638,scaffold_14:89169:T:C,2e-05,2
139917,scaffold_17:92685:C:T,2e-05,2
440581,scaffold_7:1121036:A:G,2e-05,2
459833,scaffold_8:637866:A:T,2e-05,2
284131,scaffold_3:531707:A:G,2e-05,2
95502,scaffold_14:359936:C:T,2e-05,2
202557,scaffold_1:1078732:T:A,2e-05,2
411679,scaffold_7:30117:C:A,2e-05,2
198896,scaffold_1:938791:G:A,2e-05,2
363554,scaffold_5:790535:A:G,2e-05,2
35988,scaffold_11:544920:C:T,2e-05,2
461778,scaffold_8:717376:G:A,2e-05,2
302607,scaffold_3:1249695:C:G,2e-05,2
338834,scaffold_4:1226313:G:A,2e-05,2
329390,scaffold_4:848037:G:T,2e-05,2
70519,scaffold_13:208020:G:A,2e-05,2
165941,scaffold_18:512556:T:C,2e-05,2
244736,scaffold_2:558077:A:C,2e-05,2
82939,scaffold_13:668801:G:A,2e-05,2
401856,scaffold_6:878134:G:C,2e-05,2
486966,scaffold_9:525018:T:C,2e-05,2
474198,scaffold_9:24088:A:G,2e-05,2
138208,scaffold_17:25821:T:C,2e-05,2
75162,scaffold_13:374688:C:A,2e-05,2
351320,scaffold_5:274154:A:G,2e-05,2
398328,scaffold_6:737166:G:A,2e-05,2
341746,scaffold_4:1355565:C:G,2e-05,2
183541,scaffold_1:330837:A:T,2e-05,2
226324,scaffold_1:1973127:G:A,2e-05,2
482647,scaffold_9:362570:T:C,2e-05,2
8810,scaffold_10:359867:C:G,2e-05,2
174363,scaffold_19:219960:C:A,2e-05,2
166074,scaffold_18:516629:G:A,2e-05,2
326400,scaffold_4:729224:A:G,2e-05,2
264696,scaffold_2:1363170:T:C,2e-05,2
151003,scaffold_17:560742:G:C,2e-05,2
258039,scaffold_2:1107171:C:A,2e-05,2
45347,scaffold_11:940932:A:G,2e-05,2
490092,scaffold_9:643329:T:C,2e-05,2
283484,scaffold_3:512056:T:C,2e-05,2
299566,scaffold_3:1129098:C:T,2e-05,2
413736,scaffold_7:113480:C:T,2e-05,2
362216,scaffold_5:734293:A:G,2e-05,2
131466,scaffold_16:399947:A:G,2e-05,2
423748,scaffold_7:477390:C:T,2e-05,2
435051,scaffold_7:921126:G:T,2e-05,2
192715,scaffold_1:700035:A:G,2e-05,2
295483,scaffold_3:978918:A:G,2e-05,2
371259,scaffold_5:1079288:C:T,2e-05,2
184681,scaffold_1:374109:G:A,2e-05,2
307686,scaffold_3:1459071:T:G,2e-05,2
126156,scaffold_16:179736:T:C,2e-05,2
51388,scaffold_12:246924:A:C,2e-05,2
103667,scaffold_14:694754:G:A,2e-05,2
150481,scaffold_17:538434:A:G,2e-05,2
6778,scaffold_10:276312:A:G,2e-05,2
227127,scaffold_1:2004462:C:A,2e-05,2
317146,scaffold_4:365523:G:A,2e-05,2
194935,scaffold_1:790108:C:T,2e-05,2
273821,scaffold_3:142333:T:C,2e-05,2
77743,scaffold_13:476818:C:G,2e-05,2
356352,scaffold_5:465820:C:G,2e-05,2
90117,scaffold_14:149966:A:G,2e-05,2
144747,scaffold_17:282270:G:T,2e-05,2
355588,scaffold_5:434750:G:A,2e-05,2
221973,scaffold_1:1813124:A:G,2e-05,2
341130,scaffold_4:1330185:C:G,2e-05,2
32276,scaffold_11:364797:A:G,2e-05,2
233487,scaffold_2:72845:G:C,2e-05,2
256886,scaffold_2:1061352:G:A,2e-05,2
301215,scaffold_3:1195581:G:A,2e-05,2
425887,scaffold_7:554513:G:A,2e-05,2
119795,scaffold_15:590719:A:G,2e-05,2
23430,scaffold_10:980543:A:C,2e-05,2
270305,scaffold_2:1608873:G:C,2e-05,2
52041,scaffold_12:273550:A:G,2e-05,2
397229,scaffold_6:698105:T:C,2e-05,2
452274,scaffold_8:327549:C:T,2e-05,2
300776,scaffold_3:1175917:C:T,2e-05,2
42566,scaffold_11:819859:C:T,2e-05,2
133297,scaffold_16:478583:G:C,2e-05,2
297517,scaffold_3:1056112:G:C,2e-05,2
54522,scaffold_12:379541:A:T,2e-05,2
413044,scaffold_7:88918:T:G,2e-05,2
41186,scaffold_11:756248:C:T,2e-05,2
489272,scaffold_9:611955:C:T,2e-05,2
10997,scaffold_10:453700:A:G,2e-05,2
461030,scaffold_8:687361:T:C,2e-05,2
75984,scaffold_13:408539:G:C,2e-05,2
490173,scaffold_9:647526:T:C,2e-05,2
395522,scaffold_6:631593:G:T,2e-05,2
189021,scaffold_1:557420:G:C,2e-05,2
103353,scaffold_14:682046:A:G,2e-05,2
304463,scaffold_3:1324537:C:T,2e-05,2
479279,scaffold_9:237435:G:T,2e-05,2
479602,scaffold_9:250569:T:C,2e-05,2
310648,scaffold_4:105414:G:A,2e-05,2
311119,scaffold_4:123116:G:A,2e-05,2
424494,scaffold_7:503262:C:T,2e-05,2
112679,scaffold_15:318700:C:T,2e-05,2
345841,scaffold_5:60672:A:C,2e-05,2
44447,scaffold_11:898491:C:G,2e-05,2
209958,scaffold_1:1353013:G:T,2e-05,2
208189,scaffold_1:1289089:T:A,2e-05,2
337885,scaffold_4:1194360:C:T,2e-05,2
27012,scaffold_11:138911:C:T,2e-05,2
467078,scaffold_8:942773:A:C,2e-05,2
504,scaffold_10:20226:T:A,2e-05,2
283735,scaffold_3:519479:T:C,2e-05,2
343746,scaffold_4:1441699:G:T,2e-05,2
257839,scaffold_2:1099529:T:C,2e-05,2
124477,scaffold_16:99938:A:G,2e-05,2
382520,scaffold_6:143698:C:T,2e-05,2
219290,scaffold_1:1705761:G:T,2e-05,2
140403,scaffold_17:111742:C:G,2e-05,2
146039,scaffold_17:336285:A:G,2e-05,2
373160,scaffold_5:1155181:C:T,2e-05,2
10628,scaffold_10:432608:T:C,2e-05,2
154586,scaffold_18:52499:A:G,2e-05,2
52965,scaffold_12:306011:C:T,2e-05,2
76488,scaffold_13:430039:A:C,2e-05,2
417906,scaffold_7:261790:C:G,2e-05,2
310809,scaffold_4:110223:A:G,2e-05,2
33859,scaffold_11:462776:A:G,2e-05,2
29126,scaffold_11:235291:A:G,2e-05,2
247696,scaffold_2:680270:G:A,2e-05,2
52489,scaffold_12:288845:G:A,2e-05,2
247598,scaffold_2:676261:C:T,2e-05,2
14248,scaffold_10:585198:C:T,2e-05,2
364861,scaffold_5:835192:T:A,2e-05,2
190999,scaffold_1:632967:A:T,2e-05,2
278174,scaffold_3:311659:T:C,2e-05,2
269302,scaffold_2:1568996:G:T,2e-05,2
418747,scaffold_7:296066:G:T,2e-05,2
152430,scaffold_17:617106:T:C,2e-05,2
474657,scaffold_9:41787:T:C,2e-05,2
305234,scaffold_3:1350356:T:C,2e-05,2
382761,scaffold_6:152984:A:G,2e-05,2
139925,scaffold_17:92902:T:G,2e-05,2
331183,scaffold_4:911248:C:T,2e-05,2
257088,scaffold_2:1068785:T:C,2e-05,2
101605,scaffold_14:613195:C:T,2e-05,2
345190,scaffold_5:26343:T:C,2e-05,2
339500,scaffold_4:1254390:C:G,2e-05,2
88609,scaffold_14:88314:C:A,2e-05,2
366644,scaffold_5:900896:A:C,2e-05,2
385385,scaffold_6:250544:C:T,2e-05,2
186743,scaffold_1:457311:C:T,2e-05,2
42022,scaffold_11:790593:A:G,2e-05,2
453765,scaffold_8:386610:A:G,2e-05,2
449839,scaffold_8:221066:G:C,2e-05,2
160293,scaffold_18:284273:T:G,2e-05,2
59344,scaffold_12:567283:G:A,2e-05,2
436693,scaffold_7:979916:A:G,2e-05,2
280416,scaffold_3:398413:C:T,2e-05,2
482475,scaffold_9:357585:T:C,2e-05,2
349471,scaffold_5:201636:G:A,2e-05,2
118034,scaffold_15:524629:A:C,2e-05,2
436375,scaffold_7:970105:C:A,2e-05,2
369882,scaffold_5:1021044:C:A,2e-05,2
290204,scaffold_3:766824:G:A,2e-05,2
308526,scaffold_4:23225:G:A,2e-05,2
50527,scaffold_12:211977:A:G,2e-05,2
101751,scaffold_14:619327:A:C,2e-05,2
316667,scaffold_4:348703:G:A,2e-05,2
240869,scaffold_2:400548:A:G,2e-05,2
378601,scaffold_5:1392137:G:A,2e-05,2
93195,scaffold_14:276799:T:C,2e-05,2
251773,scaffold_2:858933:G:T,2e-05,2
56083,scaffold_12:439196:G:A,2e-05,2
289369,scaffold_3:732567:A:G,2e-05,2
67296,scaffold_13:84560:T:G,2e-05,2
57897,scaffold_12:505950:T:A,2e-05,2
90510,scaffold_14:164157:T:C,2e-05,2
391050,scaffold_6:455168:G:A,2e-05,2
355830,scaffold_5:443919:C:T,2e-05,2
367508,scaffold_5:932174:C:T,2e-05,2
372705,scaffold_5:1140874:G:A,2e-05,2
343288,scaffold_4:1425006:T:C,2e-05,2
22030,scaffold_10:918890:G:A,2e-05,2
403067,scaffold_6:926224:C:G,2e-05,2
410307,scaffold_6:1260501:A:G,2e-05,2
440774,scaffold_7:1129672:C:T,2e-05,2
153828,scaffold_18:22938:A:G,2e-05,2
351230,scaffold_5:270565:C:G,2e-05,2
225901,scaffold_1:1956971:G:A,2e-05,2
219668,scaffold_1:1720875:A:G,2e-05,2
313894,scaffold_4:237912:G:T,2e-05,2
457372,scaffold_8:535433:G:T,2e-05,2
456914,scaffold_8:517681:T:C,2e-05,2
447024,scaffold_8:109551:A:G,2e-05,2
260680,scaffold_2:1209409:C:T,2e-05,2
172247,scaffold_19:127360:A:C,2e-05,2
317682,scaffold_4:385226:T:A,2e-05,2
494333,scaffold_9:835707:G:A,2e-05,2
156656,scaffold_18:129614:G:A,2e-05,2
366780,scaffold_5:905154:C:T,2e-05,2
452988,scaffold_8:354418:A:G,2e-05,2
360765,scaffold_5:653484:C:T,2e-05,2
23840,scaffold_11:10747:A:G,2e-05,2
277959,scaffold_3:302785:C:T,2e-05,2
119301,scaffold_15:572293:A:G,2e-05,2
234395,scaffold_2:116731:A:G,2e-05,2
251932,scaffold_2:864142:T:C,2e-05,2
196476,scaffold_1:846982:A:T,2e-05,2
65265,scaffold_13:5558:A:G,2e-05,2
271051,scaffold_3:25077:G:C,2e-05,2
239436,scaffold_2:344288:G:C,2e-05,2
103341,scaffold_14:681639:T:C,2e-05,2
313966,scaffold_4:245847:T:C,2e-05,2
478109,scaffold_9:193069:C:G,2e-05,2
28786,scaffold_11:217220:T:C,2e-05,2
450181,scaffold_8:233663:A:G,2e-05,2
87397,scaffold_14:44739:T:C,2e-05,2
427067,scaffold_7:599040:G:A,2e-05,2
278787,scaffold_3:332355:T:G,2e-05,2
61541,scaffold_12:666983:G:T,2e-05,2
328798,scaffold_4:828051:C:A,2e-05,2
127390,scaffold_16:231621:C:G,2e-05,2
437456,scaffold_7:1005979:A:G,2e-05,2
81292,scaffold_13:608512:T:G,2e-05,2
326954,scaffold_4:748448:A:G,2e-05,2
477038,scaffold_9:129856:C:A,2e-05,2
349145,scaffold_5:189589:C:G,2e-05,2
469277,scaffold_8:1037085:G:A,2e-05,2
362465,scaffold_5:743383:G:A,2e-05,2
273886,scaffold_3:144353:G:A,2e-05,2
449684,scaffold_8:214609:C:G,2e-05,2
215560,scaffold_1:1565374:C:T,2e-05,2
229683,scaffold_1:2096004:C:T,2e-05,2
223506,scaffold_1:1870504:A:T,2e-05,2
487873,scaffold_9:559479:G:C,2e-05,2
228602,scaffold_1:2056075:T:C,2e-05,2
249931,scaffold_2:781369:T:C,2e-05,2
98689,scaffold_14:496081:A:G,2e-05,2
287616,scaffold_3:662130:G:A,2e-05,2
36593,scaffold_11:569614:A:G,2e-05,2
469673,scaffold_8:1053688:G:A,2e-05,2
72654,scaffold_13:286028:A:G,2e-05,2
41180,scaffold_11:756125:A:C,2e-05,2
268084,scaffold_2:1505838:C:G,2e-05,2
60069,scaffold_12:601429:G:A,2e-05,2
240051,scaffold_2:368934:C:T,2e-05,2
456074,scaffold_8:481976:C:T,2e-05,2
413781,scaffold_7:115370:C:T,2e-05,2
351822,scaffold_5:293467:C:A,2e-05,2
385744,scaffold_6:263037:C:T,2e-05,2
322186,scaffold_4:560661:G:C,2e-05,2
364305,scaffold_5:816809:C:T,2e-05,2
195480,scaffold_1:807387:C:G,2e-05,2
336149,scaffold_4:1099366:G:A,2e-05,2
349094,scaffold_5:187539:G:C,2e-05,2
100765,scaffold_14:584663:G:T,2e-05,2
102687,scaffold_14:656286:C:G,2e-05,2
425981,scaffold_7:557914:G:C,2e-05,2
205584,scaffold_1:1185013:T:C,2e-05,2
112468,scaffold_15:310875:C:T,2e-05,2
113294,scaffold_15:339432:A:G,2e-05,2
191582,scaffold_1:655374:T:C,2e-05,2
45809,scaffold_12:20443:T:C,2e-05,2
460088,scaffold_8:648103:A:G,2e-05,2
364045,scaffold_5:807218:G:C,2e-05,2
68495,scaffold_13:129333:C:A,2e-05,2
377985,scaffold_5:1362093:G:A,2e-05,2
412739,scaffold_7:78760:C:T,2e-05,2
79216,scaffold_13:527503:G:A,2e-05,2
219825,scaffold_1:1727279:A:C,2e-05,2
89280,scaffold_14:114847:T:C,2e-05,2
7204,scaffold_10:294350:A:G,2e-05,2
467949,scaffold_8:978684:G:A,2e-05,2
392521,scaffold_6:513366:G:C,2e-05,2
430064,scaffold_7:718396:G:C,2e-05,2
486823,scaffold_9:517584:C:T,2e-05,2
238226,scaffold_2:277218:C:G,2e-05,2
130918,scaffold_16:378524:G:C,2e-05,2
258767,scaffold_2:1134796:C:G,2e-05,2
61378,scaffold_12:656956:A:G,2e-05,2
473079,scaffold_8:1211930:C:G,2e-05,2
457644,scaffold_8:546278:T:C,2e-05,2
69469,scaffold_13:168820:A:G,2e-05,2
260175,scaffold_2:1190821:A:C,2e-05,2
242773,scaffold_2:473036:T:C,2e-05,2
214454,scaffold_1:1521238:T:C,2e-05,2
175192,scaffold_19:253659:C:T,2e-05,2
242587,scaffold_2:464690:A:G,2e-05,2
122699,scaffold_16:16085:G:T,2e-05,2
215283,scaffold_1:1554850:G:A,2e-05,2
388541,scaffold_6:363712:G:C,2e-05,2
93986,scaffold_14:306797:G:A,2e-05,2
308838,scaffold_4:35134:C:T,2e-05,2
194400,scaffold_1:761967:G:C,2e-05,2
206927,scaffold_1:1233707:C:T,2e-05,2
403141,scaffold_6:929099:T:C,2e-05,2
127960,scaffold_16:268977:A:T,2e-05,2
337357,scaffold_4:1141705:C:T,2e-05,2
36769,scaffold_11:575951:T:C,2e-05,2
269184,scaffold_2:1564223:C:T,2e-05,2
481689,scaffold_9:329639:G:A,2e-05,2
163144,scaffold_18:399211:T:A,2e-05,2
360447,scaffold_5:640446:A:T,2e-05,2
4162,scaffold_10:167022:C:G,2e-05,2
489853,scaffold_9:635997:A:T,2e-05,2
255417,scaffold_2:1003172:G:A,2e-05,2
381839,scaffold_6:118773:C:T,2e-05,2
237953,scaffold_2:266634:C:T,2e-05,2
353621,scaffold_5:364650:C:T,2e-05,2
415075,scaffold_7:163183:G:A,2e-05,2
169522,scaffold_19:6119:A:G,2e-05,2
1539,scaffold_10:59084:A:G,2e-05,2
191297,scaffold_1:645263:C:G,2e-05,2
8117,scaffold_10:331315:A:G,2e-05,2
430897,scaffold_7:751957:G:T,2e-05,2
457884,scaffold_8:555481:G:A,2e-05,2
451174,scaffold_8:274158:C:T,2e-05,2
150909,scaffold_17:556476:C:T,2e-05,2
341183,scaffold_4:1331459:A:G,2e-05,2
454380,scaffold_8:411539:A:G,2e-05,2
175887,scaffold_1:3934:C:T,2e-05,2
147881,scaffold_17:415078:C:A,2e-05,2
227533,scaffold_1:2016680:G:A,2e-05,2
37081,scaffold_11:588717:T:C,2e-05,2
358761,scaffold_5:570907:T:C,2e-05,2
81428,scaffold_13:614139:T:C,2e-05,2
329813,scaffold_4:863877:G:A,2e-05,2
75887,scaffold_13:404840:C:T,2e-05,2
180698,scaffold_1:212079:G:A,2e-05,2
247641,scaffold_2:677836:C:T,2e-05,2
309482,scaffold_4:57142:A:G,2e-05,2
272964,scaffold_3:106405:G:A,2e-05,2
315153,scaffold_4:293768:C:G,2e-05,2
52154,scaffold_12:277799:T:C,2e-05,2
355215,scaffold_5:420695:G:C,2e-05,2
318683,scaffold_4:421376:G:A,2e-05,2
148581,scaffold_17:444681:C:A,2e-05,2
52947,scaffold_12:305511:T:C,2e-05,2
311860,scaffold_4:149596:C:T,2e-05,2
93654,scaffold_14:292548:A:G,2e-05,2
40260,scaffold_11:723025:A:G,2e-05,2
272615,scaffold_3:92500:T:C,2e-05,2
312157,scaffold_4:160114:G:A,2e-05,2
456589,scaffold_8:503595:T:C,2e-05,2
57548,scaffold_12:492501:C:G,2e-05,2
390467,scaffold_6:433555:T:C,2e-05,2
428141,scaffold_7:640464:C:G,2e-05,2
351192,scaffold_5:269031:A:G,2e-05,2
43235,scaffold_11:845122:C:A,2e-05,2
156453,scaffold_18:121821:T:C,2e-05,2
285574,scaffold_3:589252:G:A,2e-05,2
228599,scaffold_1:2055880:A:C,2e-05,2
341432,scaffold_4:1343505:G:A,2e-05,2
204747,scaffold_1:1154424:G:A,2e-05,2
400399,scaffold_6:820384:C:T,2e-05,2
314221,scaffold_4:255124:G:A,2e-05,2
34317,scaffold_11:479510:A:G,2e-05,2
296811,scaffold_3:1030411:A:G,2e-05,2
349559,scaffold_5:205030:C:G,2e-05,2
486614,scaffold_9:508499:A:G,2e-05,2
412918,scaffold_7:84727:G:A,2e-05,2
113892,scaffold_15:366241:A:T,2e-05,2
47663,scaffold_12:93524:T:C,2e-05,2
59831,scaffold_12:592368:T:C,2e-05,2
74738,scaffold_13:359235:C:T,2e-05,2
148503,scaffold_17:441847:A:G,2e-05,2
380509,scaffold_6:72346:T:C,2e-05,2
37107,scaffold_11:589755:T:C,2e-05,2
310780,scaffold_4:109208:C:T,2e-05,2
395975,scaffold_6:649201:T:C,2e-05,2
151835,scaffold_17:592744:A:G,2e-05,2
246087,scaffold_2:609591:C:G,2e-05,2
391524,scaffold_6:476000:A:C,2e-05,2
410812,scaffold_6:1279748:C:G,2e-05,2
477498,scaffold_9:143303:A:G,2e-05,2
293134,scaffold_3:874445:T:G,2e-05,2
189622,scaffold_1:580739:T:A,2e-05,2
50274,scaffold_12:203038:C:T,2e-05,2
236677,scaffold_2:212614:A:G,2e-05,2
124220,scaffold_16:88218:G:A,2e-05,2
245199,scaffold_2:576629:A:G,2e-05,2
386402,scaffold_6:285570:C:T,2e-05,2
96109,scaffold_14:381449:C:T,2e-05,2
212132,scaffold_1:1430883:T:C,2e-05,2
104541,scaffold_14:726988:G:A,2e-05,2
83974,scaffold_13:708831:G:A,2e-05,2
142313,scaffold_17:191407:A:G,2e-05,2
81881,scaffold_13:629698:G:A,2e-05,2
31373,scaffold_11:327376:G:A,2e-05,2
394483,scaffold_6:592737:A:G,2e-05,2
125466,scaffold_16:148045:C:G,2e-05,2
25383,scaffold_11:71249:C:T,2e-05,2
212821,scaffold_1:1459927:A:G,2e-05,2
194975,scaffold_1:791196:C:T,2e-05,2
198731,scaffold_1:932705:G:C,2e-05,2
109292,scaffold_15:181093:G:A,2e-05,2
44610,scaffold_11:905568:T:C,2e-05,2
32333,scaffold_11:367802:A:G,2e-05,2
126851,scaffold_16:209438:C:A,2e-05,2
309262,scaffold_4:50607:A:G,2e-05,2
133337,scaffold_16:479665:T:C,2e-05,2
423308,scaffold_7:463020:C:G,2e-05,2
231610,scaffold_1:2171718:C:A,2e-05,2
476968,scaffold_9:127224:T:G,2e-05,2
471742,scaffold_8:1157888:C:T,2e-05,2
365901,scaffold_5:872973:C:T,2e-05,2
358581,scaffold_5:565819:G:A,2e-05,2
267696,scaffold_2:1488394:G:A,2e-05,2
242533,scaffold_2:462938:T:G,2e-05,2
413864,scaffold_7:118645:C:T,2e-05,2
145683,scaffold_17:320656:G:C,2e-05,2
194848,scaffold_1:787128:G:C,2e-05,2
450278,scaffold_8:237668:A:C,2e-05,2
191413,scaffold_1:649672:G:A,2e-05,2
414933,scaffold_7:159224:C:A,2e-05,2
472375,scaffold_8:1181759:T:C,2e-05,2
42154,scaffold_11:795150:G:A,2e-05,2
222367,scaffold_1:1828416:C:T,2e-05,2
325652,scaffold_4:701296:A:C,2e-05,2
364661,scaffold_5:829049:C:T,2e-05,2
442644,scaffold_7:1206037:C:T,2e-05,2
469131,scaffold_8:1032076:C:T,2e-05,2
337879,scaffold_4:1194196:T:C,2e-05,2
128484,scaffold_16:288834:G:T,2e-05,2
94884,scaffold_14:337503:C:A,2e-05,2
205724,scaffold_1:1188918:C:G,2e-05,2
303729,scaffold_3:1292100:C:T,2e-05,2
401523,scaffold_6:863108:G:C,2e-05,2
9251,scaffold_10:376805:A:G,2e-05,2
306323,scaffold_3:1401686:G:C,2e-05,2
454575,scaffold_8:419594:T:C,2e-05,2
31764,scaffold_11:340896:C:T,2e-05,2
232767,scaffold_2:44670:C:T,2e-05,2
384733,scaffold_6:224657:G:A,2e-05,2
319542,scaffold_4:451181:A:C,2e-05,2
232647,scaffold_2:39434:G:A,2e-05,2
74503,scaffold_13:351083:G:A,2e-05,2
309059,scaffold_4:43237:T:G,2e-05,2
168781,scaffold_18:620041:C:T,2e-05,2
284988,scaffold_3:567452:G:C,2e-05,2
375959,scaffold_5:1279589:C:T,2e-05,2
291110,scaffold_3:800800:G:C,2e-05,2
106272,scaffold_15:38343:C:T,2e-05,2
165698,scaffold_18:500890:G:A,2e-05,2
146781,scaffold_17:367750:T:C,2e-05,2
245691,scaffold_2:595948:G:A,2e-05,2
206599,scaffold_1:1220652:T:C,2e-05,2
255904,scaffold_2:1022688:C:G,2e-05,2
331758,scaffold_4:933196:A:G,2e-05,2
278283,scaffold_3:314931:C:T,2e-05,2
306583,scaffold_3:1413646:T:G,2e-05,2
340722,scaffold_4:1314574:G:C,2e-05,2
73374,scaffold_13:309288:C:T,2e-05,2
382581,scaffold_6:145435:A:G,2e-05,2
389701,scaffold_6:405776:A:T,2e-05,2
426528,scaffold_7:576699:G:A,2e-05,2
153506,scaffold_18:10939:A:T,2e-05,2
458737,scaffold_8:591330:G:A,2e-05,2
202086,scaffold_1:1060479:A:G,2e-05,2
104097,scaffold_14:711099:T:C,2e-05,2
407151,scaffold_6:1117365:T:G,2e-05,2
427940,scaffold_7:633281:T:A,2e-05,2
90324,scaffold_14:157234:A:G,2e-05,2
483508,scaffold_9:396348:T:C,2e-05,2
85083,scaffold_13:754054:A:C,2e-05,2
450899,scaffold_8:262409:A:T,2e-05,2
245777,scaffold_2:599230:T:G,2e-05,2
489611,scaffold_9:626707:C:T,2e-05,2
460612,scaffold_8:670777:C:T,2e-05,2
201025,scaffold_1:1022522:T:G,2e-05,2
10782,scaffold_10:438440:G:A,2e-05,2
112813,scaffold_15:322675:C:T,2e-05,2
298565,scaffold_3:1092276:G:C,2e-05,2
432401,scaffold_7:809571:A:G,2e-05,2
115123,scaffold_15:417589:G:A,2e-05,2
140794,scaffold_17:128406:T:C,2e-05,2
247420,scaffold_2:669137:C:T,2e-05,2
289299,scaffold_3:729694:G:T,2e-05,2
19336,scaffold_10:801854:T:G,2e-05,2
277103,scaffold_3:271729:C:T,2e-05,2
325862,scaffold_4:708988:C:G,2e-05,2
130598,scaffold_16:367554:A:G,2e-05,2
351078,scaffold_5:264432:T:C,2e-05,2
137931,scaffold_17:15268:A:C,2e-05,2
257515,scaffold_2:1085772:C:G,2e-05,2
319631,scaffold_4:455605:C:T,2e-05,2
289835,scaffold_3:750032:A:G,2e-05,2
13710,scaffold_10:563231:C:G,2e-05,2
412292,scaffold_7:63848:C:G,2e-05,2
353179,scaffold_5:346649:T:C,2e-05,2
131698,scaffold_16:413073:G:A,2e-05,2
257786,scaffold_2:1097440:C:T,2e-05,2
470832,scaffold_8:1102526:A:T,2e-05,2
182254,scaffold_1:276402:G:A,2e-05,2
122032,scaffold_15:690183:A:C,2e-05,2
278573,scaffold_3:325109:T:C,2e-05,2
146044,scaffold_17:336439:C:T,2e-05,2
480867,scaffold_9:299382:A:G,2e-05,2
336761,scaffold_4:1122555:T:C,2e-05,2
393553,scaffold_6:552354:G:C,2e-05,2
29055,scaffold_11:231667:C:T,2e-05,2
351470,scaffold_5:280618:G:A,2e-05,2
81975,scaffold_13:632390:G:A,2e-05,2
203184,scaffold_1:1102346:G:C,2e-05,2
412233,scaffold_7:60101:T:A,2e-05,2
483163,scaffold_9:381703:G:A,2e-05,2
293650,scaffold_3:897389:A:G,2e-05,2
433405,scaffold_7:852280:C:T,2e-05,2
184805,scaffold_1:379158:A:G,2e-05,2
47460,scaffold_12:86506:C:G,2e-05,2
244069,scaffold_2:526833:T:C,2e-05,2
6444,scaffold_10:263201:C:T,2e-05,2
441294,scaffold_7:1151115:T:C,2e-05,2
425348,scaffold_7:534860:T:G,2e-05,2
147059,scaffold_17:377993:A:G,2e-05,2
70764,scaffold_13:219035:A:G,2e-05,2
260107,scaffold_2:1188707:C:A,2e-05,2
73800,scaffold_13:327729:T:C,2e-05,2
268526,scaffold_2:1527761:C:G,2e-05,2
454882,scaffold_8:430927:G:A,2e-05,2
153962,scaffold_18:29167:A:C,2e-05,2
98827,scaffold_14:501776:C:T,2e-05,2
134790,scaffold_16:538728:A:G,2e-05,2
71298,scaffold_13:238161:G:A,2e-05,2
486921,scaffold_9:522649:G:A,2e-05,2
161505,scaffold_18:334578:A:G,2e-05,2
463365,scaffold_8:781150:G:A,2e-05,2
96785,scaffold_14:413926:C:A,2e-05,2
109747,scaffold_15:195722:G:A,2e-05,2
406775,scaffold_6:1102647:A:C,2e-05,2
481304,scaffold_9:313344:C:G,2e-05,2
40601,scaffold_11:733979:T:C,2e-05,2
479314,scaffold_9:238293:G:C,2e-05,2
64101,scaffold_12:783546:C:A,2e-05,2
352569,scaffold_5:322312:G:A,2e-05,2
325868,scaffold_4:709045:T:C,2e-05,2
342894,scaffold_4:1405874:C:A,2e-05,2
1658,scaffold_10:63549:G:A,2e-05,2
413853,scaffold_7:118372:C:T,2e-05,2
477559,scaffold_9:145012:C:T,2e-05,2
436761,scaffold_7:982312:T:C,2e-05,2
9600,scaffold_10:390581:T:C,2e-05,2
245554,scaffold_2:590108:G:A,2e-05,2
446629,scaffold_8:95051:C:G,2e-05,2
361389,scaffold_5:694745:T:C,2e-05,2
454272,scaffold_8:407006:C:T,2e-05,2
206876,scaffold_1:1231879:A:G,2e-05,2
251468,scaffold_2:845518:C:T,2e-05,2
187955,scaffold_1:503197:A:G,2e-05,2
210151,scaffold_1:1359147:C:T,2e-05,2
25313,scaffold_11:68631:C:G,2e-05,2
259263,scaffold_2:1153623:T:C,2e-05,2
324094,scaffold_4:639298:G:A,2e-05,2
153488,scaffold_18:10020:G:A,2e-05,2
188797,scaffold_1:547019:G:A,2e-05,2
445630,scaffold_8:57097:A:G,2e-05,2
406726,scaffold_6:1100264:A:G,2e-05,2
294814,scaffold_3:939488:T:C,2e-05,2
146725,scaffold_17:365624:G:A,2e-05,2
219908,scaffold_1:1729664:C:T,2e-05,2
16827,scaffold_10:682194:G:A,2e-05,2
412684,scaffold_7:76115:C:T,2e-05,2
323437,scaffold_4:613802:T:C,2e-05,2
286359,scaffold_3:617382:G:A,2e-05,2
245128,scaffold_2:572616:T:G,2e-05,2
100557,scaffold_14:574714:C:T,2e-05,2
85603,scaffold_13:776764:A:G,2e-05,2
418963,scaffold_7:303183:G:A,2e-05,2
13148,scaffold_10:540359:A:G,2e-05,2
361567,scaffold_5:702324:A:G,2e-05,2
188690,scaffold_1:543205:G:C,2e-05,2
324465,scaffold_4:654443:C:T,2e-05,2
5239,scaffold_10:211894:C:G,2e-05,2
252653,scaffold_2:896033:G:A,2e-05,2
12388,scaffold_10:506778:T:C,2e-05,2
485898,scaffold_9:483216:C:T,2e-05,2
233979,scaffold_2:97035:C:T,2e-05,2
13024,scaffold_10:535938:C:T,2e-05,2
390299,scaffold_6:427332:A:G,2e-05,2
471571,scaffold_8:1151868:A:G,2e-05,2
133798,scaffold_16:499436:T:A,2e-05,2
105050,scaffold_14:747581:C:T,2e-05,2
341447,scaffold_4:1344091:G:C,2e-05,2
195720,scaffold_1:820601:T:C,2e-05,2
323755,scaffold_4:625427:G:A,2e-05,2
325003,scaffold_4:675455:G:A,2e-05,2
433851,scaffold_7:870806:A:G,2e-05,2
19425,scaffold_10:804613:T:C,2e-05,2
379052,scaffold_6:12745:T:G,2e-05,2
278374,scaffold_3:317577:G:A,2e-05,2
386264,scaffold_6:281226:G:C,2e-05,2
451248,scaffold_8:278398:T:C,2e-05,2
58034,scaffold_12:512472:A:G,2e-05,2
444095,scaffold_7:1263249:G:T,2e-05,2
131716,scaffold_16:413668:G:C,2e-05,2
371020,scaffold_5:1069871:T:G,2e-05,2
472780,scaffold_8:1198455:G:A,2e-05,2
292503,scaffold_3:850778:C:T,2e-05,2
279289,scaffold_3:352582:G:C,2e-05,2
228185,scaffold_1:2038860:C:T,2e-05,2
426211,scaffold_7:565884:T:G,2e-05,2
33173,scaffold_11:436691:C:G,2e-05,2
434430,scaffold_7:892571:T:C,2e-05,2
468780,scaffold_8:1014040:A:G,2e-05,2
316172,scaffold_4:331747:G:C,2e-05,2
216189,scaffold_1:1590128:T:C,2e-05,2
37222,scaffold_11:594286:C:G,2e-05,2
325822,scaffold_4:707824:G:A,2e-05,2
20617,scaffold_10:855955:G:C,2e-05,2
265295,scaffold_2:1387812:C:A,2e-05,2
137541,scaffold_16:665040:G:A,2e-05,2
396296,scaffold_6:663073:T:G,2e-05,2
357254,scaffold_5:507382:G:A,2e-05,2
285118,scaffold_3:571635:T:G,2e-05,2
4200,scaffold_10:168438:A:G,2e-05,2
217893,scaffold_1:1649936:C:A,2e-05,2
410054,scaffold_6:1251749:T:C,2e-05,2
335705,scaffold_4:1083583:T:C,2e-05,2
268762,scaffold_2:1540708:C:T,2e-05,2
57877,scaffold_12:505455:C:G,2e-05,2
419460,scaffold_7:320608:T:C,2e-05,2
162595,scaffold_18:375906:A:G,2e-05,2
173458,scaffold_19:184612:G:T,2e-05,2
203366,scaffold_1:1107658:T:A,2e-05,2
370367,scaffold_5:1041074:C:A,2e-05,2
318314,scaffold_4:408783:T:C,2e-05,2
394045,scaffold_6:577196:G:A,2e-05,2
132033,scaffold_16:425142:G:A,2e-05,2
301524,scaffold_3:1207993:C:T,2e-05,2
28728,scaffold_11:215609:G:A,2e-05,2
493661,scaffold_9:802031:T:C,2e-05,2
54597,scaffold_12:382190:A:G,2e-05,2
12945,scaffold_10:533410:T:C,2e-05,2
99893,scaffold_14:547445:G:C,2e-05,2
103551,scaffold_14:690529:T:C,2e-05,2
10153,scaffold_10:412980:T:C,2e-05,2
129622,scaffold_16:331847:C:G,2e-05,2
335701,scaffold_4:1083493:T:A,2e-05,2
57913,scaffold_12:506552:G:T,2e-05,2
63208,scaffold_12:737801:A:G,2e-05,2
333342,scaffold_4:990784:G:A,2e-05,2
61228,scaffold_12:646231:G:C,2e-05,2
453663,scaffold_8:382049:G:A,2e-05,2
229033,scaffold_1:2070583:G:A,2e-05,2
9650,scaffold_10:392733:T:C,2e-05,2
136671,scaffold_16:618982:G:A,2e-05,2
352707,scaffold_5:326393:C:T,2e-05,2
337377,scaffold_4:1142239:G:C,2e-05,2
83508,scaffold_13:689152:T:C,2e-05,2
147992,scaffold_17:420536:T:C,2e-05,2
463647,scaffold_8:790757:G:A,2e-05,2
68223,scaffold_13:119100:C:A,2e-05,2
467515,scaffold_8:960567:A:G,2e-05,2
56354,scaffold_12:450421:G:C,2e-05,2
202509,scaffold_1:1076792:A:G,2e-05,2
46849,scaffold_12:62237:C:T,2e-05,2
340916,scaffold_4:1322115:T:C,2e-05,2
139148,scaffold_17:63018:C:T,2e-05,2
464249,scaffold_8:815698:A:G,2e-05,2
2237,scaffold_10:86435:A:C,2e-05,2
295181,scaffold_3:953376:G:A,2e-05,2
388831,scaffold_6:373054:G:A,2e-05,2
371727,scaffold_5:1102278:C:T,2e-05,2
386634,scaffold_6:296441:C:T,2e-05,2
95071,scaffold_14:345066:C:G,2e-05,2
467584,scaffold_8:963805:C:G,2e-05,2
132317,scaffold_16:436262:C:G,2e-05,2
69623,scaffold_13:173875:G:A,2e-05,2
188991,scaffold_1:555815:G:A,2e-05,2
313504,scaffold_4:213148:T:C,2e-05,2
442797,scaffold_7:1214077:A:G,2e-05,2
51828,scaffold_12:265166:G:T,2e-05,2
251814,scaffold_2:860434:G:C,2e-05,2
65724,scaffold_13:20566:C:T,2e-05,2
64695,scaffold_12:805852:C:T,2e-05,2
385307,scaffold_6:247472:G:A,2e-05,2
163842,scaffold_18:424087:A:G,2e-05,2
205732,scaffold_1:1189137:C:T,2e-05,2
361614,scaffold_5:704565:G:C,2e-05,2
149722,scaffold_17:506542:C:T,2e-05,2
435179,scaffold_7:925077:A:C,2e-05,2
84712,scaffold_13:738847:A:G,2e-05,2
66525,scaffold_13:52712:G:T,2e-05,2
464796,scaffold_8:837822:C:T,2e-05,2
477968,scaffold_9:182856:A:G,2e-05,2
269503,scaffold_2:1577413:A:C,2e-05,2
301904,scaffold_3:1222655:T:A,2e-05,2
492713,scaffold_9:761164:G:A,2e-05,2
470627,scaffold_8:1095121:T:C,2e-05,2
17524,scaffold_10:709910:A:C,2e-05,2
45853,scaffold_12:22334:A:C,2e-05,2
354854,scaffold_5:407896:C:A,2e-05,2
315907,scaffold_4:321602:G:A,2e-05,2
266371,scaffold_2:1430721:A:G,2e-05,2
4875,scaffold_10:193638:G:C,2e-05,2
2515,scaffold_10:97315:G:A,2e-05,2
252891,scaffold_2:905807:G:A,2e-05,2
437916,scaffold_7:1021860:C:T,2e-05,2
426806,scaffold_7:587076:A:G,2e-05,2
225348,scaffold_1:1935643:A:G,2e-05,2
299348,scaffold_3:1121696:T:C,2e-05,2
242091,scaffold_2:445543:C:T,2e-05,2
450764,scaffold_8:257641:C:G,2e-05,2
481163,scaffold_9:308669:G:A,2e-05,2
353181,scaffold_5:346667:C:A,2e-05,2
153015,scaffold_17:642331:G:A,2e-05,2
347411,scaffold_5:124058:C:T,2e-05,2
493332,scaffold_9:786229:C:T,2e-05,2
3869,scaffold_10:153535:G:C,2e-05,2
255512,scaffold_2:1006103:T:C,2e-05,2
182039,scaffold_1:267613:C:A,2e-05,2
426390,scaffold_7:571820:A:C,2e-05,2
188430,scaffold_1:534546:G:A,2e-05,2
261868,scaffold_2:1252492:A:G,2e-05,2
221045,scaffold_1:1780202:C:G,2e-05,2
293002,scaffold_3:869333:A:G,2e-05,2
330992,scaffold_4:905449:A:G,2e-05,2
294172,scaffold_3:917323:C:T,2e-05,2
104219,scaffold_14:715315:C:G,2e-05,2
215598,scaffold_1:1566900:G:A,2e-05,2
20888,scaffold_10:870440:C:G,2e-05,2
334852,scaffold_4:1042155:G:T,2e-05,2
289289,scaffold_3:729457:C:T,2e-05,2
370060,scaffold_5:1026451:G:A,2e-05,2
158334,scaffold_18:201396:T:C,2e-05,2
310700,scaffold_4:106699:A:G,2e-05,2
185590,scaffold_1:413241:C:T,2e-05,2
227266,scaffold_1:2008657:A:G,2e-05,2
286175,scaffold_3:610147:T:C,2e-05,2
397388,scaffold_6:703811:C:A,2e-05,2
467911,scaffold_8:977299:T:C,2e-05,2
187652,scaffold_1:491608:G:A,2e-05,2
242438,scaffold_2:459498:G:C,2e-05,2
494120,scaffold_9:825689:G:A,2e-05,2
252448,scaffold_2:886546:C:T,2e-05,2
51205,scaffold_12:239528:G:T,2e-05,2
167339,scaffold_18:563328:C:G,2e-05,2
271550,scaffold_3:52777:C:A,2e-05,2
69271,scaffold_13:159095:G:C,2e-05,2
76726,scaffold_13:437878:T:C,2e-05,2
367891,scaffold_5:944820:C:G,2e-05,2
434813,scaffold_7:910795:A:G,2e-05,2
131905,scaffold_16:420967:C:A,2e-05,2
3505,scaffold_10:137247:A:T,2e-05,2
225682,scaffold_1:1947110:T:C,2e-05,2
281802,scaffold_3:451067:A:G,2e-05,2
183151,scaffold_1:317020:G:A,2e-05,2
275837,scaffold_3:225376:C:T,2e-05,2
119858,scaffold_15:594376:T:C,2e-05,2
310855,scaffold_4:112240:G:A,2e-05,2
163181,scaffold_18:400313:T:C,2e-05,2
317498,scaffold_4:378992:G:T,2e-05,2
439417,scaffold_7:1077092:G:C,2e-05,2
101324,scaffold_14:602138:C:T,2e-05,2
181074,scaffold_1:227338:A:G,2e-05,2
158537,scaffold_18:215540:G:A,2e-05,2
92161,scaffold_14:236958:A:C,2e-05,2
61986,scaffold_12:686171:C:A,2e-05,2
370565,scaffold_5:1049743:A:C,2e-05,2
434243,scaffold_7:885796:C:G,2e-05,2
308155,scaffold_4:8478:C:A,2e-05,2
335506,scaffold_4:1074921:T:C,2e-05,2
241232,scaffold_2:413805:G:A,2e-05,2
378425,scaffold_5:1385316:C:T,2e-05,2
102729,scaffold_14:659019:G:A,2e-05,2
118416,scaffold_15:538872:C:T,2e-05,2
78038,scaffold_13:488059:T:C,2e-05,2
306564,scaffold_3:1412665:G:C,2e-05,2
333649,scaffold_4:1000852:T:C,2e-05,2
399512,scaffold_6:786371:A:G,2e-05,2
476212,scaffold_9:99586:G:C,2e-05,2
377455,scaffold_5:1336569:G:T,2e-05,2
403369,scaffold_6:941159:T:C,2e-05,2
303101,scaffold_3:1269325:C:G,2e-05,2
172241,scaffold_19:127100:T:A,2e-05,2
296804,scaffold_3:1030179:C:A,2e-05,2
373574,scaffold_5:1181840:T:C,2e-05,2
49061,scaffold_12:153059:C:T,2e-05,2
292154,scaffold_3:837930:C:G,2e-05,2
213646,scaffold_1:1492119:A:G,2e-05,2
365609,scaffold_5:860790:G:A,2e-05,2
46343,scaffold_12:42483:C:G,2e-05,2
433594,scaffold_7:860790:C:T,2e-05,2
10009,scaffold_10:405998:A:G,2e-05,2
444115,scaffold_7:1264109:A:G,2e-05,2
355122,scaffold_5:417706:G:C,2e-05,2
3001,scaffold_10:116785:C:T,2e-05,2
191655,scaffold_1:658636:A:G,2e-05,2
153680,scaffold_18:16785:G:A,2e-05,2
743,scaffold_10:30506:A:C,2e-05,2
31925,scaffold_11:349007:T:C,2e-05,2
46758,scaffold_12:59714:T:C,2e-05,2
91198,scaffold_14:194449:A:G,2e-05,2
343715,scaffold_4:1440419:C:A,2e-05,2
82183,scaffold_13:639304:C:G,2e-05,2
425648,scaffold_7:545161:T:C,2e-05,2
50591,scaffold_12:214936:G:A,2e-05,2
438231,scaffold_7:1033210:T:C,2e-05,2
142385,scaffold_17:193842:G:A,2e-05,2
252079,scaffold_2:870963:A:G,2e-05,2
237305,scaffold_2:233549:G:C,2e-05,2
288400,scaffold_3:693912:T:C,2e-05,2
157446,scaffold_18:167816:C:G,2e-05,2
344836,scaffold_5:13664:G:A,2e-05,2
223666,scaffold_1:1875418:G:A,2e-05,2
173328,scaffold_19:180349:T:C,2e-05,2
296732,scaffold_3:1028041:G:A,2e-05,2
75084,scaffold_13:371957:T:C,2e-05,2
212984,scaffold_1:1468053:G:A,2e-05,2
205002,scaffold_1:1163090:C:T,2e-05,2
247486,scaffold_2:672150:C:G,2e-05,2
350166,scaffold_5:229393:C:T,2e-05,2
319477,scaffold_4:449863:G:A,2e-05,2
152215,scaffold_17:607347:C:A,2e-05,2
2933,scaffold_10:114741:A:C,2e-05,2
420744,scaffold_7:370287:G:A,2e-05,2
325830,scaffold_4:708045:A:G,2e-05,2
377562,scaffold_5:1341788:T:C,2e-05,2
429741,scaffold_7:706998:C:T,2e-05,2
100308,scaffold_14:565472:G:A,2e-05,2
238164,scaffold_2:274432:G:C,2e-05,2
305955,scaffold_3:1382249:G:C,2e-05,2
62447,scaffold_12:705065:C:T,2e-05,2
272443,scaffold_3:87207:T:A,2e-05,2
210898,scaffold_1:1386862:G:A,2e-05,2
162252,scaffold_18:362301:G:C,2e-05,2
169954,scaffold_19:21277:G:C,2e-05,2
307457,scaffold_3:1449525:C:A,2e-05,2
345883,scaffold_5:62448:T:C,2e-05,2
283923,scaffold_3:525030:T:G,2e-05,2
439579,scaffold_7:1082159:C:T,2e-05,2
419845,scaffold_7:334310:A:G,2e-05,2
247194,scaffold_2:658284:G:A,2e-05,2
448957,scaffold_8:188931:C:G,2e-05,2
316415,scaffold_4:339800:A:G,2e-05,2
398075,scaffold_6:728806:C:T,2e-05,2
99305,scaffold_14:522791:G:A,2e-05,2
132171,scaffold_16:430136:C:A,2e-05,2
234342,scaffold_2:114075:C:A,2e-05,2
354025,scaffold_5:378204:T:C,2e-05,2
366831,scaffold_5:907378:C:G,2e-05,2
336519,scaffold_4:1112641:T:C,2e-05,2
290605,scaffold_3:781459:G:A,2e-05,2
35010,scaffold_11:506318:A:G,2e-05,2
431906,scaffold_7:790436:A:G,2e-05,2
6667,scaffold_10:272141:C:T,2e-05,2
37427,scaffold_11:607798:C:G,2e-05,2
206328,scaffold_1:1211730:A:G,2e-05,2
315667,scaffold_4:311403:G:A,1e-05,1
479972,scaffold_9:265595:G:A,1e-05,1
312133,scaffold_4:159395:C:T,1e-05,1
124880,scaffold_16:120634:G:A,1e-05,1
121450,scaffold_15:666536:G:T,1e-05,1
454438,scaffold_8:414261:G:C,1e-05,1
341366,scaffold_4:1341649:G:T,1e-05,1
468835,scaffold_8:1016764:C:T,1e-05,1
301456,scaffold_3:1205731:G:C,1e-05,1
401973,scaffold_6:882297:G:A,1e-05,1
238300,scaffold_2:292169:T:A,1e-05,1
203454,scaffold_1:1111067:C:T,1e-05,1
245719,scaffold_2:597430:C:T,1e-05,1
456657,scaffold_8:506590:T:C,1e-05,1
17486,scaffold_10:708244:G:A,1e-05,1
183385,scaffold_1:324985:C:T,1e-05,1
287267,scaffold_3:650884:C:T,1e-05,1
184787,scaffold_1:378284:C:A,1e-05,1
469051,scaffold_8:1029623:C:G,1e-05,1
309570,scaffold_4:61416:T:C,1e-05,1
175619,scaffold_19:269593:G:A,1e-05,1
301897,scaffold_3:1222311:G:A,1e-05,1
453204,scaffold_8:364164:A:C,1e-05,1
195858,scaffold_1:825514:T:C,1e-05,1
43971,scaffold_11:877801:A:T,1e-05,1
446873,scaffold_8:105129:A:G,1e-05,1
296311,scaffold_3:1014123:G:T,1e-05,1
351341,scaffold_5:274941:C:T,1e-05,1
401821,scaffold_6:876909:T:C,1e-05,1
159431,scaffold_18:250321:T:C,1e-05,1
104020,scaffold_14:707965:A:G,1e-05,1
442839,scaffold_7:1215539:C:G,1e-05,1
331641,scaffold_4:927729:C:A,1e-05,1
371946,scaffold_5:1111845:T:C,1e-05,1
402992,scaffold_6:923820:C:T,1e-05,1
261170,scaffold_2:1226276:C:G,1e-05,1
210638,scaffold_1:1377452:T:C,1e-05,1
310567,scaffold_4:102632:T:C,1e-05,1
258451,scaffold_2:1122995:G:C,1e-05,1
148738,scaffold_17:451999:G:A,1e-05,1
64900,scaffold_12:815590:G:C,1e-05,1
11616,scaffold_10:475275:A:G,1e-05,1
232358,scaffold_2:28202:C:T,1e-05,1
302813,scaffold_3:1258685:C:A,1e-05,1
111274,scaffold_15:262370:G:A,1e-05,1
230689,scaffold_1:2137589:C:T,1e-05,1
407964,scaffold_6:1166107:G:A,1e-05,1
151158,scaffold_17:567400:A:G,1e-05,1
360283,scaffold_5:633349:G:A,1e-05,1
207653,scaffold_1:1268336:A:G,1e-05,1
56152,scaffold_12:442857:T:C,1e-05,1
370981,scaffold_5:1068716:G:A,1e-05,1
64344,scaffold_12:794007:G:A,1e-05,1
197078,scaffold_1:866684:G:C,1e-05,1
255235,scaffold_2:996428:G:C,1e-05,1
333910,scaffold_4:1010500:T:C,1e-05,1
332429,scaffold_4:959471:G:C,1e-05,1
252851,scaffold_2:904635:C:T,1e-05,1
228457,scaffold_1:2050783:G:C,1e-05,1
141702,scaffold_17:164592:G:A,1e-05,1
57969,scaffold_12:509417:G:A,1e-05,1
326908,scaffold_4:747011:A:G,1e-05,1
139710,scaffold_17:85439:G:T,1e-05,1
401827,scaffold_6:877067:C:T,1e-05,1
31769,scaffold_11:341056:T:C,1e-05,1
450001,scaffold_8:227673:C:T,1e-05,1
432012,scaffold_7:794643:C:T,1e-05,1
254351,scaffold_2:963712:C:T,1e-05,1
150294,scaffold_17:530744:C:G,1e-05,1
107316,scaffold_15:98318:C:T,1e-05,1
129238,scaffold_16:316283:A:G,1e-05,1
4033,scaffold_10:161305:A:T,1e-05,1
327536,scaffold_4:776998:T:G,1e-05,1
286580,scaffold_3:625352:A:G,1e-05,1
252037,scaffold_2:869440:A:G,1e-05,1
411590,scaffold_7:26427:C:G,1e-05,1
422628,scaffold_7:437006:C:T,1e-05,1
86817,scaffold_14:14617:C:T,1e-05,1
314601,scaffold_4:270902:C:T,1e-05,1
323270,scaffold_4:606661:A:G,1e-05,1
467453,scaffold_8:957912:C:A,1e-05,1
198524,scaffold_1:923683:C:G,1e-05,1
490044,scaffold_9:641459:C:T,1e-05,1
393461,scaffold_6:546463:T:C,1e-05,1
166626,scaffold_18:536511:T:G,1e-05,1
55482,scaffold_12:414067:A:G,1e-05,1
436512,scaffold_7:973469:G:A,1e-05,1
224903,scaffold_1:1920053:A:C,1e-05,1
182846,scaffold_1:297710:G:C,1e-05,1
389515,scaffold_6:398952:C:T,1e-05,1
20975,scaffold_10:875428:C:G,1e-05,1
139477,scaffold_17:76626:G:A,1e-05,1
287482,scaffold_3:657723:T:C,1e-05,1
279186,scaffold_3:348766:C:T,1e-05,1
113158,scaffold_15:334170:C:G,1e-05,1
386235,scaffold_6:280285:T:C,1e-05,1
137891,scaffold_17:14028:G:A,1e-05,1
323085,scaffold_4:600819:A:G,1e-05,1
394464,scaffold_6:591868:T:C,1e-05,1
350713,scaffold_5:248135:C:T,1e-05,1
139527,scaffold_17:78476:G:A,1e-05,1
193412,scaffold_1:729409:A:T,1e-05,1
190040,scaffold_1:597331:G:A,1e-05,1
63059,scaffold_12:731026:A:C,1e-05,1
407347,scaffold_6:1132813:C:A,1e-05,1
390820,scaffold_6:447275:G:A,1e-05,1
411797,scaffold_7:34002:T:A,1e-05,1
231432,scaffold_1:2166980:A:C,1e-05,1
143228,scaffold_17:226298:T:C,1e-05,1
182579,scaffold_1:288310:A:G,1e-05,1
153251,scaffold_17:653373:C:T,1e-05,1
185330,scaffold_1:403765:C:G,1e-05,1
263643,scaffold_2:1317736:C:T,1e-05,1
407163,scaffold_6:1117729:C:T,1e-05,1
18114,scaffold_10:734649:G:A,1e-05,1
88549,scaffold_14:86271:T:C,1e-05,1
414807,scaffold_7:153654:T:G,1e-05,1
239518,scaffold_2:348390:A:G,1e-05,1
272847,scaffold_3:101590:T:C,1e-05,1
254217,scaffold_2:958827:T:C,1e-05,1
409052,scaffold_6:1206874:G:A,1e-05,1
136564,scaffold_16:615952:G:A,1e-05,1
135224,scaffold_16:554715:T:C,1e-05,1
246355,scaffold_2:621620:T:C,1e-05,1
357204,scaffold_5:505486:G:A,1e-05,1
356314,scaffold_5:464665:T:C,1e-05,1
159411,scaffold_18:249809:A:G,1e-05,1
99214,scaffold_14:519126:C:T,1e-05,1
96902,scaffold_14:419990:G:A,1e-05,1
84873,scaffold_13:744792:G:A,1e-05,1
191627,scaffold_1:657610:T:C,1e-05,1
273069,scaffold_3:113317:G:A,1e-05,1
256654,scaffold_2:1053436:A:G,1e-05,1
46277,scaffold_12:39831:C:G,1e-05,1
234435,scaffold_2:118693:A:G,1e-05,1
114494,scaffold_15:393964:T:C,1e-05,1
381897,scaffold_6:120682:G:T,1e-05,1
345745,scaffold_5:56617:C:T,1e-05,1
267575,scaffold_2:1483338:T:C,1e-05,1
46901,scaffold_12:64220:T:C,1e-05,1
373673,scaffold_5:1184160:G:T,1e-05,1
64097,scaffold_12:782181:C:T,1e-05,1
288299,scaffold_3:689429:C:T,1e-05,1
304866,scaffold_3:1338026:C:G,1e-05,1
374978,scaffold_5:1237014:C:T,1e-05,1
211213,scaffold_1:1397854:T:G,1e-05,1
18989,scaffold_10:769282:T:C,1e-05,1
129749,scaffold_16:337690:G:T,1e-05,1
164195,scaffold_18:439294:G:C,1e-05,1
479347,scaffold_9:239874:C:A,1e-05,1
108531,scaffold_15:154466:T:C,1e-05,1
209232,scaffold_1:1326506:A:G,1e-05,1
139659,scaffold_17:84096:G:A,1e-05,1
214417,scaffold_1:1519812:A:G,1e-05,1
242483,scaffold_2:460825:A:G,1e-05,1
109528,scaffold_15:188714:G:A,1e-05,1
297189,scaffold_3:1044616:G:C,1e-05,1
176240,scaffold_1:18696:A:G,1e-05,1
453471,scaffold_8:375679:C:A,1e-05,1
392579,scaffold_6:515594:A:G,1e-05,1
80934,scaffold_13:594294:C:A,1e-05,1
482326,scaffold_9:353272:G:A,1e-05,1
443193,scaffold_7:1228632:G:C,1e-05,1
3429,scaffold_10:134034:T:C,1e-05,1
114266,scaffold_15:384504:G:A,1e-05,1
134106,scaffold_16:512618:T:C,1e-05,1
281865,scaffold_3:453063:C:T,1e-05,1
41843,scaffold_11:783898:G:A,1e-05,1
306924,scaffold_3:1429098:A:G,1e-05,1
1605,scaffold_10:61186:C:T,1e-05,1
72480,scaffold_13:278607:C:T,1e-05,1
9096,scaffold_10:370783:G:A,1e-05,1
479100,scaffold_9:231143:A:G,1e-05,1
85545,scaffold_13:774640:A:C,1e-05,1
84786,scaffold_13:741597:G:A,1e-05,1
421240,scaffold_7:386781:T:C,1e-05,1
341516,scaffold_4:1346692:G:A,1e-05,1
477292,scaffold_9:136277:A:G,1e-05,1
215280,scaffold_1:1554721:G:A,1e-05,1
353630,scaffold_5:364947:T:A,1e-05,1
450799,scaffold_8:258483:G:A,1e-05,1
217564,scaffold_1:1639067:A:G,1e-05,1
444111,scaffold_7:1263949:C:G,1e-05,1
487934,scaffold_9:561566:C:T,1e-05,1
331675,scaffold_4:929952:C:A,1e-05,1
277073,scaffold_3:271107:A:G,1e-05,1
381152,scaffold_6:94887:C:G,1e-05,1
206675,scaffold_1:1224726:A:G,1e-05,1
312466,scaffold_4:174159:A:G,1e-05,1
477597,scaffold_9:146299:A:G,1e-05,1
214622,scaffold_1:1527010:T:C,1e-05,1
86108,scaffold_13:799073:A:C,1e-05,1
71951,scaffold_13:259146:T:C,1e-05,1
285723,scaffold_3:594436:T:C,1e-05,1
220071,scaffold_1:1736208:A:G,1e-05,1
130355,scaffold_16:359341:G:A,1e-05,1
78000,scaffold_13:486527:G:T,1e-05,1
336697,scaffold_4:1120444:A:G,1e-05,1
462053,scaffold_8:726592:G:A,1e-05,1
94993,scaffold_14:342561:G:A,1e-05,1
453359,scaffold_8:369862:T:G,1e-05,1
305742,scaffold_3:1370901:A:G,1e-05,1
491206,scaffold_9:692479:C:A,1e-05,1
400585,scaffold_6:828646:T:A,1e-05,1
38227,scaffold_11:643334:A:C,1e-05,1
475173,scaffold_9:57994:T:G,1e-05,1
345652,scaffold_5:45974:A:C,1e-05,1
316271,scaffold_4:334859:T:C,1e-05,1
414507,scaffold_7:142772:C:T,1e-05,1
396272,scaffold_6:662389:G:C,1e-05,1
310511,scaffold_4:99996:T:C,1e-05,1
207364,scaffold_1:1258655:A:G,1e-05,1
448096,scaffold_8:153529:A:G,1e-05,1
478065,scaffold_9:191150:G:A,1e-05,1
132217,scaffold_16:431703:G:T,1e-05,1
260075,scaffold_2:1187220:T:C,1e-05,1
132583,scaffold_16:448890:T:C,1e-05,1
120273,scaffold_15:612633:G:C,1e-05,1
344948,scaffold_5:17158:G:A,1e-05,1
417665,scaffold_7:255043:G:A,1e-05,1
57436,scaffold_12:489265:A:G,1e-05,1
350340,scaffold_5:234343:G:T,1e-05,1
394166,scaffold_6:581377:T:C,1e-05,1
73000,scaffold_13:296818:C:T,1e-05,1
341399,scaffold_4:1342697:A:G,1e-05,1
87496,scaffold_14:47759:T:C,1e-05,1
223931,scaffold_1:1887724:G:C,1e-05,1
40133,scaffold_11:718727:A:G,1e-05,1
440230,scaffold_7:1106760:G:C,1e-05,1
240459,scaffold_2:385223:T:C,1e-05,1
459688,scaffold_8:633301:C:T,1e-05,1
216010,scaffold_1:1583311:C:T,1e-05,1
453230,scaffold_8:364795:C:T,1e-05,1
339050,scaffold_4:1233953:C:G,1e-05,1
274503,scaffold_3:170015:C:T,1e-05,1
143570,scaffold_17:240231:G:A,1e-05,1
309881,scaffold_4:74892:T:C,1e-05,1
254910,scaffold_2:984837:T:C,1e-05,1
268862,scaffold_2:1545756:C:T,1e-05,1
142494,scaffold_17:197980:G:C,1e-05,1
160231,scaffold_18:281952:A:T,1e-05,1
272628,scaffold_3:93023:C:T,1e-05,1
227058,scaffold_1:2002195:T:C,1e-05,1
164165,scaffold_18:437110:C:T,1e-05,1
18605,scaffold_10:752187:A:C,1e-05,1
255467,scaffold_2:1004626:T:C,1e-05,1
5004,scaffold_10:200108:T:A,1e-05,1
325073,scaffold_4:678250:C:T,1e-05,1
169677,scaffold_19:11815:C:T,1e-05,1
452940,scaffold_8:353001:A:C,1e-05,1
119944,scaffold_15:597389:A:C,1e-05,1
440766,scaffold_7:1129204:C:T,1e-05,1
287203,scaffold_3:648106:G:A,1e-05,1
217325,scaffold_1:1631597:G:A,1e-05,1
385820,scaffold_6:265667:C:T,1e-05,1
419743,scaffold_7:330279:T:C,1e-05,1
200290,scaffold_1:995621:A:G,1e-05,1
374994,scaffold_5:1237305:G:A,1e-05,1
477720,scaffold_9:152680:T:C,1e-05,1
214589,scaffold_1:1526068:T:C,1e-05,1
205602,scaffold_1:1185880:A:C,1e-05,1
431582,scaffold_7:776287:C:T,1e-05,1
232885,scaffold_2:50078:G:A,1e-05,1
251937,scaffold_2:864257:G:C,1e-05,1
25749,scaffold_11:84673:A:G,1e-05,1
153596,scaffold_18:14308:C:G,1e-05,1
152701,scaffold_17:626097:G:C,1e-05,1
34212,scaffold_11:476069:T:A,1e-05,1
491399,scaffold_9:701463:G:C,1e-05,1
56025,scaffold_12:436645:G:T,1e-05,1
9632,scaffold_10:392271:G:A,1e-05,1
207724,scaffold_1:1270744:C:T,1e-05,1
118880,scaffold_15:555645:A:G,1e-05,1
163273,scaffold_18:403734:C:G,1e-05,1
467397,scaffold_8:955424:T:C,1e-05,1
399664,scaffold_6:793074:A:G,1e-05,1
39592,scaffold_11:698812:C:G,1e-05,1
451238,scaffold_8:277737:C:T,1e-05,1
71357,scaffold_13:239812:G:A,1e-05,1
477450,scaffold_9:141291:C:T,1e-05,1
29933,scaffold_11:271452:C:T,1e-05,1
112879,scaffold_15:325060:C:A,1e-05,1
411404,scaffold_7:19512:A:G,1e-05,1
232561,scaffold_2:36263:C:T,1e-05,1
191700,scaffold_1:660108:A:G,1e-05,1
82063,scaffold_13:635171:G:A,1e-05,1
331592,scaffold_4:926229:G:C,1e-05,1
92474,scaffold_14:247188:C:T,1e-05,1
115651,scaffold_15:436911:T:C,1e-05,1
44268,scaffold_11:890522:G:A,1e-05,1
344452,scaffold_5:2037:G:C,1e-05,1
216048,scaffold_1:1584828:G:A,1e-05,1
84031,scaffold_13:711412:C:G,1e-05,1
370135,scaffold_5:1030031:G:T,1e-05,1
275067,scaffold_3:197560:C:A,1e-05,1
318738,scaffold_4:423339:G:T,1e-05,1
90525,scaffold_14:164547:G:A,1e-05,1
111971,scaffold_15:294463:A:T,1e-05,1
153808,scaffold_18:22255:G:A,1e-05,1
319149,scaffold_4:437475:T:C,1e-05,1
278191,scaffold_3:312289:A:G,1e-05,1
237085,scaffold_2:225133:T:C,1e-05,1
9412,scaffold_10:383151:C:A,1e-05,1
48052,scaffold_12:110663:G:T,1e-05,1
237253,scaffold_2:231363:G:A,1e-05,1
486119,scaffold_9:490621:C:G,1e-05,1
11796,scaffold_10:481158:C:A,1e-05,1
362749,scaffold_5:756236:T:C,1e-05,1
209728,scaffold_1:1343968:C:G,1e-05,1
177142,scaffold_1:57393:G:A,1e-05,1
178876,scaffold_1:125641:A:G,1e-05,1
465408,scaffold_8:864215:C:G,1e-05,1
79920,scaffold_13:553270:G:A,1e-05,1
82374,scaffold_13:646047:T:C,1e-05,1
397093,scaffold_6:692194:G:C,1e-05,1
266099,scaffold_2:1421433:G:A,1e-05,1
178524,scaffold_1:112171:A:C,1e-05,1
335854,scaffold_4:1089410:G:C,1e-05,1
23565,scaffold_10:985381:G:C,1e-05,1
58606,scaffold_12:536505:T:C,1e-05,1
254153,scaffold_2:955984:T:G,1e-05,1
164923,scaffold_18:468016:G:C,1e-05,1
473454,scaffold_8:1235741:T:C,1e-05,1
279409,scaffold_3:356987:C:T,1e-05,1
287847,scaffold_3:670720:G:T,1e-05,1
340896,scaffold_4:1321625:G:A,1e-05,1
247111,scaffold_2:655345:T:G,1e-05,1
408185,scaffold_6:1174742:G:A,1e-05,1
404741,scaffold_6:996970:G:T,1e-05,1
281073,scaffold_3:422974:C:T,1e-05,1
25320,scaffold_11:68755:C:A,1e-05,1
241121,scaffold_2:409441:T:C,1e-05,1
317875,scaffold_4:391146:G:A,1e-05,1
419431,scaffold_7:319610:T:C,1e-05,1
85668,scaffold_13:779189:G:A,1e-05,1
118756,scaffold_15:550985:G:A,1e-05,1
35952,scaffold_11:542212:C:T,1e-05,1
413526,scaffold_7:105847:A:G,1e-05,1
182355,scaffold_1:280140:A:G,1e-05,1
202549,scaffold_1:1078383:G:A,1e-05,1
345706,scaffold_5:54536:T:A,1e-05,1
422553,scaffold_7:434889:A:G,1e-05,1
285984,scaffold_3:602932:C:A,1e-05,1
29217,scaffold_11:239599:A:G,1e-05,1
412547,scaffold_7:71490:T:C,1e-05,1
382939,scaffold_6:161229:G:A,1e-05,1
134727,scaffold_16:535672:A:G,1e-05,1
65139,scaffold_12:826683:A:T,1e-05,1
293085,scaffold_3:872667:T:C,1e-05,1
120230,scaffold_15:610569:G:C,1e-05,1
318902,scaffold_4:428847:A:G,1e-05,1
418460,scaffold_7:282668:C:G,1e-05,1
400821,scaffold_6:838435:A:G,1e-05,1
66375,scaffold_13:46511:C:T,1e-05,1
271774,scaffold_3:61424:C:A,1e-05,1
22896,scaffold_10:959170:G:C,1e-05,1
424026,scaffold_7:486029:A:G,1e-05,1
487538,scaffold_9:548302:G:C,1e-05,1
367423,scaffold_5:929655:C:T,1e-05,1
219623,scaffold_1:1719330:A:G,1e-05,1
221295,scaffold_1:1791875:A:G,1e-05,1
135974,scaffold_16:586975:T:C,1e-05,1
434855,scaffold_7:912666:G:A,1e-05,1
476900,scaffold_9:125282:T:A,1e-05,1
270209,scaffold_2:1605342:G:C,1e-05,1
256054,scaffold_2:1030230:C:T,1e-05,1
87614,scaffold_14:52171:T:C,1e-05,1
184071,scaffold_1:352259:C:G,1e-05,1
277756,scaffold_3:296160:G:A,1e-05,1
377900,scaffold_5:1358257:C:T,1e-05,1
255022,scaffold_2:989051:C:T,1e-05,1
189244,scaffold_1:565890:C:A,1e-05,1
36330,scaffold_11:558172:T:C,1e-05,1
211969,scaffold_1:1424019:G:T,1e-05,1
399212,scaffold_6:774475:G:A,1e-05,1
229117,scaffold_1:2072721:A:G,1e-05,1
457414,scaffold_8:536880:C:A,1e-05,1
385781,scaffold_6:263955:C:T,1e-05,1
170083,scaffold_19:25996:T:C,1e-05,1
474033,scaffold_9:17125:G:T,1e-05,1
26817,scaffold_11:126839:C:T,1e-05,1
93741,scaffold_14:296143:A:G,1e-05,1
64840,scaffold_12:813153:A:G,1e-05,1
66329,scaffold_13:43484:G:C,1e-05,1
302998,scaffold_3:1265360:A:C,1e-05,1
391208,scaffold_6:460546:C:A,1e-05,1
19329,scaffold_10:801743:G:A,1e-05,1
241639,scaffold_2:428900:C:T,1e-05,1
217024,scaffold_1:1621543:C:T,1e-05,1
237568,scaffold_2:249471:C:A,1e-05,1
234621,scaffold_2:130329:G:A,1e-05,1
154012,scaffold_18:31492:G:A,1e-05,1
337253,scaffold_4:1138737:T:C,1e-05,1
476077,scaffold_9:94655:T:C,1e-05,1
334365,scaffold_4:1026166:A:C,1e-05,1
138335,scaffold_17:30002:G:A,1e-05,1
250725,scaffold_2:811164:G:A,1e-05,1
236387,scaffold_2:200657:G:A,1e-05,1
490259,scaffold_9:651063:A:T,1e-05,1
231795,scaffold_2:5119:G:C,1e-05,1
341660,scaffold_4:1351006:C:T,1e-05,1
313234,scaffold_4:203130:C:A,1e-05,1
348814,scaffold_5:173457:T:C,1e-05,1
479325,scaffold_9:238958:T:C,1e-05,1
280622,scaffold_3:405950:C:A,1e-05,1
362325,scaffold_5:738657:C:T,1e-05,1
104029,scaffold_14:708475:G:T,1e-05,1
138660,scaffold_17:43945:A:C,1e-05,1
203188,scaffold_1:1102484:C:T,1e-05,1
7469,scaffold_10:304616:A:G,1e-05,1
235251,scaffold_2:153196:C:T,1e-05,1
327590,scaffold_4:779093:G:A,1e-05,1
178314,scaffold_1:102747:T:C,1e-05,1
103871,scaffold_14:703200:C:T,1e-05,1
338179,scaffold_4:1203126:A:C,1e-05,1
76103,scaffold_13:412884:A:G,1e-05,1
129929,scaffold_16:343511:A:G,1e-05,1
410572,scaffold_6:1269721:A:G,1e-05,1
107258,scaffold_15:96707:C:T,1e-05,1
18211,scaffold_10:738643:C:T,1e-05,1
348756,scaffold_5:171395:C:T,1e-05,1
121449,scaffold_15:666535:A:T,1e-05,1
37150,scaffold_11:591205:G:C,1e-05,1
305636,scaffold_3:1366450:C:A,1e-05,1
355731,scaffold_5:440389:T:C,1e-05,1
489972,scaffold_9:639051:C:T,1e-05,1
61879,scaffold_12:681337:C:T,1e-05,1
382375,scaffold_6:139346:A:G,1e-05,1
114465,scaffold_15:392884:C:A,1e-05,1
349310,scaffold_5:196071:C:T,1e-05,1
469097,scaffold_8:1031092:G:A,1e-05,1
206042,scaffold_1:1201204:G:C,1e-05,1
220955,scaffold_1:1777608:C:T,1e-05,1
402512,scaffold_6:903481:A:T,1e-05,1
123355,scaffold_16:48281:C:T,1e-05,1
395034,scaffold_6:611557:C:G,1e-05,1
479228,scaffold_9:235971:G:A,1e-05,1
284992,scaffold_3:567677:G:T,1e-05,1
424497,scaffold_7:503279:T:C,1e-05,1
157131,scaffold_18:146464:A:T,1e-05,1
275645,scaffold_3:219191:C:G,1e-05,1
469770,scaffold_8:1057588:C:T,1e-05,1
218564,scaffold_1:1677507:T:C,1e-05,1
55115,scaffold_12:399900:T:C,1e-05,1
155100,scaffold_18:70404:A:T,1e-05,1
386926,scaffold_6:309884:A:C,1e-05,1
495433,scaffold_9:885389:T:C,1e-05,1
292270,scaffold_3:842744:G:C,1e-05,1
10944,scaffold_10:445366:T:A,1e-05,1
493901,scaffold_9:813046:A:G,1e-05,1
322874,scaffold_4:593665:A:C,1e-05,1
378198,scaffold_5:1376669:A:G,1e-05,1
361218,scaffold_5:672637:C:T,1e-05,1
238944,scaffold_2:319537:G:C,1e-05,1
166049,scaffold_18:515735:C:T,1e-05,1
355300,scaffold_5:423368:A:G,1e-05,1
166593,scaffold_18:535166:A:G,1e-05,1
467898,scaffold_8:977000:T:A,1e-05,1
350224,scaffold_5:231516:A:G,1e-05,1
49539,scaffold_12:172825:T:C,1e-05,1
300210,scaffold_3:1155471:T:C,1e-05,1
250738,scaffold_2:811965:C:A,1e-05,1
16921,scaffold_10:685164:T:C,1e-05,1
307066,scaffold_3:1434269:G:T,1e-05,1
170748,scaffold_19:54429:G:A,1e-05,1
425012,scaffold_7:523462:C:G,1e-05,1
359393,scaffold_5:600010:C:T,1e-05,1
336708,scaffold_4:1120769:C:T,1e-05,1
301073,scaffold_3:1189733:T:C,1e-05,1
469165,scaffold_8:1032958:T:G,1e-05,1
21667,scaffold_10:903073:T:G,1e-05,1
59366,scaffold_12:568021:T:C,1e-05,1
475433,scaffold_9:66620:C:T,1e-05,1
403486,scaffold_6:945149:C:T,1e-05,1
155778,scaffold_18:96222:G:C,1e-05,1
151337,scaffold_17:573356:G:A,1e-05,1
89673,scaffold_14:132192:G:C,1e-05,1
99106,scaffold_14:515253:A:C,1e-05,1
143775,scaffold_17:249882:C:T,1e-05,1
432425,scaffold_7:810345:A:T,1e-05,1
122380,scaffold_16:5483:T:G,1e-05,1
187431,scaffold_1:483245:C:G,1e-05,1
116609,scaffold_15:470422:A:T,1e-05,1
409086,scaffold_6:1209377:G:C,1e-05,1
5847,scaffold_10:238496:C:T,1e-05,1
21890,scaffold_10:912585:T:C,1e-05,1
493819,scaffold_9:810213:G:A,1e-05,1
373543,scaffold_5:1180940:C:T,1e-05,1
132624,scaffold_16:450636:G:A,1e-05,1
270808,scaffold_3:16022:C:T,1e-05,1
239510,scaffold_2:348000:A:C,1e-05,1
438645,scaffold_7:1049201:A:G,1e-05,1
94631,scaffold_14:327948:G:A,1e-05,1
57431,scaffold_12:489132:C:T,1e-05,1
274270,scaffold_3:160199:T:C,1e-05,1
294766,scaffold_3:937592:T:G,1e-05,1
161114,scaffold_18:317323:C:T,1e-05,1
313098,scaffold_4:197881:C:T,1e-05,1
410030,scaffold_6:1250656:T:C,1e-05,1
27948,scaffold_11:177834:G:A,1e-05,1
226463,scaffold_1:1979476:T:C,1e-05,1
444148,scaffold_8:2558:A:T,1e-05,1
386434,scaffold_6:286943:G:A,1e-05,1
254530,scaffold_2:971134:A:G,1e-05,1
358995,scaffold_5:577769:G:A,1e-05,1
150305,scaffold_17:531751:G:A,1e-05,1
382955,scaffold_6:162121:A:T,1e-05,1
158608,scaffold_18:217687:A:C,1e-05,1
132199,scaffold_16:431083:C:A,1e-05,1
167343,scaffold_18:563400:A:G,1e-05,1
323367,scaffold_4:611289:G:A,1e-05,1
198871,scaffold_1:937865:A:G,1e-05,1
73169,scaffold_13:302656:T:G,1e-05,1
51400,scaffold_12:247351:C:T,1e-05,1
55491,scaffold_12:414392:C:T,1e-05,1
163948,scaffold_18:429554:G:A,1e-05,1
392477,scaffold_6:511461:A:G,1e-05,1
157293,scaffold_18:160207:T:C,1e-05,1
55117,scaffold_12:400098:G:C,1e-05,1
401346,scaffold_6:856339:C:T,1e-05,1
85980,scaffold_13:793585:A:G,1e-05,1
46270,scaffold_12:39530:T:C,1e-05,1
191320,scaffold_1:645945:G:C,1e-05,1
406978,scaffold_6:1110661:G:C,1e-05,1
443980,scaffold_7:1258294:T:C,1e-05,1
270760,scaffold_3:13988:G:T,1e-05,1
214112,scaffold_1:1508673:A:G,1e-05,1
475367,scaffold_9:64370:C:A,1e-05,1
150860,scaffold_17:554236:G:T,1e-05,1
393594,scaffold_6:554779:T:G,1e-05,1
401214,scaffold_6:851309:C:T,1e-05,1
295379,scaffold_3:974807:T:C,1e-05,1
433932,scaffold_7:874054:G:A,1e-05,1
68063,scaffold_13:113203:T:G,1e-05,1
115113,scaffold_15:417086:C:T,1e-05,1
100506,scaffold_14:572228:C:A,1e-05,1
368547,scaffold_5:969369:A:G,1e-05,1
261797,scaffold_2:1250424:G:A,1e-05,1
33594,scaffold_11:453296:T:A,1e-05,1
355139,scaffold_5:418197:C:A,1e-05,1
227559,scaffold_1:2017260:C:G,1e-05,1
493290,scaffold_9:784887:T:C,1e-05,1
332016,scaffold_4:943053:T:A,1e-05,1
221016,scaffold_1:1779435:C:G,1e-05,1
254401,scaffold_2:965239:G:A,1e-05,1
149924,scaffold_17:515265:A:G,1e-05,1
72725,scaffold_13:288701:A:C,1e-05,1
351382,scaffold_5:276954:A:C,1e-05,1
237284,scaffold_2:232534:A:G,1e-05,1
292890,scaffold_3:865434:T:A,1e-05,1
109013,scaffold_15:172267:G:C,1e-05,1
276236,scaffold_3:238850:T:C,1e-05,1
436108,scaffold_7:958669:T:C,1e-05,1
15957,scaffold_10:649262:G:T,1e-05,1
162483,scaffold_18:370446:C:G,1e-05,1
49823,scaffold_12:185232:T:C,1e-05,1
335547,scaffold_4:1076915:A:G,1e-05,1
106520,scaffold_15:50452:G:A,1e-05,1
227932,scaffold_1:2029036:T:A,1e-05,1
79320,scaffold_13:530562:C:G,1e-05,1
154906,scaffold_18:64239:T:C,1e-05,1
490375,scaffold_9:655483:G:T,1e-05,1
253815,scaffold_2:942295:G:A,1e-05,1
210028,scaffold_1:1355481:G:A,1e-05,1
174885,scaffold_19:240627:G:T,1e-05,1
304305,scaffold_3:1318953:G:A,1e-05,1
376494,scaffold_5:1300787:C:A,1e-05,1
485391,scaffold_9:464834:C:T,1e-05,1
150289,scaffold_17:530661:G:C,1e-05,1
94054,scaffold_14:309161:T:C,1e-05,1
335556,scaffold_4:1077163:T:A,1e-05,1
112088,scaffold_15:299087:T:A,1e-05,1
401712,scaffold_6:872080:T:C,1e-05,1
261169,scaffold_2:1226216:A:G,1e-05,1
62430,scaffold_12:703913:C:T,1e-05,1
479863,scaffold_9:261603:G:A,1e-05,1
122877,scaffold_16:22742:A:G,1e-05,1
191850,scaffold_1:666023:T:A,1e-05,1
395306,scaffold_6:621411:C:T,1e-05,1
62153,scaffold_12:693143:G:A,1e-05,1
325192,scaffold_4:682545:T:C,1e-05,1
470064,scaffold_8:1068934:G:A,1e-05,1
416675,scaffold_7:221085:T:C,1e-05,1
252303,scaffold_2:880107:C:T,1e-05,1
478493,scaffold_9:207864:C:T,1e-05,1
66274,scaffold_13:40405:C:T,1e-05,1
438269,scaffold_7:1034968:G:A,1e-05,1
363701,scaffold_5:795855:G:A,1e-05,1
335803,scaffold_4:1087576:A:G,1e-05,1
13623,scaffold_10:558202:C:T,1e-05,1
373493,scaffold_5:1179503:T:A,1e-05,1
470741,scaffold_8:1098255:A:C,1e-05,1
82197,scaffold_13:639567:G:C,1e-05,1
433738,scaffold_7:867105:A:G,1e-05,1
312765,scaffold_4:185574:T:C,1e-05,1
24818,scaffold_11:47444:G:A,1e-05,1
38203,scaffold_11:642432:G:A,1e-05,1
493278,scaffold_9:784527:G:A,1e-05,1
26131,scaffold_11:99610:A:G,1e-05,1
140640,scaffold_17:120769:T:C,1e-05,1
325894,scaffold_4:709710:G:A,1e-05,1
133746,scaffold_16:495811:G:A,1e-05,1
453029,scaffold_8:355629:C:T,1e-05,1
104347,scaffold_14:720434:G:C,1e-05,1
241430,scaffold_2:420695:A:T,1e-05,1
86593,scaffold_14:6708:T:C,1e-05,1
197072,scaffold_1:866611:T:G,1e-05,1
248309,scaffold_2:706949:G:A,1e-05,1
360575,scaffold_5:644430:T:A,1e-05,1
440732,scaffold_7:1128262:G:A,1e-05,1
156005,scaffold_18:106191:G:A,1e-05,1
174806,scaffold_19:237117:G:A,1e-05,1
276440,scaffold_3:247148:A:G,1e-05,1
276814,scaffold_3:259722:A:G,1e-05,1
158568,scaffold_18:216623:C:T,1e-05,1
339607,scaffold_4:1260598:C:T,1e-05,1
472783,scaffold_8:1198587:G:A,1e-05,1
189884,scaffold_1:590599:A:G,1e-05,1
459154,scaffold_8:610062:G:T,1e-05,1
405404,scaffold_6:1038919:C:G,1e-05,1
224451,scaffold_1:1904254:C:T,1e-05,1
41407,scaffold_11:765695:G:C,1e-05,1
282605,scaffold_3:480948:T:C,1e-05,1
380221,scaffold_6:62294:G:C,1e-05,1
395225,scaffold_6:618868:G:T,1e-05,1
415921,scaffold_7:194453:T:C,1e-05,1
266469,scaffold_2:1435237:A:G,1e-05,1
268032,scaffold_2:1502138:G:A,1e-05,1
55095,scaffold_12:399342:T:C,1e-05,1
365647,scaffold_5:862252:C:G,1e-05,1
463403,scaffold_8:782362:C:T,1e-05,1
302238,scaffold_3:1235959:A:G,1e-05,1
299197,scaffold_3:1116378:T:C,1e-05,1
450479,scaffold_8:245590:G:A,1e-05,1
178300,scaffold_1:102393:G:A,1e-05,1
128039,scaffold_16:271347:G:C,1e-05,1
83218,scaffold_13:679936:G:A,1e-05,1
169979,scaffold_19:22330:A:C,1e-05,1
265125,scaffold_2:1379748:T:C,1e-05,1
33220,scaffold_11:438317:C:T,1e-05,1
329736,scaffold_4:861510:C:T,1e-05,1
419003,scaffold_7:304647:C:T,1e-05,1
368506,scaffold_5:968262:A:G,1e-05,1
380279,scaffold_6:64357:G:C,1e-05,1
30800,scaffold_11:304821:A:T,1e-05,1
294821,scaffold_3:939767:T:C,1e-05,1
109841,scaffold_15:199255:C:T,1e-05,1
301558,scaffold_3:1208995:G:A,1e-05,1
225387,scaffold_1:1936942:T:C,1e-05,1
55531,scaffold_12:416325:G:A,1e-05,1
494416,scaffold_9:838480:C:G,1e-05,1
249617,scaffold_2:769898:A:G,1e-05,1
392089,scaffold_6:496344:G:C,1e-05,1
481300,scaffold_9:313270:C:A,1e-05,1
365191,scaffold_5:846964:G:A,1e-05,1
423717,scaffold_7:476259:A:G,1e-05,1
178506,scaffold_1:111770:T:C,1e-05,1
280904,scaffold_3:415879:C:T,1e-05,1
203441,scaffold_1:1110783:C:A,1e-05,1
303722,scaffold_3:1291841:A:G,1e-05,1
37382,scaffold_11:606472:A:G,1e-05,1
184442,scaffold_1:365877:T:C,1e-05,1
371358,scaffold_5:1087109:C:T,1e-05,1
426952,scaffold_7:595181:T:C,1e-05,1
369720,scaffold_5:1014700:G:T,1e-05,1
169967,scaffold_19:21736:A:G,1e-05,1
34579,scaffold_11:490918:A:G,1e-05,1
216517,scaffold_1:1601581:T:C,1e-05,1
219918,scaffold_1:1730184:C:T,1e-05,1
355182,scaffold_5:419446:C:T,1e-05,1
422418,scaffold_7:430185:A:C,1e-05,1
317893,scaffold_4:391766:T:C,1e-05,1
213116,scaffold_1:1472838:G:A,1e-05,1
334250,scaffold_4:1021736:C:G,1e-05,1
348153,scaffold_5:150812:G:A,1e-05,1
148830,scaffold_17:455672:G:A,1e-05,1
488292,scaffold_9:575237:C:T,1e-05,1
447136,scaffold_8:115224:T:C,1e-05,1
477454,scaffold_9:141396:C:T,1e-05,1
398297,scaffold_6:736295:T:C,1e-05,1
184305,scaffold_1:360637:G:A,1e-05,1
263245,scaffold_2:1303194:A:G,1e-05,1
146935,scaffold_17:372798:C:T,1e-05,1
422037,scaffold_7:417070:A:G,1e-05,1
133272,scaffold_16:477751:G:T,1e-05,1
5307,scaffold_10:215522:T:C,1e-05,1
138323,scaffold_17:29771:T:G,1e-05,1
156523,scaffold_18:123711:A:T,1e-05,1
97334,scaffold_14:436488:G:A,1e-05,1
97526,scaffold_14:442619:T:C,1e-05,1
45478,scaffold_12:3970:C:G,1e-05,1
374218,scaffold_5:1204697:G:T,1e-05,1
158651,scaffold_18:221076:C:T,1e-05,1
16960,scaffold_10:686432:C:T,1e-05,1
206277,scaffold_1:1210524:C:A,1e-05,1
308982,scaffold_4:39591:C:G,1e-05,1
335304,scaffold_4:1066627:C:T,1e-05,1
223122,scaffold_1:1855881:T:C,1e-05,1
486282,scaffold_9:496905:C:T,1e-05,1
30481,scaffold_11:292907:G:A,1e-05,1
245254,scaffold_2:578609:A:G,1e-05,1
165714,scaffold_18:501761:G:A,1e-05,1
476697,scaffold_9:117710:A:C,1e-05,1
211158,scaffold_1:1395963:G:C,1e-05,1
433139,scaffold_7:842239:A:G,1e-05,1
59542,scaffold_12:581963:G:A,1e-05,1
243740,scaffold_2:513861:G:A,1e-05,1
440450,scaffold_7:1114539:T:G,1e-05,1
380406,scaffold_6:68319:T:C,1e-05,1
305073,scaffold_3:1344459:C:G,1e-05,1
41594,scaffold_11:772414:G:C,1e-05,1
251205,scaffold_2:833273:G:C,1e-05,1
80846,scaffold_13:590579:C:T,1e-05,1
326277,scaffold_4:724156:T:C,1e-05,1
402667,scaffold_6:910626:A:C,1e-05,1
466255,scaffold_8:903367:C:T,1e-05,1
291896,scaffold_3:828972:G:A,1e-05,1
348501,scaffold_5:162586:A:G,1e-05,1
381254,scaffold_6:99758:C:T,1e-05,1
110286,scaffold_15:213757:A:G,1e-05,1
48935,scaffold_12:146565:A:G,1e-05,1
483511,scaffold_9:396382:A:G,1e-05,1
80591,scaffold_13:580295:T:C,1e-05,1
330143,scaffold_4:874734:G:T,1e-05,1
456273,scaffold_8:490636:G:A,1e-05,1
166727,scaffold_18:541494:T:C,1e-05,1
90633,scaffold_14:168457:C:T,1e-05,1
390984,scaffold_6:452745:A:T,1e-05,1
417063,scaffold_7:234112:A:C,1e-05,1
132468,scaffold_16:442665:C:T,1e-05,1
153935,scaffold_18:28238:G:A,1e-05,1
305060,scaffold_3:1343758:C:T,1e-05,1
380153,scaffold_6:59922:G:C,1e-05,1
367677,scaffold_5:938314:A:G,1e-05,1
55264,scaffold_12:405134:C:G,1e-05,1
474135,scaffold_9:20501:C:T,1e-05,1
96968,scaffold_14:422333:T:A,1e-05,1
347988,scaffold_5:144891:T:C,1e-05,1
161583,scaffold_18:337354:T:G,1e-05,1
124082,scaffold_16:80118:A:C,1e-05,1
61872,scaffold_12:680931:G:A,1e-05,1
308836,scaffold_4:34890:T:C,1e-05,1
193856,scaffold_1:742810:G:A,1e-05,1
100069,scaffold_14:555096:C:A,1e-05,1
226753,scaffold_1:1990450:C:A,1e-05,1
359715,scaffold_5:612069:T:C,1e-05,1
60018,scaffold_12:599646:G:A,1e-05,1
236893,scaffold_2:219253:G:A,1e-05,1
308554,scaffold_4:24323:G:A,1e-05,1
476739,scaffold_9:119300:G:A,1e-05,1
202575,scaffold_1:1079314:G:C,1e-05,1
164027,scaffold_18:432282:C:G,1e-05,1
197397,scaffold_1:879238:C:T,1e-05,1
9592,scaffold_10:390336:G:A,1e-05,1
211606,scaffold_1:1410028:A:G,1e-05,1
352748,scaffold_5:328399:C:T,1e-05,1
264267,scaffold_2:1348039:A:G,1e-05,1
309976,scaffold_4:81332:C:T,1e-05,1
175394,scaffold_19:261263:C:G,1e-05,1
236384,scaffold_2:200525:A:C,1e-05,1
323610,scaffold_4:620349:G:A,1e-05,1
68238,scaffold_13:119671:A:T,1e-05,1
298149,scaffold_3:1077790:C:T,1e-05,1
243420,scaffold_2:499699:A:G,1e-05,1
491839,scaffold_9:720798:T:G,1e-05,1
306319,scaffold_3:1401519:C:A,1e-05,1
340020,scaffold_4:1282678:C:A,1e-05,1
238085,scaffold_2:271380:C:T,1e-05,1
429199,scaffold_7:682008:A:G,1e-05,1
378281,scaffold_5:1379925:C:A,1e-05,1
178910,scaffold_1:126457:G:C,1e-05,1
294960,scaffold_3:945503:G:C,1e-05,1
232090,scaffold_2:17831:C:T,1e-05,1
132872,scaffold_16:459764:G:C,1e-05,1
273806,scaffold_3:141559:T:C,1e-05,1
328556,scaffold_4:819072:G:A,1e-05,1
443398,scaffold_7:1236691:C:G,1e-05,1
34402,scaffold_11:482488:G:C,1e-05,1
174324,scaffold_19:218390:C:T,1e-05,1
331968,scaffold_4:940890:T:A,1e-05,1
59801,scaffold_12:591328:G:A,1e-05,1
199628,scaffold_1:968169:T:C,1e-05,1
398779,scaffold_6:757571:C:T,1e-05,1
283570,scaffold_3:514274:G:C,1e-05,1
227655,scaffold_1:2019780:C:G,1e-05,1
407389,scaffold_6:1135875:C:T,1e-05,1
28784,scaffold_11:217208:T:C,1e-05,1
382426,scaffold_6:140661:G:C,1e-05,1
48210,scaffold_12:114958:G:A,1e-05,1
227980,scaffold_1:2030573:C:T,1e-05,1
325567,scaffold_4:697557:A:G,1e-05,1
109193,scaffold_15:177468:T:C,1e-05,1
324409,scaffold_4:651394:G:A,1e-05,1
78985,scaffold_13:519254:C:T,1e-05,1
412958,scaffold_7:85966:G:T,1e-05,1
2730,scaffold_10:107066:C:G,1e-05,1
171353,scaffold_19:92477:G:C,1e-05,1
281888,scaffold_3:453721:C:G,1e-05,1
341639,scaffold_4:1350522:G:A,1e-05,1
98261,scaffold_14:479414:T:C,1e-05,1
324988,scaffold_4:674822:G:A,1e-05,1
88037,scaffold_14:67962:T:C,1e-05,1
451780,scaffold_8:298766:T:C,1e-05,1
352207,scaffold_5:308793:G:A,1e-05,1
447369,scaffold_8:124239:C:T,1e-05,1
432742,scaffold_7:822820:C:G,1e-05,1
33120,scaffold_11:434833:G:A,1e-05,1
443282,scaffold_7:1231778:T:C,1e-05,1
1531,scaffold_10:58920:T:G,1e-05,1
212248,scaffold_1:1435995:G:A,1e-05,1
204517,scaffold_1:1146924:T:C,1e-05,1
94497,scaffold_14:323338:C:T,1e-05,1
247580,scaffold_2:675764:C:T,1e-05,1
207023,scaffold_1:1237094:C:T,1e-05,1
6629,scaffold_10:270724:G:A,1e-05,1
450914,scaffold_8:262826:T:C,1e-05,1
56603,scaffold_12:459928:T:C,1e-05,1
246158,scaffold_2:615028:T:C,1e-05,1
16926,scaffold_10:685403:G:A,1e-05,1
455898,scaffold_8:476013:A:G,1e-05,1
23601,scaffold_10:986489:C:T,1e-05,1
24923,scaffold_11:50935:G:T,1e-05,1
285045,scaffold_3:569625:C:T,1e-05,1
483716,scaffold_9:403428:A:C,1e-05,1
131873,scaffold_16:419957:T:C,1e-05,1
467918,scaffold_8:977530:G:A,1e-05,1
93168,scaffold_14:276105:T:C,1e-05,1
468460,scaffold_8:1000880:C:T,1e-05,1
221558,scaffold_1:1799583:C:T,1e-05,1
151643,scaffold_17:585644:C:G,1e-05,1
286637,scaffold_3:627662:T:C,1e-05,1
294667,scaffold_3:934285:C:G,1e-05,1
407474,scaffold_6:1142866:A:T,1e-05,1
295506,scaffold_3:980240:C:G,1e-05,1
288186,scaffold_3:685221:C:T,1e-05,1
302612,scaffold_3:1249763:T:G,1e-05,1
407172,scaffold_6:1118215:A:G,1e-05,1
445475,scaffold_8:51212:C:T,1e-05,1
311437,scaffold_4:133587:A:C,1e-05,1
252223,scaffold_2:877417:C:T,1e-05,1
443406,scaffold_7:1237107:G:C,1e-05,1
344012,scaffold_4:1452123:G:C,1e-05,1
245270,scaffold_2:579018:A:T,1e-05,1
203079,scaffold_1:1099301:G:T,1e-05,1
423539,scaffold_7:470195:T:C,1e-05,1
25416,scaffold_11:72182:C:G,1e-05,1
117744,scaffold_15:512793:G:A,1e-05,1
238088,scaffold_2:271628:C:T,1e-05,1
189007,scaffold_1:556559:G:C,1e-05,1
461724,scaffold_8:714295:T:G,1e-05,1
217053,scaffold_1:1622463:C:T,1e-05,1
493983,scaffold_9:816993:C:T,1e-05,1
308850,scaffold_4:35336:T:C,1e-05,1
449665,scaffold_8:213979:C:T,1e-05,1
331050,scaffold_4:906749:G:A,1e-05,1
123401,scaffold_16:49650:A:C,1e-05,1
390005,scaffold_6:416442:G:A,1e-05,1
360265,scaffold_5:632785:G:A,1e-05,1
99352,scaffold_14:524757:G:C,1e-05,1
37750,scaffold_11:620251:C:G,1e-05,1
210250,scaffold_1:1363673:T:C,1e-05,1
313467,scaffold_4:211919:G:A,1e-05,1
468657,scaffold_8:1009001:G:A,1e-05,1
126353,scaffold_16:187000:A:C,1e-05,1
53875,scaffold_12:355535:A:G,1e-05,1
409190,scaffold_6:1213322:T:C,1e-05,1
65075,scaffold_12:821863:G:A,1e-05,1
167607,scaffold_18:572089:G:T,1e-05,1
168322,scaffold_18:601703:G:C,1e-05,1
110350,scaffold_15:216394:G:A,1e-05,1
477260,scaffold_9:135538:A:G,1e-05,1
461707,scaffold_8:713834:C:T,1e-05,1
459658,scaffold_8:632330:A:G,1e-05,1
77623,scaffold_13:472802:T:C,1e-05,1
470043,scaffold_8:1068345:T:A,1e-05,1
9488,scaffold_10:386498:C:A,1e-05,1
456507,scaffold_8:499852:T:G,1e-05,1
27707,scaffold_11:168226:A:T,1e-05,1
460811,scaffold_8:679448:A:G,1e-05,1
368490,scaffold_5:967704:A:G,1e-05,1
234189,scaffold_2:105298:C:T,1e-05,1
44166,scaffold_11:885884:A:G,1e-05,1
4250,scaffold_10:170325:A:G,1e-05,1
374038,scaffold_5:1197330:G:A,1e-05,1
306772,scaffold_3:1423879:A:G,1e-05,1
92695,scaffold_14:254326:G:A,1e-05,1
346290,scaffold_5:77414:G:A,1e-05,1
364792,scaffold_5:833302:G:A,1e-05,1
455960,scaffold_8:478263:T:C,1e-05,1
380829,scaffold_6:83275:C:T,1e-05,1
75164,scaffold_13:374773:G:A,1e-05,1
286727,scaffold_3:630472:G:C,1e-05,1
366746,scaffold_5:903946:G:C,1e-05,1
209915,scaffold_1:1351304:G:A,1e-05,1
351033,scaffold_5:262055:A:G,1e-05,1
283616,scaffold_3:516039:C:T,1e-05,1
488022,scaffold_9:564254:T:C,1e-05,1
324448,scaffold_4:653316:G:A,1e-05,1
208409,scaffold_1:1296723:A:G,1e-05,1
475543,scaffold_9:70903:G:T,1e-05,1
200855,scaffold_1:1016572:A:T,1e-05,1
128147,scaffold_16:277597:T:C,1e-05,1
396977,scaffold_6:688198:G:A,1e-05,1
437870,scaffold_7:1019719:T:C,1e-05,1
376823,scaffold_5:1314707:T:C,1e-05,1
242046,scaffold_2:443860:G:C,1e-05,1
16602,scaffold_10:672005:T:C,1e-05,1
489954,scaffold_9:638727:C:T,1e-05,1
467663,scaffold_8:966806:C:T,1e-05,1
37644,scaffold_11:615960:G:A,1e-05,1
474764,scaffold_9:44919:G:C,1e-05,1
466303,scaffold_8:905474:A:G,1e-05,1
108557,scaffold_15:155551:T:G,1e-05,1
317104,scaffold_4:364548:C:G,1e-05,1
343067,scaffold_4:1414060:T:G,1e-05,1
49072,scaffold_12:153434:T:C,1e-05,1
390683,scaffold_6:442519:A:C,1e-05,1
86346,scaffold_13:809171:C:T,1e-05,1
424875,scaffold_7:518330:A:G,1e-05,1
177892,scaffold_1:85336:T:C,1e-05,1
492015,scaffold_9:727567:C:T,1e-05,1
313422,scaffold_4:209705:C:G,1e-05,1
218982,scaffold_1:1695848:G:A,1e-05,1
108618,scaffold_15:157516:T:C,1e-05,1
6284,scaffold_10:257355:T:C,1e-05,1
259154,scaffold_2:1149230:T:C,1e-05,1
136402,scaffold_16:609873:C:T,1e-05,1
180737,scaffold_1:213511:A:G,1e-05,1
474265,scaffold_9:27093:T:C,1e-05,1
477533,scaffold_9:144369:C:T,1e-05,1
148468,scaffold_17:440537:C:A,1e-05,1
317086,scaffold_4:363937:C:T,1e-05,1
89440,scaffold_14:120715:T:C,1e-05,1
172131,scaffold_19:123569:T:C,1e-05,1
433238,scaffold_7:846788:A:G,1e-05,1
264072,scaffold_2:1340003:C:A,1e-05,1
195393,scaffold_1:803902:T:C,1e-05,1
256951,scaffold_2:1063875:C:T,1e-05,1
489029,scaffold_9:603352:G:C,1e-05,1
325106,scaffold_4:679243:C:T,1e-05,1
208210,scaffold_1:1289838:A:G,1e-05,1
264694,scaffold_2:1362975:A:G,1e-05,1
453328,scaffold_8:368683:T:G,1e-05,1
239765,scaffold_2:358097:T:C,1e-05,1
281030,scaffold_3:421910:T:G,1e-05,1
324530,scaffold_4:657491:C:G,1e-05,1
281592,scaffold_3:443135:A:G,1e-05,1
195014,scaffold_1:792291:T:C,1e-05,1
230634,scaffold_1:2135851:C:G,1e-05,1
203606,scaffold_1:1115642:C:G,1e-05,1
435150,scaffold_7:924151:C:G,1e-05,1
336911,scaffold_4:1128088:A:C,1e-05,1
133611,scaffold_16:490247:C:G,1e-05,1
419633,scaffold_7:326316:C:T,1e-05,1
279666,scaffold_3:366635:G:A,1e-05,1
371437,scaffold_5:1089951:C:T,1e-05,1
397307,scaffold_6:700895:G:A,1e-05,1
305035,scaffold_3:1342955:C:G,1e-05,1
77152,scaffold_13:456028:C:T,1e-05,1
447913,scaffold_8:146740:G:C,1e-05,1
56804,scaffold_12:467865:C:G,1e-05,1
298689,scaffold_3:1096397:G:A,1e-05,1
392633,scaffold_6:517456:C:G,1e-05,1
306027,scaffold_3:1389540:G:C,1e-05,1
301280,scaffold_3:1198400:G:A,1e-05,1
254887,scaffold_2:984068:C:T,1e-05,1
415179,scaffold_7:166469:A:G,1e-05,1
298309,scaffold_3:1083524:C:T,1e-05,1
206886,scaffold_1:1232273:T:C,1e-05,1
30401,scaffold_11:289489:T:C,1e-05,1
290323,scaffold_3:771780:C:T,1e-05,1
92147,scaffold_14:236545:A:T,1e-05,1
164368,scaffold_18:446223:A:G,1e-05,1
23232,scaffold_10:971584:T:C,1e-05,1
261505,scaffold_2:1240651:G:A,1e-05,1
314335,scaffold_4:259771:G:A,1e-05,1
227093,scaffold_1:2003683:C:T,1e-05,1
82754,scaffold_13:662685:T:G,1e-05,1
316304,scaffold_4:336153:A:G,1e-05,1
421627,scaffold_7:401602:C:T,1e-05,1
224199,scaffold_1:1896502:T:C,1e-05,1
394149,scaffold_6:581005:T:C,1e-05,1
389974,scaffold_6:415143:A:G,1e-05,1
432041,scaffold_7:796012:C:G,1e-05,1
319382,scaffold_4:445463:C:G,1e-05,1
435845,scaffold_7:949549:G:T,1e-05,1
325915,scaffold_4:710650:G:A,1e-05,1
432305,scaffold_7:806361:C:A,1e-05,1
235150,scaffold_2:149717:G:C,1e-05,1
194517,scaffold_1:766520:A:G,1e-05,1
123143,scaffold_16:35957:A:G,1e-05,1
140681,scaffold_17:122329:G:A,1e-05,1
181228,scaffold_1:232510:G:C,1e-05,1
102649,scaffold_14:654737:T:C,1e-05,1
217746,scaffold_1:1644665:A:G,1e-05,1
68311,scaffold_13:122509:G:A,1e-05,1
311285,scaffold_4:128224:G:C,1e-05,1
449515,scaffold_8:208880:C:T,1e-05,1
298097,scaffold_3:1075968:G:A,1e-05,1
425802,scaffold_7:550667:A:G,1e-05,1
399073,scaffold_6:768745:C:T,1e-05,1
148979,scaffold_17:460576:C:G,1e-05,1
50678,scaffold_12:217460:A:G,1e-05,1
354983,scaffold_5:412828:T:C,1e-05,1
477157,scaffold_9:132979:T:A,1e-05,1
397400,scaffold_6:704085:C:T,1e-05,1
305814,scaffold_3:1374723:A:G,1e-05,1
256307,scaffold_2:1041388:T:G,1e-05,1
335220,scaffold_4:1063713:T:C,1e-05,1
161612,scaffold_18:338457:C:T,1e-05,1
70357,scaffold_13:202194:C:G,1e-05,1
46345,scaffold_12:42615:C:T,1e-05,1
413429,scaffold_7:101638:A:T,1e-05,1
214228,scaffold_1:1512180:C:G,1e-05,1
373204,scaffold_5:1156508:G:A,1e-05,1
57661,scaffold_12:496760:T:C,1e-05,1
263350,scaffold_2:1307092:C:T,1e-05,1
474114,scaffold_9:19254:C:T,1e-05,1
398364,scaffold_6:739486:G:C,1e-05,1
323343,scaffold_4:609786:T:A,1e-05,1
90205,scaffold_14:153167:G:A,1e-05,1
3395,scaffold_10:132836:T:G,1e-05,1
412865,scaffold_7:83166:A:T,1e-05,1
451972,scaffold_8:306905:C:T,1e-05,1
219830,scaffold_1:1727423:T:G,1e-05,1
63749,scaffold_12:767987:G:T,1e-05,1
420750,scaffold_7:370395:G:T,1e-05,1
146532,scaffold_17:354590:G:A,1e-05,1
469327,scaffold_8:1039106:C:T,1e-05,1
463684,scaffold_8:792245:A:C,1e-05,1
108661,scaffold_15:159343:G:A,1e-05,1
167466,scaffold_18:567396:A:G,1e-05,1
290501,scaffold_3:777991:G:A,1e-05,1
226166,scaffold_1:1966258:G:A,1e-05,1
230597,scaffold_1:2134544:C:T,1e-05,1
128591,scaffold_16:293824:G:T,1e-05,1
170726,scaffold_19:53404:G:C,1e-05,1
41409,scaffold_11:765767:T:A,1e-05,1
489157,scaffold_9:607511:C:T,1e-05,1
20114,scaffold_10:835418:A:G,1e-05,1
495962,scaffold_9:911615:G:A,1e-05,1
11915,scaffold_10:484922:C:T,1e-05,1
478569,scaffold_9:210370:C:T,1e-05,1
335066,scaffold_4:1051427:G:T,1e-05,1
311026,scaffold_4:119543:A:G,1e-05,1
239966,scaffold_2:365743:A:G,1e-05,1
398826,scaffold_6:759442:G:A,1e-05,1
305346,scaffold_3:1354472:A:G,1e-05,1
30463,scaffold_11:292078:G:T,1e-05,1
318949,scaffold_4:430712:C:A,1e-05,1
364134,scaffold_5:811327:T:C,1e-05,1
247565,scaffold_2:675251:T:G,1e-05,1
369060,scaffold_5:988548:C:A,1e-05,1
457712,scaffold_8:548424:C:G,1e-05,1
245189,scaffold_2:576163:G:A,1e-05,1
97819,scaffold_14:456454:G:C,1e-05,1
49902,scaffold_12:188105:A:T,1e-05,1
437124,scaffold_7:995927:C:T,1e-05,1
376369,scaffold_5:1295390:T:C,1e-05,1
370342,scaffold_5:1039638:A:C,1e-05,1
223097,scaffold_1:1854840:A:G,1e-05,1
484278,scaffold_9:425154:G:A,1e-05,1
299073,scaffold_3:1112058:A:G,1e-05,1
309249,scaffold_4:50297:C:T,1e-05,1
167238,scaffold_18:560549:G:A,1e-05,1
20501,scaffold_10:851692:G:A,1e-05,1
481070,scaffold_9:306102:G:T,1e-05,1
393595,scaffold_6:555134:T:C,1e-05,1
351508,scaffold_5:282048:T:C,1e-05,1
109899,scaffold_15:200924:C:G,1e-05,1
227942,scaffold_1:2029487:T:C,1e-05,1
155042,scaffold_18:68885:T:G,1e-05,1
124593,scaffold_16:104211:G:A,1e-05,1
67362,scaffold_13:87030:A:G,1e-05,1
187554,scaffold_1:487811:T:A,1e-05,1
472361,scaffold_8:1181159:G:A,1e-05,1
494609,scaffold_9:845986:A:G,1e-05,1
371039,scaffold_5:1070610:C:T,1e-05,1
257456,scaffold_2:1083705:G:C,1e-05,1
64325,scaffold_12:793485:G:C,1e-05,1
58834,scaffold_12:545791:A:G,1e-05,1
431775,scaffold_7:784519:C:T,1e-05,1
471119,scaffold_8:1136427:C:T,1e-05,1
356271,scaffold_5:462635:C:T,1e-05,1
270195,scaffold_2:1604968:C:T,1e-05,1
380418,scaffold_6:68893:G:A,1e-05,1
396615,scaffold_6:675694:G:A,1e-05,1
229103,scaffold_1:2072471:G:A,1e-05,1
328222,scaffold_4:807225:G:A,1e-05,1
356537,scaffold_5:472044:C:G,1e-05,1
295491,scaffold_3:979159:T:G,1e-05,1
136284,scaffold_16:605620:G:T,1e-05,1
430993,scaffold_7:755746:A:G,1e-05,1
204245,scaffold_1:1136783:C:A,1e-05,1
256749,scaffold_2:1056591:A:C,1e-05,1
215768,scaffold_1:1573422:G:C,1e-05,1
231229,scaffold_1:2157158:C:T,1e-05,1
101408,scaffold_14:604965:A:G,1e-05,1
262276,scaffold_2:1266453:G:A,1e-05,1
429901,scaffold_7:711570:A:T,1e-05,1
147439,scaffold_17:396750:G:C,1e-05,1
374282,scaffold_5:1208344:A:T,1e-05,1
157455,scaffold_18:168689:C:A,1e-05,1
137134,scaffold_16:647743:C:T,1e-05,1
255126,scaffold_2:992590:C:T,1e-05,1
424135,scaffold_7:490028:T:C,1e-05,1
113170,scaffold_15:334548:G:C,1e-05,1
161383,scaffold_18:329500:A:T,1e-05,1
462394,scaffold_8:740673:A:C,1e-05,1
114326,scaffold_15:388625:C:G,1e-05,1
272949,scaffold_3:105681:G:A,1e-05,1
416630,scaffold_7:219598:C:T,1e-05,1
330721,scaffold_4:896541:T:C,1e-05,1
331527,scaffold_4:923246:G:A,1e-05,1
119325,scaffold_15:573460:T:C,1e-05,1
185975,scaffold_1:428619:C:G,1e-05,1
334758,scaffold_4:1038819:C:G,1e-05,1
459964,scaffold_8:642377:T:C,1e-05,1
302811,scaffold_3:1258560:G:A,1e-05,1
115557,scaffold_15:434115:A:G,1e-05,1
360798,scaffold_5:655045:C:G,1e-05,1
177295,scaffold_1:64306:G:A,1e-05,1
219512,scaffold_1:1714439:C:A,1e-05,1
68548,scaffold_13:131392:C:T,1e-05,1
220124,scaffold_1:1738203:T:C,1e-05,1
62674,scaffold_12:714962:T:C,1e-05,1
332864,scaffold_4:975236:T:C,1e-05,1
268578,scaffold_2:1530506:T:C,1e-05,1
29593,scaffold_11:256935:G:T,1e-05,1
413453,scaffold_7:103139:A:G,1e-05,1
321340,scaffold_4:528448:T:C,1e-05,1
412729,scaffold_7:78387:C:A,1e-05,1
39012,scaffold_11:672291:A:C,1e-05,1
373971,scaffold_5:1195304:G:A,1e-05,1
209405,scaffold_1:1332956:C:T,1e-05,1
30144,scaffold_11:279325:C:T,1e-05,1
95685,scaffold_14:366893:G:A,1e-05,1
301689,scaffold_3:1213905:G:A,1e-05,1
296585,scaffold_3:1023451:C:A,1e-05,1
383252,scaffold_6:172258:T:C,1e-05,1
40921,scaffold_11:747200:T:C,1e-05,1
469802,scaffold_8:1058929:C:T,1e-05,1
494332,scaffold_9:835693:T:C,1e-05,1
182389,scaffold_1:281458:C:A,1e-05,1
303310,scaffold_3:1276742:T:A,1e-05,1
252993,scaffold_2:909780:T:G,1e-05,1
180861,scaffold_1:219715:A:G,1e-05,1
258448,scaffold_2:1122843:G:C,1e-05,1
326806,scaffold_4:742984:C:A,1e-05,1
36389,scaffold_11:560965:C:T,1e-05,1
403951,scaffold_6:962330:T:C,1e-05,1
369573,scaffold_5:1010280:A:G,1e-05,1
86295,scaffold_13:807003:G:A,1e-05,1
423771,scaffold_7:478262:C:A,1e-05,1
246780,scaffold_2:641384:T:C,1e-05,1
74437,scaffold_13:349278:T:G,1e-05,1
155711,scaffold_18:93699:G:T,1e-05,1
305641,scaffold_3:1366706:T:A,1e-05,1
13083,scaffold_10:538195:G:A,1e-05,1
8313,scaffold_10:339832:T:C,1e-05,1
134563,scaffold_16:529534:C:T,1e-05,1
330023,scaffold_4:871280:C:A,1e-05,1
139495,scaffold_17:77150:C:T,1e-05,1
365209,scaffold_5:847526:T:A,1e-05,1
103007,scaffold_14:669117:G:A,1e-05,1
341586,scaffold_4:1348949:G:A,1e-05,1
385411,scaffold_6:251721:G:C,1e-05,1
486162,scaffold_9:491803:C:G,1e-05,1
194628,scaffold_1:776605:C:T,1e-05,1
11474,scaffold_10:470792:G:A,1e-05,1
216859,scaffold_1:1615166:T:C,1e-05,1
437163,scaffold_7:997245:C:A,1e-05,1
208205,scaffold_1:1289709:C:T,1e-05,1
234667,scaffold_2:132084:C:T,1e-05,1
342088,scaffold_4:1370961:G:C,1e-05,1
211292,scaffold_1:1400399:C:A,1e-05,1
22789,scaffold_10:955281:C:T,1e-05,1
111994,scaffold_15:295049:C:A,1e-05,1
209593,scaffold_1:1339825:G:C,1e-05,1
249641,scaffold_2:770387:C:A,1e-05,1
267136,scaffold_2:1464783:G:A,1e-05,1
358456,scaffold_5:560362:T:C,1e-05,1
241526,scaffold_2:424731:G:A,1e-05,1
2537,scaffold_10:98302:C:T,1e-05,1
193843,scaffold_1:742430:G:T,1e-05,1
242613,scaffold_2:465435:G:A,1e-05,1
218586,scaffold_1:1678296:C:A,1e-05,1
177446,scaffold_1:69936:C:T,1e-05,1
459306,scaffold_8:615759:A:G,1e-05,1
232387,scaffold_2:29777:C:T,1e-05,1
331900,scaffold_4:938340:T:C,1e-05,1
233783,scaffold_2:87475:T:A,1e-05,1
154830,scaffold_18:61796:C:T,1e-05,1
458,scaffold_10:18339:A:G,1e-05,1
429510,scaffold_7:695767:G:C,1e-05,1
282804,scaffold_3:486759:G:C,1e-05,1
379815,scaffold_6:47622:G:T,1e-05,1
445315,scaffold_8:44906:G:C,1e-05,1
255997,scaffold_2:1027294:C:T,1e-05,1
340325,scaffold_4:1295964:A:G,1e-05,1
23182,scaffold_10:969770:C:T,1e-05,1
242705,scaffold_2:469025:T:C,1e-05,1
189335,scaffold_1:569678:T:C,1e-05,1
427487,scaffold_7:615571:C:G,1e-05,1
175504,scaffold_19:264894:A:G,1e-05,1
45517,scaffold_12:5442:A:G,1e-05,1
6990,scaffold_10:284569:G:A,1e-05,1
149614,scaffold_17:502130:A:C,1e-05,1
467311,scaffold_8:951951:A:G,1e-05,1
71649,scaffold_13:249071:G:A,1e-05,1
170737,scaffold_19:53736:G:C,1e-05,1
154109,scaffold_18:34872:C:T,1e-05,1
290508,scaffold_3:778128:C:T,1e-05,1
259477,scaffold_2:1161082:C:T,1e-05,1
135279,scaffold_16:556623:G:C,1e-05,1
419248,scaffold_7:313452:C:G,1e-05,1
353741,scaffold_5:369684:G:C,1e-05,1
364211,scaffold_5:813748:G:T,1e-05,1
50730,scaffold_12:219310:G:A,1e-05,1
308874,scaffold_4:36220:C:G,1e-05,1
218583,scaffold_1:1678166:C:T,1e-05,1
326904,scaffold_4:746853:A:G,1e-05,1
391120,scaffold_6:457574:G:A,1e-05,1
169808,scaffold_19:15807:C:A,1e-05,1
310970,scaffold_4:116892:C:T,1e-05,1
19186,scaffold_10:796700:G:C,1e-05,1
106329,scaffold_15:41234:T:C,1e-05,1
184185,scaffold_1:355498:C:G,1e-05,1
307823,scaffold_3:1463589:C:G,1e-05,1
275367,scaffold_3:210202:T:C,1e-05,1
80818,scaffold_13:589223:A:G,1e-05,1
32122,scaffold_11:358311:A:T,1e-05,1
201451,scaffold_1:1037121:A:G,1e-05,1
142617,scaffold_17:202272:T:G,1e-05,1
289778,scaffold_3:747947:C:T,1e-05,1
477313,scaffold_9:136784:G:A,1e-05,1
8111,scaffold_10:330904:A:C,1e-05,1
463721,scaffold_8:793292:A:C,1e-05,1
94637,scaffold_14:328061:T:G,1e-05,1
128077,scaffold_16:272928:G:C,1e-05,1
466387,scaffold_8:907887:C:T,1e-05,1
108674,scaffold_15:160184:G:A,1e-05,1
213263,scaffold_1:1479425:T:C,1e-05,1
188028,scaffold_1:508372:A:G,1e-05,1
289604,scaffold_3:741350:A:G,1e-05,1
137351,scaffold_16:657183:C:T,1e-05,1
289642,scaffold_3:742673:G:A,1e-05,1
318137,scaffold_4:401128:T:C,1e-05,1
494358,scaffold_9:836249:C:G,1e-05,1
80499,scaffold_13:576419:T:C,1e-05,1
115928,scaffold_15:445844:T:C,1e-05,1
406311,scaffold_6:1085027:C:T,1e-05,1
392334,scaffold_6:505612:T:C,1e-05,1
349865,scaffold_5:217529:C:T,1e-05,1
33528,scaffold_11:450209:T:C,1e-05,1
340027,scaffold_4:1283072:T:C,1e-05,1
477026,scaffold_9:129527:T:C,1e-05,1
400544,scaffold_6:827074:G:C,1e-05,1
398451,scaffold_6:743400:A:G,1e-05,1
367031,scaffold_5:914515:G:A,1e-05,1
16205,scaffold_10:658161:A:G,1e-05,1
150610,scaffold_17:543938:C:A,1e-05,1
316856,scaffold_4:354987:A:C,1e-05,1
263129,scaffold_2:1298735:G:C,1e-05,1
442730,scaffold_7:1211262:G:A,1e-05,1
329044,scaffold_4:835732:A:C,1e-05,1
433125,scaffold_7:840101:T:G,1e-05,1
339125,scaffold_4:1237145:G:C,1e-05,1
33,scaffold_10:2059:G:A,1e-05,1
143258,scaffold_17:227369:C:T,1e-05,1
48489,scaffold_12:124898:C:A,1e-05,1
205114,scaffold_1:1166982:A:G,1e-05,1
241832,scaffold_2:436186:A:G,1e-05,1
192483,scaffold_1:691637:C:T,1e-05,1
96666,scaffold_14:408129:C:T,1e-05,1
415923,scaffold_7:194660:C:T,1e-05,1
268972,scaffold_2:1552987:C:G,1e-05,1
135996,scaffold_16:587881:T:G,1e-05,1
275681,scaffold_3:220123:C:G,1e-05,1
440415,scaffold_7:1113566:C:T,1e-05,1
274819,scaffold_3:181416:G:A,1e-05,1
378717,scaffold_5:1396024:T:G,1e-05,1
228541,scaffold_1:2053969:T:G,1e-05,1
387465,scaffold_6:327876:C:A,1e-05,1
241011,scaffold_2:405420:T:C,1e-05,1
1079,scaffold_10:44459:G:A,1e-05,1
321496,scaffold_4:534785:C:T,1e-05,1
416884,scaffold_7:228178:C:G,1e-05,1
172328,scaffold_19:133096:A:G,1e-05,1
305882,scaffold_3:1378215:G:T,1e-05,1
23202,scaffold_10:970407:C:T,1e-05,1
189209,scaffold_1:564426:A:T,1e-05,1
257217,scaffold_2:1073738:G:A,1e-05,1
113864,scaffold_15:363960:A:G,1e-05,1
278660,scaffold_3:327944:G:A,1e-05,1
136853,scaffold_16:629865:G:C,1e-05,1
35657,scaffold_11:529093:A:C,1e-05,1
57733,scaffold_12:499774:T:C,1e-05,1
47037,scaffold_12:68738:T:C,1e-05,1
376835,scaffold_5:1314986:G:A,1e-05,1
83466,scaffold_13:687455:G:A,1e-05,1
292378,scaffold_3:846383:C:G,1e-05,1
486117,scaffold_9:490582:G:T,1e-05,1
136267,scaffold_16:604586:C:T,1e-05,1
85077,scaffold_13:753853:C:T,1e-05,1
159495,scaffold_18:252569:T:G,1e-05,1
382380,scaffold_6:139448:C:T,1e-05,1
324892,scaffold_4:671568:T:C,1e-05,1
396431,scaffold_6:670465:A:T,1e-05,1
359075,scaffold_5:585118:T:C,1e-05,1
85135,scaffold_13:755540:A:G,1e-05,1
24441,scaffold_11:34444:A:G,1e-05,1
139446,scaffold_17:75092:A:G,1e-05,1
370081,scaffold_5:1027419:C:T,1e-05,1
433743,scaffold_7:867234:G:A,1e-05,1
45568,scaffold_12:7835:G:A,1e-05,1
346752,scaffold_5:94540:C:G,1e-05,1
424985,scaffold_7:522738:C:T,1e-05,1
432929,scaffold_7:828315:G:C,1e-05,1
452710,scaffold_8:343367:G:A,1e-05,1
109088,scaffold_15:174563:C:T,1e-05,1
183608,scaffold_1:333364:A:G,1e-05,1
425796,scaffold_7:550413:C:T,1e-05,1
266520,scaffold_2:1437634:T:C,1e-05,1
462878,scaffold_8:760820:T:C,1e-05,1
420946,scaffold_7:377887:G:A,1e-05,1
242631,scaffold_2:466025:G:A,1e-05,1
30710,scaffold_11:301213:C:T,1e-05,1
84824,scaffold_13:742868:G:A,1e-05,1
200169,scaffold_1:992023:C:A,1e-05,1
43238,scaffold_11:845192:A:G,1e-05,1
211850,scaffold_1:1418965:C:T,1e-05,1
353488,scaffold_5:359837:A:G,1e-05,1
47595,scaffold_12:91273:G:A,1e-05,1
155772,scaffold_18:96039:G:T,1e-05,1
170020,scaffold_19:24073:C:T,1e-05,1
243997,scaffold_2:524578:T:A,1e-05,1
245971,scaffold_2:604598:G:A,1e-05,1
469099,scaffold_8:1031233:A:C,1e-05,1
18787,scaffold_10:761571:C:A,1e-05,1
172423,scaffold_19:136561:T:G,1e-05,1
293901,scaffold_3:907585:T:C,1e-05,1
488663,scaffold_9:590570:C:A,1e-05,1
250107,scaffold_2:789264:A:G,1e-05,1
431081,scaffold_7:758674:T:C,1e-05,1
343179,scaffold_4:1420092:G:A,1e-05,1
408092,scaffold_6:1170815:A:C,1e-05,1
975,scaffold_10:39914:T:A,1e-05,1
18814,scaffold_10:762564:G:A,1e-05,1
305032,scaffold_3:1342864:T:C,1e-05,1
80411,scaffold_13:572870:C:T,1e-05,1
12373,scaffold_10:504593:C:T,1e-05,1
83029,scaffold_13:673280:G:A,1e-05,1
254036,scaffold_2:951281:T:C,1e-05,1
222312,scaffold_1:1825502:T:C,1e-05,1
96909,scaffold_14:420195:A:C,1e-05,1
270263,scaffold_2:1607193:G:A,1e-05,1
59052,scaffold_12:556678:A:T,1e-05,1
34008,scaffold_11:468387:C:T,1e-05,1
255283,scaffold_2:997969:G:A,1e-05,1
457745,scaffold_8:549551:T:G,1e-05,1
234362,scaffold_2:114823:C:A,1e-05,1
374033,scaffold_5:1197166:C:G,1e-05,1
237676,scaffold_2:254319:T:C,1e-05,1
243713,scaffold_2:512495:T:C,1e-05,1
434531,scaffold_7:897138:C:T,1e-05,1
166016,scaffold_18:514658:T:C,1e-05,1
458930,scaffold_8:599654:C:T,1e-05,1
267555,scaffold_2:1482493:C:A,1e-05,1
230198,scaffold_1:2119900:T:C,1e-05,1
415411,scaffold_7:174105:A:G,1e-05,1
136087,scaffold_16:591918:T:C,1e-05,1
378839,scaffold_6:5784:C:G,1e-05,1
38002,scaffold_11:632750:C:T,1e-05,1
46447,scaffold_12:46944:A:G,1e-05,1
428346,scaffold_7:647929:A:G,1e-05,1
460197,scaffold_8:651899:A:G,1e-05,1
156721,scaffold_18:131711:C:T,1e-05,1
441549,scaffold_7:1161444:T:G,1e-05,1
296940,scaffold_3:1034707:G:C,1e-05,1
48698,scaffold_12:137205:T:G,1e-05,1
165682,scaffold_18:500070:C:G,1e-05,1
58556,scaffold_12:534398:G:C,1e-05,1
138426,scaffold_17:33122:C:G,1e-05,1
268196,scaffold_2:1511876:A:G,1e-05,1
1920,scaffold_10:74219:T:G,1e-05,1
361919,scaffold_5:719898:C:A,1e-05,1
335624,scaffold_4:1079435:G:A,1e-05,1
199904,scaffold_1:983465:T:C,1e-05,1
492419,scaffold_9:750907:G:C,1e-05,1
458337,scaffold_8:575113:G:T,1e-05,1
214524,scaffold_1:1523625:G:A,1e-05,1
247406,scaffold_2:668788:A:G,1e-05,1
254244,scaffold_2:959533:G:C,1e-05,1
488360,scaffold_9:577968:C:T,1e-05,1
338437,scaffold_4:1211255:C:T,1e-05,1
154462,scaffold_18:46647:G:A,1e-05,1
167507,scaffold_18:568644:T:C,1e-05,1
215332,scaffold_1:1557077:C:T,1e-05,1
273884,scaffold_3:144316:T:C,1e-05,1
399460,scaffold_6:783284:A:T,1e-05,1
138563,scaffold_17:40041:A:G,1e-05,1
140081,scaffold_17:98879:C:G,1e-05,1
212319,scaffold_1:1438305:A:G,1e-05,1
211801,scaffold_1:1417325:G:T,1e-05,1
109065,scaffold_15:173826:G:C,1e-05,1
456118,scaffold_8:483464:C:T,1e-05,1
435361,scaffold_7:930815:G:A,1e-05,1
307316,scaffold_3:1444782:T:G,1e-05,1
312325,scaffold_4:168251:C:G,1e-05,1
475916,scaffold_9:88610:G:A,1e-05,1
337312,scaffold_4:1140502:G:A,1e-05,1
298161,scaffold_3:1078140:G:A,1e-05,1
152658,scaffold_17:624673:C:T,1e-05,1
268369,scaffold_2:1520146:C:T,1e-05,1
270903,scaffold_3:18722:T:C,1e-05,1
56881,scaffold_12:470771:A:G,1e-05,1
84469,scaffold_13:728127:C:T,1e-05,1
134741,scaffold_16:536253:G:A,1e-05,1
346982,scaffold_5:108029:T:C,1e-05,1
93250,scaffold_14:278502:T:C,1e-05,1
29157,scaffold_11:237174:A:G,1e-05,1
118224,scaffold_15:532352:T:C,1e-05,1
28212,scaffold_11:190045:C:A,1e-05,1
276172,scaffold_3:236470:G:A,1e-05,1
134332,scaffold_16:520875:C:A,1e-05,1
447202,scaffold_8:117696:A:G,1e-05,1
28333,scaffold_11:196725:C:G,1e-05,1
120482,scaffold_15:623028:C:A,1e-05,1
459372,scaffold_8:618473:G:A,1e-05,1
445789,scaffold_8:63004:T:C,1e-05,1
60022,scaffold_12:599691:C:T,1e-05,1
330969,scaffold_4:904586:G:C,1e-05,1
260526,scaffold_2:1201820:T:C,1e-05,1
276781,scaffold_3:258463:G:A,1e-05,1
476853,scaffold_9:123814:A:G,1e-05,1
247810,scaffold_2:684401:T:C,1e-05,1
293655,scaffold_3:897526:A:T,1e-05,1
164866,scaffold_18:466160:C:A,1e-05,1
439017,scaffold_7:1061992:T:C,1e-05,1
28789,scaffold_11:217346:C:G,1e-05,1
90252,scaffold_14:154390:G:A,1e-05,1
141231,scaffold_17:145390:C:G,1e-05,1
461057,scaffold_8:688479:G:C,1e-05,1
338152,scaffold_4:1202078:C:T,1e-05,1
423513,scaffold_7:469449:C:A,1e-05,1
456075,scaffold_8:481997:G:C,1e-05,1
229996,scaffold_1:2109925:C:G,1e-05,1
153950,scaffold_18:28721:A:G,1e-05,1
147558,scaffold_17:402429:C:T,1e-05,1
307293,scaffold_3:1443922:G:A,1e-05,1
235389,scaffold_2:157636:G:A,1e-05,1
132211,scaffold_16:431375:A:C,1e-05,1
14453,scaffold_10:594054:T:C,1e-05,1
373908,scaffold_5:1193204:A:G,1e-05,1
81733,scaffold_13:624551:C:G,1e-05,1
326590,scaffold_4:735871:A:G,1e-05,1
405032,scaffold_6:1020041:C:T,1e-05,1
446813,scaffold_8:102587:A:C,1e-05,1
200147,scaffold_1:991481:G:A,1e-05,1
155529,scaffold_18:86711:A:G,1e-05,1
79158,scaffold_13:525366:C:A,1e-05,1
350747,scaffold_5:249681:C:T,1e-05,1
145736,scaffold_17:322428:C:G,1e-05,1
316107,scaffold_4:328638:C:A,1e-05,1
132101,scaffold_16:427750:G:A,1e-05,1
182068,scaffold_1:268607:C:T,1e-05,1
251964,scaffold_2:866225:G:A,1e-05,1
356426,scaffold_5:468157:G:T,1e-05,1
466060,scaffold_8:894465:A:G,1e-05,1
121961,scaffold_15:687711:C:G,1e-05,1
414642,scaffold_7:148141:A:G,1e-05,1
245425,scaffold_2:584491:T:C,1e-05,1
198316,scaffold_1:914160:C:G,1e-05,1
431442,scaffold_7:771723:C:G,1e-05,1
317036,scaffold_4:362442:C:T,1e-05,1
182984,scaffold_1:311186:C:T,1e-05,1
258754,scaffold_2:1134379:C:A,1e-05,1
353215,scaffold_5:348545:G:C,1e-05,1
156965,scaffold_18:140442:C:T,1e-05,1
418441,scaffold_7:282063:G:A,1e-05,1
48692,scaffold_12:136919:T:C,1e-05,1
330531,scaffold_4:888946:G:A,1e-05,1
212339,scaffold_1:1438892:G:A,1e-05,1
15754,scaffold_10:642351:G:A,1e-05,1
254160,scaffold_2:956076:A:G,1e-05,1
278300,scaffold_3:315779:T:C,1e-05,1
78359,scaffold_13:498599:A:G,1e-05,1
480565,scaffold_9:287237:C:A,1e-05,1
353483,scaffold_5:359534:A:G,1e-05,1
283656,scaffold_3:517161:G:A,1e-05,1
312250,scaffold_4:164688:C:A,1e-05,1
358016,scaffold_5:542886:G:C,1e-05,1
384625,scaffold_6:219849:A:C,1e-05,1
434717,scaffold_7:906085:A:G,1e-05,1
225102,scaffold_1:1927187:A:G,1e-05,1
218619,scaffold_1:1680257:T:C,1e-05,1
311446,scaffold_4:133950:C:G,1e-05,1
157098,scaffold_18:145094:G:A,1e-05,1
319737,scaffold_4:462380:G:A,1e-05,1
135261,scaffold_16:555987:G:T,1e-05,1
76174,scaffold_13:415237:A:G,1e-05,1
414031,scaffold_7:124434:C:A,1e-05,1
326350,scaffold_4:727129:T:C,1e-05,1
171547,scaffold_19:99961:C:T,1e-05,1
208770,scaffold_1:1309107:G:A,1e-05,1
357536,scaffold_5:522650:G:A,1e-05,1
441143,scaffold_7:1143549:C:T,1e-05,1
339266,scaffold_4:1242043:C:T,1e-05,1
489156,scaffold_9:607475:C:T,1e-05,1
134679,scaffold_16:533234:G:A,1e-05,1
86486,scaffold_14:3597:G:T,1e-05,1
430391,scaffold_7:732057:G:A,1e-05,1
211048,scaffold_1:1392006:T:C,1e-05,1
280167,scaffold_3:384730:A:G,1e-05,1
298642,scaffold_3:1094693:A:G,1e-05,1
92129,scaffold_14:236013:G:C,1e-05,1
85418,scaffold_13:769920:A:G,1e-05,1
371769,scaffold_5:1104689:C:G,1e-05,1
171262,scaffold_19:85644:G:C,1e-05,1
39125,scaffold_11:676351:T:C,1e-05,1
143509,scaffold_17:237596:C:G,1e-05,1
126427,scaffold_16:190510:T:C,1e-05,1
87633,scaffold_14:52887:G:T,1e-05,1
240294,scaffold_2:378184:G:A,1e-05,1
318005,scaffold_4:396292:G:A,1e-05,1
204940,scaffold_1:1161033:T:C,1e-05,1
30532,scaffold_11:294298:G:A,1e-05,1
368865,scaffold_5:981063:C:G,1e-05,1
161133,scaffold_18:318266:G:T,1e-05,1
338825,scaffold_4:1226136:T:C,1e-05,1
72729,scaffold_13:288857:G:A,1e-05,1
465434,scaffold_8:865488:T:G,1e-05,1
103562,scaffold_14:690718:T:C,1e-05,1
20772,scaffold_10:863692:A:G,1e-05,1
110675,scaffold_15:227668:T:C,1e-05,1
189498,scaffold_1:576013:C:T,1e-05,1
137721,scaffold_17:8661:C:T,1e-05,1
185251,scaffold_1:400634:G:A,1e-05,1
350286,scaffold_5:233028:G:A,1e-05,1
156480,scaffold_18:122409:T:C,1e-05,1
170298,scaffold_19:33420:A:G,1e-05,1
88905,scaffold_14:98475:G:A,1e-05,1
321426,scaffold_4:531512:G:A,1e-05,1
93856,scaffold_14:301271:G:A,1e-05,1
403117,scaffold_6:928295:C:T,1e-05,1
267347,scaffold_2:1473498:G:C,1e-05,1
371646,scaffold_5:1097535:C:G,1e-05,1
412248,scaffold_7:61235:G:A,1e-05,1
154073,scaffold_18:33783:A:G,1e-05,1
381568,scaffold_6:110237:T:C,1e-05,1
58882,scaffold_12:548207:G:A,1e-05,1
373192,scaffold_5:1156187:G:A,1e-05,1
26316,scaffold_11:107826:T:G,1e-05,1
63813,scaffold_12:769778:A:C,1e-05,1
98152,scaffold_14:475696:C:G,1e-05,1
312657,scaffold_4:182010:T:C,1e-05,1
308114,scaffold_4:7004:G:C,1e-05,1
88405,scaffold_14:80170:T:C,1e-05,1
345936,scaffold_5:64352:T:C,1e-05,1
374926,scaffold_5:1235276:G:A,1e-05,1
452424,scaffold_8:333745:T:C,1e-05,1
29391,scaffold_11:248431:A:T,1e-05,1
79773,scaffold_13:547203:G:C,1e-05,1
435875,scaffold_7:951028:G:A,1e-05,1
139977,scaffold_17:95322:C:A,1e-05,1
426556,scaffold_7:577674:G:A,1e-05,1
126206,scaffold_16:181917:A:C,1e-05,1
218757,scaffold_1:1686416:G:A,1e-05,1
116094,scaffold_15:450626:G:C,1e-05,1
190279,scaffold_1:606879:A:G,1e-05,1
75191,scaffold_13:376172:G:C,1e-05,1
104829,scaffold_14:740005:G:C,1e-05,1
323395,scaffold_4:612457:C:T,1e-05,1
181832,scaffold_1:258646:T:C,1e-05,1
164605,scaffold_18:454730:C:T,1e-05,1
242781,scaffold_2:473345:T:C,1e-05,1
480592,scaffold_9:288388:T:C,1e-05,1
396973,scaffold_6:688045:C:T,1e-05,1
434422,scaffold_7:892312:G:A,1e-05,1
457493,scaffold_8:539700:A:C,1e-05,1
384793,scaffold_6:226351:C:G,1e-05,1
237360,scaffold_2:238471:T:G,1e-05,1
174381,scaffold_19:220473:G:C,1e-05,1
24672,scaffold_11:41725:T:G,1e-05,1
340998,scaffold_4:1325214:C:G,1e-05,1
481456,scaffold_9:319649:A:G,1e-05,1
320405,scaffold_4:488802:T:C,1e-05,1
219337,scaffold_1:1708449:A:C,1e-05,1
412392,scaffold_7:66949:T:C,1e-05,1
155625,scaffold_18:90817:T:G,1e-05,1
204283,scaffold_1:1138593:T:A,1e-05,1
66324,scaffold_13:43074:G:C,1e-05,1
392394,scaffold_6:507533:T:C,1e-05,1
298004,scaffold_3:1072118:G:A,1e-05,1
198798,scaffold_1:935097:C:G,1e-05,1
182360,scaffold_1:280440:C:T,1e-05,1
474015,scaffold_9:16424:A:C,1e-05,1
119376,scaffold_15:574767:G:A,1e-05,1
183941,scaffold_1:346999:A:G,1e-05,1
188929,scaffold_1:553301:A:G,1e-05,1
328703,scaffold_4:824732:T:C,1e-05,1
96471,scaffold_14:400586:T:C,1e-05,1
161738,scaffold_18:343386:C:T,1e-05,1
486068,scaffold_9:488949:G:A,1e-05,1
495294,scaffold_9:879677:G:T,1e-05,1
442975,scaffold_7:1219969:G:T,1e-05,1
403275,scaffold_6:937424:T:A,1e-05,1
435575,scaffold_7:939514:G:T,1e-05,1
294282,scaffold_3:921569:G:T,1e-05,1
24438,scaffold_11:34306:C:G,1e-05,1
487183,scaffold_9:534041:A:G,1e-05,1
16744,scaffold_10:678570:A:G,1e-05,1
172396,scaffold_19:135272:G:A,1e-05,1
107971,scaffold_15:129796:C:T,1e-05,1
207628,scaffold_1:1267768:A:G,1e-05,1
253140,scaffold_2:915404:G:A,1e-05,1
32434,scaffold_11:372315:C:T,1e-05,1
493947,scaffold_9:814952:G:A,1e-05,1
176277,scaffold_1:20354:C:T,1e-05,1
365682,scaffold_5:864055:G:T,1e-05,1
450806,scaffold_8:259022:G:A,1e-05,1
112680,scaffold_15:318706:G:T,1e-05,1
7636,scaffold_10:312312:C:A,1e-05,1
46779,scaffold_12:60329:C:T,1e-05,1
183463,scaffold_1:327821:G:C,1e-05,1
138661,scaffold_17:43948:C:T,1e-05,1
198943,scaffold_1:941339:G:A,1e-05,1
214040,scaffold_1:1506257:G:A,1e-05,1
493598,scaffold_9:796299:C:T,1e-05,1
398042,scaffold_6:727805:T:C,1e-05,1
124618,scaffold_16:105275:T:G,1e-05,1
148174,scaffold_17:429742:A:G,1e-05,1
130880,scaffold_16:376835:A:G,1e-05,1
276501,scaffold_3:248999:A:G,1e-05,1
64395,scaffold_12:796126:G:C,1e-05,1
110212,scaffold_15:211594:A:T,1e-05,1
245068,scaffold_2:570062:G:C,1e-05,1
1722,scaffold_10:65487:T:G,1e-05,1
70458,scaffold_13:205447:G:C,1e-05,1
154165,scaffold_18:36582:A:G,1e-05,1
11049,scaffold_10:455314:G:C,1e-05,1
464144,scaffold_8:811476:A:G,1e-05,1
141910,scaffold_17:174043:G:T,1e-05,1
137647,scaffold_17:6007:C:A,1e-05,1
389043,scaffold_6:381232:A:G,1e-05,1
450017,scaffold_8:228231:C:G,1e-05,1
447786,scaffold_8:140700:C:A,1e-05,1
213955,scaffold_1:1502548:G:A,1e-05,1
30975,scaffold_11:310639:A:G,1e-05,1
104795,scaffold_14:737919:G:A,1e-05,1
76552,scaffold_13:432152:C:A,1e-05,1
159241,scaffold_18:243954:C:T,1e-05,1
390754,scaffold_6:445347:C:T,1e-05,1
9167,scaffold_10:373549:G:C,1e-05,1
244224,scaffold_2:532848:G:C,1e-05,1
125520,scaffold_16:149767:T:C,1e-05,1
341613,scaffold_4:1349695:G:A,1e-05,1
217040,scaffold_1:1621999:G:A,1e-05,1
284093,scaffold_3:530515:G:A,1e-05,1
102803,scaffold_14:661295:G:A,1e-05,1
450818,scaffold_8:259274:T:C,1e-05,1
23110,scaffold_10:967557:C:T,1e-05,1
298616,scaffold_3:1093477:C:T,1e-05,1
157193,scaffold_18:151303:C:T,1e-05,1
371822,scaffold_5:1106830:A:T,1e-05,1
340327,scaffold_4:1296022:G:A,1e-05,1
98821,scaffold_14:501395:T:C,1e-05,1
419403,scaffold_7:318808:T:C,1e-05,1
283935,scaffold_3:525544:T:C,1e-05,1
50961,scaffold_12:229231:C:T,1e-05,1
459209,scaffold_8:612468:C:G,1e-05,1
146806,scaffold_17:368491:A:G,1e-05,1
339145,scaffold_4:1237737:C:G,1e-05,1
167839,scaffold_18:581074:G:A,1e-05,1
12106,scaffold_10:490755:G:A,1e-05,1
417966,scaffold_7:263550:C:G,1e-05,1
242013,scaffold_2:442823:A:G,1e-05,1
379766,scaffold_6:45789:C:T,1e-05,1
325247,scaffold_4:684214:G:C,1e-05,1
177026,scaffold_1:53323:C:G,1e-05,1
283843,scaffold_3:522146:A:G,1e-05,1
65750,scaffold_13:21747:G:A,1e-05,1
265159,scaffold_2:1380767:G:A,1e-05,1
362374,scaffold_5:740368:G:A,1e-05,1
106409,scaffold_15:45271:G:A,1e-05,1
385317,scaffold_6:247913:A:G,1e-05,1
212753,scaffold_1:1455239:G:C,1e-05,1
89677,scaffold_14:132286:T:G,1e-05,1
112169,scaffold_15:301990:G:A,1e-05,1
132059,scaffold_16:426174:C:T,1e-05,1
168519,scaffold_18:611379:G:A,1e-05,1
483391,scaffold_9:391331:A:C,1e-05,1
308518,scaffold_4:22662:T:C,1e-05,1
362026,scaffold_5:723734:C:T,1e-05,1
277138,scaffold_3:272757:G:A,1e-05,1
124025,scaffold_16:78570:A:G,1e-05,1
197792,scaffold_1:894078:T:A,1e-05,1
445578,scaffold_8:55228:G:A,1e-05,1
137119,scaffold_16:647267:G:A,1e-05,1
167022,scaffold_18:552249:C:T,1e-05,1
236088,scaffold_2:184885:A:T,1e-05,1
148211,scaffold_17:431420:G:A,1e-05,1
305721,scaffold_3:1370390:G:C,1e-05,1
267611,scaffold_2:1484929:C:A,1e-05,1
70608,scaffold_13:212187:C:T,1e-05,1
440945,scaffold_7:1136069:G:T,1e-05,1
429805,scaffold_7:708986:T:A,1e-05,1
278793,scaffold_3:332633:T:C,1e-05,1
388668,scaffold_6:367580:C:T,1e-05,1
88944,scaffold_14:100202:T:C,1e-05,1
90068,scaffold_14:148314:A:G,1e-05,1
176980,scaffold_1:51156:G:A,1e-05,1
318007,scaffold_4:396433:G:A,1e-05,1
30774,scaffold_11:303822:C:T,1e-05,1
428747,scaffold_7:665088:G:A,1e-05,1
433830,scaffold_7:870078:C:T,1e-05,1
391389,scaffold_6:467178:A:G,1e-05,1
367313,scaffold_5:925805:G:A,1e-05,1
479423,scaffold_9:242276:C:T,1e-05,1
465513,scaffold_8:868900:G:T,1e-05,1
90136,scaffold_14:150400:A:G,1e-05,1
448281,scaffold_8:161468:G:A,1e-05,1
459574,scaffold_8:628293:A:G,1e-05,1
313227,scaffold_4:202973:G:A,1e-05,1
49272,scaffold_12:161141:G:A,1e-05,1
304368,scaffold_3:1320967:G:A,1e-05,1
77821,scaffold_13:479729:G:A,1e-05,1
88180,scaffold_14:72502:A:G,1e-05,1
10322,scaffold_10:420302:C:A,1e-05,1
304771,scaffold_3:1334981:C:T,1e-05,1
244455,scaffold_2:545312:T:G,1e-05,1
29271,scaffold_11:242136:C:T,1e-05,1
427098,scaffold_7:600328:A:G,1e-05,1
370143,scaffold_5:1030436:C:T,1e-05,1
92137,scaffold_14:236319:A:G,1e-05,1
56194,scaffold_12:444532:A:G,1e-05,1
491578,scaffold_9:709758:G:C,1e-05,1
254302,scaffold_2:962195:G:A,1e-05,1
255392,scaffold_2:1002179:G:A,1e-05,1
172912,scaffold_19:164623:A:G,1e-05,1
62005,scaffold_12:686636:C:A,1e-05,1
138898,scaffold_17:53049:G:A,1e-05,1
33922,scaffold_11:465148:A:C,1e-05,1
319195,scaffold_4:438954:C:T,1e-05,1
333575,scaffold_4:999057:A:G,1e-05,1
89415,scaffold_14:119936:G:T,1e-05,1
60370,scaffold_12:614006:G:A,1e-05,1
225521,scaffold_1:1942045:A:G,1e-05,1
33911,scaffold_11:464709:G:T,1e-05,1
388470,scaffold_6:361312:A:G,1e-05,1
417310,scaffold_7:241679:G:A,1e-05,1
107094,scaffold_15:85475:C:T,1e-05,1
346325,scaffold_5:78200:C:A,1e-05,1
308397,scaffold_4:17737:C:G,1e-05,1
453693,scaffold_8:383162:C:T,1e-05,1
338983,scaffold_4:1231385:G:A,1e-05,1
257201,scaffold_2:1072887:C:G,1e-05,1
327344,scaffold_4:768649:A:T,1e-05,1
334426,scaffold_4:1028542:G:A,1e-05,1
146013,scaffold_17:335289:C:A,1e-05,1
163358,scaffold_18:406362:C:T,1e-05,1
229188,scaffold_1:2076387:G:A,1e-05,1
394526,scaffold_6:594791:C:A,1e-05,1
373963,scaffold_5:1195016:G:A,1e-05,1
381990,scaffold_6:123015:T:G,1e-05,1
474704,scaffold_9:43122:G:C,1e-05,1
380875,scaffold_6:84725:C:T,1e-05,1
494572,scaffold_9:844891:C:A,1e-05,1
213382,scaffold_1:1483175:T:G,1e-05,1
345024,scaffold_5:19989:C:A,1e-05,1
226650,scaffold_1:1987176:G:T,1e-05,1
268279,scaffold_2:1516768:G:T,1e-05,1
108846,scaffold_15:166177:T:G,1e-05,1
378118,scaffold_5:1373390:C:A,1e-05,1
419258,scaffold_7:313650:C:T,1e-05,1
171518,scaffold_19:99095:C:A,1e-05,1
255718,scaffold_2:1015566:C:T,1e-05,1
148154,scaffold_17:428407:T:C,1e-05,1
382987,scaffold_6:163092:A:G,1e-05,1
454231,scaffold_8:405463:G:A,1e-05,1
236935,scaffold_2:220452:A:G,1e-05,1
117798,scaffold_15:515147:A:G,1e-05,1
313627,scaffold_4:220335:T:C,1e-05,1
296259,scaffold_3:1011661:A:G,1e-05,1
32035,scaffold_11:354450:A:T,1e-05,1
402705,scaffold_6:911881:G:A,1e-05,1
245888,scaffold_2:602726:C:T,1e-05,1
27446,scaffold_11:158418:C:T,1e-05,1
389917,scaffold_6:412934:G:A,1e-05,1
138254,scaffold_17:27317:T:G,1e-05,1
35798,scaffold_11:537240:T:C,1e-05,1
404755,scaffold_6:997748:C:T,1e-05,1
327181,scaffold_4:758081:A:G,1e-05,1
202692,scaffold_1:1084149:G:T,1e-05,1
188893,scaffold_1:552035:C:G,1e-05,1
186774,scaffold_1:458255:G:C,1e-05,1
1664,scaffold_10:63649:C:T,1e-05,1
323704,scaffold_4:623917:A:C,1e-05,1
162751,scaffold_18:382756:C:T,1e-05,1
37348,scaffold_11:605407:C:T,1e-05,1
131757,scaffold_16:415293:A:T,1e-05,1
190631,scaffold_1:619439:A:G,1e-05,1
368579,scaffold_5:970389:C:G,1e-05,1
234885,scaffold_2:139597:A:G,1e-05,1
405122,scaffold_6:1023296:T:C,1e-05,1
26652,scaffold_11:120309:C:T,1e-05,1
209777,scaffold_1:1345980:C:T,1e-05,1
68051,scaffold_13:112759:C:T,1e-05,1
450308,scaffold_8:238766:C:A,1e-05,1
191060,scaffold_1:635078:T:G,1e-05,1
38579,scaffold_11:655750:A:G,1e-05,1
332150,scaffold_4:947771:G:C,1e-05,1
165405,scaffold_18:488646:C:T,1e-05,1
443490,scaffold_7:1240271:T:C,1e-05,1
337422,scaffold_4:1144103:C:T,1e-05,1
373282,scaffold_5:1159157:A:G,1e-05,1
377195,scaffold_5:1328702:C:T,1e-05,1
23929,scaffold_11:14037:C:T,1e-05,1
443019,scaffold_7:1221673:G:C,1e-05,1
426241,scaffold_7:566827:A:G,1e-05,1
364983,scaffold_5:839743:T:C,1e-05,1
199026,scaffold_1:943992:C:T,1e-05,1
207924,scaffold_1:1277889:C:G,1e-05,1
404456,scaffold_6:986069:A:G,1e-05,1
449916,scaffold_8:223921:C:T,1e-05,1
446405,scaffold_8:86709:C:T,1e-05,1
317366,scaffold_4:374024:C:T,1e-05,1
386746,scaffold_6:303528:T:C,1e-05,1
262796,scaffold_2:1284319:G:A,1e-05,1
53278,scaffold_12:318678:A:G,1e-05,1
374164,scaffold_5:1201978:C:T,1e-05,1
266633,scaffold_2:1443334:T:G,1e-05,1
447376,scaffold_8:124416:G:T,1e-05,1
285862,scaffold_3:598888:G:A,1e-05,1
118849,scaffold_15:554690:C:G,1e-05,1
328207,scaffold_4:806242:C:G,1e-05,1
384663,scaffold_6:220901:G:A,1e-05,1
73178,scaffold_13:302969:G:A,1e-05,1
212175,scaffold_1:1433617:G:A,1e-05,1
494230,scaffold_9:831559:G:A,1e-05,1
210125,scaffold_1:1358450:A:G,1e-05,1
48625,scaffold_12:132203:C:T,1e-05,1
127663,scaffold_16:256413:G:A,1e-05,1
265999,scaffold_2:1418024:T:C,1e-05,1
194362,scaffold_1:760695:T:G,1e-05,1
208143,scaffold_1:1287322:G:T,1e-05,1
249040,scaffold_2:747695:C:A,1e-05,1
479643,scaffold_9:252028:A:G,1e-05,1
317451,scaffold_4:377212:G:A,1e-05,1
488570,scaffold_9:586826:C:T,1e-05,1
384574,scaffold_6:218777:C:T,1e-05,1
402302,scaffold_6:894714:C:G,1e-05,1
243768,scaffold_2:515192:G:C,1e-05,1
275298,scaffold_3:206899:T:C,1e-05,1
56483,scaffold_12:454585:C:T,1e-05,1
376674,scaffold_5:1308902:G:C,1e-05,1
241634,scaffold_2:428825:C:A,1e-05,1
371562,scaffold_5:1094710:C:T,1e-05,1
224468,scaffold_1:1904775:G:A,1e-05,1
262801,scaffold_2:1284483:C:T,1e-05,1
377315,scaffold_5:1331991:G:A,1e-05,1
225206,scaffold_1:1931074:G:A,1e-05,1
411570,scaffold_7:25918:A:G,1e-05,1
136802,scaffold_16:624797:A:T,1e-05,1
475394,scaffold_9:65327:A:G,1e-05,1
116088,scaffold_15:450522:C:A,1e-05,1
382511,scaffold_6:143545:T:C,1e-05,1
260987,scaffold_2:1220814:T:C,1e-05,1
445267,scaffold_8:43498:C:T,1e-05,1
49523,scaffold_12:172257:C:G,1e-05,1
339724,scaffold_4:1266689:G:C,1e-05,1
489249,scaffold_9:611195:T:A,1e-05,1
265955,scaffold_2:1416562:T:C,1e-05,1
2791,scaffold_10:109433:G:A,1e-05,1
164805,scaffold_18:463262:G:T,1e-05,1
285101,scaffold_3:571176:T:G,1e-05,1
44212,scaffold_11:887995:A:C,1e-05,1
67888,scaffold_13:106669:A:G,1e-05,1
185691,scaffold_1:417452:G:A,1e-05,1
267071,scaffold_2:1461880:A:G,1e-05,1
424996,scaffold_7:523051:A:T,1e-05,1
162328,scaffold_18:365032:C:T,1e-05,1
230528,scaffold_1:2131644:G:C,1e-05,1
217835,scaffold_1:1648072:G:A,1e-05,1
182654,scaffold_1:290636:C:T,1e-05,1
493458,scaffold_9:790034:A:C,1e-05,1
301591,scaffold_3:1210277:C:T,1e-05,1
407733,scaffold_6:1157922:A:G,1e-05,1
288506,scaffold_3:697586:G:A,1e-05,1
243678,scaffold_2:511334:A:T,1e-05,1
128766,scaffold_16:299640:G:A,1e-05,1
155223,scaffold_18:74446:G:A,1e-05,1
21281,scaffold_10:889833:C:G,1e-05,1
392257,scaffold_6:502591:G:A,1e-05,1
461522,scaffold_8:707634:T:C,1e-05,1
433979,scaffold_7:876361:C:T,1e-05,1
84580,scaffold_13:733406:A:T,1e-05,1
169322,scaffold_18:639577:C:T,1e-05,1
343555,scaffold_4:1434822:G:C,1e-05,1
124379,scaffold_16:94942:T:G,1e-05,1
242894,scaffold_2:477047:G:A,1e-05,1
115876,scaffold_15:443840:A:G,1e-05,1
194976,scaffold_1:791199:G:A,1e-05,1
436515,scaffold_7:973541:G:A,1e-05,1
144256,scaffold_17:265968:T:C,1e-05,1
353083,scaffold_5:342032:C:T,1e-05,1
76557,scaffold_13:432317:C:T,1e-05,1
106038,scaffold_15:26841:G:A,1e-05,1
52462,scaffold_12:288021:G:C,1e-05,1
305308,scaffold_3:1353212:T:C,1e-05,1
388325,scaffold_6:355995:C:T,1e-05,1
429450,scaffold_7:693817:C:T,1e-05,1
383213,scaffold_6:170607:A:G,1e-05,1
212365,scaffold_1:1440247:G:A,1e-05,1
483912,scaffold_9:410579:A:G,1e-05,1
371019,scaffold_5:1069861:C:A,1e-05,1
364000,scaffold_5:805925:C:T,1e-05,1
213585,scaffold_1:1490293:T:C,1e-05,1
320410,scaffold_4:488942:T:A,1e-05,1
119020,scaffold_15:560609:C:T,1e-05,1
334541,scaffold_4:1031706:G:A,1e-05,1
329976,scaffold_4:869546:G:A,1e-05,1
37752,scaffold_11:620545:C:G,1e-05,1
124018,scaffold_16:78351:G:C,1e-05,1
298162,scaffold_3:1078154:T:A,1e-05,1
252588,scaffold_2:893200:G:A,1e-05,1
209920,scaffold_1:1351613:C:T,1e-05,1
6608,scaffold_10:269591:C:T,1e-05,1
372489,scaffold_5:1133403:G:T,1e-05,1
223314,scaffold_1:1863125:G:A,1e-05,1
79204,scaffold_13:527028:C:T,1e-05,1
39259,scaffold_11:681998:G:C,1e-05,1
346934,scaffold_5:106186:C:G,1e-05,1
156933,scaffold_18:138810:T:G,1e-05,1
491625,scaffold_9:712054:G:A,1e-05,1
379234,scaffold_6:19635:A:G,1e-05,1
171979,scaffold_19:116834:G:C,1e-05,1
211650,scaffold_1:1411462:A:G,1e-05,1
309802,scaffold_4:70721:A:G,1e-05,1
420632,scaffold_7:366385:A:G,1e-05,1
316517,scaffold_4:342831:T:G,1e-05,1
72013,scaffold_13:261570:A:C,1e-05,1
495881,scaffold_9:908758:A:G,1e-05,1
313256,scaffold_4:203966:G:A,1e-05,1
345278,scaffold_5:29339:G:A,1e-05,1
358102,scaffold_5:546766:G:T,1e-05,1
142700,scaffold_17:205454:C:G,1e-05,1
442672,scaffold_7:1207304:C:G,1e-05,1
204085,scaffold_1:1131476:T:C,1e-05,1
83770,scaffold_13:701780:G:A,1e-05,1
300949,scaffold_3:1182705:C:G,1e-05,1
333299,scaffold_4:989236:G:C,1e-05,1
69093,scaffold_13:153397:C:T,1e-05,1
104726,scaffold_14:734529:T:C,1e-05,1
85813,scaffold_13:784643:G:A,1e-05,1
486368,scaffold_9:500331:C:T,1e-05,1
352922,scaffold_5:335426:T:G,1e-05,1
141238,scaffold_17:145577:C:A,1e-05,1
81650,scaffold_13:622022:C:T,1e-05,1
130030,scaffold_16:347601:C:T,1e-05,1
434195,scaffold_7:884302:A:C,1e-05,1
47556,scaffold_12:89304:C:A,1e-05,1
118178,scaffold_15:529861:G:A,1e-05,1
362265,scaffold_5:736580:C:A,1e-05,1
331899,scaffold_4:938265:A:G,1e-05,1
108009,scaffold_15:131311:G:C,1e-05,1
103511,scaffold_14:688706:G:A,1e-05,1
262727,scaffold_2:1281774:A:C,1e-05,1
259161,scaffold_2:1149353:T:G,1e-05,1
470281,scaffold_8:1080358:A:G,1e-05,1
226419,scaffold_1:1977970:C:T,1e-05,1
265738,scaffold_2:1408280:G:A,1e-05,1
322189,scaffold_4:560707:A:G,1e-05,1
329361,scaffold_4:846690:G:A,1e-05,1
89139,scaffold_14:108405:T:C,1e-05,1
39410,scaffold_11:687042:A:G,1e-05,1
370793,scaffold_5:1061591:G:A,1e-05,1
391192,scaffold_6:460264:C:T,1e-05,1
492128,scaffold_9:732114:T:C,1e-05,1
463392,scaffold_8:781942:G:A,1e-05,1
70020,scaffold_13:187724:G:C,1e-05,1
5192,scaffold_10:209598:T:C,1e-05,1
141114,scaffold_17:140693:G:C,1e-05,1
440639,scaffold_7:1124757:C:G,1e-05,1
5657,scaffold_10:230851:C:T,1e-05,1
285951,scaffold_3:601404:G:C,1e-05,1
181909,scaffold_1:262490:G:A,1e-05,1
447718,scaffold_8:138135:G:A,1e-05,1
292017,scaffold_3:833672:C:T,1e-05,1
375638,scaffold_5:1264337:C:G,1e-05,1
482349,scaffold_9:354102:G:T,1e-05,1
324230,scaffold_4:645039:C:T,1e-05,1
127722,scaffold_16:259380:T:C,1e-05,1
175710,scaffold_19:273926:G:A,1e-05,1
88041,scaffold_14:68027:C:T,1e-05,1
413513,scaffold_7:105100:A:C,1e-05,1
387117,scaffold_6:316020:A:G,1e-05,1
458251,scaffold_8:570618:C:G,1e-05,1
295043,scaffold_3:948328:T:A,1e-05,1
468734,scaffold_8:1011603:T:G,1e-05,1
383420,scaffold_6:177778:C:T,1e-05,1
186587,scaffold_1:451667:G:A,1e-05,1
375863,scaffold_5:1273621:G:A,1e-05,1
417352,scaffold_7:243252:C:T,1e-05,1
305781,scaffold_3:1373493:G:C,1e-05,1
348673,scaffold_5:168448:T:C,1e-05,1
31371,scaffold_11:327343:G:A,1e-05,1
290760,scaffold_3:786953:A:G,1e-05,1
468015,scaffold_8:980846:G:C,1e-05,1
368193,scaffold_5:956311:G:C,1e-05,1
2382,scaffold_10:92157:G:A,1e-05,1
245898,scaffold_2:602872:G:A,1e-05,1
208404,scaffold_1:1296456:A:G,1e-05,1
47320,scaffold_12:78565:T:C,1e-05,1
457170,scaffold_8:527381:G:C,1e-05,1
3837,scaffold_10:150819:C:G,1e-05,1
234321,scaffold_2:113613:A:G,1e-05,1
110771,scaffold_15:230706:C:G,1e-05,1
169937,scaffold_19:20583:C:T,1e-05,1
48126,scaffold_12:112721:A:G,1e-05,1
494887,scaffold_9:859078:T:C,1e-05,1
116965,scaffold_15:482526:C:T,1e-05,1
307082,scaffold_3:1434989:C:T,1e-05,1
16256,scaffold_10:659660:G:A,1e-05,1
59037,scaffold_12:556055:A:G,1e-05,1
231688,scaffold_1:2173812:C:T,1e-05,1
466805,scaffold_8:932166:T:A,1e-05,1
434,scaffold_10:17268:C:G,1e-05,1
443991,scaffold_7:1258780:T:C,1e-05,1
350770,scaffold_5:250491:G:A,1e-05,1
401469,scaffold_6:861064:T:C,1e-05,1
452690,scaffold_8:342576:C:T,1e-05,1
82422,scaffold_13:647768:T:C,1e-05,1
168782,scaffold_18:620049:A:G,1e-05,1
249570,scaffold_2:768141:G:A,1e-05,1
145886,scaffold_17:328454:G:A,1e-05,1
321200,scaffold_4:523353:G:A,1e-05,1
346041,scaffold_5:67812:A:T,1e-05,1
320798,scaffold_4:504749:C:G,1e-05,1
331164,scaffold_4:910743:C:T,1e-05,1
336155,scaffold_4:1099517:C:T,1e-05,1
78834,scaffold_13:514293:C:T,1e-05,1
49937,scaffold_12:189422:C:T,1e-05,1
52139,scaffold_12:277443:G:A,1e-05,1
15720,scaffold_10:640537:A:G,1e-05,1
8903,scaffold_10:363298:G:A,1e-05,1
310721,scaffold_4:107616:C:T,1e-05,1
312564,scaffold_4:179306:A:C,1e-05,1
161816,scaffold_18:345920:A:G,1e-05,1
348541,scaffold_5:164338:G:A,1e-05,1
285184,scaffold_3:574533:T:C,1e-05,1
371520,scaffold_5:1093241:G:A,1e-05,1
289360,scaffold_3:731736:A:G,1e-05,1
329250,scaffold_4:842170:G:T,1e-05,1
48974,scaffold_12:147941:C:G,1e-05,1
48535,scaffold_12:128161:A:G,1e-05,1
344511,scaffold_5:3299:G:A,1e-05,1
387562,scaffold_6:331320:C:T,1e-05,1
182772,scaffold_1:295298:G:A,1e-05,1
434932,scaffold_7:915749:G:A,1e-05,1
315192,scaffold_4:295376:A:G,1e-05,1
284372,scaffold_3:545771:G:A,1e-05,1
322684,scaffold_4:584401:T:C,1e-05,1
243120,scaffold_2:487756:C:T,1e-05,1
446353,scaffold_8:84123:C:T,1e-05,1
405443,scaffold_6:1039996:A:C,1e-05,1
251762,scaffold_2:858422:A:G,1e-05,1
348737,scaffold_5:170515:G:T,1e-05,1
457312,scaffold_8:532616:C:T,1e-05,1
304433,scaffold_3:1323082:G:T,1e-05,1
420777,scaffold_7:371342:T:C,1e-05,1
263650,scaffold_2:1318029:C:T,1e-05,1
374117,scaffold_5:1200565:A:G,1e-05,1
360180,scaffold_5:629008:T:G,1e-05,1
318596,scaffold_4:418638:C:T,1e-05,1
112283,scaffold_15:305334:T:C,1e-05,1
473631,scaffold_9:1495:T:C,1e-05,1
175239,scaffold_19:255322:T:G,1e-05,1
434039,scaffold_7:879303:T:C,1e-05,1
374185,scaffold_5:1202587:C:T,1e-05,1
463230,scaffold_8:775421:C:T,1e-05,1
356329,scaffold_5:465084:C:G,1e-05,1
435452,scaffold_7:934605:C:T,1e-05,1
158099,scaffold_18:192600:C:T,1e-05,1
136199,scaffold_16:602076:A:G,1e-05,1
445324,scaffold_8:45527:A:G,1e-05,1
475500,scaffold_9:69151:G:C,1e-05,1
