Metal,scope,trait,n,rho
Chromium,all_doses,Shape_Area,8108,0.6137793885301
Chromium,all_doses,Shape_Perimeter,8108,0.6116527469697594
Chromium,all_doses,Shape_Circularity,8108,0.12063187515028165
Chromium,all_doses,Shape_ConvexArea,8108,0.6018666906447661
Chromium,all_doses,Shape_MedianRadius,8108,0.5955273172989333
Chromium,all_doses,Shape_MeanRadius,8108,0.5898047300147525
Chromium,all_doses,Shape_MaxRadius,8108,0.5800657033097913
Chromium,all_doses,Shape_MinFeretDiameter,8108,0.6206055683956395
Chromium,all_doses,Shape_MaxFeretDiameter,8108,0.596952635150432
Chromium,all_doses,Shape_Eccentricity,8108,-0.49202636244878195
Chromium,all_doses,Shape_Solidity,8108,0.6178184186222828
Chromium,all_doses,Shape_Extent,8108,0.2927290694007121
Chromium,all_doses,Shape_BboxArea,8108,0.610910060726505
Chromium,all_doses,Shape_MajorAxisLength,8108,0.5984239647164545
Chromium,all_doses,Shape_MinorAxisLength,8108,0.6234932250606958
Chromium,all_doses,Shape_Compactness,8108,-0.12034855451539025
Chromium,all_doses,Shape_Orientation,8108,0.00986223287831632
Chromium,all_doses,Intensity_IntegratedIntensity,8108,0.5949814875606086
Chromium,all_doses,Intensity_MinimumIntensity,8108,0.38583374077126414
Chromium,all_doses,Intensity_MaximumIntensity,8108,0.19664317782913723
Chromium,all_doses,Intensity_MeanIntensity,8108,0.24873921961875026
Chromium,all_doses,Intensity_MedianIntensity,8108,0.21664428826090876
Chromium,all_doses,Intensity_StandardDeviationIntensity,8108,-0.34299083108709116
Chromium,all_doses,Intensity_CoefficientVarianceIntensity,8108,-0.4277117275125728
Chromium,all_doses,Intensity_LowerQuartileIntensity,8108,0.27589996669471706
Chromium,all_doses,Intensity_UpperQuartileIntensity,8108,0.1972511234824916
Chromium,all_doses,Intensity_InterquartileRangeIntensity,8108,-0.1953398758316265
Chromium,all_doses,Intensity_Density,8108,0.24873921961875026
Chromium,all_doses,Intensity_ConvexDensity,8108,0.5812066312693799
Chromium,all_doses,Texture_AngularSecondMoment-deg000-scale05,8096,0.22771363800036368
Chromium,all_doses,Texture_AngularSecondMoment-deg045-scale05,8096,0.22096028958911
Chromium,all_doses,Texture_AngularSecondMoment-deg090-scale05,8096,0.21960058872904056
Chromium,all_doses,Texture_AngularSecondMoment-deg135-scale05,8096,0.23021265163346513
Chromium,all_doses,Texture_Contrast-deg000-scale05,8096,-0.4809941783609585
Chromium,all_doses,Texture_Contrast-deg045-scale05,8096,-0.4998587679383523
Chromium,all_doses,Texture_Contrast-deg090-scale05,8096,-0.47356601065658066
Chromium,all_doses,Texture_Contrast-deg135-scale05,8096,-0.5145388378774036
Chromium,all_doses,Texture_Correlation-deg000-scale05,8096,0.22774588976901944
Chromium,all_doses,Texture_Correlation-deg045-scale05,8096,0.3455347749511314
Chromium,all_doses,Texture_Correlation-deg090-scale05,8096,0.21167926594686803
Chromium,all_doses,Texture_Correlation-deg135-scale05,8096,0.36085861849252693
Chromium,all_doses,Texture_HaralickVariance-deg000-scale05,8096,-0.3456771055002701
Chromium,all_doses,Texture_HaralickVariance-deg045-scale05,8096,-0.34841629986434963
Chromium,all_doses,Texture_HaralickVariance-deg090-scale05,8096,-0.34703181842780895
Chromium,all_doses,Texture_HaralickVariance-deg135-scale05,8096,-0.34833168951756954
Chromium,all_doses,Texture_InverseDifferenceMoment-deg000-scale05,8096,0.45073335080773835
Chromium,all_doses,Texture_InverseDifferenceMoment-deg045-scale05,8096,0.46255730220259195
Chromium,all_doses,Texture_InverseDifferenceMoment-deg090-scale05,8096,0.44046590670031205
Chromium,all_doses,Texture_InverseDifferenceMoment-deg135-scale05,8096,0.4807277280123594
Chromium,all_doses,Texture_SumAverage-deg000-scale05,8096,0.2249008688184981
Chromium,all_doses,Texture_SumAverage-deg045-scale05,8096,0.22099857059646896
Chromium,all_doses,Texture_SumAverage-deg090-scale05,8096,0.22477966318799297
Chromium,all_doses,Texture_SumAverage-deg135-scale05,8096,0.22090904863069966
Chromium,all_doses,Texture_SumVariance-deg000-scale05,8096,-0.2545417037855007
Chromium,all_doses,Texture_SumVariance-deg045-scale05,8096,-0.21250176190972497
Chromium,all_doses,Texture_SumVariance-deg090-scale05,8096,-0.263060726356529
Chromium,all_doses,Texture_SumVariance-deg135-scale05,8096,-0.21728264852046755
Chromium,all_doses,Texture_SumEntropy-deg000-scale05,8096,-0.1615670892720524
Chromium,all_doses,Texture_SumEntropy-deg045-scale05,8096,-0.12882768344992254
Chromium,all_doses,Texture_SumEntropy-deg090-scale05,8096,-0.16973013032138626
Chromium,all_doses,Texture_SumEntropy-deg135-scale05,8096,-0.13469985102873253
Chromium,all_doses,Texture_Entropy-deg000-scale05,8096,-0.3287495928206038
Chromium,all_doses,Texture_Entropy-deg045-scale05,8096,-0.3161886996990723
Chromium,all_doses,Texture_Entropy-deg090-scale05,8096,-0.32126142192597695
Chromium,all_doses,Texture_Entropy-deg135-scale05,8096,-0.3229429884627385
Chromium,all_doses,Texture_DiffVariance-deg000-scale05,8096,0.4177772826007887
Chromium,all_doses,Texture_DiffVariance-deg045-scale05,8096,0.43461849761245214
Chromium,all_doses,Texture_DiffVariance-deg090-scale05,8096,0.3979828518438
Chromium,all_doses,Texture_DiffVariance-deg135-scale05,8096,0.44466110268665593
Chromium,all_doses,Texture_DiffEntropy-deg000-scale05,8096,-0.4795950744341764
Chromium,all_doses,Texture_DiffEntropy-deg045-scale05,8096,-0.49110088429185295
Chromium,all_doses,Texture_DiffEntropy-deg090-scale05,8096,-0.4711771205640952
Chromium,all_doses,Texture_DiffEntropy-deg135-scale05,8096,-0.5047064631412207
Chromium,all_doses,Texture_InfoCorrelation1-deg000-scale05,8096,-0.3202074873017408
Chromium,all_doses,Texture_InfoCorrelation1-deg045-scale05,8096,-0.3760269985531724
Chromium,all_doses,Texture_InfoCorrelation1-deg090-scale05,8096,-0.3051507719524534
Chromium,all_doses,Texture_InfoCorrelation1-deg135-scale05,8096,-0.3920660176934814
Chromium,all_doses,Texture_InfoCorrelation2-deg000-scale05,8096,0.2193076941833689
Chromium,all_doses,Texture_InfoCorrelation2-deg045-scale05,8096,0.3086241567212056
Chromium,all_doses,Texture_InfoCorrelation2-deg090-scale05,8096,0.19938379972895032
Chromium,all_doses,Texture_InfoCorrelation2-deg135-scale05,8096,0.3253316238356186
Chromium,all_doses,Texture_AngularSecondMoment-avg-scale05,8096,0.22355785621412744
Chromium,all_doses,Texture_Contrast-avg-scale05,8096,-0.5025446519308105
Chromium,all_doses,Texture_Correlation-avg-scale05,8096,0.30996119227208935
Chromium,all_doses,Texture_HaralickVariance-avg-scale05,8096,-0.3474915657436135
Chromium,all_doses,Texture_InverseDifferenceMoment-avg-scale05,8096,0.4677477606421055
Chromium,all_doses,Texture_SumAverage-avg-scale05,8096,0.2229390238328131
Chromium,all_doses,Texture_SumVariance-avg-scale05,8096,-0.2388777885824867
Chromium,all_doses,Texture_SumEntropy-avg-scale05,8096,-0.1475491429379972
Chromium,all_doses,Texture_Entropy-avg-scale05,8096,-0.3224064119167578
Chromium,all_doses,Texture_DiffVariance-avg-scale05,8096,0.4309184924736318
Chromium,all_doses,Texture_DiffEntropy-avg-scale05,8096,-0.494375894728101
Chromium,all_doses,Texture_InfoCorrelation1-avg-scale05,8096,-0.35656749384296954
Chromium,all_doses,Texture_InfoCorrelation2-avg-scale05,8096,0.2856547027515082
Chromium,all_doses,ColorLab_L*GeoMedian,8108,0.3630336956333972
Chromium,all_doses,ColorLab_b*GeoMedian,8108,0.6551275795170614
Chromium,all_doses,ColorLab_L*Medoid,8108,0.3462238713418461
Chromium,all_doses,ColorLab_a*Medoid,8108,0.9984248095117264
Chromium,all_doses,ColorLab_b*Medoid,8108,0.6626030722041008
Chromium,all_doses,ColorLab_DeltaE2000MedianFromMedoid,8108,0.3876680381975158
Chromium,all_doses,ColorLab_DeltaE2000MeanFromMedoid,8108,0.40367314358323186
Chromium,all_doses,ColorLab_DeltaE2000P95FromMedoid,8108,0.33541625903595584
Chromium,all_doses,ColorLab_LabTotalVariance,8108,0.8281308756443699
Chromium,all_doses,ColorHSV_HueRobustMean,8108,-0.40107628665593076
Chromium,all_doses,ColorHSV_SaturationRobustMean,8108,0.8620933443920926
Chromium,all_doses,ColorHSV_ValueRobustMean,8108,0.8443729567504521
Chromium,all_doses,ColorHSV_HSVConeVariance,8108,0.742542999859222
Chromium,dose0,Shape_Area,1197,-0.000821269727267073
Chromium,dose0,Shape_Perimeter,1197,0.06546557062224986
Chromium,dose0,Shape_Circularity,1197,-0.041488211682242156
Chromium,dose0,Shape_ConvexArea,1197,0.009606255548195395
Chromium,dose0,Shape_MedianRadius,1197,-0.058526136144698475
Chromium,dose0,Shape_MeanRadius,1197,-0.06339308917404368
Chromium,dose0,Shape_MaxRadius,1197,-0.06461375812443484
Chromium,dose0,Shape_MinFeretDiameter,1197,0.015124952267204167
Chromium,dose0,Shape_MaxFeretDiameter,1197,0.004818797094634397
Chromium,dose0,Shape_Eccentricity,1197,-0.06617247469850777
Chromium,dose0,Shape_Solidity,1197,-0.00815368609518279
Chromium,dose0,Shape_Extent,1197,-0.058194534079208375
Chromium,dose0,Shape_BboxArea,1197,0.01210498915875343
Chromium,dose0,Shape_MajorAxisLength,1197,0.019381063867870633
Chromium,dose0,Shape_MinorAxisLength,1197,0.02406592133176868
Chromium,dose0,Shape_Compactness,1197,0.041536328635727704
Chromium,dose0,Shape_Orientation,1197,0.03962618283779028
Chromium,dose0,Intensity_IntegratedIntensity,1197,-0.09083040178152932
Chromium,dose0,Intensity_MinimumIntensity,1197,0.06432237538811042
Chromium,dose0,Intensity_MaximumIntensity,1197,-0.24620805591569217
Chromium,dose0,Intensity_MeanIntensity,1197,-0.3065323511681476
Chromium,dose0,Intensity_MedianIntensity,1197,-0.3618872783154977
Chromium,dose0,Intensity_StandardDeviationIntensity,1197,-0.2855609929508838
Chromium,dose0,Intensity_CoefficientVarianceIntensity,1197,-0.21176760304902933
Chromium,dose0,Intensity_LowerQuartileIntensity,1197,-0.33474616799227225
Chromium,dose0,Intensity_UpperQuartileIntensity,1197,-0.3134896834159144
Chromium,dose0,Intensity_InterquartileRangeIntensity,1197,0.1365131288344498
Chromium,dose0,Intensity_Density,1197,-0.3065323511681476
Chromium,dose0,Intensity_ConvexDensity,1197,-0.15500352855326627
Chromium,dose0,Texture_AngularSecondMoment-deg000-scale05,1195,-0.23514981183467332
Chromium,dose0,Texture_AngularSecondMoment-deg045-scale05,1195,-0.2608361211045362
Chromium,dose0,Texture_AngularSecondMoment-deg090-scale05,1195,-0.24117402056250387
Chromium,dose0,Texture_AngularSecondMoment-deg135-scale05,1195,-0.24901357095436466
Chromium,dose0,Texture_Contrast-deg000-scale05,1195,0.08313421686453848
Chromium,dose0,Texture_Contrast-deg045-scale05,1195,0.014692028311608842
Chromium,dose0,Texture_Contrast-deg090-scale05,1195,0.09764523489250454
Chromium,dose0,Texture_Contrast-deg135-scale05,1195,-0.023451460574587586
Chromium,dose0,Texture_Correlation-deg000-scale05,1195,-0.23327531712662755
Chromium,dose0,Texture_Correlation-deg045-scale05,1195,-0.19496776503668342
Chromium,dose0,Texture_Correlation-deg090-scale05,1195,-0.2414272493152431
Chromium,dose0,Texture_Correlation-deg135-scale05,1195,-0.17638310498490972
Chromium,dose0,Texture_HaralickVariance-deg000-scale05,1195,-0.18559196536832584
Chromium,dose0,Texture_HaralickVariance-deg045-scale05,1195,-0.16338761297848167
Chromium,dose0,Texture_HaralickVariance-deg090-scale05,1195,-0.18911205669410008
Chromium,dose0,Texture_HaralickVariance-deg135-scale05,1195,-0.16024728391400758
Chromium,dose0,Texture_InverseDifferenceMoment-deg000-scale05,1195,-0.20349633728598776
Chromium,dose0,Texture_InverseDifferenceMoment-deg045-scale05,1195,-0.19500660971275827
Chromium,dose0,Texture_InverseDifferenceMoment-deg090-scale05,1195,-0.24234893137410093
Chromium,dose0,Texture_InverseDifferenceMoment-deg135-scale05,1195,-0.1297163670608117
Chromium,dose0,Texture_SumAverage-deg000-scale05,1195,-0.32134565580593244
Chromium,dose0,Texture_SumAverage-deg045-scale05,1195,-0.3241007025021696
Chromium,dose0,Texture_SumAverage-deg090-scale05,1195,-0.32098483067581796
Chromium,dose0,Texture_SumAverage-deg135-scale05,1195,-0.32404090954766845
Chromium,dose0,Texture_SumVariance-deg000-scale05,1195,-0.19223789284087137
Chromium,dose0,Texture_SumVariance-deg045-scale05,1195,-0.16721178132866374
Chromium,dose0,Texture_SumVariance-deg090-scale05,1195,-0.19629391271438146
Chromium,dose0,Texture_SumVariance-deg135-scale05,1195,-0.16141347506623954
Chromium,dose0,Texture_SumEntropy-deg000-scale05,1195,-0.03592128369700056
Chromium,dose0,Texture_SumEntropy-deg045-scale05,1195,-0.023281933519769964
Chromium,dose0,Texture_SumEntropy-deg090-scale05,1195,-0.0381707659496458
Chromium,dose0,Texture_SumEntropy-deg135-scale05,1195,-0.02154381006500436
Chromium,dose0,Texture_Entropy-deg000-scale05,1195,0.02183979327656601
Chromium,dose0,Texture_Entropy-deg045-scale05,1195,0.04436313049553895
Chromium,dose0,Texture_Entropy-deg090-scale05,1195,0.02482389276675425
Chromium,dose0,Texture_Entropy-deg135-scale05,1195,0.03442366813707783
Chromium,dose0,Texture_DiffVariance-deg000-scale05,1195,0.09470074656457729
Chromium,dose0,Texture_DiffVariance-deg045-scale05,1195,0.09510792652899404
Chromium,dose0,Texture_DiffVariance-deg090-scale05,1195,0.06899828482893894
Chromium,dose0,Texture_DiffVariance-deg135-scale05,1195,0.13124005018304608
Chromium,dose0,Texture_DiffEntropy-deg000-scale05,1195,0.04203185221246238
Chromium,dose0,Texture_DiffEntropy-deg045-scale05,1195,-0.01672659908883779
Chromium,dose0,Texture_DiffEntropy-deg090-scale05,1195,0.05338126942629353
Chromium,dose0,Texture_DiffEntropy-deg135-scale05,1195,-0.04970501181408365
Chromium,dose0,Texture_InfoCorrelation1-deg000-scale05,1195,0.24310910283917034
Chromium,dose0,Texture_InfoCorrelation1-deg045-scale05,1195,0.22165365667705456
Chromium,dose0,Texture_InfoCorrelation1-deg090-scale05,1195,0.2550798661025985
Chromium,dose0,Texture_InfoCorrelation1-deg135-scale05,1195,0.20026229297928894
Chromium,dose0,Texture_InfoCorrelation2-deg000-scale05,1195,-0.18825526577767868
Chromium,dose0,Texture_InfoCorrelation2-deg045-scale05,1195,-0.17070589650791004
Chromium,dose0,Texture_InfoCorrelation2-deg090-scale05,1195,-0.19950459677236188
Chromium,dose0,Texture_InfoCorrelation2-deg135-scale05,1195,-0.15170970369402045
Chromium,dose0,Texture_AngularSecondMoment-avg-scale05,1195,-0.24673086961233173
Chromium,dose0,Texture_Contrast-avg-scale05,1195,0.034874172150969086
Chromium,dose0,Texture_Correlation-avg-scale05,1195,-0.2115121584047074
Chromium,dose0,Texture_HaralickVariance-avg-scale05,1195,-0.1746377456192678
Chromium,dose0,Texture_InverseDifferenceMoment-avg-scale05,1195,-0.19190381737545426
Chromium,dose0,Texture_SumAverage-avg-scale05,1195,-0.3227255348684763
Chromium,dose0,Texture_SumVariance-avg-scale05,1195,-0.17964197219286565
Chromium,dose0,Texture_SumEntropy-avg-scale05,1195,-0.029475978709685907
Chromium,dose0,Texture_Entropy-avg-scale05,1195,0.03186634674892775
Chromium,dose0,Texture_DiffVariance-avg-scale05,1195,0.09806379963797944
Chromium,dose0,Texture_DiffEntropy-avg-scale05,1195,0.0004632319037709644
Chromium,dose0,Texture_InfoCorrelation1-avg-scale05,1195,0.23129589116289953
Chromium,dose0,Texture_InfoCorrelation2-avg-scale05,1195,-0.17698963464556944
Chromium,dose0,ColorLab_L*GeoMedian,1197,-0.1619123730174566
Chromium,dose0,ColorLab_b*GeoMedian,1197,0.38618291839335295
Chromium,dose0,ColorLab_L*Medoid,1197,-0.18537178424366452
Chromium,dose0,ColorLab_a*Medoid,1197,0.9958361098361785
Chromium,dose0,ColorLab_b*Medoid,1197,0.39723725145270583
Chromium,dose0,ColorLab_DeltaE2000MedianFromMedoid,1197,0.21314029709983298
Chromium,dose0,ColorLab_DeltaE2000MeanFromMedoid,1197,0.3057020346075712
Chromium,dose0,ColorLab_DeltaE2000P95FromMedoid,1197,0.18242459460469646
Chromium,dose0,ColorLab_LabTotalVariance,1197,0.7936809195142113
Chromium,dose0,ColorHSV_HueRobustMean,1197,-0.026529268660509517
Chromium,dose0,ColorHSV_SaturationRobustMean,1197,0.8493872816389749
Chromium,dose0,ColorHSV_ValueRobustMean,1197,0.6948351582581782
Chromium,dose0,ColorHSV_HSVConeVariance,1197,0.6818173988133072
Chromium,within_strain_dose,Shape_Area,8067,0.2927785743251133
Chromium,within_strain_dose,Shape_Perimeter,8067,0.29769109456125115
Chromium,within_strain_dose,Shape_Circularity,8067,0.05690050952657091
Chromium,within_strain_dose,Shape_ConvexArea,8067,0.3097581781565099
Chromium,within_strain_dose,Shape_MedianRadius,8067,0.32125592385784546
Chromium,within_strain_dose,Shape_MeanRadius,8067,0.312732630597107
Chromium,within_strain_dose,Shape_MaxRadius,8067,0.29868479750087473
Chromium,within_strain_dose,Shape_MinFeretDiameter,8067,0.3418945949821947
Chromium,within_strain_dose,Shape_MaxFeretDiameter,8067,0.2892919111695087
Chromium,within_strain_dose,Shape_Eccentricity,8067,-0.17414227539528443
Chromium,within_strain_dose,Shape_Solidity,8067,0.35259638746808225
Chromium,within_strain_dose,Shape_Extent,8067,0.08592273778098855
Chromium,within_strain_dose,Shape_BboxArea,8067,0.28138709302666687
Chromium,within_strain_dose,Shape_MajorAxisLength,8067,0.2873376261792238
Chromium,within_strain_dose,Shape_MinorAxisLength,8067,0.3497159687460485
Chromium,within_strain_dose,Shape_Compactness,8067,-0.05780606890500265
Chromium,within_strain_dose,Shape_Orientation,8067,0.0015379162695685765
Chromium,within_strain_dose,Intensity_IntegratedIntensity,8067,0.2858870692840469
Chromium,within_strain_dose,Intensity_MinimumIntensity,8067,0.11764168930316271
Chromium,within_strain_dose,Intensity_MaximumIntensity,8067,0.19056417970400386
Chromium,within_strain_dose,Intensity_MeanIntensity,8067,0.2198608303507113
Chromium,within_strain_dose,Intensity_MedianIntensity,8067,0.19910831652542435
Chromium,within_strain_dose,Intensity_StandardDeviationIntensity,8067,0.03983606284690296
Chromium,within_strain_dose,Intensity_CoefficientVarianceIntensity,8067,-0.006066717192363563
Chromium,within_strain_dose,Intensity_LowerQuartileIntensity,8067,0.20066669824994177
Chromium,within_strain_dose,Intensity_UpperQuartileIntensity,8067,0.20446043905204467
Chromium,within_strain_dose,Intensity_InterquartileRangeIntensity,8067,0.08359791140399092
Chromium,within_strain_dose,Intensity_Density,8067,0.2198608303507113
Chromium,within_strain_dose,Intensity_ConvexDensity,8067,0.34759214683734707
Chromium,within_strain_dose,Texture_AngularSecondMoment-deg000-scale05,8059,-0.11735362724467217
Chromium,within_strain_dose,Texture_AngularSecondMoment-deg045-scale05,8059,-0.13017281080199386
Chromium,within_strain_dose,Texture_AngularSecondMoment-deg090-scale05,8059,-0.12120295905929758
Chromium,within_strain_dose,Texture_AngularSecondMoment-deg135-scale05,8059,-0.12673750720816218
Chromium,within_strain_dose,Texture_Contrast-deg000-scale05,8059,-0.05351176100009719
Chromium,within_strain_dose,Texture_Contrast-deg045-scale05,8059,-0.049831069926655605
Chromium,within_strain_dose,Texture_Contrast-deg090-scale05,8059,-0.04247850327173749
Chromium,within_strain_dose,Texture_Contrast-deg135-scale05,8059,-0.06223906911226551
Chromium,within_strain_dose,Texture_Correlation-deg000-scale05,8059,0.14765356633296048
Chromium,within_strain_dose,Texture_Correlation-deg045-scale05,8059,0.15813754183987708
Chromium,within_strain_dose,Texture_Correlation-deg090-scale05,8059,0.1412731629365884
Chromium,within_strain_dose,Texture_Correlation-deg135-scale05,8059,0.18074178939884508
Chromium,within_strain_dose,Texture_HaralickVariance-deg000-scale05,8059,0.031345093575315126
Chromium,within_strain_dose,Texture_HaralickVariance-deg045-scale05,8059,0.03191282903965968
Chromium,within_strain_dose,Texture_HaralickVariance-deg090-scale05,8059,0.029564079084401337
Chromium,within_strain_dose,Texture_HaralickVariance-deg135-scale05,8059,0.0321569457950051
Chromium,within_strain_dose,Texture_InverseDifferenceMoment-deg000-scale05,8059,0.02958305225450068
Chromium,within_strain_dose,Texture_InverseDifferenceMoment-deg045-scale05,8059,0.017244090702454504
Chromium,within_strain_dose,Texture_InverseDifferenceMoment-deg090-scale05,8059,0.011716425112225164
Chromium,within_strain_dose,Texture_InverseDifferenceMoment-deg135-scale05,8059,0.030064335527524216
Chromium,within_strain_dose,Texture_SumAverage-deg000-scale05,8059,0.21145003792142741
Chromium,within_strain_dose,Texture_SumAverage-deg045-scale05,8059,0.21146365752419383
Chromium,within_strain_dose,Texture_SumAverage-deg090-scale05,8059,0.2112898390160895
Chromium,within_strain_dose,Texture_SumAverage-deg135-scale05,8059,0.21166792923527725
Chromium,within_strain_dose,Texture_SumVariance-deg000-scale05,8059,0.05275198873553282
Chromium,within_strain_dose,Texture_SumVariance-deg045-scale05,8059,0.06130407886010071
Chromium,within_strain_dose,Texture_SumVariance-deg090-scale05,8059,0.04800367851660942
Chromium,within_strain_dose,Texture_SumVariance-deg135-scale05,8059,0.06422189520896066
Chromium,within_strain_dose,Texture_SumEntropy-deg000-scale05,8059,0.12981100866984546
Chromium,within_strain_dose,Texture_SumEntropy-deg045-scale05,8059,0.1342227649559955
Chromium,within_strain_dose,Texture_SumEntropy-deg090-scale05,8059,0.12761182926071782
Chromium,within_strain_dose,Texture_SumEntropy-deg135-scale05,8059,0.13505199617443914
Chromium,within_strain_dose,Texture_Entropy-deg000-scale05,8059,0.06917265060753054
Chromium,within_strain_dose,Texture_Entropy-deg045-scale05,8059,0.0813476081198813
Chromium,within_strain_dose,Texture_Entropy-deg090-scale05,8059,0.07091352499010987
Chromium,within_strain_dose,Texture_Entropy-deg135-scale05,8059,0.07545847886144316
Chromium,within_strain_dose,Texture_DiffVariance-deg000-scale05,8059,-0.021731148073560747
Chromium,within_strain_dose,Texture_DiffVariance-deg045-scale05,8059,-0.026024281678752606
Chromium,within_strain_dose,Texture_DiffVariance-deg090-scale05,8059,-0.03769789582547742
Chromium,within_strain_dose,Texture_DiffVariance-deg135-scale05,8059,-0.013835964389675394
Chromium,within_strain_dose,Texture_DiffEntropy-deg000-scale05,8059,-0.05074511510033895
Chromium,within_strain_dose,Texture_DiffEntropy-deg045-scale05,8059,-0.03291762461928632
Chromium,within_strain_dose,Texture_DiffEntropy-deg090-scale05,8059,-0.04012626449906093
Chromium,within_strain_dose,Texture_DiffEntropy-deg135-scale05,8059,-0.05323936454288121
Chromium,within_strain_dose,Texture_InfoCorrelation1-deg000-scale05,8059,-0.12490114596494377
Chromium,within_strain_dose,Texture_InfoCorrelation1-deg045-scale05,8059,-0.096046620374825
Chromium,within_strain_dose,Texture_InfoCorrelation1-deg090-scale05,8059,-0.12033658119994925
Chromium,within_strain_dose,Texture_InfoCorrelation1-deg135-scale05,8059,-0.1117837642135822
Chromium,within_strain_dose,Texture_InfoCorrelation2-deg000-scale05,8059,0.15759716887978964
Chromium,within_strain_dose,Texture_InfoCorrelation2-deg045-scale05,8059,0.14376446678223573
Chromium,within_strain_dose,Texture_InfoCorrelation2-deg090-scale05,8059,0.1535341523287107
Chromium,within_strain_dose,Texture_InfoCorrelation2-deg135-scale05,8059,0.1540760982531301
Chromium,within_strain_dose,Texture_AngularSecondMoment-avg-scale05,8059,-0.12478825635369559
Chromium,within_strain_dose,Texture_Contrast-avg-scale05,8059,-0.056401134662588406
Chromium,within_strain_dose,Texture_Correlation-avg-scale05,8059,0.1703349651455446
Chromium,within_strain_dose,Texture_HaralickVariance-avg-scale05,8059,0.03128529779786228
Chromium,within_strain_dose,Texture_InverseDifferenceMoment-avg-scale05,8059,0.022898901189801642
Chromium,within_strain_dose,Texture_SumAverage-avg-scale05,8059,0.2116652206067004
Chromium,within_strain_dose,Texture_SumVariance-avg-scale05,8059,0.056850898627392975
Chromium,within_strain_dose,Texture_SumEntropy-avg-scale05,8059,0.13320159643834795
Chromium,within_strain_dose,Texture_Entropy-avg-scale05,8059,0.07475463522378796
Chromium,within_strain_dose,Texture_DiffVariance-avg-scale05,8059,-0.025946413238320896
Chromium,within_strain_dose,Texture_DiffEntropy-avg-scale05,8059,-0.04481054877176524
Chromium,within_strain_dose,Texture_InfoCorrelation1-avg-scale05,8059,-0.1185252816719438
Chromium,within_strain_dose,Texture_InfoCorrelation2-avg-scale05,8059,0.1628770146032471
Chromium,within_strain_dose,ColorLab_L*GeoMedian,8067,0.32798648531369257
Chromium,within_strain_dose,ColorLab_b*GeoMedian,8067,0.6682004028659076
Chromium,within_strain_dose,ColorLab_L*Medoid,8067,0.3129609627166253
Chromium,within_strain_dose,ColorLab_a*Medoid,8067,0.9894388121481981
Chromium,within_strain_dose,ColorLab_b*Medoid,8067,0.6731086154775401
Chromium,within_strain_dose,ColorLab_DeltaE2000MedianFromMedoid,8067,0.19827593638189034
Chromium,within_strain_dose,ColorLab_DeltaE2000MeanFromMedoid,8067,0.2396131963534431
Chromium,within_strain_dose,ColorLab_DeltaE2000P95FromMedoid,8067,0.2549101299137838
Chromium,within_strain_dose,ColorLab_LabTotalVariance,8067,0.6713827072262937
Chromium,within_strain_dose,ColorHSV_HueRobustMean,8067,-0.2376138970562842
Chromium,within_strain_dose,ColorHSV_SaturationRobustMean,8067,0.830274482095128
Chromium,within_strain_dose,ColorHSV_ValueRobustMean,8067,0.7488760210416056
Chromium,within_strain_dose,ColorHSV_HSVConeVariance,8067,0.5843959757057007
Copper,all_doses,Shape_Area,7652,0.6128470338492387
Copper,all_doses,Shape_Perimeter,7652,0.6018109825552547
Copper,all_doses,Shape_Circularity,7652,0.18994690336125453
Copper,all_doses,Shape_ConvexArea,7652,0.6084903766821586
Copper,all_doses,Shape_MedianRadius,7652,0.614449149426122
Copper,all_doses,Shape_MeanRadius,7652,0.6169291332669447
Copper,all_doses,Shape_MaxRadius,7652,0.6309448925759368
Copper,all_doses,Shape_MinFeretDiameter,7652,0.6273080809733826
Copper,all_doses,Shape_MaxFeretDiameter,7652,0.5909515870737497
Copper,all_doses,Shape_Eccentricity,7652,-0.41163635507381685
Copper,all_doses,Shape_Solidity,7652,0.6156160466599353
Copper,all_doses,Shape_Extent,7652,0.20470166853804136
Copper,all_doses,Shape_BboxArea,7652,0.6084894637780491
Copper,all_doses,Shape_MajorAxisLength,7652,0.5871711864248355
Copper,all_doses,Shape_MinorAxisLength,7652,0.6249856447552838
Copper,all_doses,Shape_Compactness,7652,-0.1900069317853096
Copper,all_doses,Shape_Orientation,7652,0.0366540892221929
Copper,all_doses,Intensity_IntegratedIntensity,7652,0.6461280555010912
Copper,all_doses,Intensity_MinimumIntensity,7652,0.6851076484577606
Copper,all_doses,Intensity_MaximumIntensity,7652,0.25216709327172054
Copper,all_doses,Intensity_MeanIntensity,7652,0.3935881526360473
Copper,all_doses,Intensity_MedianIntensity,7652,0.29716056803331453
Copper,all_doses,Intensity_StandardDeviationIntensity,7652,-0.43655977785267
Copper,all_doses,Intensity_CoefficientVarianceIntensity,7652,-0.5447477992665437
Copper,all_doses,Intensity_LowerQuartileIntensity,7652,0.3659626589694651
Copper,all_doses,Intensity_UpperQuartileIntensity,7652,0.32354246491206173
Copper,all_doses,Intensity_InterquartileRangeIntensity,7652,-0.18030210919269815
Copper,all_doses,Intensity_Density,7652,0.3935881526360473
Copper,all_doses,Intensity_ConvexDensity,7652,0.6578669097310017
Copper,all_doses,Texture_AngularSecondMoment-deg000-scale05,7641,0.3952913730346341
Copper,all_doses,Texture_AngularSecondMoment-deg045-scale05,7641,0.3570515496684182
Copper,all_doses,Texture_AngularSecondMoment-deg090-scale05,7641,0.3902069330741318
Copper,all_doses,Texture_AngularSecondMoment-deg135-scale05,7641,0.36879972478304063
Copper,all_doses,Texture_Contrast-deg000-scale05,7641,-0.7551078211908117
Copper,all_doses,Texture_Contrast-deg045-scale05,7641,-0.7277690004403978
Copper,all_doses,Texture_Contrast-deg090-scale05,7641,-0.7478278143487392
Copper,all_doses,Texture_Contrast-deg135-scale05,7641,-0.7414815062095297
Copper,all_doses,Texture_Correlation-deg000-scale05,7641,0.49325933755516305
Copper,all_doses,Texture_Correlation-deg045-scale05,7641,0.5375578306914561
Copper,all_doses,Texture_Correlation-deg090-scale05,7641,0.4886263763874472
Copper,all_doses,Texture_Correlation-deg135-scale05,7641,0.5447589826013735
Copper,all_doses,Texture_HaralickVariance-deg000-scale05,7641,-0.37835521554701773
Copper,all_doses,Texture_HaralickVariance-deg045-scale05,7641,-0.3792033088492095
Copper,all_doses,Texture_HaralickVariance-deg090-scale05,7641,-0.38102434811503655
Copper,all_doses,Texture_HaralickVariance-deg135-scale05,7641,-0.37578380914823195
Copper,all_doses,Texture_InverseDifferenceMoment-deg000-scale05,7641,0.7091854903103205
Copper,all_doses,Texture_InverseDifferenceMoment-deg045-scale05,7641,0.6591711357325203
Copper,all_doses,Texture_InverseDifferenceMoment-deg090-scale05,7641,0.6969278604827934
Copper,all_doses,Texture_InverseDifferenceMoment-deg135-scale05,7641,0.6808785339641191
Copper,all_doses,Texture_SumAverage-deg000-scale05,7641,0.36235591379428395
Copper,all_doses,Texture_SumAverage-deg045-scale05,7641,0.3578317354364251
Copper,all_doses,Texture_SumAverage-deg090-scale05,7641,0.36251941727557335
Copper,all_doses,Texture_SumAverage-deg135-scale05,7641,0.35794833529292497
Copper,all_doses,Texture_SumVariance-deg000-scale05,7641,-0.28334644586548235
Copper,all_doses,Texture_SumVariance-deg045-scale05,7641,-0.25216817322010926
Copper,all_doses,Texture_SumVariance-deg090-scale05,7641,-0.287307551441683
Copper,all_doses,Texture_SumVariance-deg135-scale05,7641,-0.2513547698444347
Copper,all_doses,Texture_SumEntropy-deg000-scale05,7641,-0.20088503745582265
Copper,all_doses,Texture_SumEntropy-deg045-scale05,7641,-0.17429850290730564
Copper,all_doses,Texture_SumEntropy-deg090-scale05,7641,-0.20525455986672062
Copper,all_doses,Texture_SumEntropy-deg135-scale05,7641,-0.17812580336569336
Copper,all_doses,Texture_Entropy-deg000-scale05,7641,-0.5147784117905045
Copper,all_doses,Texture_Entropy-deg045-scale05,7641,-0.4723931332307542
Copper,all_doses,Texture_Entropy-deg090-scale05,7641,-0.5101744599674408
Copper,all_doses,Texture_Entropy-deg135-scale05,7641,-0.4825210980567372
Copper,all_doses,Texture_DiffVariance-deg000-scale05,7641,0.6405921402381766
Copper,all_doses,Texture_DiffVariance-deg045-scale05,7641,0.5935834460162176
Copper,all_doses,Texture_DiffVariance-deg090-scale05,7641,0.6260530667577946
Copper,all_doses,Texture_DiffVariance-deg135-scale05,7641,0.6106006593089979
Copper,all_doses,Texture_DiffEntropy-deg000-scale05,7641,-0.7497474788715284
Copper,all_doses,Texture_DiffEntropy-deg045-scale05,7641,-0.7134823237656155
Copper,all_doses,Texture_DiffEntropy-deg090-scale05,7641,-0.7420418520757043
Copper,all_doses,Texture_DiffEntropy-deg135-scale05,7641,-0.7266687730496226
Copper,all_doses,Texture_InfoCorrelation1-deg000-scale05,7641,-0.5909124332950809
Copper,all_doses,Texture_InfoCorrelation1-deg045-scale05,7641,-0.5931090131931935
Copper,all_doses,Texture_InfoCorrelation1-deg090-scale05,7641,-0.5875565668139269
Copper,all_doses,Texture_InfoCorrelation1-deg135-scale05,7641,-0.5995424877071894
Copper,all_doses,Texture_InfoCorrelation2-deg000-scale05,7641,0.47191860213867143
Copper,all_doses,Texture_InfoCorrelation2-deg045-scale05,7641,0.5025352409210982
Copper,all_doses,Texture_InfoCorrelation2-deg090-scale05,7641,0.46836761449536046
Copper,all_doses,Texture_InfoCorrelation2-deg135-scale05,7641,0.5082379958998726
Copper,all_doses,Texture_AngularSecondMoment-avg-scale05,7641,0.3771535200116838
Copper,all_doses,Texture_Contrast-avg-scale05,7641,-0.7456248976502603
Copper,all_doses,Texture_Correlation-avg-scale05,7641,0.5227320582777535
Copper,all_doses,Texture_HaralickVariance-avg-scale05,7641,-0.3786613093389879
Copper,all_doses,Texture_InverseDifferenceMoment-avg-scale05,7641,0.6894825017103768
Copper,all_doses,Texture_SumAverage-avg-scale05,7641,0.3602468300336049
Copper,all_doses,Texture_SumVariance-avg-scale05,7641,-0.26952683134316086
Copper,all_doses,Texture_SumEntropy-avg-scale05,7641,-0.18936659575862339
Copper,all_doses,Texture_Entropy-avg-scale05,7641,-0.4946900095792962
Copper,all_doses,Texture_DiffVariance-avg-scale05,7641,0.6184976534875457
Copper,all_doses,Texture_DiffEntropy-avg-scale05,7641,-0.7342444129156636
Copper,all_doses,Texture_InfoCorrelation1-avg-scale05,7641,-0.593554657599722
Copper,all_doses,Texture_InfoCorrelation2-avg-scale05,7641,0.4958222904043015
Copper,all_doses,ColorLab_L*GeoMedian,7652,0.45035330131639734
Copper,all_doses,ColorLab_b*GeoMedian,7652,0.3710069469336615
Copper,all_doses,ColorLab_L*Medoid,7652,0.42815949780902907
Copper,all_doses,ColorLab_a*Medoid,7652,0.9983651942529109
Copper,all_doses,ColorLab_b*Medoid,7652,0.3836803010349836
Copper,all_doses,ColorLab_DeltaE2000MedianFromMedoid,7652,-0.24449854595569762
Copper,all_doses,ColorLab_DeltaE2000MeanFromMedoid,7652,-0.4905252801101259
Copper,all_doses,ColorLab_DeltaE2000P95FromMedoid,7652,-0.6112214008331418
Copper,all_doses,ColorLab_LabTotalVariance,7652,0.024951678500361864
Copper,all_doses,ColorHSV_HueRobustMean,7652,-0.9048028209448102
Copper,all_doses,ColorHSV_SaturationRobustMean,7652,0.5023308597021315
Copper,all_doses,ColorHSV_ValueRobustMean,7652,0.8319165735432804
Copper,all_doses,ColorHSV_HSVConeVariance,7652,0.05442120957266676
Copper,dose0,Shape_Area,1138,0.2223161009881822
Copper,dose0,Shape_Perimeter,1138,0.22249718670892102
Copper,dose0,Shape_Circularity,1138,-0.05576306145059136
Copper,dose0,Shape_ConvexArea,1138,0.2218840696778433
Copper,dose0,Shape_MedianRadius,1138,0.22384664083751807
Copper,dose0,Shape_MeanRadius,1138,0.22421674968451796
Copper,dose0,Shape_MaxRadius,1138,0.22812523468689183
Copper,dose0,Shape_MinFeretDiameter,1138,0.22520075278957508
Copper,dose0,Shape_MaxFeretDiameter,1138,0.21716315597748048
Copper,dose0,Shape_Eccentricity,1138,-0.11257367685616351
Copper,dose0,Shape_Solidity,1138,0.2231205242688626
Copper,dose0,Shape_Extent,1138,0.014518951170612549
Copper,dose0,Shape_BboxArea,1138,0.22328946846314035
Copper,dose0,Shape_MajorAxisLength,1138,0.2171176049338881
Copper,dose0,Shape_MinorAxisLength,1138,0.22510924300188165
Copper,dose0,Shape_Compactness,1138,0.05574123969992504
Copper,dose0,Shape_Orientation,1138,0.021943606416163042
Copper,dose0,Intensity_IntegratedIntensity,1138,0.14345019197013398
Copper,dose0,Intensity_MinimumIntensity,1138,0.021828773524503704
Copper,dose0,Intensity_MaximumIntensity,1138,-0.4307594568922899
Copper,dose0,Intensity_MeanIntensity,1138,-0.3806994896222289
Copper,dose0,Intensity_MedianIntensity,1138,-0.4221422104030483
Copper,dose0,Intensity_StandardDeviationIntensity,1138,-0.5580268950552806
Copper,dose0,Intensity_CoefficientVarianceIntensity,1138,-0.48798797510801045
Copper,dose0,Intensity_LowerQuartileIntensity,1138,-0.30542343908193065
Copper,dose0,Intensity_UpperQuartileIntensity,1138,-0.4531619592543214
Copper,dose0,Intensity_InterquartileRangeIntensity,1138,-0.39665452776145826
Copper,dose0,Intensity_Density,1138,-0.3806994896222289
Copper,dose0,Intensity_ConvexDensity,1138,0.07576298092181745
Copper,dose0,Texture_AngularSecondMoment-deg000-scale05,1137,0.2038889076841096
Copper,dose0,Texture_AngularSecondMoment-deg045-scale05,1137,0.18065482824655202
Copper,dose0,Texture_AngularSecondMoment-deg090-scale05,1137,0.19604987740690313
Copper,dose0,Texture_AngularSecondMoment-deg135-scale05,1137,0.1980367045841739
Copper,dose0,Texture_Contrast-deg000-scale05,1137,-0.2033358574081061
Copper,dose0,Texture_Contrast-deg045-scale05,1137,-0.2467676973639137
Copper,dose0,Texture_Contrast-deg090-scale05,1137,-0.16457916713500514
Copper,dose0,Texture_Contrast-deg135-scale05,1137,-0.273171453798492
Copper,dose0,Texture_Correlation-deg000-scale05,1137,-0.4564627634856816
Copper,dose0,Texture_Correlation-deg045-scale05,1137,-0.43513215732435717
Copper,dose0,Texture_Correlation-deg090-scale05,1137,-0.4615915510591873
Copper,dose0,Texture_Correlation-deg135-scale05,1137,-0.43335468640939884
Copper,dose0,Texture_HaralickVariance-deg000-scale05,1137,-0.5423123913501086
Copper,dose0,Texture_HaralickVariance-deg045-scale05,1137,-0.5416118103840315
Copper,dose0,Texture_HaralickVariance-deg090-scale05,1137,-0.5494290510861283
Copper,dose0,Texture_HaralickVariance-deg135-scale05,1137,-0.5456908612970841
Copper,dose0,Texture_InverseDifferenceMoment-deg000-scale05,1137,0.06249437912234434
Copper,dose0,Texture_InverseDifferenceMoment-deg045-scale05,1137,0.1103928615490561
Copper,dose0,Texture_InverseDifferenceMoment-deg090-scale05,1137,0.01066918503756167
Copper,dose0,Texture_InverseDifferenceMoment-deg135-scale05,1137,0.18189768307831233
Copper,dose0,Texture_SumAverage-deg000-scale05,1137,-0.39572528213132063
Copper,dose0,Texture_SumAverage-deg045-scale05,1137,-0.3993171086747425
Copper,dose0,Texture_SumAverage-deg090-scale05,1137,-0.3957649670787196
Copper,dose0,Texture_SumAverage-deg135-scale05,1137,-0.39887743113367646
Copper,dose0,Texture_SumVariance-deg000-scale05,1137,-0.5213608209299573
Copper,dose0,Texture_SumVariance-deg045-scale05,1137,-0.5150149194502517
Copper,dose0,Texture_SumVariance-deg090-scale05,1137,-0.5257010691701205
Copper,dose0,Texture_SumVariance-deg135-scale05,1137,-0.5187283561513482
Copper,dose0,Texture_SumEntropy-deg000-scale05,1137,-0.40591671297801796
Copper,dose0,Texture_SumEntropy-deg045-scale05,1137,-0.40414733253474694
Copper,dose0,Texture_SumEntropy-deg090-scale05,1137,-0.4109999212342373
Copper,dose0,Texture_SumEntropy-deg135-scale05,1137,-0.40592264000369405
Copper,dose0,Texture_Entropy-deg000-scale05,1137,-0.3741674569911832
Copper,dose0,Texture_Entropy-deg045-scale05,1137,-0.3448287696977269
Copper,dose0,Texture_Entropy-deg090-scale05,1137,-0.36523568237960913
Copper,dose0,Texture_Entropy-deg135-scale05,1137,-0.3621793372977897
Copper,dose0,Texture_DiffVariance-deg000-scale05,1137,0.44417330433673446
Copper,dose0,Texture_DiffVariance-deg045-scale05,1137,0.43490362395004295
Copper,dose0,Texture_DiffVariance-deg090-scale05,1137,0.4153245273515418
Copper,dose0,Texture_DiffVariance-deg135-scale05,1137,0.46207687322911745
Copper,dose0,Texture_DiffEntropy-deg000-scale05,1137,-0.2256001905399968
Copper,dose0,Texture_DiffEntropy-deg045-scale05,1137,-0.26064421152303924
Copper,dose0,Texture_DiffEntropy-deg090-scale05,1137,-0.18330655177663496
Copper,dose0,Texture_DiffEntropy-deg135-scale05,1137,-0.30151324149785313
Copper,dose0,Texture_InfoCorrelation1-deg000-scale05,1137,0.4594398856237527
Copper,dose0,Texture_InfoCorrelation1-deg045-scale05,1137,0.46918655279027066
Copper,dose0,Texture_InfoCorrelation1-deg090-scale05,1137,0.4711524802626781
Copper,dose0,Texture_InfoCorrelation1-deg135-scale05,1137,0.4626159223356518
Copper,dose0,Texture_InfoCorrelation2-deg000-scale05,1137,-0.45983443286462916
Copper,dose0,Texture_InfoCorrelation2-deg045-scale05,1137,-0.47192071585930345
Copper,dose0,Texture_InfoCorrelation2-deg090-scale05,1137,-0.4719094087924145
Copper,dose0,Texture_InfoCorrelation2-deg135-scale05,1137,-0.4647035742609946
Copper,dose0,Texture_AngularSecondMoment-avg-scale05,1137,0.1944457025994204
Copper,dose0,Texture_Contrast-avg-scale05,1137,-0.23217640513450888
Copper,dose0,Texture_Correlation-avg-scale05,1137,-0.44627745559939347
Copper,dose0,Texture_HaralickVariance-avg-scale05,1137,-0.5447009663696971
Copper,dose0,Texture_InverseDifferenceMoment-avg-scale05,1137,0.09958091356659278
Copper,dose0,Texture_SumAverage-avg-scale05,1137,-0.397301185189607
Copper,dose0,Texture_SumVariance-avg-scale05,1137,-0.5185818786104649
Copper,dose0,Texture_SumEntropy-avg-scale05,1137,-0.4042139666718938
Copper,dose0,Texture_Entropy-avg-scale05,1137,-0.3607843799655168
Copper,dose0,Texture_DiffVariance-avg-scale05,1137,0.44460376478139796
Copper,dose0,Texture_DiffEntropy-avg-scale05,1137,-0.25079915246471857
Copper,dose0,Texture_InfoCorrelation1-avg-scale05,1137,0.47031283461978646
Copper,dose0,Texture_InfoCorrelation2-avg-scale05,1137,-0.4649676289696296
Copper,dose0,ColorLab_L*GeoMedian,1138,-0.29781162161219515
Copper,dose0,ColorLab_b*GeoMedian,1138,0.3033585559251307
Copper,dose0,ColorLab_L*Medoid,1138,-0.3102979703463498
Copper,dose0,ColorLab_a*Medoid,1138,0.9958701929741788
Copper,dose0,ColorLab_b*Medoid,1138,0.31283574223951066
Copper,dose0,ColorLab_DeltaE2000MedianFromMedoid,1138,0.2790418056254511
Copper,dose0,ColorLab_DeltaE2000MeanFromMedoid,1138,0.24794111273560568
Copper,dose0,ColorLab_DeltaE2000P95FromMedoid,1138,-0.013938956722212485
Copper,dose0,ColorLab_LabTotalVariance,1138,0.7430441062893669
Copper,dose0,ColorHSV_HueRobustMean,1138,-0.5734886802050084
Copper,dose0,ColorHSV_SaturationRobustMean,1138,0.627067331488014
Copper,dose0,ColorHSV_ValueRobustMean,1138,0.5486785873489403
Copper,dose0,ColorHSV_HSVConeVariance,1138,0.6208249021545881
Copper,within_strain_dose,Shape_Area,7598,0.42479339082993656
Copper,within_strain_dose,Shape_Perimeter,7598,0.43887509463661706
Copper,within_strain_dose,Shape_Circularity,7598,-0.002992635587418894
Copper,within_strain_dose,Shape_ConvexArea,7598,0.43971187347736085
Copper,within_strain_dose,Shape_MedianRadius,7598,0.43678794576746827
Copper,within_strain_dose,Shape_MeanRadius,7598,0.43649849361079124
Copper,within_strain_dose,Shape_MaxRadius,7598,0.4357310777090353
Copper,within_strain_dose,Shape_MinFeretDiameter,7598,0.4401685272892618
Copper,within_strain_dose,Shape_MaxFeretDiameter,7598,0.43569140596858386
Copper,within_strain_dose,Shape_Eccentricity,7598,-0.14522899687200028
Copper,within_strain_dose,Shape_Solidity,7598,0.44154360265376635
Copper,within_strain_dose,Shape_Extent,7598,0.08308195627919308
Copper,within_strain_dose,Shape_BboxArea,7598,0.4246735451007069
Copper,within_strain_dose,Shape_MajorAxisLength,7598,0.4371401622374122
Copper,within_strain_dose,Shape_MinorAxisLength,7598,0.4393640028033812
Copper,within_strain_dose,Shape_Compactness,7598,0.0011729993863254806
Copper,within_strain_dose,Shape_Orientation,7598,0.048235616646688975
Copper,within_strain_dose,Intensity_IntegratedIntensity,7598,0.36857475776218235
Copper,within_strain_dose,Intensity_MinimumIntensity,7598,0.14098843304319228
Copper,within_strain_dose,Intensity_MaximumIntensity,7598,-0.09840865304350536
Copper,within_strain_dose,Intensity_MeanIntensity,7598,-0.1730414116771921
Copper,within_strain_dose,Intensity_MedianIntensity,7598,-0.22306861860161936
Copper,within_strain_dose,Intensity_StandardDeviationIntensity,7598,-0.23072395599087378
Copper,within_strain_dose,Intensity_CoefficientVarianceIntensity,7598,-0.19578841043424627
Copper,within_strain_dose,Intensity_LowerQuartileIntensity,7598,-0.15483115027461292
Copper,within_strain_dose,Intensity_UpperQuartileIntensity,7598,-0.1970002164696558
Copper,within_strain_dose,Intensity_InterquartileRangeIntensity,7598,-0.08416901026236012
Copper,within_strain_dose,Intensity_Density,7598,-0.1730414116771921
Copper,within_strain_dose,Intensity_ConvexDensity,7598,0.3412862566646613
Copper,within_strain_dose,Texture_AngularSecondMoment-deg000-scale05,7587,0.05592631738788763
Copper,within_strain_dose,Texture_AngularSecondMoment-deg045-scale05,7587,0.03078135868098717
Copper,within_strain_dose,Texture_AngularSecondMoment-deg090-scale05,7587,0.05134633898404986
Copper,within_strain_dose,Texture_AngularSecondMoment-deg135-scale05,7587,0.042901568264071814
Copper,within_strain_dose,Texture_Contrast-deg000-scale05,7587,-0.3229944172554859
Copper,within_strain_dose,Texture_Contrast-deg045-scale05,7587,-0.3051808059045049
Copper,within_strain_dose,Texture_Contrast-deg090-scale05,7587,-0.3162589543738246
Copper,within_strain_dose,Texture_Contrast-deg135-scale05,7587,-0.32370088076311454
Copper,within_strain_dose,Texture_Correlation-deg000-scale05,7587,0.1575284382203706
Copper,within_strain_dose,Texture_Correlation-deg045-scale05,7587,0.1724795589130406
Copper,within_strain_dose,Texture_Correlation-deg090-scale05,7587,0.14954386023954266
Copper,within_strain_dose,Texture_Correlation-deg135-scale05,7587,0.18512371773998218
Copper,within_strain_dose,Texture_HaralickVariance-deg000-scale05,7587,-0.19907697932840057
Copper,within_strain_dose,Texture_HaralickVariance-deg045-scale05,7587,-0.196644804122233
Copper,within_strain_dose,Texture_HaralickVariance-deg090-scale05,7587,-0.20032999092860196
Copper,within_strain_dose,Texture_HaralickVariance-deg135-scale05,7587,-0.1954314117348143
Copper,within_strain_dose,Texture_InverseDifferenceMoment-deg000-scale05,7587,0.27810878529391964
Copper,within_strain_dose,Texture_InverseDifferenceMoment-deg045-scale05,7587,0.24432100368406728
Copper,within_strain_dose,Texture_InverseDifferenceMoment-deg090-scale05,7587,0.2559482561114778
Copper,within_strain_dose,Texture_InverseDifferenceMoment-deg135-scale05,7587,0.2764715785378206
Copper,within_strain_dose,Texture_SumAverage-deg000-scale05,7587,-0.19898665498933554
Copper,within_strain_dose,Texture_SumAverage-deg045-scale05,7587,-0.20122588606163308
Copper,within_strain_dose,Texture_SumAverage-deg090-scale05,7587,-0.1989360225400006
Copper,within_strain_dose,Texture_SumAverage-deg135-scale05,7587,-0.19998109228704905
Copper,within_strain_dose,Texture_SumVariance-deg000-scale05,7587,-0.15196236151847758
Copper,within_strain_dose,Texture_SumVariance-deg045-scale05,7587,-0.13604879718429594
Copper,within_strain_dose,Texture_SumVariance-deg090-scale05,7587,-0.15446623677848947
Copper,within_strain_dose,Texture_SumVariance-deg135-scale05,7587,-0.13835541154705497
Copper,within_strain_dose,Texture_SumEntropy-deg000-scale05,7587,-0.041567846839237255
Copper,within_strain_dose,Texture_SumEntropy-deg045-scale05,7587,-0.030965704101585726
Copper,within_strain_dose,Texture_SumEntropy-deg090-scale05,7587,-0.04653754447895015
Copper,within_strain_dose,Texture_SumEntropy-deg135-scale05,7587,-0.03556680064033224
Copper,within_strain_dose,Texture_Entropy-deg000-scale05,7587,-0.16179987509314056
Copper,within_strain_dose,Texture_Entropy-deg045-scale05,7587,-0.13191100673323694
Copper,within_strain_dose,Texture_Entropy-deg090-scale05,7587,-0.15672255143967662
Copper,within_strain_dose,Texture_Entropy-deg135-scale05,7587,-0.14170429211270388
Copper,within_strain_dose,Texture_DiffVariance-deg000-scale05,7587,0.28926545830609357
Copper,within_strain_dose,Texture_DiffVariance-deg045-scale05,7587,0.25430656333301815
Copper,within_strain_dose,Texture_DiffVariance-deg090-scale05,7587,0.27244264320645306
Copper,within_strain_dose,Texture_DiffVariance-deg135-scale05,7587,0.26992544319828127
Copper,within_strain_dose,Texture_DiffEntropy-deg000-scale05,7587,-0.32596061327413633
Copper,within_strain_dose,Texture_DiffEntropy-deg045-scale05,7587,-0.2938826761304961
Copper,within_strain_dose,Texture_DiffEntropy-deg090-scale05,7587,-0.31529230662506785
Copper,within_strain_dose,Texture_DiffEntropy-deg135-scale05,7587,-0.3138164821768471
Copper,within_strain_dose,Texture_InfoCorrelation1-deg000-scale05,7587,-0.13343239877570076
Copper,within_strain_dose,Texture_InfoCorrelation1-deg045-scale05,7587,-0.10024236758295063
Copper,within_strain_dose,Texture_InfoCorrelation1-deg090-scale05,7587,-0.12324676289765965
Copper,within_strain_dose,Texture_InfoCorrelation1-deg135-scale05,7587,-0.12354262805785626
Copper,within_strain_dose,Texture_InfoCorrelation2-deg000-scale05,7587,0.1328754511752327
Copper,within_strain_dose,Texture_InfoCorrelation2-deg045-scale05,7587,0.1144161040473271
Copper,within_strain_dose,Texture_InfoCorrelation2-deg090-scale05,7587,0.12440889176903212
Copper,within_strain_dose,Texture_InfoCorrelation2-deg135-scale05,7587,0.13315000709724292
Copper,within_strain_dose,Texture_AngularSecondMoment-avg-scale05,7587,0.04343115108417676
Copper,within_strain_dose,Texture_Contrast-avg-scale05,7587,-0.32040221518711737
Copper,within_strain_dose,Texture_Correlation-avg-scale05,7587,0.17189158770814825
Copper,within_strain_dose,Texture_HaralickVariance-avg-scale05,7587,-0.19795492301459547
Copper,within_strain_dose,Texture_InverseDifferenceMoment-avg-scale05,7587,0.26646006527775645
Copper,within_strain_dose,Texture_SumAverage-avg-scale05,7587,-0.19970651182798246
Copper,within_strain_dose,Texture_SumVariance-avg-scale05,7587,-0.1459942469342913
Copper,within_strain_dose,Texture_SumEntropy-avg-scale05,7587,-0.0380663632860044
Copper,within_strain_dose,Texture_Entropy-avg-scale05,7587,-0.14726450830492405
Copper,within_strain_dose,Texture_DiffVariance-avg-scale05,7587,0.2693181182184605
Copper,within_strain_dose,Texture_DiffEntropy-avg-scale05,7587,-0.312240728547071
Copper,within_strain_dose,Texture_InfoCorrelation1-avg-scale05,7587,-0.11856414244256044
Copper,within_strain_dose,Texture_InfoCorrelation2-avg-scale05,7587,0.1309450348938298
Copper,within_strain_dose,ColorLab_L*GeoMedian,7598,-0.09044799158280525
Copper,within_strain_dose,ColorLab_b*GeoMedian,7598,0.4370560039899291
Copper,within_strain_dose,ColorLab_L*Medoid,7598,-0.11801502112729213
Copper,within_strain_dose,ColorLab_a*Medoid,7598,0.9899447729923387
Copper,within_strain_dose,ColorLab_b*Medoid,7598,0.44540151308837334
Copper,within_strain_dose,ColorLab_DeltaE2000MedianFromMedoid,7598,-0.09939430267433179
Copper,within_strain_dose,ColorLab_DeltaE2000MeanFromMedoid,7598,-0.1287378130758648
Copper,within_strain_dose,ColorLab_DeltaE2000P95FromMedoid,7598,-0.14805809281117058
Copper,within_strain_dose,ColorLab_LabTotalVariance,7598,0.26780045650262013
Copper,within_strain_dose,ColorHSV_HueRobustMean,7598,-0.7607276446964737
Copper,within_strain_dose,ColorHSV_SaturationRobustMean,7598,0.6346958403458643
Copper,within_strain_dose,ColorHSV_ValueRobustMean,7598,0.49960464365102675
Copper,within_strain_dose,ColorHSV_HSVConeVariance,7598,0.21291507109868762
Iron,all_doses,Shape_Area,4073,-0.12676244672504247
Iron,all_doses,Shape_Perimeter,4073,-0.11339953929223007
Iron,all_doses,Shape_Circularity,4073,-0.03387553986121027
Iron,all_doses,Shape_ConvexArea,4073,-0.12173785111462372
Iron,all_doses,Shape_MedianRadius,4073,-0.14133257051687367
Iron,all_doses,Shape_MeanRadius,4073,-0.1426275003112351
Iron,all_doses,Shape_MaxRadius,4073,-0.13931474224280407
Iron,all_doses,Shape_MinFeretDiameter,4073,-0.11697669704430737
Iron,all_doses,Shape_MaxFeretDiameter,4073,-0.12373883904949903
Iron,all_doses,Shape_Eccentricity,4073,-0.023521405409205498
Iron,all_doses,Shape_Solidity,4073,-0.12915924090110253
Iron,all_doses,Shape_Extent,4073,-0.056098033904108266
Iron,all_doses,Shape_BboxArea,4073,-0.1198664493381991
Iron,all_doses,Shape_MajorAxisLength,4073,-0.12347836752040021
Iron,all_doses,Shape_MinorAxisLength,4073,-0.11519075278134626
Iron,all_doses,Shape_Compactness,4073,0.03389293238739519
Iron,all_doses,Shape_Orientation,4073,0.04563979799076511
Iron,all_doses,Intensity_IntegratedIntensity,4073,-0.23815792029880095
Iron,all_doses,Intensity_MinimumIntensity,4073,-0.24770200120034497
Iron,all_doses,Intensity_MaximumIntensity,4073,-0.46479478153505566
Iron,all_doses,Intensity_MeanIntensity,4073,-0.530155729751224
Iron,all_doses,Intensity_MedianIntensity,4073,-0.5821774095951416
Iron,all_doses,Intensity_StandardDeviationIntensity,4073,-0.24674934747639785
Iron,all_doses,Intensity_CoefficientVarianceIntensity,4073,-0.06667975040517968
Iron,all_doses,Intensity_LowerQuartileIntensity,4073,-0.5321877110954106
Iron,all_doses,Intensity_UpperQuartileIntensity,4073,-0.5600851758672921
Iron,all_doses,Intensity_InterquartileRangeIntensity,4073,0.009419048100298418
Iron,all_doses,Intensity_Density,4073,-0.530155729751224
Iron,all_doses,Intensity_ConvexDensity,4073,-0.30914505310219975
Iron,all_doses,Texture_AngularSecondMoment-deg000-scale05,4071,-0.2089708778691033
Iron,all_doses,Texture_AngularSecondMoment-deg045-scale05,4071,-0.2074036343408716
Iron,all_doses,Texture_AngularSecondMoment-deg090-scale05,4071,-0.2052812689999915
Iron,all_doses,Texture_AngularSecondMoment-deg135-scale05,4071,-0.20946963197673693
Iron,all_doses,Texture_Contrast-deg000-scale05,4071,0.10883227878854135
Iron,all_doses,Texture_Contrast-deg045-scale05,4071,0.032996573874695456
Iron,all_doses,Texture_Contrast-deg090-scale05,4071,0.10289139743790227
Iron,all_doses,Texture_Contrast-deg135-scale05,4071,0.030009288802738468
Iron,all_doses,Texture_Correlation-deg000-scale05,4071,-0.37678626897347256
Iron,all_doses,Texture_Correlation-deg045-scale05,4071,-0.329684390581536
Iron,all_doses,Texture_Correlation-deg090-scale05,4071,-0.39084516060249824
Iron,all_doses,Texture_Correlation-deg135-scale05,4071,-0.3240355179610702
Iron,all_doses,Texture_HaralickVariance-deg000-scale05,4071,-0.1931587670983049
Iron,all_doses,Texture_HaralickVariance-deg045-scale05,4071,-0.17849869666601073
Iron,all_doses,Texture_HaralickVariance-deg090-scale05,4071,-0.19364691808992116
Iron,all_doses,Texture_HaralickVariance-deg135-scale05,4071,-0.17686605121864046
Iron,all_doses,Texture_InverseDifferenceMoment-deg000-scale05,4071,-0.2541393545794795
Iron,all_doses,Texture_InverseDifferenceMoment-deg045-scale05,4071,-0.19814156678628603
Iron,all_doses,Texture_InverseDifferenceMoment-deg090-scale05,4071,-0.251969058849992
Iron,all_doses,Texture_InverseDifferenceMoment-deg135-scale05,4071,-0.1813112447337516
Iron,all_doses,Texture_SumAverage-deg000-scale05,4071,-0.5396733194806344
Iron,all_doses,Texture_SumAverage-deg045-scale05,4071,-0.5422128293516988
Iron,all_doses,Texture_SumAverage-deg090-scale05,4071,-0.539483668215066
Iron,all_doses,Texture_SumAverage-deg135-scale05,4071,-0.5420738864680124
Iron,all_doses,Texture_SumVariance-deg000-scale05,4071,-0.2189675066775975
Iron,all_doses,Texture_SumVariance-deg045-scale05,4071,-0.20942024473795265
Iron,all_doses,Texture_SumVariance-deg090-scale05,4071,-0.22148480220689662
Iron,all_doses,Texture_SumVariance-deg135-scale05,4071,-0.20673555603837784
Iron,all_doses,Texture_SumEntropy-deg000-scale05,4071,-0.06045503042504691
Iron,all_doses,Texture_SumEntropy-deg045-scale05,4071,-0.06293590950213887
Iron,all_doses,Texture_SumEntropy-deg090-scale05,4071,-0.06089090644506568
Iron,all_doses,Texture_SumEntropy-deg135-scale05,4071,-0.06194406754653918
Iron,all_doses,Texture_Entropy-deg000-scale05,4071,0.05033932461293752
Iron,all_doses,Texture_Entropy-deg045-scale05,4071,0.048568241048185676
Iron,all_doses,Texture_Entropy-deg090-scale05,4071,0.04921729901641962
Iron,all_doses,Texture_Entropy-deg135-scale05,4071,0.04712787456807042
Iron,all_doses,Texture_DiffVariance-deg000-scale05,4071,0.13193859312652498
Iron,all_doses,Texture_DiffVariance-deg045-scale05,4071,0.12551698092009334
Iron,all_doses,Texture_DiffVariance-deg090-scale05,4071,0.12324962030208635
Iron,all_doses,Texture_DiffVariance-deg135-scale05,4071,0.14659866569313762
Iron,all_doses,Texture_DiffEntropy-deg000-scale05,4071,0.10477904200057972
Iron,all_doses,Texture_DiffEntropy-deg045-scale05,4071,0.04296406656895021
Iron,all_doses,Texture_DiffEntropy-deg090-scale05,4071,0.09735041425750879
Iron,all_doses,Texture_DiffEntropy-deg135-scale05,4071,0.03268464483933137
Iron,all_doses,Texture_InfoCorrelation1-deg000-scale05,4071,0.3959504178766014
Iron,all_doses,Texture_InfoCorrelation1-deg045-scale05,4071,0.34069563381166024
Iron,all_doses,Texture_InfoCorrelation1-deg090-scale05,4071,0.4006879344002721
Iron,all_doses,Texture_InfoCorrelation1-deg135-scale05,4071,0.33578209293405037
Iron,all_doses,Texture_InfoCorrelation2-deg000-scale05,4071,-0.30768332093940554
Iron,all_doses,Texture_InfoCorrelation2-deg045-scale05,4071,-0.28139212615290227
Iron,all_doses,Texture_InfoCorrelation2-deg090-scale05,4071,-0.3156302584825719
Iron,all_doses,Texture_InfoCorrelation2-deg135-scale05,4071,-0.2736156687158767
Iron,all_doses,Texture_AngularSecondMoment-avg-scale05,4071,-0.20828344876871538
Iron,all_doses,Texture_Contrast-avg-scale05,4071,0.060008788909794095
Iron,all_doses,Texture_Correlation-avg-scale05,4071,-0.362243285470733
Iron,all_doses,Texture_HaralickVariance-avg-scale05,4071,-0.18570224096781435
Iron,all_doses,Texture_InverseDifferenceMoment-avg-scale05,4071,-0.2187177684793192
Iron,all_doses,Texture_SumAverage-avg-scale05,4071,-0.5409023306333766
Iron,all_doses,Texture_SumVariance-avg-scale05,4071,-0.21476244070280953
Iron,all_doses,Texture_SumEntropy-avg-scale05,4071,-0.061524603012239686
Iron,all_doses,Texture_Entropy-avg-scale05,4071,0.04884151241914886
Iron,all_doses,Texture_DiffVariance-avg-scale05,4071,0.13295589732293542
Iron,all_doses,Texture_DiffEntropy-avg-scale05,4071,0.06625364237889264
Iron,all_doses,Texture_InfoCorrelation1-avg-scale05,4071,0.3761243889095109
Iron,all_doses,Texture_InfoCorrelation2-avg-scale05,4071,-0.2969680614296395
Iron,all_doses,ColorLab_L*GeoMedian,4073,-0.47950781545627935
Iron,all_doses,ColorLab_b*GeoMedian,4073,0.6629702746866099
Iron,all_doses,ColorLab_L*Medoid,4073,-0.4929293209528202
Iron,all_doses,ColorLab_a*Medoid,4073,0.995038843887449
Iron,all_doses,ColorLab_b*Medoid,4073,0.6708255489678311
Iron,all_doses,ColorLab_DeltaE2000MedianFromMedoid,4073,0.03568114486409105
Iron,all_doses,ColorLab_DeltaE2000MeanFromMedoid,4073,0.14672196350051184
Iron,all_doses,ColorLab_DeltaE2000P95FromMedoid,4073,0.012196258396414637
Iron,all_doses,ColorLab_LabTotalVariance,4073,0.754783839439518
Iron,all_doses,ColorHSV_HueRobustMean,4073,-0.18982420866636082
Iron,all_doses,ColorHSV_SaturationRobustMean,4073,0.8973921092629878
Iron,all_doses,ColorHSV_ValueRobustMean,4073,0.16389896493640502
Iron,all_doses,ColorHSV_HSVConeVariance,4073,0.5952854532216442
Iron,dose0,Shape_Area,605,0.03600468659179427
Iron,dose0,Shape_Perimeter,605,0.03790323172798585
Iron,dose0,Shape_Circularity,605,-0.015139448923820738
Iron,dose0,Shape_ConvexArea,605,0.03704740130846317
Iron,dose0,Shape_MedianRadius,605,0.0352809727460825
Iron,dose0,Shape_MeanRadius,605,0.034266768037429875
Iron,dose0,Shape_MaxRadius,605,0.03209843270089297
Iron,dose0,Shape_MinFeretDiameter,605,0.0333672068708365
Iron,dose0,Shape_MaxFeretDiameter,605,0.035802098588989674
Iron,dose0,Shape_Eccentricity,605,-0.0908810206728078
Iron,dose0,Shape_Solidity,605,0.03569038421000438
Iron,dose0,Shape_Extent,605,0.008936414412061314
Iron,dose0,Shape_BboxArea,605,0.035966693992272966
Iron,dose0,Shape_MajorAxisLength,605,0.03422612580342922
Iron,dose0,Shape_MinorAxisLength,605,0.03907008401020716
Iron,dose0,Shape_Compactness,605,0.015172775555701264
Iron,dose0,Shape_Orientation,605,0.025891975109612105
Iron,dose0,Intensity_IntegratedIntensity,605,-0.027519181779707167
Iron,dose0,Intensity_MinimumIntensity,605,0.07245090553606835
Iron,dose0,Intensity_MaximumIntensity,605,-0.2513186237347395
Iron,dose0,Intensity_MeanIntensity,605,-0.33059861675511315
Iron,dose0,Intensity_MedianIntensity,605,-0.38027789533920275
Iron,dose0,Intensity_StandardDeviationIntensity,605,-0.37927815057243236
Iron,dose0,Intensity_CoefficientVarianceIntensity,605,-0.36905993428963607
Iron,dose0,Intensity_LowerQuartileIntensity,605,-0.34232888671166933
Iron,dose0,Intensity_UpperQuartileIntensity,605,-0.34087053497643566
Iron,dose0,Intensity_InterquartileRangeIntensity,605,-0.12892150142166534
Iron,dose0,Intensity_Density,605,-0.33059861675511315
Iron,dose0,Intensity_ConvexDensity,605,-0.08028548188954958
Iron,dose0,Texture_AngularSecondMoment-deg000-scale05,605,-0.011083950056655275
Iron,dose0,Texture_AngularSecondMoment-deg045-scale05,605,-0.038897219041591095
Iron,dose0,Texture_AngularSecondMoment-deg090-scale05,605,-0.02190990321187447
Iron,dose0,Texture_AngularSecondMoment-deg135-scale05,605,-0.05146618213898451
Iron,dose0,Texture_Contrast-deg000-scale05,605,0.014402632316211753
Iron,dose0,Texture_Contrast-deg045-scale05,605,0.0005627594667955659
Iron,dose0,Texture_Contrast-deg090-scale05,605,0.02751712257318447
Iron,dose0,Texture_Contrast-deg135-scale05,605,-0.005080821146533678
Iron,dose0,Texture_Correlation-deg000-scale05,605,-0.35052176500010024
Iron,dose0,Texture_Correlation-deg045-scale05,605,-0.34882454530823337
Iron,dose0,Texture_Correlation-deg090-scale05,605,-0.3612196680233947
Iron,dose0,Texture_Correlation-deg135-scale05,605,-0.37011170111592734
Iron,dose0,Texture_HaralickVariance-deg000-scale05,605,-0.3369704520120886
Iron,dose0,Texture_HaralickVariance-deg045-scale05,605,-0.3326273686971346
Iron,dose0,Texture_HaralickVariance-deg090-scale05,605,-0.3402223726285934
Iron,dose0,Texture_HaralickVariance-deg135-scale05,605,-0.3190794154671337
Iron,dose0,Texture_InverseDifferenceMoment-deg000-scale05,605,-0.05914929843375667
Iron,dose0,Texture_InverseDifferenceMoment-deg045-scale05,605,-0.05698550589556246
Iron,dose0,Texture_InverseDifferenceMoment-deg090-scale05,605,-0.11620898995378165
Iron,dose0,Texture_InverseDifferenceMoment-deg135-scale05,605,-0.027062904965993288
Iron,dose0,Texture_SumAverage-deg000-scale05,605,-0.33696855537450193
Iron,dose0,Texture_SumAverage-deg045-scale05,605,-0.3399995448069792
Iron,dose0,Texture_SumAverage-deg090-scale05,605,-0.3364890312029397
Iron,dose0,Texture_SumAverage-deg135-scale05,605,-0.3375354332543429
Iron,dose0,Texture_SumVariance-deg000-scale05,605,-0.33520159360908997
Iron,dose0,Texture_SumVariance-deg045-scale05,605,-0.32423409710025786
Iron,dose0,Texture_SumVariance-deg090-scale05,605,-0.34066168808331765
Iron,dose0,Texture_SumVariance-deg135-scale05,605,-0.33667360113494793
Iron,dose0,Texture_SumEntropy-deg000-scale05,605,-0.19461804699434423
Iron,dose0,Texture_SumEntropy-deg045-scale05,605,-0.1892047723736853
Iron,dose0,Texture_SumEntropy-deg090-scale05,605,-0.19840449427242543
Iron,dose0,Texture_SumEntropy-deg135-scale05,605,-0.1994801587323091
Iron,dose0,Texture_Entropy-deg000-scale05,605,-0.14420764171540573
Iron,dose0,Texture_Entropy-deg045-scale05,605,-0.11847606795598284
Iron,dose0,Texture_Entropy-deg090-scale05,605,-0.13950100006990465
Iron,dose0,Texture_Entropy-deg135-scale05,605,-0.10436134522543163
Iron,dose0,Texture_DiffVariance-deg000-scale05,605,0.140829892742435
Iron,dose0,Texture_DiffVariance-deg045-scale05,605,0.12610840855307687
Iron,dose0,Texture_DiffVariance-deg090-scale05,605,0.11097091045648816
Iron,dose0,Texture_DiffVariance-deg135-scale05,605,0.12103463206043662
Iron,dose0,Texture_DiffEntropy-deg000-scale05,605,0.019030157079524927
Iron,dose0,Texture_DiffEntropy-deg045-scale05,605,0.0014961219180316587
Iron,dose0,Texture_DiffEntropy-deg090-scale05,605,0.022701884878433658
Iron,dose0,Texture_DiffEntropy-deg135-scale05,605,-0.002587122047544911
Iron,dose0,Texture_InfoCorrelation1-deg000-scale05,605,0.33074205674631274
Iron,dose0,Texture_InfoCorrelation1-deg045-scale05,605,0.338972921976123
Iron,dose0,Texture_InfoCorrelation1-deg090-scale05,605,0.3439174019749958
Iron,dose0,Texture_InfoCorrelation1-deg135-scale05,605,0.35512035249280494
Iron,dose0,Texture_InfoCorrelation2-deg000-scale05,605,-0.30028503753445784
Iron,dose0,Texture_InfoCorrelation2-deg045-scale05,605,-0.3081508813132969
Iron,dose0,Texture_InfoCorrelation2-deg090-scale05,605,-0.31485755438879226
Iron,dose0,Texture_InfoCorrelation2-deg135-scale05,605,-0.32130536352852623
Iron,dose0,Texture_AngularSecondMoment-avg-scale05,605,-0.0268803400508624
Iron,dose0,Texture_Contrast-avg-scale05,605,-0.0019546746968495767
Iron,dose0,Texture_Correlation-avg-scale05,605,-0.35105369055870067
Iron,dose0,Texture_HaralickVariance-avg-scale05,605,-0.3331712159777085
Iron,dose0,Texture_InverseDifferenceMoment-avg-scale05,605,-0.05431330610484287
Iron,dose0,Texture_SumAverage-avg-scale05,605,-0.33764175333848856
Iron,dose0,Texture_SumVariance-avg-scale05,605,-0.33648832673755036
Iron,dose0,Texture_SumEntropy-avg-scale05,605,-0.19482413021555015
Iron,dose0,Texture_Entropy-avg-scale05,605,-0.12951590764133608
Iron,dose0,Texture_DiffVariance-avg-scale05,605,0.1300556365088646
Iron,dose0,Texture_DiffEntropy-avg-scale05,605,0.002708777801320168
Iron,dose0,Texture_InfoCorrelation1-avg-scale05,605,0.3432028031219738
Iron,dose0,Texture_InfoCorrelation2-avg-scale05,605,-0.31007802767031667
Iron,dose0,ColorLab_L*GeoMedian,605,-0.21765845458718056
Iron,dose0,ColorLab_b*GeoMedian,605,0.40061564856064175
Iron,dose0,ColorLab_L*Medoid,605,-0.23494906986183264
Iron,dose0,ColorLab_a*Medoid,605,0.9913628208094741
Iron,dose0,ColorLab_b*Medoid,605,0.4119190124912551
Iron,dose0,ColorLab_DeltaE2000MedianFromMedoid,605,0.3708913817329957
Iron,dose0,ColorLab_DeltaE2000MeanFromMedoid,605,0.5095678863491405
Iron,dose0,ColorLab_DeltaE2000P95FromMedoid,605,0.21197135968864794
Iron,dose0,ColorLab_LabTotalVariance,605,0.8481800136666285
Iron,dose0,ColorHSV_HueRobustMean,605,-0.11771399897364812
Iron,dose0,ColorHSV_SaturationRobustMean,605,0.9021487820064367
Iron,dose0,ColorHSV_ValueRobustMean,605,0.5701303965435677
Iron,dose0,ColorHSV_HSVConeVariance,605,0.7860618271339476
Iron,within_strain_dose,Shape_Area,3674,0.5252304221279921
Iron,within_strain_dose,Shape_Perimeter,3674,0.5166721422337656
Iron,within_strain_dose,Shape_Circularity,3674,-0.06285323284322525
Iron,within_strain_dose,Shape_ConvexArea,3674,0.5323811264591243
Iron,within_strain_dose,Shape_MedianRadius,3674,0.5296533322714344
Iron,within_strain_dose,Shape_MeanRadius,3674,0.5295789683692995
Iron,within_strain_dose,Shape_MaxRadius,3674,0.5302915246694757
Iron,within_strain_dose,Shape_MinFeretDiameter,3674,0.5394184085801813
Iron,within_strain_dose,Shape_MaxFeretDiameter,3674,0.5121994973113195
Iron,within_strain_dose,Shape_Eccentricity,3674,-0.11807668982707885
Iron,within_strain_dose,Shape_Solidity,3674,0.5355060790762326
Iron,within_strain_dose,Shape_Extent,3674,0.03417544615851825
Iron,within_strain_dose,Shape_BboxArea,3674,0.5196538131543892
Iron,within_strain_dose,Shape_MajorAxisLength,3674,0.5104685615653382
Iron,within_strain_dose,Shape_MinorAxisLength,3674,0.5371334978147226
Iron,within_strain_dose,Shape_Compactness,3674,0.06239135467587979
Iron,within_strain_dose,Shape_Orientation,3674,0.0108798915087889
Iron,within_strain_dose,Intensity_IntegratedIntensity,3674,0.5212963473415942
Iron,within_strain_dose,Intensity_MinimumIntensity,3674,0.06521591228908889
Iron,within_strain_dose,Intensity_MaximumIntensity,3674,0.19117059816410523
Iron,within_strain_dose,Intensity_MeanIntensity,3674,0.13450318821207632
Iron,within_strain_dose,Intensity_MedianIntensity,3674,0.07016558134452519
Iron,within_strain_dose,Intensity_StandardDeviationIntensity,3674,0.013467982688370432
Iron,within_strain_dose,Intensity_CoefficientVarianceIntensity,3674,-0.03777471547663342
Iron,within_strain_dose,Intensity_LowerQuartileIntensity,3674,0.15131875125070798
Iron,within_strain_dose,Intensity_UpperQuartileIntensity,3674,0.1021336167951548
Iron,within_strain_dose,Intensity_InterquartileRangeIntensity,3674,-0.04040865029544489
Iron,within_strain_dose,Intensity_Density,3674,0.13450318821207632
Iron,within_strain_dose,Intensity_ConvexDensity,3674,0.5213450883424895
Iron,within_strain_dose,Texture_AngularSecondMoment-deg000-scale05,3672,-0.048591858910580224
Iron,within_strain_dose,Texture_AngularSecondMoment-deg045-scale05,3672,-0.03997647661774143
Iron,within_strain_dose,Texture_AngularSecondMoment-deg090-scale05,3672,-0.04598415979596207
Iron,within_strain_dose,Texture_AngularSecondMoment-deg135-scale05,3672,-0.04981867445961091
Iron,within_strain_dose,Texture_Contrast-deg000-scale05,3672,-0.021349068075788832
Iron,within_strain_dose,Texture_Contrast-deg045-scale05,3672,-0.010091799366613828
Iron,within_strain_dose,Texture_Contrast-deg090-scale05,3672,0.00047957205983028504
Iron,within_strain_dose,Texture_Contrast-deg135-scale05,3672,0.00862891993692883
Iron,within_strain_dose,Texture_Correlation-deg000-scale05,3672,0.05918559207424725
Iron,within_strain_dose,Texture_Correlation-deg045-scale05,3672,0.04103068502332233
Iron,within_strain_dose,Texture_Correlation-deg090-scale05,3672,0.04325997940427385
Iron,within_strain_dose,Texture_Correlation-deg135-scale05,3672,0.04652687666683061
Iron,within_strain_dose,Texture_HaralickVariance-deg000-scale05,3672,0.015183200279663842
Iron,within_strain_dose,Texture_HaralickVariance-deg045-scale05,3672,0.016535044900661596
Iron,within_strain_dose,Texture_HaralickVariance-deg090-scale05,3672,0.011181747191371112
Iron,within_strain_dose,Texture_HaralickVariance-deg135-scale05,3672,0.021351583359202727
Iron,within_strain_dose,Texture_InverseDifferenceMoment-deg000-scale05,3672,0.05166310745338394
Iron,within_strain_dose,Texture_InverseDifferenceMoment-deg045-scale05,3672,0.08666687312446425
Iron,within_strain_dose,Texture_InverseDifferenceMoment-deg090-scale05,3672,0.04274336544568863
Iron,within_strain_dose,Texture_InverseDifferenceMoment-deg135-scale05,3672,0.05478783763997674
Iron,within_strain_dose,Texture_SumAverage-deg000-scale05,3672,0.11799634608573929
Iron,within_strain_dose,Texture_SumAverage-deg045-scale05,3672,0.11496782294487572
Iron,within_strain_dose,Texture_SumAverage-deg090-scale05,3672,0.11861036268584103
Iron,within_strain_dose,Texture_SumAverage-deg135-scale05,3672,0.1153094957670187
Iron,within_strain_dose,Texture_SumVariance-deg000-scale05,3672,0.017569970113047655
Iron,within_strain_dose,Texture_SumVariance-deg045-scale05,3672,0.019336781964791067
Iron,within_strain_dose,Texture_SumVariance-deg090-scale05,3672,0.012261263545890019
Iron,within_strain_dose,Texture_SumVariance-deg135-scale05,3672,0.022479110410073656
Iron,within_strain_dose,Texture_SumEntropy-deg000-scale05,3672,0.06196891337622237
Iron,within_strain_dose,Texture_SumEntropy-deg045-scale05,3672,0.06460708867099052
Iron,within_strain_dose,Texture_SumEntropy-deg090-scale05,3672,0.06018931642953137
Iron,within_strain_dose,Texture_SumEntropy-deg135-scale05,3672,0.06591193471970026
Iron,within_strain_dose,Texture_Entropy-deg000-scale05,3672,0.054312474765639704
Iron,within_strain_dose,Texture_Entropy-deg045-scale05,3672,0.04663796625043128
Iron,within_strain_dose,Texture_Entropy-deg090-scale05,3672,0.05460860757933982
Iron,within_strain_dose,Texture_Entropy-deg135-scale05,3672,0.056632334133870636
Iron,within_strain_dose,Texture_DiffVariance-deg000-scale05,3672,-0.07843763240063013
Iron,within_strain_dose,Texture_DiffVariance-deg045-scale05,3672,-0.03573665401272613
Iron,within_strain_dose,Texture_DiffVariance-deg090-scale05,3672,-0.07915016265199684
Iron,within_strain_dose,Texture_DiffVariance-deg135-scale05,3672,-0.05853445868402663
Iron,within_strain_dose,Texture_DiffEntropy-deg000-scale05,3672,0.007805859242338787
Iron,within_strain_dose,Texture_DiffEntropy-deg045-scale05,3672,-0.013459730411186905
Iron,within_strain_dose,Texture_DiffEntropy-deg090-scale05,3672,0.013545322272587562
Iron,within_strain_dose,Texture_DiffEntropy-deg135-scale05,3672,0.01705835909146662
Iron,within_strain_dose,Texture_InfoCorrelation1-deg000-scale05,3672,-0.08986663985274693
Iron,within_strain_dose,Texture_InfoCorrelation1-deg045-scale05,3672,-0.12871998668180457
Iron,within_strain_dose,Texture_InfoCorrelation1-deg090-scale05,3672,-0.0867055609366576
Iron,within_strain_dose,Texture_InfoCorrelation1-deg135-scale05,3672,-0.11188090877683203
Iron,within_strain_dose,Texture_InfoCorrelation2-deg000-scale05,3672,0.10747125485616994
Iron,within_strain_dose,Texture_InfoCorrelation2-deg045-scale05,3672,0.13427959773801887
Iron,within_strain_dose,Texture_InfoCorrelation2-deg090-scale05,3672,0.10015151303344902
Iron,within_strain_dose,Texture_InfoCorrelation2-deg135-scale05,3672,0.12609142026410594
Iron,within_strain_dose,Texture_AngularSecondMoment-avg-scale05,3672,-0.04651731602076896
Iron,within_strain_dose,Texture_Contrast-avg-scale05,3672,-0.013408230116589242
Iron,within_strain_dose,Texture_Correlation-avg-scale05,3672,0.051030961084038665
Iron,within_strain_dose,Texture_HaralickVariance-avg-scale05,3672,0.01608579148251347
Iron,within_strain_dose,Texture_InverseDifferenceMoment-avg-scale05,3672,0.06668943844016628
Iron,within_strain_dose,Texture_SumAverage-avg-scale05,3672,0.11669454222602657
Iron,within_strain_dose,Texture_SumVariance-avg-scale05,3672,0.01783354505752071
Iron,within_strain_dose,Texture_SumEntropy-avg-scale05,3672,0.06341771977339362
Iron,within_strain_dose,Texture_Entropy-avg-scale05,3672,0.05326375863578074
Iron,within_strain_dose,Texture_DiffVariance-avg-scale05,3672,-0.06413768802174327
Iron,within_strain_dose,Texture_DiffEntropy-avg-scale05,3672,0.0014828996605423628
Iron,within_strain_dose,Texture_InfoCorrelation1-avg-scale05,3672,-0.10672184242581798
Iron,within_strain_dose,Texture_InfoCorrelation2-avg-scale05,3672,0.12348259487062634
Iron,within_strain_dose,ColorLab_L*GeoMedian,3674,0.21954840845522786
Iron,within_strain_dose,ColorLab_b*GeoMedian,3674,0.7386636795473435
Iron,within_strain_dose,ColorLab_L*Medoid,3674,0.19852671527323237
Iron,within_strain_dose,ColorLab_a*Medoid,3674,0.964438920186345
Iron,within_strain_dose,ColorLab_b*Medoid,3674,0.7323693762127695
Iron,within_strain_dose,ColorLab_DeltaE2000MedianFromMedoid,3674,-0.27679969510650804
Iron,within_strain_dose,ColorLab_DeltaE2000MeanFromMedoid,3674,0.1306707292354108
Iron,within_strain_dose,ColorLab_DeltaE2000P95FromMedoid,3674,0.38174096491111253
Iron,within_strain_dose,ColorLab_LabTotalVariance,3674,0.5507518495626803
Iron,within_strain_dose,ColorHSV_HueRobustMean,3674,0.09790018296930576
Iron,within_strain_dose,ColorHSV_SaturationRobustMean,3674,0.8757155753304704
Iron,within_strain_dose,ColorHSV_ValueRobustMean,3674,0.6290615724928913
Iron,within_strain_dose,ColorHSV_HSVConeVariance,3674,0.438503997073672
Lead,all_doses,Shape_Area,6755,0.7145710934809272
Lead,all_doses,Shape_Perimeter,6755,0.7128941637119027
Lead,all_doses,Shape_Circularity,6755,-0.010843159128520023
Lead,all_doses,Shape_ConvexArea,6755,0.7144042283296178
Lead,all_doses,Shape_MedianRadius,6755,0.7158844741713437
Lead,all_doses,Shape_MeanRadius,6755,0.7158617096142115
Lead,all_doses,Shape_MaxRadius,6755,0.7154723295337754
Lead,all_doses,Shape_MinFeretDiameter,6755,0.715598512424337
Lead,all_doses,Shape_MaxFeretDiameter,6755,0.7139396546984846
Lead,all_doses,Shape_Eccentricity,6755,-0.6101740948039261
Lead,all_doses,Shape_Solidity,6755,0.714961992217068
Lead,all_doses,Shape_Extent,6755,0.18202823470608298
Lead,all_doses,Shape_BboxArea,6755,0.7146356859522082
Lead,all_doses,Shape_MajorAxisLength,6755,0.7142596049037722
Lead,all_doses,Shape_MinorAxisLength,6755,0.715554105804755
Lead,all_doses,Shape_Compactness,6755,0.010210142420371247
Lead,all_doses,Shape_Orientation,6755,-0.007010785018983457
Lead,all_doses,Intensity_IntegratedIntensity,6755,0.7124423187987674
Lead,all_doses,Intensity_MinimumIntensity,6755,-0.6559436483244473
Lead,all_doses,Intensity_MaximumIntensity,6755,-0.5657960287065378
Lead,all_doses,Intensity_MeanIntensity,6755,-0.653960526767599
Lead,all_doses,Intensity_MedianIntensity,6755,-0.6621722845622338
Lead,all_doses,Intensity_StandardDeviationIntensity,6755,0.7474964077578995
Lead,all_doses,Intensity_CoefficientVarianceIntensity,6755,0.7573126964254387
Lead,all_doses,Intensity_LowerQuartileIntensity,6755,-0.6883642364002087
Lead,all_doses,Intensity_UpperQuartileIntensity,6755,-0.624584023030929
Lead,all_doses,Intensity_InterquartileRangeIntensity,6755,0.7767146704921727
Lead,all_doses,Intensity_Density,6755,-0.653960526767599
Lead,all_doses,Intensity_ConvexDensity,6755,0.7070295211341704
Lead,all_doses,Texture_AngularSecondMoment-deg000-scale05,6753,-0.7388355894681605
Lead,all_doses,Texture_AngularSecondMoment-deg045-scale05,6753,-0.7379259473908945
Lead,all_doses,Texture_AngularSecondMoment-deg090-scale05,6753,-0.7416646127157324
Lead,all_doses,Texture_AngularSecondMoment-deg135-scale05,6753,-0.7323491559892095
Lead,all_doses,Texture_Contrast-deg000-scale05,6753,0.26323404959586433
Lead,all_doses,Texture_Contrast-deg045-scale05,6753,0.32185665771001876
Lead,all_doses,Texture_Contrast-deg090-scale05,6753,0.3109108785850202
Lead,all_doses,Texture_Contrast-deg135-scale05,6753,0.29066318517422934
Lead,all_doses,Texture_Correlation-deg000-scale05,6753,0.8021533901986811
Lead,all_doses,Texture_Correlation-deg045-scale05,6753,0.8125528483457978
Lead,all_doses,Texture_Correlation-deg090-scale05,6753,0.8045037740196374
Lead,all_doses,Texture_Correlation-deg135-scale05,6753,0.810181368002874
Lead,all_doses,Texture_HaralickVariance-deg000-scale05,6753,0.7495441505389451
Lead,all_doses,Texture_HaralickVariance-deg045-scale05,6753,0.7498814991618746
Lead,all_doses,Texture_HaralickVariance-deg090-scale05,6753,0.7493741001852261
Lead,all_doses,Texture_HaralickVariance-deg135-scale05,6753,0.7492111072427767
Lead,all_doses,Texture_InverseDifferenceMoment-deg000-scale05,6753,-0.24195516947255274
Lead,all_doses,Texture_InverseDifferenceMoment-deg045-scale05,6753,-0.29354486391692974
Lead,all_doses,Texture_InverseDifferenceMoment-deg090-scale05,6753,-0.28698696665958257
Lead,all_doses,Texture_InverseDifferenceMoment-deg135-scale05,6753,-0.2609756014492076
Lead,all_doses,Texture_SumAverage-deg000-scale05,6753,-0.6617392041213163
Lead,all_doses,Texture_SumAverage-deg045-scale05,6753,-0.6644872886831235
Lead,all_doses,Texture_SumAverage-deg090-scale05,6753,-0.6618773855049764
Lead,all_doses,Texture_SumAverage-deg135-scale05,6753,-0.6642466999879235
Lead,all_doses,Texture_SumVariance-deg000-scale05,6753,0.7641729848196747
Lead,all_doses,Texture_SumVariance-deg045-scale05,6753,0.7700530372536605
Lead,all_doses,Texture_SumVariance-deg090-scale05,6753,0.7632514212252729
Lead,all_doses,Texture_SumVariance-deg135-scale05,6753,0.7703897274602345
Lead,all_doses,Texture_SumEntropy-deg000-scale05,6753,0.7825139489641197
Lead,all_doses,Texture_SumEntropy-deg045-scale05,6753,0.786295747165057
Lead,all_doses,Texture_SumEntropy-deg090-scale05,6753,0.7817734703248678
Lead,all_doses,Texture_SumEntropy-deg135-scale05,6753,0.7860902450047771
Lead,all_doses,Texture_Entropy-deg000-scale05,6753,0.7321186639726329
Lead,all_doses,Texture_Entropy-deg045-scale05,6753,0.7318478464189123
Lead,all_doses,Texture_Entropy-deg090-scale05,6753,0.7342495720642049
Lead,all_doses,Texture_Entropy-deg135-scale05,6753,0.7270754043292715
Lead,all_doses,Texture_DiffVariance-deg000-scale05,6753,0.1419449038431313
Lead,all_doses,Texture_DiffVariance-deg045-scale05,6753,0.04539347385981812
Lead,all_doses,Texture_DiffVariance-deg090-scale05,6753,0.11499476121287097
Lead,all_doses,Texture_DiffVariance-deg135-scale05,6753,0.07093811804339614
Lead,all_doses,Texture_DiffEntropy-deg000-scale05,6753,0.3054717598442634
Lead,all_doses,Texture_DiffEntropy-deg045-scale05,6753,0.3508444765800221
Lead,all_doses,Texture_DiffEntropy-deg090-scale05,6753,0.34889035661152795
Lead,all_doses,Texture_DiffEntropy-deg135-scale05,6753,0.3258483951957935
Lead,all_doses,Texture_InfoCorrelation1-deg000-scale05,6753,-0.8124443740856258
Lead,all_doses,Texture_InfoCorrelation1-deg045-scale05,6753,-0.8214746083695251
Lead,all_doses,Texture_InfoCorrelation1-deg090-scale05,6753,-0.8134762269201964
Lead,all_doses,Texture_InfoCorrelation1-deg135-scale05,6753,-0.8231271572033634
Lead,all_doses,Texture_InfoCorrelation2-deg000-scale05,6753,0.807733736978546
Lead,all_doses,Texture_InfoCorrelation2-deg045-scale05,6753,0.8188144122014432
Lead,all_doses,Texture_InfoCorrelation2-deg090-scale05,6753,0.8086999597265064
Lead,all_doses,Texture_InfoCorrelation2-deg135-scale05,6753,0.8193729857583613
Lead,all_doses,Texture_AngularSecondMoment-avg-scale05,6753,-0.7382674676076781
Lead,all_doses,Texture_Contrast-avg-scale05,6753,0.2952964531685062
Lead,all_doses,Texture_Correlation-avg-scale05,6753,0.8119447377353265
Lead,all_doses,Texture_HaralickVariance-avg-scale05,6753,0.7495261256264971
Lead,all_doses,Texture_InverseDifferenceMoment-avg-scale05,6753,-0.2672808130838181
Lead,all_doses,Texture_SumAverage-avg-scale05,6753,-0.6630818411656106
Lead,all_doses,Texture_SumVariance-avg-scale05,6753,0.7673762226287104
Lead,all_doses,Texture_SumEntropy-avg-scale05,6753,0.7846957141761726
Lead,all_doses,Texture_Entropy-avg-scale05,6753,0.7314134563745117
Lead,all_doses,Texture_DiffVariance-avg-scale05,6753,0.09307940099362502
Lead,all_doses,Texture_DiffEntropy-avg-scale05,6753,0.33343484102605403
Lead,all_doses,Texture_InfoCorrelation1-avg-scale05,6753,-0.8216905868197284
Lead,all_doses,Texture_InfoCorrelation2-avg-scale05,6753,0.8171597283949995
Lead,all_doses,ColorLab_L*GeoMedian,6755,-0.6305813204175391
Lead,all_doses,ColorLab_b*GeoMedian,6755,0.5899998995986164
Lead,all_doses,ColorLab_L*Medoid,6755,-0.6338632351912191
Lead,all_doses,ColorLab_a*Medoid,6755,0.9994319525721789
Lead,all_doses,ColorLab_b*Medoid,6755,0.6010816868751921
Lead,all_doses,ColorLab_DeltaE2000MedianFromMedoid,6755,0.788222181815533
Lead,all_doses,ColorLab_DeltaE2000MeanFromMedoid,6755,0.7681454024648988
Lead,all_doses,ColorLab_DeltaE2000P95FromMedoid,6755,0.7317316060154045
Lead,all_doses,ColorLab_LabTotalVariance,6755,0.86927280044828
Lead,all_doses,ColorHSV_HueRobustMean,6755,-0.4299092600528558
Lead,all_doses,ColorHSV_SaturationRobustMean,6755,0.9416500818711208
Lead,all_doses,ColorHSV_ValueRobustMean,6755,0.08324337332638503
Lead,all_doses,ColorHSV_HSVConeVariance,6755,0.7725645063910492
Lead,dose0,Shape_Area,1023,0.42570499801945305
Lead,dose0,Shape_Perimeter,1023,0.3966604296201108
Lead,dose0,Shape_Circularity,1023,0.00931443049466
Lead,dose0,Shape_ConvexArea,1023,0.4241020541130324
Lead,dose0,Shape_MedianRadius,1023,0.4298755271979765
Lead,dose0,Shape_MeanRadius,1023,0.43042681381670694
Lead,dose0,Shape_MaxRadius,1023,0.4342387258635794
Lead,dose0,Shape_MinFeretDiameter,1023,0.43190406019669814
Lead,dose0,Shape_MaxFeretDiameter,1023,0.41612044887106286
Lead,dose0,Shape_Eccentricity,1023,-0.29488678059953743
Lead,dose0,Shape_Solidity,1023,0.42735397456470836
Lead,dose0,Shape_Extent,1023,0.1315872783728644
Lead,dose0,Shape_BboxArea,1023,0.42243023028464166
Lead,dose0,Shape_MajorAxisLength,1023,0.4150544800496124
Lead,dose0,Shape_MinorAxisLength,1023,0.4304399279810446
Lead,dose0,Shape_Compactness,1023,-0.00946155572636599
Lead,dose0,Shape_Orientation,1023,-0.04682135522177778
Lead,dose0,Intensity_IntegratedIntensity,1023,0.3766463320153112
Lead,dose0,Intensity_MinimumIntensity,1023,0.23610879340362462
Lead,dose0,Intensity_MaximumIntensity,1023,-0.11207732550717363
Lead,dose0,Intensity_MeanIntensity,1023,-0.11937530128951915
Lead,dose0,Intensity_MedianIntensity,1023,-0.19938529988708817
Lead,dose0,Intensity_StandardDeviationIntensity,1023,-0.41603183276207883
Lead,dose0,Intensity_CoefficientVarianceIntensity,1023,-0.4602255577980901
Lead,dose0,Intensity_LowerQuartileIntensity,1023,-0.1077319857561793
Lead,dose0,Intensity_UpperQuartileIntensity,1023,-0.16645434423618802
Lead,dose0,Intensity_InterquartileRangeIntensity,1023,-0.11185905281709246
Lead,dose0,Intensity_Density,1023,-0.11937530128951915
Lead,dose0,Intensity_ConvexDensity,1023,0.32816762663844107
Lead,dose0,Texture_AngularSecondMoment-deg000-scale05,1022,-0.02167125584334589
Lead,dose0,Texture_AngularSecondMoment-deg045-scale05,1022,-0.04775294283037768
Lead,dose0,Texture_AngularSecondMoment-deg090-scale05,1022,-0.03272280440739704
Lead,dose0,Texture_AngularSecondMoment-deg135-scale05,1022,-0.019768004287959298
Lead,dose0,Texture_Contrast-deg000-scale05,1022,-0.263627606974979
Lead,dose0,Texture_Contrast-deg045-scale05,1022,-0.25308983425695536
Lead,dose0,Texture_Contrast-deg090-scale05,1022,-0.20421798469409339
Lead,dose0,Texture_Contrast-deg135-scale05,1022,-0.31685027898136364
Lead,dose0,Texture_Correlation-deg000-scale05,1022,-0.28680407664603025
Lead,dose0,Texture_Correlation-deg045-scale05,1022,-0.2504195218723488
Lead,dose0,Texture_Correlation-deg090-scale05,1022,-0.29940314688183467
Lead,dose0,Texture_Correlation-deg135-scale05,1022,-0.23637611681227785
Lead,dose0,Texture_HaralickVariance-deg000-scale05,1022,-0.40147527514024195
Lead,dose0,Texture_HaralickVariance-deg045-scale05,1022,-0.39557090551562374
Lead,dose0,Texture_HaralickVariance-deg090-scale05,1022,-0.40574681042445276
Lead,dose0,Texture_HaralickVariance-deg135-scale05,1022,-0.3973636069611743
Lead,dose0,Texture_InverseDifferenceMoment-deg000-scale05,1022,0.18728420125895937
Lead,dose0,Texture_InverseDifferenceMoment-deg045-scale05,1022,0.18623318830198402
Lead,dose0,Texture_InverseDifferenceMoment-deg090-scale05,1022,0.12214161036267548
Lead,dose0,Texture_InverseDifferenceMoment-deg135-scale05,1022,0.2492026275425099
Lead,dose0,Texture_SumAverage-deg000-scale05,1022,-0.13515963336371964
Lead,dose0,Texture_SumAverage-deg045-scale05,1022,-0.13883429473276448
Lead,dose0,Texture_SumAverage-deg090-scale05,1022,-0.1347651198845063
Lead,dose0,Texture_SumAverage-deg135-scale05,1022,-0.13907955319791515
Lead,dose0,Texture_SumVariance-deg000-scale05,1022,-0.3913838959865336
Lead,dose0,Texture_SumVariance-deg045-scale05,1022,-0.38104947296719033
Lead,dose0,Texture_SumVariance-deg090-scale05,1022,-0.3992097623188939
Lead,dose0,Texture_SumVariance-deg135-scale05,1022,-0.37659743096001475
Lead,dose0,Texture_SumEntropy-deg000-scale05,1022,-0.17833444253479894
Lead,dose0,Texture_SumEntropy-deg045-scale05,1022,-0.18360724659904545
Lead,dose0,Texture_SumEntropy-deg090-scale05,1022,-0.18456957440079447
Lead,dose0,Texture_SumEntropy-deg135-scale05,1022,-0.17758808877313217
Lead,dose0,Texture_Entropy-deg000-scale05,1022,-0.18688922687324783
Lead,dose0,Texture_Entropy-deg045-scale05,1022,-0.16633632692291275
Lead,dose0,Texture_Entropy-deg090-scale05,1022,-0.18003679506508088
Lead,dose0,Texture_Entropy-deg135-scale05,1022,-0.18619035772251735
Lead,dose0,Texture_DiffVariance-deg000-scale05,1022,0.21409057940224266
Lead,dose0,Texture_DiffVariance-deg045-scale05,1022,0.21094343114119593
Lead,dose0,Texture_DiffVariance-deg090-scale05,1022,0.18093385401003637
Lead,dose0,Texture_DiffVariance-deg135-scale05,1022,0.25156135589271295
Lead,dose0,Texture_DiffEntropy-deg000-scale05,1022,-0.2589419303397048
Lead,dose0,Texture_DiffEntropy-deg045-scale05,1022,-0.23792561700948678
Lead,dose0,Texture_DiffEntropy-deg090-scale05,1022,-0.20432463396112752
Lead,dose0,Texture_DiffEntropy-deg135-scale05,1022,-0.3094552140837333
Lead,dose0,Texture_InfoCorrelation1-deg000-scale05,1022,0.1992789781091391
Lead,dose0,Texture_InfoCorrelation1-deg045-scale05,1022,0.1808169074173351
Lead,dose0,Texture_InfoCorrelation1-deg090-scale05,1022,0.20954659216948757
Lead,dose0,Texture_InfoCorrelation1-deg135-scale05,1022,0.15353995498101403
Lead,dose0,Texture_InfoCorrelation2-deg000-scale05,1022,-0.19907945056190715
Lead,dose0,Texture_InfoCorrelation2-deg045-scale05,1022,-0.18716778302248782
Lead,dose0,Texture_InfoCorrelation2-deg090-scale05,1022,-0.20826334978715197
Lead,dose0,Texture_InfoCorrelation2-deg135-scale05,1022,-0.1667370120525532
Lead,dose0,Texture_AngularSecondMoment-avg-scale05,1022,-0.030228771895918258
Lead,dose0,Texture_Contrast-avg-scale05,1022,-0.2697821588951433
Lead,dose0,Texture_Correlation-avg-scale05,1022,-0.26843088221702505
Lead,dose0,Texture_HaralickVariance-avg-scale05,1022,-0.40002605021044574
Lead,dose0,Texture_InverseDifferenceMoment-avg-scale05,1022,0.1900305519741466
Lead,dose0,Texture_SumAverage-avg-scale05,1022,-0.13683592781442058
Lead,dose0,Texture_SumVariance-avg-scale05,1022,-0.387411623919116
Lead,dose0,Texture_SumEntropy-avg-scale05,1022,-0.18110124176023545
Lead,dose0,Texture_Entropy-avg-scale05,1022,-0.17984160678390515
Lead,dose0,Texture_DiffVariance-avg-scale05,1022,0.2143707768282811
Lead,dose0,Texture_DiffEntropy-avg-scale05,1022,-0.25866983812306155
Lead,dose0,Texture_InfoCorrelation1-avg-scale05,1022,0.1874435962159824
Lead,dose0,Texture_InfoCorrelation2-avg-scale05,1022,-0.18974541947609086
Lead,dose0,ColorLab_L*GeoMedian,1023,0.0014408655653339148
Lead,dose0,ColorLab_b*GeoMedian,1023,0.4731999946377639
Lead,dose0,ColorLab_L*Medoid,1023,-0.022373593802905004
Lead,dose0,ColorLab_a*Medoid,1023,0.9951378955500972
Lead,dose0,ColorLab_b*Medoid,1023,0.48421747310632357
Lead,dose0,ColorLab_DeltaE2000MedianFromMedoid,1023,0.2183320616703778
Lead,dose0,ColorLab_DeltaE2000MeanFromMedoid,1023,0.26292060151376456
Lead,dose0,ColorLab_DeltaE2000P95FromMedoid,1023,0.16762357846942053
Lead,dose0,ColorLab_LabTotalVariance,1023,0.8140139125815634
Lead,dose0,ColorHSV_HueRobustMean,1023,-0.018607687778692806
Lead,dose0,ColorHSV_SaturationRobustMean,1023,0.9049219498740323
Lead,dose0,ColorHSV_ValueRobustMean,1023,0.704893091987277
Lead,dose0,ColorHSV_HSVConeVariance,1023,0.7428665222868162
Lead,within_strain_dose,Shape_Area,6642,0.5262794155393983
Lead,within_strain_dose,Shape_Perimeter,6642,0.48297312531375886
Lead,within_strain_dose,Shape_Circularity,6642,0.012160075331165754
Lead,within_strain_dose,Shape_ConvexArea,6642,0.49187967149880296
Lead,within_strain_dose,Shape_MedianRadius,6642,0.5039536886309255
Lead,within_strain_dose,Shape_MeanRadius,6642,0.5045581159408067
Lead,within_strain_dose,Shape_MaxRadius,6642,0.5065966532352886
Lead,within_strain_dose,Shape_MinFeretDiameter,6642,0.5042618958183457
Lead,within_strain_dose,Shape_MaxFeretDiameter,6642,0.47913019889231245
Lead,within_strain_dose,Shape_Eccentricity,6642,-0.181727402371939
Lead,within_strain_dose,Shape_Solidity,6642,0.49975047301847036
Lead,within_strain_dose,Shape_Extent,6642,0.029402664666556277
Lead,within_strain_dose,Shape_BboxArea,6642,0.525057631136876
Lead,within_strain_dose,Shape_MajorAxisLength,6642,0.4797502168748826
Lead,within_strain_dose,Shape_MinorAxisLength,6642,0.504334027865595
Lead,within_strain_dose,Shape_Compactness,6642,-0.013079510200710485
Lead,within_strain_dose,Shape_Orientation,6642,0.025730231701118045
Lead,within_strain_dose,Intensity_IntegratedIntensity,6642,0.5112046705380003
Lead,within_strain_dose,Intensity_MinimumIntensity,6642,-0.11658348177912753
Lead,within_strain_dose,Intensity_MaximumIntensity,6642,0.2080138338331614
Lead,within_strain_dose,Intensity_MeanIntensity,6642,0.05223391325022935
Lead,within_strain_dose,Intensity_MedianIntensity,6642,0.04013714698436752
Lead,within_strain_dose,Intensity_StandardDeviationIntensity,6642,0.3696159467065058
Lead,within_strain_dose,Intensity_CoefficientVarianceIntensity,6642,0.33806201710214856
Lead,within_strain_dose,Intensity_LowerQuartileIntensity,6642,-0.01385715700409631
Lead,within_strain_dose,Intensity_UpperQuartileIntensity,6642,0.11400996193021837
Lead,within_strain_dose,Intensity_InterquartileRangeIntensity,6642,0.3881381485383219
Lead,within_strain_dose,Intensity_Density,6642,0.05223391325022935
Lead,within_strain_dose,Intensity_ConvexDensity,6642,0.4602499123204541
Lead,within_strain_dose,Texture_AngularSecondMoment-deg000-scale05,6640,-0.3487284485264129
Lead,within_strain_dose,Texture_AngularSecondMoment-deg045-scale05,6640,-0.34543279201349286
Lead,within_strain_dose,Texture_AngularSecondMoment-deg090-scale05,6640,-0.3507630542392025
Lead,within_strain_dose,Texture_AngularSecondMoment-deg135-scale05,6640,-0.3393494874992806
Lead,within_strain_dose,Texture_Contrast-deg000-scale05,6640,0.06100168380094439
Lead,within_strain_dose,Texture_Contrast-deg045-scale05,6640,0.049501733274542103
Lead,within_strain_dose,Texture_Contrast-deg090-scale05,6640,0.06583015338969722
Lead,within_strain_dose,Texture_Contrast-deg135-scale05,6640,0.04053986234024006
Lead,within_strain_dose,Texture_Correlation-deg000-scale05,6640,0.36861462049160504
Lead,within_strain_dose,Texture_Correlation-deg045-scale05,6640,0.38523545446243057
Lead,within_strain_dose,Texture_Correlation-deg090-scale05,6640,0.3917346667973545
Lead,within_strain_dose,Texture_Correlation-deg135-scale05,6640,0.35692669828999807
Lead,within_strain_dose,Texture_HaralickVariance-deg000-scale05,6640,0.3485231343050986
Lead,within_strain_dose,Texture_HaralickVariance-deg045-scale05,6640,0.3536708205630654
Lead,within_strain_dose,Texture_HaralickVariance-deg090-scale05,6640,0.3491214361393205
Lead,within_strain_dose,Texture_HaralickVariance-deg135-scale05,6640,0.3522798532930608
Lead,within_strain_dose,Texture_InverseDifferenceMoment-deg000-scale05,6640,-0.0765181785489529
Lead,within_strain_dose,Texture_InverseDifferenceMoment-deg045-scale05,6640,-0.07072575408878153
Lead,within_strain_dose,Texture_InverseDifferenceMoment-deg090-scale05,6640,-0.0777800546810221
Lead,within_strain_dose,Texture_InverseDifferenceMoment-deg135-scale05,6640,-0.06125213619864328
Lead,within_strain_dose,Texture_SumAverage-deg000-scale05,6640,0.050950055560149206
Lead,within_strain_dose,Texture_SumAverage-deg045-scale05,6640,0.04982660233006565
Lead,within_strain_dose,Texture_SumAverage-deg090-scale05,6640,0.050500332412224645
Lead,within_strain_dose,Texture_SumAverage-deg135-scale05,6640,0.050345521209350645
Lead,within_strain_dose,Texture_SumVariance-deg000-scale05,6640,0.352683005380142
Lead,within_strain_dose,Texture_SumVariance-deg045-scale05,6640,0.3660555270506677
Lead,within_strain_dose,Texture_SumVariance-deg090-scale05,6640,0.3564186000514461
Lead,within_strain_dose,Texture_SumVariance-deg135-scale05,6640,0.3610723943146139
Lead,within_strain_dose,Texture_SumEntropy-deg000-scale05,6640,0.42272794300926836
Lead,within_strain_dose,Texture_SumEntropy-deg045-scale05,6640,0.4268752319019813
Lead,within_strain_dose,Texture_SumEntropy-deg090-scale05,6640,0.4253753925484265
Lead,within_strain_dose,Texture_SumEntropy-deg135-scale05,6640,0.41990871395905055
Lead,within_strain_dose,Texture_Entropy-deg000-scale05,6640,0.36582359717576174
Lead,within_strain_dose,Texture_Entropy-deg045-scale05,6640,0.35881190334572466
Lead,within_strain_dose,Texture_Entropy-deg090-scale05,6640,0.3691928691576278
Lead,within_strain_dose,Texture_Entropy-deg135-scale05,6640,0.3521214155894365
Lead,within_strain_dose,Texture_DiffVariance-deg000-scale05,6640,-0.15587335851448203
Lead,within_strain_dose,Texture_DiffVariance-deg045-scale05,6640,-0.1439466040232115
Lead,within_strain_dose,Texture_DiffVariance-deg090-scale05,6640,-0.16675116320914368
Lead,within_strain_dose,Texture_DiffVariance-deg135-scale05,6640,-0.13512303236531142
Lead,within_strain_dose,Texture_DiffEntropy-deg000-scale05,6640,0.09121791591566414
Lead,within_strain_dose,Texture_DiffEntropy-deg045-scale05,6640,0.08980222242220019
Lead,within_strain_dose,Texture_DiffEntropy-deg090-scale05,6640,0.10416284858246942
Lead,within_strain_dose,Texture_DiffEntropy-deg135-scale05,6640,0.07996513756901238
Lead,within_strain_dose,Texture_InfoCorrelation1-deg000-scale05,6640,-0.4196037726835762
Lead,within_strain_dose,Texture_InfoCorrelation1-deg045-scale05,6640,-0.453126678703541
Lead,within_strain_dose,Texture_InfoCorrelation1-deg090-scale05,6640,-0.4333899899081108
Lead,within_strain_dose,Texture_InfoCorrelation1-deg135-scale05,6640,-0.44699796453673724
Lead,within_strain_dose,Texture_InfoCorrelation2-deg000-scale05,6640,0.3825162259664785
Lead,within_strain_dose,Texture_InfoCorrelation2-deg045-scale05,6640,0.42063438310033224
Lead,within_strain_dose,Texture_InfoCorrelation2-deg090-scale05,6640,0.399288278251158
Lead,within_strain_dose,Texture_InfoCorrelation2-deg135-scale05,6640,0.39965285915613774
Lead,within_strain_dose,Texture_AngularSecondMoment-avg-scale05,6640,-0.3463928519412077
Lead,within_strain_dose,Texture_Contrast-avg-scale05,6640,0.05268562447175118
Lead,within_strain_dose,Texture_Correlation-avg-scale05,6640,0.388779503424871
Lead,within_strain_dose,Texture_HaralickVariance-avg-scale05,6640,0.35095854772777046
Lead,within_strain_dose,Texture_InverseDifferenceMoment-avg-scale05,6640,-0.07112768734074
Lead,within_strain_dose,Texture_SumAverage-avg-scale05,6640,0.0504230242028257
Lead,within_strain_dose,Texture_SumVariance-avg-scale05,6640,0.35977329491280835
Lead,within_strain_dose,Texture_SumEntropy-avg-scale05,6640,0.42467406334164515
Lead,within_strain_dose,Texture_Entropy-avg-scale05,6640,0.361466069369386
Lead,within_strain_dose,Texture_DiffVariance-avg-scale05,6640,-0.15025783263189577
Lead,within_strain_dose,Texture_DiffEntropy-avg-scale05,6640,0.09078605383627406
Lead,within_strain_dose,Texture_InfoCorrelation1-avg-scale05,6640,-0.4480477268764312
Lead,within_strain_dose,Texture_InfoCorrelation2-avg-scale05,6640,0.4116691625931456
Lead,within_strain_dose,ColorLab_L*GeoMedian,6642,0.12893723456662742
Lead,within_strain_dose,ColorLab_b*GeoMedian,6642,0.5974306814761577
Lead,within_strain_dose,ColorLab_L*Medoid,6642,0.12781113892294713
Lead,within_strain_dose,ColorLab_a*Medoid,6642,0.9946640700963153
Lead,within_strain_dose,ColorLab_b*Medoid,6642,0.59606365305212
Lead,within_strain_dose,ColorLab_DeltaE2000MedianFromMedoid,6642,0.42457927895051606
Lead,within_strain_dose,ColorLab_DeltaE2000MeanFromMedoid,6642,0.4667356894430628
Lead,within_strain_dose,ColorLab_DeltaE2000P95FromMedoid,6642,0.4700787243240741
Lead,within_strain_dose,ColorLab_LabTotalVariance,6642,0.6926008448247787
Lead,within_strain_dose,ColorHSV_HueRobustMean,6642,-0.3662279461575344
Lead,within_strain_dose,ColorHSV_SaturationRobustMean,6642,0.8391615564192063
Lead,within_strain_dose,ColorHSV_ValueRobustMean,6642,0.6833549140701809
Lead,within_strain_dose,ColorHSV_HSVConeVariance,6642,0.6307978592121691
Zinc,all_doses,Shape_Area,505,0.5811077942419268
Zinc,all_doses,Shape_Perimeter,505,0.5678328765640138
Zinc,all_doses,Shape_Circularity,505,0.14279816180375804
Zinc,all_doses,Shape_ConvexArea,505,0.5712048534045953
Zinc,all_doses,Shape_MedianRadius,505,0.582264078528153
Zinc,all_doses,Shape_MeanRadius,505,0.5828195552474503
Zinc,all_doses,Shape_MaxRadius,505,0.5832817578628242
Zinc,all_doses,Shape_MinFeretDiameter,505,0.5883688250548793
Zinc,all_doses,Shape_MaxFeretDiameter,505,0.5646913056270002
Zinc,all_doses,Shape_Eccentricity,505,-0.49721931820511256
Zinc,all_doses,Shape_Solidity,505,0.5853391550335159
Zinc,all_doses,Shape_Extent,505,0.17385257159256304
Zinc,all_doses,Shape_BboxArea,505,0.5788767965713338
Zinc,all_doses,Shape_MajorAxisLength,505,0.5630827057861066
Zinc,all_doses,Shape_MinorAxisLength,505,0.5882356558637232
Zinc,all_doses,Shape_Compactness,505,-0.14329880192988245
Zinc,all_doses,Shape_Orientation,505,0.02861429000042862
Zinc,all_doses,Intensity_IntegratedIntensity,505,0.574733373958514
Zinc,all_doses,Intensity_MinimumIntensity,505,-0.4033122566915077
Zinc,all_doses,Intensity_MaximumIntensity,505,-0.08201748746303203
Zinc,all_doses,Intensity_MeanIntensity,505,-0.2119242359018511
Zinc,all_doses,Intensity_MedianIntensity,505,-0.18809486538715986
Zinc,all_doses,Intensity_StandardDeviationIntensity,505,0.09254090005273821
Zinc,all_doses,Intensity_CoefficientVarianceIntensity,505,0.1668178929694212
Zinc,all_doses,Intensity_LowerQuartileIntensity,505,-0.21952310137846087
Zinc,all_doses,Intensity_UpperQuartileIntensity,505,-0.170613272507375
Zinc,all_doses,Intensity_InterquartileRangeIntensity,505,0.12442337401442011
Zinc,all_doses,Intensity_Density,505,-0.2119242359018511
Zinc,all_doses,Intensity_ConvexDensity,505,0.5730803204544058
Zinc,all_doses,Texture_AngularSecondMoment-deg000-scale05,505,-0.1863204022265581
Zinc,all_doses,Texture_AngularSecondMoment-deg045-scale05,505,-0.1803095526943999
Zinc,all_doses,Texture_AngularSecondMoment-deg090-scale05,505,-0.18895936177468683
Zinc,all_doses,Texture_AngularSecondMoment-deg135-scale05,505,-0.16533227856947186
Zinc,all_doses,Texture_Contrast-deg000-scale05,505,-0.06222734074649702
Zinc,all_doses,Texture_Contrast-deg045-scale05,505,-0.0951458499887256
Zinc,all_doses,Texture_Contrast-deg090-scale05,505,-0.04112703195785418
Zinc,all_doses,Texture_Contrast-deg135-scale05,505,-0.10236278286213717
Zinc,all_doses,Texture_Correlation-deg000-scale05,505,0.27278560154152065
Zinc,all_doses,Texture_Correlation-deg045-scale05,505,0.35482740820665926
Zinc,all_doses,Texture_Correlation-deg090-scale05,505,0.26652559665904485
Zinc,all_doses,Texture_Correlation-deg135-scale05,505,0.37330981545359515
Zinc,all_doses,Texture_HaralickVariance-deg000-scale05,505,0.08601291806199256
Zinc,all_doses,Texture_HaralickVariance-deg045-scale05,505,0.08002294018221699
Zinc,all_doses,Texture_HaralickVariance-deg090-scale05,505,0.08590604402055114
Zinc,all_doses,Texture_HaralickVariance-deg135-scale05,505,0.07775901813783864
Zinc,all_doses,Texture_InverseDifferenceMoment-deg000-scale05,505,0.053323717464914204
Zinc,all_doses,Texture_InverseDifferenceMoment-deg045-scale05,505,0.06638816055518597
Zinc,all_doses,Texture_InverseDifferenceMoment-deg090-scale05,505,0.04163810791016991
Zinc,all_doses,Texture_InverseDifferenceMoment-deg135-scale05,505,0.09077240022138862
Zinc,all_doses,Texture_SumAverage-deg000-scale05,505,-0.22182215115921533
Zinc,all_doses,Texture_SumAverage-deg045-scale05,505,-0.22345237629353
Zinc,all_doses,Texture_SumAverage-deg090-scale05,505,-0.22211407476151346
Zinc,all_doses,Texture_SumAverage-deg135-scale05,505,-0.22416704403359597
Zinc,all_doses,Texture_SumVariance-deg000-scale05,505,0.11992553292596342
Zinc,all_doses,Texture_SumVariance-deg045-scale05,505,0.1405707651510493
Zinc,all_doses,Texture_SumVariance-deg090-scale05,505,0.11776177617761778
Zinc,all_doses,Texture_SumVariance-deg135-scale05,505,0.15055542821362886
Zinc,all_doses,Texture_SumEntropy-deg000-scale05,505,0.2158586355529963
Zinc,all_doses,Texture_SumEntropy-deg045-scale05,505,0.22778156697657342
Zinc,all_doses,Texture_SumEntropy-deg090-scale05,505,0.21515375139998474
Zinc,all_doses,Texture_SumEntropy-deg135-scale05,505,0.23182423832445362
Zinc,all_doses,Texture_Entropy-deg000-scale05,505,0.1453470191739671
Zinc,all_doses,Texture_Entropy-deg045-scale05,505,0.13851173937269504
Zinc,all_doses,Texture_Entropy-deg090-scale05,505,0.1547833354764048
Zinc,all_doses,Texture_Entropy-deg135-scale05,505,0.12953310859036216
Zinc,all_doses,Texture_DiffVariance-deg000-scale05,505,0.09285854051243636
Zinc,all_doses,Texture_DiffVariance-deg045-scale05,505,0.09977404572755415
Zinc,all_doses,Texture_DiffVariance-deg090-scale05,505,0.06198144659186417
Zinc,all_doses,Texture_DiffVariance-deg135-scale05,505,0.11489313527626056
Zinc,all_doses,Texture_DiffEntropy-deg000-scale05,505,-0.04031033538136423
Zinc,all_doses,Texture_DiffEntropy-deg045-scale05,505,-0.07564129083715827
Zinc,all_doses,Texture_DiffEntropy-deg090-scale05,505,-0.009768026492090204
Zinc,all_doses,Texture_DiffEntropy-deg135-scale05,505,-0.08774656968802473
Zinc,all_doses,Texture_InfoCorrelation1-deg000-scale05,505,-0.29701227886763837
Zinc,all_doses,Texture_InfoCorrelation1-deg045-scale05,505,-0.35380134286720605
Zinc,all_doses,Texture_InfoCorrelation1-deg090-scale05,505,-0.29261152823356873
Zinc,all_doses,Texture_InfoCorrelation1-deg135-scale05,505,-0.3778735326948845
Zinc,all_doses,Texture_InfoCorrelation2-deg000-scale05,505,0.2756088652343495
Zinc,all_doses,Texture_InfoCorrelation2-deg045-scale05,505,0.33889982165918464
Zinc,all_doses,Texture_InfoCorrelation2-deg090-scale05,505,0.2706509160232794
Zinc,all_doses,Texture_InfoCorrelation2-deg135-scale05,505,0.36061509877695846
Zinc,all_doses,Texture_AngularSecondMoment-avg-scale05,505,-0.18055647179624798
Zinc,all_doses,Texture_Contrast-avg-scale05,505,-0.08575751985136403
Zinc,all_doses,Texture_Correlation-avg-scale05,505,0.3299551073119735
Zinc,all_doses,Texture_HaralickVariance-avg-scale05,505,0.08189113942450146
Zinc,all_doses,Texture_InverseDifferenceMoment-avg-scale05,505,0.06902954270582339
Zinc,all_doses,Texture_SumAverage-avg-scale05,505,-0.22293654831321646
Zinc,all_doses,Texture_SumVariance-avg-scale05,505,0.1312276258681769
Zinc,all_doses,Texture_SumEntropy-avg-scale05,505,0.2230503174541057
Zinc,all_doses,Texture_Entropy-avg-scale05,505,0.1414729982315002
Zinc,all_doses,Texture_DiffVariance-avg-scale05,505,0.09635016296660724
Zinc,all_doses,Texture_DiffEntropy-avg-scale05,505,-0.058371768853904035
Zinc,all_doses,Texture_InfoCorrelation1-avg-scale05,505,-0.33507406641285253
Zinc,all_doses,Texture_InfoCorrelation2-avg-scale05,505,0.32322986957080807
Zinc,all_doses,ColorLab_L*GeoMedian,505,0.05614306772292137
Zinc,all_doses,ColorLab_b*GeoMedian,505,0.7080186279497516
Zinc,all_doses,ColorLab_L*Medoid,505,0.03656778721350397
Zinc,all_doses,ColorLab_a*Medoid,505,0.997950385100622
Zinc,all_doses,ColorLab_b*Medoid,505,0.7172321579984087
Zinc,all_doses,ColorLab_DeltaE2000MedianFromMedoid,505,0.30840438081075194
Zinc,all_doses,ColorLab_DeltaE2000MeanFromMedoid,505,0.44512889177116477
Zinc,all_doses,ColorLab_DeltaE2000P95FromMedoid,505,0.5329430147983742
Zinc,all_doses,ColorLab_LabTotalVariance,505,0.777588131483956
Zinc,all_doses,ColorHSV_HueRobustMean,505,-0.1762843054491785
Zinc,all_doses,ColorHSV_SaturationRobustMean,505,0.9510300719512946
Zinc,all_doses,ColorHSV_ValueRobustMean,505,0.8142910253758296
Zinc,all_doses,ColorHSV_HSVConeVariance,505,0.66942256337435
Zinc,dose0,Shape_Area,80,-0.19664791373652132
Zinc,dose0,Shape_Perimeter,80,-0.19774964838255976
Zinc,dose0,Shape_Circularity,80,0.04465541490857947
Zinc,dose0,Shape_ConvexArea,80,-0.19423347398030943
Zinc,dose0,Shape_MedianRadius,80,-0.20986729077223065
Zinc,dose0,Shape_MeanRadius,80,-0.2137834036568214
Zinc,dose0,Shape_MaxRadius,80,-0.21059663969325346
Zinc,dose0,Shape_MinFeretDiameter,80,-0.20329705752774196
Zinc,dose0,Shape_MaxFeretDiameter,80,-0.20450070323488045
Zinc,dose0,Shape_Eccentricity,80,-0.03947491795593062
Zinc,dose0,Shape_Solidity,80,-0.20822784810126585
Zinc,dose0,Shape_Extent,80,-0.07451945616502578
Zinc,dose0,Shape_BboxArea,80,-0.19678145297138813
Zinc,dose0,Shape_MajorAxisLength,80,-0.20473511486169713
Zinc,dose0,Shape_MinorAxisLength,80,-0.20738396624472574
Zinc,dose0,Shape_Compactness,80,-0.04465541490857947
Zinc,dose0,Shape_Orientation,80,0.02894983591186123
Zinc,dose0,Intensity_IntegratedIntensity,80,-0.3363806844819503
Zinc,dose0,Intensity_MinimumIntensity,80,-0.002226910454758556
Zinc,dose0,Intensity_MaximumIntensity,80,-0.37405063291139246
Zinc,dose0,Intensity_MeanIntensity,80,-0.4983825597749649
Zinc,dose0,Intensity_MedianIntensity,80,-0.5538209095171122
Zinc,dose0,Intensity_StandardDeviationIntensity,80,-0.369760900140647
Zinc,dose0,Intensity_CoefficientVarianceIntensity,80,-0.2414205344585091
Zinc,dose0,Intensity_LowerQuartileIntensity,80,-0.5616736990154713
Zinc,dose0,Intensity_UpperQuartileIntensity,80,-0.45063291139240513
Zinc,dose0,Intensity_InterquartileRangeIntensity,80,0.3542662916080638
Zinc,dose0,Intensity_Density,80,-0.4983825597749649
Zinc,dose0,Intensity_ConvexDensity,80,-0.40555555555555556
Zinc,dose0,Texture_AngularSecondMoment-deg000-scale05,80,-0.43774027191748716
Zinc,dose0,Texture_AngularSecondMoment-deg045-scale05,80,-0.47097984060009385
Zinc,dose0,Texture_AngularSecondMoment-deg090-scale05,80,-0.44798406000937646
Zinc,dose0,Texture_AngularSecondMoment-deg135-scale05,80,-0.45431317393342713
Zinc,dose0,Texture_Contrast-deg000-scale05,80,0.27789498359118614
Zinc,dose0,Texture_Contrast-deg045-scale05,80,0.21549460853258326
Zinc,dose0,Texture_Contrast-deg090-scale05,80,0.3813173933427098
Zinc,dose0,Texture_Contrast-deg135-scale05,80,0.19889826535396157
Zinc,dose0,Texture_Correlation-deg000-scale05,80,-0.3485232067510549
Zinc,dose0,Texture_Correlation-deg045-scale05,80,-0.34885138302859825
Zinc,dose0,Texture_Correlation-deg090-scale05,80,-0.42899671823722463
Zinc,dose0,Texture_Correlation-deg135-scale05,80,-0.3583450539146742
Zinc,dose0,Texture_HaralickVariance-deg000-scale05,80,-0.23005157055789968
Zinc,dose0,Texture_HaralickVariance-deg045-scale05,80,-0.209704641350211
Zinc,dose0,Texture_HaralickVariance-deg090-scale05,80,-0.2539381153305204
Zinc,dose0,Texture_HaralickVariance-deg135-scale05,80,-0.20965775902484762
Zinc,dose0,Texture_InverseDifferenceMoment-deg000-scale05,80,-0.32433192686357243
Zinc,dose0,Texture_InverseDifferenceMoment-deg045-scale05,80,-0.31136896390060953
Zinc,dose0,Texture_InverseDifferenceMoment-deg090-scale05,80,-0.42714486638537275
Zinc,dose0,Texture_InverseDifferenceMoment-deg135-scale05,80,-0.2463431786216597
Zinc,dose0,Texture_SumAverage-deg000-scale05,80,-0.5061884669479607
Zinc,dose0,Texture_SumAverage-deg045-scale05,80,-0.5089545241443976
Zinc,dose0,Texture_SumAverage-deg090-scale05,80,-0.5045710267229255
Zinc,dose0,Texture_SumAverage-deg135-scale05,80,-0.5065400843881857
Zinc,dose0,Texture_SumVariance-deg000-scale05,80,-0.24310829817158935
Zinc,dose0,Texture_SumVariance-deg045-scale05,80,-0.23305203938115332
Zinc,dose0,Texture_SumVariance-deg090-scale05,80,-0.26654946085325837
Zinc,dose0,Texture_SumVariance-deg135-scale05,80,-0.23279418659165496
Zinc,dose0,Texture_SumEntropy-deg000-scale05,80,0.11408813877168307
Zinc,dose0,Texture_SumEntropy-deg045-scale05,80,0.0925925925925926
Zinc,dose0,Texture_SumEntropy-deg090-scale05,80,0.10473511486169715
Zinc,dose0,Texture_SumEntropy-deg135-scale05,80,0.10075011720581342
Zinc,dose0,Texture_Entropy-deg000-scale05,80,0.27925457102672296
Zinc,dose0,Texture_Entropy-deg045-scale05,80,0.3198077824660103
Zinc,dose0,Texture_Entropy-deg090-scale05,80,0.29195968120018756
Zinc,dose0,Texture_Entropy-deg135-scale05,80,0.29835911861228315
Zinc,dose0,Texture_DiffVariance-deg000-scale05,80,0.11256446319737459
Zinc,dose0,Texture_DiffVariance-deg045-scale05,80,0.05471167369901547
Zinc,dose0,Texture_DiffVariance-deg090-scale05,80,0.03040318799812471
Zinc,dose0,Texture_DiffVariance-deg135-scale05,80,0.09470229723394281
Zinc,dose0,Texture_DiffEntropy-deg000-scale05,80,0.26075949367088613
Zinc,dose0,Texture_DiffEntropy-deg045-scale05,80,0.23924050632911392
Zinc,dose0,Texture_DiffEntropy-deg090-scale05,80,0.3627988748241913
Zinc,dose0,Texture_DiffEntropy-deg135-scale05,80,0.20025785278949837
Zinc,dose0,Texture_InfoCorrelation1-deg000-scale05,80,0.2946554149085795
Zinc,dose0,Texture_InfoCorrelation1-deg045-scale05,80,0.2867088607594937
Zinc,dose0,Texture_InfoCorrelation1-deg090-scale05,80,0.3513830285982185
Zinc,dose0,Texture_InfoCorrelation1-deg135-scale05,80,0.30014064697609005
Zinc,dose0,Texture_InfoCorrelation2-deg000-scale05,80,-0.16957337083919363
Zinc,dose0,Texture_InfoCorrelation2-deg045-scale05,80,-0.18563056727613692
Zinc,dose0,Texture_InfoCorrelation2-deg090-scale05,80,-0.20447726207219877
Zinc,dose0,Texture_InfoCorrelation2-deg135-scale05,80,-0.18755274261603377
Zinc,dose0,Texture_AngularSecondMoment-avg-scale05,80,-0.4540318799812471
Zinc,dose0,Texture_Contrast-avg-scale05,80,0.2523675574308486
Zinc,dose0,Texture_Correlation-avg-scale05,80,-0.3803094233473981
Zinc,dose0,Texture_HaralickVariance-avg-scale05,80,-0.2243788091889358
Zinc,dose0,Texture_InverseDifferenceMoment-avg-scale05,80,-0.33701359587435537
Zinc,dose0,Texture_SumAverage-avg-scale05,80,-0.5075246132208159
Zinc,dose0,Texture_SumVariance-avg-scale05,80,-0.24226441631504927
Zinc,dose0,Texture_SumEntropy-avg-scale05,80,0.09896858884200657
Zinc,dose0,Texture_Entropy-avg-scale05,80,0.29587435536802625
Zinc,dose0,Texture_DiffVariance-avg-scale05,80,0.07292545710267229
Zinc,dose0,Texture_DiffEntropy-avg-scale05,80,0.25213314580403196
Zinc,dose0,Texture_InfoCorrelation1-avg-scale05,80,0.31225972808251296
Zinc,dose0,Texture_InfoCorrelation2-avg-scale05,80,-0.18809188935771215
Zinc,dose0,ColorLab_L*GeoMedian,80,-0.38190342240975156
Zinc,dose0,ColorLab_b*GeoMedian,80,0.4203938115330521
Zinc,dose0,ColorLab_L*Medoid,80,-0.4054852320675105
Zinc,dose0,ColorLab_a*Medoid,80,0.986544772620722
Zinc,dose0,ColorLab_b*Medoid,80,0.4350210970464135
Zinc,dose0,ColorLab_DeltaE2000MedianFromMedoid,80,0.420182841068917
Zinc,dose0,ColorLab_DeltaE2000MeanFromMedoid,80,0.5542897327707454
Zinc,dose0,ColorLab_DeltaE2000P95FromMedoid,80,0.08155180496952649
Zinc,dose0,ColorLab_LabTotalVariance,80,0.9341068917018285
Zinc,dose0,ColorHSV_HueRobustMean,80,-0.3080637599624942
Zinc,dose0,ColorHSV_SaturationRobustMean,80,0.9076887013595875
Zinc,dose0,ColorHSV_ValueRobustMean,80,0.4732770745428973
Zinc,dose0,ColorHSV_HSVConeVariance,80,0.8393108298171589
