0.1328880801	0.1182681619	-0.02499152202	-0.03234556122	0.01931546477	0.01645183946	-0.04992860341	-0.06689122395	-0.05066494387	-0.05046027067	-0.04953547878	-0.0113240934	0.1163034513	0.1156836151	-0.01058961958	-0.009464540719	-0.009582450876	-0.01057376574	-0.07807192105	-0.07663371723	-0.07332134805	-0.07943727731	-0.08206168233	-0.01157739843	-0.01024420709	-0.07800601428	-0.07646115887	-0.0780916759	-0.07749427269	-0.07643889936	-0.05116185424	-0.02967035156	-0.04956027654	-0.04755818551	-0.07838487911	-0.05081391709	-0.05098301959	0.01782873936	0.01710351426	0.01750544995	0.01863186904	-0.05144291637	-0.01275235601	-0.03079502536	0.001924837843	-0.134360409	-0.05142224598	0.01755467899	-0.1317144857	-0.02229824569	0.1181883436	-0.07808227661	-0.02717290838	-0.07713772248	-0.02647900601	0.1188632892	0.1180347177	-0.08011833027	0.1164637185	0.1183897758	0.01751423317	-0.07676800994	-0.07662455707	0.1179729977	-0.03153187244	-0.03246465102	-0.03275179809	-0.03258146601	-0.03221148203	-0.03208059155	0.02031657064	-0.05162444875	-0.05162444875	-0.05162444875	-0.07677821376	-0.07743121988	0.120236766	-0.05218002194	-0.07644222157	-0.1281280211	-0.1233035325	0.0193132388	0.01898993498	-0.07669991726	0.01940300949	0.01849761141	-0.1312288773	-0.0516442165	0.1158141287	0.01723985402	0.01950939028	0.1166999279	0.01691102491	0.01698168333	0.01693864287	0.1158861144	0.1169934969	0.01541875081	0.1134985943	0.01742763287	0.01762352827	-0.1235194894	0.01706106833	0.01621126261	0.01697617669	0.1153805526	0.01827637124	-0.09234624433	0.01718092792	0.1147064452	0.01694399773	0.1152880599	0.1133843317	-0.04754630566	-0.0882537501	-0.02864492788	-0.04173143723	-0.03293615853	-0.08824625163	0.01956003529	0.01687981172	0.01893440849	-0.03390330361	0.01762471802	0.01686446498	-0.1240351844	0.01511553173	0.01687140281	0.01677423048	0.015973882	-0.04742870617	0.01779309146	-0.08581414289	0.01561842132	0.1143992817	-0.08855015773	-0.05054015749	0.01568507726	-0.04655786688	0.01750937095	-0.08860838071	0.01637631761	-0.1227785919	0.0165438654	0.01622257754	0.01631775867	0.01717878886	0.01574222391	0.01696927434	0.01468404684	0.01579976882	0.1138477667	0.01561609966	0.01808975751	0.0174091314	0.01846777787	-0.04345805962	0.01488196311	-0.04551542835	0.1150842563	0.017058348	0.1147552837	-0.07780903208	-0.03690577429	0.01601220171	0.1148260353	-0.03321235103	0.01612442508	0.01506250581	0.00987766805	0.01492721198	0.1104829134	0.01706715761	0.01638376046	0.1143763982	0.1172229723	-0.1313572859	0.1127374055	0.00929669469	-0.1301618285	0.0148724962	0.01732725592	0.01606732089	-0.1310344925	-0.08711790154	0.1167148511	0.114921707	0.1144459186	-0.1266998578	0.1147341204	0.1172608713	0.01842151219	0.1164398729	-0.1175060122	-0.04518198199	0.1175551715	0.0160527033	0.01677171095	0.01482705855	-0.08880054128	0.01811347793	0.01713911345	0.01447702608	0.1147891011	0.1137083075	0.01770340492	0.01674727884	0.01518950977	0.1168292172	0.01550020251	0.01653663827	0.01645124104	0.01738663187
0.1182681619	0.1312288286	-0.02575321531	-0.03297138957	0.02045588077	0.01691293072	-0.05028270185	-0.06662688052	-0.05061144746	-0.05027090931	-0.05002544217	-0.0118140568	0.115677623	0.1139708671	-0.01107958298	-0.01090555877	-0.01129519883	-0.01038440438	-0.0778825597	-0.07617262598	-0.07355453319	-0.07814288102	-0.08128742619	-0.01138803708	-0.01059830554	-0.07917530243	-0.07722285217	-0.07722298979	-0.07730491133	-0.07638540295	-0.04988557329	-0.02825820566	-0.04801226569	-0.04723295921	-0.07860311261	-0.05076042069	-0.05079365823	0.01679531616	0.01729287562	0.01647202675	0.0201408756	-0.05043836532	-0.01314545875	-0.03128498876	0.0008914146451	-0.133219993	-0.05028182997	0.01828750015	-0.1300306099	-0.02224474929	0.1171549204	-0.0783005101	-0.02657595218	-0.07722009102	-0.0275124292	0.1178252715	0.1172684299	-0.07992896892	0.1172814486	0.1176280825	0.01716013472	-0.07603518879	-0.07602760087	0.1176188993	-0.03219540494	-0.03173182987	-0.03223155033	-0.03144105001	-0.03219568977	-0.03229882505	0.02091352685	-0.05048403274	-0.05048403274	-0.05048403274	-0.07740404211	-0.07701713403	0.1174370985	-0.05103960593	-0.07611699526	-0.1267831668	-0.1228573929	0.02067026968	0.01917929633	-0.0759670961	0.0205434255	0.01977389236	-0.1295450015	-0.05050380049	0.1155958952	0.01702162052	0.02017073746	0.1151230449	0.01737211617	0.01730690964	0.01672040937	0.1156678809	0.1159600737	0.01506465236	0.1124651711	0.01748112927	0.01794875457	-0.1230583981	0.01713268006	0.01640062396	0.01662207824	0.1146188593	0.01792227279	-0.09202101803	0.01661534158	0.1127219674	0.01618230443	0.1153369619	0.1128943683	-0.0470852144	-0.08847198359	-0.02913489127	-0.04235726558	-0.03125228272	-0.08778516037	0.01920593684	0.01720503803	0.02048241935	-0.03440821865	0.01794994433	0.01732555623	-0.1233905789	0.01553891883	0.01502278991	0.01624526279	0.0160273784	-0.04520137056	0.01703139817	-0.08604732803	0.01512845792	0.1126865338	-0.08836079638	-0.04994320129	0.01682549326	-0.04813474988	0.01824219211	-0.08855488431	0.01656567897	-0.1223175006	0.01795601131	0.01627607395	0.01677884992	0.01791161001	0.01498053061	0.01661517589	0.01460167829	0.01653258997	0.1136295332	0.01580546101	0.01719219926	0.01814195255	0.01784194952	-0.04530667252	0.01534305437	-0.0450543371	0.1156812125	0.01765530421	0.1151836904	-0.07870659032	-0.03712400778	0.01647329296	0.1146078018	-0.03397404433	0.01563446169	0.01579532696	0.009291573792	0.01525243829	0.1100655933	0.01725651896	0.01725244657	0.113342975	0.1156460893	-0.12994514	0.1131984967	0.008670866343	-0.1286984128	0.01560531736	0.01792421212	0.0161208173	-0.1296223466	-0.08747199999	0.1154051035	0.1136165539	0.114499415	-0.1246083871	0.114244157	0.1158152588	0.01820327869	0.114519786	-0.1169554175	-0.04730232479	0.1169293432	0.0155627399	0.0166893424	0.01406536526	-0.08861117992	0.01872854946	0.0165132851	0.01466638744	0.1147067325	0.1130824791	0.01816449618	0.01707250514	0.01565060103	0.1148447393	0.01473850921	0.01754118933	0.01568954774	0.01594561382
-0.02499152202	-0.02575321531	0.2214629678	0.1081342674	-0.01003589446	0.03832861608	0.01935799125	-0.01187044907	0.01970857039	0.01964151369	0.02002284578	0.01706715123	-0.02663100632	-0.02747551678	0.01698643535	0.01743218946	0.0173142793	0.01673055929	0.09148300688	0.09169842615	-0.01794909663	-0.02455236738	-0.02536909307	0.01672412406	0.01760357774	0.0919565085	0.09119165976	0.09159911698	0.09056614079	0.09216497392	-0.04743846415	-0.04135926725	-0.04631497726	-0.04606820103	0.09062658902	0.01996719201	0.01898289982	-0.01152261986	-0.01184025011	-0.01146966787	-0.008720520223	0.001404019303	0.03991971042	0.07626202546	0.02453477249	-0.05971740276	0.001288824745	-0.01098149053	-0.05617810336	0.09073686294	-0.02474611401	0.09017039859	0.2072145948	0.09133028585	0.2059813939	-0.02502681756	-0.02653471379	-0.01450008927	-0.02584237038	-0.0254957365	0.03775358078	0.09237932313	0.09252277601	-0.02550491971	0.1090461169	0.1080151776	0.1090099715	0.1078983626	0.109317562	0.1094861566	-0.009442383428	0.001086621978	0.001086621978	0.001086621978	0.1017438009	0.102130709	-0.02663777514	0.000938643637	0.09216165171	-0.05087602329	-0.04737450698	-0.009661879022	-0.00968209949	0.09285501067	-0.009133160029	-0.01003855811	-0.05600011371	0.001338584124	-0.02847897844	-0.01034526085	-0.008418928463	-0.0273214493	-0.01142971325	-0.01033170163	-0.01257782418	-0.02718420816	-0.02651577394	-0.01121530941	-0.02794134888	-0.0115161315	-0.01091264125	-0.0458092678	-0.01144870089	-0.01123798731	-0.01074480313	-0.02891255453	-0.01148258283	-0.02597844888	-0.0121704313	-0.02931493202	-0.01145630684	-0.02914550661	-0.02764801664	-0.02336687449	-0.0207333998	-0.03951865387	-0.0409207775	-0.02166389763	-0.02140522608	-0.009655458985	-0.01152049285	-0.008308746769	0.01485273191	-0.01213423605	-0.01180756949	-0.04627731351	-0.01314431446	-0.01207236156	-0.01193680828	-0.01236685617	-0.02202649044	-0.01101480796	-0.02156950304	-0.01169496365	-0.02731239137	-0.02306778169	-0.0240039665	-0.009862063356	-0.03990501429	-0.01177175856	-0.02353359951	-0.01188812201	-0.04615528989	-0.01104124946	-0.01272118683	-0.01194668095	-0.01176497551	-0.01279394561	-0.01170276013	-0.01235760823	-0.01171613183	-0.02799977131	-0.01210488016	-0.01175800585	-0.01085530822	-0.01034012155	-0.03949803747	-0.0117520971	-0.0189525927	-0.0267632817	-0.01188541637	-0.02682680865	-0.01717073857	-0.03840481871	-0.01116531831	-0.02756496256	-0.03783628931	-0.01132482483	-0.01238674411	-0.01398782337	-0.01197857813	-0.0281561926	-0.01228420161	-0.01191203261	-0.02815046461	-0.02743067397	-0.05636436337	-0.02693629336	0.03530482946	-0.05489498146	-0.01183786256	-0.01211254369	-0.01151779398	-0.05427532561	-0.02414672984	-0.02812631029	-0.02678996607	-0.02848853901	-0.0565980734	-0.02738514755	-0.02720404871	-0.01087028063	-0.02697365353	-0.05419128532	-0.0404312387	-0.02605861087	-0.01207587137	-0.01155836391	-0.01248632641	-0.02522027453	-0.009471636941	-0.01194051587	-0.01345480076	-0.02775125475	-0.02759577074	-0.0108327646	-0.01181524072	-0.01225974014	-0.02740432356	-0.01317183196	-0.01145607145	-0.01181319858	-0.01264985468
-0.03234556122	-0.03297138957	0.1081342674	0.2331126897	-0.01304225525	0.03422828608	0.0303645724	-0.009367229789	0.02960937986	0.03008578296	0.03101057485	0.01813673894	-0.03344158572	-0.0341972869	0.01819188801	0.01836591222	0.01824800206	0.01820774185	0.08874837598	0.0885562004	-0.018262627	-0.02117307551	-0.02195304975	0.01779371177	0.01867316545	0.08799909305	0.08804943401	0.08818516134	0.0880061934	0.08915861312	-0.0527545291	-0.04993609101	-0.05040825766	-0.04975388658	0.08748436327	0.02973213654	0.03010649384	-0.01466484561	-0.014574881	-0.01474775857	-0.01254207072	0.002066012162	0.04044583833	0.07882612762	0.02956329583	-0.05768202034	0.002222547504	-0.01439544618	-0.0530705414	0.07550265662	-0.03223601817	0.08846629052	0.1071230225	0.08805219515	0.1066467834	-0.03265258667	-0.03293769834	-0.01370223147	-0.03315004809	-0.032034586	0.03366030038	0.08950882729	0.08897295541	-0.03245136406	0.2247857226	0.2230754585	0.2240702525	0.2237738332	0.2246495729	0.2241388427	-0.01312806898	0.002020344738	0.002020344738	0.002020344738	0.09914503494	0.09930721852	-0.03222556999	0.002144096297	0.08861183111	-0.05007816548	-0.04562559452	-0.01190816515	-0.01241673039	0.08916932512	-0.01146019608	-0.01290905396	-0.0527566868	0.002136441933	-0.03461023309	-0.0148461361	-0.01183288411	-0.03589827306	-0.01389261425	-0.01442498203	-0.01495191589	-0.03422769891	-0.03468500284	-0.01422167021	-0.03488779323	-0.01465835725	-0.01419073195	-0.04569073475	-0.01407386714	-0.0154283141	-0.01470221858	-0.03463621433	-0.01367375393	-0.02545232097	-0.01504092715	-0.03585378153	-0.01355903755	-0.03541262621	-0.0362248404	-0.02474285588	-0.02238111109	-0.03634734484	-0.03890013514	-0.01760528101	-0.02400399203	-0.01388460434	-0.01425512375	-0.01280962202	0.01347675051	-0.01486886694	-0.01440633544	-0.04552710502	-0.01519962061	-0.01575804711	-0.01412797938	-0.01482975716	-0.0289729348	-0.0141570337	-0.01954886068	-0.01538064919	-0.03344364602	-0.02322097853	-0.03004641187	-0.01544985821	-0.03706918223	-0.01545744411	-0.02409439121	-0.01557380756	-0.04644435168	-0.01499866491	-0.01423303317	-0.01576823145	-0.01504306621	-0.01539271155	-0.01593190548	-0.01468464427	-0.01499422253	-0.03657659506	-0.01483951106	-0.01399623261	-0.01440512882	-0.01361821225	-0.03559975437	-0.01543778265	-0.02752941645	-0.03438905081	-0.01434831736	-0.03502243785	-0.02171866949	-0.03312341754	-0.01430754406	-0.03464727187	-0.0375818913	-0.01555397018	-0.01580069976	-0.01521161731	-0.01552839873	-0.03338669697	-0.01447537271	-0.01505425836	-0.03468931411	-0.03442417399	-0.05203401685	-0.03442619752	0.03759720172	-0.05251379992	-0.01552354811	-0.015302194	-0.01506761457	-0.0521188183	-0.02497925144	-0.0341217	-0.03414400527	-0.03568786119	-0.05620781044	-0.03433159191	-0.03537327761	-0.01550702083	-0.0353563845	-0.05231269795	-0.03813886643	-0.03436370473	-0.01562569197	-0.01388539996	-0.01549268721	-0.02401482188	-0.01424424209	-0.01467514677	-0.01638617948	-0.03646394346	-0.0345422151	-0.01343153055	-0.01527625204	-0.01416032926	-0.03462249782	-0.01590646286	-0.01446243225	-0.01604234393	-0.01579208043
0.01931546477	0.02045588077	-0.01003589446	-0.01304225525	0.1143046451	-0.03163386989	-0.07991047066	-0.1262199205	-0.08064681112	-0.08017040802	-0.07938148108	-0.04582330773	0.01777574603	0.01604164322	-0.04536056381	-0.0462734592	-0.04584790956	-0.04520884501	-0.03132389514	-0.03029328617	-0.1308942013	-0.1382043987	-0.1388988242	-0.04675593751	-0.04555861112	-0.0327186991	-0.03093591751	-0.03120778503	-0.03183316637	-0.03037019819	-0.1137851133	-0.09134255594	-0.1090062527	-0.1108607693	-0.03268996908	-0.08079578434	-0.08055729199	0.09895059768	0.09876883239	0.09985009282	0.1008016427	-0.07789229491	-0.04688297978	-0.0161111277	-0.03040053728	-0.1990596163	-0.07787162452	0.09908413217	-0.1983798895	-0.04032399732	0.01956087277	-0.03187771049	-0.01072276637	-0.03146695752	-0.01070818874	0.01982362902	0.0199461122	-0.1204259337	0.0190080762	0.01935471009	-0.03165839579	-0.02973018499	-0.03054619726	0.01975312172	-0.01253800052	-0.0130254801	-0.01284587582	-0.01124018579	-0.01240242041	-0.01182623093	0.1010404928	-0.07807382729	-0.07807382729	-0.07807382729	-0.02839980844	-0.02787703542	0.0188919962	-0.07808594068	-0.0301017905	-0.1905104746	-0.1863155344	0.100651712	0.1013345779	-0.03022362124	0.1006607328	0.1024726337	-0.1979038942	-0.07795773009	0.01854530735	0.1003996866	0.1011747084	0.01766486223	0.1006143173	0.09932632621	0.09834188974	0.01671518377	0.01765060196	0.09694820398	0.01622977295	0.09854949119	0.09942471134	-0.1867882694	0.09889002538	0.09801244568	0.09877735976	0.01770413641	0.09899063471	-0.1458665517	0.09871038109	0.01458445991	0.09720324179	0.01753235575	0.01489272579	-0.06733830164	-0.1429584878	-0.1072664473	-0.1189943072	-0.08346743698	-0.1413251604	0.1014970833	0.1004472392	0.1012790514	-0.07643350165	0.09929003615	0.09852978311	-0.1864411254	0.09783006531	0.09677047658	0.1001667887	0.09715918669	-0.07187322755	0.09877908484	-0.140295906	0.09524576519	0.01564560456	-0.140270417	-0.07169080298	0.09707866549	-0.1217827626	0.09931055403	-0.1410079647	0.09722644604	-0.1860473719	0.09916023818	0.09763423491	0.09893413145	0.09857237708	0.09645648739	0.09686834811	0.09595142876	0.09671911147	0.01413337627	0.09619449818	0.09961921068	0.09802133364	0.1001427546	-0.1207209296	0.09573209154	-0.0617012353	0.01863062468	0.1000919743	0.01718204794	-0.1288837703	-0.1124023999	0.09726992499	0.01647029432	-0.111280752	0.09656695866	0.09523330948	0.08323903988	0.09567527918	0.01348732845	0.09873247573	0.09950749366	0.01449004339	0.0185955015	-0.1981585547	0.01587617896	-0.04286496317	-0.1950545793	0.09626608443	0.09783096092	0.09650985447	-0.1975640314	-0.1383285048	0.01794692084	0.01588664131	0.01690536737	-0.1947847939	0.01597078457	0.01781361628	0.09927164061	0.01740480723	-0.1520177843	-0.1229223499	0.01811251096	0.09785388638	0.09925221878	0.09581305193	-0.1424229099	0.09938931653	0.09798924188	0.09614234421	0.01724854983	0.01508083664	0.09993025199	0.09927905646	0.0968548279	0.01765828651	0.09567100618	0.09834747999	0.09648617976	0.09698753501
0.01645183946	0.01691293072	0.03832861608	0.03422828608	-0.03163386989	0.2729652804	0.05482329491	0.02570781092	0.05435868435	0.05456335755	0.05521641954	0.03704385057	0.01630880134	0.01562358702	0.03641967489	0.03578555899	0.03606819409	0.03602793388	-0.02100862027	-0.02092906595	0.01925798282	0.01322264044	0.0118009312	0.03651881564	0.03690095233	-0.02067098359	-0.02048477769	-0.02130010501	-0.02083856675	-0.02086306343	-0.02488033076	-0.02369227207	-0.02389270882	-0.02147209338	-0.02158625863	0.05448144103	0.05458406843	-0.0320336757	-0.03248717089	-0.03184485876	-0.03072609051	0.02966848061	0.08954765341	0.02803451978	0.0721670388	-0.01528244889	0.02982501595	-0.03230773606	-0.01147398308	0.06764630478	0.01669724746	-0.02123430895	0.03684449889	-0.02129720624	0.03751340724	0.01750346352	0.01755213545	0.01267745243	0.0175494619	0.01703454458	0.2607125158	-0.02065576381	-0.02024058104	0.01771173572	0.03364562121	0.03397333133	0.03347361087	0.03399943088	0.03324479112	0.03313460625	-0.03008930421	0.02962281318	0.02962281318	0.02962281318	-0.02066596763	-0.02055078946	0.01684356059	0.02974656474	-0.02032997543	-0.00679611273	-0.003621441348	-0.03199429424	-0.03128007493	-0.01976543183	-0.03181805507	-0.0312289387	-0.01143185838	0.02946718048	0.01513822224	-0.03235083113	-0.03143994437	0.01629575138	-0.03343528354	-0.03301659667	-0.03381526043	0.01629712757	0.01451999269	-0.0332208797	0.01323733229	-0.03284237704	-0.03183129194	-0.001633005607	-0.03272047227	-0.03310769265	-0.03247864352	0.01524810595	-0.03131431391	0.02633410862	-0.03390427169	0.01403053876	-0.03269411198	0.01506431485	0.01528985929	-0.01521042582	0.03225848245	0.01190659604	0.007723426341	0.003611534772	0.03090733142	-0.03016651482	-0.03175981878	-0.03112950676	0.07341507712	-0.03291702178	-0.03367727483	-0.001829321411	-0.0333836404	-0.0339420669	-0.03380651361	-0.03392125228	-0.01156033762	-0.03309418949	0.03169410911	-0.03377434518	0.01481029486	0.0270709366	-0.0164380333	-0.03349801304	0.009010919447	-0.03241867934	0.02877895798	-0.03457301704	-0.001435567891	-0.0318240352	-0.03282464781	-0.03354465639	-0.03309122105	-0.03371259629	-0.03438765517	-0.03354798881	-0.03379091633	0.01412291492	-0.03343112569	-0.03285957715	-0.03245328366	-0.03180223204	0.009121697803	-0.03221592369	-0.01779895682	0.01617459423	-0.03253233715	0.01583933738	0.03781206226	0.008744870678	-0.03425780819	0.01496531852	0.01230242898	-0.03319453017	-0.03425644945	-0.03089495297	-0.03479933812	0.01524823844	-0.0334745822	-0.03269481834	0.01451568142	0.0160036061	-0.01152437813	0.01505052791	0.09699206852	-0.01112850871	-0.03221305344	-0.03192964563	-0.03325163436	-0.01087666242	0.0280299627	0.01603435019	0.01519685521	0.01458520187	-0.01263861939	0.01542391302	0.01519036742	-0.03219652616	0.01522050667	-0.02212879545	0.009164019794	0.01661458476	-0.03380971175	-0.03241496089	-0.0342201668	0.02695641801	-0.03256412683	-0.03294780226	-0.03389087452	0.01545835108	0.01520624024	-0.03256660498	-0.03386786668	-0.03317839083	0.01539768742	-0.03436221254	-0.03291818193	-0.03436222867	-0.03356850537
-0.04992860341	-0.05028270185	0.01935799125	0.0303645724	-0.07991047066	0.05482329491	0.4176428457	0.08242101297	0.4105182367	0.4108626383	0.4100457876	0.06631233267	-0.04983794274	-0.04903276632	0.06663921164	0.06572631625	0.06615186589	0.06665506548	0.04802528238	0.04719679192	0.08140578287	0.08474512207	0.08613898704	0.06633075754	0.06671289423	0.04759073923	0.04682589048	0.04804853741	0.04691851482	0.04713873197	0.04984334327	0.04239561155	0.0464832868	0.04597443974	0.04761946925	0.4110485883	0.4103398894	-0.07923830851	-0.08038998052	-0.08001939829	-0.08032074226	0.09344666007	0.2221766781	0.02863549738	0.04337766018	0.08646613893	0.09346733046	-0.08007468075	0.09564511551	0.08319049518	-0.0502266552	0.0468300862	0.01890811684	0.04755792673	0.01936502171	-0.05035264173	-0.04937176722	0.1514530844	-0.05023599197	-0.05002522304	0.05484871936	0.04750389778	0.04722993113	-0.04947209437	0.0301706503	0.03036249547	0.02986277501	0.02970222068	0.02908344587	0.03020309514	-0.07962249325	0.09326512769	0.09326512769	0.09326512769	0.04705229539	0.04707861402	-0.05035207197	0.0937964741	0.04767886956	0.09320289342	0.09847065408	-0.08016883377	-0.07931874951	0.04728530892	-0.07997374253	-0.07940347823	0.09446454678	0.09338122489	-0.05097049072	-0.08064238354	-0.08013909163	-0.05139339064	-0.0805636178	-0.08049295938	-0.08064076652	-0.05167487615	-0.05135308976	-0.07935744498	-0.05041400909	-0.08059046965	-0.08014169642	0.0990848386	-0.08078554715	-0.07947716927	-0.08049846603	-0.05086060701	-0.07948885345	0.08033001166	-0.08106751457	-0.05165172728	-0.08017047469	-0.05213324945	-0.05068298873	-0.001158818143	0.08611852054	0.02161052531	0.02979106608	0.02309774046	0.08082728595	-0.08160181316	-0.07952676346	-0.08120615559	0.08841773944	-0.08068396646	-0.08035729991	0.1016088014	-0.07965607063	-0.08048622703	-0.0802148088	-0.07907404369	0.002627135003	-0.07977421457	0.08555414721	-0.07923158571	-0.048852849	0.08133856955	-0.002522290573	-0.07909111852	0.03189374889	-0.08133960616	0.08141621152	-0.08070958232	0.09901054642	-0.08081376443	-0.08001432897	-0.08103987117	-0.08058643583	-0.08039262137	-0.08025249055	-0.07982041904	-0.08087853627	-0.04954022894	-0.07943182602	-0.08060766976	-0.08045671026	-0.08160715098	0.02917021536	-0.07943940858	-0.006100365847	-0.05020584864	-0.08084274164	-0.05051755543	0.09547631896	0.02972559082	-0.08025850853	-0.04924128515	0.02078357369	-0.0800104202	-0.08025714978	-0.06900138699	-0.0801207137	-0.04486482234	-0.07988287738	-0.08088660518	-0.04877596698	-0.05064856667	0.09439125319	-0.04915607575	0.07505831646	0.09367169273	-0.08017542948	-0.080331054	-0.07965992954	0.09379686706	0.09726452984	-0.05045169387	-0.05009666805	-0.05179262516	0.08844151105	-0.04865387529	-0.05037488574	-0.08038068175	-0.05055824856	0.06500572646	0.03893986231	-0.05070511029	-0.08157665644	-0.08045363548	-0.07940567743	0.08135991591	-0.08087453131	-0.07922023249	-0.0811704894	-0.051525118	-0.04981555313	-0.0815225305	-0.08110286393	-0.07971993512	-0.05115933473	-0.07886839842	-0.08093800444	-0.08049879395	-0.08088765604
-0.06689122395	-0.06662688052	-0.01187044907	-0.009367229789	-0.1262199205	0.02570781092	0.08242101297	0.9352322034	0.08358678181	0.08365559006	0.0833575974	0.02225170415	-0.0670361938	-0.06503279651	0.02393723262	0.02261674238	0.02317815697	0.02340962666	0.004186433406	0.004766542804	0.5777409443	0.5791211366	0.5801298372	0.02376464347	0.02360332036	0.00502462516	0.004048929391	0.00398790889	0.003808940956	0.004614648704	0.1785875158	0.1276034336	0.1704721861	0.1674582035	0.005460950029	0.08262261888	0.08299697619	-0.1270611248	-0.1277985265	-0.126464713	-0.1262220174	0.08321640416	0.05684953194	-0.001431041266	0.07056853262	0.5954271277	0.0833729395	-0.1262482656	0.2984511016	0.03206488924	-0.0662382211	0.004909611412	-0.01268946599	0.004126672608	-0.01240687841	-0.06556787	-0.06571594589	0.2003240819	-0.06707726894	-0.06650526666	0.02473223037	0.004047611938	0.004911567912	-0.06591010719	-0.01076508436	-0.01070910414	-0.01025776995	-0.01090090121	-0.0104936393	-0.01067175664	-0.1257960781	0.08317073673	0.08317073673	0.08317073673	0.003476166413	0.003425580354	-0.0660169259	0.08261516354	0.004611326497	0.387897806	0.2857130537	-0.1264782836	-0.1259608121	0.004972072677	-0.1263629273	-0.1259096759	0.296028431	0.08247164423	-0.06766138137	-0.1276500102	-0.1266747324	-0.06786250173	-0.1261530285	-0.127289739	-0.1276808079	-0.06801905482	-0.06827961092	-0.1277657519	-0.06739548171	-0.1284741688	-0.1270554889	0.2810285052	-0.1270949969	-0.1261942139	-0.1273702277	-0.06809495746	-0.126130916	0.1923032289	-0.1273769644	-0.0686331999	-0.1267230819	-0.06752637347	-0.06533590512	0.09682030922	0.1924603919	0.1145017666	0.1404184513	0.1119130333	0.1787455304	-0.1269602083	-0.126651403	-0.1262928208	0.07050406425	-0.1261782266	-0.1274819394	0.28105627	-0.1256572608	-0.1274000195	-0.1280796559	-0.1267748622	0.1113395934	-0.1261445472	0.1865223035	-0.1258736483	-0.0654078747	0.1785774893	0.1064618978	-0.1264125059	0.1493765462	-0.1279146062	0.1774323467	-0.1271548971	0.2806824831	-0.1277275569	-0.1271389685	-0.1284362406	-0.1280436881	-0.1267020712	-0.1266228232	-0.125511427	-0.1275955809	-0.06669959731	-0.1264814834	-0.1270718366	-0.126590561	-0.1256677795	0.1412604455	-0.1240434969	0.08941562208	-0.06621741453	-0.1266696145	-0.0667758195	0.1776951121	0.1286557728	-0.1266288412	-0.06640065352	0.1283482296	-0.125973158	-0.125132968	-0.1091225728	-0.1255399917	-0.06073588227	-0.1274151117	-0.1273146726	-0.06508404626	-0.06666013256	0.297042057	-0.06584696639	0.07560342242	0.2938449749	-0.1245840864	-0.125886197	-0.1256976494	0.2961420659	0.1937491427	-0.06778567861	-0.06684844158	-0.06732422997	0.2926061466	-0.06676429831	-0.06692991144	-0.1263338035	-0.06683803626	0.2496387124	0.1544233482	-0.06638881628	-0.1275393943	-0.1271706801	-0.1272096417	0.1811052876	-0.1273198461	-0.1269492147	-0.1267444844	-0.06761298243	-0.06677817367	-0.1269839512	-0.1284514903	-0.1259570187	-0.06740191619	-0.1265973806	-0.1275380362	-0.1276843163	-0.1280524947
-0.05066494387	-0.05061144746	0.01970857039	0.02960937986	-0.08064681112	0.05435868435	0.4105182367	0.08358678181	0.4194284166	0.4116208123	0.4088868454	0.06611945201	-0.04853630895	-0.04895391708	0.06563114128	0.06566930054	0.06636658008	0.06619045492	0.04742480686	0.04781910096	0.08229982181	0.08645435071	0.08723531993	0.06573028203	0.06597655377	0.04712612867	0.04771992942	0.0482632516	0.04777373521	0.04597594458	0.05005805746	0.04315378554	0.04574694633	0.04550982917	0.04756245353	0.4113991674	0.4113697933	-0.07999350104	-0.08044699623	-0.07939708925	-0.08088221348	0.09338964436	0.2229738564	0.02898607652	0.04358975853	0.08668085312	0.0935461797	-0.07999583151	0.09545223485	0.08313347946	-0.05027982568	0.04731653029	0.02007388568	0.04709331616	0.0195797359	-0.05083610437	-0.0502401274	0.1519395285	-0.05083646748	-0.05089742845	0.0551992985	0.04690342227	0.04688233345	-0.05009142196	0.02902671499	0.02935442511	0.02957303369	0.02923761012	0.02943402501	0.02933088973	-0.08076642856	0.09334397693	0.09334397693	0.09334397693	0.04592438189	0.04683872795	-0.05000149284	0.09401118829	0.04692367702	0.09341760761	0.09963642292	-0.08049757938	-0.08032681987	0.04693771123	-0.08086480001	-0.0804115486	0.09454339601	0.09346007413	-0.05061991158	-0.08085411628	-0.08130187902	-0.0507710816	-0.08009602579	-0.08097642202	-0.08056191728	-0.05109138566	-0.05073078072	-0.08118070504	-0.05021814698	-0.08053047248	-0.08087803689	0.1001147425	-0.08070669791	-0.08025232829	-0.08057433381	-0.05010243302	-0.07981759906	0.08108818565	-0.08077717743	-0.05186346002	-0.08038220743	-0.05158563394	-0.05019654464	-0.0006723740542	0.08660496463	0.02141764465	0.02959818542	0.02345216483	0.08104200014	-0.08247401857	-0.07999137403	-0.08221422596	0.08863245363	-0.08019752237	-0.08122950532	0.1027239413	-0.07971308634	-0.08040737779	-0.08064041507	-0.0796745192	0.003385308993	-0.07901604058	0.08604059129	-0.07888100657	-0.04972505442	0.08209674354	-0.0009489268818	-0.07996332394	0.03319538268	-0.08155133889	0.08231025046	-0.08144592279	0.09990458536	-0.08032732034	-0.07993547973	-0.08068929203	-0.08091518144	-0.08031377213	-0.08058123616	-0.08082848941	-0.08107141693	-0.04959724465	-0.07989643659	-0.07986834784	-0.0798696492	-0.08234349144	0.02990953728	-0.07922469439	-0.004953449081	-0.04890421485	-0.0804921625	-0.04975938144	0.09541930325	0.03102722461	-0.08099484899	-0.04929830086	0.02113415283	-0.08061089571	-0.08072176034	-0.06946599755	-0.08099291911	-0.04510384581	-0.08048335289	-0.08082660802	-0.04924057754	-0.05043385248	0.09433423748	-0.04866963166	0.07525417857	0.09320708217	-0.07996071529	-0.08114208799	-0.07971694525	0.09373985135	0.09761510897	-0.05023313445	-0.05015368376	-0.05062947216	0.08776605346	-0.04911848585	-0.05056776641	-0.08016596756	-0.04993593952	0.0658254242	0.03901871155	-0.05064126789	-0.0814978072	-0.08091824604	-0.08109307254	0.08171049505	-0.08106741198	-0.07968484305	-0.08056703243	-0.0504952141	-0.05041602864	-0.08185127611	-0.08129574459	-0.07991543162	-0.05077633787	-0.08014819869	-0.08019868253	-0.08001234986	-0.08067294185
-0.05046027067	-0.05027090931	0.01964151369	0.03008578296	-0.08017040802	0.05456335755	0.4108626383	0.08365559006	0.4116208123	0.4184791145	0.4101784565	0.06605239531	-0.0490109605	-0.04942856863	0.06624340933	0.06573810879	0.06670711823	0.06639512812	0.04790120997	0.04829550406	0.08223276512	0.08543623936	0.08704842009	0.06634255008	0.06713228162	0.04773839672	0.04765287272	0.0481961949	0.04757081356	0.04631648273	0.04985513581	0.04254326904	0.04542674503	0.04571450238	0.04749539684	0.4117397055	0.411298983	-0.07938123299	-0.08010645808	-0.07946414595	-0.08003721982	0.09277912786	0.2236829851	0.02783210022	0.04311510698	0.08647793147	0.0929356632	-0.08019875316	0.0955210431	0.08238709801	-0.04939967296	0.04792879835	0.01959923413	0.04811317907	0.0195126792	-0.05022383631	-0.04976756953	0.1503779574	-0.04927314478	-0.0502851604	0.05499637686	0.04710809547	0.0464076819	-0.05002261371	0.02895965829	0.02901563851	0.02960283765	0.02889882352	0.02855177861	0.02912796808	-0.08015416051	0.09273346043	0.09273346043	0.09273346043	0.04680837984	0.0466358063	-0.05006854953	0.09326480684	0.04685662033	0.09308268447	0.09916177137	-0.08029290618	-0.07985041677	0.04754997928	-0.08079599176	-0.07979928054	0.09406874447	0.09271369268	-0.05123042808	-0.08037771318	-0.08041788107	-0.051653328	-0.07989135258	-0.08090761376	-0.08008551418	-0.05088671246	-0.05120543227	-0.08043257204	-0.05028520367	-0.08059752918	-0.08040163378	0.0997759559	-0.08036615976	-0.07991179014	-0.08132071526	-0.05030535467	-0.07934119596	0.08102112896	-0.08091985708	-0.05233811157	-0.07976993938	-0.05192442053	-0.05012773639	-0.001282890553	0.08585858318	0.02162231785	0.02885180397	0.02215847835	0.08015975374	-0.08131829072	-0.07951497092	-0.08146609295	0.08870126188	-0.08039464884	-0.08048137232	0.1022999187	-0.07964427809	-0.08047443449	-0.08006715131	-0.07960571095	0.002910657445	-0.07949069213	0.08610939955	-0.07908392822	-0.04979211111	0.08135036209	-0.002102903181	-0.08030211054	0.03299246103	-0.08134666569	0.08156386902	-0.08096951968	0.09942993381	-0.08107370179	-0.07932321168	-0.08089221368	-0.08071050824	-0.08038082883	-0.08078415781	-0.0806238162	-0.08086674373	-0.0500718962	-0.07996349328	-0.08047886434	-0.0802084358	-0.08200295329	0.02930288424	-0.07915588613	-0.00556396558	-0.04951473135	-0.08042335424	-0.04982643814	0.0952163816	0.02987324831	-0.08024671598	-0.04922949261	0.02011990494	-0.08027035756	-0.08078881704	-0.06926132435	-0.07997305621	-0.04476330766	-0.08082213949	-0.08130125957	-0.04944349919	-0.04982158443	0.09413131583	-0.04873668836	0.07491539197	0.09308875568	-0.08029950189	-0.08012222508	-0.079648137	0.09367279465	0.09754805228	-0.05030403638	-0.04994901056	-0.05096825875	0.08804570874	-0.0493214075	-0.0506348231	-0.07914610466	-0.04973126631	0.0652149077	0.03922338476	-0.04948938527	-0.08128733881	-0.08003424809	-0.07993734469	0.0809641136	-0.08140619857	-0.07893671005	-0.08049822418	-0.05069813575	-0.05075481524	-0.08123900806	-0.08081934148	-0.07971075842	-0.05016406982	-0.08007939043	-0.08040160417	-0.08007940656	-0.0808758635
-0.04953547878	-0.05002544217	0.02002284578	0.03101057485	-0.07938148108	0.05521641954	0.4100457876	0.0833575974	0.4088868454	0.4101784565	0.4169326448	0.0653468078	-0.04903722326	-0.04850377674	0.06662474142	0.06503252127	0.06572980082	0.06623300041	0.0473314874	0.0477257815	0.08186454275	0.0854099766	0.08580898587	0.06672388217	0.06615496421	0.04730453911	0.04667555531	0.04708301254	0.04686522605	0.04669781482	0.04887781839	0.04183768153	0.04551776192	0.04528064476	0.04692567427	0.4098209466	0.4092481127	-0.07940749575	-0.07931753114	-0.07962627366	-0.07952002278	0.0927528651	0.2236567224	0.02766997251	0.04419461589	0.08564609209	0.09277353549	-0.08008915097	0.09496093362	0.0827684301	-0.04915420582	0.04749494073	0.01970883632	0.0469999967	0.01962228139	-0.04957077432	-0.04952210239	0.1506234245	-0.04916354259	-0.04976796336	0.05578530379	0.04721769766	0.04706074389	-0.04964128162	0.02974858523	0.0302121603	0.03039176459	0.03023121026	0.0292048406	0.03032448987	-0.07950109852	0.09257133272	0.09257133272	0.09257133272	0.04703782517	0.04660954354	-0.04927962259	0.09323854408	0.04750968232	0.0923732335	0.09709753436	-0.07923224934	-0.07865389498	0.04765958147	-0.07987119987	-0.0792820835	0.09350863499	0.09282329487	-0.05057736609	-0.07972465119	-0.07962895413	-0.05140786086	-0.0792382906	-0.08025455177	-0.08065523674	-0.05009778552	-0.05109583008	-0.08032296985	-0.05044733139	-0.07994446719	-0.08002030169	0.09784758383	-0.08039242252	-0.0804815127	-0.07971659862	-0.05019575248	-0.07991091852	0.08078877153	-0.08073463194	-0.05114158978	-0.07947704768	-0.0516789534	-0.05042572905	-0.0009015584646	0.08596818537	0.02132432519	0.02923313606	0.02335500014	0.07986176108	-0.08188801328	-0.07981296359	-0.08101912562	0.08894672902	-0.08056257174	-0.08037177013	0.1003209177	-0.079262946	-0.0803648323	-0.08036514397	-0.07827332421	0.003427854483	-0.07978868479	0.08594727183	-0.07938192088	-0.04913904913	0.08078063953	-0.001857436043	-0.08046423825	0.03283033332	-0.08117142826	0.0811300114	-0.0808599175	0.09777329165	-0.08042063981	-0.07962120434	-0.08064674654	-0.0810085009	-0.07999949674	-0.08121801542	-0.08024248412	-0.08089300649	-0.04982642906	-0.07998975605	-0.08050512711	-0.08037056351	-0.08121402635	0.02927275802	-0.07877455405	-0.005726093292	-0.04926926421	-0.08099307681	-0.0490375112	0.09506386698	0.02998285049	-0.08054470865	-0.04966335022	0.02036150862	-0.08070421517	-0.08095094475	-0.06874412731	-0.08067864372	-0.04370265082	-0.0804408074	-0.08091992748	-0.049333897	-0.04957611729	0.09357120636	-0.04917054597	0.07448153436	0.0925286462	-0.0799181698	-0.0808278126	-0.08048958946	0.09297682023	0.09705357804	-0.04965097439	-0.04956767847	-0.05111153439	0.08754648214	-0.04839661561	-0.04984589616	-0.08039515197	-0.04962166413	0.06349674179	0.03933298694	-0.05019497278	-0.08104766686	-0.07985901066	-0.0798277425	0.08093785083	-0.08020967678	-0.08004989242	-0.07998102714	-0.05072439852	-0.0499658883	-0.08085767597	-0.08111733415	-0.07971816911	-0.05051333228	-0.0795621934	-0.08042786694	-0.08037739922	-0.07995107161
-0.0113240934	-0.0118140568	0.01706715123	0.01813673894	-0.04582330773	0.03704385057	0.06631233267	0.02225170415	0.06611945201	0.06605239531	0.0653468078	0.2777371692	-0.01136929768	-0.01038610149	0.2674664722	0.268727416	0.268337776	0.2685692457	0.03581630099	0.03580300024	0.01811927067	0.0145463289	0.01252972125	0.2678373429	0.2690346693	0.03592521764	0.0362472885	0.03638301583	0.03677202966	0.03545435831	0.0147327517	0.02665800492	0.01952459224	0.02303212728	0.03676913736	0.06651393858	0.06580137629	-0.04486446403	-0.04586141903	-0.04494737699	-0.04528411891	0.04740730607	0.03202361624	0.03082820072	0.03752287635	-0.002325172451	0.04742797647	-0.04581784915	0.003683408332	0.0488355269	-0.0113504153	0.03584895531	0.01691400075	0.03616413504	0.01734591159	-0.01190284875	-0.01096517587	0.03709818242	-0.01054456236	-0.01221138077	0.03638995027	0.03594043742	0.03499697069	-0.01075057149	0.01809753387	0.01788178419	0.01728520307	0.01817256405	0.01755378923	0.01772238386	-0.04645258125	0.0472257737	0.0472257737	0.0472257737	0.03552263876	0.03441503238	-0.01106823722	0.04653433556	0.0359944959	0.004162923546	0.01153595007	-0.046264482	-0.04506191791	0.03573680021	-0.04668681766	-0.04650529614	0.003282690199	0.04666254614	-0.01195838587	-0.04613267412	-0.04630870696	-0.01197369093	-0.04517915227	-0.04639084481	-0.04605263862	-0.01076066199	-0.0115257952	-0.04564407318	-0.01114902641	-0.04757527468	-0.04629245968	0.01079661206	-0.04612112071	-0.04603552738	-0.04639635145	-0.01116917741	-0.04659067135	0.01187294088	-0.04673506003	-0.0123867446	-0.04620422507	-0.01238064842	-0.01085569417	-0.0276336193	0.01562347551	0.004374540763	0.004131454621	0.01713854678	0.01332126982	-0.04676627378	-0.04513406692	-0.04722094404	0.03626446269	-0.04588367507	-0.04664392811	0.0122761776	-0.04612086136	-0.04595380208	-0.04589445094	-0.04598043024	-0.02344007131	-0.04571530163	0.01682534652	-0.04598786247	-0.01092766375	0.01356082352	-0.02464941333	-0.04537774673	0.003516838424	-0.04710162663	0.009834246884	-0.04686034558	0.01139651765	-0.04710039264	-0.0466064908	-0.04719063443	-0.04714479394	-0.04667538612	-0.04735430846	-0.04665050705	-0.04702929952	-0.01243023339	-0.04625805057	-0.04569036549	-0.04579228381	-0.04762204928	0.001046182725	-0.04626949658	-0.03090147506	-0.009970959232	-0.04604245024	-0.009978251632	0.02851376263	0.006647413411	-0.04668100168	-0.01185955969	0.005993158255	-0.04697637316	-0.04681550788	-0.04351985244	-0.0458638821	-0.00777046893	-0.04630537053	-0.04624103081	-0.01098664667	-0.01054954221	0.004040608129	-0.01027983585	0.04720601372	0.003204500007	-0.04640249128	-0.04659147902	-0.04689374894	0.003193809389	0.02253588168	-0.01065466307	-0.0113562931	-0.01169621654	0.0007569863133	-0.01140801479	-0.01081932109	-0.0462001487	-0.009915764298	-0.009701132033	0.00485662394	-0.01184772245	-0.04664050009	-0.04666645243	-0.04691509019	0.01127246572	-0.04797634922	-0.0465937803	-0.04611732017	-0.01052681546	-0.01175450292	-0.04658733848	-0.04651283971	-0.04505812451	-0.01129132584	-0.04637781118	-0.04629243007	-0.04718915355	-0.04629952813
0.1163034513	0.115677623	-0.02663100632	-0.03344158572	0.01777574603	0.01630880134	-0.04983794274	-0.0670361938	-0.04853630895	-0.0490109605	-0.04903722326	-0.01136929768	0.1303616941	0.1177488036	-0.01063482386	-0.01073252955	-0.009899385059	-0.01034724012	-0.07743780058	-0.07627132666	-0.07297390912	-0.07755585032	-0.08052393177	-0.01080741301	-0.01083287117	-0.07886640826	-0.0771856879	-0.07732169048	-0.0769714952	-0.07689169849	-0.05093532863	-0.02930796099	-0.04863584087	-0.04824661516	-0.07910940814	-0.04922874197	-0.04953370942	0.01887045468	0.01841695949	0.0180084514	0.01797883733	-0.05012947115	-0.01212455534	-0.03175518491	0.002287228412	-0.132367639	-0.05010880076	0.01795316894	-0.1302651756	-0.0231225403	0.1169564542	-0.07758908703	-0.02626705801	-0.07745465666	-0.02608051605	0.1165398857	0.1172058286	-0.08122593219	0.1161319277	0.1155520289	0.01682580352	-0.07762840393	-0.07789254591	0.1163335134	-0.03320906089	-0.03315308067	-0.03365280114	-0.03299816576	-0.03293761583	-0.03344834595	0.01826949149	-0.05031100353	-0.05031100353	-0.05031100353	-0.07777447269	-0.07788401901	0.1171027673	-0.05073071177	-0.07757434545	-0.1270863058	-0.1232278235	0.01828562641	0.01721458573	-0.07701685144	0.01776352519	0.01848850651	-0.1295078373	-0.05033077128	0.1159047894	0.01814570439	0.01746231113	0.1162832282	0.01795274023	0.01870272341	0.01689343858	0.1169639291	0.1175697562	0.01455835682	0.1138609849	0.01806175334	0.01785005388	-0.122749504	0.0190538383	0.01820403258	0.01788202706	0.117273557	0.01813140139	-0.09239144862	0.01771528282	0.114389511	0.01671550394	0.1158428924	0.114290182	-0.04677632024	-0.08870654923	-0.03012089955	-0.04340702091	-0.03162271331	-0.08815559096	0.01778468603	0.01836522127	0.01797424894	-0.03464278429	0.01757951374	0.01821400958	-0.1238086588	0.01652713775	0.01628273872	0.01752973358	0.01620040761	-0.04635089147	0.01778398656	-0.08573843386	0.01506585662	0.1146258073	-0.08886709192	-0.05031363187	0.01536814308	-0.04850518047	0.01913064546	-0.08892531489	0.01551592363	-0.1226879312	0.01840077042	0.01672083306	0.01885398844	0.01808463923	0.01542528973	0.01502196075	0.01395951781	0.01548283464	0.1140742923	0.01461984073	0.01858801302	0.01695633227	0.01682829357	-0.04635642786	0.01526624661	-0.04488130788	0.1166694314	0.01691337815	0.1157643145	-0.07894115596	-0.03830962807	0.01555940258	0.1143732361	-0.03611071927	0.0160792208	0.01488143658	0.00984190549	0.01528960255	0.1110061629	0.01742954818	0.01763934447	0.1136253614	0.1177573272	-0.1297721108	0.113235661	0.009695184642	-0.1287125184	0.01512091475	0.01777533988	0.01632994589	-0.1293134525	-0.08757070068	0.1172085121	0.1144689079	0.1161669587	-0.12490639	0.1137378614	0.1169079892	0.01814067739	0.1163946686	-0.1180051728	-0.04878618273	0.1160515522	0.01546403922	0.01835688607	0.01478185427	-0.08952507031	0.01633812867	0.01763736897	0.01538287645	0.1165346631	0.1129837784	0.01660738042	0.01799926134	0.01609536014	0.1159203274	0.01423221368	0.01785008349	0.01586257695	0.01717905488
0.1156836151	0.1139708671	-0.02747551678	-0.0341972869	0.01604164322	0.01562358702	-0.04903276632	-0.06503279651	-0.04895391708	-0.04942856863	-0.04850377674	-0.01038610149	0.1177488036	0.1320994317	-0.01033095242	-0.009885198314	-0.009548457955	-0.009364043929	-0.07661293758	-0.07610332017	-0.07055474401	-0.07516120717	-0.07728082646	-0.008554376607	-0.009713810034	-0.0786349554	-0.07715354637	-0.07668264277	-0.07691681996	-0.07747543534	-0.04919548826	-0.028430366	-0.04732218066	-0.04658992985	-0.07844009668	-0.04910289031	-0.0479133433	0.01700048691	0.01768096699	0.01684515537	0.0151851619	-0.04662338643	-0.01157431692	-0.03115223659	0.00411529354	-0.1302202038	-0.04660271604	0.01719746777	-0.1281177403	-0.0231215973	0.1141627787	-0.0762076371	-0.02591613091	-0.0770373885	-0.02698847288	0.1158566031	0.1162404513	-0.07855955914	0.1151769152	0.1143642109	0.01578487642	-0.07766868097	-0.07758867447	0.1140832978	-0.03511512804	-0.03418051175	-0.03408971675	-0.03484078654	-0.03450850671	-0.03501923683	0.01649928929	-0.04680491881	-0.04680491881	-0.04680491881	-0.07862993944	-0.07776301793	0.1155318764	-0.04722462705	-0.07747875754	-0.1252605885	-0.120342518	0.01593564522	0.01639543818	-0.07739230475	0.01673609411	0.01631070946	-0.127450765	-0.04682468656	0.1151851876	0.01743939113	0.01609970378	0.1150340175	0.01733523626	0.01721498757	0.01767115255	0.1155125125	0.1148750071	0.01370289008	0.113413113	0.01589469275	0.01665941087	-0.1202247376	0.01799906024	0.01810030917	0.01621137061	0.1153674899	0.01785571364	-0.09052961636	0.01676027032	0.1132623144	0.01794506711	0.1148648492	0.1130107297	-0.04561020343	-0.08806750152	-0.02917118667	-0.04201622987	-0.02941183172	-0.08638256798	0.015752639	0.01781780363	0.01545230341	-0.0328443984	0.01679646558	0.01682603932	-0.1212536287	0.01560822463	0.01569900188	0.01664974486	0.01637273042	-0.04676244416	0.01740912466	-0.0847973925	0.0139646143	0.1128192859	-0.08741285451	-0.04904240845	0.01478440623	-0.04711438943	0.01665865027	-0.08725789311	0.01493218678	-0.119891435	0.0164484021	0.01666416532	0.01648761654	0.01614225288	0.01504983642	0.01403062906	0.01296818611	0.01453855861	0.1117243111	0.01460982744	0.01682746819	0.01628378614	0.01519395632	-0.04493537306	0.01801568715	-0.04430570654	0.1161581132	0.01683700173	0.1157575971	-0.07807752739	-0.03732643188	0.01483980078	0.1137894993	-0.03471992823	0.01427269941	0.01419209854	0.01290068988	0.01351334491	0.1129874694	0.01665140085	0.01739016449	0.1112960523	0.1165468822	-0.1272170807	0.1118669982	0.01055347216	-0.1263241116	0.0161511666	0.01766776348	0.01503078492	-0.1270301523	-0.08613285397	0.1150735557	0.1137493061	0.1150536351	-0.1227608865	0.1137278481	0.1155090626	0.01750734514	0.1170173256	-0.1158880014	-0.04571115754	0.115159986	0.01392924772	0.01686775757	0.01382078633	-0.08820669785	0.01490310275	0.01758070122	0.01538709159	0.115532098	0.1125359065	0.01510890812	0.01701073096	0.01705319342	0.1167061963	0.01337674693	0.01590769714	0.01337673081	0.01780851096
-0.01058961958	-0.01107958298	0.01698643535	0.01819188801	-0.04536056381	0.03641967489	0.06663921164	0.02393723262	0.06563114128	0.06624340933	0.06662474142	0.2674664722	-0.01063482386	-0.01033095242	0.2774397627	0.2687825651	0.2679853302	0.2686243947	0.03569268039	0.03599401426	0.01939720429	0.01500907282	0.01312833012	0.2674848971	0.2678670338	0.03502931206	0.03562311282	0.03630229995	0.03614785398	0.03632469708	0.01505963067	0.02779621013	0.02014178641	0.02308727635	0.03600909673	0.06575389795	0.06599239031	-0.04508104486	-0.045670405	-0.04475636297	-0.04553970403	0.04732659019	0.03149630122	0.03020402504	0.03757802543	-0.00213415843	0.04734726059	-0.04589856503	0.003874422353	0.04848308112	-0.01102353633	0.03568877126	0.01638278529	0.03608341916	0.01658587096	-0.01076078008	-0.01084797309	0.03742506139	-0.01035354834	-0.01188450179	0.03698855914	0.0370825061	0.03545971462	-0.01123888222	0.01801681799	0.01848039306	0.01838826745	0.01849944302	0.0176089383	0.01886445253	-0.04612570228	0.04714505782	0.04714505782	0.04714505782	0.03462673318	0.03474191135	-0.0106054933	0.04618188978	0.03591378002	0.003877769369	0.01091177438	-0.04553000817	-0.04500676884	0.03619954413	-0.04622407373	-0.04672187697	0.00383579713	0.04658183026	-0.0127184265	-0.0470285797	-0.04666115274	-0.01286959651	-0.04498813825	-0.04606396584	-0.0469485442	-0.01206416242	-0.01201410593	-0.04708343856	-0.01150147219	-0.04738426066	-0.04582971576	0.01030830133	-0.04579424173	-0.04625210821	-0.04620533743	-0.01138575824	-0.04626379238	0.01192808995	-0.0460005862	-0.01165227078	-0.0475077255	-0.0121896344	-0.01120813995	-0.02608395578	0.01635794933	0.004973149635	0.004594198543	0.01895994021	0.01405574364	-0.04711871956	-0.0460299725	-0.04635071513	0.03618374681	-0.04677958065	-0.04699637389	0.01182545358	-0.04630091246	-0.04603838141	-0.04574244121	-0.04592528117	-0.02324905729	-0.04586982875	0.01769568529	-0.04682171434	-0.01168770438	0.01415943239	-0.02377907455	-0.04586605746	0.004658907097	-0.04745407241	0.01016112586	-0.04639760166	0.01063647702	-0.04731697347	-0.04655134173	-0.04713548535	-0.04681791496	-0.04811861496	-0.04770675424	-0.04768227758	-0.04751761025	-0.01305440907	-0.04675022476	-0.04726559582	-0.04604411262	-0.04702344041	0.002188251398	-0.04607848256	-0.02908008163	-0.01032340501	-0.04721008572	-0.01063511181	0.02951996635	0.007381887233	-0.04662585261	-0.01180441062	0.007135226927	-0.04637776429	-0.04730381861	-0.04349033827	-0.04662392274	-0.008621063601	-0.04611435651	-0.04700107144	-0.01161082235	-0.01063025809	0.00423162215	-0.01063228163	0.04726116279	0.003072514335	-0.04661907211	-0.04701773605	-0.04670659838	0.00352068836	0.0224551658	-0.01127883875	-0.01130114403	-0.01164106747	0.001355595185	-0.01162459562	-0.01157936172	-0.04723191923	-0.01053993998	-0.009417157783	0.006134557563	-0.01206430328	-0.04644948607	-0.04654924966	-0.04726753597	0.01227866944	-0.04710601045	-0.04626690133	-0.04619803605	-0.01196618085	-0.0118352188	-0.04748324406	-0.04686528549	-0.04513884039	-0.01218723142	-0.04659439201	-0.04718833565	-0.04645854318	-0.04678783886
-0.009464540719	-0.01090555877	0.01743218946	0.01836591222	-0.0462734592	0.03578555899	0.06572631625	0.02261674238	0.06566930054	0.06573810879	0.06503252127	0.268727416	-0.01073252955	-0.009885198314	0.2687825651	0.2765650265	0.2689745441	0.2681190942	0.0353232448	0.03657563332	0.01889190375	0.01436790733	0.01275889453	0.2675230564	0.2684486528	0.03574679607	0.03634059683	0.0360687293	0.03659360809	0.03568353159	0.01536951983	0.02797023434	0.02029722532	0.02312543561	0.03631898589	0.06552032731	0.06562295472	-0.04490702066	-0.0457681107	-0.04594098827	-0.04532667553	0.04709301955	0.03103000497	0.03092150905	0.03720858983	-0.002367729072	0.04711368994	-0.04558867587	0.003640851711	0.04770605068	-0.01071364717	0.03586279546	0.01696440435	0.03598571347	0.01716749002	-0.01031502597	-0.01100773249	0.03691976085	-0.01017952413	-0.01130288274	0.0364832586	0.0358978808	0.03522614397	-0.009977938413	0.018734302	0.01824682242	0.01778610625	0.01867346722	0.01791882746	0.01849501694	-0.04608754302	0.04691148718	0.04691148718	0.04691148718	0.03452902749	0.03437247576	-0.01043146909	0.04608418409	0.03554434443	0.003508333777	0.01149339344	-0.04562771387	-0.04483274463	0.03637356834	-0.04577831963	-0.04722717751	0.003330496587	0.04634825962	-0.01118575279	-0.04671869054	-0.04662299348	-0.01174451765	-0.04494997899	-0.04629753648	-0.04677451999	-0.01093908356	-0.01075316212	-0.04677354941	-0.01105571808	-0.04748196635	-0.0466067462	0.01034646059	-0.04670713713	-0.04621394895	-0.04711823283	-0.01026067938	-0.04581803827	0.01142278941	-0.04596242695	-0.01134238162	-0.04706197139	-0.01166918676	-0.01062652089	-0.02658925632	0.01490159413	0.005011308893	0.0038171681	0.01831877471	0.01314284825	-0.0473522902	-0.04626354314	-0.04712774557	0.03595017616	-0.04714901624	-0.04695821464	0.01164251186	-0.04697860768	-0.04613608711	-0.04675219726	-0.04588712191	-0.02443368258	-0.0461654531	0.0170545198	-0.04670974384	-0.01110608532	0.013246537	-0.02333332044	-0.0455561683	0.004153606554	-0.04741591316	0.009655825313	-0.0469029022	0.01094636618	-0.04673535441	-0.04651318247	-0.04723319105	-0.04718735056	-0.0475369959	-0.04766859498	-0.04723652347	-0.04693599119	-0.01206519516	-0.04630447065	-0.04627638191	-0.04654941317	-0.04671355125	0.002090545706	-0.0457685934	-0.03026470693	-0.01028524575	-0.04690019656	-0.009510032945	0.02806361116	0.007284181541	-0.04631596345	-0.01081519671	0.006901656285	-0.04674719988	-0.04753738925	-0.04334771681	-0.04644989853	-0.008582904343	-0.04675552201	-0.04764223693	-0.01102920329	-0.01004863903	0.004133916458	-0.01059412237	0.0471634571	0.002890213486	-0.0472602376	-0.04710280192	-0.04707603397	0.003151252768	0.02154227041	-0.01056135474	-0.01058366002	-0.01092358346	0.0008502946424	-0.01063538171	-0.01072601276	-0.04692203007	-0.01009418587	-0.009786593375	0.00508579722	-0.01012403472	-0.04627546186	-0.04711019518	-0.04668591691	0.0112299091	-0.04747544604	-0.04690806682	-0.04575228194	-0.01056937208	-0.01084600489	-0.04730921985	-0.04696299118	-0.04537241103	-0.01079042266	-0.0466920977	-0.04660671659	-0.04628451898	-0.04634208476
-0.009582450876	-0.01129519883	0.0173142793	0.01824800206	-0.04584790956	0.03606819409	0.06615186589	0.02317815697	0.06636658008	0.06670711823	0.06572980082	0.268337776	-0.009899385059	-0.009548457955	0.2679853302	0.2689745441	0.2760574763	0.2677294541	0.03579169916	0.03618599326	0.01904572349	0.014768935	0.01323144958	0.2676768761	0.2692817973	0.03562888591	0.03690201142	0.03622254905	0.03699463576	0.03624494618	0.01538747462	0.02730886438	0.02004345021	0.02219233575	0.03647280563	0.06689693161	0.06645609921	-0.04407387616	-0.0460218858	-0.04551543862	-0.04575531988	0.04683924444	0.03223174002	0.02944494939	0.03681894978	-0.00275736913	0.04699577979	-0.04529899118	0.003522941554	0.04813160032	-0.01028809753	0.03636781329	0.01675353397	0.03600366826	0.01745717471	-0.01056880108	-0.0109897777	0.03664146378	-0.009482244589	-0.01130944991	0.03595775359	0.0361875655	0.03565169362	-0.01023171352	0.01797477124	0.01867237206	0.01766689595	0.01855555707	0.0171592967	0.01851297173	-0.04647718308	0.04679357702	0.04679357702	0.04679357702	0.03536217198	0.03484503081	-0.0104135143	0.04596627393	0.03651335388	0.003254558669	0.01083202349	-0.04607246895	-0.04467892489	0.03625565818	-0.04576036483	-0.04680162787	0.002804991579	0.04623034946	-0.011167798	-0.04561381615	-0.04619744384	-0.01159069791	-0.04506788915	-0.04587198683	-0.04616604973	-0.01105699372	-0.01073520733	-0.04702732451	-0.01117362824	-0.04692055175	-0.04631706151	0.01077201024	-0.04614572253	-0.04592426425	-0.04723614298	-0.01078618438	-0.04566421853	0.01076141945	-0.04648793195	-0.01186788663	-0.04658899719	-0.01213352035	-0.01128789085	-0.02738649123	0.01505541388	0.003806479134	0.003970987843	0.01792913466	0.01275320819	-0.04638328076	-0.04543039865	-0.04683806088	0.03528880621	-0.04713106145	-0.04680439489	0.01206806151	-0.04651535389	-0.04557467251	-0.04584671408	-0.04573330216	-0.02455159274	-0.04560403851	0.01584969004	-0.04601246429	-0.01095226558	0.01299276189	-0.02421936464	-0.04648926816	0.003220506696	-0.04685449856	0.008994455355	-0.04647735256	0.01096432097	-0.04725445069	-0.04554417302	-0.0465359115	-0.04703353081	-0.04765490606	-0.04751477523	-0.04776202848	-0.04732563125	-0.01259070017	-0.04615065091	-0.04566791165	-0.04598799857	-0.04723905626	0.0004781210961	-0.04575063861	-0.03051848203	-0.00999556106	-0.04715397167	-0.009220348252	0.02812862162	0.005535891981	-0.04656973856	-0.01174829657	0.005017501775	-0.04632165023	-0.04738356951	-0.04376187883	-0.04670367363	-0.008386179879	-0.04565064761	-0.04640149759	-0.0115547083	-0.01039122342	0.003880141351	-0.01098376242	0.04690968199	0.002496359301	-0.04683468796	-0.04555368322	-0.04678634928	0.003116015152	0.0204733056	-0.0106792649	-0.01083743513	-0.01104149362	0.0007323844853	-0.01129675166	-0.01070805797	-0.04513783093	-0.01007623108	-0.00904640911	0.003880967461	-0.00997021498	-0.04680096687	-0.04655518931	-0.04707555696	0.01084026904	-0.04772922115	-0.04621078728	-0.04600605705	-0.01084766916	-0.0119149697	-0.04783472486	-0.04676211578	-0.04535445624	-0.01022900807	-0.04708173776	-0.0463170319	-0.04721761883	-0.04632412996
-0.01057376574	-0.01038440438	0.01673055929	0.01820774185	-0.04520884501	0.03602793388	0.06665506548	0.02340962666	0.06619045492	0.06639512812	0.06623300041	0.2685692457	-0.01034724012	-0.009364043929	0.2686243947	0.2681190942	0.2677294541	0.2767925809	0.03502920948	0.03601755857	0.01927719318	0.01475319676	0.01260072416	0.2681800757	0.2686980773	0.03463757105	0.03509550686	0.03550296409	0.03670716762	0.03511776637	0.01589067421	0.02740446912	0.02068251476	0.02296726525	0.03548149077	0.06644907655	0.06573651425	-0.04506519102	-0.04619801096	-0.04650675348	-0.04575657579	0.04775003889	0.03155115935	0.0295482446	0.03813733907	-0.002112536736	0.04790657423	-0.04588271119	0.004162006096	0.04877066486	-0.01114354744	0.03591995823	0.01721382884	0.0355558132	0.0163299949	-0.01060906128	-0.01041683393	0.03716918534	-0.009250774897	-0.01214037785	0.03537403358	0.03601144034	0.03574729836	-0.01135889333	0.01830440173	0.018224517	0.01776380083	0.01878702676	0.01762479215	0.01697819707	-0.04583811854	0.04770437146	0.04770437146	0.04770437146	0.03545777672	0.03435017034	-0.01099723431	0.04674120342	0.03579376892	0.003486028361	0.01174281793	-0.04611272916	-0.0447191851	0.03635126292	-0.04552889514	-0.04561910352	0.003761287963	0.04714114391	-0.01202324791	-0.04619753616	-0.04678116385	-0.01217441792	-0.04551574421	-0.04672743674	-0.04666096046	-0.01177657868	-0.01159065724	-0.04706758472	-0.0116214833	-0.04696081196	-0.04540626706	0.01154693973	-0.04577838789	-0.04582865951	-0.04686880834	-0.01109817449	-0.04570447874	0.01207980874	-0.04652819216	-0.01231574169	-0.04654081701	-0.01230964551	-0.01187161086	-0.02701915659	0.01705312792	0.004581408626	0.005153512186	0.01693781979	0.01462274776	-0.04683113582	-0.04519892896	-0.04687832108	0.03674306045	-0.0456768072	-0.0465729252	0.01261891042	-0.04577812855	-0.04643012242	-0.04582344803	-0.0461375779	-0.02268974364	-0.04598983986	0.01798326904	-0.04679817003	-0.01152829512	0.01471874603	-0.02430668051	-0.04707298817	0.003995436188	-0.04756639305	0.0104487096	-0.04801212722	0.01201098037	-0.04675765982	-0.04653548788	-0.04657617171	-0.04720965597	-0.04742343637	-0.04850609009	-0.04753055879	-0.04695829661	-0.01344615008	-0.04659850597	-0.04684214713	-0.04684344848	-0.04687172161	0.001388915539	-0.04592676377	-0.02892836284	-0.01057928107	-0.04692250198	-0.01034752806	0.0295358202	0.006590241843	-0.04756105342	-0.01178855678	0.006335891068	-0.04704123519	-0.04810315447	-0.04304125468	-0.04755912354	-0.00855756044	-0.04623436762	-0.0475286774	-0.01253833269	-0.0104785393	0.004519205893	-0.01183152187	0.04822807128	0.003495963028	-0.04605975847	-0.04632255746	-0.04777766414	0.003890944644	0.02287861449	-0.01017606531	-0.01196461494	-0.01148934868	0.001577809942	-0.01228806653	-0.01115591303	-0.04667260559	-0.01025235624	-0.009339780189	0.005063491804	-0.01136912469	-0.04792045621	-0.04626166592	-0.0476515865	0.01270211813	-0.0468184267	-0.04584345263	-0.04631804716	-0.01072754245	-0.01263455466	-0.04760325517	-0.04712116155	-0.04539471645	-0.01122032293	-0.04793718767	-0.04690075191	-0.04766547389	-0.04663612007
-0.07807192105	-0.0778825597	0.09148300688	0.08874837598	-0.03132389514	-0.02100862027	0.04802528238	0.004186433406	0.04742480686	0.04790120997	0.0473314874	0.03581630099	-0.07743780058	-0.07661293758	0.03569268039	0.0353232448	0.03579169916	0.03502920948	0.2464437596	0.2383894543	-3.960514437e-05	0.002620409297	0.003672689272	0.03692488355	0.03590222793	0.2356085574	0.2382832371	0.23806132	0.237257169	0.2377191321	-0.005141668119	-0.0005070353236	-0.004783420585	-0.003449724747	0.2352296926	0.04809102334	0.04805778579	-0.03122325102	-0.03113328641	-0.03122024938	-0.03124986345	0.04759788901	-0.001622493229	0.1013039728	0.003568452062	-0.008868839065	0.0476185594	-0.03077497676	-0.00269747669	0.0690412674	-0.0774189182	0.2390597178	0.090906364	0.2390766474	0.09162590229	-0.07878654135	-0.07812059837	0.02612331747	-0.07706366999	-0.07812563596	-0.02087891712	0.2380693463	0.2369041	-0.07799895422	0.08861101011	0.08849342123	0.08857486472	0.08878420109	0.08833899537	0.0888774807	-0.03127384391	0.04741635664	0.04741635664	0.04741635664	0.2209401588	0.2212382073	-0.07754433497	0.0478118381	0.2376228497	-0.000792020371	0.003574635989	-0.03054228485	-0.03132774467	0.238001574	-0.03091467016	-0.03173415364	-0.003027057986	0.04766831878	-0.0789350387	-0.03108980173	-0.03242422815	-0.07929656463	-0.03130911408	-0.03161970231	-0.03131308238	-0.0783624979	-0.07876713231	-0.03168812039	-0.07748925921	-0.03171721258	-0.03179304708	0.00378122566	-0.03075656806	-0.03030219844	-0.03271212856	-0.07886805971	-0.03109729939	-0.002252246307	-0.03231127038	-0.078812892	-0.03070380748	-0.07926161991	-0.07814698162	-0.01485754634	-0.001083145735	-0.02147793686	-0.02226448281	-0.02841434863	-0.003156526239	-0.03135105452	-0.03139989368	-0.03204231655	0.01068371496	-0.03255709668	-0.03200865057	0.004486014159	-0.03081217194	-0.03254517254	-0.03100101941	-0.03021532837	-0.01464698662	-0.03075834383	-0.001146963994	-0.03094499007	-0.0768603017	-0.002645242644	-0.01744380332	-0.03169352384	-0.01812382575	-0.03209034049	-0.001208951167	-0.03108819808	0.004114528327	-0.03187875057	-0.03165657863	-0.03250540653	-0.03205901682	-0.03177224213	-0.03253321561	-0.0312000398	-0.03137375311	-0.07917806104	-0.03135490659	-0.03164155762	-0.0322292235	-0.03298677174	-0.01828477729	-0.03190322783	-0.01333933323	-0.07794157143	-0.03095667312	-0.07746967478	0.01819279405	-0.01526498066	-0.03095880453	-0.07752046774	-0.02339180808	-0.03269874011	-0.03218023034	-0.02728195952	-0.03150033446	-0.07541943152	-0.03194182289	-0.0315128982	-0.07773447432	-0.07788383954	-0.002612006794	-0.07675593359	-0.01057472721	-0.001461410455	-0.03004397926	-0.03107709335	-0.03171887505	-0.002643615832	0.01995921526	-0.07930460003	-0.0768813362	-0.07893755364	-0.006171844617	-0.07797002714	-0.07833238809	-0.03005903823	-0.07759326551	-0.01338702828	-0.01936547428	-0.07923197013	-0.03200522255	-0.03203117489	-0.03051356829	-0.004797735491	-0.03239001702	-0.03060417778	-0.03211141703	-0.07792853948	-0.07755127592	-0.03157730548	-0.03241989642	-0.02969357187	-0.07916776353	-0.03174253364	-0.03215066198	-0.03215014461	-0.03193598049
-0.07663371723	-0.07617262598	0.09169842615	0.0885562004	-0.03029328617	-0.02092906595	0.04719679192	0.004766542804	0.04781910096	0.04829550406	0.0477257815	0.03580300024	-0.07627132666	-0.07610332017	0.03599401426	0.03657563332	0.03618599326	0.03601755857	0.2383894543	0.2462992254	-5.2905897e-05	0.002742973495	0.002949080169	0.03627516277	0.03633942675	0.2355522468	0.2392709414	0.2381838842	0.2379660977	0.2376628215	-0.004111059149	0.0002018933961	-0.003938626915	-0.00409944553	0.2362603016	0.04848531744	0.04777275514	-0.03218760643	-0.03123374581	-0.03186292454	-0.03090247966	0.04731285836	-0.002716393785	0.1008400673	0.002782866329	-0.00978324412	0.0471976638	-0.03137474719	-0.003611881745	0.06830563202	-0.07679590408	0.2375883609	0.09151582926	0.2387801931	0.09143372671	-0.07775593238	-0.0779051791	0.02583828682	-0.07626178104	-0.07605101211	-0.0219905611	0.2373337109	0.2378847586	-0.07673952007	0.08869056443	0.0887088405	0.08937274808	0.08845616055	0.08936960434	0.08895703502	-0.03010736999	0.04699546103	0.04699546103	0.04699546103	0.2213074648	0.221678351	-0.07637786105	0.04739094249	0.2386105539	-0.001434695525	0.003017875435	-0.03046273053	-0.0310264108	0.2379452634	-0.03088506619	-0.03151873438	-0.004077327991	0.04738328813	-0.07794733445	-0.03182543711	-0.03234467383	-0.07769090961	-0.03032845546	-0.031540148	-0.03106607686	-0.07801121368	-0.07737887883	-0.03242375577	-0.07740970489	-0.03136592836	-0.03144176287	0.003088600157	-0.03113455894	-0.03149537902	-0.03263257424	-0.07715812599	-0.03146824464	-0.002894921462	-0.03134090341	-0.07891915299	-0.03067420351	-0.07807040282	-0.07738810255	-0.0155002215	-0.00199755079	-0.0223494372	-0.02354357799	-0.02833479431	-0.003892161623	-0.03181496	-0.03137028971	-0.03141930244	0.009948079575	-0.03252749271	-0.0320649612	0.003795689686	-0.03159775767	-0.03205802337	-0.03093241115	-0.03045040867	-0.01470329726	-0.03140806462	-0.001882599377	-0.03140889556	-0.07718834223	-0.003380878027	-0.01808647848	-0.03229329427	-0.01899532608	-0.03184333497	-0.002488046352	-0.03146618897	0.003557767773	-0.03170623603	-0.03189165894	-0.03274753246	-0.03175063732	-0.03169268782	-0.03291120649	-0.03112048549	-0.03197352354	-0.07882677682	-0.03236227187	-0.03070380372	-0.03179202468	-0.03263548752	-0.01956387248	-0.03117240618	-0.01434669851	-0.07718269236	-0.03159934828	-0.07640747956	0.0178218488	-0.01572888614	-0.03087925022	-0.07784850827	-0.02521436307	-0.03239740625	-0.03250827087	-0.02711649061	-0.03169251004	-0.07454611389	-0.03240572837	-0.03261311855	-0.0773831901	-0.07721781554	-0.003526411849	-0.07640464938	-0.01035930795	-0.002324545717	-0.03166576649	-0.03092284551	-0.03299797024	-0.003475348347	0.01890894526	-0.07800226116	-0.07639418703	-0.07809275997	-0.007020880686	-0.07794042317	-0.07721586452	-0.03053426219	-0.07706310646	-0.01344531437	-0.02023697462	-0.07810840094	-0.03083874863	-0.03208748552	-0.03138506862	-0.006076830676	-0.03203873281	-0.03097512303	-0.03167421821	-0.07741828121	-0.0777434515	-0.03176948106	-0.03167233582	-0.03061502255	-0.07795959918	-0.03234230407	-0.03144173326	-0.03247818514	-0.03199229112
-0.07332134805	-0.07355453319	-0.01794909663	-0.018262627	-0.1308942013	0.01925798282	0.08140578287	0.5777409443	0.08229982181	0.08223276512	0.08186454275	0.01811927067	-0.07297390912	-0.07055474401	0.01939720429	0.01889190375	0.01904572349	0.01927719318	-3.960514437e-05	-5.2905897e-05	0.9862004609	0.6164816895	0.6222728083	0.01949634504	0.01906329203	0.000205176459	-0.0008314021885	-0.0002880800094	-0.001146372695	-0.0006732777257	0.1950774016	0.1383869915	0.1965935317	0.1881599028	0.0009132312289	0.08255844344	0.0819817461	-0.1320773214	-0.1318684647	-0.1312794094	-0.1315192906	0.08600539267	0.05440169282	-0.006386354917	0.06882078537	0.645380626	0.08602606306	-0.1317422867	0.3242257352	0.0271996794	-0.07363435149	-0.0002424500676	-0.0176155587	-0.0009145556435	-0.01882748558	-0.07309986534	-0.0730511934	0.2160409601	-0.0739810534	-0.07404201436	0.01846821757	-0.0008327196416	-0.0003154756392	-0.07308519128	-0.01855861032	-0.01933277145	-0.01847384241	-0.0188866245	-0.0185738468	-0.01854111713	-0.1310183693	0.0858238603	0.0858238603	0.0858238603	-0.001148457076	-0.001712603657	-0.07335217341	0.0858117469	-0.0004048700327	0.4137474218	0.3080318262	-0.1306944051	-0.1303070307	1.675902551e-05	-0.131237654	-0.1317458584	0.3226375717	0.08526063274	-0.07397059216	-0.1316495168	-0.1310818339	-0.07412176217	-0.1311035898	-0.1320435524	-0.1326093452	-0.07467497758	-0.07421732624	-0.1331286604	-0.07322686794	-0.1332279823	-0.1323527622	0.3033638188	-0.1314756981	-0.1311954588	-0.1330001137	-0.0745400332	-0.1311564594	0.2074661731	-0.1322519027	-0.07453481584	-0.1307225885	-0.07431816118	-0.07178098086	0.1061600363	0.2033706204	0.1264239432	0.1502417707	0.1240767033	0.1887167928	-0.1318958179	-0.1312600046	-0.1314131745	0.07061431055	-0.1311287878	-0.1321607708	0.302573236	-0.1293850375	-0.1312027783	-0.1322900096	-0.1311819637	0.1210869153	-0.1304055845	0.1979094931	-0.1302855021	-0.07164685578	0.1874495911	0.1174790599	-0.1303511296	0.1577417655	-0.1336034514	0.1932367958	-0.1311544037	0.3036971214	-0.1326172353	-0.1318177999	-0.1327074771	-0.133064681	-0.1308374428	-0.1315781369	-0.1296515509	-0.1314592226	-0.07267619532	-0.1303498775	-0.1323829371	-0.1315808564	-0.1315085126	0.1547320567	-0.1283897155	0.1005824764	-0.07272812551	-0.1316951579	-0.07267606687	0.1894373601	0.1378080989	-0.1300896404	-0.07244288677	0.1367379175	-0.1302491469	-0.1285937672	-0.1128435662	-0.1300877105	-0.06608548735	-0.132365673	-0.1321654683	-0.0717058387	-0.07278642274	0.3229474044	-0.07167835262	0.07507845972	0.3193981693	-0.1286585752	-0.1316567003	-0.1303764808	0.323275349	0.210505725	-0.0740948894	-0.07268917464	-0.07398015273	0.3187191609	-0.07321412642	-0.07310325728	-0.1309018017	-0.07281463427	0.2718541998	0.1639726893	-0.07290887409	-0.1329023028	-0.1324268987	-0.1314106485	0.1950839251	-0.1323360426	-0.1317030281	-0.131226568	-0.07330850371	-0.07281565456	-0.1319524002	-0.1326257208	-0.1292163177	-0.07452631668	-0.1308733695	-0.1318092727	-0.1320305349	-0.1330391554
-0.07943727731	-0.07814288102	-0.02455236738	-0.02117307551	-0.1382043987	0.01322264044	0.08474512207	0.5791211366	0.08645435071	0.08543623936	0.0854099766	0.0145463289	-0.07755585032	-0.07516120717	0.01500907282	0.01436790733	0.014768935	0.01475319676	0.002620409297	0.002742973495	0.6164816895	1.015948677	0.6553048954	0.01594502411	0.01573755819	0.003408650702	0.002643801955	0.002507799383	0.003148447065	0.002004852043	0.2062574877	0.1441324796	0.1969193734	0.1899653073	0.004660165273	0.08603364759	0.08627213994	-0.1382485287	-0.1374060111	-0.1372200001	-0.1380893258	0.09332664303	0.05671798888	-0.01092718284	0.05984292482	0.6784879031	0.09334731342	-0.1375715344	0.3475308689	0.02406326212	-0.0783766796	0.003334241767	-0.02387686984	0.00190969095	-0.02400187711	-0.07768821317	-0.07725006172	0.2261990809	-0.07901897962	-0.07939360607	0.01175355044	0.00196315975	0.002887998604	-0.07899962035	-0.02148401049	-0.02129216532	-0.0210944457	-0.02139086498	-0.02119445009	-0.02170518022	-0.1373910768	0.0932809756	0.0932809756	0.0932809756	0.001663444126	0.001626735536	-0.07659614183	0.09313299726	0.00252687431	0.4332539338	0.3299822619	-0.1370425906	-0.1368156032	0.003084368318	-0.1373290613	-0.1378268646	0.3448557857	0.09244601815	-0.07830532542	-0.1379680231	-0.1381338662	-0.07872822534	-0.1374466181	-0.1378728002	-0.138166863	-0.07819452114	-0.07895965436	-0.1392998677	-0.07803942576	-0.1389213651	-0.1383178748	0.3248933534	-0.1374402738	-0.1357512384	-0.1392124343	-0.07860303656	-0.1365781122	0.2199029711	-0.1380811504	-0.07830156734	-0.1365992608	-0.07821562036	-0.07579574998	0.1145721398	0.2132621343	0.1339693814	0.157762687	0.1306768013	0.2064789487	-0.1382482291	-0.1368877522	-0.1384769871	0.07521670481	-0.1373656304	-0.1378541536	0.3251896902	-0.1350538983	-0.1375754858	-0.1393376159	-0.1361418205	0.1270534497	-0.1364558785	0.2084859475	-0.1361612673	-0.07697916112	0.2051092718	0.1291519222	-0.1364283949	0.1666457998	-0.1400124612	0.2104651694	-0.1379109938	0.3259059808	-0.1388540779	-0.1373572023	-0.1373139403	-0.1391702091	-0.1374818802	-0.1373417493	-0.1360944881	-0.1379677951	-0.07671548641	-0.1364973725	-0.1381825055	-0.1375566951	-0.1375849682	0.1635203413	-0.132045124	0.1095380397	-0.07710856652	-0.1373640187	-0.07632519118	0.2005210015	0.1430109796	-0.1372119024	-0.07668827251	0.1393922175	-0.136963814	-0.1349008395	-0.1156379061	-0.1358276107	-0.07005914319	-0.1377873259	-0.1382238087	-0.07635881929	-0.07684558086	0.3450779343	-0.07630681125	0.06444054053	0.3401455811	-0.133352669	-0.1368250025	-0.1363415935	0.3471880297	0.2202619653	-0.07827564239	-0.0770239079	-0.07774690422	0.3402151117	-0.07732364721	-0.07811347006	-0.1372499872	-0.07674177268	0.2937483433	0.1773602669	-0.07778706716	-0.1380987432	-0.137613124	-0.1374222786	0.2058099429	-0.1385048345	-0.136988816	-0.1359206619	-0.07760630208	-0.07778147833	-0.1382041944	-0.1382447014	-0.135449315	-0.07935323995	-0.136636982	-0.1370950607	-0.1381069906	-0.1384608082
-0.08206168233	-0.08128742619	-0.02536909307	-0.02195304975	-0.1388988242	0.0118009312	0.08613898704	0.5801298372	0.08723531993	0.08704842009	0.08580898587	0.01252972125	-0.08052393177	-0.07728082646	0.01312833012	0.01275889453	0.01323144958	0.01260072416	0.003672689272	0.002949080169	0.6222728083	0.6553048954	1.031221964	0.01398946816	0.01320201271	0.003870465466	0.003241481669	0.003377208998	0.003652841323	0.003039016691	0.2098602181	0.1442027213	0.2017512971	0.1987309058	0.004986115087	0.08642304377	0.08738786628	-0.1387935245	-0.1386503031	-0.1384528208	-0.1384984566	0.09256892842	0.05584171288	-0.01223161243	0.05969320111	0.6960674402	0.09272546377	-0.1373677695	0.3583396195	0.02248453914	-0.08145610403	0.004991755627	-0.02494802187	0.003205333624	-0.0261302469	-0.08096862329	-0.0812805408	0.2251011232	-0.08128321435	-0.08234159147	0.01092230641	0.003262594751	0.004076143528	-0.08171845534	-0.02282987506	-0.02223043504	-0.0216742195	-0.02261442943	-0.0223337055	-0.02189338097	-0.1387512623	0.092523261	0.092523261	0.092523261	0.00230812925	0.002648272637	-0.0813097909	0.09237528266	0.002628099633	0.4462524946	0.3392278738	-0.1373954935	-0.1377211884	0.003337480401	-0.1371562271	-0.1383448264	0.3560721311	0.0920958984	-0.08126897367	-0.1385511983	-0.1395829112	-0.08180764977	-0.1377335414	-0.1380102011	-0.1389278328	-0.08200027573	-0.08167848935	-0.1395731336	-0.08048653085	-0.1396910854	-0.1384082703	0.334966942	-0.1375312063	-0.135434039	-0.1383762972	-0.0806425468	-0.1369402377	0.2188905131	-0.1386261462	-0.0813166542	-0.1377291514	-0.08033800224	-0.07842695426	0.1103645582	0.2180217918	0.1291822824	0.1539511645	0.1252079829	0.2060801362	-0.1385097376	-0.1368422827	-0.1387045452	0.07141287283	-0.1377747612	-0.1390154469	0.3364892212	-0.1349017938	-0.1379846167	-0.1391049516	-0.1374203422	0.1292891993	-0.1368650094	0.2136531999	-0.1368504594	-0.08067276304	0.1995193284	0.1257595303	-0.1372688329	0.1673178207	-0.1395361726	0.2091075169	-0.1386155668	0.3351643797	-0.1392632087	-0.1374657132	-0.1383553904	-0.1393030595	-0.1384344708	-0.13829434	-0.1363203295	-0.1390562507	-0.08027322338	-0.1363867559	-0.1389665241	-0.1386696726	-0.1386509404	0.1622569805	-0.1325318004	0.1055637356	-0.07993203253	-0.1384299908	-0.07896186998	0.2079920377	0.1430036758	-0.1373493033	-0.08024600948	0.1416700959	-0.1361501603	-0.1357175652	-0.1146365875	-0.1361245889	-0.07073856728	-0.1374701266	-0.1385397118	-0.0793256719	-0.08110421052	0.3583085417	-0.07961734029	0.06324745393	0.3507915196	-0.1348700371	-0.1363763642	-0.1371583192	0.3571283982	0.2216777729	-0.08101259271	-0.08055793259	-0.08085085062	0.35127188	-0.08088138418	-0.08151547503	-0.1381800944	-0.07951380008	0.300614396	0.1820685022	-0.08050590215	-0.1394826409	-0.1385843445	-0.1379749649	0.2066102027	-0.1379653261	-0.1367517258	-0.1367856218	-0.08046819053	-0.08095614241	-0.1388522158	-0.1385179672	-0.1364057509	-0.08234380485	-0.1375421481	-0.1388070851	-0.139491698	-0.1383595829
-0.01157739843	-0.01138803708	0.01672412406	0.01779371177	-0.04675593751	0.03651881564	0.06633075754	0.02376464347	0.06573028203	0.06634255008	0.06672388217	0.2678373429	-0.01080741301	-0.008554376607	0.2674848971	0.2675230564	0.2676768761	0.2681800757	0.03692488355	0.03627516277	0.01949634504	0.01594502411	0.01398946816	0.2784689322	0.2679661745	0.03463113582	0.03590426133	0.03617585361	0.03681207537	0.03538306104	0.01678915082	0.02843881068	0.02076580166	0.02359593457	0.03520332564	0.06598890365	0.06636326096	-0.04566122887	-0.04606601775	-0.04642346658	-0.04645308065	0.04855879336	0.03241063167	0.02912652405	0.03835649092	-0.001717144969	0.0487153287	-0.04593528923	0.004563165715	0.04849249973	-0.01201131518	0.03653138503	0.01815844826	0.03622870272	0.01822566898	-0.01106923418	-0.01053915615	0.03768168794	-0.009439217892	-0.01180988301	0.03586491534	0.03654846491	0.03587672808	-0.01113974148	0.01734691185	0.01767462197	0.01812595616	0.01850886163	0.01693903216	0.01697176184	-0.04657002134	0.04851312593	0.04851312593	0.04851312593	0.03504374664	0.03461546501	-0.0114574072	0.04768582284	0.03551560378	0.004294782831	0.0114646528	-0.04670876701	-0.04504349304	0.03607309779	-0.04694012269	-0.04730206097	0.004162447582	0.04794989838	-0.011939961	-0.0465218441	-0.04724133674	-0.01222699597	-0.0454324573	-0.04596482509	-0.04707407769	-0.01101396702	-0.01191496519	-0.04888640712	-0.01221752114	-0.04674166011	-0.04722508946	0.0118122344	-0.04623856079	-0.04533777776	-0.04692138639	-0.01128661749	-0.04630051659	0.01302442816	-0.04658077021	-0.01318350944	-0.0464575301	-0.0119546287	-0.01151659406	-0.02661799697	0.01677496279	0.004846703296	0.004875347054	0.01924108872	0.01460862206	-0.04769890356	-0.04593083175	-0.04761022388	0.03723394221	-0.04708803475	-0.04662550324	0.01356352984	-0.04542311174	-0.04797721492	-0.04648301213	-0.04551083119	-0.02351136857	-0.04583274171	0.017433374	-0.04768953914	-0.01090923888	0.01430471595	-0.02399433018	-0.04821248582	0.004396595808	-0.04749079662	0.01084986922	-0.04792884031	0.01241213999	-0.04721783272	-0.04618047108	-0.04717220956	-0.04794155877	-0.04829120411	-0.05005318259	-0.04826246158	-0.0479619293	-0.01431391782	-0.04746627371	-0.0468476695	-0.04635256673	-0.04828294916	0.001790075158	-0.04448482736	-0.02907066302	-0.01036012921	-0.04683921507	-0.009144637062	0.02957836325	0.007391305844	-0.04842882116	-0.01170526987	0.006872915638	-0.04804486789	-0.05005784182	-0.04067278559	-0.04801929644	-0.005621109579	-0.04737386527	-0.04649433584	-0.01232687131	-0.01061992663	0.004784500562	-0.01107660068	0.04817549324	0.003995448106	-0.04638406641	-0.04564652147	-0.04864543188	0.004209431723	0.02355342663	-0.0106362382	-0.01079440843	-0.01154192672	0.001772608647	-0.01215863681	-0.01134435602	-0.04686104858	-0.009353879629	-0.009046287134	0.005872246274	-0.01087824293	-0.04798072472	-0.04691975747	-0.04825531482	0.012423953	-0.0478220594	-0.04616776058	-0.04569130045	-0.01026118266	-0.01255126776	-0.04860688786	-0.04718814665	-0.04585488934	-0.01100117107	-0.04866909047	-0.04722505985	-0.04798978184	-0.04655283317
-0.01024420709	-0.01059830554	0.01760357774	0.01867316545	-0.04555861112	0.03690095233	0.06671289423	0.02360332036	0.06597655377	0.06713228162	0.06615496421	0.2690346693	-0.01083287117	-0.009713810034	0.2678670338	0.2684486528	0.2692817973	0.2686980773	0.03590222793	0.03633942675	0.01906329203	0.01573755819	0.01320201271	0.2679661745	0.2767719381	0.03591818435	0.03596852531	0.03596838768	0.03660460945	0.03531146007	0.01513331326	0.02800575767	0.02033274865	0.02316095894	0.03662623912	0.06650690529	0.0660660729	-0.04541495713	-0.04586845232	-0.04563373504	-0.04492256164	0.04821546248	0.03224930856	0.03041357258	0.03765170801	-0.00205470799	0.04823613288	-0.04582488244	0.004219834842	0.04910022351	-0.01081398879	0.03557019212	0.01659233283	0.03642883165	0.01747474325	-0.01068709749	-0.01015701946	0.03733835707	-0.009464676052	-0.01047669167	0.03597532213	0.03647686393	0.0358051271	-0.01116519964	0.01822636553	0.0186899406	0.01832608508	0.01884485551	0.01727502604	0.01826138601	-0.04578028979	0.04803393011	0.04803393011	0.04803393011	0.03524387557	0.03495145889	-0.01066767566	0.04720662702	0.03653092241	0.004427620156	0.01220824153	-0.04572805549	-0.0450689512	0.03668082157	-0.0468297159	-0.04637646448	0.003773614768	0.04747070255	-0.01210128411	-0.04654730226	-0.0461798753	-0.01198072422	-0.04572964536	-0.04680547295	-0.04646726676	-0.01076769528	-0.01153282849	-0.04714562093	-0.01237884425	-0.04744644302	-0.04657122287	0.01146890352	-0.0463998839	-0.04658602047	-0.04749030435	-0.0111762107	-0.04659512901	0.01213763749	-0.04660622837	-0.01239377789	-0.04689058311	-0.01217712323	-0.01127032231	-0.0284558423	0.01602403707	0.00341645282	0.003445096579	0.01699564854	0.01385769633	-0.04636571222	-0.04541283011	-0.04614116759	0.03748021395	-0.04724935786	-0.04651509645	0.0130366847	-0.04694308435	-0.04691575348	-0.04637260534	-0.04625919343	-0.02494161905	-0.04626579472	0.01709004313	-0.04667422051	-0.01147815684	0.01464070983	-0.02479231157	-0.04674342952	0.002558750482	-0.04765211973	0.01023480844	-0.04659564897	0.01166121426	-0.04697156098	-0.04647765914	-0.04679007287	-0.04728769218	-0.04777320247	-0.04844826135	-0.04760859499	-0.04717219776	-0.01257313163	-0.04654067722	-0.04692018333	-0.04624215993	-0.04613456812	8.809478223e-05	-0.04586893502	-0.03118023825	-0.01011385747	-0.04700053818	-0.01028969932	0.02837086439	0.005417595567	-0.04682389992	-0.01159486308	0.004763340411	-0.0473910013	-0.04763773087	-0.0434725804	-0.0466861051	-0.008547381013	-0.04631240382	-0.0473349837	-0.01112954491	-0.0102848456	0.004848764539	-0.01083032894	0.04679138558	0.003876791467	-0.04681711942	-0.04682007066	-0.04690464569	0.003866100849	0.02117019888	-0.01038996646	-0.01177092124	-0.01211084468	0.001429277773	-0.01209437283	-0.01191327398	-0.04607131704	-0.01033039244	-0.009417816393	0.004170265898	-0.01076783614	-0.04732685813	-0.04667348573	-0.04705798843	0.01180889223	-0.04757578766	-0.04632908369	-0.04639608337	-0.01123769547	-0.01271259087	-0.04740956147	-0.04692746785	-0.04547275265	-0.01111122439	-0.04815108882	-0.04629946336	-0.04733591525	-0.04752934598
-0.07800601428	-0.07917530243	0.0919565085	0.08799909305	-0.0327186991	-0.02067098359	0.04759073923	0.00502462516	0.04712612867	0.04773839672	0.04730453911	0.03592521764	-0.07886640826	-0.0786349554	0.03502931206	0.03574679607	0.03562888591	0.03463757105	0.2356085574	0.2355522468	0.000205176459	0.003408650702	0.003870465466	0.03463113582	0.03591818435	0.2591791283	0.2426539176	0.2429255099	0.2414849388	0.2422685823	-0.003309516992	0.002907485784	-0.003001219807	-0.002482713672	0.24711585	0.04819993999	0.04789497255	-0.03274471377	-0.03346993886	-0.03242003188	-0.03180571914	0.04920132012	-0.002322446478	0.1065327477	0.001002974431	-0.006666229957	0.04908612556	-0.03329050404	-0.001451690086	0.06938469927	-0.07748887637	0.2355187337	0.08864901776	0.2355917013	0.08951796986	-0.07912822943	-0.07927747615	0.02718328878	-0.07853877124	-0.07823849886	-0.02123896929	0.2355876227	0.235425542	-0.07824768207	0.08758999728	0.08733654345	0.08827218093	0.08640647968	0.08867663205	0.08839992767	-0.03202312684	0.04888392279	0.04888392279	0.04888392279	0.2196634378	0.2193549993	-0.0774784282	0.04900767435	0.2364230949	0.001676550786	0.005857391846	-0.03224262243	-0.03321389755	0.2354860468	-0.03212149829	-0.03275516647	-0.002007499341	0.04900001999	-0.07999895625	-0.03319773416	-0.03276591623	-0.08006421166	-0.03319526696	-0.03359176979	-0.03425456861	-0.08006283548	-0.07943050063	-0.02917664451	-0.07674402768	-0.03396100996	-0.03349338466	0.005384656766	-0.03332204569	-0.03436219052	-0.03482006099	-0.07934561274	-0.03284054169	-0.001278189603	-0.03428333786	-0.07784588093	-0.03322186055	-0.08012202462	-0.0774017501	-0.01306829994	-0.0003808189312	-0.01950992079	-0.02151925128	-0.02535941295	-0.001596105013	-0.03318725705	-0.03382950636	-0.03306332938	0.01007029698	-0.03457911451	-0.0333013933	0.006227638973	-0.03293352499	-0.03057715647	-0.03339162779	-0.03358895007	-0.0149886747	-0.03400314622	5.862381722e-06	-0.02775418944	-0.07529988047	-0.001220686368	-0.01660561157	-0.02945377786	-0.01683513442	-0.03408077207	-0.0007296816916	-0.03066464681	0.006127495211	-0.03443718258	-0.03445293682	-0.03507088416	-0.03380225912	-0.03075528071	-0.03115860969	-0.02732991442	-0.03130784633	-0.07707418001	-0.02897929566	-0.03384234512	-0.03149869434	-0.03360018971	-0.01699608597	-0.03297419101	-0.01300169656	-0.07882671931	-0.03419442988	-0.07837318675	0.01998204046	-0.01397628933	-0.02776800391	-0.07623177642	-0.02210311675	-0.02928615993	-0.02735905031	-0.02775242526	-0.02749434413	-0.07591841093	-0.03364216047	-0.0342571455	-0.07413607884	-0.08008462704	-0.00150208514	-0.07397272782	-0.01200333489	-7.975890005e-05	-0.03197303686	-0.03347306604	-0.02866393937	-0.001397829228	0.02038981217	-0.08059734276	-0.07667956447	-0.08082370652	-0.005540013778	-0.07578023151	-0.07858816157	-0.03331515908	-0.07952232311	-0.01211547467	-0.01862024276	-0.07988249765	-0.03098826112	-0.03468256712	-0.02827382231	-0.003237314265	-0.03341102985	-0.03384193453	-0.03291065031	-0.08035815216	-0.0762625846	-0.03229278469	-0.03412004011	-0.03022107524	-0.08069054572	-0.02950278766	-0.03362922001	-0.03058972339	-0.03363631807
-0.07646115887	-0.07722285217	0.09119165976	0.08804943401	-0.03093591751	-0.02048477769	0.04682589048	0.004048929391	0.04771992942	0.04765287272	0.04667555531	0.0362472885	-0.0771856879	-0.07715354637	0.03562311282	0.03634059683	0.03690201142	0.03509550686	0.2382832371	0.2392709414	-0.0008314021885	0.002643801955	0.003241481669	0.03590426133	0.03596852531	0.2426539176	0.2516713453	0.2446062302	0.243709119	0.2434058428	-0.00434609564	-0.000304872995	-0.004037798455	-0.00379102222	0.2418674579	0.048114416	0.0476735836	-0.03147158827	-0.03178921851	-0.03128277132	-0.0307299213	0.04680609197	-0.002272105524	0.1010126257	0.002819559739	-0.01015414556	0.04682676236	-0.03133805378	-0.003846918236	0.06779886563	-0.07730267047	0.238711974	0.09118783254	0.2379517464	0.09119869022	-0.07853442867	-0.07841194549	0.02505979053	-0.07771960209	-0.07696537335	-0.02105276339	0.2369628095	0.2362910726	-0.07697455656	0.08791206813	0.08765861431	0.08832252188	0.08767766426	0.08886283795	0.08899372843	-0.03142932608	0.04662455959	0.04662455959	0.04662455959	0.2211922714	0.2211715847	-0.07756395219	0.04674831115	0.2379679226	-0.001941461917	0.002918703895	-0.03164882168	-0.03112558234	0.2373026321	-0.03179942743	-0.03188963582	-0.004312364482	0.04660479184	-0.07791064104	-0.0312452839	-0.03217211547	-0.07851935625	-0.0312428167	-0.03191104944	-0.0316227936	-0.07783865532	-0.07734218542	-0.03184360256	-0.07723714653	-0.03255201951	-0.03194852926	0.002717698716	-0.03082613563	-0.03227387531	-0.03286761073	-0.07820835218	-0.03129568628	-0.002994093002	-0.03239112961	-0.07847486472	-0.03158856475	-0.07946705244	-0.07762313904	-0.01505593324	-0.002504317181	-0.02081822934	-0.02214823508	-0.02761877615	-0.004263063064	-0.03150653669	-0.0316053262	-0.03165433893	0.01012063794	-0.0330342591	-0.03216413274	0.003744167464	-0.03115346941	-0.03202132997	-0.03157504249	-0.03150063487	-0.0148024688	-0.03205069596	-0.002117635868	-0.03069287739	-0.07687991892	-0.003208319667	-0.01709873042	-0.03116968126	-0.01759998317	-0.03240005171	-0.002587217892	-0.03102190071	0.003594461183	-0.03234886737	-0.03171910058	-0.032846704	-0.03198567381	-0.03152012946	-0.03178759348	-0.03135552198	-0.03166510023	-0.07879008341	-0.03164625371	-0.03148230002	-0.03189119622	-0.03300638896	-0.01762506976	-0.0314293356	-0.01417414015	-0.07728186391	-0.03183438477	-0.07737179115	0.01894546181	-0.01433354323	-0.03043496196	-0.07781181486	-0.0234114253	-0.03290417264	-0.03179225271	-0.0284384467	-0.03084062693	-0.07536992109	-0.03264076486	-0.03189710039	-0.07734649669	-0.07758871699	-0.003761448339	-0.07650382092	-0.01045847949	-0.002831312108	-0.03083577631	-0.03164017038	-0.03173849228	-0.003846249787	0.01935323352	-0.0783731626	-0.07635749362	-0.07900712121	-0.007457151113	-0.07790372976	-0.07813022576	-0.03027578923	-0.0777057378	-0.0145141596	-0.01856990181	-0.07915862713	-0.03175310987	-0.03286598182	-0.03107664531	-0.005904272316	-0.03213790435	-0.03121015952	-0.0319092547	-0.07751745275	-0.07757089314	-0.0321403825	-0.03182145771	-0.03112178894	-0.07855096072	-0.03257734056	-0.0318126347	-0.03230562678	-0.03181973276
-0.0780916759	-0.07722298979	0.09159911698	0.08818516134	-0.03120778503	-0.02130010501	0.04804853741	0.00398790889	0.0482632516	0.0481961949	0.04708301254	0.03638301583	-0.07732169048	-0.07668264277	0.03630229995	0.0360687293	0.03622254905	0.03550296409	0.23806132	0.2381838842	-0.0002880800094	0.002507799383	0.003377208998	0.03617585361	0.03596838768	0.2429255099	0.2446062302	0.2519427999	0.2437089814	0.2431339753	-0.004210368311	0.000102584234	-0.003902071127	-0.003791159841	0.2422749151	0.04852187323	0.04794517588	-0.03201518569	-0.03178935613	-0.031147044	-0.0307076005	0.04762114405	-0.002582977338	0.1019635427	0.003091152018	-0.009333325629	0.04750594949	-0.0318816512	-0.003575325957	0.06929324246	-0.07716694314	0.2372787846	0.09064423512	0.2386808839	0.09106268765	-0.07853456629	-0.07759689341	0.02560311271	-0.07717627991	-0.07737310582	-0.02168227541	0.2369626719	0.2369702598	-0.07697469419	0.08804779546	0.08765847668	0.08882683977	0.08754166169	0.08831924053	0.08885772586	-0.03238051836	0.04730374672	0.04730374672	0.04730374672	0.2210722907	0.2203562573	-0.07729235991	0.04756336323	0.23783192	-0.0009905448866	0.004005485875	-0.0313772294	-0.03180504472	0.2370307645	-0.03112024031	-0.03175390849	-0.003859405312	0.04741984392	-0.07872596836	-0.03165301637	-0.03244398299	-0.07874127343	-0.03165054917	-0.03109599736	-0.03225230562	-0.07851811769	-0.07761405295	-0.03116441543	-0.0773731491	-0.03255215713	-0.03181280193	0.004076210596	-0.03164146296	-0.03186641808	-0.03218842361	-0.07780089495	-0.03143168885	-0.003130095574	-0.03219516027	-0.0783391374	-0.03181300771	-0.07905959521	-0.07816673647	-0.01505607086	-0.001689265101	-0.02163355666	-0.0229635624	-0.02829823852	-0.003855605835	-0.03205013411	-0.03174132877	-0.0317903415	0.01039223021	-0.03303439672	-0.03216427036	0.004695084494	-0.03142533693	-0.03188560264	-0.03175004935	-0.03177250239	-0.01561779612	-0.03137150883	-0.001710178639	-0.03123647482	-0.07728765139	-0.003344322239	-0.01777819279	-0.03130568383	-0.01841531049	-0.03262196889	-0.002315625614	-0.03142963318	0.004001918412	-0.03234900499	-0.0328061578	-0.03284684163	-0.03239340629	-0.03179199698	-0.03233119091	-0.03067633485	-0.03193696775	-0.07892608598	-0.03123879648	-0.03161830259	-0.0320271988	-0.03368585133	-0.01830453214	-0.03197293303	-0.01431014273	-0.07741786648	-0.03156279249	-0.07772957327	0.01840186439	-0.01487714065	-0.03057096453	-0.07781195249	-0.02395502272	-0.03127393086	-0.03165652538	-0.02803098947	-0.0309766295	-0.07523419376	-0.03264090249	-0.03244069781	-0.07748249927	-0.07799644946	-0.003489856061	-0.07582463379	-0.009779292357	-0.002287989929	-0.03029245413	-0.0321837678	-0.0320103598	-0.003521465099	0.0193530959	-0.07959608477	-0.07635763124	-0.07900725883	-0.007321423784	-0.07763213748	-0.07785863348	-0.0307694363	-0.07824933522	-0.01397083742	-0.01979282398	-0.0792946297	-0.03134565264	-0.03218679469	-0.03094091798	-0.005632680037	-0.03145871722	-0.03188962189	-0.03231698718	-0.07874037492	-0.07757103077	-0.03227638507	-0.03279710187	-0.03044260181	-0.07936628805	-0.03189815343	-0.03249209707	-0.03203403451	-0.03290678999
-0.07749427269	-0.07730491133	0.09056614079	0.0880061934	-0.03183316637	-0.02083856675	0.04691851482	0.003808940956	0.04777373521	0.04757081356	0.04686522605	0.03677202966	-0.0769714952	-0.07691681996	0.03614785398	0.03659360809	0.03699463576	0.03670716762	0.237257169	0.2379660977	-0.001146372695	0.003148447065	0.003652841323	0.03681207537	0.03660460945	0.2414849388	0.243709119	0.2437089814	0.2534248532	0.2418292692	-0.003710011495	5.94812493e-05	-0.004352768962	-0.003698397876	0.2416495338	0.04803235683	0.04799911929	-0.03223297218	-0.0315263195	-0.03269895802	-0.0314298425	0.04839323076	-0.002218299737	0.09997951187	0.003713077194	-0.008702871715	0.04827803621	-0.03209943769	-0.00253150934	0.06798853637	-0.07711299973	0.2389876294	0.09038354391	0.2379441596	0.09138836095	-0.07902408269	-0.0777526262	0.02583616554	-0.0771223365	-0.0778581963	-0.02094900725	0.2368807503	0.2366166083	-0.07841526523	0.08810173887	0.08784828504	0.08824046272	0.08827492985	0.08837318394	0.08796061461	-0.03205484505	0.04807583344	0.04807583344	0.04807583344	0.221262099	0.2203213412	-0.0766949567	0.0484713149	0.2374782686	-0.000897782921	0.004234112791	-0.03089116917	-0.03147937141	0.2372205729	-0.03253628938	-0.03167544311	-0.002815588695	0.04832779559	-0.07921548476	-0.0318462809	-0.03279763443	-0.07936665477	-0.03159660577	-0.03240070345	-0.0320154416	-0.07858894822	-0.07851116419	-0.03274085143	-0.07759093559	-0.03263407867	-0.03284577812	0.004304837512	-0.03142713263	-0.03193724861	-0.03238168813	-0.07842627629	-0.03192120525	-0.002086278957	-0.03247318877	-0.07921172667	-0.03085543421	-0.07832632705	-0.07768067624	-0.01523503879	-0.001499456742	-0.02110867788	-0.02246320559	-0.02820547656	-0.002811789217	-0.0319961907	-0.03209498021	-0.03279879572	0.01058203857	-0.03284458836	-0.03278965171	0.00492371141	-0.03053168186	-0.03291857883	-0.03206027059	-0.03128644216	-0.01542798776	-0.03193483647	-0.00152037028	-0.03139220761	-0.07764130284	-0.002028775721	-0.01763837516	-0.03229984147	-0.01723562892	-0.03243216053	-0.001543538897	-0.03300606917	0.004774005129	-0.03243092653	-0.03193702469	-0.03211357347	-0.03369811238	-0.03173805357	-0.0330924372	-0.03207808733	-0.03133956454	-0.07968733228	-0.03145658297	-0.03192489836	-0.03235632827	-0.0326563313	-0.01777965335	-0.03081017709	-0.01476084056	-0.077611131	-0.03162019206	-0.07655602577	0.01935687172	-0.01478437869	-0.03146807577	-0.07816560393	-0.02383773879	-0.0327145019	-0.03255363662	-0.02630342218	-0.0320096057	-0.07368249781	-0.03299455393	-0.03249809739	-0.07806906205	-0.07857477514	-0.002310174493	-0.07706599936	-0.01038015173	-0.001384252389	-0.03019209582	-0.03065727071	-0.03236401124	-0.002666705842	0.02090155376	-0.07913454651	-0.07684714763	-0.07824946871	-0.006483968082	-0.07744232912	-0.07848401483	-0.03123443072	-0.07751606706	-0.01345186157	-0.01915660221	-0.07910482134	-0.03183516903	-0.03261425738	-0.03238148903	-0.005132323221	-0.03249169341	-0.03102048878	-0.03047227745	-0.07800268085	-0.07844362004	-0.03303763137	-0.0324243729	-0.0309321182	-0.07876888484	-0.03265939972	-0.03243815366	-0.03331421863	-0.03163006203
-0.07643889936	-0.07638540295	0.09216497392	0.08915861312	-0.03037019819	-0.02086306343	0.04713873197	0.004614648704	0.04597594458	0.04631648273	0.04669781482	0.03545435831	-0.07689169849	-0.07747543534	0.03632469708	0.03568353159	0.03624494618	0.03511776637	0.2377191321	0.2376628215	-0.0006732777257	0.002004852043	0.003039016691	0.03538306104	0.03531146007	0.2422685823	0.2434058428	0.2431339753	0.2418292692	0.2510365395	-0.004867295928	-0.0002826134823	-0.004423133793	-0.003768762707	0.2416179875	0.04691389096	0.04674478846	-0.03090586895	-0.03258214869	-0.03139637676	-0.03041347346	0.04696421643	-0.002968175055	0.1013066151	0.002724806376	-0.009860156148	0.04684902187	-0.03158752417	-0.003688793773	0.06809285504	-0.07619349136	0.236485992	0.09103132238	0.2377022761	0.09108508478	-0.07701765471	-0.07798209113	0.02521791499	-0.07620282812	-0.07667138394	-0.02089463892	0.2386154484	0.2375361167	-0.07640883725	0.08902124725	0.08931125322	0.08912096681	0.08987376298	0.08956442222	0.09023877249	-0.03018428202	0.04664681911	0.04664681911	0.04664681911	0.2216381476	0.2220560393	-0.07699823288	0.04677057067	0.238397777	-0.001647472503	0.002533368557	-0.03013204771	-0.03069572798	0.2382759462	-0.03028265347	-0.0313239165	-0.004154240019	0.0467629163	-0.07856770628	-0.03081542954	-0.03133466626	-0.07917642149	-0.03149228709	-0.03080187032	-0.03200812894	-0.07890331541	-0.07759165581	-0.0316854781	-0.07735075197	-0.03225803009	-0.03111108004	0.002739958228	-0.03132922059	-0.03157229105	-0.03216602647	-0.07818609267	-0.03140929172	-0.00337942834	-0.03217276314	-0.07858847016	-0.03138301573	-0.07950596435	-0.07787260943	-0.01503367372	-0.002210327768	-0.02133942962	-0.02307703022	-0.02854757129	-0.004240803551	-0.03121254728	-0.03171893164	-0.03068102476	0.0100070325	-0.03260440474	-0.03187014333	0.003494697076	-0.03235399445	-0.03172734055	-0.03104832747	-0.03175010525	-0.01450847938	-0.03202843645	-0.001959511405	-0.03121407768	-0.07699352436	-0.003321925105	-0.01802752556	-0.0310115568	-0.01920810306	-0.0321060623	-0.00270082333	-0.03086377624	0.003209125845	-0.0324624728	-0.03210443591	-0.03323203934	-0.0319634143	-0.03163373489	-0.03244465872	-0.03146912741	-0.03177870567	-0.0787678239	-0.03108053439	-0.03159590545	-0.03241239651	-0.03176134489	-0.01896145975	-0.03330918539	-0.01442361054	-0.07793892914	-0.03249145001	-0.07830058629	0.01815253162	-0.01526233837	-0.03014097254	-0.0781971502	-0.02352503074	-0.03233845332	-0.03163412825	-0.02828032224	-0.03109009732	-0.07670307299	-0.03180331565	-0.03228243573	-0.07759596708	-0.07743059252	-0.003467458926	-0.0764815614	-0.01030035502	-0.002045132687	-0.03176457145	-0.03163165773	-0.03171623276	-0.003416395424	0.01896789818	-0.07848676803	-0.07633523411	-0.07883014467	-0.007233657664	-0.07788147025	-0.0774286415	-0.03079698951	-0.07809107314	-0.01466358675	-0.02017093869	-0.07777771811	-0.03173085036	-0.03162093775	-0.0310543858	-0.005882012803	-0.03141820476	-0.03159549486	-0.03215872509	-0.07933449704	-0.07768449858	-0.03075947349	-0.03241706024	-0.0306730825	-0.07898756585	-0.0318757563	-0.03165451024	-0.03228336727	-0.0319333382
-0.05116185424	-0.04988557329	-0.04743846415	-0.0527545291	-0.1137851133	-0.02488033076	0.04984334327	0.1785875158	0.05005805746	0.04985513581	0.04887781839	0.0147327517	-0.05093532863	-0.04919548826	0.01505963067	0.01536951983	0.01538747462	0.01589067421	-0.005141668119	-0.004111059149	0.1950774016	0.2062574877	0.2098602181	0.01678915082	0.01513331326	-0.003309516992	-0.00434609564	-0.004210368311	-0.003710011495	-0.004867295928	0.9270031383	0.4207690317	0.5942410462	0.5918693435	-0.002465597272	0.04977321928	0.05055517144	-0.1141849191	-0.1139103832	-0.1145395619	-0.1143328441	0.06020884738	-0.002107816692	-0.04128585187	0.004809659331	0.3452450428	0.06022951777	-0.1139155196	0.2782967087	-0.01009383033	-0.05010125654	-0.003893008469	-0.04793124328	-0.004886794295	-0.04729556874	-0.05037736562	-0.05032869369	0.2594552536	-0.05105705349	-0.05112260892	-0.02667110101	-0.005060541564	-0.004645358792	-0.05018073749	-0.05194084032	-0.0528736189	-0.05207384637	-0.0532621638	-0.05262044991	-0.05235369448	-0.1150937115	0.06016317996	0.06016317996	0.06016317996	-0.00573404832	-0.005906621859	-0.05049840321	0.06001520161	-0.005006483086	0.3661277739	0.3565422464	-0.1140096727	-0.1154097262	-0.004992448879	-0.1142410283	-0.1139236419	0.2784368869	0.06027927715	-0.05152441681	-0.11327929	-0.1139987826	-0.05112251097	-0.1134461388	-0.115303705	-0.1155453044	-0.05127774758	-0.0517711509	-0.1141493385	-0.0503074625	-0.1148577555	-0.1147381586	0.3489895822	-0.1140829262	-0.112714982	-0.1150374817	-0.04937655885	-0.114144882	0.161626352	-0.1155876782	-0.05168104565	-0.1143018956	-0.05031170549	-0.05028586016	0.07573027741	0.1585836391	0.120913157	0.1413852903	0.1325944241	0.146635022	-0.1148043779	-0.114318657	-0.1149874281	0.03916281427	-0.1149324002	-0.1144698687	0.3477093264	-0.1122421887	-0.1147346608	-0.115103563	-0.1139756869	0.09568415963	-0.1130715937	0.1513768349	-0.1125289648	-0.05006046495	0.1456517911	0.08977364961	-0.1129319574	0.1486508413	-0.1152492475	0.1466804878	-0.1155014759	0.3468805201	-0.1135676837	-0.1149758912	-0.1135220606	-0.1153783294	-0.1146410551	-0.1149085191	-0.1129800106	-0.1159421597	-0.05118107463	-0.1134085299	-0.1138768453	-0.1137893373	-0.1157197198	0.1482426284	-0.1118620316	0.07158506733	-0.04980872008	-0.1150911754	-0.04905077312	0.1636510688	0.12800505	-0.1138276175	-0.04925175143	0.1257204154	-0.1145305838	-0.113146934	-0.1004649247	-0.1136898227	-0.04355313512	-0.1146747709	-0.1146104312	-0.04851470336	-0.05006851749	0.2786918172	-0.04835135234	0.02074258441	0.2741054986	-0.1120880438	-0.1136557021	-0.1135007684	0.2778897823	0.1842473311	-0.05110065979	-0.05092232404	-0.05071878768	0.2748877098	-0.05070231583	-0.05078835241	-0.1142453557	-0.05016111999	0.3382978605	0.160180498	-0.05181555306	-0.1151457654	-0.1151096641	-0.1144693009	0.1478675818	-0.1148512352	-0.113001505	-0.1140791257	-0.04987716694	-0.05077707406	-0.1152613082	-0.115120634	-0.1138351198	-0.05165472778	-0.113660292	-0.1152052903	-0.1146113627	-0.1147023796
-0.02967035156	-0.02825820566	-0.04135926725	-0.04993609101	-0.09134255594	-0.02369227207	0.04239561155	0.1276034336	0.04315378554	0.04254326904	0.04183768153	0.02665800492	-0.02930796099	-0.028430366	0.02779621013	0.02797023434	0.02730886438	0.02740446912	-0.0005070353236	0.0002018933961	0.1383869915	0.1441324796	0.1442027213	0.02843881068	0.02800575767	0.002907485784	-0.000304872995	0.000102584234	5.94812493e-05	-0.0002826134823	0.4207690317	0.6634486734	0.4180415163	0.406438527	0.002798409925	0.04286894736	0.04283570982	-0.09201409165	-0.09201128568	-0.09223286956	-0.09168001953	0.06357074527	-0.009827278311	-0.02963619202	0.01129645108	0.2231779567	0.06345555072	-0.09147296231	0.1923953343	-0.007275392239	-0.02860975386	0.0002790131822	-0.04208532394	-0.0003880264499	-0.04148810174	-0.02874999799	-0.02910892091	0.1804066931	-0.02924745941	-0.02976697119	-0.02421030742	-0.0008834539687	-0.0003324062466	-0.0292326946	-0.04898653728	-0.04937585606	-0.04884781343	-0.04976440095	-0.04980201182	-0.04872006669	-0.09197182946	0.0633892129	0.0633892129	0.0633892129	-0.001421095774	-0.0009143445625	-0.02859930568	0.06283363971	-1.226486154e-05	0.23946371	0.2418375025	-0.09183884523	-0.09207568057	-0.0004077664326	-0.09111914626	-0.0918886794	0.1919465508	0.06323358019	-0.03030464403	-0.09110846253	-0.09189942915	-0.02936889444	-0.09130142669	-0.09326874252	-0.09339769759	-0.03073729955	-0.03055137812	-0.09102745644	-0.02732144537	-0.09336625279	-0.09167584294	0.2384966518	-0.09256502327	-0.09019612608	-0.09273078936	-0.02842851597	-0.09170232471	0.118250707	-0.09287339098	-0.02923848831	-0.09208364357	-0.02969656393	-0.02729984303	0.07303781895	0.1104527209	0.1210142961	0.1258619602	0.1392766472	0.1157589524	-0.09201379209	-0.09174023473	-0.0926005737	0.01956353557	-0.09316916763	-0.09229904127	0.2384411215	-0.08952790144	-0.09079758899	-0.09334033042	-0.0916951098	0.06486765647	-0.09158009098	0.1031100517	-0.08804843322	-0.02625925811	0.1149115865	0.07262540117	-0.08953834544	0.1302743471	-0.09289260474	0.1149892285	-0.09210786389	0.2376103743	-0.092212046	-0.09375611841	-0.09148709808	-0.093071637	-0.09070398333	-0.09110731231	-0.08999591605	-0.09241268278	-0.0281950575	-0.08811280858	-0.0920248034	-0.09039572535	-0.09300543254	0.1321758384	-0.08961490559	0.06976996319	-0.02858894729	-0.09264861805	-0.02816224454	0.117782799	0.1248454302	-0.08961881583	-0.02640159925	0.1237835802	-0.09005005226	-0.08893813233	-0.0766732962	-0.09056794061	-0.02254933634	-0.09128115894	-0.09230373882	-0.02484936148	-0.02943926017	0.1893912556	-0.0256370651	0.02478380705	0.1877494736	-0.08980746669	-0.09200106546	-0.0894278317	0.1906829508	0.1280984581	-0.03001675196	-0.02834390176	-0.02990660975	0.190218733	-0.02785216364	-0.02861752498	-0.09232242312	-0.02942041604	0.2224237766	0.1178988557	-0.03032405038	-0.09202388335	-0.09266710674	-0.08985290434	0.1198446762	-0.09240867783	-0.09184129861	-0.09122897353	-0.028957162	-0.02779105693	-0.09213942608	-0.09341596949	-0.09112083252	-0.03037647516	-0.08972322018	-0.09276273293	-0.09121775076	-0.09215007265
-0.04956027654	-0.04801226569	-0.04631497726	-0.05040825766	-0.1090062527	-0.02389270882	0.0464832868	0.1704721861	0.04574694633	0.04542674503	0.04551776192	0.01952459224	-0.04863584087	-0.04732218066	0.02014178641	0.02029722532	0.02004345021	0.02068251476	-0.004783420585	-0.003938626915	0.1965935317	0.1969193734	0.2017512971	0.02076580166	0.02033274865	-0.003001219807	-0.004037798455	-0.003902071127	-0.004352768962	-0.004423133793	0.5942410462	0.4180415163	0.9219524979	0.588645152	-0.002953904489	0.04559797311	0.04570060051	-0.1104095022	-0.1106784261	-0.1097945051	-0.1107547548	0.0544032218	-0.007505847417	-0.03810580543	0.008786310172	0.3392984252	0.05428802725	-0.1087814532	0.264882646	-0.0120952373	-0.04904313864	-0.00351030905	-0.04568238445	-0.004800276661	-0.04508516225	-0.04823692259	-0.04832411561	0.2535323483	-0.0487807455	-0.04924930132	-0.02466388877	-0.003903250958	-0.004337061607	-0.04830486639	-0.05139851739	-0.05161426707	-0.05166738839	-0.05173108206	-0.05180639707	-0.0512116223	-0.1100301411	0.05422168943	0.05422168943	0.05422168943	-0.005034178094	-0.006141784475	-0.04848923066	0.05393784614	-0.004562320951	0.3579451525	0.3393275986	-0.1099439406	-0.1104115247	-0.004412421793	-0.1097862867	-0.1096047652	0.2655662839	0.05420192167	-0.04870005456	-0.109639738	-0.1100231098	-0.04892752312	-0.1087901632	-0.1111206932	-0.1098883238	-0.049339071	-0.04949024844	-0.1096945969	-0.04936662425	-0.1110823386	-0.110283417	0.3317713008	-0.1096017843	-0.1078526455	-0.1105173711	-0.0473673863	-0.1090813116	0.1539186171	-0.1105138538	-0.05048706279	-0.1093741901	-0.04857885731	-0.05004293197	0.07060397658	0.1511476342	0.1153138923	0.1337480514	0.1277584384	0.1375686376	-0.1104669159	-0.1094563205	-0.1108044163	0.0345650216	-0.1104776586	-0.1102868569	0.3307627749	-0.108232746	-0.1116385686	-0.1099694966	-0.1096369431	0.09476967226	-0.1084809871	0.1448769329	-0.1081915028	-0.04830443699	0.1365854068	0.08288110444	-0.1103793251	0.139247358	-0.1114238802	0.1378858333	-0.1111825992	0.3297981037	-0.1099281318	-0.1102861119	-0.108931454	-0.1110594527	-0.1103221784	-0.110978652	-0.1092065163	-0.1114874181	-0.04957949693	-0.109497248	-0.1093567346	-0.1096063256	-0.1112649781	0.1358501162	-0.1085647055	0.06679266103	-0.04793541247	-0.1100276049	-0.04785093559	0.1507990511	0.1222885056	-0.1096446058	-0.04858264308	0.1198494208	-0.1104648517	-0.108809472	-0.09723873542	-0.1095068109	-0.0418496587	-0.1103558942	-0.1090687699	-0.04716627026	-0.04819520989	0.263647375	-0.04741051409	0.02213780119	0.2612348956	-0.107769167	-0.1095201149	-0.1091633064	0.2636605299	0.1725995126	-0.0488243518	-0.05027180099	-0.04925307493	0.2619517378	-0.04976147758	-0.04891963928	-0.1100123936	-0.04870151223	0.3206790673	0.1515992875	-0.05048570526	-0.1119138083	-0.1105190575	-0.1100145592	0.1396163871	-0.1102606286	-0.1088889892	-0.1093526542	-0.04800578196	-0.04917549636	-0.1106368978	-0.1108132697	-0.109652108	-0.04978142018	-0.1095945599	-0.109799494	-0.1112435407	-0.1099759081
-0.04755818551	-0.04723295921	-0.04606820103	-0.04975388658	-0.1108607693	-0.02147209338	0.04597443974	0.1674582035	0.04550982917	0.04571450238	0.04528064476	0.02303212728	-0.04824661516	-0.04658992985	0.02308727635	0.02312543561	0.02219233575	0.02296726525	-0.003449724747	-0.00409944553	0.1881599028	0.1899653073	0.1987309058	0.02359593457	0.02316095894	-0.002482713672	-0.00379102222	-0.003791159841	-0.003698397876	-0.003768762707	0.5918693435	0.406438527	0.588645152	0.9086417225	-0.002046388802	0.04617604565	0.04627867306	-0.1104453854	-0.1103067145	-0.1112076231	-0.1110623679	0.05478586299	-0.005025665571	-0.03774174955	0.01093519571	0.3294796595	0.05467066843	-0.1094966612	0.2658087469	-0.007908377509	-0.04812796721	-0.002448343113	-0.04669684511	-0.003330715874	-0.04511011592	-0.04786521096	-0.04808826893	0.2511028067	-0.04827316893	-0.04874172474	-0.02103907408	-0.003962008343	-0.004226150322	-0.04766142487	-0.0499289566	-0.05014470628	-0.0510130173	-0.05026152127	-0.05142375589	-0.05016824166	-0.1106748531	0.05460433062	0.05460433062	0.05460433062	-0.004787401859	-0.004943953588	-0.04757405923	0.05459221722	-0.004315544716	0.3569005709	0.3379403618	-0.110134274	-0.1106428393	-0.004573240408	-0.1107732246	-0.1099123783	0.2650882335	0.05458456286	-0.04832834293	-0.1096756212	-0.1104665879	-0.04807191809	-0.1095968555	-0.1117000363	-0.1110138016	-0.0486251335	-0.04853897763	-0.1102739399	-0.04847003812	-0.1116616816	-0.1110581913	0.332289807	-0.1103169923	-0.10808396	-0.1103468934	-0.04631634992	-0.1095901587	0.1529426088	-0.11062536	-0.04916429652	-0.110154767	-0.04786072225	-0.04844843579	0.06561158616	0.1535682496	0.1190864084	0.1355547111	0.1292689803	0.1376795489	-0.1109885456	-0.1092204738	-0.1121226505	0.03577780413	-0.1109211366	-0.1112737948	0.331638247	-0.1082686292	-0.1118103168	-0.1112281644	-0.1097188087	0.094804285	-0.1094679249	0.1447310659	-0.1089252961	-0.04700025601	0.1358811283	0.08572182547	-0.1100076134	0.1440430466	-0.1117314933	0.1397629889	-0.1117619422	0.3314035294	-0.1109150696	-0.1108287627	-0.1099183918	-0.1110953359	-0.1109015214	-0.1108972556	-0.1093782645	-0.1119308961	-0.04880019045	-0.1093972663	-0.1105919621	-0.1104573985	-0.1123877809	0.1369774511	-0.1083179292	0.06465343457	-0.04674851114	-0.1109440468	-0.04700113315	0.15464854	0.1189137119	-0.1102239488	-0.04714259715	0.1171725372	-0.1116062399	-0.1099508601	-0.09892196618	-0.1104937488	-0.04052689242	-0.1106635073	-0.1097478785	-0.04569012495	-0.04759882403	0.2637557228	-0.0452911434	0.02455841663	0.261842211	-0.1090539501	-0.1098414749	-0.1094895049	0.2633638463	0.1761051251	-0.04899609998	-0.04894903471	-0.0483379035	0.2622638831	-0.0487290265	-0.04773273795	-0.1100743921	-0.04730824999	0.3209187605	0.1507176645	-0.04916293898	-0.1130366112	-0.1112342654	-0.1105939022	0.1398631634	-0.1116551613	-0.1091856728	-0.110339592	-0.0469808609	-0.04826032493	-0.1107065848	-0.1115755333	-0.110367316	-0.04929995892	-0.1104642181	-0.1109222968	-0.1115511538	-0.1112245918
-0.07838487911	-0.07860311261	0.09062658902	0.08748436327	-0.03268996908	-0.02158625863	0.04761946925	0.005460950029	0.04756245353	0.04749539684	0.04692567427	0.03676913736	-0.07910940814	-0.07844009668	0.03600909673	0.03631898589	0.03647280563	0.03548149077	0.2352296926	0.2362603016	0.0009132312289	0.004660165273	0.004986115087	0.03520332564	0.03662623912	0.24711585	0.2418674579	0.2422749151	0.2416495338	0.2416179875	-0.002465597272	0.002798409925	-0.002953904489	-0.002046388802	0.258149641	0.04836453496	0.04765197267	-0.0331235786	-0.03357707379	-0.03266303176	-0.03191285407	0.04923005014	-0.003108906161	0.1061538829	0.002148303289	-0.006779132741	0.04925072053	-0.03326177402	-0.001287095117	0.06927176915	-0.07800360616	0.234732274	0.08827015293	0.2356204314	0.08981842978	-0.07896363446	-0.07952047603	0.0272120188	-0.07842053777	-0.07793803894	-0.02121023927	0.234937028	0.2358618669	-0.07849068195	0.087988618	0.08763700337	0.08785561195	0.08697672858	0.08798833317	0.08829279274	-0.03185853187	0.04904851776	0.04904851776	0.04904851776	0.2199638978	0.2189761345	-0.07704210333	0.04903640437	0.2355007426	0.0006183612024	0.005750256914	-0.03167043261	-0.03345689743	0.234971317	-0.03236449817	-0.03299816636	-0.001299444571	0.04902875001	-0.08010609118	-0.0336827847	-0.03314478106	-0.07962788679	-0.03381618245	-0.03383476968	-0.03381824374	-0.08016997041	-0.07926590566	-0.02941964439	-0.07630770281	-0.03406814489	-0.03360051959	0.005141656884	-0.03397264042	-0.0346051904	-0.03438373612	-0.07918101777	-0.03389873127	-0.0008418647338	-0.03425460784	-0.07795301586	-0.03351228499	-0.08006361536	-0.07696542523	-0.01344716477	-8.03590121e-05	-0.01839427117	-0.02162638621	-0.02533068293	-0.001023915194	-0.03275093218	-0.03380077634	-0.03330632926	0.0103707569	-0.03482211439	-0.03395198803	0.006256341264	-0.0336583536	-0.0309560213	-0.03309116788	-0.03353054082	-0.01509580963	-0.03383855125	0.0005780522013	-0.02758959447	-0.0740483659	-0.001327821299	-0.0169844764	-0.02983264269	-0.01748572915	-0.034187907	-0.0005650867227	-0.03063591679	0.006018419352	-0.03535950721	-0.03401661195	-0.03558561395	-0.03390939405	-0.03154174039	-0.03058641987	-0.02838810401	-0.03100738641	-0.07677372009	-0.02881470069	-0.03364807092	-0.03282861383	-0.0346583793	-0.01723908585	-0.03348892079	-0.01324469644	-0.07879798929	-0.03416569986	-0.07820859178	0.02055423028	-0.01272477476	-0.02760340894	-0.0762030464	-0.02234611664	-0.02952915982	-0.02705859039	-0.02742056259	-0.02800907391	-0.07561795102	-0.0332058356	-0.03477187528	-0.07451494367	-0.07978416713	-0.00106576027	-0.07299294315	-0.01183873992	0.0002207010191	-0.03167257694	-0.03398779582	-0.02904280421	-0.0008788318179	0.02109786694	-0.08013075413	-0.0767866994	-0.0807949765	-0.004560229108	-0.07588736644	-0.07883116145	-0.03342229402	-0.07949359309	-0.01158964635	-0.01804805294	-0.07918023806	-0.03109539605	-0.03478970205	-0.02878855209	-0.002800989396	-0.03365402973	-0.03381320451	-0.03261019039	-0.08049841335	-0.07636971953	-0.03362270417	-0.03436303999	-0.03019234523	-0.08052595076	-0.03001751744	-0.03427981474	-0.03001753357	-0.0342869128
-0.05081391709	-0.05076042069	0.01996719201	0.02973213654	-0.08079578434	0.05448144103	0.4110485883	0.08262261888	0.4113991674	0.4117397055	0.4098209466	0.06651393858	-0.04922874197	-0.04910289031	0.06575389795	0.06552032731	0.06689693161	0.06644907655	0.04809102334	0.04848531744	0.08255844344	0.08603364759	0.08642304377	0.06598890365	0.06650690529	0.04819993999	0.048114416	0.04852187323	0.04803235683	0.04691389096	0.04977321928	0.04286894736	0.04559797311	0.04617604565	0.04836453496	0.4180434417	0.4118962814	-0.08000660932	-0.08059596946	-0.07954606248	-0.08066259615	0.09283307628	0.2244162583	0.02802191359	0.04384838015	0.08666774484	0.09298961162	-0.08041653463	0.09543912657	0.08284864129	-0.05016091424	0.04839034162	0.01965318256	0.04816712749	0.01997422248	-0.05098507759	-0.05039294586	0.1505677707	-0.05003438605	-0.05131813157	0.05505032528	0.04743377379	0.04727682002	-0.05024039518	0.03013823047	0.02974891169	0.02955862527	0.02936036679	0.02945862088	0.02958951136	-0.08077953684	0.09278740886	0.09278740886	0.09278740886	0.04725390131	0.04764080938	-0.05042219596	0.09359048517	0.0475898935	0.09340449934	0.09880812495	-0.08023895775	-0.08006819825	0.04760392771	-0.08006271859	-0.08083225172	0.09425855784	0.093039371	-0.05104061471	-0.08059549465	-0.08104325739	-0.05146351462	-0.08038086396	-0.08071780039	-0.08084675546	-0.05096862899	-0.05087975394	-0.08051448856	-0.0500953903	-0.08067944571	-0.08061941526	0.1001016342	-0.08017634639	-0.07999370666	-0.08085917199	-0.0498438114	-0.07996657228	0.08093921243	-0.08146961046	-0.05214829819	-0.07971599095	-0.05227806696	-0.05034551786	-0.001093077178	0.08604839656	0.02167626627	0.02931334724	0.02316348142	0.08048543207	-0.08221539694	-0.07986861735	-0.08195560433	0.08875521031	-0.0808899554	-0.08083501874	0.1021673733	-0.08023195026	-0.08055635102	-0.08055666268	-0.07928003262	0.00337220072	-0.07957260866	0.08616334797	-0.07916584474	-0.04919470289	0.08126844557	-0.002320684657	-0.07997643221	0.03291054451	-0.08142858222	0.08175368239	-0.08173076096	0.09948388224	-0.08074161474	-0.07940512821	-0.08124586011	-0.08065655982	-0.08005515051	-0.08073020939	-0.08043400283	-0.08094866025	-0.05015381273	-0.07950195001	-0.08042491592	-0.07998337444	-0.08262832961	0.02948883415	-0.07937366761	-0.005781747056	-0.04905318807	-0.08009767592	-0.04936489487	0.09608551973	0.03006306168	-0.08032863251	-0.04958313903	0.02044171981	-0.08035227409	-0.08059900366	-0.06866391612	-0.08046256759	-0.04466321642	-0.08076819107	-0.08124731114	-0.04911782086	-0.0494959061	0.09418526426	-0.04922619974	0.0749693404	0.09327856905	-0.08038141842	-0.08061173646	-0.08000178343	0.09359087813	0.0978737306	-0.05011422301	-0.04989506214	-0.05132190518	0.08802467509	-0.04953918898	-0.05017327983	-0.08004321089	-0.05008491274	0.06520733238	0.03927733318	-0.05065822139	-0.08151091547	-0.08065962441	-0.07988339626	0.08115392697	-0.0814881151	-0.07942622143	-0.08058014071	-0.05050832238	-0.05029327196	-0.08200024934	-0.08103712296	-0.07992853989	-0.05078944615	-0.07988957706	-0.08116284545	-0.08043305299	-0.08027845527
-0.05098301959	-0.05079365823	0.01898289982	0.03010649384	-0.08055729199	0.05458406843	0.4103398894	0.08299697619	0.4113697933	0.411298983	0.4092481127	0.06580137629	-0.04953370942	-0.0479133433	0.06599239031	0.06562295472	0.06645609921	0.06573651425	0.04805778579	0.04777275514	0.0819817461	0.08627213994	0.08738786628	0.06636326096	0.0660660729	0.04789497255	0.0476735836	0.04794517588	0.04799911929	0.04674478846	0.05055517144	0.04283570982	0.04570060051	0.04627867306	0.04765197267	0.4118962814	0.4178413203	-0.07949638706	-0.0803574771	-0.07971516497	-0.0809285593	0.09347916349	0.2238785653	0.02853213585	0.04449446736	0.08677037225	0.09363569883	-0.08017804228	0.09581348388	0.08308713364	-0.05033001673	0.04822123913	0.02002753986	0.0477262951	0.02021271483	-0.05074658524	-0.05001858855	0.1508101083	-0.05020348855	-0.05080790932	0.05460949288	0.04685707645	0.04656425773	-0.05027363273	0.02938796402	0.02944394424	0.02925495797	0.0289195344	0.02898008434	0.02928454391	-0.08108450428	0.09343349606	0.09343349606	0.09343349606	0.04642149587	0.04643179269	-0.0499119737	0.09396484247	0.04728492606	0.09325656385	0.09891075235	-0.08040806025	-0.08037316569	0.04675550046	-0.08050355098	-0.08086548927	0.09449705019	0.09354959326	-0.05025866255	-0.07994940745	-0.08094062999	-0.05122502227	-0.0795989118	-0.08102276783	-0.08020066825	-0.05086600158	-0.05104885644	-0.08149878076	-0.04985689794	-0.08044095335	-0.08051678785	0.09993253173	-0.08034544888	-0.07948348441	-0.08102827448	-0.05001291389	-0.07959221498	0.08104183983	-0.0812311181	-0.05150221099	-0.07961336355	-0.0512243849	-0.04997116056	-0.001126314724	0.08642275386	0.02083168426	0.0287366499	0.02285851398	0.08058805947	-0.08170517469	-0.07976598995	-0.08212470683	0.08872197276	-0.08051559809	-0.08005306659	0.1021341357	-0.08003116206	-0.08058958856	-0.08027916604	-0.07944913512	0.002795503373	-0.08001344105	0.08653770528	-0.07933494724	-0.04977140024	0.08177866782	-0.001946327352	-0.08041726461	0.03192625231	-0.08173354966	0.08186015503	-0.08149226861	0.09931477974	-0.08091071724	-0.0790307709	-0.0808715028	-0.08123325716	-0.08036011795	-0.08130690673	-0.08060310533	-0.08084603285	-0.05005118532	-0.0793993226	-0.08045815346	-0.08018772492	-0.08306916201	0.02878398055	-0.07884155242	-0.005950849551	-0.04895056067	-0.07985918356	-0.04966986231	0.09550882238	0.02962607452	-0.08076946491	-0.04907291678	0.01959715602	-0.08106483638	-0.08103983606	-0.06896888357	-0.08049580513	-0.04388126426	-0.08093729356	-0.08046535899	-0.04955865326	-0.04980087355	0.09442375661	-0.04885184243	0.0750719678	0.0935683312	-0.07998516818	-0.08059754945	-0.08017088592	0.09382937048	0.0971611683	-0.05014746055	-0.05020002958	-0.04986062827	0.08799143754	-0.04902896672	-0.05102170708	-0.07994058348	-0.04943882553	0.06544582473	0.03910823068	-0.05055559399	-0.08154415302	-0.08082872691	-0.08005249876	0.08180385941	-0.08152135265	-0.07918772907	-0.0802057834	-0.05054155992	-0.04964718476	-0.08203348688	-0.08147795536	-0.07914658774	-0.05041508884	-0.0796510847	-0.08024502835	-0.08060215548	-0.07990409797
0.01782873936	0.01679531616	-0.01152261986	-0.01466484561	0.09895059768	-0.0320336757	-0.07923830851	-0.1270611248	-0.07999350104	-0.07938123299	-0.07940749575	-0.04486446403	0.01887045468	0.01700048691	-0.04508104486	-0.04490702066	-0.04407387616	-0.04506519102	-0.03122325102	-0.03218760643	-0.1320773214	-0.1382485287	-0.1387935245	-0.04566122887	-0.04541495713	-0.03274471377	-0.03147158827	-0.03201518569	-0.03223297218	-0.03090586895	-0.1141849191	-0.09201409165	-0.1104095022	-0.1104453854	-0.0331235786	-0.08000660932	-0.07949638706	0.1217836984	0.1085588979	0.1086577502	0.09976151641	-0.07859763434	-0.04561340189	-0.015152284	-0.02847178686	-0.1990856309	-0.07857696395	0.1007223006	-0.198949364	-0.04048587695	0.01861760716	-0.03249284943	-0.01053620766	-0.03141887677	-0.00988521	0.01792930876	0.01838557554	-0.1222181928	0.01847240544	0.01759625478	-0.03200825125	-0.03177843934	-0.03217844627	0.01799466641	-0.01456818573	-0.01451220551	-0.01429359693	-0.01422142566	-0.01538366027	-0.01399228109	0.1009027582	-0.07877916672	-0.07877916672	-0.07877916672	-0.02961480395	-0.02936376083	0.01690211542	-0.07865541516	-0.03199611076	-0.1925744635	-0.1867491439	0.09845430839	0.09930439265	-0.03279726625	0.09863054756	0.09867620412	-0.1989264655	-0.07866306952	0.01746617679	0.1029889097	0.0986010634	0.01690741192	0.1021166208	0.1002851699	0.09811824059	0.01808162231	0.01861839664	0.09777118273	0.0170527517	0.09923660499	0.09984009524	-0.1862708243	0.09968523015	0.09924301928	0.09919274366	0.01744019555	0.09940601861	-0.1459243979	0.09959360184	0.01853233251	0.09829795044	0.01740427984	0.01598743443	-0.06885883077	-0.1447552973	-0.1083793816	-0.1198355115	-0.08441070259	-0.1420304998	0.1015048724	0.1027647323	0.1025798547	-0.07628984766	0.09906639973	0.0992168969	-0.186959971	0.0968867997	0.09718586047	0.0991266624	0.09764698917	-0.07444755919	0.09993584719	-0.1411078572	0.097897042	0.01618719475	-0.1411116214	-0.07307546715	0.1021134577	-0.1226239669	0.09971025303	-0.1419850341	0.09750596498	-0.1866168464	0.0982233813	0.09884673936	0.09867019059	0.09844430118	0.09768706098	0.09728373201	0.09635715401	0.09849314486	0.01590740967	0.09701747693	0.09989872963	0.09867464372	0.09796704583	-0.1210186741	0.09478882593	-0.06362935928	0.01823081887	0.1022639439	0.01723978733	-0.1318650102	-0.1129718743	0.1014895275	0.01674981326	-0.1115881552	0.09725407245	0.09741493773	0.08367445334	0.09660031915	0.0121146446	0.09887612973	0.0990763344	0.01639994173	0.01765223589	-0.1985921642	0.01751434741	-0.04258544423	-0.1958111885	0.09573041367	0.09849168802	0.09828388786	-0.1979976409	-0.1392015407	0.01863403463	0.01752480976	0.01666027859	-0.1947403127	0.01652203342	0.01860524157	0.1009597594	0.01700500142	-0.1520008943	-0.1244090753	0.01689751545	0.09867686512	0.09871296648	0.09745122038	-0.1431282493	0.09706928609	0.09949154537	0.09723705286	0.01712047392	0.01590381538	0.09747440279	0.09914966111	0.09701733397	0.01766607556	0.09730917463	0.09916080009	0.09771675336	0.09899857511
0.01710351426	0.01729287562	-0.01184025011	-0.014574881	0.09876883239	-0.03248717089	-0.08038998052	-0.1277985265	-0.08044699623	-0.08010645808	-0.07931753114	-0.04586141903	0.01841695949	0.01768096699	-0.045670405	-0.0457681107	-0.0460218858	-0.04619801096	-0.03113328641	-0.03123374581	-0.1318684647	-0.1374060111	-0.1386503031	-0.04606601775	-0.04586845232	-0.03346993886	-0.03178921851	-0.03178935613	-0.0315263195	-0.03258214869	-0.1139103832	-0.09201128568	-0.1106784261	-0.1103067145	-0.03357707379	-0.08059596946	-0.0803574771	0.1085588979	0.1214376285	0.1088835797	0.09961514906	-0.07750790878	-0.04510614042	-0.01710029365	-0.02840067432	-0.1985393652	-0.07748723839	0.1006764003	-0.1985389632	-0.04080350719	0.01666959752	-0.03151329288	-0.010582108	-0.03105718226	-0.01074630004	0.01693235377	0.0171907019	-0.1212398102	0.0162526659	0.0175748764	-0.03246174644	-0.03223193453	-0.03195261671	0.01754117122	-0.01498397678	-0.0149657007	-0.01474839227	-0.0145390559	-0.01498426161	-0.01539683093	0.1018079125	-0.07768944115	-0.07768944115	-0.07768944115	-0.02938897439	-0.03036071582	0.01780726973	-0.07756568959	-0.0320420111	-0.191348873	-0.1860670132	0.09949532765	0.1004812769	-0.03216384184	0.09899224207	0.09944549349	-0.1981084698	-0.07757334396	0.01769200635	0.104029929	0.09841929811	0.01767670128	0.1030704814	0.09955994482	0.09798353096	0.01817158692	0.0180290365	0.09677422774	0.01556104321	0.0990548397	0.09816381549	-0.1859962884	0.1005903845	0.09843063554	0.09851622487	0.01780189006	0.09908838837	-0.1451766319	0.0992759716	0.01685605276	0.09838791505	0.01721004943	0.01599024039	-0.06817670006	-0.144340346	-0.1069307675	-0.1188816509	-0.08391314313	-0.141620099	0.1020511381	0.1019523486	0.1032789143	-0.07723809634	0.09915636434	0.09849167181	-0.1862402536	0.09692730981	0.09713996013	0.09906627974	0.09860084978	-0.07259135023	0.09960486955	-0.1408287708	0.0965663034	0.01410332016	-0.1402936257	-0.07185152728	0.1020675573	-0.1209907816	0.09972998793	-0.1404877137	0.0976446359	-0.1859347157	0.09898626194	0.09866497407	0.09916775005	0.09921359054	0.0978257319	0.09764542652	0.09576779387	0.09808835597	0.01518218458	0.09669984669	0.09981272631	0.1000360992	0.09819287539	-0.11957006	0.09615028139	-0.06199617391	0.01736972883	0.1028973683	0.01732975194	-0.1306410703	-0.1125614735	0.1004925725	0.01643218302	-0.1106830009	0.09616995881	0.09641798274	0.08356591632	0.09546749921	0.01324644299	0.09869436444	0.09957389386	0.01485952694	0.01697406647	-0.1983176284	0.01638152747	-0.04271850321	-0.1950820021	0.09682013923	0.09848423122	0.09796625762	-0.1976699126	-0.1387255046	0.01804467449	0.01671242602	0.01713898598	-0.1952155975	0.01647613308	0.01788001648	0.09982693947	0.01804602068	-0.1511828986	-0.1230963261	0.01698748006	0.09754404518	0.09880651263	0.09631840043	-0.1425819835	0.0966157909	0.09935848638	0.09723985882	0.01769126165	0.01504272534	0.0981078272	0.09805114042	0.09749604136	0.01835076976	0.09658394954	0.09911489975	0.09712739322	0.0989308851
0.01750544995	0.01647202675	-0.01146966787	-0.01474775857	0.09985009282	-0.03184485876	-0.08001939829	-0.126464713	-0.07939708925	-0.07946414595	-0.07962627366	-0.04494737699	0.0180084514	0.01684515537	-0.04475636297	-0.04594098827	-0.04551543862	-0.04650675348	-0.03122024938	-0.03186292454	-0.1312794094	-0.1372200001	-0.1384528208	-0.04642346658	-0.04563373504	-0.03242003188	-0.03128277132	-0.031147044	-0.03269895802	-0.03139637676	-0.1145395619	-0.09223286956	-0.1097945051	-0.1112076231	-0.03266303176	-0.07954606248	-0.07971516497	0.1086577502	0.1088835797	0.120674162	0.09899162785	-0.0775936277	-0.04519185934	-0.01550692687	-0.02857355189	-0.1984892191	-0.07757295731	0.1011828475	-0.1988650586	-0.04002533011	0.01720739815	-0.03236042926	-0.01061912062	-0.03128001018	-0.01010398791	0.0174701544	0.01800407766	-0.121597259	0.01626201478	0.01784094713	-0.0317335197	-0.0318613523	-0.03253308913	0.01780724195	-0.0149228286	-0.01377992877	-0.01455137914	-0.01389674377	-0.01451551858	-0.014211059	0.1016663884	-0.07777516007	-0.07777516007	-0.07777516007	-0.02915425711	-0.02944667379	0.01664303308	-0.07765140852	-0.03139969897	-0.1908597787	-0.1858810022	0.09905795559	0.09908561474	-0.03274431426	0.09841176965	0.09971605032	-0.1988421601	-0.07765906288	0.01765499373	0.1018190771	0.09892574529	0.01704627851	0.1029847625	0.0992512023	0.09784951233	0.01827043925	0.01745159444	0.09768826977	0.01615464904	0.09874609718	0.09907785753	-0.1855385476	0.09960231719	0.09780145682	0.09951742555	0.01762901249	0.0997307005	-0.1452309974	0.09961766528	0.01641529053	0.09753571273	0.01637031223	0.01644798127	-0.06836693048	-0.1439916671	-0.1070722916	-0.1186642865	-0.08486985695	-0.1414027346	0.1021326376	0.1017307647	0.1021863356	-0.07623689567	0.09880731738	0.09913398394	-0.1860065933	0.09490177744	0.09778227226	0.09902926712	0.09769994116	-0.0734121991	0.09938328567	-0.140480092	0.09693688563	0.01515322714	-0.141027316	-0.07204010706	0.101215355	-0.1219962017	0.09828437546	-0.1416289987	0.09823824172	-0.1858845696	0.09854165446	0.09808450165	0.09858727763	0.09931244287	0.09760414802	0.09747254895	0.09654597095	0.09745917725	0.01500930701	0.09774975367	0.1007668713	0.1002221102	0.09777962137	-0.1194398542	0.09484177792	-0.06259399919	0.01828377086	0.1035435257	0.01646028376	-0.1306937852	-0.1124799741	0.1003196949	0.01598757555	-0.1112321199	0.09679491809	0.09692442992	0.08337573519	0.09651740619	0.01223232471	0.09814524547	0.09944435109	0.01594937854	0.01865624254	-0.1986437237	0.01593692	-0.04266835718	-0.1954038833	0.09591923061	0.09791622392	0.097929245	-0.1978601431	-0.1393233299	0.01760006702	0.01703430195	0.01642264861	-0.1958787918	0.01657883064	0.01785023927	0.099635465	0.01692208846	-0.1516913746	-0.122794156	0.01644220633	0.09913741196	0.09944882476	0.09764003732	-0.1429080789	0.09837637608	0.09832171281	0.0966106801	0.01603796882	0.01595676737	0.09698389498	0.09860920295	0.09677970399	0.01717556775	0.09749799157	0.09785510258	0.09872076	0.09924855598
0.01863186904	0.0201408756	-0.008720520223	-0.01254207072	0.1008016427	-0.03072609051	-0.08032074226	-0.1262220174	-0.08088221348	-0.08003721982	-0.07952002278	-0.04528411891	0.01797883733	0.0151851619	-0.04553970403	-0.04532667553	-0.04575531988	-0.04575657579	-0.03124986345	-0.03090247966	-0.1315192906	-0.1380893258	-0.1384984566	-0.04645308065	-0.04492256164	-0.03180571914	-0.0307299213	-0.0307076005	-0.0314298425	-0.03041347346	-0.1143328441	-0.09168001953	-0.1107547548	-0.1110623679	-0.03191285407	-0.08066259615	-0.0809285593	0.09976151641	0.09961514906	0.09899162785	0.114125074	-0.07775910672	-0.04738411521	-0.01421328937	-0.02982595051	-0.1985188332	-0.07773843633	0.09942599333	-0.1981108364	-0.03937561943	0.01883827275	-0.03201610663	-0.01064873468	-0.03029710688	-0.01102319391	0.0182858393	0.01908764723	-0.1219231249	0.01910066588	0.01944729977	-0.03061475146	-0.03047085415	-0.03046326623	0.0201174413	-0.01244541084	-0.01320462032	-0.01301381863	-0.01209865076	-0.01199909653	-0.01227710105	0.1007158289	-0.07794063909	-0.07794063909	-0.07794063909	-0.02857894866	-0.02778444574	0.0184199678	-0.07808861743	-0.03014506577	-0.1909207462	-0.1859106163	0.1018312213	0.1016374347	-0.03026689651	0.1013357865	0.1006631141	-0.197770706	-0.07796040685	0.01640259511	0.09988735376	0.101539028	0.01633733969	0.0983747444	0.09908572328	0.09805623021	0.01735123325	0.01754786556	0.09762325776	0.01541031227	0.09889135235	0.1001351631	-0.1863833513	0.09780645877	0.09695665305	0.09867262178	0.01705593862	0.09915762663	-0.1448843701	0.09764042823	0.01696429532	0.09682677391	0.01641539169	0.01475258986	-0.0673409784	-0.1435091748	-0.1064539344	-0.1191328489	-0.08330044507	-0.1409202423	0.1011820781	0.09898385166	0.1021868307	-0.07620504702	0.09864674486	0.09842504512	-0.1863079372	0.09599808726	0.0964944757	0.09755327675	0.09712686729	-0.07129932741	0.09921780666	-0.1402693296	0.09727946847	0.01518507579	-0.139593769	-0.07155761478	0.09748198936	-0.1219213043	0.09920581604	-0.1411465065	0.09766516785	-0.1855065889	0.0987837703	0.09751142778	0.09774247386	0.0984676391	0.09767500096	0.09659234723	0.09698541445	0.09780176009	0.0157594847	0.09748741399	0.09965033765	0.09856211669	0.1004974156	-0.1201801465	0.09498703309	-0.06204934228	0.01811829185	0.09868039086	0.01626212025	-0.1300754279	-0.1118616168	0.09903189836	0.01687361819	-0.1103420328	0.09778547223	0.09672355296	0.0838726605	0.09672412408	0.01114078506	0.0987636027	0.09909272292	0.01628811614	0.01665011693	-0.1974819067	0.01648977002	-0.04331583329	-0.1946496612	0.09633621568	0.09725745666	0.09800009794	-0.1971591133	-0.1389767025	0.01757045295	0.01595677257	0.01652889949	-0.193972281	0.0159665136	0.01706855783	0.09907004197	0.01621314964	-0.1517283459	-0.1236703132	0.01793337074	0.09798548035	0.09825788886	0.0970315655	-0.1421538567	0.1000072507	0.09734104409	0.09662007032	0.01537756749	0.01602762031	0.09932544778	0.09773074102	0.09725815177	0.01728181863	0.09593846511	0.09924560073	0.09770469334	0.09701100491
-0.05144291637	-0.05043836532	0.001404019303	0.002066012162	-0.07789229491	0.02966848061	0.09344666007	0.08321640416	0.09338964436	0.09277912786	0.0927528651	0.04740730607	-0.05012947115	-0.04662338643	0.04732659019	0.04709301955	0.04683924444	0.04775003889	0.04759788901	0.04731285836	0.08600539267	0.09332664303	0.09256892842	0.04855879336	0.04821546248	0.04920132012	0.04680609197	0.04762114405	0.04839323076	0.04696421643	0.06020884738	0.06357074527	0.0544032218	0.05478586299	0.04923005014	0.09283307628	0.09347916349	-0.07859763434	-0.07750790878	-0.0775936277	-0.07775910672	0.3427390452	0.04352715456	0.02440388541	0.04352079001	0.1216635609	0.3422162558	-0.07819236996	0.1319012587	0.03982977754	-0.05092577847	0.0486127627	0.002622976643	0.04780985811	0.001682779666	-0.05079888717	-0.05075021523	0.118418103	-0.05066338533	-0.05086021125	0.02860698546	0.04748409927	0.04800134327	-0.05114112436	0.001890942139	0.00140346256	0.001854796748	0.001014917666	0.0009396026547	0.0008364673791	-0.07841950721	0.342149918	0.342149918	0.342149918	0.04676076698	0.04746641036	-0.05023600554	0.3402356953	0.04736848907	0.1220723413	0.1249445209	-0.0778238131	-0.07879508822	0.04819771298	-0.07770268896	-0.07833635714	0.1318531115	0.3417225554	-0.05126201914	-0.07847751569	-0.07895495767	-0.051820784	-0.07820331859	-0.07930882541	-0.07892356356	-0.05101534991	-0.05178048312	-0.07761099914	-0.05004506483	-0.07954220063	-0.07853111553	0.125846037	-0.07763593618	-0.07623620898	-0.07958606196	-0.05033694572	-0.07747067771	0.1016410103	-0.08006063548	-0.05101105312	-0.07722009637	-0.05090058417	-0.04880067794	0.01566863717	0.09180504994	0.03721519607	0.04458054714	0.04631084843	0.1003720403	-0.07914079458	-0.07791618257	-0.07973143965	0.09206629459	-0.07880165567	-0.07847498912	0.1279201074	-0.07434060635	-0.07901151109	-0.0777890382	-0.07651544813	0.006275690147	-0.07748430893	0.09626767976	-0.07612649037	-0.04887264752	0.1008833239	0.01163492141	-0.07707294278	0.04505285055	-0.07893268764	0.09919472149	-0.07841967668	0.1278097191	-0.07933904849	-0.07731682848	-0.07888583048	-0.08033450444	-0.07769512088	-0.07796258491	-0.0767153237	-0.07913209043	-0.04956002745	-0.07714192038	-0.07825988129	-0.0784737825	-0.07945311028	0.04665814336	-0.07307355443	0.007645508164	-0.0495463224	-0.07841697104	-0.0489837547	0.07471623873	0.04410747703	-0.07756100803	-0.04898935376	0.04087178782	-0.07717705476	-0.07592926988	-0.0466175679	-0.07633629361	-0.0385122716	-0.07840816144	-0.07888728152	-0.04757298094	-0.05075717447	0.1325495057	-0.04822481961	0.04078169841	0.136868336	-0.07497279348	-0.0782654537	-0.0773700239	0.1329061742	0.07290311557	-0.05111458648	-0.05093165627	-0.05032052506	0.1206217057	-0.04962472845	-0.05039468426	-0.07816707465	-0.04867593776	0.05200441648	0.03606689985	-0.05155895057	-0.0795584807	-0.07897891954	-0.07711577179	0.09941015578	-0.07992515985	-0.076522732	-0.07645386673	-0.05009702136	-0.05065054134	-0.07960738031	-0.07962945682	-0.07634572572	-0.05149474397	-0.07766541238	-0.07921041068	-0.07902407801	-0.07799472419
-0.01275235601	-0.01314545875	0.03991971042	0.04044583833	-0.04688297978	0.08954765341	0.2221766781	0.05684953194	0.2229738564	0.2236829851	0.2236567224	0.03202361624	-0.01212455534	-0.01157431692	0.03149630122	0.03103000497	0.03223174002	0.03155115935	-0.001622493229	-0.002716393785	0.05440169282	0.05671798888	0.05584171288	0.03241063167	0.03224930856	-0.002322446478	-0.002272105524	-0.002582977338	-0.002218299737	-0.002968175055	-0.002107816692	-0.009827278311	-0.007505847417	-0.005025665571	-0.003108906161	0.2244162583	0.2238785653	-0.04561340189	-0.04510614042	-0.04519185934	-0.04738411521	0.04352715456	0.3290317009	0.03334002167	0.06330358158	0.01788378806	0.04354782496	-0.0457515973	0.02738384172	0.08541044607	-0.01322527705	-0.001459039899	0.04123608037	-0.002633308679	0.04006260584	-0.01228319605	-0.01209865916	0.06345870836	-0.01250892756	-0.01315970983	0.08957307786	-0.003569015541	-0.00301284084	-0.01262543324	0.03990087761	0.03896809903	0.03892487497	0.04007406859	0.03967043066	0.0393521585	-0.0466970636	0.04334562219	0.04334562219	0.04334562219	-0.002764029654	-0.003688765676	-0.01307896392	0.04374110365	-0.003379092113	0.02770954756	0.02953005554	-0.04650896434	-0.04639331986	-0.002821598104	-0.04634883591	-0.04647804858	0.02647500289	0.04318998948	-0.01342565277	-0.04719234617	-0.04641732436	-0.01235403823	-0.04503660188	-0.0459560024	-0.04830860167	-0.01226674744	-0.01312892705	-0.04666474094	-0.01298488387	-0.04642210323	-0.04691185238	0.03068769987	-0.04482657297	-0.04492749428	-0.0463691039	-0.01372336391	-0.046019964	0.04498100658	-0.04820232692	-0.01327154741	-0.04576938267	-0.01303272562	-0.01201222688	-0.008177683866	0.05165493487	-0.005139820769	-0.003960510346	0.02042655314	0.04636370028	-0.04718186906	-0.04524268431	-0.0468564412	0.07555668086	-0.04581742322	-0.04688841046	0.03130657376	-0.04624633769	-0.04765765804	-0.04687058689	-0.04587688414	-0.007109029724	-0.04521840552	0.04796566768	-0.04694647652	-0.0130742554	0.04633152408	-0.00962996558	-0.04626254953	-0.002265422389	-0.04741633869	0.0462733011	-0.04737655783	0.02952648808	-0.04649700079	-0.0445085845	-0.04685897248	-0.04643822163	-0.04647713278	-0.04742392156	-0.04730258425	-0.04587612807	-0.01277157639	-0.04701085188	-0.04520846742	-0.04634374404	-0.04878490178	0.0003153936396	-0.04348594573	-0.01082837949	-0.01211755088	-0.04492828308	-0.01196257803	0.04288657012	-8.590205449e-05	-0.04675061478	-0.0127443625	-0.002234671663	-0.04731771616	-0.04674925604	-0.03941785569	-0.04769973956	-0.009434638561	-0.04641398793	-0.04730070286	-0.01350182888	-0.0115294741	0.02585824951	-0.0126591531	0.08500371744	0.02486274502	-0.04544475119	-0.04625496983	-0.0464237657	0.02607905308	0.04439984101	-0.01304030013	-0.0122410959	-0.01221242879	0.02208234656	-0.01188522274	-0.0127910435	-0.04588904887	-0.01179062605	0.01051949395	0.008720774594	-0.0129073945	-0.0480687627	-0.04637565099	-0.04807162289	0.04648873539	-0.04820271624	-0.04493615334	-0.04808904258	-0.01258894604	-0.01318276553	-0.04754398497	-0.04646731472	-0.04662225207	-0.01281815915	-0.04753434389	-0.04708037222	-0.04685503526	-0.04616329754
-0.03079502536	-0.03128498876	0.07626202546	0.07882612762	-0.0161111277	0.02803451978	0.02863549738	-0.001431041266	0.02898607652	0.02783210022	0.02766997251	0.03082820072	-0.03175518491	-0.03115223659	0.03020402504	0.03092150905	0.02944494939	0.0295482446	0.1013039728	0.1008400673	-0.006386354917	-0.01092718284	-0.01223161243	0.02912652405	0.03041357258	0.1065327477	0.1010126257	0.1019635427	0.09997951187	0.1013066151	-0.04128585187	-0.02963619202	-0.03810580543	-0.03774174955	0.1061538829	0.02802191359	0.02853213585	-0.015152284	-0.01710029365	-0.01550692687	-0.01421328937	0.02440388541	0.03334002167	0.2299639737	0.04973731706	-0.04241809671	0.02428869085	-0.01583393922	-0.03929216002	0.05640172004	-0.03136480706	0.09944790472	0.07472077907	0.1003360621	0.07491040642	-0.03150505119	-0.03145637926	0.00143479942	-0.03145905281	-0.03089164499	0.02923277843	0.1004340447	0.1012568223	-0.031444288	0.0797379772	0.07897876772	0.07906151135	0.07804676303	0.08028115217	0.08004599718	-0.01606107647	0.02408648809	0.02408648809	0.02408648809	0.09621202744	0.09659893551	-0.03053916918	0.02434610459	0.1017108877	-0.03344662014	-0.02940164403	-0.01546538237	-0.01670838739	0.1009097323	-0.01520839327	-0.01611379136	-0.03957623937	0.02420258528	-0.03265210238	-0.01642049409	-0.01571694626	-0.03217389799	-0.01641802689	-0.01667866478	-0.01543935429	-0.03271598161	-0.03191168243	-0.01131248484	-0.02898957896	-0.01786309465	-0.01603681985	-0.03028197396	-0.01646341483	-0.01744908551	-0.01777109103	-0.03376500322	-0.01660676143	-0.009771830282	-0.01669090809	-0.02954797241	-0.01676377494	-0.03367440169	-0.02951143643	-0.02047502101	-0.00846686476	-0.03010528278	-0.03273019097	-0.006408333683	-0.007508311638	-0.01586655718	-0.01732399619	-0.01574262952	0.02480956279	-0.0171167545	-0.01570896353	-0.03011834423	-0.01660158393	-0.0127129968	-0.01715784753	-0.01789862961	-0.02484096488	-0.01716385245	-0.008487778297	-0.008741056471	-0.0249639977	-0.006725298142	-0.02428406255	-0.01172548314	-0.03334480716	-0.0159448825	-0.008278035571	-0.01443086654	-0.03022040119	-0.01752407756	-0.01770950047	-0.01870123895	-0.01756847886	-0.01438563549	-0.01193580052	-0.01109613416	-0.01405636069	-0.02836867664	-0.01179446074	-0.01584232051	-0.01553664398	-0.0172305445	-0.03296229891	-0.0169649114	-0.01877803823	-0.03147986544	-0.01592267536	-0.03180883809	-0.01446180572	-0.02831212287	-0.01017557414	-0.02752627304	-0.03263473169	-0.01196546007	-0.009223160738	-0.0152231882	-0.009630184464	-0.03179834963	-0.0155062709	-0.0170362112	-0.02525861114	-0.03219431337	-0.03879909527	-0.02553895435	0.04485406549	-0.03800482399	-0.0157392566	-0.01731309702	-0.009712860106	-0.03883070431	-0.01663546806	-0.03365348927	-0.0293327106	-0.032525798	-0.04235893309	-0.02856924259	-0.03096498333	-0.01626618912	-0.03285479399	-0.04226419397	-0.03387103157	-0.03254143896	-0.01461282072	-0.01756513473	-0.012175907	-0.008198466238	-0.01622619494	-0.01688160027	-0.01673775292	-0.03443275329	-0.02796467607	-0.01622867309	-0.01775039489	-0.01303624033	-0.0326643671	-0.01272554759	-0.01644438509	-0.01394834827	-0.01763816832
0.001924837843	0.0008914146451	0.02453477249	0.02956329583	-0.03040053728	0.0721670388	0.04337766018	0.07056853262	0.04358975853	0.04311510698	0.04419461589	0.03752287635	0.002287228412	0.00411529354	0.03757802543	0.03720858983	0.03681894978	0.03813733907	0.003568452062	0.002782866329	0.06882078537	0.05984292482	0.05969320111	0.03835649092	0.03765170801	0.001002974431	0.002819559739	0.003091152018	0.003713077194	0.002724806376	0.004809659331	0.01129645108	0.008786310172	0.01093519571	0.002148303289	0.04384838015	0.04449446736	-0.02847178686	-0.02840067432	-0.02857355189	-0.02982595051	0.04352079001	0.06330358158	0.04973731706	0.2794141391	-0.0113566122	0.04340559545	-0.029579889	-0.0106647089	0.03755378503	0.0006757313933	0.004046540014	0.02706070151	0.003551595985	0.02647359149	0.001364934569	0.00302513383	0.03114485285	0.002343135531	0.00185274018	0.0712414086	0.003056168467	0.003218473412	0.001158562323	0.02896177889	0.02847429931	0.02797457884	0.02890094411	0.02787457445	0.02763557422	-0.0296711613	0.04320339269	0.04320339269	0.04320339269	0.002366639901	0.002664688431	0.001229639374	0.04387060405	0.002857349118	-0.005408970742	-0.002160599034	-0.02880373729	-0.02797908882	0.002599653426	-0.02975068068	-0.02958801124	-0.01033153701	0.04331948988	0.002513329928	-0.02823899917	-0.02937256999	0.001275240311	-0.02837239692	-0.02959057278	-0.02899948877	0.002313585748	0.001994865942	-0.03171581719	-0.001006136945	-0.03023154285	-0.02923930983	-0.0005972824772	-0.02789966046	-0.02861360123	-0.02932434953	0.001672158987	-0.028178872	0.01722524143	-0.02913845037	0.0007748530018	-0.02869494906	0.001282361004	-0.0001881969822	-0.02057359289	0.01853020696	0.0009388981816	-0.00253087894	0.02656679584	0.01894530028	-0.02974837191	-0.02835264697	-0.02989617415	0.05058384996	-0.02869466026	-0.02972664321	-0.0006577333306	-0.03049108912	-0.03162181469	-0.02915203528	-0.02804472448	-0.0201842635	-0.02887182797	0.02000380787	-0.03063890327	0.0003129724773	0.01823379932	-0.02343157977	-0.03049843608	-0.003417225038	-0.02989375976	0.01980595575	-0.03075825038	-0.0002639798107	-0.02963964794	-0.0288740162	-0.03024367029	-0.03022750903	-0.03044128943	-0.03138807821	-0.03054841185	-0.03133479917	-0.0008116815469	-0.03135376412	-0.02806842043	-0.02999716649	-0.02975370973	-0.0005702956035	-0.02959426234	-0.02015424291	0.003006242112	-0.02760097165	0.003102130169	0.01560164136	0.001207864401	-0.03085063638	0.0008747510083	-0.0009409052078	-0.03179565337	-0.03112100753	-0.02382769161	-0.03139216631	0.003140637708	-0.02959893265	-0.02930489384	-0.0002894702457	0.00174833438	-0.01069578666	-0.0004275283566	0.1498729343	-0.009972102464	-0.03057212598	-0.0286162247	-0.03090170291	-0.01061084804	0.007879305714	0.001432366498	-9.471157159e-06	0.001283600643	-0.01332388712	-0.0001970577959	0.001750285405	-0.02806007925	0.003876626748	-0.02158484244	-0.003542274738	0.0003331412623	-0.03162532449	-0.02873605918	-0.03081299499	0.01743995597	-0.03065146947	-0.02777438609	-0.03125036109	0.001443009062	-0.000543545932	-0.03106154247	-0.03020047733	-0.03085552278	0.001348402517	-0.03190609538	-0.02970300507	-0.03149851666	-0.02911051333
-0.134360409	-0.133219993	-0.05971740276	-0.05768202034	-0.1990596163	-0.01528244889	0.08646613893	0.5954271277	0.08668085312	0.08647793147	0.08564609209	-0.002325172451	-0.132367639	-0.1302202038	-0.00213415843	-0.002367729072	-0.00275736913	-0.002112536736	-0.008868839065	-0.00978324412	0.645380626	0.6784879031	0.6960674402	-0.001717144969	-0.00205470799	-0.006666229957	-0.01015414556	-0.009333325629	-0.008702871715	-0.009860156148	0.3452450428	0.2231779567	0.3392984252	0.3294796595	-0.006779132741	0.08666774484	0.08677037225	-0.1990856309	-0.1985393652	-0.1984892191	-0.1985188332	0.1216635609	0.01788378806	-0.04241809671	-0.0113566122	1.407488087	0.1214125014	-0.1992238264	0.6887942473	-0.002932572692	-0.1331639463	-0.008075744931	-0.06067228463	-0.008249275112	-0.06174834655	-0.1337163798	-0.1338035728	0.3467864376	-0.1339884728	-0.1343211637	-0.01612216449	-0.009476138263	-0.009230624161	-0.1332434273	-0.05772122541	-0.05739351529	-0.05707804605	-0.05818965503	-0.05812910509	-0.05836552968	-0.1995868286	0.1212102986	0.1212102986	0.1212102986	-0.009378512995	-0.01003728697	-0.1339616383	0.1251382688	-0.009727613405	0.876841735	0.6126130356	-0.1986386546	-0.1998265446	-0.008626659596	-0.1995493351	-0.1993678135	0.6817106028	0.1237719649	-0.1337719169	-0.199644837	-0.1998505491	-0.1342447672	-0.199234775	-0.1991174973	-0.2002767002	-0.1336611126	-0.1349697056	-0.197419671	-0.1320115028	-0.200709522	-0.1988832472	0.6064553421	-0.1990749874	-0.1968600705	-0.2000740586	-0.1332544383	-0.1986354234	0.3744948621	-0.1998693073	-0.1325698962	-0.1992910478	-0.1323235623	-0.1303595211	0.2112742925	0.3785427616	0.2288038632	0.2762589877	0.2052496299	0.3478217099	-0.1992211963	-0.1992193689	-0.2002194363	0.0940054356	-0.1990179224	-0.1990988507	0.6067548673	-0.1953720627	-0.198684318	-0.1988204946	-0.1980903643	0.2445461443	-0.1989233602	0.35974685	-0.196614487	-0.1308076827	0.3478036329	0.2307618758	-0.1963381548	0.2959946339	-0.1998782294	0.3509927104	-0.1990435382	0.6052941304	-0.1996911801	-0.1987558797	-0.199509692	-0.200822501	-0.1983189824	-0.1984505815	-0.1962522656	-0.1985331674	-0.1307112757	-0.1969505922	-0.1995630676	-0.199097644	-0.1992617821	0.2852773475	-0.1934256861	0.1896191666	-0.1327355449	-0.1986332377	-0.1318422494	0.3455250667	0.244260763	-0.1979131397	-0.1313633866	0.2453477582	-0.1975291864	-0.195058617	-0.1707591781	-0.1960091005	-0.1221033211	-0.199032023	-0.1993752781	-0.1299412459	-0.1331254394	0.6846987567	-0.1305988524	0.003840392252	0.6755586256	-0.195596655	-0.1990726048	-0.1982656153	0.6845055567	0.3876027312	-0.1334886193	-0.1328923264	-0.1332380177	0.67065031	-0.1328081831	-0.133306409	-0.1989767515	-0.1324028522	0.5459387407	0.3242549057	-0.1340688483	-0.1992312876	-0.199738646	-0.1974679034	0.3565036733	-0.2000055616	-0.1979617832	-0.1972135932	-0.1324710542	-0.1324811144	-0.1995519171	-0.2004391337	-0.1973771821	-0.1345481015	-0.1976099492	-0.1992908124	-0.1986968849	-0.1988903156
-0.05142224598	-0.05028182997	0.001288824745	0.002222547504	-0.07787162452	0.02982501595	0.09346733046	0.0833729395	0.0935461797	0.0929356632	0.09277353549	0.04742797647	-0.05010880076	-0.04660271604	0.04734726059	0.04711368994	0.04699577979	0.04790657423	0.0476185594	0.0471976638	0.08602606306	0.09334731342	0.09272546377	0.0487153287	0.04823613288	0.04908612556	0.04682676236	0.04750594949	0.04827803621	0.04684902187	0.06022951777	0.06345555072	0.05428802725	0.05467066843	0.04925072053	0.09298961162	0.09363569883	-0.07857696395	-0.07748723839	-0.07757295731	-0.07773843633	0.3422162558	0.04354782496	0.02428869085	0.04340559545	0.1214125014	0.3425086561	-0.07817169956	0.1317860642	0.03971458298	-0.05090510808	0.04863343309	0.002507782084	0.04783052851	0.001567585107	-0.05077821678	-0.05059367989	0.1185746383	-0.05064271494	-0.05083954086	0.0287635208	0.04736890471	0.04802201366	-0.05112045397	0.001911612531	0.001424132952	0.00187546714	0.001035588058	0.0009602730464	0.0008571377708	-0.07839883682	0.3421705884	0.3421705884	0.3421705884	0.04664557242	0.0473512158	-0.05021533515	0.3402563657	0.04725329452	0.1219571467	0.1246934614	-0.07785825774	-0.07877441783	0.04821838337	-0.07768201857	-0.0784515517	0.131737917	0.3416073609	-0.05124134874	-0.0784568453	-0.07893428728	-0.05180011361	-0.0781826482	-0.07928815502	-0.07890289317	-0.05099467952	-0.05175981273	-0.0777261937	-0.05002439443	-0.07965739519	-0.07851044514	0.1257308424	-0.07761526579	-0.07621553859	-0.07970125652	-0.05031627533	-0.07745000732	0.1016616807	-0.08017583004	-0.05099038273	-0.07719942598	-0.05087991378	-0.04878000755	0.01555344262	0.09182572033	0.03723586646	0.04460121754	0.04633151883	0.1003927107	-0.07912012419	-0.07789551218	-0.07971076926	0.09208696498	-0.07878098528	-0.07845431873	0.1278049128	-0.07445580091	-0.0789908407	-0.07776836781	-0.07649477774	0.006432225489	-0.07746363854	0.0961524852	-0.07624168492	-0.04871611217	0.1009039943	0.0116555918	-0.07718813734	0.04507352094	-0.07891201725	0.09921539188	-0.07839900629	0.1276945245	-0.0793183781	-0.07729615809	-0.07900102504	-0.08031383405	-0.07781031544	-0.07807777947	-0.07669465331	-0.07911142003	-0.04953935706	-0.07712124999	-0.0782392109	-0.07845311211	-0.07943243989	0.04667881375	-0.07305288403	0.007802043506	-0.04952565201	-0.07839630065	-0.04896308431	0.07473690912	0.04412814742	-0.07767620259	-0.04883281842	0.04089245821	-0.07715638437	-0.07590859949	-0.04659689751	-0.07645148817	-0.03849160121	-0.07838749105	-0.07886661113	-0.04755231054	-0.05073650407	0.1324343111	-0.04806828427	0.0408023688	0.1367531414	-0.07495212309	-0.07824478331	-0.07734935351	0.1327909797	0.07292378596	-0.05109391609	-0.05091098588	-0.05029985466	0.1206423761	-0.04946819311	-0.05037401386	-0.07814640426	-0.04865526737	0.05188922192	0.03608757024	-0.05153828018	-0.07953781031	-0.07895824915	-0.07723096635	0.09943082617	-0.07990448946	-0.07650206161	-0.07656906128	-0.05007635097	-0.050494006	-0.07958670992	-0.07974465138	-0.07632505532	-0.05147407358	-0.07764474199	-0.07918974028	-0.07913927257	-0.0779740538
0.01755467899	0.01828750015	-0.01098149053	-0.01439544618	0.09908413217	-0.03230773606	-0.08007468075	-0.1262482656	-0.07999583151	-0.08019875316	-0.08008915097	-0.04581784915	0.01795316894	0.01719746777	-0.04589856503	-0.04558867587	-0.04529899118	-0.04588271119	-0.03077497676	-0.03137474719	-0.1317422867	-0.1375715344	-0.1373677695	-0.04593528923	-0.04582488244	-0.03329050404	-0.03133805378	-0.0318816512	-0.03209943769	-0.03158752417	-0.1139155196	-0.09147296231	-0.1087814532	-0.1094966612	-0.03326177402	-0.08041653463	-0.08017804228	0.1007223006	0.1006764003	0.1011828475	0.09942599333	-0.07819236996	-0.0457515973	-0.01583393922	-0.029579889	-0.1992238264	-0.07817169956	0.1133554105	-0.1988158295	-0.03967301771	0.01820768185	-0.03084679503	-0.01030971294	-0.03174288748	-0.009072350762	0.01806284324	0.01845705633	-0.1204542789	0.01797297668	0.01745805936	-0.03124534236	-0.03123731	-0.03218077673	0.0181282009	-0.01497811105	-0.01519386073	-0.0151111171	-0.01408789117	-0.01470666598	-0.01508153116	0.09954177825	-0.07837390233	-0.07837390233	-0.07837390233	-0.02948126946	-0.02959081578	0.01726707537	-0.07825015077	-0.03186257627	-0.1913540094	-0.1860721496	0.09953889753	0.09984552198	-0.03212027197	0.09917167689	0.09962492831	-0.1983398342	-0.07825780513	0.01855076593	0.1004051452	0.1001576384	0.01794205071	0.1006197759	0.09987524459	0.09969633917	0.0182151568	0.01766080647	0.09641020276	0.01609936658	0.09977773432	0.1002453596	-0.1861372898	0.1004980894	0.09937655377	0.09959800805	0.01703027023	0.09953955309	-0.1453176333	0.1003462191	0.01649202779	0.09979013443	0.01856356251	0.01639269882	-0.06818183648	-0.1435348432	-0.1081099822	-0.1188867874	-0.08414130315	-0.1409459107	0.09892110784	0.1009961575	0.1006051852	-0.07574871832	0.1005182793	0.09948629634	-0.1864694706	0.09742792904	0.09718353001	0.1007547113	0.0987315783	-0.07173259065	0.1005507878	-0.140159133	0.09647400833	0.01496207974	-0.1398911673	-0.07144741822	0.09735585396	-0.1226262974	0.09945187756	-0.1410363099	0.09709603967	-0.1859398521	0.09970915656	0.0991161388	0.09961891478	0.09993648517	0.09686954082	0.09660207679	0.09581136374	0.09726802985	0.0140029699	0.09647168666	0.100439859	0.09840058335	0.09959509477	-0.1202058149	0.09546582022	-0.06268063509	0.01945127296	0.1010388289	0.01745923642	-0.1307804211	-0.1128383399	0.09713951862	0.01633988795	-0.110775296	0.09616482239	0.09551049796	0.08326452803	0.09523933919	0.01338191611	0.1000965838	0.1001970229	0.01507506115	0.01955201473	-0.1984586297	0.01547404269	-0.04435401904	-0.1954905193	0.09599981311	0.1004925471	0.0971946378	-0.1978641064	-0.1383230462	0.01917516397	0.01725074939	0.01759015071	-0.194949004	0.01516105345	0.01873877606	0.1006357487	0.01801811658	-0.1505667772	-0.1231525218	0.01621586024	0.09772348001	0.09898594746	0.09622610536	-0.1417719303	0.09964838968	0.1005761345	0.09783906507	0.017045084	0.01603734987	0.09937418163	0.09985110728	0.09713201638	0.01785087984	0.09771443902	0.09902260468	0.09635577339	0.100486554
-0.1317144857	-0.1300306099	-0.05617810336	-0.0530705414	-0.1983798895	-0.01147398308	0.09564511551	0.2984511016	0.09545223485	0.0955210431	0.09496093362	0.003683408332	-0.1302651756	-0.1281177403	0.003874422353	0.003640851711	0.003522941554	0.004162006096	-0.00269747669	-0.003611881745	0.3242257352	0.3475308689	0.3583396195	0.004563165715	0.004219834842	-0.001451690086	-0.003846918236	-0.003575325957	-0.00253150934	-0.003688793773	0.2782967087	0.1923953343	0.264882646	0.2658087469	-0.001287095117	0.09543912657	0.09581348388	-0.198949364	-0.1985389632	-0.1988650586	-0.1981108364	0.1319012587	0.02738384172	-0.03929216002	-0.0106647089	0.6887942473	0.1317860642	-0.1988158295	0.9032313214	0.002219802556	-0.1303821581	-0.001689049427	-0.0554776118	-0.002757237488	-0.05603520795	-0.1302552668	-0.1303424598	0.3006376175	-0.1309349547	-0.1309959157	-0.01285715848	-0.003304775888	-0.002787531885	-0.1299181793	-0.05324561142	-0.05305376625	-0.05301002691	-0.05371404104	-0.05365349111	-0.05362076143	-0.1989071018	0.1315838614	0.1315838614	0.1315838614	-0.003620513323	-0.003865924593	-0.1301955406	0.1349683717	-0.00342038608	0.6389362004	0.5987334229	-0.1986068992	-0.1992826828	-0.003134621972	-0.1994130681	-0.198280492	0.839219498	0.1337379328	-0.1308542637	-0.1997803	-0.1997142822	-0.1311912491	-0.1990985081	-0.19979642	-0.1991893786	-0.1307434595	-0.1322521245	-0.1976909989	-0.1299090393	-0.1998939303	-0.1988828452	0.599906669	-0.1983952607	-0.1960444789	-0.1991226019	-0.130880245	-0.1980941373	0.4322250505	-0.1994613105	-0.1300598379	-0.1983395912	-0.1296776391	-0.1283929225	0.2690813856	0.4347528006	0.2750034752	0.33360273	0.2548881633	0.4001147367	-0.1986773346	-0.1984037772	-0.1995397095	0.09820483358	-0.1992489459	-0.1993701786	0.6007579548	-0.1955075257	-0.1993632408	-0.1988200926	-0.1975465026	0.304931467	-0.1985153634	0.4191074178	-0.1959347602	-0.129118582	0.4003542904	0.2954814187	-0.1974246725	0.3575668523	-0.1994702326	0.4028775015	-0.1994507311	0.5979302675	-0.1992831833	-0.1979402881	-0.1988299653	-0.2000069094	-0.1984544454	-0.1985860445	-0.1967953235	-0.1993479552	-0.1291522721	-0.1962708655	-0.1991550708	-0.1984179173	-0.1988537853	0.3390886011	-0.1935611491	0.2493117063	-0.1296820268	-0.1983611059	-0.1288976796	0.3945772018	0.2965691708	-0.1988637924	-0.1293967881	0.2994474044	-0.198615704	-0.1953299449	-0.1694148667	-0.1972314831	-0.1194631657	-0.1993033509	-0.1986641979	-0.1283880101	-0.1308928789	0.8361117707	-0.1282246591	0.008742186389	0.8031772317	-0.1954603881	-0.1980737236	-0.1970424288	0.8316976879	0.4434532408	-0.1307068311	-0.1305239009	-0.1301844996	0.8099526609	-0.1301680277	-0.1306349002	-0.1988404846	-0.1281323174	0.530005132	0.3882534671	-0.1312870601	-0.2003178052	-0.1997382441	-0.1980109613	0.4133034122	-0.2000051596	-0.1972820565	-0.1966697315	-0.1299609959	-0.1305145158	-0.2000949749	-0.2003028668	-0.1969691853	-0.1317663133	-0.1973378173	-0.1994262754	-0.198424753	-0.1981702845
-0.02229824569	-0.02224474929	0.09073686294	0.07550265662	-0.04032399732	0.06764630478	0.08319049518	0.03206488924	0.08313347946	0.08238709801	0.0827684301	0.0488355269	-0.0231225403	-0.0231215973	0.04848308112	0.04770605068	0.04813160032	0.04877066486	0.0690412674	0.06830563202	0.0271996794	0.02406326212	0.02248453914	0.04849249973	0.04910022351	0.06938469927	0.06779886563	0.06929324246	0.06798853637	0.06809285504	-0.01009383033	-0.007275392239	-0.0120952373	-0.007908377509	0.06927176915	0.08284864129	0.08308713364	-0.04048587695	-0.04080350719	-0.04002533011	-0.03937561943	0.03982977754	0.08541044607	0.05640172004	0.03755378503	-0.002932572692	0.03971458298	-0.03967301771	0.002219802556	0.2746742301	-0.02232456759	0.06780306135	0.08929302915	0.06902441133	0.0896569738	-0.02206181134	-0.02255659921	0.03071891647	-0.02364619236	-0.02280246018	0.0672122523	0.06888446778	0.06872818222	-0.02253991349	0.07587104639	0.07538356682	0.07488384635	0.07485915697	0.07587076156	0.07590349124	-0.03867737041	0.03951238021	0.03951238021	0.03951238021	0.06476451174	0.06420036516	-0.02244418918	0.03895680702	0.06877465277	0.006570827979	0.009936479338	-0.03889686601	-0.03905295143	0.06891875674	-0.03891160682	-0.039545275	0.001220509595	0.03935674751	-0.02483464747	-0.04093889734	-0.03901256495	-0.02462817298	-0.04066470024	-0.03983841852	-0.04140521632	-0.02326814729	-0.02409422752	-0.0399068366	-0.02429701791	-0.04061525354	-0.04123454784	0.01068652881	-0.04090094362	-0.0415598939	-0.04161016952	-0.024045439	-0.04085343477	0.01821927251	-0.04126955334	-0.02376849175	-0.04055542888	-0.02382356699	-0.02305263102	-0.02189638272	0.02747463485	0.00026575387	-0.001136369762	-0.001444042725	0.02313445492	-0.03902631092	-0.04021202003	-0.03978780267	0.05151224579	-0.03960297868	-0.03981977193	0.01166534824	-0.0411565169	-0.04076388875	-0.04144352517	-0.04160184315	-0.01933321412	-0.04086706599	0.02663853161	-0.03978097733	-0.0228528707	0.02500438801	-0.02144655513	-0.04031983489	0.002732557399	-0.04134870516	0.02453857019	-0.04003618939	0.01061544099	-0.0409555612	-0.04110718039	-0.04145339784	-0.0412716924	-0.03944749854	-0.04120947702	-0.03928289106	-0.04040765901	-0.02367611558	-0.03903016299	-0.04058539799	-0.03937572247	-0.04147721784	0.001916749672	-0.04012466514	-0.02217520956	-0.02311895073	-0.0404410786	-0.02318247767	0.03185248578	0.002466508629	-0.03985684549	-0.022284457	0.003578497826	-0.03974462212	-0.03999135169	-0.03790933723	-0.03931145582	-0.02235948753	-0.040432269	-0.04196220929	-0.02260402433	-0.02378634299	0.001912417667	-0.02125398814	0.0759044269	0.001781541172	-0.04012179489	-0.04128547698	-0.03912240156	0.002681258265	0.02657250915	-0.02377239081	-0.02300977014	-0.02484420804	-0.000498326819	-0.02292562688	-0.02328798783	-0.04037699751	-0.02408628443	-0.01082802738	0.003429117547	-0.02350095231	-0.04022393875	-0.04025165838	-0.0398192041	0.02162911061	-0.03992940848	-0.04085654371	-0.04160286814	-0.02444145917	-0.02272865522	-0.04084913757	-0.04151928528	-0.03986434773	-0.02430345239	-0.04050470964	-0.04109865328	-0.04091232062	-0.04147724682
0.1181883436	0.1171549204	-0.02474611401	-0.03223601817	0.01956087277	0.01669724746	-0.0502266552	-0.0662382211	-0.05027982568	-0.04939967296	-0.04915420582	-0.0113504153	0.1169564542	0.1141627787	-0.01102353633	-0.01071364717	-0.01028809753	-0.01114354744	-0.0774189182	-0.07679590408	-0.07363435149	-0.0783766796	-0.08145610403	-0.01201131518	-0.01081398879	-0.07748887637	-0.07730267047	-0.07716694314	-0.07711299973	-0.07619349136	-0.05010125654	-0.02860975386	-0.04904313864	-0.04812796721	-0.07800360616	-0.05016091424	-0.05033001673	0.01861760716	0.01666959752	0.01720739815	0.01883827275	-0.05092577847	-0.01322527705	-0.03136480706	0.0006757313933	-0.1331639463	-0.05090510808	0.01820768185	-0.1303821581	-0.02232456759	0.1303898672	-0.07742927375	-0.02624817563	-0.07662058457	-0.02555427325	0.1181576425	0.1171932061	-0.08068811197	0.1167986299	0.1182275889	0.01721618137	-0.07665846689	-0.07678674392	0.1165880263	-0.03146003354	-0.03194751312	-0.03258309853	-0.03192846316	-0.03227550807	-0.03210691345	0.0198826539	-0.05110731084	-0.05110731084	-0.05110731084	-0.07734799546	-0.07650648713	0.1173975846	-0.05166288403	-0.07660440841	-0.1276108832	-0.1223937514	0.0187434571	0.01896361308	-0.07604691441	0.01910495769	0.01955820911	-0.1302586426	-0.05126294355	0.1153802119	0.01830045172	0.01927572946	0.1155866864	0.01715643291	0.01777055114	0.01623299622	0.1159956575	0.1160564248	0.01498483406	0.1140157322	0.01753717592	0.01759720637	-0.1219154319	0.01757820623	0.01604907576	0.01708571974	0.1149466358	0.01757072459	-0.09305189098	0.01735071298	0.1137290687	0.01623835108	0.1150511796	0.1137656046	-0.04702916776	-0.08923112665	-0.02975816938	-0.04365986843	-0.03201142577	-0.08868016838	0.01885438864	0.01712521972	0.01958741134	-0.03489563181	0.01709524076	0.01751746783	-0.1228763085	0.01532323558	0.01711681081	0.01698063419	0.01499650545	-0.04609637856	0.01695157986	-0.08667060613	0.01586382932	0.1145088248	-0.08979926418	-0.05029474949	0.01633808011	-0.04807870323	0.0173471841	-0.08931402736	0.01594240086	-0.1217179942	0.01651754351	0.01578866079	0.01710662647	0.01756006181	0.01517244221	0.01572016789	0.01479358989	0.01686036652	0.1147724995	0.01545391281	0.01711238096	0.01670348475	0.01803386112	-0.04525062587	0.01444804636	-0.04527002035	0.1160089891	0.0167602962	0.1141528175	-0.07837881377	-0.03747555599	0.01775212417	0.1149355783	-0.03527664719	0.01582637329	0.01557964371	0.009036156451	0.01544434989	0.1092603075	0.01772016046	0.01730849322	0.1131272917	0.1161097308	-0.1300249583	0.1136621382	0.009134507842	-0.128693636	0.01525376915	0.01681864564	0.0173996485	-0.1298380299	-0.08768768324	0.1165526642	0.1159823047	0.1159141112	-0.1244773584	0.1145719335	0.1158758999	0.01825932534	0.1151192925	-0.1170967595	-0.04697454824	0.1168495249	0.017113301	0.01756057875	0.01561592636	-0.08991378278	0.01808715603	0.0169769266	0.01580935369	0.1148986441	0.1140895804	0.01754121807	0.01672095694	0.01529905283	0.1160389753	0.01506628576	0.01732550607	0.01615318924	0.01726474946
-0.07808227661	-0.0783005101	0.09017039859	0.08846629052	-0.03187771049	-0.02123430895	0.0468300862	0.004909611412	0.04731653029	0.04792879835	0.04749494073	0.03584895531	-0.07758908703	-0.0762076371	0.03568877126	0.03586279546	0.03636781329	0.03591995823	0.2390597178	0.2375883609	-0.0002424500676	0.003334241767	0.004991755627	0.03653138503	0.03557019212	0.2355187337	0.238711974	0.2372787846	0.2389876294	0.236485992	-0.003893008469	0.0002790131822	-0.00351030905	-0.002448343113	0.234732274	0.04839034162	0.04822123913	-0.03249284943	-0.03151329288	-0.03236042926	-0.03201610663	0.0486127627	-0.001459039899	0.09944790472	0.004046540014	-0.008075744931	0.04863343309	-0.03084679503	-0.001689049427	0.06780306135	-0.07742927375	0.2550244913	0.09169258335	0.2465205	0.09140021361	-0.07906862681	-0.07942754972	0.02607579352	-0.07793570882	-0.07829023922	-0.02207402455	0.2441729135	0.2441805014	-0.07818807945	0.08778546485	0.08671682132	0.08720585966	0.08727933108	0.08737758517	0.08805193544	-0.03237111907	0.04843123032	0.04843123032	0.04843123032	0.2198428836	0.2200939267	-0.07748028829	0.04855498188	0.2451780266	0.0002728036635	0.004997104525	-0.03109610021	-0.03212883804	0.2445127361	-0.03274122042	-0.0328314288	-0.002233963852	0.04841146257	-0.07891389674	-0.0314333499	-0.0329780435	-0.07938674701	-0.0311591528	-0.03209911544	-0.03210993607	-0.07782683016	-0.07869157326	-0.03408764828	-0.07812254274	-0.03355527521	-0.03180846858	0.004660234395	-0.03060660678	-0.03104689504	-0.03224048703	-0.07863191743	-0.03161961723	-0.002002611974	-0.03292532774	-0.0792858587	-0.0308255761	-0.07911165864	-0.07810094041	-0.01474377696	-0.0009693763519	-0.02118539781	-0.02216420548	-0.02744248483	-0.003407446986	-0.03200548684	-0.03138579735	-0.03273199686	0.01127321598	-0.03302499743	-0.03289565854	0.005367323924	-0.03120567046	-0.0330989879	-0.03158026315	-0.03042968566	-0.01441084434	-0.03136151855	-0.001162385493	-0.03265953628	-0.07803704504	-0.00262443349	-0.01761110495	-0.03273440222	-0.01783128669	-0.03299571256	-0.001459871914	-0.03264808439	0.005129402012	-0.03226520347	-0.03082024697	-0.0327630401	-0.03285306456	-0.03232605749	-0.03308058455	-0.03270490981	-0.03241463149	-0.07994720952	-0.03232138274	-0.03189504025	-0.0324304603	-0.03326885719	-0.01799223824	-0.03101581822	-0.01454130863	-0.0774699299	-0.03168925815	-0.0771522623	0.01897654708	-0.01510830656	-0.03186381797	-0.07869721108	-0.02282753912	-0.0339254338	-0.03349283862	-0.02701484885	-0.03226948295	-0.07357433622	-0.03187777621	-0.03243129852	-0.07945467746	-0.07834758935	-0.001739444481	-0.0778582747	-0.009677265644	-0.0009493873273	-0.03100194938	-0.03087904645	-0.03289561839	-0.001903714108	0.0207523094	-0.07841570214	-0.07817593902	-0.07810826761	-0.005706877155	-0.07906085587	-0.07872588661	-0.03100731503	-0.07721447905	-0.01302959527	-0.01852947543	-0.08050801496	-0.03331783083	-0.03197947674	-0.03223377143	-0.005320386139	-0.03317933163	-0.03085476572	-0.03141799595	-0.07747976285	-0.07845628936	-0.03267458064	-0.03246846178	-0.0310561305	-0.07860316177	-0.03338326859	-0.03193923798	-0.03414207765	-0.03058768654
-0.02717290838	-0.02657595218	0.2072145948	0.1071230225	-0.01072276637	0.03684449889	0.01890811684	-0.01268946599	0.02007388568	0.01959923413	0.01970883632	0.01691400075	-0.02626705801	-0.02591613091	0.01638278529	0.01696440435	0.01675353397	0.01721382884	0.090906364	0.09151582926	-0.0176155587	-0.02387686984	-0.02494802187	0.01815844826	0.01659233283	0.08864901776	0.09118783254	0.09064423512	0.09038354391	0.09103132238	-0.04793124328	-0.04208532394	-0.04568238445	-0.04669684511	0.08827015293	0.01965318256	0.02002753986	-0.01053620766	-0.010582108	-0.01061912062	-0.01064873468	0.002622976643	0.04123608037	0.07472077907	0.02706070151	-0.06067228463	0.002507782084	-0.01030971294	-0.0554776118	0.08929302915	-0.02624817563	0.09169258335	0.2194638835	0.09114768897	0.2087161397	-0.02571368948	-0.02675193715	-0.01396045669	-0.02630411112	-0.02613970369	0.03654824309	0.09138153655	0.09098152962	-0.02709994155	0.1066762225	0.106052878	0.1066400771	0.1067512527	0.1065400727	0.1071162622	-0.01040098524	0.002305579318	0.002305579318	0.002305579318	0.1002025545	0.1000460028	-0.02705291715	0.002293465927	0.09093503995	-0.05047225565	-0.04748920512	-0.01062048084	-0.01023310645	0.09117789933	-0.0107710866	-0.01099715993	-0.0554354871	0.002557541464	-0.02626978168	-0.009507939073	-0.01019271998	-0.02705726656	-0.009369606924	-0.0103392488	-0.01081912699	-0.02569724088	-0.02628769058	-0.01306673804	-0.02889995069	-0.01057262402	-0.01092018842	-0.04578810099	-0.0094182738	-0.009207560221	-0.01007302554	-0.0281825491	-0.01008857577	-0.02507645712	-0.01068346402	-0.02877901939	-0.01001676411	-0.02702422886	-0.02860661846	-0.02421912521	-0.01995527112	-0.04024471055	-0.04151096923	-0.02213168273	-0.02026240727	-0.0108857907	-0.009761795659	-0.0104244979	0.01622882827	-0.01051140381	-0.009913007352	-0.0462561467	-0.01165734717	-0.01330269328	-0.01017811109	-0.01135076472	-0.02282423328	-0.01096030142	-0.02015495433	-0.01313497156	-0.02881445299	-0.02192496288	-0.02421534482	-0.01217931467	-0.04063107098	-0.01171367048	-0.02334183536	-0.01230326402	-0.04640585298	-0.01005483726	-0.01010439522	-0.01113903841	-0.01200134786	-0.01293735772	-0.01355418876	-0.01298625231	-0.01185954394	-0.02895837312	-0.01382044384	-0.009383264902	-0.01194977499	-0.01115962354	-0.03995236425	-0.01078669669	-0.01846932315	-0.02500458451	-0.009944714627	-0.0243887867	-0.01614587402	-0.03926674034	-0.01321083972	-0.02933875408	-0.03896994085	-0.0132344813	-0.01301538819	-0.01205480889	-0.0130730449	-0.02570466104	-0.01134069413	-0.009603070279	-0.03036795036	-0.02658012671	-0.05579973675	-0.02892358695	0.03603483488	-0.05416821413	-0.01218820692	-0.01009475643	-0.01350508756	-0.05406510144	-0.0221051754	-0.0255524234	-0.02734097303	-0.02550705727	-0.05658963248	-0.02950830609	-0.02721159587	-0.009612138516	-0.02406017723	-0.05423633473	-0.04024234011	-0.02751776776	-0.01303447319	-0.01089476233	-0.01338670039	-0.02446527509	-0.01165302331	-0.00972808423	-0.01291888812	-0.02596287832	-0.02909783236	-0.01151963651	-0.01116202113	-0.01234492442	-0.0262820464	-0.01440216368	-0.01024083406	-0.0122283406	-0.01051966202
-0.07713772248	-0.07722009102	0.09133028585	0.08805219515	-0.03146695752	-0.02129720624	0.04755792673	0.004126672608	0.04709331616	0.04811317907	0.0469999967	0.03616413504	-0.07745465666	-0.0770373885	0.03608341916	0.03598571347	0.03600366826	0.0355558132	0.2390766474	0.2387801931	-0.0009145556435	0.00190969095	0.003205333624	0.03622870272	0.03642883165	0.2355917013	0.2379517464	0.2386808839	0.2379441596	0.2377022761	-0.004886794295	-0.0003880264499	-0.004800276661	-0.003330715874	0.2356204314	0.04816712749	0.0477262951	-0.03141887677	-0.03105718226	-0.03128001018	-0.03029710688	0.04780985811	-0.002633308679	0.1003360621	0.003551595985	-0.008249275112	0.04783052851	-0.03174288748	-0.002757237488	0.06902441133	-0.07662058457	0.2465205	0.09114768897	0.2538691797	0.09174491116	-0.07853166753	-0.07834713064	0.02608807864	-0.07671583594	-0.07666636034	-0.02184682784	0.2448457377	0.2459901956	-0.07697179542	0.08832626936	0.0883407002	0.08869387359	0.08768042541	0.0880504094	0.08831716482	-0.03129069999	0.04762832574	0.04762832574	0.04762832574	0.2209393245	0.2214930811	-0.07756119105	0.04788794225	0.2461225808	-0.0005800512682	0.004465929843	-0.03055914093	-0.03134460075	0.2457290201	-0.03201844584	-0.03107168497	-0.003448911694	0.04774442294	-0.07885893455	-0.03069906295	-0.03244108422	-0.07904169081	-0.03186942996	-0.03109309859	-0.0320092632	-0.07824348902	-0.07783293373	-0.03265603112	-0.07832130499	-0.03227752846	-0.03153817326	0.004400789614	-0.03090928909	-0.03099837927	-0.03218552484	-0.07793386113	-0.03129292514	-0.002855466906	-0.0319205316	-0.07950907283	-0.03153585326	-0.07906407228	-0.07802797275	-0.01627595664	-0.001278771483	-0.02258171254	-0.02404758324	-0.02883879956	-0.003988572017	-0.03177550544	-0.0310091549	-0.03151571283	0.01066685888	-0.03230222285	-0.0318896417	0.004697983262	-0.03205181257	-0.03283375852	-0.03112921847	-0.03136200877	-0.01519764385	-0.03193593076	-0.001571414921	-0.03225844195	-0.07809994233	-0.003069693571	-0.01831875382	-0.03238970466	-0.01868414162	-0.03292238627	-0.002312726846	-0.03219197376	0.00432649743	-0.03248197117	-0.03171633943	-0.03265812756	-0.03225464257	-0.03206082811	-0.03336526139	-0.03176035568	-0.03206993393	-0.07933078207	-0.03232281731	-0.03156545347	-0.03224607958	-0.03286776286	-0.01925268802	-0.03192008391	-0.01471483881	-0.07755083266	-0.03115229887	-0.07748653085	0.01758957345	-0.01623289139	-0.03138325546	-0.07835251352	-0.02490317861	-0.03366665084	-0.03246881631	-0.02836121324	-0.03178892044	-0.07536011432	-0.03209454392	-0.0323878487	-0.07843065515	-0.07780773539	-0.002943497492	-0.07718038452	-0.01045571834	-0.00146990146	-0.03227757927	-0.03161200499	-0.03268678578	-0.00297510653	0.01908426476	-0.0790497262	-0.07689819227	-0.07827508497	-0.006302101379	-0.07866236273	-0.07794164932	-0.03106985368	-0.07764918107	-0.01376350432	-0.01965406026	-0.07929173093	-0.03242967347	-0.03184626708	-0.03202493882	-0.005358051369	-0.03254273805	-0.03107153342	-0.03253586796	-0.07825540899	-0.0781115918	-0.0317300265	-0.0326899244	-0.03188426715	-0.07887119927	-0.03298217426	-0.0314881933	-0.03284632544	-0.03154524172
-0.02647900601	-0.0275124292	0.2059813939	0.1066467834	-0.01070818874	0.03751340724	0.01936502171	-0.01240687841	0.0195797359	0.0195126792	0.01962228139	0.01734591159	-0.02608051605	-0.02698847288	0.01658587096	0.01716749002	0.01745717471	0.0163299949	0.09162590229	0.09143372671	-0.01882748558	-0.02400187711	-0.0261302469	0.01822566898	0.01747474325	0.08951796986	0.09119869022	0.09106268765	0.09138836095	0.09108508478	-0.04729556874	-0.04148810174	-0.04508516225	-0.04511011592	0.08981842978	0.01997422248	0.02021271483	-0.00988521	-0.01074630004	-0.01010398791	-0.01102319391	0.001682779666	0.04006260584	0.07491040642	0.02647359149	-0.06174834655	0.001567585107	-0.009072350762	-0.05603520795	0.0896569738	-0.02555427325	0.09140021361	0.2087161397	0.09174491116	0.2182162699	-0.0258349768	-0.02652768332	-0.01408546396	-0.02692225952	-0.02548870603	0.03776061124	0.09143529895	0.09130702192	-0.0267206738	0.1067434432	0.1070711534	0.1073866226	0.1066826085	0.1060638337	0.107047618	-0.01011467772	0.001365382341	0.001365382341	0.001365382341	0.1009356416	0.1006902304	-0.02690247457	0.00135326895	0.09121762752	-0.05141245263	-0.04872612602	-0.01006244341	-0.009675069028	0.09055233698	-0.01129996877	-0.01030325755	-0.0555854884	0.001481479537	-0.02602637887	-0.008949901646	-0.0105857372	-0.02690682399	-0.009626759199	-0.00991707632	-0.009853494716	-0.0258185282	-0.02664460842	-0.0121593336	-0.02834191327	-0.01069391134	-0.01090561079	-0.04648156209	-0.01021888588	-0.009328847545	-0.01046604277	-0.02768273951	-0.01079622762	-0.02604164812	-0.01053302144	-0.02849271186	-0.009186996784	-0.0266632278	-0.02736925628	-0.02471849353	-0.01963944973	-0.03964748835	-0.04213653159	-0.02274378677	-0.02112646572	-0.01005602337	-0.009203758232	-0.01095338007	0.01608254692	-0.01104028598	-0.01098534933	-0.04708547275	-0.01109930975	-0.01369571051	-0.01002766851	-0.01042803716	-0.02229118988	-0.01032845274	-0.02033968802	-0.01223139298	-0.02771295576	-0.02319661617	-0.02358934119	-0.012300602	-0.04016971373	-0.01169909286	-0.0242058938	-0.0128321462	-0.04777863883	-0.01144181385	-0.009181667659	-0.01044513604	-0.01121448525	-0.0129227801	-0.01359783897	-0.01262230767	-0.01252429107	-0.02853620064	-0.0131847693	-0.009955051798	-0.01098414271	-0.01155587564	-0.03989860186	-0.01052228209	-0.01983445226	-0.02566933164	-0.009704546701	-0.02570017409	-0.01743543801	-0.0393488429	-0.01224520745	-0.0289165816	-0.0387803135	-0.01362749853	-0.0127873085	-0.0126221434	-0.01265087242	-0.02654377676	-0.01146198145	-0.00905183819	-0.02868689395	-0.0249780744	-0.05622146795	-0.02788031755	0.03544772487	-0.05470081626	-0.0129177517	-0.009524079177	-0.01259768311	-0.05421510274	-0.02380233424	-0.02635303548	-0.02719053045	-0.02671526419	-0.05665641192	-0.02873676659	-0.02638182854	-0.009368735711	-0.02560797357	-0.05546856316	-0.03974488348	-0.02713850001	-0.01193297596	-0.01080637346	-0.0128868908	-0.02534910902	-0.01272536528	-0.009352051354	-0.01276844554	-0.0259483007	-0.02813220008	-0.01204851869	-0.01175694047	-0.01211684473	-0.02563104875	-0.0134365314	-0.01104144613	-0.01207789802	-0.01114830977
0.1188632892	0.1178252715	-0.02502681756	-0.03265258667	0.01982362902	0.01750346352	-0.05035264173	-0.06556787	-0.05083610437	-0.05022383631	-0.04957077432	-0.01190284875	0.1165398857	0.1158566031	-0.01076078008	-0.01031502597	-0.01056880108	-0.01060906128	-0.07878654135	-0.07775593238	-0.07309986534	-0.07768821317	-0.08096862329	-0.01106923418	-0.01068709749	-0.07912822943	-0.07853442867	-0.07853456629	-0.07902408269	-0.07701765471	-0.05037736562	-0.02874999799	-0.04823692259	-0.04786521096	-0.07896363446	-0.05098507759	-0.05074658524	0.01792930876	0.01693235377	0.0174701544	0.0182858393	-0.05079888717	-0.01228319605	-0.03150505119	0.001364934569	-0.1337163798	-0.05077821678	0.01806284324	-0.1302552668	-0.02206181134	0.1181576425	-0.07906862681	-0.02571368948	-0.07853166753	-0.0258349768	0.1307796702	0.1192177676	-0.08137641037	0.1176467684	0.1180827503	0.01693547782	-0.07775436014	-0.07788263717	0.1173942424	-0.03255592679	-0.03236408162	-0.03245620723	-0.03248089661	-0.03187688687	-0.0329310768	0.020553005	-0.05098041954	-0.05098041954	-0.05098041954	-0.07871561861	-0.07832871054	0.1183396656	-0.05167185768	-0.07770030167	-0.1278184189	-0.1233537797	0.01927794325	0.01949809923	-0.07755040251	0.02059049849	0.01982096536	-0.1298600214	-0.05113605225	0.1163222929	0.01801974817	0.02076127026	0.1168004973	0.01714745926	0.01816917234	0.01690334732	0.1165301436	0.1171343708	0.01511172536	0.1140067585	0.01766406722	0.01772409767	-0.1227395952	0.01704388811	0.01712702171	0.01734847599	0.1160245818	0.01796934579	-0.09183808008	0.01633044267	0.1139918249	0.01731629703	0.1167428397	0.1140283609	-0.04703354694	-0.0881531807	-0.02949541313	-0.04366884208	-0.03229212932	-0.08746635747	0.01925300984	0.01806730073	0.01930670779	-0.03354595595	0.01844491661	0.01764435913	-0.1235270201	0.01436320728	0.01588505261	0.01737925539	0.01566685655	-0.04556189241	0.01748606602	-0.08545679523	0.01503966597	0.1138205264	-0.08872131823	-0.05003199324	0.01510632191	-0.04808767688	0.0182892651	-0.08877954121	0.01566169731	-0.1226780225	0.01732375956	0.01577968714	0.01791284252	0.01700762836	0.01489173866	0.01557532929	0.01437702139	0.01522101347	0.1140842011	0.01558080411	0.01791859701	0.0164227812	0.01884007717	-0.04512373457	0.01484666756	-0.0447355342	0.1166793402	0.01770237721	0.1150948985	-0.07852365237	-0.03816385439	0.01584104121	0.1147907397	-0.03514975589	0.01513807488	0.01366856076	0.008922720598	0.01475605148	0.109367107	0.01825464661	0.01784297937	0.1129824531	0.1173235417	-0.1297622021	0.11243038	0.009668993993	-0.1287026096	0.0149730656	0.01715609542	0.01603202534	-0.1295752736	-0.08715319709	0.1168109814	0.1148864115	0.1159239896	-0.124551701	0.1145629599	0.1165418119	0.01852208159	0.1159255085	-0.1186282274	-0.04793457654	0.1180633358	0.01465875825	0.01714401025	0.01411243825	-0.08937929663	0.01863975751	0.0171038179	0.01444173054	0.1150883409	0.1146240666	0.01793983927	0.01725544309	0.01558066115	0.1172015165	0.01464971726	0.01677307262	0.01546489084	0.01766337066
0.1180347177	0.1172684299	-0.02653471379	-0.03293769834	0.0199461122	0.01755213545	-0.04937176722	-0.06571594589	-0.0502401274	-0.04976756953	-0.04952210239	-0.01096517587	0.1172058286	0.1162404513	-0.01084797309	-0.01100773249	-0.0109897777	-0.01041683393	-0.07812059837	-0.0779051791	-0.0730511934	-0.07725006172	-0.0812805408	-0.01053915615	-0.01015701946	-0.07927747615	-0.07841194549	-0.07759689341	-0.0777526262	-0.07798209113	-0.05032869369	-0.02910892091	-0.04832411561	-0.04808826893	-0.07952047603	-0.05039294586	-0.05001858855	0.01838557554	0.0171907019	0.01800407766	0.01908764723	-0.05075021523	-0.01209865916	-0.03145637926	0.00302513383	-0.1338035728	-0.05059367989	0.01845705633	-0.1303424598	-0.02255659921	0.1171932061	-0.07942754972	-0.02675193715	-0.07834713064	-0.02652768332	0.1192177676	0.1294225989	-0.08173533329	0.1171519805	0.1171183139	0.0168482848	-0.07803947181	-0.07776015399	0.1169732657	-0.03229757866	-0.03251332834	-0.03342064365	-0.03290187323	-0.03352064805	-0.03294445857	0.02026789333	-0.05079588266	-0.05079588266	-0.05079588266	-0.07832140553	-0.07815922195	0.1175110942	-0.0514873208	-0.07757781849	-0.1273621521	-0.1231692429	0.01839425675	0.01927504127	-0.07756378428	0.01949019712	0.01953585369	-0.1296754845	-0.05095151536	0.1163089112	0.01814223135	0.02014003772	0.1162436558	0.01754167234	0.01747646582	0.01824861505	0.1166526268	0.1158982045	0.01550593844	0.1130423221	0.0172430906	0.0177107159	-0.1228267882	0.01734617462	0.01758328849	0.01774268907	0.1157394701	0.01863528877	-0.09260459785	0.01781157535	0.114250173	0.01711962575	0.1163092233	0.1130639245	-0.04875111936	-0.08878383351	-0.03066952575	-0.044027765	-0.03224345739	-0.08864047009	0.01869616827	0.01743664791	0.01915746107	-0.03444833867	0.0183577236	0.01749511241	-0.1235159349	0.01549879881	0.01600753579	0.01777346847	0.01625898828	-0.04700773493	0.01831621578	-0.086223313	0.01559808584	0.1144864693	-0.0892161061	-0.05011918626	0.01550053499	-0.0484465998	0.01786828848	-0.08913846413	0.01646350525	-0.1224934856	0.01785383759	0.01569249413	0.01796151445	0.01808116619	0.01528595174	0.01610540732	0.01477123447	0.0162945513	0.1131197646	0.01570328729	0.01899213484	0.01749631903	0.0182832356	-0.04589025234	0.01530293435	-0.04468686226	0.1159128224	0.01891177999	0.1157608415	-0.07806738559	-0.0387945072	0.01569179449	0.1161980611	-0.03537281385	0.01539642301	0.01494001724	0.01057036919	0.01528612951	0.1105439391	0.01729021019	0.0172861378	0.1143277208	0.1167667002	-0.130121125	0.113096323	0.009445936025	-0.1287385328	0.01542933239	0.01750395681	0.01716761688	-0.1297451392	-0.08724039011	0.1169334646	0.1150088946	0.1147310249	-0.1251823538	0.114821308	0.1172077549	0.01850869982	0.1159097895	-0.1188512853	-0.04802176956	0.117914089	0.01600402598	0.01729483527	0.01497629989	-0.08960235459	0.01711374596	0.01796767954	0.01497180857	0.1148762887	0.1136596302	0.0171112678	0.01683446647	0.01636361701	0.115880755	0.01517979529	0.0174390156	0.01545150907	0.01724239404
-0.08011833027	-0.07992896892	-0.01450008927	-0.01370223147	-0.1204259337	0.01267745243	0.1514530844	0.2003240819	0.1519395285	0.1503779574	0.1506234245	0.03709818242	-0.08122593219	-0.07855955914	0.03742506139	0.03691976085	0.03664146378	0.03716918534	0.02612331747	0.02583828682	0.2160409601	0.2261990809	0.2251011232	0.03768168794	0.03733835707	0.02718328878	0.02505979053	0.02560311271	0.02583616554	0.02521791499	0.2594552536	0.1804066931	0.2535323483	0.2511028067	0.0272120188	0.1505677707	0.1508101083	-0.1222181928	-0.1212398102	-0.121597259	-0.1219231249	0.118418103	0.06345870836	0.00143479942	0.03114485285	0.3467864376	0.1185746383	-0.1204542789	0.3006376175	0.03071891647	-0.08068811197	0.02607579352	-0.01396045669	0.02608807864	-0.01408546396	-0.08137641037	-0.08173533329	0.753311532	-0.08042571883	-0.08129744359	0.01175182223	0.02641712258	0.02666776366	-0.08090089438	-0.01428489634	-0.01450064602	-0.01309825718	-0.01448159606	-0.01496450592	-0.0139807216	-0.1212248759	0.1183724356	0.1183724356	0.1183724356	0.02555792534	0.02544837902	-0.08054179884	0.118767917	0.02602978249	0.3805295553	0.3795624799	-0.1216108295	-0.121464592	0.02604381669	-0.1212987254	-0.120981339	0.3008130437	0.1180809379	-0.08129608254	-0.1213942274	-0.1218318004	-0.0815831175	-0.1209323888	-0.122521789	-0.1215167688	-0.08159287311	-0.08140695168	-0.1206880978	-0.08035085813	-0.1218041096	-0.1224234039	0.3725532755	-0.1217754324	-0.1198567674	-0.1214158541	-0.08037100913	-0.1206836413	0.191439833	-0.1210997599	-0.08156405436	-0.1216558445	-0.08161397233	-0.08030473383	0.07652822548	0.1951903677	0.1014959301	0.1222873893	0.1127408997	0.1776712876	-0.1219461633	-0.1208574162	-0.1221046916	0.08541595427	-0.1211994295	-0.1211444929	0.3719017156	-0.1190235624	-0.1223603396	-0.1220844955	-0.1203504953	0.0910475097	-0.1212407323	0.1877118335	-0.1196111838	-0.07972190062	0.1804922753	0.08200505623	-0.1204217713	0.1375689723	-0.122689111	0.1822002967	-0.1214967753	0.3716637936	-0.1209216327	-0.1212091168	-0.1206042796	-0.1216453587	-0.1218591391	-0.1209038186	-0.1200641522	-0.1218015942	-0.08122447026	-0.120219019	-0.1207935201	-0.1197601148	-0.1225056869	0.1287371859	-0.1176451675	0.06768990677	-0.07982759374	-0.1220130075	-0.079289548	0.1786552702	0.1150210717	-0.1206381067	-0.07943101201	0.1112664446	-0.1199824235	-0.1188705036	-0.1028755495	-0.1205003118	-0.07211166311	-0.1213493951	-0.1216681283	-0.07842223404	-0.08051950797	0.2986998532	-0.07904955075	0.04650463889	0.2975333269	-0.1189001262	-0.1217457213	-0.1203112576	0.2989361288	0.1999289346	-0.08087691999	-0.08150917947	-0.08100939124	0.2954623742	-0.07952292691	-0.08165153221	-0.1211433528	-0.07959666485	0.344384963	0.1447580336	-0.08172887893	-0.1220921195	-0.1217842883	-0.1206004653	0.1801060268	-0.1223229337	-0.1205508853	-0.1197781733	-0.08032209021	-0.08038835288	-0.1223097235	-0.1224348255	-0.1194228243	-0.08172423873	-0.1203349162	-0.1216081846	-0.1226201145	-0.1212672542
0.1164637185	0.1172814486	-0.02584237038	-0.03315004809	0.0190080762	0.0175494619	-0.05023599197	-0.06707726894	-0.05083646748	-0.04927314478	-0.04916354259	-0.01054456236	0.1161319277	0.1151769152	-0.01035354834	-0.01017952413	-0.009482244589	-0.009250774897	-0.07706366999	-0.07626178104	-0.0739810534	-0.07901897962	-0.08128321435	-0.009439217892	-0.009464676052	-0.07853877124	-0.07771960209	-0.07717627991	-0.0771223365	-0.07620282812	-0.05105705349	-0.02924745941	-0.0487807455	-0.04827316893	-0.07842053777	-0.05003438605	-0.05020348855	0.01847240544	0.0162526659	0.01626201478	0.01910066588	-0.05066338533	-0.01250892756	-0.03145905281	0.002343135531	-0.1339884728	-0.05064271494	0.01797297668	-0.1309349547	-0.02364619236	0.1167986299	-0.07793570882	-0.02630411112	-0.07671583594	-0.02692225952	0.1176467684	0.1171519805	-0.08042571883	0.1422074198	0.1293591781	0.0160340104	-0.07689317206	-0.07638848584	0.1292141299	-0.03264579336	-0.03245394818	-0.0325924353	-0.03207366488	-0.03278194314	-0.03293143991	0.01878639753	-0.05084491771	-0.05084491771	-0.05084491771	-0.07776492707	-0.07678755379	0.1160295984	-0.05126462595	-0.07697497853	-0.1281590853	-0.123082413	0.01779807373	0.01773149176	-0.07537692642	0.01868802608	0.01886954759	-0.1308114392	-0.05086468546	0.1150991453	0.01747592526	0.01920200172	0.1159453914	0.016242403	0.01721775457	0.0173605294	0.1153069959	0.1152469064	0.01497549729	0.1129658373	0.0176637041	0.01804182595	-0.1226040934	0.01716127462	0.01753425345	0.01671514962	0.1153448939	0.01815120913	-0.09285513309	0.01666205146	0.1134943635	0.01554968956	0.1154449985	0.1125798448	-0.04703391005	-0.08910459846	-0.02902443433	-0.04258228559	-0.03188489759	-0.08909709999	0.01875554842	0.01806693761	0.01815378983	-0.03490496857	0.0179474552	0.01769035752	-0.123429105	0.01544976377	0.01606691594	0.01724302733	0.01593822333	-0.04692090503	0.0170042968	-0.0866799429	0.01528358301	0.1127796051	-0.08980860095	-0.05111927596	0.0153776887	-0.04740871525	0.0169145676	-0.08986682392	0.01552546925	-0.1225425206	0.01746567012	0.01718433503	0.01750488456	0.01673553534	0.0142584123	0.01548546272	0.01360783007	0.01581047166	0.1136762431	0.01549093755	0.01742113559	0.01615068818	0.01748106455	-0.04548533104	0.01595511698	-0.04473589731	0.116814842	0.01761251064	0.1147368909	-0.07798055569	-0.03748489275	0.01597654305	0.1141574133	-0.03415270285	0.01559166812	0.01380406259	0.0103597128	0.01480204987	0.1107200352	0.0177571852	0.01767539785	0.1120773968	0.1158286642	-0.1307136198	0.1126122433	0.008628072776	-0.1295181624	0.01558441672	0.01759704883	0.01480887768	-0.1303908264	-0.08694746555	0.1165388884	0.1137096253	0.1149537198	-0.1256485968	0.1131144438	0.1152873108	0.01843580388	0.1161788459	-0.1182086324	-0.04711974995	0.117111918	0.01592754119	0.01754766045	0.01506312979	-0.09005898449	0.01812418076	0.01832623934	0.01584637842	0.1144817125	0.1130396856	0.01784997271	0.01848958122	0.01556144596	0.1156171354	0.01455985069	0.01690857446	0.01519279782	0.01737227016
0.1183897758	0.1176280825	-0.0254957365	-0.032034586	0.01935471009	0.01703454458	-0.05002522304	-0.06650526666	-0.05089742845	-0.0502851604	-0.04976796336	-0.01221138077	0.1155520289	0.1143642109	-0.01188450179	-0.01130288274	-0.01130944991	-0.01214037785	-0.07812563596	-0.07605101211	-0.07404201436	-0.07939360607	-0.08234159147	-0.01180988301	-0.01047669167	-0.07823849886	-0.07696537335	-0.07737310582	-0.0778581963	-0.07667138394	-0.05112260892	-0.02976697119	-0.04924930132	-0.04874172474	-0.07793803894	-0.05131813157	-0.05080790932	0.01759625478	0.0175748764	0.01784094713	0.01944729977	-0.05086021125	-0.01315970983	-0.03089164499	0.00185274018	-0.1343211637	-0.05083954086	0.01745805936	-0.1309959157	-0.02280246018	0.1182275889	-0.07829023922	-0.02613970369	-0.07666636034	-0.02548870603	0.1180827503	0.1171183139	-0.08129744359	0.1293591781	0.1409870288	0.01714588364	-0.07727222442	-0.07712877155	0.1309194133	-0.03193792612	-0.031610216	-0.03197407151	-0.03186289594	-0.03207151242	-0.03217721118	0.02021995101	-0.05104174362	-0.05104174362	-0.05104174362	-0.07714656329	-0.07684851476	0.1174228474	-0.05159731682	-0.0765388412	-0.1274767426	-0.1232792389	0.01829008648	0.01970850505	-0.07611721214	0.01946677678	0.02005589315	-0.1307820372	-0.05106151138	0.1165326988	0.01811881101	0.01920543173	0.1159239835	0.01708613518	0.01824371321	0.01752134799	0.1161970896	0.1158099577	0.01464280642	0.1128585149	0.01719514829	0.01847796329	-0.1232085142	0.01766829542	0.01665810278	0.01785513368	0.1147404732	0.01790802171	-0.0922367693	0.01714455029	0.1139550228	0.0168473781	0.1157303056	0.1124970443	-0.04805052014	-0.08875796458	-0.03075499979	-0.04386603111	-0.03262518331	-0.08847873621	0.01959928061	0.01814184159	0.01838908073	-0.03360728004	0.01698463859	0.01758303505	-0.1235883442	0.01554918972	0.01568786357	0.01772995208	0.01603764928	-0.04738946085	0.01728887698	-0.08633330901	0.01525007179	0.1134874724	-0.08905437221	-0.05172369672	0.01463740298	-0.04882832572	0.01829817073	-0.08965605499	0.01627969798	-0.1226034816	0.01699070557	0.01680528266	0.01690046379	0.01762562903	0.01537387438	0.01537814026	0.01499502206	0.01488795949	0.1134794172	0.01497602023	0.01812900283	0.01788049354	0.0175804905	-0.04583986144	0.01560053318	-0.04656310263	0.1158273484	0.01834489984	0.1148977094	-0.07926430121	-0.03836104342	0.01659490683	0.113778361	-0.03586588275	0.0153484807	0.01550934598	0.009281748624	0.01510232225	0.1098395959	0.01792159263	0.0168551226	0.1134645888	0.1154959733	-0.1307745808	0.1125294428	0.009768056828	-0.1296637186	0.01425693874	0.01791438696	0.01542724146	-0.1304517874	-0.08863880592	0.1164777721	0.1146892224	0.1157324705	-0.1258454227	0.1136864461	0.1153934128	0.01848527948	0.1160000494	-0.1188903969	-0.04745244082	0.1166433622	0.01636367852	0.01769637568	0.01513803377	-0.08971235061	0.0174733985	0.01717835877	0.01603530782	0.115783827	0.1135003449	0.01706332549	0.01705825406	0.0157722149	0.1164608676	0.01458839318	0.01779866814	0.01515635882	0.01620309264
0.01751423317	0.01716013472	0.03775358078	0.03366030038	-0.03165839579	0.2607125158	0.05484871936	0.02473223037	0.0551992985	0.05499637686	0.05578530379	0.03638995027	0.01682580352	0.01578487642	0.03698855914	0.0364832586	0.03595775359	0.03537403358	-0.02087891712	-0.0219905611	0.01846821757	0.01175355044	0.01092230641	0.03586491534	0.03597532213	-0.02123896929	-0.02105276339	-0.02168227541	-0.02094900725	-0.02089463892	-0.02667110101	-0.02421030742	-0.02466388877	-0.02103907408	-0.02121023927	0.05505032528	0.05460949288	-0.03200825125	-0.03246174644	-0.0317335197	-0.03061475146	0.02860698546	0.08957307786	0.02923277843	0.0712414086	-0.01612216449	0.0287635208	-0.03124534236	-0.01285715848	0.0672122523	0.01721618137	-0.02207402455	0.03654824309	-0.02184682784	0.03776061124	0.01693547782	0.0168482848	0.01175182223	0.0160340104	0.01714588364	0.2730701133	-0.02135703882	-0.02143794114	0.01645737567	0.03416455511	0.03435640028	0.03412840972	0.03410372034	0.03362081048	0.03365354015	-0.03079315486	0.02856131803	0.02856131803	0.02856131803	-0.02203312122	-0.0220228244	0.01641143984	0.02882093454	-0.02144142093	-0.00804342318	-0.004818801448	-0.03079603558	-0.02948840612	-0.02074806197	-0.03138503576	-0.03057413984	-0.01267916883	0.02840568533	0.01484196644	-0.03210362713	-0.0316718092	0.01533853493	-0.03313812918	-0.03263352772	-0.03259863768	0.01586500682	0.01468128209	-0.03283781074	0.0140209465	-0.03300276789	-0.03158408794	-0.003373825508	-0.03296677772	-0.03267467334	-0.03250316941	0.0148159852	-0.03215402951	0.02535852807	-0.03291750093	0.01459942301	-0.03302885782	0.01440848282	0.01540119834	-0.01455562696	0.03141876685	0.01276937773	0.007698900444	0.004673928476	0.03033934572	-0.03032690567	-0.03119093453	-0.030202978	0.07311882132	-0.03207061244	-0.03288661102	-0.002988416229	-0.03349408089	-0.03152102369	-0.03309918877	-0.03358176265	-0.01240005322	-0.03279703514	0.03112612341	-0.03203262672	0.01628028341	0.02704641071	-0.01551150454	-0.03148198905	0.008578798699	-0.03228897619	0.02861856713	-0.03346067299	-0.003040522842	-0.03225615595	-0.03339263351	-0.03324750204	-0.03365920675	-0.03278606754	-0.03232425646	-0.03275732501	-0.03327198243	0.01491357873	-0.03209700209	-0.03378520735	-0.03202026435	-0.03141916308	0.009776496656	-0.03232636419	-0.01741588787	0.01615006833	-0.0318775383	0.01610490549	0.03629302191	0.00872034478	-0.03224435984	0.01589184727	0.01254963298	-0.03221805107	-0.03197127119	-0.03066154567	-0.03319348462	0.01536187852	-0.03241218849	-0.03266939389	0.01571394007	0.01711595015	-0.01290755353	0.01543359687	0.09574475807	-0.01264754906	-0.03327454859	-0.03195417153	-0.03205337571	-0.01231303023	0.0266467873	0.01560222944	0.01612338397	0.01447476137	-0.01375009235	0.01571401778	0.01603098157	-0.03111576836	0.01544618705	-0.022890581	0.008188439245	0.01644714431	-0.03355671256	-0.03216775689	-0.03275017824	0.02652429726	-0.03122742758	-0.03351578796	-0.03400131502	0.01460578033	0.01518171434	-0.03231935215	-0.03292297382	-0.03206604677	0.01542443131	-0.03234876419	-0.03289275748	-0.03275637516	-0.03345716631
-0.07676800994	-0.07603518879	0.09237932313	0.08950882729	-0.02973018499	-0.02065576381	0.04750389778	0.004047611938	0.04690342227	0.04710809547	0.04721769766	0.03594043742	-0.07762840393	-0.07766868097	0.0370825061	0.0358978808	0.0361875655	0.03601144034	0.2380693463	0.2373337109	-0.0008327196416	0.00196315975	0.003262594751	0.03654846491	0.03647686393	0.2355876227	0.2369628095	0.2369626719	0.2368807503	0.2386154484	-0.005060541564	-0.0008834539687	-0.003903250958	-0.003962008343	0.234937028	0.04743377379	0.04685707645	-0.03177843934	-0.03223193453	-0.0318613523	-0.03047085415	0.04748409927	-0.003569015541	0.1004340447	0.003056168467	-0.009476138263	0.04736890471	-0.03123731	-0.003304775888	0.06888446778	-0.07665846689	0.2441729135	0.09138153655	0.2448457377	0.09143529895	-0.07775436014	-0.07803947181	0.02641712258	-0.07689317206	-0.07727222442	-0.02135703882	0.2524247031	0.2452230382	-0.07741727259	0.08923559646	0.08898214264	0.08947118097	0.08981638229	0.08964290648	0.08990966191	-0.0299699328	0.04716670194	0.04716670194	0.04716670194	0.221836475	0.2218157882	-0.07705561356	0.04742631845	0.2459488335	-0.001671049469	0.003460846243	-0.02896664384	-0.03061724371	0.2454194079	-0.03088349396	-0.03083783739	-0.003634357184	0.04741866409	-0.07821749211	-0.03128040507	-0.03125618199	-0.07936966713	-0.03141380282	-0.03153857576	-0.03165791477	-0.07882483114	-0.07751317155	-0.03269391344	-0.0783591873	-0.03258714068	-0.03144019063	0.003259841064	-0.03167644651	-0.03203726659	-0.03235927211	-0.07824347335	-0.03133080746	-0.002893349224	-0.03201865593	-0.0795969055	-0.03148782097	-0.07956334503	-0.07833758497	-0.01560071049	-0.0008752552309	-0.02258579114	-0.02350820204	-0.02806149217	-0.003177460915	-0.03113406301	-0.03191217727	-0.03073840545	0.01130830131	-0.03198246067	-0.03151992916	0.004286309812	-0.03064513078	-0.03273577589	-0.0304263834	-0.03133644472	-0.01523552617	-0.03249341198	-0.001201702389	-0.03208664807	-0.0782736896	-0.002530312369	-0.01791523757	-0.03174826223	-0.01950340992	-0.03284276774	-0.001909210594	-0.03146461673	0.00372900868	-0.03224812359	-0.03242513601	-0.03288182518	-0.03202079499	-0.03250630528	-0.03318136416	-0.0315265081	-0.0322436812	-0.07950452933	-0.03168137488	-0.03178915109	-0.03270770338	-0.03181872558	-0.01952849652	-0.03187205163	-0.01471891741	-0.07745285003	-0.03214123584	-0.07767864222	0.01809515094	-0.01582937514	-0.03142113778	-0.07866212574	-0.02395620256	-0.03293929381	-0.03264256358	-0.02823724847	-0.03152126914	-0.07540180417	-0.03240415614	-0.03220395146	-0.07874026737	-0.07830316291	-0.003355170942	-0.07708240189	-0.01022187076	-0.00201743986	-0.03182195213	-0.03187232792	-0.0324529382	-0.00330410744	0.01931811235	-0.07868001367	-0.07720780449	-0.07904224238	-0.00698550473	-0.07861817568	-0.07843707683	-0.03153369495	-0.07801258887	-0.01417168361	-0.02036418432	-0.07851442355	-0.03192409599	-0.03235764319	-0.03179109124	-0.005090400067	-0.03067851107	-0.03151701059	-0.03262370063	-0.07850362857	-0.07814947412	-0.03094173299	-0.03288203577	-0.03156450496	-0.07953713655	-0.03261246173	-0.03198362082	-0.03329180261	-0.03212658384
-0.07662455707	-0.07602760087	0.09252277601	0.08897295541	-0.03054619726	-0.02024058104	0.04722993113	0.004911567912	0.04688233345	0.0464076819	0.04706074389	0.03499697069	-0.07789254591	-0.07758867447	0.03545971462	0.03522614397	0.03565169362	0.03574729836	0.2369041	0.2378847586	-0.0003154756392	0.002887998604	0.004076143528	0.03587672808	0.0358051271	0.235425542	0.2362910726	0.2369702598	0.2366166083	0.2375361167	-0.004645358792	-0.0003324062466	-0.004337061607	-0.004226150322	0.2358618669	0.04727682002	0.04656425773	-0.03217844627	-0.03195261671	-0.03253308913	-0.03046326623	0.04800134327	-0.00301284084	0.1012568223	0.003218473412	-0.009230624161	0.04802201366	-0.03218077673	-0.002787531885	0.06872818222	-0.07678674392	0.2441805014	0.09098152962	0.2459901956	0.09130702192	-0.07788263717	-0.07776015399	0.02666776366	-0.07638848584	-0.07712877155	-0.02143794114	0.2452230382	0.2535185815	-0.07700208982	0.09005837409	0.08980492026	0.09015809364	0.08941637536	0.0904656841	0.09005311478	-0.02996234488	0.04781981089	0.04781981089	0.04781981089	0.2217242198	0.2217345166	-0.07636870089	0.0478076975	0.2469074761	-0.001833130218	0.003434630444	-0.03018184047	-0.0314248455	0.2458345907	-0.03060417613	-0.03069438452	-0.003252978132	0.04793590809	-0.07956855369	-0.03181627695	-0.03097686417	-0.07904039896	-0.03235726955	-0.03193858269	-0.03200797135	-0.07895310817	-0.07818490838	-0.03241459561	-0.07767227463	-0.03203609296	-0.03170433261	0.003233625265	-0.03153299364	-0.03230140856	-0.03248754914	-0.07864348028	-0.03159494943	-0.002749896353	-0.03214693296	-0.07918172273	-0.03175196295	-0.07969162206	-0.0779224022	-0.01603452114	-0.00117320093	-0.02166095229	-0.02312682298	-0.02778217435	-0.003475406614	-0.03126234004	-0.0320404543	-0.03032322267	0.01090829439	-0.0326541975	-0.03246339589	0.003988364113	-0.03131686761	-0.03259232302	-0.03136985013	-0.03282337125	-0.0150920733	-0.03194236426	-0.001465844368	-0.03235079005	-0.07813023673	-0.002692393118	-0.01807731832	-0.03187653926	-0.01939376077	-0.03305695937	-0.001799561442	-0.03186462366	0.003431062981	-0.03305572537	-0.03215422868	-0.0319231826	-0.03310012667	-0.03249871736	-0.03249445149	-0.03124719028	-0.03210022833	-0.07868175171	-0.03194551686	-0.03191742812	-0.03219045938	-0.03153940776	-0.01846779272	-0.03145686886	-0.0136582136	-0.07812458686	-0.03240537782	-0.07789283385	0.01851033371	-0.01544799608	-0.03141354986	-0.07824694297	-0.02398241835	-0.03238824609	-0.03236324576	-0.0275149253	-0.03141161999	-0.07593767605	-0.03226070327	-0.03273982334	-0.07846094955	-0.07802384509	-0.002837926939	-0.07707481397	-0.01048601274	-0.001636060808	-0.03181436421	-0.0315930101	-0.03230948533	-0.002786863437	0.01932570027	-0.07894415565	-0.07760781142	-0.07901580239	-0.006060665876	-0.07847472281	-0.07856535386	-0.03201961648	-0.0786843257	-0.01397961402	-0.02009194951	-0.07836517549	-0.03232410292	-0.03235005527	-0.03205523322	-0.005388345767	-0.0316219778	-0.03178115257	-0.03248024776	-0.0789036355	-0.07800602125	-0.03162445595	-0.03377555215	-0.03180979487	-0.07958081842	-0.03274073876	-0.0311608432	-0.03301248479	-0.03198313097
0.1179729977	0.1176188993	-0.02550491971	-0.03245136406	0.01975312172	0.01771173572	-0.04947209437	-0.06591010719	-0.05009142196	-0.05002261371	-0.04964128162	-0.01075057149	0.1163335134	0.1140832978	-0.01123888222	-0.009977938413	-0.01023171352	-0.01135889333	-0.07799895422	-0.07673952007	-0.07308519128	-0.07899962035	-0.08171845534	-0.01113974148	-0.01116519964	-0.07824768207	-0.07697455656	-0.07697469419	-0.07841526523	-0.07640883725	-0.05018073749	-0.0292326946	-0.04830486639	-0.04766142487	-0.07849068195	-0.05024039518	-0.05027363273	0.01799466641	0.01754117122	0.01780724195	0.0201174413	-0.05114112436	-0.01262543324	-0.031444288	0.001158562323	-0.1332434273	-0.05112045397	0.0181282009	-0.1299181793	-0.02253991349	0.1165880263	-0.07818807945	-0.02709994155	-0.07697179542	-0.0267206738	0.1173942424	0.1169732657	-0.08090089438	0.1292141299	0.1309194133	0.01645737567	-0.07741727259	-0.07700208982	0.1419153394	-0.03235470419	-0.03202699406	-0.03293430938	-0.03282313381	-0.03262671892	-0.03245812429	0.0185803884	-0.05132265674	-0.05132265674	-0.05132265674	-0.07729161145	-0.07812748793	0.1167369029	-0.05187822993	-0.07709148421	-0.126942466	-0.1230017405	0.01866397615	0.01874826719	-0.0762622603	0.0194330716	0.01907113331	-0.1297043008	-0.05134242449	0.1162517856	0.01808510583	0.01967531734	0.1161865302	0.01762041177	0.01823452999	0.01642524517	0.117274826	0.1162083693	0.01490535311	0.1138003863	0.01677837022	0.01738186047	-0.1226742376	0.01681940054	0.01678478451	0.0178214285	0.1148671549	0.0187140282	-0.09211008757	0.01767882688	0.1141930475	0.01588714023	0.1153135276	0.1125992041	-0.0479238384	-0.08903887769	-0.03078870497	-0.04387521433	-0.03263436652	-0.08821618952	0.01850317779	0.01854025323	0.01754018585	-0.03523189101	0.01656786053	0.01703039204	-0.1234140132	0.01510788968	0.01554281541	0.0164935584	0.01641153895	-0.04671931931	0.01673623397	-0.08632754058	0.01483329373	0.1127989644	-0.08933528533	-0.05037423043	0.01571513937	-0.04842991408	0.01788139267	-0.08925764335	0.01572705497	-0.1222050699	0.01820430691	0.01652436955	0.01770647028	0.01843163552	0.01522882622	0.01455376734	0.0143065141	0.01542223608	0.1129267742	0.01537443187	0.01879914436	0.01784678836	0.01849783997	-0.04668875632	0.01518375512	-0.04575709615	0.1152501834	0.01749600496	0.1144809314	-0.07859415967	-0.03850609158	0.01590639887	0.1133615829	-0.03494853328	0.01547516244	0.01346218851	0.009228405405	0.01495727409	0.1088161364	0.01668962486	0.01845179682	0.1120967561	0.1150791952	-0.1296968444	0.1133109274	0.009598486697	-0.1283142523	0.01476669336	0.01803664278	0.01568978815	-0.129374051	-0.08728933963	0.1157892641	0.1135931196	0.1150382926	-0.1247676863	0.1135413979	0.1166070142	0.01804397944	0.1153830154	-0.1187021914	-0.04800508383	0.1163624491	0.01540344065	0.01768719247	0.01444952581	-0.08877047917	0.01868699983	0.01662571576	0.01505054799	0.1148191632	0.1133307747	0.01732587218	0.01696447569	0.01605361366	0.1156364947	0.01512266977	0.01738189008	0.01512265364	0.01700909913
-0.03153187244	-0.03219540494	0.1090461169	0.2247857226	-0.01253800052	0.03364562121	0.0301706503	-0.01076508436	0.02902671499	0.02895965829	0.02974858523	0.01809753387	-0.03320906089	-0.03511512804	0.01801681799	0.018734302	0.01797477124	0.01830440173	0.08861101011	0.08869056443	-0.01855861032	-0.02148401049	-0.02282987506	0.01734691185	0.01822636553	0.08758999728	0.08791206813	0.08804779546	0.08810173887	0.08902124725	-0.05194084032	-0.04898653728	-0.05139851739	-0.0499289566	0.087988618	0.03013823047	0.02938796402	-0.01456818573	-0.01498397678	-0.0149228286	-0.01244541084	0.001890942139	0.03990087761	0.0797379772	0.02896177889	-0.05772122541	0.001911612531	-0.01497811105	-0.05324561142	0.07587104639	-0.03146003354	0.08778546485	0.1066762225	0.08832626936	0.1067434432	-0.03255592679	-0.03229757866	-0.01428489634	-0.03264579336	-0.03193792612	0.03416455511	0.08923559646	0.09005837409	-0.03235470419	0.2334525873	0.2237155782	0.2239058954	0.2244142025	0.2243491012	0.2244090717	-0.0127596792	0.001709409765	0.001709409765	0.001709409765	0.09896996492	0.09981147325	-0.03185718021	0.001833161324	0.08861033019	-0.05038910045	-0.04551398299	-0.01216398509	-0.01245593546	0.08940184995	-0.01122767125	-0.01254066418	-0.05320348672	0.00182550696	-0.03546462786	-0.01444004217	-0.01255141393	-0.03607334308	-0.01501873892	-0.01460005206	-0.01512698592	-0.03403399264	-0.03418074811	-0.01449490103	-0.0341118086	-0.01483342727	-0.01490926178	-0.04518648002	-0.01448296291	-0.01672912229	-0.01474142365	-0.0352188792	-0.01466401365	-0.02436690229	-0.01494426727	-0.03548539175	-0.01550035192	-0.03572356118	-0.03517712587	-0.0249179259	-0.02197501717	-0.03526192616	-0.03753716377	-0.01655756648	-0.0234997373	-0.01405967436	-0.01425662467	-0.01298469204	0.01331663214	-0.01531566687	-0.01498900031	-0.04524693087	-0.01509249738	-0.01548781814	-0.0145747793	-0.01540659925	-0.02792522027	-0.01487556353	-0.0196712749	-0.01565388002	-0.03307525624	-0.02230912895	-0.02981388704	-0.01572308903	-0.0363913584	-0.01590424403	-0.02368829728	-0.01534128273	-0.04621182685	-0.01459257099	-0.0152232929	-0.01539984167	-0.01576159603	-0.01593767228	-0.01528596302	-0.01509374005	-0.0150334276	-0.03525715063	-0.01524860683	-0.01426946344	-0.01495008954	-0.01406501217	-0.03410674084	-0.01611860833	-0.02729689163	-0.03334133628	-0.01462154819	-0.03438231817	-0.02131257556	-0.03207570301	-0.01430322219	-0.03400715219	-0.03676237974	-0.01596306596	-0.01566633573	-0.01534898318	-0.01511648202	-0.03396785533	-0.01492217263	-0.01550105828	-0.03432092434	-0.03337645946	-0.05261668172	-0.03337848299	0.0379655915	-0.05282473489	-0.01624207793	-0.01571128977	-0.01520498045	-0.05251242581	-0.02515432146	-0.03416090507	-0.03350388559	-0.03506659358	-0.05583942066	-0.03396320213	-0.03500488783	-0.01513863105	-0.03458039987	-0.05291918242	-0.03746104261	-0.0333159902	-0.01575723506	-0.01501152463	-0.01548836535	-0.0233747022	-0.01401171726	-0.01525781164	-0.01737643921	-0.03561489937	-0.03403796037	-0.01455765522	-0.01504372721	-0.01571290086	-0.03466170289	-0.01522863903	-0.01504509712	-0.01603802207	-0.01569542055
-0.03246465102	-0.03173182987	0.1080151776	0.2230754585	-0.0130254801	0.03397333133	0.03036249547	-0.01070910414	0.02935442511	0.02901563851	0.0302121603	0.01788178419	-0.03315308067	-0.03418051175	0.01848039306	0.01824682242	0.01867237206	0.018224517	0.08849342123	0.0887088405	-0.01933277145	-0.02129216532	-0.02223043504	0.01767462197	0.0186899406	0.08733654345	0.08765861431	0.08765847668	0.08784828504	0.08931125322	-0.0528736189	-0.04937585606	-0.05161426707	-0.05014470628	0.08763700337	0.02974891169	0.02944394424	-0.01451220551	-0.0149657007	-0.01377992877	-0.01320462032	0.00140346256	0.03896809903	0.07897876772	0.02847429931	-0.05739351529	0.001424132952	-0.01519386073	-0.05305376625	0.07538356682	-0.03194751312	0.08671682132	0.106052878	0.0883407002	0.1070711534	-0.03236408162	-0.03251332834	-0.01450064602	-0.03245394818	-0.031610216	0.03435640028	0.08898214264	0.08980492026	-0.03202699406	0.2237155782	0.2316517255	0.2246304875	0.2241982032	0.2231718336	0.223748023	-0.01270369898	0.001221930185	0.001221930185	0.001221930185	0.09889008019	0.09973158852	-0.03180119999	0.001345681744	0.08890033616	-0.05045168163	-0.04615227917	-0.01237973477	-0.01267168514	0.08932196522	-0.01185101578	-0.01221295406	-0.0531475065	0.001338027381	-0.03527278269	-0.01401417125	-0.01290302856	-0.03465871336	-0.014147569	-0.01413647698	-0.01398408609	-0.03465733717	-0.03453236274	-0.01474835486	-0.03432755828	-0.01477744705	-0.01485328155	-0.04635328435	-0.01514401159	-0.01653727711	-0.01427784858	-0.03434770928	-0.01365697878	-0.02529968087	-0.01360526049	-0.03488595173	-0.01498935229	-0.03580344591	-0.03457768585	-0.02418262093	-0.02222847099	-0.03470019029	-0.03725298058	-0.01609399141	-0.02398721688	-0.01373196424	-0.01410248365	-0.01320044172	0.01254247101	-0.01553141655	-0.01438956029	-0.04551032987	-0.01477525061	-0.01519781216	-0.01492639393	-0.01494884696	-0.02814096995	-0.01549890806	-0.01993968038	-0.01509214415	-0.03342687087	-0.02211728378	-0.02921444702	-0.01543308306	-0.03555789263	-0.01489720916	-0.02353415626	-0.0150135726	-0.04683517138	-0.01538948462	-0.01503144772	-0.0146645367	-0.01461869621	-0.01578353126	-0.01577926538	-0.01493959903	-0.01456985253	-0.03533703536	-0.01455100601	-0.01452291726	-0.01411662377	-0.0144166268	-0.03436019467	-0.01582860235	-0.0269691815	-0.03423641071	-0.01460327212	-0.0347339328	-0.02265294899	-0.03269904754	-0.01415490396	-0.03381530702	-0.03729338625	-0.01553719503	-0.01551219471	-0.01465138236	-0.01537575863	-0.03328019968	-0.01405100271	-0.01612440281	-0.03412907916	-0.03413566894	-0.05242483655	-0.03400182752	0.03747811192	-0.05285334982	-0.01509917811	-0.0151495539	-0.01505083942	-0.05210204315	-0.02577766599	-0.03410492485	-0.03236098577	-0.03582580306	-0.05591930539	-0.03417895181	-0.03454131276	-0.01494678588	-0.0343885547	-0.0533828424	-0.03771449643	-0.03312414503	-0.01588064672	-0.01509140936	-0.01506831721	-0.02386218178	-0.01395573704	-0.01533769637	-0.01555421463	-0.03555891915	-0.03452543995	-0.0150451348	-0.01507234215	-0.01497759589	-0.03446985772	-0.01561795781	-0.01403806225	-0.01480278423	-0.01536771043
-0.03275179809	-0.03223155033	0.1090099715	0.2240702525	-0.01284587582	0.03347361087	0.02986277501	-0.01025776995	0.02957303369	0.02960283765	0.03039176459	0.01728520307	-0.03365280114	-0.03408971675	0.01838826745	0.01778610625	0.01766689595	0.01776380083	0.08857486472	0.08937274808	-0.01847384241	-0.0210944457	-0.0216742195	0.01812595616	0.01832608508	0.08827218093	0.08832252188	0.08882683977	0.08824046272	0.08912096681	-0.05207384637	-0.04884781343	-0.05166738839	-0.0510130173	0.08785561195	0.02955862527	0.02925495797	-0.01429359693	-0.01474839227	-0.01455137914	-0.01301381863	0.001854796748	0.03892487497	0.07906151135	0.02797457884	-0.05707804605	0.00187546714	-0.0151111171	-0.05301002691	0.07488384635	-0.03258309853	0.08720585966	0.1066400771	0.08869387359	0.1073866226	-0.03245620723	-0.03342064365	-0.01309825718	-0.0325924353	-0.03197407151	0.03412840972	0.08947118097	0.09015809364	-0.03293430938	0.2239058954	0.2246304875	0.2318969795	0.2241063272	0.22462369	0.2247805212	-0.01238822974	0.001673264373	0.001673264373	0.001673264373	0.09947727933	0.1004076472	-0.0321650555	0.001932880883	0.08925350955	-0.04974592109	-0.04570094498	-0.01233599543	-0.01330727055	0.08963743446	-0.0119041371	-0.01298440442	-0.05283203726	0.001789361569	-0.03509317841	-0.01366099786	-0.01245169438	-0.03529429877	-0.01447242022	-0.0142286026	-0.01480534145	-0.03515705763	-0.03421689351	-0.01476377203	-0.0351958693	-0.01469470342	-0.01426608242	-0.04590195016	-0.01477272287	-0.01635767283	-0.01518516389	-0.03498329469	-0.01497188894	-0.02481064253	-0.01437671086	-0.03575426275	-0.0150814779	-0.03624199495	-0.03517426697	-0.02468234139	-0.02187529761	-0.0357056664	-0.03757330917	-0.01659371187	-0.02340001774	-0.0136882249	-0.01483622986	-0.01274910753	0.013537265	-0.01572040282	-0.01298717145	-0.04533072558	-0.01481790858	-0.01521322934	-0.01459972729	-0.01462755494	-0.02864069041	-0.01450411407	-0.01917891214	-0.01483583142	-0.03392659134	-0.02166594959	-0.02980297676	-0.01531263528	-0.03615577389	-0.01458173992	-0.02263752307	-0.01496983327	-0.046927297	-0.01517217618	-0.01525943829	-0.01516425716	-0.01525428163	-0.01579894843	-0.01514723917	-0.01472229059	-0.01570989345	-0.03579775153	-0.01497401803	-0.01480201296	-0.01471450503	-0.01410115757	-0.03509394089	-0.01584401953	-0.02692544217	-0.03405680642	-0.01520115338	-0.03469019346	-0.02143753024	-0.03306290305	-0.01416449834	-0.03468361804	-0.03707025503	-0.01500915241	-0.01579934178	-0.01466679953	-0.01620054272	-0.03405165005	-0.01455072317	-0.01608066347	-0.03458979533	-0.03445246878	-0.05210936732	-0.03419081379	0.03752185126	-0.05262668987	-0.01583162418	-0.01582212869	-0.0147945267	-0.0520051114	-0.024782872	-0.03365359066	-0.03336516174	-0.03578206373	-0.0557397011	-0.03504726283	-0.03513789388	-0.01432058245	-0.03502414012	-0.05344462107	-0.03790478285	-0.03389559539	-0.01561851121	-0.01423248032	-0.0156213714	-0.02354671254	-0.01335042258	-0.01488636218	-0.01696598545	-0.03619450457	-0.03512202107	-0.01364274596	-0.01511741209	-0.01475898731	-0.03456198333	-0.01604096983	-0.01453778271	-0.01562756832	-0.01559570099
-0.03258146601	-0.03144105001	0.1078983626	0.2237738332	-0.01124018579	0.03399943088	0.02970222068	-0.01090090121	0.02923761012	0.02889882352	0.03023121026	0.01817256405	-0.03299816576	-0.03484078654	0.01849944302	0.01867346722	0.01855555707	0.01878702676	0.08878420109	0.08845616055	-0.0188866245	-0.02139086498	-0.02261442943	0.01850886163	0.01884485551	0.08640647968	0.08767766426	0.08754166169	0.08827492985	0.08987376298	-0.0532621638	-0.04976440095	-0.05173108206	-0.05026152127	0.08697672858	0.02936036679	0.0289195344	-0.01422142566	-0.0145390559	-0.01389674377	-0.01209865076	0.001014917666	0.04007406859	0.07804676303	0.02890094411	-0.05818965503	0.001035588058	-0.01408789117	-0.05371404104	0.07485915697	-0.03192846316	0.08727933108	0.1067512527	0.08768042541	0.1066826085	-0.03248089661	-0.03290187323	-0.01448159606	-0.03207366488	-0.03186289594	0.03410372034	0.08981638229	0.08941637536	-0.03282313381	0.2244142025	0.2241982032	0.2241063272	0.2323693997	0.2244136681	0.2244463977	-0.01254878407	0.0008333852917	0.0008333852917	0.0008333852917	0.09972431985	0.09975063848	-0.03218974488	0.001093001801	0.0885137322	-0.05058580017	-0.04666173737	-0.01222481986	-0.01156571558	0.08988447498	-0.01101677612	-0.0121939041	-0.05394364625	0.0009494824875	-0.03430267808	-0.01467444604	-0.01274811366	-0.0346396634	-0.01344919429	-0.01438915693	-0.01559541554	-0.03450242226	-0.03424158289	-0.01459343995	-0.03498783308	-0.01462253215	-0.0142907718	-0.04592663954	-0.01478064225	-0.0152954426	-0.01480225842	-0.03446452427	-0.01526830823	-0.02487303606	-0.01446164224	-0.03541036157	-0.01429097758	-0.03551266605	-0.03578142044	-0.02362011117	-0.02166141073	-0.03549633003	-0.03749983774	-0.01689013115	-0.02342470712	-0.01344118438	-0.01449102854	-0.01318139176	0.01393512212	-0.01524063669	-0.01464224023	-0.04612101442	-0.013805146	-0.01599395191	-0.01409215427	-0.01476824223	-0.02757846019	-0.0146646684	-0.01935766847	-0.01588828389	-0.03381541577	-0.02223409877	-0.02851607231	-0.01582162795	-0.03608230247	-0.0151498891	-0.02310751145	-0.01580971235	-0.04654439153	-0.01645735426	-0.01474066787	-0.01478135169	-0.01378445655	-0.0157644813	-0.01589025759	-0.01559987382	-0.01563772217	-0.03545385035	-0.01480368595	-0.01423213741	-0.01464103361	-0.013989982	-0.03420527976	-0.0155378225	-0.0270859965	-0.0332663061	-0.01499181701	-0.03417142304	-0.02154697943	-0.03213653778	-0.01480935597	-0.03461144676	-0.03672505371	-0.01578987498	-0.01576487465	-0.0149040623	-0.01616607559	-0.03334936536	-0.0144395476	-0.01501843325	-0.03438175911	-0.03357315918	-0.0532209763	-0.03439037241	0.03817648663	-0.05356489441	-0.0152159931	-0.01553809879	-0.01557524927	-0.05298085544	-0.02480756138	-0.03367828004	-0.03315712551	-0.03458396855	-0.05685131009	-0.033752307	-0.03438639786	-0.01479187097	-0.0345053697	-0.05319994779	-0.03728785163	-0.03310509507	-0.01558404408	-0.01438662593	-0.01599449912	-0.02316380707	-0.01351097691	-0.01463932166	-0.01635035438	-0.03513227434	-0.03545744464	-0.01353157039	-0.01524042693	-0.01536614078	-0.03445080776	-0.01668582745	-0.01510593189	-0.01627242594	-0.01548452542
-0.03221148203	-0.03219568977	0.109317562	0.2246495729	-0.01240242041	0.03324479112	0.02908344587	-0.0104936393	0.02943402501	0.02855177861	0.0292048406	0.01755378923	-0.03293761583	-0.03450850671	0.0176089383	0.01791882746	0.0171592967	0.01762479215	0.08833899537	0.08936960434	-0.0185738468	-0.02119445009	-0.0223337055	0.01693903216	0.01727502604	0.08867663205	0.08886283795	0.08831924053	0.08837318394	0.08956442222	-0.05262044991	-0.04980201182	-0.05180639707	-0.05142375589	0.08798833317	0.02945862088	0.02898008434	-0.01538366027	-0.01498426161	-0.01451551858	-0.01199909653	0.0009396026547	0.03967043066	0.08028115217	0.02787457445	-0.05812910509	0.0009602730464	-0.01470666598	-0.05365349111	0.07587076156	-0.03227550807	0.08737758517	0.1065400727	0.0880504094	0.1060638337	-0.03187688687	-0.03352064805	-0.01496450592	-0.03278194314	-0.03207151242	0.03362081048	0.08964290648	0.0904656841	-0.03262671892	0.2243491012	0.2231718336	0.22462369	0.2244136681	0.2334518164	0.2250881116	-0.01248823413	0.0007580702801	0.0007580702801	0.0007580702801	0.09951313988	0.09976418301	-0.03185746504	0.0008818218392	0.08928937011	-0.05038938528	-0.04607267927	-0.01121321527	-0.01245622029	0.08953743007	-0.01109209113	-0.01267681397	-0.05361136641	0.0008741674758	-0.0357366426	-0.0149837868	-0.01173650907	-0.03525843821	-0.01447556395	-0.01419274204	-0.0147196759	-0.03471360223	-0.0337734381	-0.01463105082	-0.03343276868	-0.01456198221	-0.01395849196	-0.04627368445	-0.01487272727	-0.01605008237	-0.01528516829	-0.03562675889	-0.01507189334	-0.02518237682	-0.01480868716	-0.03467048688	-0.0151814823	-0.03531625116	-0.0349056808	-0.02396715608	-0.02278792821	-0.035262211	-0.03754327139	-0.01560679666	-0.02458694173	-0.01405995919	-0.0148003693	-0.01298497688	0.01248620596	-0.0150442218	-0.01444582534	-0.04611005472	-0.01454932241	-0.01399358852	-0.01453605984	-0.01541270687	-0.02833309995	-0.01406065866	-0.02063756603	-0.01456724525	-0.03389073078	-0.02285287358	-0.02927071207	-0.01463645426	-0.03625577828	-0.01508933916	-0.02382444706	-0.01506983766	-0.04716316634	-0.01513631562	-0.01481598288	-0.01526426156	-0.01440323137	-0.01512276741	-0.01502034074	-0.01414297023	-0.01489784748	-0.03525743547	-0.01429783701	-0.01440561322	-0.01450753154	-0.01392943206	-0.03437875558	-0.01571129831	-0.02661785171	-0.03429267576	-0.01475769797	-0.03451846795	-0.02144872534	-0.03234771775	-0.01403759991	-0.03414330197	-0.03649675746	-0.01460470129	-0.01580248551	-0.01494167317	-0.01485085974	-0.03437724152	-0.01478659252	-0.01577307301	-0.03404947927	-0.03351260924	-0.05329629131	-0.03351463277	0.03796530667	-0.05350434447	-0.01474784831	-0.01543984471	-0.01452594053	-0.05270176801	-0.02515460629	-0.0344329198	-0.03336830547	-0.03520274337	-0.05651903025	-0.03369175706	-0.03527690257	-0.01473132103	-0.03553173936	-0.05210427755	-0.03773305734	-0.03358800493	-0.01494815297	-0.01528353937	-0.01563033792	-0.02446190663	-0.01290696717	-0.01525809647	-0.01574634464	-0.03615608052	-0.03417411015	-0.01319929055	-0.01490814709	-0.014897996	-0.03439025782	-0.01509305891	-0.0146377871	-0.01536480494	-0.01515224558
-0.03208059155	-0.03229882505	0.1094861566	0.2241388427	-0.01182623093	0.03313460625	0.03020309514	-0.01067175664	0.02933088973	0.02912796808	0.03032448987	0.01772238386	-0.03344834595	-0.03501923683	0.01886445253	0.01849501694	0.01851297173	0.01697819707	0.0888774807	0.08895703502	-0.01854111713	-0.02170518022	-0.02189338097	0.01697176184	0.01826138601	0.08839992767	0.08899372843	0.08885772586	0.08796061461	0.09023877249	-0.05235369448	-0.04872006669	-0.0512116223	-0.05016824166	0.08829279274	0.02958951136	0.02928454391	-0.01399228109	-0.01539683093	-0.014211059	-0.01227710105	0.0008364673791	0.0393521585	0.08004599718	0.02763557422	-0.05836552968	0.0008571377708	-0.01508153116	-0.05362076143	0.07590349124	-0.03210691345	0.08805193544	0.1071162622	0.08831716482	0.107047618	-0.0329310768	-0.03294445857	-0.0139807216	-0.03293143991	-0.03217721118	0.03365354015	0.08990966191	0.09005311478	-0.03245812429	0.2244090717	0.223748023	0.2247805212	0.2244463977	0.2250881116	0.2336427867	-0.01272723436	0.0006549350045	0.0006549350045	0.0006549350045	0.09941000461	0.1000686426	-0.03250406012	0.0007786865636	0.08955612553	-0.04967733086	-0.04563235475	-0.01213154025	-0.01269522052	0.08957015974	-0.01146695631	-0.01305167914	-0.05385036663	0.0007710322002	-0.03461699332	-0.01403770663	-0.01244749511	-0.03604089824	-0.01362764458	-0.01456760721	-0.01536627098	-0.03468087255	-0.03387657337	-0.01436429539	-0.03421522871	-0.01452925253	-0.01365403238	-0.04569749498	-0.01365491719	-0.01601735269	-0.01416551901	-0.03532229931	-0.01449565503	-0.02559494615	-0.01417225567	-0.03545294691	-0.01446942787	-0.03582698129	-0.03595987073	-0.02393442641	-0.02279546617	-0.03567478032	-0.03795584072	-0.01611752679	-0.02469007701	-0.01429895942	-0.01453361388	-0.0129522472	0.01279066553	-0.01569081688	-0.01509242042	-0.04553386525	-0.01462521689	-0.01494961764	-0.01454233446	-0.01563184005	-0.02816450533	-0.01470725374	-0.02023494566	-0.01538356419	-0.0338580011	-0.02336360371	-0.0295097123	-0.01477729369	-0.03680421256	-0.01492074454	-0.02423701639	-0.01435778323	-0.04645111191	-0.01500542514	-0.01519084805	-0.01509566693	-0.01504982644	-0.01594293159	-0.01553107086	-0.0144196746	-0.01527271266	-0.03549259046	-0.01389521664	-0.01454645264	-0.014547754	-0.01403256733	-0.0347913249	-0.01585213773	-0.02671841135	-0.03412408114	-0.0154419972	-0.03489333313	-0.02172542972	-0.03299431282	-0.0139028642	-0.03424643725	-0.03677346183	-0.01488140566	-0.01526142455	-0.01494664764	-0.01499169916	-0.03434451185	-0.01421040304	-0.01587620829	-0.03374501969	-0.03415920432	-0.05326356163	-0.03334219291	0.03813390129	-0.05369207491	-0.01580203824	-0.01580498947	-0.0134439954	-0.05307663318	-0.02607293127	-0.03331327053	-0.0336073057	-0.03544174359	-0.05662216552	-0.03433835214	-0.03415725329	-0.01456272641	-0.03542753571	-0.05188388363	-0.03841735657	-0.03328354536	-0.01522485735	-0.01443561999	-0.01522387231	-0.02456504191	-0.01368942719	-0.0149536369	-0.01720812941	-0.03585418443	-0.03454897533	-0.01425348048	-0.01528301227	-0.01500113127	-0.0355803127	-0.01536976329	-0.01474092238	-0.01536977941	-0.01539124581
0.02031657064	0.02091352685	-0.009442383428	-0.01312806898	0.1010404928	-0.03008930421	-0.07962249325	-0.1257960781	-0.08076642856	-0.08015416051	-0.07950109852	-0.04645258125	0.01826949149	0.01649928929	-0.04612570228	-0.04608754302	-0.04647718308	-0.04583811854	-0.03127384391	-0.03010736999	-0.1310183693	-0.1373910768	-0.1387512623	-0.04657002134	-0.04578028979	-0.03202312684	-0.03142932608	-0.03238051836	-0.03205484505	-0.03018428202	-0.1150937115	-0.09197182946	-0.1100301411	-0.1106748531	-0.03185853187	-0.08077953684	-0.08108450428	0.1009027582	0.1018079125	0.1016663884	0.1007158289	-0.07841950721	-0.0466970636	-0.01606107647	-0.0296711613	-0.1995868286	-0.07839883682	0.09954177825	-0.1989071018	-0.03867737041	0.0198826539	-0.03237111907	-0.01040098524	-0.03129069999	-0.01011467772	0.020553005	0.02026789333	-0.1212248759	0.01878639753	0.02021995101	-0.03079315486	-0.0299699328	-0.02996234488	0.0185803884	-0.0127596792	-0.01270369898	-0.01238822974	-0.01254878407	-0.01248823413	-0.01272723436	0.1164336247	-0.07860103958	-0.07860103958	-0.07860103958	-0.02807802731	-0.02728352439	0.01925408176	-0.07874901792	-0.02991587432	-0.1911062602	-0.1865710167	0.1017886828	0.1008411693	-0.03098875972	0.1012542438	0.1012999004	-0.1984766085	-0.07862080734	0.01764430392	0.1020801172	0.1022402053	0.01757904851	0.102023018	0.09815359289	0.09824641737	0.01717282984	0.01777705701	0.09645479541	0.01519290458	0.09859954242	0.09825197802	-0.186500292	0.09864057273	0.09697557731	0.09828395119	0.01721072783	0.09931241584	-0.1452730407	0.09821697252	0.01558556579	0.09793261777	0.0168419108	0.01616556156	-0.06827310879	-0.1433543856	-0.1080653895	-0.1189780597	-0.08423257546	-0.1414447779	0.1044002985	0.101448345	0.1045898614	-0.07679104527	0.09842933716	0.09939502403	-0.1867818439	0.09516281753	0.09749985256	0.09872232544	0.09607873899	-0.07140660946	0.09896500102	-0.1402504053	0.09597514117	0.01622945694	-0.1405258994	-0.07276147507	0.09930255592	-0.1224458398	0.09936060526	-0.1413993121	0.09686890241	-0.1857593945	0.09812336981	0.09657929739	0.09789726307	0.09862242831	0.09677826851	0.09651080449	0.09667114609	0.09731262249	0.0152703471	0.09678800921	0.09844647736	0.09725763943	0.100862472	-0.120976412	0.09388003346	-0.06203041802	0.0165068367	0.1027138009	0.01736796411	-0.1303282336	-0.113337207	0.09990141027	0.0166562105	-0.1112741632	0.09716046969	0.09555509061	0.08230423274	0.09637085144	0.01068421573	0.09796733726	0.09782739992	0.01661416825	0.01796622798	-0.1984140371	0.01565450029	-0.04363010164	-0.1954459266	0.0956368109	0.09809157062	0.09805442015	-0.1979553787	-0.1393653731	0.01840456692	0.01620842244	0.0169554186	-0.1954478712	0.0162925657	0.01772780255	0.09891409699	0.01697578962	-0.1526808616	-0.1229720642	0.01938534674	0.0973604778	0.09889467515	0.09640656296	-0.1418632026	0.09969298233	0.09708823845	0.09592066554	0.0169538117	0.01540261776	0.09969050418	0.09751159354	0.09676901418	0.01743660784	0.09612865226	0.09974652208	0.09707969079	0.0968326015
-0.05162444875	-0.05048403274	0.001086621978	0.002020344738	-0.07807382729	0.02962281318	0.09326512769	0.08317073673	0.09334397693	0.09273346043	0.09257133272	0.0472257737	-0.05031100353	-0.04680491881	0.04714505782	0.04691148718	0.04679357702	0.04770437146	0.04741635664	0.04699546103	0.0858238603	0.0932809756	0.092523261	0.04851312593	0.04803393011	0.04888392279	0.04662455959	0.04730374672	0.04807583344	0.04664681911	0.06016317996	0.0633892129	0.05422168943	0.05460433062	0.04904851776	0.09278740886	0.09343349606	-0.07877916672	-0.07768944115	-0.07777516007	-0.07794063909	0.342149918	0.04334562219	0.02408648809	0.04320339269	0.1212102986	0.3421705884	-0.07837390233	0.1315838614	0.03951238021	-0.05110731084	0.04843123032	0.002305579318	0.04762832574	0.001365382341	-0.05098041954	-0.05079588266	0.1183724356	-0.05084491771	-0.05104174362	0.02856131803	0.04716670194	0.04781981089	-0.05132265674	0.001709409765	0.001221930185	0.001673264373	0.0008333852917	0.0007580702801	0.0006549350045	-0.07860103958	0.3559624755	0.3559624755	0.3559624755	0.04644336966	0.04714901304	-0.05041753791	0.339918298	0.04705109175	0.1218908089	0.1246271235	-0.0780604605	-0.0789766206	0.04801618061	-0.07788422133	-0.07865375447	0.1315357142	0.341541023	-0.05144355151	-0.07865904806	-0.07913649004	-0.05200231638	-0.07838485097	-0.07949035779	-0.07910509593	-0.05119688228	-0.0519620155	-0.07792839646	-0.0502265972	-0.07985959796	-0.07871264791	0.1255286397	-0.07781746856	-0.07641774135	-0.07990345929	-0.0505184781	-0.07765221008	0.101459478	-0.08037803281	-0.0511925855	-0.07740162875	-0.05108211655	-0.04898221031	0.01535123985	0.09162351757	0.0370336637	0.04439901477	0.04612931606	0.1001905079	-0.07932232696	-0.07809771495	-0.07991297203	0.09188476221	-0.07898318805	-0.07865652149	0.1276027101	-0.07465800368	-0.07919304347	-0.07797057058	-0.0766969805	0.006230022723	-0.0776658413	0.09595028244	-0.07644388769	-0.04891831494	0.1007017915	0.01145338903	-0.07739034011	0.04487131817	-0.07911422001	0.09901318912	-0.07860120906	0.1274923218	-0.07952058087	-0.07749836086	-0.0792032278	-0.08051603682	-0.07801251821	-0.07827998223	-0.07689685607	-0.0793136228	-0.04974155983	-0.07732345276	-0.07844141366	-0.07865531487	-0.07963464266	0.04647661098	-0.0732550868	0.00759984074	-0.04972785477	-0.07859850342	-0.04916528708	0.07453470636	0.04392594465	-0.07787840536	-0.04903502118	0.04069025544	-0.07735858713	-0.07611080226	-0.04679910028	-0.07665369093	-0.03869380398	-0.07858969381	-0.07906881389	-0.04775451331	-0.05093870684	0.1322321084	-0.04827048704	0.04060016603	0.1365509387	-0.07515432585	-0.07844698607	-0.07755155627	0.1325887769	0.07272158319	-0.05129611886	-0.05111318864	-0.05050205743	0.1204401734	-0.04967039588	-0.05057621663	-0.07834860703	-0.04885747014	0.0518228841	0.03588536747	-0.05174048295	-0.07974001307	-0.07916045191	-0.07743316911	0.0992286234	-0.08010669222	-0.07670426437	-0.07677126405	-0.05027855374	-0.05069620876	-0.07978891269	-0.07994685415	-0.07652725809	-0.05167627634	-0.07784694476	-0.07939194305	-0.07934147534	-0.07817625656
-0.05162444875	-0.05048403274	0.001086621978	0.002020344738	-0.07807382729	0.02962281318	0.09326512769	0.08317073673	0.09334397693	0.09273346043	0.09257133272	0.0472257737	-0.05031100353	-0.04680491881	0.04714505782	0.04691148718	0.04679357702	0.04770437146	0.04741635664	0.04699546103	0.0858238603	0.0932809756	0.092523261	0.04851312593	0.04803393011	0.04888392279	0.04662455959	0.04730374672	0.04807583344	0.04664681911	0.06016317996	0.0633892129	0.05422168943	0.05460433062	0.04904851776	0.09278740886	0.09343349606	-0.07877916672	-0.07768944115	-0.07777516007	-0.07794063909	0.342149918	0.04334562219	0.02408648809	0.04320339269	0.1212102986	0.3421705884	-0.07837390233	0.1315838614	0.03951238021	-0.05110731084	0.04843123032	0.002305579318	0.04762832574	0.001365382341	-0.05098041954	-0.05079588266	0.1183724356	-0.05084491771	-0.05104174362	0.02856131803	0.04716670194	0.04781981089	-0.05132265674	0.001709409765	0.001221930185	0.001673264373	0.0008333852917	0.0007580702801	0.0006549350045	-0.07860103958	0.3559624755	0.3559624755	0.3559624755	0.04644336966	0.04714901304	-0.05041753791	0.339918298	0.04705109175	0.1218908089	0.1246271235	-0.0780604605	-0.0789766206	0.04801618061	-0.07788422133	-0.07865375447	0.1315357142	0.341541023	-0.05144355151	-0.07865904806	-0.07913649004	-0.05200231638	-0.07838485097	-0.07949035779	-0.07910509593	-0.05119688228	-0.0519620155	-0.07792839646	-0.0502265972	-0.07985959796	-0.07871264791	0.1255286397	-0.07781746856	-0.07641774135	-0.07990345929	-0.0505184781	-0.07765221008	0.101459478	-0.08037803281	-0.0511925855	-0.07740162875	-0.05108211655	-0.04898221031	0.01535123985	0.09162351757	0.0370336637	0.04439901477	0.04612931606	0.1001905079	-0.07932232696	-0.07809771495	-0.07991297203	0.09188476221	-0.07898318805	-0.07865652149	0.1276027101	-0.07465800368	-0.07919304347	-0.07797057058	-0.0766969805	0.006230022723	-0.0776658413	0.09595028244	-0.07644388769	-0.04891831494	0.1007017915	0.01145338903	-0.07739034011	0.04487131817	-0.07911422001	0.09901318912	-0.07860120906	0.1274923218	-0.07952058087	-0.07749836086	-0.0792032278	-0.08051603682	-0.07801251821	-0.07827998223	-0.07689685607	-0.0793136228	-0.04974155983	-0.07732345276	-0.07844141366	-0.07865531487	-0.07963464266	0.04647661098	-0.0732550868	0.00759984074	-0.04972785477	-0.07859850342	-0.04916528708	0.07453470636	0.04392594465	-0.07787840536	-0.04903502118	0.04069025544	-0.07735858713	-0.07611080226	-0.04679910028	-0.07665369093	-0.03869380398	-0.07858969381	-0.07906881389	-0.04775451331	-0.05093870684	0.1322321084	-0.04827048704	0.04060016603	0.1365509387	-0.07515432585	-0.07844698607	-0.07755155627	0.1325887769	0.07272158319	-0.05129611886	-0.05111318864	-0.05050205743	0.1204401734	-0.04967039588	-0.05057621663	-0.07834860703	-0.04885747014	0.0518228841	0.03588536747	-0.05174048295	-0.07974001307	-0.07916045191	-0.07743316911	0.0992286234	-0.08010669222	-0.07670426437	-0.07677126405	-0.05027855374	-0.05069620876	-0.07978891269	-0.07994685415	-0.07652725809	-0.05167627634	-0.07784694476	-0.07939194305	-0.07934147534	-0.07817625656
-0.05162444875	-0.05048403274	0.001086621978	0.002020344738	-0.07807382729	0.02962281318	0.09326512769	0.08317073673	0.09334397693	0.09273346043	0.09257133272	0.0472257737	-0.05031100353	-0.04680491881	0.04714505782	0.04691148718	0.04679357702	0.04770437146	0.04741635664	0.04699546103	0.0858238603	0.0932809756	0.092523261	0.04851312593	0.04803393011	0.04888392279	0.04662455959	0.04730374672	0.04807583344	0.04664681911	0.06016317996	0.0633892129	0.05422168943	0.05460433062	0.04904851776	0.09278740886	0.09343349606	-0.07877916672	-0.07768944115	-0.07777516007	-0.07794063909	0.342149918	0.04334562219	0.02408648809	0.04320339269	0.1212102986	0.3421705884	-0.07837390233	0.1315838614	0.03951238021	-0.05110731084	0.04843123032	0.002305579318	0.04762832574	0.001365382341	-0.05098041954	-0.05079588266	0.1183724356	-0.05084491771	-0.05104174362	0.02856131803	0.04716670194	0.04781981089	-0.05132265674	0.001709409765	0.001221930185	0.001673264373	0.0008333852917	0.0007580702801	0.0006549350045	-0.07860103958	0.3559624755	0.3559624755	0.3559624755	0.04644336966	0.04714901304	-0.05041753791	0.339918298	0.04705109175	0.1218908089	0.1246271235	-0.0780604605	-0.0789766206	0.04801618061	-0.07788422133	-0.07865375447	0.1315357142	0.341541023	-0.05144355151	-0.07865904806	-0.07913649004	-0.05200231638	-0.07838485097	-0.07949035779	-0.07910509593	-0.05119688228	-0.0519620155	-0.07792839646	-0.0502265972	-0.07985959796	-0.07871264791	0.1255286397	-0.07781746856	-0.07641774135	-0.07990345929	-0.0505184781	-0.07765221008	0.101459478	-0.08037803281	-0.0511925855	-0.07740162875	-0.05108211655	-0.04898221031	0.01535123985	0.09162351757	0.0370336637	0.04439901477	0.04612931606	0.1001905079	-0.07932232696	-0.07809771495	-0.07991297203	0.09188476221	-0.07898318805	-0.07865652149	0.1276027101	-0.07465800368	-0.07919304347	-0.07797057058	-0.0766969805	0.006230022723	-0.0776658413	0.09595028244	-0.07644388769	-0.04891831494	0.1007017915	0.01145338903	-0.07739034011	0.04487131817	-0.07911422001	0.09901318912	-0.07860120906	0.1274923218	-0.07952058087	-0.07749836086	-0.0792032278	-0.08051603682	-0.07801251821	-0.07827998223	-0.07689685607	-0.0793136228	-0.04974155983	-0.07732345276	-0.07844141366	-0.07865531487	-0.07963464266	0.04647661098	-0.0732550868	0.00759984074	-0.04972785477	-0.07859850342	-0.04916528708	0.07453470636	0.04392594465	-0.07787840536	-0.04903502118	0.04069025544	-0.07735858713	-0.07611080226	-0.04679910028	-0.07665369093	-0.03869380398	-0.07858969381	-0.07906881389	-0.04775451331	-0.05093870684	0.1322321084	-0.04827048704	0.04060016603	0.1365509387	-0.07515432585	-0.07844698607	-0.07755155627	0.1325887769	0.07272158319	-0.05129611886	-0.05111318864	-0.05050205743	0.1204401734	-0.04967039588	-0.05057621663	-0.07834860703	-0.04885747014	0.0518228841	0.03588536747	-0.05174048295	-0.07974001307	-0.07916045191	-0.07743316911	0.0992286234	-0.08010669222	-0.07670426437	-0.07677126405	-0.05027855374	-0.05069620876	-0.07978891269	-0.07994685415	-0.07652725809	-0.05167627634	-0.07784694476	-0.07939194305	-0.07934147534	-0.07817625656
-0.07677821376	-0.07740404211	0.1017438009	0.09914503494	-0.02839980844	-0.02066596763	0.04705229539	0.003476166413	0.04592438189	0.04680837984	0.04703782517	0.03552263876	-0.07777447269	-0.07862993944	0.03462673318	0.03452902749	0.03536217198	0.03545777672	0.2209401588	0.2213074648	-0.001148457076	0.001663444126	0.00230812925	0.03504374664	0.03524387557	0.2196634378	0.2211922714	0.2210722907	0.221262099	0.2216381476	-0.00573404832	-0.001421095774	-0.005034178094	-0.004787401859	0.2199638978	0.04725390131	0.04642149587	-0.02961480395	-0.02938897439	-0.02915425711	-0.02857894866	0.04676076698	-0.002764029654	0.09621202744	0.002366639901	-0.009378512995	0.04664557242	-0.02948126946	-0.003620513323	0.06476451174	-0.07734799546	0.2198428836	0.1002025545	0.2209393245	0.1009356416	-0.07871561861	-0.07832140553	0.02555792534	-0.07776492707	-0.07714656329	-0.02203312122	0.221836475	0.2217242198	-0.07729161145	0.09896996492	0.09889008019	0.09947727933	0.09972431985	0.09951313988	0.09941000461	-0.02807802731	0.04644336966	0.04644336966	0.04644336966	0.2454686619	0.2367977344	-0.07733754728	0.04697471607	0.2220424202	-0.001443327103	0.003145108808	-0.02788992806	-0.02858947328	0.2219045677	-0.02817639877	-0.0278590123	-0.004221824519	0.04683119675	-0.07917875058	-0.02857330988	-0.0285490868	-0.07937987094	-0.02897843753	-0.02910321047	-0.02990187423	-0.07937849476	-0.07861029496	-0.02903576359	-0.07891285092	-0.03001591044	-0.02982001504	0.00362342838	-0.02896935132	-0.02905844149	-0.03005977177	-0.07920473182	-0.02916717207	-0.003159261129	-0.02999088549	-0.07974297426	-0.02805397647	-0.0802528736	-0.07833176697	-0.01333501387	-0.001310835806	-0.02235806878	-0.02287288482	-0.02970207539	-0.003477176539	-0.02829110287	-0.02988440683	-0.02871063501	0.0102111779	-0.03022642013	-0.02989975358	0.003787058108	-0.02824746964	-0.0303004106	-0.02921380266	-0.02876521448	-0.01294568448	-0.02937872194	-0.001331749344	-0.02924368793	-0.07801216351	-0.002965892944	-0.01646473065	-0.02890530209	-0.01954741746	-0.0305432674	-0.002208926219	-0.02943684629	0.003956731047	-0.03103554285	-0.02918299151	-0.03031059494	-0.0298571596	-0.02993507504	-0.03006667412	-0.02854768301	-0.02953658601	-0.07978646305	-0.02870254979	-0.0296255157	-0.02962681706	-0.02951922524	-0.0186214494	-0.02957255129	-0.01272495069	-0.07854997344	-0.02970587055	-0.07782471099	0.01822081207	-0.01587338267	-0.02898577249	-0.0790799244	-0.02440780494	-0.03091152337	-0.02993546839	-0.02454368813	-0.02979903232	-0.07564166507	-0.0301046558	-0.02990445112	-0.07861460623	-0.07899269148	-0.003670908376	-0.07750020056	-0.01104726428	-0.002248582137	-0.02925072189	-0.02902936778	-0.02988170796	-0.003348114974	0.01998723328	-0.07896194739	-0.07803319801	-0.07946004105	-0.006893647314	-0.0789001094	-0.07871901055	-0.02909832966	-0.07897384734	-0.0129720099	-0.0199738763	-0.07893222222	-0.0297604606	-0.029650548	-0.02908399605	-0.005525980642	-0.02892247053	-0.0290816453	-0.02950901059	-0.07892142724	-0.07883900268	-0.02878908373	-0.03044667048	-0.02885740977	-0.08000620501	-0.02976950159	-0.02941239058	-0.03031297752	-0.02941948865
-0.07743121988	-0.07701713403	0.102130709	0.09930721852	-0.02787703542	-0.02055078946	0.04707861402	0.003425580354	0.04683872795	0.0466358063	0.04660954354	0.03441503238	-0.07788401901	-0.07776301793	0.03474191135	0.03437247576	0.03484503081	0.03435017034	0.2212382073	0.221678351	-0.001712603657	0.001626735536	0.002648272637	0.03461546501	0.03495145889	0.2193549993	0.2211715847	0.2203562573	0.2203213412	0.2220560393	-0.005906621859	-0.0009143445625	-0.006141784475	-0.004943953588	0.2189761345	0.04764080938	0.04643179269	-0.02936376083	-0.03036071582	-0.02944667379	-0.02778444574	0.04746641036	-0.003688765676	0.09659893551	0.002664688431	-0.01003728697	0.0473512158	-0.02959081578	-0.003865924593	0.06420036516	-0.07650648713	0.2200939267	0.1000460028	0.2214930811	0.1006902304	-0.07832871054	-0.07815922195	0.02544837902	-0.07678755379	-0.07684851476	-0.0220228244	0.2218157882	0.2217345166	-0.07812748793	0.09981147325	0.09973158852	0.1004076472	0.09975063848	0.09976418301	0.1000686426	-0.02728352439	0.04714901304	0.04714901304	0.04714901304	0.2367977344	0.2438112821	-0.07703949875	0.0475444945	0.222188582	-0.001871608733	0.00353201688	-0.02791061484	-0.0286990196	0.2217950214	-0.02801421519	-0.02837615347	-0.003923775989	0.04767270508	-0.07947116726	-0.02818640181	-0.02852276817	-0.07962528221	-0.02967844906	-0.0292597622	-0.02951496616	-0.07926331659	-0.07849511679	-0.02959991017	-0.07879767275	-0.02998959181	-0.02965783146	0.003482478367	-0.02880716774	-0.02957558267	-0.02976172324	-0.0789536887	-0.02886912354	-0.003060104769	-0.02973984237	-0.07989952599	-0.0286185422	-0.07986596553	-0.07836847556	-0.0145784852	-0.001619274296	-0.02224289061	-0.02302943655	-0.02917930237	-0.003785615029	-0.02826478424	-0.02972222325	-0.02859545684	0.01032635607	-0.03024710691	-0.02960170505	0.004237217215	-0.02935507602	-0.03004936748	-0.02850815928	-0.02866990335	-0.01296637126	-0.03021459842	-0.001911917734	-0.02953610461	-0.07789698534	-0.003410196384	-0.01689301228	-0.02919771877	-0.01875291454	-0.03015635933	-0.002653229659	-0.02918580317	0.003815781034	-0.03051276983	-0.02997186258	-0.03028427631	-0.02974198143	-0.02995576182	-0.0300873609	-0.02938355949	-0.02928554289	-0.07926369003	-0.02899496647	-0.03000679192	-0.02991923374	-0.02922117671	-0.01913859057	-0.02972910302	-0.01301736737	-0.07775547052	-0.02995128182	-0.07770953281	0.01820012529	-0.01589406945	-0.02859886442	-0.07869301633	-0.02388503192	-0.03038875035	-0.03009202012	-0.02551542956	-0.0295479892	-0.07642989223	-0.03048593202	-0.02978927295	-0.07822769816	-0.07869464294	-0.003508724796	-0.07765675229	-0.0109320861	-0.00234252674	-0.02913554372	-0.02981823885	-0.02990239474	-0.003593526244	0.0188796269	-0.07911849911	-0.07710283014	-0.07929785747	-0.006459733833	-0.07905666113	-0.07846796743	-0.02920787598	-0.07817934442	-0.01299269668	-0.02067388783	-0.07881704404	-0.03005287728	-0.02894490462	-0.02924054778	-0.005562689232	-0.02907902226	-0.02891946172	-0.02925796747	-0.07894211402	-0.07899555441	-0.02840217566	-0.03033149231	-0.0290139615	-0.07975516188	-0.02965432342	-0.02943307736	-0.03046952925	-0.03020835972
0.120236766	0.1174370985	-0.02663777514	-0.03222556999	0.0188919962	0.01684356059	-0.05035207197	-0.0660169259	-0.05000149284	-0.05006854953	-0.04927962259	-0.01106823722	0.1171027673	0.1155318764	-0.0106054933	-0.01043146909	-0.0104135143	-0.01099723431	-0.07754433497	-0.07637786105	-0.07335217341	-0.07659614183	-0.0813097909	-0.0114574072	-0.01066767566	-0.0774784282	-0.07756395219	-0.07729235991	-0.0766949567	-0.07699823288	-0.05049840321	-0.02859930568	-0.04848923066	-0.04757405923	-0.07704210333	-0.05042219596	-0.0499119737	0.01690211542	0.01780726973	0.01664303308	0.0184199678	-0.05023600554	-0.01307896392	-0.03053916918	0.001229639374	-0.1339616383	-0.05021533515	0.01726707537	-0.1301955406	-0.02244418918	0.1173975846	-0.07748028829	-0.02705291715	-0.07756119105	-0.02690247457	0.1183396656	0.1175110942	-0.08054179884	0.1160295984	0.1174228474	0.01641143984	-0.07705561356	-0.07636870089	0.1167369029	-0.03185718021	-0.03180119999	-0.0321650555	-0.03218974488	-0.03185746504	-0.03250406012	0.01925408176	-0.05041753791	-0.05041753791	-0.05041753791	-0.07733754728	-0.07703949875	0.1334117488	-0.05083724615	-0.07645809528	-0.1283438165	-0.1229267631	0.01913014668	0.01843060146	-0.07644406108	0.01911540587	0.01892963697	-0.1295740672	-0.05043730567	0.11566239	0.01858586468	0.01928617764	0.1165481893	0.01662342129	0.01737340447	0.01610757945	0.1166886653	0.1158713065	0.01458768739	0.1125316659	0.0170041643	0.01787938445	-0.1229515989	0.01799624926	0.01592365899	0.01736789782	0.1152288139	0.01730944287	-0.0919545232	0.0164101065	0.1140515512	0.01774331371	0.1164156828	0.1125935727	-0.04688285463	-0.08881308362	-0.0280132903	-0.04211460136	-0.03145751779	-0.08799039545	0.0182258165	0.01672807305	0.01800778455	-0.03379826403	0.01653967623	0.01834310571	-0.1235525299	0.01574127861	0.01608064382	0.01739867722	0.01609387323	-0.04730871494	0.01754579228	-0.08638842805	0.01482766234	0.1126171636	-0.08856603145	-0.05137122091	0.01512574374	-0.04544651657	0.01902831612	-0.08889598433	0.01504209883	-0.1222510058	0.01693558654	0.01661429868	0.01783670384	0.01838569969	0.01454387008	0.01536332565	0.0140291528	0.01582419954	0.1133287376	0.01428188087	0.01739455904	0.01657806798	0.01767701888	-0.04370535881	0.01585744848	-0.04525957217	0.1158835723	0.01762623852	0.1160980595	-0.07809663569	-0.03606615387	0.01558873314	0.1149863309	-0.03250859557	0.01488576681	0.01400001692	0.009789676443	0.01481577775	0.1097818765	0.01664368904	0.01538547864	0.1134497742	0.1167995038	-0.1298383408	0.1130335661	0.009416685922	-0.1282352885	0.01489692692	0.01710082372	0.01609175161	-0.1295155474	-0.08740550516	0.1169661128	0.1144026779	0.1148779442	-0.1250450476	0.1141747868	0.1160265695	0.0173590233	0.1156732005	-0.1184449609	-0.0449261258	0.1167299033	0.01540360445	0.01661997228	0.01322110987	-0.0890881449	0.01677925914	0.01725910468	0.01514047712	0.1151808222	0.1130534134	0.01772783564	0.01734926715	0.01480634564	0.1163211534	0.01511703837	0.01760768415	0.01457356245	0.01765444439
-0.05218002194	-0.05103960593	0.000938643637	0.002144096297	-0.07808594068	0.02974656474	0.0937964741	0.08261516354	0.09401118829	0.09326480684	0.09323854408	0.04653433556	-0.05073071177	-0.04722462705	0.04618188978	0.04608418409	0.04596627393	0.04674120342	0.0478118381	0.04739094249	0.0858117469	0.09313299726	0.09237528266	0.04768582284	0.04720662702	0.04900767435	0.04674831115	0.04756336323	0.0484713149	0.04677057067	0.06001520161	0.06283363971	0.05393784614	0.05459221722	0.04903640437	0.09359048517	0.09396484247	-0.07865541516	-0.07756568959	-0.07765140852	-0.07808861743	0.3402356953	0.04374110365	0.02434610459	0.04387060405	0.1251382688	0.3402563657	-0.07825015077	0.1349683717	0.03895680702	-0.05166288403	0.04855498188	0.002293465927	0.04788794225	0.00135326895	-0.05167185768	-0.0514873208	0.118767917	-0.05126462595	-0.05159731682	0.02882093454	0.04742631845	0.0478076975	-0.05187822993	0.001833161324	0.001345681744	0.001932880883	0.001093001801	0.0008818218392	0.0007786865636	-0.07874901792	0.339918298	0.339918298	0.339918298	0.04697471607	0.0475444945	-0.05083724615	0.3506395157	0.04717484331	0.1262263739	0.127875769	-0.07807257389	-0.07885286904	0.04800406722	-0.07803219968	-0.07853000291	0.1355995493	0.3457407231	-0.0519991247	-0.07853529651	-0.07914860343	-0.05255788957	-0.07812523446	-0.07936660623	-0.07911720933	-0.05161659052	-0.05238172374	-0.07766877995	-0.05078217039	-0.0797358464	-0.07886062625	0.129049015	-0.077693717	-0.07629398979	-0.08005143763	-0.05107405129	-0.07780018842	0.1009039048	-0.0803901462	-0.05161229374	-0.07727787719	-0.05163768974	-0.04940191855	0.01533912646	0.09147553923	0.03742914516	0.04479449623	0.04625306762	0.1001783945	-0.0791985754	-0.07810982834	-0.07992508542	0.09160091892	-0.07885943649	-0.07853276993	0.1307154905	-0.07426252222	-0.07906929191	-0.07784681902	-0.07670909389	0.006217909332	-0.07754208974	0.09593816905	-0.07632013613	-0.04933802318	0.1006896781	0.01212060039	-0.07726658855	0.04526679963	-0.0791263334	0.09886521078	-0.07861332245	0.131148562	-0.07939682931	-0.0773746093	-0.0792153412	-0.08039228526	-0.07761703675	-0.07774863582	-0.07663723957	-0.07918987124	-0.05029713302	-0.0771997012	-0.07831766211	-0.07839569836	-0.079782621	0.04673622749	-0.07313133524	0.007661427675	-0.05028342797	-0.07833888691	-0.04958499532	0.07465845792	0.04432142611	-0.07789051875	-0.04959059437	0.04094987195	-0.07723483557	-0.0759870507	-0.04640361882	-0.07652993937	-0.03843418747	-0.07846594225	-0.07894506233	-0.04844595145	-0.05135841508	0.1361600785	-0.04869019528	0.04018045779	0.1411582336	-0.07503057429	-0.07845909946	-0.07742780472	0.1361091522	0.0729811997	-0.05185169205	-0.05153289688	-0.05105763062	0.1230703769	-0.05009010412	-0.05099592487	-0.07822485547	-0.04927717838	0.05289769031	0.03628084893	-0.05229605614	-0.07961626151	-0.07930843025	-0.07730941755	0.09908064506	-0.08011880561	-0.07658051282	-0.07664751249	-0.05083412693	-0.05125178196	-0.07966516113	-0.07982310259	-0.07653937148	-0.05223184954	-0.0777231932	-0.07940405644	-0.07908185883	-0.078052505
-0.07644222157	-0.07611699526	0.09216165171	0.08861183111	-0.0301017905	-0.02032997543	0.04767886956	0.004611326497	0.04692367702	0.04685662033	0.04750968232	0.0359944959	-0.07757434545	-0.07747875754	0.03591378002	0.03554434443	0.03651335388	0.03579376892	0.2376228497	0.2386105539	-0.0004048700327	0.00252687431	0.002628099633	0.03551560378	0.03653092241	0.2364230949	0.2379679226	0.23783192	0.2374782686	0.238397777	-0.005006483086	-1.226486154e-05	-0.004562320951	-0.004315544716	0.2355007426	0.0475898935	0.04728492606	-0.03199611076	-0.0320420111	-0.03139969897	-0.03014506577	0.04736848907	-0.003379092113	0.1017108877	0.002857349118	-0.009727613405	0.04725329452	-0.03186257627	-0.00342038608	0.06877465277	-0.07660440841	0.2451780266	0.09093503995	0.2461225808	0.09121762752	-0.07770030167	-0.07757781849	0.02602978249	-0.07697497853	-0.0765388412	-0.02144142093	0.2459488335	0.2469074761	-0.07709148421	0.08861033019	0.08890033616	0.08925350955	0.0885137322	0.08928937011	0.08955612553	-0.02991587432	0.04705109175	0.04705109175	0.04705109175	0.2220424202	0.222188582	-0.07645809528	0.04717484331	0.2537472219	-0.001786659661	0.003209371101	-0.03013536992	-0.03124250999	0.246560386	-0.03082943548	-0.03119137376	-0.003885832326	0.0473030539	-0.07884275839	-0.0317698064	-0.03093039361	-0.07822868905	-0.0312238794	-0.03134865233	-0.03187558619	-0.07931423247	-0.07800257287	-0.03250399001	-0.07789753398	-0.0328048121	-0.031793727	0.002600771071	-0.03162238803	-0.03239080296	-0.03189761878	-0.07832527983	-0.03141261393	-0.002839290747	-0.03299127505	-0.07899938722	-0.0314337625	-0.0793734216	-0.07787593164	-0.01517286088	-0.001398460274	-0.02283726628	-0.02348794728	-0.0293660832	-0.003700665958	-0.03108000453	-0.0324015786	-0.03095607687	0.01041130514	-0.03301532179	-0.03105827584	0.003579618228	-0.03222145171	-0.03213825761	-0.03105164967	-0.03188929241	-0.01464766654	-0.0324393535	-0.001419373811	-0.03148912979	-0.07794790122	-0.003461112262	-0.01762325291	-0.0318300687	-0.01934729022	-0.03251697936	-0.002296550687	-0.03222574795	0.002936014665	-0.03205820016	-0.03251535297	-0.0328277667	-0.03210260146	-0.0316370571	-0.03285557578	-0.03133658467	-0.03178202787	-0.07904287601	-0.0318990463	-0.03146336271	-0.03251633569	-0.03217226195	-0.01855718711	-0.03181799315	-0.0142910678	-0.07848571115	-0.03222304231	-0.07762458374	0.01814920941	-0.01608085028	-0.03150294425	-0.07806460746	-0.0247511375	-0.03220591058	-0.03190918035	-0.02869123929	-0.03163687933	-0.07576008514	-0.03180663786	-0.03242162289	-0.07827861404	-0.07784150958	-0.003470781134	-0.07702834341	-0.009896082381	-0.002133050052	-0.03176789365	-0.0314106746	-0.03239887972	-0.003419717632	0.01977976567	-0.07930527994	-0.07728961096	-0.07842587203	-0.006829385021	-0.07869998216	-0.07797542351	-0.03134377152	-0.0779585304	-0.01493079684	-0.0204530738	-0.07845456988	-0.03241349732	-0.03243944966	-0.03173703276	-0.00547774016	-0.03171137219	-0.03146295212	-0.0327055071	-0.07879435945	-0.07782368574	-0.03171385035	-0.0330997072	-0.03176332431	-0.07899088806	-0.0324225383	-0.03152196749	-0.03323774413	-0.03220839031
-0.1281280211	-0.1267831668	-0.05087602329	-0.05007816548	-0.1905104746	-0.00679611273	0.09320289342	0.387897806	0.09341760761	0.09308268447	0.0923732335	0.004162923546	-0.1270863058	-0.1252605885	0.003877769369	0.003508333777	0.003254558669	0.003486028361	-0.000792020371	-0.001434695525	0.4137474218	0.4332539338	0.4462524946	0.004294782831	0.004427620156	0.001676550786	-0.001941461917	-0.0009905448866	-0.000897782921	-0.001647472503	0.3661277739	0.23946371	0.3579451525	0.3569005709	0.0006183612024	0.09340449934	0.09325656385	-0.1925744635	-0.191348873	-0.1908597787	-0.1909207462	0.1220723413	0.02770954756	-0.03344662014	-0.005408970742	0.876841735	0.1219571467	-0.1913540094	0.6389362004	0.006570827979	-0.1276108832	0.0002728036635	-0.05047225565	-0.0005800512682	-0.05141245263	-0.1278184189	-0.1273621521	0.3805295553	-0.1281590853	-0.1274767426	-0.00804342318	-0.001671049469	-0.001833130218	-0.126942466	-0.05038910045	-0.05045168163	-0.04974592109	-0.05058580017	-0.05038938528	-0.04967733086	-0.1911062602	0.1218908089	0.1218908089	0.1218908089	-0.001443327103	-0.001871608733	-0.1283438165	0.1262263739	-0.001786659661	1.175181292	0.7053856289	-0.1917571123	-0.1919567277	-0.001229165653	-0.1915436532	-0.1913621317	0.6391162038	0.1244524752	-0.1278753156	-0.1920763522	-0.1915731374	-0.1279438059	-0.1913773338	-0.1917911402	-0.1921351534	-0.1281752641	-0.1291776159	-0.1900260223	-0.1268660345	-0.19297557	-0.1906744088	0.697980577	-0.1910201293	-0.1883109289	-0.1929521397	-0.1272937803	-0.191039912	0.3592573835	-0.1917277605	-0.1275602929	-0.1908777711	-0.1271173019	-0.1250781878	0.1921531272	0.3613775388	0.2149378516	0.263347235	0.1929204303	0.3338070158	-0.1919634126	-0.1914854169	-0.1922137544	0.1029519182	-0.1916915653	-0.191569337	0.6974905169	-0.1875022458	-0.1910189394	-0.1919017323	-0.1900970582	0.2274597488	-0.1906459484	0.3457321559	-0.1878621888	-0.1256679823	0.3335005462	0.2154282664	-0.189352101	0.2790235954	-0.1921442775	0.3324912686	-0.1914454512	0.6950704244	-0.1912106118	-0.1910219278	-0.1915725835	-0.1927495276	-0.1907208954	-0.190377608	-0.1883151571	-0.1920905734	-0.1261060323	-0.1886058889	-0.1919946598	-0.1909560972	-0.1913919652	0.2682896463	-0.1858961724	0.1740138272	-0.1272497734	-0.1918503404	-0.1264654261	0.3316808447	0.2335228496	-0.1901791877	-0.1258103234	0.2348982373	-0.1894562129	-0.1875291033	-0.1634571741	-0.1878675537	-0.116334284	-0.1913666444	-0.1913382428	-0.1235101876	-0.1271705493	0.6372837155	-0.1250457893	0.01124173143	0.6287566785	-0.187998568	-0.1907477684	-0.1889698573	0.6364214447	0.3721114671	-0.1280668266	-0.1270733012	-0.1272773597	0.6255468955	-0.1264456981	-0.1269079761	-0.1913786645	-0.1250207392	0.6418246922	0.3040038823	-0.1272930006	-0.1922452337	-0.1912580777	-0.1896666599	0.3399075452	-0.1916789736	-0.1896170799	-0.1896122713	-0.1266586368	-0.1272670727	-0.1919538301	-0.1931127766	-0.1898476685	-0.1285188702	-0.1899445706	-0.1916927254	-0.191846696	-0.1908846338
-0.1233035325	-0.1228573929	-0.04737450698	-0.04562559452	-0.1863155344	-0.003621441348	0.09847065408	0.2857130537	0.09963642292	0.09916177137	0.09709753436	0.01153595007	-0.1232278235	-0.120342518	0.01091177438	0.01149339344	0.01083202349	0.01174281793	0.003574635989	0.003017875435	0.3080318262	0.3299822619	0.3392278738	0.0114646528	0.01220824153	0.005857391846	0.002918703895	0.004005485875	0.004234112791	0.002533368557	0.3565422464	0.2418375025	0.3393275986	0.3379403618	0.005750256914	0.09880812495	0.09891075235	-0.1867491439	-0.1860670132	-0.1858810022	-0.1859106163	0.1249445209	0.02953005554	-0.02940164403	-0.002160599034	0.6126130356	0.1246934614	-0.1860721496	0.5987334229	0.009936479338	-0.1223937514	0.004997104525	-0.04748920512	0.004465929843	-0.04872612602	-0.1233537797	-0.1231692429	0.3795624799	-0.123082413	-0.1232792389	-0.004818801448	0.003460846243	0.003434630444	-0.1230017405	-0.04551398299	-0.04615227917	-0.04570094498	-0.04666173737	-0.04607267927	-0.04563235475	-0.1865710167	0.1246271235	0.1246271235	0.1246271235	0.003145108808	0.00353201688	-0.1229267631	0.127875769	0.003209371101	0.7053856289	0.9432586563	-0.1869814923	-0.1873541926	0.003495135209	-0.1871978964	-0.1864878667	0.6002124747	0.1265094651	-0.1235451818	-0.1865228395	-0.1865630074	-0.1230170271	-0.1858410476	-0.1875961999	-0.1868503989	-0.1235702425	-0.1244712406	-0.1845397241	-0.1221923625	-0.1883730349	-0.1862750302	0.8742032077	-0.1863490208	-0.1834217122	-0.1880093014	-0.1232994331	-0.1854863223	0.3452658582	-0.1875328203	-0.122614891	-0.1853241814	-0.1232134261	-0.1205403808	0.1753152759	0.3464349588	0.2077226995	0.2513639923	0.1787761658	0.3229378209	-0.1868697576	-0.1857959622	-0.1873394894	0.1101420188	-0.1866814353	-0.1864906337	0.8673473619	-0.1826645106	-0.1863394996	-0.1860764127	-0.1857835565	0.2058582929	-0.1854850019	0.3302328099	-0.18400627	-0.1203149856	0.3226339148	0.1967771151	-0.182498822	0.2663738453	-0.1870841972	0.3214887722	-0.1858835301	0.8661032491	-0.1866753683	-0.1869628525	-0.1882601246	-0.1886218789	-0.1863900902	-0.1847554449	-0.1840433122	-0.1866042752	-0.1198052159	-0.1833829893	-0.1864881257	-0.1856742374	-0.1873328899	0.2579496004	-0.1808174691	0.1592056189	-0.1225088098	-0.1868402105	-0.1217071967	0.3098503254	0.224813183	-0.1850331928	-0.1207290566	0.2280906801	-0.1835623199	-0.1821786701	-0.1586252067	-0.1835284172	-0.1118759452	-0.1866955359	-0.1859518715	-0.1186333591	-0.1228156629	0.5989914758	-0.1196927926	0.01510021367	0.5872949556	-0.1835318979	-0.1866886931	-0.1825241732	0.5956700804	0.3446319295	-0.1230204181	-0.122943089	-0.1228754176	0.5866963588	-0.1213644313	-0.1233571717	-0.1859109893	-0.1210949654	0.8116456271	0.2878216435	-0.1237062483	-0.1871665304	-0.187402159	-0.1854031463	0.3283821941	-0.1876871899	-0.1846742415	-0.1845970449	-0.1218664035	-0.1222543793	-0.1873363434	-0.1874204272	-0.1846247689	-0.1239137716	-0.1848575359	-0.1868184604	-0.1873114525	-0.1862820987
0.0193132388	0.02067026968	-0.009661879022	-0.01190816515	0.100651712	-0.03199429424	-0.08016883377	-0.1264782836	-0.08049757938	-0.08029290618	-0.07923224934	-0.046264482	0.01828562641	0.01593564522	-0.04553000817	-0.04562771387	-0.04607246895	-0.04611272916	-0.03054228485	-0.03046273053	-0.1306944051	-0.1370425906	-0.1373954935	-0.04670876701	-0.04572805549	-0.03224262243	-0.03164882168	-0.0313772294	-0.03089116917	-0.03013204771	-0.1140096727	-0.09183884523	-0.1099439406	-0.110134274	-0.03167043261	-0.08023895775	-0.08040806025	0.09845430839	0.09949532765	0.09905795559	0.1018312213	-0.0778238131	-0.04650896434	-0.01546538237	-0.02880373729	-0.1986386546	-0.07785825774	0.09953889753	-0.1986068992	-0.03889686601	0.0187434571	-0.03109610021	-0.01062048084	-0.03055914093	-0.01006244341	0.01927794325	0.01839425675	-0.1216108295	0.01779807373	0.01829008648	-0.03079603558	-0.02896664384	-0.03018184047	0.01866397615	-0.01216398509	-0.01237973477	-0.01233599543	-0.01222481986	-0.01121321527	-0.01213154025	0.1017886828	-0.0780604605	-0.0780604605	-0.0780604605	-0.02788992806	-0.02791061484	0.01913014668	-0.07807257389	-0.03013536992	-0.1917571123	-0.1869814923	0.1146912123	0.1009741535	-0.03066479551	0.1007079033	0.1017359679	-0.1983122708	-0.07794436331	0.01728894338	0.0990882076	0.1006784191	0.01749541786	0.0987593785	0.09828657712	0.0978359418	0.01749679405	0.01827222926	0.09685950954	0.01578859868	0.09946696643	0.0996077468	-0.1873183624	0.09904528687	0.09751615639	0.0994231051	0.01644777244	0.09971712997	-0.1447011081	0.09857229018	0.01550193514	0.09792973705	0.01743760491	0.01540260617	-0.06764606123	-0.1437335078	-0.1080539196	-0.1188944719	-0.08292620315	-0.1406011154	0.1008962825	0.0987281653	0.1010858454	-0.07665806104	0.09920134171	0.09898454846	-0.1871547327	0.09746964096	0.09776870174	0.09833637184	0.09755050568	-0.07179539022	0.09909798525	-0.1396233578	0.09629910538	0.01568311642	-0.139682237	-0.07191781264	0.09772441082	-0.122633982	0.09908599463	-0.1409632445	0.09618669694	-0.186305735	0.09879981384	0.09793506618	0.09862882213	0.09929887234	0.0975905775	0.09664378872	0.09626067052	0.09826079642	0.01477912161	0.09637753364	0.100073976	0.09817056538	0.0998040251	-0.1206210943	0.09455647749	-0.06247170477	0.01818945041	0.09890670159	0.01742019842	-0.1311149505	-0.1127101595	0.09750807547	0.01665332978	-0.1103753857	0.09650961767	0.09555220989	0.08339450898	0.09601549089	0.0117667481	0.09813167494	0.09790016672	0.01567924852	0.01761086743	-0.1981138345	0.01660267422	-0.04241019781	-0.1951969938	0.09604152503	0.09743388712	0.09777980953	-0.1975193112	-0.1385217107	0.01845680122	0.01707584645	0.01646419311	-0.1952835335	0.01628968498	0.01762005387	0.09812738002	0.01642017316	-0.152093921	-0.1238756305	0.01797442004	0.09762932698	0.09753314493	0.09613195234	-0.141427135	0.1001290499	0.09830814228	0.09646124462	0.01669603258	0.01607906179	0.0992800286	0.0979714227	0.09744545821	0.01694538235	0.09748442104	0.09838499185	0.09762026987	0.09784023657
0.01898993498	0.01917929633	-0.00968209949	-0.01241673039	0.1013345779	-0.03128007493	-0.07931874951	-0.1259608121	-0.08032681987	-0.07985041677	-0.07865389498	-0.04506191791	0.01721458573	0.01639543818	-0.04500676884	-0.04483274463	-0.04467892489	-0.0447191851	-0.03132774467	-0.0310264108	-0.1303070307	-0.1368156032	-0.1377211884	-0.04504349304	-0.0450689512	-0.03321389755	-0.03112558234	-0.03180504472	-0.03147937141	-0.03069572798	-0.1154097262	-0.09207568057	-0.1104115247	-0.1106428393	-0.03345689743	-0.08006819825	-0.08037316569	0.09930439265	0.1004812769	0.09908561474	0.1016374347	-0.07879508822	-0.04639331986	-0.01670838739	-0.02797908882	-0.1998265446	-0.07877441783	0.09984552198	-0.1992826828	-0.03905295143	0.01896361308	-0.03212883804	-0.01023310645	-0.03134460075	-0.009675069028	0.01949809923	0.01927504127	-0.121464592	0.01773149176	0.01970850505	-0.02948840612	-0.03061724371	-0.0314248455	0.01874826719	-0.01245593546	-0.01267168514	-0.01330727055	-0.01156571558	-0.01245622029	-0.01269522052	0.1008411693	-0.0789766206	-0.0789766206	-0.0789766206	-0.02858947328	-0.0286990196	0.01843060146	-0.07885286904	-0.03124250999	-0.1919567277	-0.1873541926	0.1009741535	0.1136444884	-0.03082088093	0.1023731772	0.1017395091	-0.1989880544	-0.07899638835	0.01781218271	0.1009190258	0.1015928943	0.0176610127	0.09956284345	0.09913666138	0.09906727271	0.01802003338	0.01855260266	0.09594334945	0.01468145861	0.09917501606	0.09896331661	-0.1872834679	0.09962364122	0.0985021056	0.1000822094	0.01574822722	0.1000237544	-0.144697567	0.09852071626	0.01575344457	0.09869138092	0.01785465853	0.0148389259	-0.0675617702	-0.1431865068	-0.1066747262	-0.1188101809	-0.08365710182	-0.1408693042	0.1013074185	0.101208629	0.1008176566	-0.07567211183	0.09937210122	0.09888357807	-0.1875650197	0.09723280562	0.09698840659	0.09970539393	0.09767464588	-0.07179184911	0.09851560876	-0.1395390667	0.09525401901	0.01463109137	-0.1400862907	-0.07164254163	0.09688900065	-0.122277961	0.09917083954	-0.1405521086	0.0970367812	-0.1865425704	0.09734019394	0.09810582569	0.09928792641	0.0993337669	0.0972178772	0.09599935852	0.09575210528	0.09734463633	0.01407957639	0.0972276179	0.09918749518	0.09793373004	0.100351026	-0.1194498837	0.0963576164	-0.06240599903	0.01816922995	0.1001643807	0.01731406335	-0.1301603548	-0.1122182736	0.09762371995	0.01614476453	-0.1105628246	0.09624142887	0.0957229694	0.08402045926	0.09531594567	0.01329766362	0.09867867585	0.09918670981	0.01433647793	0.01691132221	-0.1989254831	0.01419199968	-0.0414242486	-0.1959573726	0.09572839115	0.09872909796	0.09727124428	-0.1983309597	-0.1389257644	0.01965936531	0.01719149093	0.01685156749	-0.1947365326	0.01632457954	0.01677740829	0.09987081729	0.01727953336	-0.1507467384	-0.1219889957	0.01833044098	0.09684903184	0.09858114784	0.09589511699	-0.1419670537	0.09999672607	0.09942995644	0.09717546393	0.01769159044	0.01475530685	0.09822800356	0.09780382491	0.09652929812	0.01779991799	0.0956172063	0.09814815651	0.09683997473	0.09783493197
-0.07669991726	-0.0759670961	0.09285501067	0.08916932512	-0.03022362124	-0.01976543183	0.04728530892	0.004972072677	0.04693771123	0.04754997928	0.04765958147	0.03573680021	-0.07701685144	-0.07739230475	0.03619954413	0.03637356834	0.03625565818	0.03635126292	0.238001574	0.2379452634	1.675902551e-05	0.003084368318	0.003337480401	0.03607309779	0.03668082157	0.2354860468	0.2373026321	0.2370307645	0.2372205729	0.2382759462	-0.004992448879	-0.0004077664326	-0.004412421793	-0.004573240408	0.234971317	0.04760392771	0.04675550046	-0.03279726625	-0.03216384184	-0.03274431426	-0.03026689651	0.04819771298	-0.002821598104	0.1009097323	0.002599653426	-0.008626659596	0.04821838337	-0.03212027197	-0.003134621972	0.06891875674	-0.07604691441	0.2445127361	0.09117789933	0.2457290201	0.09055233698	-0.07755040251	-0.07756378428	0.02604381669	-0.07537692642	-0.07611721214	-0.02074806197	0.2454194079	0.2458345907	-0.0762622603	0.08940184995	0.08932196522	0.08963743446	0.08988447498	0.08953743007	0.08957015974	-0.03098875972	0.04801618061	0.04801618061	0.04801618061	0.2219045677	0.2217950214	-0.07644406108	0.04800406722	0.246560386	-0.001229165653	0.003495135209	-0.03066479551	-0.03082088093	0.2537752626	-0.03027194147	-0.0307697447	-0.003554566277	0.0481322778	-0.07896458913	-0.03175577219	-0.03213914396	-0.07875811464	-0.03175330499	-0.03228567277	-0.03240501179	-0.07848500856	-0.07758094381	-0.0324899558	-0.07774763482	-0.03292664284	-0.03177969279	0.00356585993	-0.03215181362	-0.0330560935	-0.03297050417	-0.07803951572	-0.03180617457	-0.002825256539	-0.03297724084	-0.07898535301	-0.03205162848	-0.07949525235	-0.07759016753	-0.01543055657	-0.001520291016	-0.02227977228	-0.02279458832	-0.02826512939	-0.003279036899	-0.03160943013	-0.03238754439	-0.03094204266	0.01096879915	-0.03327301749	-0.03199529628	0.004592328678	-0.03170166185	-0.0326676832	-0.03130934537	-0.03255458296	-0.01463363233	-0.03310464405	-0.001541204554	-0.03229028528	-0.07766213711	-0.002767753304	-0.01815267851	-0.03249535925	-0.01878979621	-0.03250294515	-0.002418381429	-0.03180411889	0.004170892497	-0.03299522061	-0.03277304867	-0.03335719229	-0.0324961621	-0.03243821259	-0.03297740652	-0.03213774017	-0.03244731842	-0.07862124695	-0.032156742	-0.03253624811	-0.03362446906	-0.03161476794	-0.01867901785	-0.03221155379	-0.01414116864	-0.07752062229	-0.03288833286	-0.07761054954	0.01761978382	-0.01552335627	-0.031624775	-0.0773712485	-0.02392191359	-0.03246360627	-0.0328462008	-0.02867720509	-0.03257389977	-0.07578744915	-0.0324719284	-0.03267931858	-0.07772112003	-0.07796334032	-0.002913287125	-0.0761991195	-0.009882048173	-0.001626825836	-0.03148212955	-0.03298215872	-0.03279244037	-0.003216626064	0.01925034008	-0.07820432613	-0.07659625201	-0.07800424297	-0.006543620913	-0.07787075825	-0.0785048491	-0.03187319712	-0.07821622609	-0.01446256905	-0.02057490455	-0.07763114116	-0.03280705796	-0.03242541545	-0.03280991815	-0.005463705952	-0.03183320293	-0.03226410761	-0.03269147289	-0.07884313074	-0.07821724638	-0.03156395119	-0.03322153794	-0.03161342516	-0.07906144901	-0.03335955875	-0.03245898794	-0.03335957487	-0.03233022105
0.01940300949	0.0205434255	-0.009133160029	-0.01146019608	0.1006607328	-0.03181805507	-0.07997374253	-0.1263629273	-0.08086480001	-0.08079599176	-0.07987119987	-0.04668681766	0.01776352519	0.01673609411	-0.04622407373	-0.04577831963	-0.04576036483	-0.04552889514	-0.03091467016	-0.03088506619	-0.131237654	-0.1373290613	-0.1371562271	-0.04694012269	-0.0468297159	-0.03212149829	-0.03179942743	-0.03112024031	-0.03253628938	-0.03028265347	-0.1142410283	-0.09111914626	-0.1097862867	-0.1107732246	-0.03236449817	-0.08006271859	-0.08050355098	0.09863054756	0.09899224207	0.09841176965	0.1013357865	-0.07770268896	-0.04634883591	-0.01520839327	-0.02975068068	-0.1995493351	-0.07768201857	0.09917167689	-0.1994130681	-0.03891160682	0.01910495769	-0.03274122042	-0.0107710866	-0.03201844584	-0.01129996877	0.02059049849	0.01949019712	-0.1212987254	0.01868802608	0.01946677678	-0.03138503576	-0.03088349396	-0.03060417613	0.0194330716	-0.01122767125	-0.01185101578	-0.0119041371	-0.01101677612	-0.01109209113	-0.01146695631	0.1012542438	-0.07788422133	-0.07788422133	-0.07788422133	-0.02817639877	-0.02801421519	0.01911540587	-0.07803219968	-0.03082943548	-0.1915436532	-0.1871978964	0.1007079033	0.1023731772	-0.03027194147	0.1148782323	0.1014732588	-0.1989825748	-0.07790398909	0.01754593247	0.09953617667	0.1030928885	0.01793822226	0.09866388776	0.09995733074	0.09860559112	0.01734618829	0.01801462252	0.09703574871	0.01590972283	0.09836530602	0.09951225607	-0.1864627985	0.09935739098	0.09755653061	0.09872903954	0.01684062648	0.1000292341	-0.145643142	0.09798273612	0.01670997888	0.09720234613	0.0174228641	0.01525200041	-0.06796388539	-0.1446755416	-0.1073485713	-0.1185329713	-0.08351575721	-0.1420866091	0.1000901136	0.09890440447	0.1010948662	-0.07768965478	0.09856239118	0.09848146288	-0.1865708987	0.09655896053	0.09699388625	0.0988233452	0.09747488199	-0.0719222344	0.09927422442	-0.1408772849	0.09709955427	0.01518003083	-0.1408960008	-0.07313157642	0.09675861536	-0.1229518061	0.099719779	-0.1417694134	0.09772158561	-0.1864012258	0.09802499835	0.09702438574	0.09929340607	0.09920338161	0.09831027647	0.09722762274	0.09657277464	0.09721425104	0.01517197565	0.09709723261	0.09970675541	0.09892551233	0.1006282356	-0.1191726741	0.09609136616	-0.06226465442	0.01695192505	0.0986753459	0.01691194816	-0.1312417947	-0.1126203888	0.09790092951	0.0172371638	-0.1116442645	0.09746969309	0.09654363876	0.08380372501	0.09545729028	0.01189684446	0.09882002046	0.09905632452	0.015972337	0.01827545138	-0.1986482735	0.01609958864	-0.04236982359	-0.1960031627	0.096761224	0.09815358609	0.09768431879	-0.1982722877	-0.1393278796	0.01749100576	0.01706110564	0.01687589922	-0.1951386478	0.0160583293	0.01705461785	0.09900154084	0.01687741817	-0.1513462423	-0.1237497604	0.01860765054	0.0979414311	0.0982528439	0.09685165131	-0.1425050338	0.1000022057	0.09794092165	0.09663748379	0.01736061652	0.01598357106	0.09999972757	0.09909355184	0.0980481443	0.01856102094	0.09616614576	0.09828950112	0.09793237399	0.09791671017
0.01849761141	0.01977389236	-0.01003855811	-0.01290905396	0.1024726337	-0.0312289387	-0.07940347823	-0.1259096759	-0.0804115486	-0.07979928054	-0.0792820835	-0.04650529614	0.01848850651	0.01631070946	-0.04672187697	-0.04722717751	-0.04680162787	-0.04561910352	-0.03173415364	-0.03151873438	-0.1317458584	-0.1378268646	-0.1383448264	-0.04730206097	-0.04637646448	-0.03275516647	-0.03188963582	-0.03175390849	-0.03167544311	-0.0313239165	-0.1139236419	-0.0918886794	-0.1096047652	-0.1099123783	-0.03299816636	-0.08083225172	-0.08086548927	0.09867620412	0.09944549349	0.09971605032	0.1006631141	-0.07833635714	-0.04647804858	-0.01611379136	-0.02958801124	-0.1993678135	-0.0784515517	0.09962492831	-0.198280492	-0.039545275	0.01955820911	-0.0328314288	-0.01099715993	-0.03107168497	-0.01030325755	0.01982096536	0.01953585369	-0.120981339	0.01886954759	0.02005589315	-0.03057413984	-0.03083783739	-0.03069438452	0.01907113331	-0.01254066418	-0.01221295406	-0.01298440442	-0.0121939041	-0.01267681397	-0.01305167914	0.1012999004	-0.07865375447	-0.07865375447	-0.07865375447	-0.0278590123	-0.02837615347	0.01892963697	-0.07853000291	-0.03119137376	-0.1913621317	-0.1864878667	0.1017359679	0.1017395091	-0.0307697447	0.1014732588	0.1141545039	-0.1981217285	-0.07840179232	0.01772745399	0.09998942809	0.1027309502	0.01752633362	0.09830194948	0.09986712236	0.09819370248	0.01847876446	0.01799607202	0.09762486508	0.01527605464	0.09936201724	0.09915031778	-0.1861454121	0.0992671826	0.09868910678	0.09958988581	0.01607109335	0.09980316076	-0.1454616205	0.09876795944	0.01621217565	0.09747230804	0.01678919592	0.01543352193	-0.06818995872	-0.1431308201	-0.1068953198	-0.1187590446	-0.08414942539	-0.1412257628	0.100543365	0.1000369806	0.1014122527	-0.07725135501	0.09892008208	0.0986629844	-0.186069998	0.09674048205	0.09826232737	0.09896586243	0.09643361896	-0.07296349744	0.09891228613	-0.1404344347	0.09687348094	0.01563328225	-0.1407144793	-0.07240659511	0.09721186678	-0.1210040402	0.09849270067	-0.1419954868	0.09735964733	-0.1859479743	0.09888584462	0.09734177221	0.09988252244	0.09843384848	0.09794833818	0.09713741435	0.09756948586	0.09725990761	0.01454279357	0.09714288918	0.09948068207	0.09880005597	0.1006738921	-0.1196704773	0.09491423818	-0.06241702743	0.01835623112	0.09940032722	0.01690765438	-0.1298374886	-0.1125747322	0.09740312628	0.01755455026	-0.111462743	0.09697188985	0.09686102523	0.08334245151	0.0967257314	0.0129456911	0.09900154198	0.09913333453	0.01561488482	0.01764178319	-0.1980591571	0.01641697511	-0.04300349178	-0.1952781814	0.09694274552	0.09765578285	0.09840930011	-0.1974646338	-0.1383311684	0.01780839223	0.01724262716	0.01690270372	-0.1952288562	0.01651158072	0.01740784387	0.09940484191	0.01692307474	-0.1517825218	-0.1227530492	0.0186533071	0.09798708767	0.09802677057	0.09662557797	-0.1423235123	0.09964026745	0.09825830812	0.09749833006	0.01645521844	0.01630544364	0.09977365424	0.09859706805	0.09698802919	0.01751975791	0.09621180233	0.09779169789	0.0975704357	0.09813853612
-0.1312288773	-0.1295450015	-0.05600011371	-0.0527566868	-0.1979038942	-0.01143185838	0.09446454678	0.296028431	0.09454339601	0.09406874447	0.09350863499	0.003282690199	-0.1295078373	-0.127450765	0.00383579713	0.003330496587	0.002804991579	0.003761287963	-0.003027057986	-0.004077327991	0.3226375717	0.3448557857	0.3560721311	0.004162447582	0.003773614768	-0.002007499341	-0.004312364482	-0.003859405312	-0.002815588695	-0.004154240019	0.2784368869	0.1919465508	0.2655662839	0.2650882335	-0.001299444571	0.09425855784	0.09449705019	-0.1989264655	-0.1981084698	-0.1988421601	-0.197770706	0.1318531115	0.02647500289	-0.03957623937	-0.01033153701	0.6817106028	0.131737917	-0.1983398342	0.839219498	0.001220509595	-0.1302586426	-0.002233963852	-0.0554354871	-0.003448911694	-0.0555854884	-0.1298600214	-0.1296754845	0.3008130437	-0.1308114392	-0.1307820372	-0.01267916883	-0.003634357184	-0.003252978132	-0.1297043008	-0.05320348672	-0.0531475065	-0.05283203726	-0.05394364625	-0.05361136641	-0.05385036663	-0.1984766085	0.1315357142	0.1315357142	0.1315357142	-0.004221824519	-0.003923775989	-0.1295740672	0.1355995493	-0.003885832326	0.6391162038	0.6002124747	-0.1983122708	-0.1989880544	-0.003554566277	-0.1989825748	-0.1981217285	0.8902790669	0.1342332454	-0.1300969254	-0.1995760346	-0.1992837888	-0.1307056407	-0.1988038796	-0.1993659267	-0.1988947502	-0.1302578511	-0.1317665161	-0.1974867335	-0.1290158361	-0.1998255298	-0.1984523518	0.6009133978	-0.1979647673	-0.1956139855	-0.1990997034	-0.1304849996	-0.1979353738	0.4306367958	-0.1990308171	-0.1297100945	-0.1979565224	-0.1294182586	-0.1277714492	0.269702859	0.4349307902	0.276456801	0.3347843258	0.2493957139	0.4002927264	-0.1983827061	-0.1980636468	-0.1990637142	0.09856419012	-0.1989088155	-0.1988941833	0.6016288187	-0.1952128973	-0.1990686123	-0.1984799623	-0.1972518741	0.3054625774	-0.198175233	0.4176358018	-0.1958663598	-0.1281798768	0.400668145	0.2950159724	-0.1969941791	0.3583408533	-0.1991301022	0.4025120314	-0.1991561027	0.5989824982	-0.1988526899	-0.1976456596	-0.1985353369	-0.199576416	-0.1982956819	-0.1981555511	-0.1967724249	-0.1990078248	-0.1282590688	-0.1959762371	-0.1989508053	-0.1982591538	-0.1985591569	0.3382322227	-0.1931306557	0.2510200992	-0.1290150515	-0.1978851106	-0.1285024342	0.3927697687	0.2962562522	-0.198523662	-0.1285939478	0.3009007301	-0.1978679788	-0.1952615444	-0.1696193867	-0.1969368547	-0.1190679203	-0.1989632205	-0.1980523377	-0.1278568997	-0.1302714055	0.8376991307	-0.1272859539	0.009075358281	0.808043935	-0.1953919876	-0.198050825	-0.1968381634	0.8229817414	0.4439555119	-0.1303570876	-0.1300382925	-0.1296533892	0.8149552292	-0.1292293225	-0.1301037898	-0.1986817211	-0.127646709	0.5300414889	0.3878046835	-0.1309373167	-0.1999776749	-0.1994436156	-0.1982597926	0.4123944822	-0.1995291643	-0.197259158	-0.1967826979	-0.1296112524	-0.1298475405	-0.1993927517	-0.2000082383	-0.1969462868	-0.131099338	-0.1972694168	-0.198995782	-0.1981301246	-0.1982832509
-0.0516442165	-0.05050380049	0.001338584124	0.002136441933	-0.07795773009	0.02946718048	0.09338122489	0.08247164423	0.09346007413	0.09271369268	0.09282329487	0.04666254614	-0.05033077128	-0.04682468656	0.04658183026	0.04634825962	0.04623034946	0.04714114391	0.04766831878	0.04738328813	0.08526063274	0.09244601815	0.0920958984	0.04794989838	0.04747070255	0.04900001999	0.04660479184	0.04741984392	0.04832779559	0.0467629163	0.06027927715	0.06323358019	0.05420192167	0.05458456286	0.04902875001	0.093039371	0.09354959326	-0.07866306952	-0.07757334396	-0.07765906288	-0.07796040685	0.3417225554	0.04318998948	0.02420258528	0.04331948988	0.1237719649	0.3416073609	-0.07825780513	0.1337379328	0.03935674751	-0.05126294355	0.04841146257	0.002557541464	0.04774442294	0.001481479537	-0.05113605225	-0.05095151536	0.1180809379	-0.05086468546	-0.05106151138	0.02840568533	0.04741866409	0.04793590809	-0.05134242449	0.00182550696	0.001338027381	0.001789361569	0.0009494824875	0.0008741674758	0.0007710322002	-0.07862080734	0.341541023	0.341541023	0.341541023	0.04683119675	0.04767270508	-0.05043730567	0.3457407231	0.0473030539	0.1244524752	0.1265094651	-0.07794436331	-0.07899638835	0.0481322778	-0.07790398909	-0.07840179232	0.1342332454	0.3473634481	-0.05159918422	-0.07854295087	-0.07902039285	-0.05215794908	-0.07826875377	-0.07937426059	-0.07912486369	-0.05121665004	-0.05198178325	-0.07767643432	-0.05038222991	-0.07974350076	-0.07873241566	0.1274109812	-0.07770137136	-0.07630164416	-0.07992322704	-0.0506741108	-0.07767197784	0.1015755752	-0.08039780056	-0.0513482182	-0.07728553155	-0.05123774925	-0.04900197807	0.01546733704	0.09173961476	0.03714976089	0.04451511197	0.04624541326	0.1003066051	-0.07920622976	-0.0781174827	-0.07979687483	0.09200085941	-0.07886709085	-0.0785404243	0.1294850516	-0.07440604153	-0.07907694627	-0.07785447338	-0.07671674826	0.006481984869	-0.07754974411	0.09606637963	-0.07632779049	-0.04893808269	0.1008178887	0.01184121613	-0.07727424291	0.04498741537	-0.07899812282	0.09912928631	-0.07862097681	0.1296463932	-0.07940448367	-0.07738226366	-0.07922299556	-0.08039993962	-0.07776055606	-0.07802802009	-0.07678075888	-0.0791975256	-0.04989719253	-0.07734322051	-0.07832531647	-0.07853921768	-0.07965441041	0.04659270818	-0.07313898961	0.007517908362	-0.04974762253	-0.07848240622	-0.04918505483	0.07492253345	0.04404204185	-0.07789817311	-0.04919065389	0.04067048769	-0.07724248994	-0.07599470506	-0.04641127318	-0.07653759374	-0.03817011193	-0.07847359662	-0.0789527167	-0.04791014601	-0.0509584746	0.1347937747	-0.04829025479	0.04030866838	0.1396560648	-0.07503822866	-0.07846675383	-0.07743545908	0.1347428483	0.07297354534	-0.05145175156	-0.0511329564	-0.05065769013	0.1219758029	-0.04969016363	-0.05059598439	-0.07823250983	-0.04887723789	0.0519389813	0.03613732962	-0.05189611565	-0.07962391588	-0.07918021967	-0.07731707192	0.0993447206	-0.08012645998	-0.07658816718	-0.07665516686	-0.05043418644	-0.05085184147	-0.07967281549	-0.07983075695	-0.07654702584	-0.05183190905	-0.07773084756	-0.0794117108	-0.07908951319	-0.07806015937
0.1158141287	0.1155958952	-0.02847897844	-0.03461023309	0.01854530735	0.01513822224	-0.05097049072	-0.06766138137	-0.05061991158	-0.05123042808	-0.05057736609	-0.01195838587	0.1159047894	0.1151851876	-0.0127184265	-0.01118575279	-0.011167798	-0.01202324791	-0.0789350387	-0.07794733445	-0.07397059216	-0.07830532542	-0.08126897367	-0.011939961	-0.01210128411	-0.07999895625	-0.07791064104	-0.07872596836	-0.07921548476	-0.07856770628	-0.05152441681	-0.03030464403	-0.04870005456	-0.04832834293	-0.08010609118	-0.05104061471	-0.05025866255	0.01746617679	0.01769200635	0.01765499373	0.01640259511	-0.05126201914	-0.01342565277	-0.03265210238	0.002513329928	-0.1337719169	-0.05124134874	0.01855076593	-0.1308542637	-0.02483464747	0.1153802119	-0.07891389674	-0.02626978168	-0.07885893455	-0.02602637887	0.1163222929	0.1163089112	-0.08129608254	0.1150991453	0.1165326988	0.01484196644	-0.07821749211	-0.07956855369	0.1162517856	-0.03546462786	-0.03527278269	-0.03509317841	-0.03430267808	-0.0357366426	-0.03461699332	0.01764430392	-0.05144355151	-0.05144355151	-0.05144355151	-0.07917875058	-0.07947116726	0.11566239	-0.0519991247	-0.07884275839	-0.1278753156	-0.1235451818	0.01728894338	0.01781218271	-0.07896458913	0.01754593247	0.01772745399	-0.1300969254	-0.05159918422	0.1452059902	0.01810331089	0.01758083929	0.1208209087	0.0177712469	0.01702671562	0.01698367515	0.1335968251	0.134497655	0.01342580884	0.1306626103	0.0170650703	0.0169892358	-0.1227951323	0.01683437071	0.01720734954	0.01742880382	0.1201808581	0.01940832312	-0.09284467185	0.01776942	0.1185556961	0.0173492003	0.1213065556	0.1173694475	-0.04804473318	-0.08943150237	-0.03063786985	-0.04386024415	-0.03234766644	-0.08860881419	0.01675190361	0.01814762856	0.01680560157	-0.03428081782	0.01739802041	0.01663776736	-0.1235825573	0.01593804956	0.01487846084	0.01800304303	0.01728527816	-0.04819886359	0.0174305289	-0.08687098185	0.014576534	0.1126780696	-0.08932031515	-0.05117444996	0.01423559509	-0.04855080885	0.01728267333	-0.08951440308	0.01479097049	-0.1225976946	0.01821927709	0.01694693458	0.0181290353	0.01776728094	0.01388514689	0.01402527772	0.01309869972	0.01380682685	0.1185122073	0.01375902264	0.01894997949	0.01677483893	0.01633897095	-0.04626619129	0.01533459025	-0.04710077547	0.1163520732	0.01723924524	0.1155828212	-0.07817159464	-0.03917044616	0.01469858449	0.1141917428	-0.03602048271	0.01453907797	0.01306956384	0.009404234556	0.01374945971	0.1112501751	0.01724805484	0.01799171932	0.111803897	0.1157734902	-0.130361199	0.1116955181	0.007847212521	-0.1291144718	0.01369474393	0.0176440181	0.01448197377	-0.1303101355	-0.08693700431	0.1228692117	0.1140156846	0.1207407386	-0.1252211939	0.1132846382	0.1172699557	0.01778721972	0.1166851611	-0.1179335553	-0.04829794294	0.1325453483	0.01446735618	0.01708847313	0.01364930629	-0.0898424286	0.01530534626	0.01759174058	0.01438619342	0.1209480561	0.1315516482	0.01652565265	0.01746144295	0.01455521731	0.1329575834	0.01364312549	0.01671753551	0.01405070422	0.01658037507
0.01723985402	0.01702162052	-0.01034526085	-0.0148461361	0.1003996866	-0.03235083113	-0.08064238354	-0.1276500102	-0.08085411628	-0.08037771318	-0.07972465119	-0.04613267412	0.01814570439	0.01743939113	-0.0470285797	-0.04671869054	-0.04561381615	-0.04619753616	-0.03108980173	-0.03182543711	-0.1316495168	-0.1379680231	-0.1385511983	-0.0465218441	-0.04654730226	-0.03319773416	-0.0312452839	-0.03165301637	-0.0318462809	-0.03081542954	-0.11327929	-0.09110846253	-0.109639738	-0.1096756212	-0.0336827847	-0.08059549465	-0.07994940745	0.1029889097	0.104029929	0.1018190771	0.09988735376	-0.07847751569	-0.04719234617	-0.01642049409	-0.02823899917	-0.199644837	-0.0784568453	0.1004051452	-0.1997803	-0.04093889734	0.01830045172	-0.0314333499	-0.009507939073	-0.03069906295	-0.008949901646	0.01801974817	0.01814223135	-0.1213942274	0.01747592526	0.01811881101	-0.03210362713	-0.03128040507	-0.03181627695	0.01808510583	-0.01444004217	-0.01401417125	-0.01366099786	-0.01467444604	-0.0149837868	-0.01403770663	0.1020801172	-0.07865904806	-0.07865904806	-0.07865904806	-0.02857330988	-0.02818640181	0.01858586468	-0.07853529651	-0.0317698064	-0.1920763522	-0.1865228395	0.0990882076	0.1009190258	-0.03175577219	0.09953617667	0.09998942809	-0.1995760346	-0.07854295087	0.01810331089	0.1225145973	0.1004577472	0.01667617109	0.1115882251	0.1009190691	0.09888511007	0.0183080037	0.0175848469	0.09582364789	0.01537694676	0.0993270444	0.09965880475	-0.1865879797	0.1009984541	0.09919759374	0.09901145317	0.01698717516	0.09949645802	-0.1465538337	0.09954817631	0.01539169235	0.0996882782	0.01750120259	0.01471922434	-0.06917598621	-0.1439558539	-0.1088027227	-0.120152667	-0.08347539424	-0.1428614358	0.1105623985	0.1110070688	0.1107519614	-0.07725664861	0.09884480481	0.100258391	-0.1865125656	0.09674321336	0.09659697514	0.09933848444	0.09855910161	-0.07327020017	0.09819798855	-0.1409877385	0.09561572355	0.01426933915	-0.1413990976	-0.07348143187	0.1069591704	-0.1237563121	0.1003598371	-0.1417290505	0.09610188995	-0.1858470822	0.09912260169	0.09852958393	0.1000130938	0.09880647049	0.09628298595	0.09587965697	0.09481721402	0.09749666468	0.01423483961	0.09602099674	0.1003144379	0.09740643363	0.0984650801	-0.1211999646	0.09450134973	-0.06353891986	0.01791366344	0.1109435544	0.01673681659	-0.1305047306	-0.1147835442	0.1072862948	0.01466641347	-0.1121770406	0.0952003519	0.09505980804	0.08327563416	0.09478864926	0.0126641815	0.09951002894	0.09998196352	0.01312343663	0.01656694642	-0.1994231002	0.01420816307	-0.04303846461	-0.1964079341	0.09500566338	0.09931236085	0.09650189721	-0.1988285769	-0.138909601	0.01845274415	0.01516968007	0.01756590771	-0.1954353837	0.01457449858	0.01720116653	0.1007285186	0.01763890064	-0.1513058793	-0.1237454968	0.01630863012	0.09564241068	0.09894285238	0.09563955049	-0.1434157255	0.09838251006	0.09971784974	0.09695281154	0.01751364853	0.01422801044	0.09851589686	0.09895528302	0.09629258368	0.01835124457	0.09563336969	0.09911537456	0.09658440822	0.09911407907
0.01950939028	0.02017073746	-0.008418928463	-0.01183288411	0.1011747084	-0.03143994437	-0.08013909163	-0.1266747324	-0.08130187902	-0.08041788107	-0.07962895413	-0.04630870696	0.01746231113	0.01609970378	-0.04666115274	-0.04662299348	-0.04619744384	-0.04678116385	-0.03242422815	-0.03234467383	-0.1310818339	-0.1381338662	-0.1395829112	-0.04724133674	-0.0461798753	-0.03276591623	-0.03217211547	-0.03244398299	-0.03279763443	-0.03133466626	-0.1139987826	-0.09189942915	-0.1100231098	-0.1104665879	-0.03314478106	-0.08104325739	-0.08094062999	0.0986010634	0.09841929811	0.09892574529	0.101539028	-0.07895495767	-0.04641732436	-0.01571694626	-0.02937256999	-0.1998505491	-0.07893428728	0.1001576384	-0.1997142822	-0.03901256495	0.01927572946	-0.0329780435	-0.01019271998	-0.03244108422	-0.0105857372	0.02076127026	0.02014003772	-0.1218318004	0.01920200172	0.01920543173	-0.0316718092	-0.03125618199	-0.03097686417	0.01967531734	-0.01255141393	-0.01290302856	-0.01245169438	-0.01274811366	-0.01173650907	-0.01244749511	0.1022402053	-0.07913649004	-0.07913649004	-0.07913649004	-0.0285490868	-0.02852276817	0.01928617764	-0.07914860343	-0.03093039361	-0.1915731374	-0.1865630074	0.1006784191	0.1015928943	-0.03213914396	0.1030928885	0.1027309502	-0.1992837888	-0.07902039285	0.01758083929	0.1004577472	0.1156649708	0.01737971892	0.09931372836	0.09924852183	0.09893375146	0.01731670413	0.01804952933	0.098500779	0.01547264382	0.09915101156	0.09921104201	-0.1870357425	0.09878444703	0.0976629114	0.09924301518	0.01660380339	0.1013583994	-0.1468310198	0.09958363136	0.015929696	0.09766889721	0.01562713559	0.01528690723	-0.06880855925	-0.14423304	-0.108536449	-0.1190415243	-0.08476802592	-0.1427310271	0.10121194	0.09907517624	0.1014015029	-0.07699037486	0.09989155652	0.0990598295	-0.1871438427	0.09713732715	0.09675706317	0.09838713091	0.09905591019	-0.07303863816	0.1007392547	-0.1405855999	0.09693420517	0.0156225325	-0.1415404187	-0.07329692553	0.0978160508	-0.1233244941	0.100863129	-0.1417345066	0.09897927698	-0.1868383048	0.1000334885	0.09808182119	0.1006869624	0.100461073	0.09896011706	0.09842092313	0.09817366989	0.09840755144	0.01568595129	0.09706774845	0.1002207311	0.09835256837	0.1025008607	-0.1211757415	0.09585454308	-0.062899763	0.01753029167	0.09871025272	0.01819116316	-0.1305275631	-0.1140799964	0.09882250001	0.01775113944	-0.1121528175	0.09798366873	0.0967858845	0.08364589756	0.09624299583	0.0113239005	0.09790387262	0.09827604163	0.01648631264	0.01735930354	-0.1989494875	0.0162703604	-0.04260664668	-0.1961685118	0.09598094112	0.09877890471	0.09887761919	-0.1986266941	-0.1395647027	0.01779764248	0.0158732279	0.01711814497	-0.1957115918	0.01582150621	0.01675340379	0.1009600806	0.01654233019	-0.1514500677	-0.1237148536	0.01884989628	0.09899886655	0.1006689288	0.09763735685	-0.1432853167	0.1020750868	0.099270087	0.09762344525	0.01566756251	0.01629020778	0.1018008787	0.09948610316	0.098426255	0.01669381845	0.09790290596	0.1007055861	0.09858221458	0.09944613144
0.1166999279	0.1151230449	-0.0273214493	-0.03589827306	0.01766486223	0.01629575138	-0.05139339064	-0.06786250173	-0.0507710816	-0.051653328	-0.05140786086	-0.01197369093	0.1162832282	0.1150340175	-0.01286959651	-0.01174451765	-0.01159069791	-0.01217441792	-0.07929656463	-0.07769090961	-0.07412176217	-0.07872822534	-0.08180764977	-0.01222699597	-0.01198072422	-0.08006421166	-0.07851935625	-0.07874127343	-0.07936665477	-0.07917642149	-0.05112251097	-0.02936889444	-0.04892752312	-0.04807191809	-0.07962788679	-0.05146351462	-0.05122502227	0.01690741192	0.01767670128	0.01704627851	0.01633733969	-0.051820784	-0.01235403823	-0.03217389799	0.001275240311	-0.1342447672	-0.05180011361	0.01794205071	-0.1311912491	-0.02462817298	0.1155866864	-0.07938674701	-0.02705726656	-0.07904169081	-0.02690682399	0.1168004973	0.1162436558	-0.0815831175	0.1159453914	0.1159239835	0.01533853493	-0.07936966713	-0.07904039896	0.1161865302	-0.03607334308	-0.03465871336	-0.03529429877	-0.0346396634	-0.03525843821	-0.03604089824	0.01757904851	-0.05200231638	-0.05200231638	-0.05200231638	-0.07937987094	-0.07962528221	0.1165481893	-0.05255788957	-0.07822868905	-0.1279438059	-0.1230170271	0.01749541786	0.0176610127	-0.07875811464	0.01793822226	0.01752633362	-0.1307056407	-0.05215794908	0.1208209087	0.01667617109	0.01737971892	0.1493056569	0.01727204844	0.01777664991	0.01550183579	0.1203494346	0.1210678192	0.01376814827	0.1185053743	0.01686394994	0.01760330513	-0.1229463024	0.01654733575	0.01732790943	0.015733169	0.1377780463	0.01825614811	-0.09223060251	0.01512273053	0.1352517799	0.01746976019	0.137520351	0.1240974396	-0.04933277314	-0.08908916293	-0.03206177476	-0.04487655422	-0.03349984146	-0.08799474486	0.01709424305	0.01704540389	0.0166044812	-0.03461780314	0.01806204009	0.0172518367	-0.1236478127	0.01551514965	0.01562839512	0.01717254826	0.01669255002	-0.04785652415	0.01727935888	-0.08530585786	0.01451127859	0.1128845441	-0.08911384066	-0.05136852073	0.01417033968	-0.04997471377	0.01845856657	-0.08835687394	0.01504739533	-0.1224771347	0.01706710207	0.01565889461	0.01689094569	0.01783789048	0.01422748633	0.0144175675	0.01289757936	0.01414916629	0.1343431511	0.01450895693	0.01771188987	0.0161154571	0.01681717533	-0.04741836631	0.01518342023	-0.04635084118	0.1164226827	0.01730985477	0.115128335	-0.07932376966	-0.04032262117	0.01449746413	0.1137188925	-0.03676506287	0.0145237729	0.01300430842	0.008684610717	0.01409179915	0.110083897	0.01691106953	0.01678972908	0.1120464709	0.1157581851	-0.1311057792	0.1112226679	0.008325416908	-0.1301307819	0.01509765478	0.01723233926	0.01468844826	-0.1307829858	-0.08808917933	0.1237550109	0.1135428344	0.1367574977	-0.1241995297	0.1131334682	0.116031866	0.01766402986	0.116941586	-0.1180812685	-0.04941401857	0.1209315721	0.01413037087	0.01580043317	0.01358405087	-0.08895662936	0.01700633519	0.01766235012	0.0145067533	0.1367526517	0.1176281679	0.01659626219	0.01727868668	0.01453991224	0.1213521038	0.01344200513	0.01738155519	0.01466477355	0.01790406596
0.01691102491	0.01737211617	-0.01142971325	-0.01389261425	0.1006143173	-0.03343528354	-0.0805636178	-0.1261530285	-0.08009602579	-0.07989135258	-0.0792382906	-0.04517915227	0.01795274023	0.01733523626	-0.04498813825	-0.04494997899	-0.04506788915	-0.04551574421	-0.03130911408	-0.03032845546	-0.1311035898	-0.1374466181	-0.1377335414	-0.0454324573	-0.04572964536	-0.03319526696	-0.0312428167	-0.03165054917	-0.03159660577	-0.03149228709	-0.1134461388	-0.09130142669	-0.1087901632	-0.1095968555	-0.03381618245	-0.08038086396	-0.0795989118	0.1021166208	0.1030704814	0.1029847625	0.0983747444	-0.07820331859	-0.04503660188	-0.01641802689	-0.02837239692	-0.199234775	-0.0781826482	0.1006197759	-0.1990985081	-0.04066470024	0.01715643291	-0.0311591528	-0.009369606924	-0.03186942996	-0.009626759199	0.01714745926	0.01754167234	-0.1209323888	0.016242403	0.01708613518	-0.03313812918	-0.03141380282	-0.03235726955	0.01762041177	-0.01501873892	-0.014147569	-0.01447242022	-0.01344919429	-0.01447556395	-0.01362764458	0.102023018	-0.07838485097	-0.07838485097	-0.07838485097	-0.02897843753	-0.02967844906	0.01662342129	-0.07812523446	-0.0312238794	-0.1913773338	-0.1858410476	0.0987593785	0.09956284345	-0.03175330499	0.09866388776	0.09830194948	-0.1988038796	-0.07826875377	0.0177712469	0.1115882251	0.09931372836	0.01727204844	0.1232416269	0.09936745546	0.09872115591	0.01784323262	0.01670932311	0.09535895383	0.0149122527	0.09899821529	0.09911781215	-0.1857703228	0.1010772199	0.09947179084	0.09868262406	0.01679421101	0.09971108872	-0.1460079067	0.09962694205	0.01492699829	0.09876856473	0.01744410338	0.01534144989	-0.06733097611	-0.1446327115	-0.1086643906	-0.1198784699	-0.0839400883	-0.141772049	0.109749676	0.1094554551	0.1093957791	-0.07698245151	0.09838011075	0.09829918246	-0.1862860179	0.09814292446	0.09599641613	0.09861654281	0.09866398267	-0.07210451483	0.09895607904	-0.1405776765	0.09637381405	0.01339705024	-0.1413966304	-0.0723628022	0.1064944763	-0.123482115	0.09926576868	-0.1413189884	0.09631652064	-0.1857087501	0.09879377258	0.09928767442	0.09764629043	0.09970042594	0.09595415684	0.09500736806	0.09408079006	0.09621678092	0.01403864057	0.09555630268	0.1008896078	0.0973845824	0.09677760149	-0.1211974974	0.09602022431	-0.06264496442	0.01772069928	0.1102071304	0.01808831724	-0.1308210489	-0.1136941574	0.1075009255	0.01447344932	-0.1124463033	0.09527911764	0.09377992428	0.08463722292	0.09500327996	0.01310289277	0.09809428023	0.09951726946	0.01360979722	0.0171421163	-0.1987413083	0.01415106386	-0.04317186236	-0.1959090627	0.09635522193	0.09787209017	0.0956296083	-0.1982826499	-0.1380919441	0.01798805009	0.01497671591	0.01818813325	-0.1957046464	0.01451739937	0.01755166218	0.09966056544	0.01853285608	-0.150305996	-0.1229278399	0.01652326081	0.09667223107	0.09902161813	0.09490312653	-0.1425980686	0.09751022115	0.09999204684	0.09681749538	0.01820027293	0.01417091124	0.09764360795	0.09898567365	0.09691480923	0.01764093593	0.09489694573	0.0989224104	0.09639144406	0.1000341498
0.01698168333	0.01730690964	-0.01033170163	-0.01442498203	0.09932632621	-0.03301659667	-0.08049295938	-0.127289739	-0.08097642202	-0.08090761376	-0.08025455177	-0.04639084481	0.01870272341	0.01721498757	-0.04606396584	-0.04629753648	-0.04587198683	-0.04672743674	-0.03161970231	-0.031540148	-0.1320435524	-0.1378728002	-0.1380102011	-0.04596482509	-0.04680547295	-0.03359176979	-0.03191104944	-0.03109599736	-0.03240070345	-0.03080187032	-0.115303705	-0.09326874252	-0.1111206932	-0.1117000363	-0.03383476968	-0.08071780039	-0.08102276783	0.1002851699	0.09955994482	0.0992512023	0.09908572328	-0.07930882541	-0.0459560024	-0.01667866478	-0.02959057278	-0.1991174973	-0.07928815502	0.09987524459	-0.19979642	-0.03983841852	0.01777055114	-0.03209911544	-0.0103392488	-0.03109309859	-0.00991707632	0.01816917234	0.01747646582	-0.122521789	0.01721775457	0.01824371321	-0.03263352772	-0.03153857576	-0.03193858269	0.01823452999	-0.01460005206	-0.01413647698	-0.0142286026	-0.01438915693	-0.01419274204	-0.01456760721	0.09815359289	-0.07949035779	-0.07949035779	-0.07949035779	-0.02910321047	-0.0292597622	0.01737340447	-0.07936660623	-0.03134865233	-0.1917911402	-0.1875961999	0.09828657712	0.09913666138	-0.03228567277	0.09995733074	0.09986712236	-0.1993659267	-0.07937426059	0.01702671562	0.1009190691	0.09924852183	0.01777664991	0.09936745546	0.1195461265	0.09754001978	0.01777802609	0.01759517123	0.09597307205	0.01566223587	0.09974819847	0.107688396	-0.1869820154	0.09938163393	0.09839596326	0.09943260724	0.01795178903	0.09964588219	-0.1467058187	0.09915414067	0.01578316718	0.1070973059	0.01764414342	0.01459691861	-0.06848310224	-0.1454664884	-0.1093623026	-0.1202749727	-0.08485016376	-0.142469961	0.09807638228	0.09756999792	0.09976045964	-0.07768036348	0.1089123703	0.1076086575	-0.1873618455	0.1048709654	0.1053058912	0.1078870136	0.09804258474	-0.07230558631	0.09929846736	-0.1416831833	0.09522168792	0.01493254388	-0.1418228125	-0.07306027781	0.09623939851	-0.1238786178	0.09982993655	-0.1422886303	0.09638717906	-0.1871921725	0.1000872156	0.09908660294	0.09999697377	0.09895589466	0.09643241011	0.09616494608	0.09523836809	0.09683089914	0.01397343404	0.09562696111	0.09991391897	0.0980993176	0.09779931456	-0.1221374601	0.1039957762	-0.0620308462	0.0180630876	0.09951477855	0.01702210571	-0.1315780909	-0.1140906603	0.09670238791	0.01576689229	-0.113250401	0.1048306433	0.104040454	0.09138688918	0.1034975653	0.01276127113	0.1090341347	0.10733223	0.01392250631	0.01739569534	-0.1993033553	0.01449345218	-0.04288904045	-0.1966111888	0.1031711196	0.1070457003	0.09607818234	-0.1988446969	-0.1393036367	0.01724351881	0.01681361869	0.01730773702	-0.1956578646	0.01553911245	0.01721472575	0.100062753	0.01710900005	-0.1490956086	-0.1245768066	0.01659391923	0.09715048435	0.09827708685	0.09551724475	-0.1442470352	0.09853193422	0.0985086244	0.09652586178	0.01668101275	0.01437743461	0.09852945607	0.09973276214	0.0963061429	0.01817766904	0.0942882794	0.09940066367	0.09673383238	0.09763312383
0.01693864287	0.01672040937	-0.01257782418	-0.01495191589	0.09834188974	-0.03381526043	-0.08064076652	-0.1276808079	-0.08056191728	-0.08008551418	-0.08065523674	-0.04605263862	0.01689343858	0.01767115255	-0.0469485442	-0.04677451999	-0.04616604973	-0.04666096046	-0.03131308238	-0.03106607686	-0.1326093452	-0.138166863	-0.1389278328	-0.04707407769	-0.04646726676	-0.03425456861	-0.0316227936	-0.03225230562	-0.0320154416	-0.03200812894	-0.1155453044	-0.09339769759	-0.1098883238	-0.1110138016	-0.03381824374	-0.08084675546	-0.08020066825	0.09811824059	0.09798353096	0.09784951233	0.09805623021	-0.07892356356	-0.04830860167	-0.01543935429	-0.02899948877	-0.2002767002	-0.07890289317	0.09969633917	-0.1991893786	-0.04140521632	0.01623299622	-0.03210993607	-0.01081912699	-0.0320092632	-0.009853494716	0.01690334732	0.01824861505	-0.1215167688	0.0173605294	0.01752134799	-0.03259863768	-0.03165791477	-0.03200797135	0.01642524517	-0.01512698592	-0.01398408609	-0.01480534145	-0.01559541554	-0.0147196759	-0.01536627098	0.09824641737	-0.07910509593	-0.07910509593	-0.07910509593	-0.02990187423	-0.02951496616	0.01610757945	-0.07911720933	-0.03187558619	-0.1921351534	-0.1868503989	0.0978359418	0.09906727271	-0.03240501179	0.09860559112	0.09819370248	-0.1988947502	-0.07912486369	0.01698367515	0.09888511007	0.09893375146	0.01550183579	0.09872115591	0.09754001978	0.1256347451	0.01710271654	0.01610756666	0.09756041099	0.01439641085	0.09948048376	0.09846610535	-0.1871402133	0.09802989431	0.0980548447	0.09993302657	0.01600663926	0.1010973562	-0.1472327525	0.1149470574	0.01511075231	0.09832004967	0.01661118937	0.0137857441	-0.06983773654	-0.1457216924	-0.1079233801	-0.1203943117	-0.08443855371	-0.1433574341	0.09813996388	0.0983920975	0.09773901132	-0.07779970249	0.0975066244	0.09715107152	-0.1868400401	0.09550319376	0.09588816913	0.09882997606	0.1129979927	-0.07492040218	0.09989589271	-0.1420742522	0.09626556705	0.01407431371	-0.1418062865	-0.07326994157	0.09524530339	-0.1238620919	0.09926180038	-0.1426326435	0.1113392335	-0.1866710457	0.09928244978	0.09949821299	0.09964334447	0.09999977379	0.09747628924	0.09685118072	0.09709743692	0.09805769889	0.01379452863	0.09517632579	0.09893901586	0.09760982334	0.1129731485	-0.1221209341	0.094551706	-0.0637779664	0.01666139763	0.09865654839	0.01663689016	-0.1318640532	-0.1143458642	0.09679521239	0.01585971677	-0.1118752255	0.09437595206	0.09516619174	0.08246121653	0.09516676286	0.01270052052	0.097761359	0.09945897281	0.01387946584	0.01723598193	-0.1989680438	0.01349935706	-0.04391237844	-0.1957589617	0.09509930347	0.09880937805	0.09793725118	-0.1982376555	-0.1401911097	0.01760807319	0.01514019882	0.01679939069	-0.1948444623	0.01377977797	0.01681404078	0.1007435167	0.0179781553	-0.1518262684	-0.1246961456	0.01614328391	0.1111015338	0.1125469218	0.1106910787	-0.1440946443	0.1118036589	0.1002025854	0.1113891069	0.01621763382	0.01406266424	0.1120729106	0.1140558797	0.09851509557	0.0173080147	0.1100055732	0.1142168531	0.09709838677	0.09938244304
0.1158861144	0.1156678809	-0.02718420816	-0.03422769891	0.01671518377	0.01629712757	-0.05167487615	-0.06801905482	-0.05109138566	-0.05088671246	-0.05009778552	-0.01076066199	0.1169639291	0.1155125125	-0.01206416242	-0.01093908356	-0.01105699372	-0.01177657868	-0.0783624979	-0.07801121368	-0.07467497758	-0.07819452114	-0.08200027573	-0.01101396702	-0.01076769528	-0.08006283548	-0.07783865532	-0.07851811769	-0.07858894822	-0.07890331541	-0.05127774758	-0.03073729955	-0.049339071	-0.0486251335	-0.08016997041	-0.05096862899	-0.05086600158	0.01808162231	0.01817158692	0.01827043925	0.01735123325	-0.05101534991	-0.01226674744	-0.03271598161	0.002313585748	-0.1336611126	-0.05099467952	0.0182151568	-0.1307434595	-0.02326814729	0.1159956575	-0.07782683016	-0.02569724088	-0.07824348902	-0.0258185282	0.1165301436	0.1166526268	-0.08159287311	0.1153069959	0.1161970896	0.01586500682	-0.07882483114	-0.07895310817	0.117274826	-0.03403399264	-0.03465733717	-0.03515705763	-0.03450242226	-0.03471360223	-0.03468087255	0.01717282984	-0.05119688228	-0.05119688228	-0.05119688228	-0.07937849476	-0.07926331659	0.1166886653	-0.05161659052	-0.07931423247	-0.1281752641	-0.1235702425	0.01749679405	0.01802003338	-0.07848500856	0.01734618829	0.01847876446	-0.1302578511	-0.05121665004	0.1335968251	0.0183080037	0.01731670413	0.1203494346	0.01784323262	0.01777802609	0.01710271654	0.1460404545	0.1332503254	0.01376952446	0.1297835414	0.01713705602	0.01665362667	-0.122956058	0.01894433069	0.01783388608	0.01682146479	0.1206604387	0.01798579439	-0.09273386757	0.01735818793	0.1190352767	0.01728532107	0.1211679828	0.1177131631	-0.0482056588	-0.0897671115	-0.03141437316	-0.04510808937	-0.03305205187	-0.08876973982	0.01699500227	0.01862720913	0.01687758729	-0.0342088321	0.01638308653	0.01725321288	-0.1239169345	0.01451552083	0.0139993919	0.01807502875	0.0169060897	-0.04799101292	0.01763837957	-0.08679899613	0.01288227537	0.1123424605	-0.08961710572	-0.05128831992	0.01421053442	-0.04844000458	0.01721879411	-0.09035465345	0.01336844176	-0.1224868903	0.01747607311	0.0164754605	0.01792929112	0.01702407696	0.01382126766	0.01382553354	0.0126660442	0.01523746207	0.1179081032	0.01342341351	0.01893315593	0.01657509475	0.01641095667	-0.04669884682	0.015156739	-0.04685410624	0.1166957888	0.01826228561	0.1162309512	-0.07950824915	-0.03960310168	0.01449884031	0.113040944	-0.03631727328	0.01270895438	0.01246222481	0.01050484652	0.01341385058	0.1106725747	0.01664071581	0.01714874977	0.1120866656	0.1160283965	-0.1306579896	0.1115345925	0.009413712695	-0.1294154765	0.01310929783	0.01809632971	0.01441809454	-0.1304178687	-0.08795193819	0.1225336025	0.1135442106	0.1210844542	-0.1252507407	0.1122697043	0.1169343465	0.01813093534	0.1168286208	-0.117186331	-0.04869449908	0.132617334	0.01413174705	0.01661699905	0.01277023735	-0.09027508412	0.01564906188	0.01807132116	0.01500487382	0.1211559068	0.1291780649	0.01591831362	0.01745481231	0.01449133808	0.1326219742	0.01276405656	0.01692538618	0.01520960954	0.01763951482
0.1169934969	0.1159600737	-0.02651577394	-0.03468500284	0.01765060196	0.01451999269	-0.05135308976	-0.06827961092	-0.05073078072	-0.05120543227	-0.05109583008	-0.0115257952	0.1175697562	0.1148750071	-0.01201410593	-0.01075316212	-0.01073520733	-0.01159065724	-0.07876713231	-0.07737887883	-0.07421732624	-0.07895965436	-0.08167848935	-0.01191496519	-0.01153282849	-0.07943050063	-0.07734218542	-0.07761405295	-0.07851116419	-0.07759165581	-0.0517711509	-0.03055137812	-0.04949024844	-0.04853897763	-0.07926590566	-0.05087975394	-0.05104885644	0.01861839664	0.0180290365	0.01745159444	0.01754786556	-0.05178048312	-0.01312892705	-0.03191168243	0.001994865942	-0.1349697056	-0.05175981273	0.01766080647	-0.1322521245	-0.02409422752	0.1160564248	-0.07869157326	-0.02628769058	-0.07783293373	-0.02664460842	0.1171343708	0.1158982045	-0.08140695168	0.1152469064	0.1158099577	0.01468128209	-0.07751317155	-0.07818490838	0.1162083693	-0.03418074811	-0.03453236274	-0.03421689351	-0.03424158289	-0.0337734381	-0.03387657337	0.01777705701	-0.0519620155	-0.0519620155	-0.0519620155	-0.07861029496	-0.07849511679	0.1158713065	-0.05238172374	-0.07800257287	-0.1291776159	-0.1244712406	0.01827222926	0.01855260266	-0.07758094381	0.01801462252	0.01799607202	-0.1317665161	-0.05198178325	0.134497655	0.0175848469	0.01804952933	0.1210678192	0.01670932311	0.01759517123	0.01610756666	0.1332503254	0.1443337106	0.01372253455	0.1313669309	0.01654660631	0.01715009656	-0.1238167517	0.01781042118	0.01628129071	0.01731793469	0.121057143	0.01770317397	-0.09319591744	0.01731840885	0.1191644561	0.01506449196	0.120849263	0.1189292622	-0.04853184371	-0.09005447785	-0.03135640585	-0.04403532035	-0.03283477698	-0.08909592473	0.01729225155	0.01685007425	0.01666662475	-0.03493514676	0.01770670246	0.01724232236	-0.1250117715	0.01487612578	0.01589481574	0.01762044399	0.01536458534	-0.04797054999	0.01780365843	-0.08681463258	0.01467793364	0.1133823902	-0.09035088549	-0.05152569555	0.01548337546	-0.0485900201	0.01648296866	-0.08986564866	0.0158073254	-0.1236596184	0.0174290832	0.01520568604	0.0175150108	0.01697708706	0.01449390694	0.01531336252	0.01397918967	0.0146873168	0.1188492375	0.01463951259	0.0178880557	0.01612050999	0.01701518383	-0.0461695376	0.01526402555	-0.04690856126	0.1155618793	0.01720477992	0.1151143075	-0.08001735468	-0.03907379246	0.01553877001	0.114392908	-0.03619555891	0.01554648188	0.01354245894	0.009268371397	0.01449408471	0.1095063263	0.01662507936	0.01749008236	0.1133733033	0.1170573699	-0.1318949247	0.1133911978	0.009402822171	-0.1305123325	0.01484696378	0.0158755006	0.01594202291	-0.1317079962	-0.0889186293	0.1219431528	0.1150320395	0.120534309	-0.125878847	0.1142606887	0.1180218161	0.0178340582	0.1154873724	-0.1189304986	-0.04823200205	0.132501932	0.01548371108	0.0167058741	0.01425806634	-0.09046540408	0.01693261379	0.0173450065	0.01536224388	0.1202937272	0.1313452186	0.01662705229	0.01673139233	0.01462051756	0.1330186786	0.01384429069	0.01538388182	0.01465946427	0.01635518895
0.01541875081	0.01506465236	-0.01121530941	-0.01422167021	0.09694820398	-0.0332208797	-0.07935744498	-0.1277657519	-0.08118070504	-0.08043257204	-0.08032296985	-0.04564407318	0.01455835682	0.01370289008	-0.04708343856	-0.04677354941	-0.04702732451	-0.04706758472	-0.03168812039	-0.03242375577	-0.1331286604	-0.1392998677	-0.1395731336	-0.04888640712	-0.04714562093	-0.02917664451	-0.03184360256	-0.03116441543	-0.03274085143	-0.0316854781	-0.1141493385	-0.09102745644	-0.1096945969	-0.1102739399	-0.02941964439	-0.08051448856	-0.08149878076	0.09777118273	0.09677422774	0.09768826977	0.09762325776	-0.07761099914	-0.04666474094	-0.01131248484	-0.03171581719	-0.197419671	-0.0777261937	0.09641020276	-0.1976909989	-0.0399068366	0.01498483406	-0.03408764828	-0.01306673804	-0.03265603112	-0.0121593336	0.01511172536	0.01550593844	-0.1206880978	0.01497549729	0.01464280642	-0.03283781074	-0.03269391344	-0.03241459561	0.01490535311	-0.01449490103	-0.01474835486	-0.01476377203	-0.01459343995	-0.01463105082	-0.01436429539	0.09645479541	-0.07792839646	-0.07792839646	-0.07792839646	-0.02903576359	-0.02959991017	0.01458768739	-0.07766877995	-0.03250399001	-0.1900260223	-0.1845397241	0.09685950954	0.09594334945	-0.0324899558	0.09703574871	0.09762486508	-0.1974867335	-0.07767643432	0.01342580884	0.09582364789	0.098500779	0.01376814827	0.09535895383	0.09597307205	0.09756041099	0.01376952446	0.01372253455	0.1305502163	0.0169524673	0.1104131115	0.09484867263	-0.1847407293	0.09550899725	0.09397986677	0.1095540604	0.0136715575	0.09631670531	-0.1446660328	0.09636842359	0.01734512851	0.09466517734	0.01411793017	0.01575128508	-0.06719287081	-0.144176257	-0.1050830422	-0.1180336866	-0.08111436323	-0.1403645399	0.0963775848	0.09546360559	0.09704497227	-0.07788464651	0.09567084728	0.0958558537	-0.1844788213	0.0939710555	0.09966701013	0.09399937485	0.09457754291	-0.07468370854	0.09732793998	-0.1402570869	0.1009954627	0.01961939906	-0.1398532563	-0.0722246969	0.1022849032	-0.1215014668	0.1097498896	-0.1411342638	0.1012098992	-0.1844074266	0.1099369388	0.1083928664	0.1082163177	0.1101642675	0.1136188407	0.1153893509	0.1144627729	0.1140173297	0.01825269437	0.1005855462	0.09572249672	0.09847374235	0.09637224698	-0.1192168492	0.09346575698	-0.06182753437	0.01459804577	0.09577800682	0.01260600923	-0.1303349152	-0.1113059144	0.1011175132	0.01963855777	-0.1089711406	0.09987108706	0.1013906018	0.08140032974	0.09989665851	0.01005643718	0.09633027623	0.09612288605	0.01833763159	0.01524224734	-0.1973337991	0.01972376717	-0.04485956783	-0.1940093636	0.09603772412	0.09400894048	0.1030747417	-0.1965502185	-0.1391659601	0.01337088213	0.01796798516	0.01273692351	-0.1940959033	0.01886731813	0.01538006332	0.09727703596	0.0119359417	-0.1504393628	-0.1227431153	0.014215797	0.1021148646	0.09637678918	0.1019703443	-0.1417340192	0.09764832645	0.09477185267	0.09591398391	0.01172145647	0.01811323514	0.09696652354	0.09668972221	0.100974146	0.0138974375	0.1015565686	0.09634321669	0.1141919929	0.1084339018
0.1134985943	0.1124651711	-0.02794134888	-0.03488779323	0.01622977295	0.01323733229	-0.05041400909	-0.06739548171	-0.05021814698	-0.05028520367	-0.05044733139	-0.01114902641	0.1138609849	0.113413113	-0.01150147219	-0.01105571808	-0.01117362824	-0.0116214833	-0.07748925921	-0.07740970489	-0.07322686794	-0.07803942576	-0.08048653085	-0.01221752114	-0.01237884425	-0.07674402768	-0.07723714653	-0.0773731491	-0.07759093559	-0.07735075197	-0.0503074625	-0.02732144537	-0.04936662425	-0.04847003812	-0.07630770281	-0.0500953903	-0.04985689794	0.0170527517	0.01556104321	0.01615464904	0.01541031227	-0.05004506483	-0.01298488387	-0.02898957896	-0.001006136945	-0.1320115028	-0.05002439443	0.01609936658	-0.1299090393	-0.02429701791	0.1140157322	-0.07812254274	-0.02889995069	-0.07832130499	-0.02834191327	0.1140067585	0.1130423221	-0.08035085813	0.1129658373	0.1128585149	0.0140209465	-0.0783591873	-0.07767227463	0.1138003863	-0.0341118086	-0.03432755828	-0.0351958693	-0.03498783308	-0.03343276868	-0.03421522871	0.01519290458	-0.0502265972	-0.0502265972	-0.0502265972	-0.07891285092	-0.07879767275	0.1125316659	-0.05078217039	-0.07789753398	-0.1268660345	-0.1221923625	0.01578859868	0.01468145861	-0.07774763482	0.01590972283	0.01527605464	-0.1290158361	-0.05038222991	0.1306626103	0.01537694676	0.01547264382	0.1185053743	0.0149122527	0.01566223587	0.01439641085	0.1297835414	0.1313669309	0.0169524673	0.147232304	0.0147495359	0.0152171612	-0.1213064481	0.01465470127	0.01434835535	0.01361875497	0.1181370536	0.01519067943	-0.09142162288	0.01388374821	0.1215388948	0.01367501641	0.1168783534	0.1229340802	-0.04655604896	-0.08916560271	-0.02792640108	-0.04087704549	-0.02936446778	-0.08712012998	0.01525155892	0.01433757971	0.01428856698	-0.03700394707	0.01467489116	0.01513742267	-0.1219955948	0.01498116467	0.0186768492	0.01409613352	0.01343164998	-0.04711777423	0.0156584543	-0.08619748734	0.01783146257	0.1175633776	-0.08851095569	-0.05022922555	0.01721879375	-0.04651866484	0.01503736865	-0.08884090857	0.01750243926	-0.1212448754	0.01440922824	0.01381621048	0.01418312151	0.01422896199	0.01849872496	0.01836712588	0.01608189838	0.01774108017	0.1224464606	0.01878019556	0.01500406569	0.01680425667	0.01347997675	-0.04355472253	0.01464943525	-0.04411757681	0.1136289439	0.01519544074	0.1108217177	-0.07831328983	-0.03632311244	0.01849697286	0.1173108064	-0.03290141909	0.01888092613	0.01646035735	0.009373410291	0.01822717283	0.1090541015	0.01520425035	0.01513272512	0.1153305555	0.1144090104	-0.1294159746	0.1179394756	0.00770551733	-0.1279487873	0.01627034775	0.01416687058	0.01732930749	-0.1289573162	-0.08728019969	0.1178363783	0.1174064782	0.1185799212	-0.1237978787	0.1180340812	0.1145468264	0.01492822553	0.1119955316	-0.1184178648	-0.04816790823	0.1310450036	0.01799401465	0.0144355736	0.01799115445	-0.08821787943	0.01529951601	0.01418928659	0.01669006733	0.1178801375	0.1356217665	0.01393838836	0.01447677673	0.01891591755	0.1314059689	0.01784910871	0.01345094646	0.01798495753	0.01521589533
0.01742763287	0.01748112927	-0.0115161315	-0.01465835725	0.09854949119	-0.03284237704	-0.08059046965	-0.1284741688	-0.08053047248	-0.08059752918	-0.07994446719	-0.04757527468	0.01806175334	0.01589469275	-0.04738426066	-0.04748196635	-0.04692055175	-0.04696081196	-0.03171721258	-0.03136592836	-0.1332279823	-0.1389213651	-0.1396910854	-0.04674166011	-0.04744644302	-0.03396100996	-0.03255201951	-0.03255215713	-0.03263407867	-0.03225803009	-0.1148577555	-0.09336625279	-0.1110823386	-0.1116616816	-0.03406814489	-0.08067944571	-0.08044095335	0.09923660499	0.0990548397	0.09874609718	0.09889135235	-0.07954220063	-0.04642210323	-0.01786309465	-0.03023154285	-0.200709522	-0.07965739519	0.09977773432	-0.1998939303	-0.04061525354	0.01753717592	-0.03355527521	-0.01057262402	-0.03227752846	-0.01069391134	0.01766406722	0.0172430906	-0.1218041096	0.0176637041	0.01719514829	-0.03300276789	-0.03258714068	-0.03203609296	0.01677837022	-0.01483342727	-0.01477744705	-0.01469470342	-0.01462253215	-0.01456198221	-0.01452925253	0.09859954242	-0.07985959796	-0.07985959796	-0.07985959796	-0.03001591044	-0.02998959181	0.0170041643	-0.0797358464	-0.0328048121	-0.19297557	-0.1883730349	0.09946696643	0.09917501606	-0.03292664284	0.09836530602	0.09936201724	-0.1998255298	-0.07974350076	0.0170650703	0.0993270444	0.09915101156	0.01686394994	0.09899821529	0.09974819847	0.09948048376	0.01713705602	0.01654660631	0.1104131115	0.0147495359	0.1253291638	0.09835206915	-0.1878947153	0.09955585356	0.09884191279	0.1145519714	0.01649562926	0.1007711565	-0.1481619784	0.1008984977	0.01500633216	0.09844030375	0.01795422801	0.01490700319	-0.06925993726	-0.1458357286	-0.1093239479	-0.1206442129	-0.08467594413	-0.143246796	0.09892992666	0.0989670021	0.09952708442	-0.07886479335	0.09862498881	0.09867992546	-0.1880880516	0.09662155816	0.09678475398	0.09926901572	0.09914799198	-0.07416934093	0.1012389313	-0.1423241534	0.09512417765	0.01429157381	-0.1425996475	-0.07342951798	0.09668534804	-0.1243837229	0.1134547863	-0.1433371952	0.09724072344	-0.1875614127	0.1133044704	0.1131190475	0.1133500936	0.1120372846	0.1116876392	0.1099256607	0.1085914879	0.1109992086	0.01469111348	0.09593704569	0.0995446788	0.09827353723	0.0987887239	-0.1220991054	0.09400201752	-0.06416633072	0.01701452268	0.09914553839	0.01638113564	-0.132219061	-0.1150033602	0.09714833744	0.01485419232	-0.1132120463	0.09617364121	0.09483999204	0.08208196505	0.09443296831	0.01230230882	0.09915434799	0.09867522791	0.01368913109	0.01838510467	-0.1996725955	0.01439594192	-0.04393760537	-0.1965728342	0.09562293001	0.09743764347	0.09801864632	-0.1990780722	-0.1404880666	0.01768946834	0.01644437852	0.0170743618	-0.1957553749	0.01516987228	0.01711721548	0.102003217	0.01673975988	-0.1520988344	-0.1248101818	0.01649640896	0.09800402873	0.09899476628	0.09691424894	-0.1447521403	0.09979307346	0.09895457393	0.09873805567	0.01726282723	0.01414405939	0.0992471355	0.09977111682	0.09919766153	0.01794429382	0.09745152794	0.100390073	0.1119890615	0.1119372983
0.01762352827	0.01794875457	-0.01091264125	-0.01419073195	0.09942471134	-0.03183129194	-0.08014169642	-0.1270554889	-0.08087803689	-0.08040163378	-0.08002030169	-0.04629245968	0.01785005388	0.01665941087	-0.04582971576	-0.0466067462	-0.04631706151	-0.04540626706	-0.03179304708	-0.03144176287	-0.1323527622	-0.1383178748	-0.1384082703	-0.04722508946	-0.04657122287	-0.03349338466	-0.03194852926	-0.03181280193	-0.03284577812	-0.03111108004	-0.1147381586	-0.09167584294	-0.110283417	-0.1110581913	-0.03360051959	-0.08061941526	-0.08051678785	0.09984009524	0.09816381549	0.09907785753	0.1001351631	-0.07853111553	-0.04691185238	-0.01603681985	-0.02923930983	-0.1988832472	-0.07851044514	0.1002453596	-0.1988828452	-0.04123454784	0.01759720637	-0.03180846858	-0.01092018842	-0.03153817326	-0.01090561079	0.01772409767	0.0177107159	-0.1224234039	0.01804182595	0.01847796329	-0.03158408794	-0.03144019063	-0.03170433261	0.01738186047	-0.01490926178	-0.01485328155	-0.01426608242	-0.0142907718	-0.01395849196	-0.01365403238	0.09825197802	-0.07871264791	-0.07871264791	-0.07871264791	-0.02982001504	-0.02965783146	0.01787938445	-0.07886062625	-0.031793727	-0.1906744088	-0.1862750302	0.0996077468	0.09896331661	-0.03177969279	0.09951225607	0.09915031778	-0.1984523518	-0.07873241566	0.0169892358	0.09965880475	0.09921104201	0.01760330513	0.09911781215	0.107688396	0.09846610535	0.01665362667	0.01715009656	0.09484867263	0.0152171612	0.09835206915	0.1206939514	-0.1868836302	0.09907242421	0.09890194324	0.09735715317	0.01859363396	0.09933667247	-0.1466074335	0.0981656062	0.01547395746	0.1075148455	0.01692733885	0.01483116869	-0.06797712226	-0.1442811837	-0.1080411329	-0.119089668	-0.08434418378	-0.141963981	0.09790303751	0.09957049235	0.09917952002	-0.0777178433	0.1071086462	0.1081146375	-0.1867200005	0.1036107011	0.1051325464	0.1066267492	0.0967297341	-0.07342998573	0.09898925764	-0.1409054734	0.09586353285	0.01394400941	-0.1413168325	-0.07260135349	0.09606605374	-0.1231009079	0.09911313198	-0.1419185153	0.09648556419	-0.1862785977	0.09882695118	0.09769047362	0.0990084393	0.09919014474	0.09557974059	0.09571987141	0.09438569857	0.09543476982	0.01475114393	0.09640467099	0.09982938349	0.09779010788	0.0989846193	-0.1208162904	0.1027355119	-0.06295721605	0.01802560778	0.09906970388	0.01657703104	-0.1317984914	-0.1138564102	0.09734423284	0.01532181762	-0.1117933663	0.1038421089	0.1034595143	0.09107767946	0.1034600855	0.01209060937	0.1084531951	0.1074306152	0.01456435124	0.0177187547	-0.1983897805	0.01513529712	-0.04360584502	-0.1958292648	0.103736666	0.107055645	0.09576897262	-0.1977952572	-0.1394769814	0.01883641839	0.01596094917	0.01711554018	-0.1949455238	0.01414298312	0.01772070573	0.09899792002	0.01693565528	-0.1480523589	-0.1240708266	0.01587711466	0.09656954473	0.09823960703	0.09466457523	-0.1429258655	0.0982227245	0.09942219923	0.09580905721	0.01635830998	0.01447581974	0.09822024635	0.09856130705	0.0959780811	0.01792802572	0.09506598929	0.09800453435	0.09588116286	0.09887799497
-0.1235194894	-0.1230583981	-0.0458092678	-0.04569073475	-0.1867882694	-0.001633005607	0.0990848386	0.2810285052	0.1001147425	0.0997759559	0.09784758383	0.01079661206	-0.122749504	-0.1202247376	0.01030830133	0.01034646059	0.01077201024	0.01154693973	0.00378122566	0.003088600157	0.3033638188	0.3248933534	0.334966942	0.0118122344	0.01146890352	0.005384656766	0.002717698716	0.004076210596	0.004304837512	0.002739958228	0.3489895822	0.2384966518	0.3317713008	0.332289807	0.005141656884	0.1001016342	0.09993253173	-0.1862708243	-0.1859962884	-0.1855385476	-0.1863833513	0.125846037	0.03068769987	-0.03028197396	-0.0005972824772	0.6064553421	0.1257308424	-0.1861372898	0.599906669	0.01068652881	-0.1219154319	0.004660234395	-0.04578810099	0.004400789614	-0.04648156209	-0.1227395952	-0.1228267882	0.3725532755	-0.1226040934	-0.1232085142	-0.003373825508	0.003259841064	0.003233625265	-0.1226742376	-0.04518648002	-0.04635328435	-0.04590195016	-0.04592663954	-0.04627368445	-0.04569749498	-0.186500292	0.1255286397	0.1255286397	0.1255286397	0.00362342838	0.003482478367	-0.1229515989	0.129049015	0.002600771071	0.697980577	0.8742032077	-0.1873183624	-0.1872834679	0.00356585993	-0.1864627985	-0.1861454121	0.6009133978	0.1274109812	-0.1227951323	-0.1865879797	-0.1870357425	-0.1229463024	-0.1857703228	-0.1869820154	-0.1871402133	-0.122956058	-0.1238167517	-0.1847407293	-0.1213064481	-0.1878947153	-0.1868836302	0.923019976	-0.1864405614	-0.1824148845	-0.1879385767	-0.1235004383	-0.1858231924	0.3449225886	-0.1880055553	-0.1215931117	-0.1849817267	-0.1231427014	-0.1197903313	0.1746983445	0.3481296634	0.2084727489	0.251434717	0.1789827554	0.3234097409	-0.1868139845	-0.1857252375	-0.1878122245	0.1092835473	-0.1865704062	-0.1868275038	0.897744219	-0.1824579209	-0.1855977815	-0.1855980931	-0.1858486967	0.2044345032	-0.1855650937	0.3297819332	-0.1840714102	-0.1203781941	0.3220189152	0.1948485899	-0.1832516183	0.2671238948	-0.1871493374	0.3211455025	-0.1858211367	0.8931954241	-0.1866046436	-0.1864845329	-0.1875100751	-0.1882794243	-0.1859117706	-0.1854999099	-0.183573324	-0.1863976855	-0.1191910313	-0.1826412711	-0.1867779402	-0.1858752426	-0.1875338951	0.2577485952	-0.1802032846	0.1596839384	-0.1223022202	-0.1864977559	-0.1216583649	0.3106455079	0.2251556377	-0.185098333	-0.1207941969	0.2280255399	-0.1833557303	-0.1827872701	-0.1575784333	-0.1830584289	-0.1116197744	-0.1864889463	-0.1861528766	-0.1178788022	-0.1224261526	0.6009799116	-0.119350338	0.01612199304	0.5881784475	-0.1827818484	-0.1861219332	-0.1824617798	0.5969791914	0.3445648667	-0.1225420985	-0.1224647695	-0.122532963	0.5878696048	-0.1208816044	-0.1224667499	-0.1852968048	-0.1203404085	0.7900905418	0.2874873369	-0.1232279287	-0.1865523459	-0.1874672992	-0.1847889618	0.3273595997	-0.1876164651	-0.1846035168	-0.1846705165	-0.1215239488	-0.1216401947	-0.1874164352	-0.1870309169	-0.1841547806	-0.123571317	-0.1847951425	-0.1875629254	-0.1869689979	-0.1860352046
0.01706106833	0.01713268006	-0.01144870089	-0.01407386714	0.09889002538	-0.03272047227	-0.08078554715	-0.1270949969	-0.08070669791	-0.08036615976	-0.08039242252	-0.04612112071	0.0190538383	0.01799906024	-0.04579424173	-0.04670713713	-0.04614572253	-0.04577838789	-0.03075656806	-0.03113455894	-0.1314756981	-0.1374402738	-0.1375312063	-0.04623856079	-0.0463998839	-0.03332204569	-0.03082613563	-0.03164146296	-0.03142713263	-0.03132922059	-0.1140829262	-0.09256502327	-0.1096017843	-0.1103169923	-0.03397264042	-0.08017634639	-0.08034544888	0.09968523015	0.1005903845	0.09960231719	0.09780645877	-0.07763593618	-0.04482657297	-0.01646341483	-0.02789966046	-0.1990749874	-0.07761526579	0.1004980894	-0.1983952607	-0.04090094362	0.01757820623	-0.03060660678	-0.0094182738	-0.03090928909	-0.01021888588	0.01704388811	0.01734617462	-0.1217754324	0.01716127462	0.01766829542	-0.03296677772	-0.03167644651	-0.03153299364	0.01681940054	-0.01448296291	-0.01514401159	-0.01477272287	-0.01478064225	-0.01487272727	-0.01365491719	0.09864057273	-0.07781746856	-0.07781746856	-0.07781746856	-0.02896935132	-0.02880716774	0.01799624926	-0.077693717	-0.03162238803	-0.1910201293	-0.1863490208	0.09904528687	0.09962364122	-0.03215181362	0.09935739098	0.0992671826	-0.1979647673	-0.07770137136	0.01683437071	0.1009984541	0.09878444703	0.01654733575	0.1010772199	0.09938163393	0.09802989431	0.01894433069	0.01781042118	0.09550899725	0.01465470127	0.09955585356	0.09907242421	-0.1864405614	0.1244895561	0.1134204928	0.09991958709	0.01653665957	0.09972526719	-0.1465455592	0.09977698547	0.01504736248	0.1001117135	0.01745179852	0.01603495311	-0.06875683794	-0.1454420939	-0.1084132537	-0.1198693837	-0.08455403936	-0.1425000407	0.09883509203	0.09982322212	0.09956811473	-0.07730284828	0.09961707377	0.1002154702	-0.1873132223	0.09683615757	0.0968257843	0.09970315856	0.09783037279	-0.07311312316	0.09916817616	-0.1407077342	0.1093572165	0.01446846908	-0.1420701479	-0.07378866403	0.0965905134	-0.1237447587	0.0988723523	-0.1426718306	0.09633069911	-0.1866507185	0.09907968095	0.09959169812	0.09858184431	0.09822008995	0.09691938996	0.09570087128	0.09531775308	0.09745374394	0.01405281904	0.1088852463	0.1142120681	0.110814143	0.09882975421	-0.1203732215	0.09537980441	-0.0636632314	0.01855006745	0.1000017584	0.01715657097	-0.1313554225	-0.1136850712	0.0956948533	0.01462349274	-0.1123013521	0.09621467153	0.09488102235	0.08368321852	0.09515332338	0.01150315541	0.0989236484	0.09873437355	0.0131867016	0.01810734942	-0.197902196	0.01498043203	-0.04259291605	-0.1949853553	0.0959137973	0.09829199877	0.09642929724	-0.1973076727	-0.1395509721	0.01869966864	0.01594194903	0.0177758648	-0.1945284352	0.01480330774	0.0179734355	0.1004638183	0.01800357475	-0.1505088155	-0.1226503027	0.01612984443	0.0970940044	0.0996413101	0.09505316995	-0.1439509108	0.0969833552	0.1140766137	0.09687697668	0.01760010942	0.01432095466	0.09847297612	0.09886398717	0.09745359542	0.01689840453	0.09559044895	0.09934418372	0.09708494728	0.09947875318
0.01621126261	0.01640062396	-0.01123798731	-0.0154283141	0.09801244568	-0.03310769265	-0.07947716927	-0.1261942139	-0.08025232829	-0.07991179014	-0.0804815127	-0.04603552738	0.01820403258	0.01810030917	-0.04625210821	-0.04621394895	-0.04592426425	-0.04582865951	-0.03030219844	-0.03149537902	-0.1311954588	-0.1357512384	-0.135434039	-0.04533777776	-0.04658602047	-0.03436219052	-0.03227387531	-0.03186641808	-0.03193724861	-0.03157229105	-0.112714982	-0.09019612608	-0.1078526455	-0.10808396	-0.0346051904	-0.07999370666	-0.07948348441	0.09924301928	0.09843063554	0.09780145682	0.09695665305	-0.07623620898	-0.04492749428	-0.01744908551	-0.02861360123	-0.1968600705	-0.07621553859	0.09937655377	-0.1960444789	-0.0415598939	0.01604907576	-0.03104689504	-0.009207560221	-0.03099837927	-0.009328847545	0.01712702171	0.01758328849	-0.1198567674	0.01753425345	0.01665810278	-0.03267467334	-0.03203726659	-0.03230140856	0.01678478451	-0.01672912229	-0.01653727711	-0.01635767283	-0.0152954426	-0.01605008237	-0.01601735269	0.09697557731	-0.07641774135	-0.07641774135	-0.07641774135	-0.02905844149	-0.02957558267	0.01592365899	-0.07629398979	-0.03239080296	-0.1883109289	-0.1834217122	0.09751615639	0.0985021056	-0.0330560935	0.09755653061	0.09868910678	-0.1956139855	-0.07630164416	0.01720734954	0.09919759374	0.0976629114	0.01732790943	0.09947179084	0.09839596326	0.0980548447	0.01783388608	0.01628129071	0.09397986677	0.01434835535	0.09884191279	0.09890194324	-0.1824148845	0.1134204928	0.1288855721	0.09893391641	0.0160944487	0.100098246	-0.1441064323	0.0985195849	0.0146051516	0.09817498814	0.01728131755	0.01396236283	-0.06812778481	-0.1418892307	-0.1070411288	-0.117881681	-0.08449484633	-0.1393973446	0.09829226419	0.0995168762	0.09824507892	-0.07531093871	0.09768034845	0.09787115005	-0.1831040312	0.09689970235	0.09420973422	0.09896469582	0.09921397268	-0.07239668228	0.09899769519	-0.1384985688	0.1080998159	0.0132110685	-0.1391577909	-0.07343134079	0.09496433654	-0.1212135962	0.09822864123	-0.1401670685	0.09507329853	-0.1822174468	0.09931679483	0.09831618222	0.09868309324	0.09818547393	0.09471093473	0.0947152006	0.09355571127	0.09551701861	0.01265955352	0.1074919808	0.1134981273	0.110507797	0.09716475879	-0.1200158983	0.09645400092	-0.06194725867	0.01715680193	0.09874435783	0.01793201473	-0.1295035848	-0.1119690985	0.09470918263	0.01458887671	-0.1101777845	0.09468554105	0.09335189188	0.08637135567	0.0936241929	0.01466607659	0.09739451793	0.09881750715	0.01291917424	0.01712167875	-0.1956872791	0.01308252526	-0.04264594728	-0.1929063033	0.09650410041	0.09904805048	0.09517189666	-0.1949568908	-0.1374223936	0.01864693729	0.01522800826	0.01679019412	-0.1925147522	0.01436109687	0.01725949472	0.09926598412	0.01810482368	-0.1477059231	-0.1217739974	0.01568763355	0.09488554917	0.09845413923	0.09365990442	-0.1411744188	0.09640286399	0.1139061327	0.09663151364	0.01746467288	0.01319941903	0.09721557554	0.09935069503	0.09673965465	0.01651576007	0.09392545353	0.09835851305	0.09433303225	0.09862314488
0.01697617669	0.01662207824	-0.01074480313	-0.01470221858	0.09877735976	-0.03247864352	-0.08049846603	-0.1273702277	-0.08057433381	-0.08132071526	-0.07971659862	-0.04639635145	0.01788202706	0.01621137061	-0.04620533743	-0.04711823283	-0.04723614298	-0.04686880834	-0.03271212856	-0.03263257424	-0.1330001137	-0.1392124343	-0.1383762972	-0.04692138639	-0.04749030435	-0.03482006099	-0.03286761073	-0.03218842361	-0.03238168813	-0.03216602647	-0.1150374817	-0.09273078936	-0.1105173711	-0.1103468934	-0.03438373612	-0.08085917199	-0.08102827448	0.09919274366	0.09851622487	0.09951742555	0.09867262178	-0.07958606196	-0.0463691039	-0.01777109103	-0.02932434953	-0.2000740586	-0.07970125652	0.09959800805	-0.1991226019	-0.04161016952	0.01708571974	-0.03224048703	-0.01007302554	-0.03218552484	-0.01046604277	0.01734847599	0.01774268907	-0.1214158541	0.01671514962	0.01785513368	-0.03250316941	-0.03235927211	-0.03248754914	0.0178214285	-0.01474142365	-0.01427784858	-0.01518516389	-0.01480225842	-0.01528516829	-0.01416551901	0.09828395119	-0.07990345929	-0.07990345929	-0.07990345929	-0.03005977177	-0.02976172324	0.01736789782	-0.08005143763	-0.03189761878	-0.1929521397	-0.1880093014	0.0994231051	0.1000822094	-0.03297050417	0.09872903954	0.09958988581	-0.1990997034	-0.07992322704	0.01742880382	0.09901145317	0.09924301518	0.015733169	0.09868262406	0.09943260724	0.09993302657	0.01682146479	0.01731793469	0.1095540604	0.01361875497	0.1145519714	0.09735715317	-0.1879385767	0.09991958709	0.09893391641	0.1259207659	0.01645176793	0.1018142147	-0.1472547851	0.1007187714	0.01523420073	0.09798884757	0.01730573545	0.01431968206	-0.06930379859	-0.145471995	-0.1084167546	-0.1194652897	-0.08458394051	-0.1431547924	0.09834260553	0.09973833048	0.09853216844	-0.07809346498	0.09885285738	0.09904365898	-0.1881825418	0.09521904733	0.09592570295	0.09921067206	0.09910413065	-0.07353387751	0.1003798803	-0.141552825	0.09412926167	0.01384011763	-0.1425076439	-0.07365629992	0.09650562176	-0.1232047997	0.1125957352	-0.1429734617	0.09719686211	-0.1874694091	0.1127171493	0.113482781	0.1135779621	0.1122651531	0.1104209933	0.1094742046	0.1088193565	0.1106836174	0.01301687275	0.09575731941	0.09958962676	0.097957946	0.09915245742	-0.1207843172	0.09407212821	-0.06333283772	0.01778585106	0.09882994716	0.01660900421	-0.1320382481	-0.1135527071	0.09520236681	0.01413100624	-0.1113537983	0.09490699533	0.09466026576	0.08189535799	0.09398151213	0.01300250036	0.09978981141	0.09863136658	0.01296594501	0.01625621342	-0.1989012671	0.01367275584	-0.04235108729	-0.1959844264	0.0951495809	0.09830818734	0.0977030551	-0.1983067438	-0.1390374134	0.01859666167	0.01599292234	0.01662290562	-0.1948481816	0.01458255115	0.0169374892	0.1008724361	0.0171034934	-0.1525039291	-0.1243105833	0.01550149298	0.0976884375	0.0999019596	0.09605519791	-0.1442525419	0.09893402243	0.0983672528	0.09801486959	0.01833040747	0.01423606301	0.09879567932	0.09981606478	0.09820274555	0.01694937784	0.09659247691	0.1000744818	0.1094996311	0.1113499772
0.1153805526	0.1146188593	-0.02891255453	-0.03463621433	0.01770413641	0.01524810595	-0.05086060701	-0.06809495746	-0.05010243302	-0.05030535467	-0.05019575248	-0.01116917741	0.117273557	0.1153674899	-0.01138575824	-0.01026067938	-0.01078618438	-0.01109817449	-0.07886805971	-0.07715812599	-0.0745400332	-0.07860303656	-0.0806425468	-0.01128661749	-0.0111762107	-0.07934561274	-0.07820835218	-0.07780089495	-0.07842627629	-0.07818609267	-0.04937655885	-0.02842851597	-0.0473673863	-0.04631634992	-0.07918101777	-0.0498438114	-0.05001291389	0.01744019555	0.01780189006	0.01762901249	0.01705593862	-0.05033694572	-0.01372336391	-0.03376500322	0.001672158987	-0.1332544383	-0.05031627533	0.01703027023	-0.130880245	-0.024045439	0.1149466358	-0.07863191743	-0.0281825491	-0.07793386113	-0.02768273951	0.1160245818	0.1157394701	-0.08037100913	0.1153448939	0.1147404732	0.0148159852	-0.07824347335	-0.07864348028	0.1148671549	-0.0352188792	-0.03434770928	-0.03498329469	-0.03446452427	-0.03562675889	-0.03532229931	0.01721072783	-0.0505184781	-0.0505184781	-0.0505184781	-0.07920473182	-0.0789536887	0.1152288139	-0.05107405129	-0.07832527983	-0.1272937803	-0.1232994331	0.01644777244	0.01574822722	-0.07803951572	0.01684062648	0.01607109335	-0.1304849996	-0.0506741108	0.1201808581	0.01698717516	0.01660380339	0.1377780463	0.01679421101	0.01795178903	0.01600663926	0.1206604387	0.121057143	0.0136715575	0.1181370536	0.01649562926	0.01859363396	-0.1235004383	0.01653665957	0.0160944487	0.01645176793	0.1489582463	0.01761609753	-0.09314238299	0.01692824906	0.1340183192	0.01628372402	0.1380531346	0.1238649839	-0.04888590412	-0.08932161866	-0.03066385109	-0.04375036044	-0.03250951263	-0.08849893048	0.01659005742	0.01717059267	0.01677962033	-0.03566544857	0.01764376907	0.01742697582	-0.1241519983	0.01428168892	0.01498834455	0.01621081743	0.01517774334	-0.04768138503	0.01754041261	-0.08635350329	0.01359949811	0.1121086286	-0.08988975619	-0.05051405685	0.01393788395	-0.04816919524	0.01712082714	-0.08967624927	0.01367806965	-0.1228954058	0.01683464635	0.01569816879	0.01674440456	0.0174695698	0.012908111	0.01372756658	0.01239339373	0.01323738581	0.1342465603	0.0145482311	0.01756534875	0.01593366799	0.01522607011	-0.04602044263	0.01462928426	-0.04576810721	0.116054362	0.0166698042	0.1162361647	-0.07833344083	-0.03783777789	0.01440087335	0.112807112	-0.03631819385	0.01356204207	0.0130435826	0.008809799492	0.01263655887	0.1105601923	0.0172220736	0.01677905291	0.1119498801	0.1164268337	-0.1303871802	0.1123488616	0.007685366331	-0.1294121829	0.01271770804	0.01691144314	0.01377666778	-0.1304719817	-0.0876423103	0.123151191	0.1129027838	0.1363392266	-0.1241602555	0.1125793322	0.11574946	0.01735364363	0.115902218	-0.1180767825	-0.0480160949	0.1204273865	0.01321859039	0.01638316714	0.01321573019	-0.08986840984	0.01555109492	0.01675056964	0.01408848228	0.1362748142	0.1183467668	0.01595621161	0.01633350297	0.01480096597	0.1205678916	0.01334541435	0.01614809446	0.01416058793	0.01550357361
0.01827637124	0.01792227279	-0.01148258283	-0.01367375393	0.09899063471	-0.03131431391	-0.07948885345	-0.126130916	-0.07981759906	-0.07934119596	-0.07991091852	-0.04659067135	0.01813140139	0.01785571364	-0.04626379238	-0.04581803827	-0.04566421853	-0.04570447874	-0.03109729939	-0.03146824464	-0.1311564594	-0.1365781122	-0.1369402377	-0.04630051659	-0.04659512901	-0.03284054169	-0.03129568628	-0.03143168885	-0.03192120525	-0.03140929172	-0.114144882	-0.09170232471	-0.1090813116	-0.1095901587	-0.03389873127	-0.07996657228	-0.07959221498	0.09940601861	0.09908838837	0.0997307005	0.09915762663	-0.07747067771	-0.046019964	-0.01660676143	-0.028178872	-0.1986354234	-0.07745000732	0.09953955309	-0.1980941373	-0.04085343477	0.01757072459	-0.03161961723	-0.01008857577	-0.03129292514	-0.01079622762	0.01796934579	0.01863528877	-0.1206836413	0.01815120913	0.01790802171	-0.03215402951	-0.03133080746	-0.03159494943	0.0187140282	-0.01466401365	-0.01365697878	-0.01497188894	-0.01526830823	-0.01507189334	-0.01449565503	0.09931241584	-0.07765221008	-0.07765221008	-0.07765221008	-0.02916717207	-0.02886912354	0.01730944287	-0.07780018842	-0.03141261393	-0.191039912	-0.1854863223	0.09971712997	0.1000237544	-0.03180617457	0.1000292341	0.09980316076	-0.1979353738	-0.07767197784	0.01940832312	0.09949645802	0.1013583994	0.01825614811	0.09971108872	0.09964588219	0.1010973562	0.01798579439	0.01770317397	0.09631670531	0.01519067943	0.1007711565	0.09933667247	-0.1858231924	0.09972526719	0.100098246	0.1018142147	0.01761609753	0.1190106573	-0.1456828607	0.1013396412	0.01544747568	0.09928904212	0.01690085708	0.01466882196	-0.06922638859	-0.1440359355	-0.1085473274	-0.1200672044	-0.08437066556	-0.1418545979	0.09842001553	0.1006309302	0.09901717329	-0.07679327042	0.09974545708	0.09939279888	-0.1862882585	0.09611164703	0.0961389779	0.09872010029	0.09976857978	-0.07345646751	0.1007290202	-0.1403884954	0.09583705107	0.01446098743	-0.1405281246	-0.07303543012	0.09631130186	-0.1233991196	0.1011246245	-0.1412656723	0.09768186696	-0.1853540248	0.1019253633	0.099973696	0.1000688771	0.09984298771	0.09745536811	0.09705203914	0.09626132609	0.09771799219	0.0143170673	0.09651405416	0.1008898213	0.09817122095	0.09977332722	-0.1215220969	0.09469299801	-0.06284525723	0.01895018066	0.09931495201	0.01804506371	-0.1312815134	-0.1149698116	0.09582323661	0.01611052554	-0.1124991729	0.09566373008	0.0952837112	0.08323477763	0.09555343658	0.01285108518	0.09932376161	0.09888074092	0.01457396884	0.01755640798	-0.1974652076	0.01402189574	-0.04186608244	-0.194276637	0.0965856404	0.0995091664	0.103622658	-0.1968706843	-0.1388241385	0.01921753147	0.01607033234	0.0173607883	-0.1941568158	0.01547515085	0.017558359	0.1009498461	0.01758849825	-0.151235171	-0.1243329389	0.01680168753	0.0977658475	0.1006586944	0.09613260791	-0.1426806174	0.09928316233	0.1003467721	0.09822814454	0.01716051095	0.01472106786	0.09832962952	0.1004369346	0.1035600365	0.01789324733	0.09653402196	0.1004236217	0.09721333059	0.09950737092
-0.09234624433	-0.09202101803	-0.02597844888	-0.02545232097	-0.1458665517	0.02633410862	0.08033001166	0.1923032289	0.08108818565	0.08102112896	0.08078877153	0.01187294088	-0.09239144862	-0.09052961636	0.01192808995	0.01142278941	0.01076141945	0.01207980874	-0.002252246307	-0.002894921462	0.2074661731	0.2199029711	0.2188905131	0.01302442816	0.01213763749	-0.001278189603	-0.002994093002	-0.003130095574	-0.002086278957	-0.00337942834	0.161626352	0.118250707	0.1539186171	0.1529426088	-0.0008418647338	0.08093921243	0.08104183983	-0.1459243979	-0.1451766319	-0.1452309974	-0.1448843701	0.1016410103	0.04498100658	-0.009771830282	0.01722524143	0.3744948621	0.1016616807	-0.1453176333	0.4322250505	0.01821927251	-0.09305189098	-0.002002611974	-0.02507645712	-0.002855466906	-0.02604164812	-0.09183808008	-0.09260459785	0.191439833	-0.09285513309	-0.0922367693	0.02535852807	-0.002893349224	-0.002749896353	-0.09211008757	-0.02436690229	-0.02529968087	-0.02481064253	-0.02487303606	-0.02518237682	-0.02559494615	-0.1452730407	0.101459478	0.101459478	0.101459478	-0.003159261129	-0.003060104769	-0.0919545232	0.1009039048	-0.002839290747	0.3592573835	0.3452658582	-0.1447011081	-0.144697567	-0.002825256539	-0.145643142	-0.1454616205	0.4306367958	0.1015755752	-0.09284467185	-0.1465538337	-0.1468310198	-0.09223060251	-0.1460079067	-0.1467058187	-0.1472327525	-0.09273386757	-0.09319591744	-0.1446660328	-0.09142162288	-0.1481619784	-0.1466074335	0.3449225886	-0.1465455592	-0.1441064323	-0.1472547851	-0.09314238299	-0.1456828607	0.7093230763	-0.1475934937	-0.09109919138	-0.1452964144	-0.09269379536	-0.08983987085	0.1786985995	0.4705885533	0.2026276679	0.2438336334	0.1719148899	0.4979049067	-0.1449074084	-0.1460581358	-0.1468906304	0.3189677352	-0.146062784	-0.1460078473	0.3463566522	-0.1433725724	-0.1454574497	-0.1460012212	-0.144863496	0.1733841766	-0.1453545323	0.4613437748	-0.1444043086	-0.08900078612	0.4969216759	0.1850794293	-0.1437906113	0.2461952287	-0.1468211535	0.5016187262	-0.1454090751	0.3440331067	-0.1466001768	-0.1456986801	-0.1479132031	-0.1465087132	-0.145363844	-0.1452893485	-0.1434986275	-0.1454421641	-0.09114268017	-0.1431100344	-0.1467908498	-0.1447486082	-0.1461707788	0.2413035213	-0.1415574673	0.1652408725	-0.09092288046	-0.1451346396	-0.09051317731	0.2744529117	0.2228321384	-0.1454312314	-0.09009418191	0.2190529893	-0.1440962235	-0.1433918984	-0.1240399945	-0.1437989221	-0.08473231855	-0.1479789939	-0.1462529213	-0.08935713384	-0.091979288	0.4288133769	-0.08905791786	0.03051821396	0.4234701488	-0.1426415166	-0.145123451	-0.1447670172	0.4313278567	0.289595286	-0.09272750295	-0.09101979453	-0.09271836747	0.4265768434	-0.08991436691	-0.09235357837	-0.1467009379	-0.09073765931	0.3048411109	0.2387037924	-0.09259814349	-0.1463417844	-0.1476326247	-0.1448501302	0.5015830357	-0.1472700387	-0.1458218346	-0.1448019146	-0.09201703922	-0.09141800435	-0.1471740422	-0.1475823207	-0.143606854	-0.09285693658	-0.1445845811	-0.1475584586	-0.144518962	-0.146750367
0.01718092792	0.01661534158	-0.0121704313	-0.01504092715	0.09871038109	-0.03390427169	-0.08106751457	-0.1273769644	-0.08077717743	-0.08091985708	-0.08073463194	-0.04673506003	0.01771528282	0.01676027032	-0.0460005862	-0.04596242695	-0.04648793195	-0.04652819216	-0.03231127038	-0.03134090341	-0.1322519027	-0.1380811504	-0.1386261462	-0.04658077021	-0.04660622837	-0.03428333786	-0.03239112961	-0.03219516027	-0.03247318877	-0.03217276314	-0.1155876782	-0.09287339098	-0.1105138538	-0.11062536	-0.03425460784	-0.08146961046	-0.0812311181	0.09959360184	0.0992759716	0.09961766528	0.09764042823	-0.08006063548	-0.04820232692	-0.01669090809	-0.02913845037	-0.1998693073	-0.08017583004	0.1003462191	-0.1994613105	-0.04126955334	0.01735071298	-0.03292532774	-0.01068346402	-0.0319205316	-0.01053302144	0.01633044267	0.01781157535	-0.1210997599	0.01666205146	0.01714455029	-0.03291750093	-0.03201865593	-0.03214693296	0.01767882688	-0.01494426727	-0.01360526049	-0.01437671086	-0.01446164224	-0.01480868716	-0.01417225567	0.09821697252	-0.08037803281	-0.08037803281	-0.08037803281	-0.02999088549	-0.02973984237	0.0164101065	-0.0803901462	-0.03299127505	-0.1917277605	-0.1875328203	0.09857229018	0.09852071626	-0.03297724084	0.09798273612	0.09876795944	-0.1990308171	-0.08039780056	0.01776942	0.09954817631	0.09958363136	0.01512273053	0.09962694205	0.09915414067	0.1149470574	0.01735818793	0.01731840885	0.09636842359	0.01388374821	0.1008984977	0.0981656062	-0.1880055553	0.09977698547	0.0985195849	0.1007187714	0.01692824906	0.1013396412	-0.1475934937	0.1262211145	0.01414054447	0.0979218689	0.01675646841	0.0143129454	-0.0686312105	-0.1459465686	-0.1084956091	-0.120287216	-0.08369986453	-0.1439010958	0.09786803201	0.0985844322	0.09852543177	-0.07843217355	0.09932933851	0.09808586767	-0.1879777906	0.09619989504	0.09700588589	0.09830398172	0.1140258758	-0.07400845103	0.1005846315	-0.1425708583	0.09575290441	0.01301819127	-0.1427104875	-0.07339130669	0.09609129024	-0.1232115364	0.09913836849	-0.1433121703	0.1115918102	-0.1879439826	0.100694055	0.09955757743	0.1003320833	0.1003023008	0.0969636266	0.09628856772	0.09563371963	0.09709038573	0.01355359588	0.09575058274	0.09938678314	0.09754361448	0.1136230284	-0.1211986487	0.09443463732	-0.06320370944	0.01744714248	0.09903469839	0.01725403478	-0.1331921464	-0.1138311737	0.09655427965	0.01439599948	-0.1123115896	0.09517198857	0.09465352909	0.08268279411	0.09451823527	0.01184860209	0.09869615515	0.09849597579	0.01313117268	0.0165968296	-0.1991041107	0.01420947897	-0.04404844537	-0.1960001353	0.09380608766	0.09697945063	0.09878323803	-0.1983737225	-0.1403271766	0.01812208815	0.01530686092	0.01667293983	-0.195594485	0.01389648973	0.01764143074	0.09991464478	0.01703651473	-0.1526916104	-0.1242812206	0.01597797411	0.1118116557	0.1145686376	0.1108577408	-0.1447271154	0.1131328635	0.09884373393	0.1106435733	0.01633679753	0.01395759645	0.1138699521	0.1141878804	0.09709023721	0.01748610097	0.1104439652	0.1149526476	0.09726504887	0.09915149436
0.1147064452	0.1127219674	-0.02931493202	-0.03585378153	0.01458445991	0.01403053876	-0.05165172728	-0.0686331999	-0.05186346002	-0.05233811157	-0.05114158978	-0.0123867446	0.114389511	0.1132623144	-0.01165227078	-0.01134238162	-0.01186788663	-0.01231574169	-0.078812892	-0.07891915299	-0.07453481584	-0.07830156734	-0.0813166542	-0.01318350944	-0.01239377789	-0.07784588093	-0.07847486472	-0.0783391374	-0.07921172667	-0.07858847016	-0.05168104565	-0.02923848831	-0.05048706279	-0.04916429652	-0.07795301586	-0.05214829819	-0.05150221099	0.01853233251	0.01685605276	0.01641529053	0.01696429532	-0.05101105312	-0.01327154741	-0.02954797241	0.0007748530018	-0.1325698962	-0.05099038273	0.01649202779	-0.1300598379	-0.02376849175	0.1137290687	-0.0792858587	-0.02877901939	-0.07950907283	-0.02849271186	0.1139918249	0.114250173	-0.08156405436	0.1134943635	0.1139550228	0.01459942301	-0.0795969055	-0.07918172273	0.1141930475	-0.03548539175	-0.03488595173	-0.03575426275	-0.03541036157	-0.03467048688	-0.03545294691	0.01558556579	-0.0511925855	-0.0511925855	-0.0511925855	-0.07974297426	-0.07989952599	0.1140515512	-0.05161229374	-0.07899938722	-0.1275602929	-0.122614891	0.01550193514	0.01575344457	-0.07898535301	0.01670997888	0.01621217565	-0.1297100945	-0.0513482182	0.1185556961	0.01539169235	0.015929696	0.1352517799	0.01492699829	0.01578316718	0.01511075231	0.1190352767	0.1191644561	0.01734512851	0.1215388948	0.01500633216	0.01547395746	-0.1215931117	0.01504736248	0.0146051516	0.01523420073	0.1340183192	0.01544747568	-0.09109919138	0.01414054447	0.1531804945	0.01479442692	0.1344196776	0.1269950951	-0.04765790221	-0.08918053635	-0.02875652443	-0.04238649358	-0.03005872617	-0.08767852343	0.01605181498	0.01459437597	0.01569791808	-0.03620369101	0.01551545166	0.01593767873	-0.1225164015	0.01428690628	0.01839018566	0.0156002363	0.01317466568	-0.04849135737	0.01469246601	-0.08607655603	0.01822412378	0.1161897945	-0.08839002438	-0.04997242929	0.01801904981	-0.04789224799	0.0156814804	-0.08831238241	0.01721577571	-0.1219391338	0.01480188945	0.01475233149	0.01471164766	0.01584440775	0.01766860161	0.01780873244	0.01661042454	0.01759028157	0.1380559963	0.01795007221	0.01596986594	0.01814797253	0.01428023281	-0.04533590053	0.01463450161	-0.04521943005	0.1132064154	0.015452237	0.1120795189	-0.07955100803	-0.03742496569	0.01929722892	0.1175676027	-0.03400327234	0.01940945229	0.01793993816	0.009440036259	0.01780464434	0.1084230647	0.01532518165	0.01566125128	0.1166742713	0.1135788871	-0.129974368	0.1168376224	0.006467799135	-0.1290506405	0.016527144	0.0149916486	0.0185371584	-0.1295157097	-0.08872401255	0.1214897983	0.1167122198	0.1344611868	-0.1232693525	0.116932228	0.1146677577	0.01618602678	0.1129960436	-0.1174074026	-0.04899803158	0.1183946296	0.017979081	0.01475800509	0.01824795071	-0.08891213783	0.01609977207	0.01498954265	0.01640340379	0.133073474	0.1224279327	0.01473864442	0.01567311527	0.0183575241	0.1188068647	0.01797004001	0.01520225717	0.01851348369	0.01483367127
0.01694399773	0.01618230443	-0.01145630684	-0.01355903755	0.09720324179	-0.03269411198	-0.08017047469	-0.1267230819	-0.08038220743	-0.07976993938	-0.07947704768	-0.04620422507	0.01671550394	0.01794506711	-0.0475077255	-0.04706197139	-0.04658899719	-0.04654081701	-0.03070380748	-0.03067420351	-0.1307225885	-0.1365992608	-0.1377291514	-0.0464575301	-0.04689058311	-0.03322186055	-0.03158856475	-0.03181300771	-0.03085543421	-0.03138301573	-0.1143018956	-0.09208364357	-0.1093741901	-0.110154767	-0.03351228499	-0.07971599095	-0.07961336355	0.09829795044	0.09838791505	0.09753571273	0.09682677391	-0.07722009637	-0.04576938267	-0.01676377494	-0.02869494906	-0.1992910478	-0.07719942598	0.09979013443	-0.1983395912	-0.04055542888	0.01623835108	-0.0308255761	-0.01001676411	-0.03153585326	-0.009186996784	0.01731629703	0.01711962575	-0.1216558445	0.01554968956	0.0168473781	-0.03302885782	-0.03148782097	-0.03175196295	0.01588714023	-0.01550035192	-0.01498935229	-0.0150814779	-0.01429097758	-0.0151814823	-0.01446942787	0.09793261777	-0.07740162875	-0.07740162875	-0.07740162875	-0.02805397647	-0.0286185422	0.01774331371	-0.07727787719	-0.0314337625	-0.1908777711	-0.1853241814	0.09792973705	0.09869138092	-0.03205162848	0.09720234613	0.09747230804	-0.1979565224	-0.07728553155	0.0173492003	0.0996882782	0.09766889721	0.01746976019	0.09876856473	0.1070973059	0.09832004967	0.01728532107	0.01506449196	0.09466517734	0.01367501641	0.09844030375	0.1075148455	-0.1849817267	0.1001117135	0.09817498814	0.09798884757	0.01628372402	0.09928904212	-0.1452964144	0.0979218689	0.01479442692	0.1225173539	0.01600575765	0.01478353834	-0.0678414631	-0.1439212192	-0.1087206634	-0.1200409284	-0.08352919987	-0.1413322866	0.09636089271	0.09857180736	0.09686961008	-0.07667855404	0.10937072	0.1096973865	-0.1859902526	0.1072314244	0.1056758004	0.1091605529	0.09857419294	-0.07302259666	0.09907749225	-0.140409644	0.0941855231	0.01389637906	-0.1402775432	-0.07228277371	0.09493150379	-0.1233728436	0.09848355179	-0.1407433611	0.09426409464	-0.1850560189	0.09823586104	0.09954495258	0.09778544896	0.09819145974	0.09539624529	0.09472118642	0.09406633832	0.09538713947	0.01298469379	0.09518168065	0.09822810864	0.09719901773	0.0965388444	-0.1208164962	0.1059486403	-0.06329131636	0.01743451764	0.09875034364	0.01793800055	-0.1303045516	-0.113856616	0.09498689834	0.01473072747	-0.1124728969	0.1046096682	0.1046820931	0.09524186258	0.1046352397	0.01446355411	0.1095399089	0.1083340395	0.01342980129	0.01649539547	-0.1977106615	0.01304969252	-0.04347018585	-0.1952902249	0.1052598487	0.1092702942	0.09544961237	-0.197523733	-0.1380300973	0.0170225437	0.01482639922	0.01695089696	-0.1947444956	0.01436708268	0.01676944529	0.09898809818	0.01729561979	-0.145789222	-0.1239351674	0.01574104392	0.09543499478	0.09737678698	0.09407348508	-0.142701766	0.09632040941	0.09951043384	0.09630488667	0.01771250143	0.01361299969	0.09713312096	0.09793135797	0.09662862758	0.01714150422	0.0953375134	0.09768517411	0.09488247787	0.09714041882
0.1152880599	0.1153369619	-0.02914550661	-0.03541262621	0.01753235575	0.01506431485	-0.05213324945	-0.06752637347	-0.05158563394	-0.05192442053	-0.0516789534	-0.01238064842	0.1158428924	0.1148648492	-0.0121896344	-0.01166918676	-0.01213352035	-0.01230964551	-0.07926161991	-0.07807040282	-0.07431816118	-0.07821562036	-0.08033800224	-0.0119546287	-0.01217712323	-0.08012202462	-0.07946705244	-0.07905959521	-0.07832632705	-0.07950596435	-0.05031170549	-0.02969656393	-0.04857885731	-0.04786072225	-0.08006361536	-0.05227806696	-0.0512243849	0.01740427984	0.01721004943	0.01637031223	0.01641539169	-0.05090058417	-0.01303272562	-0.03367440169	0.001282361004	-0.1323235623	-0.05087991378	0.01856356251	-0.1296776391	-0.02382356699	0.1150511796	-0.07911165864	-0.02702422886	-0.07906407228	-0.0266632278	0.1167428397	0.1163092233	-0.08161397233	0.1154449985	0.1157303056	0.01440848282	-0.07956334503	-0.07969162206	0.1153135276	-0.03572356118	-0.03580344591	-0.03624199495	-0.03551266605	-0.03531625116	-0.03582698129	0.0168419108	-0.05108211655	-0.05108211655	-0.05108211655	-0.0802528736	-0.07986596553	0.1164156828	-0.05163768974	-0.0793734216	-0.1271173019	-0.1232134261	0.01743760491	0.01785465853	-0.07949525235	0.0174228641	0.01678919592	-0.1294182586	-0.05123774925	0.1213065556	0.01750120259	0.01562713559	0.137520351	0.01744410338	0.01764414342	0.01661118937	0.1211679828	0.120849263	0.01411793017	0.1168783534	0.01795422801	0.01692733885	-0.1231427014	0.01745179852	0.01728131755	0.01730573545	0.1380531346	0.01690085708	-0.09269379536	0.01675646841	0.1344196776	0.01600575765	0.1500374548	0.1241754916	-0.04757251803	-0.08893420245	-0.03177094934	-0.04352848842	-0.03280142118	-0.08824737923	0.0164929703	0.01727054191	0.0161390734	-0.03432697771	0.01842304307	0.01616827557	-0.1240183419	0.01564095245	0.01434779762	0.01821287598	0.01609936561	-0.04678018826	0.01811001041	-0.08536145586	0.01342859974	0.1112872024	-0.08923061009	-0.04997339927	0.01384079682	-0.0487013415	0.01727072674	-0.08909179669	0.01439617223	-0.1224018038	0.01734219044	0.01587281156	0.01741749284	0.01723661772	0.013687385	0.0132228846	0.0128397664	0.01469598456	0.1337418783	0.01363595427	0.01731124214	0.01638004066	0.01608003763	-0.04688549022	0.0154765482	-0.04589265862	0.1158825814	0.01864037056	0.1165219292	-0.07827507163	-0.03815936568	0.01362446147	0.1128458899	-0.03609632183	0.01382753551	0.01294649547	0.008850792269	0.01267533669	0.111222702	0.01698912152	0.01820155227	0.1117105079	0.1156227839	-0.1295921692	0.1111648549	0.007424949971	-0.1287059812	0.01474165952	0.01820142943	0.01357339494	-0.1294052407	-0.08613648231	0.1236226598	0.1133491565	0.1375260955	-0.1229557179	0.1124822451	0.1156525282	0.01777527313	0.117102333	-0.1172821237	-0.0482829314	0.1201944344	0.01426959429	0.01586584534	0.01277221964	-0.08948099363	0.01565104416	0.01836145113	0.01516916541	0.1374681664	0.11743449	0.01613085438	0.01826047193	0.01422159046	0.1199273447	0.01329555647	0.01651977361	0.01419936575	0.01611088327
0.1133843317	0.1128943683	-0.02764801664	-0.0362248404	0.01489272579	0.01528985929	-0.05068298873	-0.06533590512	-0.05019654464	-0.05012773639	-0.05042572905	-0.01085569417	0.114290182	0.1130107297	-0.01120813995	-0.01062652089	-0.01128789085	-0.01187161086	-0.07814698162	-0.07738810255	-0.07178098086	-0.07579574998	-0.07842695426	-0.01151659406	-0.01127032231	-0.0774017501	-0.07762313904	-0.07816673647	-0.07768067624	-0.07787260943	-0.05028586016	-0.02729984303	-0.05004293197	-0.04844843579	-0.07696542523	-0.05034551786	-0.04997116056	0.01598743443	0.01599024039	0.01644798127	0.01475258986	-0.04880067794	-0.01201222688	-0.02951143643	-0.0001881969822	-0.1303595211	-0.04878000755	0.01639269882	-0.1283929225	-0.02305263102	0.1137656046	-0.07810094041	-0.02860661846	-0.07802797275	-0.02736925628	0.1140283609	0.1130639245	-0.08030473383	0.1125798448	0.1124970443	0.01540119834	-0.07833758497	-0.0779224022	0.1125992041	-0.03517712587	-0.03457768585	-0.03517426697	-0.03578142044	-0.0349056808	-0.03595987073	0.01616556156	-0.04898221031	-0.04898221031	-0.04898221031	-0.07833176697	-0.07836847556	0.1125935727	-0.04940191855	-0.07787593164	-0.1250781878	-0.1205403808	0.01540260617	0.0148389259	-0.07759016753	0.01525200041	0.01543352193	-0.1277714492	-0.04900197807	0.1173694475	0.01471922434	0.01528690723	0.1240974396	0.01534144989	0.01459691861	0.0137857441	0.1177131631	0.1189292622	0.01575128508	0.1229340802	0.01490700319	0.01483116869	-0.1197903313	0.01603495311	0.01396236283	0.01431968206	0.1238649839	0.01466882196	-0.08983987085	0.0143129454	0.1269950951	0.01478353834	0.1241754916	0.143607155	-0.04571925693	-0.08792121582	-0.02899171835	-0.04194236275	-0.03124497475	-0.08546814824	0.01513729631	0.01408745214	0.01478339941	-0.03453677563	0.01541612268	0.0140721054	-0.120479478	0.01531102663	0.01842672164	0.01441398772	0.01304565747	-0.04750376674	0.01459313704	-0.0853606953	0.0164944154	0.1166339253	-0.086723109	-0.0502893829	0.01805558579	-0.04744811716	0.01376595672	-0.08678133198	0.01725231169	-0.1195928936	0.01375150583	0.01315848807	0.01447645374	0.01370710453	0.0187920572	0.01770940347	0.01528831102	0.0185778722	0.1281743909	0.01771487829	0.01357820924	0.01709758891	0.01431676879	-0.0443483099	0.01659503982	-0.04491116417	0.1129712215	0.01494531318	0.1116585097	-0.07715771223	-0.03670910496	0.01756752054	0.1177400036	-0.03342327656	0.01700041916	0.01498744524	0.0114889116	0.01852050507	0.1097300346	0.01413893308	0.0147467326	0.1152162929	0.1147493983	-0.1278998578	0.1163306985	0.008134714516	-0.1263856148	0.01712903271	0.01469528326	0.01735090982	-0.1277129293	-0.08569844766	0.1208470095	0.11878673	0.125511784	-0.1220196451	0.1164253041	0.1142966988	0.01508569281	0.1122173899	-0.1170991367	-0.04773871104	0.1178877058	0.01896667163	0.01479454107	0.01665410728	-0.0871093575	0.0149135235	0.01339569922	0.01779858927	0.124249109	0.1228720635	0.01463931544	0.01549648938	0.01769588326	0.1193355906	0.01746311619	0.01320081889	0.01827828977	0.0147343423
-0.04754630566	-0.0470852144	-0.02336687449	-0.02474285588	-0.06733830164	-0.01521042582	-0.001158818143	0.09682030922	-0.0006723740542	-0.001282890553	-0.0009015584646	-0.0276336193	-0.04677632024	-0.04561020343	-0.02608395578	-0.02658925632	-0.02738649123	-0.02701915659	-0.01485754634	-0.0155002215	0.1061600363	0.1145721398	0.1103645582	-0.02661799697	-0.0284558423	-0.01306829994	-0.01505593324	-0.01505607086	-0.01523503879	-0.01503367372	0.07573027741	0.07303781895	0.07060397658	0.06561158616	-0.01344716477	-0.001093077178	-0.001126314724	-0.06885883077	-0.06817670006	-0.06836693048	-0.0673409784	0.01566863717	-0.008177683866	-0.02047502101	-0.02057359289	0.2112742925	0.01555344262	-0.06818183648	0.2690813856	-0.02189638272	-0.04702916776	-0.01474377696	-0.02421912521	-0.01627595664	-0.02471849353	-0.04703354694	-0.04875111936	0.07652822548	-0.04703391005	-0.04805052014	-0.01455562696	-0.01560071049	-0.01603452114	-0.0479238384	-0.0249179259	-0.02418262093	-0.02468234139	-0.02362011117	-0.02396715608	-0.02393442641	-0.06827310879	0.01535123985	0.01535123985	0.01535123985	-0.01333501387	-0.0145784852	-0.04688285463	0.01533912646	-0.01517286088	0.1921531272	0.1753152759	-0.06764606123	-0.0675617702	-0.01543055657	-0.06796388539	-0.06818995872	0.269702859	0.01546733704	-0.04804473318	-0.06917598621	-0.06880855925	-0.04933277314	-0.06733097611	-0.06848310224	-0.06983773654	-0.0482056588	-0.04853184371	-0.06719287081	-0.04655604896	-0.06925993726	-0.06797712226	0.1746983445	-0.06875683794	-0.06812778481	-0.06930379859	-0.04888590412	-0.06922638859	0.1786985995	-0.0686312105	-0.04765790221	-0.0678414631	-0.04757251803	-0.04571925693	0.488842786	0.1490965861	0.1544952932	0.1836627833	0.1474867635	0.1777715891	-0.06821445444	-0.0687208388	-0.06897594619	-0.007158591934	-0.0696063119	-0.0686003206	0.1736898186	-0.06681793956	-0.06682713842	-0.06995234394	-0.06836040465	0.2244313274	-0.06665858576	0.1455431839	-0.06543663214	-0.04633468631	0.1739351943	0.2695989891	-0.06706240931	0.1864447909	-0.07012925383	0.1740128362	-0.06854500816	0.175575107	-0.07027956967	-0.06839321461	-0.06941875681	-0.06923705137	-0.06754872246	-0.06795205144	-0.06765584488	-0.06701436848	-0.04688620129	-0.06645206216	-0.06963767656	-0.06656113972	-0.06917084691	0.1848137935	-0.06562256208	0.2791339062	-0.04673663129	-0.06772711282	-0.04669069358	0.1458762538	0.1720487873	-0.06700701476	-0.04645139255	0.1753346157	-0.06675892644	-0.06496768176	-0.05787212246	-0.06646162508	-0.04270658348	-0.06812589807	-0.06857366469	-0.04449155993	-0.04726815861	0.2687798658	-0.04473580375	-0.0218955165	0.2630278002	-0.06649444794	-0.06830234478	-0.06613670588	0.2669082149	0.1570551623	-0.04860229456	-0.0463557208	-0.04778256385	0.2711774806	-0.04559225279	-0.04754904523	-0.06867365279	-0.04741898894	0.1786159499	0.1377933577	-0.04779820481	-0.06805343277	-0.06849515597	-0.06914321257	0.1795476087	-0.0693892819	-0.06827844288	-0.06731940583	-0.04832763055	-0.04580287598	-0.06837406229	-0.06931254864	-0.06524827264	-0.04743723956	-0.06724728406	-0.06987920195	-0.06738316514	-0.06926654168
-0.0882537501	-0.08847198359	-0.0207333998	-0.02238111109	-0.1429584878	0.03225848245	0.08611852054	0.1924603919	0.08660496463	0.08585858318	0.08596818537	0.01562347551	-0.08870654923	-0.08806750152	0.01635794933	0.01490159413	0.01505541388	0.01705312792	-0.001083145735	-0.00199755079	0.2033706204	0.2132621343	0.2180217918	0.01677496279	0.01602403707	-0.0003808189312	-0.002504317181	-0.001689265101	-0.001499456742	-0.002210327768	0.1585836391	0.1104527209	0.1511476342	0.1535682496	-8.03590121e-05	0.08604839656	0.08642275386	-0.1447552973	-0.144340346	-0.1439916671	-0.1435091748	0.09180504994	0.05165493487	-0.00846686476	0.01853020696	0.3785427616	0.09182572033	-0.1435348432	0.4347528006	0.02747463485	-0.08923112665	-0.0009693763519	-0.01995527112	-0.001278771483	-0.01963944973	-0.0881531807	-0.08878383351	0.1951903677	-0.08910459846	-0.08875796458	0.03141876685	-0.0008752552309	-0.00117320093	-0.08903887769	-0.02197501717	-0.02222847099	-0.02187529761	-0.02166141073	-0.02278792821	-0.02279546617	-0.1433543856	0.09162351757	0.09162351757	0.09162351757	-0.001310835806	-0.001619274296	-0.08881308362	0.09147553923	-0.001398460274	0.3613775388	0.3464349588	-0.1437335078	-0.1431865068	-0.001520291016	-0.1446755416	-0.1431308201	0.4349307902	0.09173961476	-0.08943150237	-0.1439558539	-0.14423304	-0.08908916293	-0.1446327115	-0.1454664884	-0.1457216924	-0.0897671115	-0.09005447785	-0.144176257	-0.08916560271	-0.1458357286	-0.1442811837	0.3481296634	-0.1454420939	-0.1418892307	-0.145471995	-0.08932161866	-0.1440359355	0.4705885533	-0.1459465686	-0.08918053635	-0.1439212192	-0.08893420245	-0.08792121582	0.1490965861	0.7245368434	0.1834865682	0.2213622326	0.1544679166	0.462329386	-0.1429887534	-0.1436662507	-0.1447365478	0.3212939851	-0.1442799939	-0.1446326521	0.3488844022	-0.142540837	-0.1446257143	-0.144354296	-0.1428089761	0.1793762045	-0.143506107	0.4753545628	-0.1437786678	-0.08728822575	0.4621567943	0.168656316	-0.1439099305	0.2280715063	-0.1445312059	0.4645441405	-0.1451207995	0.3469684516	-0.1449532517	-0.1438820863	-0.1451793584	-0.1445855076	-0.1449397035	-0.1445278427	-0.1435523114	-0.1451538885	-0.08854470038	-0.1428919885	-0.1447363298	-0.1444955805	-0.1443879887	0.2135333386	-0.1409974618	0.1379485632	-0.08785167058	-0.1426725247	-0.08733905323	0.2786110412	0.1946544097	-0.143854536	-0.08824575659	0.1938642896	-0.142519528	-0.1431738525	-0.1240837252	-0.1433091463	-0.08185520146	-0.145652744	-0.1440625364	-0.08764457347	-0.08843025356	0.4341981361	-0.08748122244	0.03603499294	0.4264029181	-0.1428967008	-0.1429286022	-0.1436635518	0.4315606427	0.2947383975	-0.08945019842	-0.0888294096	-0.08916933304	0.4277459439	-0.08833767148	-0.08961973364	-0.1451898777	-0.08683925786	0.3059445763	0.2477530601	-0.08877737915	-0.1461237385	-0.1453426772	-0.1451755441	0.4673661644	-0.1459650732	-0.1443107744	-0.1443777741	-0.08880996439	-0.08963521427	-0.1456291783	-0.1465634506	-0.1431827134	-0.08971549699	-0.1435513455	-0.1459115335	-0.1438230915	-0.1455110367
-0.02864492788	-0.02913489127	-0.03951865387	-0.03634734484	-0.1072664473	0.01190659604	0.02161052531	0.1145017666	0.02141764465	0.02162231785	0.02132432519	0.004374540763	-0.03012089955	-0.02917118667	0.004973149635	0.005011308893	0.003806479134	0.004581408626	-0.02147793686	-0.0223494372	0.1264239432	0.1339693814	0.1291822824	0.004846703296	0.00341645282	-0.01950992079	-0.02081822934	-0.02163355666	-0.02110867788	-0.02133942962	0.120913157	0.1210142961	0.1153138923	0.1190864084	-0.01839427117	0.02167626627	0.02083168426	-0.1083793816	-0.1069307675	-0.1070722916	-0.1064539344	0.03721519607	-0.005139820769	-0.03010528278	0.0009388981816	0.2288038632	0.03723586646	-0.1081099822	0.2750034752	0.00026575387	-0.02975816938	-0.02118539781	-0.04024471055	-0.02258171254	-0.03964748835	-0.02949541313	-0.03066952575	0.1014959301	-0.02902443433	-0.03075499979	0.01276937773	-0.02258579114	-0.02166095229	-0.03078870497	-0.03526192616	-0.03470019029	-0.0357056664	-0.03549633003	-0.035262211	-0.03567478032	-0.1080653895	0.0370336637	0.0370336637	0.0370336637	-0.02235806878	-0.02224289061	-0.0280132903	0.03742914516	-0.02283726628	0.2149378516	0.2077226995	-0.1080539196	-0.1066747262	-0.02227977228	-0.1073485713	-0.1068953198	0.276456801	0.03714976089	-0.03063786985	-0.1088027227	-0.108536449	-0.03206177476	-0.1086643906	-0.1093623026	-0.1079233801	-0.03141437316	-0.03135640585	-0.1050830422	-0.02792640108	-0.1093239479	-0.1080411329	0.2084727489	-0.1084132537	-0.1070411288	-0.1084167546	-0.03066385109	-0.1085473274	0.2026276679	-0.1084956091	-0.02875652443	-0.1087206634	-0.03177094934	-0.02899171835	0.1544952932	0.1834865682	0.5505876826	0.394197488	0.1705999548	0.2162375197	-0.1077350053	-0.1076979298	-0.1080186725	0.04598075331	-0.1085373033	-0.1086643312	0.2082838989	-0.1059653093	-0.1053966346	-0.1094483728	-0.1074562329	0.1308365264	-0.1072660562	0.1784386515	-0.1027833438	-0.02550556433	0.2102910327	0.1565921916	-0.1048167158	0.3804039717	-0.1102588997	0.2101748305	-0.1076579641	0.2082625918	-0.1092566607	-0.109000685	-0.107988253	-0.1084221252	-0.1065258135	-0.105570493	-0.1046670795	-0.1069425142	-0.02798482351	-0.1039346387	-0.1083604141	-0.1058099606	-0.1084196678	0.3848894726	-0.1059801955	0.1593793344	-0.02913015595	-0.1094215028	-0.02881248834	0.2059511489	0.3855808522	-0.1046254563	-0.02802972751	0.3865486451	-0.1046490979	-0.1031295831	-0.09210615922	-0.1038083367	-0.02379727235	-0.1083257736	-0.1086376753	-0.02531845224	-0.03004421589	0.2748525604	-0.02522721911	0.01201475287	0.2726160489	-0.1049625236	-0.1083418334	-0.1044344721	0.2750041437	0.2243148837	-0.03124187983	-0.02691088322	-0.03200607992	0.2768278404	-0.02601155026	-0.02905985677	-0.1070477176	-0.03002537176	0.1862677879	0.3305297539	-0.03059932432	-0.1070247286	-0.1086248018	-0.1054030046	0.2123072114	-0.1083663729	-0.1076631288	-0.1065794618	-0.03135045941	-0.02635803839	-0.1080304781	-0.1076782187	-0.1051764183	-0.03105772942	-0.1055450503	-0.1093997528	-0.1059526613	-0.1081505108
-0.04173143723	-0.04235726558	-0.0409207775	-0.03890013514	-0.1189943072	0.007723426341	0.02979106608	0.1404184513	0.02959818542	0.02885180397	0.02923313606	0.004131454621	-0.04340702091	-0.04201622987	0.004594198543	0.0038171681	0.003970987843	0.005153512186	-0.02226448281	-0.02354357799	0.1502417707	0.157762687	0.1539511645	0.004875347054	0.003445096579	-0.02151925128	-0.02214823508	-0.0229635624	-0.02246320559	-0.02307703022	0.1413852903	0.1258619602	0.1337480514	0.1355547111	-0.02162638621	0.02931334724	0.0287366499	-0.1198355115	-0.1188816509	-0.1186642865	-0.1191328489	0.04458054714	-0.003960510346	-0.03273019097	-0.00253087894	0.2762589877	0.04460121754	-0.1188867874	0.33360273	-0.001136369762	-0.04365986843	-0.02216420548	-0.04151096923	-0.02404758324	-0.04213653159	-0.04366884208	-0.044027765	0.1222873893	-0.04258228559	-0.04386603111	0.007698900444	-0.02350820204	-0.02312682298	-0.04387521433	-0.03753716377	-0.03725298058	-0.03757330917	-0.03749983774	-0.03754327139	-0.03795584072	-0.1189780597	0.04439901477	0.04439901477	0.04439901477	-0.02287288482	-0.02302943655	-0.04211460136	0.04479449623	-0.02348794728	0.263347235	0.2513639923	-0.1188944719	-0.1188101809	-0.02279458832	-0.1185329713	-0.1187590446	0.3347843258	0.04451511197	-0.04386024415	-0.120152667	-0.1190415243	-0.04487655422	-0.1198784699	-0.1202749727	-0.1203943117	-0.04510808937	-0.04403532035	-0.1180336866	-0.04087704549	-0.1206442129	-0.119089668	0.251434717	-0.1198693837	-0.117881681	-0.1194652897	-0.04375036044	-0.1200672044	0.2438336334	-0.120287216	-0.04238649358	-0.1200409284	-0.04352848842	-0.04194236275	0.1836627833	0.2213622326	0.394197488	0.5969378467	0.1739659218	0.2448615501	-0.1194276171	-0.1196975196	-0.1202899921	0.05368158134	-0.1199992284	-0.1209356509	0.2506994275	-0.1172134564	-0.1173962243	-0.1203855649	-0.1191416541	0.1547181009	-0.1184504562	0.2104593056	-0.1157339882	-0.03927139843	0.2440141841	0.1881543212	-0.1174956303	0.4067904158	-0.1210357049	0.2438258641	-0.1187064992	0.2513604248	-0.1205769257	-0.1197774902	-0.119172653	-0.1198061373	-0.1177102135	-0.116754893	-0.117681471	-0.1192138338	-0.04202238752	-0.117157013	-0.120525548	-0.118760605	-0.1204192576	0.407346075	-0.1174363255	0.1807403578	-0.04160108761	-0.1204700379	-0.04128342	0.2360059467	0.400431593	-0.1175761007	-0.04158757877	0.3956802406	-0.1161052278	-0.1159443625	-0.1038644378	-0.1177100358	-0.03744333925	-0.1193743087	-0.1194144805	-0.04098639565	-0.04394591495	0.3334518152	-0.03946439512	0.01068474713	0.3268676252	-0.1175693202	-0.1184638359	-0.1180644413	0.3323806139	0.2483916237	-0.0438789402	-0.04149190703	-0.04495672432	0.3342043106	-0.04045670911	-0.04309742077	-0.1193190373	-0.04297601616	0.2267771038	0.3517590644	-0.04374958074	-0.1188942486	-0.1204885266	-0.118217784	0.2504417883	-0.1199583678	-0.1192551237	-0.1189754114	-0.04408357511	-0.041482522	-0.1201659328	-0.1185187709	-0.1177194679	-0.04482356353	-0.1171370452	-0.1208558827	-0.1183598459	-0.1193986579
-0.03293615853	-0.03125228272	-0.02166389763	-0.01760528101	-0.08346743698	0.003611534772	0.02309774046	0.1119130333	0.02345216483	0.02215847835	0.02335500014	0.01713854678	-0.03162271331	-0.02941183172	0.01895994021	0.01831877471	0.01792913466	0.01693781979	-0.02841434863	-0.02833479431	0.1240767033	0.1306768013	0.1252079829	0.01924108872	0.01699564854	-0.02535941295	-0.02761877615	-0.02829823852	-0.02820547656	-0.02854757129	0.1325944241	0.1392766472	0.1277584384	0.1292689803	-0.02533068293	0.02316348142	0.02285851398	-0.08441070259	-0.08391314313	-0.08486985695	-0.08330044507	0.04631084843	0.02042655314	-0.006408333683	0.02656679584	0.2052496299	0.04633151883	-0.08414130315	0.2548881633	-0.001444042725	-0.03201142577	-0.02744248483	-0.02213168273	-0.02883879956	-0.02274378677	-0.03229212932	-0.03224345739	0.1127408997	-0.03188489759	-0.03262518331	0.004673928476	-0.02806149217	-0.02778217435	-0.03263436652	-0.01655756648	-0.01609399141	-0.01659371187	-0.01689013115	-0.01560679666	-0.01611752679	-0.08423257546	0.04612931606	0.04612931606	0.04612931606	-0.02970207539	-0.02917930237	-0.03145751779	0.04625306762	-0.0293660832	0.1929204303	0.1787761658	-0.08292620315	-0.08365710182	-0.02826512939	-0.08351575721	-0.08414942539	0.2493957139	0.04624541326	-0.03234766644	-0.08347539424	-0.08476802592	-0.03349984146	-0.0839400883	-0.08485016376	-0.08443855371	-0.03305205187	-0.03283477698	-0.08111436323	-0.02936446778	-0.08467594413	-0.08434418378	0.1789827554	-0.08455403936	-0.08449484633	-0.08458394051	-0.03250951263	-0.08437066556	0.1719148899	-0.08369986453	-0.03005872617	-0.08352919987	-0.03280142118	-0.03124497475	0.1474867635	0.1544679166	0.1705999548	0.1739659218	0.4585542321	0.1787952412	-0.08430978606	-0.08440857557	-0.08377826355	0.01505999241	-0.08529404867	-0.08428805737	0.179468744	-0.08182635158	-0.08034103598	-0.08496075596	-0.08483365189	0.1154043698	-0.08329737718	0.1461592411	-0.07962985446	-0.02640017122	0.1818879588	0.1457627519	-0.08044044193	0.163012752	-0.08493157119	0.178704842	-0.08382515008	0.1789084633	-0.08501625179	-0.084386485	-0.08497062863	-0.08506065309	-0.08310059428	-0.081465949	-0.08089801255	-0.08317891432	-0.0286077005	-0.07915077002	-0.08515986914	-0.083607526	-0.08485858368	0.1742670319	-0.08078873198	0.1489120164	-0.03212648416	-0.08423003929	-0.03096722655	0.1395529446	0.1600294042	-0.08052091233	-0.02858048661	0.1657608017	-0.0808162838	-0.07970436388	-0.07049264389	-0.0801113876	-0.02646803738	-0.08462882454	-0.08507659117	-0.02539786943	-0.03279387642	0.2483368557	-0.02781595246	0.03564795491	0.2457545451	-0.08274753744	-0.08435025185	-0.07992233334	0.2561116163	0.1509187216	-0.03369474824	-0.02984346437	-0.03276482186	0.2493758211	-0.027313752	-0.03158484306	-0.08490484936	-0.03166369437	0.1674143203	0.1412554959	-0.03237286798	-0.08333357469	-0.08628650224	-0.08170605548	0.1811147206	-0.08494115372	-0.08478136935	-0.08294625973	-0.03341607428	-0.02888302469	-0.08491079248	-0.08459269056	-0.07984908981	-0.03228363262	-0.08116877648	-0.08556693873	-0.08130465755	-0.08495427845
-0.08824625163	-0.08778516037	-0.02140522608	-0.02400399203	-0.1413251604	0.03090733142	0.08082728595	0.1787455304	0.08104200014	0.08015975374	0.07986176108	0.01332126982	-0.08815559096	-0.08638256798	0.01405574364	0.01314284825	0.01275320819	0.01462274776	-0.003156526239	-0.003892161623	0.1887167928	0.2064789487	0.2060801362	0.01460862206	0.01385769633	-0.001596105013	-0.004263063064	-0.003855605835	-0.002811789217	-0.004240803551	0.146635022	0.1157589524	0.1375686376	0.1376795489	-0.001023915194	0.08048543207	0.08058805947	-0.1420304998	-0.141620099	-0.1414027346	-0.1409202423	0.1003720403	0.04636370028	-0.007508311638	0.01894530028	0.3478217099	0.1003927107	-0.1409459107	0.4001147367	0.02313445492	-0.08868016838	-0.003407446986	-0.02026240727	-0.003988572017	-0.02112646572	-0.08746635747	-0.08864047009	0.1776712876	-0.08909709999	-0.08847873621	0.03033934572	-0.003177460915	-0.003475406614	-0.08821618952	-0.0234997373	-0.02398721688	-0.02340001774	-0.02342470712	-0.02458694173	-0.02469007701	-0.1414447779	0.1001905079	0.1001905079	0.1001905079	-0.003477176539	-0.003785615029	-0.08799039545	0.1001783945	-0.003700665958	0.3338070158	0.3229378209	-0.1406011154	-0.1408693042	-0.003279036899	-0.1420866091	-0.1412257628	0.4002927264	0.1003066051	-0.08860881419	-0.1428614358	-0.1427310271	-0.08799474486	-0.141772049	-0.142469961	-0.1433574341	-0.08876973982	-0.08909592473	-0.1403645399	-0.08712012998	-0.143246796	-0.141963981	0.3234097409	-0.1425000407	-0.1393973446	-0.1431547924	-0.08849893048	-0.1418545979	0.4979049067	-0.1439010958	-0.08767852343	-0.1413322866	-0.08824737923	-0.08546814824	0.1777715891	0.462329386	0.2162375197	0.2448615501	0.1787952412	0.6846074409	-0.1409432807	-0.141620778	-0.1426910751	0.3359748982	-0.1425062511	-0.1419078546	0.3238927499	-0.1395820138	-0.141221592	-0.1417653635	-0.141578693	0.1581887708	-0.1405095796	0.4509107683	-0.1402386806	-0.08513252297	0.5131136492	0.1813463105	-0.1399623485	0.2392199307	-0.1427574631	0.5095287053	-0.142396002	0.3227919889	-0.1423643191	-0.1419724785	-0.1435414805	-0.1420011256	-0.1416714462	-0.1413954504	-0.1397405944	-0.1420214961	-0.08772201221	-0.140303056	-0.1427796664	-0.1410562103	-0.1419349211	0.2413931519	-0.1378650694	0.1678463508	-0.08675725251	-0.1414422417	-0.0866849145	0.2580141229	0.222378358	-0.1404504137	-0.08620028386	0.223897942	-0.1399305955	-0.14031319	-0.1204565794	-0.1394974292	-0.08121128296	-0.1430638115	-0.1424246585	-0.08600669559	-0.08851156437	0.3981975776	-0.08570747962	0.031694813	0.3973823729	-0.1396284435	-0.1410189944	-0.1414822142	0.4013381897	0.2777627772	-0.0884916453	-0.08691980182	-0.08834664486	0.3963686389	-0.08588460391	-0.08757426091	-0.1426009452	-0.08615243464	0.2815893439	0.2222179479	-0.08849815078	-0.1427196163	-0.1432972045	-0.1409562321	0.5153294398	-0.1436478706	-0.1418577068	-0.1413812467	-0.08839487107	-0.08731801165	-0.1435837056	-0.1438428672	-0.1395068613	-0.08943626862	-0.1405548181	-0.1438660607	-0.1404189693	-0.143193834
0.01956003529	0.01920593684	-0.009655458985	-0.01388460434	0.1014970833	-0.03016651482	-0.08160181316	-0.1269602083	-0.08247401857	-0.08131829072	-0.08188801328	-0.04676627378	0.01778468603	0.015752639	-0.04711871956	-0.0473522902	-0.04638328076	-0.04683113582	-0.03135105452	-0.03181496	-0.1318958179	-0.1382482291	-0.1385097376	-0.04769890356	-0.04636571222	-0.03318725705	-0.03150653669	-0.03205013411	-0.0319961907	-0.03121254728	-0.1148043779	-0.09201379209	-0.1104669159	-0.1109885456	-0.03275093218	-0.08221539694	-0.08170517469	0.1015048724	0.1020511381	0.1021326376	0.1011820781	-0.07914079458	-0.04718186906	-0.01586655718	-0.02974837191	-0.1992211963	-0.07912012419	0.09892110784	-0.1986773346	-0.03902631092	0.01885438864	-0.03200548684	-0.0108857907	-0.03177550544	-0.01005602337	0.01925300984	0.01869616827	-0.1219461633	0.01875554842	0.01959928061	-0.03032690567	-0.03113406301	-0.03126234004	0.01850317779	-0.01405967436	-0.01373196424	-0.0136882249	-0.01344118438	-0.01405995919	-0.01429895942	0.1044002985	-0.07932232696	-0.07932232696	-0.07932232696	-0.02829110287	-0.02826478424	0.0182258165	-0.0791985754	-0.03108000453	-0.1919634126	-0.1868697576	0.1008962825	0.1013074185	-0.03160943013	0.1000901136	0.100543365	-0.1983827061	-0.07920622976	0.01675190361	0.1105623985	0.10121194	0.01709424305	0.109749676	0.09807638228	0.09813996388	0.01699500227	0.01729225155	0.0963775848	0.01525155892	0.09892992666	0.09790303751	-0.1868139845	0.09883509203	0.09829226419	0.09834260553	0.01659005742	0.09842001553	-0.1449074084	0.09786803201	0.01605181498	0.09636089271	0.0164929703	0.01513729631	-0.06821445444	-0.1429887534	-0.1077350053	-0.1194276171	-0.08430978606	-0.1409432807	0.1232174605	0.1096588964	0.1117134932	-0.07654632635	0.09848799151	0.09863848867	-0.1867385705	0.09644425642	0.097286777	0.09823751999	0.09661993553	-0.07258039831	0.09766500586	-0.1395980915	0.09630552542	0.01533705663	-0.1398885373	-0.07329984183	0.1077848372	-0.1226236674	0.0986040699	-0.14076195	0.09774274646	-0.1863448169	0.09709510455	0.09731727649	0.09785530045	0.09840935275	0.09765211256	0.09819983823	0.09591461073	0.09805060159	0.01560073134	0.09725425841	0.09923151212	0.09877556024	0.09915488196	-0.1214259694	0.09516147236	-0.06298498295	0.016701356	0.1105167574	0.0151169143	-0.1300514106	-0.1128357098	0.1074326369	0.01617140504	-0.1110796439	0.09640393433	0.09561374495	0.08352863399	0.09602191093	0.01155805977	0.0982977215	0.09788605426	0.01531417309	0.01684915343	-0.1984559997	0.01584901958	-0.04343558235	-0.1956279683	0.0958908966	0.09760676516	0.09797720954	-0.1977256115	-0.1392714708	0.01710457176	0.01545188708	0.01674234304	-0.195147608	0.01553603034	0.01710713214	0.09848885794	0.01649098417	-0.1514536781	-0.1236933516	0.01835708148	0.09673980739	0.0986815996	0.0961934874	-0.1413617054	0.09988750162	0.09864140725	0.09720210443	0.016873362	0.01505367726	0.09974915852	0.09726097849	0.09750699327	0.01769069354	0.0956438468	0.09871825682	0.09686661523	0.0973584171
0.01687981172	0.01720503803	-0.01152049285	-0.01425512375	0.1004472392	-0.03175981878	-0.07952676346	-0.126651403	-0.07999137403	-0.07951497092	-0.07981296359	-0.04513406692	0.01836522127	0.01781780363	-0.0460299725	-0.04626354314	-0.04543039865	-0.04519892896	-0.03139989368	-0.03137028971	-0.1312600046	-0.1368877522	-0.1368422827	-0.04593083175	-0.04541283011	-0.03382950636	-0.0316053262	-0.03174132877	-0.03209498021	-0.03171893164	-0.114318657	-0.09174023473	-0.1094563205	-0.1092204738	-0.03380077634	-0.07986861735	-0.07976598995	0.1027647323	0.1019523486	0.1017307647	0.09898385166	-0.07791618257	-0.04524268431	-0.01732399619	-0.02835264697	-0.1992193689	-0.07789551218	0.1009961575	-0.1984037772	-0.04021202003	0.01712521972	-0.03138579735	-0.009761795659	-0.0310091549	-0.009203758232	0.01806730073	0.01743664791	-0.1208574162	0.01806693761	0.01814184159	-0.03119093453	-0.03191217727	-0.0320404543	0.01854025323	-0.01425662467	-0.01410248365	-0.01483622986	-0.01449102854	-0.0148003693	-0.01453361388	0.101448345	-0.07809771495	-0.07809771495	-0.07809771495	-0.02988440683	-0.02972222325	0.01672807305	-0.07810982834	-0.0324015786	-0.1914854169	-0.1857959622	0.0987281653	0.101208629	-0.03238754439	0.09890440447	0.1000369806	-0.1980636468	-0.0781174827	0.01814762856	0.1110070688	0.09907517624	0.01704540389	0.1094554551	0.09756999792	0.0983920975	0.01862720913	0.01685007425	0.09546360559	0.01433757971	0.0989670021	0.09957049235	-0.1857252375	0.09982322212	0.0995168762	0.09973833048	0.01717059267	0.1006309302	-0.1460581358	0.0985844322	0.01459437597	0.09857180736	0.01727054191	0.01408745214	-0.0687208388	-0.1436662507	-0.1076979298	-0.1196975196	-0.08440857557	-0.141620778	0.1096588964	0.1243693865	0.1111414736	-0.07560839589	0.09875649241	0.09935488887	-0.1862409325	0.09706249581	0.09596520294	0.09949737998	0.09873603578	-0.07308678267	0.0993945144	-0.1400188106	0.09463841021	0.01360788772	-0.1409736294	-0.07348093499	0.1060556683	-0.1233011647	0.09848959549	-0.1414394473	0.09628530745	-0.1853919348	0.09944188414	0.09871300143	0.1000309671	0.09790296839	0.09565121375	0.09416096517	0.09513649647	0.09632143267	0.01373569748	0.09470989979	0.09976499169	0.09799744598	0.097561578	-0.121424142	0.0954702777	-0.06315747279	0.01918400054	0.1100103731	0.01832883395	-0.1310476935	-0.1152794515	0.1066545226	0.01403464127	-0.1126729478	0.09440303552	0.09442803584	0.08533195378	0.09483620182	0.01379246193	0.09942171655	0.1002014804	0.01385673408	0.01819782271	-0.1980465774	0.01439158057	-0.04299091206	-0.1953501968	0.09546081079	0.09939744513	0.09597631073	-0.1974520541	-0.1387918188	0.01917962145	0.01603242232	0.01718701333	-0.1943305908	0.01380686143	0.01697698918	0.09960323692	0.01761497921	-0.1502754276	-0.1228763344	0.01676377752	0.09541823333	0.0987150935	0.09527950819	-0.1424467975	0.09747900796	0.09962953734	0.09675660295	0.01820952054	0.01346037329	0.0972047999	0.09800340581	0.09632128416	0.01739647267	0.09472986759	0.09794014256	0.09540917622	0.09913236202
0.01893440849	0.02048241935	-0.008308746769	-0.01280962202	0.1012790514	-0.03112950676	-0.08120615559	-0.1262928208	-0.08221422596	-0.08146609295	-0.08101912562	-0.04722094404	0.01797424894	0.01545230341	-0.04635071513	-0.04712774557	-0.04683806088	-0.04687832108	-0.03204231655	-0.03141930244	-0.1314131745	-0.1384769871	-0.1387045452	-0.04761022388	-0.04614116759	-0.03306332938	-0.03165433893	-0.0317903415	-0.03279879572	-0.03068102476	-0.1149874281	-0.0926005737	-0.1108044163	-0.1121226505	-0.03330632926	-0.08195560433	-0.08212470683	0.1025798547	0.1032789143	0.1021863356	0.1021868307	-0.07973143965	-0.0468564412	-0.01574262952	-0.02989617415	-0.2002194363	-0.07971076926	0.1006051852	-0.1995397095	-0.03978780267	0.01958741134	-0.03273199686	-0.0104244979	-0.03151571283	-0.01095338007	0.01930670779	0.01915746107	-0.1221046916	0.01815378983	0.01838908073	-0.030202978	-0.03073840545	-0.03032322267	0.01754018585	-0.01298469204	-0.01320044172	-0.01274910753	-0.01318139176	-0.01298497688	-0.0129522472	0.1045898614	-0.07991297203	-0.07991297203	-0.07991297203	-0.02871063501	-0.02859545684	0.01800778455	-0.07992508542	-0.03095607687	-0.1922137544	-0.1873394894	0.1010858454	0.1008176566	-0.03094204266	0.1010948662	0.1014122527	-0.1990637142	-0.07979687483	0.01680560157	0.1107519614	0.1014015029	0.0166044812	0.1093957791	0.09976045964	0.09773901132	0.01687758729	0.01666662475	0.09704497227	0.01428856698	0.09952708442	0.09917952002	-0.1878122245	0.09956811473	0.09824507892	0.09853216844	0.01677962033	0.09901717329	-0.1468906304	0.09852543177	0.01569791808	0.09686961008	0.0161390734	0.01478339941	-0.06897594619	-0.1447365478	-0.1080186725	-0.1202899921	-0.08377826355	-0.1426910751	0.1117134932	0.1111414736	0.123623854	-0.07640696307	0.09976447401	0.09923564643	-0.1877844597	0.09636208943	0.09680087861	0.09899506466	0.0962506577	-0.07225497045	0.1000986377	-0.1414967025	0.09724464278	0.01532511934	-0.1415004667	-0.07305671762	0.1090613197	-0.1234860424	0.1003244496	-0.1421021495	0.09684538976	-0.186935462	0.09905091181	0.09723510949	0.09896067002	0.09819132081	0.09716621417	0.09669338649	0.0960385384	0.09756083974	0.01524683445	0.09615926498	0.09978161421	0.0985575283	0.1002954995	-0.1210655598	0.09480757546	-0.0621160953	0.01682528366	0.1100269956	0.01612166691	-0.1315043011	-0.1141056797	0.1083717542	0.01697465745	-0.111635041	0.09734305169	0.09668872727	0.08326948877	0.09600997364	0.01089028525	0.09957420401	0.09875494191	0.0155739657	0.01712752562	-0.1986390499	0.0158370823	-0.04385511449	-0.1961298041	0.09594459456	0.09789107974	0.097898906	-0.1981803916	-0.140711233	0.01742999961	0.01659250464	0.01584498635	-0.1949935593	0.01565995801	0.01702496515	0.0999012054	0.01572949242	-0.1520250495	-0.1244198616	0.01868250934	0.09754305981	0.09836400501	0.09604568516	-0.1435170946	0.1000114293	0.09774405055	0.09589715289	0.01579902708	0.01537910511	0.09966699152	0.09843913554	0.09620204173	0.01665747189	0.09617536932	0.09958714448	0.09692417664	0.09822730476
-0.03390330361	-0.03440821865	0.01485273191	0.01347675051	-0.07643350165	0.07341507712	0.08841773944	0.07050406425	0.08863245363	0.08870126188	0.08894672902	0.03626446269	-0.03464278429	-0.0328443984	0.03618374681	0.03595017616	0.03528880621	0.03674306045	0.01068371496	0.009948079575	0.07061431055	0.07521670481	0.07141287283	0.03723394221	0.03748021395	0.01007029698	0.01012063794	0.01039223021	0.01058203857	0.0100070325	0.03916281427	0.01956353557	0.0345650216	0.03577780413	0.0103707569	0.08875521031	0.08872197276	-0.07628984766	-0.07723809634	-0.07623689567	-0.07620504702	0.09206629459	0.07555668086	0.02480956279	0.05058384996	0.0940054356	0.09208696498	-0.07574871832	0.09820483358	0.05151224579	-0.03489563181	0.01127321598	0.01622882827	0.01066685888	0.01608254692	-0.03354595595	-0.03444833867	0.08541595427	-0.03490496857	-0.03360728004	0.07311882132	0.01130830131	0.01090829439	-0.03523189101	0.01331663214	0.01254247101	0.013537265	0.01393512212	0.01248620596	0.01279066553	-0.07679104527	0.09188476221	0.09188476221	0.09188476221	0.0102111779	0.01032635607	-0.03379826403	0.09160091892	0.01041130514	0.1029519182	0.1101420188	-0.07665806104	-0.07567211183	0.01096879915	-0.07768965478	-0.07725135501	0.09856419012	0.09200085941	-0.03428081782	-0.07725664861	-0.07699037486	-0.03461780314	-0.07698245151	-0.07768036348	-0.07779970249	-0.0342088321	-0.03493514676	-0.07788464651	-0.03700394707	-0.07886479335	-0.0777178433	0.1092835473	-0.07730284828	-0.07531093871	-0.07809346498	-0.03566544857	-0.07679327042	0.3189677352	-0.07843217355	-0.03620369101	-0.07667855404	-0.03432697771	-0.03453677563	-0.007158591934	0.3212939851	0.04598075331	0.05368158134	0.01505999241	0.3359748982	-0.07654632635	-0.07560839589	-0.07640696307	0.4642001212	-0.07635800404	-0.07738998698	0.1101265017	-0.07605173053	-0.07928515846	-0.07751922577	-0.0767890955	0.0001598499188	-0.0759767603	0.3298192572	-0.07925330169	-0.03542393491	0.3315950436	-0.007163414861	-0.077754185	0.05034966614	-0.07701681091	0.3339823897	-0.07869332405	0.1090733901	-0.07716712676	-0.07667322492	-0.07834428815	-0.07761912291	-0.07796876825	-0.07864382713	-0.07766829582	-0.07859054809	-0.0359754499	-0.0778231626	-0.07749366472	-0.07793224017	-0.0766018638	0.05265875227	-0.075521041	-0.01260028689	-0.03283685099	-0.07556572456	-0.03205250374	0.1135246414	0.05348024113	-0.0791933049	-0.03418199165	0.04820657766	-0.07799416193	-0.0790560812	-0.06450653494	-0.07824032038	-0.02992781019	-0.07745902426	-0.07780227938	-0.03561878278	-0.03368716387	0.09816917859	-0.03491197196	0.06517301274	0.1000448224	-0.07714855015	-0.07568593711	-0.07832299602	0.09839455939	0.1070689359	-0.03379228473	-0.03476564466	-0.0351055681	0.09473046566	-0.03481736634	-0.0343645376	-0.07753961772	-0.03318308777	0.07085977402	0.06514008173	-0.03471361421	-0.07888107341	-0.07660549761	-0.07820460886	0.3298501456	-0.07926586789	-0.07747570412	-0.0783578935	-0.0340668747	-0.03611490913	-0.07884579955	-0.07818649788	-0.07797802259	-0.03573632721	-0.0786183845	-0.07839713844	-0.07848253568	-0.07745318186
0.01762471802	0.01794994433	-0.01213423605	-0.01486886694	0.09929003615	-0.03291702178	-0.08068396646	-0.1261782266	-0.08019752237	-0.08039464884	-0.08056257174	-0.04588367507	0.01757951374	0.01679646558	-0.04677958065	-0.04714901624	-0.04713106145	-0.0456768072	-0.03255709668	-0.03252749271	-0.1311287878	-0.1373656304	-0.1377747612	-0.04708803475	-0.04724935786	-0.03457911451	-0.0330342591	-0.03303439672	-0.03284458836	-0.03260440474	-0.1149324002	-0.09316916763	-0.1104776586	-0.1109211366	-0.03482211439	-0.0808899554	-0.08051559809	0.09906639973	0.09915636434	0.09880731738	0.09864674486	-0.07880165567	-0.04581742322	-0.0171167545	-0.02869466026	-0.1990179224	-0.07878098528	0.1005182793	-0.1992489459	-0.03960297868	0.01709524076	-0.03302499743	-0.01051140381	-0.03230222285	-0.01104028598	0.01844491661	0.0183577236	-0.1211994295	0.0179474552	0.01698463859	-0.03207061244	-0.03198246067	-0.0326541975	0.01656786053	-0.01531566687	-0.01553141655	-0.01572040282	-0.01524063669	-0.0150442218	-0.01569081688	0.09842933716	-0.07898318805	-0.07898318805	-0.07898318805	-0.03022642013	-0.03024710691	0.01653967623	-0.07885943649	-0.03301532179	-0.1916915653	-0.1866814353	0.09920134171	0.09937210122	-0.03327301749	0.09856239118	0.09892008208	-0.1989088155	-0.07886709085	0.01739802041	0.09884480481	0.09989155652	0.01806204009	0.09838011075	0.1089123703	0.0975066244	0.01638308653	0.01770670246	0.09567084728	0.01467489116	0.09862498881	0.1071086462	-0.1865704062	0.09961707377	0.09768034845	0.09885285738	0.01764376907	0.09974545708	-0.146062784	0.09932933851	0.01551545166	0.10937072	0.01842304307	0.01541612268	-0.0696063119	-0.1442799939	-0.1085373033	-0.1199992284	-0.08529404867	-0.1425062511	0.09848799151	0.09875649241	0.09976447401	-0.07635800404	0.1217954541	0.108795152	-0.1868143713	0.1067367847	0.1063968251	0.1096559721	0.09735068221	-0.07302120112	0.09895694059	-0.1402249589	0.09529355118	0.01448865897	-0.1409080479	-0.07327948849	0.0957955136	-0.1241463333	0.09852525177	-0.1413738657	0.09666292334	-0.186005678	0.09896400589	0.09809925823	0.09864233864	0.09796854995	0.09684401934	0.09644069036	0.09497065256	0.09683491351	0.01424917832	0.09603857033	0.09928711344	0.09751956774	0.09875438359	-0.1210465261	0.105766035	-0.06315405586	0.01748333774	0.09883946818	0.01717163095	-0.1311179769	-0.113679051	0.09531324353	0.01577090667	-0.1125670618	0.1060171378	0.1056748477	0.09298097853	0.1056754189	0.01233269663	0.1103564941	0.1087904544	0.01392652068	0.01771994446	-0.1988917461	0.01408987171	-0.04306119546	-0.1962466353	0.1063000278	0.1082942485	0.09621806166	-0.1982972228	-0.138524737	0.01775068855	0.01491552376	0.01715703437	-0.1955179853	0.01468763268	0.01762633497	0.09930152806	0.01707270999	-0.1477179155	-0.1248848265	0.01723695392	0.09729061086	0.09748766079	0.09538539418	-0.1431964057	0.0977207589	0.1001027137	0.09608197687	0.01664472269	0.01465317888	0.0989410653	0.09921736968	0.09588371035	0.01724159412	0.09511327867	0.09854918391	0.09660198181	0.09801638496
0.01686446498	0.01732555623	-0.01180756949	-0.01440633544	0.09852978311	-0.03367727483	-0.08035729991	-0.1274819394	-0.08122950532	-0.08048137232	-0.08037177013	-0.04664392811	0.01821400958	0.01682603932	-0.04699637389	-0.04695821464	-0.04680439489	-0.0465729252	-0.03200865057	-0.0320649612	-0.1321607708	-0.1378541536	-0.1390154469	-0.04662550324	-0.04651509645	-0.0333013933	-0.03216413274	-0.03216427036	-0.03278965171	-0.03187014333	-0.1144698687	-0.09229904127	-0.1102868569	-0.1112737948	-0.03395198803	-0.08083501874	-0.08005306659	0.0992168969	0.09849167181	0.09913398394	0.09842504512	-0.07847498912	-0.04688841046	-0.01570896353	-0.02972664321	-0.1990988507	-0.07845431873	0.09948629634	-0.1993701786	-0.03981977193	0.01751746783	-0.03289565854	-0.009913007352	-0.0318896417	-0.01098534933	0.01764435913	0.01749511241	-0.1211444929	0.01769035752	0.01758303505	-0.03288661102	-0.03151992916	-0.03246339589	0.01703039204	-0.01498900031	-0.01438956029	-0.01298717145	-0.01464224023	-0.01444582534	-0.01509242042	0.09939502403	-0.07865652149	-0.07865652149	-0.07865652149	-0.02989975358	-0.02960170505	0.01834310571	-0.07853276993	-0.03105827584	-0.191569337	-0.1864906337	0.09898454846	0.09888357807	-0.03199529628	0.09848146288	0.0986629844	-0.1988941833	-0.0785404243	0.01663776736	0.100258391	0.0990598295	0.0172518367	0.09829918246	0.1076086575	0.09715107152	0.01725321288	0.01724232236	0.0958558537	0.01513742267	0.09867992546	0.1081146375	-0.1868275038	0.1002154702	0.09787115005	0.09904365898	0.01742697582	0.09939279888	-0.1460078473	0.09808586767	0.01593767873	0.1096973865	0.01616827557	0.0140721054	-0.0686003206	-0.1446326521	-0.1086643312	-0.1209356509	-0.08428805737	-0.1419078546	0.09863848867	0.09935488887	0.09923564643	-0.07738998698	0.108795152	0.1220289888	-0.18702084	0.1059765316	0.1080418368	0.1096719045	0.09709030964	-0.07350972426	0.09904538406	-0.140985212	0.09578379431	0.01467946057	-0.1408531112	-0.07385682092	0.09666563995	-0.1239958362	0.0991692584	-0.141454794	0.0959982308	-0.1864942012	0.09916121622	0.09774660004	0.09797764611	0.0999255959	0.095635867	0.09536840298	0.09566460953	0.09657781583	0.01507900024	0.09632493245	0.09925324082	0.09733802247	0.09781796116	-0.1215753537	0.1046937476	-0.06309911921	0.01740240945	0.0993975602	0.01554623785	-0.1318311743	-0.1146154735	0.0961775747	0.01524207908	-0.1126882946	0.1063438044	0.1071839944	0.09227776312	0.1056900511	0.01185001186	0.1104114308	0.1087456255	0.01438484713	0.01741434193	-0.1986053839	0.01519142353	-0.04341385365	-0.1957260827	0.1063146601	0.1081512665	0.09677615369	-0.1983652631	-0.1401001798	0.01794149016	0.01574534568	0.01608474699	-0.195840452	0.01542189409	0.01655404759	0.09980966973	0.01651271286	-0.1490831521	-0.1246579255	0.01620497097	0.09635394124	0.09897505819	0.09526416145	-0.1427338742	0.09841471587	0.09879900089	0.09613691353	0.01642792945	0.0146678111	0.09746118306	0.09798516438	0.09603420752	0.01765285583	0.09471452085	0.09846825562	0.09607315423	0.09795959971
-0.1240351844	-0.1233905789	-0.04627731351	-0.04552710502	-0.1864411254	-0.001829321411	0.1016088014	0.28105627	0.1027239413	0.1022999187	0.1003209177	0.0122761776	-0.1238086588	-0.1212536287	0.01182545358	0.01164251186	0.01206806151	0.01261891042	0.004486014159	0.003795689686	0.302573236	0.3251896902	0.3364892212	0.01356352984	0.0130366847	0.006227638973	0.003744167464	0.004695084494	0.00492371141	0.003494697076	0.3477093264	0.2384411215	0.3307627749	0.331638247	0.006256341264	0.1021673733	0.1021341357	-0.186959971	-0.1862402536	-0.1860065933	-0.1863079372	0.1279201074	0.03130657376	-0.03011834423	-0.0006577333306	0.6067548673	0.1278049128	-0.1864694706	0.6007579548	0.01166534824	-0.1228763085	0.005367323924	-0.0462561467	0.004697983262	-0.04708547275	-0.1235270201	-0.1235159349	0.3719017156	-0.123429105	-0.1235883442	-0.002988416229	0.004286309812	0.003988364113	-0.1234140132	-0.04524693087	-0.04551032987	-0.04533072558	-0.04612101442	-0.04611005472	-0.04553386525	-0.1867818439	0.1276027101	0.1276027101	0.1276027101	0.003787058108	0.004237217215	-0.1235525299	0.1307154905	0.003579618228	0.6974905169	0.8673473619	-0.1871547327	-0.1875650197	0.004592328678	-0.1865708987	-0.186069998	0.6016288187	0.1294850516	-0.1235825573	-0.1865125656	-0.1871438427	-0.1236478127	-0.1862860179	-0.1873618455	-0.1868400401	-0.1239169345	-0.1250117715	-0.1844788213	-0.1219955948	-0.1880880516	-0.1867200005	0.897744219	-0.1873132223	-0.1831040312	-0.1881825418	-0.1241519983	-0.1862882585	0.3463566522	-0.1879777906	-0.1225164015	-0.1859902526	-0.1240183419	-0.120479478	0.1736898186	0.3488844022	0.2082838989	0.2506994275	0.179468744	0.3238927499	-0.1867385705	-0.1862409325	-0.1877844597	0.1101265017	-0.1868143713	-0.18702084	0.9209377867	-0.1824301561	-0.1859269826	-0.1863348891	-0.1855492021	0.2039664575	-0.1861660248	0.3304890227	-0.1839930165	-0.120573462	0.3234529788	0.1943805442	-0.1838525493	0.2658451455	-0.187392624	0.3225351517	-0.185793372	0.8918340327	-0.1867127438	-0.1865926331	-0.1873464454	-0.1886592544	-0.185612276	-0.1851497863	-0.1835455592	-0.1864075075	-0.1201995573	-0.1832422022	-0.1868860404	-0.1855757479	-0.1873702654	0.2574238802	-0.1806713303	0.158179602	-0.1230896451	-0.1867793077	-0.1227674701	0.3099057323	0.2253630715	-0.1850705683	-0.121123398	0.2277484741	-0.1838207964	-0.1826236404	-0.1581567091	-0.1832517651	-0.1114890146	-0.1868181474	-0.1862133275	-0.1190231931	-0.1234346785	0.6015594675	-0.1194078092	0.01620038674	0.5879947549	-0.1830634002	-0.1865899789	-0.182790981	0.5966076927	0.3442326859	-0.1232486307	-0.1227463213	-0.1235921178	0.5874045387	-0.1214825354	-0.1236111407	-0.1856759563	-0.1214371501	0.788810286	0.2872929437	-0.1240153536	-0.1869697627	-0.1874395344	-0.1843536021	0.3289295283	-0.187541051	-0.1850685829	-0.1844086085	-0.1222637245	-0.1220200248	-0.1872021766	-0.1871889674	-0.1846198467	-0.1240363831	-0.1849408294	-0.1877562616	-0.1866188743	-0.1866391152
0.01511553173	0.01553891883	-0.01314431446	-0.01519962061	0.09783006531	-0.0333836404	-0.07965607063	-0.1256572608	-0.07971308634	-0.07964427809	-0.079262946	-0.04612086136	0.01652713775	0.01560822463	-0.04630091246	-0.04697860768	-0.04651535389	-0.04577812855	-0.03081217194	-0.03159775767	-0.1293850375	-0.1350538983	-0.1349017938	-0.04542311174	-0.04694308435	-0.03293352499	-0.03115346941	-0.03142533693	-0.03053168186	-0.03235399445	-0.1122421887	-0.08952790144	-0.108232746	-0.1082686292	-0.0336583536	-0.08023195026	-0.08003116206	0.0968867997	0.09692730981	0.09490177744	0.09599808726	-0.07434060635	-0.04624633769	-0.01660158393	-0.03049108912	-0.1953720627	-0.07445580091	0.09742792904	-0.1955075257	-0.0411565169	0.01532323558	-0.03120567046	-0.01165734717	-0.03205181257	-0.01109930975	0.01436320728	0.01549879881	-0.1190235624	0.01544976377	0.01554918972	-0.03349408089	-0.03064513078	-0.03131686761	0.01510788968	-0.01509249738	-0.01477525061	-0.01481790858	-0.013805146	-0.01454932241	-0.01462521689	0.09516281753	-0.07465800368	-0.07465800368	-0.07465800368	-0.02824746964	-0.02935507602	0.01574127861	-0.07426252222	-0.03222145171	-0.1875022458	-0.1826645106	0.09746964096	0.09723280562	-0.03170166185	0.09655896053	0.09674048205	-0.1952128973	-0.07440604153	0.01593804956	0.09674321336	0.09713732715	0.01551514965	0.09814292446	0.1048709654	0.09550319376	0.01451552083	0.01487612578	0.0939710555	0.01498116467	0.09662155816	0.1036107011	-0.1824579209	0.09683615757	0.09689970235	0.09521904733	0.01428168892	0.09611164703	-0.1433725724	0.09619989504	0.01428690628	0.1072314244	0.01564095245	0.01531102663	-0.06681793956	-0.142540837	-0.1059653093	-0.1172134564	-0.08182635158	-0.1395820138	0.09644425642	0.09706249581	0.09636208943	-0.07605173053	0.1067367847	0.1059765316	-0.1824301561	0.1258258745	0.1064287685	0.1074053336	0.09697763096	-0.07172734323	0.09677734056	-0.1394368567	0.09436864466	0.01411560773	-0.1385272704	-0.0711704409	0.09505257165	-0.1202736417	0.09512286719	-0.139091249	0.09570610786	-0.1821246182	0.09509617009	0.09663928739	0.09687033346	0.0956933894	0.09633250286	0.09358176558	0.09405154123	0.09553715391	0.01373648742	0.09498359405	0.09650619725	0.09596143609	0.0945368093	-0.118396619	0.1105532515	-0.06131673817	0.01615923185	0.09642584239	0.01693444465	-0.1275702781	-0.1106592532	0.09470037135	0.01494995614	-0.109101965	0.1054100608	0.1042122766	0.09841459347	0.1049287022	0.01551335341	0.1064509542	0.1070587537	0.01382142463	0.01490132411	-0.195014461	0.01421997583	-0.04352781407	-0.1923180804	0.1084681062	0.1066247738	0.09407616578	-0.1948275325	-0.1362375269	0.01520379811	0.01613254748	0.01538502919	-0.192385394	0.01526563609	0.01531086999	0.09671433318	0.01503433509	-0.1433443508	-0.1209718304	0.01509765833	0.09487673789	0.09534836519	0.0946021478	-0.1409514931	0.09431837431	0.09619717379	0.09875883741	0.01683965322	0.01478328301	0.09648973536	0.09611682651	0.09587794952	0.01477929883	0.09446010205	0.09505123881	0.09541114058	0.09600099798
0.01687140281	0.01502278991	-0.01207236156	-0.01575804711	0.09677047658	-0.0339420669	-0.08048622703	-0.1274000195	-0.08040737779	-0.08047443449	-0.0803648323	-0.04595380208	0.01628273872	0.01569900188	-0.04603838141	-0.04613608711	-0.04557467251	-0.04643012242	-0.03254517254	-0.03205802337	-0.1312027783	-0.1375754858	-0.1379846167	-0.04797721492	-0.04691575348	-0.03057715647	-0.03202132997	-0.03188560264	-0.03291857883	-0.03172734055	-0.1147346608	-0.09079758899	-0.1116385686	-0.1118103168	-0.0309560213	-0.08055635102	-0.08058958856	0.09718586047	0.09713996013	0.09778227226	0.0964944757	-0.07901151109	-0.04765765804	-0.0127129968	-0.03162181469	-0.198684318	-0.0789908407	0.09718353001	-0.1993632408	-0.04076388875	0.01711681081	-0.0330989879	-0.01330269328	-0.03283375852	-0.01369571051	0.01588505261	0.01600753579	-0.1223603396	0.01606691594	0.01568786357	-0.03152102369	-0.03273577589	-0.03259232302	0.01554281541	-0.01548781814	-0.01519781216	-0.01521322934	-0.01599395191	-0.01399358852	-0.01494961764	0.09749985256	-0.07919304347	-0.07919304347	-0.07919304347	-0.0303004106	-0.03004936748	0.01608064382	-0.07906929191	-0.03213825761	-0.1910189394	-0.1863394996	0.09776870174	0.09698840659	-0.0326676832	0.09699388625	0.09826232737	-0.1990686123	-0.07907694627	0.01487846084	0.09659697514	0.09675706317	0.01562839512	0.09599641613	0.1053058912	0.09588816913	0.0139993919	0.01589481574	0.09966701013	0.0186768492	0.09678475398	0.1051325464	-0.1855977815	0.0968257843	0.09420973422	0.09592570295	0.01498834455	0.0961389779	-0.1454574497	0.09700588589	0.01839018566	0.1056758004	0.01434779762	0.01842672164	-0.06682713842	-0.1446257143	-0.1053966346	-0.1173962243	-0.08034103598	-0.141221592	0.097286777	0.09596520294	0.09680087861	-0.07928515846	0.1063968251	0.1080418368	-0.1859269826	0.1064287685	0.1248960284	0.1064570878	0.0938563557	-0.07377451634	0.09647088783	-0.1417934639	0.1004101404	0.01862648196	-0.1409820383	-0.0724024243	0.1023789057	-0.1211357344	0.09550784257	-0.1414478562	0.09967352229	-0.1859438035	0.09603685147	0.09503623886	0.09608247463	0.09626418007	0.09999048324	0.100402344	0.1000192258	0.0999121632	0.01929775152	0.102445793	0.09663168892	0.09911120465	0.09605865463	-0.1191228467	0.1053800101	-0.06186939683	0.01550723797	0.09682306397	0.01378693132	-0.1318712921	-0.110940182	0.1005321909	0.01959669532	-0.1095564629	0.1111060155	0.1109951509	0.09272369855	0.1124902364	0.009772832623	0.1070217448	0.1070860846	0.01992614854	0.01601557459	-0.1984625812	0.02008949957	-0.04558075503	-0.1956816054	0.1070009226	0.1048362741	0.1027611493	-0.1982756527	-0.1407725667	0.01536699393	0.02009996191	0.01514063017	-0.1952900544	0.02059170003	0.01642512047	0.09682757865	0.01434581149	-0.1471741049	-0.1233284376	0.0153967191	0.1012520173	0.09544950731	0.1004339674	-0.1425910714	0.09638367944	0.09527345001	0.09777423076	0.01276651362	0.01970175209	0.09719639099	0.09610439995	0.1006605537	0.01589354931	0.1004277866	0.09548616454	0.1013788251	0.09688382299
0.01677423048	0.01624526279	-0.01193680828	-0.01412797938	0.1001667887	-0.03380651361	-0.0802148088	-0.1280796559	-0.08064041507	-0.08006715131	-0.08036514397	-0.04589445094	0.01752973358	0.01664974486	-0.04574244121	-0.04675219726	-0.04584671408	-0.04582344803	-0.03100101941	-0.03093241115	-0.1322900096	-0.1393376159	-0.1391049516	-0.04648301213	-0.04637260534	-0.03339162779	-0.03157504249	-0.03175004935	-0.03206027059	-0.03104832747	-0.115103563	-0.09334033042	-0.1099694966	-0.1112281644	-0.03309116788	-0.08055666268	-0.08027916604	0.0991266624	0.09906627974	0.09902926712	0.09755327675	-0.0777890382	-0.04687058689	-0.01715784753	-0.02915203528	-0.1988204946	-0.07776836781	0.1007547113	-0.1988200926	-0.04144352517	0.01698063419	-0.03158026315	-0.01017811109	-0.03112921847	-0.01002766851	0.01737925539	0.01777346847	-0.1220844955	0.01724302733	0.01772995208	-0.03309918877	-0.0304263834	-0.03136985013	0.0164935584	-0.0145747793	-0.01492639393	-0.01459972729	-0.01409215427	-0.01453605984	-0.01454233446	0.09872232544	-0.07797057058	-0.07797057058	-0.07797057058	-0.02921380266	-0.02850815928	0.01739867722	-0.07784681902	-0.03105164967	-0.1919017323	-0.1860764127	0.09833637184	0.09970539393	-0.03130934537	0.0988233452	0.09896586243	-0.1984799623	-0.07785447338	0.01800304303	0.09933848444	0.09838713091	0.01717254826	0.09861654281	0.1078870136	0.09882997606	0.01807502875	0.01762044399	0.09399937485	0.01409613352	0.09926901572	0.1066267492	-0.1855980931	0.09970315856	0.09896469582	0.09921067206	0.01621081743	0.09872010029	-0.1460012212	0.09830398172	0.0156002363	0.1091605529	0.01821287598	0.01441398772	-0.06995234394	-0.144354296	-0.1094483728	-0.1203855649	-0.08496075596	-0.1417653635	0.09823751999	0.09949737998	0.09899506466	-0.07751922577	0.1096559721	0.1096719045	-0.1863348891	0.1074053336	0.1064570878	0.120699215	0.09727718976	-0.07445415275	0.09959547002	-0.1407068559	0.09433491031	0.01346330218	-0.1415258098	-0.07308206072	0.0956243508	-0.1230381554	0.09868237511	-0.1418557627	0.09586899202	-0.1859441152	0.09807451406	0.09788909115	0.09825600217	0.09898116741	0.09459457786	0.09487057363	0.09431258619	0.09594412154	0.01349425129	0.09433258865	0.09989213606	0.0970974407	0.09825670414	-0.1219518004	0.1059621626	-0.06295662809	0.01756942253	0.09956457328	0.01682559891	-0.1301053594	-0.1143371174	0.09540801545	0.01515184459	-0.1127930114	0.1051666503	0.1050557857	0.09259954939	0.1050563568	0.01131317822	0.1096028672	0.1100993238	0.01289986375	0.01764564233	-0.1983270279	0.0137670615	-0.04406203027	-0.1956819171	0.1044827032	0.1084789095	0.09587072949	-0.1980042345	-0.139006634	0.01862744107	0.01511165138	0.01733867967	-0.1955620959	0.01424473999	0.0172790028	0.09925044775	0.01814971843	-0.1478610986	-0.1245515338	0.01593986724	0.09558438199	0.09762303485	0.095038062	-0.1431348429	0.09665509768	0.1008436013	0.096071201	0.01698244132	0.01378690887	0.09801384466	0.09905847239	0.09607983797	0.01657256239	0.0950318812	0.09901834158	0.095192252	0.09827235236
0.015973882	0.0160273784	-0.01236685617	-0.01482975716	0.09715918669	-0.03392125228	-0.07907404369	-0.1267748622	-0.0796745192	-0.07960571095	-0.07827332421	-0.04598043024	0.01620040761	0.01637273042	-0.04592528117	-0.04588712191	-0.04573330216	-0.0461375779	-0.03021532837	-0.03045040867	-0.1311819637	-0.1361418205	-0.1374203422	-0.04551083119	-0.04625919343	-0.03358895007	-0.03150063487	-0.03177250239	-0.03128644216	-0.03175010525	-0.1139756869	-0.0916951098	-0.1096369431	-0.1097188087	-0.03353054082	-0.07928003262	-0.07944913512	0.09764698917	0.09860084978	0.09769994116	0.09712686729	-0.07651544813	-0.04587688414	-0.01789862961	-0.02804472448	-0.1980903643	-0.07649477774	0.0987315783	-0.1975465026	-0.04160184315	0.01499650545	-0.03042968566	-0.01135076472	-0.03136200877	-0.01042803716	0.01566685655	0.01625898828	-0.1203504953	0.01593822333	0.01603764928	-0.03358176265	-0.03133644472	-0.03282337125	0.01641153895	-0.01540659925	-0.01494884696	-0.01462755494	-0.01476824223	-0.01541270687	-0.01563184005	0.09607873899	-0.0766969805	-0.0766969805	-0.0766969805	-0.02876521448	-0.02866990335	0.01609387323	-0.07670909389	-0.03188929241	-0.1900970582	-0.1857835565	0.09755050568	0.09767464588	-0.03255458296	0.09747488199	0.09643361896	-0.1972518741	-0.07671674826	0.01728527816	0.09855910161	0.09905591019	0.01669255002	0.09866398267	0.09804258474	0.1129979927	0.0169060897	0.01536458534	0.09457754291	0.01343164998	0.09914799198	0.0967297341	-0.1858486967	0.09783037279	0.09921397268	0.09910413065	0.01517774334	0.09976857978	-0.144863496	0.1140258758	0.01317466568	0.09857419294	0.01609936561	0.01304565747	-0.06836040465	-0.1428089761	-0.1074562329	-0.1191416541	-0.08483365189	-0.141578693	0.09661993553	0.09873603578	0.0962506577	-0.0767890955	0.09735068221	0.09709030964	-0.1855492021	0.09697763096	0.0938563557	0.09727718976	0.128177472	-0.07408499802	0.09930377438	-0.1395691308	0.09386834543	0.01232404238	-0.139572895	-0.07280171527	0.09428054252	-0.1228811641	0.09814281046	-0.1397669829	0.1101886573	-0.1853795291	0.09894354927	0.09916572121	0.1001256383	0.09876328302	0.09612380057	0.09517701179	0.09384283894	0.09597882979	0.0116069832	0.09271705046	0.09809741126	0.09654805646	0.1122999846	-0.1205965466	0.09555412262	-0.06320463349	0.01682713569	0.09744973685	0.0171448033	-0.1292021207	-0.1133649365	0.09460766697	0.0135363064	-0.1114377576	0.09271159532	0.09257105146	0.08598077353	0.09272735458	0.01472279703	0.09702127237	0.09751307399	0.01253678935	0.0153009744	-0.1970534378	0.01171940649	-0.04397314033	-0.1944971363	0.09487461921	0.09756498272	0.09579925203	-0.1964589145	-0.1370833984	0.01685898725	0.01376784309	0.01533002896	-0.1930657213	0.0129009317	0.01529944908	0.09976039177	0.01745984821	-0.1497918153	-0.1234138087	0.01422746839	0.1093414502	0.1122764837	0.10933859	-0.1425405775	0.1123334125	0.09878317402	0.1115996709	0.01674419218	0.01255444357	0.1116516096	0.1128065511	0.09650227404	0.01575273836	0.1091965443	0.1121152223	0.09572603104	0.09862404308
-0.04742870617	-0.04520137056	-0.02202649044	-0.0289729348	-0.07187322755	-0.01156033762	0.002627135003	0.1113395934	0.003385308993	0.002910657445	0.003427854483	-0.02344007131	-0.04635089147	-0.04676244416	-0.02324905729	-0.02443368258	-0.02455159274	-0.02268974364	-0.01464698662	-0.01470329726	0.1210869153	0.1270534497	0.1292891993	-0.02351136857	-0.02494161905	-0.0149886747	-0.0148024688	-0.01561779612	-0.01542798776	-0.01450847938	0.09568415963	0.06486765647	0.09476967226	0.094804285	-0.01509580963	0.00337220072	0.002795503373	-0.07444755919	-0.07259135023	-0.0734121991	-0.07129932741	0.006275690147	-0.007109029724	-0.02484096488	-0.0201842635	0.2445461443	0.006432225489	-0.07173259065	0.304931467	-0.01933321412	-0.04609637856	-0.01441084434	-0.02282423328	-0.01519764385	-0.02229118988	-0.04556189241	-0.04700773493	0.0910475097	-0.04692090503	-0.04738946085	-0.01240005322	-0.01523552617	-0.0150920733	-0.04671931931	-0.02792522027	-0.02814096995	-0.02864069041	-0.02757846019	-0.02833309995	-0.02816450533	-0.07140660946	0.006230022723	0.006230022723	0.006230022723	-0.01294568448	-0.01296637126	-0.04730871494	0.006217909332	-0.01464766654	0.2274597488	0.2058582929	-0.07179539022	-0.07179184911	-0.01463363233	-0.0719222344	-0.07296349744	0.3054625774	0.006481984869	-0.04819886359	-0.07327020017	-0.07303863816	-0.04785652415	-0.07210451483	-0.07230558631	-0.07492040218	-0.04799101292	-0.04797054999	-0.07468370854	-0.04711777423	-0.07416934093	-0.07342998573	0.2044345032	-0.07311312316	-0.07239668228	-0.07353387751	-0.04768138503	-0.07345646751	0.1733841766	-0.07400845103	-0.04849135737	-0.07302259666	-0.04678018826	-0.04750376674	0.2244313274	0.1793762045	0.1308365264	0.1547181009	0.1154043698	0.1581887708	-0.07258039831	-0.07308678267	-0.07225497045	0.0001598499188	-0.07302120112	-0.07350972426	0.2039664575	-0.07172734323	-0.07377451634	-0.07445415275	-0.07408499802	0.5330989155	-0.07170385437	0.1697088795	-0.07251987501	-0.04699698298	0.1519068069	0.2496973852	-0.07400978723	0.168492352	-0.07354414304	0.1610874005	-0.07603584588	0.2049036708	-0.07410205374	-0.07332676335	-0.07296951097	-0.07360299524	-0.07449610038	-0.07476356441	-0.07432183426	-0.0745052062	-0.04799138636	-0.07353530503	-0.07350721629	-0.07350851765	-0.07311953728	0.1599348178	-0.07191250818	0.2270793648	-0.0466190318	-0.07303445269	-0.04575790439	0.1707998295	0.1368414997	-0.07368266278	-0.04823590236	0.1329361444	-0.07329870951	-0.07191505968	-0.06757268824	-0.07395246281	-0.04443251541	-0.07317116669	-0.07290350918	-0.04705516006	-0.04679001993	0.3047658121	-0.04719963831	-0.0185171582	0.2948061472	-0.07224093424	-0.07321174845	-0.0730840838	0.3016752219	0.2021440603	-0.04740236994	-0.04705331102	-0.04725736951	0.3033592084	-0.04792022241	-0.04689258041	-0.07385478636	-0.04702965955	0.210618908	0.1846845995	-0.04686541562	-0.07486494574	-0.07326869469	-0.07513953584	0.1617310347	-0.07389109072	-0.0730519816	-0.07339071118	-0.04753070631	-0.04826671054	-0.07276415123	-0.07386141313	-0.07246738046	-0.04786309987	-0.07392293208	-0.07369202738	-0.07351535336	-0.07548883682
0.01779309146	0.01703139817	-0.01101480796	-0.0141570337	0.09877908484	-0.03309418949	-0.07977421457	-0.1261445472	-0.07901604058	-0.07949069213	-0.07978868479	-0.04571530163	0.01778398656	0.01740912466	-0.04586982875	-0.0461654531	-0.04560403851	-0.04598983986	-0.03075834383	-0.03140806462	-0.1304055845	-0.1364558785	-0.1368650094	-0.04583274171	-0.04626579472	-0.03400314622	-0.03205069596	-0.03137150883	-0.03193483647	-0.03202843645	-0.1130715937	-0.09158009098	-0.1084809871	-0.1094679249	-0.03383855125	-0.07957260866	-0.08001344105	0.09993584719	0.09960486955	0.09938328567	0.09921780666	-0.07748430893	-0.04521840552	-0.01716385245	-0.02887182797	-0.1989233602	-0.07746363854	0.1005507878	-0.1985153634	-0.04086706599	0.01695157986	-0.03136151855	-0.01096030142	-0.03193593076	-0.01032845274	0.01748606602	0.01831621578	-0.1212407323	0.0170042968	0.01728887698	-0.03279703514	-0.03249341198	-0.03194236426	0.01673623397	-0.01487556353	-0.01549890806	-0.01450411407	-0.0146646684	-0.01406065866	-0.01470725374	0.09896500102	-0.0776658413	-0.0776658413	-0.0776658413	-0.02937872194	-0.03021459842	0.01754579228	-0.07754208974	-0.0324393535	-0.1906459484	-0.1854850019	0.09909798525	0.09851560876	-0.03310464405	0.09927422442	0.09891228613	-0.198175233	-0.07754974411	0.0174305289	0.09819798855	0.1007392547	0.01727935888	0.09895607904	0.09929846736	0.09989589271	0.01763837957	0.01780365843	0.09732793998	0.0156584543	0.1012389313	0.09898925764	-0.1855650937	0.09916817616	0.09899769519	0.1003798803	0.01754041261	0.1007290202	-0.1453545323	0.1005846315	0.01469246601	0.09907749225	0.01811001041	0.01459313704	-0.06665858576	-0.143506107	-0.1072660562	-0.1184504562	-0.08329737718	-0.1405095796	0.09766500586	0.0993945144	0.1000986377	-0.0759767603	0.09895694059	0.09904538406	-0.1861660248	0.09677734056	0.09647088783	0.09959547002	0.09930377438	-0.07170385437	0.1161702815	-0.14025131	0.09674076263	0.01465703241	-0.1408134857	-0.07177922113	0.09623561693	-0.1216465065	0.1017125794	-0.1410075736	0.09760618204	-0.185367656	0.1004910288	0.1005035246	0.1001911109	0.1013976822	0.09860246774	0.09765567896	0.09645737107	0.09764230727	0.01451311227	0.09535144963	0.1005894622	0.09782380612	0.09915418249	-0.119090159	0.09644561114	-0.06129324932	0.01825722469	0.1004620516	0.01750855383	-0.1308404941	-0.1125378737	0.09669860634	0.01596102937	-0.1111541546	0.09640323486	0.09540336929	0.08498068135	0.09507015681	0.01395260568	0.1003349963	0.09921265084	0.01504174372	0.01725604882	-0.1978864337	0.01516899536	-0.04283076831	-0.1943790775	0.09670787413	0.09855819321	0.09885375348	-0.1974277753	-0.1380882152	0.01710387229	0.01599464741	0.01734715708	-0.194306312	0.01580706078	0.01775440398	0.1021468961	0.01703140723	-0.1494974829	-0.1220368659	0.01645427271	0.09823362238	0.100545716	0.09666243649	-0.1422866538	0.1000226671	0.09965381613	0.09801659467	0.01741936143	0.01559643759	0.1002919189	0.1004582557	0.09968013301	0.01681523796	0.09740939169	0.1004838017	0.09808870031	0.09960785538
-0.08581414289	-0.08604732803	-0.02156950304	-0.01954886068	-0.140295906	0.03169410911	0.08555414721	0.1865223035	0.08604059129	0.08610939955	0.08594727183	0.01682534652	-0.08573843386	-0.0847973925	0.01769568529	0.0170545198	0.01584969004	0.01798326904	-0.001146963994	-0.001882599377	0.1979094931	0.2084859475	0.2136531999	0.017433374	0.01709004313	5.862381722e-06	-0.002117635868	-0.001710178639	-0.00152037028	-0.001959511405	0.1513768349	0.1031100517	0.1448769329	0.1447310659	0.0005780522013	0.08616334797	0.08653770528	-0.1411078572	-0.1408287708	-0.140480092	-0.1402693296	0.09626767976	0.04796566768	-0.008487778297	0.02000380787	0.35974685	0.0961524852	-0.140159133	0.4191074178	0.02663853161	-0.08667060613	-0.001162385493	-0.02015495433	-0.001571414921	-0.02033968802	-0.08545679523	-0.086223313	0.1877118335	-0.0866799429	-0.08633330901	0.03112612341	-0.001201702389	-0.001465844368	-0.08632754058	-0.0196712749	-0.01993968038	-0.01917891214	-0.01935766847	-0.02063756603	-0.02023494566	-0.1402504053	0.09595028244	0.09595028244	0.09595028244	-0.001331749344	-0.001911917734	-0.08638842805	0.09593816905	-0.001419373811	0.3457321559	0.3302328099	-0.1396233578	-0.1395390667	-0.001541204554	-0.1408772849	-0.1404344347	0.4176358018	0.09606637963	-0.08687098185	-0.1409877385	-0.1405855999	-0.08530585786	-0.1405776765	-0.1416831833	-0.1420742522	-0.08679899613	-0.08681463258	-0.1402570869	-0.08619748734	-0.1423241534	-0.1409054734	0.3297819332	-0.1407077342	-0.1384985688	-0.141552825	-0.08635350329	-0.1403884954	0.4613437748	-0.1425708583	-0.08607655603	-0.140409644	-0.08536145586	-0.0853606953	0.1455431839	0.4753545628	0.1784386515	0.2104593056	0.1461592411	0.4509107683	-0.1395980915	-0.1400188106	-0.1414967025	0.3298192572	-0.1402249589	-0.140985212	0.3304890227	-0.1394368567	-0.1417934639	-0.1407068559	-0.1395691308	0.1697088795	-0.14025131	0.709959112	-0.1394519029	-0.08418424543	0.4512816364	0.1607552354	-0.1402624904	0.2182683164	-0.1412913607	0.4586959857	-0.1418809542	0.3287565864	-0.1418492714	-0.1409477747	-0.1419395131	-0.1416173922	-0.1414281283	-0.1415597274	-0.1400407363	-0.1417781782	-0.08652763967	-0.1396521432	-0.1410888897	-0.1412557353	-0.1406046836	0.2150069395	-0.1377576165	0.1299116176	-0.08461182531	-0.1394326795	-0.08440362236	0.2692154461	0.1934107116	-0.1411581505	-0.08554937112	0.1889522378	-0.1398231426	-0.1395264123	-0.1231061595	-0.1399334361	-0.07938523498	-0.141869439	-0.141230286	-0.0852199179	-0.08532627324	0.4163750689	-0.08451310707	0.0362858093	0.4104858054	-0.1396568555	-0.1397634505	-0.1405595715	0.4157646549	0.289282886	-0.08594459015	-0.08667648393	-0.08552189292	0.4119646962	-0.08591301592	-0.08610815847	-0.1418141675	-0.08414287239	0.2891843208	0.2402595743	-0.08567339883	-0.1430197582	-0.1423745618	-0.1408487792	0.4586648457	-0.142589363	-0.1410709291	-0.1416813886	-0.08597771397	-0.08680296385	-0.1424081851	-0.1428676459	-0.1395352733	-0.08715497647	-0.14085496	-0.1423999583	-0.1401756514	-0.1419994615
0.01561842132	0.01512845792	-0.01169496365	-0.01538064919	0.09524576519	-0.03377434518	-0.07923158571	-0.1258736483	-0.07888100657	-0.07908392822	-0.07938192088	-0.04598786247	0.01506585662	0.0139646143	-0.04682171434	-0.04670974384	-0.04601246429	-0.04679817003	-0.03094499007	-0.03140889556	-0.1302855021	-0.1361612673	-0.1368504594	-0.04768953914	-0.04667422051	-0.02775418944	-0.03069287739	-0.03123647482	-0.03139220761	-0.03121407768	-0.1125289648	-0.08804843322	-0.1081915028	-0.1089252961	-0.02758959447	-0.07916584474	-0.07933494724	0.097897042	0.0965663034	0.09693688563	0.09727946847	-0.07612649037	-0.04694647652	-0.008741056471	-0.03063890327	-0.196614487	-0.07624168492	0.09647400833	-0.1959347602	-0.03978097733	0.01586382932	-0.03265953628	-0.01313497156	-0.03225844195	-0.01223139298	0.01503966597	0.01559808584	-0.1196111838	0.01528358301	0.01525007179	-0.03203262672	-0.03208664807	-0.03235079005	0.01483329373	-0.01565388002	-0.01509214415	-0.01483583142	-0.01588828389	-0.01456724525	-0.01538356419	0.09597514117	-0.07644388769	-0.07644388769	-0.07644388769	-0.02924368793	-0.02953610461	0.01482766234	-0.07632013613	-0.03148912979	-0.1878621888	-0.18400627	0.09629910538	0.09525401901	-0.03229028528	0.09709955427	0.09687348094	-0.1958663598	-0.07632779049	0.014576534	0.09561572355	0.09693420517	0.01451127859	0.09637381405	0.09522168792	0.09626556705	0.01288227537	0.01467793364	0.1009954627	0.01783146257	0.09512417765	0.09586353285	-0.1840714102	0.1093572165	0.1080998159	0.09412926167	0.01359949811	0.09583705107	-0.1444043086	0.09575290441	0.01822412378	0.0941855231	0.01342859974	0.0164944154	-0.06543663214	-0.1437786678	-0.1027833438	-0.1157339882	-0.07962985446	-0.1402386806	0.09630552542	0.09463841021	0.09724464278	-0.07925330169	0.09529355118	0.09578379431	-0.1839930165	0.09436864466	0.1004101404	0.09433491031	0.09386834543	-0.07251987501	0.09674076263	-0.1394519029	0.134238658	0.02022666443	-0.1394556671	-0.07060432318	0.1015335191	-0.120152823	0.09527614544	-0.1404649448	0.09828467585	-0.1838739725	0.09532732979	0.09438877088	0.09461981695	0.09596225324	0.098058177	0.1011873367	0.1018911381	0.09872839593	0.01845236489	0.1160020911	0.1096445272	0.1123957728	0.0954849979	-0.1171888807	0.09331988635	-0.06102235035	0.01404458029	0.09652113714	0.01334913954	-0.1296655961	-0.1092779458	0.103355158	0.02017201189	-0.1076224968	0.1022445968	0.1043696251	0.08341612174	0.1015908435	0.01129920385	0.09598648694	0.0956793312	0.02210589019	0.01449086321	-0.1955775604	0.02060276243	-0.04554889826	-0.191981395	0.09643531329	0.0937383541	0.1040157906	-0.1949830371	-0.1387683709	0.01384228255	0.01708073608	0.01449316219	-0.1930843584	0.01988217834	0.01585146373	0.09666151677	0.01363395254	-0.1493160874	-0.1219018319	0.01427960257	0.1005482908	0.09470269223	0.100873419	-0.1412005651	0.09608175261	0.1094352616	0.09652124927	0.01232872183	0.01953569021	0.09526408475	0.09512314837	0.1003586268	0.01518402762	0.1008051845	0.0949125078	0.1005334385	0.09607453574
0.1143992817	0.1126865338	-0.02731239137	-0.03344364602	0.01564560456	0.01481029486	-0.048852849	-0.0654078747	-0.04972505442	-0.04979211111	-0.04913904913	-0.01092766375	0.1146258073	0.1128192859	-0.01168770438	-0.01110608532	-0.01095226558	-0.01152829512	-0.0768603017	-0.07718834223	-0.07164685578	-0.07697916112	-0.08067276304	-0.01090923888	-0.01147815684	-0.07529988047	-0.07687991892	-0.07728765139	-0.07764130284	-0.07699352436	-0.05006046495	-0.02625925811	-0.04830443699	-0.04700025601	-0.0740483659	-0.04919470289	-0.04977140024	0.01618719475	0.01410332016	0.01515322714	0.01518507579	-0.04887264752	-0.0130742554	-0.0249639977	0.0003129724773	-0.1308076827	-0.04871611217	0.01496207974	-0.129118582	-0.0228528707	0.1145088248	-0.07803704504	-0.02881445299	-0.07809994233	-0.02771295576	0.1138205264	0.1144864693	-0.07972190062	0.1127796051	0.1134874724	0.01628028341	-0.0782736896	-0.07813023673	0.1127989644	-0.03307525624	-0.03342687087	-0.03392659134	-0.03381541577	-0.03389073078	-0.0338580011	0.01622945694	-0.04891831494	-0.04891831494	-0.04891831494	-0.07801216351	-0.07789698534	0.1126171636	-0.04933802318	-0.07794790122	-0.1256679823	-0.1203149856	0.01568311642	0.01463109137	-0.07766213711	0.01518003083	0.01563328225	-0.1281798768	-0.04893808269	0.1126780696	0.01426933915	0.0156225325	0.1128845441	0.01339705024	0.01493254388	0.01407431371	0.1123424605	0.1133823902	0.01961939906	0.1175633776	0.01429157381	0.01394400941	-0.1203781941	0.01446846908	0.0132110685	0.01384011763	0.1121086286	0.01446098743	-0.08900078612	0.01301819127	0.1161897945	0.01389637906	0.1112872024	0.1166339253	-0.04633468631	-0.08728822575	-0.02550556433	-0.03927139843	-0.02640017122	-0.08513252297	0.01533705663	0.01360788772	0.01532511934	-0.03542393491	0.01448865897	0.01467946057	-0.120573462	0.01411560773	0.01862648196	0.01346330218	0.01232404238	-0.04699698298	0.01465703241	-0.08418424543	0.02022666443	0.1499895702	-0.08609011893	-0.04837748349	0.01920640076	-0.04532061264	0.01403594675	-0.08614834191	0.01772380192	-0.1195014316	0.0135436713	0.01335824839	0.01318169961	0.01417859475	0.01749730307	0.01967540814	0.01847710025	0.01673965827	0.11791255	0.02024997766	0.01443991789	0.01634629458	0.01342960951	-0.04276426518	0.01364801336	-0.04284582427	0.1133068468	0.01500920855	0.1132169195	-0.07616418298	-0.03390227568	0.01939766027	0.1199777382	-0.03088817718	0.02021484329	0.01980661387	0.0107387302	0.01953545509	0.1233327756	0.01501801815	0.01453889808	0.1215556108	0.1280810032	-0.1279461925	0.118976028	0.008198609888	-0.127022465	0.01665321025	0.01384477344	0.0190451846	-0.1276233991	-0.08567455264	0.1122155481	0.1270025224	0.1117174544	-0.1234855121	0.1201575532	0.1157192437	0.01447026343	0.1122812852	-0.1148357673	-0.04601880137	0.1131963279	0.01835124225	0.0137058816	0.01957116661	-0.08634050248	0.01484155392	0.01318786469	0.01514518564	0.1105958016	0.1176372258	0.01483907577	0.01496986928	0.01710608877	0.1128779684	0.01793460641	0.01367230912	0.01888564494	0.01353514868
-0.08855015773	-0.08836079638	-0.02306778169	-0.02322097853	-0.140270417	0.0270709366	0.08133856955	0.1785774893	0.08209674354	0.08135036209	0.08078063953	0.01356082352	-0.08886709192	-0.08741285451	0.01415943239	0.013246537	0.01299276189	0.01471874603	-0.002645242644	-0.003380878027	0.1874495911	0.2051092718	0.1995193284	0.01430471595	0.01464070983	-0.001220686368	-0.003208319667	-0.003344322239	-0.002028775721	-0.003321925105	0.1456517911	0.1149115865	0.1365854068	0.1358811283	-0.001327821299	0.08126844557	0.08177866782	-0.1411116214	-0.1402936257	-0.141027316	-0.139593769	0.1008833239	0.04633152408	-0.006725298142	0.01823379932	0.3478036329	0.1009039943	-0.1398911673	0.4003542904	0.02500438801	-0.08979926418	-0.00262443349	-0.02192496288	-0.003069693571	-0.02319661617	-0.08872131823	-0.0892161061	0.1804922753	-0.08980860095	-0.08905437221	0.02704641071	-0.002530312369	-0.002692393118	-0.08933528533	-0.02230912895	-0.02211728378	-0.02166594959	-0.02223409877	-0.02285287358	-0.02336360371	-0.1405258994	0.1007017915	0.1007017915	0.1007017915	-0.002965892944	-0.003410196384	-0.08856603145	0.1006896781	-0.003461112262	0.3335005462	0.3226339148	-0.139682237	-0.1400862907	-0.002767753304	-0.1408960008	-0.1407144793	0.400668145	0.1008178887	-0.08932031515	-0.1413990976	-0.1415404187	-0.08911384066	-0.1413966304	-0.1418228125	-0.1418062865	-0.08961710572	-0.09035088549	-0.1398532563	-0.08851095569	-0.1425996475	-0.1413168325	0.3220189152	-0.1420701479	-0.1391577909	-0.1425076439	-0.08988975619	-0.1405281246	0.4969216759	-0.1427104875	-0.08839002438	-0.1402775432	-0.08923061009	-0.086723109	0.1739351943	0.4621567943	0.2102910327	0.2440141841	0.1818879588	0.5131136492	-0.1398885373	-0.1409736294	-0.1415004667	0.3315950436	-0.1409080479	-0.1408531112	0.3234529788	-0.1385272704	-0.1409820383	-0.1415258098	-0.139572895	0.1519068069	-0.1408134857	0.4512816364	-0.1394556671	-0.08609011893	0.6856299598	0.1755607507	-0.1383641453	0.240410539	-0.1412951249	0.5088172044	-0.1407977988	0.3215370282	-0.1414454407	-0.1409177351	-0.1420791423	-0.1416257069	-0.1402091079	-0.1395255173	-0.1393651757	-0.1408308878	-0.08856937812	-0.1391124476	-0.1421795735	-0.1404443098	-0.1415595025	0.2440782747	-0.1374896508	0.1630589013	-0.08774048336	-0.1401157684	-0.08726055051	0.2511416435	0.2223461818	-0.14021086	-0.08691178482	0.2256320102	-0.1390117171	-0.1387149868	-0.1203365681	-0.1388502807	-0.08205864887	-0.142144933	-0.1420492399	-0.08617473675	-0.08886252615	0.3985729962	-0.08601138572	0.0324778265	0.394585842	-0.1385737001	-0.140100116	-0.139884011	0.3989963094	0.2716089878	-0.08920314625	-0.08803889763	-0.08919401077	0.3953854081	-0.08700369972	-0.08937268147	-0.1415462018	-0.08754326034	0.2806061131	0.2223216367	-0.08893792184	-0.1419366028	-0.1427859209	-0.1405808135	0.5171993729	-0.143000722	-0.1409388284	-0.1401906383	-0.08951396688	-0.0888447023	-0.1425289622	-0.1428351795	-0.1385879829	-0.08968890493	-0.1395000747	-0.1422678575	-0.1400435506	-0.1424108205
-0.05054015749	-0.04994320129	-0.0240039665	-0.03004641187	-0.07169080298	-0.0164380333	-0.002522290573	0.1064618978	-0.0009489268818	-0.002102903181	-0.001857436043	-0.02464941333	-0.05031363187	-0.04904240845	-0.02377907455	-0.02333332044	-0.02421936464	-0.02430668051	-0.01744380332	-0.01808647848	0.1174790599	0.1291519222	0.1257595303	-0.02399433018	-0.02479231157	-0.01660561157	-0.01709873042	-0.01777819279	-0.01763837516	-0.01802752556	0.08977364961	0.07262540117	0.08288110444	0.08572182547	-0.0169844764	-0.002320684657	-0.001946327352	-0.07307546715	-0.07185152728	-0.07204010706	-0.07155761478	0.01163492141	-0.00962996558	-0.02428406255	-0.02343157977	0.2307618758	0.0116555918	-0.07144741822	0.2954814187	-0.02144655513	-0.05029474949	-0.01761110495	-0.02421534482	-0.01831875382	-0.02358934119	-0.05003199324	-0.05011918626	0.08200505623	-0.05111927596	-0.05172369672	-0.01551150454	-0.01791523757	-0.01807731832	-0.05037423043	-0.02981388704	-0.02921444702	-0.02980297676	-0.02851607231	-0.02927071207	-0.0295097123	-0.07276147507	0.01145338903	0.01145338903	0.01145338903	-0.01646473065	-0.01689301228	-0.05137122091	0.01212060039	-0.01762325291	0.2154282664	0.1967771151	-0.07191781264	-0.07164254163	-0.01815267851	-0.07313157642	-0.07240659511	0.2950159724	0.01184121613	-0.05117444996	-0.07348143187	-0.07329692553	-0.05136852073	-0.0723628022	-0.07306027781	-0.07326994157	-0.05128831992	-0.05152569555	-0.0722246969	-0.05022922555	-0.07342951798	-0.07260135349	0.1948485899	-0.07378866403	-0.07343134079	-0.07365629992	-0.05051405685	-0.07303543012	0.1850794293	-0.07339130669	-0.04997242929	-0.07228277371	-0.04997339927	-0.0502893829	0.2695989891	0.168656316	0.1565921916	0.1881543212	0.1457627519	0.1813463105	-0.07329984183	-0.07348093499	-0.07305671762	-0.007163414861	-0.07327948849	-0.07385682092	0.1943805442	-0.0711704409	-0.0724024243	-0.07308206072	-0.07280171527	0.2496973852	-0.07177922113	0.1607552354	-0.07060432318	-0.04837748349	0.1755607507	0.5156151985	-0.07168664055	0.1916098857	-0.07448175516	0.1785386123	-0.07384856415	0.1953177575	-0.07404155554	-0.07310625513	-0.07331660763	-0.0730460929	-0.07217295369	-0.07257628267	-0.07214421116	-0.07295019355	-0.05096697273	-0.07148388825	-0.07347747643	-0.0722252349	-0.0736592132	0.1854882953	-0.07067628109	0.2708483709	-0.04931583868	-0.07262307396	-0.04855057015	0.1640465758	0.1697342602	-0.07122365114	-0.04998870418	0.1636454071	-0.07233421232	-0.06986364289	-0.0620433251	-0.07190104602	-0.046581779	-0.07283893859	-0.07306203098	-0.04897992621	-0.04947757907	0.2934136545	-0.04786552053	-0.02361952811	0.2857329354	-0.07136524634	-0.07260779045	-0.07089680206	0.2924930582	0.1883533832	-0.05173660581	-0.04975716749	-0.05113695486	0.2948602147	-0.04980888918	-0.04959643688	-0.07234682937	-0.04968646036	0.2005279201	0.1705249048	-0.05011273189	-0.07294939391	-0.07429511609	-0.07363157885	0.1802221105	-0.07387764819	-0.07258388855	-0.07169983357	-0.05168202156	-0.05001951236	-0.07354175333	-0.07301648356	-0.07104823276	-0.05128382058	-0.0718715153	-0.07382410844	-0.07159980152	-0.07361904301
0.01568507726	0.01682549326	-0.009862063356	-0.01544985821	0.09707866549	-0.03349801304	-0.07909111852	-0.1264125059	-0.07996332394	-0.08030211054	-0.08046423825	-0.04537774673	0.01536814308	0.01478440623	-0.04586605746	-0.0455561683	-0.04648926816	-0.04707298817	-0.03169352384	-0.03229329427	-0.1303511296	-0.1364283949	-0.1372688329	-0.04821248582	-0.04674342952	-0.02945377786	-0.03116968126	-0.03130568383	-0.03229984147	-0.0310115568	-0.1129319574	-0.08953834544	-0.1103793251	-0.1100076134	-0.02983264269	-0.07997643221	-0.08041726461	0.1021134577	0.1020675573	0.101215355	0.09748198936	-0.07707294278	-0.04626254953	-0.01172548314	-0.03049843608	-0.1963381548	-0.07718813734	0.09735585396	-0.1974246725	-0.04031983489	0.01633808011	-0.03273440222	-0.01217931467	-0.03238970466	-0.012300602	0.01510632191	0.01550053499	-0.1204217713	0.0153776887	0.01463740298	-0.03148198905	-0.03174826223	-0.03187653926	0.01571513937	-0.01572308903	-0.01543308306	-0.01531263528	-0.01582162795	-0.01463645426	-0.01477729369	0.09930255592	-0.07739034011	-0.07739034011	-0.07739034011	-0.02890530209	-0.02919771877	0.01512574374	-0.07726658855	-0.0318300687	-0.189352101	-0.182498822	0.09772441082	0.09688900065	-0.03249535925	0.09675861536	0.09721186678	-0.1969941791	-0.07727424291	0.01423559509	0.1069591704	0.0978160508	0.01417033968	0.1064944763	0.09623939851	0.09524530339	0.01421053442	0.01548337546	0.1022849032	0.01721879375	0.09668534804	0.09606605374	-0.1832516183	0.0965905134	0.09496433654	0.09650562176	0.01393788395	0.09631130186	-0.1437906113	0.09609129024	0.01801904981	0.09493150379	0.01384079682	0.01805558579	-0.06706240931	-0.1439099305	-0.1048167158	-0.1174956303	-0.08044044193	-0.1399623485	0.1077848372	0.1060556683	0.1090613197	-0.077754185	0.0957955136	0.09666563995	-0.1838525493	0.09505257165	0.1023789057	0.0956243508	0.09428054252	-0.07400978723	0.09623561693	-0.1402624904	0.1015335191	0.01920640076	-0.1383641453	-0.07168664055	0.1280938403	-0.1208275455	0.09581603147	-0.139237558	0.09957411634	-0.1833259105	0.09580158058	0.09398577826	0.09489614909	0.09657236898	0.09921175254	0.1027485071	0.1018219291	0.1005612962	0.01960594043	0.1032974417	0.09598882318	0.09901179871	0.09582338374	-0.1192222527	0.09346035353	-0.06033842337	0.01500023717	0.1062342045	0.01423098518	-0.1304761836	-0.1110395879	0.1129323604	0.02085593888	-0.1087048142	0.1010884682	0.1012493334	0.08221011599	0.1017933644	0.009537561727	0.09632487278	0.09570988775	0.01982674259	0.01510097894	-0.1966598778	0.02066941837	-0.04432151147	-0.1937430371	0.09643991553	0.09454699684	0.1034769331	-0.1963370844	-0.1389698634	0.01445239828	0.01904950132	0.01395430462	-0.193487351	0.01994883428	0.01551052482	0.09672817271	0.01268750012	-0.1497654415	-0.1232919786	0.0148897183	0.1004732866	0.09480664157	0.1012856161	-0.1413318278	0.09669186835	0.09612509872	0.09699550006	0.01286577812	0.01837956159	0.09628437098	0.09600499401	0.1001535529	0.01484308871	0.1008718404	0.09552262354	0.1011435542	0.09524959816
-0.04655786688	-0.04813474988	-0.03990501429	-0.03706918223	-0.1217827626	0.009010919447	0.03189374889	0.1493765462	0.03319538268	0.03299246103	0.03283033332	0.003516838424	-0.04850518047	-0.04711438943	0.004658907097	0.004153606554	0.003220506696	0.003995436188	-0.01812382575	-0.01899532608	0.1577417655	0.1666457998	0.1673178207	0.004396595808	0.002558750482	-0.01683513442	-0.01759998317	-0.01841531049	-0.01723562892	-0.01920810306	0.1486508413	0.1302743471	0.139247358	0.1440430466	-0.01748572915	0.03291054451	0.03192625231	-0.1226239669	-0.1209907816	-0.1219962017	-0.1219213043	0.04505285055	-0.002265422389	-0.03334480716	-0.003417225038	0.2959946339	0.04507352094	-0.1226262974	0.3575668523	0.002732557399	-0.04807870323	-0.01783128669	-0.04063107098	-0.01868414162	-0.04016971373	-0.04808767688	-0.0484465998	0.1375689723	-0.04740871525	-0.04882832572	0.008578798699	-0.01950340992	-0.01939376077	-0.04842991408	-0.0363913584	-0.03555789263	-0.03615577389	-0.03608230247	-0.03625577828	-0.03680421256	-0.1224458398	0.04487131817	0.04487131817	0.04487131817	-0.01954741746	-0.01875291454	-0.04544651657	0.04526679963	-0.01934729022	0.2790235954	0.2663738453	-0.122633982	-0.122277961	-0.01878979621	-0.1229518061	-0.1210040402	0.3583408533	0.04498741537	-0.04855080885	-0.1237563121	-0.1233244941	-0.04997471377	-0.123482115	-0.1238786178	-0.1238620919	-0.04844000458	-0.0485900201	-0.1215014668	-0.04651866484	-0.1243837229	-0.1231009079	0.2671238948	-0.1237447587	-0.1212135962	-0.1232047997	-0.04816919524	-0.1233991196	0.2461952287	-0.1232115364	-0.04789224799	-0.1233728436	-0.0487013415	-0.04744811716	0.1864447909	0.2280715063	0.3804039717	0.4067904158	0.163012752	0.2392199307	-0.1226236674	-0.1233011647	-0.1234860424	0.05034966614	-0.1241463333	-0.1239958362	0.2658451455	-0.1202736417	-0.1211357344	-0.1230381554	-0.1228811641	0.168492352	-0.1216465065	0.2182683164	-0.120152823	-0.04532061264	0.240410539	0.1916098857	-0.1208275455	0.6182609869	-0.1251828098	0.2446999945	-0.123261199	0.2666420078	-0.1233653811	-0.1237887302	-0.1226404332	-0.1232739174	-0.1219931834	-0.1211737278	-0.1212851161	-0.122681614	-0.04752814192	-0.1214399829	-0.1223629488	-0.1218207903	-0.1241587676	0.4066941728	-0.1196813211	0.1794464169	-0.04737857192	-0.1238019531	-0.04662062497	0.2496571503	0.392739182	-0.1218590705	-0.04654987338	0.3794411551	-0.1207957925	-0.1198197375	-0.1079493781	-0.1215854108	-0.041998039	-0.1235214136	-0.1231539906	-0.0452693655	-0.04863647965	0.3563290179	-0.04510601448	0.01115705054	0.3489296383	-0.1210371003	-0.1226856343	-0.1207170317	0.3537633022	0.2699229944	-0.04979228946	-0.04645420163	-0.05087007358	0.3566034225	-0.04650592332	-0.04738039062	-0.1225150875	-0.04753071591	0.2411762389	0.3602416654	-0.04925533514	-0.1230413535	-0.1244997666	-0.1223648889	0.2453436287	-0.1249206624	-0.122315309	-0.1218388488	-0.04931759962	-0.04658068156	-0.123361983	-0.1232093356	-0.1214589779	-0.04910653338	-0.1211482852	-0.1248671227	-0.1226428158	-0.1232740329
0.01750937095	0.01824219211	-0.01177175856	-0.01545744411	0.09931055403	-0.03241867934	-0.08133960616	-0.1279146062	-0.08155133889	-0.08134666569	-0.08117142826	-0.04710162663	0.01913064546	0.01665865027	-0.04745407241	-0.04741591316	-0.04685449856	-0.04756639305	-0.03209034049	-0.03184333497	-0.1336034514	-0.1400124612	-0.1395361726	-0.04749079662	-0.04765211973	-0.03408077207	-0.03240005171	-0.03262196889	-0.03243216053	-0.0321060623	-0.1152492475	-0.09289260474	-0.1114238802	-0.1117314933	-0.034187907	-0.08142858222	-0.08173354966	0.09971025303	0.09972998793	0.09828437546	0.09920581604	-0.07893268764	-0.04741633869	-0.0159448825	-0.02989375976	-0.1998782294	-0.07891201725	0.09945187756	-0.1994702326	-0.04134870516	0.0173471841	-0.03299571256	-0.01171367048	-0.03292238627	-0.01169909286	0.0182892651	0.01786828848	-0.122689111	0.0169145676	0.01829817073	-0.03228897619	-0.03284276774	-0.03305695937	0.01788139267	-0.01590424403	-0.01489720916	-0.01458173992	-0.0151498891	-0.01508933916	-0.01492074454	0.09936060526	-0.07911422001	-0.07911422001	-0.07911422001	-0.0305432674	-0.03015635933	0.01902831612	-0.0791263334	-0.03251697936	-0.1921442775	-0.1870841972	0.09908599463	0.09917083954	-0.03250294515	0.099719779	0.09849270067	-0.1991301022	-0.07899812282	0.01728267333	0.1003598371	0.100863129	0.01845856657	0.09926576868	0.09982993655	0.09926180038	0.01721879411	0.01648296866	0.1097498896	0.01503736865	0.1134547863	0.09911313198	-0.1871493374	0.0988723523	0.09822864123	0.1125957352	0.01712082714	0.1011246245	-0.1468211535	0.09913836849	0.0156814804	0.09848355179	0.01727072674	0.01376595672	-0.07012925383	-0.1445312059	-0.1102588997	-0.1210357049	-0.08493157119	-0.1427574631	0.0986040699	0.09848959549	0.1003244496	-0.07701681091	0.09852525177	0.0991692584	-0.187392624	0.09512286719	0.09550784257	0.09868237511	0.09814281046	-0.07354414304	0.1017125794	-0.1412913607	0.09527614544	0.01403594675	-0.1412951249	-0.07448175516	0.09581603147	-0.1251828098	0.1254114414	-0.1417609427	0.09723654693	-0.1866801698	0.1142013982	0.1117062711	0.1119872676	0.1145645918	0.109867268	0.1103993088	0.1083358608	0.1095864323	0.01490871651	0.09527382378	0.09976517652	0.09694595919	0.1002291115	-0.1237133819	0.09343248827	-0.06408459264	0.01811754513	0.100450061	0.01661710277	-0.1329293386	-0.1153948522	0.09580579078	0.01527789001	-0.1138752682	0.09528863975	0.09539955468	0.08198075054	0.09472080105	0.01188963033	0.09923608607	0.09789196108	0.01482825292	0.01738281784	-0.1989771679	0.01454790971	-0.04364977262	-0.1961961921	0.09505340076	0.09826893602	0.09823624936	-0.1982467796	-0.1411852159	0.01817880128	0.0151674671	0.01734191519	-0.1958046411	0.01442073577	0.01779236371	0.1023750491	0.01795836792	-0.1530540655	-0.1254373043	0.01739333675	0.09829186147	0.09979213143	0.09625102703	-0.1435834827	0.09994504125	0.09849285221	0.0966959049	0.01644063127	0.01313887787	0.09973646844	0.09968829839	0.09837829532	0.01821316665	0.09651657613	0.101608681	0.1101686903	0.1127747649
-0.08860838071	-0.08855488431	-0.02353359951	-0.02409439121	-0.1410079647	0.02877895798	0.08141621152	0.1774323467	0.08231025046	0.08156386902	0.0811300114	0.009834246884	-0.08892531489	-0.08725789311	0.01016112586	0.009655825313	0.008994455355	0.0104487096	-0.001208951167	-0.002488046352	0.1932367958	0.2104651694	0.2091075169	0.01084986922	0.01023480844	-0.0007296816916	-0.002587217892	-0.002315625614	-0.001543538897	-0.00270082333	0.1466804878	0.1149892285	0.1378858333	0.1397629889	-0.0005650867227	0.08175368239	0.08186015503	-0.1419850341	-0.1404877137	-0.1416289987	-0.1411465065	0.09919472149	0.0462733011	-0.008278035571	0.01980595575	0.3509927104	0.09921539188	-0.1410363099	0.4028775015	0.02453857019	-0.08931402736	-0.001459871914	-0.02334183536	-0.002312726846	-0.0242058938	-0.08877954121	-0.08913846413	0.1822002967	-0.08986682392	-0.08965605499	0.02861856713	-0.001909210594	-0.001799561442	-0.08925764335	-0.02368829728	-0.02353415626	-0.02263752307	-0.02310751145	-0.02382444706	-0.02423701639	-0.1413993121	0.09901318912	0.09901318912	0.09901318912	-0.002208926219	-0.002653229659	-0.08889598433	0.09886521078	-0.002296550687	0.3324912686	0.3214887722	-0.1409632445	-0.1405521086	-0.002418381429	-0.1417694134	-0.1419954868	0.4025120314	0.09912928631	-0.08951440308	-0.1417290505	-0.1417345066	-0.08835687394	-0.1413189884	-0.1422886303	-0.1426326435	-0.09035465345	-0.08986564866	-0.1411342638	-0.08884090857	-0.1433371952	-0.1419185153	0.3211455025	-0.1426718306	-0.1401670685	-0.1429734617	-0.08967624927	-0.1412656723	0.5016187262	-0.1433121703	-0.08831238241	-0.1407433611	-0.08909179669	-0.08678133198	0.1740128362	0.4645441405	0.2101748305	0.2438258641	0.178704842	0.5095287053	-0.14076195	-0.1414394473	-0.1421021495	0.3339823897	-0.1413738657	-0.141454794	0.3225351517	-0.139091249	-0.1414478562	-0.1418557627	-0.1397669829	0.1610874005	-0.1410075736	0.4586959857	-0.1404649448	-0.08614834191	0.5088172044	0.1785386123	-0.139237558	0.2446999945	-0.1417609427	0.6893179773	-0.1418070764	0.3205277505	-0.1421829884	-0.141383553	-0.1426808251	-0.1418197949	-0.1412183856	-0.1409423898	-0.1407820482	-0.1417043005	-0.08835587119	-0.1394424005	-0.1427342006	-0.1412824745	-0.1420253203	0.2404933308	-0.1383630635	0.1670766268	-0.08766284139	-0.141125046	-0.08718290853	0.259689968	0.2235107434	-0.140269083	-0.0872417377	0.2240850406	-0.1401568596	-0.1395883995	-0.1205469786	-0.1393160985	-0.08162106136	-0.1427466158	-0.1422433278	-0.08664055458	-0.08887369346	0.4012320722	-0.0871565283	0.03364238807	0.3989223531	-0.1387677881	-0.1406406274	-0.1410291535	0.4015195205	0.2757484791	-0.08923110547	-0.08782539071	-0.08870877395	0.3980444841	-0.08746951754	-0.08915917455	-0.1424196144	-0.08705802352	0.2808221835	0.2276980117	-0.08926787471	-0.1426741505	-0.1433876036	-0.1410466313	0.5108971301	-0.1436024048	-0.141812241	-0.141199916	-0.08902873005	-0.08903879023	-0.14299478	-0.1433898066	-0.1395972605	-0.08974712791	-0.1406452173	-0.1431412702	-0.1403735035	-0.1427407734
0.01637631761	0.01656567897	-0.01188812201	-0.01557380756	0.09722644604	-0.03457301704	-0.08070958232	-0.1271548971	-0.08144592279	-0.08096951968	-0.0808599175	-0.04686034558	0.01551592363	0.01493218678	-0.04639760166	-0.0469029022	-0.04647735256	-0.04801212722	-0.03108819808	-0.03146618897	-0.1311544037	-0.1379109938	-0.1386155668	-0.04792884031	-0.04659564897	-0.03066464681	-0.03102190071	-0.03142963318	-0.03300606917	-0.03086377624	-0.1155014759	-0.09210786389	-0.1111825992	-0.1117619422	-0.03063591679	-0.08173076096	-0.08149226861	0.09750596498	0.0976446359	0.09823824172	0.09766516785	-0.07841967668	-0.04737655783	-0.01443086654	-0.03075825038	-0.1990435382	-0.07839900629	0.09709603967	-0.1994507311	-0.04003618939	0.01594240086	-0.03264808439	-0.01230326402	-0.03219197376	-0.0128321462	0.01566169731	0.01646350525	-0.1214967753	0.01552546925	0.01627969798	-0.03346067299	-0.03146461673	-0.03186462366	0.01572705497	-0.01534128273	-0.0150135726	-0.01496983327	-0.01580971235	-0.01506983766	-0.01435778323	0.09686890241	-0.07860120906	-0.07860120906	-0.07860120906	-0.02943684629	-0.02918580317	0.01504209883	-0.07861332245	-0.03222574795	-0.1914454512	-0.1858835301	0.09618669694	0.0970367812	-0.03180411889	0.09772158561	0.09735964733	-0.1991561027	-0.07862097681	0.01479097049	0.09610188995	0.09897927698	0.01504739533	0.09631652064	0.09638717906	0.1113392335	0.01336844176	0.0158073254	0.1012098992	0.01750243926	0.09724072344	0.09648556419	-0.1858211367	0.09633069911	0.09507329853	0.09719686211	0.01367806965	0.09768186696	-0.1454090751	0.1115918102	0.01721577571	0.09426409464	0.01439617223	0.01725231169	-0.06854500816	-0.1451207995	-0.1076579641	-0.1187064992	-0.08382515008	-0.142396002	0.09774274646	0.09628530745	0.09684538976	-0.07869332405	0.09666292334	0.0959982308	-0.185793372	0.09570610786	0.09967352229	0.09586899202	0.1101886573	-0.07603584588	0.09760618204	-0.1418809542	0.09828467585	0.01772380192	-0.1407977988	-0.07384856415	0.09957411634	-0.123261199	0.09723654693	-0.1418070764	0.1260796972	-0.1858954289	0.09757974053	0.09685085782	0.09694603894	0.09848639389	0.1005823176	0.1023528279	0.09925241067	0.1015242665	0.01676469208	0.1011355181	0.09722352333	0.09915957926	0.1120032284	-0.1207048515	0.09442332379	-0.0631175071	0.01569147753	0.09673557363	0.01293420163	-0.1322305123	-0.1125221868	0.1007164305	0.01828642042	-0.1107308728	0.09919827447	0.09827222014	0.08157410959	0.1000390356	0.01077226188	0.09592919353	0.09721631781	0.01657789939	0.0163356791	-0.1986859365	0.01796403497	-0.04471719072	-0.195717826	0.09808221053	0.09523823719	0.1021301992	-0.1984458156	-0.1408600571	0.01514363864	0.01878968702	0.01437381507	-0.1954480407	0.01833037048	0.01565830537	0.09828455311	0.01371486134	-0.1517915001	-0.1249104424	0.01476576896	0.1157020766	0.111801676	0.1159709463	-0.1429502916	0.1125999831	0.09532182462	0.1127677499	0.01349421298	0.018934937	0.1119181802	0.1119528662	0.101524118	0.01539846411	0.1139267913	0.1118383332	0.1018347946	0.09788325225
-0.1227785919	-0.1223175006	-0.04615528989	-0.04644435168	-0.1860473719	-0.001435567891	0.09901054642	0.2806824831	0.09990458536	0.09942993381	0.09777329165	0.01139651765	-0.1226879312	-0.119891435	0.01063647702	0.01094636618	0.01096432097	0.01201098037	0.004114528327	0.003557767773	0.3036971214	0.3259059808	0.3351643797	0.01241213999	0.01166121426	0.006127495211	0.003594461183	0.004001918412	0.004774005129	0.003209125845	0.3468805201	0.2376103743	0.3297981037	0.3314035294	0.006018419352	0.09948388224	0.09931477974	-0.1866168464	-0.1859347157	-0.1858845696	-0.1855065889	0.1278097191	0.02952648808	-0.03022040119	-0.0002639798107	0.6052941304	0.1276945245	-0.1859398521	0.5979302675	0.01061544099	-0.1217179942	0.005129402012	-0.04640585298	0.00432649743	-0.04777863883	-0.1226780225	-0.1224934856	0.3716637936	-0.1225425206	-0.1226034816	-0.003040522842	0.00372900868	0.003431062981	-0.1222050699	-0.04621182685	-0.04683517138	-0.046927297	-0.04654439153	-0.04716316634	-0.04645111191	-0.1857593945	0.1274923218	0.1274923218	0.1274923218	0.003956731047	0.003815781034	-0.1222510058	0.131148562	0.002936014665	0.6950704244	0.8661032491	-0.186305735	-0.1865425704	0.004170892497	-0.1864012258	-0.1859479743	0.5989824982	0.1296463932	-0.1225976946	-0.1858470822	-0.1868383048	-0.1224771347	-0.1857087501	-0.1871921725	-0.1866710457	-0.1224868903	-0.1236596184	-0.1844074266	-0.1212448754	-0.1875614127	-0.1862785977	0.8931954241	-0.1866507185	-0.1822174468	-0.1874694091	-0.1228954058	-0.1853540248	0.3440331067	-0.1879439826	-0.1219391338	-0.1850560189	-0.1224018038	-0.1195928936	0.175575107	0.3469684516	0.2082625918	0.2513604248	0.1789084633	0.3227919889	-0.1863448169	-0.1853919348	-0.186935462	0.1090733901	-0.186005678	-0.1864942012	0.8918340327	-0.1821246182	-0.1859438035	-0.1859441152	-0.1853795291	0.2049036708	-0.185367656	0.3287565864	-0.1838739725	-0.1195014316	0.3215370282	0.1953177575	-0.1833259105	0.2666420078	-0.1866801698	0.3205277505	-0.1858954289	0.9221917994	-0.186135476	-0.1864229601	-0.1869050425	-0.1882178515	-0.1859860628	-0.1853024722	-0.1837834811	-0.1864719777	-0.1195370534	-0.1831231582	-0.1861729076	-0.1854060749	-0.1872005924	0.2582177628	-0.1805493067	0.1598076758	-0.1218330525	-0.1863003181	-0.1207861098	0.309891891	0.2253530754	-0.1849008953	-0.1204608942	0.2287664374	-0.1835658874	-0.1829974273	-0.1577885905	-0.183540316	-0.1111506068	-0.1860197786	-0.185683709	-0.117414142	-0.12209285	0.59927524	-0.1195604951	0.01591183591	0.5868813707	-0.1827202756	-0.1857886305	-0.1829436668	0.5936441404	0.3448981693	-0.1220729309	-0.1219956019	-0.1221996603	0.5864366631	-0.1202810792	-0.1214586298	-0.1852352321	-0.1198757483	0.7867618995	0.2871413148	-0.1228946261	-0.1864907731	-0.1871339965	-0.184727389	0.3271494426	-0.1867397027	-0.184677809	-0.1840654839	-0.1209189163	-0.1217144869	-0.1873548625	-0.1869693441	-0.1847725326	-0.1232380143	-0.1844618399	-0.1866861629	-0.187179155	-0.1864215311
0.0165438654	0.01795601131	-0.01104124946	-0.01499866491	0.09916023818	-0.0318240352	-0.08081376443	-0.1277275569	-0.08032732034	-0.08107370179	-0.08042063981	-0.04710039264	0.01840077042	0.0164484021	-0.04731697347	-0.04673535441	-0.04725445069	-0.04675765982	-0.03187875057	-0.03170623603	-0.1326172353	-0.1388540779	-0.1392632087	-0.04721783272	-0.04697156098	-0.03443718258	-0.03234886737	-0.03234900499	-0.03243092653	-0.0324624728	-0.1135676837	-0.092212046	-0.1099281318	-0.1109150696	-0.03535950721	-0.08074161474	-0.08091071724	0.0982233813	0.09898626194	0.09854165446	0.0987837703	-0.07933904849	-0.04649700079	-0.01752407756	-0.02963964794	-0.1996911801	-0.0793183781	0.09970915656	-0.1992831833	-0.0409555612	0.01651754351	-0.03226520347	-0.01005483726	-0.03248197117	-0.01144181385	0.01732375956	0.01785383759	-0.1209216327	0.01746567012	0.01699070557	-0.03225615595	-0.03224812359	-0.03305572537	0.01820430691	-0.01459257099	-0.01538948462	-0.01517217618	-0.01645735426	-0.01513631562	-0.01500542514	0.09812336981	-0.07952058087	-0.07952058087	-0.07952058087	-0.03103554285	-0.03051276983	0.01693558654	-0.07939682931	-0.03205820016	-0.1912106118	-0.1866753683	0.09879981384	0.09734019394	-0.03299522061	0.09802499835	0.09888584462	-0.1988526899	-0.07940448367	0.01821927709	0.09912260169	0.1000334885	0.01706710207	0.09879377258	0.1000872156	0.09928244978	0.01747607311	0.0174290832	0.1099369388	0.01440922824	0.1133044704	0.09882695118	-0.1866046436	0.09907968095	0.09931679483	0.1127171493	0.01683464635	0.1019253633	-0.1466001768	0.100694055	0.01480188945	0.09823586104	0.01734219044	0.01375150583	-0.07027956967	-0.1449532517	-0.1092566607	-0.1205769257	-0.08501625179	-0.1423643191	0.09709510455	0.09944188414	0.09905091181	-0.07716712676	0.09896400589	0.09916121622	-0.1867127438	0.09509617009	0.09603685147	0.09807451406	0.09894354927	-0.07410205374	0.1004910288	-0.1418492714	0.09532732979	0.0135436713	-0.1414454407	-0.07404155554	0.09580158058	-0.1233653811	0.1142013982	-0.1421829884	0.09757974053	-0.186135476	0.1254640405	0.1114264991	0.1135532457	0.1137349512	0.1099886821	0.1094494881	0.1097456947	0.1103871711	0.01380734601	0.09437395347	0.1008347505	0.09711803986	0.09967120079	-0.1227111429	0.09445500663	-0.06423490848	0.01721767482	0.09948455547	0.01672015273	-0.1326952336	-0.1146643431	0.09585697513	0.01519320941	-0.1130088941	0.09528987375	0.09463554932	0.08211784949	0.09436439055	0.01184404691	0.09881404033	0.0987425151	0.01375641828	0.01777306711	-0.1986542536	0.01405563425	-0.04468550788	-0.1959108174	0.09458140467	0.09755235522	0.09754247371	-0.1981955953	-0.1401490495	0.01857194523	0.0154247461	0.01671520207	-0.1954163578	0.01469369966	0.01786382742	0.1017987743	0.01789396667	-0.1516553888	-0.1248787595	0.01602023635	0.09779958602	0.09974137822	0.09670980622	-0.1440055284	0.09904517095	0.09888599617	0.09609445258	0.01657773022	0.01448307648	0.09904269279	0.09983840401	0.0980233121	0.01665293151	0.09683949038	0.1004573602	0.1093390497	0.1117328556
0.01622257754	0.01627607395	-0.01272118683	-0.01423303317	0.09763423491	-0.03282464781	-0.08001432897	-0.1271389685	-0.07993547973	-0.07932321168	-0.07962120434	-0.0466064908	0.01672083306	0.01666416532	-0.04655134173	-0.04651318247	-0.04554417302	-0.04653548788	-0.03165657863	-0.03189165894	-0.1318177999	-0.1373572023	-0.1374657132	-0.04618047108	-0.04647765914	-0.03445293682	-0.03171910058	-0.0328061578	-0.03193702469	-0.03210443591	-0.1149758912	-0.09375611841	-0.1102861119	-0.1108287627	-0.03401661195	-0.07940512821	-0.0790307709	0.09884673936	0.09866497407	0.09808450165	0.09751142778	-0.07731682848	-0.0445085845	-0.01770950047	-0.0288740162	-0.1987558797	-0.07729615809	0.0991161388	-0.1979402881	-0.04110718039	0.01578866079	-0.03082024697	-0.01010439522	-0.03171633943	-0.009181667659	0.01577968714	0.01569249413	-0.1212091168	0.01718433503	0.01680528266	-0.03339263351	-0.03242513601	-0.03215422868	0.01652436955	-0.0152232929	-0.01503144772	-0.01525943829	-0.01474066787	-0.01481598288	-0.01519084805	0.09657929739	-0.07749836086	-0.07749836086	-0.07749836086	-0.02918299151	-0.02997186258	0.01661429868	-0.0773746093	-0.03251535297	-0.1910219278	-0.1869628525	0.09793506618	0.09810582569	-0.03277304867	0.09702438574	0.09734177221	-0.1976456596	-0.07738226366	0.01694693458	0.09852958393	0.09808182119	0.01565889461	0.09928767442	0.09908660294	0.09949821299	0.0164754605	0.01520568604	0.1083928664	0.01381621048	0.1131190475	0.09769047362	-0.1864845329	0.09959169812	0.09831618222	0.113482781	0.01569816879	0.099973696	-0.1456986801	0.09955757743	0.01475233149	0.09954495258	0.01587281156	0.01315848807	-0.06839321461	-0.1438820863	-0.109000685	-0.1197774902	-0.084386485	-0.1419724785	0.09731727649	0.09871300143	0.09723510949	-0.07667322492	0.09809925823	0.09774660004	-0.1865926331	0.09663928739	0.09503623886	0.09788909115	0.09916572121	-0.07332676335	0.1005035246	-0.1409477747	0.09438877088	0.01335824839	-0.1409177351	-0.07310625513	0.09398577826	-0.1237887302	0.1117062711	-0.141383553	0.09685085782	-0.1864229601	0.1114264991	0.1253730327	0.112960228	0.1130060684	0.1096673942	0.1092640652	0.1082016223	0.1100658832	0.0133501932	0.09513958522	0.09929067813	0.09710228562	0.09799126342	-0.1216399776	0.09508477342	-0.06316374312	0.01811917151	0.1001143223	0.01711087411	-0.1319296019	-0.1141366376	0.09539982232	0.0139208669	-0.1128887834	0.09374580134	0.09322734186	0.08318901485	0.09353344661	0.01367544946	0.09890034732	0.09828536229	0.01248407576	0.0167724545	-0.1974472233	0.01305502164	-0.04364814624	-0.1948909218	0.09426011681	0.09831886924	0.0965418611	-0.196988565	-0.1389758229	0.01743546767	0.01442413349	0.01720910391	-0.1946169224	0.0135572221	0.01645561996	0.1006622967	0.01757267881	-0.1511428455	-0.123433803	0.01569894849	0.09693483836	0.09961800901	0.09543746371	-0.142934363	0.09819853861	0.09992335781	0.09726127045	0.01687296161	0.01334659892	0.09940914018	0.0993812512	0.09729442939	0.01796202305	0.09583887777	0.1005436672	0.1090177618	0.1122972534
0.01631775867	0.01677884992	-0.01194668095	-0.01576823145	0.09893413145	-0.03354465639	-0.08103987117	-0.1284362406	-0.08068929203	-0.08089221368	-0.08064674654	-0.04719063443	0.01885398844	0.01648761654	-0.04713548535	-0.04723319105	-0.0465359115	-0.04657617171	-0.03250540653	-0.03274753246	-0.1327074771	-0.1373139403	-0.1383553904	-0.04717220956	-0.04679007287	-0.03507088416	-0.032846704	-0.03284684163	-0.03211357347	-0.03323203934	-0.1135220606	-0.09148709808	-0.108931454	-0.1099183918	-0.03558561395	-0.08124586011	-0.0808715028	0.09867019059	0.09916775005	0.09858727763	0.09774247386	-0.07888583048	-0.04685897248	-0.01870123895	-0.03024367029	-0.199509692	-0.07900102504	0.09961891478	-0.1988299653	-0.04145339784	0.01710662647	-0.0327630401	-0.01113903841	-0.03265812756	-0.01044513604	0.01791284252	0.01796151445	-0.1206042796	0.01750488456	0.01690046379	-0.03324750204	-0.03288182518	-0.0319231826	0.01770647028	-0.01539984167	-0.0146645367	-0.01516425716	-0.01478135169	-0.01526426156	-0.01509566693	0.09789726307	-0.0792032278	-0.0792032278	-0.0792032278	-0.03031059494	-0.03028427631	0.01783670384	-0.0792153412	-0.0328277667	-0.1915725835	-0.1882601246	0.09862882213	0.09928792641	-0.03335719229	0.09929340607	0.09988252244	-0.1985353369	-0.07922299556	0.0181290353	0.1000130938	0.1006869624	0.01689094569	0.09764629043	0.09999697377	0.09964334447	0.01792929112	0.0175150108	0.1082163177	0.01418312151	0.1133500936	0.0990084393	-0.1875100751	0.09858184431	0.09868309324	0.1135779621	0.01674440456	0.1000688771	-0.1479132031	0.1003320833	0.01471164766	0.09778544896	0.01741749284	0.01447645374	-0.06941875681	-0.1451793584	-0.107988253	-0.119172653	-0.08497062863	-0.1435414805	0.09785530045	0.1000309671	0.09896067002	-0.07834428815	0.09864233864	0.09797764611	-0.1873464454	0.09687033346	0.09608247463	0.09825600217	0.1001256383	-0.07296951097	0.1001911109	-0.1419395131	0.09461981695	0.01318169961	-0.1420791423	-0.07331660763	0.09489614909	-0.1226404332	0.1119872676	-0.1426808251	0.09694603894	-0.1869050425	0.1135532457	0.112960228	0.1255549845	0.1129653846	0.1103060351	0.1096309762	0.1077533436	0.1105686592	0.01330950938	0.09469130654	0.09941553849	0.09825058263	0.0998526889	-0.1199482208	0.09601703717	-0.06399125574	0.01726329799	0.09885085389	0.01725600558	-0.1325137455	-0.1140752602	0.09563086839	0.01455950782	-0.1121480813	0.09424857731	0.09400184774	0.08243520255	0.09400241886	0.01356686689	0.09804447379	0.09851640836	0.01312271669	0.01809042017	-0.1986086305	0.01301433781	-0.04300950531	-0.1955934643	0.09559997541	0.09869952713	0.09758809688	-0.1978782422	-0.1402392912	0.0186175684	0.01614969402	0.01771187988	-0.1950285088	0.01378826818	0.01804531553	0.09958464367	0.01773225091	-0.1516526704	-0.1241538116	0.01606585951	0.09716588443	0.09984905509	0.09634783454	-0.1447750949	0.09963425391	0.09893161933	0.09871510107	0.01808474157	0.01317005014	0.09963177575	0.1003415724	0.09684615071	0.01715741931	0.09552646404	0.1006388483	0.108977078	0.1118187832
0.01717878886	0.01791161001	-0.01176497551	-0.01504306621	0.09857237708	-0.03309122105	-0.08058643583	-0.1280436881	-0.08091518144	-0.08071050824	-0.0810085009	-0.04714479394	0.01808463923	0.01614225288	-0.04681791496	-0.04718735056	-0.04703353081	-0.04720965597	-0.03205901682	-0.03175063732	-0.133064681	-0.1391702091	-0.1393030595	-0.04794155877	-0.04728769218	-0.03380225912	-0.03198567381	-0.03239340629	-0.03369811238	-0.0319634143	-0.1153783294	-0.093071637	-0.1110594527	-0.1110953359	-0.03390939405	-0.08065655982	-0.08123325716	0.09844430118	0.09921359054	0.09931244287	0.0984676391	-0.08033450444	-0.04643822163	-0.01756847886	-0.03022750903	-0.200822501	-0.08031383405	0.09993648517	-0.2000069094	-0.0412716924	0.01756006181	-0.03285306456	-0.01200134786	-0.03225464257	-0.01121448525	0.01700762836	0.01808116619	-0.1216453587	0.01673553534	0.01762562903	-0.03365920675	-0.03202079499	-0.03310012667	0.01843163552	-0.01576159603	-0.01461869621	-0.01525428163	-0.01378445655	-0.01440323137	-0.01504982644	0.09862242831	-0.08051603682	-0.08051603682	-0.08051603682	-0.0298571596	-0.02974198143	0.01838569969	-0.08039228526	-0.03210260146	-0.1927495276	-0.1886218789	0.09929887234	0.0993337669	-0.0324961621	0.09920338161	0.09843384848	-0.199576416	-0.08039993962	0.01776728094	0.09880647049	0.100461073	0.01783789048	0.09970042594	0.09895589466	0.09999977379	0.01702407696	0.01697708706	0.1101642675	0.01422896199	0.1120372846	0.09919014474	-0.1882794243	0.09822008995	0.09818547393	0.1122651531	0.0174695698	0.09984298771	-0.1465087132	0.1003023008	0.01584440775	0.09819145974	0.01723661772	0.01370710453	-0.06923705137	-0.1445855076	-0.1084221252	-0.1198061373	-0.08506065309	-0.1420011256	0.09840935275	0.09790296839	0.09819132081	-0.07761912291	0.09796854995	0.0999255959	-0.1886592544	0.0956933894	0.09626418007	0.09898116741	0.09876328302	-0.07360299524	0.1013976822	-0.1416173922	0.09596225324	0.01417859475	-0.1416257069	-0.0730460929	0.09657236898	-0.1232739174	0.1145645918	-0.1418197949	0.09848639389	-0.1882178515	0.1137349512	0.1130060684	0.1129653846	0.1246956108	0.1095366859	0.1098126817	0.1092936985	0.1103427698	0.01484986432	0.09650339138	0.1000639688	0.0983316711	0.09853987989	-0.1213968947	0.09441060533	-0.06346412008	0.01798846323	0.1001194789	0.01681161638	-0.1327866906	-0.1134859599	0.09594843878	0.01474121326	-0.1118305109	0.0948378776	0.09513460783	0.0820013303	0.0941841243	0.01216109765	0.09904136893	0.098154654	0.01384788193	0.01700228539	-0.1996497096	0.01455469276	-0.04350712462	-0.1966815991	0.09467286832	0.09794281774	0.09844912707	-0.1987834564	-0.1401934508	0.01893513879	0.01578793966	0.01748599047	-0.1966130477	0.01505689322	0.01822702097	0.1002598586	0.01750636149	-0.1518971788	-0.1235645113	0.0169268897	0.09789104967	0.1006480316	0.09652953998	-0.1436423348	0.0996800944	0.1004719743	0.09713056216	0.01592706362	0.01416694528	0.09994934614	0.1001545419	0.09784304585	0.01755958486	0.09652335918	0.1002770939	0.110381568	0.1116884543
0.01574222391	0.01498053061	-0.01279394561	-0.01539271155	0.09645648739	-0.03371259629	-0.08039262137	-0.1267020712	-0.08031377213	-0.08038082883	-0.07999949674	-0.04667538612	0.01542528973	0.01504983642	-0.04811861496	-0.0475369959	-0.04765490606	-0.04742343637	-0.03177224213	-0.03169268782	-0.1308374428	-0.1374818802	-0.1384344708	-0.04829120411	-0.04777320247	-0.03075528071	-0.03152012946	-0.03179199698	-0.03173805357	-0.03163373489	-0.1146410551	-0.09070398333	-0.1103221784	-0.1109015214	-0.03154174039	-0.08005515051	-0.08036011795	0.09768706098	0.0978257319	0.09760414802	0.09767500096	-0.07769512088	-0.04647713278	-0.01438563549	-0.03044128943	-0.1983189824	-0.07781031544	0.09686954082	-0.1984544454	-0.03944749854	0.01517244221	-0.03232605749	-0.01293735772	-0.03206082811	-0.0129227801	0.01489173866	0.01528595174	-0.1218591391	0.0142584123	0.01537387438	-0.03278606754	-0.03250630528	-0.03249871736	0.01522882622	-0.01593767228	-0.01578353126	-0.01579894843	-0.0157644813	-0.01512276741	-0.01594293159	0.09677826851	-0.07801251821	-0.07801251821	-0.07801251821	-0.02993507504	-0.02995576182	0.01454387008	-0.07761703675	-0.0316370571	-0.1907208954	-0.1863900902	0.0975905775	0.0972178772	-0.03243821259	0.09831027647	0.09794833818	-0.1982956819	-0.07776055606	0.01388514689	0.09628298595	0.09896011706	0.01422748633	0.09595415684	0.09643241011	0.09747628924	0.01382126766	0.01449390694	0.1136188407	0.01849872496	0.1116876392	0.09557974059	-0.1859117706	0.09691938996	0.09471093473	0.1104209933	0.012908111	0.09745536811	-0.145363844	0.0969636266	0.01766860161	0.09539624529	0.013687385	0.0187920572	-0.06754872246	-0.1449397035	-0.1065258135	-0.1177102135	-0.08310059428	-0.1416714462	0.09765211256	0.09565121375	0.09716621417	-0.07796876825	0.09684401934	0.095635867	-0.185612276	0.09633250286	0.09999048324	0.09459457786	0.09612380057	-0.07449610038	0.09860246774	-0.1414281283	0.098058177	0.01749730307	-0.1402091079	-0.07217295369	0.09921175254	-0.1219931834	0.109867268	-0.1412183856	0.1005823176	-0.1859860628	0.1099886821	0.1096673942	0.1103060351	0.1095366859	0.1284798635	0.1143541745	0.1128841367	0.1156994524	0.01653819323	0.09873518009	0.09604596983	0.09920481031	0.09819023454	-0.1195727009	0.09666428697	-0.06204752107	0.01397046423	0.09650907478	0.01347294213	-0.130283172	-0.1123410908	0.1006257966	0.01846751643	-0.110006317	0.09910764057	0.09858918109	0.08395467969	0.09804629241	0.01220113646	0.09488750498	0.0946801148	0.01621553559	0.01447880085	-0.1979613807	0.01732994127	-0.04480782462	-0.1946369451	0.09842106441	0.09561636957	0.1017678354	-0.1972309924	-0.1391844466	0.01396608514	0.01924251292	0.01319626157	-0.1946529889	0.01769627678	0.01461661682	0.09787223896	0.01369570142	-0.1515025189	-0.1237782917	0.01399581031	0.1020249477	0.09839627693	0.1012068978	-0.1426333307	0.09770006965	0.09550292062	0.1003134055	0.01435463373	0.01721392369	0.0982410513	0.09837184482	0.1019769439	0.01530783021	0.1009289871	0.09707428465	0.114379601	0.1104280587
0.01696927434	0.01661517589	-0.01170276013	-0.01593190548	0.09686834811	-0.03438765517	-0.08025249055	-0.1266228232	-0.08058123616	-0.08078415781	-0.08121801542	-0.04735430846	0.01502196075	0.01403062906	-0.04770675424	-0.04766859498	-0.04751477523	-0.04850609009	-0.03253321561	-0.03291120649	-0.1315781369	-0.1373417493	-0.13829434	-0.05005318259	-0.04844826135	-0.03115860969	-0.03178759348	-0.03233119091	-0.0330924372	-0.03244465872	-0.1149085191	-0.09110731231	-0.110978652	-0.1108972556	-0.03058641987	-0.08073020939	-0.08130690673	0.09728373201	0.09764542652	0.09747254895	0.09659234723	-0.07796258491	-0.04742392156	-0.01193580052	-0.03138807821	-0.1984505815	-0.07807777947	0.09660207679	-0.1985860445	-0.04120947702	0.01572016789	-0.03308058455	-0.01355418876	-0.03336526139	-0.01359783897	0.01557532929	0.01610540732	-0.1209038186	0.01548546272	0.01537814026	-0.03232425646	-0.03318136416	-0.03249445149	0.01455376734	-0.01528596302	-0.01577926538	-0.01514723917	-0.01589025759	-0.01502034074	-0.01553107086	0.09651080449	-0.07827998223	-0.07827998223	-0.07827998223	-0.03006667412	-0.0300873609	0.01536332565	-0.07774863582	-0.03285557578	-0.190377608	-0.1847554449	0.09664378872	0.09599935852	-0.03297740652	0.09722762274	0.09713741435	-0.1981555511	-0.07802802009	0.01402527772	0.09587965697	0.09842092313	0.0144175675	0.09500736806	0.09616494608	0.09685118072	0.01382553354	0.01531336252	0.1153893509	0.01836712588	0.1099256607	0.09571987141	-0.1854999099	0.09570087128	0.0947152006	0.1094742046	0.01372756658	0.09705203914	-0.1452893485	0.09628856772	0.01780873244	0.09472118642	0.0132228846	0.01770940347	-0.06795205144	-0.1445278427	-0.105570493	-0.116754893	-0.081465949	-0.1413954504	0.09819983823	0.09416096517	0.09669338649	-0.07864382713	0.09644069036	0.09536840298	-0.1851497863	0.09358176558	0.100402344	0.09487057363	0.09517701179	-0.07476356441	0.09765567896	-0.1415597274	0.1011873367	0.01967540814	-0.1395255173	-0.07257628267	0.1027485071	-0.1211737278	0.1103993088	-0.1409423898	0.1023528279	-0.1853024722	0.1094494881	0.1092640652	0.1096309762	0.1098126817	0.1143541745	0.1288959901	0.114518782	0.1143450687	0.01871629831	0.1020002048	0.0960502357	0.09930969315	0.09669998596	-0.1187532453	0.09297830626	-0.06122806549	0.0147899198	0.0963774757	0.01244023875	-0.1310940958	-0.1112499053	0.101988712	0.02050975655	-0.1090509965	0.1006064209	0.1009031511	0.0815543923	0.1010395872	0.01060825674	0.09584282551	0.09522784048	0.01920883037	0.01502652652	-0.1980929797	0.0199156412	-0.04534701855	-0.195176139	0.096637193	0.09433667947	0.1048969951	-0.1977169939	-0.1396534108	0.01437794586	0.01815985919	0.01401571715	-0.1949204529	0.02001024681	0.0162512621	0.09806232014	0.01321473533	-0.1511521819	-0.1236381609	0.01481526588	0.1010781589	0.09643279826	0.1021622183	-0.14222147	0.09743260563	0.0955071865	0.09827969714	0.01232092535	0.01871270402	0.09810945222	0.09761087134	0.1018453448	0.01504036619	0.1020201726	0.09748614537	0.1153349216	0.1085302153
0.01468404684	0.01460167829	-0.01235760823	-0.01468464427	0.09595142876	-0.03354798881	-0.07982041904	-0.125511427	-0.08082848941	-0.0806238162	-0.08024248412	-0.04665050705	0.01395951781	0.01296818611	-0.04768227758	-0.04723652347	-0.04776202848	-0.04753055879	-0.0312000398	-0.03112048549	-0.1296515509	-0.1360944881	-0.1363203295	-0.04826246158	-0.04760859499	-0.02732991442	-0.03135552198	-0.03067633485	-0.03207808733	-0.03146912741	-0.1129800106	-0.08999591605	-0.1092065163	-0.1093782645	-0.02838810401	-0.08043400283	-0.08060310533	0.09635715401	0.09576779387	0.09654597095	0.09698541445	-0.0767153237	-0.04730258425	-0.01109613416	-0.03054841185	-0.1962522656	-0.07669465331	0.09581136374	-0.1967953235	-0.03928289106	0.01479358989	-0.03270490981	-0.01298625231	-0.03176035568	-0.01262230767	0.01437702139	0.01477123447	-0.1200641522	0.01360783007	0.01499502206	-0.03275732501	-0.0315265081	-0.03124719028	0.0143065141	-0.01509374005	-0.01493959903	-0.01472229059	-0.01559987382	-0.01414297023	-0.0144196746	0.09667114609	-0.07689685607	-0.07689685607	-0.07689685607	-0.02854768301	-0.02938355949	0.0140291528	-0.07663723957	-0.03133658467	-0.1883151571	-0.1840433122	0.09626067052	0.09575210528	-0.03213774017	0.09657277464	0.09756948586	-0.1967724249	-0.07678075888	0.01309869972	0.09481721402	0.09817366989	0.01289757936	0.09408079006	0.09523836809	0.09709743692	0.0126660442	0.01397918967	0.1144627729	0.01608189838	0.1085914879	0.09438569857	-0.183573324	0.09531775308	0.09355571127	0.1088193565	0.01239339373	0.09626132609	-0.1434986275	0.09563371963	0.01661042454	0.09406633832	0.0128397664	0.01528831102	-0.06765584488	-0.1435523114	-0.1046670795	-0.117681471	-0.08089801255	-0.1397405944	0.09591461073	0.09513649647	0.0960385384	-0.07766829582	0.09497065256	0.09566460953	-0.1835455592	0.09405154123	0.1000192258	0.09431258619	0.09384283894	-0.07432183426	0.09645737107	-0.1400407363	0.1018911381	0.01847710025	-0.1393651757	-0.07214421116	0.1018219291	-0.1212851161	0.1083358608	-0.1407820482	0.09925241067	-0.1837834811	0.1097456947	0.1082016223	0.1077533436	0.1092936985	0.1128841367	0.114518782	0.1337002167	0.1136902206	0.01724626051	0.1008018969	0.09512365771	0.09760317344	0.09699619252	-0.1198156882	0.09286691796	-0.06174704864	0.0127764222	0.09572262761	0.01241476506	-0.1305261594	-0.1120406184	0.1006545391	0.01917558371	-0.1095699797	0.1010384924	0.1017428175	0.08336784453	0.1020151185	0.009545813795	0.09464451761	0.09430126248	0.01977676683	0.01409994853	-0.1963022587	0.019532523	-0.04505081199	-0.1927906884	0.09571061501	0.09413428729	0.1036986872	-0.195790408	-0.1396289342	0.01304377301	0.01709741625	0.01227394945	-0.192993867	0.01854020901	0.01410189955	0.09708579179	0.01120123773	-0.1484104062	-0.1223908997	0.01443214769	0.1006950407	0.09564208521	0.1024584249	-0.1417893985	0.09745708228	0.09417301365	0.09708138924	0.0118019422	0.01710680127	0.09704700928	0.09622674814	0.1013263616	0.01329859849	0.1019087843	0.09547264778	0.1135931539	0.1078753672
0.01579976882	0.01653258997	-0.01171613183	-0.01499422253	0.09671911147	-0.03379091633	-0.08087853627	-0.1275955809	-0.08107141693	-0.08086674373	-0.08089300649	-0.04702929952	0.01548283464	0.01453855861	-0.04751761025	-0.04693599119	-0.04732563125	-0.04695829661	-0.03137375311	-0.03197352354	-0.1314592226	-0.1379677951	-0.1390562507	-0.0479619293	-0.04717219776	-0.03130784633	-0.03166510023	-0.03193696775	-0.03133956454	-0.03177870567	-0.1159421597	-0.09241268278	-0.1114874181	-0.1119308961	-0.03100738641	-0.08094866025	-0.08084603285	0.09849314486	0.09808835597	0.09745917725	0.09780176009	-0.07913209043	-0.04587612807	-0.01405636069	-0.03133479917	-0.1985331674	-0.07911142003	0.09726802985	-0.1993479552	-0.04040765901	0.01686036652	-0.03241463149	-0.01185954394	-0.03206993393	-0.01252429107	0.01522101347	0.0162945513	-0.1218015942	0.01581047166	0.01488795949	-0.03327198243	-0.0322436812	-0.03210022833	0.01542223608	-0.0150334276	-0.01456985253	-0.01570989345	-0.01563772217	-0.01489784748	-0.01527271266	0.09731262249	-0.0793136228	-0.0793136228	-0.0793136228	-0.02953658601	-0.02928554289	0.01582419954	-0.07918987124	-0.03178202787	-0.1920905734	-0.1866042752	0.09826079642	0.09734463633	-0.03244731842	0.09721425104	0.09725990761	-0.1990078248	-0.0791975256	0.01380682685	0.09749666468	0.09840755144	0.01414916629	0.09621678092	0.09683089914	0.09805769889	0.01523746207	0.0146873168	0.1140173297	0.01774108017	0.1109992086	0.09543476982	-0.1863976855	0.09745374394	0.09551701861	0.1106836174	0.01323738581	0.09771799219	-0.1454421641	0.09709038573	0.01759028157	0.09538713947	0.01469598456	0.0185778722	-0.06701436848	-0.1451538885	-0.1069425142	-0.1192138338	-0.08317891432	-0.1420214961	0.09805060159	0.09632143267	0.09756083974	-0.07859054809	0.09683491351	0.09657781583	-0.1864075075	0.09553715391	0.0999121632	0.09594412154	0.09597882979	-0.0745052062	0.09764230727	-0.1417781782	0.09872839593	0.01673965827	-0.1408308878	-0.07295019355	0.1005612962	-0.122681614	0.1095864323	-0.1417043005	0.1015242665	-0.1864719777	0.1103871711	0.1100658832	0.1105686592	0.1103427698	0.1156994524	0.1143450687	0.1136902206	0.1260487793	0.01781852269	0.09954126397	0.09689910937	0.09865224469	0.09736593902	-0.1209404562	0.09615647915	-0.06273595164	0.01470733389	0.09677169886	0.01366635199	-0.1316038716	-0.1127577915	0.1002090959	0.01893265618	-0.1099487721	0.09923439969	0.09776488557	0.08293363634	0.09871651134	0.01194487865	0.09610118371	0.09602965848	0.01668067535	0.01526272617	-0.1988548904	0.01793094598	-0.04434268486	-0.1956192641	0.09791325659	0.0962865885	0.1024380543	-0.1982603671	-0.1398728772	0.0149746847	0.01943592278	0.01447659103	-0.1958182285	0.01829728149	0.01521762153	0.09949351255	0.01348151643	-0.1516423627	-0.1241949924	0.01541200472	0.101744112	0.0978437113	0.1007209829	-0.1431192456	0.09837028858	0.0960372746	0.1003709504	0.01400458378	0.018901848	0.09904713518	0.09827392971	0.101967838	0.01468605037	0.1009198813	0.09774450358	0.1145063602	0.1109624127
0.1138477667	0.1136295332	-0.02799977131	-0.03657659506	0.01413337627	0.01412291492	-0.04954022894	-0.06669959731	-0.04959724465	-0.0500718962	-0.04982642906	-0.01243023339	0.1140742923	0.1117243111	-0.01305440907	-0.01206519516	-0.01259070017	-0.01344615008	-0.07917806104	-0.07882677682	-0.07267619532	-0.07671548641	-0.08027322338	-0.01431391782	-0.01257313163	-0.07707418001	-0.07879008341	-0.07892608598	-0.07968733228	-0.0787678239	-0.05118107463	-0.0281950575	-0.04957949693	-0.04880019045	-0.07677372009	-0.05015381273	-0.05005118532	0.01590740967	0.01518218458	0.01500930701	0.0157594847	-0.04956002745	-0.01277157639	-0.02836867664	-0.0008116815469	-0.1307112757	-0.04953935706	0.0140029699	-0.1291522721	-0.02367611558	0.1147724995	-0.07994720952	-0.02895837312	-0.07933078207	-0.02853620064	0.1140842011	0.1131197646	-0.08122447026	0.1136762431	0.1134794172	0.01491357873	-0.07950452933	-0.07868175171	0.1129267742	-0.03525715063	-0.03533703536	-0.03579775153	-0.03545385035	-0.03525743547	-0.03549259046	0.0152703471	-0.04974155983	-0.04974155983	-0.04974155983	-0.07978646305	-0.07926369003	0.1133287376	-0.05029713302	-0.07904287601	-0.1261060323	-0.1198052159	0.01477912161	0.01407957639	-0.07862124695	0.01517197565	0.01454279357	-0.1282590688	-0.04989719253	0.1185122073	0.01423483961	0.01568595129	0.1343431511	0.01403864057	0.01397343404	0.01379452863	0.1179081032	0.1188492375	0.01825269437	0.1224464606	0.01469111348	0.01475114393	-0.1191910313	0.01405281904	0.01265955352	0.01301687275	0.1342465603	0.0143170673	-0.09114268017	0.01355359588	0.1380559963	0.01298469379	0.1337418783	0.1281743909	-0.04688620129	-0.08854470038	-0.02798482351	-0.04202238752	-0.0286077005	-0.08772201221	0.01560073134	0.01373569748	0.01524683445	-0.0359754499	0.01424917832	0.01507900024	-0.1201995573	0.01373648742	0.01929775152	0.01349425129	0.0116069832	-0.04799138636	0.01451311227	-0.08652763967	0.01845236489	0.11791255	-0.08856937812	-0.05096697273	0.01960594043	-0.04752814192	0.01490871651	-0.08835587119	0.01676469208	-0.1195370534	0.01380734601	0.0133501932	0.01330950938	0.01484986432	0.01653819323	0.01871629831	0.01724626051	0.01781852269	0.1539087066	0.02021628758	0.01467391336	0.01756102395	0.01314982442	-0.04456419961	0.01377582312	-0.04499118894	0.1124836019	0.01391423376	0.11144262	-0.07877930711	-0.03692499467	0.01925374013	0.1188827634	-0.03323157142	0.01923009855	0.01952682878	0.008420329984	0.02034258961	0.1083795759	0.01500996297	0.01412324804	0.1185328919	0.1131278034	-0.1285233424	0.1178810532	0.007239500051	-0.1270048853	0.01430981601	0.013548678	0.01890126446	-0.1284190864	-0.08876750133	0.1199517951	0.1159894062	0.1349423057	-0.1211390021	0.1185191186	0.1147601339	0.0156849928	0.1118012442	-0.1162744683	-0.04836219561	0.1188946006	0.01766386232	0.01457865136	0.01793273202	-0.08881976166	0.01429003893	0.01481018891	0.01459367065	0.1324323242	0.1226561738	0.01510275048	0.0136031646	0.01761585849	0.1177610514	0.01819828113	0.01366425393	0.01887758976	0.01383912783
0.01561609966	0.01580546101	-0.01210488016	-0.01483951106	0.09619449818	-0.03343112569	-0.07943182602	-0.1264814834	-0.07989643659	-0.07996349328	-0.07998975605	-0.04625805057	0.01461984073	0.01460982744	-0.04675022476	-0.04630447065	-0.04615065091	-0.04659850597	-0.03135490659	-0.03236227187	-0.1303498775	-0.1364973725	-0.1363867559	-0.04746627371	-0.04654067722	-0.02897929566	-0.03164625371	-0.03123879648	-0.03145658297	-0.03108053439	-0.1134085299	-0.08811280858	-0.109497248	-0.1093972663	-0.02881470069	-0.07950195001	-0.0793993226	0.09701747693	0.09669984669	0.09774975367	0.09748741399	-0.07714192038	-0.04701085188	-0.01179446074	-0.03135376412	-0.1969505922	-0.07712124999	0.09647168666	-0.1962708655	-0.03903016299	0.01545391281	-0.03232138274	-0.01382044384	-0.03232281731	-0.0131847693	0.01558080411	0.01570328729	-0.120219019	0.01549093755	0.01497602023	-0.03209700209	-0.03168137488	-0.03194551686	0.01537443187	-0.01524860683	-0.01455100601	-0.01497401803	-0.01480368595	-0.01429783701	-0.01389521664	0.09678800921	-0.07732345276	-0.07732345276	-0.07732345276	-0.02870254979	-0.02899496647	0.01428188087	-0.0771997012	-0.0318990463	-0.1886058889	-0.1833829893	0.09637753364	0.0972276179	-0.032156742	0.09709723261	0.09714288918	-0.1959762371	-0.07734322051	0.01375902264	0.09602099674	0.09706774845	0.01450895693	0.09555630268	0.09562696111	0.09517632579	0.01342341351	0.01463951259	0.1005855462	0.01878019556	0.09593704569	0.09640467099	-0.1826412711	0.1088852463	0.1074919808	0.09575731941	0.0145482311	0.09651405416	-0.1431100344	0.09575058274	0.01795007221	0.09518168065	0.01363595427	0.01771487829	-0.06645206216	-0.1428919885	-0.1039346387	-0.117157013	-0.07915077002	-0.140303056	0.09725425841	0.09470989979	0.09615926498	-0.0778231626	0.09603857033	0.09632493245	-0.1832422022	0.09498359405	0.102445793	0.09433258865	0.09271705046	-0.07353530503	0.09535144963	-0.1396521432	0.1160020911	0.02024997766	-0.1391124476	-0.07148388825	0.1032974417	-0.1214399829	0.09527382378	-0.1394424005	0.1011355181	-0.1831231582	0.09437395347	0.09513958522	0.09469130654	0.09650339138	0.09873518009	0.1020002048	0.1008018969	0.09954126397	0.02021628758	0.1313525088	0.108419421	0.112936911	0.09575440614	-0.1183401756	0.09339137593	-0.06034523634	0.01506712453	0.09611122063	0.01334681788	-0.130952756	-0.1104292408	0.1018583218	0.02024350148	-0.1079586021	0.1014270854	0.1009086259	0.08389392443	0.1025395765	0.01074959652	0.09612003023	0.0952333153	0.0200294949	0.01435267659	-0.1959136657	0.02127976552	-0.04479808392	-0.1927250951	0.09759372248	0.09488561409	0.1038155503	-0.195130085	-0.1389686112	0.01441368444	0.01898052372	0.01483638167	-0.1928770039	0.02069504638	0.01571327712	0.09679506006	0.01308434521	-0.148565273	-0.1225457665	0.01536420051	0.1005401739	0.09494375863	0.1014883684	-0.1405856157	0.0967587557	0.1082839666	0.09746998226	0.01178294037	0.02007682835	0.09675627754	0.09533109389	0.1004921701	0.01463824616	0.1010745927	0.09491018614	0.1006669818	0.09522092499
0.01808975751	0.01719219926	-0.01175800585	-0.01399623261	0.09961921068	-0.03285957715	-0.08060766976	-0.1270718366	-0.07986834784	-0.08047886434	-0.08050512711	-0.04569036549	0.01858801302	0.01682746819	-0.04726559582	-0.04627638191	-0.04566791165	-0.04684214713	-0.03164155762	-0.03070380372	-0.1323829371	-0.1381825055	-0.1389665241	-0.0468476695	-0.04692018333	-0.03384234512	-0.03148230002	-0.03161830259	-0.03192489836	-0.03159590545	-0.1138768453	-0.0920248034	-0.1093567346	-0.1105919621	-0.03364807092	-0.08042491592	-0.08045815346	0.09989872963	0.09981272631	0.1007668713	0.09965033765	-0.07825988129	-0.04520846742	-0.01584232051	-0.02806842043	-0.1995630676	-0.0782392109	0.100439859	-0.1991550708	-0.04058539799	0.01711238096	-0.03189504025	-0.009383264902	-0.03156545347	-0.009955051798	0.01791859701	0.01899213484	-0.1207935201	0.01742113559	0.01812900283	-0.03378520735	-0.03178915109	-0.03191742812	0.01879914436	-0.01426946344	-0.01452291726	-0.01480201296	-0.01423213741	-0.01440561322	-0.01454645264	0.09844647736	-0.07844141366	-0.07844141366	-0.07844141366	-0.0296255157	-0.03000679192	0.01739455904	-0.07831766211	-0.03146336271	-0.1919946598	-0.1864881257	0.100073976	0.09918749518	-0.03253624811	0.09970675541	0.09948068207	-0.1989508053	-0.07832531647	0.01894997949	0.1003144379	0.1002207311	0.01771188987	0.1008896078	0.09991391897	0.09893901586	0.01893315593	0.0178880557	0.09572249672	0.01500406569	0.0995446788	0.09982938349	-0.1867779402	0.1142120681	0.1134981273	0.09958962676	0.01756534875	0.1008898213	-0.1467908498	0.09938678314	0.01596986594	0.09822810864	0.01731124214	0.01357820924	-0.06963767656	-0.1447363298	-0.1083604141	-0.120525548	-0.08515986914	-0.1427796664	0.09923151212	0.09976499169	0.09978161421	-0.07749366472	0.09928711344	0.09925324082	-0.1868860404	0.09650619725	0.09663168892	0.09989213606	0.09809741126	-0.07350721629	0.1005894622	-0.1410888897	0.1096445272	0.01443991789	-0.1421795735	-0.07347747643	0.09598882318	-0.1223629488	0.09976517652	-0.1427342006	0.09722352333	-0.1861729076	0.1008347505	0.09929067813	0.09941553849	0.1000639688	0.09604596983	0.0960502357	0.09512365771	0.09689910937	0.01467391336	0.108419421	0.1264044638	0.1117540229	0.09877475866	-0.1211652508	0.09521538827	-0.06364007103	0.01849183702	0.1013350916	0.01744468069	-0.1317235597	-0.1140695057	0.09658767753	0.01470112726	-0.1122781917	0.09605025539	0.09441519707	0.08346874659	0.0952309579	0.01237975431	0.09945593344	0.1005601371	0.01519612467	0.01738609157	-0.198662006	0.0143787418	-0.04254910031	-0.1959963838	0.09576675758	0.09855441863	0.09640074605	-0.1982860202	-0.1395071563	0.01767226823	0.0156119887	0.01751181221	-0.1955599752	0.01501680722	0.01832279992	0.1006773178	0.01731307524	-0.1507272488	-0.1242542428	0.01675093875	0.09703577397	0.09902462183	0.09553839932	-0.1439244715	0.09773789909	0.1146121336	0.09608029146	0.01668264686	0.01534964383	0.09827888074	0.09873745891	0.09610262323	0.01770241947	0.09553221853	0.100101143	0.09648325705	0.09982811761
0.0174091314	0.01814195255	-0.01085530822	-0.01440512882	0.09802133364	-0.03245328366	-0.08045671026	-0.126590561	-0.0798696492	-0.0802084358	-0.08037056351	-0.04579228381	0.01695633227	0.01628378614	-0.04604411262	-0.04654941317	-0.04598799857	-0.04684344848	-0.0322292235	-0.03179202468	-0.1315808564	-0.1375566951	-0.1386696726	-0.04635256673	-0.04624215993	-0.03149869434	-0.03189119622	-0.0320271988	-0.03235632827	-0.03241239651	-0.1137893373	-0.09039572535	-0.1096063256	-0.1104573985	-0.03282861383	-0.07998337444	-0.08018772492	0.09867464372	0.1000360992	0.1002221102	0.09856211669	-0.0784737825	-0.04634374404	-0.01553664398	-0.02999716649	-0.199097644	-0.07845311211	0.09840058335	-0.1984179173	-0.03937572247	0.01670348475	-0.0324304603	-0.01194977499	-0.03224607958	-0.01098414271	0.0164227812	0.01749631903	-0.1197601148	0.01615068818	0.01788049354	-0.03202026435	-0.03270770338	-0.03219045938	0.01784678836	-0.01495008954	-0.01411662377	-0.01471450503	-0.01464103361	-0.01450753154	-0.014547754	0.09725763943	-0.07865531487	-0.07865531487	-0.07865531487	-0.02962681706	-0.02991923374	0.01657806798	-0.07839569836	-0.03251633569	-0.1909560972	-0.1856742374	0.09817056538	0.09793373004	-0.03362446906	0.09892551233	0.09880005597	-0.1982591538	-0.07853921768	0.01677483893	0.09740643363	0.09835256837	0.0161154571	0.0973845824	0.0980993176	0.09760982334	0.01657509475	0.01612050999	0.09847374235	0.01680425667	0.09827353723	0.09779010788	-0.1858752426	0.110814143	0.110507797	0.097957946	0.01593366799	0.09817122095	-0.1447486082	0.09754361448	0.01814797253	0.09719901773	0.01638004066	0.01709758891	-0.06656113972	-0.1444955805	-0.1058099606	-0.118760605	-0.083607526	-0.1410562103	0.09877556024	0.09799744598	0.0985575283	-0.07793224017	0.09751956774	0.09733802247	-0.1855757479	0.09596143609	0.09911120465	0.0970974407	0.09654805646	-0.07350851765	0.09782380612	-0.1412557353	0.1123957728	0.01634629458	-0.1404443098	-0.0722252349	0.09901179871	-0.1218207903	0.09694595919	-0.1412824745	0.09915957926	-0.1854060749	0.09711803986	0.09710228562	0.09825058263	0.0983316711	0.09920481031	0.09930969315	0.09760317344	0.09865224469	0.01756102395	0.112936911	0.1117540229	0.1276110095	0.09754743788	-0.1192644429	0.09521965566	-0.06255445279	0.01631669646	0.09831184722	0.01518979997	-0.1311506429	-0.1121686977	0.09906719326	0.01799583269	-0.1109208436	0.09863595683	0.09947614686	0.0839586921	0.09934085303	0.013732179	0.09696200732	0.09770567179	0.01669490651	0.0164644939	-0.1979248526	0.01699412248	-0.04395610683	-0.1950455514	0.09748464492	0.09792595235	0.09857885264	-0.1974661942	-0.1396913783	0.01658404727	0.01809150443	0.01676527836	-0.1944805959	0.01776805285	0.01723457896	0.0976869875	0.01509087901	-0.1514380111	-0.1242852234	0.01539098789	0.09965115465	0.09734588541	0.0989689697	-0.1426974196	0.09760073279	0.1107563231	0.09885541915	0.01658952298	0.01674223996	0.09681686865	0.0976287265	0.09987488073	0.0175181975	0.09814759921	0.09751840758	0.09909863773	0.09687303533
0.01846777787	0.01784194952	-0.01034012155	-0.01361821225	0.1001427546	-0.03180223204	-0.08160715098	-0.1256677795	-0.08234349144	-0.08200295329	-0.08121402635	-0.04762204928	0.01682829357	0.01519395632	-0.04702344041	-0.04671355125	-0.04723905626	-0.04687172161	-0.03298677174	-0.03263548752	-0.1315085126	-0.1375849682	-0.1386509404	-0.04828294916	-0.04613456812	-0.03360018971	-0.03300638896	-0.03368585133	-0.0326563313	-0.03176134489	-0.1157197198	-0.09300543254	-0.1112649781	-0.1123877809	-0.0346583793	-0.08262832961	-0.08306916201	0.09796704583	0.09819287539	0.09777962137	0.1004974156	-0.07945311028	-0.04878490178	-0.0172305445	-0.02975370973	-0.1992617821	-0.07943243989	0.09959509477	-0.1988537853	-0.04147721784	0.01803386112	-0.03326885719	-0.01115962354	-0.03286776286	-0.01155587564	0.01884007717	0.0182832356	-0.1225056869	0.01748106455	0.0175804905	-0.03141916308	-0.03181872558	-0.03153940776	0.01849783997	-0.01406501217	-0.0144166268	-0.01410115757	-0.013989982	-0.01392943206	-0.01403256733	0.100862472	-0.07963464266	-0.07963464266	-0.07963464266	-0.02951922524	-0.02922117671	0.01767701888	-0.079782621	-0.03217226195	-0.1913919652	-0.1873328899	0.0998040251	0.100351026	-0.03161476794	0.1006282356	0.1006738921	-0.1985591569	-0.07965441041	0.01633897095	0.0984650801	0.1025008607	0.01681717533	0.09677760149	0.09779931456	0.1129731485	0.01641095667	0.01701518383	0.09637224698	0.01347997675	0.0987887239	0.0989846193	-0.1875338951	0.09882975421	0.09716475879	0.09915245742	0.01522607011	0.09977332722	-0.1461707788	0.1136230284	0.01428023281	0.0965388444	0.01608003763	0.01431676879	-0.06917084691	-0.1443879887	-0.1084196678	-0.1204192576	-0.08485858368	-0.1419349211	0.09915488196	0.097561578	0.1002954995	-0.0766018638	0.09875438359	0.09781796116	-0.1873702654	0.0945368093	0.09605865463	0.09825670414	0.1122999846	-0.07311953728	0.09915418249	-0.1406046836	0.0954849979	0.01342960951	-0.1415595025	-0.0736592132	0.09582338374	-0.1241587676	0.1002291115	-0.1420253203	0.1120032284	-0.1872005924	0.09967120079	0.09799126342	0.0998526889	0.09853987989	0.09819023454	0.09669998596	0.09699619252	0.09736593902	0.01314982442	0.09575440614	0.09877475866	0.09754743788	0.1272736659	-0.1218741501	0.09366162009	-0.0638792108	0.01547323363	0.09760432635	0.01524744144	-0.1308183768	-0.114506675	0.09615050819	0.01507914762	-0.1120360363	0.09599100166	0.09438562258	0.08243590451	0.09452205866	0.010056701	0.09747719399	0.09761222142	0.01340672597	0.0174760847	-0.1980889907	0.01394157246	-0.04384851502	-0.19517215	0.09514666763	0.09762594931	0.09756427687	-0.1976303323	-0.1397196515	0.01696660387	0.01503895441	0.01646527533	-0.1947152299	0.01417204302	0.01655833453	0.100326063	0.01588103046	-0.1530351399	-0.1249567219	0.01753655396	0.1126306688	0.1133496764	0.1105898343	-0.1435761304	0.1152349032	0.09754922685	0.1111908565	0.01547433025	0.01382555489	0.1148248302	0.1137841089	0.09736579051	0.01681059962	0.1100401937	0.1136580635	0.09835579187	0.09933148714
-0.04345805962	-0.04530667252	-0.03949803747	-0.03559975437	-0.1207209296	0.009121697803	0.02917021536	0.1412604455	0.02990953728	0.02930288424	0.02927275802	0.001046182725	-0.04635642786	-0.04493537306	0.002188251398	0.002090545706	0.0004781210961	0.001388915539	-0.01828477729	-0.01956387248	0.1547320567	0.1635203413	0.1622569805	0.001790075158	8.809478223e-05	-0.01699608597	-0.01762506976	-0.01830453214	-0.01777965335	-0.01896145975	0.1482426284	0.1321758384	0.1358501162	0.1369774511	-0.01723908585	0.02948883415	0.02878398055	-0.1210186741	-0.11957006	-0.1194398542	-0.1201801465	0.04665814336	0.0003153936396	-0.03296229891	-0.0005702956035	0.2852773475	0.04667881375	-0.1202058149	0.3390886011	0.001916749672	-0.04525062587	-0.01799223824	-0.03995236425	-0.01925268802	-0.03989860186	-0.04512373457	-0.04589025234	0.1287371859	-0.04548533104	-0.04583986144	0.009776496656	-0.01952849652	-0.01846779272	-0.04668875632	-0.03410674084	-0.03436019467	-0.03509394089	-0.03420527976	-0.03437875558	-0.0347913249	-0.120976412	0.04647661098	0.04647661098	0.04647661098	-0.0186214494	-0.01913859057	-0.04370535881	0.04673622749	-0.01855718711	0.2682896463	0.2579496004	-0.1206210943	-0.1194498837	-0.01867901785	-0.1191726741	-0.1196704773	0.3382322227	0.04659270818	-0.04626619129	-0.1211999646	-0.1211757415	-0.04741836631	-0.1211974974	-0.1221374601	-0.1221209341	-0.04669884682	-0.0461695376	-0.1192168492	-0.04355472253	-0.1220991054	-0.1208162904	0.2577485952	-0.1203732215	-0.1200158983	-0.1207843172	-0.04602044263	-0.1215220969	0.2413035213	-0.1211986487	-0.04533590053	-0.1208164962	-0.04688549022	-0.0443483099	0.1848137935	0.2135333386	0.3848894726	0.407346075	0.1742670319	0.2413931519	-0.1214259694	-0.121424142	-0.1210655598	0.05265875227	-0.1210465261	-0.1215753537	0.2574238802	-0.118396619	-0.1191228467	-0.1219518004	-0.1205965466	0.1599348178	-0.119090159	0.2150069395	-0.1171888807	-0.04276426518	0.2440782747	0.1854882953	-0.1192222527	0.4066941728	-0.1237133819	0.2404933308	-0.1207048515	0.2582177628	-0.1227111429	-0.1216399776	-0.1199482208	-0.1213968947	-0.1195727009	-0.1187532453	-0.1198156882	-0.1209404562	-0.04456419961	-0.1183401756	-0.1211652508	-0.1192644429	-0.1218741501	0.5959334173	-0.1182118932	0.1794457988	-0.04427876466	-0.1216532005	-0.04474360226	0.2370068772	0.3930102938	-0.119438588	-0.04399352592	0.3985974951	-0.1176959852	-0.1178068499	-0.1049493781	-0.1184856035	-0.03929964263	-0.1205574713	-0.120869373	-0.04284888299	-0.04553667239	0.3375545682	-0.04159861237	0.01086023404	0.3311845572	-0.1178014281	-0.120981126	-0.1193834688	0.3368327578	0.257286936	-0.04666221844	-0.04389785417	-0.04747968434	0.3370382516	-0.04245506141	-0.04482404316	-0.1207739297	-0.04551782825	0.2344959931	0.3549126854	-0.04642725778	-0.120485006	-0.1220792841	-0.1199444064	0.2461582004	-0.1226360449	-0.120981746	-0.1195542313	-0.04673673019	-0.04361673924	-0.1212132304	-0.121060583	-0.1191555083	-0.04641432097	-0.1192712625	-0.1233976948	-0.1194071435	-0.1201742256
0.01488196311	0.01534305437	-0.0117520971	-0.01543778265	0.09573209154	-0.03221592369	-0.07943940858	-0.1240434969	-0.07922469439	-0.07915588613	-0.07877455405	-0.04626949658	0.01526624661	0.01801568715	-0.04607848256	-0.0457685934	-0.04575063861	-0.04592676377	-0.03190322783	-0.03117240618	-0.1283897155	-0.132045124	-0.1325318004	-0.04448482736	-0.04586893502	-0.03297419101	-0.0314293356	-0.03197293303	-0.03081017709	-0.03330918539	-0.1118620316	-0.08961490559	-0.1085647055	-0.1083179292	-0.03348892079	-0.07937366761	-0.07884155242	0.09478882593	0.09615028139	0.09484177792	0.09498703309	-0.07307355443	-0.04348594573	-0.0169649114	-0.02959426234	-0.1934256861	-0.07305288403	0.09546582022	-0.1935611491	-0.04012466514	0.01444804636	-0.03101581822	-0.01078669669	-0.03192008391	-0.01052228209	0.01484666756	0.01530293435	-0.1176451675	0.01595511698	0.01560053318	-0.03232636419	-0.03187205163	-0.03145686886	0.01518375512	-0.01611860833	-0.01582860235	-0.01584401953	-0.0155378225	-0.01571129831	-0.01585213773	0.09388003346	-0.0732550868	-0.0732550868	-0.0732550868	-0.02957255129	-0.02972910302	0.01585744848	-0.07313133524	-0.03181799315	-0.1858961724	-0.1808174691	0.09455647749	0.0963576164	-0.03221155379	0.09609136616	0.09491423818	-0.1931306557	-0.07313898961	0.01533459025	0.09450134973	0.09585454308	0.01518342023	0.09602022431	0.1039957762	0.094551706	0.015156739	0.01526402555	0.09346575698	0.01464943525	0.09400201752	0.1027355119	-0.1802032846	0.09537980441	0.09645400092	0.09407212821	0.01462928426	0.09469299801	-0.1415574673	0.09443463732	0.01463450161	0.1059486403	0.0154765482	0.01659503982	-0.06562256208	-0.1409974618	-0.1059801955	-0.1174363255	-0.08078873198	-0.1378650694	0.09516147236	0.0954702777	0.09480757546	-0.075521041	0.105766035	0.1046937476	-0.1806713303	0.1105532515	0.1053800101	0.1059621626	0.09555412262	-0.07191250818	0.09644561114	-0.1377576165	0.09331988635	0.01364801336	-0.1374896508	-0.07067628109	0.09346035353	-0.1196813211	0.09343248827	-0.1383630635	0.09442332379	-0.1805493067	0.09445500663	0.09508477342	0.09601703717	0.09441060533	0.09666428697	0.09297830626	0.09286691796	0.09615647915	0.01377582312	0.09339137593	0.09521538827	0.09521965566	0.09366162009	-0.1182118932	0.1299041813	-0.06123017322	0.01612112526	0.09580657186	0.01649953478	-0.1274278499	-0.1104368233	0.09433093779	0.01570514632	-0.1083737795	0.1046330324	0.1034352482	0.1031471212	0.104251009	0.01684501592	0.1046247103	0.1069987542	0.01372489539	0.01459148763	-0.1929322194	0.01443170622	-0.04344701697	-0.1902358388	0.1092863906	0.1062782428	0.09492951677	-0.192609426	-0.1358996367	0.01560951702	0.01650203575	0.01534692261	-0.1905095133	0.01506977163	0.01497914057	0.09549111552	0.01602472545	-0.1407608396	-0.11983605	0.01449419901	0.09559422393	0.09474490588	0.09314579463	-0.1393704137	0.09373680793	0.09493080751	0.09709035143	0.01632281051	0.01404395874	0.09330484199	0.09524849108	0.09651916769	0.01615940815	0.09373030288	0.09404018465	0.09300373276	0.09592689728
-0.04551542835	-0.0450543371	-0.0189525927	-0.02752941645	-0.0617012353	-0.01779895682	-0.006100365847	0.08941562208	-0.004953449081	-0.00556396558	-0.005726093292	-0.03090147506	-0.04488130788	-0.04430570654	-0.02908008163	-0.03026470693	-0.03051848203	-0.02892836284	-0.01333933323	-0.01434669851	0.1005824764	0.1095380397	0.1055637356	-0.02907066302	-0.03118023825	-0.01300169656	-0.01417414015	-0.01431014273	-0.01476084056	-0.01442361054	0.07158506733	0.06976996319	0.06679266103	0.06465343457	-0.01324469644	-0.005781747056	-0.005950849551	-0.06362935928	-0.06199617391	-0.06259399919	-0.06204934228	0.007645508164	-0.01082837949	-0.01877803823	-0.02015424291	0.1896191666	0.007802043506	-0.06268063509	0.2493117063	-0.02217520956	-0.04527002035	-0.01454130863	-0.01846932315	-0.01471483881	-0.01983445226	-0.0447355342	-0.04468686226	0.06768990677	-0.04473589731	-0.04656310263	-0.01741588787	-0.01471891741	-0.0136582136	-0.04575709615	-0.02729689163	-0.0269691815	-0.02692544217	-0.0270859965	-0.02661785171	-0.02671841135	-0.06203041802	0.00759984074	0.00759984074	0.00759984074	-0.01272495069	-0.01301736737	-0.04525957217	0.007661427675	-0.0142910678	0.1740138272	0.1592056189	-0.06247170477	-0.06240599903	-0.01414116864	-0.06226465442	-0.06241702743	0.2510200992	0.007517908362	-0.04710077547	-0.06353891986	-0.062899763	-0.04635084118	-0.06264496442	-0.0620308462	-0.0637779664	-0.04685410624	-0.04690856126	-0.06182753437	-0.04411757681	-0.06416633072	-0.06295721605	0.1596839384	-0.0636632314	-0.06194725867	-0.06333283772	-0.04576810721	-0.06284525723	0.1652408725	-0.06320370944	-0.04521943005	-0.06329131636	-0.04589265862	-0.04491116417	0.2791339062	0.1379485632	0.1593793344	0.1807403578	0.1489120164	0.1678463508	-0.06298498295	-0.06315747279	-0.0621160953	-0.01260028689	-0.06315405586	-0.06309911921	0.158179602	-0.06131673817	-0.06186939683	-0.06295662809	-0.06320463349	0.2270793648	-0.06129324932	0.1299116176	-0.06102235035	-0.04284582427	0.1630589013	0.2708483709	-0.06033842337	0.1794464169	-0.06408459264	0.1670766268	-0.0631175071	0.1598076758	-0.06423490848	-0.06316374312	-0.06399125574	-0.06346412008	-0.06204752107	-0.06122806549	-0.06174704864	-0.06273595164	-0.04499118894	-0.06034523634	-0.06364007103	-0.06255445279	-0.0638792108	0.1794457988	-0.06123017322	0.4739234265	-0.04484161893	-0.06304110113	-0.04479568123	0.1401792196	0.165729738	-0.0610360539	-0.04401292039	0.1679908115	-0.06071426524	-0.05973821027	-0.05278941075	-0.06068869379	-0.04245844627	-0.06276056163	-0.06348005815	-0.04218895272	-0.04542020191	0.2483308617	-0.04284079139	-0.0252992372	0.2447055796	-0.06128686938	-0.0628136723	-0.06036377458	0.2474102654	0.1512795728	-0.04698360657	-0.0437813837	-0.04600456436	0.2511373531	-0.04301791568	-0.04579449229	-0.0631724514	-0.0453298838	0.1651172408	0.1371806364	-0.04563146255	-0.06228050148	-0.06388284461	-0.0620853321	0.173426589	-0.06396178084	-0.06277724149	-0.06291794149	-0.04670434809	-0.04458718837	-0.0631445908	-0.06426599777	-0.05999994908	-0.04649328185	-0.06201781257	-0.06336478129	-0.06188196374	-0.06403707019
0.1150842563	0.1156812125	-0.0267632817	-0.03438905081	0.01863062468	0.01617459423	-0.05020584864	-0.06621741453	-0.04890421485	-0.04951473135	-0.04926926421	-0.009970959232	0.1166694314	0.1161581132	-0.01032340501	-0.01028524575	-0.00999556106	-0.01057928107	-0.07794157143	-0.07718269236	-0.07272812551	-0.07710856652	-0.07993203253	-0.01036012921	-0.01011385747	-0.07882671931	-0.07728186391	-0.07741786648	-0.077611131	-0.07793892914	-0.04980872008	-0.02858894729	-0.04793541247	-0.04674851114	-0.07879798929	-0.04905318807	-0.04895056067	0.01823081887	0.01736972883	0.01828377086	0.01811829185	-0.0495463224	-0.01211755088	-0.03147986544	0.003006242112	-0.1327355449	-0.04952565201	0.01945127296	-0.1296820268	-0.02311895073	0.1160089891	-0.0774699299	-0.02500458451	-0.07755083266	-0.02566933164	0.1166793402	0.1159128224	-0.07982759374	0.116814842	0.1158273484	0.01615006833	-0.07745285003	-0.07812458686	0.1152501834	-0.03334133628	-0.03423641071	-0.03405680642	-0.0332663061	-0.03429267576	-0.03412408114	0.0165068367	-0.04972785477	-0.04972785477	-0.04972785477	-0.07854997344	-0.07775547052	0.1158835723	-0.05028342797	-0.07848571115	-0.1272497734	-0.1225088098	0.01818945041	0.01816922995	-0.07752062229	0.01695192505	0.01835623112	-0.1290150515	-0.04974762253	0.1163520732	0.01791366344	0.01753029167	0.1164226827	0.01772069928	0.0180630876	0.01666139763	0.1166957888	0.1155618793	0.01459804577	0.1136289439	0.01701452268	0.01802560778	-0.1223022202	0.01855006745	0.01715680193	0.01778585106	0.116054362	0.01895018066	-0.09092288046	0.01744714248	0.1132064154	0.01743451764	0.1158825814	0.1129712215	-0.04673663129	-0.08785167058	-0.02913015595	-0.04160108761	-0.03212648416	-0.08675725251	0.016701356	0.01918400054	0.01682528366	-0.03283685099	0.01748333774	0.01740240945	-0.1230896451	0.01615923185	0.01550723797	0.01756942253	0.01682713569	-0.0466190318	0.01825722469	-0.08461182531	0.01404458029	0.1133068468	-0.08774048336	-0.04931583868	0.01500023717	-0.04737857192	0.01811754513	-0.08766284139	0.01569147753	-0.1218330525	0.01721767482	0.01811917151	0.01726329799	0.01798846323	0.01397046423	0.0147899198	0.0127764222	0.01470733389	0.1124836019	0.01506712453	0.01849183702	0.01631669646	0.01547323363	-0.04427876466	0.01612112526	-0.04484161893	0.1302956154	0.01827561722	0.1171626529	-0.07727108761	-0.03691128962	0.01505563173	0.1134618704	-0.03389719112	0.0146243953	0.01369834097	0.009552826895	0.0142423719	0.1124692295	0.01760510208	0.01889222635	0.1125685391	0.1162664024	-0.1290530971	0.1146339994	0.009562909258	-0.1280780998	0.0148888738	0.01706189283	0.01429556121	-0.1289488412	-0.08596626757	0.1184709857	0.1145085968	0.1167501074	-0.1249391287	0.1140492803	0.1165400833	0.01828013191	0.1171780733	-0.1176194128	-0.0463105163	0.1151040871	0.01536786322	0.01771366873	0.01414221847	-0.08812673186	0.01674931309	0.01781292287	0.0151508355	0.1164384871	0.1132951973	0.01579578029	0.01790308534	0.01409707484	0.115788052	0.01318498302	0.01748217759	0.01440775145	0.01755137807
0.017058348	0.01765530421	-0.01188541637	-0.01434831736	0.1000919743	-0.03253233715	-0.08084274164	-0.1266696145	-0.0804921625	-0.08042335424	-0.08099307681	-0.04604245024	0.01691337815	0.01683700173	-0.04721008572	-0.04690019656	-0.04715397167	-0.04692250198	-0.03095667312	-0.03159934828	-0.1316951579	-0.1373640187	-0.1384299908	-0.04683921507	-0.04700053818	-0.03419442988	-0.03183438477	-0.03156279249	-0.03162019206	-0.03249145001	-0.1150911754	-0.09264861805	-0.1100276049	-0.1109440468	-0.03416569986	-0.08009767592	-0.07985918356	0.1022639439	0.1028973683	0.1035435257	0.09868039086	-0.07841697104	-0.04492828308	-0.01592267536	-0.02760097165	-0.1986332377	-0.07839630065	0.1010388289	-0.1983611059	-0.0404410786	0.0167602962	-0.03168925815	-0.009944714627	-0.03115229887	-0.009704546701	0.01770237721	0.01891177999	-0.1220130075	0.01761251064	0.01834489984	-0.0318775383	-0.03214123584	-0.03240537782	0.01749600496	-0.01462154819	-0.01460327212	-0.01520115338	-0.01499181701	-0.01475769797	-0.0154419972	0.1027138009	-0.07859850342	-0.07859850342	-0.07859850342	-0.02970587055	-0.02995128182	0.01762623852	-0.07833888691	-0.03222304231	-0.1918503404	-0.1868402105	0.09890670159	0.1001643807	-0.03288833286	0.0986753459	0.09940032722	-0.1978851106	-0.07848240622	0.01723924524	0.1109435544	0.09871025272	0.01730985477	0.1102071304	0.09951477855	0.09865654839	0.01826228561	0.01720477992	0.09577800682	0.01519544074	0.09914553839	0.09906970388	-0.1864977559	0.1000017584	0.09874435783	0.09882994716	0.0166698042	0.09931495201	-0.1451346396	0.09903469839	0.015452237	0.09875034364	0.01864037056	0.01494531318	-0.06772711282	-0.1426725247	-0.1094215028	-0.1204700379	-0.08423003929	-0.1414422417	0.1105167574	0.1100103731	0.1100269956	-0.07556572456	0.09883946818	0.0993975602	-0.1867793077	0.09642584239	0.09682306397	0.09956457328	0.09744973685	-0.07303445269	0.1004620516	-0.1394326795	0.09652113714	0.01500920855	-0.1401157684	-0.07262307396	0.1062342045	-0.1238019531	0.100450061	-0.141125046	0.09673557363	-0.1863003181	0.09948455547	0.1001143223	0.09885085389	0.1001194789	0.09650907478	0.0963774757	0.09572262761	0.09677169886	0.01391423376	0.09611122063	0.1013350916	0.09831184722	0.09760432635	-0.1216532005	0.09580657186	-0.06304110113	0.01827561722	0.1233678865	0.01713145487	-0.1319560768	-0.1144215904	0.1066971939	0.01570769201	-0.1126302765	0.09526089655	0.09487830202	0.08401550356	0.09487887315	0.01303936077	0.09919265798	0.09997565671	0.01525805491	0.01851222394	-0.1977321762	0.01511357665	-0.04403516033	-0.1947640657	0.0964764297	0.09961314321	0.09737763156	-0.1973561904	-0.1397704318	0.01813860806	0.01580336375	0.01777314447	-0.1946955143	0.01466472246	0.01783485022	0.1005470126	0.01752502047	-0.1518353932	-0.1237847177	0.0172140437	0.09654782427	0.09862548142	0.09532217952	-0.1419965313	0.09860859889	0.09940055579	0.0961949316	0.01687468412	0.01486169413	0.09887785064	0.09900864416	0.09609222559	0.0180338736	0.09518013377	0.09961319329	0.096946362	0.09921533779
0.1147552837	0.1151836904	-0.02682680865	-0.03502243785	0.01718204794	0.01583933738	-0.05051755543	-0.0667758195	-0.04975938144	-0.04982643814	-0.0490375112	-0.009978251632	0.1157643145	0.1157575971	-0.01063511181	-0.009510032945	-0.009220348252	-0.01034752806	-0.07746967478	-0.07640747956	-0.07267606687	-0.07632519118	-0.07896186998	-0.009144637062	-0.01028969932	-0.07837318675	-0.07737179115	-0.07772957327	-0.07655602577	-0.07830058629	-0.04905077312	-0.02816224454	-0.04785093559	-0.04700113315	-0.07820859178	-0.04936489487	-0.04966986231	0.01723978733	0.01732975194	0.01646028376	0.01626212025	-0.0489837547	-0.01196257803	-0.03180883809	0.003102130169	-0.1318422494	-0.04896308431	0.01745923642	-0.1288976796	-0.02318247767	0.1141528175	-0.0771522623	-0.0243887867	-0.07748653085	-0.02570017409	0.1150948985	0.1157608415	-0.079289548	0.1147368909	0.1148977094	0.01610490549	-0.07767864222	-0.07789283385	0.1144809314	-0.03438231817	-0.0347339328	-0.03469019346	-0.03417142304	-0.03451846795	-0.03489333313	0.01736796411	-0.04916528708	-0.04916528708	-0.04916528708	-0.07782471099	-0.07770953281	0.1160980595	-0.04958499532	-0.07762458374	-0.1264654261	-0.1217071967	0.01742019842	0.01731406335	-0.07761054954	0.01691194816	0.01690765438	-0.1285024342	-0.04918505483	0.1155828212	0.01673681659	0.01819116316	0.115128335	0.01808831724	0.01702210571	0.01663689016	0.1162309512	0.1151143075	0.01260600923	0.1108217177	0.01638113564	0.01657703104	-0.1216583649	0.01715657097	0.01793201473	0.01660900421	0.1162361647	0.01804506371	-0.09051317731	0.01725403478	0.1120795189	0.01793800055	0.1165219292	0.1116585097	-0.04669069358	-0.08733905323	-0.02881248834	-0.04128342	-0.03096722655	-0.0866849145	0.0151169143	0.01832883395	0.01612166691	-0.03205250374	0.01717163095	0.01554623785	-0.1227674701	0.01693444465	0.01378693132	0.01682559891	0.0171448033	-0.04575790439	0.01750855383	-0.08440362236	0.01334913954	0.1132169195	-0.08726055051	-0.04855057015	0.01423098518	-0.04662062497	0.01661710277	-0.08718290853	0.01293420163	-0.1207861098	0.01672015273	0.01711087411	0.01725600558	0.01681161638	0.01347294213	0.01244023875	0.01241476506	0.01366635199	0.11144262	0.01334681788	0.01744468069	0.01518979997	0.01524744144	-0.04474360226	0.01649953478	-0.04479568123	0.1171626529	0.01713145487	0.142918423	-0.07609117463	-0.03672948696	0.01319946013	0.1131002133	-0.03453057816	0.01336163385	0.01224976423	0.01305350123	0.0121144704	0.1146357763	0.01642825523	0.0173904195	0.1242988625	0.1168169409	-0.1285731643	0.1115550433	0.01007552661	-0.1278414265	0.01496286892	0.01846001342	0.01243938961	-0.1283535513	-0.08470869022	0.116886544	0.1146903995	0.1152156161	-0.1236440062	0.1241991747	0.1269943921	0.01739337906	0.1300135602	-0.1164366051	-0.04525443915	0.1150141598	0.01378342152	0.01681213332	0.01187845202	-0.08805439385	0.01557246625	0.01745126572	0.01470326376	0.1165098532	0.1118466205	0.01489066334	0.01801444281	0.01297017834	0.1162415846	0.01309505578	0.01625210064	0.01350263451	0.0164725847
-0.07780903208	-0.07870659032	-0.01717073857	-0.02171866949	-0.1288837703	0.03781206226	0.09547631896	0.1776951121	0.09541930325	0.0952163816	0.09506386698	0.02851376263	-0.07894115596	-0.07807752739	0.02951996635	0.02806361116	0.02812862162	0.0295358202	0.01819279405	0.0178218488	0.1894373601	0.2005210015	0.2079920377	0.02957836325	0.02837086439	0.01998204046	0.01894546181	0.01840186439	0.01935687172	0.01815253162	0.1636510688	0.117782799	0.1507990511	0.15464854	0.02055423028	0.09608551973	0.09550882238	-0.1318650102	-0.1306410703	-0.1306937852	-0.1300754279	0.07471623873	0.04288657012	-0.01446180572	0.01560164136	0.3455250667	0.07473690912	-0.1307804211	0.3945772018	0.03185248578	-0.07837881377	0.01897654708	-0.01614587402	0.01758957345	-0.01743543801	-0.07852365237	-0.07806738559	0.1786552702	-0.07798055569	-0.07926430121	0.03629302191	0.01809515094	0.01851033371	-0.07859415967	-0.02131257556	-0.02265294899	-0.02143753024	-0.02154697943	-0.02144872534	-0.02172542972	-0.1303282336	0.07453470636	0.07453470636	0.07453470636	0.01822081207	0.01820012529	-0.07809663569	0.07465845792	0.01814920941	0.3316808447	0.3098503254	-0.1311149505	-0.1301603548	0.01761978382	-0.1312417947	-0.1298374886	0.3927697687	0.07492253345	-0.07817159464	-0.1305047306	-0.1305275631	-0.07932376966	-0.1308210489	-0.1315780909	-0.1318640532	-0.07950824915	-0.08001735468	-0.1303349152	-0.07831328983	-0.132219061	-0.1317984914	0.3106455079	-0.1313554225	-0.1295035848	-0.1320382481	-0.07833344083	-0.1312815134	0.2744529117	-0.1331921464	-0.07955100803	-0.1303045516	-0.07827507163	-0.07715771223	0.1458762538	0.2786110412	0.2059511489	0.2360059467	0.1395529446	0.2580141229	-0.1300514106	-0.1310476935	-0.1315043011	0.1135246414	-0.1311179769	-0.1318311743	0.3099057323	-0.1275702781	-0.1318712921	-0.1301053594	-0.1292021207	0.1707998295	-0.1308404941	0.2692154461	-0.1296655961	-0.07616418298	0.2511416435	0.1640465758	-0.1304761836	0.2496571503	-0.1329293386	0.259689968	-0.1322305123	0.309891891	-0.1326952336	-0.1319296019	-0.1325137455	-0.1327866906	-0.130283172	-0.1310940958	-0.1305261594	-0.1316038716	-0.07877930711	-0.130952756	-0.1317235597	-0.1311506429	-0.1308183768	0.2370068772	-0.1274278499	0.1401792196	-0.07727108761	-0.1319560768	-0.07609117463	0.6780541829	0.2215387867	-0.1309642488	-0.07793690352	0.2146347438	-0.1299009708	-0.1298759705	-0.1130507545	-0.1306905891	-0.07121538625	-0.1317643466	-0.1307646544	-0.07665639565	-0.07796923821	0.390994318	-0.07703650442	0.02777740349	0.3830560654	-0.1280572487	-0.1307927023	-0.1311808596	0.3875237877	0.4392651645	-0.07941307525	-0.07892815137	-0.08003620885	0.3857336048	-0.07857227821	-0.07931088057	-0.1313485359	-0.07702680892	0.2763561896	0.2663496751	-0.07874025598	-0.1318748019	-0.1317916449	-0.1309266074	0.2612169962	-0.1325313263	-0.1304223769	-0.129402457	-0.07766854519	-0.07919049625	-0.1315499104	-0.1308037022	-0.1302453707	-0.07908785835	-0.1303893284	-0.1334288412	-0.1307969394	-0.1319414248
-0.03690577429	-0.03712400778	-0.03840481871	-0.03312341754	-0.1124023999	0.008744870678	0.02972559082	0.1286557728	0.03102722461	0.02987324831	0.02998285049	0.006647413411	-0.03830962807	-0.03732643188	0.007381887233	0.007284181541	0.005535891981	0.006590241843	-0.01526498066	-0.01572888614	0.1378080989	0.1430109796	0.1430036758	0.007391305844	0.005417595567	-0.01397628933	-0.01433354323	-0.01487714065	-0.01478437869	-0.01526233837	0.12800505	0.1248454302	0.1222885056	0.1189137119	-0.01272477476	0.03006306168	0.02962607452	-0.1129718743	-0.1125614735	-0.1124799741	-0.1118616168	0.04410747703	-8.590205449e-05	-0.02831212287	0.001207864401	0.244260763	0.04412814742	-0.1128383399	0.2965691708	0.002466508629	-0.03747555599	-0.01510830656	-0.03926674034	-0.01623289139	-0.0393488429	-0.03816385439	-0.0387945072	0.1150210717	-0.03748489275	-0.03836104342	0.00872034478	-0.01582937514	-0.01544799608	-0.03850609158	-0.03207570301	-0.03269904754	-0.03306290305	-0.03213653778	-0.03234771775	-0.03299431282	-0.113337207	0.04392594465	0.04392594465	0.04392594465	-0.01587338267	-0.01589406945	-0.03606615387	0.04432142611	-0.01608085028	0.2335228496	0.224813183	-0.1127101595	-0.1122182736	-0.01552335627	-0.1126203888	-0.1125747322	0.2962562522	0.04404204185	-0.03917044616	-0.1147835442	-0.1140799964	-0.04032262117	-0.1136941574	-0.1140906603	-0.1143458642	-0.03960310168	-0.03907379246	-0.1113059144	-0.03632311244	-0.1150033602	-0.1138564102	0.2251556377	-0.1136850712	-0.1119690985	-0.1135527071	-0.03783777789	-0.1149698116	0.2228321384	-0.1138311737	-0.03742496569	-0.113856616	-0.03815936568	-0.03670910496	0.1720487873	0.1946544097	0.3855808522	0.400431593	0.1600294042	0.222378358	-0.1128357098	-0.1152794515	-0.1141056797	0.05348024113	-0.113679051	-0.1146154735	0.2253630715	-0.1106592532	-0.110940182	-0.1143371174	-0.1133649365	0.1368414997	-0.1125378737	0.1934107116	-0.1092779458	-0.03390227568	0.2223461818	0.1697342602	-0.1110395879	0.392739182	-0.1153948522	0.2235107434	-0.1125221868	0.2253530754	-0.1146643431	-0.1141366376	-0.1140752602	-0.1134859599	-0.1123410908	-0.1112499053	-0.1120406184	-0.1127577915	-0.03692499467	-0.1104292408	-0.1140695057	-0.1121686977	-0.114506675	0.3930102938	-0.1104368233	0.165729738	-0.03691128962	-0.1144215904	-0.03672948696	0.2215387867	0.5646062047	-0.1131580326	-0.03662605088	0.3890932477	-0.1107361051	-0.1097600501	-0.09900480864	-0.1107105336	-0.03351489768	-0.113869321	-0.1143170877	-0.0350738131	-0.03816919735	0.2939726869	-0.03395940743	0.01455935542	0.2909805868	-0.110569818	-0.113366443	-0.1120159938	0.2937250066	0.232973409	-0.03905327726	-0.03557932448	-0.03985933148	0.2958774709	-0.03508758637	-0.03786416298	-0.1132705898	-0.03828621817	0.200686441	0.3370092797	-0.03878805284	-0.1121664763	-0.1141683492	-0.1125769314	0.2279585962	-0.1140457853	-0.1138860009	-0.1125943511	-0.03912204722	-0.03597753431	-0.1130305657	-0.1130137832	-0.1115351554	-0.03999790058	-0.1121755173	-0.1148074352	-0.1124472634	-0.1130784805
0.01601220171	0.01647329296	-0.01116531831	-0.01430754406	0.09726992499	-0.03425780819	-0.08025850853	-0.1266288412	-0.08099484899	-0.08024671598	-0.08054470865	-0.04668100168	0.01555940258	0.01483980078	-0.04662585261	-0.04631596345	-0.04656973856	-0.04756105342	-0.03095880453	-0.03087925022	-0.1300896404	-0.1372119024	-0.1373493033	-0.04842882116	-0.04682389992	-0.02776800391	-0.03043496196	-0.03057096453	-0.03146807577	-0.03014097254	-0.1138276175	-0.08961881583	-0.1096446058	-0.1102239488	-0.02760340894	-0.08032863251	-0.08076946491	0.1014895275	0.1004925725	0.1003196949	0.09903189836	-0.07756100803	-0.04675061478	-0.01017557414	-0.03085063638	-0.1979131397	-0.07767620259	0.09713951862	-0.1988637924	-0.03985684549	0.01775212417	-0.03186381797	-0.01321083972	-0.03138325546	-0.01224520745	0.01584104121	0.01569179449	-0.1206381067	0.01597654305	0.01659490683	-0.03224435984	-0.03142113778	-0.03141354986	0.01590639887	-0.01430322219	-0.01415490396	-0.01416449834	-0.01480935597	-0.01403759991	-0.0139028642	0.09990141027	-0.07787840536	-0.07787840536	-0.07787840536	-0.02898577249	-0.02859886442	0.01558873314	-0.07789051875	-0.03150294425	-0.1901791877	-0.1850331928	0.09750807547	0.09762371995	-0.031624775	0.09790092951	0.09740312628	-0.198523662	-0.07789817311	0.01469858449	0.1072862948	0.09882250001	0.01449746413	0.1075009255	0.09670238791	0.09679521239	0.01449884031	0.01553877001	0.1011175132	0.01849697286	0.09714833744	0.09734423284	-0.185098333	0.0956948533	0.09470918263	0.09520236681	0.01440087335	0.09582323661	-0.1454312314	0.09655427965	0.01929722892	0.09498689834	0.01362446147	0.01756752054	-0.06700701476	-0.143854536	-0.1046254563	-0.1175761007	-0.08052091233	-0.1404504137	0.1074326369	0.1066545226	0.1083717542	-0.0791933049	0.09531324353	0.0961775747	-0.1850705683	0.09470037135	0.1005321909	0.09540801545	0.09460766697	-0.07368266278	0.09669860634	-0.1411581505	0.103355158	0.01939766027	-0.14021086	-0.07122365114	0.1129323604	-0.1218590705	0.09580579078	-0.140269083	0.1007164305	-0.1849008953	0.09585697513	0.09539982232	0.09563086839	0.09594843878	0.1006257966	0.101988712	0.1006545391	0.1002090959	0.01925374013	0.1018583218	0.09658767753	0.09906719326	0.09615050819	-0.119438588	0.09433093779	-0.0610360539	0.01505563173	0.1066971939	0.01319946013	-0.1309642488	-0.1131580326	0.1268459799	0.02091133343	-0.1093287444	0.1016873225	0.1017123228	0.0832165652	0.1019846239	0.01027228103	0.09624440238	0.0968522019	0.01988213715	0.0146129137	-0.1979631328	0.02058894797	-0.04562476642	-0.1949104271	0.09703876988	0.09500998624	0.1033964627	-0.1975044744	-0.1402028886	0.01450779283	0.01896903092	0.01373796927	-0.194725237	0.01959663398	0.01583764927	0.09705529716	0.01328635447	-0.1501176418	-0.1235083139	0.01508097781	0.1008062062	0.09615505038	0.1028355251	-0.141955758	0.09688312785	0.09645222317	0.09732262451	0.01313009707	0.0193860108	0.09620132494	0.09551692876	0.1011600021	0.01598540286	0.1016065597	0.0961214779	0.1011989488	0.09584845251
0.1148260353	0.1146078018	-0.02756496256	-0.03464727187	0.01647029432	0.01496531852	-0.04924128515	-0.06640065352	-0.04929830086	-0.04922949261	-0.04966335022	-0.01185955969	0.1143732361	0.1137894993	-0.01180441062	-0.01081519671	-0.01174829657	-0.01178855678	-0.07752046774	-0.07784850827	-0.07244288677	-0.07668827251	-0.08024600948	-0.01170526987	-0.01159486308	-0.07623177642	-0.07781181486	-0.07781195249	-0.07816560393	-0.0781971502	-0.04925175143	-0.02640159925	-0.04858264308	-0.04714259715	-0.0762030464	-0.04958313903	-0.04907291678	0.01674981326	0.01643218302	0.01598757555	0.01687361819	-0.04898935376	-0.0127443625	-0.02752627304	0.0008747510083	-0.1313633866	-0.04883281842	0.01633988795	-0.1293967881	-0.022284457	0.1149355783	-0.07869721108	-0.02933875408	-0.07835251352	-0.0289165816	0.1147907397	0.1161980611	-0.07943101201	0.1141574133	0.113778361	0.01589184727	-0.07866212574	-0.07824694297	0.1133615829	-0.03400715219	-0.03381530702	-0.03468361804	-0.03461144676	-0.03414330197	-0.03424643725	0.0166562105	-0.04903502118	-0.04903502118	-0.04903502118	-0.0790799244	-0.07869301633	0.1149863309	-0.04959059437	-0.07806460746	-0.1258103234	-0.1207290566	0.01665332978	0.01614476453	-0.0773712485	0.0172371638	0.01755455026	-0.1285939478	-0.04919065389	0.1141917428	0.01466641347	0.01775113944	0.1137188925	0.01447344932	0.01576689229	0.01585971677	0.113040944	0.114392908	0.01963855777	0.1173108064	0.01485419232	0.01532181762	-0.1207941969	0.01462349274	0.01458887671	0.01413100624	0.112807112	0.01611052554	-0.09009418191	0.01439599948	0.1175676027	0.01473072747	0.1128458899	0.1177400036	-0.04645139255	-0.08824575659	-0.02802972751	-0.04158757877	-0.02858048661	-0.08620028386	0.01617140504	0.01403464127	0.01697465745	-0.03418199165	0.01577090667	0.01524207908	-0.121123398	0.01494995614	0.01959669532	0.01515184459	0.0135363064	-0.04823590236	0.01596102937	-0.08554937112	0.02017201189	0.1199777382	-0.08691178482	-0.04998870418	0.02085593888	-0.04654987338	0.01527789001	-0.0872417377	0.01828642042	-0.1204608942	0.01519320941	0.0139208669	0.01455950782	0.01474121326	0.01846751643	0.02050975655	0.01917558371	0.01893265618	0.1188827634	0.02024350148	0.01470112726	0.01799583269	0.01507914762	-0.04399352592	0.01570514632	-0.04401292039	0.1134618704	0.01570769201	0.1131002133	-0.07793690352	-0.03662605088	0.02091133343	0.1346703115	-0.03198157297	0.0210235568	0.02023336743	0.01044544386	0.02050566845	0.1101730342	0.01530890676	0.01523738154	0.1203263501	0.1145136668	-0.1287678584	0.1202179712	0.007674308796	-0.1271648061	0.01746192376	0.01458900025	0.02137404746	-0.1285277375	-0.08785486803	0.1131857614	0.1184621892	0.1136387224	-0.1234919883	0.1205843067	0.1143797529	0.01584807164	0.1125077829	-0.1164726228	-0.04751979201	0.1144440663	0.01972905046	0.01514574352	0.01959032532	-0.08729803332	0.01513244253	0.01497326775	0.01597953405	0.1122156605	0.1198302237	0.01567342418	0.01539662284	0.01886585694	0.1138994516	0.01999173938	0.01477838743	0.0193123985	0.01522499123
-0.03321235103	-0.03397404433	-0.03783628931	-0.0375818913	-0.111280752	0.01230242898	0.02078357369	0.1283482296	0.02113415283	0.02011990494	0.02036150862	0.005993158255	-0.03611071927	-0.03471992823	0.007135226927	0.006901656285	0.005017501775	0.006335891068	-0.02339180808	-0.02521436307	0.1367379175	0.1393922175	0.1416700959	0.006872915638	0.004763340411	-0.02210311675	-0.0234114253	-0.02395502272	-0.02383773879	-0.02352503074	0.1257204154	0.1237835802	0.1198494208	0.1171725372	-0.02234611664	0.02044171981	0.01959715602	-0.1115881552	-0.1106830009	-0.1112321199	-0.1103420328	0.04087178782	-0.002234671663	-0.03263473169	-0.0009409052078	0.2453477582	0.04089245821	-0.110775296	0.2994474044	0.003578497826	-0.03527664719	-0.02282753912	-0.03896994085	-0.02490317861	-0.0387803135	-0.03514975589	-0.03537281385	0.1112664446	-0.03415270285	-0.03586588275	0.01254963298	-0.02395620256	-0.02398241835	-0.03494853328	-0.03676237974	-0.03729338625	-0.03707025503	-0.03672505371	-0.03649675746	-0.03677346183	-0.1112741632	0.04069025544	0.04069025544	0.04069025544	-0.02440780494	-0.02388503192	-0.03250859557	0.04094987195	-0.0247511375	0.2348982373	0.2280906801	-0.1103753857	-0.1105628246	-0.02392191359	-0.1116442645	-0.111462743	0.3009007301	0.04067048769	-0.03602048271	-0.1121770406	-0.1121528175	-0.03676506287	-0.1124463033	-0.113250401	-0.1118752255	-0.03631727328	-0.03619555891	-0.1089711406	-0.03290141909	-0.1132120463	-0.1117933663	0.2280255399	-0.1123013521	-0.1101777845	-0.1113537983	-0.03631819385	-0.1124991729	0.2190529893	-0.1123115896	-0.03400327234	-0.1124728969	-0.03609632183	-0.03342327656	0.1753346157	0.1938642896	0.3865486451	0.3956802406	0.1657608017	0.223897942	-0.1110796439	-0.1126729478	-0.111635041	0.04820657766	-0.1125670618	-0.1126882946	0.2277484741	-0.109101965	-0.1095564629	-0.1127930114	-0.1114377576	0.1329361444	-0.1111541546	0.1889522378	-0.1076224968	-0.03088817718	0.2256320102	0.1636454071	-0.1087048142	0.3794411551	-0.1138752682	0.2240850406	-0.1107308728	0.2287664374	-0.1130088941	-0.1128887834	-0.1121480813	-0.1118305109	-0.110006317	-0.1090509965	-0.1095699797	-0.1099487721	-0.03323157142	-0.1079586021	-0.1122781917	-0.1109208436	-0.1120360363	0.3985974951	-0.1083737795	0.1679908115	-0.03389719112	-0.1126302765	-0.03453057816	0.2146347438	0.3890932477	-0.1093287444	-0.03198157297	0.5657427526	-0.1077220066	-0.1089197908	-0.09686981827	-0.1087833547	-0.03028290256	-0.112349737	-0.1126616387	-0.0312445249	-0.0352909638	0.2984812998	-0.03067357903	0.01254645076	0.2952937337	-0.1085067742	-0.1111430122	-0.1085943005	0.2977350209	0.2260693662	-0.03631090866	-0.03242936103	-0.03684523298	0.3001143539	-0.03166589302	-0.03471419953	-0.1107999511	-0.03486452482	0.2049710007	0.3292952075	-0.03604568424	-0.1105110273	-0.1126487652	-0.1105138875	0.227440206	-0.1122544713	-0.112094687	-0.1097161175	-0.0364910216	-0.03255584095	-0.1119185765	-0.1117659291	-0.1092003817	-0.03684793713	-0.1092972838	-0.1128802563	-0.1105200845	-0.1114230315
0.01612442508	0.01563446169	-0.01132482483	-0.01555397018	0.09656695866	-0.03319453017	-0.0800104202	-0.125973158	-0.08061089571	-0.08027035756	-0.08070421517	-0.04697637316	0.0160792208	0.01427269941	-0.04637776429	-0.04674719988	-0.04632165023	-0.04704123519	-0.03269874011	-0.03239740625	-0.1302491469	-0.136963814	-0.1361501603	-0.04804486789	-0.0473910013	-0.02928615993	-0.03290417264	-0.03127393086	-0.0327145019	-0.03233845332	-0.1145305838	-0.09005005226	-0.1104648517	-0.1116062399	-0.02952915982	-0.08035227409	-0.08106483638	0.09725407245	0.09616995881	0.09679491809	0.09778547223	-0.07717705476	-0.04731771616	-0.01196546007	-0.03179565337	-0.1975291864	-0.07715638437	0.09616482239	-0.198615704	-0.03974462212	0.01582637329	-0.0339254338	-0.0132344813	-0.03366665084	-0.01362749853	0.01513807488	0.01539642301	-0.1199824235	0.01559166812	0.0153484807	-0.03221805107	-0.03293929381	-0.03238824609	0.01547516244	-0.01596306596	-0.01553719503	-0.01500915241	-0.01578987498	-0.01460470129	-0.01488140566	0.09716046969	-0.07735858713	-0.07735858713	-0.07735858713	-0.03091152337	-0.03038875035	0.01488576681	-0.07723483557	-0.03220591058	-0.1894562129	-0.1835623199	0.09650961767	0.09624142887	-0.03246360627	0.09746969309	0.09697188985	-0.1978679788	-0.07724248994	0.01453907797	0.0952003519	0.09798366873	0.0145237729	0.09527911764	0.1048306433	0.09437595206	0.01270895438	0.01554648188	0.09987108706	0.01888092613	0.09617364121	0.1038421089	-0.1833557303	0.09621467153	0.09468554105	0.09490699533	0.01356204207	0.09566373008	-0.1440962235	0.09517198857	0.01940945229	0.1046096682	0.01382753551	0.01700041916	-0.06675892644	-0.142519528	-0.1046490979	-0.1161052278	-0.0808162838	-0.1399305955	0.09640393433	0.09440303552	0.09734305169	-0.07799416193	0.1060171378	0.1063438044	-0.1838207964	0.1054100608	0.1111060155	0.1051666503	0.09271159532	-0.07329870951	0.09640323486	-0.1398231426	0.1022445968	0.02021484329	-0.1390117171	-0.07233421232	0.1010884682	-0.1207957925	0.09528863975	-0.1401568596	0.09919827447	-0.1835658874	0.09528987375	0.09374580134	0.09424857731	0.0948378776	0.09910764057	0.1006064209	0.1010384924	0.09923439969	0.01923009855	0.1014270854	0.09605025539	0.09863595683	0.09599100166	-0.1176959852	0.1046330324	-0.06071426524	0.0146243953	0.09526089655	0.01336163385	-0.1299009708	-0.1107361051	0.1016873225	0.0210235568	-0.1077220066	0.1276138864	0.1121502824	0.09373655646	0.1113356639	0.01024863945	0.1069540919	0.1060987304	0.01999436052	0.01445340717	-0.1978509094	0.0205653064	-0.04469735335	-0.1946623388	0.1077484594	0.1049656575	0.1020141716	-0.1973390586	-0.1391396106	0.01462001621	0.01813019964	0.01412192254	-0.1946130136	0.02011645221	0.0154377663	0.09558709148	0.01258338814	-0.1454755135	-0.1227167658	0.01532906613	0.1003691746	0.09491503298	0.1005021794	-0.1413000749	0.09631602647	0.09398301249	0.09594033343	0.01272853988	0.01868304447	0.09577008852	0.09486391278	0.1001853058	0.01419551693	0.09940907896	0.09405986207	0.09968079274	0.09473789133
0.01506250581	0.01579532696	-0.01238674411	-0.01580069976	0.09523330948	-0.03425644945	-0.08025714978	-0.125132968	-0.08072176034	-0.08078881704	-0.08095094475	-0.04681550788	0.01488143658	0.01419209854	-0.04730381861	-0.04753738925	-0.04738356951	-0.04810315447	-0.03218023034	-0.03250827087	-0.1285937672	-0.1349008395	-0.1357175652	-0.05005784182	-0.04763773087	-0.02735905031	-0.03179225271	-0.03165652538	-0.03255363662	-0.03163412825	-0.113146934	-0.08893813233	-0.108809472	-0.1099508601	-0.02705859039	-0.08059900366	-0.08103983606	0.09741493773	0.09641798274	0.09692442992	0.09672355296	-0.07592926988	-0.04674925604	-0.009223160738	-0.03112100753	-0.195058617	-0.07590859949	0.09551049796	-0.1953299449	-0.03999135169	0.01557964371	-0.03349283862	-0.01301538819	-0.03246881631	-0.0127873085	0.01366856076	0.01494001724	-0.1188705036	0.01380406259	0.01550934598	-0.03197127119	-0.03264256358	-0.03236324576	0.01346218851	-0.01566633573	-0.01551219471	-0.01579934178	-0.01576487465	-0.01580248551	-0.01526142455	0.09555509061	-0.07611080226	-0.07611080226	-0.07611080226	-0.02993546839	-0.03009202012	0.01400001692	-0.0759870507	-0.03190918035	-0.1875291033	-0.1821786701	0.09555220989	0.0957229694	-0.0328462008	0.09654363876	0.09686102523	-0.1952615444	-0.07599470506	0.01306956384	0.09505980804	0.0967858845	0.01300430842	0.09377992428	0.104040454	0.09516619174	0.01246222481	0.01354245894	0.1013906018	0.01646035735	0.09483999204	0.1034595143	-0.1827872701	0.09488102235	0.09335189188	0.09466026576	0.0130435826	0.0952837112	-0.1433918984	0.09465352909	0.01793993816	0.1046820931	0.01294649547	0.01498744524	-0.06496768176	-0.1431738525	-0.1031295831	-0.1159443625	-0.07970436388	-0.14031319	0.09561374495	0.09442803584	0.09668872727	-0.0790560812	0.1056748477	0.1071839944	-0.1826236404	0.1042122766	0.1109951509	0.1050557857	0.09257105146	-0.07191505968	0.09540336929	-0.1395264123	0.1043696251	0.01980661387	-0.1387149868	-0.06986364289	0.1012493334	-0.1198197375	0.09539955468	-0.1395883995	0.09827222014	-0.1829974273	0.09463554932	0.09322734186	0.09400184774	0.09513460783	0.09858918109	0.1009031511	0.1017428175	0.09776488557	0.01952682878	0.1009086259	0.09441519707	0.09947614686	0.09438562258	-0.1178068499	0.1034352482	-0.05973821027	0.01369834097	0.09487830202	0.01224976423	-0.1298759705	-0.1097600501	0.1017123228	0.02023336743	-0.1089197908	0.1121502824	0.1326908902	0.09278550811	0.1125834487	0.01073946247	0.1062997674	0.1050054577	0.0209704155	0.01366321779	-0.1947010152	0.01963925207	-0.04616686747	-0.1918687697	0.1053278906	0.1047198102	0.1032619565	-0.1943250294	-0.1389787453	0.01345249574	0.01638895561	0.01360346307	-0.1918002183	0.01919039788	0.01461622347	0.09529041156	0.01253075135	-0.1442740902	-0.1214689809	0.01318022725	0.09930725533	0.09432276225	0.1003913147	-0.1411392096	0.0952541072	0.09523079737	0.09379149456	0.01190867127	0.01762112519	0.09484403419	0.09375204316	0.09953098141	0.01354119251	0.100249269	0.09476418714	0.09956992812	0.09385214144
0.00987766805	0.009291573792	-0.01398782337	-0.01521161731	0.08323903988	-0.03089495297	-0.06900138699	-0.1091225728	-0.06946599755	-0.06926132435	-0.06874412731	-0.04351985244	0.00984190549	0.01290068988	-0.04349033827	-0.04334771681	-0.04376187883	-0.04304125468	-0.02728195952	-0.02711649061	-0.1128435662	-0.1156379061	-0.1146365875	-0.04067278559	-0.0434725804	-0.02775242526	-0.0284384467	-0.02803098947	-0.02630342218	-0.02828032224	-0.1004649247	-0.0766732962	-0.09723873542	-0.09892196618	-0.02742056259	-0.06866391612	-0.06896888357	0.08367445334	0.08356591632	0.08337573519	0.0838726605	-0.0466175679	-0.03941785569	-0.0152231882	-0.02382769161	-0.1707591781	-0.04659689751	0.08326452803	-0.1694148667	-0.03790933723	0.009036156451	-0.02701484885	-0.01205480889	-0.02836121324	-0.0126221434	0.008922720598	0.01057036919	-0.1028755495	0.0103597128	0.009281748624	-0.03066154567	-0.02823724847	-0.0275149253	0.009228405405	-0.01534898318	-0.01465138236	-0.01466679953	-0.0149040623	-0.01494167317	-0.01494664764	0.08230423274	-0.04679910028	-0.04679910028	-0.04679910028	-0.02454368813	-0.02551542956	0.009789676443	-0.04640361882	-0.02869123929	-0.1634571741	-0.1586252067	0.08339450898	0.08402045926	-0.02867720509	0.08380372501	0.08334245151	-0.1696193867	-0.04641127318	0.009404234556	0.08327563416	0.08364589756	0.008684610717	0.08463722292	0.09138688918	0.08246121653	0.01050484652	0.009268371397	0.08140032974	0.009373410291	0.08208196505	0.09107767946	-0.1575784333	0.08368321852	0.08637135567	0.08189535799	0.008809799492	0.08323477763	-0.1240399945	0.08268279411	0.009440036259	0.09524186258	0.008850792269	0.0114889116	-0.05787212246	-0.1240837252	-0.09210615922	-0.1038644378	-0.07049264389	-0.1204565794	0.08352863399	0.08533195378	0.08326948877	-0.06450653494	0.09298097853	0.09227776312	-0.1581567091	0.09841459347	0.09272369855	0.09259954939	0.08598077353	-0.06757268824	0.08498068135	-0.1231061595	0.08341612174	0.0107387302	-0.1203365681	-0.0620433251	0.08221011599	-0.1079493781	0.08198075054	-0.1205469786	0.08157410959	-0.1577885905	0.08211784949	0.08318901485	0.08243520255	0.0820013303	0.08395467969	0.0815543923	0.08336784453	0.08293363634	0.008420329984	0.08389392443	0.08346874659	0.0839586921	0.08243590451	-0.1049493781	0.1031471212	-0.05278941075	0.009552826895	0.08401550356	0.01305350123	-0.1130507545	-0.09900480864	0.0832165652	0.01044544386	-0.09686981827	0.09373655646	0.09278550811	0.1464066635	0.09417613148	0.01994875	0.09269514801	0.0933274695	0.0101612815	0.008828568349	-0.1695818094	0.009844447726	-0.03736582344	-0.1660937705	0.09744156955	0.09584762093	0.08230717141	-0.1683272786	-0.1211136654	0.00860910184	0.010796523	0.009147466052	-0.1662927349	0.01015391696	0.009703115612	0.08372194014	0.01114894201	-0.1256980641	-0.1084040353	0.0100182835	0.08325706679	0.08302143825	0.08216728699	-0.1224092526	0.08166760308	0.08466243608	0.08607375768	0.01081462627	0.009064185644	0.08144192282	0.08276341557	0.08459270649	0.009095245907	0.08330506344	0.08197475741	0.08308924213	0.08420524561
0.01492721198	0.01525243829	-0.01197857813	-0.01552839873	0.09567527918	-0.03479933812	-0.0801207137	-0.1255399917	-0.08099291911	-0.07997305621	-0.08067864372	-0.0458638821	0.01528960255	0.01351334491	-0.04662392274	-0.04644989853	-0.04670367363	-0.04755912354	-0.03150033446	-0.03169251004	-0.1300877105	-0.1358276107	-0.1361245889	-0.04801929644	-0.0466861051	-0.02749434413	-0.03084062693	-0.0309766295	-0.0320096057	-0.03109009732	-0.1136898227	-0.09056794061	-0.1095068109	-0.1104937488	-0.02800907391	-0.08046256759	-0.08049580513	0.09660031915	0.09546749921	0.09651740619	0.09672412408	-0.07633629361	-0.04769973956	-0.009630184464	-0.03139216631	-0.1960091005	-0.07645148817	0.09523933919	-0.1972314831	-0.03931145582	0.01544434989	-0.03226948295	-0.0130730449	-0.03178892044	-0.01265087242	0.01475605148	0.01528612951	-0.1205003118	0.01480204987	0.01510232225	-0.03319348462	-0.03152126914	-0.03141161999	0.01495727409	-0.01511648202	-0.01537575863	-0.01620054272	-0.01616607559	-0.01485085974	-0.01499169916	0.09637085144	-0.07665369093	-0.07665369093	-0.07665369093	-0.02979903232	-0.0295479892	0.01481577775	-0.07652993937	-0.03163687933	-0.1878675537	-0.1835284172	0.09601549089	0.09531594567	-0.03257389977	0.09545729028	0.0967257314	-0.1969368547	-0.07653759374	0.01374945971	0.09478864926	0.09624299583	0.01409179915	0.09500327996	0.1034975653	0.09516676286	0.01341385058	0.01449408471	0.09989665851	0.01822717283	0.09443296831	0.1034600855	-0.1830584289	0.09515332338	0.0936241929	0.09398151213	0.01263655887	0.09555343658	-0.1437989221	0.09451823527	0.01780464434	0.1046352397	0.01267533669	0.01852050507	-0.06646162508	-0.1433091463	-0.1038083367	-0.1177100358	-0.0801113876	-0.1394974292	0.09602191093	0.09483620182	0.09600997364	-0.07824032038	0.1056754189	0.1056900511	-0.1832517651	0.1049287022	0.1124902364	0.1050563568	0.09272735458	-0.07395246281	0.09507015681	-0.1399334361	0.1015908435	0.01953545509	-0.1388502807	-0.07190104602	0.1017933644	-0.1215854108	0.09472080105	-0.1393160985	0.1000390356	-0.183540316	0.09436439055	0.09353344661	0.09400241886	0.0941841243	0.09804629241	0.1010395872	0.1020151185	0.09871651134	0.02034258961	0.1025395765	0.0952309579	0.09934085303	0.09452205866	-0.1184856035	0.104251009	-0.06068869379	0.0142423719	0.09487887315	0.0121144704	-0.1306905891	-0.1107105336	0.1019846239	0.02050566845	-0.1087833547	0.1113356639	0.1125834487	0.09417613148	0.1276650293	0.01068180575	0.1042623643	0.1050060288	0.02232963612	0.01488657347	-0.1963308235	0.0204550129	-0.0449435118	-0.1930909831	0.1069588411	0.1047941925	0.1016321482	-0.1960080301	-0.1399292288	0.01345306686	0.01856336594	0.01373989914	-0.1931582967	0.02027788861	0.01529611935	0.09610617238	0.01233722969	-0.1462651318	-0.1230987892	0.01453944788	0.1001230162	0.094119006	0.1021581302	-0.1404593137	0.09457535357	0.09400858394	0.09664522964	0.01286029705	0.01911621077	0.09487840903	0.09470366893	0.09980328243	0.01422108838	0.1002498401	0.09490062322	0.1014726085	0.09466790227
0.1104829134	0.1100655933	-0.0281561926	-0.03338669697	0.01348732845	0.01524823844	-0.04486482234	-0.06073588227	-0.04510384581	-0.04476330766	-0.04370265082	-0.00777046893	0.1110061629	0.1129874694	-0.008621063601	-0.008582904343	-0.008386179879	-0.00855756044	-0.07541943152	-0.07454611389	-0.06608548735	-0.07005914319	-0.07073856728	-0.005621109579	-0.008547381013	-0.07591841093	-0.07536992109	-0.07523419376	-0.07368249781	-0.07670307299	-0.04355313512	-0.02254933634	-0.0418496587	-0.04052689242	-0.07561795102	-0.04466321642	-0.04388126426	0.0121146446	0.01324644299	0.01223232471	0.01114078506	-0.0385122716	-0.009434638561	-0.03179834963	0.003140637708	-0.1221033211	-0.03849160121	0.01338191611	-0.1194631657	-0.02235948753	0.1092603075	-0.07357433622	-0.02570466104	-0.07536011432	-0.02654377676	0.109367107	0.1105439391	-0.07211166311	0.1107200352	0.1098395959	0.01536187852	-0.07540180417	-0.07593767605	0.1088161364	-0.03396785533	-0.03328019968	-0.03405165005	-0.03334936536	-0.03437724152	-0.03434451185	0.01068421573	-0.03869380398	-0.03869380398	-0.03869380398	-0.07564166507	-0.07642989223	0.1097818765	-0.03843418747	-0.07576008514	-0.116334284	-0.1118759452	0.0117667481	0.01329766362	-0.07578744915	0.01189684446	0.0129456911	-0.1190679203	-0.03817011193	0.1112501751	0.0126641815	0.0113239005	0.110083897	0.01310289277	0.01276127113	0.01270052052	0.1106725747	0.1095063263	0.01005643718	0.1090541015	0.01230230882	0.01209060937	-0.1116197744	0.01150315541	0.01466607659	0.01300250036	0.1105601923	0.01285108518	-0.08473231855	0.01184860209	0.1084230647	0.01446355411	0.111222702	0.1097300346	-0.04270658348	-0.08185520146	-0.02379727235	-0.03744333925	-0.02646803738	-0.08121128296	0.01155805977	0.01379246193	0.01089028525	-0.02992781019	0.01233269663	0.01185001186	-0.1114890146	0.01551335341	0.009772832623	0.01131317822	0.01472279703	-0.04443251541	0.01395260568	-0.07938523498	0.01129920385	0.1233327756	-0.08205864887	-0.046581779	0.009537561727	-0.041998039	0.01188963033	-0.08162106136	0.01077226188	-0.1111506068	0.01184404691	0.01367544946	0.01356686689	0.01216109765	0.01220113646	0.01060825674	0.009545813795	0.01194487865	0.1083795759	0.01074959652	0.01237975431	0.013732179	0.010056701	-0.03929964263	0.01684501592	-0.04245844627	0.1124692295	0.01303936077	0.1146357763	-0.07121538625	-0.03351489768	0.01027228103	0.1101730342	-0.03028290256	0.01024863945	0.01073946247	0.01994875	0.01068180575	0.1562096834	0.01178097459	0.01315865291	0.1106383524	0.1234394055	-0.1191059659	0.1089578219	0.009137399375	-0.117948048	0.01391057361	0.01400318573	0.01016004096	-0.1187831725	-0.07900656722	0.1118217563	0.1194443009	0.1096820466	-0.1148893664	0.1112262667	0.1113952806	0.01227712959	0.1147555446	-0.1097900853	-0.0427321166	0.1087794045	0.01022456699	0.01157166853	0.01036815026	-0.08279426438	0.01133428696	0.01311861971	0.01337532377	0.1127168311	0.109644909	0.01147410474	0.01336701287	0.01172779895	0.1109963362	0.010215526	0.01150103637	0.01043959046	0.01330971879
0.01706715761	0.01725651896	-0.01228420161	-0.01447537271	0.09873247573	-0.0334745822	-0.07988287738	-0.1274151117	-0.08048335289	-0.08082213949	-0.0804408074	-0.04630537053	0.01742954818	0.01665140085	-0.04611435651	-0.04675552201	-0.04565064761	-0.04623436762	-0.03194182289	-0.03240572837	-0.132365673	-0.1377873259	-0.1374701266	-0.04737386527	-0.04631240382	-0.03364216047	-0.03264076486	-0.03264090249	-0.03299455393	-0.03180331565	-0.1146747709	-0.09128115894	-0.1103558942	-0.1106635073	-0.0332058356	-0.08076819107	-0.08093729356	0.09887612973	0.09869436444	0.09814524547	0.0987636027	-0.07840816144	-0.04641398793	-0.0155062709	-0.02959893265	-0.199032023	-0.07838749105	0.1000965838	-0.1993033509	-0.040432269	0.01772016046	-0.03187777621	-0.01134069413	-0.03209454392	-0.01146198145	0.01825464661	0.01729021019	-0.1213493951	0.0177571852	0.01792159263	-0.03241218849	-0.03240415614	-0.03226070327	0.01668962486	-0.01492217263	-0.01405100271	-0.01455072317	-0.0144395476	-0.01478659252	-0.01421040304	0.09796733726	-0.07858969381	-0.07858969381	-0.07858969381	-0.0301046558	-0.03048593202	0.01664368904	-0.07846594225	-0.03180663786	-0.1913666444	-0.1866955359	0.09813167494	0.09867867585	-0.0324719284	0.09882002046	0.09900154198	-0.1989632205	-0.07847359662	0.01724805484	0.09951002894	0.09790387262	0.01691106953	0.09809428023	0.1090341347	0.097761359	0.01664071581	0.01662507936	0.09633027623	0.01520425035	0.09915434799	0.1084531951	-0.1864889463	0.0989236484	0.09739451793	0.09978981141	0.0172220736	0.09932376161	-0.1479789939	0.09869615515	0.01532518165	0.1095399089	0.01698912152	0.01413893308	-0.06812589807	-0.145652744	-0.1083257736	-0.1193743087	-0.08462882454	-0.1430638115	0.0982977215	0.09942171655	0.09957420401	-0.07745902426	0.1103564941	0.1104114308	-0.1868181474	0.1064509542	0.1070217448	0.1096028672	0.09702127237	-0.07317116669	0.1003349963	-0.141869439	0.09598648694	0.01501801815	-0.142144933	-0.07283893859	0.09632487278	-0.1235214136	0.09923608607	-0.1427466158	0.09592919353	-0.1860197786	0.09881404033	0.09890034732	0.09804447379	0.09904136893	0.09488750498	0.09584282551	0.09464451761	0.09610118371	0.01500996297	0.09612003023	0.09945593344	0.09696200732	0.09747719399	-0.1205574713	0.1046247103	-0.06276056163	0.01760510208	0.09919265798	0.01642825523	-0.1317643466	-0.113869321	0.09624440238	0.01530890676	-0.112349737	0.1069540919	0.1062997674	0.09269514801	0.1042623643	0.01178097459	0.122706104	0.109487032	0.01373625068	0.01680184486	-0.1986744212	0.01512238626	-0.04416221567	-0.1961181197	0.1062456228	0.1088362475	0.09684298136	-0.1983516278	-0.1398974872	0.01817444654	0.01499698366	0.01696676437	-0.1955723904	0.01480939702	0.01746741842	0.09974063246	0.01630781064	-0.1469783501	-0.1236761426	0.01600006875	0.09669249882	0.09795496627	0.09478752932	-0.144025696	0.09820981365	0.09968101827	0.09552441646	0.01737275232	0.01446290888	0.09875079529	0.09873131681	0.0963727651	0.01758381856	0.09546067328	0.09826335339	0.09586825201	0.09799032801
0.01638376046	0.01725244657	-0.01191203261	-0.01505425836	0.09950749366	-0.03269481834	-0.08088660518	-0.1273146726	-0.08082660802	-0.08130125957	-0.08091992748	-0.04624103081	0.01763934447	0.01739016449	-0.04700107144	-0.04764223693	-0.04640149759	-0.0475286774	-0.0315128982	-0.03261311855	-0.1321654683	-0.1382238087	-0.1385397118	-0.04649433584	-0.0473349837	-0.0342571455	-0.03189710039	-0.03244069781	-0.03249809739	-0.03228243573	-0.1146104312	-0.09230373882	-0.1090687699	-0.1097478785	-0.03477187528	-0.08124731114	-0.08046535899	0.0990763344	0.09957389386	0.09944435109	0.09909272292	-0.07888728152	-0.04730070286	-0.0170362112	-0.02930489384	-0.1993752781	-0.07886661113	0.1001970229	-0.1986641979	-0.04196220929	0.01730849322	-0.03243129852	-0.009603070279	-0.0323878487	-0.00905183819	0.01784297937	0.0172861378	-0.1216681283	0.01767539785	0.0168551226	-0.03266939389	-0.03220395146	-0.03273982334	0.01845179682	-0.01550105828	-0.01612440281	-0.01608066347	-0.01501843325	-0.01577307301	-0.01587620829	0.09782739992	-0.07906881389	-0.07906881389	-0.07906881389	-0.02990445112	-0.02978927295	0.01538547864	-0.07894506233	-0.03242162289	-0.1913382428	-0.1859518715	0.09790016672	0.09918670981	-0.03267931858	0.09905632452	0.09913333453	-0.1980523377	-0.0789527167	0.01799171932	0.09998196352	0.09827604163	0.01678972908	0.09951726946	0.10733223	0.09945897281	0.01714874977	0.01749008236	0.09612288605	0.01513272512	0.09867522791	0.1074306152	-0.1861528766	0.09873437355	0.09881750715	0.09863136658	0.01677905291	0.09888074092	-0.1462529213	0.09849597579	0.01566125128	0.1083340395	0.01820155227	0.0147467326	-0.06857366469	-0.1440625364	-0.1086376753	-0.1194144805	-0.08507659117	-0.1424246585	0.09788605426	0.1002014804	0.09875494191	-0.07780227938	0.1087904544	0.1087456255	-0.1862133275	0.1070587537	0.1070860846	0.1100993238	0.09751307399	-0.07290350918	0.09921265084	-0.141230286	0.0956793312	0.01453889808	-0.1420492399	-0.07306203098	0.09570988775	-0.1231539906	0.09789196108	-0.1422433278	0.09721631781	-0.185683709	0.0987425151	0.09828536229	0.09851640836	0.098154654	0.0946801148	0.09522784048	0.09430126248	0.09602965848	0.01412324804	0.0952333153	0.1005601371	0.09770567179	0.09761222142	-0.120869373	0.1069987542	-0.06348005815	0.01889222635	0.09997565671	0.0173904195	-0.1307646544	-0.1143170877	0.0968522019	0.01523738154	-0.1126616387	0.1060987304	0.1050054577	0.0933274695	0.1050060288	0.01315865291	0.109487032	0.1236668002	0.01326672223	0.017670418	-0.1980352682	0.01477913113	-0.04365418172	-0.1952030227	0.107804477	0.1091221455	0.09612823077	-0.1976592824	-0.1383072795	0.01902371221	0.01506132338	0.01813687577	-0.1949332374	0.01446614189	0.0164207205	0.09910718566	0.01732320502	-0.1475967919	-0.1231632629	0.01613186131	0.09499059419	0.09788344104	0.0944442742	-0.1429789482	0.09795212668	0.09866167327	0.09694740568	0.01685534871	0.01493484346	0.09762844985	0.09755263422	0.09604836204	0.01836358242	0.0957967429	0.09873528797	0.09579672678	0.09874358411
0.1143763982	0.113342975	-0.02815046461	-0.03468931411	0.01449004339	0.01451568142	-0.04877596698	-0.06508404626	-0.04924057754	-0.04944349919	-0.049333897	-0.01098664667	0.1136253614	0.1112960523	-0.01161082235	-0.01102920329	-0.0115547083	-0.01253833269	-0.07773447432	-0.0773831901	-0.0717058387	-0.07635881929	-0.0793256719	-0.01232687131	-0.01112954491	-0.07413607884	-0.07734649669	-0.07748249927	-0.07806906205	-0.07759596708	-0.04851470336	-0.02484936148	-0.04716627026	-0.04569012495	-0.07451494367	-0.04911782086	-0.04955865326	0.01639994173	0.01485952694	0.01594937854	0.01628811614	-0.04757298094	-0.01350182888	-0.02525861114	-0.0002894702457	-0.1299412459	-0.04755231054	0.01507506115	-0.1283880101	-0.02260402433	0.1131272917	-0.07945467746	-0.03036795036	-0.07843065515	-0.02868689395	0.1129824531	0.1143277208	-0.07842223404	0.1120773968	0.1134645888	0.01571394007	-0.07874026737	-0.07846094955	0.1120967561	-0.03432092434	-0.03412907916	-0.03458979533	-0.03438175911	-0.03404947927	-0.03374501969	0.01661416825	-0.04775451331	-0.04775451331	-0.04775451331	-0.07861460623	-0.07822769816	0.1134497742	-0.04844595145	-0.07827861404	-0.1235101876	-0.1186333591	0.01567924852	0.01433647793	-0.07772112003	0.015972337	0.01561488482	-0.1278568997	-0.04791014601	0.111803897	0.01312343663	0.01648631264	0.1120464709	0.01360979722	0.01392250631	0.01387946584	0.1120866656	0.1133733033	0.01833763159	0.1153305555	0.01368913109	0.01456435124	-0.1178788022	0.0131867016	0.01291917424	0.01296594501	0.1119498801	0.01457396884	-0.08935713384	0.01313117268	0.1166742713	0.01342980129	0.1117105079	0.1152162929	-0.04449155993	-0.08764457347	-0.02531845224	-0.04098639565	-0.02539786943	-0.08600669559	0.01531417309	0.01385673408	0.0155739657	-0.03561878278	0.01392652068	0.01438484713	-0.1190231931	0.01382142463	0.01992614854	0.01289986375	0.01253678935	-0.04705516006	0.01504174372	-0.0852199179	0.02210589019	0.1215556108	-0.08617473675	-0.04897992621	0.01982674259	-0.0452693655	0.01482825292	-0.08664055458	0.01657789939	-0.117414142	0.01375641828	0.01248407576	0.01312271669	0.01384788193	0.01621553559	0.01920883037	0.01977676683	0.01668067535	0.1185328919	0.0200294949	0.01519612467	0.01669490651	0.01340672597	-0.04284888299	0.01372489539	-0.04218895272	0.1125685391	0.01525805491	0.1242988625	-0.07665639565	-0.0350738131	0.01988213715	0.1203263501	-0.0312445249	0.01999436052	0.0209704155	0.0101612815	0.02232963612	0.1106383524	0.01373625068	0.01326672223	0.1528653881	0.1146074895	-0.1277590804	0.1193246399	0.006273617046	-0.1269712178	0.01534580788	0.01250183454	0.02146787016	-0.1279265544	-0.08670253464	0.1116433691	0.1178405878	0.1117943364	-0.1232375172	0.1312394962	0.1263935919	0.01431151494	0.1228912424	-0.1132900057	-0.04663728737	0.1133093093	0.01910744903	0.01351103373	0.01910458884	-0.0866968502	0.01413934563	0.01340061167	0.01331995836	0.1095127046	0.1182575677	0.01400100253	0.01368810181	0.01715733591	0.1123116251	0.01841908329	0.01279813649	0.01773974242	0.01325433192
0.1172229723	0.1156460893	-0.02743067397	-0.03442417399	0.0185955015	0.0160036061	-0.05064856667	-0.06666013256	-0.05043385248	-0.04982158443	-0.04957611729	-0.01054954221	0.1177573272	0.1165468822	-0.01063025809	-0.01004863903	-0.01039122342	-0.0104785393	-0.07788383954	-0.07721781554	-0.07278642274	-0.07684558086	-0.08110421052	-0.01061992663	-0.0102848456	-0.08008462704	-0.07758871699	-0.07799644946	-0.07857477514	-0.07743059252	-0.05006851749	-0.02943926017	-0.04819520989	-0.04759882403	-0.07978416713	-0.0494959061	-0.04980087355	0.01765223589	0.01697406647	0.01865624254	0.01665011693	-0.05075717447	-0.0115294741	-0.03219431337	0.00174833438	-0.1331254394	-0.05073650407	0.01955201473	-0.1308928789	-0.02378634299	0.1161097308	-0.07834758935	-0.02658012671	-0.07780773539	-0.0249780744	0.1173235417	0.1167667002	-0.08051950797	0.1158286642	0.1154959733	0.01711595015	-0.07830316291	-0.07802384509	0.1150791952	-0.03337645946	-0.03413566894	-0.03445246878	-0.03357315918	-0.03351260924	-0.03415920432	0.01796622798	-0.05093870684	-0.05093870684	-0.05093870684	-0.07899269148	-0.07869464294	0.1167995038	-0.05135841508	-0.07784150958	-0.1271705493	-0.1228156629	0.01761086743	0.01691132221	-0.07796334032	0.01827545138	0.01764178319	-0.1302714055	-0.0509584746	0.1157734902	0.01656694642	0.01735930354	0.1157581851	0.0171421163	0.01739569534	0.01723598193	0.1160283965	0.1170573699	0.01524224734	0.1144090104	0.01838510467	0.0177187547	-0.1224261526	0.01810734942	0.01712167875	0.01625621342	0.1164268337	0.01755640798	-0.091979288	0.0165968296	0.1135788871	0.01649539547	0.1156227839	0.1147493983	-0.04726815861	-0.08843025356	-0.03004421589	-0.04394591495	-0.03279387642	-0.08851156437	0.01684915343	0.01819782271	0.01712752562	-0.03368716387	0.01771994446	0.01741434193	-0.1234346785	0.01490132411	0.01601557459	0.01764564233	0.0153009744	-0.04679001993	0.01725604882	-0.08532627324	0.01449086321	0.1280810032	-0.08886252615	-0.04947757907	0.01510097894	-0.04863647965	0.01738281784	-0.08887369346	0.0163356791	-0.12209285	0.01777306711	0.0167724545	0.01809042017	0.01700228539	0.01447880085	0.01502652652	0.01409994853	0.01526272617	0.1131278034	0.01435267659	0.01738609157	0.0164644939	0.0174760847	-0.04553667239	0.01459148763	-0.04542020191	0.1162664024	0.01851222394	0.1168169409	-0.07796923821	-0.03816919735	0.0146129137	0.1145136668	-0.0352909638	0.01445340717	0.01366321779	0.008828568349	0.01488657347	0.1234394055	0.01680184486	0.017670418	0.1146074895	0.142333647	-0.1299922193	0.1135119566	0.009303111843	-0.1288275202	0.01490080628	0.0173948445	0.01521149268	-0.1301596933	-0.08711148439	0.1162620233	0.1257502645	0.1162185801	-0.1250630612	0.1157804015	0.119493989	0.01856668898	0.1175976006	-0.1177004405	-0.04780405455	0.1162917484	0.01546860499	0.017049858	0.01465055509	-0.08952050454	0.01685005486	0.01728139555	0.01529863294	0.1160811083	0.1143469937	0.01630411691	0.01799567255	0.01560352178	0.1170227691	0.01410091449	0.01663186471	0.01545954787	0.01863927387
-0.1313572859	-0.12994514	-0.05636436337	-0.05203401685	-0.1981585547	-0.01152437813	0.09439125319	0.297042057	0.09433423748	0.09413131583	0.09357120636	0.004040608129	-0.1297721108	-0.1272170807	0.00423162215	0.004133916458	0.003880141351	0.004519205893	-0.002612006794	-0.003526411849	0.3229474044	0.3450779343	0.3583085417	0.004784500562	0.004848764539	-0.00150208514	-0.003761448339	-0.003489856061	-0.002310174493	-0.003467458926	0.2786918172	0.1893912556	0.263647375	0.2637557228	-0.00106576027	0.09418526426	0.09442375661	-0.1985921642	-0.1983176284	-0.1986437237	-0.1974819067	0.1325495057	0.02585824951	-0.03879909527	-0.01069578666	0.6846987567	0.1324343111	-0.1984586297	0.8361117707	0.001912417667	-0.1300249583	-0.001739444481	-0.05579973675	-0.002943497492	-0.05622146795	-0.1297622021	-0.130121125	0.2986998532	-0.1307136198	-0.1307745808	-0.01290755353	-0.003355170942	-0.002837926939	-0.1296968444	-0.05261668172	-0.05242483655	-0.05210936732	-0.0532209763	-0.05329629131	-0.05326356163	-0.1984140371	0.1322321084	0.1322321084	0.1322321084	-0.003670908376	-0.003508724796	-0.1298383408	0.1361600785	-0.003470781134	0.6372837155	0.5989914758	-0.1981138345	-0.1989254831	-0.002913287125	-0.1986482735	-0.1980591571	0.8376991307	0.1347937747	-0.130361199	-0.1994231002	-0.1989494875	-0.1311057792	-0.1987413083	-0.1993033553	-0.1989680438	-0.1306579896	-0.1318949247	-0.1973337991	-0.1294159746	-0.1996725955	-0.1983897805	0.6009799116	-0.197902196	-0.1956872791	-0.1989012671	-0.1303871802	-0.1974652076	0.4288133769	-0.1991041107	-0.129974368	-0.1977106615	-0.1295921692	-0.1278998578	0.2687798658	0.4341981361	0.2748525604	0.3334518152	0.2483368557	0.3981975776	-0.1984559997	-0.1980465774	-0.1986390499	0.09816917859	-0.1988917461	-0.1986053839	0.6015594675	-0.195014461	-0.1984625812	-0.1983270279	-0.1970534378	0.3047658121	-0.1978864337	0.4163750689	-0.1955775604	-0.1279461925	0.3985729962	0.2934136545	-0.1966598778	0.3563290179	-0.1989771679	0.4012320722	-0.1986859365	0.59927524	-0.1986542536	-0.1974472233	-0.1986086305	-0.1996497096	-0.1979613807	-0.1980929797	-0.1963022587	-0.1988548904	-0.1285233424	-0.1959136657	-0.198662006	-0.1979248526	-0.1980889907	0.3375545682	-0.1929322194	0.2483308617	-0.1290530971	-0.1977321762	-0.1285731643	0.390994318	0.2939726869	-0.1979631328	-0.1287678584	0.2984812998	-0.1978509094	-0.1947010152	-0.1695818094	-0.1963308235	-0.1191059659	-0.1986744212	-0.1980352682	-0.1277590804	-0.1299922193	0.8917255275	-0.1270522696	0.008575243676	0.8155509774	-0.1948314584	-0.1977165238	-0.196821094	0.8235436495	0.4428593859	-0.1306213612	-0.1300308361	-0.1299631647	0.8138867579	-0.129539098	-0.1302777004	-0.1983474198	-0.1280468475	0.5290249283	0.3871514976	-0.1309298603	-0.1996888755	-0.1991093144	-0.1977896264	0.410532978	-0.1991045	-0.1970607217	-0.1961766667	-0.129739661	-0.1298855861	-0.1990584504	-0.1994022072	-0.1967478504	-0.1312732486	-0.1969806175	-0.1987973457	-0.1982034182	-0.1982206795
0.1127374055	0.1131984967	-0.02693629336	-0.03442619752	0.01587617896	0.01505052791	-0.04915607575	-0.06584696639	-0.04866963166	-0.04873668836	-0.04917054597	-0.01027983585	0.113235661	0.1118669982	-0.01063228163	-0.01059412237	-0.01098376242	-0.01183152187	-0.07675593359	-0.07640464938	-0.07167835262	-0.07630681125	-0.07961734029	-0.01107660068	-0.01083032894	-0.07397272782	-0.07650382092	-0.07582463379	-0.07706599936	-0.0764815614	-0.04835135234	-0.0256370651	-0.04741051409	-0.0452911434	-0.07299294315	-0.04922619974	-0.04885184243	0.01751434741	0.01638152747	0.01593692	0.01648977002	-0.04822481961	-0.0126591531	-0.02553895435	-0.0004275283566	-0.1305988524	-0.04806828427	0.01547404269	-0.1282246591	-0.02125398814	0.1136621382	-0.0778582747	-0.02892358695	-0.07718038452	-0.02788031755	0.11243038	0.113096323	-0.07904955075	0.1126122433	0.1125294428	0.01543359687	-0.07708240189	-0.07707481397	0.1133109274	-0.03337848299	-0.03400182752	-0.03419081379	-0.03439037241	-0.03351463277	-0.03334219291	0.01565450029	-0.04827048704	-0.04827048704	-0.04827048704	-0.07750020056	-0.07765675229	0.1130335661	-0.04869019528	-0.07702834341	-0.1250457893	-0.1196927926	0.01660267422	0.01419199968	-0.0761991195	0.01609958864	0.01641697511	-0.1272859539	-0.04829025479	0.1116955181	0.01420816307	0.0162703604	0.1112226679	0.01415106386	0.01449345218	0.01349935706	0.1115345925	0.1133911978	0.01972376717	0.1179394756	0.01439594192	0.01513529712	-0.119350338	0.01498043203	0.01308252526	0.01367275584	0.1123488616	0.01402189574	-0.08905791786	0.01420947897	0.1168376224	0.01304969252	0.1111648549	0.1163306985	-0.04473580375	-0.08748122244	-0.02522721911	-0.03946439512	-0.02781595246	-0.08570747962	0.01584901958	0.01439158057	0.0158370823	-0.03491197196	0.01408987171	0.01519142353	-0.1194078092	0.01421997583	0.02008949957	0.0137670615	0.01171940649	-0.04719963831	0.01516899536	-0.08451310707	0.02060276243	0.118976028	-0.08601138572	-0.04786552053	0.02066941837	-0.04510601448	0.01454790971	-0.0871565283	0.01796403497	-0.1195604951	0.01405563425	0.01305502164	0.01301433781	0.01455469276	0.01732994127	0.0199156412	0.019532523	0.01793094598	0.1178810532	0.02127976552	0.0143787418	0.01699412248	0.01394157246	-0.04159861237	0.01443170622	-0.04284079139	0.1146339994	0.01511357665	0.1115550433	-0.07703650442	-0.03395940743	0.02058894797	0.1202179712	-0.03067357903	0.0205653064	0.01963925207	0.009844447726	0.0204550129	0.1089578219	0.01512238626	0.01477913113	0.1193246399	0.1135119566	-0.1270522696	0.1357917849	0.008167113042	-0.1258568122	0.01646021356	0.01259870365	0.02132339191	-0.1270838786	-0.08681860398	0.1113991253	0.1180039388	0.1122294174	-0.1226665713	0.1191750017	0.1137856376	0.01471049649	0.1106776368	-0.114757034	-0.04580420321	0.113164831	0.01927080006	0.01394611466	0.02089831927	-0.08639763422	0.01576111173	0.01369982765	0.01606474344	0.1105591475	0.1195078383	0.01507930882	0.01446931487	0.01881520139	0.1128464716	0.01899002917	0.01350494732	0.01926174295	0.01367982122
0.00929669469	0.008670866343	0.03530482946	0.03759720172	-0.04286496317	0.09699206852	0.07505831646	0.07560342242	0.07525417857	0.07491539197	0.07448153436	0.04720601372	0.009695184642	0.01055347216	0.04726116279	0.0471634571	0.04690968199	0.04822807128	-0.01057472721	-0.01035930795	0.07507845972	0.06444054053	0.06324745393	0.04817549324	0.04679138558	-0.01200333489	-0.01045847949	-0.009779292357	-0.01038015173	-0.01030035502	0.02074258441	0.02478380705	0.02213780119	0.02455841663	-0.01183873992	0.0749693404	0.0750719678	-0.04258544423	-0.04271850321	-0.04266835718	-0.04331583329	0.04078169841	0.08500371744	0.04485406549	0.1498729343	0.003840392252	0.0408023688	-0.04435401904	0.008742186389	0.0759044269	0.009134507842	-0.009677265644	0.03603483488	-0.01045571834	0.03544772487	0.009668993993	0.009445936025	0.04650463889	0.008628072776	0.009768056828	0.09574475807	-0.01022187076	-0.01048601274	0.009598486697	0.0379655915	0.03747811192	0.03752185126	0.03817648663	0.03796530667	0.03813390129	-0.04363010164	0.04060016603	0.04060016603	0.04060016603	-0.01104726428	-0.0109320861	0.009416685922	0.04018045779	-0.009896082381	0.01124173143	0.01510021367	-0.04241019781	-0.0414242486	-0.009882048173	-0.04236982359	-0.04300349178	0.009075358281	0.04030866838	0.007847212521	-0.04303846461	-0.04260664668	0.008325416908	-0.04317186236	-0.04288904045	-0.04391237844	0.009413712695	0.009402822171	-0.04485956783	0.00770551733	-0.04393760537	-0.04360584502	0.01612199304	-0.04259291605	-0.04264594728	-0.04235108729	0.007685366331	-0.04186608244	0.03051821396	-0.04404844537	0.006467799135	-0.04347018585	0.007424949971	0.008134714516	-0.0218955165	0.03603499294	0.01201475287	0.01068474713	0.03564795491	0.031694813	-0.04343558235	-0.04299091206	-0.04385511449	0.06517301274	-0.04306119546	-0.04341385365	0.01620038674	-0.04352781407	-0.04558075503	-0.04406203027	-0.04397314033	-0.0185171582	-0.04283076831	0.0362858093	-0.04554889826	0.008198609888	0.0324778265	-0.02361952811	-0.04432151147	0.01115705054	-0.04364977262	0.03364238807	-0.04471719072	0.01591183591	-0.04468550788	-0.04364814624	-0.04300950531	-0.04350712462	-0.04480782462	-0.04534701855	-0.04505081199	-0.04434268486	0.007239500051	-0.04479808392	-0.04254910031	-0.04395610683	-0.04384851502	0.01086023404	-0.04344701697	-0.0252992372	0.009562909258	-0.04403516033	0.01007552661	0.02777740349	0.01455935542	-0.04562476642	0.007674308796	0.01254645076	-0.04469735335	-0.04616686747	-0.03736582344	-0.0449435118	0.009137399375	-0.04416221567	-0.04365418172	0.006273617046	0.009303111843	0.008575243676	0.008167113042	0.2883018703	0.009753578389	-0.04358001167	-0.04352621969	-0.04489032249	0.008878719787	0.02367636584	0.00918716597	0.008856900142	0.007992368975	0.007713387566	0.007038934101	0.008986277302	-0.04356348439	0.009274900312	-0.006389760613	0.01307639524	0.008365470786	-0.04599185968	-0.04269499952	-0.04517953018	0.03114052335	-0.0421648407	-0.04268438109	-0.04403504819	0.00908011248	0.007235905765	-0.04379769826	-0.04287558018	-0.04357544233	0.007970812746	-0.04559330582	-0.04401341026	-0.0451857271	-0.04446249976
-0.1301618285	-0.1286984128	-0.05489498146	-0.05251379992	-0.1950545793	-0.01112850871	0.09367169273	0.2938449749	0.09320708217	0.09308875568	0.0925286462	0.003204500007	-0.1287125184	-0.1263241116	0.003072514335	0.002890213486	0.002496359301	0.003495963028	-0.001461410455	-0.002324545717	0.3193981693	0.3401455811	0.3507915196	0.003995448106	0.003876791467	-7.975890005e-05	-0.002831312108	-0.002287989929	-0.001384252389	-0.002045132687	0.2741054986	0.1877494736	0.2612348956	0.261842211	0.0002207010191	0.09327856905	0.0935683312	-0.1958111885	-0.1950820021	-0.1954038833	-0.1946496612	0.136868336	0.02486274502	-0.03800482399	-0.009972102464	0.6755586256	0.1367531414	-0.1954905193	0.8031772317	0.001781541172	-0.128693636	-0.0009493873273	-0.05416821413	-0.00146990146	-0.05470081626	-0.1287026096	-0.1287385328	0.2975333269	-0.1295181624	-0.1296637186	-0.01264754906	-0.00201743986	-0.001636060808	-0.1283142523	-0.05282473489	-0.05285334982	-0.05262668987	-0.05356489441	-0.05350434447	-0.05369207491	-0.1954459266	0.1365509387	0.1365509387	0.1365509387	-0.002248582137	-0.00234252674	-0.1282352885	0.1411582336	-0.002133050052	0.6287566785	0.5872949556	-0.1951969938	-0.1959573726	-0.001626825836	-0.1960031627	-0.1952781814	0.808043935	0.1396560648	-0.1291144718	-0.1964079341	-0.1961685118	-0.1301307819	-0.1959090627	-0.1966111888	-0.1957589617	-0.1294154765	-0.1305123325	-0.1940093636	-0.1279487873	-0.1965728342	-0.1958292648	0.5881784475	-0.1949853553	-0.1929063033	-0.1959844264	-0.1294121829	-0.194276637	0.4234701488	-0.1960001353	-0.1290506405	-0.1952902249	-0.1287059812	-0.1263856148	0.2630278002	0.4264029181	0.2726160489	0.3268676252	0.2457545451	0.3973823729	-0.1956279683	-0.1953501968	-0.1961298041	0.1000448224	-0.1962466353	-0.1957260827	0.5879947549	-0.1923180804	-0.1956816054	-0.1956819171	-0.1944971363	0.2948061472	-0.1943790775	0.4104858054	-0.191981395	-0.127022465	0.394585842	0.2857329354	-0.1937430371	0.3489296383	-0.1961961921	0.3989223531	-0.195717826	0.5868813707	-0.1959108174	-0.1948909218	-0.1955934643	-0.1966815991	-0.1946369451	-0.195176139	-0.1927906884	-0.1956192641	-0.1270048853	-0.1927250951	-0.1959963838	-0.1950455514	-0.19517215	0.3311845572	-0.1902358388	0.2447055796	-0.1280780998	-0.1947640657	-0.1278414265	0.3830560654	0.2909805868	-0.1949104271	-0.1271648061	0.2952937337	-0.1946623388	-0.1918687697	-0.1660937705	-0.1930909831	-0.117948048	-0.1961181197	-0.1952030227	-0.1269712178	-0.1288275202	0.8155509774	-0.1258568122	0.009753578389	0.8872780541	-0.192003427	-0.1951602223	-0.1934966584	0.8100326714	0.4299719442	-0.129374634	-0.1286995138	-0.1289411117	0.8028700552	-0.1279360458	-0.128946378	-0.1954305791	-0.1264813348	0.5189764541	0.3780371434	-0.1297344029	-0.1966361699	-0.1960941482	-0.194549786	0.4080784236	-0.1961876593	-0.1941814205	-0.1933486353	-0.1287176081	-0.1285542638	-0.1961416097	-0.1967878547	-0.1937839541	-0.1301666005	-0.193520317	-0.1955575053	-0.1950148476	-0.1955755687
0.0148724962	0.01560531736	-0.01183786256	-0.01552354811	0.09626608443	-0.03221305344	-0.08017542948	-0.1245840864	-0.07996071529	-0.08029950189	-0.0799181698	-0.04640249128	0.01512091475	0.0161511666	-0.04661907211	-0.0472602376	-0.04683468796	-0.04605975847	-0.03004397926	-0.03166576649	-0.1286585752	-0.133352669	-0.1348700371	-0.04638406641	-0.04681711942	-0.03197303686	-0.03083577631	-0.03029245413	-0.03019209582	-0.03176457145	-0.1120880438	-0.08980746669	-0.107769167	-0.1090539501	-0.03167257694	-0.08038141842	-0.07998516818	0.09573041367	0.09682013923	0.09591923061	0.09633621568	-0.07497279348	-0.04544475119	-0.0157392566	-0.03057212598	-0.195596655	-0.07495212309	0.09599981311	-0.1954603881	-0.04012179489	0.01525376915	-0.03100194938	-0.01218820692	-0.03227757927	-0.0129177517	0.0149730656	0.01542933239	-0.1189001262	0.01558441672	0.01425693874	-0.03327454859	-0.03182195213	-0.03181436421	0.01476669336	-0.01624207793	-0.01509917811	-0.01583162418	-0.0152159931	-0.01474784831	-0.01580203824	0.0956368109	-0.07515432585	-0.07515432585	-0.07515432585	-0.02925072189	-0.02913554372	0.01489692692	-0.07503057429	-0.03176789365	-0.187998568	-0.1835318979	0.09604152503	0.09572839115	-0.03148212955	0.096761224	0.09694274552	-0.1953919876	-0.07503822866	0.01369474393	0.09500566338	0.09598094112	0.01509765478	0.09635522193	0.1031711196	0.09509930347	0.01310929783	0.01484696378	0.09603772412	0.01627034775	0.09562293001	0.103736666	-0.1827818484	0.0959137973	0.09650410041	0.0951495809	0.01271770804	0.0965856404	-0.1426415166	0.09380608766	0.016527144	0.1052598487	0.01474165952	0.01712903271	-0.06649444794	-0.1428967008	-0.1049625236	-0.1175693202	-0.08274753744	-0.1396284435	0.0958908966	0.09546081079	0.09594459456	-0.07714855015	0.1063000278	0.1063146601	-0.1830634002	0.1084681062	0.1070009226	0.1044827032	0.09487461921	-0.07224093424	0.09670787413	-0.1396568555	0.09643531329	0.01665321025	-0.1385737001	-0.07136524634	0.09643991553	-0.1210371003	0.09505340076	-0.1387677881	0.09808221053	-0.1827202756	0.09458140467	0.09426011681	0.09559997541	0.09467286832	0.09842106441	0.096637193	0.09571061501	0.09791325659	0.01430981601	0.09759372248	0.09576675758	0.09748464492	0.09514666763	-0.1178014281	0.1092863906	-0.06128686938	0.0148888738	0.0964764297	0.01496286892	-0.1280572487	-0.110569818	0.09703876988	0.01746192376	-0.1085067742	0.1077484594	0.1053278906	0.09744156955	0.1069588411	0.01391057361	0.1062456228	0.107804477	0.01534580788	0.01490080628	-0.1948314584	0.01646021356	-0.04358001167	-0.192003427	0.1270417811	0.1058857031	0.09641456431	-0.1947272025	-0.1368478211	0.01447689986	0.01853054309	0.01411467114	-0.1916589316	0.01669068412	0.01483380871	0.09612752227	0.01397728429	-0.144586997	-0.122007019	0.01380540735	0.09803032612	0.09555062867	0.09571776177	-0.1404544631	0.09603704517	0.09523621912	0.1007492382	0.01457129638	0.01539314133	0.09478988953	0.09565744403	0.09854767503	0.0154884352	0.09693436553	0.09457417753	0.09761367416	0.09588397929
0.01732725592	0.01792421212	-0.01211254369	-0.015302194	0.09783096092	-0.03192964563	-0.080331054	-0.125886197	-0.08114208799	-0.08012222508	-0.0808278126	-0.04659147902	0.01777533988	0.01766776348	-0.04701773605	-0.04710280192	-0.04555368322	-0.04632255746	-0.03107709335	-0.03092284551	-0.1316567003	-0.1368250025	-0.1363763642	-0.04564652147	-0.04682007066	-0.03347306604	-0.03164017038	-0.0321837678	-0.03065727071	-0.03163165773	-0.1136557021	-0.09200106546	-0.1095201149	-0.1098414749	-0.03398779582	-0.08061173646	-0.08059754945	0.09849168802	0.09848423122	0.09791622392	0.09725745666	-0.0782654537	-0.04625496983	-0.01731309702	-0.0286162247	-0.1990726048	-0.07824478331	0.1004925471	-0.1980737236	-0.04128547698	0.01681864564	-0.03087904645	-0.01009475643	-0.03161200499	-0.009524079177	0.01715609542	0.01750395681	-0.1217457213	0.01759704883	0.01791438696	-0.03195417153	-0.03187232792	-0.0315930101	0.01803664278	-0.01571128977	-0.0151495539	-0.01582212869	-0.01553809879	-0.01543984471	-0.01580498947	0.09809157062	-0.07844698607	-0.07844698607	-0.07844698607	-0.02902936778	-0.02981823885	0.01710082372	-0.07845909946	-0.0314106746	-0.1907477684	-0.1866886931	0.09743388712	0.09872909796	-0.03298215872	0.09815358609	0.09765578285	-0.198050825	-0.07846675383	0.0176440181	0.09931236085	0.09877890471	0.01723233926	0.09787209017	0.1070457003	0.09880937805	0.01809632971	0.0158755006	0.09400894048	0.01416687058	0.09743764347	0.107055645	-0.1861219332	0.09829199877	0.09904805048	0.09830818734	0.01691144314	0.0995091664	-0.145123451	0.09697945063	0.0149916486	0.1092702942	0.01820142943	0.01469528326	-0.06830234478	-0.1429286022	-0.1083418334	-0.1184638359	-0.08435025185	-0.1410189944	0.09760676516	0.09939744513	0.09789107974	-0.07568593711	0.1082942485	0.1081512665	-0.1865899789	0.1066247738	0.1048362741	0.1084789095	0.09756498272	-0.07321174845	0.09855819321	-0.1397634505	0.0937383541	0.01384477344	-0.140100116	-0.07260779045	0.09454699684	-0.1226856343	0.09826893602	-0.1406406274	0.09523823719	-0.1857886305	0.09755235522	0.09831886924	0.09869952713	0.09794281774	0.09561636957	0.09433667947	0.09413428729	0.0962865885	0.013548678	0.09488561409	0.09855441863	0.09792595235	0.09762594931	-0.120981126	0.1062782428	-0.0628136723	0.01706189283	0.09961314321	0.01846001342	-0.1307927023	-0.113366443	0.09500998624	0.01458900025	-0.1111430122	0.1049656575	0.1047198102	0.09584762093	0.1047941925	0.01400318573	0.1088362475	0.1091221455	0.01250183454	0.0173948445	-0.1977165238	0.01259870365	-0.04352621969	-0.1951602223	0.1058857031	0.1238614363	0.09431196942	-0.1971220005	-0.139263208	0.01796941728	0.01634400157	0.01701443948	-0.1948862228	0.01452603553	0.01742443338	0.09972625387	0.01803281717	-0.1467219194	-0.1227044983	0.01585257221	0.09511165925	0.09801463726	0.09313287851	-0.1422526089	0.09703656893	0.09902484667	0.09654953291	0.01763564248	0.01406820441	0.0954784049	0.0994601814	0.09456762019	0.01707999696	0.09413525326	0.09817702828	0.09520181763	0.09761432856
0.01606732089	0.0161208173	-0.01151779398	-0.01506761457	0.09650985447	-0.03325163436	-0.07965992954	-0.1256976494	-0.07971694525	-0.079648137	-0.08048958946	-0.04689374894	0.01632994589	0.01503078492	-0.04670659838	-0.04707603397	-0.04678634928	-0.04777766414	-0.03171887505	-0.03299797024	-0.1303764808	-0.1363415935	-0.1371583192	-0.04864543188	-0.04690464569	-0.02866393937	-0.03173849228	-0.0320103598	-0.03236401124	-0.03171623276	-0.1135007684	-0.0894278317	-0.1091633064	-0.1094895049	-0.02904280421	-0.08000178343	-0.08017088592	0.09828388786	0.09796625762	0.097929245	0.09800009794	-0.0773700239	-0.0464237657	-0.009712860106	-0.03090170291	-0.1982656153	-0.07734935351	0.0971946378	-0.1970424288	-0.03912240156	0.0173996485	-0.03289561839	-0.01350508756	-0.03268678578	-0.01259768311	0.01603202534	0.01716761688	-0.1203112576	0.01480887768	0.01542724146	-0.03205337571	-0.0324529382	-0.03230948533	0.01568978815	-0.01520498045	-0.01505083942	-0.0147945267	-0.01557524927	-0.01452594053	-0.0134439954	0.09805442015	-0.07755155627	-0.07755155627	-0.07755155627	-0.02988170796	-0.02990239474	0.01609175161	-0.07742780472	-0.03239887972	-0.1889698573	-0.1825241732	0.09777980953	0.09727124428	-0.03279244037	0.09768431879	0.09840930011	-0.1968381634	-0.07743545908	0.01448197377	0.09650189721	0.09887761919	0.01468844826	0.0956296083	0.09607818234	0.09793725118	0.01441809454	0.01594202291	0.1030747417	0.01732930749	0.09801864632	0.09576897262	-0.1824617798	0.09642929724	0.09517189666	0.0977030551	0.01377666778	0.103622658	-0.1447670172	0.09878323803	0.0185371584	0.09544961237	0.01357339494	0.01735090982	-0.06613670588	-0.1436635518	-0.1044344721	-0.1180644413	-0.07992233334	-0.1414822142	0.09797720954	0.09597631073	0.097898906	-0.07832299602	0.09621806166	0.09677615369	-0.182790981	0.09407616578	0.1027611493	0.09587072949	0.09579925203	-0.0730840838	0.09885375348	-0.1405595715	0.1040157906	0.0190451846	-0.139884011	-0.07089680206	0.1034769331	-0.1207170317	0.09823624936	-0.1410291535	0.1021301992	-0.1829436668	0.09754247371	0.0965418611	0.09758809688	0.09844912707	0.1017678354	0.1048969951	0.1036986872	0.1024380543	0.01890126446	0.1038155503	0.09640074605	0.09857885264	0.09756427687	-0.1193834688	0.09492951677	-0.06036377458	0.01429556121	0.09737763156	0.01243938961	-0.1311808596	-0.1120159938	0.1033964627	0.02137404746	-0.1085943005	0.1020141716	0.1032619565	0.08230717141	0.1016321482	0.01016004096	0.09684298136	0.09612823077	0.02146787016	0.01521149268	-0.196821094	0.02132339191	-0.04489032249	-0.1934966584	0.09641456431	0.09431196942	0.1268203533	-0.1960375133	-0.1395386744	0.01469877697	0.0184806903	0.0147441431	-0.1936485672	0.02060280782	0.01657209321	0.0983332009	0.01299210664	-0.1477528184	-0.1234170954	0.01567955679	0.1018065849	0.09648013218	0.103569969	-0.1419006389	0.09748170683	0.09596388255	0.09805706845	0.01212797589	0.01957699493	0.09815855343	0.09720242734	0.1089594234	0.01522533234	0.1024768686	0.09753524658	0.1026127175	0.09761035491
-0.1310344925	-0.1296223466	-0.05427532561	-0.0521188183	-0.1975640314	-0.01087666242	0.09379686706	0.2961420659	0.09373985135	0.09367279465	0.09297682023	0.003193809389	-0.1293134525	-0.1270301523	0.00352068836	0.003151252768	0.003116015152	0.003890944644	-0.002643615832	-0.003475348347	0.323275349	0.3471880297	0.3571283982	0.004209431723	0.003866100849	-0.001397829228	-0.003846249787	-0.003521465099	-0.002666705842	-0.003416395424	0.2778897823	0.1906829508	0.2636605299	0.2633638463	-0.0008788318179	0.09359087813	0.09382937048	-0.1979976409	-0.1976699126	-0.1978601431	-0.1971591133	0.1329061742	0.02607905308	-0.03883070431	-0.01061084804	0.6845055567	0.1327909797	-0.1978641064	0.8316976879	0.002681258265	-0.1298380299	-0.001903714108	-0.05406510144	-0.00297510653	-0.05421510274	-0.1295752736	-0.1297451392	0.2989361288	-0.1303908264	-0.1304517874	-0.01231303023	-0.00330410744	-0.002786863437	-0.129374051	-0.05251242581	-0.05210204315	-0.0520051114	-0.05298085544	-0.05270176801	-0.05307663318	-0.1979553787	0.1325887769	0.1325887769	0.1325887769	-0.003348114974	-0.003593526244	-0.1295155474	0.1361091522	-0.003419717632	0.6364214447	0.5956700804	-0.1975193112	-0.1983309597	-0.003216626064	-0.1982722877	-0.1974646338	0.8229817414	0.1347428483	-0.1303101355	-0.1988285769	-0.1986266941	-0.1307829858	-0.1982826499	-0.1988446969	-0.1982376555	-0.1304178687	-0.1317079962	-0.1965502185	-0.1289573162	-0.1990780722	-0.1977952572	0.5969791914	-0.1973076727	-0.1949568908	-0.1983067438	-0.1304719817	-0.1968706843	0.4313278567	-0.1983737225	-0.1295157097	-0.197523733	-0.1294052407	-0.1277129293	0.2669082149	0.4315606427	0.2750041437	0.3323806139	0.2561116163	0.4013381897	-0.1977256115	-0.1974520541	-0.1981803916	0.09839455939	-0.1982972228	-0.1983652631	0.5966076927	-0.1948275325	-0.1982756527	-0.1980042345	-0.1964589145	0.3016752219	-0.1974277753	0.4157646549	-0.1949830371	-0.1276233991	0.3989963094	0.2924930582	-0.1963370844	0.3537633022	-0.1982467796	0.4015195205	-0.1984458156	0.5936441404	-0.1981955953	-0.196988565	-0.1978782422	-0.1987834564	-0.1972309924	-0.1977169939	-0.195790408	-0.1982603671	-0.1284190864	-0.195130085	-0.1982860202	-0.1974661942	-0.1976303323	0.3368327578	-0.192609426	0.2474102654	-0.1289488412	-0.1973561904	-0.1283535513	0.3875237877	0.2937250066	-0.1975044744	-0.1285277375	0.2977350209	-0.1973390586	-0.1943250294	-0.1683272786	-0.1960080301	-0.1187831725	-0.1983516278	-0.1976592824	-0.1279265544	-0.1301596933	0.8235436495	-0.1270838786	0.008878719787	0.8100326714	-0.1947272025	-0.1971220005	-0.1960375133	0.9013522328	0.4382948863	-0.1305702977	-0.1300624452	-0.1297762363	0.8119169624	-0.1292989771	-0.129954907	-0.1978887615	-0.1275881892	0.5249038152	0.3826836726	-0.1306070669	-0.1990943522	-0.1985147911	-0.1970592382	0.4118627586	-0.1985099767	-0.1966020633	-0.1957180084	-0.1296885975	-0.1298345226	-0.198599792	-0.1990794137	-0.1960174622	-0.13135805	-0.1959784994	-0.1982028224	-0.1976915674	-0.1975729638
-0.08711790154	-0.08747199999	-0.02414672984	-0.02497925144	-0.1383285048	0.0280299627	0.09726452984	0.1937491427	0.09761510897	0.09754805228	0.09705357804	0.02253588168	-0.08757070068	-0.08613285397	0.0224551658	0.02154227041	0.0204733056	0.02287861449	0.01995921526	0.01890894526	0.210505725	0.2202619653	0.2216777729	0.02355342663	0.02117019888	0.02038981217	0.01935323352	0.0193530959	0.02090155376	0.01896789818	0.1842473311	0.1280984581	0.1725995126	0.1761051251	0.02109786694	0.0978737306	0.0971611683	-0.1392015407	-0.1387255046	-0.1393233299	-0.1389767025	0.07290311557	0.04439984101	-0.01663546806	0.007879305714	0.3876027312	0.07292378596	-0.1383230462	0.4434532408	0.02657250915	-0.08768768324	0.0207523094	-0.0221051754	0.01908426476	-0.02380233424	-0.08715319709	-0.08724039011	0.1999289346	-0.08694746555	-0.08863880592	0.0266467873	0.01931811235	0.01932570027	-0.08728933963	-0.02515432146	-0.02577766599	-0.024782872	-0.02480756138	-0.02515460629	-0.02607293127	-0.1393653731	0.07272158319	0.07272158319	0.07272158319	0.01998723328	0.0188796269	-0.08740550516	0.0729811997	0.01977976567	0.3721114671	0.3446319295	-0.1385217107	-0.1389257644	0.01925034008	-0.1393278796	-0.1383311684	0.4439555119	0.07297354534	-0.08693700431	-0.138909601	-0.1395647027	-0.08808917933	-0.1380919441	-0.1393036367	-0.1401911097	-0.08795193819	-0.0889186293	-0.1391659601	-0.08728019969	-0.1404880666	-0.1394769814	0.3445648667	-0.1395509721	-0.1374223936	-0.1390374134	-0.0876423103	-0.1388241385	0.289595286	-0.1403271766	-0.08872401255	-0.1380300973	-0.08613648231	-0.08569844766	0.1570551623	0.2947383975	0.2243148837	0.2483916237	0.1509187216	0.2777627772	-0.1392714708	-0.1387918188	-0.140711233	0.1070689359	-0.138524737	-0.1401001798	0.3442326859	-0.1362375269	-0.1407725667	-0.139006634	-0.1370833984	0.2021440603	-0.1380882152	0.289282886	-0.1387683709	-0.08567455264	0.2716089878	0.1883533832	-0.1389698634	0.2699229944	-0.1411852159	0.2757484791	-0.1408600571	0.3448981693	-0.1401490495	-0.1389758229	-0.1402392912	-0.1401934508	-0.1391844466	-0.1396534108	-0.1396289342	-0.1398728772	-0.08876750133	-0.1389686112	-0.1395071563	-0.1396913783	-0.1397196515	0.257286936	-0.1358996367	0.1512795728	-0.08596626757	-0.1397704318	-0.08470869022	0.4392651645	0.232973409	-0.1402028886	-0.08785486803	0.2260693662	-0.1391396106	-0.1389787453	-0.1211136654	-0.1399292288	-0.07900656722	-0.1398974872	-0.1383072795	-0.08670253464	-0.08711148439	0.4428593859	-0.08681860398	0.02367636584	0.4299719442	-0.1368478211	-0.139263208	-0.1395386744	0.4382948863	0.7184250206	-0.08749916016	-0.08823702084	-0.08830521438	0.4366476181	-0.08808264787	-0.08834802013	-0.1391628909	-0.08583927425	0.3108846434	0.2977564452	-0.08886431515	-0.1415210365	-0.1410456325	-0.1397576523	0.2796540567	-0.1406830464	-0.1380120577	-0.1372638677	-0.08668251071	-0.08782004097	-0.1390925355	-0.1392666236	-0.1379709164	-0.08790032369	-0.1389486434	-0.1409714663	-0.1391547542	-0.13921232
0.1167148511	0.1154051035	-0.02812631029	-0.0341217	0.01794692084	0.01603435019	-0.05045169387	-0.06778567861	-0.05023313445	-0.05030403638	-0.04965097439	-0.01065466307	0.1172085121	0.1150735557	-0.01127883875	-0.01056135474	-0.0106792649	-0.01017606531	-0.07930460003	-0.07800226116	-0.0740948894	-0.07827564239	-0.08101259271	-0.0106362382	-0.01038996646	-0.08059734276	-0.0783731626	-0.07959608477	-0.07913454651	-0.07848676803	-0.05110065979	-0.03001675196	-0.0488243518	-0.04899609998	-0.08013075413	-0.05011422301	-0.05014746055	0.01863403463	0.01804467449	0.01760006702	0.01757045295	-0.05111458648	-0.01304030013	-0.03365348927	0.001432366498	-0.1334886193	-0.05109391609	0.01917516397	-0.1307068311	-0.02377239081	0.1165526642	-0.07841570214	-0.0255524234	-0.0790497262	-0.02635303548	0.1168109814	0.1169334646	-0.08087691999	0.1165388884	0.1164777721	0.01560222944	-0.07868001367	-0.07894415565	0.1157892641	-0.03416090507	-0.03410492485	-0.03365359066	-0.03367828004	-0.0344329198	-0.03331327053	0.01840456692	-0.05129611886	-0.05129611886	-0.05129611886	-0.07896194739	-0.07911849911	0.1169661128	-0.05185169205	-0.07930527994	-0.1280668266	-0.1230204181	0.01845680122	0.01965936531	-0.07820432613	0.01749100576	0.01780839223	-0.1303570876	-0.05145175156	0.1228692117	0.01845274415	0.01779764248	0.1237550109	0.01798805009	0.01724351881	0.01760807319	0.1225336025	0.1219431528	0.01337088213	0.1178363783	0.01768946834	0.01883641839	-0.1225420985	0.01869966864	0.01864693729	0.01859666167	0.123151191	0.01921753147	-0.09272750295	0.01812208815	0.1214897983	0.0170225437	0.1236226598	0.1208470095	-0.04860229456	-0.08945019842	-0.03124187983	-0.0438789402	-0.03369474824	-0.0884916453	0.01710457176	0.01917962145	0.01742999961	-0.03379228473	0.01775068855	0.01794149016	-0.1232486307	0.01520379811	0.01536699393	0.01862744107	0.01685898725	-0.04740236994	0.01710387229	-0.08594459015	0.01384228255	0.1122155481	-0.08920314625	-0.05173660581	0.01445239828	-0.04979228946	0.01817880128	-0.08923110547	0.01514363864	-0.1220729309	0.01857194523	0.01743546767	0.0186175684	0.01893513879	0.01396608514	0.01437794586	0.01304377301	0.0149746847	0.1199517951	0.01441368444	0.01767226823	0.01658404727	0.01696660387	-0.04666221844	0.01560951702	-0.04698360657	0.1184709857	0.01813860806	0.116886544	-0.07941307525	-0.03905327726	0.01450779283	0.1131857614	-0.03631090866	0.01462001621	0.01345249574	0.00860910184	0.01345306686	0.1118217563	0.01817444654	0.01902371221	0.1116433691	0.1162620233	-0.1306213612	0.1113991253	0.00918716597	-0.129374634	0.01447689986	0.01796941728	0.01469877697	-0.1305702977	-0.08749916016	0.1364173381	0.1142324878	0.1232975097	-0.12568259	0.1124447855	0.1163999946	0.01813988787	0.1173095592	-0.1175875612	-0.04845250394	0.1201267111	0.01509175422	0.01784873613	0.01321704848	-0.08958939475	0.01652755008	0.01889869826	0.01493560939	0.1236104284	0.1175026317	0.01619899605	0.01818009766	0.01463615555	0.1217617307	0.01318060393	0.01788539335	0.01399577751	0.01741113403
0.114921707	0.1136165539	-0.02678996607	-0.03414400527	0.01588664131	0.01519685521	-0.05009666805	-0.06684844158	-0.05015368376	-0.04994901056	-0.04956767847	-0.0113562931	0.1144689079	0.1137493061	-0.01130114403	-0.01058366002	-0.01083743513	-0.01196461494	-0.0768813362	-0.07639418703	-0.07268917464	-0.0770239079	-0.08055793259	-0.01079440843	-0.01177092124	-0.07667956447	-0.07635749362	-0.07635763124	-0.07684714763	-0.07633523411	-0.05092232404	-0.02834390176	-0.05027180099	-0.04894903471	-0.0767866994	-0.04989506214	-0.05020002958	0.01752480976	0.01671242602	0.01703430195	0.01595677257	-0.05093165627	-0.0122410959	-0.0293327106	-9.471157159e-06	-0.1328923264	-0.05091098588	0.01725074939	-0.1305239009	-0.02300977014	0.1159823047	-0.07817593902	-0.02734097303	-0.07689819227	-0.02719053045	0.1148864115	0.1150088946	-0.08150917947	0.1137096253	0.1146892224	0.01612338397	-0.07720780449	-0.07760781142	0.1135931196	-0.03350388559	-0.03236098577	-0.03336516174	-0.03315712551	-0.03336830547	-0.0336073057	0.01620842244	-0.05111318864	-0.05111318864	-0.05111318864	-0.07803319801	-0.07710283014	0.1144026779	-0.05153289688	-0.07728961096	-0.1270733012	-0.122943089	0.01707584645	0.01719149093	-0.07659625201	0.01706110564	0.01724262716	-0.1300382925	-0.0511329564	0.1140156846	0.01516968007	0.0158732279	0.1135428344	0.01497671591	0.01681361869	0.01514019882	0.1135442106	0.1150320395	0.01796798516	0.1174064782	0.01644437852	0.01596094917	-0.1224647695	0.01594194903	0.01522800826	0.01599292234	0.1129027838	0.01607033234	-0.09101979453	0.01530686092	0.1167122198	0.01482639922	0.1133491565	0.11878673	-0.0463557208	-0.0888294096	-0.02691088322	-0.04149190703	-0.02984346437	-0.08691980182	0.01545188708	0.01603242232	0.01659250464	-0.03476564466	0.01491552376	0.01574534568	-0.1227463213	0.01613254748	0.02009996191	0.01511165138	0.01376784309	-0.04705331102	0.01599464741	-0.08667648393	0.01708073608	0.1270025224	-0.08803889763	-0.04975716749	0.01904950132	-0.04645420163	0.0151674671	-0.08782539071	0.01878968702	-0.1219956019	0.0154247461	0.01442413349	0.01614969402	0.01578793966	0.01924251292	0.01815985919	0.01709741625	0.01943592278	0.1159894062	0.01898052372	0.0156119887	0.01809150443	0.01503895441	-0.04389785417	0.01650203575	-0.0437813837	0.1145085968	0.01580336375	0.1146903995	-0.07892815137	-0.03557932448	0.01896903092	0.1184621892	-0.03242936103	0.01813019964	0.01638895561	0.010796523	0.01856336594	0.1194443009	0.01499698366	0.01506132338	0.1178405878	0.1257502645	-0.1300308361	0.1180039388	0.008856900142	-0.1286995138	0.01853054309	0.01634400157	0.0184806903	-0.1300624452	-0.08823702084	0.1142324878	0.1400245231	0.1138702591	-0.1253734079	0.1195930589	0.1170568587	0.01580787844	0.1148416848	-0.1178714655	-0.04796758007	0.114126348	0.01996058716	0.0157884566	0.01846321251	-0.08856101107	0.01658676378	0.01384615495	0.01743385529	0.1124471972	0.1177520563	0.01522563612	0.01624602157	0.01868979878	0.1143514484	0.01791357192	0.01460232927	0.01872874549	0.01586412277
0.1144459186	0.114499415	-0.02848853901	-0.03568786119	0.01690536737	0.01458520187	-0.05179262516	-0.06732422997	-0.05062947216	-0.05096825875	-0.05111153439	-0.01169621654	0.1161669587	0.1150536351	-0.01164106747	-0.01092358346	-0.01104149362	-0.01148934868	-0.07893755364	-0.07809275997	-0.07398015273	-0.07774690422	-0.08085085062	-0.01154192672	-0.01211084468	-0.08082370652	-0.07900712121	-0.07900725883	-0.07824946871	-0.07883014467	-0.05071878768	-0.02990660975	-0.04925307493	-0.0483379035	-0.0807949765	-0.05132190518	-0.04986062827	0.01666027859	0.01713898598	0.01642264861	0.01652889949	-0.05032052506	-0.01221242879	-0.032525798	0.001283600643	-0.1332380177	-0.05029985466	0.01759015071	-0.1301844996	-0.02484420804	0.1159141112	-0.07810826761	-0.02550705727	-0.07827508497	-0.02671526419	0.1159239896	0.1147310249	-0.08100939124	0.1149537198	0.1157324705	0.01447476137	-0.07904224238	-0.07901580239	0.1150382926	-0.03506659358	-0.03582580306	-0.03578206373	-0.03458396855	-0.03520274337	-0.03544174359	0.0169554186	-0.05050205743	-0.05050205743	-0.05050205743	-0.07946004105	-0.07929785747	0.1148779442	-0.05105763062	-0.07842587203	-0.1272773597	-0.1228754176	0.01646419311	0.01685156749	-0.07800424297	0.01687589922	0.01690270372	-0.1296533892	-0.05065769013	0.1207407386	0.01756590771	0.01711814497	0.1367574977	0.01818813325	0.01730773702	0.01679939069	0.1210844542	0.120534309	0.01273692351	0.1185799212	0.0170743618	0.01711554018	-0.122532963	0.0177758648	0.01679019412	0.01662290562	0.1363392266	0.0173607883	-0.09271836747	0.01667293983	0.1344611868	0.01695089696	0.1375260955	0.125511784	-0.04778256385	-0.08916933304	-0.03200607992	-0.04495672432	-0.03276482186	-0.08834664486	0.01674234304	0.01718701333	0.01584498635	-0.0351055681	0.01715703437	0.01608474699	-0.1235921178	0.01538502919	0.01514063017	0.01733867967	0.01533002896	-0.04725736951	0.01734715708	-0.08552189292	0.01449316219	0.1117174544	-0.08919401077	-0.05113695486	0.01395430462	-0.05087007358	0.01734191519	-0.08870877395	0.01437381507	-0.1221996603	0.01671520207	0.01720910391	0.01771187988	0.01748599047	0.01319626157	0.01401571715	0.01227394945	0.01447659103	0.1349423057	0.01483638167	0.01751181221	0.01676527836	0.01646527533	-0.04747968434	0.01534692261	-0.04600456436	0.1167501074	0.01777314447	0.1152156161	-0.08003620885	-0.03985933148	0.01373796927	0.1136387224	-0.03684523298	0.01412192254	0.01360346307	0.009147466052	0.01373989914	0.1096820466	0.01696676437	0.01813687577	0.1117943364	0.1162185801	-0.1299631647	0.1122294174	0.007992368975	-0.1289411117	0.01411467114	0.01701443948	0.0147441431	-0.1297762363	-0.08830521438	0.1232975097	0.1138702591	0.147635054	-0.1225788244	0.1127316178	0.1159017456	0.0172841497	0.1159318848	-0.1177142907	-0.04898682826	0.1204626592	0.01432193066	0.01618991161	0.01296042096	-0.08930852937	0.01651857024	0.01798977486	0.01466721482	0.1363785624	0.1182273225	0.01542917248	0.016410699	0.01441240762	0.1204160296	0.01281837522	0.01699855691	0.01431287355	0.01647525398
-0.1266998578	-0.1246083871	-0.0565980734	-0.05620781044	-0.1947847939	-0.01263861939	0.08844151105	0.2926061466	0.08776605346	0.08804570874	0.08754648214	0.0007569863133	-0.12490639	-0.1227608865	0.001355595185	0.0008502946424	0.0007323844853	0.001577809942	-0.006171844617	-0.007020880686	0.3187191609	0.3402151117	0.35127188	0.001772608647	0.001429277773	-0.005540013778	-0.007457151113	-0.007321423784	-0.006483968082	-0.007233657664	0.2748877098	0.190218733	0.2619517378	0.2622638831	-0.004560229108	0.08802467509	0.08799143754	-0.1947403127	-0.1952155975	-0.1958787918	-0.193972281	0.1206217057	0.02208234656	-0.04235893309	-0.01332388712	0.67065031	0.1206423761	-0.194949004	0.8099526609	-0.000498326819	-0.1244773584	-0.005706877155	-0.05658963248	-0.006302101379	-0.05665641192	-0.124551701	-0.1251823538	0.2954623742	-0.1256485968	-0.1258454227	-0.01375009235	-0.00698550473	-0.006060665876	-0.1247676863	-0.05583942066	-0.05591930539	-0.0557397011	-0.05685131009	-0.05651903025	-0.05662216552	-0.1954478712	0.1204401734	0.1204401734	0.1204401734	-0.006893647314	-0.006459733833	-0.1250450476	0.1230703769	-0.006829385021	0.6255468955	0.5866963588	-0.1952835335	-0.1947365326	-0.006543620913	-0.1951386478	-0.1952288562	0.8149552292	0.1219758029	-0.1252211939	-0.1954353837	-0.1957115918	-0.1241995297	-0.1957046464	-0.1956578646	-0.1948444623	-0.1252507407	-0.125878847	-0.1940959033	-0.1237978787	-0.1957553749	-0.1949455238	0.5878696048	-0.1945284352	-0.1925147522	-0.1948481816	-0.1241602555	-0.1941568158	0.4265768434	-0.195594485	-0.1232693525	-0.1947444956	-0.1229557179	-0.1220196451	0.2711774806	0.4277459439	0.2768278404	0.3342043106	0.2493758211	0.3963686389	-0.195147608	-0.1943305908	-0.1949935593	0.09473046566	-0.1955179853	-0.195840452	0.5874045387	-0.192385394	-0.1952900544	-0.1955620959	-0.1930657213	0.3033592084	-0.194306312	0.4119646962	-0.1930843584	-0.1234855121	0.3953854081	0.2948602147	-0.193487351	0.3566034225	-0.1958046411	0.3980444841	-0.1954480407	0.5864366631	-0.1954163578	-0.1946169224	-0.1950285088	-0.1966130477	-0.1946529889	-0.1949204529	-0.192993867	-0.1958182285	-0.1211390021	-0.1928770039	-0.1955599752	-0.1944805959	-0.1947152299	0.3370382516	-0.1905095133	0.2511373531	-0.1249391287	-0.1946955143	-0.1236440062	0.3857336048	0.2958774709	-0.194725237	-0.1234919883	0.3001143539	-0.1946130136	-0.1918002183	-0.1662927349	-0.1931582967	-0.1148893664	-0.1955723904	-0.1949332374	-0.1232375172	-0.1250630612	0.8138867579	-0.1226665713	0.007713387566	0.8028700552	-0.1916589316	-0.1948862228	-0.1936485672	0.8119169624	0.4366476181	-0.12568259	-0.1253734079	-0.1225788244	0.8911924537	-0.1249470388	-0.1253485423	-0.195245389	-0.1237193771	0.5284341551	0.3833499537	-0.1256539903	-0.1963151148	-0.1956650577	-0.1947529646	0.4054813658	-0.1957307393	-0.1938881949	-0.1928682749	-0.1226975466	-0.1246097161	-0.1959564195	-0.1960284464	-0.1935753236	-0.1261332435	-0.1931992619	-0.1956953149	-0.1950308914	-0.1951840177
0.1147341204	0.114244157	-0.02738514755	-0.03433159191	0.01597078457	0.01542391302	-0.04865387529	-0.06676429831	-0.04911848585	-0.0493214075	-0.04839661561	-0.01140801479	0.1137378614	0.1137278481	-0.01162459562	-0.01063538171	-0.01129675166	-0.01228806653	-0.07797002714	-0.07794042317	-0.07321412642	-0.07732364721	-0.08088138418	-0.01215863681	-0.01209437283	-0.07578023151	-0.07790372976	-0.07763213748	-0.07744232912	-0.07788147025	-0.05070231583	-0.02785216364	-0.04976147758	-0.0487290265	-0.07588736644	-0.04953918898	-0.04902896672	0.01652203342	0.01647613308	0.01657883064	0.0159665136	-0.04962472845	-0.01188522274	-0.02856924259	-0.0001970577959	-0.1328081831	-0.04946819311	0.01516105345	-0.1301680277	-0.02292562688	0.1145719335	-0.07906085587	-0.02950830609	-0.07866236273	-0.02873676659	0.1145629599	0.114821308	-0.07952292691	0.1131144438	0.1136864461	0.01571401778	-0.07861817568	-0.07847472281	0.1135413979	-0.03396320213	-0.03417895181	-0.03504726283	-0.033752307	-0.03369175706	-0.03433835214	0.0162925657	-0.04967039588	-0.04967039588	-0.04967039588	-0.0789001094	-0.07905666113	0.1141747868	-0.05009010412	-0.07869998216	-0.1264456981	-0.1213644313	0.01628968498	0.01632457954	-0.07787075825	0.0160583293	0.01651158072	-0.1292293225	-0.04969016363	0.1132846382	0.01457449858	0.01582150621	0.1131334682	0.01451739937	0.01553911245	0.01377977797	0.1122697043	0.1142606887	0.01886731813	0.1180340812	0.01516987228	0.01414298312	-0.1208816044	0.01480330774	0.01436109687	0.01458255115	0.1125793322	0.01547515085	-0.08991436691	0.01389648973	0.116932228	0.01436708268	0.1124822451	0.1164253041	-0.04559225279	-0.08833767148	-0.02601155026	-0.04045670911	-0.027313752	-0.08588460391	0.01553603034	0.01380686143	0.01565995801	-0.03481736634	0.01468763268	0.01542189409	-0.1214825354	0.01526563609	0.02059170003	0.01424473999	0.0129009317	-0.04792022241	0.01580706078	-0.08591301592	0.01988217834	0.1201575532	-0.08700369972	-0.04980888918	0.01994883428	-0.04650592332	0.01442073577	-0.08746951754	0.01833037048	-0.1202810792	0.01469369966	0.0135572221	0.01378826818	0.01505689322	0.01769627678	0.02001024681	0.01854020901	0.01829728149	0.1185191186	0.02069504638	0.01501680722	0.01776805285	0.01417204302	-0.04245506141	0.01506977163	-0.04301791568	0.1140492803	0.01466472246	0.1241991747	-0.07857227821	-0.03508758637	0.01959663398	0.1205843067	-0.03166589302	0.02011645221	0.01919039788	0.01015391696	0.02027788861	0.1112262667	0.01480939702	0.01446614189	0.1312394962	0.1157804015	-0.129539098	0.1191750017	0.007038934101	-0.1279360458	0.01669068412	0.01452603553	0.02060280782	-0.1292989771	-0.08808264787	0.1124447855	0.1195930589	0.1127316178	-0.1249470388	0.1453556777	0.1277384681	0.0155343772	0.1253097921	-0.1171079975	-0.04693238216	0.1139387614	0.01963713557	0.01485590997	0.01895495063	-0.08738994821	0.01436120288	0.01379443326	0.01643107895	0.1115802858	0.1187872542	0.01422285978	0.0148111985	0.01904567195	0.1141638617	0.01935636468	0.01400714778	0.01908461866	0.01495690695
0.1172608713	0.1158152588	-0.02720404871	-0.03537327761	0.01781361628	0.01519036742	-0.05037488574	-0.06692991144	-0.05056776641	-0.0506348231	-0.04984589616	-0.01081932109	0.1169079892	0.1155090626	-0.01157936172	-0.01072601276	-0.01070805797	-0.01115591303	-0.07833238809	-0.07721586452	-0.07310325728	-0.07811347006	-0.08151547503	-0.01134435602	-0.01191327398	-0.07858816157	-0.07813022576	-0.07785863348	-0.07848401483	-0.0774286415	-0.05078835241	-0.02861752498	-0.04891963928	-0.04773273795	-0.07883116145	-0.05017327983	-0.05102170708	0.01860524157	0.01788001648	0.01785023927	0.01706855783	-0.05039468426	-0.0127910435	-0.03096498333	0.001750285405	-0.133306409	-0.05037401386	0.01873877606	-0.1306349002	-0.02328798783	0.1158758999	-0.07872588661	-0.02721159587	-0.07794164932	-0.02638182854	0.1165418119	0.1172077549	-0.08165153221	0.1152873108	0.1153934128	0.01603098157	-0.07843707683	-0.07856535386	0.1166070142	-0.03500488783	-0.03454131276	-0.03513789388	-0.03438639786	-0.03527690257	-0.03415725329	0.01772780255	-0.05057621663	-0.05057621663	-0.05057621663	-0.07871901055	-0.07846796743	0.1160265695	-0.05099592487	-0.07797542351	-0.1269079761	-0.1233571717	0.01762005387	0.01677740829	-0.0785048491	0.01705461785	0.01740784387	-0.1301037898	-0.05059598439	0.1172699557	0.01720116653	0.01675340379	0.116031866	0.01755166218	0.01721472575	0.01681404078	0.1169343465	0.1180218161	0.01538006332	0.1145468264	0.01711721548	0.01772070573	-0.1224667499	0.0179734355	0.01725949472	0.0169374892	0.11574946	0.017558359	-0.09235357837	0.01764143074	0.1146677577	0.01676944529	0.1156525282	0.1142966988	-0.04754904523	-0.08961973364	-0.02905985677	-0.04309742077	-0.03158484306	-0.08757426091	0.01710713214	0.01697698918	0.01702496515	-0.0343645376	0.01762633497	0.01655404759	-0.1236111407	0.01531086999	0.01642512047	0.0172790028	0.01529944908	-0.04689258041	0.01775440398	-0.08610815847	0.01585146373	0.1157192437	-0.08937268147	-0.04959643688	0.01551052482	-0.04738039062	0.01779236371	-0.08915917455	0.01565830537	-0.1214586298	0.01786382742	0.01645561996	0.01804531553	0.01822702097	0.01461661682	0.0162512621	0.01410189955	0.01521762153	0.1147601339	0.01571327712	0.01832279992	0.01723457896	0.01655833453	-0.04482404316	0.01497914057	-0.04579449229	0.1165400833	0.01783485022	0.1269943921	-0.07931088057	-0.03786416298	0.01583764927	0.1143797529	-0.03471419953	0.0154377663	0.01461622347	0.009703115612	0.01529611935	0.1113952806	0.01746741842	0.0164207205	0.1263935919	0.119493989	-0.1302777004	0.1137856376	0.008986277302	-0.128946378	0.01483380871	0.01742443338	0.01657209321	-0.129954907	-0.08834802013	0.1163999946	0.1170568587	0.1159017456	-0.1253485423	0.1277384681	0.1411058579	0.01778480375	0.1295800856	-0.1182703859	-0.04821444431	0.1159174581	0.01669334056	0.01701116209	0.01519596592	-0.08867201036	0.01606816964	0.01737215586	0.0147100685	0.1144056242	0.1151641344	0.01603433803	0.01669707898	0.01610187694	0.11597534	0.01641256967	0.01636208583	0.01586909375	0.01612936488
0.01842151219	0.01820327869	-0.01087028063	-0.01550702083	0.09927164061	-0.03219652616	-0.08038068175	-0.1263338035	-0.08016596756	-0.07914610466	-0.08039515197	-0.0462001487	0.01814067739	0.01750734514	-0.04723191923	-0.04692203007	-0.04513783093	-0.04667260559	-0.03005903823	-0.03053426219	-0.1309018017	-0.1372499872	-0.1381800944	-0.04686104858	-0.04607131704	-0.03331515908	-0.03027578923	-0.0307694363	-0.03123443072	-0.03079698951	-0.1142453557	-0.09232242312	-0.1100123936	-0.1100743921	-0.03342229402	-0.08004321089	-0.07994058348	0.1009597594	0.09982693947	0.099635465	0.09907004197	-0.07816707465	-0.04588904887	-0.01626618912	-0.02806007925	-0.1989767515	-0.07814640426	0.1006357487	-0.1988404846	-0.04037699751	0.01825932534	-0.03100731503	-0.009612138516	-0.03106985368	-0.009368735711	0.01852208159	0.01850869982	-0.1211433528	0.01843580388	0.01848527948	-0.03111576836	-0.03153369495	-0.03201961648	0.01804397944	-0.01513863105	-0.01494678588	-0.01432058245	-0.01479187097	-0.01473132103	-0.01456272641	0.09891409699	-0.07834860703	-0.07834860703	-0.07834860703	-0.02909832966	-0.02920787598	0.0173590233	-0.07822485547	-0.03134377152	-0.1913786645	-0.1859109893	0.09812738002	0.09987081729	-0.03187319712	0.09900154084	0.09940484191	-0.1986817211	-0.07823250983	0.01778721972	0.1007285186	0.1009600806	0.01766402986	0.09966056544	0.100062753	0.1007435167	0.01813093534	0.0178340582	0.09727703596	0.01492822553	0.102003217	0.09899792002	-0.1852968048	0.1004638183	0.09926598412	0.1008724361	0.01735364363	0.1009498461	-0.1467009379	0.09991464478	0.01618602678	0.09898809818	0.01777527313	0.01508569281	-0.06867365279	-0.1451898777	-0.1070477176	-0.1193190373	-0.08490484936	-0.1426009452	0.09848885794	0.09960323692	0.0999012054	-0.07753961772	0.09930152806	0.09980966973	-0.1856759563	0.09671433318	0.09682757865	0.09925044775	0.09976039177	-0.07385478636	0.1021468961	-0.1418141675	0.09666151677	0.01447026343	-0.1415462018	-0.07234682937	0.09672817271	-0.1225150875	0.1023750491	-0.1424196144	0.09828455311	-0.1852352321	0.1017987743	0.1006622967	0.09958464367	0.1002598586	0.09787223896	0.09806232014	0.09708579179	0.09949351255	0.0156849928	0.09679506006	0.1006773178	0.0976869875	0.100326063	-0.1207739297	0.09549111552	-0.0631724514	0.01828013191	0.1005470126	0.01739337906	-0.1313485359	-0.1132705898	0.09705529716	0.01584807164	-0.1107999511	0.09558709148	0.09529041156	0.08372194014	0.09610617238	0.01227712959	0.09974063246	0.09910718566	0.01431151494	0.01856668898	-0.1983474198	0.01471049649	-0.04356348439	-0.1954305791	0.09612752227	0.09972625387	0.0983332009	-0.1978887615	-0.1391628909	0.01813988787	0.01580787844	0.0172841497	-0.195245389	0.0155343772	0.01778480375	0.1144542316	0.01751185965	-0.1504090738	-0.1234489068	0.01830547799	0.09845444825	0.09985278065	0.09709293856	-0.1438345596	0.1005152229	0.1002797496	0.09787977604	0.01754210449	0.01554553356	0.1013279344	0.1007363046	0.09927158448	0.0183362335	0.09695089281	0.1007545779	0.09858125609	0.1012134461
0.1164398729	0.114519786	-0.02697365353	-0.0353563845	0.01740480723	0.01522050667	-0.05055824856	-0.06683803626	-0.04993593952	-0.04973126631	-0.04962166413	-0.009915764298	0.1163946686	0.1170173256	-0.01053993998	-0.01009418587	-0.01007623108	-0.01025235624	-0.07759326551	-0.07706310646	-0.07281463427	-0.07674177268	-0.07951380008	-0.009353879629	-0.01033039244	-0.07952232311	-0.0777057378	-0.07824933522	-0.07751606706	-0.07809107314	-0.05016111999	-0.02942041604	-0.04870151223	-0.04730824999	-0.07949359309	-0.05008491274	-0.04943882553	0.01700500142	0.01804602068	0.01692208846	0.01621314964	-0.04867593776	-0.01179062605	-0.03285479399	0.003876626748	-0.1324028522	-0.04865526737	0.01801811658	-0.1281323174	-0.02408628443	0.1151192925	-0.07721447905	-0.02406017723	-0.07764918107	-0.02560797357	0.1159255085	0.1159097895	-0.07959666485	0.1161788459	0.1160000494	0.01544618705	-0.07801258887	-0.0786843257	0.1153830154	-0.03458039987	-0.0343885547	-0.03502414012	-0.0345053697	-0.03553173936	-0.03542753571	0.01697578962	-0.04885747014	-0.04885747014	-0.04885747014	-0.07897384734	-0.07817934442	0.1156732005	-0.04927717838	-0.0779585304	-0.1250207392	-0.1210949654	0.01642017316	0.01727953336	-0.07821622609	0.01687741817	0.01692307474	-0.127646709	-0.04887723789	0.1166851611	0.01763890064	0.01654233019	0.116941586	0.01853285608	0.01710900005	0.0179781553	0.1168286208	0.1154873724	0.0119359417	0.1119955316	0.01673975988	0.01693565528	-0.1203404085	0.01800357475	0.01810482368	0.0171034934	0.115902218	0.01758849825	-0.09073765931	0.01703651473	0.1129960436	0.01729561979	0.117102333	0.1122173899	-0.04741898894	-0.08683925786	-0.03002537176	-0.04297601616	-0.03166369437	-0.08615243464	0.01649098417	0.01761497921	0.01572949242	-0.03318308777	0.01707270999	0.01651271286	-0.1214371501	0.01503433509	0.01434581149	0.01814971843	0.01745984821	-0.04702965955	0.01703140723	-0.08414287239	0.01363395254	0.1122812852	-0.08754326034	-0.04968646036	0.01268750012	-0.04753071591	0.01795836792	-0.08705802352	0.01371486134	-0.1198757483	0.01789396667	0.01757267881	0.01773225091	0.01750636149	0.01369570142	0.01321473533	0.01120123773	0.01348151643	0.1118012442	0.01308434521	0.01731307524	0.01509087901	0.01588103046	-0.04551782825	0.01602472545	-0.0453298838	0.1171780733	0.01752502047	0.1300135602	-0.07702680892	-0.03828621817	0.01328635447	0.1125077829	-0.03486452482	0.01258338814	0.01253075135	0.01114894201	0.01233722969	0.1147555446	0.01630781064	0.01732320502	0.1228912424	0.1175976006	-0.1280468475	0.1106776368	0.009274900312	-0.1264813348	0.01397728429	0.01803281717	0.01299210664	-0.1275881892	-0.08583927425	0.1173095592	0.1148416848	0.1159318848	-0.1237193771	0.1253097921	0.1295800856	0.01751185965	0.1420294072	-0.1163103949	-0.0470061201	0.1146934593	0.01373445091	0.01709694632	0.01215943915	-0.0875995511	0.01545202166	0.01862831455	0.0151372115	0.1175622428	0.1110468512	0.01531367855	0.01756925942	0.01455986462	0.1163928699	0.01291022022	0.01802260449	0.0134536639	0.01666168149
-0.1175060122	-0.1169554175	-0.05419128532	-0.05231269795	-0.1520177843	-0.02212879545	0.06500572646	0.2496387124	0.0658254242	0.0652149077	0.06349674179	-0.009701132033	-0.1180051728	-0.1158880014	-0.009417157783	-0.009786593375	-0.00904640911	-0.009339780189	-0.01338702828	-0.01344531437	0.2718541998	0.2937483433	0.300614396	-0.009046287134	-0.009417816393	-0.01211547467	-0.0145141596	-0.01397083742	-0.01345186157	-0.01466358675	0.3382978605	0.2224237766	0.3206790673	0.3209187605	-0.01158964635	0.06520733238	0.06544582473	-0.1520008943	-0.1511828986	-0.1516913746	-0.1517283459	0.05200441648	0.01051949395	-0.04226419397	-0.02158484244	0.5459387407	0.05188922192	-0.1505667772	0.530005132	-0.01082802738	-0.1170967595	-0.01302959527	-0.05423633473	-0.01376350432	-0.05546856316	-0.1186282274	-0.1188512853	0.344384963	-0.1182086324	-0.1188903969	-0.022890581	-0.01417168361	-0.01397961402	-0.1187021914	-0.05291918242	-0.0533828424	-0.05344462107	-0.05319994779	-0.05210427755	-0.05188388363	-0.1526808616	0.0518228841	0.0518228841	0.0518228841	-0.0129720099	-0.01299269668	-0.1184449609	0.05289769031	-0.01493079684	0.6418246922	0.8116456271	-0.152093921	-0.1507467384	-0.01446256905	-0.1513462423	-0.1517825218	0.5300414889	0.0519389813	-0.1179335553	-0.1513058793	-0.1514500677	-0.1180812685	-0.150305996	-0.1490956086	-0.1518262684	-0.117186331	-0.1189304986	-0.1504393628	-0.1184178648	-0.1520988344	-0.1480523589	0.7900905418	-0.1505088155	-0.1477059231	-0.1525039291	-0.1180767825	-0.151235171	0.3048411109	-0.1526916104	-0.1174074026	-0.145789222	-0.1172821237	-0.1170991367	0.1786159499	0.3059445763	0.1862677879	0.2267771038	0.1674143203	0.2815893439	-0.1514536781	-0.1502754276	-0.1520250495	0.07085977402	-0.1477179155	-0.1490831521	0.788810286	-0.1433443508	-0.1471741049	-0.1478610986	-0.1497918153	0.210618908	-0.1494974829	0.2891843208	-0.1493160874	-0.1148357673	0.2806061131	0.2005279201	-0.1497654415	0.2411762389	-0.1530540655	0.2808221835	-0.1517915001	0.7867618995	-0.1516553888	-0.1511428455	-0.1516526704	-0.1518971788	-0.1515025189	-0.1511521819	-0.1484104062	-0.1516423627	-0.1162744683	-0.148565273	-0.1507272488	-0.1514380111	-0.1530351399	0.2344959931	-0.1407608396	0.1651172408	-0.1176194128	-0.1518353932	-0.1164366051	0.2763561896	0.200686441	-0.1501176418	-0.1164726228	0.2049710007	-0.1454755135	-0.1442740902	-0.1256980641	-0.1462651318	-0.1097900853	-0.1469783501	-0.1475967919	-0.1132900057	-0.1177004405	0.5290249283	-0.114757034	-0.006389760613	0.5189764541	-0.144586997	-0.1467219194	-0.1477528184	0.5249038152	0.3108846434	-0.1175875612	-0.1178714655	-0.1177142907	0.5284341551	-0.1171079975	-0.1182703859	-0.1504090738	-0.1163103949	0.9209131831	0.2664125697	-0.118168963	-0.151797023	-0.151469918	-0.1508951901	0.287577177	-0.1520459526	-0.1489749373	-0.1507303833	-0.1166025378	-0.1171827558	-0.1525580868	-0.1514174996	-0.1489023595	-0.119258108	-0.1501756846	-0.1532615589	-0.1521241716	-0.1526788356
-0.04518198199	-0.04730232479	-0.0404312387	-0.03813886643	-0.1229223499	0.009164019794	0.03893986231	0.1544233482	0.03901871155	0.03922338476	0.03933298694	0.00485662394	-0.04878618273	-0.04571115754	0.006134557563	0.00508579722	0.003880967461	0.005063491804	-0.01936547428	-0.02023697462	0.1639726893	0.1773602669	0.1820685022	0.005872246274	0.004170265898	-0.01862024276	-0.01856990181	-0.01979282398	-0.01915660221	-0.02017093869	0.160180498	0.1178988557	0.1515992875	0.1507176645	-0.01804805294	0.03927733318	0.03910823068	-0.1244090753	-0.1230963261	-0.122794156	-0.1236703132	0.03606689985	0.008720774594	-0.03387103157	-0.003542274738	0.3242549057	0.03608757024	-0.1231525218	0.3882534671	0.003429117547	-0.04697454824	-0.01852947543	-0.04024234011	-0.01965406026	-0.03974488348	-0.04793457654	-0.04802176956	0.1447580336	-0.04711974995	-0.04745244082	0.008188439245	-0.02036418432	-0.02009194951	-0.04800508383	-0.03746104261	-0.03771449643	-0.03790478285	-0.03728785163	-0.03773305734	-0.03841735657	-0.1229720642	0.03588536747	0.03588536747	0.03588536747	-0.0199738763	-0.02067388783	-0.0449261258	0.03628084893	-0.0204530738	0.3040038823	0.2878216435	-0.1238756305	-0.1219889957	-0.02057490455	-0.1237497604	-0.1227530492	0.3878046835	0.03613732962	-0.04829794294	-0.1237454968	-0.1237148536	-0.04941401857	-0.1229278399	-0.1245768066	-0.1246961456	-0.04869449908	-0.04823200205	-0.1227431153	-0.04816790823	-0.1248101818	-0.1240708266	0.2874873369	-0.1226503027	-0.1217739974	-0.1243105833	-0.0480160949	-0.1243329389	0.2387037924	-0.1242812206	-0.04899803158	-0.1239351674	-0.0482829314	-0.04773871104	0.1377933577	0.2477530601	0.3305297539	0.3517590644	0.1412554959	0.2222179479	-0.1236933516	-0.1228763344	-0.1244198616	0.06514008173	-0.1248848265	-0.1246579255	0.2872929437	-0.1209718304	-0.1233284376	-0.1245515338	-0.1234138087	0.1846845995	-0.1220368659	0.2402595743	-0.1219018319	-0.04601880137	0.2223216367	0.1705249048	-0.1232919786	0.3602416654	-0.1254373043	0.2276980117	-0.1249104424	0.2871413148	-0.1248787595	-0.123433803	-0.1241538116	-0.1235645113	-0.1237782917	-0.1236381609	-0.1223908997	-0.1241949924	-0.04836219561	-0.1225457665	-0.1242542428	-0.1242852234	-0.1249567219	0.3549126854	-0.11983605	0.1371806364	-0.0463105163	-0.1237847177	-0.04525443915	0.2663496751	0.3370092797	-0.1235083139	-0.04751979201	0.3292952075	-0.1227167658	-0.1214689809	-0.1084040353	-0.1230987892	-0.0427321166	-0.1236761426	-0.1231632629	-0.04663728737	-0.04780405455	0.3871514976	-0.04580420321	0.01307639524	0.3780371434	-0.122007019	-0.1227044983	-0.1234170954	0.3826836726	0.2977564452	-0.04845250394	-0.04796758007	-0.04898682826	0.3833499537	-0.04693238216	-0.04821444431	-0.1234489068	-0.0470061201	0.2664125697	0.6676881373	-0.04801531519	-0.1245547319	-0.1242469007	-0.1242858622	0.2294285656	-0.124903427	-0.1228776327	-0.1224620555	-0.04821986477	-0.04782233009	-0.1240578761	-0.1233640646	-0.1227006265	-0.04808697354	-0.1225257987	-0.1252935815	-0.1237485993	-0.1231172488
0.1175551715	0.1169293432	-0.02605861087	-0.03436370473	0.01811251096	0.01661458476	-0.05070511029	-0.06638881628	-0.05064126789	-0.04948938527	-0.05019497278	-0.01184772245	0.1160515522	0.115159986	-0.01206430328	-0.01012403472	-0.00997021498	-0.01136912469	-0.07923197013	-0.07810840094	-0.07290887409	-0.07778706716	-0.08050590215	-0.01087824293	-0.01076783614	-0.07988249765	-0.07915862713	-0.0792946297	-0.07910482134	-0.07777771811	-0.05181555306	-0.03032405038	-0.05048570526	-0.04916293898	-0.07918023806	-0.05065822139	-0.05055559399	0.01689751545	0.01698748006	0.01644220633	0.01793337074	-0.05155895057	-0.0129073945	-0.03254143896	0.0003331412623	-0.1340688483	-0.05153828018	0.01621586024	-0.1312870601	-0.02350095231	0.1168495249	-0.08050801496	-0.02751776776	-0.07929173093	-0.02713850001	0.1180633358	0.117914089	-0.08172887893	0.117111918	0.1166433622	0.01644714431	-0.07851442355	-0.07836517549	0.1163624491	-0.0333159902	-0.03312414503	-0.03389559539	-0.03310509507	-0.03358800493	-0.03328354536	0.01938534674	-0.05174048295	-0.05174048295	-0.05174048295	-0.07893222222	-0.07881704404	0.1167299033	-0.05229605614	-0.07845456988	-0.1272930006	-0.1237062483	0.01797442004	0.01833044098	-0.07763114116	0.01860765054	0.0186533071	-0.1309373167	-0.05189611565	0.1325453483	0.01630863012	0.01884989628	0.1209315721	0.01652326081	0.01659391923	0.01614328391	0.132617334	0.132501932	0.014215797	0.1310450036	0.01649640896	0.01587711466	-0.1232279287	0.01612984443	0.01568763355	0.01550149298	0.1204273865	0.01680168753	-0.09259814349	0.01597797411	0.1183946296	0.01574104392	0.1201944344	0.1178877058	-0.04779820481	-0.08877737915	-0.03059932432	-0.04374958074	-0.03237286798	-0.08849815078	0.01835708148	0.01676377752	0.01868250934	-0.03471361421	0.01723695392	0.01620497097	-0.1240153536	0.01509765833	0.0153967191	0.01593986724	0.01422746839	-0.04686541562	0.01645427271	-0.08567339883	0.01427960257	0.1131963279	-0.08893792184	-0.05011273189	0.0148897183	-0.04925533514	0.01739333675	-0.08926787471	0.01476576896	-0.1228946261	0.01602023635	0.01569894849	0.01606585951	0.0169268897	0.01399581031	0.01481526588	0.01443214769	0.01541200472	0.1188946006	0.01536420051	0.01675093875	0.01539098789	0.01753655396	-0.04642725778	0.01449419901	-0.04563146255	0.1151040871	0.0172140437	0.1150141598	-0.07874025598	-0.03878805284	0.01508097781	0.1144440663	-0.03604568424	0.01532906613	0.01318022725	0.0100182835	0.01453944788	0.1087794045	0.01600006875	0.01613186131	0.1133093093	0.1162917484	-0.1309298603	0.113164831	0.008365470786	-0.1297344029	0.01380540735	0.01585257221	0.01567955679	-0.1306070669	-0.08886431515	0.1201267111	0.114126348	0.1204626592	-0.1256539903	0.1139387614	0.1159174581	0.01830547799	0.1146934593	-0.118168963	-0.04801531519	0.1455634292	0.01484974949	0.01570462209	0.01335237485	-0.08959590023	0.01704638907	0.01647961945	0.01381753208	0.1194283401	0.1315264467	0.01609285627	0.01703883948	0.01454886785	0.1331528419	0.01334619405	0.01655646902	0.01592761198	0.01564021826
0.0160527033	0.0155627399	-0.01207587137	-0.01562569197	0.09785388638	-0.03380971175	-0.08157665644	-0.1275393943	-0.0814978072	-0.08128733881	-0.08104766686	-0.04664050009	0.01546403922	0.01392924772	-0.04644948607	-0.04627546186	-0.04680096687	-0.04792045621	-0.03200522255	-0.03083874863	-0.1329023028	-0.1380987432	-0.1394826409	-0.04798072472	-0.04732685813	-0.03098826112	-0.03175310987	-0.03134565264	-0.03183516903	-0.03173085036	-0.1151457654	-0.09202388335	-0.1119138083	-0.1130366112	-0.03109539605	-0.08151091547	-0.08154415302	0.09867686512	0.09754404518	0.09913741196	0.09798548035	-0.0795584807	-0.0480687627	-0.01461282072	-0.03162532449	-0.1992312876	-0.07953781031	0.09772348001	-0.2003178052	-0.04022393875	0.017113301	-0.03331783083	-0.01303447319	-0.03242967347	-0.01193297596	0.01465875825	0.01600402598	-0.1220921195	0.01592754119	0.01636367852	-0.03355671256	-0.03192409599	-0.03232410292	0.01540344065	-0.01575723506	-0.01588064672	-0.01561851121	-0.01558404408	-0.01494815297	-0.01522485735	0.0973604778	-0.07974001307	-0.07974001307	-0.07974001307	-0.0297604606	-0.03005287728	0.01540360445	-0.07961626151	-0.03241349732	-0.1922452337	-0.1871665304	0.09762932698	0.09684903184	-0.03280705796	0.0979414311	0.09798708767	-0.1999776749	-0.07962391588	0.01446735618	0.09564241068	0.09899886655	0.01413037087	0.09667223107	0.09715048435	0.1111015338	0.01413174705	0.01548371108	0.1021148646	0.01799401465	0.09800402873	0.09656954473	-0.1865523459	0.0970940044	0.09488554917	0.0976884375	0.01321859039	0.0977658475	-0.1463417844	0.1118116557	0.017979081	0.09543499478	0.01426959429	0.01896667163	-0.06805343277	-0.1461237385	-0.1070247286	-0.1188942486	-0.08333357469	-0.1427196163	0.09673980739	0.09541823333	0.09754305981	-0.07888107341	0.09729061086	0.09635394124	-0.1869697627	0.09487673789	0.1012520173	0.09558438199	0.1093414502	-0.07486494574	0.09823362238	-0.1430197582	0.1005482908	0.01835124225	-0.1419366028	-0.07294939391	0.1004732866	-0.1230413535	0.09829186147	-0.1426741505	0.1157020766	-0.1864907731	0.09779958602	0.09693483836	0.09716588443	0.09789104967	0.1020249477	0.1010781589	0.1006950407	0.101744112	0.01766386232	0.1005401739	0.09703577397	0.09965115465	0.1126306688	-0.120485006	0.09559422393	-0.06228050148	0.01536786322	0.09654782427	0.01378342152	-0.1318748019	-0.1121664763	0.1008062062	0.01972905046	-0.1105110273	0.1003691746	0.09930725533	0.08325706679	0.1001230162	0.01022456699	0.09669249882	0.09499059419	0.01910744903	0.01546860499	-0.1996888755	0.01927080006	-0.04599185968	-0.1966361699	0.09803032612	0.09511165925	0.1018065849	-0.1990943522	-0.1415210365	0.01509175422	0.01996058716	0.01432193066	-0.1963151148	0.01963713557	0.01669334056	0.09845444825	0.01373445091	-0.151797023	-0.1245547319	0.01484974949	0.1300521241	0.1126352109	0.1171418465	-0.1447684204	0.1129556936	0.09459061546	0.1135310552	0.01317059866	0.01738853813	0.1118662958	0.1125918189	0.1017439634	0.0150748498	0.116733866	0.111242989	0.1025980999	0.09769550289
0.01677171095	0.0166893424	-0.01155836391	-0.01388539996	0.09925221878	-0.03241496089	-0.08045363548	-0.1271706801	-0.08091824604	-0.08003424809	-0.07985901066	-0.04666645243	0.01835688607	0.01686775757	-0.04654924966	-0.04711019518	-0.04655518931	-0.04626166592	-0.03203117489	-0.03208748552	-0.1324268987	-0.137613124	-0.1385843445	-0.04691975747	-0.04667348573	-0.03468256712	-0.03286598182	-0.03218679469	-0.03261425738	-0.03162093775	-0.1151096641	-0.09266710674	-0.1105190575	-0.1112342654	-0.03478970205	-0.08065962441	-0.08082872691	0.09871296648	0.09880651263	0.09944882476	0.09825788886	-0.07897891954	-0.04637565099	-0.01756513473	-0.02873605918	-0.199738646	-0.07895824915	0.09898594746	-0.1997382441	-0.04025165838	0.01756057875	-0.03197947674	-0.01089476233	-0.03184626708	-0.01080637346	0.01714401025	0.01729483527	-0.1217842883	0.01754766045	0.01769637568	-0.03216775689	-0.03235764319	-0.03235005527	0.01768719247	-0.01501152463	-0.01509140936	-0.01423248032	-0.01438662593	-0.01528353937	-0.01443561999	0.09889467515	-0.07916045191	-0.07916045191	-0.07916045191	-0.029650548	-0.02894490462	0.01661997228	-0.07930843025	-0.03243944966	-0.1912580777	-0.187402159	0.09753314493	0.09858114784	-0.03242541545	0.0982528439	0.09802677057	-0.1994436156	-0.07918021967	0.01708847313	0.09894285238	0.1006689288	0.01580043317	0.09902161813	0.09827708685	0.1125469218	0.01661699905	0.0167058741	0.09637678918	0.0144355736	0.09899476628	0.09823960703	-0.1874672992	0.0996413101	0.09845413923	0.0999019596	0.01638316714	0.1006586944	-0.1476326247	0.1145686376	0.01475800509	0.09737678698	0.01586584534	0.01479454107	-0.06849515597	-0.1453426772	-0.1086248018	-0.1204885266	-0.08628650224	-0.1432972045	0.0986815996	0.0987150935	0.09836400501	-0.07660549761	0.09748766079	0.09897505819	-0.1874395344	0.09534836519	0.09544950731	0.09762303485	0.1122764837	-0.07326869469	0.100545716	-0.1423745618	0.09470269223	0.0137058816	-0.1427859209	-0.07429511609	0.09480664157	-0.1244997666	0.09979213143	-0.1433876036	0.111801676	-0.1871339965	0.09974137822	0.09961800901	0.09984905509	0.1006480316	0.09839627693	0.09643279826	0.09564208521	0.0978437113	0.01457865136	0.09494375863	0.09902462183	0.09734588541	0.1133496764	-0.1220792841	0.09474490588	-0.06388284461	0.01771366873	0.09862548142	0.01681213332	-0.1317916449	-0.1141683492	0.09615505038	0.01514574352	-0.1126487652	0.09491503298	0.09432276225	0.08302143825	0.094119006	0.01157166853	0.09795496627	0.09788344104	0.01351103373	0.017049858	-0.1991093144	0.01394611466	-0.04269499952	-0.1960941482	0.09555062867	0.09801463726	0.09648013218	-0.1985147911	-0.1410456325	0.01784873613	0.0157884566	0.01618991161	-0.1956650577	0.01485590997	0.01701116209	0.09985278065	0.01709694632	-0.151469918	-0.1242469007	0.01570462209	0.1126352109	0.1267995654	0.1113421637	-0.1448025488	0.113473201	0.09836070572	0.1118044937	0.01654127007	0.01389573232	0.1131287633	0.1132220173	0.09770769784	0.01688718577	0.109908871	0.113728241	0.09652386	0.09905353085
0.01482705855	0.01406536526	-0.01248632641	-0.01549268721	0.09581305193	-0.0342201668	-0.07940567743	-0.1272096417	-0.08109307254	-0.07993734469	-0.0798277425	-0.04691509019	0.01478185427	0.01382078633	-0.04726753597	-0.04668591691	-0.04707555696	-0.0476515865	-0.03051356829	-0.03138506862	-0.1314106485	-0.1374222786	-0.1379749649	-0.04825531482	-0.04705798843	-0.02827382231	-0.03107664531	-0.03094091798	-0.03238148903	-0.0310543858	-0.1144693009	-0.08985290434	-0.1100145592	-0.1105939022	-0.02878855209	-0.07988339626	-0.08005249876	0.09745122038	0.09631840043	0.09764003732	0.0970315655	-0.07711577179	-0.04807162289	-0.012175907	-0.03081299499	-0.1974679034	-0.07723096635	0.09622610536	-0.1980109613	-0.0398192041	0.01561592636	-0.03223377143	-0.01338670039	-0.03202493882	-0.0128868908	0.01411243825	0.01497629989	-0.1206004653	0.01506312979	0.01513803377	-0.03275017824	-0.03179109124	-0.03205523322	0.01444952581	-0.01548836535	-0.01506831721	-0.0156213714	-0.01599449912	-0.01563033792	-0.01522387231	0.09640656296	-0.07743316911	-0.07743316911	-0.07743316911	-0.02908399605	-0.02924054778	0.01322110987	-0.07730941755	-0.03173703276	-0.1896666599	-0.1854031463	0.09613195234	0.09589511699	-0.03280991815	0.09685165131	0.09662557797	-0.1982597926	-0.07731707192	0.01364930629	0.09563955049	0.09763735685	0.01358405087	0.09490312653	0.09551724475	0.1106910787	0.01277023735	0.01425806634	0.1019703443	0.01799115445	0.09691424894	0.09466457523	-0.1847889618	0.09505316995	0.09365990442	0.09605519791	0.01321573019	0.09613260791	-0.1448501302	0.1108577408	0.01824795071	0.09407348508	0.01277221964	0.01665410728	-0.06914321257	-0.1451755441	-0.1054030046	-0.118217784	-0.08170605548	-0.1409562321	0.0961934874	0.09527950819	0.09604568516	-0.07820460886	0.09538539418	0.09526416145	-0.1843536021	0.0946021478	0.1004339674	0.095038062	0.10933859	-0.07513953584	0.09666243649	-0.1408487792	0.100873419	0.01957116661	-0.1405808135	-0.07363157885	0.1012856161	-0.1223648889	0.09625102703	-0.1410466313	0.1159709463	-0.184727389	0.09670980622	0.09543746371	0.09634783454	0.09652953998	0.1012068978	0.1021622183	0.1024584249	0.1007209829	0.01793273202	0.1014883684	0.09553839932	0.0989689697	0.1105898343	-0.1199444064	0.09314579463	-0.0620853321	0.01414221847	0.09532217952	0.01187845202	-0.1309266074	-0.1125769314	0.1028355251	0.01959032532	-0.1105138875	0.1005021794	0.1003913147	0.08216728699	0.1021581302	0.01036815026	0.09478752932	0.0944442742	0.01910458884	0.01465055509	-0.1977896264	0.02089831927	-0.04517953018	-0.194549786	0.09571776177	0.09313287851	0.103569969	-0.1970592382	-0.1397576523	0.01321704848	0.01846321251	0.01296042096	-0.1947529646	0.01895495063	0.01519596592	0.09709293856	0.01215943915	-0.1508951901	-0.1242858622	0.01335237485	0.1171418465	0.1113421637	0.1305896163	-0.1419181166	0.1110507241	0.09445189031	0.1129847352	0.01282294911	0.01955951714	0.110776516	0.1101433896	0.1022845631	0.0134416102	0.1161817508	0.1104249391	0.10178005	0.09579053339
-0.08880054128	-0.08861117992	-0.02522027453	-0.02401482188	-0.1424229099	0.02695641801	0.08135991591	0.1811052876	0.08171049505	0.0809641136	0.08093785083	0.01127246572	-0.08952507031	-0.08820669785	0.01227866944	0.0112299091	0.01084026904	0.01270211813	-0.004797735491	-0.006076830676	0.1950839251	0.2058099429	0.2066102027	0.012423953	0.01180889223	-0.003237314265	-0.005904272316	-0.005632680037	-0.005132323221	-0.005882012803	0.1478675818	0.1198446762	0.1396163871	0.1398631634	-0.002800989396	0.08115392697	0.08180385941	-0.1431282493	-0.1425819835	-0.1429080789	-0.1421538567	0.09941015578	0.04648873539	-0.008198466238	0.01743995597	0.3565036733	0.09943082617	-0.1417719303	0.4133034122	0.02162911061	-0.08991378278	-0.005320386139	-0.02446527509	-0.005358051369	-0.02534910902	-0.08937929663	-0.08960235459	0.1801060268	-0.09005898449	-0.08971235061	0.02652429726	-0.005090400067	-0.005388345767	-0.08877047917	-0.0233747022	-0.02386218178	-0.02354671254	-0.02316380707	-0.02446190663	-0.02456504191	-0.1418632026	0.0992286234	0.0992286234	0.0992286234	-0.005525980642	-0.005562689232	-0.0890881449	0.09908064506	-0.00547774016	0.3399075452	0.3283821941	-0.141427135	-0.1419670537	-0.005463705952	-0.1425050338	-0.1423235123	0.4123944822	0.0993447206	-0.0898424286	-0.1434157255	-0.1432853167	-0.08895662936	-0.1425980686	-0.1442470352	-0.1440946443	-0.09027508412	-0.09046540408	-0.1417340192	-0.08821787943	-0.1447521403	-0.1429258655	0.3273595997	-0.1439509108	-0.1411744188	-0.1442525419	-0.08986840984	-0.1426806174	0.5015830357	-0.1447271154	-0.08891213783	-0.142701766	-0.08948099363	-0.0871093575	0.1795476087	0.4673661644	0.2123072114	0.2504417883	0.1811147206	0.5153294398	-0.1413617054	-0.1424467975	-0.1435170946	0.3298501456	-0.1431964057	-0.1427338742	0.3289295283	-0.1409514931	-0.1425910714	-0.1431348429	-0.1425405775	0.1617310347	-0.1422866538	0.4586648457	-0.1412005651	-0.08634050248	0.5171993729	0.1802221105	-0.1413318278	0.2453436287	-0.1435834827	0.5108971301	-0.1429502916	0.3271494426	-0.1440055284	-0.142934363	-0.1447750949	-0.1436423348	-0.1426333307	-0.14222147	-0.1417893985	-0.1431192456	-0.08881976166	-0.1405856157	-0.1439244715	-0.1426974196	-0.1435761304	0.2461582004	-0.1393704137	0.173426589	-0.08812673186	-0.1419965313	-0.08805439385	0.2612169962	0.2279585962	-0.141955758	-0.08729803332	0.227440206	-0.1413000749	-0.1411392096	-0.1224092526	-0.1404593137	-0.08279426438	-0.144025696	-0.1429789482	-0.0866968502	-0.08952050454	0.410532978	-0.08639763422	0.03114052335	0.4080784236	-0.1404544631	-0.1422526089	-0.1419006389	0.4118627586	0.2796540567	-0.08958939475	-0.08856101107	-0.08930852937	0.4054813658	-0.08738994821	-0.08867201036	-0.1438345596	-0.0875995511	0.287577177	0.2294285656	-0.08959590023	-0.1447684204	-0.1448025488	-0.1419181166	0.6946428641	-0.1446097551	-0.143634781	-0.1420714013	-0.08949262052	-0.08855162605	-0.1445455901	-0.1452594022	-0.1403328809	-0.09026228817	-0.1416525675	-0.1448279452	-0.1420601785	-0.1438839886
0.01811347793	0.01872854946	-0.009471636941	-0.01424424209	0.09938931653	-0.03256412683	-0.08087453131	-0.1273198461	-0.08106741198	-0.08140619857	-0.08020967678	-0.04797634922	0.01633812867	0.01490310275	-0.04710601045	-0.04747544604	-0.04772922115	-0.0468184267	-0.03239001702	-0.03203873281	-0.1323360426	-0.1385048345	-0.1379653261	-0.0478220594	-0.04757578766	-0.03341102985	-0.03213790435	-0.03145871722	-0.03249169341	-0.03141820476	-0.1148512352	-0.09240867783	-0.1102606286	-0.1116551613	-0.03365402973	-0.0814881151	-0.08152135265	0.09706928609	0.0966157909	0.09837637608	0.1000072507	-0.07992515985	-0.04820271624	-0.01622619494	-0.03065146947	-0.2000055616	-0.07990448946	0.09964838968	-0.2000051596	-0.03992940848	0.01808715603	-0.03317933163	-0.01165302331	-0.03254273805	-0.01272536528	0.01863975751	0.01711374596	-0.1223229337	0.01812418076	0.0174733985	-0.03122742758	-0.03067851107	-0.0316219778	0.01868699983	-0.01401171726	-0.01395573704	-0.01335042258	-0.01351097691	-0.01290696717	-0.01368942719	0.09969298233	-0.08010669222	-0.08010669222	-0.08010669222	-0.02892247053	-0.02907902226	0.01677925914	-0.08011880561	-0.03171137219	-0.1916789736	-0.1876871899	0.1001290499	0.09999672607	-0.03183320293	0.1000022057	0.09964026745	-0.1995291643	-0.08012645998	0.01530534626	0.09838251006	0.1020750868	0.01700633519	0.09751022115	0.09853193422	0.1118036589	0.01564906188	0.01693261379	0.09764832645	0.01529951601	0.09979307346	0.0982227245	-0.1876164651	0.0969833552	0.09640286399	0.09893402243	0.01555109492	0.09928316233	-0.1472700387	0.1131328635	0.01609977207	0.09632040941	0.01565104416	0.0149135235	-0.0693892819	-0.1459650732	-0.1083663729	-0.1199583678	-0.08494115372	-0.1436478706	0.09988750162	0.09747900796	0.1000114293	-0.07926586789	0.0977207589	0.09841471587	-0.187541051	0.09431837431	0.09638367944	0.09665509768	0.1123334125	-0.07389109072	0.1000226671	-0.142589363	0.09608175261	0.01484155392	-0.143000722	-0.07387764819	0.09669186835	-0.1249206624	0.09994504125	-0.1436024048	0.1125999831	-0.1867397027	0.09904517095	0.09819853861	0.09963425391	0.0996800944	0.09770006965	0.09743260563	0.09745708228	0.09837028858	0.01429003893	0.0967587557	0.09773789909	0.09760073279	0.1152349032	-0.1226360449	0.09373680793	-0.06396178084	0.01674931309	0.09860859889	0.01557246625	-0.1325313263	-0.1140457853	0.09688312785	0.01513244253	-0.1122544713	0.09631602647	0.0952541072	0.08166760308	0.09457535357	0.01133428696	0.09820981365	0.09795212668	0.01413934563	0.01685005486	-0.1991045	0.01576111173	-0.0421648407	-0.1961876593	0.09603704517	0.09703656893	0.09748170683	-0.1985099767	-0.1406830464	0.01652755008	0.01658676378	0.01651857024	-0.1957307393	0.01436120288	0.01606816964	0.1005152229	0.01545202166	-0.1520459526	-0.124903427	0.01704638907	0.1129556936	0.113473201	0.1110507241	-0.1446097551	0.1280619188	0.09665139009	0.1109724215	0.01550310319	0.01482990445	0.114201376	0.1138736345	0.09809841017	0.01645629968	0.1121314629	0.1134396285	0.09800149193	0.0992489171
0.01713911345	0.0165132851	-0.01194051587	-0.01467514677	0.09798924188	-0.03294780226	-0.07922023249	-0.1269492147	-0.07968484305	-0.07893671005	-0.08004989242	-0.0465937803	0.01763736897	0.01758070122	-0.04626690133	-0.04690806682	-0.04621078728	-0.04584345263	-0.03060417778	-0.03097512303	-0.1317030281	-0.136988816	-0.1367517258	-0.04616776058	-0.04632908369	-0.03384193453	-0.03121015952	-0.03188962189	-0.03102048878	-0.03159549486	-0.113001505	-0.09184129861	-0.1088889892	-0.1091856728	-0.03381320451	-0.07942622143	-0.07918772907	0.09949154537	0.09935848638	0.09832171281	0.09734104409	-0.076522732	-0.04493615334	-0.01688160027	-0.02777438609	-0.1979617832	-0.07650206161	0.1005761345	-0.1972820565	-0.04085654371	0.0169769266	-0.03085476572	-0.00972808423	-0.03107153342	-0.009352051354	0.0171038179	0.01796767954	-0.1205508853	0.01832623934	0.01717835877	-0.03351578796	-0.03151701059	-0.03178115257	0.01662571576	-0.01525781164	-0.01533769637	-0.01488636218	-0.01463932166	-0.01525809647	-0.0149536369	0.09708823845	-0.07670426437	-0.07670426437	-0.07670426437	-0.0290816453	-0.02891946172	0.01725910468	-0.07658051282	-0.03146295212	-0.1896170799	-0.1846742415	0.09830814228	0.09942995644	-0.03226410761	0.09794092165	0.09825830812	-0.197259158	-0.07658816718	0.01759174058	0.09971784974	0.099270087	0.01766235012	0.09999204684	0.0985086244	0.1002025854	0.01807132116	0.0173450065	0.09477185267	0.01418928659	0.09895457393	0.09942219923	-0.1846035168	0.1140766137	0.1139061327	0.0983672528	0.01675056964	0.1003467721	-0.1458218346	0.09884373393	0.01498954265	0.09951043384	0.01836145113	0.01339569922	-0.06827844288	-0.1443107744	-0.1076631288	-0.1192551237	-0.08478136935	-0.1418577068	0.09864140725	0.09962953734	0.09774405055	-0.07747570412	0.1001027137	0.09879900089	-0.1850685829	0.09619717379	0.09527345001	0.1008436013	0.09878317402	-0.0730519816	0.09965381613	-0.1410709291	0.1094352616	0.01318786469	-0.1409388284	-0.07258388855	0.09612509872	-0.122315309	0.09849285221	-0.141812241	0.09532182462	-0.184677809	0.09888599617	0.09992335781	0.09893161933	0.1004719743	0.09550292062	0.0955071865	0.09417301365	0.0960372746	0.01481018891	0.1082839666	0.1146121336	0.1107563231	0.09754922685	-0.120981746	0.09493080751	-0.06277724149	0.01781292287	0.09940055579	0.01745126572	-0.1304223769	-0.1138860009	0.09645222317	0.01497326775	-0.112094687	0.09398301249	0.09523079737	0.08466243608	0.09400858394	0.01311861971	0.09968101827	0.09866167327	0.01340061167	0.01728139555	-0.1970607217	0.01369982765	-0.04268438109	-0.1941814205	0.09523621912	0.09902484667	0.09596388255	-0.1966020633	-0.1380120577	0.01889869826	0.01384615495	0.01798977486	-0.1938881949	0.01379443326	0.01737215586	0.1002797496	0.01862831455	-0.1489749373	-0.1228776327	0.01647961945	0.09459061546	0.09836070572	0.09445189031	-0.143634781	0.09665139009	0.1262631342	0.09546050735	0.01655321992	0.01344794512	0.09719237173	0.09844694759	0.09576539619	0.0174948807	0.09517226352	0.09901463399	0.095532613	0.09927926582
0.01447702608	0.01466638744	-0.01345480076	-0.01638617948	0.09614234421	-0.03389087452	-0.0811704894	-0.1267444844	-0.08056703243	-0.08049822418	-0.07998102714	-0.04611732017	0.01538287645	0.01538709159	-0.04619803605	-0.04575228194	-0.04600605705	-0.04631804716	-0.03211141703	-0.03167421821	-0.131226568	-0.1359206619	-0.1367856218	-0.04569130045	-0.04639608337	-0.03291065031	-0.0319092547	-0.03231698718	-0.03047227745	-0.03215872509	-0.1140791257	-0.09122897353	-0.1093526542	-0.110339592	-0.03261019039	-0.08058014071	-0.0802057834	0.09723705286	0.09723985882	0.0966106801	0.09662007032	-0.07645386673	-0.04808904258	-0.01673775292	-0.03125036109	-0.1972135932	-0.07656906128	0.09783906507	-0.1966697315	-0.04160286814	0.01580935369	-0.03141799595	-0.01291888812	-0.03253586796	-0.01276844554	0.01444173054	0.01497180857	-0.1197781733	0.01584637842	0.01603530782	-0.03400131502	-0.03262370063	-0.03248024776	0.01505054799	-0.01737643921	-0.01555421463	-0.01696598545	-0.01635035438	-0.01574634464	-0.01720812941	0.09592066554	-0.07677126405	-0.07677126405	-0.07677126405	-0.02950901059	-0.02925796747	0.01514047712	-0.07664751249	-0.0327055071	-0.1896122713	-0.1845970449	0.09646124462	0.09717546393	-0.03269147289	0.09663748379	0.09749833006	-0.1967826979	-0.07665516686	0.01438619342	0.09695281154	0.09762344525	0.0145067533	0.09681749538	0.09652586178	0.1113891069	0.01500487382	0.01536224388	0.09591398391	0.01669006733	0.09873805567	0.09580905721	-0.1846705165	0.09687697668	0.09663151364	0.09801486959	0.01408848228	0.09822814454	-0.1448019146	0.1106435733	0.01640340379	0.09630488667	0.01516916541	0.01779858927	-0.06731940583	-0.1443777741	-0.1065794618	-0.1189754114	-0.08294625973	-0.1413812467	0.09720210443	0.09675660295	0.09589715289	-0.0783578935	0.09608197687	0.09613691353	-0.1844086085	0.09875883741	0.09777423076	0.096071201	0.1115996709	-0.07339071118	0.09801659467	-0.1416813886	0.09652124927	0.01514518564	-0.1401906383	-0.07169983357	0.09699550006	-0.1218388488	0.0966959049	-0.141199916	0.1127677499	-0.1840654839	0.09609445258	0.09726127045	0.09871510107	0.09713056216	0.1003134055	0.09827969714	0.09708138924	0.1003709504	0.01459367065	0.09746998226	0.09608029146	0.09885541915	0.1111908565	-0.1195542313	0.09709035143	-0.06291794149	0.0151508355	0.0961949316	0.01470326376	-0.129402457	-0.1125943511	0.09732262451	0.01597953405	-0.1097161175	0.09594033343	0.09379149456	0.08607375768	0.09664522964	0.01337532377	0.09552441646	0.09694740568	0.01331995836	0.01529863294	-0.1961766667	0.01606474344	-0.04403504819	-0.1933486353	0.1007492382	0.09654953291	0.09805706845	-0.1957180084	-0.1372638677	0.01493560939	0.01743385529	0.01466721482	-0.1928682749	0.01643107895	0.0147100685	0.09787977604	0.0151372115	-0.1507303833	-0.1224620555	0.01381753208	0.1135310552	0.1118044937	0.1129847352	-0.1420714013	0.1109724215	0.09546050735	0.1289657792	0.01551422414	0.01472594131	0.1111058083	0.1114592799	0.1004588682	0.01586014653	0.1125709595	0.111569421	0.09884858344	0.09893268519
0.1147891011	0.1147067325	-0.02775125475	-0.03646394346	0.01724854983	0.01545835108	-0.051525118	-0.06761298243	-0.0504952141	-0.05069813575	-0.05072439852	-0.01052681546	0.1165346631	0.115532098	-0.01196618085	-0.01056937208	-0.01084766916	-0.01072754245	-0.07792853948	-0.07741828121	-0.07330850371	-0.07760630208	-0.08046819053	-0.01026118266	-0.01123769547	-0.08035815216	-0.07751745275	-0.07874037492	-0.07800268085	-0.07933449704	-0.04987716694	-0.028957162	-0.04800578196	-0.0469808609	-0.08049841335	-0.05050832238	-0.05054155992	0.01712047392	0.01769126165	0.01603796882	0.01537756749	-0.05009702136	-0.01258894604	-0.03443275329	0.001443009062	-0.1324710542	-0.05007635097	0.017045084	-0.1299609959	-0.02444145917	0.1148986441	-0.07747976285	-0.02596287832	-0.07825540899	-0.0259483007	0.1150883409	0.1148762887	-0.08032209021	0.1144817125	0.115783827	0.01460578033	-0.07850362857	-0.0789036355	0.1148191632	-0.03561489937	-0.03555891915	-0.03619450457	-0.03513227434	-0.03615608052	-0.03585418443	0.0169538117	-0.05027855374	-0.05027855374	-0.05027855374	-0.07892142724	-0.07894211402	0.1151808222	-0.05083412693	-0.07879435945	-0.1266586368	-0.1218664035	0.01669603258	0.01769159044	-0.07884313074	0.01736061652	0.01645521844	-0.1296112524	-0.05043418644	0.1209480561	0.01751364853	0.01566756251	0.1367526517	0.01820027293	0.01668101275	0.01621763382	0.1211559068	0.1202937272	0.01172145647	0.1178801375	0.01726282723	0.01635830998	-0.1215239488	0.01760010942	0.01746467288	0.01833040747	0.1362748142	0.01716051095	-0.09201703922	0.01633679753	0.133073474	0.01771250143	0.1374681664	0.124249109	-0.04832763055	-0.08880996439	-0.03135045941	-0.04408357511	-0.03341607428	-0.08839487107	0.016873362	0.01820952054	0.01579902708	-0.0340668747	0.01664472269	0.01642792945	-0.1222637245	0.01683965322	0.01276651362	0.01698244132	0.01674419218	-0.04753070631	0.01741936143	-0.08597771397	0.01232872183	0.1105958016	-0.08951396688	-0.05168202156	0.01286577812	-0.04931759962	0.01644063127	-0.08902873005	0.01349421298	-0.1209189163	0.01657773022	0.01687296161	0.01808474157	0.01592706362	0.01435463373	0.01232092535	0.0118019422	0.01400458378	0.1324323242	0.01178294037	0.01668264686	0.01658952298	0.01547433025	-0.04673673019	0.01632281051	-0.04670434809	0.1164384871	0.01687468412	0.1165098532	-0.07766854519	-0.03912204722	0.01313009707	0.1122156605	-0.0364910216	0.01272853988	0.01190867127	0.01081462627	0.01286029705	0.1127168311	0.01737275232	0.01685534871	0.1095127046	0.1160811083	-0.129739661	0.1105591475	0.00908011248	-0.1287176081	0.01457129638	0.01763564248	0.01212797589	-0.1296885975	-0.08668251071	0.1236104284	0.1124471972	0.1363785624	-0.1226975466	0.1115802858	0.1144056242	0.01754210449	0.1175622428	-0.1166025378	-0.04821986477	0.1194283401	0.01317059866	0.01654127007	0.01282294911	-0.08949262052	0.01550310319	0.01655321992	0.01551422414	0.1506945645	0.1158046685	0.01634865413	0.01756907116	0.01448124434	0.1216957403	0.01268090337	0.01650769759	0.01291433361	0.01633128349
0.1137083075	0.1130824791	-0.02759577074	-0.0345422151	0.01508083664	0.01520624024	-0.04981555313	-0.06677817367	-0.05041602864	-0.05075481524	-0.0499658883	-0.01175450292	0.1129837784	0.1125359065	-0.0118352188	-0.01084600489	-0.0119149697	-0.01263455466	-0.07755127592	-0.0777434515	-0.07281565456	-0.07778147833	-0.08095614241	-0.01255126776	-0.01271259087	-0.0762625846	-0.07757089314	-0.07757103077	-0.07844362004	-0.07768449858	-0.05077707406	-0.02779105693	-0.04917549636	-0.04826032493	-0.07636971953	-0.05029327196	-0.04964718476	0.01590381538	0.01504272534	0.01595676737	0.01602762031	-0.05065054134	-0.01318276553	-0.02796467607	-0.000543545932	-0.1324811144	-0.050494006	0.01603734987	-0.1305145158	-0.02272865522	0.1140895804	-0.07845628936	-0.02909783236	-0.0781115918	-0.02813220008	0.1146240666	0.1136596302	-0.08038835288	0.1130396856	0.1135003449	0.01518171434	-0.07814947412	-0.07800602125	0.1133307747	-0.03403796037	-0.03452543995	-0.03512202107	-0.03545744464	-0.03417411015	-0.03454897533	0.01540261776	-0.05069620876	-0.05069620876	-0.05069620876	-0.07883900268	-0.07899555441	0.1130534134	-0.05125178196	-0.07782368574	-0.1272670727	-0.1222543793	0.01607906179	0.01475530685	-0.07821724638	0.01598357106	0.01630544364	-0.1298475405	-0.05085184147	0.1315516482	0.01422801044	0.01629020778	0.1176281679	0.01417091124	0.01437743461	0.01406266424	0.1291780649	0.1313452186	0.01811323514	0.1356217665	0.01414405939	0.01447581974	-0.1216401947	0.01432095466	0.01319941903	0.01423606301	0.1183467668	0.01472106786	-0.09141800435	0.01395759645	0.1224279327	0.01361299969	0.11743449	0.1228720635	-0.04580287598	-0.08963521427	-0.02635803839	-0.041482522	-0.02888302469	-0.08731801165	0.01505367726	0.01346037329	0.01537910511	-0.03611490913	0.01465317888	0.0146678111	-0.1220200248	0.01478328301	0.01970175209	0.01378690887	0.01255444357	-0.04826671054	0.01559643759	-0.08680296385	0.01953569021	0.1176372258	-0.0888447023	-0.05001951236	0.01837956159	-0.04658068156	0.01313887787	-0.08903879023	0.018934937	-0.1217144869	0.01448307648	0.01334659892	0.01317005014	0.01416694528	0.01721392369	0.01871270402	0.01710680127	0.018901848	0.1226561738	0.02007682835	0.01534964383	0.01674223996	0.01382555489	-0.04361673924	0.01404395874	-0.04458718837	0.1132951973	0.01486169413	0.1118466205	-0.07919049625	-0.03597753431	0.0193860108	0.1198302237	-0.03255584095	0.01868304447	0.01762112519	0.009064185644	0.01911621077	0.109644909	0.01446290888	0.01493484346	0.1182575677	0.1143469937	-0.1298855861	0.1195078383	0.007235905765	-0.1285542638	0.01539314133	0.01406820441	0.01957699493	-0.1298345226	-0.08782004097	0.1175026317	0.1177520563	0.1182273225	-0.1246097161	0.1187872542	0.1151641344	0.01554553356	0.1110468512	-0.1171827558	-0.04782233009	0.1315264467	0.01738853813	0.01389573232	0.01955951714	-0.08855162605	0.01482990445	0.01344794512	0.01472594131	0.1158046685	0.1500972995	0.01496329125	0.01468648991	0.01815572401	0.1303928975	0.01833055179	0.01352479469	0.01778707587	0.01492245315
0.01770340492	0.01816449618	-0.0108327646	-0.01343153055	0.09993025199	-0.03256660498	-0.0815225305	-0.1269839512	-0.08185127611	-0.08123900806	-0.08085767597	-0.04658733848	0.01660738042	0.01510890812	-0.04748324406	-0.04730921985	-0.04783472486	-0.04760325517	-0.03157730548	-0.03176948106	-0.1319524002	-0.1382041944	-0.1388522158	-0.04860688786	-0.04740956147	-0.03229278469	-0.0321403825	-0.03227638507	-0.03303763137	-0.03075947349	-0.1152613082	-0.09213942608	-0.1106368978	-0.1107065848	-0.03362270417	-0.08200024934	-0.08203348688	0.09747440279	0.0981078272	0.09698389498	0.09932544778	-0.07960738031	-0.04754398497	-0.01622867309	-0.03106154247	-0.1995519171	-0.07958670992	0.09937418163	-0.2000949749	-0.04084913757	0.01754121807	-0.03267458064	-0.01151963651	-0.0317300265	-0.01204851869	0.01793983927	0.0171112678	-0.1223097235	0.01784997271	0.01706332549	-0.03231935215	-0.03094173299	-0.03162445595	0.01732587218	-0.01455765522	-0.0150451348	-0.01364274596	-0.01353157039	-0.01319929055	-0.01425348048	0.09969050418	-0.07978891269	-0.07978891269	-0.07978891269	-0.02878908373	-0.02840217566	0.01772783564	-0.07966516113	-0.03171385035	-0.1919538301	-0.1873363434	0.0992800286	0.09822800356	-0.03156395119	0.09999972757	0.09977365424	-0.1993927517	-0.07967281549	0.01652565265	0.09851589686	0.1018008787	0.01659626219	0.09764360795	0.09852945607	0.1120729106	0.01591831362	0.01662705229	0.09696652354	0.01393838836	0.0992471355	0.09822024635	-0.1874164352	0.09847297612	0.09721557554	0.09879567932	0.01595621161	0.09832962952	-0.1471740422	0.1138699521	0.01473864442	0.09713312096	0.01613085438	0.01463931544	-0.06837406229	-0.1456291783	-0.1080304781	-0.1201659328	-0.08491079248	-0.1435837056	0.09974915852	0.0972047999	0.09966699152	-0.07884579955	0.0989410653	0.09746118306	-0.1872021766	0.09648973536	0.09719639099	0.09801384466	0.1116516096	-0.07276415123	0.1002919189	-0.1424081851	0.09526408475	0.01483907577	-0.1425289622	-0.07354175333	0.09628437098	-0.123361983	0.09973646844	-0.14299478	0.1119181802	-0.1873548625	0.09904269279	0.09940914018	0.09963177575	0.09994934614	0.0982410513	0.09810945222	0.09704700928	0.09904713518	0.01510275048	0.09675627754	0.09827888074	0.09681686865	0.1148248302	-0.1212132304	0.09330484199	-0.0631445908	0.01579578029	0.09887785064	0.01489066334	-0.1315499104	-0.1130305657	0.09620132494	0.01567342418	-0.1119185765	0.09577008852	0.09484403419	0.08144192282	0.09487840903	0.01147410474	0.09875079529	0.09762844985	0.01400100253	0.01630411691	-0.1990584504	0.01507930882	-0.04379769826	-0.1961416097	0.09478988953	0.0954784049	0.09815855343	-0.198599792	-0.1390925355	0.01619899605	0.01522563612	0.01542917248	-0.1959564195	0.01422285978	0.01603433803	0.1013279344	0.01531367855	-0.1525580868	-0.1240578761	0.01609285627	0.1118662958	0.1131287633	0.110776516	-0.1445455901	0.114201376	0.09719237173	0.1111058083	0.01634865413	0.01496329125	0.1272557542	0.1131556009	0.09891112171	0.01686141637	0.1109062002	0.1142523401	0.09786314882	0.09897470904
0.01674727884	0.01707250514	-0.01181524072	-0.01527625204	0.09927905646	-0.03386786668	-0.08110286393	-0.1284514903	-0.08129574459	-0.08081934148	-0.08111733415	-0.04651283971	0.01799926134	0.01701073096	-0.04686528549	-0.04696299118	-0.04676211578	-0.04712116155	-0.03241989642	-0.03167233582	-0.1326257208	-0.1382447014	-0.1385179672	-0.04718814665	-0.04692746785	-0.03412004011	-0.03182145771	-0.03279710187	-0.0324243729	-0.03241706024	-0.115120634	-0.09341596949	-0.1108132697	-0.1115755333	-0.03436303999	-0.08103712296	-0.08147795536	0.09914966111	0.09805114042	0.09860920295	0.09773074102	-0.07962945682	-0.04646731472	-0.01775039489	-0.03020047733	-0.2004391337	-0.07974465138	0.09985110728	-0.2003028668	-0.04151928528	0.01672095694	-0.03246846178	-0.01116202113	-0.0326899244	-0.01175694047	0.01725544309	0.01683446647	-0.1224348255	0.01848958122	0.01705825406	-0.03292297382	-0.03288203577	-0.03377555215	0.01696447569	-0.01504372721	-0.01507234215	-0.01511741209	-0.01524042693	-0.01490814709	-0.01528301227	0.09751159354	-0.07994685415	-0.07994685415	-0.07994685415	-0.03044667048	-0.03033149231	0.01734926715	-0.07982310259	-0.0330997072	-0.1931127766	-0.1874204272	0.0979714227	0.09780382491	-0.03322153794	0.09909355184	0.09859706805	-0.2000082383	-0.07983075695	0.01746144295	0.09895528302	0.09948610316	0.01727868668	0.09898567365	0.09973276214	0.1140558797	0.01745481231	0.01673139233	0.09668972221	0.01447677673	0.09977111682	0.09856130705	-0.1870309169	0.09886398717	0.09935069503	0.09981606478	0.01633350297	0.1004369346	-0.1475823207	0.1141878804	0.01567311527	0.09793135797	0.01826047193	0.01549648938	-0.06931254864	-0.1465634506	-0.1076782187	-0.1185187709	-0.08459269056	-0.1438428672	0.09726097849	0.09800340581	0.09843913554	-0.07818649788	0.09921736968	0.09798516438	-0.1871889674	0.09611682651	0.09610439995	0.09905847239	0.1128065511	-0.07386141313	0.1004582557	-0.1428676459	0.09512314837	0.01496986928	-0.1428351795	-0.07301648356	0.09600499401	-0.1232093356	0.09968829839	-0.1433898066	0.1119528662	-0.1869693441	0.09983840401	0.0993812512	0.1003415724	0.1001545419	0.09837184482	0.09761087134	0.09622674814	0.09827392971	0.0136031646	0.09533109389	0.09873745891	0.0976287265	0.1137841089	-0.121060583	0.09524849108	-0.06426599777	0.01790308534	0.09900864416	0.01801444281	-0.1308037022	-0.1130137832	0.09551692876	0.01539662284	-0.1117659291	0.09486391278	0.09375204316	0.08276341557	0.09470366893	0.01336701287	0.09873131681	0.09755263422	0.01368810181	0.01799567255	-0.1994022072	0.01446931487	-0.04287558018	-0.1967878547	0.09565744403	0.0994601814	0.09720242734	-0.1990794137	-0.1392666236	0.01818009766	0.01624602157	0.016410699	-0.1960284464	0.0148111985	0.01669707898	0.1007363046	0.01756925942	-0.1514174996	-0.1233640646	0.01703883948	0.1125918189	0.1132220173	0.1101433896	-0.1452594022	0.1138736345	0.09844694759	0.1114592799	0.01756907116	0.01468648991	0.1131556009	0.1273623421	0.09682921709	0.01757253243	0.1098654789	0.1129898393	0.09772221244	0.09984428844
0.01518950977	0.01565060103	-0.01225974014	-0.01416032926	0.0968548279	-0.03317839083	-0.07971993512	-0.1259570187	-0.07991543162	-0.07971075842	-0.07971816911	-0.04505812451	0.01609536014	0.01705319342	-0.04513884039	-0.04537241103	-0.04535445624	-0.04539471645	-0.02969357187	-0.03061502255	-0.1292163177	-0.135449315	-0.1364057509	-0.04585488934	-0.04547275265	-0.03022107524	-0.03112178894	-0.03044260181	-0.0309321182	-0.0306730825	-0.1138351198	-0.09112083252	-0.109652108	-0.110367316	-0.03019234523	-0.07992853989	-0.07914658774	0.09701733397	0.09749604136	0.09677970399	0.09725815177	-0.07634572572	-0.04662225207	-0.01303624033	-0.03085552278	-0.1973771821	-0.07632505532	0.09713201638	-0.1969691853	-0.03986434773	0.01529905283	-0.0310561305	-0.01234492442	-0.03188426715	-0.01211684473	0.01558066115	0.01636361701	-0.1194228243	0.01556144596	0.0157722149	-0.03206604677	-0.03156450496	-0.03180979487	0.01605361366	-0.01571290086	-0.01497759589	-0.01475898731	-0.01536614078	-0.014897996	-0.01500113127	0.09676901418	-0.07652725809	-0.07652725809	-0.07652725809	-0.02885740977	-0.0290139615	0.01480634564	-0.07653937148	-0.03176332431	-0.1898476685	-0.1846247689	0.09744545821	0.09652929812	-0.03161342516	0.0980481443	0.09698802919	-0.1969462868	-0.07654702584	0.01455521731	0.09629258368	0.098426255	0.01453991224	0.09691480923	0.0963061429	0.09851509557	0.01449133808	0.01462051756	0.100974146	0.01891591755	0.09919766153	0.0959780811	-0.1841547806	0.09745359542	0.09673965465	0.09820274555	0.01480096597	0.1035600365	-0.143606854	0.09709023721	0.0183575241	0.09662862758	0.01422159046	0.01769588326	-0.06524827264	-0.1431827134	-0.1051764183	-0.1177194679	-0.07984908981	-0.1395068613	0.09750699327	0.09632128416	0.09620204173	-0.07797802259	0.09588371035	0.09603420752	-0.1846198467	0.09587794952	0.1006605537	0.09607983797	0.09650227404	-0.07246738046	0.09968013301	-0.1395352733	0.1003586268	0.01710608877	-0.1385879829	-0.07104823276	0.1001535529	-0.1214589779	0.09837829532	-0.1395972605	0.101524118	-0.1847725326	0.0980233121	0.09729442939	0.09684615071	0.09784304585	0.1019769439	0.1018453448	0.1013263616	0.101967838	0.01761585849	0.1004921701	0.09610262323	0.09987488073	0.09736579051	-0.1191555083	0.09651916769	-0.05999994908	0.01409707484	0.09609222559	0.01297017834	-0.1302453707	-0.1115351554	0.1011600021	0.01886585694	-0.1092003817	0.1001853058	0.09953098141	0.08459270649	0.09980328243	0.01172779895	0.0963727651	0.09604836204	0.01715733591	0.01560352178	-0.1967478504	0.01881520139	-0.04357544233	-0.1937839541	0.09854767503	0.09456762019	0.1089594234	-0.1960174622	-0.1379709164	0.01463615555	0.01868979878	0.01441240762	-0.1935753236	0.01904567195	0.01610187694	0.09927158448	0.01455986462	-0.1489023595	-0.1227006265	0.01454886785	0.1017439634	0.09770769784	0.1022845631	-0.1403328809	0.09809841017	0.09576539619	0.1004588682	0.01448124434	0.01815572401	0.09891112171	0.09682921709	0.1241162923	0.0157250228	0.1017349225	0.09721974734	0.1029576909	0.09710403926
0.1168292172	0.1148447393	-0.02740432356	-0.03462249782	0.01765828651	0.01539768742	-0.05115933473	-0.06740191619	-0.05077633787	-0.05016406982	-0.05051333228	-0.01129132584	0.1159203274	0.1167061963	-0.01218723142	-0.01079042266	-0.01022900807	-0.01122032293	-0.07916776353	-0.07795959918	-0.07452631668	-0.07935323995	-0.08234380485	-0.01100117107	-0.01111122439	-0.08069054572	-0.07855096072	-0.07936628805	-0.07876888484	-0.07898756585	-0.05165472778	-0.03037647516	-0.04978142018	-0.04929995892	-0.08052595076	-0.05078944615	-0.05041508884	0.01766607556	0.01835076976	0.01717556775	0.01728181863	-0.05149474397	-0.01281815915	-0.0326643671	0.001348402517	-0.1345481015	-0.05147407358	0.01785087984	-0.1317663133	-0.02430345239	0.1160389753	-0.07860316177	-0.0262820464	-0.07887119927	-0.02563104875	0.1172015165	0.115880755	-0.08172423873	0.1156171354	0.1164608676	0.01542443131	-0.07953713655	-0.07958081842	0.1156364947	-0.03466170289	-0.03446985772	-0.03456198333	-0.03445080776	-0.03439025782	-0.0355803127	0.01743660784	-0.05167627634	-0.05167627634	-0.05167627634	-0.08000620501	-0.07975516188	0.1163211534	-0.05223184954	-0.07899088806	-0.1285188702	-0.1239137716	0.01694538235	0.01779991799	-0.07906144901	0.01856102094	0.01751975791	-0.131099338	-0.05183190905	0.1329575834	0.01835124457	0.01669381845	0.1213521038	0.01764093593	0.01817766904	0.0173080147	0.1326219742	0.1330186786	0.0138974375	0.1314059689	0.01794429382	0.01792802572	-0.123571317	0.01689840453	0.01651576007	0.01694937784	0.1205678916	0.01789324733	-0.09285693658	0.01748610097	0.1188068647	0.01714150422	0.1199273447	0.1193355906	-0.04743723956	-0.08971549699	-0.03105772942	-0.04482356353	-0.03228363262	-0.08943626862	0.01769069354	0.01739647267	0.01665747189	-0.03573632721	0.01724159412	0.01765285583	-0.1240363831	0.01477929883	0.01589354931	0.01657256239	0.01575273836	-0.04786309987	0.01681523796	-0.08715497647	0.01518402762	0.1128779684	-0.08968890493	-0.05128382058	0.01484308871	-0.04910653338	0.01821316665	-0.08974712791	0.01539846411	-0.1232380143	0.01665293151	0.01796202305	0.01715741931	0.01755958486	0.01530783021	0.01504036619	0.01329859849	0.01468605037	0.1177610514	0.01463824616	0.01770241947	0.0175181975	0.01681059962	-0.04641432097	0.01615940815	-0.04649328185	0.115788052	0.0180338736	0.1162415846	-0.07908785835	-0.03999790058	0.01598540286	0.1138994516	-0.03684793713	0.01419551693	0.01354119251	0.009095245907	0.01422108838	0.1109963362	0.01758381856	0.01836358242	0.1123116251	0.1170227691	-0.1312732486	0.1128464716	0.007970812746	-0.1301666005	0.0154884352	0.01707999696	0.01522533234	-0.13135805	-0.08790032369	0.1217617307	0.1143514484	0.1204160296	-0.1261332435	0.1141638617	0.11597534	0.0183362335	0.1163928699	-0.119258108	-0.04808697354	0.1331528419	0.0150748498	0.01688718577	0.0134416102	-0.09026228817	0.01645629968	0.0174948807	0.01586014653	0.1216957403	0.1303928975	0.01686141637	0.01757253243	0.0157250228	0.1449719254	0.01425061911	0.01773262397	0.01479406279	0.01702962328
0.01550020251	0.01473850921	-0.01317183196	-0.01590646286	0.09567100618	-0.03436221254	-0.07886839842	-0.1265973806	-0.08014819869	-0.08007939043	-0.0795621934	-0.04637781118	0.01423221368	0.01337674693	-0.04659439201	-0.0466920977	-0.04708173776	-0.04793718767	-0.03174253364	-0.03234230407	-0.1308733695	-0.136636982	-0.1375421481	-0.04866909047	-0.04815108882	-0.02950278766	-0.03257734056	-0.03189815343	-0.03265939972	-0.0318757563	-0.113660292	-0.08972322018	-0.1095945599	-0.1104642181	-0.03001751744	-0.07988957706	-0.0796510847	0.09730917463	0.09658394954	0.09749799157	0.09593846511	-0.07766541238	-0.04753434389	-0.01272554759	-0.03190609538	-0.1976099492	-0.07764474199	0.09771443902	-0.1973378173	-0.04050470964	0.01506628576	-0.03338326859	-0.01440216368	-0.03298217426	-0.0134365314	0.01464971726	0.01517979529	-0.1203349162	0.01455985069	0.01458839318	-0.03234876419	-0.03261246173	-0.03274073876	0.01512266977	-0.01522863903	-0.01561795781	-0.01604096983	-0.01668582745	-0.01509305891	-0.01536976329	0.09612865226	-0.07784694476	-0.07784694476	-0.07784694476	-0.02976950159	-0.02965432342	0.01511703837	-0.0777231932	-0.0324225383	-0.1899445706	-0.1848575359	0.09748442104	0.0956172063	-0.03335955875	0.09616614576	0.09621180233	-0.1972694168	-0.07773084756	0.01364312549	0.09563336969	0.09790290596	0.01344200513	0.09489694573	0.0942882794	0.1100055732	0.01276405656	0.01384429069	0.1015565686	0.01784910871	0.09745152794	0.09506598929	-0.1847951425	0.09559044895	0.09392545353	0.09659247691	0.01334541435	0.09653402196	-0.1445845811	0.1104439652	0.01797004001	0.0953375134	0.01329555647	0.01746311619	-0.06724728406	-0.1435513455	-0.1055450503	-0.1171370452	-0.08116877648	-0.1405548181	0.0956438468	0.09472986759	0.09617536932	-0.0786183845	0.09511327867	0.09471452085	-0.1849408294	0.09446010205	0.1004277866	0.0950318812	0.1091965443	-0.07392293208	0.09740939169	-0.14085496	0.1008051845	0.01793460641	-0.1395000747	-0.0718715153	0.1008718404	-0.1211482852	0.09651657613	-0.1406452173	0.1139267913	-0.1844618399	0.09683949038	0.09583887777	0.09552646404	0.09652335918	0.1009289871	0.1020201726	0.1019087843	0.1009198813	0.01819828113	0.1010745927	0.09553221853	0.09814759921	0.1100401937	-0.1192712625	0.09373030288	-0.06201781257	0.01318498302	0.09518013377	0.01309505578	-0.1303893284	-0.1121755173	0.1016065597	0.01999173938	-0.1092972838	0.09940907896	0.100249269	0.08330506344	0.1002498401	0.010215526	0.09546067328	0.0957967429	0.01841908329	0.01410091449	-0.1969806175	0.01899002917	-0.04559330582	-0.193520317	0.09693436553	0.09413525326	0.1024768686	-0.1959784994	-0.1389486434	0.01318060393	0.01791357192	0.01281837522	-0.1931992619	0.01935636468	0.01641256967	0.09695089281	0.01291022022	-0.1501756846	-0.1225257987	0.01334619405	0.116733866	0.109908871	0.1161817508	-0.1416525675	0.1121314629	0.09517226352	0.1125709595	0.01268090337	0.01833055179	0.1109062002	0.1098654789	0.1017349225	0.01425061911	0.1307131197	0.1098752985	0.1017738692	0.09659954229
0.01653663827	0.01754118933	-0.01145607145	-0.01446243225	0.09834747999	-0.03291818193	-0.08093800444	-0.1275380362	-0.08019868253	-0.08040160417	-0.08042786694	-0.04629243007	0.01785008349	0.01590769714	-0.04718833565	-0.04660671659	-0.0463170319	-0.04690075191	-0.03215066198	-0.03144173326	-0.1318092727	-0.1370950607	-0.1388070851	-0.04722505985	-0.04629946336	-0.03362922001	-0.0318126347	-0.03249209707	-0.03243815366	-0.03165451024	-0.1152052903	-0.09276273293	-0.109799494	-0.1109222968	-0.03427981474	-0.08116284545	-0.08024502835	0.09916080009	0.09911489975	0.09785510258	0.09924560073	-0.07921041068	-0.04708037222	-0.01644438509	-0.02970300507	-0.1992908124	-0.07918974028	0.09902260468	-0.1994262754	-0.04109865328	0.01732550607	-0.03193923798	-0.01024083406	-0.0314881933	-0.01104144613	0.01677307262	0.0174390156	-0.1216081846	0.01690857446	0.01779866814	-0.03289275748	-0.03198362082	-0.0311608432	0.01738189008	-0.01504509712	-0.01403806225	-0.01453778271	-0.01510593189	-0.0146377871	-0.01474092238	0.09974652208	-0.07939194305	-0.07939194305	-0.07939194305	-0.02941239058	-0.02943307736	0.01760768415	-0.07940405644	-0.03152196749	-0.1916927254	-0.1868184604	0.09838499185	0.09814815651	-0.03245898794	0.09828950112	0.09779169789	-0.198995782	-0.0794117108	0.01671753551	0.09911537456	0.1007055861	0.01738155519	0.0989224104	0.09940066367	0.1142168531	0.01692538618	0.01538388182	0.09634321669	0.01345094646	0.100390073	0.09800453435	-0.1875629254	0.09934418372	0.09835851305	0.1000744818	0.01614809446	0.1004236217	-0.1475584586	0.1149526476	0.01520225717	0.09768517411	0.01651977361	0.01320081889	-0.06987920195	-0.1459115335	-0.1093997528	-0.1208558827	-0.08556693873	-0.1438660607	0.09871825682	0.09794014256	0.09958714448	-0.07839713844	0.09854918391	0.09846825562	-0.1877562616	0.09505123881	0.09548616454	0.09901834158	0.1121152223	-0.07369202738	0.1004838017	-0.1423999583	0.0949125078	0.01367230912	-0.1422678575	-0.07382410844	0.09552262354	-0.1248671227	0.101608681	-0.1431412702	0.1118383332	-0.1866861629	0.1004573602	0.1005436672	0.1006388483	0.1002770939	0.09707428465	0.09748614537	0.09547264778	0.09774450358	0.01366425393	0.09491018614	0.100101143	0.09751840758	0.1136580635	-0.1233976948	0.09404018465	-0.06336478129	0.01748217759	0.09961319329	0.01625210064	-0.1334288412	-0.1148074352	0.0961214779	0.01477838743	-0.1128802563	0.09405986207	0.09476418714	0.08197475741	0.09490062322	0.01150103637	0.09826335339	0.09873528797	0.01279813649	0.01663186471	-0.1987973457	0.01350494732	-0.04401341026	-0.1955575053	0.09457417753	0.09817702828	0.09753524658	-0.1982028224	-0.1409714663	0.01788539335	0.01460232927	0.01699855691	-0.1956953149	0.01400714778	0.01636208583	0.1007545779	0.01802260449	-0.1532615589	-0.1252935815	0.01655646902	0.111242989	0.113728241	0.1104249391	-0.1448279452	0.1134396285	0.09901463399	0.111569421	0.01650769759	0.01352479469	0.1142523401	0.1129898393	0.09721974734	0.01773262397	0.1098752985	0.1257210138	0.09710397702	0.09943241394
0.01645124104	0.01568954774	-0.01181319858	-0.01604234393	0.09648617976	-0.03436222867	-0.08049879395	-0.1276843163	-0.08001234986	-0.08007940656	-0.08037739922	-0.04718915355	0.01586257695	0.01337673081	-0.04645854318	-0.04628451898	-0.04721761883	-0.04766547389	-0.03215014461	-0.03247818514	-0.1320305349	-0.1381069906	-0.139491698	-0.04798978184	-0.04733591525	-0.03058972339	-0.03230562678	-0.03203403451	-0.03331421863	-0.03228336727	-0.1146113627	-0.09121775076	-0.1112435407	-0.1115511538	-0.03001753357	-0.08043305299	-0.08060215548	0.09771675336	0.09712739322	0.09872076	0.09770469334	-0.07902407801	-0.04685503526	-0.01394834827	-0.03149851666	-0.1986968849	-0.07913927257	0.09635577339	-0.198424753	-0.04091232062	0.01615318924	-0.03414207765	-0.0122283406	-0.03284632544	-0.01207789802	0.01546489084	0.01545150907	-0.1226201145	0.01519279782	0.01515635882	-0.03275637516	-0.03329180261	-0.03301248479	0.01512265364	-0.01603802207	-0.01480278423	-0.01562756832	-0.01627242594	-0.01536480494	-0.01536977941	0.09707969079	-0.07934147534	-0.07934147534	-0.07934147534	-0.03031297752	-0.03046952925	0.01457356245	-0.07908185883	-0.03323774413	-0.191846696	-0.1873114525	0.09762026987	0.09683997473	-0.03335957487	0.09793237399	0.0975704357	-0.1981301246	-0.07908951319	0.01405070422	0.09658440822	0.09858221458	0.01466477355	0.09639144406	0.09673383238	0.09709838677	0.01520960954	0.01465946427	0.1141919929	0.01798495753	0.1119890615	0.09588116286	-0.1869689979	0.09708494728	0.09433303225	0.1094996311	0.01416058793	0.09721333059	-0.144518962	0.09726504887	0.01851348369	0.09488247787	0.01419936575	0.01827828977	-0.06738316514	-0.1438230915	-0.1059526613	-0.1183598459	-0.08130465755	-0.1404189693	0.09686661523	0.09540917622	0.09692417664	-0.07848253568	0.09660198181	0.09607315423	-0.1866188743	0.09541114058	0.1013788251	0.095192252	0.09572603104	-0.07351535336	0.09808870031	-0.1401756514	0.1005334385	0.01888564494	-0.1400435506	-0.07159980152	0.1011435542	-0.1226428158	0.1101686903	-0.1403735035	0.1018347946	-0.187179155	0.1093390497	0.1090177618	0.108977078	0.110381568	0.114379601	0.1153349216	0.1135931539	0.1145063602	0.01887758976	0.1006669818	0.09648325705	0.09909863773	0.09835579187	-0.1194071435	0.09300373276	-0.06188196374	0.01440775145	0.096946362	0.01350263451	-0.1307969394	-0.1124472634	0.1011989488	0.0193123985	-0.1105200845	0.09968079274	0.09956992812	0.08308924213	0.1014726085	0.01043959046	0.09586825201	0.09579672678	0.01773974242	0.01545954787	-0.1982034182	0.01926174295	-0.0451857271	-0.1950148476	0.09761367416	0.09520181763	0.1026127175	-0.1976915674	-0.1391547542	0.01399577751	0.01872874549	0.01431287355	-0.1950308914	0.01908461866	0.01586909375	0.09858125609	0.0134536639	-0.1521241716	-0.1237485993	0.01592761198	0.1025980999	0.09652386	0.10178005	-0.1420601785	0.09800149193	0.095532613	0.09884858344	0.01291433361	0.01778707587	0.09786314882	0.09772221244	0.1029576909	0.01479406279	0.1017738692	0.09710397702	0.1277240585	0.1095066964
0.01738663187	0.01594561382	-0.01264985468	-0.01579208043	0.09698753501	-0.03356850537	-0.08088765604	-0.1280524947	-0.08067294185	-0.0808758635	-0.07995107161	-0.04629952813	0.01717905488	0.01780851096	-0.04678783886	-0.04634208476	-0.04632412996	-0.04663612007	-0.03193598049	-0.03199229112	-0.1330391554	-0.1384608082	-0.1383595829	-0.04655283317	-0.04752934598	-0.03363631807	-0.03181973276	-0.03290678999	-0.03163006203	-0.0319333382	-0.1147023796	-0.09215007265	-0.1099759081	-0.1112245918	-0.0342869128	-0.08027845527	-0.07990409797	0.09899857511	0.0989308851	0.09924855598	0.09701100491	-0.07799472419	-0.04616329754	-0.01763816832	-0.02911051333	-0.1988903156	-0.0779740538	0.100486554	-0.1981702845	-0.04147724682	0.01726474946	-0.03058768654	-0.01051966202	-0.03154524172	-0.01114830977	0.01766337066	0.01724239404	-0.1212672542	0.01737227016	0.01620309264	-0.03345716631	-0.03212658384	-0.03198313097	0.01700909913	-0.01569542055	-0.01536771043	-0.01559570099	-0.01548452542	-0.01515224558	-0.01539124581	0.0968326015	-0.07817625656	-0.07817625656	-0.07817625656	-0.02941948865	-0.03020835972	0.01765444439	-0.078052505	-0.03220839031	-0.1908846338	-0.1862820987	0.09784023657	0.09783493197	-0.03233022105	0.09791671017	0.09813853612	-0.1982832509	-0.07806015937	0.01658037507	0.09911407907	0.09944613144	0.01790406596	0.1000341498	0.09763312383	0.09938244304	0.01763951482	0.01635518895	0.1084339018	0.01521589533	0.1119372983	0.09887799497	-0.1860352046	0.09947875318	0.09862314488	0.1113499772	0.01550357361	0.09950737092	-0.146750367	0.09915149436	0.01483367127	0.09714041882	0.01611088327	0.0147343423	-0.06926654168	-0.1455110367	-0.1081505108	-0.1193986579	-0.08495427845	-0.143193834	0.0973584171	0.09913236202	0.09822730476	-0.07745318186	0.09801638496	0.09795959971	-0.1866391152	0.09600099798	0.09688382299	0.09827235236	0.09862404308	-0.07548883682	0.09960785538	-0.1419994615	0.09607453574	0.01353514868	-0.1424108205	-0.07361904301	0.09524959816	-0.1232740329	0.1127747649	-0.1427407734	0.09788325225	-0.1864215311	0.1117328556	0.1122972534	0.1118187832	0.1116884543	0.1104280587	0.1085302153	0.1078753672	0.1109624127	0.01383912783	0.09522092499	0.09982811761	0.09687303533	0.09933148714	-0.1201742256	0.09592689728	-0.06403707019	0.01755137807	0.09921533779	0.0164725847	-0.1319414248	-0.1130784805	0.09584845251	0.01522499123	-0.1114230315	0.09473789133	0.09385214144	0.08420524561	0.09466790227	0.01330971879	0.09799032801	0.09874358411	0.01325433192	0.01863927387	-0.1982206795	0.01367982122	-0.04446249976	-0.1955755687	0.09588397929	0.09761432856	0.09761035491	-0.1975729638	-0.13921232	0.01741113403	0.01586412277	0.01647525398	-0.1951840177	0.01495690695	0.01612936488	0.1012134461	0.01666168149	-0.1526788356	-0.1231172488	0.01564021826	0.09769550289	0.09905353085	0.09579053339	-0.1438839886	0.0992489171	0.09927926582	0.09893268519	0.01633128349	0.01492245315	0.09897470904	0.09984428844	0.09710403926	0.01702962328	0.09659954229	0.09943241394	0.1095066964	0.1255309343
