0.1223808938	0.1056468182	-0.02586019535	-0.02912130636	0.002362698243	0.01390117959	-0.03817893528	-0.06497702713	-0.007701272875	0.1036763313	0.1026208107	-0.006927701798	-0.0721598454	-0.07136493099	-0.07694806302	-0.07768494205	-0.008247178002	-0.07210765383	-0.07045179308	-0.0514404798	-0.03206855457	-0.04878267305	-0.04810568049	-0.07240454033	0.0002481631372	-0.0002795172095	0.0001782714201	0.001931626234	-0.04147728422	-0.01021137666	-0.03076229561	0.0002477023193	-0.1226800768	-9.935484137e-06	-0.1154525797	-0.02098314477	0.1051923378	-0.07194714358	-0.02792852507	-0.02759276789	0.1060917147	0.1051679868	-0.07212937371	0.1038836709	0.1056260866	0.0146737136	0.1051222494	0.003551610935	-0.07111275958	0.1077312239	-0.115314234	-0.1108966583	0.002657761235	0.002119965453	0.001962776534	0.001477116288	-0.1148882434	0.1028039096	-0.0004637665696	0.002447653267	0.1037809097	-0.0006726647849	-0.000147691397	-0.001496889172	0.1029862834	0.1043202275	-0.002575633959	0.1008110796	-0.0001396764069	0.0003067469676	-0.1103889338	-0.0006503779666	-0.00105784484	-0.0008913293323	0.1021988731	0.0009718513233	-0.08634761565	-0.0005330110643	0.1017412294	-0.0006293148243	0.1019890584	0.1002201509	-0.05212285912	-0.08133446382	-0.03109113706	-0.04297933408	-0.0333665675	-0.08361756347	0.001869702299	-0.0006642959135	0.001732386389	-0.03321854582	2.348113044e-05	-7.948629363e-05	-0.110760773	-0.003111286142	-0.0002400303506	-0.001091084626	-0.001952025282	-0.04985044369	0.0003627904021	-0.07969474488	-0.002125954548	0.1013877846	-0.0835600615	-0.05496736735	-0.002030423999	-0.04515533234	-0.0003501176209	-0.08372816129	-0.001509095869	-0.1098144254	-0.001120321298	-0.001592024928	-0.0009859349772	-0.00102899466	-0.002209865381	-0.001380979289	-0.002855710633	-0.001801992872	0.100569366	-0.002036439901	0.0002730564209	-4.51340191e-05	0.001214676081	-0.04348343734	-0.002619963637	-0.05222985904	0.102118194	-0.0002366320225	0.1018258429	-0.07248775533	-0.03848599909	-0.002013621812	0.1018587857	-0.03553660165	-0.001160606795	-0.00279690838	-0.005379906752	-0.002861716814	0.09807670942	-0.0002980903309	-0.001376533668	0.1016224737	0.1041531298	-0.1150227512	0.09969948108	0.008695869976	-0.1147390784	-0.002860184622	-0.000325075066	-0.001348579457	-0.1153363876	-0.07941442186	0.1033258483	0.10172529	0.1013730052	-0.1123793589	0.1014914874	0.1043601356	0.001303923583	0.1036654881	-0.1116915289	-0.04394278205	0.1043856455	-0.001674760021	-0.0008072409836	-0.002916527538	-0.0842830718	0.001085143079	-0.0003536905344	-0.003096272056	0.1012415239	0.1010149244	-0.0002981508062	-0.001028035618	-0.002180305787	0.104079723	-0.002770041728	-0.001088934281	-0.001352976751	-2.234362982e-05
0.1056468182	0.1202575177	-0.02649826982	-0.03004680943	0.003592909616	0.0135505337	-0.0393453467	-0.06492147003	-0.008483061645	0.1033256854	0.1014078791	-0.007853204864	-0.07222306269	-0.07183063373	-0.07616192868	-0.07692589951	-0.008527212814	-0.07360801408	-0.07152101044	-0.05045117679	-0.03079182296	-0.04750594145	-0.04797866325	-0.0731863291	-0.0005336256326	-0.0003655981375	-0.0003010301848	0.00311928533	-0.0409191241	-0.01132314629	-0.03183151297	-0.000918709104	-0.1217086366	0.001507704482	-0.1140321338	-0.02133379066	0.1042668347	-0.07242644518	-0.02741688518	-0.02880569955	0.1048730671	0.1049553393	-0.07257721365	0.1044798156	0.1048605367	0.01389192483	0.1049153178	0.003919536533	-0.07218197694	0.1048402409	-0.113814388	-0.1103563609	0.003928825563	0.002200462459	0.004055273684	0.002556988631	-0.1134677975	0.1024532637	-0.0005269838596	0.003148008903	0.1019931209	0.000126403701	0.0002667544355	-0.0006272096154	0.1029230662	0.1032510102	-0.002207708361	0.09931071936	-0.0002028936969	0.001105815453	-0.1098307737	3.368364007e-05	-0.0007708743999	-0.0006671180303	0.1012733701	0.0004774911454	-0.08550202693	-0.001103595399	0.09980972629	-0.001411103594	0.1021495092	0.1001569336	-0.05199584188	-0.08092001799	-0.031538977	-0.04371460261	-0.03223355019	-0.08262826045	0.002237627897	-0.000249850081	0.003393740651	-0.03296567707	0.0009662639123	0.0004321536003	-0.1100085986	-0.001870645413	-0.0017403906	-0.0009094256018	-0.001323254084	-0.0477114263	-0.0004189983678	-0.07944187614	-0.002764029022	0.09959999581	-0.08271447278	-0.05440920722	-0.0003690697372	-0.04689660095	0.000305236569	-0.08302628686	-0.0007100273829	-0.1092562653	0.0008435201285	-0.001209040757	-0.0004742950833	0.0002012167143	-0.002416796967	-0.001156767987	-0.003062642219	-0.000715495794	0.1000750058	-0.001524800008	6.612483498e-05	0.001087883293	1.744422846e-06	-0.04551213454	-0.002181426969	-0.05167169892	0.1027735482	0.0007061507594	0.1027487481	-0.07379788104	-0.03864641044	-0.001358267622	0.1016518541	-0.03655929878	-0.001654966973	-0.00142298271	-0.006616713534	-0.001918934032	0.09727899266	-0.0003613076209	-0.00029003659	0.09983468487	0.1027964838	-0.1137460196	0.1003548353	0.007642891518	-0.1134091487	-0.002061116136	0.0008320330821	-0.001124368155	-0.114059656	-0.07988512544	0.1025154799	0.1005123583	0.1013097879	-0.1103840559	0.100853413	0.1027103452	0.001240706293	0.1013857658	-0.1111868624	-0.04597147925	0.1038912854	-0.002025405903	-0.0005830296817	-0.00326717342	-0.08358119737	0.002185289	-0.0007043364164	-0.003303203642	0.102230827	0.09994570708	0.0005009176797	-0.0005163957239	-0.001668665893	0.1023384543	-0.003551830498	-0.0001461514991	-0.002278479817	-0.001235275288
-0.02586019535	-0.02649826982	0.2580514942	0.142401913	-0.01006838123	0.05423468478	0.0547325642	0.01286123794	0.04225632614	-0.02660047089	-0.0284670687	0.04216761144	0.1311409074	0.006087203396	0.0001548639011	0.0006248673547	0.04175012109	0.1314805276	0.1311243882	-0.02891554465	-0.02621447775	-0.02726373798	-0.02744903119	0.1304650696	-0.01132063056	-0.01215860314	-0.01128578135	-0.00838629108	0.02960640893	0.0626812834	0.1033952068	0.04147287135	-0.02456419871	-0.011003872	-0.0176547942	0.1202330322	-0.0259467502	0.1299768104	0.2420557537	0.2415124585	-0.02591537494	-0.02727024575	0.01488983963	-0.02673976941	-0.02650276253	0.05327788323	-0.02659169575	-0.009454325725	0.1405234224	-0.02743186438	-0.01552976378	-0.01295625456	-0.009221195522	-0.01016739973	-0.009031159982	-0.009954587851	-0.01748895408	-0.02919746415	-0.01059541731	-0.008213853211	-0.02836417832	-0.01123545841	-0.01071048503	-0.01243961715	-0.0282965188	-0.02714526238	-0.01198871322	-0.02932200827	-0.01228332729	-0.01126204673	-0.01113723865	-0.01132894144	-0.01189182816	-0.01102298007	-0.0299462149	-0.01203408534	0.001165615586	-0.01253294765	-0.02997271571	-0.01162325134	-0.0304491741	-0.02833207973	-0.006332974688	0.00855903544	-0.02297107221	-0.02408069703	-0.005126501218	0.004551364244	-0.009555377105	-0.01151451813	-0.008336389346	0.03524366055	-0.01226388405	-0.01179199429	-0.01131506353	-0.01312843824	-0.01281482412	-0.01227128772	-0.0128022475	-0.002479702002	-0.01077486041	0.006444319893	-0.01225760529	-0.02860158894	0.003746580436	-0.00610827416	-0.01043750319	-0.01978955198	-0.0122871792	0.00271619487	-0.01264674668	-0.01113758742	-0.01168311493	-0.01272967574	-0.01284215727	-0.01159178829	-0.0132038019	-0.01237491581	-0.01298736137	-0.01286659553	-0.02898886472	-0.01259923353	-0.01181938592	-0.01103907054	-0.01021040332	-0.02099194289	-0.01232047149	-0.00363635484	-0.02844603675	-0.01151799713	-0.02788309376	0.01172514731	-0.02159936219	-0.01200155826	-0.02813058788	-0.02181167926	-0.01157968613	-0.01264113053	-0.01273932968	-0.01198736748	-0.02908802982	-0.01244174121	-0.01212201496	-0.02908547135	-0.02865932116	-0.0179435371	-0.02739893255	0.05338830015	-0.01707261205	-0.01212954959	-0.01227737156	-0.01191137309	-0.01622840677	0.005505855079	-0.02899153361	-0.02783294074	-0.0294786542	-0.01961157376	-0.02849788615	-0.02826078456	-0.01026487012	-0.02798059191	-0.02523864161	-0.02058900183	-0.0271845853	-0.01281241083	-0.01116344531	-0.0123296068	0.001586427178	-0.009621364845	-0.01220991283	-0.01403462846	-0.02853982122	-0.02854330625	-0.01129208732	-0.01234921124	-0.01303052801	-0.02864022226	-0.01362026395	-0.01150801361	-0.01277805616	-0.0127408517
-0.02912130636	-0.03004680943	0.142401913	0.2611542393	-0.00901806337	0.05555099319	0.07146711753	0.02115275808	0.04903854181	-0.03101129628	-0.03106081678	0.0490935414	0.13447398	0.01085732629	0.008103467972	0.009666017675	0.04867605106	0.1332327429	0.1337388893	-0.03048552482	-0.02907788658	-0.0266780037	-0.02671958262	0.1330795707	-0.01070145559	-0.0103897138	-0.01081032067	-0.008629401881	0.03466396041	0.07091731607	0.1119186681	0.05217142425	-0.01963686349	-0.01095955421	-0.01272419035	0.1114941039	-0.02935157551	0.1339681103	0.14095581	0.1406693405	-0.02946391455	-0.03038764247	0.0193893006	-0.02965995818	-0.02934896956	0.05459895565	-0.02927794958	-0.009266293637	0.1454373522	-0.02882468955	-0.01106771353	-0.007467560184	-0.007731359624	-0.007967367496	-0.007693413527	-0.008345651707	-0.01257511689	-0.03202743228	-0.0111259567	-0.007882106828	-0.0327750037	-0.009897711958	-0.01023502435	-0.01115307923	-0.03123028059	-0.03227465924	-0.009932395284	-0.0320082621	-0.01051443795	-0.01021172887	-0.008091687308	-0.01045028232	-0.01124897145	-0.01169723376	-0.03148275437	-0.009402910217	0.004227933593	-0.0109077726	-0.03265896954	-0.009330320918	-0.03284799934	-0.03288661941	-0.004437045083	0.007741067456	-0.01597417615	-0.0181440931	0.00325324574	0.003445967668	-0.009798487905	-0.009889343086	-0.009010643035	0.0367251213	-0.01135728048	-0.01016681924	-0.007170097823	-0.01035354882	-0.01133336337	-0.01021496978	-0.01045850098	-0.006619772829	-0.009724542547	0.01022520938	-0.01091985883	-0.03071298559	0.005084326891	-0.008000124792	-0.01082432828	-0.01313437657	-0.01138057564	0.004628798509	-0.01159642882	-0.008523178971	-0.01120765425	-0.009954786325	-0.0119355537	-0.0114037562	-0.01200976974	-0.01189945513	-0.01078732914	-0.01095399189	-0.03368711869	-0.01054291559	-0.01024541942	-0.01013246697	-0.009591228348	-0.01491162467	-0.01098272503	-0.008207568554	-0.03098857628	-0.01075510786	-0.0318907207	0.008396061081	-0.01293218664	-0.0106638118	-0.03153541319	-0.01644993252	-0.01139165404	-0.01187824126	-0.009376153201	-0.0115119068	-0.02885855676	-0.01052913758	-0.01078426851	-0.031196868	-0.03139678354	-0.01198073112	-0.0308204319	0.06304523687	-0.01292855489	-0.01136666032	-0.01113097949	-0.01042991233	-0.01217685536	0.006395691979	-0.03153407314	-0.03080662317	-0.03243295942	-0.01698039864	-0.03147156857	-0.03238418135	-0.0110828381	-0.03291890496	-0.02002914027	-0.0146523979	-0.03173912498	-0.01190580727	-0.01011312745	-0.01113557464	0.003642745114	-0.01043933283	-0.01072845208	-0.01246503352	-0.03366921809	-0.03122956009	-0.009379483683	-0.01077524473	-0.01037997568	-0.03161390468	-0.01185137461	-0.01060141005	-0.011584024	-0.01183424813
0.002362698243	0.003592909616	-0.01006838123	-0.00901806337	0.1068344115	-0.03799643971	-0.06891763526	-0.1280514437	-0.04508374827	0.0005764112586	-0.001080651271	-0.04445389149	-0.02245145744	-0.1333026517	-0.1392196482	-0.140122489	-0.04555904233	-0.02409091962	-0.02218054807	-0.1188592431	-0.09761903198	-0.1142787946	-0.1158118723	-0.02381294894	0.0894779825	0.08864000992	0.08983923367	0.09126260761	-0.0690542697	-0.04619926137	-0.01453933861	-0.03469163005	-0.195401214	0.08907616958	-0.1910301401	-0.03993727249	0.002707286275	-0.02295732709	-0.01170556807	-0.01122609659	0.002594947239	0.003252076575	-0.1189640748	0.002057981367	0.00184760645	-0.03822990577	0.002637197913	0.0910664397	-0.01982351436	0.001940743578	-0.1866415036	-0.1827555097	0.09076248028	0.09149349911	0.0910488816	0.09269607215	-0.190561878	0.001324858175	0.09077805293	0.0910797518	0.0004335724556	0.09042544042	0.08951327085	0.0882442651	-0.0003610538056	0.0006454503216	0.08694161399	-0.001242828978	0.08880271436	0.08924913773	-0.1832359225	0.08903381408	0.08817197452	0.08876963291	0.0002886788306	0.08905195631	-0.147011807	0.08884052259	-0.002755822193	0.08725625977	0.0004990529732	-0.002552329174	-0.07481355853	-0.1436854646	-0.1138544122	-0.1255988949	-0.09000675857	-0.1430991226	0.09153066455	0.09057752359	0.09110592004	-0.07938545606	0.0889658719	0.08814433299	-0.1823378752	0.08727867694	0.08669036027	0.09025189689	0.08741589529	-0.07817827971	0.08887403828	-0.1410905262	0.08523557896	-0.001375114469	-0.141748192	-0.07909520972	0.08734310966	-0.1260503216	0.08902341603	-0.1430660062	0.08714586631	-0.1819428426	0.08940292672	0.08736748662	0.08896245586	0.08848825329	0.08658881109	0.08713026859	0.08609626109	0.08692601745	-0.002921685566	0.08604366509	0.08964659008	0.08792417448	0.09045407639	-0.1259592839	0.08524332383	-0.07082351002	0.001932571283	0.09000876836	2.442679245e-05	-0.1292716607	-0.1188061312	0.08750362614	-0.000913694365	-0.1184340101	0.08648835531	0.08513948232	0.07355519606	0.08553873457	-0.003402064087	0.08878801473	0.08925041728	-0.002770874979	0.001236935437	-0.1910314544	-0.001492141735	-0.04693832101	-0.1878758777	0.08550734896	0.08760607749	0.08658781124	-0.1901953765	-0.136796048	0.0006685029398	-0.001909475889	-0.0002497605414	-0.1885897386	-0.001424706926	0.0007196538793	0.08938402857	-0.000112992	-0.1526874375	-0.1277849864	0.001038308286	0.08769877363	0.08885372126	0.08545100605	-0.1443394882	0.08932261121	0.08815755734	0.0862772616	4.990112036e-05	-0.0026198414	0.090242218	0.08896958332	0.08719322787	0.0003012428093	0.08531006326	0.08858160892	0.08643969965	0.08673390228
0.01390117959	0.0135505337	0.05423468478	0.05555099319	-0.03799643971	0.2935939766	0.08515250989	0.04563609985	0.05585296518	0.01301958498	0.01218240162	0.05546888188	0.001015310474	0.03605923953	0.02920827771	0.02806889492	0.05508230252	0.001067502046	0.001142505541	-0.01290046926	-0.01292997398	-0.009524091032	-0.007697384096	0.0002005223669	-0.03881754615	-0.03922437584	-0.03806412546	-0.03703292103	0.05282387316	0.106645309	0.0414068602	0.0840577161	0.00915552515	-0.03921935907	0.01391486586	0.08740440885	0.01338348184	0.0005697849418	0.0522886313	0.05305553137	0.01442085717	0.01442518259	0.03496235602	0.01451224214	0.01367351639	0.279420026	0.01446787186	-0.03666381272	0.0006252533328	0.01376665351	0.01666071292	0.02103978187	-0.03808177079	-0.0379517439	-0.03810893282	-0.03746774234	0.01435136791	0.01156991086	-0.03895461867	-0.03822177691	0.01269062528	-0.04060065985	-0.03935711498	-0.04049198739	0.01333314198	0.01146639818	-0.04006048599	0.01015670208	-0.0390616714	-0.03875896232	0.02273413952	-0.03964129671	-0.03997983983	-0.03952589573	0.01211458877	-0.03795014367	0.04538213369	-0.04031729183	0.01036351641	-0.03917098303	0.01072520245	0.01186043809	-0.003953990744	0.05148212488	0.02532373825	0.02243524981	0.01753287249	0.04733073939	-0.03705229269	-0.03800543365	-0.03784530508	0.08678960775	-0.03990451393	-0.04029490995	0.02260713075	-0.03926131409	-0.0407428826	-0.04063048908	-0.04075735711	-0.0003881466508	-0.0396431514	0.04994226652	-0.04055103909	0.01144721459	0.04422652685	-0.004642784534	-0.0403775618	0.02528925191	-0.0393529519	0.0460704272	-0.04114966234	0.02386444908	-0.03889260192	-0.03936430555	-0.04033907285	-0.03980727535	-0.04070071748	-0.04130897435	-0.04048427696	-0.04058027357	0.01048508163	-0.03995243482	-0.03922379575	-0.03867970042	-0.03828217609	0.02351200381	-0.03797563781	-0.008803562438	0.01332733833	-0.03915862701	0.01288428125	0.05687969028	0.02290458451	-0.0409356168	0.01206192994	0.02743483921	-0.0395077446	-0.04085661759	-0.03534611242	-0.04120885462	0.01285675698	-0.04065722828	-0.03918778766	0.01182561795	0.01277541678	0.01406524998	0.01191462546	0.1118162947	0.01405351002	-0.0387641794	-0.03882326283	-0.03983943156	0.01437728678	0.04913074934	0.01178933942	0.01264700567	0.01157614939	0.01231463296	0.01256168146	0.01150059037	-0.03833664289	0.01228777512	-0.002731513305	0.02492094494	0.01315641082	-0.04030932642	-0.03916945052	-0.04083252246	0.04479694521	-0.03941770917	-0.04009140466	-0.04072483838	0.01208383948	0.01193664016	-0.0392201458	-0.04018476396	-0.03980887211	0.01198343845	-0.04054232235	-0.04001092927	-0.04113725752	-0.04009405299
-0.03817893528	-0.0393453467	0.0547325642	0.07146711753	-0.06891763526	0.08515250989	0.5041704699	0.1211774735	0.1095465722	-0.03895922219	-0.03825015985	0.1098834423	0.09101315687	0.1220909451	0.1211298874	0.1222057868	0.1093507667	0.09083339731	0.09018982933	0.08031456911	0.07051249226	0.07708008972	0.08163736828	0.0908239394	-0.06860256793	-0.06960363201	-0.06940286147	-0.06862290993	0.1486257689	0.2991319898	0.06348332206	0.07586389027	0.1154485645	-0.06931118665	0.1170477787	0.1257181909	-0.0394152045	0.09060861068	0.05462187379	0.05515570609	-0.03850216626	-0.03909207523	0.212968829	-0.03862736645	-0.03855031277	0.08482158242	-0.03845991558	-0.06891135474	0.08952886282	-0.03874460424	0.1212895248	0.1244585353	-0.06903588414	-0.0674687143	-0.06904366897	-0.06784699851	0.116173384	-0.04022277542	-0.06974564052	-0.06858165588	-0.04049295108	-0.06995453874	-0.06914213676	-0.06967527631	-0.04071905239	-0.04051001375	-0.06785288483	-0.03917822796	-0.06899040747	-0.06813221842	0.1249841225	-0.0697145485	-0.06787603233	-0.0695983461	-0.03910324032	-0.06861682843	0.1099980272	-0.0693356292	-0.04097864977	-0.06881229051	-0.04159821601	-0.0395011053	0.02387104296	0.1152357326	0.04725648582	0.05514656958	0.05067533514	0.1107969185	-0.07044954908	-0.06838468982	-0.07023656139	0.1190697846	-0.06985262722	-0.06909330886	0.1262518967	-0.06849085589	-0.06939756722	-0.06957260229	-0.06758980797	0.02743688705	-0.06858526461	0.1149893029	-0.06733743786	-0.03747118577	0.1115729919	0.02231996339	-0.06759510347	0.05959340512	-0.07052886376	0.1115486064	-0.06937320407	0.1246963451	-0.06980019504	-0.06808326643	-0.06999975755	-0.06946796005	-0.0693554021	-0.06852651601	-0.06813296151	-0.06923495819	-0.03857703302	-0.06803226226	-0.06987110331	-0.0690176685	-0.06995486093	0.05494927211	-0.06691775102	0.0162396107	-0.03889649083	-0.06996902607	-0.03927471925	0.1331364417	0.05547218998	-0.06915915853	-0.03800618478	0.0483615867	-0.06801871492	-0.06965501651	-0.05552562358	-0.06900125346	-0.03317688805	-0.06859334142	-0.06973139228	-0.03713279377	-0.03944841238	0.1167654319	-0.03743491778	0.1061752746	0.1167513099	-0.06885600698	-0.06901275262	-0.06806297329	0.1162151829	0.1325962416	-0.03972941629	-0.03842710912	-0.04035763852	0.1099268125	-0.03736748298	-0.03928609583	-0.06895707477	-0.03969844999	0.0842764206	0.06407137285	-0.04005880521	-0.06997001111	-0.06969242099	-0.06790634982	0.1118559817	-0.06979696534	-0.06817123209	-0.07002313716	-0.04071484686	-0.03841890315	-0.07028505565	-0.06957278554	-0.06831722978	-0.03993358491	-0.06732872112	-0.06950852246	-0.06849851347	-0.06936360616
-0.06497702713	-0.06492147003	0.01286123794	0.02115275808	-0.1280514437	0.04563609985	0.1211774735	0.9461354024	0.04890416061	-0.06514244549	-0.06317440784	0.05038836315	0.03937849309	0.5888133037	0.591307827	0.5908258935	0.05050602991	0.0396761293	0.03939145005	0.1891859663	0.1378472643	0.1787657721	0.1771401423	0.04067267146	-0.1294803251	-0.1299046229	-0.1279618127	-0.1279108745	0.1221873598	0.08478993536	0.02296091194	0.09030918871	0.6017764114	-0.1283012808	0.2994246536	0.05990206472	-0.06477615339	0.04028219218	0.01248128834	0.01240532739	-0.06345134947	-0.06423705568	0.2254769941	-0.06558713909	-0.06470129329	0.04439663372	-0.06427138457	-0.1277577346	0.03831125068	-0.06432072757	0.3929844377	0.2981418863	-0.1283134069	-0.1275362687	-0.1276934576	-0.1271959814	0.2958212753	-0.06630229579	-0.129761112	-0.1278106907	-0.06618758143	-0.1282454386	-0.1289416397	-0.1294285517	-0.06643889002	-0.06683695134	-0.1295012965	-0.06556455413	-0.1297959105	-0.1286309157	0.2923440445	-0.1292794998	-0.1283032694	-0.1297575318	-0.06647618935	-0.1282532399	0.2053650269	-0.129619152	-0.06750869023	-0.1283458029	-0.06667009323	-0.06356862552	0.1048586731	0.2034892717	0.124867227	0.1498029379	0.1235435046	0.1951701716	-0.128864786	-0.128380784	-0.1283643698	0.09443534724	-0.1282678642	-0.1288019745	0.2921159196	-0.1269362098	-0.1293214073	-0.1302150138	-0.1281853184	0.1153228034	-0.1282216761	0.1978531589	-0.1271175636	-0.06326327754	0.1962336736	0.1100621654	-0.1286686579	0.1555876	-0.130087191	0.191754145	-0.1290818697	0.2916251243	-0.1300114637	-0.1286542178	-0.1307144232	-0.1299666573	-0.1284892105	-0.1283066418	-0.1269070872	-0.1296621953	-0.06559029931	-0.1283872452	-0.129024289	-0.1284079395	-0.1265732722	0.1497140975	-0.1250439163	0.1006562127	-0.06468858261	-0.1285994375	-0.06547195264	0.1902674987	0.1401963918	-0.1283644271	-0.06444459389	0.1379006144	-0.1276551264	-0.1271357135	-0.1077387661	-0.1273442363	-0.05697109085	-0.1294517214	-0.1292757095	-0.06252519144	-0.06524050416	0.2967189697	-0.06380186674	0.09645980677	0.2953400031	-0.1259055611	-0.1278574894	-0.1276279246	0.2975288456	0.207404157	-0.06677479307	-0.06529666112	-0.06593637451	0.2934549898	-0.06466817786	-0.06565304479	-0.1279211676	-0.06520670824	0.2540504031	0.1596776122	-0.06507944857	-0.129318994	-0.129113658	-0.1287647298	0.1967318379	-0.1293619167	-0.1292447865	-0.1285292115	-0.06621951004	-0.065216995	-0.1292424149	-0.1302325421	-0.1273813967	-0.0654576253	-0.1278274184	-0.1292365653	-0.1298594965	-0.1298945462
-0.007701272875	-0.008483061645	0.04225632614	0.04903854181	-0.04508374827	0.05585296518	0.1095465722	0.04890416061	0.3348934783	-0.008337845491	-0.007408050693	0.3244646759	0.07435253019	0.04623193851	0.04270797511	0.04040286635	0.324788728	0.07474762782	0.0752537742	0.03821651204	0.04738951274	0.04231146175	0.0472998832	0.07588788427	-0.04389285457	-0.04501825574	-0.04400171966	-0.04393396303	0.08367713873	0.05946932805	0.05745755328	0.05647007931	0.02934217275	-0.04486952467	0.03844470241	0.08147235943	-0.008218970619	0.07490813807	0.04227267599	0.04309393689	-0.008331309655	-0.008249037503	0.07044240069	-0.007143703975	-0.008907014512	0.05480346623	-0.0075704875	-0.04561940713	0.07344309333	-0.007548370356	0.03802486495	0.04470733264	-0.04518019538	-0.04374562381	-0.04634595576	-0.04541733668	0.03806655878	-0.009026541534	-0.04546707005	-0.04502165689	-0.009153002897	-0.04395139672	-0.04558213777	-0.04552104293	-0.007941961254	-0.008882636981	-0.04470465152	-0.007570228401	-0.04729869433	-0.04484027081	0.04453658045	-0.04546312106	-0.04515894191	-0.04632577571	-0.007763292143	-0.04532488083	0.03958825379	-0.04611117173	-0.009801793095	-0.04539600582	-0.009662065797	-0.007298871341	-0.00931672776	0.04525710209	0.02384922724	0.02483308478	0.03775128016	0.03952485934	-0.04582844274	-0.04394302785	-0.04680073981	0.05943858345	-0.04526725095	-0.04537021837	0.04568870831	-0.04436758858	-0.04495111477	-0.04491675211	-0.04501643185	-0.005176026483	-0.04464051308	0.04601667246	-0.04454240071	-0.007280951956	0.04130693286	-0.005550378374	-0.04387201297	0.02639365821	-0.046106579	0.03740226138	-0.04565011358	0.04465771393	-0.04655476767	-0.04544561405	-0.04642038135	-0.04646344103	-0.04577123543	-0.04638428277	-0.0449847282	-0.04579929629	-0.009249084988	-0.04487923847	-0.04516138995	-0.04471972083	-0.04666291332	0.02217326708	-0.04448808919	-0.01459744234	-0.006263113987	-0.04581479269	-0.006796640865	0.05784038228	0.02645213385	-0.04543606804	-0.008103379563	0.02652724537	-0.0453016245	-0.04593192602	-0.03992662624	-0.0444158772	-0.002711470916	-0.04530139382	-0.04530910752	-0.007373702849	-0.006958749833	0.03875701875	-0.006238683901	0.06678841195	0.03786239309	-0.0447017736	-0.04525805496	-0.0451973781	0.03760571054	0.05325315585	-0.00752718233	-0.007374589535	-0.008445445811	0.03341196052	-0.007752106348	-0.007515004759	-0.0446591271	-0.006824164794	0.01760321892	0.02799734002	-0.00873823424	-0.04552834914	-0.04617881235	-0.04576411658	0.03770963665	-0.04707987492	-0.04559785597	-0.04502599521	-0.007622405495	-0.00794124075	-0.04569986226	-0.0452138195	-0.04387818046	-0.008325585349	-0.04489905929	-0.04537366629	-0.04548920398	-0.04492194419
0.1036763313	0.1033256854	-0.02660047089	-0.03101129628	0.0005764112586	0.01301958498	-0.03895922219	-0.06514244549	-0.008337845491	0.1195380309	0.1050792565	-0.007564274414	-0.07179041794	-0.07101336633	-0.07525728526	-0.07606416802	-0.007877750547	-0.07317536933	-0.07151950858	-0.05078362376	-0.03141169852	-0.04796066467	-0.04827109885	-0.07347225584	0.001479876369	0.0009293323841	0.000548736874	0.0006566371621	-0.04082042818	-0.01042442259	-0.03250857122	0.0004734154791	-0.1206039406	0.000974360522	-0.1140771522	-0.0222982775	0.1041646336	-0.07172210465	-0.02684052614	-0.02660847188	0.1034774374	0.1045657096	-0.07360031047	0.1035153287	0.1029017325	0.01350229517	0.1032322595	0.001230478134	-0.07246790368	0.1038292338	-0.1145136637	-0.1111199508	0.00126364377	-5.745305241e-05	0.0007913581003	0.002007405768	-0.1132253873	0.1036044799	0.001055375254	0.0002473711231	0.1028969199	0.0008464770388	0.001515164723	-0.0008400331238	0.1044017223	0.1050529527	-0.003212206575	0.1011805071	0.0008046082328	0.0002450315354	-0.1100195064	0.002593335409	0.001036154168	0.0009152410833	0.1039017406	0.0009501472576	-0.0856907596	0.0003075706459	0.101679514	-0.0003107034732	0.1027080637	0.1011644355	-0.05132228877	-0.08125246496	-0.03253570339	-0.04519676395	-0.03242228286	-0.08296070742	0.0002671409777	0.0007511429806	0.0002735393637	-0.03329812404	0.0001054799943	0.0006173811206	-0.1108224884	-0.002083468922	-0.001164031559	-0.0003051449255	-0.001726312123	-0.04843500479	0.0004848006324	-0.07891203733	-0.002866230093	0.1020446407	-0.08319063404	-0.05474165419	-0.002523282319	-0.04708533362	0.001209035569	-0.08335873383	-0.002001954189	-0.1098761408	0.0006862491174	-0.0005040259923	0.00110806403	0.0003464328681	-0.001984152221	-0.003023551977	-0.003923426137	-0.002438565488	0.1009387934	-0.002960441109	0.001217341061	-0.0006817066352	-0.0002441709448	-0.0461320101	-0.002513213978	-0.0514292887	0.1040684787	-0.0002583360881	0.10302262	-0.07298061365	-0.04041600037	-0.002362765836	0.101653356	-0.038472603	-0.001509750819	-0.002714909516	-0.006879127612	-0.00206114647	0.09864384328	7.133712485e-05	-0.0003563799389	0.1003821721	0.1045625686	-0.1135036093	0.1002126228	0.008817880207	-0.1132199366	-0.002322292075	-3.57518737e-06	-0.001513997819	-0.1135298172	-0.07878042945	0.1045289819	0.1015198602	0.1031795756	-0.1107141076	0.1007112005	0.103822588	0.0008510766298	0.1041786299	-0.1122378809	-0.04719508384	0.1032142271	-0.002311332637	0.0009993294319	-0.003409385858	-0.08420107293	-0.0009485611306	1.573692136e-05	-0.002295701712	0.1039383018	0.1000909232	-0.0007509977598	-1.05504243e-06	-0.0008048782592	0.1033910575	-0.003694042936	0.0001427789507	-0.002420692255	-0.0009752166762
0.1026208107	0.1014078791	-0.0284670687	-0.03106081678	-0.001080651271	0.01218240162	-0.03825015985	-0.06317440784	-0.007408050693	0.1050792565	0.1215793949	-0.007353051096	-0.07046024554	-0.06859522003	-0.07243591771	-0.07239705714	-0.005459604246	-0.07261002129	-0.07102085667	-0.04908404894	-0.03019447513	-0.04671367078	-0.04637531535	-0.0726194792	-0.0001771861605	0.0006169070608	-0.0006504979966	-0.002123454964	-0.03725256751	-0.009376723111	-0.03126466306	0.001722666627	-0.1184732229	0.0003499828354	-0.1119464345	-0.02229658946	0.1016719701	-0.06979544537	-0.02614695139	-0.02782319435	0.1029300779	0.1037196709	-0.0712100858	0.1029679692	0.101674576	0.01257004563	0.1016018817	-0.0003228814661	-0.07305227	0.1026299989	-0.1127196027	-0.1081781558	-0.001189008398	-0.0007485268765	-0.0004078767703	-0.0004082396076	-0.1110470295	0.1024452564	0.0006312633921	-0.0008748455888	0.1026062237	0.0002274423386	-0.0003114217191	0.0005854041612	0.1023247141	0.1020913219	-0.003940287191	0.1003087122	-0.001596835393	-0.0009808881061	-0.1074576458	0.0006488442874	0.001678520374	-0.0006751253088	0.102348381	0.0009776449135	-0.0835445543	-0.0005272174741	0.09980171901	0.0008807103006	0.1017090946	0.09927115296	-0.04991014255	-0.08025597402	-0.03079791488	-0.04311725478	-0.02979372613	-0.08133815076	-0.001563726757	0.0009223549325	-0.002075409875	-0.03121861488	-0.0005455824633	-0.0003869309118	-0.1082606278	-0.002303388491	-0.002179540767	-0.0004862899923	-0.0007902991834	-0.04869493573	0.0001211133431	-0.07820297499	-0.004143411701	0.1000231314	-0.08161928592	-0.05307504119	-0.002963934343	-0.04514953875	-0.0003750893125	-0.08130503428	-0.003304891989	-0.1071705659	-0.0009140468584	-0.0002415941317	-0.001360075733	-0.001243933524	-0.002922643271	-0.004182775481	-0.004938935345	-0.003259151858	0.09848614127	-0.002969950246	-0.0004664651481	-0.002077150189	-0.002516102025	-0.04462735812	0.0007160095557	-0.05035577961	0.1042797021	0.000123286297	0.1031875905	-0.07217628642	-0.0386239198	-0.002947132156	0.1007815611	-0.03653680813	-0.003674974395	-0.003299275836	-0.003310904476	-0.004370084342	0.1011826778	-0.0003181063571	-1.258185277e-05	0.09806209467	0.1043208844	-0.1109417487	0.09905339933	0.009902586477	-0.1106910378	-0.001197574439	0.0006317712878	-0.003144375578	-0.1112553852	-0.07779942611	0.1027282051	0.1009354939	0.1020048645	-0.1082983565	0.1007016914	0.1025196502	0.0002062556826	0.1050159189	-0.1101071631	-0.0436228751	0.1024461351	-0.004332841917	-0.000828185588	-0.004712323658	-0.08262972481	-0.003010081777	0.000134454486	-0.002552546921	0.103342554	0.09936284262	-0.002016928768	-0.0008750464931	0.0002428212187	0.1038238884	-0.004853266441	-0.001591301737	-0.005160773015	0.0001538490272
-0.006927701798	-0.007853204864	0.04216761144	0.0490935414	-0.04445389149	0.05546888188	0.1098834423	0.05038836315	0.3244646759	-0.007564274414	-0.007353051096	0.33471549	0.07450926013	0.04771614105	0.04332989188	0.04088106882	0.324556299	0.07408405594	0.07473391662	0.03841522594	0.04830200764	0.04281904228	0.0473548828	0.07522431239	-0.04383785498	-0.04481954185	-0.04365929147	-0.04406523	0.08358842403	0.05890930019	0.05708140999	0.0566687932	0.02939717235	-0.04495823937	0.038499702	0.08151941901	-0.008020256726	0.07502348179	0.04185454875	0.04228665071	-0.007270309986	-0.00798455605	0.07078482888	-0.007088704378	-0.008708300619	0.05571281158	-0.008234059383	-0.04527697894	0.07277952145	-0.007205942167	0.0375717035	0.04375633217	-0.0444066243	-0.04354690992	-0.04557238468	-0.04564976568	0.03850506116	-0.009833827713	-0.04627435623	-0.04525408588	-0.01010400337	-0.04360896853	-0.04495228099	-0.04632832911	-0.009324104616	-0.009402494567	-0.04594308059	-0.007946371691	-0.04695626614	-0.04464155692	0.04358557998	-0.04483326428	-0.04582251379	-0.04598334752	-0.007995721138	-0.04483873834	0.03964325339	-0.04519388636	-0.009171936314	-0.04649072059	-0.009463351904	-0.007818728928	-0.007824585203	0.04603067317	0.02447114401	0.02560665586	0.03953085131	0.04029843042	-0.04606087173	-0.04489402832	-0.04573989982	0.05963729735	-0.04607453713	-0.04560264737	0.04477236601	-0.0442720949	-0.04518833424	-0.0446168762	-0.04467400366	-0.005264741181	-0.04451974593	0.04693395784	-0.04514020503	-0.008088238135	0.04208050394	-0.004920521593	-0.04410444197	0.02731094358	-0.046339008	0.03788840386	-0.0448765425	0.04341928486	-0.04664348237	-0.04539061445	-0.04622166746	-0.04597729855	-0.04715816927	-0.04632928318	-0.04607944297	-0.04631915387	-0.01005637117	-0.04511645794	-0.04668724761	-0.04484972361	-0.04574562795	0.02337798104	-0.044145661	-0.01281787119	-0.006782971573	-0.04676579317	-0.007638863115	0.05847023907	0.02736941922	-0.04538106844	-0.008048379966	0.02758824504	-0.04452805343	-0.0464517836	-0.03961119411	-0.04522316337	-0.00361104105	-0.04495896563	-0.04582896511	-0.008037274732	-0.007191178828	0.03881201835	-0.006471112896	0.06684341155	0.03772048028	-0.04493420259	-0.04585585928	-0.04529088327	0.03794813873	0.05316444116	-0.008190754213	-0.007463304234	-0.00853416051	0.0337543887	-0.007840821047	-0.008466005234	-0.04575384187	-0.007631450972	0.01718509168	0.02920205399	-0.008970663234	-0.04532963525	-0.0459143309	-0.04570911699	0.03877063632	-0.04616258955	-0.04554285637	-0.04497099561	-0.009004548857	-0.008173669745	-0.04665086273	-0.0455899628	-0.04382318087	-0.009132871527	-0.04513148829	-0.04618095247	-0.04472042338	-0.04558551607
-0.0721598454	-0.07222306269	0.1311409074	0.13447398	-0.02245145744	0.001015310474	0.09101315687	0.03937849309	0.07435253019	-0.07179041794	-0.07046024554	0.07450926013	0.3201120368	0.03645874326	0.03823063919	0.0408302101	0.07574323811	0.3079213623	0.3109126356	0.02822565769	0.02809869156	0.02661828844	0.02830128108	0.3079119044	-0.02275318416	-0.02241857873	-0.02276458783	-0.02208183036	0.09015795095	0.02785823563	0.1480667061	0.02841747654	0.03523363498	-0.02209351954	0.04559783323	0.1091267106	-0.07167154307	0.3119614843	0.1303001886	0.1316910896	-0.07264616788	-0.07285132432	0.06626043338	-0.0706517539	-0.07261671434	0.0006530161029	-0.07213079037	-0.02255597341	0.2899459694	-0.0712883714	0.0455297385	0.05090071627	-0.02174798602	-0.02221679446	-0.02208655479	-0.0227459433	0.04544359806	-0.07329941581	-0.02211620774	-0.0233046374	-0.07335551372	-0.02256628167	-0.02266241834	-0.0224889761	-0.07272788301	-0.07329495663	-0.02279093217	-0.07116651515	-0.02251068905	-0.02235169427	0.05085144633	-0.02220972016	-0.02178550845	-0.02469948494	-0.07279672185	-0.02236317744	0.03409452657	-0.02341139076	-0.07306439838	-0.02185517633	-0.0738335235	-0.07175744387	0.01479468999	0.03717651754	0.006952146671	0.006506801265	-0.0008387190873	0.03125857655	-0.02265702479	-0.02198305561	-0.02345003717	0.0388128712	-0.02402585019	-0.02273792753	0.05206451154	-0.02131046849	-0.02390447166	-0.02216496801	-0.02133615699	0.01472569273	-0.02224939796	0.036456961	-0.02147896698	-0.071020953	0.03375922155	0.01223761035	-0.02267686509	0.01410337513	-0.02307451217	0.03502826472	-0.02196556979	0.05070738326	-0.02373677859	-0.02291505355	-0.02388555193	-0.02335802335	-0.02328744936	-0.02356202476	-0.02163386588	-0.02251910011	-0.07342022892	-0.02182059522	-0.02287200517	-0.02351960816	-0.02388690819	0.01031412688	-0.02243096931	0.01514989715	-0.07187140088	-0.02270937501	-0.07160894495	0.05737665542	0.01373070788	-0.02151034854	-0.07112480913	0.005470390228	-0.02348536656	-0.02315592088	-0.01618663392	-0.02250215784	-0.06829387674	-0.02310024587	-0.02244486556	-0.07125741819	-0.07204765701	0.04576643528	-0.06983497065	0.01384322201	0.04668689735	-0.02054410297	-0.02212646867	-0.02228244914	0.04562112714	0.05856086447	-0.07368746277	-0.07082716199	-0.07257033687	0.04184184597	-0.07173328311	-0.07264589589	-0.02101021913	-0.07213263548	0.02861118569	0.01125191376	-0.07387339429	-0.0230397726	-0.02354652151	-0.0211198256	0.03102421111	-0.02430386978	-0.02210786205	-0.02320973727	-0.07220636107	-0.07125009891	-0.02295659205	-0.02344498764	-0.02076849386	-0.0734091353	-0.02269791134	-0.02341369405	-0.02314913221	-0.02343936772
-0.07136493099	-0.07183063373	0.006087203396	0.01085732629	-0.1333026517	0.03605923953	0.1220909451	0.5888133037	0.04623193851	-0.07101336633	-0.06859522003	0.04771614105	0.03645874326	0.9931028589	0.6267897288	0.6336603794	0.04769009351	0.03671012659	0.03592284431	0.2051334597	0.1502050939	0.205635552	0.2001328298	0.03756295446	-0.134960931	-0.1343657992	-0.1336490079	-0.1338140381	0.123101643	0.08201115053	0.01683319473	0.08785293506	0.6473738133	-0.133988476	0.3208900812	0.05342404391	-0.07204420583	0.03666987215	0.006219235976	0.004706132068	-0.07115054479	-0.07143364797	0.2370535261	-0.07234320714	-0.07240986776	0.03500974058	-0.07131498491	-0.1337323584	0.03497444922	-0.07166103416	0.4126538336	0.3145080736	-0.1335154671	-0.1325771465	-0.1334350441	-0.1339565865	0.3191549888	-0.07242063385	-0.1344423071	-0.1332104573	-0.07269080951	-0.1339326338	-0.1344136605	-0.1348031111	-0.07320433942	-0.07285158649	-0.1356290137	-0.07118887431	-0.1349805027	-0.1346777936	0.3094484603	-0.1342201791	-0.1339097268	-0.1361632985	-0.07302567031	-0.1338689749	0.2222155318	-0.1350864087	-0.07333959971	-0.1328832838	-0.07343554263	-0.07011810648	0.1162734791	0.2169976241	0.1388666572	0.1592757648	0.1335117885	0.2059589854	-0.134821547	-0.1338613899	-0.1340869321	0.09420992753	-0.1340987737	-0.1343454554	0.3095038617	-0.1311862621	-0.1336437137	-0.1351121774	-0.1334413706	0.1258753237	-0.1331818161	0.2117119035	-0.1320955665	-0.0694624549	0.2071550054	0.1221030372	-0.1334221072	0.1664253157	-0.1364106119	0.2082843487	-0.1339067791	0.3100229687	-0.1353397701	-0.1340539844	-0.1355393327	-0.135577548	-0.13331412	-0.1340032161	-0.1318850901	-0.1341996761	-0.07163717724	-0.1330778195	-0.1349477042	-0.1344135293	-0.1331950073	0.1634983533	-0.1302285085	0.1099867645	-0.07131890285	-0.1346463154	-0.07130091894	0.2039521028	0.1495358265	-0.1324801442	-0.07042859681	0.1487383302	-0.132489415	-0.1316825735	-0.1119815234	-0.132753382	-0.06193180652	-0.1352826309	-0.1348592017	-0.0695552058	-0.07130763368	0.319477826	-0.06985732981	0.09414726741	0.3159983678	-0.1305152961	-0.1347037781	-0.1330276912	0.3200002732	0.2216348558	-0.07289313114	-0.07062496756	-0.07227068102	0.3155603827	-0.07122703796	-0.07191509715	-0.1333469355	-0.07096615757	0.2724715788	0.1684601404	-0.07170118367	-0.1354467112	-0.1349799347	-0.1336704785	0.212041697	-0.1354173797	-0.1347168073	-0.1337138036	-0.07155640163	-0.07104790448	-0.1348007679	-0.1352474187	-0.1314162745	-0.07243824915	-0.1330928498	-0.134205189	-0.1349003744	-0.1354780384
-0.07694806302	-0.07616192868	0.0001548639011	0.008103467972	-0.1392196482	0.02920827771	0.1211298874	0.591307827	0.04270797511	-0.07525728526	-0.07243591771	0.04332989188	0.03823063919	0.6267897288	1.025964333	0.6677339282	0.04414199079	0.03876945112	0.03812588313	0.2160145967	0.1567803909	0.2057381168	0.2012413947	0.04034085046	-0.1401579324	-0.138901991	-0.138467784	-0.139082286	0.1303729451	0.08278057716	0.0137188046	0.07724838784	0.6826735657	-0.1391170134	0.33920277	0.05130791778	-0.07631604639	0.03913041884	0.0009413953377	0.0008654343889	-0.07512130792	-0.07506002028	0.2466078798	-0.07705557194	-0.07688287285	0.02801506445	-0.07667356335	-0.1389395879	0.03661454088	-0.07420353916	0.4351452022	0.338434365	-0.1384779575	-0.1378549872	-0.1384153973	-0.1384927783	0.3361742489	-0.07640504583	-0.139516484	-0.1387757266	-0.07653150719	-0.1390347324	-0.1391166439	-0.1394714012	-0.07618275133	-0.07726714135	-0.1404679754	-0.07552358988	-0.1396834861	-0.1394538803	0.3330716804	-0.1390656034	-0.1374000194	-0.1411257889	-0.07607718544	-0.1380702044	0.232196647	-0.1395019636	-0.07643380428	-0.1377101865	-0.07649094777	-0.07333141129	0.1237862108	0.2226946549	0.143677329	0.1695196582	0.1397388276	0.2207021599	-0.1397940918	-0.1381254944	-0.1401560337	0.09762174749	-0.1390891857	-0.1389047245	0.3322647961	-0.1353954877	-0.1387072289	-0.1408157361	-0.1371874256	0.1282849518	-0.1381092517	0.2195739393	-0.1367661998	-0.07427680254	0.2216433857	0.134572666	-0.1375987226	0.1740823518	-0.1416453492	0.2240415435	-0.13930372	0.3326401888	-0.1405469997	-0.1384558904	-0.1390926017	-0.1406459076	-0.1387356749	-0.1384110349	-0.1370114803	-0.1394775167	-0.07480779261	-0.1377484528	-0.1397623742	-0.1391298792	-0.1380137834	0.1711833109	-0.1324536556	0.1207318218	-0.07461969672	-0.1391776629	-0.07412862493	0.2093168561	0.155026826	-0.1384688202	-0.07423694437	0.1499561445	-0.1378301306	-0.1358029637	-0.1128729717	-0.1369928725	-0.06581076515	-0.1394107572	-0.1395206147	-0.07336355336	-0.07456871017	0.3376714146	-0.07363775574	0.08322326385	0.3333296706	-0.1341597438	-0.1383758783	-0.1376600636	0.3396572068	0.2277765738	-0.07657646568	-0.07475309383	-0.07565231418	0.3325391488	-0.07446052834	-0.07611156264	-0.1387349799	-0.07451942666	0.2944619821	0.1801411768	-0.07582930994	-0.1393987731	-0.1391355688	-0.1381973976	0.2209203754	-0.1401819419	-0.1387012192	-0.1370708227	-0.07563055021	-0.07562774118	-0.1396653284	-0.1395802776	-0.1361875972	-0.0770896225	-0.1373569543	-0.138189601	-0.1397191505	-0.1400373076
-0.07768494205	-0.07692589951	0.0006248673547	0.009666017675	-0.140122489	0.02806889492	0.1222057868	0.5908258935	0.04040286635	-0.07606416802	-0.07239705714	0.04088106882	0.0408302101	0.6336603794	0.6677339282	1.036517924	0.04186102135	0.04103712935	0.04068098996	0.2152205672	0.1552645963	0.2109657957	0.2036058861	0.0423211001	-0.140693929	-0.1404670651	-0.1395922674	-0.1395451794	0.1276763743	0.08262001014	0.01383076839	0.07808323278	0.6967899352	-0.1390336888	0.3474570698	0.05124752814	-0.0775261504	0.0425167138	0.0009453198314	-0.0002009553218	-0.07638952486	-0.07691559254	0.2430380404	-0.07725967588	-0.07766725875	0.02692014576	-0.07735327426	-0.1401210528	0.0390727795	-0.07728669303	0.4426834633	0.3400128498	-0.1389521535	-0.1387776626	-0.1379145594	-0.1390073882	0.3458656916	-0.07737218534	-0.1398107094	-0.1399858306	-0.0777416112	-0.1391573218	-0.139365212	-0.1400420911	-0.07772474802	-0.07765942367	-0.1406434402	-0.0760595865	-0.140318733	-0.1397285953	0.3342293	-0.1391272665	-0.1368855519	-0.1400643858	-0.07639636454	-0.1383449194	0.2305603681	-0.1403253888	-0.07757257971	-0.1386526569	-0.07666252256	-0.07406365789	0.1197145249	0.2277502362	0.1412165959	0.1636440556	0.1354377303	0.2185767074	-0.1397464972	-0.1381127808	-0.140727688	0.09462440087	-0.1393377537	-0.1396693936	0.3352946038	-0.1354192421	-0.1393138366	-0.1407378363	-0.1385366364	0.1311902133	-0.138501534	0.2224738061	-0.1379722787	-0.07577031005	0.2179076175	0.1289932261	-0.1389485158	0.1727992547	-0.1410393676	0.2221946609	-0.1401517592	0.3342289513	-0.1408661788	-0.1383862146	-0.1401589914	-0.1406728138	-0.1394153858	-0.1394487855	-0.1372885773	-0.1405883705	-0.07644501442	-0.1375173888	-0.1401422202	-0.1402686547	-0.1389643805	0.1687670419	-0.1332974821	0.1135564385	-0.07575847216	-0.14012826	-0.0744929628	0.2152282078	0.1518754431	-0.1385005708	-0.07558673759	0.1508008403	-0.1373601271	-0.1371281429	-0.112845796	-0.1376240942	-0.06480304174	-0.1388962896	-0.1400981818	-0.07380897872	-0.07689121047	0.3477693861	-0.07501547059	0.08352163137	0.3405429899	-0.1357542762	-0.1380452431	-0.1385540999	0.3458423383	0.2284230496	-0.07741353973	-0.07629509052	-0.07674662552	0.3401876253	-0.07609775015	-0.07758522011	-0.1391107198	-0.07534285187	0.2954902237	0.1837658038	-0.07665273515	-0.1408922806	-0.1397079406	-0.1389580416	0.221788309	-0.1397132347	-0.1386178946	-0.1379467836	-0.07649142795	-0.07671802744	-0.1403123044	-0.1396851313	-0.1375175404	-0.07791304771	-0.1384963371	-0.1401627405	-0.1410016402	-0.1398102687
-0.008247178002	-0.008527212814	0.04175012109	0.04867605106	-0.04555904233	0.05508230252	0.1093507667	0.05050602991	0.324788728	-0.007877750547	-0.005459604246	0.324556299	0.07574323811	0.04769009351	0.04414199079	0.04186102135	0.3358587694	0.07388089096	0.07524932311	0.04025746424	0.04870710299	0.04334641388	0.04776236015	0.07473371882	-0.0442950454	-0.04507902587	-0.04526619627	-0.04480025631	0.08467868771	0.05959944213	0.05615967353	0.05736131714	0.02976886455	-0.04484057262	0.0391588228	0.08153307155	-0.009196018634	0.07599238299	0.04373648714	0.04388116051	-0.00787121471	-0.007574617192	0.07127231375	-0.006396180439	-0.009049698387	0.05403280356	-0.00840382122	-0.04551984401	0.07315121365	-0.008237989779	0.038084728	0.04427173867	-0.04549266402	-0.04357295746	-0.0463170037	-0.04610695611	0.03878067917	-0.00928501807	-0.04558183229	-0.04571127631	-0.009698908025	-0.04406615896	-0.04483461423	-0.04633908588	-0.008631580677	-0.009572256404	-0.04762308861	-0.008834705008	-0.04597631361	-0.04560299346	0.04481955796	-0.04514674041	-0.04441141838	-0.04644053795	-0.008094871904	-0.04479417481	0.04073351707	-0.04565107679	-0.01077884111	-0.0452964427	-0.00966903151	-0.00813220506	-0.008242075549	0.04640236537	0.02412426473	0.02569091947	0.04004625781	0.04067012263	-0.04651806216	-0.0444183219	-0.04684505066	0.06025671806	-0.04610058467	-0.04491012343	0.04640282871	-0.04351226851	-0.04701205656	-0.04524570256	-0.04425877399	-0.005036763274	-0.04461156103	0.04658707856	-0.04598399475	-0.007181388829	0.04202105326	-0.005072478032	-0.04650302147	0.0271077786	-0.04629444447	0.03840381036	-0.046339733	0.04522812002	-0.04645520454	-0.0451292334	-0.0461040007	-0.0466513065	-0.04704050251	-0.04858414838	-0.04632230803	-0.04663263	-0.01159266489	-0.0456467516	-0.04594351513	-0.04501948545	-0.04692138986	0.02288738747	-0.04291419765	-0.01273360758	-0.007096447706	-0.04621698352	-0.00633654592	0.05889552182	0.02730996854	-0.04706107647	-0.008003816436	0.02724136576	-0.04613495822	-0.04885036311	-0.03694351338	-0.04647202851	-0.000712502667	-0.04613472754	-0.04513644117	-0.008854996978	-0.007597160714	0.03932742485	-0.007145120846	0.06753593549	0.03862772202	-0.04452910724	-0.04443065653	-0.046827177	0.03860725952	0.05454451544	-0.007785658866	-0.007058208887	-0.008703922347	0.0342697952	-0.008475128916	-0.008421441704	-0.04520503222	-0.006795212737	0.01837936958	0.0291426033	-0.008134424999	-0.04672221468	-0.046006146	-0.04652683923	0.03885489993	-0.04690720857	-0.04528147532	-0.04427847167	-0.007477660777	-0.008991391991	-0.04768291034	-0.04562582015	-0.04435347452	-0.008296633292	-0.04681149631	-0.04606328571	-0.04632732818	-0.04546784931
-0.07210765383	-0.07360801408	0.1314805276	0.1332327429	-0.02409091962	0.001067502046	0.09083339731	0.0396761293	0.07474762782	-0.07317536933	-0.07261002129	0.07408405594	0.3079213623	0.03671012659	0.03876945112	0.04103712935	0.07388089096	0.3321175556	0.3153779864	0.02985870652	0.03155377336	0.02849251298	0.02902579126	0.3193175253	-0.02437008667	-0.02475405272	-0.02361666598	-0.02254290928	0.09270876302	0.0272549494	0.153148898	0.02571302821	0.03783069993	-0.0243407567	0.04690146952	0.1097537594	-0.0717630658	0.3079069796	0.1278969722	0.1293203227	-0.0730251192	-0.07394884712	0.06794895967	-0.07235887705	-0.07233531703	0.0001154645072	-0.07240801134	-0.02336606761	0.2887166424	-0.07152360842	0.04798308915	0.05373895693	-0.0235803192	-0.02407914161	-0.02366147335	-0.02414713359	0.04636373155	-0.07443892256	-0.0242197306	-0.02353987442	-0.07416030932	-0.02428491452	-0.0249096555	-0.02561338502	-0.07468769158	-0.07415130371	-0.01986445467	-0.07053946639	-0.02504535481	-0.02402407425	0.05297111551	-0.02479063879	-0.02596352324	-0.0269467221	-0.07331938746	-0.02379011278	0.03554187715	-0.02551491362	-0.0724836025	-0.02438527886	-0.07461402137	-0.07113039511	0.01609832627	0.03819272524	0.008441481202	0.006846421429	0.0022314727	0.03317905397	-0.02461683336	-0.02470768854	-0.02426013138	0.03886506277	-0.02603191164	-0.02397916462	0.05432384789	-0.02370717874	-0.02155285135	-0.02455962007	-0.02491880677	0.01405931282	-0.02540517378	0.03751515265	-0.01769020371	-0.06938790417	0.03539227037	0.01282267516	-0.0198941019	0.01516156677	-0.02504920672	0.03579902777	-0.0216722025	0.05297076674	-0.026169714	-0.02588992835	-0.02632275627	-0.02507238729	-0.02237297202	-0.02197522881	-0.01755767402	-0.02232319425	-0.07092489432	-0.01932526062	-0.02535119346	-0.02246638131	-0.02484071669	0.01137231853	-0.02371845927	0.01534580302	-0.07296892368	-0.0260045962	-0.07272135373	0.0589677203	0.01450147093	-0.01815272816	-0.06992290319	0.006241153279	-0.01988657047	-0.01778630036	-0.0161195571	-0.01813853739	-0.06911909661	-0.02491634014	-0.02506776814	-0.06703751204	-0.074383131	0.04692635727	-0.06719592175	0.01258574601	0.04813424793	-0.02259214837	-0.02453923312	-0.01892482877	0.04692476342	0.05914592927	-0.07492869986	-0.07091868471	-0.07472011261	0.04221411833	-0.06942791568	-0.07278367149	-0.0243203263	-0.07446810947	0.03009549602	0.01159153393	-0.07458175815	-0.02198158095	-0.02622490157	-0.01804963381	0.03265725993	-0.02511396399	-0.02523918435	-0.02392237006	-0.074930994	-0.06976076438	-0.02373376845	-0.0251132192	-0.02133741235	-0.07560625222	-0.02020257674	-0.02484489832	-0.02137236909	-0.0249680334
-0.07045179308	-0.07152101044	0.1311243882	0.1337388893	-0.02218054807	0.001142505541	0.09018982933	0.03939145005	0.0752537742	-0.07151950858	-0.07102085667	0.07473391662	0.3109126356	0.03592284431	0.03812588313	0.04068098996	0.07524932311	0.3153779864	0.3249381335	0.02907142424	0.02846706234	0.0277052307	0.02823850897	0.3145062427	-0.02314536881	-0.02309819197	-0.02282309101	-0.02152292407	0.08947833771	0.0270425243	0.1479064726	0.02792356155	0.03431284602	-0.02254118166	0.04438961568	0.1085353342	-0.07140063371	0.3118846209	0.1308882455	0.1312434275	-0.07223154423	-0.07301155785	0.06572453443	-0.07147508143	-0.07125431346	4.675370658e-05	-0.07103957918	-0.02271620693	0.2909354503	-0.07130489063	0.04446523525	0.05093967451	-0.02278674423	-0.02213585227	-0.02329904126	-0.02292241573	0.04409166622	-0.07220820462	-0.02227644126	-0.02289001374	-0.07252463316	-0.02219791088	-0.02282265186	-0.0229515242	-0.07245697365	-0.07177687148	-0.0228074514	-0.07103932008	-0.02338949406	-0.02265564209	0.05045926168	-0.02198506367	-0.0238765196	-0.02457228987	-0.07195095531	-0.02213425203	0.0334611662	-0.02335168583	-0.07312717048	-0.02278023421	-0.07360886701	-0.0714865345	0.01416132963	0.0358245857	0.007223056034	0.006633996332	-0.0001366668365	0.03037977154	-0.02296097261	-0.02218954201	-0.02274798492	0.03865263768	-0.02423233659	-0.02261073247	0.05200600836	-0.02151695489	-0.02334613371	-0.02276004502	-0.02268808883	0.01442174491	-0.02346188443	0.0354344417	-0.02120805762	-0.07103747223	0.03331155943	0.01217910717	-0.02197481284	0.01466171308	-0.02324963168	0.03371831682	-0.0218846276	0.0506026272	-0.02379528177	-0.02311727103	-0.02423575263	-0.02327281224	-0.02301654	-0.02290622539	-0.0219378137	-0.02296676223	-0.07300560526	-0.02212454304	-0.02254561834	-0.02315123738	-0.02390342742	0.01101617913	-0.02206259852	0.01412737785	-0.07131306292	-0.02363016397	-0.07164035016	0.05803672372	0.01472018872	-0.02109572488	-0.07171618554	0.005166442407	-0.02340442437	-0.02288501152	-0.0172554061	-0.02180010559	-0.06880809486	-0.02354790798	-0.0229807645	-0.07084279453	-0.07172127018	0.04455821773	-0.06970777558	0.01438532106	0.04538816362	-0.02136743051	-0.02271784508	-0.02229896837	0.04436209348	0.0580712184	-0.07269798193	-0.07055625263	-0.07263310897	0.04048991412	-0.07179605521	-0.07227752511	-0.02108360829	-0.07252482013	0.02785956108	0.01209768031	-0.07364446888	-0.02276886323	-0.02428161222	-0.02142377342	0.02985797751	-0.02374553183	-0.02259750811	-0.02298508079	-0.07175859013	-0.07126661814	-0.02340425416	-0.02294351962	-0.02226840893	-0.07303649559	-0.02357671635	-0.02275789468	-0.02345308004	-0.02331217265
-0.0514404798	-0.05045117679	-0.02891554465	-0.03048552482	-0.1188592431	-0.01290046926	0.08031456911	0.1891859663	0.03821651204	-0.05078362376	-0.04908404894	0.03841522594	0.02822565769	0.2051334597	0.2160145967	0.2152205672	0.04025746424	0.02985870652	0.02907142424	0.9347999832	0.4405369751	0.6073460126	0.6047175764	0.03099896298	-0.1195366352	-0.119291752	-0.1200301229	-0.1188591722	0.09153136406	0.01687983549	-0.02149165616	0.01732972985	0.3404792154	-0.1192198766	0.2689123722	0.0121440678	-0.05095217748	0.02967473778	-0.02895794542	-0.02895698635	-0.05062765771	-0.05105447519	0.2758758614	-0.05130833788	-0.05138071441	-0.01471479258	-0.05015998006	-0.1201134734	0.02770379628	-0.05056900581	0.3641999039	0.3553854424	-0.1195194313	-0.1202516902	-0.1195465934	-0.1188825392	0.268251564	-0.05204717698	-0.1185239934	-0.1189180023	-0.05207617693	-0.1181580344	-0.1203636326	-0.1207993361	-0.05182488248	-0.05262184391	-0.1196298607	-0.05130943533	-0.1203556176	-0.1201966229	0.3482763092	-0.1193358099	-0.1180721509	-0.1206761277	-0.04949049893	-0.1192440899	0.1737673453	-0.121112605	-0.05296614284	-0.1193152149	-0.05097650462	-0.05132550686	0.07786778895	0.16894505	0.1279297988	0.1466527468	0.1364329405	0.160194807	-0.1198913661	-0.1194430942	-0.1201452514	0.05897524241	-0.1201924601	-0.119576856	0.3475320832	-0.1172507329	-0.1203122573	-0.1203010258	-0.1192936806	0.09134991946	-0.1183502403	0.1603810539	-0.1173898422	-0.05073273029	0.158815166	0.09276008168	-0.1186535078	0.1541175826	-0.1205031839	0.1600842092	-0.1212938942	0.3466990731	-0.1192777422	-0.1194620172	-0.1193335904	-0.1211012216	-0.1199826636	-0.1205909205	-0.1183266981	-0.1218742198	-0.05241343473	-0.118803238	-0.1193168191	-0.1193987895	-0.1202946938	0.1537655012	-0.1167533378	0.08142669457	-0.05028974951	-0.1201651447	-0.04967329466	0.1736752524	0.1374932237	-0.1192115628	-0.04968687205	0.1335443349	-0.1200831194	-0.1187014207	-0.102584	-0.1193410864	-0.04189664509	-0.120226603	-0.1202343167	-0.04967576682	-0.05064674822	0.2687705196	-0.04854074787	0.03368406292	0.2674308515	-0.117327554	-0.1190202628	-0.1189776634	0.2687411357	0.1891820645	-0.05134138035	-0.05168865365	-0.05146608126	0.265662164	-0.05134759898	-0.05110478148	-0.1191994462	-0.05037313719	0.3301509059	0.1643441221	-0.05233372687	-0.1207409869	-0.1198885396	-0.1195396114	0.1606790131	-0.1202805125	-0.1182236364	-0.1192326329	-0.05052486628	-0.05168044768	-0.1208015206	-0.1203813579	-0.1189471039	-0.05215689647	-0.119105697	-0.1204425897	-0.1207066322	-0.1202782962
-0.03206855457	-0.03079182296	-0.02621447775	-0.02907788658	-0.09761903198	-0.01292997398	0.07051249226	0.1378472643	0.04738951274	-0.03141169852	-0.03019447513	0.04830200764	0.02809869156	0.1502050939	0.1567803909	0.1552645963	0.04870710299	0.03155377336	0.02846706234	0.4405369751	0.6815163448	0.4361742194	0.4259074874	0.03140060115	-0.09858385271	-0.0985055474	-0.09864619757	-0.09753626516	0.09509471674	0.008083758717	-0.01390430319	0.02233022549	0.2342130859	-0.09783595126	0.2007622912	0.0113959916	-0.03086168076	0.02935713023	-0.02679679963	-0.02654334804	-0.03082458959	-0.03153883565	0.2016897799	-0.0314517761	-0.03200878917	-0.01326090146	-0.03078805482	-0.09829840513	0.02695572008	-0.03062222338	0.2540812784	0.257917645	-0.09842293454	-0.09786176477	-0.09715666791	-0.09795262039	0.201059843	-0.03281896604	-0.09771492517	-0.0976327898	-0.03179571304	-0.09749268049	-0.09969827873	-0.09999522355	-0.03331524302	-0.03324991867	-0.09752736382	-0.03021293854	-0.1001214066	-0.098094126	0.2554073692	-0.09907365445	-0.09654451125	-0.09943591659	-0.03054971658	-0.09829130742	0.1345038378	-0.09972867966	-0.03244450323	-0.0985990449	-0.03224730165	-0.03022901007	0.07654485557	0.1237892563	0.1277565798	0.1357009556	0.1473257223	0.1311350145	-0.09807629785	-0.09791545451	-0.09890024983	0.03911316484	-0.09981453479	-0.09862407355	0.2556691434	-0.09560224253	-0.09763490324	-0.1000668148	-0.09790975521	0.06732012732	-0.09825974359	0.1185306891	-0.09428134522	-0.02863023343	0.1326296594	0.07657463326	-0.09611986808	0.1382795053	-0.09936043418	0.1295872737	-0.09890396876	0.2538301332	-0.09875610255	-0.09951523477	-0.09823709357	-0.09986101051	-0.09687416665	-0.09776985211	-0.09593915465	-0.09919686576	-0.03117322365	-0.09468874103	-0.09841524513	-0.09729629261	-0.09876705414	0.1400831384	-0.09522569812	0.07686899853	-0.03091782427	-0.09878121928	-0.03080202928	0.131773679	0.1347331473	-0.0959593516	-0.02873408956	0.1336585445	-0.09654347954	-0.0954492095	-0.0802885607	-0.09738230379	-0.02332348549	-0.09769296322	-0.09928153418	-0.02771698425	-0.032044603	0.1984710762	-0.02701310819	0.03652884413	0.197792419	-0.09637477152	-0.09847041408	-0.09615659502	0.1990610135	0.1412704536	-0.03242346164	-0.03073587115	-0.03266901321	0.1970920561	-0.0299636736	-0.03072685617	-0.09863155376	-0.03179563264	0.2315940735	0.1250878003	-0.03267437304	-0.09863849002	-0.0986483285	-0.09643111444	0.1343497922	-0.09904030144	-0.09856428256	-0.09756127891	-0.03144275164	-0.0302965223	-0.09884273807	-0.1002131209	-0.09770689283	-0.03269286704	-0.09642834292	-0.09934609295	-0.09831670675	-0.09860694226
-0.04878267305	-0.04750594145	-0.02726373798	-0.0266780037	-0.1142787946	-0.009524091032	0.07708008972	0.1787657721	0.04231146175	-0.04796066467	-0.04671367078	0.04281904228	0.02661828844	0.205635552	0.2057381168	0.2109657957	0.04334641388	0.02849251298	0.0277052307	0.6073460126	0.4361742194	0.9245976112	0.6049322401	0.02864820741	-0.1160165427	-0.1157716594	-0.1156263066	-0.115400098	0.08398545579	0.01350164181	-0.01909983996	0.02056239378	0.3325013703	-0.1142626412	0.2550430349	0.01092158856	-0.04886922791	0.02839124018	-0.02684005979	-0.02658660819	-0.04754442399	-0.04811495576	0.2703633913	-0.04865624704	-0.04872290766	-0.01012100906	-0.04735528301	-0.1154436665	0.02632569272	-0.04791119906	0.3509848239	0.3363638285	-0.1154030436	-0.1151507404	-0.1150205008	-0.1146438752	0.255963084	-0.04852708446	-0.1151476151	-0.1148989018	-0.04894097441	-0.1140630847	-0.1168435401	-0.1152209905	-0.04902336143	-0.04967660857	-0.1153911967	-0.04949247631	-0.1166918108	-0.1158142446	0.3295206858	-0.1152129158	-0.1132586297	-0.1164374637	-0.04683269218	-0.1144305687	0.1646405798	-0.1160791454	-0.05102690757	-0.1145016937	-0.04846812808	-0.05010484307	0.0734835952	0.1598182845	0.1246953194	0.1399691243	0.1362378994	0.1493434699	-0.1156312641	-0.1147732873	-0.1160503017	0.05487847725	-0.1162412247	-0.1159130492	0.3286327456	-0.1133368155	-0.1173670219	-0.1156312189	-0.1146024357	0.08466629698	-0.1138241477	0.1508231455	-0.1132734544	-0.0480534855	0.1485386861	0.08363331616	-0.1159957011	0.1426913883	-0.1167931242	0.1502388722	-0.1169115159	0.3273685926	-0.115470221	-0.1151904354	-0.1146637835	-0.1167188433	-0.1158877139	-0.1167619613	-0.1143778447	-0.1172044129	-0.04961191369	-0.1149957169	-0.1149344408	-0.1154475541	-0.1164871727	0.1404710211	-0.1135206739	0.0722268809	-0.04777565705	-0.1153516235	-0.04751614777	0.160689639	0.1335616109	-0.1149728988	-0.04786991303	0.1255672838	-0.1162541602	-0.1148724616	-0.1001461317	-0.1152461366	-0.03898158181	-0.1161316533	-0.114702224	-0.04699652203	-0.04798894147	0.2540388966	-0.04672378885	0.03591072679	0.2534177999	-0.1133763186	-0.1148292389	-0.1151487042	0.2544406555	0.1756001558	-0.04840186092	-0.04989313267	-0.0492394174	0.2517181905	-0.04938692567	-0.04874011923	-0.1153456722	-0.04822232254	0.3109713254	0.152637685	-0.0503944916	-0.1177957515	-0.1156498756	-0.115588376	0.1532768191	-0.1160418485	-0.1144161153	-0.1144191117	-0.04786944153	-0.04945378382	-0.1160987959	-0.116444888	-0.1152832971	-0.04964280401	-0.1152767378	-0.11534164	-0.1174739683	-0.115464775
-0.04810568049	-0.04797866325	-0.02744903119	-0.02671958262	-0.1158118723	-0.007697384096	0.08163736828	0.1771401423	0.0472998832	-0.04827109885	-0.04637531535	0.0473548828	0.02830128108	0.2001328298	0.2012413947	0.2036058861	0.04776236015	0.02902579126	0.02823850897	0.6047175764	0.4259074874	0.6049322401	0.9183315407	0.02959119053	-0.115770693	-0.1155258098	-0.116407895	-0.1154416769	0.08710559139	0.01863377755	-0.01758199966	0.02440110086	0.3226673692	-0.114735363	0.2555763132	0.01432915275	-0.04905452112	0.02935566134	-0.02777886055	-0.0269156157	-0.04816086008	-0.04887510615	0.2695818028	-0.04855411166	-0.04905191517	-0.007166025798	-0.04754057622	-0.1160601026	0.0264278281	-0.04780906367	0.3556064166	0.3387439546	-0.1153223462	-0.1151923194	-0.1157806512	-0.1145417399	0.2537181505	-0.04899980626	-0.1150454798	-0.115084195	-0.04869512473	-0.1145358065	-0.1164539761	-0.1161760638	-0.04949608323	-0.04939074752	-0.1154327756	-0.04969920756	-0.116877104	-0.1164306807	0.3336468215	-0.1155419233	-0.1130127801	-0.1159041854	-0.0465868425	-0.1147595762	0.1637367151	-0.1161969485	-0.050349915	-0.1151181298	-0.04814642919	-0.0495715648	0.06740601585	0.1599204198	0.1249954612	0.1405024026	0.1324383108	0.1484396053	-0.1158379953	-0.1140962947	-0.1169541664	0.0559866127	-0.1162828036	-0.116385771	0.3337061252	-0.112659823	-0.1171211723	-0.1165350836	-0.1145217383	0.09022957561	-0.1148717267	0.1539432811	-0.1140550428	-0.04754164527	0.1467725357	0.08339681441	-0.1156061371	0.1437995238	-0.1168347031	0.1510595791	-0.1172405234	0.3322132997	-0.1160866571	-0.1154086464	-0.1151365053	-0.1164729936	-0.1157855785	-0.1162501211	-0.1142757093	-0.1172459918	-0.04994092119	-0.1146061529	-0.1161769426	-0.1157765616	-0.1169598945	0.1394234422	-0.1125562527	0.06887987318	-0.04738609308	-0.1159680596	-0.04784515528	0.1644556995	0.1286123078	-0.115158192	-0.04793292999	0.125094562	-0.1168920343	-0.1147917642	-0.1006606356	-0.116006287	-0.03887944642	-0.115598375	-0.115422363	-0.04658838473	-0.04822544322	0.2534192844	-0.04534966285	0.03903086238	0.2540435839	-0.1138490404	-0.1150347571	-0.1150680069	0.2545427909	0.1777119094	-0.04930572561	-0.0493598544	-0.04913728202	0.2501703905	-0.04916251403	-0.04820684096	-0.114812394	-0.04797647286	0.3146591324	0.152772646	-0.04957378474	-0.1184121876	-0.1161225974	-0.1154862406	0.1525166687	-0.1166582846	-0.1146014085	-0.1151792621	-0.04762359185	-0.04920793414	-0.1160295784	-0.116825104	-0.1157560189	-0.04968438293	-0.1159146119	-0.1159580761	-0.1167969757	-0.1160411998
-0.07240454033	-0.0731863291	0.1304650696	0.1330795707	-0.02381294894	0.0002005223669	0.0908239394	0.04067267146	0.07588788427	-0.07347225584	-0.0726194792	0.07522431239	0.3079119044	0.03756295446	0.04034085046	0.0423211001	0.07473371882	0.3193175253	0.3145062427	0.03099896298	0.03140060115	0.02864820741	0.02959119053	0.3313800683	-0.02452325888	-0.02505093923	-0.02405726678	-0.02269608149	0.09226816222	0.02652692	0.1528520115	0.02686512783	0.03796495631	-0.0247813575	0.0470357259	0.1096005872	-0.07249109519	0.3071789502	0.1274563714	0.1297218231	-0.07289086282	-0.07424573362	0.06736464458	-0.07213440003	-0.07234477494	0.0001060065946	-0.07256118355	-0.02323181123	0.2894257559	-0.07110192345	0.04711134546	0.05416064191	-0.02301491993	-0.02451974241	-0.02381464556	-0.02401287721	0.04721655942	-0.07487952336	-0.02491573224	-0.02383676092	-0.07390252323	-0.02498091616	-0.02491911342	-0.02533541435	-0.07484086379	-0.07401704733	-0.02030505548	-0.07040521001	-0.02491109843	-0.02446467505	0.0531053719	-0.02551866819	-0.02626040975	-0.02638132283	-0.07318513108	-0.02494928506	0.03596356212	-0.02538065724	-0.07263677471	-0.02458926717	-0.07473516582	-0.07085242443	0.01608886836	0.0389018388	0.00986916625	0.006980677812	0.002078300491	0.03431931042	-0.02405143409	-0.02471714645	-0.02470073218	0.03943046204	-0.02632879814	-0.02485090831	0.05445810427	-0.02393816311	-0.02199345215	-0.02442536369	-0.02475252263	0.0144809978	-0.02541463169	0.03851169481	-0.01784337592	-0.06796021913	0.03595766965	0.01238207436	-0.0201909884	0.01457725167	-0.02534609323	0.03636442704	-0.02153794612	0.05353616601	-0.02718517198	-0.02546824337	-0.02705078566	-0.0252255595	-0.02295728711	-0.02155354384	-0.01857313201	-0.02218893786	-0.07107806653	-0.01919100423	-0.02504119503	-0.02391298218	-0.02571246038	0.01136286061	-0.02444648867	0.01533634511	-0.07297838159	-0.02630148271	-0.07258709734	0.05967683386	0.01607287027	-0.01830590037	-0.06964493251	0.006662838254	-0.01975231409	-0.01793947257	-0.01566373005	-0.01901028107	-0.06898484023	-0.02478208376	-0.02579579753	-0.06805297002	-0.07424887462	0.04749175654	-0.06634309389	0.01272000239	0.04855593291	-0.02245789199	-0.0255546911	-0.01965285816	0.04743934659	0.05971132854	-0.07465072918	-0.07135928551	-0.07472957053	0.04349808909	-0.06986851648	-0.07336798659	-0.0246172128	-0.07447756738	0.03089483023	0.01258807608	-0.07387264459	-0.02227846746	-0.02637807377	-0.01920880609	0.03365380209	-0.02555456479	-0.02541254115	-0.02378811367	-0.07511645259	-0.07048879377	-0.02489294073	-0.02555382	-0.02134687026	-0.07518456725	-0.02107432043	-0.02557292771	-0.02095068412	-0.02598349138
0.0002481631372	-0.0005336256326	-0.01132063056	-0.01070145559	0.0894779825	-0.03881754615	-0.06860256793	-0.1294803251	-0.04389285457	0.001479876369	-0.0001771861605	-0.04383785498	-0.02275318416	-0.134960931	-0.1401579324	-0.140693929	-0.0442950454	-0.02437008667	-0.02314536881	-0.1195366352	-0.09858385271	-0.1160165427	-0.115770693	-0.02452325888	0.1145254493	0.09974719004	0.09918286887	0.08962176767	-0.07005200823	-0.04554067258	-0.01406701638	-0.03362507343	-0.195680381	0.09141677765	-0.1914530214	-0.04079129673	0.001598751241	-0.0241492323	-0.01076011901	-0.01003520289	0.0004804121333	0.0007721661408	-0.1208240992	0.001524303517	0.000307928529	-0.03871733074	0.0006663771041	0.09109803808	-0.02150690658	-0.0005548766271	-0.1886452422	-0.1830346768	0.08832154321	0.08923524971	0.0885032036	0.08842582261	-0.1914635423	-7.110544995e-05	0.09340608959	0.08781550233	-0.000772423997	0.0923349056	0.08998559307	0.08839521958	0.0002549827127	0.00127257126	0.08755765051	-0.000770506756	0.08898760799	0.08957774566	-0.1825090895	0.08977033509	0.090225154	0.08938566943	-0.0003887133149	0.08952427854	-0.1473388955	0.08952404925	0.0008782145405	0.08801601058	3.847834932e-05	-0.001505149768	-0.07595501136	-0.1455503332	-0.1154270079	-0.1271714906	-0.0909715793	-0.1440968612	0.09157184388	0.09334927455	0.09264711734	-0.07977541962	0.08891339472	0.08890408381	-0.1827020004	0.08681810232	0.08644411101	0.08904219984	0.08731897341	-0.08072459643	0.09013069954	-0.1417727626	0.087354526	-0.001056087496	-0.1426022163	-0.07980551966	0.09169571787	-0.1273354888	0.09003600903	-0.144207459	0.08718704564	-0.182365724	0.08858737829	0.08854125954	0.08857249231	0.08867314692	0.0874922762	0.08688401933	0.08655900236	0.08826062545	-0.00115593468	0.08665970161	0.08968776941	0.0882198646	0.08746767456	-0.1271007367	0.08406417773	-0.07225239144	0.0006803219539	0.09233979548	-3.185529228e-05	-0.1322484816	-0.1198038697	0.09214366294	-0.0007288007346	-0.1185790438	0.08667324894	0.08719266179	0.07354445663	0.08640928188	-0.005106198482	0.08897290836	0.08853405177	-0.001292552685	0.000703257587	-0.1911669071	-0.0001575337365	-0.04718457027	-0.1886393858	0.085404814	0.08898348207	0.08806613353	-0.1904745436	-0.1381291367	0.001140825162	0.0001437035894	-0.0007640611825	-0.188581477	-0.001383527592	0.001440431325	0.09133974663	-0.0002155269615	-0.1522060492	-0.1298995215	-0.0006450839314	0.08845852445	0.08887982886	0.08692932834	-0.1447623695	0.08719442726	0.08963587964	0.08689329812	-0.0004837767292	-0.001860090586	0.08739199063	0.08915150173	0.08711007011	5.499355176e-05	0.08650095696	0.08933177878	0.08763059335	0.08925870149
-0.0002795172095	-0.0003655981375	-0.01215860314	-0.0103897138	0.08864000992	-0.03922437584	-0.06960363201	-0.1299046229	-0.04501825574	0.0009293323841	0.0006169070608	-0.04481954185	-0.02241857873	-0.1343657992	-0.138901991	-0.1404670651	-0.04507902587	-0.02475405272	-0.02309819197	-0.119291752	-0.0985055474	-0.1157716594	-0.1155258098	-0.02505093923	0.09974719004	0.1140231403	0.09992575355	0.08942165957	-0.06865741062	-0.04464263377	-0.01603183969	-0.03290156596	-0.1951480692	0.09086623366	-0.1910644239	-0.04047955494	-0.0003889357034	-0.02258221657	-0.01044837722	-0.01072946117	-0.0009324176273	-0.000562716883	-0.12040758	-0.001181954907	0.0002164490669	-0.03854930324	0.0005469760073	0.09241577994	-0.02102858685	0.0006191509399	-0.1878255018	-0.1822149363	0.08920814219	0.09084042016	0.0885275168	0.08917234468	-0.1906438019	-0.0003342208428	0.09443640287	0.08798716722	0.000257889274	0.09370663958	0.08929133479	0.08803959844	0.0007104387998	0.0004345986833	0.08628853505	-0.002129344405	0.08829334971	0.0881649159	-0.1822642063	0.09080064837	0.08901003064	0.08903283185	6.674277222e-05	0.08969230603	-0.1467486081	0.08940464815	-0.0012531867	0.08789660948	-0.0003822243125	-0.00243284453	-0.07558927746	-0.1453234693	-0.1142529803	-0.1263746138	-0.09022869462	-0.143587413	0.09251243497	0.09256529408	0.09332712702	-0.0801282572	0.08879399363	0.08777868264	-0.1819913161	0.08650622021	0.08675585281	0.08919559669	0.08854699309	-0.07911942598	0.0898558087	-0.1414021844	0.08616335727	-0.003618631624	-0.1422364824	-0.07901142644	0.09215117396	-0.1259637548	0.09002031086	-0.1429794393	0.08755277954	-0.1816896979	0.08903727637	0.08842185844	0.08931537699	0.08912860301	0.08771429581	0.08762690401	0.08586474408	0.08790778787	-0.00256876444	0.08639658621	0.08996099756	0.08959159858	0.08777941635	-0.1257829948	0.08572334029	-0.07102437176	0.0002734922651	0.09365753734	0.0001361722029	-0.1307358169	-0.120012993	0.09073083318	-0.001710487607	-0.1184110163	0.0850269827	0.08606726062	0.0741046901	0.08514016641	-0.003547358022	0.08856607867	0.08913322215	-0.003136525333	-0.0005146493354	-0.1909220239	-0.001714077793	-0.04710626496	-0.1879121511	0.08677654797	0.08862100768	0.08809044673	-0.1901788442	-0.1373914975	0.0005939185743	-0.001071419764	-0.0009028394878	-0.1892735157	-0.001502928689	0.0007461730444	0.08963948828	0.0009585006054	-0.151696601	-0.1284380654	-0.0009081993242	0.08718940898	0.08935035668	0.08580392717	-0.1443966356	0.08606902609	0.08971418495	0.08711531772	5.359310377e-05	-0.00312920605	0.08813487531	0.08763913996	0.08754614899	0.0007057740411	0.08623784157	0.08921237768	0.08693633507	0.0890495782
0.0001782714201	-0.0003010301848	-0.01128578135	-0.01081032067	0.08983923367	-0.03806412546	-0.06940286147	-0.1279618127	-0.04400171966	0.000548736874	-0.0006504979966	-0.04365929147	-0.02276458783	-0.1336490079	-0.138467784	-0.1395922674	-0.04526619627	-0.02361666598	-0.02282309101	-0.1200301229	-0.09864619757	-0.1156263066	-0.116407895	-0.02405726678	0.09918286887	0.09992575355	0.1133275046	0.0887907522	-0.06910835301	-0.04482980416	-0.01475073865	-0.0334193669	-0.1943055829	0.09145162686	-0.19104525	-0.03989416174	0.0002354308602	-0.02372852575	-0.0107252698	-0.01043149657	-0.0001643367678	0.0007849851703	-0.1202836652	-0.0009742109455	0.0005533870385	-0.03786644863	0.000452771091	0.09217786073	-0.02060977159	-0.0006672792666	-0.1866566136	-0.1818035929	0.08908553295	0.08927009892	0.08839433852	0.08979863186	-0.1910557709	0.0001074580565	0.09186008155	0.08856892302	-0.0004963990715	0.09366318348	0.08949210533	0.08795267303	0.0005772605151	1.451443369e-05	0.08759249972	-0.001597943321	0.08844760002	0.08889402339	-0.1812780057	0.08953281429	0.08771966611	0.08999537583	-0.0002101498085	0.09013398493	-0.1462754277	0.08981781028	-0.001381600975	0.08718857401	-0.001492471123	-0.001470300558	-0.07554723996	-0.1447114189	-0.1147318079	-0.126188862	-0.09099495079	-0.1432579469	0.09250795223	0.09156235814	0.09265806492	-0.07940662158	0.08846704326	0.08793293295	-0.1812422441	0.0842660942	0.0874849603	0.08848756123	0.08740034286	-0.07931082496	0.0898123526	-0.1410775626	0.08689246476	-0.002745809837	-0.142769302	-0.07882289107	0.09158685278	-0.1270714316	0.08809344451	-0.1437996876	0.08808418063	-0.1812783545	0.08906287095	0.08758516725	0.08860734152	0.08899542472	0.08680855393	0.08720629713	0.08645013727	0.08743318889	-0.002701942725	0.08755683659	0.09087233299	0.0900258056	0.08739778284	-0.1252558223	0.08438645553	-0.07141347715	0.0008588854603	0.09381655166	-0.0009992643856	-0.1309784244	-0.1198272412	0.0904539406	-0.001987380188	-0.1193209868	0.08602850004	0.08708379671	0.07306651236	0.0861567025	-0.004674674315	0.08804073087	0.08890690999	-0.002075213874	0.001456678277	-0.19090285	-0.001847256078	-0.04758086395	-0.1880347019	0.08601452039	0.08792684519	0.08810098274	-0.1901596703	-0.1374968117	2.596000472e-05	-0.0005400186801	-0.00146716066	-0.1894671343	-0.001775057259	0.0004798495128	0.08978645908	-0.0001656191781	-0.1514137527	-0.1277271672	-0.001428783119	0.08863708795	0.0892171784	0.08682046325	-0.144785741	0.0885616785	0.08837730019	0.08635329014	-0.001316171589	-0.002112669967	0.08713941125	0.08799038369	0.08669439923	-0.0002947798912	0.08725437765	0.08778577073	0.08867144263	0.08942721857
0.001931626234	0.00311928533	-0.00838629108	-0.008629401881	0.09126260761	-0.03703292103	-0.06862290993	-0.1279108745	-0.04393396303	0.0006566371621	-0.002123454964	-0.04406523	-0.02208183036	-0.1338140381	-0.139082286	-0.1395451794	-0.04480025631	-0.02254290928	-0.02152292407	-0.1188591722	-0.09753626516	-0.115400098	-0.1154416769	-0.02269608149	0.08962176767	0.08942165957	0.0887907522	0.1065140257	-0.06861583007	-0.04672130474	-0.01267098188	-0.03407655833	-0.1942442029	0.08930265069	-0.1903042719	-0.03892397568	0.001946233396	-0.02280850938	-0.0109047981	-0.01141229229	0.0009716085842	0.002059880808	-0.1198190639	0.002015499968	0.002379982236	-0.0369789585	0.003025859403	0.09130180594	-0.01972228146	0.001599873015	-0.1869216355	-0.1818859272	0.09258828473	0.09225228512	0.09119266677	0.09080816854	-0.1901234383	-0.001365498911	0.08995598169	0.09163499123	-0.001394498855	0.0880650642	0.08869119961	0.08751618354	-0.0001161066123	0.000118180894	0.08751654205	-0.002105043875	0.08859805258	0.08972049516	-0.1822226257	0.08761365586	0.0867750461	0.08823499027	-0.0005333924082	0.08909217085	-0.1453907352	0.08742838837	-0.0005173409391	0.08643418853	-0.0009657405338	-0.002695972591	-0.0743751189	-0.1436830122	-0.1135596869	-0.1258790268	-0.08924797255	-0.1422295401	0.09091332596	0.08874945228	0.0926442959	-0.07971536606	0.08829742908	0.08804083323	-0.1817557213	0.08609087873	0.08597185967	0.08749144315	0.08710119109	-0.07727641813	0.08905796711	-0.1404802988	0.08724764999	-0.002289462596	-0.1405911809	-0.07865677009	0.08763060913	-0.1267615964	0.08920734487	-0.1427712808	0.08704236655	-0.1810732601	0.08886828408	0.08681572319	0.08770924173	0.08852846783	0.08716373915	0.08626805369	0.08661905592	0.08692608833	-0.001628186023	0.08727614627	0.08968680461	0.08807518551	0.09011458545	-0.1255208443	0.08432009057	-0.07074554713	0.0006793571565	0.08866327735	-0.0009413587424	-0.1303811605	-0.118080263	0.08879712568	-0.0007699091901	-0.1174302943	0.08735071196	0.08643298186	0.07495008385	0.08651188772	-0.00558832827	0.08854080068	0.08924794725	-0.001006221182	-0.0006738318098	-0.1898744433	-0.001121946328	-0.0474119453	-0.1870062952	0.08602125866	0.08714728405	0.08788131078	-0.189325794	-0.1371641127	-0.0001307046611	-0.001826709074	-0.00107183178	-0.1874327275	-0.001712064639	-0.0003472936739	0.0891793668	-0.001222491831	-0.1520818855	-0.1288544749	0.0008521125914	0.08741141592	0.08823638268	0.08660079129	-0.1434699056	0.09012876674	0.0876229147	0.0867911713	-0.00177817019	-0.001470056153	0.08903290145	0.08676974419	0.08690587015	-0.0002333998376	0.08502270555	0.08953554664	0.08715834201	0.08662819479
-0.04147728422	-0.0409191241	0.02960640893	0.03466396041	-0.0690542697	0.05282387316	0.1486257689	0.1221873598	0.08367713873	-0.04082042818	-0.03725256751	0.08358842403	0.09015795095	0.123101643	0.1303729451	0.1276763743	0.08467868771	0.09270876302	0.08947833771	0.09153136406	0.09509471674	0.08398545579	0.08710559139	0.09226816222	-0.07005200823	-0.06865741062	-0.06910835301	-0.06861583007	0.409043153	0.0792911329	0.05558611564	0.07189656953	0.1514850565	-0.06973524967	0.1519758444	0.07010783824	-0.04142012478	0.09180554856	0.030519888	0.02988925446	-0.04067017804	-0.0416718527	0.1666999056	-0.04048857244	-0.04111385134	0.05134323131	-0.04120278455	-0.06991027495	0.08852994261	-0.04031838163	0.1485673848	0.1497593312	-0.06938971615	-0.07019220606	-0.06905596632	-0.06952538766	0.1511506779	-0.04194026711	-0.06986962441	-0.06972080395	-0.04276511536	-0.06979109403	-0.07073529136	-0.07047927369	-0.0418616869	-0.04251493403	-0.06856437645	-0.03976538249	-0.07072727637	-0.06956228152	0.1488477755	-0.06894730387	-0.06785271357	-0.071335215	-0.04067701772	-0.06889717716	0.1363048232	-0.07126432532	-0.0415658043	-0.06853715927	-0.04227767987	-0.03877545395	0.04543526721	0.1238656702	0.06652128134	0.07484250799	0.07511384532	0.1349480001	-0.07040673914	-0.06895246714	-0.07152291019	0.1241068648	-0.07042040454	-0.06951737189	0.1509190793	-0.06497127521	-0.07010905883	-0.06899066524	-0.06779207685	0.0314679672	-0.06872189904	0.133104384	-0.06661178652	-0.03832639168	0.1351492163	0.04177968175	-0.06845030938	0.07611565282	-0.06996630393	0.1331128307	-0.06936612421	0.1520091412	-0.07151768673	-0.06836361516	-0.07056753487	-0.07176030892	-0.06920460795	-0.06851943615	-0.06755102446	-0.0700901641	-0.04000709612	-0.06816889669	-0.06994387865	-0.06948301962	-0.07052263825	0.07821869072	-0.06331781376	0.03483712368	-0.03975169674	-0.06996194621	-0.03934847317	0.1124998715	0.07358727113	-0.0680023643	-0.03843024781	0.07121923962	-0.06801163506	-0.06706107932	-0.03122438305	-0.06755703064	-0.02772595212	-0.07002340452	-0.06988740393	-0.03655085673	-0.04111469553	0.1522619587	-0.03757155222	0.06809492772	0.1615952606	-0.0658309269	-0.06967660414	-0.06805589343	0.1530051384	0.1113334433	-0.04180154554	-0.04115060088	-0.0409280285	0.1421258946	-0.03908497467	-0.04071615892	-0.0692374235	-0.03969137013	0.07715892379	0.06406647652	-0.042226817	-0.07053778843	-0.07040391261	-0.06746812707	0.1342824918	-0.07150080819	-0.06800025334	-0.06787972007	-0.04110688213	-0.04042382344	-0.07082009805	-0.07043112545	-0.06701933391	-0.04204998659	-0.06875878422	-0.07038310558	-0.06978486228	-0.06950024059
-0.01021137666	-0.01132314629	0.0626812834	0.07091731607	-0.04619926137	0.106645309	0.2991319898	0.08478993536	0.05946932805	-0.01042442259	-0.009376723111	0.05890930019	0.02785823563	0.08201115053	0.08278057716	0.08262001014	0.05959944213	0.0272549494	0.0270425243	0.01687983549	0.008083758717	0.01350164181	0.01863377755	0.02652692	-0.04554067258	-0.04464263377	-0.04482980416	-0.04672130474	0.0792911329	0.4003723791	0.05624087816	0.08579136545	0.04195971194	-0.0457987712	0.04871755476	0.1149840516	-0.01120276956	0.02783831209	0.06429516454	0.06298089559	-0.01045282282	-0.01044849741	0.101347254	-0.01021772356	-0.01120016361	0.1071766673	-0.01026685785	-0.04630377734	0.02619529122	-0.01081959789	0.05045740176	0.05325561345	-0.045577137	-0.04572342268	-0.04598177362	-0.04552684971	0.0481321767	-0.01157919759	-0.04701372604	-0.04584974139	-0.009960902811	-0.04473692895	-0.0456916508	-0.04819426354	-0.01010339506	-0.01114786445	-0.04592132664	-0.01094261796	-0.04578479782	-0.04692684791	0.05421234358	-0.04466875502	-0.04441115373	-0.04586043155	-0.01117823398	-0.04615296533	0.06384729608	-0.04794525631	-0.01116218251	-0.04550551885	-0.01127933285	-0.009808975121	0.00681347466	0.07173473382	0.01049070298	0.01168050689	0.03850405291	0.06614620537	-0.0471234002	-0.04477111235	-0.04639843034	0.09425164435	-0.04547792599	-0.04634201717	0.0540345187	-0.04544287633	-0.04732229473	-0.04637756843	-0.04505284165	0.008798461497	-0.04468425855	0.06904516109	-0.04626816545	-0.01098332238	0.06562885015	0.006032175116	-0.04595097387	0.01597165195	-0.0474286814	0.06718532192	-0.04719676956	0.05263113755	-0.04605448744	-0.04350819086	-0.04620752971	-0.04642923976	-0.04641784384	-0.04702610071	-0.04681881278	-0.04572254274	-0.01089690299	-0.04681927554	-0.04493226584	-0.04558909342	-0.04874949042	0.01836211843	-0.04246994657	0.001605808229	-0.00967805582	-0.04448716276	-0.01018363825	0.07032015762	0.0154552704	-0.04679645745	-0.01090091194	0.01423695325	-0.04680572821	-0.04585517247	-0.03620339965	-0.04692598098	-0.005902685144	-0.04541090684	-0.04656833491	-0.01117723529	-0.008706689797	0.04800565311	-0.01076078783	0.1083560448	0.04683982721	-0.04519987723	-0.04611890461	-0.0462751294	0.04788654702	0.07036141941	-0.01105090239	-0.009740979019	-0.01013581609	0.04354109858	-0.009687352945	-0.01074368002	-0.04555343755	-0.009376820851	0.02736232396	0.02504847715	-0.01100346171	-0.04789473862	-0.04642914712	-0.04784307748	0.0667741257	-0.04846916776	-0.04396261285	-0.04753609899	-0.009736904227	-0.0116010589	-0.04727925317	-0.04644792064	-0.04595714136	-0.01116567	-0.04683430589	-0.04663289368	-0.04613581239	-0.04528394973
-0.03076229561	-0.03183151297	0.1033952068	0.1119186681	-0.01453933861	0.0414068602	0.06348332206	0.02296091194	0.05745755328	-0.03250857122	-0.03126466306	0.05708140999	0.1480667061	0.01683319473	0.0137188046	0.01383076839	0.05615967353	0.153148898	0.1479064726	-0.02149165616	-0.01390430319	-0.01909983996	-0.01758199966	0.1528520115	-0.01406701638	-0.01603183969	-0.01475073865	-0.01267098188	0.05558611564	0.05624087816	0.2729622619	0.06660705895	-0.009363064198	-0.01518740078	-0.003874035986	0.08585282722	-0.03142370765	0.1463277519	0.101552897	0.1022374915	-0.03210518796	-0.03181343395	0.03197602666	-0.0317263744	-0.03098995881	0.0423231085	-0.0317812246	-0.01478756887	0.14135322	-0.03075310738	-0.001786416277	0.005694023057	-0.01442696328	-0.01578807147	-0.01407697454	-0.01499377767	-0.003549488171	-0.03323727863	-0.01463523179	-0.01453023279	-0.03269142139	-0.0151315586	-0.01590001388	-0.01502288614	-0.03319861906	-0.03247850553	-0.009705098681	-0.02847553669	-0.01732914185	-0.01472700403	0.003920181565	-0.01539670038	-0.01709759591	-0.0170747947	-0.03398602939	-0.01535532834	0.01552123099	-0.01564298622	-0.0304196728	-0.01600131052	-0.03436609496	-0.0294976083	-0.001191748264	0.01774093619	-0.01364545717	-0.01475508199	0.01124111433	0.01545783654	-0.01503233455	-0.0161291898	-0.01525048975	0.04399441841	-0.01615359694	-0.01439466581	0.004410628163	-0.01530971238	-0.01139349536	-0.01583740704	-0.01662773662	-0.005242761858	-0.0161860503	0.01821307797	-0.007177651567	-0.02459340285	0.01723991006	-0.00561711375	-0.0100221745	-0.01333822286	-0.01460242214	0.01505981013	-0.01323741806	0.004063547086	-0.01687264378	-0.01734434741	-0.01803168612	-0.01663760284	-0.01336333039	-0.01037872986	-0.009697746763	-0.01281174359	-0.02871725032	-0.01031561899	-0.01504812317	-0.01417531116	-0.01669336084	-0.01410947088	-0.01552453678	-0.002950271592	-0.03162356545	-0.01541409732	-0.03234705951	0.01279107227	-0.010261747	-0.007993372166	-0.0275715449	-0.01536035014	-0.01015835736	-0.007339515774	-0.01229504611	-0.007404324208	-0.03176756662	-0.01418212696	-0.01601811515	-0.0237838566	-0.0323192013	-0.00298686246	-0.02498827775	0.0621228191	-0.002444345162	-0.01401364963	-0.01704468119	-0.007615758404	-0.002988456304	0.008657852363	-0.03415248291	-0.02986075508	-0.03337475439	-0.007055166065	-0.02822627175	-0.03100145447	-0.01531068467	-0.03369760843	-0.01325212418	-0.01327538693	-0.03280525704	-0.0136841235	-0.01728685466	-0.01033342085	0.01536718539	-0.01581689377	-0.01591573208	-0.01554316573	-0.03479966428	-0.02784054897	-0.01518818751	-0.01739700624	-0.01160919924	-0.0341171797	-0.01133664941	-0.01526039951	-0.01236272746	-0.01706809477
0.0002477023193	-0.000918709104	0.04147287135	0.05217142425	-0.03469163005	0.0840577161	0.07586389027	0.09030918871	0.05647007931	0.0004734154791	0.001722666627	0.0566687932	0.02841747654	0.08785293506	0.07724838784	0.07808323278	0.05736131714	0.02571302821	0.02792356155	0.01732972985	0.02233022549	0.02056239378	0.02440110086	0.02686512783	-0.03362507343	-0.03290156596	-0.0334193669	-0.03407655833	0.07189656953	0.08579136545	0.06660705895	0.302964523	0.01138234828	-0.03433369215	0.01572166212	0.05698477982	-0.0011322812	0.02934834297	0.04350793918	0.04293687599	-0.0003629572521	0.001059133915	0.05664983135	0.0002839076899	-9.575354223e-05	0.08315193143	-0.0007518494652	-0.03465243172	0.02697516645	-0.0003179666416	0.01837070785	0.02166721801	-0.03271096887	-0.03231547775	-0.03464103166	-0.03459407557	0.01587073558	0.00035957662	-0.03289272257	-0.03374787568	-0.001201192788	-0.03324533508	-0.03459578515	-0.03347496423	0.0005419504867	0.0003597668777	-0.03689939063	-0.003338447693	-0.03530634164	-0.0340170097	0.02319642333	-0.03262818566	-0.03365702996	-0.03418970872	-0.0003891741328	-0.03335190534	0.03556825658	-0.03413819625	-0.001657698639	-0.03337162537	-0.001298900936	-0.002224182066	-0.009508651331	0.03821910466	0.01241738426	0.01098830309	0.04075309886	0.03837914805	-0.03446605451	-0.03240119525	-0.03468420971	0.06590972985	-0.03329427547	-0.03440324296	0.02323218489	-0.03473368684	-0.03657578716	-0.03370490038	-0.03276868513	-0.008098521678	-0.03389519871	0.040415818	-0.03550147329	-0.001435478852	0.03628093558	-0.01264058815	-0.03577932348	0.01168659074	-0.03512022638	0.03668769297	-0.03554542394	0.02362721744	-0.03467898625	-0.03342611833	-0.03513394959	-0.03520903703	-0.03524019338	-0.03640312284	-0.03531118145	-0.03626946384	-0.002860782457	-0.03636019657	-0.03287447106	-0.03480003357	-0.03497736643	0.01352157725	-0.03427826858	-0.01060227412	0.001111004024	-0.0319415036	0.001738775676	0.03524921313	0.01447563801	-0.035618807	-0.001160404441	0.01138903501	-0.03688947866	-0.03609448038	-0.02624414243	-0.03560461623	0.002588899795	-0.03457103089	-0.03403532631	-0.001692128633	0.0002716538811	0.01615149071	-0.002888566178	0.1676163841	0.01652329765	-0.03531565544	-0.03338758519	-0.03564030837	0.01560124173	0.02824186972	-0.0005333911029	-0.002136001372	-0.0009250008476	0.01254053205	-0.002226089593	-0.0004283153405	-0.03254243732	0.002033616411	-0.003359920055	0.01360972891	-0.001775881909	-0.03686080246	-0.03313406924	-0.03563924236	0.03555792528	-0.03568175662	-0.03232861691	-0.03621890939	0.0001256788859	-0.002990081179	-0.03577162184	-0.03560129112	-0.03592659261	-0.0007367657274	-0.0368063698	-0.03476764045	-0.03682644779	-0.0332363973
-0.1226800768	-0.1217086366	-0.02456419871	-0.01963686349	-0.195401214	0.00915552515	0.1154485645	0.6017764114	0.02934217275	-0.1206039406	-0.1184732229	0.02939717235	0.03523363498	0.6473738133	0.6826735657	0.6967899352	0.02976886455	0.03783069993	0.03431284602	0.3404792154	0.2342130859	0.3325013703	0.3226673692	0.03796495631	-0.195680381	-0.1951480692	-0.1943055829	-0.1942442029	0.1514850565	0.04195971194	-0.009363064198	0.01138234828	1.36931499	-0.1956510511	0.6203472853	0.03090813143	-0.1217784944	0.03664005688	-0.02595014838	-0.02674468081	-0.1216034048	-0.1221739366	0.3512486663	-0.122284085	-0.1220470781	0.007772344724	-0.1216870056	-0.1959697906	0.03480159389	-0.122536303	0.825396809	0.5652937272	-0.1950720811	-0.1962517218	-0.1952413335	-0.1951537605	0.6132201956	-0.1222986367	-0.1962165687	-0.1954928911	-0.1230462081	-0.195994324	-0.1956450927	-0.196441328	-0.1226511994	-0.1233044465	-0.1937616064	-0.1206986092	-0.1967867921	-0.1949032257	0.5603706377	-0.1955816767	-0.193175795	-0.1969635878	-0.1216102445	-0.1950980251	0.3696068724	-0.1967489838	-0.1219241739	-0.1949770017	-0.1213426208	-0.1185589663	0.2037863433	0.3694040786	0.2326893035	0.2765198713	0.2054565137	0.351151224	-0.1952986777	-0.19558684	-0.1968638544	0.1237138262	-0.1953302059	-0.1954331733	0.5602894475	-0.1914619338	-0.1951625745	-0.1953376095	-0.1941390211	0.2286258732	-0.1956258377	0.3538876469	-0.1929587308	-0.1191087581	0.3493579082	0.2217085462	-0.1929289678	0.2847984925	-0.1962157868	0.3506102773	-0.1958567828	0.5595080032	-0.1962837738	-0.1948542737	-0.1964833363	-0.1971012531	-0.194976695	-0.1945789518	-0.1928919687	-0.1955748226	-0.1197906085	-0.1936535552	-0.1960033943	-0.1955425353	-0.1944264395	0.2813173169	-0.189664758	0.1898327488	-0.1215472093	-0.1953028904	-0.1203557429	0.3401529983	0.2489593602	-0.1939181657	-0.119076046	0.2500095058	-0.1939274365	-0.1913960235	-0.1643076372	-0.1926105463	-0.1095373447	-0.1953643487	-0.1960906339	-0.1180517947	-0.1217533477	0.6157519453	-0.1183610647	0.02816553341	0.6107216898	-0.191603014	-0.1956400456	-0.1944028377	0.6169230241	0.3713484887	-0.1221734131	-0.1210706816	-0.1222923981	0.6064725412	-0.1211607698	-0.1220733826	-0.1947683349	-0.1211923081	0.5010094554	0.3114481619	-0.1227289009	-0.1957350184	-0.196319714	-0.1933839285	0.3563748258	-0.1966980381	-0.1947985251	-0.1933643786	-0.1211778231	-0.1213570502	-0.1957120366	-0.1968243226	-0.1935099925	-0.1225520705	-0.1938122998	-0.1957240498	-0.1955569494	-0.1951286134
-9.935484137e-06	0.001507704482	-0.011003872	-0.01095955421	0.08907616958	-0.03921935907	-0.06931118665	-0.1283012808	-0.04486952467	0.000974360522	0.0003499828354	-0.04495823937	-0.02209351954	-0.133988476	-0.1391170134	-0.1390336888	-0.04484057262	-0.0243407567	-0.02254118166	-0.1192198766	-0.09783595126	-0.1142626412	-0.114735363	-0.0247813575	0.09141677765	0.09086623366	0.09145162686	0.08930265069	-0.06973524967	-0.0457987712	-0.01518740078	-0.03433369215	-0.1956510511	0.1053863943	-0.1915674058	-0.0391811095	0.001484366916	-0.02208555037	-0.0103416301	-0.008999872849	0.0002223135119	0.001023157144	-0.1193576262	0.0007448413664	-0.0002375986843	-0.03772825357	0.0006957070747	0.08969022509	-0.02104643372	-0.0001444615571	-0.1877536265	-0.1827179182	0.08978801614	0.08983943686	0.08968224794	0.08903000976	-0.1910991436	0.0009642245925	0.09084856224	0.08992469753	0.0007915103525	0.09107080691	0.08958378015	0.08995915393	0.0008591698672	0.0002858547367	0.08586240893	-0.001890891153	0.08944808085	0.09032564711	-0.1827671881	0.09094937943	0.08982334108	0.09013357088	-0.0005030976403	0.0896973228	-0.1465101548	0.09063560345	-0.001104455633	0.0899136264	0.001724514787	-0.001188391206	-0.07592568139	-0.1442275746	-0.1155413922	-0.1264235892	-0.09094224933	-0.1427741025	0.08901431652	0.09093546149	0.09074528646	-0.07859637528	0.09076095275	0.08907712807	-0.1827314266	0.08713486088	0.08676086958	0.09079610136	0.08878544634	-0.07796469484	0.09066911914	-0.1405937183	0.08573723116	-0.002895043373	-0.1414231719	-0.07877018962	0.08698247607	-0.1277373017	0.08880649675	-0.1430284147	0.08707266131	-0.1821926797	0.09004829321	0.0891454467	0.08960782235	0.08999590556	0.08694674899	0.08590734923	0.08515118937	0.08685281246	-0.003713462037	0.08640160299	0.09057938516	0.08868033746	0.08879043319	-0.1259216924	0.08495579347	-0.07193563288	0.00229050918	0.09107569678	0.0008135075773	-0.1312131515	-0.1200619683	0.08699927826	-0.001274327948	-0.1188371425	0.08540915025	0.08506627732	0.07314264371	0.08485775459	-0.00358801731	0.08972080981	0.08989682177	-0.002660354308	0.002026016221	-0.1912812915	-0.002283918206	-0.04945466904	-0.1884131434	0.08557785827	0.09069982515	0.08651460625	-0.1905889279	-0.136869253	0.002319869501	-0.000401823624	0.0003956059475	-0.1894144328	-0.002791340581	0.001038618408	0.09060425225	0.001175096757	-0.1510766332	-0.1282493229	-0.001478039737	0.08762556864	0.08921165916	0.08566522965	-0.1432958966	0.08995432885	0.09095863827	0.08769677968	-0.0001027040342	-0.001687046319	0.08885846356	0.08936098905	0.08740745147	0.0008545051085	0.08710514412	0.08878625157	0.08579163747	0.09014027081
-0.1154525797	-0.1140321338	-0.0176547942	-0.01272419035	-0.1910301401	0.01391486586	0.1170477787	0.2994246536	0.03844470241	-0.1140771522	-0.1119464345	0.038499702	0.04559783323	0.3208900812	0.33920277	0.3474570698	0.0391588228	0.04690146952	0.04438961568	0.2689123722	0.2007622912	0.2550430349	0.2555763132	0.0470357259	-0.1914530214	-0.1910644239	-0.19104525	-0.1903042719	0.1519758444	0.04871755476	-0.003874035986	0.01572166212	0.6203472853	-0.1915674058	0.828907763	0.03752225996	-0.1143894202	0.0470876253	-0.01701197706	-0.01766279519	-0.1137831878	-0.1143537196	0.2943573553	-0.1148950108	-0.1143705754	0.01210054254	-0.1137409371	-0.1915987167	0.04444722066	-0.114531048	0.5773364567	0.5427221053	-0.191236891	-0.1921680764	-0.1920378368	-0.190495258	0.7612324495	-0.1149095626	-0.1925640663	-0.1919841029	-0.115657134	-0.1919106787	-0.1925674474	-0.1916391112	-0.1148309823	-0.1165449127	-0.1903965325	-0.1138843923	-0.1925594325	-0.1916818662	0.5435247992	-0.1912106028	-0.1885351553	-0.1923050853	-0.1149397418	-0.1907293332	0.4236272678	-0.1923779099	-0.1145350997	-0.1906059278	-0.1143846895	-0.112032178	0.2594634208	0.4211044012	0.276669149	0.3331505448	0.253213425	0.3992761573	-0.1909454666	-0.1913594804	-0.1924927805	0.1306115751	-0.1922025028	-0.1920680994	0.5441653121	-0.18809686	-0.1919412149	-0.1915413928	-0.1900553758	0.2864546952	-0.1912726266	0.4080673992	-0.1888750855	-0.1130202587	0.3970342305	0.2818201229	-0.1902824655	0.3408749529	-0.1921321415	0.4013212739	-0.1926354232	0.5412250217	-0.1922001284	-0.1900520569	-0.1923996909	-0.1927301792	-0.1911804783	-0.1916450209	-0.1893831805	-0.1924971774	-0.1135512488	-0.189138767	-0.1922071776	-0.1911714614	-0.1907739371	0.3334928473	-0.1860122556	0.2485071826	-0.1138707066	-0.1910755308	-0.1133700216	0.3870317437	0.2999748542	-0.1912716633	-0.1128366862	0.2993313943	-0.191712077	-0.1881746639	-0.1601153063	-0.1905389011	-0.1030177024	-0.1922867035	-0.1916805866	-0.1118195809	-0.115089991	0.7559195073	-0.1115468477	0.03651534952	0.7294480109	-0.1878067973	-0.1906464744	-0.1900317638	0.7532015895	0.4202360583	-0.114784339	-0.1142636106	-0.1144721811	0.7344680374	-0.113922556	-0.1147961954	-0.1914032611	-0.1122295227	0.4751413763	0.3715248026	-0.1156272553	-0.1933759446	-0.1922360687	-0.1901625689	0.4078083639	-0.1927581071	-0.1901400226	-0.189137019	-0.1143636062	-0.1146865475	-0.1927959684	-0.1930281059	-0.1894263472	-0.1155941392	-0.1897286545	-0.1922152617	-0.1911858755	-0.1905637674
-0.02098314477	-0.02133379066	0.1202330322	0.1114941039	-0.03993727249	0.08740440885	0.1257181909	0.05990206472	0.08147235943	-0.0222982775	-0.02229658946	0.08151941901	0.1091267106	0.05342404391	0.05130791778	0.05124752814	0.08153307155	0.1097537594	0.1085353342	0.0121440678	0.0113959916	0.01092158856	0.01432915275	0.1096005872	-0.04079129673	-0.04047955494	-0.03989416174	-0.03892397568	0.07010783824	0.1149840516	0.08585282722	0.05698477982	0.03090813143	-0.0391811095	0.03752225996	0.3216945656	-0.02092598533	0.1083327381	0.1199199695	0.1199209286	-0.02118203867	-0.02175257043	0.06331232189	-0.02295893955	-0.02192937945	0.08688111896	-0.02171464518	-0.03835013471	0.1038503674	-0.02126138514	0.04178623815	0.04522203316	-0.0382769577	-0.03848835153	-0.03907668333	-0.03857920715	0.03613811626	-0.02388927069	-0.04049722636	-0.03840309086	-0.02377455634	-0.04070612458	-0.0398937226	-0.04119171183	-0.02284461105	-0.02370535477	-0.03944737924	-0.02300781474	-0.0403168505	-0.0407327129	0.04560390611	-0.04104019011	-0.04195359041	-0.04164336061	-0.02291344989	-0.04049875143	0.04679465121	-0.04071018516	-0.02308366499	-0.03965677455	-0.02322612815	-0.02158674331	-0.002047455334	0.05784380347	0.01769083806	0.01945549916	0.01886455072	0.04981213199	-0.03873861468	-0.04012289852	-0.03945078777	0.07504328505	-0.03929140718	-0.03925066031	0.04652549559	-0.04073081856	-0.04113577592	-0.0411670967	-0.04155434219	0.001230960167	-0.04061090191	0.05572908792	-0.03921936086	-0.02171253822	0.05260020558	-0.001822754806	-0.04019559795	0.02418976329	-0.0411021489	0.05315067727	-0.03981798411	0.04603867023	-0.0408663525	-0.04087399544	-0.04145053766	-0.04106245445	-0.03965646785	-0.0408395819	-0.03886517014	-0.04061269015	-0.02281838548	-0.03876447089	-0.0407151949	-0.03903130566	-0.04126192675	0.02211311041	-0.03930142798	-0.004741312588	-0.02198812892	-0.04041380611	-0.0225749003	0.06113686296	0.02049969104	-0.03946022428	-0.02066667998	0.02359280278	-0.03961320933	-0.03995608226	-0.03500797512	-0.03915860491	-0.01995100759	-0.04018783583	-0.04159268113	-0.02162156345	-0.02291998481	0.03708980277	-0.0193768415	0.09518368589	0.03584382682	-0.03973192991	-0.04110741298	-0.03850775333	0.03740183957	0.05629183869	-0.02267734008	-0.02123131862	-0.02417046074	0.03399813441	-0.02203997832	-0.02266516251	-0.04002296488	-0.02363102901	0.01905285304	0.0246837421	-0.02316982051	-0.04012736256	-0.04019372402	-0.03921341564	0.04943405225	-0.03995431679	-0.04077172657	-0.04120586589	-0.0231522276	-0.02179796983	-0.04058612139	-0.04130603858	-0.03933947966	-0.02390688598	-0.03935435842	-0.04112239408	-0.04038043647	-0.04134923209
0.1051923378	0.1042668347	-0.0259467502	-0.02935157551	0.002707286275	0.01338348184	-0.0394152045	-0.06477615339	-0.008218970619	0.1041646336	0.1016719701	-0.008020256726	-0.07167154307	-0.07204420583	-0.07631604639	-0.0775261504	-0.009196018634	-0.0717630658	-0.07140063371	-0.05095217748	-0.03086168076	-0.04886922791	-0.04905452112	-0.07249109519	0.001598751241	-0.0003889357034	0.0002354308602	0.001946233396	-0.04142012478	-0.01120276956	-0.03142370765	-0.0011322812	-0.1217784944	0.001484366916	-0.1143894202	-0.02092598533	0.1196209268	-0.07131512695	-0.02672165127	-0.02667332267	0.1051428741	0.1043628604	-0.07336564293	0.1038873367	0.1052521031	0.01429973015	0.1037422659	0.003033913191	-0.07220531451	0.1046767266	-0.1154007889	-0.1102825044	0.001931241061	0.001745982005	0.00216365027	0.00294855505	-0.1140648724	0.1022862118	0.001605393014	0.002262385561	0.1029757834	-0.0001843624568	0.000771753819	-0.001152301139	0.1031871572	0.1031340161	-0.002374760223	0.1010119533	-8.251696679e-05	0.0006513349996	-0.1093257743	0.0002690672493	-0.001144399696	0.0001718301796	0.1013937468	0.0004541535795	-0.08700902769	0.0004539242906	0.1010798174	-0.001003298272	0.1019703687	0.1005647389	-0.05163455679	-0.08242701875	-0.03218369199	-0.04536531767	-0.03287826518	-0.08427897551	0.001783147443	-0.0003197078814	0.002508117309	-0.03404153495	-0.0003004445289	0.0001213874424	-0.1098759859	-0.002395736937	-0.0001828709105	-0.0003579059838	-0.00232600873	-0.04864356988	-1.119304576e-05	-0.08066144831	-0.001350223628	0.1017323727	-0.08494004502	-0.05462277932	-0.0008235501911	-0.04725388734	-0.0002929581808	-0.08453328762	-0.001595650725	-0.1091824088	-0.0009194475621	-0.001678579784	-6.648976125e-05	0.0003215934444	-0.002296420237	-0.001898677033	-0.002367408305	-0.000307690472	0.1019199541	-0.002122994757	4.278726906e-05	-0.000419117467	0.0006969783368	-0.04558199234	-0.002706518493	-0.05202898531	0.1034687821	0.0001079560096	0.1006983519	-0.07372402455	-0.03972226831	0.0007741092518	0.1019159451	-0.03864115672	-0.001390875947	-0.00130260598	-0.006616175976	-0.001654843006	0.09658425557	0.0004776405891	0.000261483028	0.0999550616	0.1027731463	-0.1139595916	0.1006189263	0.008034457937	-0.1131010617	-0.002659310886	-0.0006311934297	2.008646426e-06	-0.1142732281	-0.08024241183	0.1036475727	0.1030758781	0.102579879	-0.1102990833	0.1016923612	0.1031238664	0.0007862258395	0.1020659411	-0.1118927155	-0.04561019417	0.1038679478	-3.674332484e-05	0.0003996328243	-0.001565939434	-0.08551934102	0.001286016815	0.0004220403856	-0.001170826768	0.1020172549	0.1010720839	0.0004775801138	-0.00125830477	-0.001117146275	0.1027513495	-0.002425453696	-2.5774769e-05	-0.001295817311	8.487359875e-05
-0.07194714358	-0.07242644518	0.1299768104	0.1339681103	-0.02295732709	0.0005697849418	0.09060861068	0.04028219218	0.07490813807	-0.07172210465	-0.06979544537	0.07502348179	0.3119614843	0.03666987215	0.03913041884	0.0425167138	0.07599238299	0.3079069796	0.3118846209	0.02967473778	0.02935713023	0.02839124018	0.02935566134	0.3071789502	-0.0241492323	-0.02258221657	-0.02372852575	-0.02280850938	0.09180554856	0.02783831209	0.1463277519	0.02934834297	0.03664005688	-0.02208555037	0.0470876253	0.1083327381	-0.07131512695	0.3213281257	0.1317933799	0.131245564	-0.07257718036	-0.0740099979	0.06678623826	-0.07147979532	-0.07243431373	-0.0006696811885	-0.07210378679	-0.02349298595	0.2897275284	-0.07094645341	0.0469361604	0.05312317107	-0.02198266599	-0.02297364965	-0.02407582028	-0.02384290905	0.04685001996	-0.073046002	-0.02239566716	-0.02366679276	-0.07321871624	-0.02246085108	-0.02318278612	-0.02310223749	-0.07208086229	-0.07298479339	-0.02510474355	-0.07175575498	-0.02451472003	-0.02242709528	0.05264275824	-0.02165808811	-0.02216430959	-0.02382923	-0.07246118044	-0.02268462082	0.03506980558	-0.02384103626	-0.07376090944	-0.02189346004	-0.07313817715	-0.07177182651	0.01505139752	0.03772065366	0.007250838151	0.007032577213	0.0003222581686	0.03184469662	-0.02312716437	-0.02183110479	-0.02395590683	0.04013843746	-0.02443425843	-0.02330481555	0.05370806202	-0.0213487522	-0.02441034132	-0.02268916891	-0.02142722218	0.01525146868	-0.02279677129	0.03700293742	-0.02349992633	-0.07204133572	0.03434534162	0.012341468	-0.02369724781	0.01483320949	-0.02408742906	0.0351832419	-0.02352436663	0.05249869517	-0.02389944909	-0.02192800969	-0.02392383564	-0.02411060962	-0.02364960472	-0.02434123176	-0.02314573561	-0.02325205424	-0.07400946875	-0.0229019963	-0.02318849288	-0.02345102751	-0.02424906355	0.01090024695	-0.0211109299	0.01429887426	-0.07114486023	-0.02325722862	-0.07102594601	0.05848651314	0.01417311365	-0.02238701696	-0.07228890614	0.006200224596	-0.02455200216	-0.02460744649	-0.01537793673	-0.02323511196	-0.0664897978	-0.0229485624	-0.02361382923	-0.07270894379	-0.07230312636	0.04725622735	-0.07091637173	0.01528988708	0.04794046937	-0.02131819132	-0.02183345592	-0.02344654616	0.04697673293	0.05953614348	-0.07251856592	-0.07225633578	-0.07160262051	0.04261306656	-0.0727999187	-0.0726841796	-0.02192140567	-0.07191041597	0.02956625633	0.01241289102	-0.07470867649	-0.02420386961	-0.02298062354	-0.0227150655	0.0308917597	-0.02448216719	-0.02242930542	-0.02238573521	-0.07159216972	-0.07198305303	-0.02374989029	-0.02311813073	-0.02212255805	-0.07282177266	-0.02435349537	-0.02295981651	-0.02503180071	-0.02193323723
-0.02792852507	-0.02741688518	0.2420557537	0.14095581	-0.01170556807	0.0522886313	0.05462187379	0.01248128834	0.04227267599	-0.02684052614	-0.02614695139	0.04185454875	0.1303001886	0.006219235976	0.0009413953377	0.0009453198314	0.04373648714	0.1278969722	0.1308882455	-0.02895794542	-0.02679679963	-0.02684005979	-0.02777886055	0.1274563714	-0.01076011901	-0.01044837722	-0.0107252698	-0.0109047981	0.030519888	0.06429516454	0.101552897	0.04350793918	-0.02595014838	-0.0103416301	-0.01701197706	0.1199199695	-0.02672165127	0.1317933799	0.2563904582	0.2437555576	-0.02726513319	-0.02797937925	0.01524522818	-0.02770662146	-0.02696448995	0.05219887954	-0.02861804152	-0.01037294108	0.1383770099	-0.02806305115	-0.01562228479	-0.01247391838	-0.01058719267	-0.01036744361	-0.01109948971	-0.01117687071	-0.01671918931	-0.02734352393	-0.009613719064	-0.01042589723	-0.02798936501	-0.009822617279	-0.01004824313	-0.01120251807	-0.02734684831	-0.02752903192	-0.01386595913	-0.03009690933	-0.01104622821	-0.01088723343	-0.01094233106	-0.009660699476	-0.009664967908	-0.01021702388	-0.0288054606	-0.009892716529	0.00145812913	-0.01115213428	-0.02959790241	-0.01029325407	-0.02853732499	-0.02982555227	-0.007335058354	0.008579625881	-0.02466966776	-0.0249170068	-0.005279175581	0.00496111362	-0.01162370683	-0.01056484765	-0.01046759408	0.03633704533	-0.01045192779	-0.009692609433	-0.01097644165	-0.01146019627	-0.01373343948	-0.01031561716	-0.01177856531	-0.003127562804	-0.01105285103	0.007285212157	-0.01354159598	-0.03023877578	0.004731186996	-0.006570436714	-0.01264954721	-0.02120071893	-0.01183152661	0.002694801359	-0.01313421915	-0.01123010843	-0.00982917471	-0.01030087834	-0.01174877248	-0.0124684197	-0.01354756007	-0.01425216172	-0.01371489292	-0.01292292512	-0.03062605155	-0.01447647944	-0.009502275059	-0.01253254308	-0.01213100439	-0.02197196696	-0.01091490732	-0.003374560349	-0.02634665189	-0.009516328253	-0.0257837089	0.01230382826	-0.02272310055	-0.01392617369	-0.0304863462	-0.02351027481	-0.01350430156	-0.01293751919	-0.01073391249	-0.01333712573	-0.02585878493	-0.01106092784	-0.009589514631	-0.03176866963	-0.02795509531	-0.01730071996	-0.03044256687	0.05350681548	-0.01639336347	-0.01197543013	-0.01004435406	-0.013788619	-0.01598268308	0.007602518287	-0.02660472016	-0.02846412751	-0.02723555505	-0.01980933377	-0.03094998925	-0.02903568562	-0.009560644269	-0.02481760962	-0.0240613288	-0.0201718943	-0.02892350249	-0.01387474049	-0.01107316804	-0.01377570982	0.002008609999	-0.01168969457	-0.009777101061	-0.01322867227	-0.02626469431	-0.03075535028	-0.01177955979	-0.01199343234	-0.01260834519	-0.02750485352	-0.01453887931	-0.01027091453	-0.01312181433	-0.0108251925
-0.02759276789	-0.02880569955	0.2415124585	0.1406693405	-0.01122609659	0.05305553137	0.05515570609	0.01240532739	0.04309393689	-0.02660847188	-0.02782319435	0.04228665071	0.1316910896	0.004706132068	0.0008654343889	-0.0002009553218	0.04388116051	0.1293203227	0.1312434275	-0.02895698635	-0.02654334804	-0.02658660819	-0.0269156157	0.1297218231	-0.01003520289	-0.01072946117	-0.01043149657	-0.01141229229	0.02988925446	0.06298089559	0.1022374915	0.04293687599	-0.02674468081	-0.008999872849	-0.01766279519	0.1199209286	-0.02667332267	0.131245564	0.2437555576	0.2548727219	-0.0272168046	-0.02814053252	0.01533316612	-0.02861605625	-0.02695814531	0.05310949391	-0.02861169688	-0.01032461249	0.1397801759	-0.02801472256	-0.01639663263	-0.01441816518	-0.01010772119	-0.009887972127	-0.0116260183	-0.01026625634	-0.01722629315	-0.027193465	-0.008846818993	-0.01095242583	-0.0280819158	-0.009774288688	-0.009856200241	-0.00986076081	-0.02701109113	-0.02787183485	-0.0125715714	-0.02947372356	-0.01114161392	-0.01083890484	-0.01216800638	-0.01033094236	-0.0101914965	-0.01103098106	-0.02880450153	-0.01089237196	0.0003963527016	-0.0103852342	-0.02926214522	-0.009238925406	-0.0279820043	-0.02762150924	-0.008225935562	0.009002361928	-0.02398507328	-0.02566955528	-0.006859073762	0.004132404956	-0.01042566387	-0.009079376094	-0.01156897985	0.03626184422	-0.01083474208	-0.01093770951	-0.01234583126	-0.01083701049	-0.01382882519	-0.01026728856	-0.01076622059	-0.003079234213	-0.009920575626	0.007175074972	-0.01253285028	-0.02902054823	0.003327621148	-0.005845520594	-0.01260121862	-0.02051612445	-0.01207062661	0.001722378398	-0.01308589056	-0.01331806952	-0.01183483021	-0.009432247925	-0.01112558671	-0.01174350358	-0.01349923148	-0.01394358946	-0.01313907666	-0.01344945371	-0.0295515383	-0.0134695203	-0.01050193049	-0.01075964294	-0.01208669016	-0.02171851537	-0.01060390093	-0.005171220977	-0.02687318048	-0.01008885516	-0.02685015861	0.01100199276	-0.02261336325	-0.01315927362	-0.02957573183	-0.0235442518	-0.01403083015	-0.01277266122	-0.01174328671	-0.01228279707	-0.02684433481	-0.01173117073	-0.009112015737	-0.02966832953	-0.02622417912	-0.01795153809	-0.02842960765	0.05324053055	-0.01690046731	-0.01271240776	-0.009554800924	-0.01292537415	-0.01634607262	0.005725825599	-0.02784982023	-0.02796447144	-0.02776208364	-0.0199816395	-0.02963541692	-0.02812507125	-0.009266871037	-0.02640773565	-0.02618683318	-0.01987843134	-0.02877344355	-0.01238926894	-0.01109060701	-0.01303599468	0.001023753594	-0.01350965183	-0.009628221576	-0.01289291508	-0.02679122291	-0.02910597984	-0.01259351698	-0.01230798413	-0.01246367182	-0.0269236517	-0.01348455064	-0.01137230031	-0.01264234285	-0.01188656691
0.1060917147	0.1048730671	-0.02591537494	-0.02946391455	0.002594947239	0.01442085717	-0.03850216626	-0.06345134947	-0.008331309655	0.1034774374	0.1029300779	-0.007270309986	-0.07264616788	-0.07115054479	-0.07512130792	-0.07638952486	-0.00787121471	-0.0730251192	-0.07223154423	-0.05062765771	-0.03082458959	-0.04754442399	-0.04816086008	-0.07289086282	0.0004804121333	-0.0009324176273	-0.0001643367678	0.0009716085842	-0.04067017804	-0.01045282282	-0.03210518796	-0.0003629572521	-0.1216034048	0.0002223135119	-0.1137831878	-0.02118203867	0.1051428741	-0.07257718036	-0.02726513319	-0.0272168046	0.1199713332	0.106257033	-0.07333426767	0.1045415742	0.1054271927	0.01375624823	0.1043484983	0.003065288451	-0.07289251073	0.1055703876	-0.114996869	-0.1106822721	0.002171438751	0.002064785857	0.003488454194	0.002548787422	-0.1131712114	0.10274873	-8.780327753e-05	0.003587189485	0.1032945872	-0.0005841300848	0.0003719861911	-0.001264640175	0.103505961	0.10445882	-0.002630813555	0.1006121857	-5.114170679e-05	0.0003952816676	-0.1094381133	-0.0006919087188	-0.0006818815479	-0.0006590803362	0.1031496936	0.0001981002475	-0.08539679517	-0.00130676214	0.1006800498	-0.0003970658283	0.1035092475	0.1010272571	-0.05188489421	-0.08095850053	-0.03157745954	-0.04447165663	-0.03284688992	-0.08252302869	0.002101951295	0.0005739531544	0.001677206793	-0.03271673102	0.0007369308029	-0.0001346658895	-0.1099536668	-0.003514076045	-0.002163495794	-0.0001828164278	-0.001719776286	-0.04832476603	-0.0002672463777	-0.07904921579	-0.002899705624	0.1004703193	-0.08318409821	-0.05416026117	-0.002804175075	-0.04636022631	0.0004569885591	-0.08349591229	-0.001851704057	-0.1095821764	-0.0006006437102	-0.002222061708	0.0005397426827	-0.0006530313675	-0.002839902161	-0.002154730365	-0.003485747413	-0.002719458244	0.1006579007	-0.001804190905	0.000505305417	-0.001106313687	0.001303210781	-0.0448320456	-0.002962571825	-0.05127903857	0.1032127288	-4.383026396e-06	0.1023105844	-0.0734052207	-0.03882860728	-0.002499944296	0.1019473204	-0.0371726385	-0.002365500758	-0.004145516639	-0.007269230126	-0.002773182114	0.09630489829	0.0005090158491	0.000149143992	0.1004175797	0.1042416645	-0.1130659306	0.09950058719	0.008928118973	-0.1126385435	-0.002915364218	-0.0005239689579	-0.001834901941	-0.1136669957	-0.07949246509	0.103529745	0.101957539	0.10291806	-0.1098365652	0.1014363078	0.1034371817	0.001105029691	0.1026721736	-0.1128964228	-0.04600996179	0.1047616088	-0.003310796872	-0.0005749919876	-0.004121421501	-0.08462567998	0.001474755215	-0.0004088701303	-0.00358259454	0.1015380871	0.1011034591	7.781248582e-05	-0.0005083580298	-0.002072393878	0.1041682577	-0.003256364212	-0.001000399581	-0.002414156419	-0.0001711797332
0.1051679868	0.1049553393	-0.02727024575	-0.03038764247	0.003252076575	0.01442518259	-0.03909207523	-0.06423705568	-0.008249037503	0.1045657096	0.1037196709	-0.00798455605	-0.07285132432	-0.07143364797	-0.07506002028	-0.07691559254	-0.007574617192	-0.07394884712	-0.07301155785	-0.05105447519	-0.03153883565	-0.04811495576	-0.04887510615	-0.07424573362	0.0007721661408	-0.000562716883	0.0007849851703	0.002059880808	-0.0416718527	-0.01044849741	-0.03181343395	0.001059133915	-0.1221739366	0.001023157144	-0.1143537196	-0.02175257043	0.1043628604	-0.0740099979	-0.02797937925	-0.02814053252	0.106257033	0.1185851173	-0.07404851374	0.104689614	0.1043597505	0.01332943076	0.1042870562	0.003003846308	-0.07309766717	0.104790374	-0.1148488293	-0.1111090895	0.001559753474	0.002356539865	0.002564726274	0.00277477387	-0.1135980289	0.1036932879	0.0005693260588	0.003170453665	0.1032331451	-7.071504446e-05	0.0001668297515	0.0006128145989	0.1040193761	0.1031039492	-0.001973684218	0.0995447435	-0.0004000124424	4.641093207e-05	-0.1101523594	-0.000270089259	0.0004721582355	0.000285477592	0.1026571086	0.001430086768	-0.08596732694	0.000212652972	0.1011934648	0.0003529616993	0.1032209062	0.09981610056	-0.05360514035	-0.08109788941	-0.0327228485	-0.04547333129	-0.03341742168	-0.08366841765	0.00103450908	-0.0001402929099	0.002046907538	-0.03328726279	0.0007412562185	0.0002350348548	-0.1105588568	-0.002001996599	-0.00179379505	0.0003305986125	-0.001069982617	-0.04990129787	0.0009948371611	-0.07961974756	-0.002212479269	0.1018460201	-0.08361091568	-0.05473079294	-0.001859617147	-0.04664332948	0.0003955464154	-0.08363530117	-0.001625717608	-0.1098652796	0.0003439142181	-0.0019303077	0.0005440680982	0.0008663837447	-0.00232648712	-0.001928743916	-0.002972332373	-0.001056328835	0.1003090299	-0.001721918753	0.001881006233	-0.0003054700546	0.0005231971572	-0.04583372026	-0.002025349564	-0.05141842745	0.1033607685	0.001946174974	0.103111428	-0.07296975239	-0.03997399623	-0.001986529255	0.1033887888	-0.03759945598	-0.002283228606	-0.00284776256	-0.005216435566	-0.002547195665	0.09821986954	1.643081751e-05	-0.0006308696315	0.1013621377	0.1041802224	-0.1140676053	0.09987028793	0.008070158612	-0.1132995915	-0.002192467323	1.430495953e-05	-0.0003934335659	-0.1141867114	-0.07963185397	0.1043305887	0.1017523825	0.1014658653	-0.1110510323	0.1012311514	0.1045254539	0.00133101614	0.1030397768	-0.1134669546	-0.04658049356	0.1054187382	-0.002222524648	-0.0001751942247	-0.003398524606	-0.08476506886	-3.747873258e-05	0.0001703124692	-0.002781750908	0.101987188	0.1003234455	0.0003037989342	-0.0007135144694	-0.001147213158	0.1025775684	-0.002742949172	-0.0004869845406	-0.002619312858	-0.0002326218768
-0.07212937371	-0.07257721365	0.01488983963	0.0193893006	-0.1189640748	0.03496235602	0.212968829	0.2254769941	0.07044240069	-0.07360031047	-0.0712100858	0.07078482888	0.06626043338	0.2370535261	0.2466078798	0.2430380404	0.07127231375	0.06794895967	0.06572453443	0.2758758614	0.2016897799	0.2703633913	0.2695818028	0.06736464458	-0.1208240992	-0.12040758	-0.1202836652	-0.1198190639	0.1666999056	0.101347254	0.03197602666	0.05664983135	0.3512486663	-0.1193576262	0.2943573553	0.06331232189	-0.07336564293	0.06678623826	0.01524522818	0.01533316612	-0.07333426767	-0.07404851374	0.7958455737	-0.07229037629	-0.07335761221	0.03362542847	-0.07314512669	-0.1203949373	0.06549471082	-0.07298247126	0.3895702508	0.3847091235	-0.1202041165	-0.1196708683	-0.1202312785	-0.1192797958	0.2945096048	-0.07359835666	-0.1201826508	-0.1202813155	-0.07442320491	-0.1197008992	-0.1215073823	-0.1203890788	-0.07380720505	-0.073885595	-0.1193364674	-0.07300432931	-0.1202059386	-0.1209092296	0.3763065616	-0.1206974732	-0.1186410434	-0.1207859556	-0.07219139298	-0.1192381252	0.212145027	-0.1201681304	-0.07448940089	-0.1197403931	-0.07436691231	-0.07270505061	0.0909517546	0.211346732	0.1199699766	0.1409101397	0.1296843334	0.2020216319	-0.1206039729	-0.1191497009	-0.1206862222	0.1154609254	-0.1203302097	-0.119427177	0.3747111659	-0.1172963017	-0.1215997212	-0.1206196172	-0.1182948696	0.09997874194	-0.1199251329	0.2047947361	-0.1173838774	-0.07113419561	0.2039474197	0.09520045542	-0.1193661146	0.1523869996	-0.1211695377	0.2050727486	-0.120569358	0.3753002127	-0.1198466346	-0.1191357061	-0.1194713399	-0.120664114	-0.1209826989	-0.11972267	-0.118610544	-0.1202873978	-0.07382090012	-0.118653559	-0.1194225409	-0.1183589031	-0.1204045218	0.1469011014	-0.1153833333	0.08380275417	-0.07210043614	-0.1209935441	-0.0718688485	0.2031426478	0.1346249025	-0.1189181695	-0.07138176603	0.1328596498	-0.1182088688	-0.1178331702	-0.09781956443	-0.1193351216	-0.06360751723	-0.120076924	-0.1204878589	-0.06993351783	-0.07277278508	0.292350437	-0.07107000599	0.07252080919	0.2938802467	-0.1170062391	-0.1205869846	-0.1192591272	0.2945307596	0.2180722207	-0.07318570453	-0.07323983333	-0.07370791079	0.287656416	-0.07117420711	-0.07381139144	-0.1194067356	-0.07200016608	0.3418468983	0.1557224386	-0.07445976374	-0.1210224508	-0.1207448606	-0.1186713609	0.2048052666	-0.1214106133	-0.1192034872	-0.1181927465	-0.07290326121	-0.07262884854	-0.121193781	-0.1212032164	-0.1176477105	-0.07428293333	-0.1192434465	-0.1201491964	-0.121247603	-0.1192663314
0.1038836709	0.1044798156	-0.02673976941	-0.02965995818	0.002057981367	0.01451224214	-0.03862736645	-0.06558713909	-0.007143703975	0.1035153287	0.1029679692	-0.007088704378	-0.0706517539	-0.07234320714	-0.07705557194	-0.07725967588	-0.006396180439	-0.07235887705	-0.07147508143	-0.05130833788	-0.0314517761	-0.04865624704	-0.04855411166	-0.07213440003	0.001524303517	-0.001181954907	-0.0009742109455	0.002015499968	-0.04048857244	-0.01021772356	-0.0317263744	0.0002839076899	-0.122284085	0.0007448413664	-0.1148950108	-0.02295893955	0.1038873367	-0.07147979532	-0.02770662146	-0.02861605625	0.1045415742	0.104689614	-0.07229037629	0.1328575997	0.1175533238	0.01254696375	0.1174643906	0.001666036803	-0.07213604794	0.1035962788	-0.1153258064	-0.1106443808	0.0009466605887	0.0002343913213	0.00194548825	0.001884346157	-0.114570463	0.1022117641	0.0005249452183	0.001545215569	0.1030010822	-0.0007801737102	0.000122448911	-0.0004619245068	0.102394138	0.1023555172	-0.002449207947	0.09998499921	0.000705321085	0.0006303809302	-0.1095439363	5.09052293e-05	0.0003782487394	-0.0007114096657	0.1023252991	0.00115177099	-0.08673317182	-0.0006265235053	0.1003402918	-0.001508888884	0.102177861	0.09939407049	-0.05227814579	-0.08207032358	-0.03134156187	-0.04385890814	-0.0328089986	-0.08464085182	0.001474764782	0.001042987354	0.0007719730379	-0.03440341126	0.0008283157695	0.000244147669	-0.110094148	-0.002182756069	-0.001353539348	0.000142503476	-0.001107027791	-0.04972401768	-0.0001635875066	-0.08073589603	-0.002455124506	0.09926827558	-0.08472706415	-0.0559906557	-0.002047712283	-0.04574747781	-0.0009768495034	-0.08475144964	-0.001957527041	-0.1096879994	-0.0001260514989	-0.0002623908935	0.0004339196986	-0.0009025686475	-0.003467088674	-0.002494488286	-0.004544076814	-0.001622073205	0.09983350622	-0.001712805939	2.183319963e-05	-0.0009247080789	4.767342886e-05	-0.04545923211	-0.00175021535	-0.05167229014	0.1044003345	0.0003744305321	0.1021073	-0.0729361865	-0.03893443026	-0.001743481504	0.1010327053	-0.03650639635	-0.001699258608	-0.003963911032	-0.005145695018	-0.002825511443	0.09863634163	0.0008878294076	-0.0001393666564	0.09892810746	0.1026986986	-0.1144651823	0.09973568645	0.007886028475	-0.1140377952	-0.001649514088	0.000275905836	-0.002515582109	-0.114922533	-0.07953541307	0.103855065	0.1004680667	0.1023617169	-0.1113906472	0.1000905499	0.1022863853	0.001045459584	0.1034142649	-0.1124189868	-0.0453972133	0.1040809287	-0.001782268946	0.0001663990719	-0.00264638723	-0.08530636015	0.0004027769695	0.001353592733	-0.002197780909	0.1015116642	0.09961398686	0.0007440546363	0.001115650875	-0.001479022591	0.1028224997	-0.003596122134	-0.000675079677	-0.002663693699	-7.979476666e-05
0.1056260866	0.1048605367	-0.02650276253	-0.02934896956	0.00184760645	0.01367351639	-0.03855031277	-0.06470129329	-0.008907014512	0.1029017325	0.101674576	-0.008708300619	-0.07261671434	-0.07240986776	-0.07688287285	-0.07766725875	-0.009049698387	-0.07233531703	-0.07125431346	-0.05138071441	-0.03200878917	-0.04872290766	-0.04905191517	-0.07234477494	0.000307928529	0.0002164490669	0.0005533870385	0.002379982236	-0.04111385134	-0.01120016361	-0.03098995881	-9.575354223e-05	-0.1220470781	-0.0002375986843	-0.1143705754	-0.02192937945	0.1052521031	-0.07243431373	-0.02696448995	-0.02695814531	0.1054271927	0.1043597505	-0.07335761221	0.1175533238	0.1311305421	0.01372747892	0.1188348729	0.002892804847	-0.07191527997	0.1043418462	-0.1142965438	-0.1104073739	0.001453854502	0.002323445141	0.002354131056	0.003268346132	-0.1140936677	0.1035822465	0.0004862062327	0.001690134329	0.1024035321	-0.0004691850971	0.0009180740667	-0.0005748380039	0.1030460488	0.1027991357	-0.003090725751	0.09957741634	-7.991101509e-05	0.0007976552473	-0.1097380723	0.0004433091317	-0.0005651016559	0.0004897863579	0.101540067	0.001031616715	-0.08521897518	-0.0005494698295	0.1008229164	-0.0004258351366	0.1020431079	0.09930183785	-0.0530690938	-0.08098726984	-0.03315916447	-0.04493156883	-0.03345051641	-0.08327036948	0.002216896283	0.0005451838461	0.00116437694	-0.03245807174	-0.0004916106617	-0.0001634351978	-0.1099661972	-0.002365209351	-0.002192265102	0.0006561248145	-0.001433195368	-0.04993439259	-0.00015230139	-0.07979655658	-0.002497332044	0.1001541214	-0.08321286751	-0.05605731632	-0.003120372975	-0.04753870998	0.0009222371432	-0.08409953878	-0.001736759069	-0.1093072782	-0.0004856987225	-0.0008136880563	-0.0006387409935	3.677080414e-05	-0.002581242877	-0.002327213969	-0.002652230945	-0.002891941848	0.0999105599	-0.002264103102	0.0003328218127	0.0003299815993	-0.0001185409492	-0.04583889335	-0.00169791247	-0.05317609372	0.1023495953	0.001144483668	0.1018506722	-0.07386513289	-0.04000709096	-0.00123528494	0.1004814081	-0.03861062914	-0.002250555771	-0.001443714324	-0.006415202852	-0.00251452283	0.09743289123	0.001198818021	-0.0008577037535	0.1003888104	0.1022008951	-0.1140844611	0.09921231092	0.008929106203	-0.1137475902	-0.00334735478	0.0006024008764	-0.002151099842	-0.1143980976	-0.08075178806	0.1033570341	0.1012101982	0.1018918351	-0.111009926	0.1002578242	0.1022584707	0.001247896314	0.1029308328	-0.1125666971	-0.0460387311	0.104014268	-0.001902423221	-0.0001097434034	-0.00271304785	-0.08479816359	0.0004263369907	-0.0002939251426	-0.002146299254	0.1028875714	0.09952175422	-0.0002383854144	-0.000968270226	-0.001258254619	0.1032934415	-0.003285133521	0.0001205454787	-0.002989861276	-0.0009685783099
0.0146737136	0.01389192483	0.05327788323	0.05459895565	-0.03822990577	0.279420026	0.08482158242	0.04439663372	0.05480346623	0.01350229517	0.01257004563	0.05571281158	0.0006530161029	0.03500974058	0.02801506445	0.02692014576	0.05403280356	0.0001154645072	4.675370658e-05	-0.01471479258	-0.01326090146	-0.01012100906	-0.007166025798	0.0001060065946	-0.03871733074	-0.03854930324	-0.03786644863	-0.0369789585	0.05134323131	0.1071766673	0.0423231085	0.08315193143	0.007772344724	-0.03772825357	0.01210054254	0.08688111896	0.01429973015	-0.0006696811885	0.05219887954	0.05310949391	0.01375624823	0.01332943076	0.03362542847	0.01254696375	0.01372747892	0.2931417726	0.01307992742	-0.03732842166	-0.001320874253	0.01324575886	0.01441524672	0.01927171143	-0.03673437959	-0.03569581405	-0.03757757453	-0.03669520833	0.01268075889	0.01090530191	-0.03875694184	-0.0380999493	0.01189718802	-0.03992558725	-0.03887200956	-0.03912971021	0.01266853303	0.011279185	-0.03971909486	0.01078075779	-0.03929513746	-0.03856128549	0.0202474976	-0.03982850989	-0.03959219583	-0.0393282189	0.01130626552	-0.0389021812	0.04457381045	-0.03933355338	0.0111823033	-0.039738523	0.01082302262	0.01234554351	-0.003325171027	0.05038637305	0.0258982659	0.02234549805	0.01873654939	0.04680984474	-0.03714204445	-0.03776150394	-0.03649791388	0.0864124274	-0.03864819685	-0.03937866164	0.02088622173	-0.03916109868	-0.03795834844	-0.03966559265	-0.04003087519	-0.001196469893	-0.03925550739	0.04913394328	-0.03862879071	0.01279460578	0.04413677509	-0.003439107633	-0.037878061	0.02462464296	-0.03942781768	0.04569324685	-0.03989973256	0.02166523575	-0.03883863939	-0.04017262879	-0.03980771456	-0.04090302719	-0.03978446917	-0.0389093302	-0.03971174295	-0.04038259674	0.01140132993	-0.03817390073	-0.0405607233	-0.03814834212	-0.03808449926	0.02442825212	-0.0380191367	-0.008031028424	0.01280644368	-0.03809866441	0.01295312976	0.05564022415	0.02267111845	-0.03901336842	0.01312189254	0.02677023026	-0.03868895771	-0.03792836914	-0.03530018907	-0.03928660624	0.01276295809	-0.0388786942	-0.03894385795	0.01317300914	0.01373791797	0.01225092666	0.01254344517	0.1101456856	0.01223918671	-0.03981367835	-0.038625586	-0.03877946895	0.01265586166	0.04774756891	0.01126844477	0.01341953968	0.01081407903	0.01107512691	0.01251341856	0.01260680586	-0.03740550859	0.01231214132	-0.003895644043	0.02353776451	0.01306189505	-0.04010526229	-0.03911548799	-0.03934141696	0.04398862197	-0.03778049414	-0.04032487072	-0.04033719438	0.01125745499	0.0115594598	-0.03945357193	-0.03954105826	-0.03855894233	0.01208901109	-0.03833264538	-0.03947957097	-0.03964615202	-0.03989637616
0.1051222494	0.1049153178	-0.02659169575	-0.02927794958	0.002637197913	0.01446787186	-0.03845991558	-0.06427138457	-0.0075704875	0.1032322595	0.1016018817	-0.008234059383	-0.07213079037	-0.07131498491	-0.07667356335	-0.07735327426	-0.00840382122	-0.07240801134	-0.07103957918	-0.05015998006	-0.03078805482	-0.04735528301	-0.04754057622	-0.07256118355	0.0006663771041	0.0005469760073	0.000452771091	0.003025859403	-0.04120278455	-0.01026685785	-0.0317812246	-0.0007518494652	-0.1216870056	0.0006957070747	-0.1137409371	-0.02171464518	0.1037422659	-0.07210378679	-0.02861804152	-0.02861169688	0.1043484983	0.1042870562	-0.07314512669	0.1174643906	0.1188348729	0.01307992742	0.1322713926	0.00152668187	-0.07170054569	0.1042723278	-0.1139543341	-0.1107658729	0.002004866996	0.00181960794	0.002812133389	0.002447323801	-0.1133203151	0.1027909807	0.0003855902853	0.002555575003	0.1030494093	3.297777401e-05	0.001132808346	-0.001222389501	0.1042667832	0.1031575842	-0.003019705768	0.1007981507	-0.0007274625118	-0.0002810391374	-0.1096832913	-0.0005195925917	-6.477368913e-05	0.0003891704105	0.1013236584	0.001533779586	-0.08572281238	0.0002401216335	0.1007223004	-0.001504529521	0.1021141279	0.09891379331	-0.05299807381	-0.08163482133	-0.03282863753	-0.04529169173	-0.03337949643	-0.08348677809	0.0009944876022	0.001334775309	0.0007763324008	-0.03423747481	-0.001139162158	-0.0008109866946	-0.1101485447	-0.002609539594	-0.001833816527	-0.0005717086409	-0.0009589541316	-0.04957594402	-0.0005124242948	-0.08013881669	-0.003144883541	0.09921914129	-0.08400413331	-0.05483658197	-0.00204335292	-0.04718026141	-1.27429455e-05	-0.0840285188	-0.001953167678	-0.1093962114	0.0007350356285	-0.0007426680731	0.0004382790616	0.0006826479712	-0.00265393719	-0.00354962265	-0.003587211034	-0.002246064681	0.0991192941	-0.002049368822	0.001984699052	0.0003730799478	0.0009143185677	-0.04665808077	-0.002345463967	-0.05267393085	0.1026801223	0.0009001534243	0.1016342636	-0.07350668432	-0.04022349956	-0.002026550733	0.09983385664	-0.03784895931	-0.00246696438	-0.004103265965	-0.005680264265	-0.003162074327	0.09655615116	-0.0007421621399	0.001053680443	0.09887897317	0.101265915	-0.1134548228	0.09983026645	0.008395512463	-0.1128305234	-0.003160542135	0.0003805674928	-0.002080079858	-0.1137684593	-0.0798184823	0.1027094826	0.1005626467	0.101666882	-0.1103802877	0.09989770126	0.1036229193	0.0008598517744	0.1027902734	-0.1130093962	-0.0465425683	0.104085288	-0.002406260422	0.0002487051717	-0.003360599347	-0.08415228642	0.00135964275	-0.0006540480474	-0.002534343793	0.1016597379	0.09999599545	0.0001200631607	-0.0005605935495	-0.001455286019	0.1026296511	-0.002782970649	-0.0002395774261	-0.003090477224	-0.0003227011428
0.003551610935	0.003919536533	-0.009454325725	-0.009266293637	0.0910664397	-0.03666381272	-0.06891135474	-0.1277577346	-0.04561940713	0.001230478134	-0.0003228814661	-0.04527697894	-0.02255597341	-0.1337323584	-0.1389395879	-0.1401210528	-0.04551984401	-0.02336606761	-0.02271620693	-0.1201134734	-0.09829840513	-0.1154436665	-0.1160601026	-0.02323181123	0.09109803808	0.09241577994	0.09217786073	0.09130180594	-0.06991027495	-0.04630377734	-0.01478756887	-0.03465243172	-0.1959697906	0.08969022509	-0.1915987167	-0.03835013471	0.003033913191	-0.02349298595	-0.01037294108	-0.01032461249	0.003065288451	0.003003846308	-0.1203949373	0.001666036803	0.002892804847	-0.03732842166	0.00152668187	0.1090603441	-0.01964060174	0.002029999691	-0.1874331947	-0.1828929435	0.09238253586	0.09153269743	0.09137550851	0.09144184181	-0.191321809	-0.0002168007556	0.09268553711	0.09248024388	4.162789239e-05	0.09233292459	0.08840275481	0.08813016817	-0.0004655697768	0.0001998606174	0.08683709802	-0.001922202134	0.08884191268	0.08828233599	-0.1827984991	0.08847492542	0.08663031559	0.08852140265	-0.0002469800285	0.08966601182	-0.1468288944	0.08844857803	-0.001710623797	0.08758288668	-0.001110471042	-0.001219702186	-0.07595699237	-0.1444025999	-0.1161475604	-0.1261674716	-0.0912609889	-0.1436676993	0.09516272027	0.09147900769	0.09545654725	-0.08020854352	0.08848027083	0.08918953139	-0.1825602671	0.08473101794	0.08773555867	0.08871023796	0.08597189856	-0.07741156768	0.08948809379	-0.1413436008	0.08628077736	-0.0009143542092	-0.142460483	-0.08052607215	0.0904003082	-0.1280560412	0.08949375725	-0.1436345828	0.08704135033	-0.1817928478	0.08843612498	0.08681470698	0.08799565411	0.0889585945	0.08691543801	0.08673832403	0.08684444994	0.08768378726	-0.002451344353	0.08680143489	0.08867978833	0.08696574301	0.09062740806	-0.127246432	0.0837016649	-0.07132142053	-0.0006150877196	0.09348752884	-0.0003675177707	-0.1308133196	-0.1206681365	0.0898422532	-0.0007307817442	-0.1192995963	0.08695869652	0.08575353782	0.07226804792	0.08626358657	-0.005518580202	0.08796492728	0.0886110555	-0.00082337944	0.0004138479855	-0.1913126024	-0.001884086298	-0.04761769417	-0.1884444544	0.08583397588	0.08829598221	0.08835158111	-0.1907639532	-0.1381939927	0.0009951298565	-0.00129542038	-0.0007854194006	-0.1894457438	-0.001529222897	-0.0001034335718	0.08870465542	-0.0004370714789	-0.1531122999	-0.1284243482	0.002370935275	0.08745054337	0.08874920529	0.08620877585	-0.144045779	0.09021044647	0.08733446989	0.08617274563	-0.0004214436063	-0.002005785891	0.08997686695	0.08737869629	0.08723242619	5.301254213e-05	0.08635526166	0.08990465495	0.08705375516	0.08685358881
-0.07111275958	-0.07218197694	0.1405234224	0.1454373522	-0.01982351436	0.0006252533328	0.08952886282	0.03831125068	0.07344309333	-0.07246790368	-0.07305227	0.07277952145	0.2899459694	0.03497444922	0.03661454088	0.0390727795	0.07315121365	0.2887166424	0.2909354503	0.02770379628	0.02695572008	0.02632569272	0.0264278281	0.2894257559	-0.02150690658	-0.02102858685	-0.02060977159	-0.01972228146	0.08852994261	0.02619529122	0.14135322	0.02697516645	0.03480159389	-0.02104643372	0.04444722066	0.1038503674	-0.07220531451	0.2897275284	0.1383770099	0.1397801759	-0.07289251073	-0.07309766717	0.06549471082	-0.07213604794	-0.07191527997	-0.001320874253	-0.07170054569	-0.01964060174	0.315138044	-0.07167842854	0.04423541163	0.05013499371	-0.01927999615	-0.01992253286	-0.01993600748	-0.01912823906	0.0438618426	-0.0740188855	-0.01991940755	-0.01967069425	-0.07419159974	-0.02041573436	-0.02075304675	-0.02160049056	-0.07426765452	-0.07373126665	-0.02016298909	-0.07299371525	-0.02146360324	-0.02072975127	0.05037315236	-0.02063403003	-0.02080091441	-0.02250268475	-0.07361792188	-0.02020836121	0.03309953832	-0.021425795	-0.07450670847	-0.01922267003	-0.07534369867	-0.07242301957	0.01579979186	0.03690010077	0.005699803754	0.00554188694	-0.002522204892	0.03102414373	-0.01959793883	-0.02112593697	-0.02039095121	0.03856652836	-0.02201901718	-0.02111598453	0.05115102755	-0.01890981067	-0.02156395718	-0.02058927788	-0.02026356498	0.01606020714	-0.02096113643	0.03607881389	-0.02000073827	-0.07241701021	0.03338107443	0.01281156933	-0.01990520772	0.01213246073	-0.02189859804	0.03393154612	-0.02053359396	0.050085375	-0.02287539101	-0.02076023732	-0.02173500462	-0.02134692142	-0.02152179207	-0.02155519175	-0.0191496371	-0.02075344281	-0.07438514325	-0.01948008074	-0.021338299	-0.02093791796	-0.02097153652	0.009636641149	-0.02056785059	0.01547841149	-0.0729800295	-0.02199170174	-0.07244503096	0.05665718574	0.01247836496	-0.01988840554	-0.07309572353	0.004074333014	-0.02190967644	-0.02124654929	-0.01331751513	-0.02088021483	-0.06941763103	-0.02190944575	-0.02119858798	-0.07236604681	-0.07367566535	0.04447210841	-0.07137474216	0.01286206878	0.04539257049	-0.01987268257	-0.02042867646	-0.02051679185	0.04456341276	0.05798510908	-0.07364637702	-0.07265436209	-0.07372521837	0.04047844096	-0.0731755932	-0.0733696345	-0.02030743184	-0.0741917867	0.02888118218	0.01014328514	-0.0738742925	-0.02098668671	-0.02134972133	-0.02007273978	0.03007120681	-0.02066992664	-0.02067161729	-0.02091547567	-0.07400041389	-0.07307729901	-0.02032864897	-0.02153146762	-0.02005508951	-0.07504250086	-0.02093225405	-0.02097571815	-0.02138347492	-0.02095513894
0.1077312239	0.1048402409	-0.02743186438	-0.02882468955	0.001940743578	0.01376665351	-0.03874460424	-0.06432072757	-0.007548370356	0.1038292338	0.1026299989	-0.007205942167	-0.0712883714	-0.07166103416	-0.07420353916	-0.07728669303	-0.008237989779	-0.07152360842	-0.07130489063	-0.05056900581	-0.03062222338	-0.04791119906	-0.04780906367	-0.07110192345	-0.0005548766271	0.0006191509399	-0.0006672792666	0.001599873015	-0.04031838163	-0.01081959789	-0.03075310738	-0.0003179666416	-0.122536303	-0.0001444615571	-0.114531048	-0.02126138514	0.1046767266	-0.07094645341	-0.02806305115	-0.02801472256	0.1055703876	0.104790374	-0.07298247126	0.1035962788	0.1043418462	0.01324575886	0.1042723278	0.002029999691	-0.07167842854	0.1227041347	-0.1162276314	-0.1110490471	0.002562867955	0.001698010788	0.001828250461	0.001944641549	-0.1136792831	0.1029568121	0.0009865789791	0.002214414344	0.1036463836	-0.0009509051538	0.000580068306	-0.001918843836	0.1042929147	0.1035893068	-0.00314130292	0.09952683917	-0.0005616310718	0.0004596494866	-0.1107608307	0.0002676162668	-0.001623513801	-0.0003072839254	0.1027829185	-2.496052555e-05	-0.08590728454	-0.001031189886	0.101081904	9.844487859e-05	0.1039752019	0.09927339684	-0.05139509941	-0.08175641849	-0.02997159891	-0.04306380236	-0.03249509351	-0.08346466095	0.0007792339428	-0.0003676790985	0.001216775217	-0.03351464898	-0.0009495075574	0.001079416297	-0.1109301995	-0.00186885097	-0.001617927299	0.000168979983	-0.001224265579	-0.05012868406	0.0002783221176	-0.08042199093	-0.002785280016	0.09981611562	-0.08340715898	-0.0558204649	-0.002164950072	-0.04380265767	0.001577414238	-0.08400640166	-0.002743278521	-0.1100926658	-0.0007771842487	-0.0008177449905	0.000941596882	0.0004173365233	-0.003587762329	-0.002327733349	-0.003515036102	-0.001886461156	0.1001974691	-0.003270622554	-0.000148898244	-0.00061080298	0.0001242077243	-0.04313676274	-0.001554717554	-0.05178952793	0.1038519538	0.0005411854689	0.1036061229	-0.0724785671	-0.03713332442	-0.002291862181	0.1019180317	-0.03447135557	-0.002588561532	-0.003599948144	-0.00574756935	-0.002802470802	0.09822964762	-0.0008637592918	-0.002268604589	0.1005320054	0.1043060323	-0.1139575051	0.1007647272	0.008561343903	-0.1128115465	-0.003375795795	-0.0006791646467	-0.001433047742	-0.1142711416	-0.07957181157	0.104312457	0.1014971074	0.1020071084	-0.11088297	0.1012132471	0.1033686923	0.000213455227	0.1032142045	-0.1130904011	-0.04321502235	0.1043948338	-0.002615126779	-0.0009417670566	-0.004438138782	-0.08484874076	-0.0007238967574	8.664057655e-05	-0.002224798057	0.1025441408	0.1004993133	0.0006233809812	-0.0005050085712	-0.002983345551	0.1038530927	-0.003141938605	0.0002136826059	-0.003305730883	0.0001479947481
-0.115314234	-0.113814388	-0.01552976378	-0.01106771353	-0.1866415036	0.01666071292	0.1212895248	0.3929844377	0.03802486495	-0.1145136637	-0.1127196027	0.0375717035	0.0455297385	0.4126538336	0.4351452022	0.4426834633	0.038084728	0.04798308915	0.04446523525	0.3641999039	0.2540812784	0.3509848239	0.3556064166	0.04711134546	-0.1886452422	-0.1878255018	-0.1866566136	-0.1869216355	0.1485673848	0.05045740176	-0.001786416277	0.01837070785	0.825396809	-0.1877536265	0.5773364567	0.04178623815	-0.1154007889	0.0469361604	-0.01562228479	-0.01639663263	-0.114996869	-0.1148488293	0.3895702508	-0.1153258064	-0.1142965438	0.01441524672	-0.1139543341	-0.1874331947	0.04423541163	-0.1162276314	1.135422167	0.6631088227	-0.1877899405	-0.1883542972	-0.1872180574	-0.186825193	0.5777666511	-0.1154063738	-0.1887822026	-0.1870206093	-0.1159940607	-0.1881138412	-0.1880350967	-0.1882564748	-0.1160502673	-0.1166606388	-0.1862310105	-0.1143209038	-0.1886019389	-0.186941487	0.6581589747	-0.1874898726	-0.1841465188	-0.1897204206	-0.1148013961	-0.1874904112	0.3580445101	-0.1885641307	-0.1154027541	-0.1866484343	-0.1154715982	-0.1124686895	0.1892587797	0.3536533577	0.2224191767	0.2645291429	0.1935229534	0.3397325761	-0.1880733732	-0.1874019868	-0.1885352869	0.1335805366	-0.1882950671	-0.1876151489	0.6571630502	-0.1834207949	-0.1874882643	-0.1885898993	-0.186114824	0.2113526519	-0.1874588473	0.3410474985	-0.1842784206	-0.1130256273	0.3370563304	0.2090286244	-0.1861169435	0.2702415509	-0.1886057908	0.3377505164	-0.1879593582	0.6554431403	-0.1876034636	-0.1865257063	-0.1885215976	-0.1892832287	-0.1873666991	-0.187048356	-0.1846428014	-0.1889065126	-0.1139837459	-0.184973245	-0.1882817118	-0.1872139678	-0.1866727292	0.2684643028	-0.1821341622	0.1765668538	-0.1145152465	-0.1882677516	-0.1141582758	0.3302338202	0.240417775	-0.1860207411	-0.1124109119	0.2401951359	-0.1856782692	-0.183577999	-0.1568651756	-0.1845694074	-0.103069123	-0.1876900386	-0.1880105217	-0.1108832636	-0.1148079311	0.5746189513	-0.1118396449	0.03595576778	0.5702326104	-0.1841367323	-0.1868326952	-0.1852913846	0.5749237977	0.3589599655	-0.1156462775	-0.1141252649	-0.1150524069	0.5686227232	-0.113640496	-0.1143647052	-0.1870146246	-0.112586634	0.600551742	0.2941368286	-0.1149140525	-0.1884918511	-0.1877831181	-0.1849910469	0.3425130348	-0.1878876625	-0.1863854589	-0.1860377968	-0.1142422022	-0.1148999446	-0.1878324748	-0.1893580409	-0.1859793967	-0.1155201077	-0.1857068468	-0.1879703395	-0.1883137821	-0.1868000459
-0.1108966583	-0.1103563609	-0.01295625456	-0.007467560184	-0.1827555097	0.02103978187	0.1244585353	0.2981418863	0.04470733264	-0.1111199508	-0.1081781558	0.04375633217	0.05090071627	0.3145080736	0.338434365	0.3400128498	0.04427173867	0.05373895693	0.05093967451	0.3553854424	0.257917645	0.3363638285	0.3387439546	0.05416064191	-0.1830346768	-0.1822149363	-0.1818035929	-0.1818859272	0.1497593312	0.05325561345	0.005694023057	0.02166721801	0.5652937272	-0.1827179182	0.5427221053	0.04522203316	-0.1102825044	0.05312317107	-0.01247391838	-0.01441816518	-0.1106822721	-0.1111090895	0.3847091235	-0.1106443808	-0.1104073739	0.01927171143	-0.1107658729	-0.1828929435	0.05013499371	-0.1110490471	0.6631088227	0.8983481403	-0.1837198054	-0.1838934461	-0.1830267721	-0.1825080562	0.5446640345	-0.1113775039	-0.1836028922	-0.1822723296	-0.1112165367	-0.182662076	-0.1841491028	-0.1835131507	-0.1118737809	-0.1123833138	-0.1811159021	-0.1097774765	-0.1848596593	-0.1824012357	0.8296448474	-0.1830933356	-0.1798115192	-0.1848927407	-0.1109765403	-0.1823109886	0.3491490605	-0.1843907081	-0.1105718982	-0.181612726	-0.1118906588	-0.1082126908	0.1796515098	0.3414524792	0.2173980602	0.2592047179	0.1858943356	0.3322710934	-0.1833715449	-0.1823662785	-0.1839307215	0.1397594455	-0.1835467874	-0.1829311833	0.8225001743	-0.1788567236	-0.1830814053	-0.1826919052	-0.1819564875	0.1987281758	-0.1821178477	0.3314178349	-0.1800255979	-0.1077636285	0.3308914524	0.1963624678	-0.17955437	0.2660946964	-0.1836675439	0.3315856384	-0.1823384707	0.822018876	-0.1839254981	-0.1829271409	-0.1855622035	-0.1851741203	-0.1833369908	-0.1815021047	-0.1806670853	-0.1832165469	-0.10800719	-0.1794166716	-0.1832972121	-0.1821782595	-0.1830741639	0.2628683292	-0.1765879109	0.1668166637	-0.1101949337	-0.1832320433	-0.1095392176	0.3140589703	0.2388458017	-0.1806976042	-0.1078674846	0.2367548767	-0.1797008749	-0.178175462	-0.1523066623	-0.1798108057	-0.09875913224	-0.1831497873	-0.1827263581	-0.1055569507	-0.1108905695	0.5447327912	-0.1065776462	0.03861026517	0.5367429669	-0.1793884526	-0.1832341298	-0.1790162398	0.5415956849	0.3379500382	-0.1106774232	-0.1101566948	-0.1109401225	0.5358044036	-0.1082347829	-0.1111593958	-0.1819326634	-0.1086974641	0.7674339623	0.2803452363	-0.1116640538	-0.1833767427	-0.1839614383	-0.1808819385	0.336923014	-0.184209697	-0.1814342493	-0.1809957809	-0.1097138609	-0.1102922032	-0.1836411895	-0.1838961454	-0.1807102519	-0.1114872234	-0.1804377021	-0.1832220598	-0.1836298166	-0.1824829091
0.002657761235	0.003928825563	-0.009221195522	-0.007731359624	0.09076248028	-0.03808177079	-0.06903588414	-0.1283134069	-0.04518019538	0.00126364377	-0.001189008398	-0.0444066243	-0.02174798602	-0.1335154671	-0.1384779575	-0.1389521535	-0.04549266402	-0.0235803192	-0.02278674423	-0.1195194313	-0.09842293454	-0.1154030436	-0.1153223462	-0.02301491993	0.08832154321	0.08920814219	0.08908553295	0.09258828473	-0.06938971615	-0.045577137	-0.01442696328	-0.03271096887	-0.1950720811	0.08978801614	-0.191236891	-0.0382769577	0.001931241061	-0.02198266599	-0.01058719267	-0.01010772119	0.002171438751	0.001559753474	-0.1202041165	0.0009466605887	0.001453854502	-0.03673437959	0.002004866996	0.09238253586	-0.01927999615	0.002562867955	-0.1877899405	-0.1837198054	0.1070186822	0.09191791708	0.09062725269	0.09229901262	-0.1911036976	0.0001438048394	0.08861561358	0.09092931259	0.0004808396493	0.08898157254	0.08821311727	0.08772620527	0.00069221346	0.001304278514	0.08650374619	-0.001561596539	0.08934623258	0.08952984141	-0.1839127897	0.08914757366	0.08730479873	0.08967918588	-0.0007486602094	0.08947637428	-0.145764736	0.08835190597	-0.001558840632	0.08796810633	0.0006952726043	-0.001499061909	-0.07483884193	-0.1443444416	-0.1155499751	-0.1257678926	-0.08956798128	-0.1423161124	0.09098805581	0.08884622712	0.09171302568	-0.08004564433	0.08939028987	0.08885617956	-0.1833524709	0.08820734102	0.08783334972	0.08883595065	0.08784592634	-0.07779413326	0.08929845625	-0.1402254503	0.08614513193	-0.001901169389	-0.141108896	-0.07917448523	0.08767780544	-0.1273690337	0.08872926252	-0.1428578531	0.08598942702	-0.1824759955	0.08882134462	0.0882059267	0.08872229446	0.08920009985	0.08744437195	0.0861175436	0.08579252662	0.0880690069	-0.002234453054	0.08603694017	0.09021472234	0.08817196035	0.08934326843	-0.1262719959	0.08459113066	-0.07162135701	0.001261266997	0.0895613196	0.0005679450082	-0.1311863042	-0.1192625575	0.08668860756	-0.0007115968524	-0.1180377316	0.08594574658	0.0851327574	0.07357876608	0.08584051255	-0.005277352752	0.0881016917	0.08820928798	-0.001508785283	5.588210056e-05	-0.1909507767	-0.0008589013342	-0.0467343886	-0.1881358267	0.08593176693	0.08734508375	0.08773080069	-0.1902584131	-0.13698612	0.001003198725	-0.0007124943272	-0.0005685281015	-0.1890839181	-0.001222609414	0.0004510881617	0.08841027695	-0.0004968676942	-0.1524647642	-0.1290707807	0.001699406032	0.08769204872	0.08740985339	0.08558799542	-0.1432690493	0.09049092518	0.08872568961	0.08684539387	-0.0001623386432	-0.001124315224	0.08921237223	0.08767419375	0.08718650295	-6.639398139e-05	0.0867404813	0.08842158875	0.08715154621	0.08829845367
0.002119965453	0.002200462459	-0.01016739973	-0.007967367496	0.09149349911	-0.0379517439	-0.0674687143	-0.1275362687	-0.04374562381	-5.745305241e-05	-0.0007485268765	-0.04354690992	-0.02221679446	-0.1325771465	-0.1378549872	-0.1387776626	-0.04357295746	-0.02407914161	-0.02213585227	-0.1202516902	-0.09786176477	-0.1151507404	-0.1151923194	-0.02451974241	0.08923524971	0.09084042016	0.08927009892	0.09225228512	-0.07019220606	-0.04572342268	-0.01578807147	-0.03231547775	-0.1962517218	0.08983943686	-0.1921680764	-0.03848835153	0.001745982005	-0.02297364965	-0.01036744361	-0.009887972127	0.002064785857	0.002356539865	-0.1196708683	0.0002343913213	0.002323445141	-0.03569581405	0.00181960794	0.09153269743	-0.01992253286	0.001698010788	-0.1883542972	-0.1838934461	0.09191791708	0.1057659102	0.09253072036	0.09173476788	-0.192034883	0.00021983961	0.0904236336	0.09191088417	9.337824687e-05	0.0899273068	0.08912682376	0.08882987894	0.0005459277727	0.00112232701	0.08583659543	-0.002922704728	0.08884741016	0.08900640494	-0.1837990017	0.08991756586	0.08836038462	0.09025147168	-0.001534911215	0.09024636648	-0.1456736825	0.0884540755	-0.001992554911	0.08821405745	0.0007247289704	-0.003369919148	-0.07480178052	-0.1438222452	-0.1139863485	-0.1257308312	-0.08981834847	-0.1426562018	0.09128793176	0.09134079087	0.09143804444	-0.07890961737	0.08929799629	0.08905131457	-0.183704484	0.08754019026	0.08673505607	0.0902965927	0.088504232	-0.07799050834	0.08840964446	-0.1401883889	0.08520232803	-0.003208285467	-0.141736414	-0.07879600312	0.08681294827	-0.1270445437	0.08925807901	-0.1426230853	0.08704684781	-0.1827933504	0.08757933668	0.08825734742	0.08986943744	0.08910780628	0.08677722119	0.08545039284	0.08512537586	0.08668328466	-0.003882989835	0.08637578948	0.08943588504	0.08764852389	0.08991433406	-0.1252289344	0.08636712293	-0.07117220876	0.001402409902	0.09061874039	0.0002590897677	-0.1299455364	-0.1190817818	0.08697346476	-0.001587570043	-0.1182880988	0.08567076533	0.08547160671	0.07484140176	0.08483194109	-0.00350108258	0.08868899624	0.08943986538	-0.003548453586	-0.0005866546088	-0.1920256764	-0.003603160372	-0.04574391084	-0.1890138141	0.08569575906	0.08887149336	0.08677622134	-0.1911895986	-0.1371824951	0.002437770294	-0.0005713514225	-0.0007799219229	-0.1888653892	-0.001811154012	-0.0005680523505	0.08976240585	-4.311133681e-07	-0.1513822309	-0.1272691364	0.00137043268	0.08659375507	0.08896418462	0.08506455896	-0.143752853	0.09035965824	0.08963939611	0.08732795747	0.0004140532721	-0.003006288486	0.08825779287	0.08765685688	0.08594449501	0.0004896529077	0.08521104477	0.08861672377	0.08648439545	0.08781502857
0.001962776534	0.004055273684	-0.009031159982	-0.007693413527	0.0910488816	-0.03810893282	-0.06904366897	-0.1276934576	-0.04634595576	0.0007913581003	-0.0004078767703	-0.04557238468	-0.02208655479	-0.1334350441	-0.1384153973	-0.1379145594	-0.0463170037	-0.02366147335	-0.02329904126	-0.1195465934	-0.09715666791	-0.1150205008	-0.1157806512	-0.02381464556	0.0885032036	0.0885275168	0.08839433852	0.09119266677	-0.06905596632	-0.04598177362	-0.01407697454	-0.03464103166	-0.1952413335	0.08968224794	-0.1920378368	-0.03907668333	0.00216365027	-0.02407582028	-0.01109948971	-0.0116260183	0.003488454194	0.002564726274	-0.1202312785	0.00194548825	0.002354131056	-0.03757757453	0.002812133389	0.09137550851	-0.01993600748	0.001828250461	-0.1872180574	-0.1830267721	0.09062725269	0.09253072036	0.1078946754	0.09130638928	-0.1916172148	-0.0003684921971	0.09009070263	0.09333455251	0.0003673322157	0.08873209005	0.08954449203	0.08896011861	0.0002450245576	0.0009651380909	0.08697283517	-0.001930179279	0.08854650695	0.08942407321	-0.1822316191	0.09004780553	0.0883631489	0.08908828269	-0.000829814358	0.09023289186	-0.1466931572	0.08757831511	-0.0008563151664	0.08719458275	-3.934489007e-05	-0.002089965107	-0.07524639804	-0.1452728628	-0.1142872517	-0.1257443058	-0.08983182309	-0.1438193907	0.09026845706	0.08917160181	0.09142456981	-0.08048608646	0.08870966448	0.08846298276	-0.1819587289	0.08652071557	0.08686529575	0.08906016332	0.0873304533	-0.07829141156	0.08904897376	-0.1413337151	0.08699137169	-0.002072045723	-0.1423247458	-0.080390335	0.08708690224	-0.1277765898	0.08953203298	-0.14364256	0.08746451608	-0.1819445393	0.08842814783	0.08680672983	0.08928110563	0.08895061736	0.08834460382	0.08730520406	0.0864053299	0.08710095293	-0.002171892907	0.08736831493	0.09054009703	0.08882605172	0.09061943091	-0.1250986947	0.08534764824	-0.07118568338	-0.0004793505692	0.08888069422	0.0003893294405	-0.1313961539	-0.1195263993	0.08796599021	-2.018740989e-05	-0.1190201449	0.08766929086	0.08646413216	0.07488681484	0.08553703795	-0.005289428759	0.08853180732	0.08899524787	-0.001693642361	0.001268156616	-0.1914642939	-0.001604634851	-0.04689086093	-0.1886493439	0.08611342732	0.08853274422	0.08791246108	-0.1908648285	-0.137339684	0.0001248669351	-0.001015968934	-0.0003428764497	-0.1890225781	-0.001680914339	-0.0002940983817	0.08946150263	-0.0001576200325	-0.1513131293	-0.1292946111	0.001931815241	0.08758628052	0.08859751385	0.08677565589	-0.1439100419	0.09005875502	0.08833249282	0.08616476848	0.0001090439342	-0.001726334445	0.0902563184	0.08928525787	0.08810611203	0.00133846406	0.08548499874	0.08788467766	0.08718949231	0.08794526824
0.001477116288	0.002556988631	-0.009954587851	-0.008345651707	0.09269607215	-0.03746774234	-0.06784699851	-0.1271959814	-0.04541733668	0.002007405768	-0.0004082396076	-0.04564976568	-0.0227459433	-0.1339565865	-0.1384927783	-0.1390073882	-0.04610695611	-0.02414713359	-0.02292241573	-0.1188825392	-0.09795262039	-0.1146438752	-0.1145417399	-0.02401287721	0.08842582261	0.08917234468	0.08979863186	0.09080816854	-0.06952538766	-0.04552684971	-0.01499377767	-0.03459407557	-0.1951537605	0.08903000976	-0.190495258	-0.03857920715	0.00294855505	-0.02384290905	-0.01117687071	-0.01026625634	0.002548787422	0.00277477387	-0.1192797958	0.001884346157	0.003268346132	-0.03669520833	0.002447323801	0.09144184181	-0.01912823906	0.001944641549	-0.186825193	-0.1825080562	0.09229901262	0.09173476788	0.09130638928	0.106452172	-0.1902183502	0.0002726982869	0.08929475016	0.09239852313	0.0005311269348	0.08836728046	0.08961082533	0.08754305607	0.001029929337	0.0005456453639	0.08732659706	-0.002294988867	0.08904398314	0.08891554933	-0.1819824689	0.08910813876	0.08812764961	0.08944204458	-0.00105090965	0.08972436798	-0.1463393953	0.08843071002	-0.001508553346	0.08706638565	-0.000404154478	-0.002167346103	-0.07503635044	-0.1434771136	-0.1146520613	-0.1258216868	-0.09019663268	-0.1424596288	0.09105336184	0.0895253637	0.09134718882	-0.08000647307	0.08853862698	0.08781074458	-0.1815155645	0.08687811486	0.08779391482	0.08879651575	0.08624707223	-0.07879993544	0.08882787846	-0.1405618288	0.08648284781	-0.002293141014	-0.1418272696	-0.07946171593	0.08700952125	-0.1261293992	0.08799411978	-0.143719941	0.08652484931	-0.1814079605	0.08906933832	0.08687306313	0.08906001034	0.08815466488	0.08769236564	0.08665296589	0.08719023468	0.08659242904	-0.003249715963	0.08628493386	0.08931300167	0.08813252545	0.09084571741	-0.1254635043	0.08440798146	-0.07119001622	0.001455268579	0.08923445611	-0.0001654473203	-0.1294615348	-0.1196037803	0.08630775195	-0.0002412827018	-0.1196723831	0.0862984812	0.08681789405	0.07357459889	0.08632194273	-0.00387380878	0.08902928351	0.08866941165	-0.002052893938	0.000184775548	-0.190352858	-0.001107158664	-0.04727007452	-0.1876816223	0.0870420464	0.08759307745	0.08812250868	-0.1898042087	-0.1364074276	0.0004822662241	-0.0002310641537	-0.0004396346541	-0.1883422851	-0.001039723855	0.0002479091861	0.08876301157	5.242756352e-05	-0.1523353723	-0.1282222778	0.001710719949	0.08693404234	0.08751413278	0.08554856052	-0.1436999943	0.08911908825	0.08811139753	0.08694967326	-0.001261765726	-0.001510728837	0.08931665162	0.08762999484	0.08657221087	0.0005587504881	0.08583876063	0.08723243949	0.08682468272	0.08734308785
-0.1148882434	-0.1134677975	-0.01748895408	-0.01257511689	-0.190561878	0.01435136791	0.116173384	0.2958212753	0.03806655878	-0.1132253873	-0.1110470295	0.03850506116	0.04544359806	0.3191549888	0.3361742489	0.3458656916	0.03878067917	0.04636373155	0.04409166622	0.268251564	0.201059843	0.255963084	0.2537181505	0.04721655942	-0.1914635423	-0.1906438019	-0.1910557709	-0.1901234383	0.1511506779	0.0481321767	-0.003549488171	0.01587073558	0.6132201956	-0.1910991436	0.7612324495	0.03613811626	-0.1140648724	0.04685001996	-0.01671918931	-0.01722629315	-0.1131712114	-0.1135980289	0.2945096048	-0.114570463	-0.1140936677	0.01268075889	-0.1133203151	-0.191321809	0.0438618426	-0.1136792831	0.5777666511	0.5446640345	-0.1911036976	-0.192034883	-0.1916172148	-0.1902183502	0.8115178984	-0.1140577977	-0.192526947	-0.1917071952	-0.1149490834	-0.191633771	-0.1920031111	-0.1913622034	-0.114266646	-0.1158368621	-0.1903594133	-0.1128889131	-0.1923785989	-0.1914049585	0.5446846367	-0.1909336951	-0.1881145333	-0.1923156062	-0.1144714797	-0.1905961398	0.420758341	-0.1921010022	-0.1141144777	-0.1903798362	-0.1139164274	-0.1113241274	0.2595966143	0.4209660461	0.2776852722	0.3340229538	0.2481729037	0.3988503736	-0.1908122731	-0.1910349326	-0.1921682327	0.1310957172	-0.1920216693	-0.1917435516	0.5446065781	-0.1875325236	-0.1916643072	-0.191216845	-0.1899221824	0.2874978145	-0.1909480788	0.4047514495	-0.1888379663	-0.1119771394	0.3964647325	0.2816658878	-0.1898618434	0.3420347905	-0.1918075937	0.4011829188	-0.1923585155	0.542288785	-0.1919232207	-0.1899188635	-0.1921227832	-0.1924532715	-0.1910472849	-0.1912243989	-0.1892499871	-0.1921726295	-0.1125557696	-0.1888618593	-0.1920263441	-0.191038268	-0.1903533151	0.3324969704	-0.1857353479	0.2492152332	-0.1129713016	-0.1906072687	-0.1127580452	0.3837364381	0.3004161203	-0.1909471155	-0.1119372812	0.3000600889	-0.190812672	-0.1879938304	-0.1600780944	-0.1901182791	-0.1024057259	-0.1919621557	-0.1912123245	-0.1112076045	-0.1143819404	0.7576471237	-0.1103600141	0.03695185156	0.7320490058	-0.1877696781	-0.1908007096	-0.189707216	0.7447413475	0.4193838957	-0.114363717	-0.11355556	-0.1137164904	0.7377876037	-0.1127357224	-0.114184219	-0.1914137819	-0.1116651864	0.475438928	0.3725409258	-0.115062919	-0.1930513968	-0.1921028753	-0.1904605184	0.406807723	-0.192289845	-0.1901505435	-0.1892912541	-0.1137992699	-0.1139308568	-0.1920879178	-0.1927511982	-0.189436868	-0.1146947342	-0.1896915353	-0.1919383539	-0.1909089677	-0.1907180026
0.1028039096	0.1024532637	-0.02919746415	-0.03202743228	0.001324858175	0.01156991086	-0.04022277542	-0.06630229579	-0.009026541534	0.1036044799	0.1024452564	-0.009833827713	-0.07329941581	-0.07242063385	-0.07640504583	-0.07737218534	-0.00928501807	-0.07443892256	-0.07220820462	-0.05204717698	-0.03281896604	-0.04852708446	-0.04899980626	-0.07487952336	-7.110544995e-05	-0.0003342208428	0.0001074580565	-0.001365498911	-0.04194026711	-0.01157919759	-0.03323727863	0.00035957662	-0.1222986367	0.0009642245925	-0.1149095626	-0.02388927069	0.1022862118	-0.073046002	-0.02734352393	-0.027193465	0.10274873	0.1036932879	-0.07359835666	0.1022117641	0.1035822465	0.01090530191	0.1027909807	-0.0002168007556	-0.0740188855	0.1029568121	-0.1154063738	-0.1113775039	0.0001438048394	0.00021983961	-0.0003684921971	0.0002726982869	-0.1140577977	0.1346766433	0.0002269792809	-0.0004134712021	0.1076293557	0.0001577809958	-3.581709621e-05	-0.001241300575	0.121497602	0.1226048327	-0.004475759802	0.1181686694	-0.0004589449941	-0.0005873788036	-0.1101333452	-0.0006822179619	-0.0008022562432	-0.0002045978476	0.1073407478	0.002233439992	-0.08623574135	0.0001537204203	0.1055896754	6.600555679e-06	0.107987503	0.1039248826	-0.05316069918	-0.081941161	-0.03370983438	-0.0457417457	-0.0333984075	-0.08379311776	-0.001180137912	0.0004535784591	-0.0008863109336	-0.03326824861	-8.358864785e-06	-0.001404754953	-0.1106488987	-0.002484736373	-0.003002441969	0.0002716660608	-0.000500670223	-0.05103199805	-0.0002439067771	-0.08046301915	-0.003163794615	0.09905651592	-0.08373561579	-0.05614892171	-0.00364312125	-0.04748660107	-0.0009568148001	-0.08419114417	-0.002690650232	-0.110133694	0.0001412673704	-0.0007615791473	0.0002756536914	8.88797131e-05	-0.003966276928	-0.003999676612	-0.005043265068	-0.004276975899	0.1052800978	-0.003936565744	0.001247216498	-0.0009392597902	-0.001547735538	-0.04667699185	-0.002795517929	-0.05412998489	0.103523497	1.895657427e-05	0.1030524955	-0.0733818811	-0.04139212501	-0.003626319063	0.100533517	-0.03930501334	-0.003491875526	-0.004840748519	-0.007105352235	-0.004186985473	0.09866171056	0.0001012125618	-0.0004813583261	0.09838890784	0.1025404326	-0.1141923054	0.09823049812	0.006795744133	-0.1137117202	-0.004472881873	-0.0003569150612	-0.0032487053	-0.1147933705	-0.07961283979	0.1101637149	0.1006874499	0.1076645942	-0.1108883038	0.09987879019	0.1042836064	-2.134507567e-05	0.1038452275	-0.1126583025	-0.04717634793	0.1200186638	-0.003862314456	-0.0004079380909	-0.004241796197	-0.08488976897	-0.00239584002	-0.0003855305296	-0.003559254939	0.1079642559	0.1188036572	-0.001192276577	-0.000496808688	-0.003074431558	0.12105778	-0.004813881867	-0.001264488572	-0.003971674074	-0.001243909359
-0.0004637665696	-0.0005269838596	-0.01059541731	-0.0111259567	0.09077805293	-0.03895461867	-0.06974564052	-0.129761112	-0.04546707005	0.001055375254	0.0006312633921	-0.04627435623	-0.02211620774	-0.1344423071	-0.139516484	-0.1398107094	-0.04558183229	-0.0242197306	-0.02227644126	-0.1185239934	-0.09771492517	-0.1151476151	-0.1150454798	-0.02491573224	0.09340608959	0.09443640287	0.09186008155	0.08995598169	-0.06986962441	-0.04701372604	-0.01463523179	-0.03289272257	-0.1962165687	0.09084856224	-0.1925640663	-0.04049722636	0.001605393014	-0.02239566716	-0.009613719064	-0.008846818993	-8.780327753e-05	0.0005693260588	-0.1201826508	0.0005249452183	0.0004862062327	-0.03875694184	0.0003855902853	0.09268553711	-0.01991940755	0.0009865789791	-0.1887822026	-0.1836028922	0.08861561358	0.0904236336	0.09009070263	0.08929475016	-0.192526947	0.0002269792809	0.1151208398	0.09012157284	-0.0005246065088	0.1029835429	0.09085452062	0.0889816742	0.0009803080988	-0.0003476876454	0.08583972073	-0.002201007943	0.08899424976	0.08929695884	-0.1835084478	0.09150154842	0.0890820814	0.08924859691	-0.0005257858378	0.0899620632	-0.1477942439	0.08967440532	-0.002388544737	0.08968635347	0.0001959720329	-0.002935650955	-0.07709808396	-0.1447930922	-0.1163943385	-0.1273085632	-0.09064548118	-0.1449204774	0.1013510578	0.1015476312	0.1010700276	-0.08016789298	0.089013693	0.08991672565	-0.1828978291	0.08585606209	0.0860196099	0.08932163956	0.08862618146	-0.07985566889	0.0884907165	-0.1418778074	0.08513968577	-0.003029418109	-0.1429946896	-0.08118481231	0.09745093148	-0.1287659899	0.0905083801	-0.1437376466	0.08590025875	-0.1823590822	0.08959446213	0.0889790442	0.08976087621	0.08896721729	0.0864929179	0.08574094674	0.08469735828	0.08726126715	-0.003444707276	0.0858040576	0.09047132882	0.08693307771	0.08804917352	-0.1272378092	0.08395913296	-0.07296432115	0.0006869637269	0.1017198942	-7.146639606e-05	-0.1310409169	-0.1216655138	0.09833001944	-0.003021587697	-0.1202969736	0.08469991833	0.08475616053	0.0734673335	0.08440392351	-0.004328215294	0.08955440732	0.08983412221	-0.00427188337	-0.0008197493534	-0.1924216663	-0.003312606475	-0.04760907138	-0.1895023096	0.08469288429	0.08947949501	0.08623651721	-0.1915855884	-0.137754227	0.001147466935	-0.002867654853	-3.88479295e-05	-0.1899108723	-0.00310145737	-0.0002774984535	0.09086899264	0.0005096862914	-0.152414216	-0.1292859948	-0.001069585046	0.08530345171	0.08918897096	0.08535511286	-0.1451548429	0.0883507834	0.09036109289	0.08664855342	-0.000154647115	-0.003578020364	0.08869206107	0.08872016602	0.086685569	0.0004006740231	0.08550159867	0.08933842055	0.08620009216	0.08864042829
0.002447653267	0.003148008903	-0.008213853211	-0.007882106828	0.0910797518	-0.03822177691	-0.06858165588	-0.1278106907	-0.04502165689	0.0002473711231	-0.0008748455888	-0.04525408588	-0.0233046374	-0.1332104573	-0.1387757266	-0.1399858306	-0.04571127631	-0.02353987442	-0.02289001374	-0.1189180023	-0.0976327898	-0.1148989018	-0.115084195	-0.02383676092	0.08781550233	0.08798716722	0.08856892302	0.09163499123	-0.06972080395	-0.04584974139	-0.01453023279	-0.03374787568	-0.1954928911	0.08992469753	-0.1919841029	-0.03840309086	0.002262385561	-0.02366679276	-0.01042589723	-0.01095242583	0.003587189485	0.003170453665	-0.1202813155	0.001545215569	0.001690134329	-0.0380999493	0.002555575003	0.09248024388	-0.01967069425	0.002214414344	-0.1870206093	-0.1822723296	0.09092931259	0.09191088417	0.09333455251	0.09239852313	-0.1917071952	-0.0004134712021	0.09012157284	0.107704672	-0.0002987568501	0.08933781744	0.08813821928	0.08808245016	-0.0004426767156	0.0006327304939	0.08772227686	-0.001899309072	0.08843366286	0.08859265764	-0.1827527424	0.08864153278	0.08694063724	0.0889754386	-0.001162221955	0.09098233355	-0.1473129934	0.08904632827	-0.001907294243	0.08731835115	-0.002451617715	-0.002278658408	-0.07579038501	-0.144455556	-0.115913088	-0.1257892848	-0.09109438155	-0.1438643698	0.09094204954	0.08869547992	0.09152330511	-0.08011778537	0.08945910617	0.08913657524	-0.1824798523	0.08762908833	0.08610174526	0.08793871033	0.08892074272	-0.07912282713	0.09051698692	-0.1408216997	0.08673481331	-0.00168588184	-0.1423697248	-0.0802157505	0.08769262963	-0.1281089974	0.08982694254	-0.1431126818	0.08856925144	-0.182178234	0.08946501811	0.08726874293	0.09067326959	0.08991163843	0.08866290262	0.08733607427	0.08744220018	0.08741925173	-0.0021410227	0.08682432796	0.09013982435	0.08770720755	0.0915125869	-0.126724531	0.08544638353	-0.07136919361	5.052760974e-05	0.08854828662	0.00109251825	-0.1298602757	-0.1204336641	0.08799686041	0.0002981113888	-0.1196399811	0.08741273247	0.08620757377	0.07422422763	0.08556790815	-0.00568970144	0.08762454254	0.08823169738	-0.0009442006748	0.0002171775389	-0.19141056	-0.001505899561	-0.04709579313	-0.1885956101	0.08534987684	0.08853569279	0.08808704558	-0.1908619108	-0.1373810256	0.000227239623	-0.002210662306	-0.0005994348349	-0.1892562728	-0.002013321936	-0.0008380853589	0.09073954862	-0.000881138989	-0.1515085496	-0.1289084472	0.00153154256	0.08819200791	0.0904966699	0.0866628118	-0.1445298781	0.09159463328	0.0892256488	0.08698207525	-0.002198971309	-0.001340170562	0.09107362517	0.08905031169	0.08756212505	-0.001293372272	0.0869530119	0.09007126231	0.08722036251	0.08861886072
0.1037809097	0.1019931209	-0.02836417832	-0.0327750037	0.0004335724556	0.01269062528	-0.04049295108	-0.06618758143	-0.009153002897	0.1028969199	0.1026062237	-0.01010400337	-0.07335551372	-0.07269080951	-0.07653150719	-0.0777416112	-0.009698908025	-0.07416030932	-0.07252463316	-0.05207617693	-0.03179571304	-0.04894097441	-0.04869512473	-0.07390252323	-0.000772423997	0.000257889274	-0.0004963990715	-0.001394498855	-0.04276511536	-0.009960902811	-0.03269142139	-0.001201192788	-0.1230462081	0.0007915103525	-0.115657134	-0.02377455634	0.1029757834	-0.07321871624	-0.02798936501	-0.0280819158	0.1032945872	0.1032331451	-0.07442320491	0.1030010822	0.1024035321	0.01189718802	0.1030494093	4.162789239e-05	-0.07419159974	0.1036463836	-0.1159940607	-0.1112165367	0.0004808396493	9.337824687e-05	0.0003673322157	0.0005311269348	-0.1149490834	0.1076293557	-0.0005246065088	-0.0002987568501	0.1389477932	-0.0002561089593	7.889725576e-05	-0.002405128903	0.1069494438	0.1078595245	-0.004504759746	0.1052053828	-0.000919087826	0.0002459070283	-0.1106909495	-0.001383536509	-6.643183047e-05	-0.001670740751	0.1254197491	0.00105472568	-0.086388271	-0.002462136851	0.1227089296	0.0001675677845	0.1251746222	0.1110815975	-0.05462684209	-0.08223740494	-0.0348885487	-0.04648931712	-0.03428969322	-0.08365821881	-0.0004905663758	-0.0001040257919	-0.001490168062	-0.03413934973	0.000440036956	-0.0001403262329	-0.1111090415	-0.002036340552	-0.002025441842	-0.0005733667823	-0.0007194365578	-0.05062985511	-0.0002266538442	-0.07932212013	-0.003747467151	0.09919141486	-0.08431928833	-0.05602547334	-0.003384692602	-0.04895274398	0.000753642791	-0.08348138804	-0.003248254483	-0.1104038697	-0.0006063040535	-0.002658864939	-0.0007130934476	0.000347308361	-0.003995276872	-0.003818524791	-0.005072265012	-0.003731118659	0.1213672836	-0.003678137096	-2.89592334e-05	-0.001743004548	-0.001145592594	-0.04785570616	-0.002778264996	-0.05344041335	0.1039256399	-0.0002974719617	0.1020323814	-0.07439669652	-0.04213969643	-0.003799033303	0.1000733742	-0.03976515618	-0.003330908297	-0.004705849575	-0.00769392255	-0.003784842529	0.09761192343	-0.0003589302702	-0.0009989512107	0.09883106215	0.1025576855	-0.115514734	0.09805778388	0.00721807167	-0.1150341488	-0.002731057389	-0.000749192809	-0.003133990948	-0.1156846562	-0.0809150838	0.1104221436	0.09967263447	0.1242089912	-0.1103424466	0.09977251342	0.102720002	-0.0004666019243	0.1038624805	-0.1127732541	-0.04831505087	0.1071990915	-0.004178742992	-0.002448938179	-0.00453804014	-0.08461115573	-0.0011314113	-0.000267981263	-0.003829430598	0.1247960814	0.103848555	-0.001221276521	-0.001085779833	-0.002913464329	0.107899169	-0.005130310403	-0.0006723784554	-0.004000674018	-0.000226897865
-0.0006726647849	0.000126403701	-0.01123545841	-0.009897711958	0.09042544042	-0.04060065985	-0.06995453874	-0.1282454386	-0.04395139672	0.0008464770388	0.0002274423386	-0.04360896853	-0.02256628167	-0.1339326338	-0.1390347324	-0.1391573218	-0.04406615896	-0.02428491452	-0.02219791088	-0.1181580344	-0.09749268049	-0.1140630847	-0.1145358065	-0.02498091616	0.0923349056	0.09370663958	0.09366318348	0.0880650642	-0.06979109403	-0.04473692895	-0.0151315586	-0.03324533508	-0.195994324	0.09107080691	-0.1919106787	-0.04070612458	-0.0001843624568	-0.02246085108	-0.009822617279	-0.009774288688	-0.0005841300848	-7.071504446e-05	-0.1197008992	-0.0007801737102	-0.0004691850971	-0.03992558725	3.297777401e-05	0.09233292459	-0.02041573436	-0.0009509051538	-0.1881138412	-0.182662076	0.08898157254	0.0899273068	0.08873209005	0.08836728046	-0.191633771	0.0001577809958	0.1029835429	0.08933781744	-0.0002561089593	0.1158526456	0.08920847945	0.08876782032	0.0004838691585	-0.00113545741	0.08534339392	-0.00269733475	0.08892906584	0.08880063203	-0.1824239174	0.0914363645	0.08959175467	0.08918341299	-0.000878398349	0.09032802217	-0.1472845706	0.08989664999	-0.00302858584	0.08899549626	0.0002745024096	-0.00242597769	-0.07500755344	-0.1457205619	-0.1163158081	-0.1275174614	-0.0907106651	-0.143835947	0.1007110167	0.1003327329	0.09985512929	-0.08023307689	0.08794250901	0.08841439877	-0.1824384558	0.08805298883	0.08566699739	0.0886962291	0.08942328332	-0.07877113844	0.08943153265	-0.1415118484	0.08564935904	-0.0041006021	-0.1432035878	-0.07972034751	0.09709831897	-0.1285437453	0.08977087758	-0.1435154019	0.08669736061	-0.1819931232	0.08909813532	0.08991986035	0.08797112073	0.08976431914	0.08628401969	0.08452604845	0.08405731718	0.08604636887	-0.00394504845	0.0853077308	0.09078607925	0.08734032476	0.08640313234	-0.1270155646	0.08549955709	-0.0718797907	0.001052922696	0.1009361388	0.001059316929	-0.1307261665	-0.1208684119	0.09812112123	-0.003517914504	-0.1202184432	0.08420359152	0.08339754795	0.07398005119	0.08476988248	-0.003581413441	0.08833950903	0.0893377954	-0.004049638697	-0.000361284631	-0.1916245644	-0.003665218986	-0.04753054101	-0.1891875592	0.08666445131	0.08794924649	0.08559647611	-0.1912196294	-0.1368134108	0.001082283016	-0.002789124476	0.0006145396311	-0.1900451344	-0.003597784178	8.846051515e-05	0.08984406153	0.001306788148	-0.1509887633	-0.1286326073	-0.001134768966	0.08653169645	0.08869264416	0.08399650027	-0.1446451696	0.087567028	0.09029590897	0.08677864955	0.0008225615354	-0.00378691858	0.08848316285	0.08917565552	0.08719524226	4.806151183e-05	0.08471784327	0.08898580804	0.08613490824	0.08986867303
-0.000147691397	0.0002667544355	-0.01071048503	-0.01023502435	0.08951327085	-0.03935711498	-0.06914213676	-0.1289416397	-0.04558213777	0.001515164723	-0.0003114217191	-0.04495228099	-0.02266241834	-0.1344136605	-0.1391166439	-0.139365212	-0.04483461423	-0.0249096555	-0.02282265186	-0.1203636326	-0.09969827873	-0.1168435401	-0.1164539761	-0.02491911342	0.08998559307	0.08929133479	0.08949210533	0.08869119961	-0.07073529136	-0.0456916508	-0.01590001388	-0.03459578515	-0.1956450927	0.08958378015	-0.1925674474	-0.0398937226	0.000771753819	-0.02318278612	-0.01004824313	-0.009856200241	0.0003719861911	0.0001668297515	-0.1215073823	0.000122448911	0.0009180740667	-0.03887200956	0.001132808346	0.08840275481	-0.02075304675	0.000580068306	-0.1880350967	-0.1841491028	0.08821311727	0.08912682376	0.08954449203	0.08961082533	-0.1920031111	-3.581709621e-05	0.09085452062	0.08813821928	7.889725576e-05	0.08920847945	0.1117217401	0.08728574923	0.0004339853625	0.0001080874574	0.08543722442	-0.002028647066	0.08945403923	0.09809217748	-0.1834798012	0.08898985791	0.08810472791	0.0889898149	0.0003651465188	0.09013442407	-0.148228768	0.08869705183	-0.001960783025	0.09753644247	0.0002640012336	-0.003481861558	-0.07577600871	-0.1462336164	-0.1169725768	-0.1275673452	-0.09122371954	-0.1443490014	0.08729570335	0.08734856247	0.08931410188	-0.08088984563	0.0991023403	0.09756222992	-0.1834943397	0.09461396265	0.09524597142	0.09852007945	0.0876631284	-0.07853359364	0.08909422026	-0.1421686172	0.08459347517	-0.00288908499	-0.143572928	-0.08015016565	0.08598243438	-0.1291684862	0.08953102661	-0.1444595992	0.08607261963	-0.18348015	0.08995705753	0.08876678243	0.08961378073	0.08842100668	0.08537185011	0.08562587902	0.08472600486	0.08628391366	-0.003707503654	0.08497041841	0.08977426631	0.08782401007	0.08692810573	-0.128358877	0.09372832391	-0.07077996013	0.001146753196	0.08921336932	3.700419134e-06	-0.1317308418	-0.1214931529	0.08628666516	-0.002274369637	-0.1206994699	0.09475653787	0.09441366495	0.08220260274	0.09377399933	-0.003488644634	0.09949934032	0.09733591218	-0.004131550251	-0.0002162455888	-0.1921376189	-0.003140245598	-0.04700556762	-0.1895588889	0.09320067434	0.09709707764	0.08594570745	-0.1915889696	-0.1378692947	-0.0004047437399	-0.0009707224247	-1.020134884e-05	-0.1895521888	-0.002497953606	-0.0001051375768	0.08946049626	-0.0001337183733	-0.1494980532	-0.1300079475	-0.0007535098736	0.08619438407	0.08792418888	0.08480890225	-0.1457330812	0.08809200139	0.08837773933	0.0857788721	-0.0003047740794	-0.003405659488	0.08828956476	0.08913072739	0.0858519298	0.0009525676814	0.0835182451	0.08879220995	0.08637245304	0.0873756462
-0.001496889172	-0.0006272096154	-0.01243961715	-0.01115307923	0.0882442651	-0.04049198739	-0.06967527631	-0.1294285517	-0.04552104293	-0.0008400331238	0.0005854041612	-0.04632832911	-0.0224889761	-0.1348031111	-0.1394714012	-0.1400420911	-0.04633908588	-0.02561338502	-0.0229515242	-0.1207993361	-0.09999522355	-0.1152209905	-0.1161760638	-0.02533541435	0.08839521958	0.08803959844	0.08795267303	0.08751618354	-0.07047927369	-0.04819426354	-0.01502288614	-0.03347496423	-0.196441328	0.08995915393	-0.1916391112	-0.04119171183	-0.001152301139	-0.02310223749	-0.01120251807	-0.00986076081	-0.001264640175	0.0006128145989	-0.1203890788	-0.0004619245068	-0.0005748380039	-0.03912971021	-0.001222389501	0.08813016817	-0.02160049056	-0.001918843836	-0.1882564748	-0.1835131507	0.08772620527	0.08882987894	0.08896011861	0.08754305607	-0.1913622034	-0.001241300575	0.0889816742	0.08808245016	-0.002405128903	0.08876782032	0.08728574923	0.1182888855	-0.0004328609819	-0.001626000328	0.08703292364	-0.004240130617	0.08901833578	0.08804701872	-0.1836549264	0.08792782137	0.08823892597	0.09008376016	-0.002063154553	0.09058040892	-0.148213926	0.1055320795	-0.003120013627	0.0884510309	-0.0005684191681	-0.004204993607	-0.07736142654	-0.1462187744	-0.1150351569	-0.1275525032	-0.09087024045	-0.1451452367	0.08829714286	0.08855937167	0.08760437229	-0.08073128938	0.0873082518	0.08606052567	-0.1829383902	0.08529771048	0.08534452696	0.08863682907	0.1034803956	-0.08123974235	0.08999819835	-0.1425849181	0.0857580315	-0.003736528806	-0.1434143717	-0.08016828552	0.08484756198	-0.1287225014	0.08855475448	-0.1446809773	0.1017279617	-0.1829367037	0.08911986004	0.0894342731	0.08893690156	0.08972927731	0.08732808115	0.08654925963	0.08646541837	0.08757278176	-0.004123804582	0.08512897467	0.08915693107	0.0871471309	0.1031120521	-0.1277691779	0.08412464315	-0.07285016646	-0.001064730355	0.08901388591	-0.0003199229925	-0.1320363902	-0.1213345967	0.08687636431	-0.002259527677	-0.1195349136	0.08353730655	0.08451222048	0.0722732797	0.08473484064	-0.004002753471	0.086991636	0.08913468107	-0.004404136883	-0.0009772951229	-0.1916404255	-0.004418832303	-0.04859098544	-0.188230382	0.08461950889	0.08869570701	0.08711026377	-0.1906606333	-0.1385218157	0.0002580586292	-0.002319920199	-0.0005627434329	-0.1886984886	-0.004305144617	-0.0014811857	0.09042561321	0.0007237394764	-0.15238787	-0.1294182483	-0.001527850464	0.1015866557	0.103297058	0.1009197454	-0.1458619536	0.1018328047	0.08995403602	0.1019165656	-0.000981653251	-0.004253103304	0.1028926538	0.1044008443	0.08838799901	-0.0001500971487	0.1000602311	0.104447552	0.08646039823	0.08933187724
0.1029862834	0.1029230662	-0.0282965188	-0.03123028059	-0.0003610538056	0.01333314198	-0.04071905239	-0.06643889002	-0.007941961254	0.1044017223	0.1023247141	-0.009324104616	-0.07272788301	-0.07320433942	-0.07618275133	-0.07772474802	-0.008631580677	-0.07468769158	-0.07245697365	-0.05182488248	-0.03331524302	-0.04902336143	-0.04949608323	-0.07484086379	0.0002549827127	0.0007104387998	0.0005772605151	-0.0001161066123	-0.0418616869	-0.01010339506	-0.03319861906	0.0005419504867	-0.1226511994	0.0008591698672	-0.1148309823	-0.02284461105	0.1031871572	-0.07208086229	-0.02734684831	-0.02701109113	0.103505961	0.1040193761	-0.07380720505	0.102394138	0.1030460488	0.01266853303	0.1042667832	-0.0004655697768	-0.07426765452	0.1042929147	-0.1160502673	-0.1118737809	0.00069221346	0.0005459277727	0.0002450245576	0.001029929337	-0.114266646	0.121497602	0.0009803080988	-0.0004426767156	0.1069494438	0.0004838691585	0.0004339853625	-0.0004328609819	0.1356274494	0.121250375	-0.004293385935	0.1176324718	-0.0004202854233	-0.0009798621208	-0.1106296222	0.001655870345	0.0001097781694	-0.0008845097568	0.1075231217	0.0008349566028	-0.08658830403	-2.755846189e-05	0.1063469065	-0.0003858827615	0.1080940276	0.1045383994	-0.05380069046	-0.08262107291	-0.0338643907	-0.04695659415	-0.03461325596	-0.08443310903	-0.0009620339714	0.001354523806	-0.000560222771	-0.03351701763	-0.0009756993659	-7.266671814e-05	-0.1113235481	-0.00359579117	-0.003969782471	0.0008851828154	-0.0005080627471	-0.05128076707	0.0003696099776	-0.08085550247	-0.005280849484	0.09895146119	-0.08466303565	-0.05630656155	-0.004283112521	-0.04726430657	-0.0004870123414	-0.08540599263	-0.004663990805	-0.1103425424	-0.0003949302428	-0.001297776761	0.00074545615	-0.0004473179001	-0.004502474541	-0.004392159929	-0.00568325634	-0.002513744776	0.1048916288	-0.00476019195	0.001624513202	-0.001044314515	-0.001796504559	-0.04717326882	-0.002444678971	-0.05419511897	0.1035621566	0.001207330513	0.1037009483	-0.07468923531	-0.0413135448	-0.003443945196	0.09956617654	-0.03951386173	-0.005034073211	-0.005664374724	-0.005997445951	-0.004148325902	0.09845222365	-0.0008661279393	-0.0008338302768	0.09850749942	0.1030614436	-0.1146885824	0.09816536404	0.007984118072	-0.114353701	-0.004840614395	0.0003721068757	-0.003497474322	-0.115095117	-0.08072389458	0.1091963744	0.1004386809	0.1082781109	-0.1114012548	0.09876773539	0.103891123	0.0008796002709	0.1046783078	-0.1121905633	-0.04734518494	0.1209196092	-0.004254797773	-0.0006567071122	-0.005352850994	-0.08596090313	-0.001638608969	0.0006591291129	-0.002510580931	0.108290344	0.1169740309	-0.001872188487	-0.0003951503161	-0.003323200579	0.1200904395	-0.005206365185	-0.0009384004095	-0.002639585839	0.0007030474256
0.1043202275	0.1032510102	-0.02714526238	-0.03227465924	0.0006454503216	0.01146639818	-0.04051001375	-0.06683695134	-0.008882636981	0.1050529527	0.1020913219	-0.009402494567	-0.07329495663	-0.07285158649	-0.07726714135	-0.07765942367	-0.009572256404	-0.07415130371	-0.07177687148	-0.05262184391	-0.03324991867	-0.04967660857	-0.04939074752	-0.07401704733	0.00127257126	0.0004345986833	1.451443369e-05	0.000118180894	-0.04251493403	-0.01114786445	-0.03247850553	0.0003597668777	-0.1233044465	0.0002858547367	-0.1165449127	-0.02370535477	0.1031340161	-0.07298479339	-0.02752903192	-0.02787183485	0.10445882	0.1031039492	-0.073885595	0.1023555172	0.1027991357	0.011279185	0.1031575842	0.0001998606174	-0.07373126665	0.1035893068	-0.1166606388	-0.1123833138	0.001304278514	0.00112232701	0.0009651380909	0.0005456453639	-0.1158368621	0.1226048327	-0.0003476876454	0.0006327304939	0.1078595245	-0.00113545741	0.0001080874574	-0.001626000328	0.121250375	0.1341413111	-0.004475569544	0.1187437169	-0.0008898976244	-0.0002997599539	-0.1112328115	0.0003239723676	-0.001089494578	8.302100197e-05	0.1082432352	0.0004053557683	-0.0870588635	-0.000198247475	0.1062147807	-0.002580066514	0.1077681297	0.1055559879	-0.05340896415	-0.08290799745	-0.03390804156	-0.04579623858	-0.03393410106	-0.0847599542	-0.0006197622427	-8.107710065e-05	-0.0006133638566	-0.03441777272	0.0004404101397	-0.0003585532567	-0.1121795079	-0.002915689003	-0.001946193851	0.0001281420224	-0.002414817908	-0.05066539447	0.0004212098195	-0.08056756982	-0.003217249498	0.1000627062	-0.08527730942	-0.05625347238	-0.00263693092	-0.04739737966	-0.001251445399	-0.08501426632	-0.001921830706	-0.1112832181	-0.0002896852599	-0.003060817625	0.0003259017375	-0.0006295015092	-0.003772314586	-0.002655999902	-0.004130731246	-0.003364442077	0.105905203	-0.003167746218	0.0005288352753	-0.00137021242	-0.001131074165	-0.04673148473	-0.002601555587	-0.05394710697	0.1026614015	-3.449830908e-05	0.10281151	-0.07477986043	-0.0408717607	-0.002620128733	0.1008711937	-0.03907207763	-0.002159283236	-0.004071928993	-0.00684869945	-0.002987023059	0.09665797451	-0.000865623884	-0.0004594594912	0.100174867	0.1045926343	-0.1159713698	0.100149032	0.008416803013	-0.115203356	-0.003416633755	-0.002109505469	-0.001865017224	-0.1164287206	-0.08144196201	0.1088704765	0.1018874123	0.1075711279	-0.111603406	0.1010286948	0.1050629949	0.0008727120621	0.102983132	-0.1134477502	-0.04683861618	0.1203852674	-0.002662352042	-0.0008388907212	-0.003760405263	-0.08600031972	-0.0003983213912	-0.000241625976	-0.002696778906	0.1079644461	0.1187101909	-0.0008145885727	-0.001444575366	-0.003167897808	0.1212416959	-0.004907348117	-0.002414012682	-0.003777711732	-0.001071429419
-0.002575633959	-0.002207708361	-0.01198871322	-0.009932395284	0.08694161399	-0.04006048599	-0.06785288483	-0.1295012965	-0.04470465152	-0.003212206575	-0.003940287191	-0.04594308059	-0.02279093217	-0.1356290137	-0.1404679754	-0.1406434402	-0.04762308861	-0.01986445467	-0.0228074514	-0.1196298607	-0.09752736382	-0.1153911967	-0.1154327756	-0.02030505548	0.08755765051	0.08628853505	0.08759249972	0.08751654205	-0.06856437645	-0.04592132664	-0.009705098681	-0.03689939063	-0.1937616064	0.08586240893	-0.1903965325	-0.03944737924	-0.002374760223	-0.02510474355	-0.01386595913	-0.0125715714	-0.002630813555	-0.001973684218	-0.1193364674	-0.002449207947	-0.003090725751	-0.03971909486	-0.003019705768	0.08683709802	-0.02016298909	-0.00314130292	-0.1862310105	-0.1811159021	0.08650374619	0.08583659543	0.08697283517	0.08732659706	-0.1903594133	-0.004475759802	0.08583972073	0.08772227686	-0.004504759746	0.08534339392	0.08543722442	0.08703292364	-0.004293385935	-0.004475569544	0.1231055704	-0.0002888750445	0.1003915262	0.08445451983	-0.1808777434	0.08522196645	0.08366478521	0.09935244468	-0.004218510483	0.08598190996	-0.1461386924	0.08555053778	6.641758831e-05	0.08389878482	-0.003788572832	-0.001454660945	-0.07461109387	-0.1453561301	-0.1127896618	-0.1253964303	-0.08747194738	-0.1424655151	0.08616118946	0.08477690561	0.08694903433	-0.08116207375	0.08518364137	0.08507428664	-0.1802083686	0.08338366289	0.08980002865	0.08363154542	0.08415608254	-0.08139267909	0.0869537063	-0.1411474166	0.09193810474	0.002587258728	-0.1416894417	-0.07975503084	0.09318334965	-0.126853857	0.09995653139	-0.143582113	0.09126153475	-0.180303235	0.1004168814	0.09850803479	0.09839555326	0.1000770651	0.1045010519	0.1066233667	0.105436064	0.1048382583	0.00119398288	0.09102161931	0.08542682935	0.08845535581	0.08536244894	-0.1253256763	0.08317927755	-0.07090847395	-0.003005760918	0.08491714091	-0.005057619705	-0.1314794213	-0.1184599522	0.09190672318	0.002052259713	-0.1168039835	0.08974173798	0.09169829379	0.07150984209	0.09034005669	-0.006999598108	0.08586168267	0.08571025467	0.0006262219865	-0.002120539509	-0.1902541325	0.002336098119	-0.04972093877	-0.1870032757	0.0861738743	0.08403702316	0.0937214799	-0.1893672386	-0.1385097907	-0.004269829261	0.0007690495969	-0.005331807039	-0.1883872739	0.001972390039	-0.002245651547	0.0868888394	-0.005866240461	-0.1513963966	-0.1288430326	-0.003900023915	0.09196454368	0.08570283562	0.09157867463	-0.1435621663	0.08710120179	0.08537493958	0.08593778687	-0.006756716929	0.0009209698616	0.08672390797	0.08599402316	0.09116518202	-0.004637089392	0.09201258904	0.0859331245	0.1052142263	0.09816941887
0.1008110796	0.09931071936	-0.02932200827	-0.0320082621	-0.001242828978	0.01015670208	-0.03917822796	-0.06556455413	-0.007570228401	0.1011805071	0.1003087122	-0.007946371691	-0.07116651515	-0.07118887431	-0.07552358988	-0.0760595865	-0.008834705008	-0.07053946639	-0.07103932008	-0.05130943533	-0.03021293854	-0.04949247631	-0.04969920756	-0.07040521001	-0.000770506756	-0.002129344405	-0.001597943321	-0.002105043875	-0.03976538249	-0.01094261796	-0.02847553669	-0.003338447693	-0.1206986092	-0.001890891153	-0.1138843923	-0.02300781474	0.1010119533	-0.07175575498	-0.03009690933	-0.02947372356	0.1006121857	0.0995447435	-0.07300432931	0.09998499921	0.09957741634	0.01078075779	0.1007981507	-0.001922202134	-0.07299371525	0.09952683917	-0.1143209038	-0.1097774765	-0.001561596539	-0.002922704728	-0.001930179279	-0.002294988867	-0.1128889131	0.1181686694	-0.002201007943	-0.001899309072	0.1052053828	-0.00269733475	-0.002028647066	-0.004240130617	0.1176324718	0.1187437169	-0.0002888750445	0.1370144124	-0.003026632148	-0.002149065886	-0.1081021749	-0.003249905116	-0.003657371989	-0.004496856553	0.1052042035	-0.002489961602	-0.08557883899	-0.004071048146	0.1093454173	-0.004573086742	0.1029008236	0.1104111961	-0.05170438605	-0.08220941942	-0.03081637829	-0.0429920039	-0.03079238	-0.08262423322	-0.002454396402	-0.00369496595	-0.003678551675	-0.03597965006	-0.003438331794	-0.002679013443	-0.1086523865	-0.003040423383	0.00219044286	-0.003834326071	-0.004695266727	-0.0501505421	-0.001949308155	-0.08001270609	0.0005919472543	0.1051116865	-0.08357273132	-0.05512375146	0.0001126206193	-0.04545543076	-0.003030484061	-0.08374083111	0.0006339487495	-0.108246238	-0.004007277039	-0.004191552077	-0.003729176422	-0.004059664697	0.001226607901	0.001049493921	-0.001287523199	0.0007721946343	0.1096106968	0.001974890565	-0.002757613616	-0.0004476586434	-0.004833994172	-0.04421467864	-0.002920062051	-0.0510928145	0.1009558098	-0.002979873468	0.09804166527	-0.07350642522	-0.03835495462	0.001279137174	0.1045766875	-0.03583670007	0.001844723599	-0.0007975780574	-0.006111148054	0.001149613652	0.09651442631	-0.002610188888	-0.002474188296	0.1031506498	0.1014098884	-0.1133108494	0.1051479545	0.006527485715	-0.1127397481	-0.000573425708	-0.004150165795	0.0003633222729	-0.1134807716	-0.08024936609	0.1045780276	0.1044431918	0.1052599985	-0.1097940554	0.1057902465	0.1015722049	-0.003163889413	0.09876653226	-0.1128539131	-0.04730089205	0.1183132624	0.001043141781	-0.00363132172	0.0005199457445	-0.08343345584	-0.00223295555	-0.003528074867	-0.0008095131418	0.1043111685	0.1238528277	-0.004047392323	-0.003340134175	0.00213783048	0.1187259113	0.0008101458496	-0.004119604318	0.0007900678671	-0.003236739329
-0.0001396764069	-0.0002028936969	-0.01228332729	-0.01051443795	0.08880271436	-0.0390616714	-0.06899040747	-0.1297959105	-0.04729869433	0.0008046082328	-0.001596835393	-0.04695626614	-0.02251068905	-0.1349805027	-0.1396834861	-0.140318733	-0.04597631361	-0.02504535481	-0.02338949406	-0.1203556176	-0.1001214066	-0.1166918108	-0.116877104	-0.02491109843	0.08898760799	0.08829334971	0.08844760002	0.08859805258	-0.07072727637	-0.04578479782	-0.01732914185	-0.03530634164	-0.1967867921	0.08944808085	-0.1925594325	-0.0403168505	-8.251696679e-05	-0.02451472003	-0.01104622821	-0.01114161392	-5.114170679e-05	-0.0004000124424	-0.1202059386	0.000705321085	-7.991101509e-05	-0.03929513746	-0.0007274625118	0.08884191268	-0.02146360324	-0.0005616310718	-0.1886019389	-0.1848596593	0.08934623258	0.08884741016	0.08854650695	0.08904398314	-0.1923785989	-0.0004589449941	0.08899424976	0.08843366286	-0.000919087826	0.08892906584	0.08945403923	0.08901833578	-0.0004202854233	-0.0008898976244	0.1003915262	-0.003026632148	0.1180611991	0.08746533456	-0.1841903577	0.08938249555	0.08840017149	0.1052375453	-0.000632838563	0.09028615336	-0.1498016102	0.08993100534	-0.002671339515	0.08791559963	0.0005129245811	-0.003186417976	-0.07677399379	-0.1468004586	-0.1169645618	-0.1281341874	-0.09078456166	-0.1454907008	0.08859714701	0.08879372042	0.08917840258	-0.0824626879	0.0881880688	0.08822881567	-0.1840024257	0.08614283418	0.08591255717	0.08908550319	0.08851199112	-0.08068129309	0.0911142354	-0.1431666023	0.08474520446	-0.003599641479	-0.1445709131	-0.08100443644	0.08613416367	-0.1295916141	0.103335614	-0.1457450129	0.0867992061	-0.1836158493	0.1034276961	0.103674564	0.1035620824	0.1016507369	0.1021944377	0.09986160931	0.09867430656	0.1009507868	-0.003268345776	0.08584071918	0.0894948527	0.08768831076	0.08851697797	-0.1284945763	0.0831262318	-0.07335880247	-0.0004260890702	0.08907767001	-0.0008970906012	-0.132297684	-0.1222037094	0.08686953734	-0.003128640422	-0.1209788835	0.0859979808	0.08421796492	0.07232847338	0.0837220136	-0.004724036205	0.08858506882	0.08800249793	-0.004123535261	0.0006540551771	-0.1924170325	-0.003563373496	-0.048147267	-0.1892634453	0.08489801095	0.08675766332	0.0872471511	-0.1917246689	-0.1387235655	3.441413811e-05	-0.001681278915	-2.186358765e-06	-0.1896878881	-0.00234622432	-0.0006719797707	0.09162422569	-0.0003159379137	-0.1528407251	-0.1305747897	-0.001032923475	0.08778325631	0.08865077535	0.08596663161	-0.146587352	0.08896230216	0.08867318291	0.08808631583	-0.0002967590894	-0.004116215978	0.08858500834	0.08913874238	0.08902165931	0.0005294397835	0.08625683172	0.08980622501	0.1014704691	0.1018988051
0.0003067469676	0.001105815453	-0.01126204673	-0.01021172887	0.08924913773	-0.03875896232	-0.06813221842	-0.1286309157	-0.04484027081	0.0002450315354	-0.0009808881061	-0.04464155692	-0.02235169427	-0.1346777936	-0.1394538803	-0.1397285953	-0.04560299346	-0.02402407425	-0.02265564209	-0.1201966229	-0.098094126	-0.1158142446	-0.1164306807	-0.02446467505	0.08957774566	0.0881649159	0.08889402339	0.08972049516	-0.06956228152	-0.04692684791	-0.01472700403	-0.0340170097	-0.1949032257	0.09032564711	-0.1916818662	-0.0407327129	0.0006513349996	-0.02242709528	-0.01088723343	-0.01083890484	0.0003952816676	4.641093207e-05	-0.1209092296	0.0006303809302	0.0007976552473	-0.03856128549	-0.0002810391374	0.08828233599	-0.02072975127	0.0004596494866	-0.186941487	-0.1824012357	0.08952984141	0.08900640494	0.08942407321	0.08891554933	-0.1914049585	-0.0005873788036	0.08929695884	0.08859265764	0.0002459070283	0.08880063203	0.09809217748	0.08804701872	-0.0009798621208	-0.0002997599539	0.08445451983	-0.002149065886	0.08746533456	0.1126306168	-0.1830253629	0.08896663315	0.08855916628	0.08685739594	0.001107013475	0.08958286237	-0.1480617582	0.08800177582	-0.002368630437	0.09775426835	-0.000263469638	-0.002883708898	-0.07575271323	-0.1453480351	-0.115799567	-0.126250621	-0.09105670977	-0.1440382774	0.08717528454	0.08938385809	0.08847511158	-0.08072283586	0.09711363564	0.09844781117	-0.1824650441	0.09341444054	0.09498183831	0.09696251767	0.08691936322	-0.07994744112	0.08854265856	-0.1418578931	0.08547905642	-0.003296932401	-0.1431184896	-0.07989065013	0.08586201556	-0.1279954764	0.08869203631	-0.1441488752	0.08652705799	-0.1820197116	0.0889278327	0.08716270041	0.08863107614	0.08916287364	0.08467657411	0.08536174591	0.08403072886	0.08530120907	-0.002821922401	0.08585599966	0.08974635324	0.08741616266	0.08824482987	-0.1268984386	0.09267251609	-0.07226685576	0.001026334376	0.08823066472	-0.0003069529308	-0.1320461834	-0.120751286	0.08702853212	-0.00225107416	-0.1192390315	0.09434869046	0.09328724605	0.08143422352	0.0937972948	-0.005139898607	0.09851663573	0.09779035054	-0.00281482611	0.0003306985294	-0.1913957519	-0.001823521458	-0.0484194151	-0.1886713181	0.09394254129	0.09738233858	0.08539414574	-0.190559674	-0.1378459992	0.001486837584	-0.001665998428	-0.0002937116727	-0.1893161008	-0.003768086793	0.0004930150836	0.08833407737	-0.0005880860192	-0.1481730935	-0.1291223662	-0.001736214469	0.08607396525	0.08737262717	0.08425734055	-0.1447037857	0.08797158257	0.08926332058	0.0852273104	-0.001366878838	-0.002807506827	0.08745057446	0.08780938566	0.08571213378	0.000401005974	0.08440382636	0.08780950535	0.08582089133	0.08826122746
-0.1103889338	-0.1098307737	-0.01113723865	-0.008091687308	-0.1832359225	0.02273413952	0.1249841225	0.2923440445	0.04453658045	-0.1100195064	-0.1074576458	0.04358557998	0.05085144633	0.3094484603	0.3330716804	0.3342293	0.04481955796	0.05297111551	0.05045926168	0.3482763092	0.2554073692	0.3295206858	0.3336468215	0.0531053719	-0.1825090895	-0.1822642063	-0.1812780057	-0.1822226257	0.1488477755	0.05421234358	0.003920181565	0.02319642333	0.5603706377	-0.1827671881	0.5435247992	0.04560390611	-0.1093257743	0.05264275824	-0.01094233106	-0.01216800638	-0.1094381133	-0.1101523594	0.3763065616	-0.1095439363	-0.1097380723	0.0202474976	-0.1096832913	-0.1827984991	0.05037315236	-0.1107608307	0.6581589747	0.8296448474	-0.1839127897	-0.1837990017	-0.1822316191	-0.1819824689	0.5446846367	-0.1101333452	-0.1835084478	-0.1827527424	-0.1106909495	-0.1824239174	-0.1834798012	-0.1836549264	-0.1106296222	-0.1112328115	-0.1808777434	-0.1081021749	-0.1841903577	-0.1830253629	0.8741041797	-0.1830268357	-0.1787289376	-0.1847982963	-0.1105946674	-0.1823602585	0.3492359641	-0.1847274067	-0.1088965966	-0.1810871387	-0.1113650715	-0.1066811035	0.1785859178	0.3419705257	0.2179427035	0.2594619325	0.1851264942	0.3330765685	-0.183151249	-0.1822718342	-0.1844111344	0.1385864258	-0.1832585709	-0.1831241675	0.8492152387	-0.1784748506	-0.1821349972	-0.1820226037	-0.1818620431	0.1976729058	-0.1820412661	0.3308196723	-0.1800748679	-0.1073793603	0.3302597845	0.1949066194	-0.1803325335	0.2670585064	-0.1835730996	0.3300916847	-0.1819669198	0.8446642309	-0.1833999108	-0.1821141251	-0.1844617591	-0.1847922474	-0.1826676893	-0.1821262318	-0.18015182	-0.1826909597	-0.1067630313	-0.1784702635	-0.183582702	-0.1820838152	-0.1832671481	0.2621195438	-0.1760623236	0.1673422509	-0.1093819178	-0.1829938847	-0.1091797002	0.3143650116	0.2388155878	-0.1808905885	-0.1074856117	0.2365809485	-0.1794627163	-0.1787995891	-0.1510315375	-0.1792955404	-0.09803713546	-0.1829116287	-0.1827756281	-0.1045946317	-0.1098826308	0.5458229136	-0.1057646303	0.03985442389	0.5365376711	-0.1785754368	-0.1824687541	-0.1787884032	0.5422546644	0.3382048708	-0.1097206931	-0.1091999647	-0.1099833924	0.5366070974	-0.1074161782	-0.1097659339	-0.1812633619	-0.1074477165	0.7446393268	0.2804499365	-0.1107073237	-0.1825637268	-0.183866994	-0.1800689226	0.3358602032	-0.1839715383	-0.1810523764	-0.1810553728	-0.1087571308	-0.1091917587	-0.1835646079	-0.1831756353	-0.1799075581	-0.1105304933	-0.1803535797	-0.1838461869	-0.1831042293	-0.1817635498
-0.0006503779666	3.368364007e-05	-0.01132894144	-0.01045028232	0.08903381408	-0.03964129671	-0.0697145485	-0.1292794998	-0.04546312106	0.002593335409	0.0006488442874	-0.04483326428	-0.02220972016	-0.1342201791	-0.1390656034	-0.1391272665	-0.04514674041	-0.02479063879	-0.02198506367	-0.1193358099	-0.09907365445	-0.1152129158	-0.1155419233	-0.02551866819	0.08977033509	0.09080064837	0.08953281429	0.08761365586	-0.06894730387	-0.04466875502	-0.01539670038	-0.03262818566	-0.1955816767	0.09094937943	-0.1912106028	-0.04104019011	0.0002690672493	-0.02165808811	-0.009660699476	-0.01033094236	-0.0006919087188	-0.000270089259	-0.1206974732	5.09052293e-05	0.0004433091317	-0.03982850989	-0.0005195925917	0.08847492542	-0.02063403003	0.0002676162668	-0.1874898726	-0.1830933356	0.08914757366	0.08991756586	0.09004780553	0.08910813876	-0.1909336951	-0.0006822179619	0.09150154842	0.08864153278	-0.001383536509	0.0914363645	0.08898985791	0.08792782137	0.001655870345	0.0003239723676	0.08522196645	-0.003249905116	0.08938249555	0.08896663315	-0.1830268357	0.1173642833	0.1043194199	0.09021169988	-0.001574683011	0.0899191661	-0.1471730008	0.08963150822	-0.002463469595	0.09042289828	-0.0001264327016	-0.001828833688	-0.07604161465	-0.1457527064	-0.1156573255	-0.1271143796	-0.09117395245	-0.1439149375	0.08880501693	0.09034153924	0.08996112968	-0.08002463886	0.08940193879	0.08973011426	-0.1835574752	0.08638802218	0.08640785569	0.08985359965	0.08819152409	-0.07922076152	0.08937587273	-0.1409691357	0.09982141442	-0.003248057263	-0.143092018	-0.08104183732	0.08648574789	-0.1285718064	0.08864345003	-0.1442661179	0.08600107594	-0.1830271845	0.08899176642	0.08997085459	0.08867995128	0.08806203441	0.08702487798	0.08526690675	0.08465446118	0.08750579864	-0.003491618743	0.09941401862	0.1053163723	0.1011644161	0.0884374193	-0.1264687685	0.08517763677	-0.07248270903	0.00121892381	0.09029154001	9.60958911e-05	-0.1311853705	-0.1208964731	0.08535283571	-0.003208199094	-0.1201027901	0.08563099354	0.08428212055	0.07417147506	0.084648455	-0.005771014731	0.08879293874	0.08822401669	-0.004777951116	0.000667002259	-0.1909244885	-0.003068074984	-0.04728974935	-0.1881095386	0.08565598726	0.08854400549	0.08630530665	-0.1900884107	-0.137532099	0.001549361566	-0.002191980474	4.259205695e-05	-0.1887702013	-0.003719211655	0.0005418902213	0.09072863412	0.0006255620594	-0.1511023459	-0.1280898945	-0.0008250535553	0.08655398327	0.0897866986	0.08416250139	-0.1452521712	0.08730318249	0.1052644826	0.08671332849	-1.444730004e-05	-0.003908346057	0.08908030685	0.08876679945	0.08762929476	-0.0009407416136	0.08502755868	0.08943923775	0.08644462365	0.08902867407
-0.00105784484	-0.0007708743999	-0.01189182816	-0.01124897145	0.08817197452	-0.03997983983	-0.06787603233	-0.1283032694	-0.04515894191	0.001036154168	0.001678520374	-0.04582251379	-0.02178550845	-0.1339097268	-0.1374000194	-0.1368855519	-0.04441141838	-0.02596352324	-0.0238765196	-0.1180721509	-0.09654451125	-0.1132586297	-0.1130127801	-0.02626040975	0.090225154	0.08901003064	0.08771966611	0.0867750461	-0.06785271357	-0.04441115373	-0.01709759591	-0.03365702996	-0.193175795	0.08982334108	-0.1885351553	-0.04195359041	-0.001144399696	-0.02216430959	-0.009664967908	-0.0101914965	-0.0006818815479	0.0004721582355	-0.1186410434	0.0003782487394	-0.0005651016559	-0.03959219583	-6.477368913e-05	0.08663031559	-0.02080091441	-0.001623513801	-0.1841465188	-0.1798115192	0.08730479873	0.08836038462	0.0883631489	0.08812764961	-0.1881145333	-0.0008022562432	0.0890820814	0.08694063724	-6.643183047e-05	0.08959175467	0.08810472791	0.08823892597	0.0001097781694	-0.001089494578	0.08366478521	-0.003657371989	0.08840017149	0.08855916628	-0.1787289376	0.1043194199	0.1219863581	0.08894194723	-0.001551006996	0.09080512789	-0.1454432684	0.08821804127	-0.003445793652	0.08785971697	7.241927048e-05	-0.003386014929	-0.07564024144	-0.1426886266	-0.1143393744	-0.1251321492	-0.09094423798	-0.1414826625	0.08785842294	0.08974383783	0.08789196626	-0.07804556459	0.08741361466	0.08731064724	-0.1790655628	0.0869492373	0.08370096008	0.08913078255	0.08960582283	-0.0790126042	0.08896840586	-0.1393243361	0.09797680459	-0.004517809912	-0.1409940177	-0.081071607	0.0843936301	-0.1261584331	0.08844257246	-0.1423118318	0.0844438947	-0.1781544292	0.09019661846	0.08886262905	0.08798505581	0.08822942472	0.08460541097	0.0841408684	0.0824186291	0.08523004592	-0.005192514281	0.09742569449	0.1049089055	0.1008541433	0.08675276267	-0.125923681	0.08608834935	-0.07121905004	-5.082883942e-05	0.08873435877	0.001439228589	-0.1299217115	-0.1187705283	0.08408308306	-0.003328237376	-0.1176894167	0.083930098	0.0828686536	0.07678780454	0.08294755946	-0.002286475827	0.08737947179	0.08852147246	-0.00485806876	-0.0003153217982	-0.1883927553	-0.004872764179	-0.04714261944	-0.1857215196	0.08627927126	0.08940204565	0.08446069682	-0.1875566774	-0.1358422872	0.001271960145	-0.002312018756	-0.0007960177043	-0.1862384681	-0.003695535641	0.000134423348	0.08974631006	0.001399271215	-0.147970401	-0.1271392266	-0.001519949021	0.08427823055	0.08857982096	0.08303646303	-0.1428667423	0.08646327647	0.10500073	0.08593029885	0.0005096440293	-0.004890670115	0.08709198273	0.08946725599	0.0866469707	-0.0003724897461	0.08332666314	0.08845691369	0.08359401375	0.08905235009
-0.0008913293323	-0.0006671180303	-0.01102298007	-0.01169723376	0.08876963291	-0.03952589573	-0.0695983461	-0.1297575318	-0.04632577571	0.0009152410833	-0.0006751253088	-0.04598334752	-0.02469948494	-0.1361632985	-0.1411257889	-0.1400643858	-0.04644053795	-0.0269467221	-0.02457228987	-0.1206761277	-0.09943591659	-0.1164374637	-0.1159041854	-0.02638132283	0.08938566943	0.08903283185	0.08999537583	0.08823499027	-0.071335215	-0.04586043155	-0.0170747947	-0.03418970872	-0.1969635878	0.09013357088	-0.1923050853	-0.04164336061	0.0001718301796	-0.02382923	-0.01021702388	-0.01103098106	-0.0006590803362	0.000285477592	-0.1207859556	-0.0007114096657	0.0004897863579	-0.0393282189	0.0003891704105	0.08852140265	-0.02250268475	-0.0003072839254	-0.1897204206	-0.1848927407	0.08967918588	0.09025147168	0.08908828269	0.08944204458	-0.1923156062	-0.0002045978476	0.08924859691	0.0889754386	-0.001670740751	0.08918341299	0.0889898149	0.09008376016	-0.0008845097568	8.302100197e-05	0.09935244468	-0.004496856553	0.1052375453	0.08685739594	-0.1847982963	0.09021169988	0.08894194723	0.1187136077	-0.001240777192	0.09169021487	-0.1481101201	0.09047278108	-0.002704420961	0.08773880389	0.0002682637554	-0.003794356606	-0.07695078953	-0.1459712542	-0.1159916432	-0.1268738401	-0.091248786	-0.1448052108	0.08827663697	0.08991035334	0.08885789254	-0.08105862638	0.08901727313	0.08862687711	-0.1846691205	0.08510375266	0.08544833284	0.08946893399	0.08905376686	-0.08013951735	0.09079372536	-0.1420499693	0.08356240864	-0.004207580109	-0.143885423	-0.08137615502	0.08624479652	-0.1284749812	0.103015104	-0.1449158086	0.08662241035	-0.1839363593	0.1033946147	0.1042163397	0.1042475725	0.1029110841	0.1010116419	0.09925367068	0.099072368	0.1009177054	-0.004882284477	0.08523278055	0.08955427701	0.08751151502	0.08790903934	-0.1269468005	0.08349954244	-0.07245893199	0.0005468295562	0.08976316005	-0.0004990291588	-0.1319508311	-0.1212307908	0.08482445575	-0.00416772194	-0.1194311077	0.08380918492	0.08432859777	0.07200174291	0.08340150356	-0.004550677225	0.08984541604	0.08840055937	-0.005306331074	-0.001298520658	-0.1921626853	-0.004889883606	-0.04717434837	-0.1894914496	0.08484017871	0.08840920998	0.08707035536	-0.1914703217	-0.137319504	0.001582189948	-0.00243293184	-0.0008975535802	-0.1894335409	-0.003672734429	-0.0008487755122	0.09087257277	8.21235287e-05	-0.1536825986	-0.1303204425	-0.001640862105	0.08717531768	0.09005483686	0.08492755009	-0.145901862	0.08878550641	0.08878381576	0.0876220915	0.00113522406	-0.004293011719	0.08869564119	0.08962930957	0.08798257779	-0.0007970703258	0.08550517879	0.08962942927	0.09913795893	0.1018657236
0.1021988731	0.1012733701	-0.0299462149	-0.03148275437	0.0002886788306	0.01211458877	-0.03910324032	-0.06647618935	-0.007763292143	0.1039017406	0.102348381	-0.007995721138	-0.07279672185	-0.07302567031	-0.07607718544	-0.07639636454	-0.008094871904	-0.07331938746	-0.07195095531	-0.04949049893	-0.03054971658	-0.04683269218	-0.0465868425	-0.07318513108	-0.0003887133149	6.674277222e-05	-0.0002101498085	-0.0005333924082	-0.04067701772	-0.01117823398	-0.03398602939	-0.0003891741328	-0.1216102445	-0.0005030976403	-0.1149397418	-0.02291344989	0.1013937468	-0.07246118044	-0.0288054606	-0.02880450153	0.1031496936	0.1026571086	-0.07219139298	0.1023252991	0.101540067	0.01130626552	0.1013236584	-0.0002469800285	-0.07361792188	0.1027829185	-0.1148013961	-0.1109765403	-0.0007486602094	-0.001534911215	-0.000829814358	-0.00105090965	-0.1144714797	0.1073407478	-0.0005257858378	-0.001162221955	0.1254197491	-0.000878398349	0.0003651465188	-0.002063154553	0.1075231217	0.1082432352	-0.004218510483	0.1052042035	-0.000632838563	0.001107013475	-0.1105946674	-0.001574683011	-0.001551006996	-0.001240777192	0.1389277136	0.0007661177591	-0.0871282064	-0.0005950303325	0.1219429259	-0.001409905572	0.1254852297	0.1109367038	-0.05390944994	-0.08254619746	-0.03302144218	-0.04548449638	-0.03328487248	-0.08425443992	-0.001354031481	-0.0004388865897	-0.001060204503	-0.03531042802	-3.853813775e-05	0.0002896373261	-0.1111102209	-0.003881447535	-0.00274519265	-0.001483084764	-0.002949433552	-0.05077474873	0.0001570568379	-0.08063691272	-0.00419997396	0.09888262235	-0.08491550943	-0.05516436689	-0.003817014819	-0.04679820887	-0.0002684225931	-0.08479618063	-0.004589115353	-0.1101638733	-0.0006074833825	-0.002085187084	-0.0006168113575	-0.0005161567438	-0.005433599161	-0.004604713069	-0.005360872933	-0.00473829806	0.1220644911	-0.003248173537	-7.639143921e-05	-0.001688010543	-0.003015057771	-0.04627602823	-0.003186229019	-0.0525793069	0.1033496034	-0.001160937067	0.1034534591	-0.07341206037	-0.03955401843	-0.003656498336	0.09978476629	-0.03876033543	-0.003953197687	-0.0045834992	-0.00752702939	-0.004935736226	0.09806205967	-0.0003601095991	-0.001046383417	0.09868616853	0.1040911105	-0.1142224847	0.09920631892	0.006909279156	-0.1140293281	-0.005365346922	-0.0007758352655	-0.003710027461	-0.1151109783	-0.08021787624	0.110029965	0.09965127055	0.1240178447	-0.109912483	0.09956118232	0.1031037127	-0.0001952386446	0.103000132	-0.112381899	-0.04687908724	0.1071979122	-0.005042208096	-0.001587831732	-0.004703118358	-0.08520737684	-0.002426019293	-0.0007031383946	-0.004164291396	0.1240300777	0.1052643341	-0.001509884442	-0.001685786772	-0.002817182239	0.1073747426	-0.00484406114	-0.002013239325	-0.004001853347	-0.002096363042
0.0009718513233	0.0004774911454	-0.01203408534	-0.009402910217	0.08905195631	-0.03795014367	-0.06861682843	-0.1282532399	-0.04532488083	0.0009501472576	0.0009776449135	-0.04483873834	-0.02236317744	-0.1338689749	-0.1380702044	-0.1383449194	-0.04479417481	-0.02379011278	-0.02213425203	-0.1192440899	-0.09829130742	-0.1144305687	-0.1147595762	-0.02494928506	0.08952427854	0.08969230603	0.09013398493	0.08909217085	-0.06889717716	-0.04615296533	-0.01535532834	-0.03335190534	-0.1950980251	0.0896973228	-0.1907293332	-0.04049875143	0.0004541535795	-0.02268462082	-0.009892716529	-0.01089237196	0.0001981002475	0.001430086768	-0.1192381252	0.00115177099	0.001031616715	-0.0389021812	0.001533779586	0.08966601182	-0.02020836121	-2.496052555e-05	-0.1874904112	-0.1823109886	0.08947637428	0.09024636648	0.09023289186	0.08972436798	-0.1905961398	0.002233439992	0.0899620632	0.09098233355	0.00105472568	0.09032802217	0.09013442407	0.09058040892	0.0008349566028	0.0004053557683	0.08598190996	-0.002489961602	0.09028615336	0.08958286237	-0.1823602585	0.0899191661	0.09080512789	0.09169021487	0.0007661177591	0.1110865791	-0.1472529395	0.09147367596	-0.002422097561	0.08974569884	-0.0003169367622	-0.003224604614	-0.07666846613	-0.1451140736	-0.1159424563	-0.1271663739	-0.09125389119	-0.1440917445	0.08827153178	0.09062381963	0.08885278735	-0.0800577315	0.08987445371	0.08919662911	-0.1824597551	0.08560040143	0.08544322765	0.08900476427	0.08945275343	-0.07985719395	0.09150719165	-0.1413365031	0.08571301789	-0.002919256637	-0.1425970995	-0.08066268873	0.08609597703	-0.1280489435	0.0916565694	-0.1436274851	0.08719216235	-0.1816420358	0.09203608009	0.0901272335	0.09015846627	0.089827978	0.08720996431	0.08660170745	0.08570183329	0.08725974209	-0.003162818117	0.08637738972	0.09113002908	0.08793755272	0.08919736282	-0.1275267629	0.08457104839	-0.07203051229	0.00212258162	0.08947062626	0.001220437201	-0.1315247934	-0.1219544675	0.08596906492	-0.0017296841	-0.1200110701	0.08524122268	0.08490073177	0.07338704788	0.08497725563	-0.003795226986	0.08940916796	0.08857917984	-0.00311571046	0.0001335171093	-0.1901557904	-0.004032703022	-0.04646088208	-0.1873408404	0.08627221648	0.08995180226	0.09425096496	-0.1896071411	-0.1371808949	0.002008227644	-0.001719465552	-0.0003471787968	-0.1882889317	-0.002671839549	0.0008706908474	0.09101118187	0.0005081612245	-0.1517162959	-0.1295669649	-0.0003525386332	0.08702649819	0.09076830315	0.08578473068	-0.1446135385	0.08935525841	0.09079071071	0.08790441489	-0.000478660023	-0.003004688247	0.0888342503	0.09048649016	0.09385038152	-3.199393178e-05	0.08621864508	0.08991175267	0.08662970998	0.08968491466
-0.08634761565	-0.08550202693	0.001165615586	0.004227933593	-0.147011807	0.04538213369	0.1099980272	0.2053650269	0.03958825379	-0.0856907596	-0.0835445543	0.03964325339	0.03409452657	0.2222155318	0.232196647	0.2305603681	0.04073351707	0.03554187715	0.0334611662	0.1737673453	0.1345038378	0.1646405798	0.1637367151	0.03596356212	-0.1473388955	-0.1467486081	-0.1462754277	-0.1453907352	0.1363048232	0.06384729608	0.01552123099	0.03556825658	0.3696068724	-0.1465101548	0.4236272678	0.04679465121	-0.08700902769	0.03506980558	0.00145812913	0.0003963527016	-0.08539679517	-0.08596732694	0.212145027	-0.08673317182	-0.08521897518	0.04457381045	-0.08572281238	-0.1468288944	0.03309953832	-0.08590728454	0.3580445101	0.3491490605	-0.145764736	-0.1456736825	-0.1466931572	-0.1463393953	0.420758341	-0.08623574135	-0.1477942439	-0.1473129934	-0.086388271	-0.1472845706	-0.148228768	-0.148213926	-0.08658830403	-0.0870588635	-0.1461386924	-0.08557883899	-0.1498016102	-0.1480617582	0.3492359641	-0.1471730008	-0.1454432684	-0.1481101201	-0.0871282064	-0.1472529395	0.6855140951	-0.1490452305	-0.08514270706	-0.1460306359	-0.08679271762	-0.08321464249	0.1767586627	0.4677425094	0.2075396033	0.2466283756	0.180059879	0.4904656973	-0.1460319299	-0.1476764974	-0.1481894682	0.3349221288	-0.147339024	-0.1474419914	0.3497576546	-0.1437746921	-0.1471713926	-0.1469152847	-0.1457166964	0.1718485569	-0.1465836435	0.4593222276	-0.1450483882	-0.08270270521	0.4906669135	0.183399298	-0.1453689288	0.2480293547	-0.1485474007	0.4972533856	-0.1465721722	0.3479231306	-0.1484363062	-0.1467522953	-0.1494981544	-0.147529214	-0.1462669417	-0.1462374663	-0.1444067689	-0.1468650692	-0.08502114184	-0.1438749267	-0.1479197067	-0.146360351	-0.1467226862	0.2463958919	-0.1415298619	0.169034805	-0.08484658176	-0.1464494227	-0.08473113643	0.2833563648	0.2299798291	-0.1465826803	-0.08366884712	0.2251686545	-0.1457296653	-0.1444916809	-0.1217918343	-0.1451313465	-0.07794425178	-0.1490977384	-0.1477730501	-0.08322659899	-0.0857488069	0.4216401554	-0.08223529434	0.05072066293	0.4150025335	-0.1433244035	-0.1464644835	-0.1456930843	0.4217822758	0.2930748798	-0.08626359771	-0.08429636076	-0.08680435999	0.4171407089	-0.08288643101	-0.08655351705	-0.1476394388	-0.08478126506	0.3020403259	0.245465322	-0.08637857694	-0.1476809614	-0.1485076136	-0.1456173002	0.4962673322	-0.1482264872	-0.1472183015	-0.1458043396	-0.08548319566	-0.08500672627	-0.1487776353	-0.1489335774	-0.1446565248	-0.08639707094	-0.1456145286	-0.1485951537	-0.1459849102	-0.1477122887
-0.0005330110643	-0.001103595399	-0.01253294765	-0.0109077726	0.08884052259	-0.04031729183	-0.0693356292	-0.129619152	-0.04611117173	0.0003075706459	-0.0005272174741	-0.04519388636	-0.02341139076	-0.1350864087	-0.1395019636	-0.1403253888	-0.04565107679	-0.02551491362	-0.02335168583	-0.121112605	-0.09972867966	-0.1160791454	-0.1161969485	-0.02538065724	0.08952404925	0.08940464815	0.08981781028	0.08742838837	-0.07126432532	-0.04794525631	-0.01564298622	-0.03413819625	-0.1967489838	0.09063560345	-0.1923779099	-0.04071018516	0.0004539242906	-0.02384103626	-0.01115213428	-0.0103852342	-0.00130676214	0.000212652972	-0.1201681304	-0.0006265235053	-0.0005494698295	-0.03933355338	0.0002401216335	0.08844857803	-0.021425795	-0.001031189886	-0.1885641307	-0.1843907081	0.08835190597	0.0884540755	0.08757831511	0.08843071002	-0.1921010022	0.0001537204203	0.08967440532	0.08904632827	-0.002462136851	0.08989664999	0.08869705183	0.1055320795	-2.755846189e-05	-0.000198247475	0.08555053778	-0.004071048146	0.08993100534	0.08800177582	-0.1847274067	0.08963150822	0.08821804127	0.09047278108	-0.0005950303325	0.09147367596	-0.1490452305	0.1185996527	-0.003859469809	0.08795340786	-0.0005989815563	-0.003799691087	-0.07638126683	-0.1467626503	-0.1155115427	-0.1274540318	-0.09060303914	-0.1457403212	0.08820381235	0.08825667147	0.08856512947	-0.08170630819	0.08908816281	0.08747182826	-0.1844545165	0.08557005515	0.08601785554	0.08764361618	0.1045481383	-0.08078719916	0.09100832933	-0.1434162226	0.08513793142	-0.004500343182	-0.1443893905	-0.0812377752	0.08580831915	-0.1279054585	0.0884946256	-0.1454197761	0.1015633627	-0.1844403269	0.09038750341	0.0891972283	0.09009074684	0.0901151773	0.08620373495	0.08530804949	0.08498303252	0.08654094132	-0.004169047478	0.08508373177	0.0890503095	0.08707503765	0.1039322159	-0.1272395636	0.08388261151	-0.07289540936	0.0003302906402	0.08925919254	-0.0002494891148	-0.1336045129	-0.1209486967	0.08625626423	-0.003598199237	-0.120298728	0.08466613621	0.0840358347	0.0728175745	0.08382731197	-0.005342073325	0.08811551	0.08869414808	-0.0048405113	-0.001083916686	-0.1922355099	-0.003458075127	-0.04882803025	-0.1890799333	0.08299130918	0.08715039028	0.08821473524	-0.1912557178	-0.1391169002	0.0007907938485	-0.002438266321	-0.0008460411126	-0.1903686513	-0.004109211798	0.0001908634471	0.08957380962	-0.0004218439792	-0.1537477788	-0.1295671942	-0.001857401021	0.1018288414	0.1052832178	0.1008745025	-0.1464058295	0.1036589686	0.08871099114	0.1006947579	-0.001696093819	-0.003436060424	0.1044988793	0.104536794	0.08652072314	-0.0002275476229	0.1004461311	0.1053651772	0.0866294807	0.088534971
0.1017412294	0.09980972629	-0.02997271571	-0.03265896954	-0.002755822193	0.01036351641	-0.04097864977	-0.06750869023	-0.009801793095	0.101679514	0.09980171901	-0.009171936314	-0.07306439838	-0.07333959971	-0.07643380428	-0.07757257971	-0.01077884111	-0.0724836025	-0.07312717048	-0.05296614284	-0.03244450323	-0.05102690757	-0.050349915	-0.07263677471	0.0008782145405	-0.0012531867	-0.001381600975	-0.0005173409391	-0.0415658043	-0.01116218251	-0.0304196728	-0.001657698639	-0.1219241739	-0.001104455633	-0.1145350997	-0.02308366499	0.1010798174	-0.07376090944	-0.02959790241	-0.02926214522	0.1006800498	0.1011934648	-0.07448940089	0.1003402918	0.1008229164	0.0111823033	0.1007223004	-0.001710623797	-0.07450670847	0.101081904	-0.1154027541	-0.1105718982	-0.001558840632	-0.001992554911	-0.0008563151664	-0.001508553346	-0.1141144777	0.1055896754	-0.002388544737	-0.001907294243	0.1227089296	-0.00302858584	-0.001960783025	-0.003120013627	0.1063469065	0.1062147807	6.641758831e-05	0.1093454173	-0.002671339515	-0.002368630437	-0.1088965966	-0.002463469595	-0.003445793652	-0.002704420961	0.1219429259	-0.002422097561	-0.08514270706	-0.003859469809	0.1431861409	-0.003304692229	0.1216835738	0.1150779176	-0.05292995067	-0.08185412679	-0.03232937151	-0.0450798543	-0.03187423033	-0.08298751206	-0.002242818065	-0.003339673318	-0.002236419679	-0.03490578594	-0.002314409893	-0.001892577922	-0.1095558644	-0.003978559414	0.001396021125	-0.002301397436	-0.005170232113	-0.0520946782	-0.00274372989	-0.07965741345	0.0005160969991	0.1030238361	-0.08350486728	-0.05491217313	0.000467913252	-0.04783070975	-0.002835527852	-0.08324182418	-1.675868959e-05	-0.1094718026	-0.003364555814	-0.003405116556	-0.003230169493	-0.002123514808	0.0002884718702	0.0002550721861	-0.001219659158	0.0004089157872	0.1263494192	0.0008930402375	-0.00150800745	0.0009136340612	-0.004334987243	-0.04630252904	-0.003139626602	-0.05260580771	0.1000176738	-0.002049723651	0.09916178226	-0.07516313273	-0.04001166213	0.001634429807	0.1047882658	-0.03763712187	0.00191258764	0.0001325717593	-0.006816510028	0.0006426205091	0.09580547885	-0.002686039143	-0.002262609959	0.1036496567	0.1006154666	-0.1143926998	0.1036349613	0.0050144925	-0.1143964556	-0.0009367045551	-0.003048380047	0.00129347209	-0.1144189077	-0.0822563772	0.1079513204	0.1037924843	0.1222861495	-0.1095824771	0.1039898247	0.1017837832	-0.001756343832	0.1003394043	-0.1124160443	-0.04881388526	0.1053031255	0.0006798629344	-0.0030514755	0.0007315240813	-0.08422787758	-0.001159091438	-0.002597925051	-0.001316506285	0.1210455261	0.1096929764	-0.003548385394	-0.002281035546	0.001487123041	0.1054799559	0.0001594384106	-0.002902025909	0.001001646204	-0.0031188175
-0.0006293148243	-0.001411103594	-0.01162325134	-0.009330320918	0.08725625977	-0.03917098303	-0.06881229051	-0.1283458029	-0.04539600582	-0.0003107034732	0.0008807103006	-0.04649072059	-0.02185517633	-0.1328832838	-0.1377101865	-0.1386526569	-0.0452964427	-0.02438527886	-0.02278023421	-0.1193152149	-0.0985990449	-0.1145016937	-0.1151181298	-0.02458926717	0.08801601058	0.08789660948	0.08718857401	0.08643418853	-0.06853715927	-0.04550551885	-0.01600131052	-0.03337162537	-0.1949770017	0.0899136264	-0.1906059278	-0.03965677455	-0.001003298272	-0.02189346004	-0.01029325407	-0.009238925406	-0.0003970658283	0.0003529616993	-0.1197403931	-0.001508888884	-0.0004258351366	-0.039738523	-0.001504529521	0.08758288668	-0.01922267003	9.844487859e-05	-0.1866484343	-0.181612726	0.08796810633	0.08821405745	0.08719458275	0.08706638565	-0.1903798362	6.600555679e-06	0.08968635347	0.08731835115	0.0001675677845	0.08899549626	0.09753644247	0.0884510309	-0.0003858827615	-0.002580066514	0.08389878482	-0.004573086742	0.08791559963	0.09775426835	-0.1810871387	0.09042289828	0.08785971697	0.08773880389	-0.001409905572	0.08974569884	-0.1460306359	0.08795340786	-0.003304692229	0.1148425438	-0.001167503673	-0.003152015314	-0.07525163207	-0.1441791986	-0.1161607716	-0.1268992542	-0.0904119143	-0.1428694408	0.08575726375	0.08839698019	0.08682047831	-0.07955399932	0.100150758	0.1001915049	-0.1819052068	0.09774499159	0.09519549088	0.09971221147	0.08886023705	-0.07901521707	0.08913663792	-0.1406890566	0.08334246416	-0.00385266741	-0.1415185102	-0.07948207471	0.08401285189	-0.1280692524	0.08808965599	-0.1424051814	0.08367189425	-0.1808000589	0.0882283834	0.08962496562	0.08755130005	0.08817599574	0.08512683917	0.08394372512	0.08318756526	0.08488918835	-0.004907698561	0.08463250928	0.08798042587	0.08642928476	0.086302768	-0.1268285003	0.09642820996	-0.07226758363	-0.0001042578164	0.0882497869	0.0007644221932	-0.1299638526	-0.1205376334	0.08431708267	-0.003525380649	-0.1201750933	0.09451152693	0.0945068987	0.08619591746	0.09467870276	-0.002421170871	0.1004548599	0.0983843299	-0.004663989783	-0.0008923994168	-0.1901760993	-0.004822399498	-0.04834947682	-0.1877410836	0.09554252072	0.1002281066	0.08483841073	-0.1897711643	-0.1361023055	6.881679992e-05	-0.002940304917	-0.0003989265849	-0.1885966692	-0.003892678914	-0.0008741895962	0.08873769712	5.893340062e-06	-0.1461446487	-0.1290524279	-0.001953704781	0.08451223017	0.08753546364	0.08327046265	-0.1441098063	0.08602952071	0.08956987135	0.08567757546	-0.0002303286702	-0.004081813316	0.08708936985	0.08749482636	0.08632549034	-0.0002984433306	0.08476119323	0.08725377035	0.08411544196	0.08698692097
0.1019890584	0.1021495092	-0.0304491741	-0.03284799934	0.0004990529732	0.01072520245	-0.04159821601	-0.06667009323	-0.009662065797	0.1027080637	0.1017090946	-0.009463351904	-0.0738335235	-0.07343554263	-0.07649094777	-0.07666252256	-0.00966903151	-0.07461402137	-0.07360886701	-0.05097650462	-0.03224730165	-0.04846812808	-0.04814642919	-0.07473516582	3.847834932e-05	-0.0003822243125	-0.001492471123	-0.0009657405338	-0.04227767987	-0.01127933285	-0.03436609496	-0.001298900936	-0.1213426208	0.001724514787	-0.1143846895	-0.02322612815	0.1019703687	-0.07313817715	-0.02853732499	-0.0279820043	0.1035092475	0.1032209062	-0.07436691231	0.102177861	0.1020431079	0.01082302262	0.1021141279	-0.001110471042	-0.07534369867	0.1039752019	-0.1154715982	-0.1118906588	0.0006952726043	0.0007247289704	-3.934489007e-05	-0.000404154478	-0.1139164274	0.107987503	0.0001959720329	-0.002451617715	0.1251746222	0.0002745024096	0.0002640012336	-0.0005684191681	0.1080940276	0.1077681297	-0.003788572832	0.1029008236	0.0005129245811	-0.000263469638	-0.1113650715	-0.0001264327016	7.241927048e-05	0.0002682637554	0.1254852297	-0.0003169367622	-0.08679271762	-0.0005989815563	0.1216835738	-0.001167503673	0.1393194768	0.1112960304	-0.05316389198	-0.08213485947	-0.03462210433	-0.04539261474	-0.03416696315	-0.08384310193	-0.001282133493	-3.827791669e-05	-0.001348838332	-0.03374937566	0.0009635107104	-0.001007742561	-0.1119740393	-0.002299965189	-0.003608683664	0.001387249932	-0.000923644553	-0.0502517242	0.0006500160613	-0.07943913816	-0.005285126006	0.09783159558	-0.08436045714	-0.05473384812	-0.003818220057	-0.04750074792	0.0001319187222	-0.08446069185	-0.003654931589	-0.1107905631	4.909222099e-05	-0.001710801931	0.0001298366561	-0.0002299333895	-0.004431550312	-0.004749632602	-0.004787220987	-0.00344882062	0.1209135715	-0.004542807439	-0.0003094250982	-0.0008510208406	-0.001937159711	-0.04675900378	-0.002291945051	-0.05299441736	0.1029145093	0.001098703119	0.1035108193	-0.0732011051	-0.04032442257	-0.004232560757	0.09906498958	-0.03909959668	-0.004212549745	-0.004584704437	-0.007775732575	-0.004649512871	0.09828330122	-7.830191273e-07	0.000921654137	0.0979584082	0.102270082	-0.1142422895	0.09776797073	0.005945894504	-0.1138542101	-0.003619975799	0.0004398091963	-0.00411034783	-0.114555926	-0.07890841515	0.1111358118	0.1001543114	0.1254510364	-0.1094987498	0.0989851199	0.1023841633	-0.0002966512875	0.1039020048	-0.1125386912	-0.04744589561	0.1068386673	-0.004113262474	-0.00210087258	-0.005355029991	-0.08508346744	-0.002142541925	0.001319999158	-0.002555357607	0.1252294987	0.1036822716	-0.00158170075	-5.156297906e-05	-0.003325379576	0.1067745893	-0.005086128327	-0.0008674761809	-0.004217383951	-0.001421754152
0.1002201509	0.1001569336	-0.02833207973	-0.03288661941	-0.002552329174	0.01186043809	-0.0395011053	-0.06356862552	-0.007298871341	0.1011644355	0.09927115296	-0.007818728928	-0.07175744387	-0.07011810648	-0.07333141129	-0.07406365789	-0.00813220506	-0.07113039511	-0.0714865345	-0.05132550686	-0.03022901007	-0.05010484307	-0.0495715648	-0.07085242443	-0.001505149768	-0.00243284453	-0.001470300558	-0.002695972591	-0.03877545395	-0.009808975121	-0.0294976083	-0.002224182066	-0.1185589663	-0.001188391206	-0.112032178	-0.02158674331	0.1005647389	-0.07177182651	-0.02982555227	-0.02762150924	0.1010272571	0.09981610056	-0.07270505061	0.09939407049	0.09930183785	0.01234554351	0.09891379331	-0.001219702186	-0.07242301957	0.09927339684	-0.1124686895	-0.1082126908	-0.001499061909	-0.003369919148	-0.002089965107	-0.002167346103	-0.1113241274	0.1039248826	-0.002935650955	-0.002278658408	0.1110815975	-0.00242597769	-0.003481861558	-0.004204993607	0.1045383994	0.1055559879	-0.001454660945	0.1104111961	-0.003186417976	-0.002883708898	-0.1066811035	-0.001828833688	-0.003386014929	-0.003794356606	0.1109367038	-0.003224604614	-0.08321464249	-0.003799691087	0.1150779176	-0.003152015314	0.1112960304	0.1335331262	-0.05042702892	-0.08021349081	-0.0316947356	-0.04372664691	-0.03267673738	-0.08005344742	-0.002326753638	-0.003998466075	-0.003613783916	-0.03283400708	-0.002398345466	-0.003844799343	-0.1072313151	-0.00272857224	0.001312085552	-0.003103904489	-0.004998766852	-0.05016661363	-0.002540236871	-0.07844792036	-0.00114869583	0.1038021863	-0.08100194552	-0.05479245184	0.000671406271	-0.04633378807	-0.004546573558	-0.08102633102	-0.0003881228546	-0.1066814522	-0.004310777163	-0.004926195089	-0.003601533658	-0.004363164821	0.001785393553	2.742231712e-05	-0.002309594803	0.001474694582	0.1162054829	0.0009528189605	-0.004590762454	-3.258728771e-05	-0.003987779928	-0.04451817877	-0.001186811236	-0.05182745751	0.09950259534	-0.003139659296	0.09860045093	-0.07232157384	-0.03865845474	0.0001133512741	0.1051354732	-0.03642762878	-3.963378057e-05	-0.002681935437	-0.004340584329	0.001420970712	0.0968985316	-0.003919689084	-0.003352545604	0.1025597211	0.1014450254	-0.1114586351	0.1039821686	0.006942557071	-0.1108363252	0.0001538250351	-0.003200180705	0.0002035364447	-0.1119159859	-0.07860374107	0.1081548134	0.1060079775	0.1131288361	-0.1076655285	0.1036184605	0.1014124191	-0.002748818058	0.09896204011	-0.1119251227	-0.0465983921	0.1045006185	0.001745641729	-0.003422839665	-0.0006458401555	-0.08172495582	-0.002823884266	-0.00426271788	0.0003241296939	0.1114444192	0.1098964694	-0.003632320967	-0.002442711389	0.001240095963	0.1053444103	0.0002192171335	-0.004710533034	0.001061424927	-0.003346467369
-0.05212285912	-0.05199584188	-0.006332974688	-0.004437045083	-0.07481355853	-0.003953990744	0.02387104296	0.1048586731	-0.00931672776	-0.05132228877	-0.04991014255	-0.007824585203	0.01479468999	0.1162734791	0.1237862108	0.1197145249	-0.008242075549	0.01609832627	0.01416132963	0.07786778895	0.07654485557	0.0734835952	0.06740601585	0.01608886836	-0.07595501136	-0.07558927746	-0.07554723996	-0.0743751189	0.04543526721	0.00681347466	-0.001191748264	-0.009508651331	0.2037863433	-0.07592568139	0.2594634208	-0.002047455334	-0.05163455679	0.01505139752	-0.007335058354	-0.008225935562	-0.05188489421	-0.05360514035	0.0909517546	-0.05227814579	-0.0530690938	-0.003325171027	-0.05299807381	-0.07595699237	0.01579979186	-0.05139509941	0.1892587797	0.1796515098	-0.07483884193	-0.07480178052	-0.07524639804	-0.07503635044	0.2595966143	-0.05316069918	-0.07709808396	-0.07579038501	-0.05462684209	-0.07500755344	-0.07577600871	-0.07736142654	-0.05380069046	-0.05340896415	-0.07461109387	-0.05170438605	-0.07677399379	-0.07575271323	0.1785859178	-0.07604161465	-0.07564024144	-0.07695078953	-0.05390944994	-0.07666846613	0.1767586627	-0.07638126683	-0.05292995067	-0.07525163207	-0.05316389198	-0.05042702892	0.4662200089	0.1495798122	0.1506728497	0.1824737987	0.1420739903	0.1780515719	-0.07533947227	-0.07672375612	-0.07648278825	0.01214271129	-0.07732940774	-0.07556408931	0.1781291204	-0.07301071925	-0.07400006182	-0.0773368114	-0.07523486177	0.2190044065	-0.07376261639	0.1481836681	-0.07237107535	-0.05112768101	0.1760970737	0.2665381237	-0.07435331251	0.1808726576	-0.07784672078	0.1759289739	-0.07598769881	0.1790167119	-0.07770811845	-0.07570376125	-0.07718910948	-0.07694474057	-0.07510761107	-0.07571586794	-0.07503488484	-0.07462669041	-0.05223352827	-0.07378447122	-0.0771723382	-0.07409259408	-0.07613821279	0.1813948382	-0.07199724879	0.2772017579	-0.05154698601	-0.07557752074	-0.05168403871	0.1504297287	0.1724519898	-0.0750550818	-0.05137525144	0.1702276726	-0.07391463819	-0.07210179667	-0.06170366231	-0.07374746236	-0.04619376054	-0.07549526476	-0.07647000516	-0.04892100317	-0.05219141331	0.2599027774	-0.0487919843	-0.01011260518	0.2534179787	-0.0728588936	-0.07612900132	-0.07381518226	0.2572801842	0.157545545	-0.05377119485	-0.05050274711	-0.05301074635	0.2607374339	-0.05001797815	-0.0527541875	-0.07648010817	-0.05225260039	0.1746310033	0.1379479734	-0.05315982048	-0.07557850578	-0.07593864785	-0.07610170182	0.1788232065	-0.07684260297	-0.07579172691	-0.07441316049	-0.05307791344	-0.05049454115	-0.07643567258	-0.07700446674	-0.07263490845	-0.05217231441	-0.07437435876	-0.07743582307	-0.07439443674	-0.07655295809
-0.08133446382	-0.08092001799	0.00855903544	0.007741067456	-0.1436854646	0.05148212488	0.1152357326	0.2034892717	0.04525710209	-0.08125246496	-0.08025597402	0.04603067317	0.03717651754	0.2169976241	0.2226946549	0.2277502362	0.04640236537	0.03819272524	0.0358245857	0.16894505	0.1237892563	0.1598182845	0.1599204198	0.0389018388	-0.1455503332	-0.1453234693	-0.1447114189	-0.1436830122	0.1238656702	0.07173473382	0.01774093619	0.03821910466	0.3694040786	-0.1442275746	0.4211044012	0.05784380347	-0.08242701875	0.03772065366	0.008579625881	0.009002361928	-0.08095850053	-0.08109788941	0.211346732	-0.08207032358	-0.08098726984	0.05038637305	-0.08163482133	-0.1444025999	0.03690010077	-0.08175641849	0.3536533577	0.3414524792	-0.1443444416	-0.1438222452	-0.1452728628	-0.1434771136	0.4209660461	-0.081941161	-0.1447930922	-0.144455556	-0.08223740494	-0.1457205619	-0.1462336164	-0.1462187744	-0.08262107291	-0.08290799745	-0.1453561301	-0.08220941942	-0.1468004586	-0.1453480351	0.3419705257	-0.1457527064	-0.1426886266	-0.1459712542	-0.08254619746	-0.1451140736	0.4677425094	-0.1467626503	-0.08185412679	-0.1441791986	-0.08213485947	-0.08021349081	0.1495798122	0.6999681265	0.1911626786	0.2300215081	0.1620126748	0.4592676908	-0.1436056354	-0.144881935	-0.1455032529	0.3395041377	-0.1452001581	-0.1455905541	0.3427796449	-0.1422106834	-0.1456073838	-0.1449201331	-0.1430029733	0.1761399436	-0.1443639383	0.4728146862	-0.1444095403	-0.08005185713	0.4574520626	0.1667115911	-0.1450983487	0.2296979156	-0.1458611854	0.4633199633	-0.145726735	0.3409451208	-0.146153726	-0.1444367973	-0.1462095742	-0.1452417895	-0.1455652187	-0.1451674755	-0.1440553495	-0.146019632	-0.08158884727	-0.1433797931	-0.1453496979	-0.1455562018	-0.1447275346	0.2215972385	-0.1408281389	0.1438679547	-0.08075859071	-0.1435919854	-0.0805453343	0.287013213	0.2001512463	-0.1446504037	-0.08073057044	0.2036755009	-0.143941103	-0.143852833	-0.1216955895	-0.1443487843	-0.07390363025	-0.1465277296	-0.145059327	-0.08043203661	-0.08145422656	0.4217089101	-0.07944073196	0.05653322553	0.4142010449	-0.143341252	-0.1438815005	-0.1444165042	0.4181144589	0.3002162383	-0.08211273166	-0.08100778048	-0.08236606535	0.4138992708	-0.08081044011	-0.08297750818	-0.1457880015	-0.07995919705	0.2949814769	0.2502718845	-0.08150913941	-0.1467546849	-0.1459651126	-0.1455533094	0.4660753259	-0.1464379248	-0.1452231499	-0.1449589023	-0.08139520461	-0.08214928888	-0.1470369945	-0.1474640548	-0.1439548019	-0.08224620489	-0.1444008235	-0.1466000021	-0.1445646158	-0.14614828
-0.03109113706	-0.031538977	-0.02297107221	-0.01597417615	-0.1138544122	0.02532373825	0.04725648582	0.124867227	0.02384922724	-0.03253570339	-0.03079791488	0.02447114401	0.006952146671	0.1388666572	0.143677329	0.1412165959	0.02412426473	0.008441481202	0.007223056034	0.1279297988	0.1277565798	0.1246953194	0.1249954612	0.00986916625	-0.1154270079	-0.1142529803	-0.1147318079	-0.1135596869	0.06652128134	0.01049070298	-0.01364545717	0.01241738426	0.2326893035	-0.1155413922	0.276669149	0.01769083806	-0.03218369199	0.007250838151	-0.02466966776	-0.02398507328	-0.03157745954	-0.0327228485	0.1199699766	-0.03134156187	-0.03315916447	0.0258982659	-0.03282863753	-0.1161475604	0.005699803754	-0.02997159891	0.2224191767	0.2173980602	-0.1155499751	-0.1139863485	-0.1142872517	-0.1146520613	0.2776852722	-0.03370983438	-0.1163943385	-0.115913088	-0.0348885487	-0.1163158081	-0.1169725768	-0.1150351569	-0.0338643907	-0.03390804156	-0.1127896618	-0.03081637829	-0.1169645618	-0.115799567	0.2179427035	-0.1156573255	-0.1143393744	-0.1159916432	-0.03302144218	-0.1159424563	0.2075396033	-0.1155115427	-0.03232937151	-0.1161607716	-0.03462210433	-0.0316947356	0.1506728497	0.1911626786	0.5312982507	0.3832026828	0.1672734269	0.2210715812	-0.1150988974	-0.1150460383	-0.1157481955	0.06436043557	-0.1163138163	-0.1167606574	0.2186221225	-0.1133264947	-0.1128972012	-0.1172120292	-0.1149810703	0.1260706918	-0.1151028988	0.1883293915	-0.1105496432	-0.02837138741	0.2151473748	0.1530563482	-0.1121007375	0.3711103981	-0.1179744138	0.2163621259	-0.1156034097	0.2179232987	-0.1170364007	-0.1161817579	-0.1155113917	-0.1159313022	-0.1144358933	-0.1133195786	-0.1122968749	-0.1143861156	-0.03077066333	-0.1116756105	-0.1158012298	-0.113277162	-0.115466495	0.3763783441	-0.1131479566	0.1553084216	-0.03161068625	-0.117348946	-0.03102916747	0.2101236799	0.3803769107	-0.1125150782	-0.03014552302	0.3818788432	-0.1123806347	-0.1115737932	-0.09708660764	-0.1120697445	-0.02489592043	-0.11626069	-0.1168042875	-0.02774556682	-0.03250432846	0.2761287076	-0.02698739869	0.02333283839	0.2727837928	-0.1128762061	-0.1163647509	-0.1125686073	0.2763541982	0.2248171951	-0.03384061101	-0.02932731076	-0.03427845303	0.2772992267	-0.0286988275	-0.03158446706	-0.1142275332	-0.0322553581	0.1892158301	0.3278982853	-0.03250494925	-0.1149004007	-0.1160663409	-0.1134179839	0.218537787	-0.1158834566	-0.1158385806	-0.1142064277	-0.03385452784	-0.02874424761	-0.1160513834	-0.1146995801	-0.1129691908	-0.0328651639	-0.1131277838	-0.1167641053	-0.1134352904	-0.1156331762
-0.04297933408	-0.04371460261	-0.02408069703	-0.0181440931	-0.1255988949	0.02243524981	0.05514656958	0.1498029379	0.02483308478	-0.04519676395	-0.04311725478	0.02560665586	0.006506801265	0.1592757648	0.1695196582	0.1636440556	0.02569091947	0.006846421429	0.006633996332	0.1466527468	0.1357009556	0.1399691243	0.1405024026	0.006980677812	-0.1271714906	-0.1263746138	-0.126188862	-0.1258790268	0.07484250799	0.01168050689	-0.01475508199	0.01098830309	0.2765198713	-0.1264235892	0.3331505448	0.01945549916	-0.04536531767	0.007032577213	-0.0249170068	-0.02566955528	-0.04447165663	-0.04547333129	0.1409101397	-0.04385890814	-0.04493156883	0.02234549805	-0.04529169173	-0.1261674716	0.00554188694	-0.04306380236	0.2645291429	0.2592047179	-0.1257678926	-0.1257308312	-0.1257443058	-0.1258216868	0.3340229538	-0.0457417457	-0.1273085632	-0.1257892848	-0.04648931712	-0.1275174614	-0.1275673452	-0.1275525032	-0.04695659415	-0.04579623858	-0.1253964303	-0.0429920039	-0.1281341874	-0.126250621	0.2594619325	-0.1271143796	-0.1251321492	-0.1268738401	-0.04548449638	-0.1271663739	0.2466283756	-0.1274540318	-0.0450798543	-0.1268992542	-0.04539261474	-0.04372664691	0.1824737987	0.2300215081	0.3832026828	0.5776356774	0.1748025399	0.2485611013	-0.1265202215	-0.126790521	-0.1277801068	0.07345452577	-0.1272024006	-0.1283614258	0.2595580382	-0.1239755551	-0.1246416839	-0.1274035763	-0.1262370157	0.1541509491	-0.1264162386	0.2182620547	-0.1230126974	-0.04126558449	0.2486186033	0.185250028	-0.1248512203	0.3999947453	-0.1284254679	0.2497439321	-0.126198178	0.2594425277	-0.1280623119	-0.1269202405	-0.1263935886	-0.1272989341	-0.125174376	-0.1242017756	-0.124239364	-0.1261305983	-0.04395228901	-0.124282379	-0.1280088831	-0.1261713591	-0.1270672635	0.4013831155	-0.1243175821	0.1791344181	-0.04312203245	-0.1279437144	-0.04282794226	0.2412954796	0.3961871608	-0.1245469895	-0.04295029788	0.3896252126	-0.1234065459	-0.1238931331	-0.1080121726	-0.1252513702	-0.03808153817	-0.126711744	-0.1271116273	-0.04222062116	-0.04554223984	0.3333286749	-0.04036703074	0.02418092165	0.325528617	-0.1248186951	-0.1259814409	-0.1256065187	0.3319733082	0.2534021375	-0.0454956715	-0.04322750792	-0.04631036434	0.3319814149	-0.04202416748	-0.04462237844	-0.1266905874	-0.04514955519	0.227135016	0.3461564689	-0.04530972411	-0.1262201279	-0.1278108236	-0.1255936095	0.2543627363	-0.1273405108	-0.1268644919	-0.1264919255	-0.04609010284	-0.04321930195	-0.1279395804	-0.1254923548	-0.1250011021	-0.04647793247	-0.1242974094	-0.1280774452	-0.1253234874	-0.1264259509
-0.0333665675	-0.03223355019	-0.005126501218	0.00325324574	-0.09000675857	0.01753287249	0.05067533514	0.1235435046	0.03775128016	-0.03242228286	-0.02979372613	0.03953085131	-0.0008387190873	0.1335117885	0.1397388276	0.1354377303	0.04004625781	0.0022314727	-0.0001366668365	0.1364329405	0.1473257223	0.1362378994	0.1324383108	0.002078300491	-0.0909715793	-0.09022869462	-0.09099495079	-0.08924797255	0.07511384532	0.03850405291	0.01124111433	0.04075309886	0.2054565137	-0.09094224933	0.253213425	0.01886455072	-0.03287826518	0.0003222581686	-0.005279175581	-0.006859073762	-0.03284688992	-0.03341742168	0.1296843334	-0.0328089986	-0.03345051641	0.01873654939	-0.03337949643	-0.0912609889	-0.002522204892	-0.03249509351	0.1935229534	0.1858943356	-0.08956798128	-0.08981834847	-0.08983182309	-0.09019663268	0.2481729037	-0.0333984075	-0.09064548118	-0.09109438155	-0.03428969322	-0.0907106651	-0.09122371954	-0.09087024045	-0.03461325596	-0.03393410106	-0.08747194738	-0.03079238	-0.09078456166	-0.09105670977	0.1851264942	-0.09117395245	-0.09094423798	-0.091248786	-0.03328487248	-0.09125389119	0.180059879	-0.09060303914	-0.03187423033	-0.0904119143	-0.03416696315	-0.03267673738	0.1420739903	0.1620126748	0.1672734269	0.1748025399	0.4478277309	0.1854544341	-0.0906434688	-0.09116546687	-0.08999933823	0.03477928889	-0.09220226138	-0.09086808585	0.1854581405	-0.08723810464	-0.08686091532	-0.09163480786	-0.09101107666	0.1135915463	-0.090072613	0.1557302446	-0.08595050033	-0.02719767475	0.1875239362	0.1418675479	-0.08678302312	0.162119518	-0.09179441365	0.1857749792	-0.09042940957	0.1848387169	-0.09171868632	-0.09089696129	-0.09191824883	-0.09167387992	-0.08998046472	-0.08800186426	-0.08717716687	-0.08957259221	-0.02974066496	-0.08549561036	-0.09186944979	-0.09054630498	-0.09043620925	0.172704893	-0.08639309927	0.1456328959	-0.03350926587	-0.09073780298	-0.03232494547	0.1446108757	0.1623217079	-0.08734107812	-0.0298883882	0.1664208197	-0.08720663458	-0.08639979313	-0.07410960795	-0.08732688734	-0.02603384648	-0.09108668988	-0.09220514459	-0.02585328268	-0.03400997888	0.2477509674	-0.02874226402	0.05089568945	0.2444929913	-0.08876249811	-0.09145846098	-0.08696346435	0.2559164744	0.1552061561	-0.03516433345	-0.03074045543	-0.03425445474	0.2465831518	-0.02838740062	-0.03271018313	-0.09149667611	-0.03273036778	0.1669399528	0.1428846269	-0.03354124309	-0.09016393084	-0.09276062664	-0.08810026955	0.1883817832	-0.09157174232	-0.09181429492	-0.08923043402	-0.03428959407	-0.03015739228	-0.09206001551	-0.09158989179	-0.08635804772	-0.0332723085	-0.08781006944	-0.09216496242	-0.08811757602	-0.09113838314
-0.08361756347	-0.08262826045	0.004551364244	0.003445967668	-0.1430991226	0.04733073939	0.1107969185	0.1951701716	0.03952485934	-0.08296070742	-0.08133815076	0.04029843042	0.03125857655	0.2059589854	0.2207021599	0.2185767074	0.04067012263	0.03317905397	0.03037977154	0.160194807	0.1311350145	0.1493434699	0.1484396053	0.03431931042	-0.1440968612	-0.143587413	-0.1432579469	-0.1422295401	0.1349480001	0.06614620537	0.01545783654	0.03837914805	0.351151224	-0.1427741025	0.3992761573	0.04981213199	-0.08427897551	0.03184469662	0.00496111362	0.004132404956	-0.08252302869	-0.08366841765	0.2020216319	-0.08464085182	-0.08327036948	0.04680984474	-0.08348677809	-0.1436676993	0.03102414373	-0.08346466095	0.3397325761	0.3322710934	-0.1423161124	-0.1426562018	-0.1438193907	-0.1424596288	0.3988503736	-0.08379311776	-0.1449204774	-0.1438643698	-0.08365821881	-0.143835947	-0.1443490014	-0.1451452367	-0.08443310903	-0.0847599542	-0.1424655151	-0.08262423322	-0.1454907008	-0.1440382774	0.3330765685	-0.1439149375	-0.1414826625	-0.1448052108	-0.08425443992	-0.1440917445	0.4904656973	-0.1457403212	-0.08298751206	-0.1428694408	-0.08384310193	-0.08005344742	0.1780515719	0.4592676908	0.2210715812	0.2485611013	0.1854544341	0.6675212607	-0.1425833062	-0.1440033202	-0.1444809238	0.3515924677	-0.1444652575	-0.1439933677	0.3338856876	-0.1405071008	-0.1430041974	-0.1436103754	-0.1431303585	0.1627908432	-0.1424793234	0.4511348376	-0.1416626395	-0.08017924233	0.5057563952	0.1814379869	-0.1416328766	0.2442293886	-0.1451262848	0.5042948667	-0.1441295486	0.3319074493	-0.1445565396	-0.1437018968	-0.1459058165	-0.1437931617	-0.1432494609	-0.142995432	-0.1413084488	-0.144135017	-0.08300966114	-0.1416388925	-0.1445635888	-0.1430554416	-0.1434177768	0.2474821409	-0.1387998097	0.1736331431	-0.08246683317	-0.1435756563	-0.08214479854	0.2715596066	0.2289104346	-0.1426220744	-0.08114538423	0.229416689	-0.142056488	-0.141968218	-0.1188653186	-0.1411707407	-0.07579757096	-0.1446431147	-0.144611855	-0.0809905647	-0.08397354625	0.3984387593	-0.08028668864	0.05209441145	0.3967354384	-0.1407380656	-0.1430028856	-0.1431067465	0.4002546352	0.2871545665	-0.08353354553	-0.08127887998	-0.08393059351	0.3952327414	-0.08079411102	-0.08324860769	-0.1443345294	-0.0819548681	0.2837461069	0.2262879262	-0.08407966765	-0.1444389271	-0.1446553549	-0.1422315515	0.510925671	-0.1451281671	-0.1437696778	-0.1430742874	-0.08382201855	-0.08213295979	-0.1460146654	-0.1460086023	-0.1414953297	-0.08452930453	-0.1417976371	-0.1455776729	-0.1421051437	-0.1449822365
0.001869702299	0.002237627897	-0.009555377105	-0.009798487905	0.09153066455	-0.03705229269	-0.07044954908	-0.128864786	-0.04582844274	0.0002671409777	-0.001563726757	-0.04606087173	-0.02265702479	-0.134821547	-0.1397940918	-0.1397464972	-0.04651806216	-0.02461683336	-0.02296097261	-0.1198913661	-0.09807629785	-0.1156312641	-0.1158379953	-0.02405143409	0.09157184388	0.09251243497	0.09250795223	0.09091332596	-0.07040673914	-0.0471234002	-0.01503233455	-0.03446605451	-0.1952986777	0.08901431652	-0.1909454666	-0.03873861468	0.001783147443	-0.02312716437	-0.01162370683	-0.01042566387	0.002101951295	0.00103450908	-0.1206039729	0.001474764782	0.002216896283	-0.03714204445	0.0009944876022	0.09516272027	-0.01959793883	0.0007792339428	-0.1880733732	-0.1833715449	0.09098805581	0.09128793176	0.09026845706	0.09105336184	-0.1908122731	-0.001180137912	0.1013510578	0.09094204954	-0.0004905663758	0.1007110167	0.08729570335	0.08829714286	-0.0009620339714	-0.0006197622427	0.08616118946	-0.002454396402	0.08859714701	0.08717528454	-0.183151249	0.08880501693	0.08785842294	0.08827663697	-0.001354031481	0.08827153178	-0.1460319299	0.08820381235	-0.002242818065	0.08575726375	-0.001282133493	-0.002326753638	-0.07533947227	-0.1436056354	-0.1150988974	-0.1265202215	-0.0906434688	-0.1425833062	0.1156216964	0.09985709977	0.1021100678	-0.07968114484	0.08837921945	0.08765133705	-0.1825406303	0.08556535556	0.08662850722	0.08760318651	0.08610195673	-0.07867191438	0.08809361375	-0.1402413449	0.08617972598	-0.002596262845	-0.1413760899	-0.07996532773	0.0980598288	-0.1275465054	0.0882429915	-0.1428376184	0.08708401325	-0.182289312	0.08732907353	0.08743222708	0.08735547562	0.08799525735	0.08724552951	0.08778698701	0.08573739849	0.08772645017	-0.002552395733	0.08626924063	0.08862994549	0.08811683221	0.08937664231	-0.1273117533	0.08424857393	-0.07192428094	-0.0008598533958	0.1011470494	-0.002193140703	-0.1302525752	-0.119871172	0.0975017738	-0.001262976012	-0.1192569334	0.08542050218	0.08493391496	0.07304124742	0.08501282083	-0.005475917286	0.0880075902	0.08721657545	-0.002649002372	-0.0007857092204	-0.1909467809	-0.001266566198	-0.04872474562	-0.1882243366	0.0854454959	0.08798060546	0.08738824396	-0.190110703	-0.1378281711	-0.0005430644835	-0.002402471832	-0.001030185077	-0.1889362079	-0.002492560053	-0.0002044849521	0.08860360404	-0.0009692657471	-0.1518306989	-0.1289208124	0.0008327409345	0.08605606332	0.08879186821	0.08538915299	-0.1431051003	0.08982196649	0.08852684718	0.08679026573	-0.001305380599	-0.002969123047	0.08987581557	0.08694693867	0.08698766052	-0.0001917531341	0.0853919245	0.08851017491	0.08637784659	0.08689625173
-0.0006642959135	-0.000249850081	-0.01151451813	-0.009889343086	0.09057752359	-0.03800543365	-0.06838468982	-0.128380784	-0.04394302785	0.0007511429806	0.0009223549325	-0.04489402832	-0.02198305561	-0.1338613899	-0.1381254944	-0.1381127808	-0.0444183219	-0.02470768854	-0.02218954201	-0.1194430942	-0.09791545451	-0.1147732873	-0.1140962947	-0.02471714645	0.09334927455	0.09256529408	0.09156235814	0.08874945228	-0.06895246714	-0.04477111235	-0.0161291898	-0.03240119525	-0.19558684	0.09093546149	-0.1913594804	-0.04012289852	-0.0003197078814	-0.02183110479	-0.01056484765	-0.009079376094	0.0005739531544	-0.0001402929099	-0.1191497009	0.001042987354	0.0005451838461	-0.03776150394	0.001334775309	0.09147900769	-0.02112593697	-0.0003676790985	-0.1874019868	-0.1823662785	0.08884622712	0.09134079087	0.08917160181	0.0895253637	-0.1910349326	0.0004535784591	0.1015476312	0.08869547992	-0.0001040257919	0.1003327329	0.08734856247	0.08855937167	0.001354523806	-8.107710065e-05	0.08477690561	-0.00369496595	0.08879372042	0.08938385809	-0.1822718342	0.09034153924	0.08974383783	0.08991035334	-0.0004388865897	0.09062381963	-0.1476764974	0.08825667147	-0.003339673318	0.08839698019	-3.827791669e-05	-0.003998466075	-0.07672375612	-0.144881935	-0.1150460383	-0.126790521	-0.09116546687	-0.1440033202	0.09985709977	0.117443103	0.1016509447	-0.07896330712	0.08852573507	0.08885391053	-0.1822863726	0.08701957248	0.08510050908	0.08981176007	0.08978255424	-0.07976876964	0.08936195479	-0.1412480787	0.08428635251	-0.004411689578	-0.1430835324	-0.08100540731	0.09610068777	-0.1278168049	0.08840497849	-0.1439702037	0.08641830089	-0.1814098972	0.08944045302	0.08911246368	0.09024689058	0.08804811646	0.08528638849	0.08352841725	0.08420940035	0.08576730914	-0.00422410817	0.08387895671	0.09021245332	0.08773854844	0.0869863584	-0.12715091	0.08552175848	-0.07266304146	0.002354720231	0.1007687657	0.001832777515	-0.1311489405	-0.1217223288	0.09697977573	-0.003940688521	-0.1200663601	0.08346136115	0.08369334541	0.07560786063	0.08434710846	-0.002661798384	0.08935387798	0.08996103282	-0.004033286217	0.0007967986082	-0.1912170804	-0.003225707227	-0.04680360066	-0.1883489323	0.08492349784	0.08938742266	0.08514167434	-0.1903810025	-0.1373170242	0.001378080479	-0.001774755533	-0.0001150401859	-0.1885625722	-0.004020558194	-0.0006217420934	0.08999614469	0.0007109708582	-0.1510047777	-0.127753969	-0.0002641143183	0.08510292237	0.088542227	0.08429229774	-0.1449562571	0.0867131111	0.08987313496	0.08632384777	0.0007594786598	-0.00478454978	0.08719810306	0.08803431002	0.08617823386	0.0002922488689	0.08386392636	0.08770074825	0.08470613416	0.08905476749
0.001732386389	0.003393740651	-0.008336389346	-0.009010643035	0.09110592004	-0.03784530508	-0.07023656139	-0.1283643698	-0.04680073981	0.0002735393637	-0.002075409875	-0.04573989982	-0.02345003717	-0.1340869321	-0.1401560337	-0.140727688	-0.04684505066	-0.02426013138	-0.02274798492	-0.1201452514	-0.09890024983	-0.1160503017	-0.1169541664	-0.02470073218	0.09264711734	0.09332712702	0.09265806492	0.0926442959	-0.07152291019	-0.04639843034	-0.01525048975	-0.03468420971	-0.1968638544	0.09074528646	-0.1924927805	-0.03945078777	0.002508117309	-0.02395590683	-0.01046759408	-0.01156897985	0.001677206793	0.002046907538	-0.1206862222	0.0007719730379	0.00116437694	-0.03649791388	0.0007763324008	0.09545654725	-0.02039095121	0.001216775217	-0.1885352869	-0.1839307215	0.09171302568	0.09143804444	0.09142456981	0.09134718882	-0.1921682327	-0.0008863109336	0.1010700276	0.09152330511	-0.001490168062	0.09985512929	0.08931410188	0.08760437229	-0.000560222771	-0.0006133638566	0.08694903433	-0.003678551675	0.08917840258	0.08847511158	-0.1844111344	0.08996112968	0.08789196626	0.08885789254	-0.001060204503	0.08885278735	-0.1481894682	0.08856512947	-0.002236419679	0.08682047831	-0.001348838332	-0.003613783916	-0.07648278825	-0.1455032529	-0.1157481955	-0.1277801068	-0.08999933823	-0.1444809238	0.1021100678	0.1016509447	0.1160844204	-0.07972833933	0.08924790361	0.08852002121	-0.1838508156	0.0860735079	0.0859211246	0.08907464949	0.08673953134	-0.07880923029	0.09017488728	-0.1421568252	0.08739871374	-0.002383275159	-0.1431299931	-0.08033329655	0.09979079874	-0.1288063907	0.08957032636	-0.144304093	0.08694669734	-0.1831180545	0.08920375776	0.08729491117	0.08948185838	0.08814537003	0.08696928978	0.08641911744	0.08580667188	0.08730170567	-0.002977140235	0.08562473301	0.09016599259	0.08826694489	0.09010161218	-0.1271344957	0.08461301198	-0.07105559678	-0.0006468657093	0.1012971621	-0.001180742245	-0.1315636691	-0.1212747717	0.09886447586	-0.0007625597339	-0.1196188029	0.08663948994	0.08600918843	0.0736401964	0.0855132371	-0.005950812916	0.08887627436	0.08880383109	-0.002436014685	-0.0002556621926	-0.1917755233	-0.002059578584	-0.04894290082	-0.1892480019	0.0850207514	0.08771726867	0.08768686141	-0.1910831597	-0.1392671379	-0.0001055232095	-0.0008152161903	-0.002029786763	-0.1893338075	-0.002567000959	-0.0006292294539	0.0896160025	-0.001394010249	-0.15277581	-0.1298932692	0.001413996505	0.08713133679	0.08868206011	0.08560214068	-0.1452901464	0.09032238277	0.08795838838	0.08579066404	-0.001926757054	-0.002244153181	0.08945107107	0.08814632907	0.08584434453	-0.0007602119319	0.08560491219	0.08966628766	0.08667646405	0.08833979307
-0.03321854582	-0.03296567707	0.03524366055	0.0367251213	-0.07938545606	0.08678960775	0.1190697846	0.09443534724	0.05943858345	-0.03329812404	-0.03121861488	0.05963729735	0.0388128712	0.09420992753	0.09762174749	0.09462440087	0.06025671806	0.03886506277	0.03865263768	0.05897524241	0.03911316484	0.05487847725	0.0559866127	0.03943046204	-0.07977541962	-0.0801282572	-0.07940662158	-0.07971536606	0.1241068648	0.09425164435	0.04399441841	0.06590972985	0.1237138262	-0.07859637528	0.1306115751	0.07504328505	-0.03404153495	0.04013843746	0.03633704533	0.03626184422	-0.03271673102	-0.03328726279	0.1154609254	-0.03440341126	-0.03245807174	0.0864124274	-0.03423747481	-0.08020854352	0.03856652836	-0.03351464898	0.1335805366	0.1397594455	-0.08004564433	-0.07890961737	-0.08048608646	-0.08000647307	0.1310957172	-0.03326824861	-0.08016789298	-0.08011778537	-0.03413934973	-0.08023307689	-0.08088984563	-0.08073128938	-0.03351701763	-0.03441777272	-0.08116207375	-0.03597965006	-0.0824626879	-0.08072283586	0.1385864258	-0.08002463886	-0.07804556459	-0.08105862638	-0.03531042802	-0.0800577315	0.3349221288	-0.08170630819	-0.03490578594	-0.07955399932	-0.03374937566	-0.03283400708	0.01214271129	0.3395041377	0.06436043557	0.07345452577	0.03477928889	0.3515924677	-0.07968114484	-0.07896330712	-0.07972833933	0.4847374144	-0.07971267303	-0.08053421194	0.138914102	-0.07866929637	-0.08241932755	-0.08058236248	-0.07995863127	0.02116969863	-0.07914601911	0.3477212089	-0.08208376974	-0.03425323065	0.3454702549	0.01245991757	-0.08090429239	0.0715659561	-0.08080484326	0.348176441	-0.08182010722	0.1384233066	-0.08023509804	-0.07955708731	-0.0821592321	-0.08076514882	-0.08065259088	-0.08140456204	-0.08086729324	-0.08168186133	-0.03521536361	-0.08119773688	-0.08058078435	-0.08121843114	-0.08038976393	0.07410013688	-0.07850236839	0.005712282341	-0.03222939261	-0.07853564323	-0.03101013613	0.1387975399	0.07090586025	-0.08261206175	-0.03291994382	0.06681325719	-0.08147161814	-0.08195820536	-0.06446095745	-0.08116072802	-0.02863019948	-0.08060910168	-0.08119167257	-0.03477712443	-0.03292502846	0.1309238914	-0.03364210548	0.08129686955	0.1318999336	-0.07986576716	-0.07853772974	-0.08108473362	0.1307785833	0.1347222956	-0.03290510574	-0.03348458245	-0.03469915303	0.1267118735	-0.03371838497	-0.03405614057	-0.08073165932	-0.03243599902	0.09543567897	0.08739735321	-0.03427336998	-0.08227319996	-0.07975905611	-0.08135925304	0.3453221018	-0.08210015419	-0.08059795065	-0.08177084603	-0.0332971494	-0.03520094804	-0.08245958521	-0.08162647556	-0.08091045988	-0.03467139675	-0.08150019582	-0.08183108852	-0.08195141669	-0.08080450923
2.348113044e-05	0.0009662639123	-0.01226388405	-0.01135728048	0.0889658719	-0.03990451393	-0.06985262722	-0.1282678642	-0.04526725095	0.0001054799943	-0.0005455824633	-0.04607453713	-0.02402585019	-0.1340987737	-0.1390891857	-0.1393377537	-0.04610058467	-0.02603191164	-0.02423233659	-0.1201924601	-0.09981453479	-0.1162412247	-0.1162828036	-0.02632879814	0.08891339472	0.08879399363	0.08846704326	0.08829742908	-0.07042040454	-0.04547792599	-0.01615359694	-0.03329427547	-0.1953302059	0.09076095275	-0.1922025028	-0.03929140718	-0.0003004445289	-0.02443425843	-0.01045192779	-0.01083474208	0.0007369308029	0.0007412562185	-0.1203302097	0.0008283157695	-0.0004916106617	-0.03864819685	-0.001139162158	0.08848027083	-0.02201901718	-0.0009495075574	-0.1882950671	-0.1835467874	0.08939028987	0.08929799629	0.08870966448	0.08853862698	-0.1920216693	-8.358864785e-06	0.089013693	0.08945910617	0.000440036956	0.08794250901	0.0991023403	0.0873082518	-0.0009756993659	0.0004404101397	0.08518364137	-0.003438331794	0.0881880688	0.09711363564	-0.1832585709	0.08940193879	0.08741361466	0.08901727313	-3.853813775e-05	0.08987445371	-0.147339024	0.08908816281	-0.002314409893	0.100150758	0.0009635107104	-0.002398345466	-0.07732940774	-0.1452001581	-0.1163138163	-0.1272024006	-0.09220226138	-0.1444652575	0.08837921945	0.08852573507	0.08924790361	-0.07971267303	0.1138063765	0.09902683111	-0.1831293951	0.09708456392	0.09618577322	0.1006020901	0.0869966292	-0.07951213548	0.08909378955	-0.1409914446	0.08459943176	-0.003292769646	-0.1425394697	-0.08089248745	0.08529132114	-0.1292346845	0.08821765255	-0.1434261409	0.08600642135	-0.1823029774	0.08921942405	0.08788543465	0.08868529668	0.08729875055	0.0865990805	0.08555968075	0.08451609229	0.08607400109	-0.003629987634	0.08519164873	0.08903194452	0.08698918252	0.08758047893	-0.1272753609	0.09596155437	-0.07218964486	0.0003119256511	0.08842859956	-0.0001128230031	-0.1313234492	-0.1211282083	0.08488336774	-0.001765710729	-0.1203345253	0.09578999617	0.09592832393	0.08352348964	0.09615094408	-0.004735523342	0.1008202272	0.09908794196	-0.004054034231	0.0006222898762	-0.1920601028	-0.003493872466	-0.04740925228	-0.1893888672	0.09600876198	0.09920230357	0.08573579487	-0.191224025	-0.137123265	0.0006287145634	-0.003048920844	-0.0003832054253	-0.1899058156	-0.00333278115	-2.762155694e-05	0.08929683657	-0.0004402089683	-0.1483952212	-0.1305553464	-0.0001511944583	0.08627218397	0.08729884319	0.08459898968	-0.1448433372	0.08716351734	0.090560912	0.08523147315	-0.0008521730319	-0.003471857764	0.08879822367	0.08878310543	0.08562264002	-0.0006929355327	0.0844644342	0.08766995381	0.08573139758	0.08742054029
-7.948629363e-05	0.0004321536003	-0.01179199429	-0.01016681924	0.08814433299	-0.04029490995	-0.06909330886	-0.1288019745	-0.04537021837	0.0006173811206	-0.0003869309118	-0.04560264737	-0.02273792753	-0.1343454554	-0.1389047245	-0.1396693936	-0.04491012343	-0.02397916462	-0.02261073247	-0.119576856	-0.09862407355	-0.1159130492	-0.116385771	-0.02485090831	0.08890408381	0.08777868264	0.08793293295	0.08804083323	-0.06951737189	-0.04634201717	-0.01439466581	-0.03440324296	-0.1954331733	0.08907712807	-0.1920680994	-0.03925066031	0.0001213874424	-0.02330481555	-0.009692609433	-0.01093770951	-0.0001346658895	0.0002350348548	-0.119427177	0.000244147669	-0.0001634351978	-0.03937866164	-0.0008109866946	0.08918953139	-0.02111598453	0.001079416297	-0.1876151489	-0.1829311833	0.08885617956	0.08905131457	0.08846298276	0.08781074458	-0.1917435516	-0.001404754953	0.08991672565	0.08913657524	-0.0001403262329	0.08841439877	0.09756222992	0.08606052567	-7.266671814e-05	-0.0003585532567	0.08507428664	-0.002679013443	0.08822881567	0.09844781117	-0.1831241675	0.08973011426	0.08731064724	0.08862687711	0.0002896373261	0.08919662911	-0.1474419914	0.08747182826	-0.001892577922	0.1001915049	-0.001007742561	-0.003844799343	-0.07556408931	-0.1455905541	-0.1167606574	-0.1283614258	-0.09086808585	-0.1439933677	0.08765133705	0.08885391053	0.08852002121	-0.08053421194	0.09902683111	0.1144450077	-0.1829362356	0.0966941679	0.09818846245	0.09988171322	0.08727875257	-0.0797588172	0.08887499678	-0.1418129835	0.08480539457	-0.002820879886	-0.1426424371	-0.08137538921	0.08619435378	-0.1289565668	0.08902437453	-0.1436728227	0.08542225325	-0.1825496591	0.08897830034	0.08763875293	0.08766998569	0.08963892615	0.08544005522	0.08440065546	0.08493792426	0.08592097588	-0.002777012774	0.08604462358	0.08898018563	0.08664007459	0.08656516794	-0.1274283861	0.09523367198	-0.07229261228	0.000496386819	0.08913786013	-0.001268043376	-0.1316626367	-0.1209938049	0.08534887019	-0.002637307421	-0.1203438362	0.09626188593	0.09692501308	0.08319423175	0.09571049028	-0.005125955044	0.1008609741	0.0991687002	-0.003161048005	-0.0001480404855	-0.1914945566	-0.002784611903	-0.047655934	-0.1887189142	0.09643059395	0.09874614	0.08615762684	-0.1910388055	-0.1382322325	0.0005257471393	-0.002483374577	-0.00154223071	-0.1899897627	-0.002429748502	-0.001330361137	0.08981612996	-0.0007627399002	-0.1494216125	-0.1300434453	-0.001260161954	0.08568773199	0.08856725117	0.08415853588	-0.1443714475	0.08816020649	0.08858965873	0.0859907915	-0.000955140456	-0.003050025792	0.0870643412	0.08747436094	0.08532590052	1.477271285e-05	0.08358645021	0.08799812928	0.08485980089	0.08748386267
-0.110760773	-0.1100085986	-0.01131506353	-0.007170097823	-0.1823378752	0.02260713075	0.1262518967	0.2921159196	0.04568870831	-0.1108224884	-0.1082606278	0.04477236601	0.05206451154	0.3095038617	0.3322647961	0.3352946038	0.04640282871	0.05432384789	0.05200600836	0.3475320832	0.2556691434	0.3286327456	0.3337061252	0.05445810427	-0.1827020004	-0.1819913161	-0.1812422441	-0.1817557213	0.1509190793	0.0540345187	0.004410628163	0.02323218489	0.5602894475	-0.1827314266	0.5441653121	0.04652549559	-0.1098759859	0.05370806202	-0.01097644165	-0.01234583126	-0.1099536668	-0.1105588568	0.3747111659	-0.110094148	-0.1099661972	0.02088622173	-0.1101485447	-0.1825602671	0.05115102755	-0.1109301995	0.6571630502	0.8225001743	-0.1833524709	-0.183704484	-0.1819587289	-0.1815155645	0.5446065781	-0.1106488987	-0.1828978291	-0.1824798523	-0.1111090415	-0.1824384558	-0.1834943397	-0.1829383902	-0.1113235481	-0.1121795079	-0.1802083686	-0.1086523865	-0.1840024257	-0.1824650441	0.8492152387	-0.1835574752	-0.1790655628	-0.1846691205	-0.1111102209	-0.1824597551	0.3497576546	-0.1844545165	-0.1095558644	-0.1819052068	-0.1119740393	-0.1072313151	0.1781291204	0.3427796449	0.2186221225	0.2595580382	0.1854581405	0.3338856876	-0.1825406303	-0.1822863726	-0.1838508156	0.138914102	-0.1831293951	-0.1829362356	0.8715657843	-0.1780582462	-0.1820907795	-0.1824095289	-0.1811580101	0.197495081	-0.182284477	0.3311473486	-0.1795995073	-0.1072636957	0.3316437608	0.194441366	-0.1805757444	0.2665797549	-0.1834314205	0.3314293754	-0.1815503153	0.8443149193	-0.1831270207	-0.1819849492	-0.1839014404	-0.1848067858	-0.1819636563	-0.1813634426	-0.1797352156	-0.1823090134	-0.1075072572	-0.1788571887	-0.1833098119	-0.1813797821	-0.1827068294	0.2620803913	-0.1761702764	0.1667920393	-0.1098974713	-0.1827556527	-0.1100289351	0.3133058449	0.2396199429	-0.1803302697	-0.1075112662	0.2370232389	-0.1797059272	-0.178526699	-0.1516865573	-0.1793950371	-0.0975817791	-0.1831548396	-0.1824524379	-0.1054825719	-0.1107705711	0.5454669545	-0.1057902848	0.04032978446	0.5356513632	-0.1784809191	-0.1827204211	-0.1787441855	0.5411706058	0.3381517042	-0.1101774904	-0.1093190335	-0.1109300887	0.5352943663	-0.1078729755	-0.1106538742	-0.1812653971	-0.1082853567	0.7435401821	0.2798242947	-0.1112228772	-0.1826129234	-0.1834503895	-0.1795086039	0.3366693224	-0.1835046339	-0.181151873	-0.180385998	-0.1092223843	-0.1094198836	-0.182945533	-0.182948998	-0.1800070547	-0.1108435764	-0.180259062	-0.183658255	-0.1824851545	-0.1821589311
-0.003111286142	-0.001870645413	-0.01312843824	-0.01035354882	0.08727867694	-0.03926131409	-0.06849085589	-0.1269362098	-0.04436758858	-0.002083468922	-0.002303388491	-0.0442720949	-0.02131046849	-0.1311862621	-0.1353954877	-0.1354192421	-0.04351226851	-0.02370717874	-0.02151695489	-0.1172507329	-0.09560224253	-0.1133368155	-0.112659823	-0.02393816311	0.08681810232	0.08650622021	0.0842660942	0.08609087873	-0.06497127521	-0.04544287633	-0.01530971238	-0.03473368684	-0.1914619338	0.08713486088	-0.18809686	-0.04073081856	-0.002395736937	-0.0213487522	-0.01146019627	-0.01083701049	-0.003514076045	-0.002001996599	-0.1172963017	-0.002182756069	-0.002365209351	-0.03916109868	-0.002609539594	0.08473101794	-0.01890981067	-0.00186885097	-0.1834207949	-0.1788567236	0.08820734102	0.08754019026	0.08652071557	0.08687811486	-0.1875325236	-0.002484736373	0.08585606209	0.08762908833	-0.002036340552	0.08805298883	0.09461396265	0.08529771048	-0.00359579117	-0.002915689003	0.08338366289	-0.003040423383	0.08614283418	0.09341444054	-0.1784748506	0.08638802218	0.0869492373	0.08510375266	-0.003881447535	0.08560040143	-0.1437746921	0.08557005515	-0.003978559414	0.09774499159	-0.002299965189	-0.00272857224	-0.07301071925	-0.1422106834	-0.1133264947	-0.1239755551	-0.08723810464	-0.1405071008	0.08556535556	0.08701957248	0.0860735079	-0.07866929637	0.09708456392	0.0966941679	-0.1780582462	0.1189620056	0.09678526729	0.09800991994	0.08699808803	-0.07713483607	0.08656735425	-0.1391516843	0.08389910986	-0.00368653594	-0.1394435988	-0.07750918796	0.08421630144	-0.125001839	0.08463497759	-0.1404366663	0.08506084331	-0.1779003422	0.08483897555	0.08612762862	0.08659000427	0.08503669841	0.08612196343	0.08296014222	0.08410958628	0.08534280349	-0.004033317633	0.08492885702	0.08644917079	0.08526869457	0.08376061497	-0.1239048012	0.1016988453	-0.06952491685	-0.001158451785	0.08637062523	-0.0002897717752	-0.1264347226	-0.1167889665	0.08466424651	-0.002784391995	-0.1162453941	0.09565036548	0.09408467496	0.08980894653	0.09535378927	-0.00187306954	0.09661927816	0.09776127882	-0.00445736423	-0.002860087703	-0.1875233171	-0.003362839365	-0.04784266358	-0.1847988833	0.09923089852	0.09725700197	0.08374843161	-0.1874058107	-0.1337053621	-0.003123956183	-0.001838784445	-0.00262221213	-0.1861622375	-0.002145690188	-0.002627160079	0.08691411557	-0.002951941604	-0.1434877341	-0.1258413002	-0.00248385767	0.08457196542	0.08496617998	0.08376134079	-0.1418911806	0.08377479627	0.08607253435	0.08884667619	-0.001001200169	-0.002765967478	0.08627178837	0.08586379477	0.08575367313	-0.003508351739	0.08405154089	0.08461871912	0.08467942332	0.08622015559
-0.0002400303506	-0.0017403906	-0.01281482412	-0.01133336337	0.08669036027	-0.0407428826	-0.06939756722	-0.1293214073	-0.04495111477	-0.001164031559	-0.002179540767	-0.04518833424	-0.02390447166	-0.1336437137	-0.1387072289	-0.1393138366	-0.04701205656	-0.02155285135	-0.02334613371	-0.1203122573	-0.09763490324	-0.1173670219	-0.1171211723	-0.02199345215	0.08644411101	0.08675585281	0.0874849603	0.08597185967	-0.07010905883	-0.04732229473	-0.01139349536	-0.03657578716	-0.1951625745	0.08676086958	-0.1919412149	-0.04113577592	-0.0001828709105	-0.02441034132	-0.01373343948	-0.01382882519	-0.002163495794	-0.00179379505	-0.1215997212	-0.001353539348	-0.002192265102	-0.03795834844	-0.001833816527	0.08773555867	-0.02156395718	-0.001617927299	-0.1874882643	-0.1830814053	0.08783334972	0.08673505607	0.08686529575	0.08779391482	-0.1916643072	-0.003002441969	0.0860196099	0.08610174526	-0.002025441842	0.08566699739	0.09524597142	0.08534452696	-0.003969782471	-0.001946193851	0.08980002865	0.00219044286	0.08591255717	0.09498183831	-0.1821349972	0.08640785569	0.08370096008	0.08544833284	-0.00274519265	0.08544322765	-0.1471713926	0.08601785554	0.001396021125	0.09519549088	-0.003608683664	0.001312085552	-0.07400006182	-0.1456073838	-0.1128972012	-0.1246416839	-0.08686091532	-0.1430041974	0.08662850722	0.08510050908	0.0859211246	-0.08241932755	0.09618577322	0.09818846245	-0.1820907795	0.09678526729	0.1178604912	0.09660200693	0.08261140016	-0.08020678985	0.08627130969	-0.1421172418	0.09010599376	0.00190486212	-0.1429466954	-0.07928771308	0.09264466734	-0.1268176822	0.08455240159	-0.1436896524	0.08971685237	-0.1822790603	0.08550676947	0.08417278006	0.0852100129	0.08502323892	0.09016579722	0.09013239754	0.08980738056	0.09028624114	0.002092443528	0.09235122285	0.08603786141	0.08892267357	0.08482376663	-0.1252895015	0.09543116758	-0.07101601338	-0.00138872879	0.08581560156	-0.003440587577	-0.1323055322	-0.1179926345	0.09079318368	0.002232148881	-0.1169115229	0.1017061994	0.1017944694	0.08385701231	0.1031668039	-0.007779664235	0.09696385834	0.09738728752	0.002674397003	-0.001365793157	-0.1910802434	0.003234558767	-0.05025962109	-0.1886964364	0.09799462145	0.09499548453	0.09289536899	-0.190962737	-0.1395424909	-0.002652797133	0.002529796021	-0.002852489135	-0.1893570991	0.003589422168	-0.001059762306	0.0862064428	-0.003078998397	-0.1480012993	-0.1289505721	-0.002426706083	0.09127575977	0.08467013541	0.09003399225	-0.1443882772	0.08627509088	0.08483625727	0.0874111047	-0.004995970504	0.00325657347	0.08661636855	0.08545534085	0.090770214	-0.002157771488	0.09003676376	0.084819585	0.09116640015	0.08575250778
-0.001091084626	-0.0009094256018	-0.01227128772	-0.01021496978	0.09025189689	-0.04063048908	-0.06957260229	-0.1302150138	-0.04491675211	-0.0003051449255	-0.0004862899923	-0.0446168762	-0.02216496801	-0.1351121774	-0.1408157361	-0.1407378363	-0.04524570256	-0.02455962007	-0.02276004502	-0.1203010258	-0.1000668148	-0.1156312189	-0.1165350836	-0.02442536369	0.08904219984	0.08919559669	0.08848756123	0.08749144315	-0.06899066524	-0.04637756843	-0.01583740704	-0.03370490038	-0.1953376095	0.09079610136	-0.1915413928	-0.0411670967	-0.0003579059838	-0.02268916891	-0.01031561716	-0.01026728856	-0.0001828164278	0.0003305986125	-0.1206196172	0.000142503476	0.0006561248145	-0.03966559265	-0.0005717086409	0.08871023796	-0.02058927788	0.000168979983	-0.1885898993	-0.1826919052	0.08883595065	0.0902965927	0.08906016332	0.08879651575	-0.191216845	0.0002716660608	0.08932163956	0.08793871033	-0.0005733667823	0.0886962291	0.09852007945	0.08863682907	0.0008851828154	0.0001281420224	0.08363154542	-0.003834326071	0.08908550319	0.09696251767	-0.1820226037	0.08985359965	0.08913078255	0.08946893399	-0.001483084764	0.08900476427	-0.1469152847	0.08764361618	-0.002301397436	0.09971221147	0.001387249932	-0.003103904489	-0.0773368114	-0.1449201331	-0.1172120292	-0.1274035763	-0.09163480786	-0.1436103754	0.08760318651	0.08981176007	0.08907464949	-0.08058236248	0.1006020901	0.09988171322	-0.1824095289	0.09800991994	0.09660200693	0.113073302	0.0875673903	-0.08095668211	0.08940170342	-0.1414299911	0.08422493913	-0.004306173384	-0.1429780162	-0.08046874822	0.08532646975	-0.127855003	0.08873504828	-0.1437209732	0.0858052456	-0.1821666668	0.08820602031	0.08773431668	0.08834040663	0.08844106125	0.08414102829	0.0843950572	0.08388377365	0.08562794902	-0.004076039699	0.08417073948	0.08988682662	0.08647613139	0.08740722482	-0.1277360436	0.09637778808	-0.07190961993	0.0001887293233	0.08954877411	-0.0002639409655	-0.1306122814	-0.1211856698	0.08519955764	-0.002786619978	-0.1202203508	0.0952502876	0.09505112897	0.08333777256	0.09556117772	-0.00560524847	0.1002379664	0.1005456029	-0.004787514888	0.0001837433219	-0.1911115642	-0.003912002897	-0.04825102008	-0.1885840428	0.09501577436	0.09889318063	0.0857208857	-0.1907066292	-0.1378492402	0.001339882377	-0.002920115726	1.839764237e-05	-0.1896067703	-0.003728775427	-0.0001862450302	0.08930984902	0.001057395409	-0.1481872758	-0.1298441786	-0.0008771696046	0.08510727654	0.08693824337	0.08444036621	-0.1448507409	0.08610005581	0.09127207981	0.08601311488	-0.0002792947397	-0.004464845378	0.08802458597	0.08853750127	0.08618258803	-0.001039377897	0.08458685202	0.08909969311	0.08473840997	0.08825798654
-0.001952025282	-0.001323254084	-0.0128022475	-0.01045850098	0.08741589529	-0.04075735711	-0.06758980797	-0.1281853184	-0.04501643185	-0.001726312123	-0.0007902991834	-0.04467400366	-0.02133615699	-0.1334413706	-0.1371874256	-0.1385366364	-0.04425877399	-0.02491880677	-0.02268808883	-0.1192936806	-0.09790975521	-0.1146024357	-0.1145217383	-0.02475252263	0.08731897341	0.08854699309	0.08740034286	0.08710119109	-0.06779207685	-0.04505284165	-0.01662773662	-0.03276868513	-0.1941390211	0.08878544634	-0.1900553758	-0.04155434219	-0.00232600873	-0.02142722218	-0.01177856531	-0.01076622059	-0.001719776286	-0.001069982617	-0.1182948696	-0.001107027791	-0.001433195368	-0.04003087519	-0.0009589541316	0.08597189856	-0.02026356498	-0.001224265579	-0.186114824	-0.1819564875	0.08784592634	0.088504232	0.0873304533	0.08624707223	-0.1899221824	-0.000500670223	0.08862618146	0.08892074272	-0.0007194365578	0.08942328332	0.0876631284	0.1034803956	-0.0005080627471	-0.002414817908	0.08415608254	-0.004695266727	0.08851199112	0.08691936322	-0.1818620431	0.08819152409	0.08960582283	0.08905376686	-0.002949433552	0.08945275343	-0.1457166964	0.1045481383	-0.005170232113	0.08886023705	-0.000923644553	-0.004998766852	-0.07523486177	-0.1430029733	-0.1149810703	-0.1262370157	-0.09101107666	-0.1431303585	0.08610195673	0.08978255424	0.08673953134	-0.07995863127	0.0869966292	0.08727875257	-0.1811580101	0.08699808803	0.08261140016	0.0875673903	0.1211071449	-0.08022126436	0.0887927969	-0.1398002599	0.0835003771	-0.005596780119	-0.1409171421	-0.07968212193	0.08396128298	-0.1275507282	0.08779730379	-0.1415163847	0.1006517155	-0.1811438204	0.08865447761	0.08897444868	0.09030605568	0.08884299831	0.08516981153	0.08420102284	0.08315743439	0.08550701789	-0.006159797949	0.08223069552	0.08826449863	0.08601967618	0.1025346397	-0.1264536903	0.08590323729	-0.07196582181	-0.0007552428911	0.08772849178	-3.000981973e-05	-0.1285107884	-0.1200191091	0.08440922805	-0.004582949636	-0.1189379975	0.08191823095	0.08147022704	0.07599439824	0.08214542813	-0.0021549145	0.08720386283	0.08750501576	-0.005689531012	-0.002020579474	-0.1897692615	-0.006023682781	-0.04866618721	-0.1871905316	0.08437909074	0.08794798286	0.0854151648	-0.1889331837	-0.1351018223	-0.0006857389126	-0.00421219927	-0.001977626739	-0.1871147533	-0.005525105085	-0.002367665481	0.08981187682	-6.976641099e-05	-0.1499619978	-0.1285018759	-0.003276415239	0.09942838608	0.1022816237	0.09919261863	-0.1440832954	0.1028148115	0.08916026277	0.1021360053	-0.001003734511	-0.005283096599	0.1018626605	0.1030806235	0.08639825852	-0.001662441874	0.09876424726	0.1029401629	0.08514297634	0.08873302683
-0.04985044369	-0.0477114263	-0.002479702002	-0.006619772829	-0.07817827971	-0.0003881466508	0.02743688705	0.1153228034	-0.005176026483	-0.04843500479	-0.04869493573	-0.005264741181	0.01472569273	0.1258753237	0.1282849518	0.1311902133	-0.005036763274	0.01405931282	0.01442174491	0.09134991946	0.06732012732	0.08466629698	0.09022957561	0.0144809978	-0.08072459643	-0.07911942598	-0.07931082496	-0.07727641813	0.0314679672	0.008798461497	-0.005242761858	-0.008098521678	0.2286258732	-0.07796469484	0.2864546952	0.001230960167	-0.04864356988	0.01525146868	-0.003127562804	-0.003079234213	-0.04832476603	-0.04990129787	0.09997874194	-0.04972401768	-0.04993439259	-0.001196469893	-0.04957594402	-0.07741156768	0.01606020714	-0.05012868406	0.2113526519	0.1987281758	-0.07779413326	-0.07799050834	-0.07829141156	-0.07879993544	0.2874978145	-0.05103199805	-0.07985566889	-0.07912282713	-0.05062985511	-0.07877113844	-0.07853359364	-0.08123974235	-0.05128076707	-0.05066539447	-0.08139267909	-0.0501505421	-0.08068129309	-0.07994744112	0.1976729058	-0.07922076152	-0.0790126042	-0.08013951735	-0.05077474873	-0.07985719395	0.1718485569	-0.08078719916	-0.0520946782	-0.07901521707	-0.0502517242	-0.05016661363	0.2190044065	0.1761399436	0.1260706918	0.1541509491	0.1135915463	0.1627908432	-0.07867191438	-0.07976876964	-0.07880923029	0.02116969863	-0.07951213548	-0.0797588172	0.197495081	-0.07713483607	-0.08020678985	-0.08095668211	-0.08022126436	0.5056880524	-0.07810105858	0.1700012278	-0.07886523198	-0.04956425611	0.154512916	0.2436093288	-0.08070375483	0.1594322142	-0.08031687712	0.1622491025	-0.08320042692	0.1978162714	-0.08104056056	-0.07963439739	-0.07965926581	-0.08013346838	-0.08102691051	-0.08192259597	-0.08080088904	-0.08155198993	-0.05125454151	-0.08042234215	-0.08012484597	-0.08029932211	-0.07902993106	0.1569395883	-0.07743954506	0.225437598	-0.04927457058	-0.07976266768	-0.04898048039	0.1680283652	0.1353466881	-0.08068695265	-0.05053997897	0.1306888088	-0.07969022333	-0.078452239	-0.07016699806	-0.08067276187	-0.04573923282	-0.07968999265	-0.07961872162	-0.04977029089	-0.04925163494	0.286022238	-0.0489627119	-0.005109618131	0.2783992425	-0.07822808665	-0.07953454666	-0.08002191029	0.2848510797	0.1996268204	-0.05035478097	-0.04952376035	-0.05045090233	0.2849290585	-0.05076356294	-0.0497689165	-0.08024369317	-0.04998018496	0.1974125791	0.1773386886	-0.04973769069	-0.08178523382	-0.07955851856	-0.08115871549	0.161694192	-0.08017504508	-0.07969902621	-0.07984573693	-0.05008692653	-0.05138384023	-0.07964773725	-0.0802444031	-0.07898535078	-0.05047475616	-0.0801499439	-0.08018382705	-0.08017002188	-0.08199152232
0.0003627904021	-0.0004189983678	-0.01077486041	-0.009724542547	0.08887403828	-0.0396431514	-0.06858526461	-0.1282216761	-0.04464051308	0.0004848006324	0.0001211133431	-0.04451974593	-0.02224939796	-0.1331818161	-0.1381092517	-0.138501534	-0.04461156103	-0.02540517378	-0.02346188443	-0.1183502403	-0.09825974359	-0.1138241477	-0.1148717267	-0.02541463169	0.09013069954	0.0898558087	0.0898123526	0.08905796711	-0.06872189904	-0.04468425855	-0.0161860503	-0.03389519871	-0.1956258377	0.09066911914	-0.1912726266	-0.04061090191	-1.119304576e-05	-0.02279677129	-0.01105285103	-0.009920575626	-0.0002672463777	0.0009948371611	-0.1199251329	-0.0001635875066	-0.00015230139	-0.03925550739	-0.0005124242948	0.08948809379	-0.02096113643	0.0002783221176	-0.1874588473	-0.1821178477	0.08929845625	0.08840964446	0.08904897376	0.08882787846	-0.1909480788	-0.0002439067771	0.0884907165	0.09051698692	-0.0002266538442	0.08943153265	0.08909422026	0.08999819835	0.0003696099776	0.0004212098195	0.0869537063	-0.001949308155	0.0911142354	0.08854265856	-0.1820412661	0.08937587273	0.08896840586	0.09079372536	0.0001570568379	0.09150719165	-0.1465836435	0.09100832933	-0.00274372989	0.08913663792	0.0006500160613	-0.002540236871	-0.07376261639	-0.1443639383	-0.1151028988	-0.1264162386	-0.090072613	-0.1424793234	0.08809361375	0.08936195479	0.09017488728	-0.07914601911	0.08909378955	0.08887499678	-0.182284477	0.08656735425	0.08627130969	0.08940170342	0.0887927969	-0.07810105858	0.1081739433	-0.1408559335	0.08628376836	-0.002809746078	-0.1425655357	-0.07885534482	0.08634920189	-0.1271550939	0.09158777925	-0.1431647784	0.0874453872	-0.181610472	0.0904210191	0.09030251162	0.09019003009	0.09108720292	0.08832547494	0.08714236089	0.08624248673	0.08751296694	-0.002622164671	0.08548090021	0.0905721767	0.08804706327	0.0884445876	-0.1257706275	0.08640028699	-0.07005999647	0.001004431074	0.0904424226	0.0004051366365	-0.1311545924	-0.1197671892	0.08665343267	-0.001554405982	-0.1192609348	0.08592559043	0.08507362788	0.07493570395	0.08494305189	-0.002431230285	0.09038096429	0.0888324047	-0.002431342717	0.0002942362102	-0.1906990837	-0.002342335207	-0.04786646122	-0.1874017823	0.08673492319	0.0887750102	0.08896509984	-0.1902941487	-0.1366553132	-0.0004691191248	-0.001466240698	-2.818638298e-05	-0.1885447965	-0.001987471807	0.0005490585182	0.09188551679	0.0001085821585	-0.149973062	-0.1278108295	-0.00110531385	0.08771086594	0.09068335714	0.08610372309	-0.1440071175	0.09003962615	0.08995998876	0.08787021116	-0.0004485496278	-0.001745463321	0.09023718952	0.09069346213	0.0896484632	-0.0009800935512	0.08747787001	0.09030869182	0.0883200778	0.08941334012
-0.07969474488	-0.07944187614	0.006444319893	0.01022520938	-0.1410905262	0.04994226652	0.1149893029	0.1978531589	0.04601667246	-0.07891203733	-0.07820297499	0.04693395784	0.036456961	0.2117119035	0.2195739393	0.2224738061	0.04658707856	0.03751515265	0.0354344417	0.1603810539	0.1185306891	0.1508231455	0.1539432811	0.03851169481	-0.1417727626	-0.1414021844	-0.1410775626	-0.1404802988	0.133104384	0.06904516109	0.01821307797	0.040415818	0.3538876469	-0.1405937183	0.4080673992	0.05572908792	-0.08066144831	0.03700293742	0.007285212157	0.007175074972	-0.07904921579	-0.07961974756	0.2047947361	-0.08073589603	-0.07979655658	0.04913394328	-0.08013881669	-0.1413436008	0.03607881389	-0.08042199093	0.3410474985	0.3314178349	-0.1402254503	-0.1401883889	-0.1413337151	-0.1405618288	0.4047514495	-0.08046301915	-0.1418778074	-0.1408216997	-0.07932212013	-0.1415118484	-0.1421686172	-0.1425849181	-0.08085550247	-0.08056756982	-0.1411474166	-0.08001270609	-0.1431666023	-0.1418578931	0.3308196723	-0.1409691357	-0.1393243361	-0.1420499693	-0.08063691272	-0.1413365031	0.4593222276	-0.1434162226	-0.07965741345	-0.1406890566	-0.07943913816	-0.07844792036	0.1481836681	0.4728146862	0.1883293915	0.2182620547	0.1557302446	0.4511348376	-0.1402413449	-0.1412480787	-0.1421568252	0.3477212089	-0.1409914446	-0.1418129835	0.3311473486	-0.1391516843	-0.1421172418	-0.1414299911	-0.1398002599	0.1700012278	-0.1408559335	0.6863994864	-0.139338541	-0.0775677152	0.4488880665	0.1605728753	-0.1408896353	0.2232837474	-0.1425147577	0.458061396	-0.142236593	0.3295068388	-0.142663584	-0.1415544303	-0.1430068608	-0.1423265047	-0.1417876481	-0.1419647621	-0.1401340647	-0.14252949	-0.08039813401	-0.1401770797	-0.1417158416	-0.1420660598	-0.140949964	0.2209196659	-0.1376254255	0.1365795245	-0.07870559167	-0.140389272	-0.07838355704	0.2781439255	0.2019168167	-0.1417351189	-0.07896499999	0.1999799281	-0.1408821038	-0.1397878338	-0.1204659701	-0.1405712137	-0.07223034376	-0.1426064447	-0.1420003279	-0.07881018046	-0.07925751322	0.4056491439	-0.07753144722	0.05772393879	0.3997268999	-0.13985111	-0.1404672077	-0.1409263622	0.4047852643	0.2937900939	-0.0795250191	-0.07952963863	-0.07973820913	0.3998562687	-0.07933229826	-0.08034965196	-0.142585288	-0.0783373409	0.2827826395	0.2438577163	-0.07959985467	-0.1435519715	-0.1429061135	-0.140913453	0.4552119011	-0.1429477828	-0.1415892936	-0.1423310461	-0.07991706276	-0.07995257555	-0.1438493361	-0.143775856	-0.140033517	-0.08062434874	-0.1411981101	-0.1429661458	-0.1406433309	-0.1425144237
-0.002125954548	-0.002764029022	-0.01225760529	-0.01091985883	0.08523557896	-0.04055103909	-0.06733743786	-0.1271175636	-0.04454240071	-0.002866230093	-0.004143411701	-0.04514020503	-0.02147896698	-0.1320955665	-0.1367661998	-0.1379722787	-0.04598399475	-0.01769020371	-0.02120805762	-0.1173898422	-0.09428134522	-0.1132734544	-0.1140550428	-0.01784337592	0.087354526	0.08616335727	0.08689246476	0.08724764999	-0.06661178652	-0.04626816545	-0.007177651567	-0.03550147329	-0.1929587308	0.08573723116	-0.1888750855	-0.03921936086	-0.001350223628	-0.02349992633	-0.01354159598	-0.01253285028	-0.002899705624	-0.002212479269	-0.1173838774	-0.002455124506	-0.002497332044	-0.03862879071	-0.003144883541	0.08628077736	-0.02000073827	-0.002785280016	-0.1842784206	-0.1800255979	0.08614513193	0.08520232803	0.08699137169	0.08648284781	-0.1888379663	-0.003163794615	0.08513968577	0.08673481331	-0.003747467151	0.08564935904	0.08459347517	0.0857580315	-0.005280849484	-0.003217249498	0.09193810474	0.0005919472543	0.08474520446	0.08547905642	-0.1800748679	0.09982141442	0.09797680459	0.08356240864	-0.00419997396	0.08571301789	-0.1450483882	0.08513793142	0.0005160969991	0.08334246416	-0.005285126006	-0.00114869583	-0.07237107535	-0.1444095403	-0.1105496432	-0.1230126974	-0.08595050033	-0.1416626395	0.08617972598	0.08428635251	0.08739871374	-0.08208376974	0.08459943176	0.08480539457	-0.1795995073	0.08389910986	0.09010599376	0.08422493913	0.0835003771	-0.07886523198	0.08628376836	-0.139338541	0.1280590266	0.00332436673	-0.1407428518	-0.07780244091	0.09190845751	-0.1254761243	0.08459763825	-0.1423480945	0.08883692824	-0.1796440738	0.08448313105	0.08350233779	0.08439585633	0.08558045776	0.08842358732	0.09169561645	0.09252031384	0.08890450798	0.001212519402	0.107136157	0.1001042241	0.1031327505	0.08509355687	-0.1230856578	0.08311986734	-0.0696744555	-0.003783742612	0.08565424891	-0.004607940294	-0.1296705456	-0.1160762194	0.09436840273	0.002998849571	-0.1151388221	0.09263456042	0.09508802668	0.07416829947	0.09193945047	-0.00543210629	0.08501793342	0.08505023108	0.004852484459	-0.002820574466	-0.1885889712	0.003504349009	-0.05006777758	-0.1849117354	0.08625817838	0.08283828013	0.09495549835	-0.1878966076	-0.137132058	-0.004107578443	-7.469965606e-05	-0.003522931405	-0.1873716059	0.002853212338	-0.00165225784	0.08575766156	-0.004248448639	-0.1491028845	-0.1272815742	-0.003881487392	0.09068965154	0.0841706119	0.09151926442	-0.1423281479	0.08568259535	0.1001382864	0.08624375198	-0.006019608926	0.002089220752	0.08516158724	0.08457541673	0.09075257565	-0.003037695613	0.09131255408	0.08465823236	0.0911487618	0.08520002361
0.1013877846	0.09959999581	-0.02860158894	-0.03071298559	-0.001375114469	0.01144721459	-0.03747118577	-0.06326327754	-0.007280951956	0.1020446407	0.1000231314	-0.008088238135	-0.071020953	-0.0694624549	-0.07427680254	-0.07577031005	-0.007181388829	-0.06938790417	-0.07103747223	-0.05073273029	-0.02863023343	-0.0480534855	-0.04754164527	-0.06796021913	-0.001056087496	-0.003618631624	-0.002745809837	-0.002289462596	-0.03832639168	-0.01098332238	-0.02459340285	-0.001435478852	-0.1191087581	-0.002895043373	-0.1130202587	-0.02171253822	0.1017323727	-0.07204133572	-0.03023877578	-0.02902054823	0.1004703193	0.1018460201	-0.07113419561	0.09926827558	0.1001541214	0.01279460578	0.09921914129	-0.0009143542092	-0.07241701021	0.09981611562	-0.1130256273	-0.1077636285	-0.001901169389	-0.003208285467	-0.002072045723	-0.002293141014	-0.1119771394	0.09905651592	-0.003029418109	-0.00168588184	0.09919141486	-0.0041006021	-0.00288908499	-0.003736528806	0.09895146119	0.1000627062	0.002587258728	0.1051116865	-0.003599641479	-0.003296932401	-0.1073793603	-0.003248057263	-0.004517809912	-0.004207580109	0.09888262235	-0.002919256637	-0.08270270521	-0.004500343182	0.1030238361	-0.00385266741	0.09783159558	0.1038021863	-0.05112768101	-0.08005185713	-0.02837138741	-0.04126558449	-0.02719767475	-0.08017924233	-0.002596262845	-0.004411689578	-0.002383275159	-0.03425323065	-0.003292769646	-0.002820879886	-0.1072636957	-0.00368653594	0.00190486212	-0.004306173384	-0.005596780119	-0.04956425611	-0.002809746078	-0.0775677152	0.00332436673	0.1407546798	-0.08084031184	-0.05310990347	0.002126468615	-0.04401643994	-0.003459779097	-0.08100841163	0.000204653714	-0.1066611376	-0.004436572075	-0.004764561409	-0.004302185754	-0.00348295966	0.0005098842738	0.002775913325	0.001732324869	-0.000663100473	0.1055885444	0.003557595673	-0.00329859519	-0.0008769536789	-0.004688432023	-0.04263197353	-0.003709888904	-0.04943706124	0.09995165762	-0.002978025615	0.1001992276	-0.07106143433	-0.03576624944	0.002430699394	0.1077402499	-0.03353542348	0.003283714412	0.002797127195	-0.005258979525	0.002876033056	0.1113812949	-0.002752055332	-0.003047197627	0.1093322124	0.1159268801	-0.1117281443	0.1060120881	0.007247905048	-0.1114444716	-0.0004278635596	-0.004221421168	0.001802313085	-0.1117543522	-0.07823551809	0.09940616075	0.1149361832	0.09820046868	-0.1089989999	0.1083789517	0.1024363385	-0.003449470153	0.09912367379	-0.1094640602	-0.04471218687	0.0999196804	0.000901275338	-0.004060616756	0.002390079445	-0.08156332214	-0.00323710777	-0.004224613903	-0.001957379657	0.09695130084	0.1051718171	-0.002752115807	-0.002763429139	0.0002520152759	0.09875147203	0.0009557079981	-0.003974042169	0.001654201495	-0.004384605845
-0.0835600615	-0.08271447278	0.003746580436	0.005084326891	-0.141748192	0.04422652685	0.1115729919	0.1962336736	0.04130693286	-0.08319063404	-0.08161928592	0.04208050394	0.03375922155	0.2071550054	0.2216433857	0.2179076175	0.04202105326	0.03539227037	0.03331155943	0.158815166	0.1326296594	0.1485386861	0.1467725357	0.03595766965	-0.1426022163	-0.1422364824	-0.142769302	-0.1405911809	0.1351492163	0.06562885015	0.01723991006	0.03628093558	0.3493579082	-0.1414231719	0.3970342305	0.05260020558	-0.08494004502	0.03434534162	0.004731186996	0.003327621148	-0.08318409821	-0.08361091568	0.2039474197	-0.08472706415	-0.08321286751	0.04413677509	-0.08400413331	-0.142460483	0.03338107443	-0.08340715898	0.3370563304	0.3308914524	-0.141108896	-0.141736414	-0.1423247458	-0.1418272696	0.3964647325	-0.08373561579	-0.1429946896	-0.1423697248	-0.08431928833	-0.1432035878	-0.143572928	-0.1434143717	-0.08466303565	-0.08527730942	-0.1416894417	-0.08357273132	-0.1445709131	-0.1431184896	0.3302597845	-0.143092018	-0.1409940177	-0.143885423	-0.08491550943	-0.1425970995	0.4906669135	-0.1443893905	-0.08350486728	-0.1415185102	-0.08436045714	-0.08100194552	0.1760970737	0.4574520626	0.2151473748	0.2486186033	0.1875239362	0.5057563952	-0.1413760899	-0.1430835324	-0.1431299931	0.3454702549	-0.1425394697	-0.1426424371	0.3316437608	-0.1394435988	-0.1429466954	-0.1429780162	-0.1409171421	0.154512916	-0.1425655357	0.4488880665	-0.1407428518	-0.08084031184	0.66648648	0.1771328515	-0.1401382316	0.2432928667	-0.1434879256	0.5059332259	-0.1424911894	0.3292343796	-0.1436367519	-0.1424946804	-0.144123743	-0.1431608026	-0.1416111017	-0.1409259299	-0.1405323754	-0.1429278007	-0.08352701636	-0.1404316761	-0.1436950096	-0.1424643705	-0.1427854177	0.2463899285	-0.1385985934	0.1657863588	-0.08284047409	-0.141937297	-0.08223101087	0.2646676139	0.2268122221	-0.1419897153	-0.08137531086	0.2287556195	-0.140992986	-0.1401861445	-0.1189361449	-0.1405383816	-0.07645864047	-0.1435796126	-0.1439794958	-0.08107677703	-0.08367982423	0.3950471181	-0.08008547238	0.0525830563	0.3917117314	-0.1399619922	-0.1417956693	-0.1411809586	0.3951384225	0.2801605399	-0.08376347216	-0.08222737809	-0.08430423443	0.3919848146	-0.08145518053	-0.08477196297	-0.1429835988	-0.08275965191	0.2820790374	0.2277945473	-0.08387845138	-0.1436628536	-0.1443104243	-0.1417429066	0.5129951731	-0.1443520936	-0.1427061758	-0.1420107853	-0.08419565947	-0.08336888649	-0.144807449	-0.1448525945	-0.1402881134	-0.08427647816	-0.1407341351	-0.1436518851	-0.1419039274	-0.1439187345
-0.05496736735	-0.05440920722	-0.00610827416	-0.008000124792	-0.07909520972	-0.004642784534	0.02231996339	0.1100621654	-0.005550378374	-0.05474165419	-0.05307504119	-0.004920521593	0.01223761035	0.1221030372	0.134572666	0.1289932261	-0.005072478032	0.01282267516	0.01217910717	0.09276008168	0.07657463326	0.08363331616	0.08339681441	0.01238207436	-0.07980551966	-0.07901142644	-0.07882289107	-0.07865677009	0.04177968175	0.006032175116	-0.00561711375	-0.01264058815	0.2217085462	-0.07877018962	0.2818201229	-0.001822754806	-0.05462277932	0.012341468	-0.006570436714	-0.005845520594	-0.05416026117	-0.05473079294	0.09520045542	-0.0559906557	-0.05605731632	-0.003439107633	-0.05483658197	-0.08052607215	0.01281156933	-0.0558204649	0.2090286244	0.1963624678	-0.07917448523	-0.07879600312	-0.080390335	-0.07946171593	0.2816658878	-0.05614892171	-0.08118481231	-0.0802157505	-0.05602547334	-0.07972034751	-0.08015016565	-0.08016828552	-0.05630656155	-0.05625347238	-0.07975503084	-0.05512375146	-0.08100443644	-0.07989065013	0.1949066194	-0.08104183732	-0.081071607	-0.08137615502	-0.05516436689	-0.08066268873	0.183399298	-0.0812377752	-0.05491217313	-0.07948207471	-0.05473384812	-0.05479245184	0.2665381237	0.1667115911	0.1530563482	0.185250028	0.1418675479	0.1814379869	-0.07996532773	-0.08100540731	-0.08033329655	0.01245991757	-0.08089248745	-0.08137538921	0.194441366	-0.07750918796	-0.07928771308	-0.08046874822	-0.07968212193	0.2436093288	-0.07885534482	0.1605728753	-0.07780244091	-0.05310990347	0.1771328515	0.4915920578	-0.0786349637	0.182204598	-0.08198465768	0.181758532	-0.08127535008	0.1951936993	-0.0816511325	-0.08036534678	-0.08098840923	-0.08036410598	-0.07938926226	-0.07985380483	-0.07931653603	-0.08072541891	-0.05565289368	-0.07835355101	-0.08076837973	-0.07961646539	-0.08070729257	0.1811371873	-0.07709532548	0.2693359833	-0.05423904592	-0.08029031482	-0.05318390973	0.1647979741	0.1684577672	-0.0787618758	-0.05421975967	0.1594788781	-0.07963343234	-0.07695830504	-0.06674453574	-0.07903511362	-0.04968629777	-0.080013136	-0.08075165635	-0.05291522577	-0.05391916899	0.2813971938	-0.05134906393	-0.01247476198	0.2737317084	-0.07797637282	-0.0801451186	-0.07852797634	0.2793494577	0.1820666956	-0.05662141899	-0.05363468394	-0.05580404604	0.2800761358	-0.05429962934	-0.05459841157	-0.0794683307	-0.05447104289	0.193247124	0.163982853	-0.05514204294	-0.08029129986	-0.08189366205	-0.08052706731	0.1810086986	-0.08112425416	-0.08002216956	-0.07873173732	-0.05601492743	-0.05463247804	-0.08129218096	-0.08074422256	-0.07858992264	-0.05548886117	-0.07894343854	-0.08071147419	-0.07881980222	-0.08069089498
-0.002030423999	-0.0003690697372	-0.01043750319	-0.01082432828	0.08734310966	-0.0403775618	-0.06759510347	-0.1286686579	-0.04387201297	-0.002523282319	-0.002963934343	-0.04410444197	-0.02267686509	-0.1334221072	-0.1375987226	-0.1389485158	-0.04650302147	-0.0198941019	-0.02197481284	-0.1186535078	-0.09611986808	-0.1159957011	-0.1156061371	-0.0201909884	0.09169571787	0.09215117396	0.09158685278	0.08763060913	-0.06845030938	-0.04595097387	-0.0100221745	-0.03577932348	-0.1929289678	0.08698247607	-0.1902824655	-0.04019559795	-0.0008235501911	-0.02369724781	-0.01264954721	-0.01260121862	-0.002804175075	-0.001859617147	-0.1193661146	-0.002047712283	-0.003120372975	-0.037878061	-0.00204335292	0.0904003082	-0.01990520772	-0.002164950072	-0.1861169435	-0.17955437	0.08767780544	0.08681294827	0.08708690224	0.08700952125	-0.1898618434	-0.00364312125	0.09745093148	0.08769262963	-0.003384692602	0.09709831897	0.08598243438	0.08484756198	-0.004283112521	-0.00263693092	0.09318334965	0.0001126206193	0.08613416367	0.08586201556	-0.1803325335	0.08648574789	0.0843936301	0.08624479652	-0.003817014819	0.08609597703	-0.1453689288	0.08580831915	0.000467913252	0.08401285189	-0.003818220057	0.000671406271	-0.07435331251	-0.1450983487	-0.1121007375	-0.1248512203	-0.08678302312	-0.1416328766	0.0980598288	0.09610068777	0.09979079874	-0.08090429239	0.08529132114	0.08619435378	-0.1805757444	0.08421630144	0.09264466734	0.08532646975	0.08396128298	-0.08070375483	0.08634920189	-0.1408896353	0.09190845751	0.002126468615	-0.1401382316	-0.0786349637	0.1207468473	-0.1264523614	0.08563629386	-0.1413123315	0.08950731598	-0.1800454537	0.08572837596	0.08310095789	0.08456933362	0.08610713119	0.08952511794	0.09322828995	0.09232841579	0.09129946727	0.002170335727	0.09329140082	0.08582832502	0.08900056577	0.08547651601	-0.125067895	0.08314963033	-0.06935726392	-0.002604265254	0.09624092307	-0.003506409673	-0.1310779256	-0.117771028	0.1042365054	0.00374718404	-0.1166899164	0.09114923371	0.09209978946	0.07248619493	0.09232240961	-0.007822460284	0.08626317834	0.08510575027	0.002752289202	-0.002293901029	-0.1895652083	0.004174736742	-0.04917572881	-0.1868939726	0.08657536997	0.08386366164	0.09397926127	-0.1891602733	-0.1381711701	-0.003724619302	0.001457973853	-0.004499168487	-0.187842064	0.002948742887	-0.001700441587	0.0859969064	-0.005080971425	-0.150994901	-0.1290163942	-0.002923671068	0.09077879478	0.08431688473	0.09154902741	-0.1428732421	0.08678412597	0.08620757813	0.08720156831	-0.005572335653	0.001466179821	0.0862655131	0.08567694735	0.09041696331	-0.003948165136	0.09140808463	0.08532862009	0.09153172094	0.08463062782
-0.04515533234	-0.04689660095	-0.01978955198	-0.01313437657	-0.1260503216	0.02528925191	0.05959340512	0.1555876	0.02639365821	-0.04708533362	-0.04514953875	0.02731094358	0.01410337513	0.1664253157	0.1740823518	0.1727992547	0.0271077786	0.01516156677	0.01466171308	0.1541175826	0.1382795053	0.1426913883	0.1437995238	0.01457725167	-0.1273354888	-0.1259637548	-0.1270714316	-0.1267615964	0.07611565282	0.01597165195	-0.01333822286	0.01168659074	0.2847984925	-0.1277373017	0.3408749529	0.02418976329	-0.04725388734	0.01483320949	-0.02120071893	-0.02051612445	-0.04636022631	-0.04664332948	0.1523869996	-0.04574747781	-0.04753870998	0.02462464296	-0.04718026141	-0.1280560412	0.01213246073	-0.04380265767	0.2702415509	0.2660946964	-0.1273690337	-0.1270445437	-0.1277765898	-0.1261293992	0.3420347905	-0.04748660107	-0.1287659899	-0.1281089974	-0.04895274398	-0.1285437453	-0.1291684862	-0.1287225014	-0.04726430657	-0.04739737966	-0.126853857	-0.04545543076	-0.1295916141	-0.1279954764	0.2670585064	-0.1285718064	-0.1261584331	-0.1284749812	-0.04679820887	-0.1280489435	0.2480293547	-0.1279054585	-0.04783070975	-0.1280692524	-0.04750074792	-0.04633378807	0.1808726576	0.2296979156	0.3711103981	0.3999947453	0.162119518	0.2442293886	-0.1275465054	-0.1278168049	-0.1288063907	0.0715659561	-0.1292346845	-0.1289565668	0.2665797549	-0.125001839	-0.1268176822	-0.127855003	-0.1275507282	0.1594322142	-0.1271550939	0.2232837474	-0.1254761243	-0.04401643994	0.2432928667	0.182204598	-0.1264523614	0.5847800679	-0.1306014661	0.2478673387	-0.1288053192	0.2673265302	-0.1288011673	-0.1286650959	-0.1277073011	-0.1284689323	-0.1277815171	-0.1268089167	-0.1268465051	-0.1277317394	-0.04641571586	-0.1264583773	-0.1274543098	-0.127197643	-0.1286684045	0.3960414989	-0.1244815803	0.1729344195	-0.04587288789	-0.1292574269	-0.04511271875	0.2512034584	0.387396401	-0.127297845	-0.04498258185	0.3703472131	-0.1261574014	-0.1254942742	-0.110274717	-0.1272836542	-0.04011382214	-0.1284565994	-0.1287127683	-0.04396547654	-0.04714338093	0.3401907972	-0.04326160048	0.02717863804	0.3331093108	-0.1259886933	-0.1278021454	-0.1266328026	0.3388354306	0.2641724021	-0.04824652695	-0.04540350619	-0.04920493409	0.3404990306	-0.04549359441	-0.04593609093	-0.1269982998	-0.04675069627	0.2352310566	0.3488470842	-0.04791686526	-0.1286835547	-0.1298431076	-0.1277696078	0.245863309	-0.1305225091	-0.1278907758	-0.1268877721	-0.04840981541	-0.04539530022	-0.1286784358	-0.128099496	-0.1270333861	-0.04779164496	-0.1264734076	-0.1296785862	-0.1280743429	-0.1286019492
-0.0003501176209	0.000305236569	-0.0122871792	-0.01138057564	0.08902341603	-0.0393529519	-0.07052886376	-0.130087191	-0.046106579	0.001209035569	-0.0003750893125	-0.046339008	-0.02307451217	-0.1364106119	-0.1416453492	-0.1410393676	-0.04629444447	-0.02504920672	-0.02324963168	-0.1205031839	-0.09936043418	-0.1167931242	-0.1168347031	-0.02534609323	0.09003600903	0.09002031086	0.08809344451	0.08920734487	-0.06996630393	-0.0474286814	-0.01460242214	-0.03512022638	-0.1962157868	0.08880649675	-0.1921321415	-0.0411021489	-0.0002929581808	-0.02408742906	-0.01183152661	-0.01207062661	0.0004569885591	0.0003955464154	-0.1211695377	-0.0009768495034	0.0009222371432	-0.03942781768	-1.27429455e-05	0.08949375725	-0.02189859804	0.001577414238	-0.1886057908	-0.1836675439	0.08872926252	0.08925807901	0.08953203298	0.08799411978	-0.1918075937	-0.0009568148001	0.0905083801	0.08982694254	0.000753642791	0.08977087758	0.08953102661	0.08855475448	-0.0004870123414	-0.001251445399	0.09995653139	-0.003030484061	0.103335614	0.08869203631	-0.1835730996	0.08864345003	0.08844257246	0.103015104	-0.0002684225931	0.0916565694	-0.1485474007	0.0884946256	-0.002835527852	0.08808965599	0.0001319187222	-0.004546573558	-0.07784672078	-0.1458611854	-0.1179744138	-0.1284254679	-0.09179441365	-0.1451262848	0.0882429915	0.08840497849	0.08957032636	-0.08080484326	0.08821765255	0.08902437453	-0.1834314205	0.08463497759	0.08455240159	0.08873504828	0.08779730379	-0.08031687712	0.09158777925	-0.1425147577	0.08459763825	-0.003459779097	-0.1434879256	-0.08198465768	0.08563629386	-0.1306014661	0.1176827105	-0.1442308826	0.08663501776	-0.1828548769	0.1049418265	0.1018832655	0.102391894	0.1047457245	0.1004031393	0.1009100103	0.09895788324	0.09973434556	-0.003047644102	0.08483086719	0.08971059871	0.08655941044	0.08959996542	-0.1299355712	0.08315161803	-0.07328181509	0.0005760590881	0.09044808606	-0.0009489315359	-0.1332150302	-0.122063847	0.08571597106	-0.002701349448	-0.1214138783	0.08460323881	0.08478897019	0.07168877187	0.08443673317	-0.005337480592	0.0886620562	0.08730346378	-0.002650232848	-0.0004236274782	-0.1917023129	-0.003423511114	-0.04800740462	-0.1890310772	0.08470907182	0.08768670825	0.08818642425	-0.190866235	-0.1398896353	0.00027797945	-0.002610291608	-0.0007412318799	-0.1900538047	-0.003166109132	0.000169831964	0.09214724194	0.000525873821	-0.1541546278	-0.1311134874	5.00639743e-05	0.0876356901	0.08933012773	0.08567535111	-0.1457917932	0.08895845024	0.0881753131	0.08634127024	-0.001483472657	-0.005045228671	0.0893805672	0.0890356929	0.08828261379	0.0002268943798	0.08596555121	0.09093546534	0.1003977421	0.103215576
-0.08372816129	-0.08302628686	0.00271619487	0.004628798509	-0.1430660062	0.0460704272	0.1115486064	0.191754145	0.03740226138	-0.08335873383	-0.08130503428	0.03788840386	0.03502826472	0.2082843487	0.2240415435	0.2221946609	0.03840381036	0.03579902777	0.03371831682	0.1600842092	0.1295872737	0.1502388722	0.1510595791	0.03636442704	-0.144207459	-0.1429794393	-0.1437996876	-0.1427712808	0.1331128307	0.06718532192	0.01505981013	0.03668769297	0.3506102773	-0.1430284147	0.4013212739	0.05315067727	-0.08453328762	0.0351832419	0.002694801359	0.001722378398	-0.08349591229	-0.08363530117	0.2050727486	-0.08475144964	-0.08409953878	0.04569324685	-0.0840285188	-0.1436345828	0.03393154612	-0.08400640166	0.3377505164	0.3315856384	-0.1428578531	-0.1426230853	-0.14364256	-0.143719941	0.4011829188	-0.08419114417	-0.1437376466	-0.1431126818	-0.08348138804	-0.1435154019	-0.1444595992	-0.1446809773	-0.08540599263	-0.08501426632	-0.143582113	-0.08374083111	-0.1457450129	-0.1441488752	0.3300916847	-0.1442661179	-0.1423118318	-0.1449158086	-0.08479618063	-0.1436274851	0.4972533856	-0.1454197761	-0.08324182418	-0.1424051814	-0.08446069185	-0.08102633102	0.1759289739	0.4633199633	0.2163621259	0.2497439321	0.1857749792	0.5042948667	-0.1428376184	-0.1439702037	-0.144304093	0.348176441	-0.1434261409	-0.1436728227	0.3314293754	-0.1404366663	-0.1436896524	-0.1437209732	-0.1415163847	0.1622491025	-0.1431647784	0.458061396	-0.1423480945	-0.08100841163	0.5059332259	0.181758532	-0.1413123315	0.2478673387	-0.1442308826	0.6724737095	-0.1440964322	0.3292099941	-0.1448108517	-0.1432376374	-0.1451541285	-0.1437600453	-0.1432163444	-0.1429623155	-0.142568761	-0.1439581863	-0.08340768755	-0.1414620617	-0.1448179009	-0.1437408966	-0.143672089	0.2437786856	-0.1397726933	0.1712231165	-0.08272114529	-0.1433988255	-0.08254282495	0.2702992944	0.228943551	-0.1427326723	-0.08168712494	0.2261443766	-0.1425982287	-0.1417913873	-0.1201256308	-0.1417124814	-0.07581475449	-0.1448974268	-0.1447224528	-0.08167601971	-0.08379671548	0.4009150188	-0.08125957224	0.05356467088	0.3970559834	-0.1402738063	-0.142901904	-0.1427862014	0.4012937517	0.2858712282	-0.08393157194	-0.08196433499	-0.08404119134	0.3952658579	-0.08191070891	-0.08450891988	-0.1443014129	-0.08220918022	0.2836386851	0.2363930195	-0.08404655117	-0.1448369535	-0.1454845242	-0.1427732922	0.5046353584	-0.1453824792	-0.1441677043	-0.1434723138	-0.08364518778	-0.08339327198	-0.1456941203	-0.1456880573	-0.1417496419	-0.08444457795	-0.1423393778	-0.1451134135	-0.1426468844	-0.1446616914
-0.001509095869	-0.0007100273829	-0.01264674668	-0.01159642882	0.08714586631	-0.04114966234	-0.06937320407	-0.1290818697	-0.04565011358	-0.002001954189	-0.003304891989	-0.0448765425	-0.02196556979	-0.1339067791	-0.13930372	-0.1401517592	-0.046339733	-0.0216722025	-0.0218846276	-0.1212938942	-0.09890396876	-0.1169115159	-0.1172405234	-0.02153794612	0.08718704564	0.08755277954	0.08808418063	0.08704236655	-0.06936612421	-0.04719676956	-0.01323741806	-0.03554542394	-0.1958567828	0.08707266131	-0.1926354232	-0.03981798411	-0.001595650725	-0.02352436663	-0.01313421915	-0.01308589056	-0.001851704057	-0.001625717608	-0.120569358	-0.001957527041	-0.001736759069	-0.03989973256	-0.001953167678	0.08704135033	-0.02053359396	-0.002743278521	-0.1879593582	-0.1823384707	0.08598942702	0.08704684781	0.08746451608	0.08652484931	-0.1923585155	-0.002690650232	0.08590025875	0.08856925144	-0.003248254483	0.08669736061	0.08607261963	0.1017279617	-0.004663990805	-0.001921830706	0.09126153475	0.0006339487495	0.0867992061	0.08652705799	-0.1819669198	0.08600107594	0.0844438947	0.08662241035	-0.004589115353	0.08719216235	-0.1465721722	0.1015633627	-1.675868959e-05	0.08367189425	-0.003654931589	-0.0003881228546	-0.07598769881	-0.145726735	-0.1156034097	-0.126198178	-0.09042940957	-0.1441295486	0.08708401325	0.08641830089	0.08694669734	-0.08182010722	0.08600642135	0.08542225325	-0.1815503153	0.08506084331	0.08971685237	0.0858052456	0.1006517155	-0.08320042692	0.0874453872	-0.142236593	0.08883692824	0.000204653714	-0.1424911894	-0.08127535008	0.08950731598	-0.1288053192	0.08663501776	-0.1440964322	0.1184840747	-0.1818235543	0.08653713268	0.08664028624	0.08667151901	0.08777817369	0.09090873185	0.09202504653	0.08925688653	0.0915333668	-0.0004700506541	0.09151330022	0.08706822463	0.0892344653	0.1018064167	-0.1271334242	0.08403149027	-0.07250184134	-0.001651794236	0.08627110759	-0.004663400218	-0.1328560262	-0.1201239858	0.09139240401	0.0005319404749	-0.1187554456	0.08908370452	0.08816597441	0.07196505399	0.09040059471	-0.006893015314	0.08534736351	0.08692050706	-0.001468954435	-0.001341430011	-0.1919181661	0.0003846359931	-0.04951668646	-0.1893374466	0.08795898387	0.08503295018	0.09234487496	-0.1917498436	-0.1398055564	-0.002341005396	0.001548159095	-0.002971840285	-0.1902696579	0.0005957850977	-0.001897684937	0.08800163037	-0.004060635323	-0.152485573	-0.1310819233	-0.003264628713	0.1068212669	0.1022276427	0.1065854994	-0.1445076284	0.103257741	0.08601033478	0.1029566118	-0.004971607359	0.00170007936	0.10230559	0.1023287392	0.09194429152	-0.00256455123	0.1044325565	0.1023770923	0.09176562048	0.08750144248
-0.1098144254	-0.1092562653	-0.01113758742	-0.008523178971	-0.1819428426	0.02386444908	0.1246963451	0.2916251243	0.04465771393	-0.1098761408	-0.1071705659	0.04341928486	0.05070738326	0.3100229687	0.3326401888	0.3342289513	0.04522812002	0.05297076674	0.0506026272	0.3466990731	0.2538301332	0.3273685926	0.3322132997	0.05353616601	-0.182365724	-0.1816896979	-0.1812783545	-0.1810732601	0.1520091412	0.05263113755	0.004063547086	0.02362721744	0.5595080032	-0.1821926797	0.5412250217	0.04603867023	-0.1091824088	0.05249869517	-0.01123010843	-0.01331806952	-0.1095821764	-0.1098652796	0.3753002127	-0.1096879994	-0.1093072782	0.02166523575	-0.1093962114	-0.1817928478	0.050085375	-0.1100926658	0.6554431403	0.822018876	-0.1824759955	-0.1827933504	-0.1819445393	-0.1814079605	0.542288785	-0.110133694	-0.1823590822	-0.182178234	-0.1104038697	-0.1819931232	-0.18348015	-0.1829367037	-0.1103425424	-0.1112832181	-0.180303235	-0.108246238	-0.1836158493	-0.1820197116	0.8446642309	-0.1830271845	-0.1781544292	-0.1839363593	-0.1101638733	-0.1816420358	0.3479231306	-0.1844403269	-0.1094718026	-0.1808000589	-0.1107905631	-0.1066814522	0.1790167119	0.3409451208	0.2179232987	0.2594425277	0.1848387169	0.3319074493	-0.182289312	-0.1814098972	-0.1831180545	0.1384233066	-0.1823029774	-0.1825496591	0.8443149193	-0.1779003422	-0.1822790603	-0.1821666668	-0.1811438204	0.1978162714	-0.181610472	0.3295068388	-0.1796440738	-0.1066611376	0.3292343796	0.1951936993	-0.1800454537	0.2673265302	-0.1828548769	0.3292099941	-0.1818235543	0.8741007775	-0.1826816881	-0.1818270453	-0.1835998221	-0.1843614533	-0.1823806095	-0.1816954377	-0.1801521688	-0.1825475941	-0.1073382372	-0.1787580409	-0.1824333365	-0.1813655925	-0.1826926397	0.2625312819	-0.1762063867	0.1674125683	-0.109094838	-0.1824193763	-0.1086107806	0.3126210352	0.2389398972	-0.1803160801	-0.1073422462	0.2374238295	-0.179463065	-0.1787999379	-0.1507444576	-0.1795833178	-0.09775005564	-0.1820496917	-0.1820574054	-0.1041694264	-0.1097392653	0.5432452355	-0.106196122	0.0405726466	0.5353876079	-0.1782883569	-0.1817505314	-0.1789324662	0.5383740296	0.3386166089	-0.1094336133	-0.1089128849	-0.1098400269	0.5343073199	-0.106990973	-0.1089095858	-0.1808325678	-0.1071662255	0.7413414892	0.2792808173	-0.1107076725	-0.182276647	-0.1832924855	-0.1796381285	0.3352659412	-0.1828221727	-0.1807652966	-0.1801934358	-0.108470051	-0.1094795361	-0.1832775281	-0.1827448412	-0.1803390497	-0.1103871278	-0.179635357	-0.1826968213	-0.1831045781	-0.1819576706
-0.001120321298	0.0008435201285	-0.01168311493	-0.01120765425	0.08940292672	-0.03889260192	-0.06980019504	-0.1300114637	-0.04655476767	0.0006862491174	-0.0009140468584	-0.04664348237	-0.02373677859	-0.1353397701	-0.1405469997	-0.1408661788	-0.04645520454	-0.026169714	-0.02379528177	-0.1192777422	-0.09875610255	-0.115470221	-0.1160866571	-0.02718517198	0.08858737829	0.08903727637	0.08906287095	0.08886828408	-0.07151768673	-0.04605448744	-0.01687264378	-0.03467898625	-0.1962837738	0.09004829321	-0.1922001284	-0.0408663525	-0.0009194475621	-0.02389944909	-0.00982917471	-0.01183483021	-0.0006006437102	0.0003439142181	-0.1198466346	-0.0001260514989	-0.0004856987225	-0.03883863939	0.0007350356285	0.08843612498	-0.02287539101	-0.0007771842487	-0.1876034636	-0.1839254981	0.08882134462	0.08757933668	0.08842814783	0.08906933832	-0.1919232207	0.0001412673704	0.08959446213	0.08946501811	-0.0006063040535	0.08909813532	0.08995705753	0.08911986004	-0.0003949302428	-0.0002896852599	0.1004168814	-0.004007277039	0.1034276961	0.0889278327	-0.1833999108	0.08899176642	0.09019661846	0.1033946147	-0.0006074833825	0.09203608009	-0.1484363062	0.09038750341	-0.003364555814	0.0882283834	4.909222099e-05	-0.004310777163	-0.07770811845	-0.146153726	-0.1170364007	-0.1280623119	-0.09171868632	-0.1445565396	0.08732907353	0.08944045302	0.08920375776	-0.08023509804	0.08921942405	0.08897830034	-0.1831270207	0.08483897555	0.08550676947	0.08820602031	0.08865447761	-0.08104056056	0.0904210191	-0.142663584	0.08448313105	-0.004436572075	-0.1436367519	-0.0816511325	0.08572837596	-0.1288011673	0.1049418265	-0.1448108517	0.08653713268	-0.1826816881	0.1178397544	0.1021396785	0.1040185805	0.1041192351	0.1004952214	0.09945582161	0.09999309041	0.1005449991	-0.004105276371	0.08385407421	0.09110106514	0.0870416147	0.08868604745	-0.1292849867	0.08391601873	-0.07357435564	-0.0002570195937	0.08996531097	-0.0002818196637	-0.1332318086	-0.1219881197	0.08574517815	-0.002672142354	-0.1211944367	0.08444247873	0.0843870344	0.07267772615	0.08403479737	-0.005934571566	0.0884667097	0.08860271029	-0.004529322968	0.0003919817657	-0.1917702999	-0.004256589796	-0.04970276907	-0.1891383718	0.08403632956	0.08805098404	0.08727250628	-0.1912216506	-0.139082833	0.00106576939	-0.002661923806	-0.001289637051	-0.1899034412	-0.003614297803	0.0005030897777	0.09208072376	0.0002993330238	-0.1528094419	-0.1309340571	-0.001438711183	0.08694632572	0.08996955919	0.08613570109	-0.1459406194	0.08913137163	0.08956082387	0.0853866574	-0.001166569614	-0.003803432205	0.08918522071	0.08916409756	0.08787792291	-0.001123256353	0.08599475831	0.08997529449	0.09919639555	0.1024990175
-0.001592024928	-0.001209040757	-0.01272967574	-0.009954786325	0.08736748662	-0.03936430555	-0.06808326643	-0.1286542178	-0.04544561405	-0.0005040259923	-0.0002415941317	-0.04539061445	-0.02291505355	-0.1340539844	-0.1384558904	-0.1383862146	-0.0451292334	-0.02588992835	-0.02311727103	-0.1194620172	-0.09951523477	-0.1151904354	-0.1154086464	-0.02546824337	0.08854125954	0.08842185844	0.08758516725	0.08681572319	-0.06836361516	-0.04350819086	-0.01734434741	-0.03342611833	-0.1948542737	0.0891454467	-0.1900520569	-0.04087399544	-0.001678579784	-0.02192800969	-0.01030087834	-0.009432247925	-0.002222061708	-0.0019303077	-0.1191357061	-0.0002623908935	-0.0008136880563	-0.04017262879	-0.0007426680731	0.08681470698	-0.02076023732	-0.0008177449905	-0.1865257063	-0.1829271409	0.0882059267	0.08825734742	0.08680672983	0.08687306313	-0.1899188635	-0.0007615791473	0.0889790442	0.08726874293	-0.002658864939	0.08991986035	0.08876678243	0.0894342731	-0.001297776761	-0.003060817625	0.09850803479	-0.004191552077	0.103674564	0.08716270041	-0.1821141251	0.08997085459	0.08886262905	0.1042163397	-0.002085187084	0.0901272335	-0.1467522953	0.0891972283	-0.003405116556	0.08962496562	-0.001710801931	-0.004926195089	-0.07570376125	-0.1444367973	-0.1161817579	-0.1269202405	-0.09089696129	-0.1437018968	0.08743222708	0.08911246368	0.08729491117	-0.07955708731	0.08788543465	0.08763875293	-0.1819849492	0.08612762862	0.08417278006	0.08773431668	0.08897444868	-0.07963439739	0.09030251162	-0.1415544303	0.08350233779	-0.004764561409	-0.1424946804	-0.08036534678	0.08310095789	-0.1286650959	0.1018832655	-0.1432376374	0.08664028624	-0.1818270453	0.1021396785	0.1181971007	0.1032594483	0.1033601029	0.100167232	0.09884040368	0.09779681522	0.09992958121	-0.005008122889	0.08453208495	0.08890478996	0.08645911457	0.08735205804	-0.1277117724	0.0843797041	-0.07200114133	0.0007084197364	0.09049960741	-1.574165849e-08	-0.1315477978	-0.1211334769	0.08455490304	-0.004293560352	-0.1204835082	0.08253363214	0.08190333062	0.07303061503	0.08273372577	-0.002545045244	0.08856986326	0.08741243518	-0.006294455262	-0.00094200764	-0.1897659427	-0.005303150609	-0.04801875826	-0.187330927	0.08399576882	0.08865628618	0.08550737399	-0.1892172934	-0.1369676793	-0.0001245057192	-0.003277341732	-0.0001804834245	-0.1884739412	-0.004804572913	-0.001549471108	0.09089044865	0.0009773437618	-0.1515313006	-0.1289626177	-0.001622986221	0.0861871935	0.08999476601	0.0842268545	-0.1443674051	0.08766731677	0.09009512031	0.08649025301	-0.0006965873041	-0.004849993019	0.0891521998	0.08912353682	0.08697507639	0.001135611641	0.08509191179	0.09036587663	0.09901212051	0.1028895996
-0.0009859349772	-0.0004742950833	-0.01284215727	-0.0119355537	0.08896245586	-0.04033907285	-0.06999975755	-0.1307144232	-0.04642038135	0.00110806403	-0.001360075733	-0.04622166746	-0.02388555193	-0.1355393327	-0.1390926017	-0.1401589914	-0.0461040007	-0.02632275627	-0.02423575263	-0.1193335904	-0.09823709357	-0.1146637835	-0.1151365053	-0.02705078566	0.08857249231	0.08931537699	0.08860734152	0.08770924173	-0.07056753487	-0.04620752971	-0.01803168612	-0.03513394959	-0.1964833363	0.08960782235	-0.1923996909	-0.04145053766	-6.648976125e-05	-0.02392383564	-0.01174877248	-0.01112558671	0.0005397426827	0.0005440680982	-0.1194713399	0.0004339196986	-0.0006387409935	-0.03980771456	0.0004382790616	0.08799565411	-0.02173500462	0.000941596882	-0.1885215976	-0.1855622035	0.08872229446	0.08986943744	0.08928110563	0.08906001034	-0.1921227832	0.0002756536914	0.08976087621	0.09067326959	-0.0007130934476	0.08797112073	0.08961378073	0.08893690156	0.00074545615	0.0003259017375	0.09839555326	-0.003729176422	0.1035620824	0.08863107614	-0.1844617591	0.08867995128	0.08798505581	0.1042475725	-0.0006168113575	0.09015846627	-0.1494981544	0.09009074684	-0.003230169493	0.08755130005	0.0001298366561	-0.003601533658	-0.07718910948	-0.1462095742	-0.1155113917	-0.1263935886	-0.09191824883	-0.1459058165	0.08735547562	0.09024689058	0.08948185838	-0.0821592321	0.08868529668	0.08766998569	-0.1839014404	0.08659000427	0.0852100129	0.08834040663	0.09030605568	-0.07965926581	0.09019003009	-0.1430068608	0.08439585633	-0.004302185754	-0.144123743	-0.08098840923	0.08456933362	-0.1277073011	0.102391894	-0.1451541285	0.08667151901	-0.1835998221	0.1040185805	0.1032594483	0.1176621106	0.1029601928	0.1000547505	0.09959020793	0.0976843337	0.1008230998	-0.004258318642	0.08456331772	0.08954290767	0.08813548086	0.08896414807	-0.1263228347	0.08572911633	-0.07327210911	2.108102333e-05	0.08909369722	0.000206125625	-0.1327127997	-0.1208942535	0.08544842158	-0.003256327513	-0.119813142	0.08385829357	0.08322799206	0.07274150141	0.08359432651	-0.003495568502	0.08773881025	0.08859338232	-0.004394936647	0.001101225271	-0.192257291	-0.00498448925	-0.0479875255	-0.1894816486	0.08491403816	0.08870774393	0.08711946401	-0.1914212131	-0.138563824	0.001200155711	-0.001808966005	0.0001381779343	-0.1899592895	-0.00462962585	0.0006374760987	0.08967450563	0.00034281156	-0.1526198454	-0.1296964767	-0.00101689627	0.08650585485	0.0893074273	0.08555151593	-0.1470024677	0.08940947225	0.0894077816	0.08867720022	0.0006135816494	-0.00453133166	0.08960703562	0.09020702253	0.08614402338	-0.0008400658644	0.08454828737	0.0905408237	0.09904335328	0.102396033
-0.00102899466	0.0002012167143	-0.01159178829	-0.0114037562	0.08848825329	-0.03980727535	-0.06946796005	-0.1299666573	-0.04646344103	0.0003464328681	-0.001243933524	-0.04597729855	-0.02335802335	-0.135577548	-0.1406459076	-0.1406728138	-0.0466513065	-0.02507238729	-0.02327281224	-0.1211012216	-0.09986101051	-0.1167188433	-0.1164729936	-0.0252255595	0.08867314692	0.08912860301	0.08899542472	0.08852846783	-0.07176030892	-0.04642923976	-0.01663760284	-0.03520903703	-0.1971012531	0.08999590556	-0.1927301792	-0.04106245445	0.0003215934444	-0.02411060962	-0.0124684197	-0.01174350358	-0.0006530313675	0.0008663837447	-0.120664114	-0.0009025686475	3.677080414e-05	-0.04090302719	0.0006826479712	0.0889585945	-0.02134692142	0.0004173365233	-0.1892832287	-0.1851741203	0.08920009985	0.08910780628	0.08895061736	0.08815466488	-0.1924532715	8.88797131e-05	0.08896721729	0.08991163843	0.000347308361	0.08976431914	0.08842100668	0.08972927731	-0.0004473179001	-0.0006295015092	0.1000770651	-0.004059664697	0.1016507369	0.08916287364	-0.1847922474	0.08806203441	0.08822942472	0.1029110841	-0.0005161567438	0.089827978	-0.147529214	0.0901151773	-0.002123514808	0.08817599574	-0.0002299333895	-0.004363164821	-0.07694474057	-0.1452417895	-0.1159313022	-0.1272989341	-0.09167387992	-0.1437931617	0.08799525735	0.08804811646	0.08814537003	-0.08076514882	0.08729875055	0.08963892615	-0.1848067858	0.08503669841	0.08502323892	0.08844106125	0.08884299831	-0.08013346838	0.09108720292	-0.1423265047	0.08558045776	-0.00348295966	-0.1431608026	-0.08036410598	0.08610713119	-0.1284689323	0.1047457245	-0.1437600453	0.08777817369	-0.1843614533	0.1041192351	0.1033601029	0.1029601928	0.1170011341	0.09972426223	0.09954714825	0.09950955986	0.1004926115	-0.002720521068	0.08610111529	0.09056632605	0.08727142348	0.08805880261	-0.127659323	0.08400734537	-0.07266726346	0.000121735637	0.09020035191	-0.000636694486	-0.1333819251	-0.120362456	0.0855490762	-0.003443101491	-0.1194250587	0.08439009107	0.08390350385	0.0713862019	0.08355126683	-0.005221215785	0.08855803634	0.08783175116	-0.003863139145	-0.001005043098	-0.1925877792	-0.003159263085	-0.04817429947	-0.1895759168	0.08398394191	0.08745194831	0.08750754721	-0.1914642728	-0.138750598	0.001444524621	-0.001995739983	-0.0003360246359	-0.1909392711	-0.00294811398	0.0005944164164	0.09016005026	-0.0001313910103	-0.1523946307	-0.1290209649	-0.0006288130643	0.08732508095	0.08991717154	0.08565217054	-0.1454646701	0.08951012686	0.09051443628	0.08662214039	-0.002192077414	-0.00356839127	0.08956397594	0.08934792995	0.08768182096	-0.0003598784691	0.08565494206	0.08977919253	0.1004374366	0.1018717726
-0.002209865381	-0.002416796967	-0.0132038019	-0.01200976974	0.08658881109	-0.04070071748	-0.0693554021	-0.1284892105	-0.04577123543	-0.001984152221	-0.002922643271	-0.04715816927	-0.02328744936	-0.13331412	-0.1387356749	-0.1394153858	-0.04704050251	-0.02237297202	-0.02301654	-0.1199826636	-0.09687416665	-0.1158877139	-0.1157855785	-0.02295728711	0.0874922762	0.08771429581	0.08680855393	0.08716373915	-0.06920460795	-0.04641784384	-0.01336333039	-0.03524019338	-0.194976695	0.08694674899	-0.1911804783	-0.03965646785	-0.002296420237	-0.02364960472	-0.01354756007	-0.01349923148	-0.002839902161	-0.00232648712	-0.1209826989	-0.003467088674	-0.002581242877	-0.03978446917	-0.00265393719	0.08691543801	-0.02152179207	-0.003587762329	-0.1873666991	-0.1833369908	0.08744437195	0.08677722119	0.08834460382	0.08769236564	-0.1910472849	-0.003966276928	0.0864929179	0.08866290262	-0.003995276872	0.08628401969	0.08537185011	0.08732808115	-0.004502474541	-0.003772314586	0.1045010519	0.001226607901	0.1021944377	0.08467657411	-0.1826676893	0.08702487798	0.08460541097	0.1010116419	-0.005433599161	0.08720996431	-0.1462669417	0.08620373495	0.0002884718702	0.08512683917	-0.004431550312	0.001785393553	-0.07510761107	-0.1455652187	-0.1144358933	-0.125174376	-0.08998046472	-0.1432494609	0.08724552951	0.08528638849	0.08696928978	-0.08065259088	0.0865990805	0.08544005522	-0.1819636563	0.08612196343	0.09016579722	0.08414102829	0.08516981153	-0.08102691051	0.08832547494	-0.1417876481	0.08842358732	0.0005098842738	-0.1416111017	-0.07938926226	0.08952511794	-0.1277815171	0.1004031393	-0.1432163444	0.09090873185	-0.1823806095	0.1004952214	0.100167232	0.1000547505	0.09972426223	0.1206753931	0.1051208494	0.1039335467	0.1066411699	-0.0004522486863	0.08923167345	0.08593631223	0.08882112438	0.08745278907	-0.1261096221	0.08608604318	-0.07097384826	-0.003789706708	0.08614519526	-0.003973279647	-0.1303950812	-0.1195313266	0.09112277739	0.001268313923	-0.1177316435	0.0886703636	0.08847120497	0.07387813786	0.08855011083	-0.005384078275	0.0845028797	0.0843514517	-0.001451152467	-0.003191913891	-0.1907506497	-0.0004598478149	-0.04993002738	-0.1877919855	0.08857639382	0.08554976012	0.09164410544	-0.1900582862	-0.1373446114	-0.003760346388	0.001709675359	-0.004822324165	-0.188814713	0.0004698727695	-0.003317025929	0.08768575087	-0.004110698439	-0.1524968535	-0.1297706927	-0.003821683929	0.09232392495	0.08816144363	0.09079472884	-0.1440586835	0.08761068466	0.08588442246	0.09047127003	-0.003804091023	-0.0001504045204	0.08823939092	0.08837179188	0.09239323637	-0.003265320742	0.09122864325	0.08644260737	0.1048614234	0.1004535311
-0.001380979289	-0.001156767987	-0.01237491581	-0.01189945513	0.08713026859	-0.04130897435	-0.06852651601	-0.1283066418	-0.04638428277	-0.003023551977	-0.004182775481	-0.04632928318	-0.02356202476	-0.1340032161	-0.1384110349	-0.1394487855	-0.04858414838	-0.02197522881	-0.02290622539	-0.1205909205	-0.09776985211	-0.1167619613	-0.1162501211	-0.02155354384	0.08688401933	0.08762690401	0.08720629713	0.08626805369	-0.06851943615	-0.04702610071	-0.01037872986	-0.03640312284	-0.1945789518	0.08590734923	-0.1916450209	-0.0408395819	-0.001898677033	-0.02434123176	-0.01425216172	-0.01394358946	-0.002154730365	-0.001928743916	-0.11972267	-0.002494488286	-0.002327213969	-0.0389093302	-0.00354962265	0.08673832403	-0.02155519175	-0.002327733349	-0.187048356	-0.1815021047	0.0861175436	0.08545039284	0.08730520406	0.08665296589	-0.1912243989	-0.003999676612	0.08574094674	0.08733607427	-0.003818524791	0.08452604845	0.08562587902	0.08654925963	-0.004392159929	-0.002655999902	0.1066233667	0.001049493921	0.09986160931	0.08536174591	-0.1821262318	0.08526690675	0.0841408684	0.09925367068	-0.004604713069	0.08660170745	-0.1462374663	0.08530804949	0.0002550721861	0.08394372512	-0.004749632602	2.742231712e-05	-0.07571586794	-0.1451674755	-0.1133195786	-0.1242017756	-0.08800186426	-0.142995432	0.08778698701	0.08352841725	0.08641911744	-0.08140456204	0.08555968075	0.08440065546	-0.1813634426	0.08296014222	0.09013239754	0.0843950572	0.08420102284	-0.08192259597	0.08714236089	-0.1419647621	0.09169561645	0.002775913325	-0.1409259299	-0.07985380483	0.09322828995	-0.1268089167	0.1009100103	-0.1429623155	0.09202504653	-0.1816954377	0.09945582161	0.09884040368	0.09959020793	0.09954714825	0.1051208494	0.1216145938	0.1059121471	0.1051706272	0.001382637477	0.09207255968	0.08575919825	0.08903386521	0.08612596072	-0.125280736	0.08279307496	-0.07028867647	-0.003391963504	0.0852495098	-0.005397569414	-0.1310033381	-0.1187024405	0.09281394925	0.003103200086	-0.1169027575	0.09108010694	0.0914558055	0.07208993949	0.09167842566	-0.006838217466	0.0851880515	0.08460548061	0.001533448064	-0.002794170687	-0.1913589066	0.002668467013	-0.04996342706	-0.188256528	0.0863625289	0.08365082058	0.09549099175	-0.1907594412	-0.1378899932	-0.003793746072	0.0009577041948	-0.004280866665	-0.1894229698	0.003023330413	-0.001482139765	0.08712374688	-0.004959014383	-0.1523039628	-0.1299478067	-0.003136512133	0.09099709661	0.08560406162	0.09205475782	-0.143517226	0.08700242779	0.08529635018	0.08741987013	-0.006280633739	0.001253338755	0.08763113405	0.08651635923	0.0919286938	-0.003586149018	0.09205752934	0.08698406487	0.1061214524	0.09840813126
-0.002855710633	-0.003062642219	-0.01298736137	-0.01078732914	0.08609626109	-0.04048427696	-0.06813296151	-0.1269070872	-0.0449847282	-0.003923426137	-0.004938935345	-0.04607944297	-0.02163386588	-0.1318850901	-0.1370114803	-0.1372885773	-0.04632230803	-0.01755767402	-0.0219378137	-0.1183266981	-0.09593915465	-0.1143778447	-0.1142757093	-0.01857313201	0.08655900236	0.08586474408	0.08645013727	0.08661905592	-0.06755102446	-0.04681881278	-0.009697746763	-0.03531118145	-0.1928919687	0.08515118937	-0.1893831805	-0.03886517014	-0.002367408305	-0.02314573561	-0.01371489292	-0.01313907666	-0.003485747413	-0.002972332373	-0.118610544	-0.004544076814	-0.002652230945	-0.03971174295	-0.003587211034	0.08684444994	-0.0191496371	-0.003515036102	-0.1846428014	-0.1806670853	0.08579252662	0.08512537586	0.0864053299	0.08719023468	-0.1892499871	-0.005043265068	0.08469735828	0.08744220018	-0.005072265012	0.08405731718	0.08472600486	0.08646541837	-0.00568325634	-0.004130731246	0.105436064	-0.001287523199	0.09867430656	0.08403072886	-0.18015182	0.08465446118	0.0824186291	0.099072368	-0.005360872933	0.08570183329	-0.1444067689	0.08498303252	-0.001219659158	0.08318756526	-0.004787220987	-0.002309594803	-0.07503488484	-0.1440553495	-0.1122968749	-0.124239364	-0.08717716687	-0.1413084488	0.08573739849	0.08420940035	0.08580667188	-0.08086729324	0.08451609229	0.08493792426	-0.1797352156	0.08410958628	0.08980738056	0.08388377365	0.08315743439	-0.08080088904	0.08624248673	-0.1401340647	0.09252031384	0.001732324869	-0.1405323754	-0.07931653603	0.09232841579	-0.1268465051	0.09895788324	-0.142568761	0.08925688653	-0.1801521688	0.09999309041	0.09779681522	0.0976843337	0.09950955986	0.1039335467	0.1059121471	0.1265694174	0.104270753	-0.0002358081627	0.09117268552	0.08471560979	0.08774413624	0.08623208664	-0.1253183244	0.08232434369	-0.07046997915	-0.00515412344	0.08535563572	-0.005768839267	-0.1304660693	-0.1184526003	0.09119550361	0.001772183038	-0.1170840601	0.09132994715	0.09256793149	0.07378833864	0.09250312305	-0.008335974857	0.08428817734	0.08413674934	0.002789288344	-0.003550330551	-0.1888096377	0.002343450036	-0.04985730115	-0.1855103467	0.08560636904	0.08337185569	0.09372883182	-0.1882101723	-0.1377838673	-0.004837334528	-0.0006607414454	-0.005899312305	-0.1870174152	0.001548599069	-0.003819156885	0.08632133414	-0.006577460023	-0.1493235509	-0.127542252	-0.003174100518	0.09038465104	0.08470418746	0.09259202662	-0.1431236715	0.08682112511	0.08423257713	0.08709485315	-0.006174507827	-0.0006525354767	0.086300117	0.0854265179	0.09145996253	-0.00549202325	0.09216365525	0.08522190494	0.1040718638	0.09793939999
-0.001801992872	-0.000715495794	-0.01286659553	-0.01095399189	0.08692601745	-0.04058027357	-0.06923495819	-0.1296621953	-0.04579929629	-0.002438565488	-0.003259151858	-0.04631915387	-0.02251910011	-0.1341996761	-0.1394775167	-0.1405883705	-0.04663263	-0.02232319425	-0.02296676223	-0.1218742198	-0.09919686576	-0.1172044129	-0.1172459918	-0.02218893786	0.08826062545	0.08790778787	0.08743318889	0.08692608833	-0.0700901641	-0.04572254274	-0.01281174359	-0.03626946384	-0.1955748226	0.08685281246	-0.1924971774	-0.04061269015	-0.000307690472	-0.02325205424	-0.01292292512	-0.01344945371	-0.002719458244	-0.001056328835	-0.1202873978	-0.001622073205	-0.002891941848	-0.04038259674	-0.002246064681	0.08768378726	-0.02075344281	-0.001886461156	-0.1889065126	-0.1832165469	0.0880690069	0.08668328466	0.08710095293	0.08659242904	-0.1921726295	-0.004276975899	0.08726126715	0.08741925173	-0.003731118659	0.08604636887	0.08628391366	0.08757278176	-0.002513744776	-0.003364442077	0.1048382583	0.0007721946343	0.1009507868	0.08530120907	-0.1826909597	0.08750579864	0.08523004592	0.1009177054	-0.00473829806	0.08725974209	-0.1468650692	0.08654094132	0.0004089157872	0.08488918835	-0.00344882062	0.001474694582	-0.07462669041	-0.146019632	-0.1143861156	-0.1261305983	-0.08957259221	-0.144135017	0.08772645017	0.08576730914	0.08730170567	-0.08168186133	0.08607400109	0.08592097588	-0.1823090134	0.08534280349	0.09028624114	0.08562794902	0.08550701789	-0.08155198993	0.08751296694	-0.14252949	0.08890450798	-0.000663100473	-0.1429278007	-0.08072541891	0.09129946727	-0.1277317394	0.09973434556	-0.1439581863	0.0915333668	-0.1825475941	0.1005449991	0.09992958121	0.1008230998	0.1004926115	0.1066411699	0.1051706272	0.104270753	0.1185102673	0.0003867667107	0.08971259411	0.08675587002	0.08858347356	0.08620913818	-0.1270658444	0.08603802201	-0.07221749916	-0.002806977015	0.08648240163	-0.003996550026	-0.1321623807	-0.1193378346	0.09074141227	0.001532472136	-0.1177549139	0.08929499855	0.08737126837	0.07343563462	0.0885998886	-0.005450740843	0.08527122895	0.08540722954	-0.0007558513663	-0.002589118544	-0.1920673488	0.000522881878	-0.04923472628	-0.1892011903	0.08809722976	0.08603068078	0.09284359758	-0.1915186995	-0.138444548	-0.003065045287	0.00168640498	-0.003408451584	-0.1904188406	0.0008777452786	-0.002334296236	0.08874152871	-0.00442139741	-0.1522938334	-0.1297209149	-0.002264097053	0.09222998843	0.08677407844	0.09091517276	-0.1449442397	0.08794789103	0.08622162882	0.09016057106	-0.003971075698	0.001694610948	0.08872031158	0.08804163531	0.09229929985	-0.004007162601	0.09070356383	0.08721095663	0.105342344	0.1013655946
0.100569366	0.1000750058	-0.02898886472	-0.03368711869	-0.002921685566	0.01048508163	-0.03857703302	-0.06559029931	-0.009249084988	0.1009387934	0.09848614127	-0.01005637117	-0.07342022892	-0.07163717724	-0.07480779261	-0.07644501442	-0.01159266489	-0.07092489432	-0.07300560526	-0.05241343473	-0.03117322365	-0.04961191369	-0.04994092119	-0.07107806653	-0.00115593468	-0.00256876444	-0.002701942725	-0.001628186023	-0.04000709612	-0.01089690299	-0.02871725032	-0.002860782457	-0.1197906085	-0.003713462037	-0.1135512488	-0.02281838548	0.1019199541	-0.07400946875	-0.03062605155	-0.0295515383	0.1006579007	0.1003090299	-0.07382090012	0.09983350622	0.0999105599	0.01140132993	0.0991192941	-0.002451344353	-0.07438514325	0.1001974691	-0.1139837459	-0.10800719	-0.002234453054	-0.003882989835	-0.002171892907	-0.003249715963	-0.1125557696	0.1052800978	-0.003444707276	-0.0021410227	0.1213672836	-0.00394504845	-0.003707503654	-0.004123804582	0.1048916288	0.105905203	0.00119398288	0.1096106968	-0.003268345776	-0.002821922401	-0.1067630313	-0.003491618743	-0.005192514281	-0.004882284477	0.1220644911	-0.003162818117	-0.08502114184	-0.004169047478	0.1263494192	-0.004907698561	0.1209135715	0.1162054829	-0.05223352827	-0.08158884727	-0.03077066333	-0.04395228901	-0.02974066496	-0.08300966114	-0.002552395733	-0.00422410817	-0.002977140235	-0.03521536361	-0.003629987634	-0.002777012774	-0.1075072572	-0.004033317633	0.002092443528	-0.004076039699	-0.006159797949	-0.05125454151	-0.002622164671	-0.08039813401	0.001212519402	0.1055885444	-0.08352701636	-0.05565289368	0.002170335727	-0.04641571586	-0.003047644102	-0.08340768755	-0.0004700506541	-0.1073382372	-0.004105276371	-0.005008122889	-0.004258318642	-0.002720521068	-0.0004522486863	0.001382637477	-0.0002358081627	0.0003867667107	0.1440041285	0.003314034193	-0.002568184356	0.0003166278007	-0.005363136392	-0.04474382086	-0.003522307496	-0.05190938531	0.09884581036	-0.004083872871	0.09794366594	-0.07417928173	-0.03859666824	0.002187137914	0.1064906883	-0.03622212799	0.00203415286	0.002409851418	-0.008085428325	0.003638471648	0.09532916084	-0.002995616812	-0.003721901996	0.1059269364	0.1001621747	-0.1128339916	0.1050499552	0.006285772088	-0.1122096921	-0.003689425255	-0.004486795637	0.001846180197	-0.1133842406	-0.08170366909	0.1064920284	0.1036266209	0.1223883375	-0.1071614831	0.1058359615	0.1020490628	-0.002112174377	0.09852481863	-0.1111982583	-0.04725517709	0.1051372622	0.0002265709699	-0.003504767464	0.0005656607088	-0.08439374095	-0.003768097842	-0.002456175239	-0.002775798321	0.119669999	0.1098145416	-0.002708248695	-0.004444133578	0.001158168164	0.1033941966	0.0007121465179	-0.004361317946	0.001554354311	-0.004146966648
-0.002036439901	-0.001524800008	-0.01259923353	-0.01054291559	0.08604366509	-0.03995243482	-0.06803226226	-0.1283872452	-0.04487923847	-0.002960441109	-0.002969950246	-0.04511645794	-0.02182059522	-0.1330778195	-0.1377484528	-0.1375173888	-0.0456467516	-0.01932526062	-0.02212454304	-0.118803238	-0.09468874103	-0.1149957169	-0.1146061529	-0.01919100423	0.08665970161	0.08639658621	0.08755683659	0.08727614627	-0.06816889669	-0.04681927554	-0.01031561899	-0.03636019657	-0.1936535552	0.08640160299	-0.189138767	-0.03876447089	-0.002122994757	-0.0229019963	-0.01447647944	-0.0134695203	-0.001804190905	-0.001721918753	-0.118653559	-0.001712805939	-0.002264103102	-0.03817390073	-0.002049368822	0.08680143489	-0.01948008074	-0.003270622554	-0.184973245	-0.1794166716	0.08603694017	0.08637578948	0.08736831493	0.08628493386	-0.1888618593	-0.003936565744	0.0858040576	0.08682432796	-0.003678137096	0.0853077308	0.08497041841	0.08512897467	-0.00476019195	-0.003167746218	0.09102161931	0.001974890565	0.08584071918	0.08585599966	-0.1784702635	0.09941401862	0.09742569449	0.08523278055	-0.003248173537	0.08637738972	-0.1438749267	0.08508373177	0.0008930402375	0.08463250928	-0.004542807439	0.0009528189605	-0.07378447122	-0.1433797931	-0.1116756105	-0.124282379	-0.08549561036	-0.1416388925	0.08626924063	0.08387895671	0.08562473301	-0.08119773688	0.08519164873	0.08604462358	-0.1788571887	0.08492885702	0.09235122285	0.08417073948	0.08223069552	-0.08042234215	0.08548090021	-0.1401770797	0.107136157	0.003557595673	-0.1404316761	-0.07835355101	0.09329140082	-0.1264583773	0.08483086719	-0.1414620617	0.09151330022	-0.1787580409	0.08385407421	0.08453208495	0.08456331772	0.08610111529	0.08923167345	0.09207255968	0.09117268552	0.08971259411	0.003314034193	0.1241839586	0.09904402435	0.1036534081	0.08503935722	-0.1243553394	0.08285618583	-0.06914889938	-0.002610281157	0.08516890638	-0.004374711352	-0.1316587987	-0.1169147581	0.09273334583	0.003022596658	-0.1154025036	0.09186178929	0.09123148778	0.07448265116	0.0928912509	-0.006366989758	0.08553859096	0.08509973436	0.0027462733	-0.003018488411	-0.1888526527	0.003737577952	-0.04918174472	-0.1860329387	0.08743163984	0.08486364581	0.09426067396	-0.188109473	-0.1379705967	-0.003299492316	0.001883100838	-0.002924327134	-0.1870604302	0.003230155577	-0.001275314601	0.08656574769	-0.004464760627	-0.1489354231	-0.12801641	-0.002498544082	0.09062906458	0.08480488672	0.09139929721	-0.1420169722	0.08634696718	0.09942327746	0.08705183811	-0.006648665759	0.002897306879	0.08611338766	0.08546619879	0.09098580459	-0.004097895335	0.09125835443	0.08431660412	0.09037599067	0.08481838401
0.0002730564209	6.612483498e-05	-0.01181938592	-0.01024541942	0.08964659008	-0.03922379575	-0.06987110331	-0.129024289	-0.04516138995	0.001217341061	-0.0004664651481	-0.04668724761	-0.02287200517	-0.1349477042	-0.1397623742	-0.1401422202	-0.04594351513	-0.02535119346	-0.02254561834	-0.1193168191	-0.09841524513	-0.1149344408	-0.1161769426	-0.02504119503	0.08968776941	0.08996099756	0.09087233299	0.08968680461	-0.06994387865	-0.04493226584	-0.01504812317	-0.03287447106	-0.1960033943	0.09057938516	-0.1922071776	-0.0407151949	4.278726906e-05	-0.02318849288	-0.009502275059	-0.01050193049	0.000505305417	0.001881006233	-0.1194225409	2.183319963e-05	0.0003328218127	-0.0405607233	0.001984699052	0.08867978833	-0.021338299	-0.000148898244	-0.1882817118	-0.1832972121	0.09021472234	0.08943588504	0.09054009703	0.08931300167	-0.1920263441	0.001247216498	0.09047132882	0.09013982435	-2.89592334e-05	0.09078607925	0.08977426631	0.08915693107	0.001624513202	0.0005288352753	0.08542682935	-0.002757613616	0.0894948527	0.08974635324	-0.183582702	0.1053163723	0.1049089055	0.08955427701	-7.639143921e-05	0.09113002908	-0.1479197067	0.0890503095	-0.00150800745	0.08798042587	-0.0003094250982	-0.004590762454	-0.0771723382	-0.1453496979	-0.1158012298	-0.1280088831	-0.09186944979	-0.1445635888	0.08862994549	0.09021245332	0.09016599259	-0.08058078435	0.08903194452	0.08898018563	-0.1833098119	0.08644917079	0.08603786141	0.08988682662	0.08826449863	-0.08012484597	0.0905721767	-0.1417158416	0.1001042241	-0.00329859519	-0.1436950096	-0.08076837973	0.08582832502	-0.1274543098	0.08971059871	-0.1448179009	0.08706822463	-0.1824333365	0.09110106514	0.08890478996	0.08954290767	0.09056632605	0.08593631223	0.08575919825	0.08471560979	0.08675587002	-0.002568184356	0.09904402435	0.1191994777	0.1022362531	0.0879277251	-0.1272195577	0.08483967025	-0.07280235534	0.0009926438295	0.09168215941	0.0005103254936	-0.1322053416	-0.1210724051	0.08656369868	-0.003147050483	-0.1199912935	0.08558045561	0.08391212627	0.0742274434	0.0851407465	-0.004648192078	0.08904901019	0.09071465949	-0.002529060308	-0.0001158881832	-0.1919210633	-0.003869212148	-0.04696475415	-0.1890858771	0.08533720153	0.08822760476	0.08625476872	-0.1913215979	-0.1382596241	1.600407799e-05	-0.002130831863	3.061212336e-05	-0.1899851266	-0.002939491564	0.000603038833	0.09078978273	-0.0002831394316	-0.1515307069	-0.1296988862	-0.0003327620557	0.08690256048	0.08925843102	0.08508593578	-0.1457114485	0.08779417773	0.105811997	0.08613914192	-0.0007673660442	-0.002410054486	0.08871031258	0.08846427999	0.08603645757	-1.261891828e-05	0.08494499299	0.08964410066	0.08607462938	0.08995210846
-4.51340191e-05	0.001087883293	-0.01103907054	-0.01013246697	0.08792417448	-0.03867970042	-0.0690176685	-0.1284079395	-0.04471972083	-0.0006817066352	-0.002077150189	-0.04484972361	-0.02351960816	-0.1344135293	-0.1391298792	-0.1402686547	-0.04501948545	-0.02246638131	-0.02315123738	-0.1193987895	-0.09729629261	-0.1154475541	-0.1157765616	-0.02391298218	0.0882198646	0.08959159858	0.0900258056	0.08807518551	-0.06948301962	-0.04558909342	-0.01417531116	-0.03480003357	-0.1955425353	0.08868033746	-0.1911714614	-0.03903130566	-0.000419117467	-0.02345102751	-0.01253254308	-0.01075964294	-0.001106313687	-0.0003054700546	-0.1183589031	-0.0009247080789	0.0003299815993	-0.03814834212	0.0003730799478	0.08696574301	-0.02093791796	-0.00061080298	-0.1872139678	-0.1821782595	0.08817196035	0.08764852389	0.08882605172	0.08813252545	-0.191038268	-0.0009392597902	0.08693307771	0.08770720755	-0.001743004548	0.08734032476	0.08782401007	0.0871471309	-0.001044314515	-0.00137021242	0.08845535581	-0.0004476586434	0.08768831076	0.08741616266	-0.1820838152	0.1011644161	0.1008541433	0.08751151502	-0.001688010543	0.08793755272	-0.146360351	0.08707503765	0.0009136340612	0.08642928476	-0.0008510208406	-3.258728771e-05	-0.07409259408	-0.1455562018	-0.113277162	-0.1261713591	-0.09054630498	-0.1430554416	0.08811683221	0.08773854844	0.08826694489	-0.08121843114	0.08698918252	0.08664007459	-0.1813797821	0.08526869457	0.08892267357	0.08647613139	0.08601967618	-0.08029932211	0.08804706327	-0.1420660598	0.1031327505	-0.0008769536789	-0.1424643705	-0.07961646539	0.08900056577	-0.127197643	0.08655941044	-0.1437408966	0.0892344653	-0.1813655925	0.0870416147	0.08645911457	0.08813548086	0.08727142348	0.08882112438	0.08903386521	0.08774413624	0.08858347356	0.0003166278007	0.1036534081	0.1022362531	0.1204178601	0.08659952022	-0.1252383194	0.08438702584	-0.0724019743	-0.001050118162	0.08759135515	-0.002290632358	-0.1316282844	-0.1188037382	0.08944851084	0.0007437617458	-0.1184411981	0.08857695431	0.08924008146	0.07414136689	0.08960641591	-0.003386087256	0.08652389677	0.08737846884	-0.0002511330923	-0.0008322596909	-0.1907416328	-0.0002658285118	-0.04877129609	-0.1882534191	0.08712351699	0.08767454803	0.08910755312	-0.1903366978	-0.1386290231	-0.001164472138	0.0008976945899	-0.0007893069553	-0.1890184885	0.0003764634807	0.000284848393	0.08759730637	-0.002186875435	-0.1517401826	-0.1299053901	-0.002375524047	0.08964365834	0.086445889	0.08868931941	-0.1444395214	0.08761970158	0.1019894405	0.0887557154	-0.001036580843	-0.0002438138092	0.0862693255	0.08698010891	0.08985668405	-0.0002383036046	0.08797351945	0.08717019578	0.08924687013	0.08665720589
0.001214676081	1.744422846e-06	-0.01021040332	-0.009591228348	0.09045407639	-0.03828217609	-0.06995486093	-0.1265732722	-0.04666291332	-0.0002441709448	-0.002516102025	-0.04574562795	-0.02388690819	-0.1331950073	-0.1380137834	-0.1389643805	-0.04692138986	-0.02484071669	-0.02390342742	-0.1202946938	-0.09876705414	-0.1164871727	-0.1169598945	-0.02571246038	0.08746767456	0.08777941635	0.08739778284	0.09011458545	-0.07052263825	-0.04874949042	-0.01669336084	-0.03497736643	-0.1944264395	0.08879043319	-0.1907739371	-0.04126192675	0.0006969783368	-0.02424906355	-0.01213100439	-0.01208669016	0.001303210781	0.0005231971572	-0.1204045218	4.767342886e-05	-0.0001185409492	-0.03808449926	0.0009143185677	0.09062740806	-0.02097153652	0.0001242077243	-0.1866727292	-0.1830741639	0.08934326843	0.08991433406	0.09061943091	0.09084571741	-0.1903533151	-0.001547735538	0.08804917352	0.0915125869	-0.001145592594	0.08640313234	0.08692810573	0.1031120521	-0.001796504559	-0.001131074165	0.08536244894	-0.004833994172	0.08851697797	0.08824482987	-0.1832671481	0.0884374193	0.08675276267	0.08790903934	-0.003015057771	0.08919736282	-0.1467226862	0.1039322159	-0.004334987243	0.086302768	-0.001937159711	-0.003987779928	-0.07613821279	-0.1447275346	-0.115466495	-0.1270672635	-0.09043620925	-0.1434177768	0.08937664231	0.0869863584	0.09010161218	-0.08038976393	0.08758047893	0.08656516794	-0.1827068294	0.08376061497	0.08482376663	0.08740722482	0.1025346397	-0.07902993106	0.0884445876	-0.140949964	0.08509355687	-0.004688432023	-0.1427854177	-0.08070729257	0.08547651601	-0.1286684045	0.08959996542	-0.143672089	0.1018064167	-0.1826926397	0.08868604745	0.08735205804	0.08896414807	0.08805880261	0.08745278907	0.08612596072	0.08623208664	0.08620913818	-0.005363136392	0.08503935722	0.0879277251	0.08659952022	0.1197640162	-0.1272839381	0.08258754764	-0.07265235531	-0.002233451094	0.08698299153	-0.002704452625	-0.1305633971	-0.1214242141	0.08520588961	-0.003067716599	-0.1193371024	0.08519661885	0.08356031727	0.07223946247	0.08335179454	-0.006706078589	0.08677770679	0.0865655636	-0.004884885846	-0.0007733725012	-0.1900566799	-0.004077306856	-0.04850124716	-0.1869543013	0.08464675539	0.08677864369	0.08673321774	-0.1895080306	-0.1376566416	-0.0006192191523	-0.002770069459	-0.001254068407	-0.1879023927	-0.004153586344	-0.001434368354	0.08952943508	-0.001544428388	-0.1532935203	-0.1298989973	-0.0003971424678	0.1022156097	0.103657986	0.1001115564	-0.1449455709	0.1051192271	0.08686593302	0.1013689549	-0.002507342367	-0.00491757793	0.1053167905	0.1036301337	0.08647634859	-0.0008467793526	0.09997061366	0.1038074355	0.08715996333	0.08810951136
-0.04348343734	-0.04551213454	-0.02099194289	-0.01491162467	-0.1259592839	0.02351200381	0.05494927211	0.1497140975	0.02217326708	-0.0461320101	-0.04462735812	0.02337798104	0.01031412688	0.1634983533	0.1711833109	0.1687670419	0.02288738747	0.01137231853	0.01101617913	0.1537655012	0.1400831384	0.1404710211	0.1394234422	0.01136286061	-0.1271007367	-0.1257829948	-0.1252558223	-0.1255208443	0.07821869072	0.01836211843	-0.01410947088	0.01352157725	0.2813173169	-0.1259216924	0.3334928473	0.02211311041	-0.04558199234	0.01090024695	-0.02197196696	-0.02171851537	-0.0448320456	-0.04583372026	0.1469011014	-0.04545923211	-0.04583889335	0.02442825212	-0.04665808077	-0.127246432	0.009636641149	-0.04313676274	0.2684643028	0.2628683292	-0.1262719959	-0.1252289344	-0.1250986947	-0.1254635043	0.3324969704	-0.04667699185	-0.1272378092	-0.126724531	-0.04785570616	-0.1270155646	-0.128358877	-0.1277691779	-0.04717326882	-0.04673148473	-0.1253256763	-0.04421467864	-0.1284945763	-0.1268984386	0.2621195438	-0.1264687685	-0.125923681	-0.1269468005	-0.04627602823	-0.1275267629	0.2463958919	-0.1272395636	-0.04630252904	-0.1268285003	-0.04675900378	-0.04451817877	0.1813948382	0.2215972385	0.3763783441	0.4013831155	0.172704893	0.2474821409	-0.1273117533	-0.12715091	-0.1271344957	0.07410013688	-0.1272753609	-0.1274283861	0.2620803913	-0.1239048012	-0.1252895015	-0.1277360436	-0.1264536903	0.1569395883	-0.1257706275	0.2209196659	-0.1230856578	-0.04263197353	0.2463899285	0.1811371873	-0.125067895	0.3960414989	-0.1299355712	0.2437786856	-0.1271334242	0.2625312819	-0.1292849867	-0.1277117724	-0.1263228347	-0.127659323	-0.1261096221	-0.125280736	-0.1253183244	-0.1270658444	-0.04474382086	-0.1243553394	-0.1272195577	-0.1252383194	-0.1272839381	0.570733501	-0.1239593996	0.1776243148	-0.04434470719	-0.1280166748	-0.04487796671	0.2409350906	0.3857508911	-0.12562595	-0.04388554403	0.3881151093	-0.1237669349	-0.1241098078	-0.1081183495	-0.1247494734	-0.03859385935	-0.1264972758	-0.1270408733	-0.04229358154	-0.04547148592	0.332521263	-0.04115856259	0.02497024705	0.3254961683	-0.1234545126	-0.1273199083	-0.1256794791	0.331504141	0.2573531774	-0.04628720335	-0.04373161118	-0.04736994758	0.3315360677	-0.04267198504	-0.04483905311	-0.1266198334	-0.04594108704	0.2317144068	0.3472197249	-0.04653239885	-0.1267242311	-0.1283149269	-0.1259539985	0.2482537755	-0.1288506141	-0.1273685951	-0.1247847342	-0.04714114166	-0.04372340522	-0.1277251122	-0.1270024582	-0.1253421138	-0.04683832144	-0.1252326555	-0.1293001199	-0.125971305	-0.1266426256
-0.002619963637	-0.002181426969	-0.01232047149	-0.01098272503	0.08524332383	-0.03797563781	-0.06691775102	-0.1250439163	-0.04448808919	-0.002513213978	0.0007160095557	-0.044145661	-0.02243096931	-0.1302285085	-0.1324536556	-0.1332974821	-0.04291419765	-0.02371845927	-0.02206259852	-0.1167533378	-0.09522569812	-0.1135206739	-0.1125562527	-0.02444648867	0.08406417773	0.08572334029	0.08438645553	0.08432009057	-0.06331781376	-0.04246994657	-0.01552453678	-0.03427826858	-0.189664758	0.08495579347	-0.1860122556	-0.03930142798	-0.002706518493	-0.0211109299	-0.01091490732	-0.01060390093	-0.002962571825	-0.002025349564	-0.1153833333	-0.00175021535	-0.00169791247	-0.0380191367	-0.002345463967	0.0837016649	-0.02056785059	-0.001554717554	-0.1821341622	-0.1765879109	0.08459113066	0.08636712293	0.08534764824	0.08440798146	-0.1857353479	-0.002795517929	0.08395913296	0.08544638353	-0.002778264996	0.08549955709	0.09372832391	0.08412464315	-0.002444678971	-0.002601555587	0.08317927755	-0.002920062051	0.0831262318	0.09267251609	-0.1760623236	0.08517763677	0.08608834935	0.08349954244	-0.003186229019	0.08457104839	-0.1415298619	0.08388261151	-0.003139626602	0.09642820996	-0.002291945051	-0.001186811236	-0.07199724879	-0.1408281389	-0.1131479566	-0.1243175821	-0.08639309927	-0.1387998097	0.08424857393	0.08552175848	0.08461301198	-0.07850236839	0.09596155437	0.09523367198	-0.1761702764	0.1016988453	0.09543116758	0.09637778808	0.08590323729	-0.07743954506	0.08640028699	-0.1376254255	0.08311986734	-0.003709888904	-0.1385985934	-0.07709532548	0.08314963033	-0.1244815803	0.08315161803	-0.1397726933	0.08403149027	-0.1762063867	0.08391601873	0.0843797041	0.08572911633	0.08400734537	0.08608604318	0.08279307496	0.08232434369	0.08603802201	-0.003522307496	0.08285618583	0.08483967025	0.08438702584	0.08258754764	-0.1239593996	0.1232146699	-0.06939848296	-0.001444482546	0.08547241921	-0.0008530458513	-0.1262328586	-0.1168062469	0.08388500399	-0.002089173479	-0.1158688497	0.09458369436	0.09359286103	0.09471817715	0.09467776697	0.0007480175867	0.09501506794	0.09773792586	-0.003802639797	-0.00257126128	-0.185582427	-0.003098763737	-0.04799413026	-0.1830017075	0.100074094	0.0969286208	0.08469376064	-0.1850337777	-0.1330139236	-0.002511194907	-0.0006876722462	-0.002620814298	-0.1842213475	-0.002312757448	-0.002650513043	0.08545361964	-0.0012912171	-0.1404385802	-0.1247461843	-0.002938353522	0.08522986586	0.08422425553	0.08283838397	-0.1404713181	0.08305762262	0.08448341276	0.08726721676	-0.001426839103	-0.00322046333	0.0827992923	0.08485010809	0.08604249955	-0.002069810948	0.08346257931	0.08402050897	0.08260675214	0.08569675403
-0.05222985904	-0.05167169892	-0.00363635484	-0.008207568554	-0.07082351002	-0.008803562438	0.0162396107	0.1006562127	-0.01459744234	-0.0514292887	-0.05035577961	-0.01281787119	0.01514989715	0.1099867645	0.1207318218	0.1135564385	-0.01273360758	0.01534580302	0.01412737785	0.08142669457	0.07686899853	0.0722268809	0.06887987318	0.01533634511	-0.07225239144	-0.07102437176	-0.07141347715	-0.07074554713	0.03483712368	0.001605808229	-0.002950271592	-0.01060227412	0.1898327488	-0.07193563288	0.2485071826	-0.004741312588	-0.05202898531	0.01429887426	-0.003374560349	-0.005171220977	-0.05127903857	-0.05141842745	0.08380275417	-0.05167229014	-0.05317609372	-0.008031028424	-0.05267393085	-0.07132142053	0.01547841149	-0.05178952793	0.1765668538	0.1668166637	-0.07162135701	-0.07117220876	-0.07118568338	-0.07119001622	0.2492152332	-0.05412998489	-0.07296432115	-0.07136919361	-0.05344041335	-0.0718797907	-0.07077996013	-0.07285016646	-0.05419511897	-0.05394710697	-0.07090847395	-0.0510928145	-0.07335880247	-0.07226685576	0.1673422509	-0.07248270903	-0.07121905004	-0.07245893199	-0.0525793069	-0.07203051229	0.169034805	-0.07289540936	-0.05260580771	-0.07226758363	-0.05299441736	-0.05182745751	0.2772017579	0.1438679547	0.1553084216	0.1791344181	0.1456328959	0.1736331431	-0.07192428094	-0.07266304146	-0.07105559678	0.005712282341	-0.07218964486	-0.07229261228	0.1667920393	-0.06952491685	-0.07101601338	-0.07190961993	-0.07196582181	0.225437598	-0.07005999647	0.1365795245	-0.0696744555	-0.04943706124	0.1657863588	0.2693359833	-0.06935726392	0.1729344195	-0.07328181509	0.1712231165	-0.07250184134	0.1674125683	-0.07357435564	-0.07200114133	-0.07327210911	-0.07266726346	-0.07097384826	-0.07028867647	-0.07046997915	-0.07221749916	-0.05190938531	-0.06914889938	-0.07280235534	-0.0724019743	-0.07265235531	0.1776243148	-0.06939848296	0.4587137094	-0.05179770023	-0.07244975801	-0.05179103864	0.1460331395	0.1656634661	-0.07056322425	-0.05061996559	0.1653781009	-0.06978087538	-0.06839917675	-0.05836316221	-0.06990112814	-0.04851036157	-0.07150521625	-0.07305481384	-0.0488842888	-0.05191847889	0.2477968248	-0.04832412704	-0.01524960547	0.2431291034	-0.06989959595	-0.07192981051	-0.06982513375	0.2461802316	0.1580864504	-0.05388391069	-0.04989117556	-0.05295465477	0.2483567567	-0.04955012089	-0.05286690334	-0.07220263107	-0.0521685165	0.1649905238	0.1367643073	-0.05269196322	-0.07173217157	-0.07317136186	-0.07103498709	0.178428778	-0.07306931691	-0.07194539269	-0.07173400868	-0.05347234196	-0.05132011255	-0.07244562407	-0.07364048395	-0.06920033991	-0.05328531441	-0.07095916743	-0.07208167975	-0.07083553111	-0.07285033817
0.102118194	0.1027735482	-0.02844603675	-0.03098857628	0.001932571283	0.01332733833	-0.03889649083	-0.06468858261	-0.006263113987	0.1040684787	0.1042797021	-0.006782971573	-0.07187140088	-0.07131890285	-0.07461969672	-0.07575847216	-0.007096447706	-0.07296892368	-0.07131306292	-0.05028974951	-0.03091782427	-0.04777565705	-0.04738609308	-0.07297838159	0.0006803219539	0.0002734922651	0.0008588854603	0.0006793571565	-0.03975169674	-0.00967805582	-0.03162356545	0.001111004024	-0.1215472093	0.00229050918	-0.1138707066	-0.02198812892	0.1034687821	-0.07114486023	-0.02634665189	-0.02687318048	0.1032127288	0.1033607685	-0.07210043614	0.1044003345	0.1023495953	0.01280644368	0.1026801223	-0.0006150877196	-0.0729800295	0.1038519538	-0.1145152465	-0.1101949337	0.001261266997	0.001402409902	-0.0004793505692	0.001455268579	-0.1129713016	0.103523497	0.0006869637269	5.052760974e-05	0.1039256399	0.001052922696	0.001146753196	-0.001064730355	0.1035621566	0.1026614015	-0.003005760918	0.1009558098	-0.0004260890702	0.001026334376	-0.1093819178	0.00121892381	-5.082883942e-05	0.0005468295562	0.1033496034	0.00212258162	-0.08484658176	0.0003302906402	0.1000176738	-0.0001042578164	0.1029145093	0.09950259534	-0.05154698601	-0.08075859071	-0.03161068625	-0.04312203245	-0.03350926587	-0.08246683317	-0.0008598533958	0.002354720231	-0.0006468657093	-0.03222939261	0.0003119256511	0.000496386819	-0.1098974713	-0.001158451785	-0.00138872879	0.0001887293233	-0.0007552428911	-0.04927457058	0.001004431074	-0.07870559167	-0.003783742612	0.09995165762	-0.08284047409	-0.05423904592	-0.002604265254	-0.04587288789	0.0005760590881	-0.08272114529	-0.001651794236	-0.109094838	-0.0002570195937	0.0007084197364	2.108102333e-05	0.000121735637	-0.003789706708	-0.003391963504	-0.00515412344	-0.002806977015	0.09884581036	-0.002610281157	0.0009926438295	-0.001050118162	-0.002233451094	-0.04434470719	-0.001444482546	-0.05179770023	0.1199397827	0.00105781257	0.1046662086	-0.0721993108	-0.03877241175	-0.002874891659	0.09970408719	-0.03668530009	-0.00317159101	-0.003801892523	-0.006302677193	-0.003435558069	0.09989598909	0.0004214970777	0.001132354854	0.09899662095	0.1031481457	-0.1130097351	0.1014250686	0.008840600201	-0.1128165785	-0.002259560714	-0.0004499334513	-0.003215849377	-0.1137036984	-0.07851110879	0.1054539991	0.101295163	0.1038171641	-0.1106537715	0.1012050748	0.1038853194	0.00101751092	0.1050277978	-0.1118051447	-0.04498777756	0.1020872327	-0.00210488698	0.0004721318765	-0.003777797385	-0.08356348439	-0.001069555432	0.0007970397621	-0.002664113239	0.1038573188	0.1004410832	-0.001446849245	0.0003491049104	-0.003472718522	0.1029826346	-0.004924740239	6.179601557e-05	-0.003795103854	0.0002260895243
-0.0002366320225	0.0007061507594	-0.01151799713	-0.01075510786	0.09000876836	-0.03915862701	-0.06996902607	-0.1285994375	-0.04581479269	-0.0002583360881	0.000123286297	-0.04676579317	-0.02270937501	-0.1346463154	-0.1391776629	-0.14012826	-0.04621698352	-0.0260045962	-0.02363016397	-0.1201651447	-0.09878121928	-0.1153516235	-0.1159680596	-0.02630148271	0.09233979548	0.09365753734	0.09381655166	0.08866327735	-0.06996194621	-0.04448716276	-0.01541409732	-0.0319415036	-0.1953028904	0.09107569678	-0.1910755308	-0.04041380611	0.0001079560096	-0.02325722862	-0.009516328253	-0.01008885516	-4.383026396e-06	0.001946174974	-0.1209935441	0.0003744305321	0.001144483668	-0.03809866441	0.0009001534243	0.09348752884	-0.02199170174	0.0005411854689	-0.1882677516	-0.1832320433	0.0895613196	0.09061874039	0.08888069422	0.08923445611	-0.1906072687	1.895657427e-05	0.1017198942	0.08854828662	-0.0002974719617	0.1009361388	0.08921336932	0.08901388591	0.001207330513	-3.449830908e-05	0.08491714091	-0.002979873468	0.08907767001	0.08823066472	-0.1829938847	0.09029154001	0.08873435877	0.08976316005	-0.001160937067	0.08947062626	-0.1464494227	0.08925919254	-0.002049723651	0.0882497869	0.001098703119	-0.003139659296	-0.07557752074	-0.1435919854	-0.117348946	-0.1279437144	-0.09073780298	-0.1435756563	0.1011470494	0.1007687657	0.1012971621	-0.07853564323	0.08842859956	0.08913786013	-0.1827556527	0.08637062523	0.08581560156	0.08954877411	0.08772849178	-0.07976266768	0.0904424226	-0.140389272	0.08565424891	-0.002978025615	-0.141937297	-0.08029031482	0.09624092307	-0.1292574269	0.09044808606	-0.1433988255	0.08627110759	-0.1824193763	0.08996531097	0.09049960741	0.08909369722	0.09020035191	0.08614519526	0.0852495098	0.08535563572	0.08648240163	-0.004083872871	0.08516890638	0.09168215941	0.08759135515	0.08698299153	-0.1280166748	0.08547241921	-0.07244975801	0.00105781257	0.1159991142	-0.0003842529609	-0.1323021338	-0.1217258078	0.09668886814	-0.002219595966	-0.1209321248	0.08417645364	0.08397729501	0.07380615459	0.08434362946	-0.003516267368	0.08891925609	0.0895304253	-0.00274333655	0.0007933196113	-0.1905019879	-0.003085471928	-0.04838793691	-0.1876338398	0.08595076971	0.08949505017	0.08628790971	-0.1900462368	-0.1386768068	0.001091187256	-0.001921948826	-0.0001185191828	-0.1887097655	-0.003736608599	0.0003807789816	0.09023384141	0.0009524145846	-0.1525547745	-0.1289071624	0.0003072638687	0.08624915774	0.08884124833	0.08400139015	-0.1440974503	0.08857791795	0.08929491091	0.08626478866	-0.0001257368845	-0.003494600113	0.08877548132	0.0884767394	0.08588732627	0.0006278085702	0.08472273314	0.0894218408	0.08599608382	0.08953248917
0.1018258429	0.1027487481	-0.02788309376	-0.0318907207	2.442679245e-05	0.01288428125	-0.03927471925	-0.06547195264	-0.006796640865	0.10302262	0.1031875905	-0.007638863115	-0.07160894495	-0.07130091894	-0.07412862493	-0.0744929628	-0.00633654592	-0.07272135373	-0.07164035016	-0.04967329466	-0.03080202928	-0.04751614777	-0.04784515528	-0.07258709734	-3.185529228e-05	0.0001361722029	-0.0009992643856	-0.0009413587424	-0.03934847317	-0.01018363825	-0.03234705951	0.001738775676	-0.1203557429	0.0008135075773	-0.1133700216	-0.0225749003	0.1006983519	-0.07102594601	-0.0257837089	-0.02685015861	0.1023105844	0.103111428	-0.0718688485	0.1021073	0.1018506722	0.01295312976	0.1016342636	-0.0003675177707	-0.07244503096	0.1036061229	-0.1141582758	-0.1095392176	0.0005679450082	0.0002590897677	0.0003893294405	-0.0001654473203	-0.1127580452	0.1030524955	-7.146639606e-05	0.00109251825	0.1020323814	0.001059316929	3.700419134e-06	-0.0003199229925	0.1037009483	0.10281151	-0.005057619705	0.09804166527	-0.0008970906012	-0.0003069529308	-0.1091797002	9.60958911e-05	0.001439228589	-0.0004990291588	0.1034534591	0.001220437201	-0.08473113643	-0.0002494891148	0.09916178226	0.0007644221932	0.1035108193	0.09860045093	-0.05168403871	-0.0805453343	-0.03102916747	-0.04282794226	-0.03232494547	-0.08214479854	-0.002193140703	0.001832777515	-0.001180742245	-0.03101013613	-0.0001128230031	-0.001268043376	-0.1100289351	-0.0002897717752	-0.003440587577	-0.0002639409655	-3.000981973e-05	-0.04898048039	0.0004051366365	-0.07838355704	-0.004607940294	0.1001992276	-0.08223101087	-0.05318390973	-0.003506409673	-0.04511271875	-0.0009489315359	-0.08254282495	-0.004663400218	-0.1086107806	-0.0002818196637	-1.574165849e-08	0.000206125625	-0.000636694486	-0.003973279647	-0.005397569414	-0.005768839267	-0.003996550026	0.09794366594	-0.004374711352	0.0005103254936	-0.002290632358	-0.002704452625	-0.04487796671	-0.0008530458513	-0.05179103864	0.1046662086	-0.0003842529609	0.132838223	-0.07156658349	-0.03847832157	-0.004495607558	0.09995165714	-0.03710978139	-0.004027482552	-0.005422608422	-0.002408982531	-0.00534370256	0.1021395541	-0.0007680759333	-0.0001197435045	0.1113161918	0.1039243199	-0.1128314148	0.098510924	0.009151050668	-0.112749026	-0.00285277446	0.001223666434	-0.005267708163	-0.1133975438	-0.07764215591	0.1038332832	0.1013990187	0.1022427011	-0.1097568796	0.1118463269	0.1145615076	0.0005613953724	0.1182380368	-0.1106025159	-0.04419966397	0.1020473741	-0.004013031471	-0.0001275122182	-0.005685941876	-0.08396002124	-0.001684271259	0.000469752527	-0.003520004781	0.1038823117	0.09896408159	-0.002636422256	0.0003753407929	-0.004616038656	0.103851582	-0.004820884587	-0.001334016639	-0.004553533977	-0.0004974045267
-0.07248775533	-0.07379788104	0.01172514731	0.008396061081	-0.1292716607	0.05687969028	0.1331364417	0.1902674987	0.05784038228	-0.07298061365	-0.07217628642	0.05847023907	0.05737665542	0.2039521028	0.2093168561	0.2152282078	0.05889552182	0.0589677203	0.05803672372	0.1736752524	0.131773679	0.160689639	0.1644556995	0.05967683386	-0.1322484816	-0.1307358169	-0.1309784244	-0.1303811605	0.1124998715	0.07032015762	0.01279107227	0.03524921313	0.3401529983	-0.1312131515	0.3870317437	0.06113686296	-0.07372402455	0.05848651314	0.01230382826	0.01100199276	-0.0734052207	-0.07296975239	0.2031426478	-0.0729361865	-0.07386513289	0.05564022415	-0.07350668432	-0.1308133196	0.05665718574	-0.0724785671	0.3302338202	0.3140589703	-0.1311863042	-0.1299455364	-0.1313961539	-0.1294615348	0.3837364381	-0.0733818811	-0.1310409169	-0.1298602757	-0.07439669652	-0.1307261665	-0.1317308418	-0.1320363902	-0.07468923531	-0.07477986043	-0.1314794213	-0.07350642522	-0.132297684	-0.1320461834	0.3143650116	-0.1311853705	-0.1299217115	-0.1319508311	-0.07341206037	-0.1315247934	0.2833563648	-0.1336045129	-0.07516313273	-0.1299638526	-0.0732011051	-0.07232157384	0.1504297287	0.287013213	0.2101236799	0.2412954796	0.1446108757	0.2715596066	-0.1302525752	-0.1311489405	-0.1315636691	0.1387975399	-0.1313234492	-0.1316626367	0.3133058449	-0.1264347226	-0.1323055322	-0.1306122814	-0.1285107884	0.1680283652	-0.1311545924	0.2781439255	-0.1296705456	-0.07106143433	0.2646676139	0.1647979741	-0.1310779256	0.2512034584	-0.1332150302	0.2702992944	-0.1328560262	0.3126210352	-0.1332318086	-0.1315477978	-0.1327127997	-0.1333819251	-0.1303950812	-0.1310033381	-0.1304660693	-0.1321623807	-0.07417928173	-0.1316587987	-0.1322053416	-0.1316282844	-0.1305633971	0.2409350906	-0.1262328586	0.1460331395	-0.0721993108	-0.1323021338	-0.07156658349	0.6795953385	0.2301239563	-0.1320671235	-0.07274614772	0.2224384958	-0.1310703942	-0.1305509813	-0.1102175685	-0.1313343612	-0.06498586317	-0.1315938121	-0.1313263324	-0.07144161382	-0.07302041423	0.383437572	-0.07102516635	0.04775428416	0.3749217109	-0.1284073346	-0.1310830725	-0.1319769383	0.3809682211	0.4507379939	-0.07398459465	-0.07359821495	-0.07519271986	0.3786078209	-0.07325716028	-0.07441822828	-0.1314801497	-0.07206728008	0.2738431061	0.2692064499	-0.07366843099	-0.1324468332	-0.1318306059	-0.1312454577	0.2706991755	-0.1328486446	-0.1308640896	-0.1291626991	-0.07281674393	-0.07430858046	-0.1318997748	-0.1312696705	-0.1310328845	-0.07349200214	-0.1305241147	-0.1334418647	-0.1311190498	-0.1318404282
-0.03848599909	-0.03864641044	-0.02159936219	-0.01293218664	-0.1188061312	0.02290458451	0.05547218998	0.1401963918	0.02645213385	-0.04041600037	-0.0386239198	0.02736941922	0.01373070788	0.1495358265	0.155026826	0.1518754431	0.02730996854	0.01450147093	0.01472018872	0.1374932237	0.1347331473	0.1335616109	0.1286123078	0.01607287027	-0.1198038697	-0.120012993	-0.1198272412	-0.118080263	0.07358727113	0.0154552704	-0.010261747	0.01447563801	0.2489593602	-0.1200619683	0.2999748542	0.02049969104	-0.03972226831	0.01417311365	-0.02272310055	-0.02261336325	-0.03882860728	-0.03997399623	0.1346249025	-0.03893443026	-0.04000709096	0.02267111845	-0.04022349956	-0.1206681365	0.01247836496	-0.03713332442	0.240417775	0.2388458017	-0.1192625575	-0.1190817818	-0.1195263993	-0.1196037803	0.3004161203	-0.04139212501	-0.1216655138	-0.1204336641	-0.04213969643	-0.1208684119	-0.1214931529	-0.1213345967	-0.0413135448	-0.0408717607	-0.1184599522	-0.03835495462	-0.1222037094	-0.120751286	0.2388155878	-0.1208964731	-0.1187705283	-0.1212307908	-0.03955401843	-0.1219544675	0.2299798291	-0.1209486967	-0.04001166213	-0.1205376334	-0.04032442257	-0.03865845474	0.1724519898	0.2001512463	0.3803769107	0.3961871608	0.1623217079	0.2289104346	-0.119871172	-0.1217223288	-0.1212747717	0.07090586025	-0.1211282083	-0.1209938049	0.2396199429	-0.1167889665	-0.1179926345	-0.1211856698	-0.1200191091	0.1353466881	-0.1197671892	0.2019168167	-0.1160762194	-0.03576624944	0.2268122221	0.1684577672	-0.117771028	0.387396401	-0.122063847	0.228943551	-0.1201239858	0.2389398972	-0.1219881197	-0.1211334769	-0.1208942535	-0.120362456	-0.1195313266	-0.1187024405	-0.1184526003	-0.1193378346	-0.03859666824	-0.1169147581	-0.1210724051	-0.1188037382	-0.1214242141	0.3857508911	-0.1168062469	0.1656634661	-0.03877241175	-0.1217258078	-0.03847832157	0.2301239563	0.54968676	-0.1199099402	-0.03802582	0.3852082613	-0.1176197823	-0.117387798	-0.1029106324	-0.1178837493	-0.03483954976	-0.1210686947	-0.1216122922	-0.03614642892	-0.0396117619	0.2987158413	-0.03486769568	0.02694968509	0.2947158753	-0.1178822171	-0.1207695344	-0.1195323265	0.2965085109	0.2380628997	-0.04100233651	-0.03758445857	-0.04138588647	0.2989494386	-0.03652483242	-0.03969790057	-0.1203289665	-0.04094364879	0.2073962151	0.3333905903	-0.04038524623	-0.1194273641	-0.1211617742	-0.1195194173	0.2314066408	-0.1211226042	-0.1212214425	-0.119787296	-0.04145305356	-0.0375762526	-0.1204282452	-0.1199930198	-0.1186394813	-0.04198459748	-0.1195166458	-0.1218595386	-0.1193930095	-0.1196331872
-0.002013621812	-0.001358267622	-0.01200155826	-0.0106638118	0.08750362614	-0.0409356168	-0.06915915853	-0.1283644271	-0.04543606804	-0.002362765836	-0.002947132156	-0.04538106844	-0.02151034854	-0.1324801442	-0.1384688202	-0.1385005708	-0.04706107647	-0.01815272816	-0.02109572488	-0.1192115628	-0.0959593516	-0.1149728988	-0.115158192	-0.01830590037	0.09214366294	0.09073083318	0.0904539406	0.08879712568	-0.0680023643	-0.04679645745	-0.007993372166	-0.035618807	-0.1939181657	0.08699927826	-0.1912716633	-0.03946022428	0.0007741092518	-0.02238701696	-0.01392617369	-0.01315927362	-0.002499944296	-0.001986529255	-0.1189181695	-0.001743481504	-0.00123528494	-0.03901336842	-0.002026550733	0.0898422532	-0.01988840554	-0.002291862181	-0.1860207411	-0.1806976042	0.08668860756	0.08697346476	0.08796599021	0.08630775195	-0.1909471155	-0.003626319063	0.09833001944	0.08799686041	-0.003799033303	0.09812112123	0.08628666516	0.08687636431	-0.003443945196	-0.002620128733	0.09190672318	0.001279137174	0.08686953734	0.08702853212	-0.1808905885	0.08535283571	0.08408308306	0.08482445575	-0.003656498336	0.08596906492	-0.1465826803	0.08625626423	0.001634429807	0.08431708267	-0.004232560757	0.0001133512741	-0.0750550818	-0.1446504037	-0.1125150782	-0.1245469895	-0.08734107812	-0.1426220744	0.0975017738	0.09697977573	0.09886447586	-0.08261206175	0.08488336774	0.08534887019	-0.1803302697	0.08466424651	0.09079318368	0.08519955764	0.08440922805	-0.08068695265	0.08665343267	-0.1417351189	0.09436840273	0.002430699394	-0.1419897153	-0.0787618758	0.1042365054	-0.127297845	0.08571597106	-0.1427326723	0.09139240401	-0.1803160801	0.08574517815	0.08455490304	0.08544842158	0.0855490762	0.09112277739	0.09281394925	0.09119550361	0.09074141227	0.002187137914	0.09273334583	0.08656369868	0.08944851084	0.08520588961	-0.12562595	0.08388500399	-0.07056322425	-0.002874891659	0.09668886814	-0.004495607558	-0.1320671235	-0.1199099402	0.1203493087	0.002901700451	-0.1171042571	0.09188460738	0.09240402023	0.07365271149	0.09277035469	-0.007253826961	0.08570512334	0.08655969541	0.002769091389	-0.002851956026	-0.1904106919	0.002898110266	-0.05030864099	-0.1874520276	0.08702331504	0.08431160672	0.09399606345	-0.1898620426	-0.1395286358	-0.003420388523	0.00147477604	-0.004194937708	-0.1886184694	0.002534402186	-0.001827353696	0.08658856578	-0.004776740646	-0.1502595273	-0.1288558777	-0.003050583177	0.09123312716	0.08583370488	0.09386525833	-0.1437187257	0.08665721386	0.08679923751	0.08736208479	-0.004901276118	0.001914124896	0.08613620575	0.08497517805	0.09187090846	-0.002637934285	0.0918560297	0.08635142235	0.09183595172	0.08565343008
0.1018587857	0.1016518541	-0.02813058788	-0.03153541319	-0.000913694365	0.01206192994	-0.03800618478	-0.06444459389	-0.008103379563	0.101653356	0.1007815611	-0.008048379966	-0.07112480913	-0.07042859681	-0.07423694437	-0.07558673759	-0.008003816436	-0.06992290319	-0.07171618554	-0.04968687205	-0.02873408956	-0.04786991303	-0.04793292999	-0.06964493251	-0.0007288007346	-0.001710487607	-0.001987380188	-0.0007699091901	-0.03843024781	-0.01090091194	-0.0275715449	-0.001160404441	-0.119076046	-0.001274327948	-0.1128366862	-0.02066667998	0.1019159451	-0.07228890614	-0.0304863462	-0.02957573183	0.1019473204	0.1033887888	-0.07138176603	0.1010327053	0.1004814081	0.01312189254	0.09983385664	-0.0007307817442	-0.07309572353	0.1019180317	-0.1124109119	-0.1078674846	-0.0007115968524	-0.001587570043	-2.018740989e-05	-0.0002412827018	-0.1119372812	0.100533517	-0.003021587697	0.0002981113888	0.1000733742	-0.003517914504	-0.002274369637	-0.002259527677	0.09956617654	0.1008711937	0.002052259713	0.1045766875	-0.003128640422	-0.00225107416	-0.1074856117	-0.003208199094	-0.003328237376	-0.00416772194	0.09978476629	-0.0017296841	-0.08366884712	-0.003598199237	0.1047882658	-0.003525380649	0.09906498958	0.1051354732	-0.05137525144	-0.08073057044	-0.03014552302	-0.04295029788	-0.0298883882	-0.08114538423	-0.001262976012	-0.003940688521	-0.0007625597339	-0.03291994382	-0.001765710729	-0.002637307421	-0.1075112662	-0.002784391995	0.002232148881	-0.002786619978	-0.004582949636	-0.05053997897	-0.001554405982	-0.07896499999	0.002998849571	0.1077402499	-0.08137531086	-0.05421975967	0.00374718404	-0.04498258185	-0.002701349448	-0.08168712494	0.0005319404749	-0.1073422462	-0.002672142354	-0.004293560352	-0.003256327513	-0.003443101491	0.001268313923	0.003103200086	0.001772183038	0.001532472136	0.1064906883	0.003022596658	-0.003147050483	0.0007437617458	-0.003067716599	-0.04388554403	-0.002089173479	-0.05061996559	0.09970408719	-0.002219595966	0.09995165714	-0.07274614772	-0.03802582	0.002901700451	0.1235886806	-0.03435785108	0.004042144061	0.002836985363	-0.005561830106	0.003347034113	0.09736017808	-0.002855911459	-0.002719910867	0.1083660705	0.1018827373	-0.1119757147	0.1080639464	0.006425477441	-0.1112608991	4.313749734e-05	-0.003562751245	0.003710457102	-0.1123822494	-0.08035137436	0.09973344751	0.1056346121	0.100252327	-0.1089591418	0.1075565241	0.1013264823	-0.001685040432	0.09938309546	-0.1110050593	-0.04596575736	0.1013966815	0.002090847875	-0.002661562364	0.002142509022	-0.08224203545	-0.002478678121	-0.003055225958	-0.001630092896	0.09853998851	0.1067925325	-0.002424829046	-0.002436142378	0.001441587813	0.09999265467	0.002863852015	-0.003071898225	0.001550345368	-0.003144975519
-0.03553660165	-0.03655929878	-0.02181167926	-0.01644993252	-0.1184340101	0.02743483921	0.0483615867	0.1379006144	0.02652724537	-0.038472603	-0.03653680813	0.02758824504	0.005470390228	0.1487383302	0.1499561445	0.1508008403	0.02724136576	0.006241153279	0.005166442407	0.1335443349	0.1336585445	0.1255672838	0.125094562	0.006662838254	-0.1185790438	-0.1184110163	-0.1193209868	-0.1174302943	0.07121923962	0.01423695325	-0.01536035014	0.01138903501	0.2500095058	-0.1188371425	0.2993313943	0.02359280278	-0.03864115672	0.006200224596	-0.02351027481	-0.0235442518	-0.0371726385	-0.03759945598	0.1328596498	-0.03650639635	-0.03861062914	0.02677023026	-0.03784895931	-0.1192995963	0.004074333014	-0.03447135557	0.2401951359	0.2367548767	-0.1180377316	-0.1182880988	-0.1190201449	-0.1196723831	0.3000600889	-0.03930501334	-0.1202969736	-0.1196399811	-0.03976515618	-0.1202184432	-0.1206994699	-0.1195349136	-0.03951386173	-0.03907207763	-0.1168039835	-0.03583670007	-0.1209788835	-0.1192390315	0.2365809485	-0.1201027901	-0.1176894167	-0.1194311077	-0.03876033543	-0.1200110701	0.2251686545	-0.120298728	-0.03763712187	-0.1201750933	-0.03909959668	-0.03642762878	0.1702276726	0.2036755009	0.3818788432	0.3896252126	0.1664208197	0.229416689	-0.1192569334	-0.1200663601	-0.1196188029	0.06681325719	-0.1203345253	-0.1203438362	0.2370232389	-0.1162453941	-0.1169115229	-0.1202203508	-0.1189379975	0.1306888088	-0.1192609348	0.1999799281	-0.1151388221	-0.03353542348	0.2287556195	0.1594788781	-0.1166899164	0.3703472131	-0.1214138783	0.2261443766	-0.1187554456	0.2374238295	-0.1211944367	-0.1204835082	-0.119813142	-0.1194250587	-0.1177316435	-0.1169027575	-0.1170840601	-0.1177549139	-0.03622212799	-0.1154025036	-0.1199912935	-0.1184411981	-0.1193371024	0.3881151093	-0.1158688497	0.1653781009	-0.03668530009	-0.1209321248	-0.03710978139	0.2224384958	0.3852082613	-0.1171042571	-0.03435785108	0.5445188127	-0.1151015277	-0.1168815436	-0.1008956433	-0.116946352	-0.03150109152	-0.1198438688	-0.1206748949	-0.03362817437	-0.03809950742	0.2986472385	-0.03278058401	0.02386308209	0.2938651809	-0.1157951055	-0.1192293583	-0.116582929	0.2966241165	0.2290840105	-0.03877151055	-0.03520991831	-0.03901134621	0.2979494719	-0.03415029217	-0.0376107889	-0.1183855692	-0.03785053706	0.2058002884	0.3246919573	-0.03858556316	-0.1184899669	-0.1203680912	-0.1181508771	0.2314817523	-0.1201852069	-0.1201403309	-0.1177001843	-0.03948173456	-0.03505799805	-0.1199219908	-0.1190556225	-0.1171272268	-0.03932262864	-0.1171421055	-0.1204909984	-0.117880755	-0.1188395042
-0.001160606795	-0.001654966973	-0.01157968613	-0.01139165404	0.08648835531	-0.0395077446	-0.06801871492	-0.1276551264	-0.0453016245	-0.001509750819	-0.003674974395	-0.04452805343	-0.02348536656	-0.132489415	-0.1378301306	-0.1373601271	-0.04613495822	-0.01988657047	-0.02340442437	-0.1200831194	-0.09654347954	-0.1162541602	-0.1168920343	-0.01975231409	0.08667324894	0.0850269827	0.08602850004	0.08735071196	-0.06801163506	-0.04680572821	-0.01015835736	-0.03688947866	-0.1939274365	0.08540915025	-0.191712077	-0.03961320933	-0.001390875947	-0.02455200216	-0.01350430156	-0.01403083015	-0.002365500758	-0.002283228606	-0.1182088688	-0.001699258608	-0.002250555771	-0.03868895771	-0.00246696438	0.08695869652	-0.02190967644	-0.002588561532	-0.1856782692	-0.1797008749	0.08594574658	0.08567076533	0.08766929086	0.0862984812	-0.190812672	-0.003491875526	0.08469991833	0.08741273247	-0.003330908297	0.08420359152	0.09475653787	0.08353730655	-0.005034073211	-0.002159283236	0.08974173798	0.001844723599	0.0859979808	0.09434869046	-0.1794627163	0.08563099354	0.083930098	0.08380918492	-0.003953197687	0.08524122268	-0.1457296653	0.08466613621	0.00191258764	0.09451152693	-0.004212549745	-3.963378057e-05	-0.07391463819	-0.143941103	-0.1123806347	-0.1234065459	-0.08720663458	-0.142056488	0.08542050218	0.08346136115	0.08663948994	-0.08147161814	0.09578999617	0.09626188593	-0.1797059272	0.09565036548	0.1017061994	0.0952502876	0.08191823095	-0.07969022333	0.08592559043	-0.1408821038	0.09263456042	0.003283714412	-0.140992986	-0.07963343234	0.09114923371	-0.1261574014	0.08460323881	-0.1425982287	0.08908370452	-0.179463065	0.08444247873	0.08253363214	0.08385829357	0.08439009107	0.0886703636	0.09108010694	0.09132994715	0.08929499855	0.00203415286	0.09186178929	0.08558045561	0.08857695431	0.08519661885	-0.1237669349	0.09458369436	-0.06978087538	-0.00317159101	0.08417645364	-0.004027482552	-0.1310703942	-0.1176197823	0.09188460738	0.004042144061	-0.1151015277	0.1196121957	0.1028858931	0.08501836323	0.1022462275	-0.006688240536	0.09690556767	0.09636197015	0.003047249222	-0.003292369673	-0.1908511055	0.003463696691	-0.04945562598	-0.1878924412	0.09822375937	0.09450330499	0.09240593544	-0.1903953544	-0.1381007636	-0.003285944985	0.0004595052091	-0.003341922691	-0.1889842469	0.003387417203	-0.002228793974	0.08475726205	-0.005217154293	-0.1457601612	-0.1280028627	-0.002053853863	0.09064261192	0.08381878599	0.09055055877	-0.1432968535	0.08578565733	0.08319710935	0.08591567107	-0.005165947711	0.00147371125	0.08497722063	0.08443730299	0.08999335185	-0.004084348004	0.08940361591	0.08361157997	0.08981468082	0.08391958777
-0.00279690838	-0.00142298271	-0.01264113053	-0.01187824126	0.08513948232	-0.04085661759	-0.06965501651	-0.1271357135	-0.04593192602	-0.002714909516	-0.003299275836	-0.0464517836	-0.02315592088	-0.1316825735	-0.1358029637	-0.1371281429	-0.04885036311	-0.01778630036	-0.02288501152	-0.1187014207	-0.0954492095	-0.1148724616	-0.1147917642	-0.01793947257	0.08719266179	0.08606726062	0.08708379671	0.08643298186	-0.06706107932	-0.04585517247	-0.007339515774	-0.03609448038	-0.1913960235	0.08506627732	-0.1881746639	-0.03995608226	-0.00130260598	-0.02460744649	-0.01293751919	-0.01277266122	-0.004145516639	-0.00284776256	-0.1178331702	-0.003963911032	-0.001443714324	-0.03792836914	-0.004103265965	0.08575353782	-0.02124654929	-0.003599948144	-0.183577999	-0.178175462	0.0851327574	0.08547160671	0.08646413216	0.08681789405	-0.1879938304	-0.004840748519	0.08475616053	0.08620757377	-0.004705849575	0.08339754795	0.09441366495	0.08451222048	-0.005664374724	-0.004071928993	0.09169829379	-0.0007975780574	0.08421796492	0.09328724605	-0.1787995891	0.08428212055	0.0828686536	0.08432859777	-0.0045834992	0.08490073177	-0.1444916809	0.0840358347	0.0001325717593	0.0945068987	-0.004584704437	-0.002681935437	-0.07210179667	-0.143852833	-0.1115737932	-0.1238931331	-0.08639979313	-0.141968218	0.08493391496	0.08369334541	0.08600918843	-0.08195820536	0.09592832393	0.09692501308	-0.178526699	0.09408467496	0.1017944694	0.09505112897	0.08147022704	-0.078452239	0.08507362788	-0.1397878338	0.09508802668	0.002797127195	-0.1401861445	-0.07695830504	0.09209978946	-0.1254942742	0.08478897019	-0.1417913873	0.08816597441	-0.1787999379	0.0843870344	0.08190333062	0.08322799206	0.08390350385	0.08847120497	0.0914558055	0.09256793149	0.08737126837	0.002409851418	0.09123148778	0.08391212627	0.08924008146	0.08356031727	-0.1241098078	0.09359286103	-0.06839917675	-0.003801892523	0.08397729501	-0.005422608422	-0.1305509813	-0.117387798	0.09240402023	0.002836985363	-0.1168815436	0.1028858931	0.1261121647	0.08399656384	0.1037716404	-0.006696315348	0.09656269475	0.09511783808	0.004285233557	-0.003491528298	-0.187601121	0.00240225229	-0.05037335608	-0.184732973	0.09558145771	0.09509123139	0.09364391977	-0.1871453699	-0.138156208	-0.004634817978	-0.00103308208	-0.004978224276	-0.1857342624	0.002325972802	-0.00275435456	0.08451185054	-0.004937800514	-0.1445756706	-0.1276271641	-0.00469615552	0.08886259603	0.08354168063	0.09078254303	-0.1424900121	0.08458049863	0.08517384975	0.08327336942	-0.005971991278	0.0002685525526	0.08449063341	0.08246731993	0.08965047893	-0.004858363813	0.08992302877	0.08413099282	0.08961552219	0.08262077257
-0.005379906752	-0.006616713534	-0.01273932968	-0.009376153201	0.07355519606	-0.03534611242	-0.05552562358	-0.1077387661	-0.03992662624	-0.006879127612	-0.003310904476	-0.03961119411	-0.01618663392	-0.1119815234	-0.1128729717	-0.112845796	-0.03694351338	-0.0161195571	-0.0172554061	-0.102584	-0.0802885607	-0.1001461317	-0.1006606356	-0.01566373005	0.07354445663	0.0741046901	0.07306651236	0.07495008385	-0.03122438305	-0.03620339965	-0.01229504611	-0.02624414243	-0.1643076372	0.07314264371	-0.1601153063	-0.03500797512	-0.006616175976	-0.01537793673	-0.01073391249	-0.01174328671	-0.007269230126	-0.005216435566	-0.09781956443	-0.005145695018	-0.006415202852	-0.03530018907	-0.005680264265	0.07226804792	-0.01331751513	-0.00574756935	-0.1568651756	-0.1523066623	0.07357876608	0.07484140176	0.07488681484	0.07357459889	-0.1600780944	-0.007105352235	0.0734673335	0.07422422763	-0.00769392255	0.07398005119	0.08220260274	0.0722732797	-0.005997445951	-0.00684869945	0.07150984209	-0.006111148054	0.07232847338	0.08143422352	-0.1510315375	0.07417147506	0.07678780454	0.07200174291	-0.00752702939	0.07338704788	-0.1217918343	0.0728175745	-0.006816510028	0.08619591746	-0.007775732575	-0.004340584329	-0.06170366231	-0.1216955895	-0.09708660764	-0.1080121726	-0.07410960795	-0.1188653186	0.07304124742	0.07560786063	0.0736401964	-0.06446095745	0.08352348964	0.08319423175	-0.1516865573	0.08980894653	0.08385701231	0.08333777256	0.07599439824	-0.07016699806	0.07493570395	-0.1204659701	0.07416829947	-0.005258979525	-0.1189361449	-0.06674453574	0.07248619493	-0.110274717	0.07168877187	-0.1201256308	0.07196505399	-0.1507444576	0.07267772615	0.07303061503	0.07274150141	0.0713862019	0.07387813786	0.07208993949	0.07378833864	0.07343563462	-0.008085428325	0.07448265116	0.0742274434	0.07414136689	0.07223946247	-0.1081183495	0.09471817715	-0.05836316221	-0.006302677193	0.07380615459	-0.002408982531	-0.1102175685	-0.1029106324	0.07365271149	-0.005561830106	-0.1008956433	0.08501836323	0.08399656384	0.146441318	0.08511561184	0.005386224408	0.08363306107	0.08422812618	-0.005608192946	-0.007570033313	-0.1602603349	-0.006002783616	-0.03949333406	-0.1565151239	0.08877003816	0.08641432448	0.07315851146	-0.1589763475	-0.1161218045	-0.007819088467	-0.005196937708	-0.007214906358	-0.1578932553	-0.005695991847	-0.006272741934	0.07395582011	-0.004920172949	-0.1226837295	-0.1108458057	-0.005870295036	0.07399157328	0.07333626655	0.07274980576	-0.1207250054	0.0715207995	0.07485745545	0.07640795776	-0.005294684481	-0.007102199178	0.07162665245	0.07299334102	0.07495413654	-0.007153933593	0.07381971547	0.07249478781	0.07350366153	0.07429423064
-0.002861716814	-0.001918934032	-0.01198736748	-0.0115119068	0.08553873457	-0.04120885462	-0.06900125346	-0.1273442363	-0.0444158772	-0.00206114647	-0.004370084342	-0.04522316337	-0.02250215784	-0.132753382	-0.1369928725	-0.1376240942	-0.04647202851	-0.01813853739	-0.02180010559	-0.1193410864	-0.09738230379	-0.1152461366	-0.116006287	-0.01901028107	0.08640928188	0.08514016641	0.0861567025	0.08651188772	-0.06755703064	-0.04692598098	-0.007404324208	-0.03560461623	-0.1926105463	0.08485775459	-0.1905389011	-0.03915860491	-0.001654843006	-0.02323511196	-0.01333712573	-0.01228279707	-0.002773182114	-0.002547195665	-0.1193351216	-0.002825511443	-0.00251452283	-0.03928660624	-0.003162074327	0.08626358657	-0.02088021483	-0.002802470802	-0.1845694074	-0.1798108057	0.08584051255	0.08483194109	0.08553703795	0.08632194273	-0.1901182791	-0.004186985473	0.08440392351	0.08556790815	-0.003784842529	0.08476988248	0.09377399933	0.08473484064	-0.004148325902	-0.002987023059	0.09034005669	0.001149613652	0.0837220136	0.0937972948	-0.1792955404	0.084648455	0.08294755946	0.08340150356	-0.004935736226	0.08497725563	-0.1451313465	0.08382731197	0.0006426205091	0.09467870276	-0.004649512871	0.001420970712	-0.07374746236	-0.1443487843	-0.1120697445	-0.1252513702	-0.08732688734	-0.1411707407	0.08501282083	0.08434710846	0.0855132371	-0.08116072802	0.09615094408	0.09571049028	-0.1793950371	0.09535378927	0.1031668039	0.09556117772	0.08214542813	-0.08067276187	0.08494305189	-0.1405712137	0.09193945047	0.002876033056	-0.1405383816	-0.07903511362	0.09232240961	-0.1272836542	0.08443673317	-0.1417124814	0.09040059471	-0.1795833178	0.08403479737	0.08273372577	0.08359432651	0.08355126683	0.08855011083	0.09167842566	0.09250312305	0.0885998886	0.003638471648	0.0928912509	0.0851407465	0.08960641591	0.08335179454	-0.1247494734	0.09467776697	-0.06990112814	-0.003435558069	0.08434362946	-0.00534370256	-0.1313343612	-0.1178837493	0.09277035469	0.003347034113	-0.116946352	0.1022462275	0.1037716404	0.08511561184	0.120233976	-0.006952207595	0.09434217187	0.09548417254	0.005226425195	-0.002119193772	-0.1896779296	0.003630872519	-0.04914473585	-0.1863786386	0.09752864942	0.09510436969	0.09214196838	-0.1892729946	-0.1389395879	-0.004412197821	0.001345252518	-0.004180746934	-0.1878857072	0.00326716444	-0.00224430581	0.08588418507	-0.005049978464	-0.1468864141	-0.1288416869	-0.002892678107	0.09023493056	0.08354846692	0.09201116326	-0.1422673919	0.0843719759	0.08437028525	0.08665770409	-0.005174513936	0.002215744262	0.08445874278	0.08383965446	0.09016052768	-0.003917172175	0.09028936322	0.08478475587	0.0917064282	0.0838493928
0.09807670942	0.09727899266	-0.02908802982	-0.02885855676	-0.003402064087	0.01285675698	-0.03317688805	-0.05697109085	-0.002711470916	0.09864384328	0.1011826778	-0.00361104105	-0.06829387674	-0.06193180652	-0.06581076515	-0.06480304174	-0.000712502667	-0.06911909661	-0.06880809486	-0.04189664509	-0.02332348549	-0.03898158181	-0.03887944642	-0.06898484023	-0.005106198482	-0.003547358022	-0.004674674315	-0.00558832827	-0.02772595212	-0.005902685144	-0.03176756662	0.002588899795	-0.1095373447	-0.00358801731	-0.1030177024	-0.01995100759	0.09658425557	-0.0664897978	-0.02585878493	-0.02684433481	0.09630489829	0.09821986954	-0.06360751723	0.09863634163	0.09743289123	0.01276295809	0.09655615116	-0.005518580202	-0.06941763103	0.09822964762	-0.103069123	-0.09875913224	-0.005277352752	-0.00350108258	-0.005289428759	-0.00387380878	-0.1024057259	0.09866171056	-0.004328215294	-0.00568970144	0.09761192343	-0.003581413441	-0.003488644634	-0.004002753471	0.09845222365	0.09665797451	-0.006999598108	0.09651442631	-0.004724036205	-0.005139898607	-0.09803713546	-0.005771014731	-0.002286475827	-0.004550677225	0.09806205967	-0.003795226986	-0.07794425178	-0.005342073325	0.09580547885	-0.002421170871	0.09828330122	0.0968985316	-0.04619376054	-0.07390363025	-0.02489592043	-0.03808153817	-0.02603384648	-0.07579757096	-0.005475917286	-0.002661798384	-0.005950812916	-0.02863019948	-0.004735523342	-0.005125955044	-0.0975817791	-0.00187306954	-0.007779664235	-0.00560524847	-0.0021549145	-0.04573923282	-0.002431230285	-0.07223034376	-0.00543210629	0.1113812949	-0.07645864047	-0.04968629777	-0.007822460284	-0.04011382214	-0.005337480592	-0.07581475449	-0.006893015314	-0.09775005564	-0.005934571566	-0.002545045244	-0.003495568502	-0.005221215785	-0.005384078275	-0.006838217466	-0.008335974857	-0.005450740843	0.09532916084	-0.006366989758	-0.004648192078	-0.003386087256	-0.006706078589	-0.03859385935	0.0007480175867	-0.04851036157	0.09989598909	-0.003516267368	0.1021395541	-0.06498586317	-0.03483954976	-0.007253826961	0.09736017808	-0.03150109152	-0.006688240536	-0.006696315348	0.005386224408	-0.006952207595	0.1481015891	-0.005200844785	-0.004253988758	0.09792311445	0.1114155687	-0.1027315881	0.09680607418	0.009898717516	-0.1019123658	-0.00319076115	-0.003000930665	-0.007497393059	-0.102757796	-0.07005544103	0.09953435018	0.1079197803	0.09716976615	-0.1002483136	0.09888550914	0.09883783472	-0.00466030841	0.1030348438	-0.1028862842	-0.04057375058	0.09624247228	-0.007129067711	-0.005200232089	-0.00667222021	-0.07727799555	-0.006237450459	-0.003921032373	-0.003294288921	0.1000276335	0.09726188436	-0.005601565813	-0.0036255389	-0.005167404876	0.09873778746	-0.007241375394	-0.006010744774	-0.0065931819	-0.003571322994
-0.0002980903309	-0.0003613076209	-0.01244174121	-0.01052913758	0.08878801473	-0.04065722828	-0.06859334142	-0.1294517214	-0.04530139382	7.133712485e-05	-0.0003181063571	-0.04495896563	-0.02310024587	-0.1352826309	-0.1394107572	-0.1388962896	-0.04613472754	-0.02491634014	-0.02354790798	-0.120226603	-0.09769296322	-0.1161316533	-0.115598375	-0.02478208376	0.08897290836	0.08856607867	0.08804073087	0.08854080068	-0.07002340452	-0.04541090684	-0.01418212696	-0.03457103089	-0.1953643487	0.08972080981	-0.1922867035	-0.04018783583	0.0004776405891	-0.0229485624	-0.01106092784	-0.01173117073	0.0005090158491	1.643081751e-05	-0.120076924	0.0008878294076	0.001198818021	-0.0388786942	-0.0007421621399	0.08796492728	-0.02190944575	-0.0008637592918	-0.1876900386	-0.1831497873	0.0881016917	0.08868899624	0.08853180732	0.08902928351	-0.1919621557	0.0001012125618	0.08955440732	0.08762454254	-0.0003589302702	0.08833950903	0.09949934032	0.086991636	-0.0008661279393	-0.000865623884	0.08586168267	-0.002610188888	0.08858506882	0.09851663573	-0.1829116287	0.08879293874	0.08737947179	0.08984541604	-0.0003601095991	0.08940916796	-0.1490977384	0.08811551	-0.002686039143	0.1004548599	-7.830191273e-07	-0.003919689084	-0.07549526476	-0.1465277296	-0.11626069	-0.126711744	-0.09108668988	-0.1446431147	0.0880075902	0.08935387798	0.08887627436	-0.08060910168	0.1008202272	0.1008609741	-0.1831548396	0.09661927816	0.09696385834	0.1002379664	0.08720386283	-0.07968999265	0.09038096429	-0.1426064447	0.08501793342	-0.002752055332	-0.1435796126	-0.080013136	0.08626317834	-0.1284565994	0.0886620562	-0.1448974268	0.08534736351	-0.1820496917	0.0884667097	0.08856986326	0.08773881025	0.08855803634	0.0845028797	0.0851880515	0.08428817734	0.08527122895	-0.002995616812	0.08553859096	0.08904901019	0.08652389677	0.08677770679	-0.1264972758	0.09501506794	-0.07150521625	0.0004214970777	0.08891925609	-0.0007680759333	-0.1315938121	-0.1210686947	0.08570512334	-0.002855911459	-0.1198438688	0.09690556767	0.09656269475	0.08363306107	0.09434217187	-0.005200844785	0.1150137997	0.09966762964	-0.003994520593	-0.0005103588188	-0.1918568749	-0.002859501644	-0.04816196663	-0.1891344307	0.09635570421	0.09960938525	0.08651387999	-0.1913082256	-0.1384508365	0.001169428878	-0.003133121502	-0.0007548346752	-0.1897025877	-0.003223209724	0.0003582940415	0.08902266874	-0.001556201121	-0.1471970735	-0.1291523463	-0.001622480287	0.08561284224	0.08777378995	0.08365250325	-0.1454523373	0.08765417386	0.08980819765	0.08490990169	-0.0003908588809	-0.003699772718	0.08842659442	0.08797432838	0.08611329655	-0.0002038313244	0.08451756054	0.08777952524	0.08521605403	0.08765639016
-0.001376533668	-0.00029003659	-0.01212201496	-0.01078426851	0.08925041728	-0.03918778766	-0.06973139228	-0.1292757095	-0.04530910752	-0.0003563799389	-1.258185277e-05	-0.04582896511	-0.02244486556	-0.1348592017	-0.1395206147	-0.1400981818	-0.04513644117	-0.02506776814	-0.0229807645	-0.1202343167	-0.09928153418	-0.114702224	-0.115422363	-0.02579579753	0.08853405177	0.08913322215	0.08890690999	0.08924794725	-0.06988740393	-0.04656833491	-0.01601811515	-0.03403532631	-0.1960906339	0.08989682177	-0.1916805866	-0.04159268113	0.000261483028	-0.02361382923	-0.009589514631	-0.009112015737	0.000149143992	-0.0006308696315	-0.1204878589	-0.0001393666564	-0.0008577037535	-0.03894385795	0.001053680443	0.0886110555	-0.02119858798	-0.002268604589	-0.1880105217	-0.1827263581	0.08820928798	0.08943986538	0.08899524787	0.08866941165	-0.1912123245	-0.0004813583261	0.08983412221	0.08823169738	-0.0009989512107	0.0893377954	0.09733591218	0.08913468107	-0.0008338302768	-0.0004594594912	0.08571025467	-0.002474188296	0.08800249793	0.09779035054	-0.1827756281	0.08822401669	0.08852147246	0.08840055937	-0.001046383417	0.08857917984	-0.1477730501	0.08869414808	-0.002262609959	0.0983843299	0.000921654137	-0.003352545604	-0.07647000516	-0.145059327	-0.1168042875	-0.1271116273	-0.09220514459	-0.144611855	0.08721657545	0.08996103282	0.08880383109	-0.08119167257	0.09908794196	0.0991687002	-0.1824524379	0.09776127882	0.09738728752	0.1005456029	0.08750501576	-0.07961872162	0.0888324047	-0.1420003279	0.08505023108	-0.003047197627	-0.1439794958	-0.08075165635	0.08510575027	-0.1287127683	0.08730346378	-0.1447224528	0.08692050706	-0.1820574054	0.08860271029	0.08741243518	0.08859338232	0.08783175116	0.0843514517	0.08460548061	0.08413674934	0.08540722954	-0.003721901996	0.08509973436	0.09071465949	0.08737846884	0.0865655636	-0.1270408733	0.09773792586	-0.07305481384	0.001132354854	0.0895304253	-0.0001197435045	-0.1313263324	-0.1216122922	0.08655969541	-0.002719910867	-0.1206748949	0.09636197015	0.09511783808	0.08422812618	0.09548417254	-0.004253988758	0.09966762964	0.1160260809	-0.004422237656	-9.812681057e-05	-0.1912507581	-0.003298358236	-0.04798595467	-0.18838261	0.09850370494	0.09926631537	0.08539646329	-0.1906512927	-0.1372698625	0.001318927498	-0.002709692318	0.0004065431971	-0.1893838994	-0.003230923428	-0.00154610983	0.08870904976	1.694243042e-05	-0.1483660113	-0.1291099471	-0.001838637849	0.08503027136	0.08747864765	0.08321364666	-0.1449899347	0.08759537944	0.08851106965	0.08705790242	-0.001153536563	-0.00270148635	0.08702174912	0.08677847681	0.08612496005	0.000259609226	0.08522841831	0.08877781161	0.08549576892	0.08780353028
0.1016224737	0.09983468487	-0.02908547135	-0.031196868	-0.002770874979	0.01182561795	-0.03713279377	-0.06252519144	-0.007373702849	0.1003821721	0.09806209467	-0.008037274732	-0.07125741819	-0.0695552058	-0.07336355336	-0.07380897872	-0.008854996978	-0.06703751204	-0.07084279453	-0.04967576682	-0.02771698425	-0.04699652203	-0.04658838473	-0.06805297002	-0.001292552685	-0.003136525333	-0.002075213874	-0.001006221182	-0.03655085673	-0.01117723529	-0.0237838566	-0.001692128633	-0.1180517947	-0.002660354308	-0.1118195809	-0.02162156345	0.0999550616	-0.07270894379	-0.03176866963	-0.02966832953	0.1004175797	0.1013621377	-0.06993351783	0.09892810746	0.1003888104	0.01317300914	0.09887897317	-0.00082337944	-0.07236604681	0.1005320054	-0.1108832636	-0.1055569507	-0.001508785283	-0.003548453586	-0.001693642361	-0.002052893938	-0.1112076045	0.09838890784	-0.00427188337	-0.0009442006748	0.09883106215	-0.004049638697	-0.004131550251	-0.004404136883	0.09850749942	0.100174867	0.0006262219865	0.1031506498	-0.004123535261	-0.00281482611	-0.1045946317	-0.004777951116	-0.00485806876	-0.005306331074	0.09868616853	-0.00311571046	-0.08322659899	-0.0048405113	0.1036496567	-0.004663989783	0.0979584082	0.1025597211	-0.04892100317	-0.08043203661	-0.02774556682	-0.04222062116	-0.02585328268	-0.0809905647	-0.002649002372	-0.004033286217	-0.002436014685	-0.03477712443	-0.004054034231	-0.003161048005	-0.1054825719	-0.00445736423	0.002674397003	-0.004787514888	-0.005689531012	-0.04977029089	-0.002431342717	-0.07881018046	0.004852484459	0.1093322124	-0.08107677703	-0.05291522577	0.002752289202	-0.04396547654	-0.002650232848	-0.08167601971	-0.001468954435	-0.1041694264	-0.004529322968	-0.006294455262	-0.004394936647	-0.003863139145	-0.001451152467	0.001533448064	0.002789288344	-0.0007558513663	0.1059269364	0.0027462733	-0.002529060308	-0.0002511330923	-0.004884885846	-0.04229358154	-0.003802639797	-0.0488842888	0.09899662095	-0.00274333655	0.1113161918	-0.07144161382	-0.03614642892	0.002769091389	0.1083660705	-0.03362817437	0.003047249222	0.004285233557	-0.005608192946	0.005226425195	0.09792311445	-0.003994520593	-0.004422237656	0.142736032	0.1020775682	-0.1111023237	0.1072127659	0.005470593969	-0.1109623653	-0.002245186005	-0.005819180105	0.004336430886	-0.1116525727	-0.07961216963	0.0980199812	0.1046397173	0.09825143208	-0.1087463601	0.1194959159	0.1141281599	-0.00350220968	0.10974163	-0.1069699538	-0.04493751253	0.1004417981	0.001239667333	-0.004871939129	0.002153614255	-0.08208721592	-0.003577275888	-0.004337549388	-0.004636987878	0.09577314972	0.1055102091	-0.004241998293	-0.004580751584	1.555008661e-05	0.09826758962	0.001006671401	-0.004929078839	-1.94066536e-05	-0.004991016605
0.1041531298	0.1027964838	-0.02865932116	-0.03139678354	0.001236935437	0.01277541678	-0.03944841238	-0.06524050416	-0.006958749833	0.1045625686	0.1043208844	-0.007191178828	-0.07204765701	-0.07130763368	-0.07456871017	-0.07689121047	-0.007597160714	-0.074383131	-0.07172127018	-0.05064674822	-0.032044603	-0.04798894147	-0.04822544322	-0.07424887462	0.000703257587	-0.0005146493354	0.001456678277	-0.0006738318098	-0.04111469553	-0.008706689797	-0.0323192013	0.0002716538811	-0.1217533477	0.002026016221	-0.115089991	-0.02291998481	0.1027731463	-0.07230312636	-0.02795509531	-0.02622417912	0.1042416645	0.1041802224	-0.07277278508	0.1026986986	0.1022008951	0.01373791797	0.101265915	0.0004138479855	-0.07367566535	0.1043060323	-0.1148079311	-0.1108905695	5.588210056e-05	-0.0005866546088	0.001268156616	0.000184775548	-0.1143819404	0.1025404326	-0.0008197493534	0.0002171775389	0.1025576855	-0.000361284631	-0.0002162455888	-0.0009772951229	0.1030614436	0.1045926343	-0.002120539509	0.1014098884	0.0006540551771	0.0003306985294	-0.1098826308	0.000667002259	-0.0003153217982	-0.001298520658	0.1040911105	0.0001335171093	-0.0857488069	-0.001083916686	0.1006154666	-0.0008923994168	0.102270082	0.1014450254	-0.05219141331	-0.08145422656	-0.03250432846	-0.04554223984	-0.03400997888	-0.08397354625	-0.0007857092204	0.0007967986082	-0.0002556621926	-0.03292502846	0.0006222898762	-0.0001480404855	-0.1107705711	-0.002860087703	-0.001365793157	0.0001837433219	-0.002020579474	-0.04925163494	0.0002942362102	-0.07925751322	-0.002820574466	0.1159268801	-0.08367982423	-0.05391916899	-0.002293901029	-0.04714338093	-0.0004236274782	-0.08379671548	-0.001341430011	-0.1097392653	0.0003919817657	-0.00094200764	0.001101225271	-0.001005043098	-0.003191913891	-0.002794170687	-0.003550330551	-0.002589118544	0.1001621747	-0.003018488411	-0.0001158881832	-0.0008322596909	-0.0007733725012	-0.04547148592	-0.00257126128	-0.05191847889	0.1031481457	0.0007933196113	0.1039243199	-0.07302041423	-0.0396117619	-0.002851956026	0.1018827373	-0.03809950742	-0.003292369673	-0.003491528298	-0.007570033313	-0.002119193772	0.1114155687	-0.0005103588188	-9.812681057e-05	0.1020775682	0.1320759015	-0.1140853053	0.100873147	0.008627315785	-0.11369088	-0.002903988019	-0.0001820498777	-0.002474342263	-0.1147792685	-0.08008069687	0.1030337917	0.1133900995	0.1027415939	-0.1108670559	0.1032400106	0.1064951124	0.001661556614	0.1045270848	-0.112838731	-0.04664940212	0.1028287398	-0.002513094235	-0.0007320808795	-0.003323718864	-0.08497769171	-0.001046619799	0.0004400410496	-0.002589969064	0.1028181411	0.1014700189	-0.00113648502	0.0002101299107	-0.001674002795	0.1037753503	-0.003752090238	-0.0006338398311	-0.002191310965	0.0008638937079
-0.1150227512	-0.1137460196	-0.0179435371	-0.01198073112	-0.1910314544	0.01406524998	0.1167654319	0.2967189697	0.03875701875	-0.1135036093	-0.1109417487	0.03881201835	0.04576643528	0.319477826	0.3376714146	0.3477693861	0.03932742485	0.04692635727	0.04455821773	0.2687705196	0.1984710762	0.2540388966	0.2534192844	0.04749175654	-0.1911669071	-0.1909220239	-0.19090285	-0.1898744433	0.1522619587	0.04800565311	-0.00298686246	0.01615149071	0.6157519453	-0.1912812915	0.7559195073	0.03708980277	-0.1139595916	0.04725622735	-0.01730071996	-0.01795153809	-0.1130659306	-0.1140676053	0.292350437	-0.1144651823	-0.1140844611	0.01225092666	-0.1134548228	-0.1913126024	0.04447210841	-0.1139575051	0.5746189513	0.5447327912	-0.1909507767	-0.1920256764	-0.1914642939	-0.190352858	0.7576471237	-0.1141923054	-0.1924216663	-0.19141056	-0.115514734	-0.1916245644	-0.1921376189	-0.1916404255	-0.1146885824	-0.1159713698	-0.1902541325	-0.1133108494	-0.1924170325	-0.1913957519	0.5458229136	-0.1909244885	-0.1883927553	-0.1921626853	-0.1142224847	-0.1901557904	0.4216401554	-0.1922355099	-0.1143926998	-0.1901760993	-0.1142422895	-0.1114586351	0.2599027774	0.4217089101	0.2761287076	0.3333286749	0.2477509674	0.3984387593	-0.1909467809	-0.1912170804	-0.1917755233	0.1309238914	-0.1920601028	-0.1914945566	0.5454669545	-0.1875233171	-0.1910802434	-0.1911115642	-0.1897692615	0.286022238	-0.1906990837	0.4056491439	-0.1885889712	-0.1117281443	0.3950471181	0.2813971938	-0.1895652083	0.3401907972	-0.1917023129	0.4009150188	-0.1919181661	0.5432452355	-0.1917702999	-0.1897659427	-0.192257291	-0.1925877792	-0.1907506497	-0.1913589066	-0.1888096377	-0.1920673488	-0.1128339916	-0.1888526527	-0.1919210633	-0.1907416328	-0.1900566799	0.332521263	-0.185582427	0.2477968248	-0.1130097351	-0.1905019879	-0.1128314148	0.383437572	0.2987158413	-0.1904106919	-0.1119757147	0.2986472385	-0.1908511055	-0.187601121	-0.1602603349	-0.1896779296	-0.1027315881	-0.1918568749	-0.1912507581	-0.1111023237	-0.1140853053	0.8131028071	-0.1101110191	0.0372326067	0.7396965522	-0.1872332544	-0.1905040744	-0.1897456495	0.7433177806	0.4198036011	-0.114641939	-0.1136900677	-0.1141860668	0.7378167045	-0.1132052988	-0.1143663668	-0.1911171468	-0.1119434084	0.4752885403	0.3691065473	-0.1151974267	-0.1928024017	-0.1918062401	-0.1900201689	0.406539823	-0.1918971356	-0.1899976226	-0.1887071904	-0.1139337776	-0.1139692904	-0.191934997	-0.1921671344	-0.1892839472	-0.114876882	-0.1894425402	-0.1917854331	-0.1908997612	-0.190708796
0.09969948108	0.1003548353	-0.02739893255	-0.0308204319	-0.001492141735	0.01191462546	-0.03743491778	-0.06380186674	-0.006238683901	0.1002126228	0.09905339933	-0.006471112896	-0.06983497065	-0.06985732981	-0.07363775574	-0.07501547059	-0.007145120846	-0.06719592175	-0.06970777558	-0.04854074787	-0.02701310819	-0.04672378885	-0.04534966285	-0.06634309389	-0.0001575337365	-0.001714077793	-0.001847256078	-0.001121946328	-0.03757155222	-0.01076078783	-0.02498827775	-0.002888566178	-0.1183610647	-0.002283918206	-0.1115468477	-0.0193768415	0.1006189263	-0.07091637173	-0.03044256687	-0.02842960765	0.09950058719	0.09987028793	-0.07107000599	0.09973568645	0.09921231092	0.01254344517	0.09983026645	-0.001884086298	-0.07137474216	0.1007647272	-0.1118396449	-0.1065776462	-0.0008589013342	-0.003603160372	-0.001604634851	-0.001107158664	-0.1103600141	0.09823049812	-0.003312606475	-0.001505899561	0.09805778388	-0.003665218986	-0.003140245598	-0.004418832303	0.09816536404	0.100149032	0.002336098119	0.1051479545	-0.003563373496	-0.001823521458	-0.1057646303	-0.003068074984	-0.004872764179	-0.004889883606	0.09920631892	-0.004032703022	-0.08223529434	-0.003458075127	0.1036349613	-0.004822399498	0.09776797073	0.1039821686	-0.0487919843	-0.07944073196	-0.02698739869	-0.04036703074	-0.02874226402	-0.08028668864	-0.001266566198	-0.003225707227	-0.002059578584	-0.03364210548	-0.003493872466	-0.002784611903	-0.1057902848	-0.003362839365	0.003234558767	-0.003912002897	-0.006023682781	-0.0489627119	-0.002342335207	-0.07753144722	0.003504349009	0.1060120881	-0.08008547238	-0.05134906393	0.004174736742	-0.04326160048	-0.003423511114	-0.08125957224	0.0003846359931	-0.106196122	-0.004256589796	-0.005303150609	-0.00498448925	-0.003159263085	-0.0004598478149	0.002668467013	0.002343450036	0.000522881878	0.1050499552	0.003737577952	-0.003869212148	-0.0002658285118	-0.004077306856	-0.04115856259	-0.003098763737	-0.04832412704	0.1014250686	-0.003085471928	0.098510924	-0.07102516635	-0.03486769568	0.002898110266	0.1080639464	-0.03278058401	0.003463696691	0.00240225229	-0.006002783616	0.003630872519	0.09680607418	-0.002859501644	-0.003298358236	0.1072127659	0.100873147	-0.1101110191	0.1257372147	0.006853030143	-0.109683632	-0.0008227384644	-0.005616187499	0.0042817241	-0.1108049824	-0.07906153588	0.09786157148	0.1050561648	0.09924273674	-0.1077550555	0.1065469338	0.1003168921	-0.00341320217	0.09719531114	-0.1087092208	-0.04381363311	0.09995594838	0.001512400505	-0.00445549166	0.0034323475	-0.08066476838	-0.002194839715	-0.004208530512	-0.00134625449	0.09683974841	0.1069326566	-0.003003276416	-0.003506750996	0.001294283331	0.0993625972	0.001279404573	-0.004225202778	0.002265326663	-0.004729422961
0.008695869976	0.007642891518	0.05338830015	0.06304523687	-0.04693832101	0.1118162947	0.1061752746	0.09645980677	0.06678841195	0.008817880207	0.009902586477	0.06684341155	0.01384322201	0.09414726741	0.08322326385	0.08352163137	0.06753593549	0.01258574601	0.01438532106	0.03368406292	0.03652884413	0.03591072679	0.03903086238	0.01272000239	-0.04718457027	-0.04710626496	-0.04758086395	-0.0474119453	0.06809492772	0.1083560448	0.0621228191	0.1676163841	0.02816553341	-0.04945466904	0.03651534952	0.09518368589	0.008034457937	0.01528988708	0.05350681548	0.05324053055	0.008928118973	0.008070158612	0.07252080919	0.007886028475	0.008929106203	0.1101456856	0.008395512463	-0.04761769417	0.01286206878	0.008561343903	0.03595576778	0.03861026517	-0.0467343886	-0.04574391084	-0.04689086093	-0.04727007452	0.03695185156	0.006795744133	-0.04760907138	-0.04709579313	0.00721807167	-0.04753054101	-0.04700556762	-0.04859098544	0.007984118072	0.008416803013	-0.04972093877	0.006527485715	-0.048147267	-0.0484194151	0.03985442389	-0.04728974935	-0.04714261944	-0.04717434837	0.006909279156	-0.04646088208	0.05072066293	-0.04882803025	0.0050144925	-0.04834947682	0.005945894504	0.006942557071	-0.01011260518	0.05653322553	0.02333283839	0.02418092165	0.05089568945	0.05209441145	-0.04872474562	-0.04680360066	-0.04894290082	0.08129686955	-0.04740925228	-0.047655934	0.04032978446	-0.04784266358	-0.05025962109	-0.04825102008	-0.04866618721	-0.005109618131	-0.04786646122	0.05772393879	-0.05006777758	0.007247905048	0.0525830563	-0.01247476198	-0.04917572881	0.02717863804	-0.04800740462	0.05356467088	-0.04951668646	0.0405726466	-0.04970276907	-0.04801875826	-0.0479875255	-0.04817429947	-0.04993002738	-0.04996342706	-0.04985730115	-0.04923472628	0.006285772088	-0.04918174472	-0.04696475415	-0.04877129609	-0.04850124716	0.02497024705	-0.04799413026	-0.01524960547	0.008840600201	-0.04838793691	0.009151050668	0.04775428416	0.02694968509	-0.05030864099	0.006425477441	0.02386308209	-0.04945562598	-0.05037335608	-0.03949333406	-0.04914473585	0.009898717516	-0.04816196663	-0.04798595467	0.005470593969	0.008627315785	0.0372326067	0.006853030143	0.3138154611	0.03837419366	-0.0477060607	-0.04836484778	-0.04964359864	0.03677525591	0.04572573257	0.007917602135	0.007872838949	0.006965074177	0.03505879099	0.006489322064	0.007588709429	-0.04785338138	0.008491128774	0.01037552793	0.0295409027	0.007084051428	-0.05083206498	-0.04739276035	-0.04991811806	0.05027918875	-0.0474973047	-0.04728852982	-0.04822957673	0.008422994633	0.006156473366	-0.04801831281	-0.04777523805	-0.04815651903	0.006506939151	-0.05063391802	-0.04866538198	-0.05007913882	-0.04917964859
-0.1147390784	-0.1134091487	-0.01707261205	-0.01292855489	-0.1878758777	0.01405351002	0.1167513099	0.2953400031	0.03786239309	-0.1132199366	-0.1106910378	0.03772048028	0.04668689735	0.3159983678	0.3333296706	0.3405429899	0.03862772202	0.04813424793	0.04538816362	0.2674308515	0.197792419	0.2534177999	0.2540435839	0.04855593291	-0.1886393858	-0.1879121511	-0.1880347019	-0.1870062952	0.1615952606	0.04683982721	-0.002444345162	0.01652329765	0.6107216898	-0.1884131434	0.7294480109	0.03584382682	-0.1131010617	0.04794046937	-0.01639336347	-0.01690046731	-0.1126385435	-0.1132995915	0.2938802467	-0.1140377952	-0.1137475902	0.01223918671	-0.1128305234	-0.1884444544	0.04539257049	-0.1128115465	0.5702326104	0.5367429669	-0.1881358267	-0.1890138141	-0.1886493439	-0.1876816223	0.7320490058	-0.1137117202	-0.1895023096	-0.1885956101	-0.1150341488	-0.1891875592	-0.1895588889	-0.188230382	-0.114353701	-0.115203356	-0.1870032757	-0.1127397481	-0.1892634453	-0.1886713181	0.5365376711	-0.1881095386	-0.1857215196	-0.1894914496	-0.1140293281	-0.1873408404	0.4150025335	-0.1890799333	-0.1143964556	-0.1877410836	-0.1138542101	-0.1108363252	0.2534179787	0.4142010449	0.2727837928	0.325528617	0.2444929913	0.3967354384	-0.1882243366	-0.1883489323	-0.1892480019	0.1318999336	-0.1893888672	-0.1887189142	0.5356513632	-0.1847988833	-0.1886964364	-0.1885840428	-0.1871905316	0.2783992425	-0.1874017823	0.3997268999	-0.1849117354	-0.1114444716	0.3917117314	0.2737317084	-0.1868939726	0.3331093108	-0.1890310772	0.3970559834	-0.1893374466	0.5353876079	-0.1891383718	-0.187330927	-0.1894816486	-0.1895759168	-0.1877919855	-0.188256528	-0.1855103467	-0.1892011903	-0.1122096921	-0.1860329387	-0.1890858771	-0.1882534191	-0.1869543013	0.3254961683	-0.1830017075	0.2431291034	-0.1128165785	-0.1876338398	-0.112749026	0.3749217109	0.2947158753	-0.1874520276	-0.1112608991	0.2938651809	-0.1878924412	-0.184732973	-0.1565151239	-0.1863786386	-0.1019123658	-0.1891344307	-0.18838261	-0.1109623653	-0.11369088	0.7396965522	-0.109683632	0.03837419366	0.8186424314	-0.1847982388	-0.1880690588	-0.1866432709	0.7358027179	0.4089287673	-0.1141613539	-0.1131189664	-0.1139417017	0.731208747	-0.1122030545	-0.1139389797	-0.1883021968	-0.1111241861	0.4687219594	0.3610817869	-0.1146263254	-0.190131166	-0.1888868835	-0.1868645923	0.4036355792	-0.1893696142	-0.1873656946	-0.1859847462	-0.1135456982	-0.1135419033	-0.1889763327	-0.1898162891	-0.1867052173	-0.1143982864	-0.1861964474	-0.1886298564	-0.1882285255	-0.1881812746
-0.002860184622	-0.002061116136	-0.01212954959	-0.01136666032	0.08550734896	-0.0387641794	-0.06885600698	-0.1259055611	-0.0447017736	-0.002322292075	-0.001197574439	-0.04493420259	-0.02054410297	-0.1305152961	-0.1341597438	-0.1357542762	-0.04452910724	-0.02259214837	-0.02136743051	-0.117327554	-0.09637477152	-0.1133763186	-0.1138490404	-0.02245789199	0.085404814	0.08677654797	0.08601452039	0.08602125866	-0.0658309269	-0.04519987723	-0.01401364963	-0.03531565544	-0.191603014	0.08557785827	-0.1878067973	-0.03973192991	-0.002659310886	-0.02131819132	-0.01197543013	-0.01271240776	-0.002915364218	-0.002192467323	-0.1170062391	-0.001649514088	-0.00334735478	-0.03981367835	-0.003160542135	0.08583397588	-0.01987268257	-0.003375795795	-0.1841367323	-0.1793884526	0.08593176693	0.08569575906	0.08611342732	0.0870420464	-0.1877696781	-0.004472881873	0.08469288429	0.08534987684	-0.002731057389	0.08666445131	0.09320067434	0.08461950889	-0.004840614395	-0.003416633755	0.0861738743	-0.000573425708	0.08489801095	0.09394254129	-0.1785754368	0.08565598726	0.08627927126	0.08484017871	-0.005365346922	0.08627221648	-0.1433244035	0.08299130918	-0.0009367045551	0.09554252072	-0.003619975799	0.0001538250351	-0.0728588936	-0.143341252	-0.1128762061	-0.1248186951	-0.08876249811	-0.1407380656	0.0854454959	0.08492349784	0.0850207514	-0.07986576716	0.09600876198	0.09643059395	-0.1784809191	0.09923089852	0.09799462145	0.09501577436	0.08437909074	-0.07822808665	0.08673492319	-0.13985111	0.08625817838	-0.0004278635596	-0.1399619922	-0.07797637282	0.08657536997	-0.1259886933	0.08470907182	-0.1402738063	0.08795898387	-0.1782883569	0.08403632956	0.08399576882	0.08491403816	0.08398394191	0.08857639382	0.0863625289	0.08560636904	0.08809722976	-0.003689425255	0.08743163984	0.08533720153	0.08712351699	0.08464675539	-0.1234545126	0.100074094	-0.06989959595	-0.002259560714	0.08595076971	-0.00285277446	-0.1284073346	-0.1178822171	0.08702331504	4.313749734e-05	-0.1157951055	0.09822375937	0.09558145771	0.08877003816	0.09752864942	-0.00319076115	0.09635570421	0.09850370494	-0.002245186005	-0.002903988019	-0.1872332544	-0.0008227384644	-0.0477060607	-0.1847982388	0.1198101601	0.09639419955	0.08668235732	-0.1872086462	-0.1352396082	-0.003379914762	0.0009403926168	-0.003867035355	-0.1854410319	-0.0004678750638	-0.002673916506	0.08535711295	-0.004118295413	-0.1442560406	-0.1272592974	-0.004040860283	0.08793703402	0.08470260603	0.08525812354	-0.1418347168	0.08554797326	0.08509038892	0.09076356747	-0.003762566518	-0.002094152426	0.08428364287	0.08548323776	0.08860595341	-0.002689564714	0.0869854666	0.08421143088	0.08754024581	0.08516910445
-0.000325075066	0.0008320330821	-0.01227737156	-0.01113097949	0.08760607749	-0.03882326283	-0.06901275262	-0.1278574894	-0.04525805496	-3.57518737e-06	0.0006317712878	-0.04585585928	-0.02212646867	-0.1347037781	-0.1383758783	-0.1380452431	-0.04443065653	-0.02453923312	-0.02271784508	-0.1190202628	-0.09847041408	-0.1148292389	-0.1150347571	-0.0255546911	0.08898348207	0.08862100768	0.08792684519	0.08714728405	-0.06967660414	-0.04611890461	-0.01704468119	-0.03338758519	-0.1956400456	0.09069982515	-0.1906464744	-0.04110741298	-0.0006311934297	-0.02183345592	-0.01004435406	-0.009554800924	-0.0005239689579	1.430495953e-05	-0.1205869846	0.000275905836	0.0006024008764	-0.038625586	0.0003805674928	0.08829598221	-0.02042867646	-0.0006791646467	-0.1868326952	-0.1832341298	0.08734508375	0.08887149336	0.08853274422	0.08759307745	-0.1908007096	-0.0003569150612	0.08947949501	0.08853569279	-0.000749192809	0.08794924649	0.09709707764	0.08869570701	0.0003721068757	-0.002109505469	0.08403702316	-0.004150165795	0.08675766332	0.09738233858	-0.1824687541	0.08854400549	0.08940204565	0.08840920998	-0.0007758352655	0.08995180226	-0.1464644835	0.08715039028	-0.003048380047	0.1002281066	0.0004398091963	-0.003200180705	-0.07612900132	-0.1438815005	-0.1163647509	-0.1259814409	-0.09145846098	-0.1430028856	0.08798060546	0.08938742266	0.08771726867	-0.07853772974	0.09920230357	0.09874614	-0.1827204211	0.09725700197	0.09499548453	0.09889318063	0.08794798286	-0.07953454666	0.0887750102	-0.1404672077	0.08283828013	-0.004221421168	-0.1417956693	-0.0801451186	0.08386366164	-0.1278021454	0.08768670825	-0.142901904	0.08503295018	-0.1817505314	0.08805098404	0.08865628618	0.08870774393	0.08745194831	0.08554976012	0.08365082058	0.08337185569	0.08603068078	-0.004486795637	0.08486364581	0.08822760476	0.08767454803	0.08677864369	-0.1273199083	0.0969286208	-0.07192981051	-0.0004499334513	0.08949505017	0.001223666434	-0.1310830725	-0.1207695344	0.08431160672	-0.003562751245	-0.1192293583	0.09450330499	0.09509123139	0.08641432448	0.09510436969	-0.003000930665	0.09960938525	0.09926631537	-0.005819180105	-0.0001820498777	-0.1905040744	-0.005616187499	-0.04836484778	-0.1880690588	0.09639419955	0.1166734993	0.08317413078	-0.1898117109	-0.1380209362	0.0006830921412	-0.001435534686	-0.001003767922	-0.1886372158	-0.003754440572	-0.0003556244716	0.09000139659	0.0008296505365	-0.1471682928	-0.1282104638	-0.002368036502	0.084430905	0.08809899671	0.08181776208	-0.1442432511	0.08683276844	0.08938762847	0.08598470374	-0.0005525821855	-0.004059367636	0.08538160947	0.08945235169	0.08454785652	-0.0007540631372	0.0833138103	0.08782040559	0.08464213375	0.08702633912
-0.001348579457	-0.001124368155	-0.01191137309	-0.01042991233	0.08658781124	-0.03983943156	-0.06806297329	-0.1276279246	-0.0451973781	-0.001513997819	-0.003144375578	-0.04529088327	-0.02228244914	-0.1330276912	-0.1376600636	-0.1385540999	-0.046827177	-0.01892482877	-0.02229896837	-0.1189776634	-0.09615659502	-0.1151487042	-0.1150680069	-0.01965285816	0.08806613353	0.08809044673	0.08810098274	0.08788131078	-0.06805589343	-0.0462751294	-0.007615758404	-0.03564030837	-0.1944028377	0.08651460625	-0.1900317638	-0.03850775333	2.008646426e-06	-0.02344654616	-0.013788619	-0.01292537415	-0.001834901941	-0.0003934335659	-0.1192591272	-0.002515582109	-0.002151099842	-0.03877946895	-0.002080079858	0.08835158111	-0.02051679185	-0.001433047742	-0.1852913846	-0.1790162398	0.08773080069	0.08677622134	0.08791246108	0.08812250868	-0.189707216	-0.0032487053	0.08623651721	0.08808704558	-0.003133990948	0.08559647611	0.08594570745	0.08711026377	-0.003497474322	-0.001865017224	0.0937214799	0.0003633222729	0.0872471511	0.08539414574	-0.1787884032	0.08630530665	0.08446069682	0.08707035536	-0.003710027461	0.09425096496	-0.1456930843	0.08821473524	0.00129347209	0.08483841073	-0.00411034783	0.0002035364447	-0.07381518226	-0.1444165042	-0.1125686073	-0.1256065187	-0.08696346435	-0.1431067465	0.08738824396	0.08514167434	0.08768686141	-0.08108473362	0.08573579487	0.08615762684	-0.1787441855	0.08374843161	0.09289536899	0.0857208857	0.0854151648	-0.08002191029	0.08896509984	-0.1409263622	0.09495549835	0.001802313085	-0.1411809586	-0.07852797634	0.09397926127	-0.1266328026	0.08818642425	-0.1427862014	0.09234487496	-0.1789324662	0.08727250628	0.08550737399	0.08711946401	0.08750754721	0.09164410544	0.09549099175	0.09372883182	0.09284359758	0.001846180197	0.09426067396	0.08625476872	0.08910755312	0.08673321774	-0.1256794791	0.08469376064	-0.06982513375	-0.003215849377	0.08628790971	-0.005267708163	-0.1319769383	-0.1195323265	0.09399606345	0.003710457102	-0.116582929	0.09240593544	0.09364391977	0.07315851146	0.09214196838	-0.007497393059	0.08651387999	0.08539646329	0.004336430886	-0.002474342263	-0.1897456495	0.0042817241	-0.04964359864	-0.1866432709	0.08668235732	0.08317413078	0.1192362504	-0.1891461841	-0.1384953256	-0.003186489056	0.0007026754344	-0.003098752466	-0.1882408556	0.003486873133	-0.0005874541575	0.08782846531	-0.004926614551	-0.1485884849	-0.1294442526	-0.001954397934	0.0923229251	0.08535827743	0.0940991578	-0.1431973976	0.08717854192	0.0861708512	0.08773969855	-0.005928777558	0.002291738659	0.08780724818	0.08664622048	0.09986537991	-0.003410034891	0.09280850065	0.08744760759	0.09293213696	0.08712711307
-0.1153363876	-0.114059656	-0.01622840677	-0.01217685536	-0.1901953765	0.01437728678	0.1162151829	0.2975288456	0.03760571054	-0.1135298172	-0.1112553852	0.03794813873	0.04562112714	0.3200002732	0.3396572068	0.3458423383	0.03860725952	0.04692476342	0.04436209348	0.2687411357	0.1990610135	0.2544406555	0.2545427909	0.04743934659	-0.1904745436	-0.1901788442	-0.1901596703	-0.189325794	0.1530051384	0.04788654702	-0.002988456304	0.01560124173	0.6169230241	-0.1905889279	0.7532015895	0.03740183957	-0.1142732281	0.04697673293	-0.01598268308	-0.01634607262	-0.1136669957	-0.1141867114	0.2945307596	-0.114922533	-0.1143980976	0.01265586166	-0.1137684593	-0.1907639532	0.04456341276	-0.1142711416	0.5749237977	0.5415956849	-0.1902584131	-0.1911895986	-0.1908648285	-0.1898042087	0.7447413475	-0.1147933705	-0.1915855884	-0.1908619108	-0.1156846562	-0.1912196294	-0.1915889696	-0.1906606333	-0.115095117	-0.1164287206	-0.1893672386	-0.1134807716	-0.1917246689	-0.190559674	0.5422546644	-0.1900884107	-0.1875566774	-0.1914703217	-0.1151109783	-0.1896071411	0.4217822758	-0.1912557178	-0.1144189077	-0.1897711643	-0.114555926	-0.1119159859	0.2572801842	0.4181144589	0.2763541982	0.3319733082	0.2559164744	0.4002546352	-0.190110703	-0.1903810025	-0.1910831597	0.1307785833	-0.191224025	-0.1910388055	0.5411706058	-0.1874058107	-0.190962737	-0.1907066292	-0.1889331837	0.2848510797	-0.1902941487	0.4047852643	-0.1878966076	-0.1117543522	0.3951384225	0.2793494577	-0.1891602733	0.3388354306	-0.190866235	0.4012937517	-0.1917498436	0.5383740296	-0.1912216506	-0.1892172934	-0.1914212131	-0.1914642728	-0.1900582862	-0.1907594412	-0.1882101723	-0.1915186995	-0.1133842406	-0.188109473	-0.1913215979	-0.1903366978	-0.1895080306	0.331504141	-0.1850337777	0.2461802316	-0.1137036984	-0.1900462368	-0.1133975438	0.3809682211	0.2965085109	-0.1898620426	-0.1123822494	0.2966241165	-0.1903953544	-0.1871453699	-0.1589763475	-0.1892729946	-0.102757796	-0.1913082256	-0.1906512927	-0.1116525727	-0.1147792685	0.7433177806	-0.1108049824	0.03677525591	0.7358027179	-0.1872086462	-0.1898117109	-0.1891461841	0.8268592705	0.4174827285	-0.1150992898	-0.1142403167	-0.1146434176	0.7363676013	-0.1134681192	-0.1146800033	-0.1905684975	-0.1122570449	0.47214667	0.3676169944	-0.1153673489	-0.1922537524	-0.1909701622	-0.1891840911	0.4072568006	-0.1913484863	-0.1895926876	-0.1881585411	-0.1145348427	-0.1145703554	-0.1913863477	-0.1919059137	-0.1885915836	-0.1156216614	-0.1884627481	-0.1909493552	-0.1904440101	-0.1901093306
-0.07941442186	-0.07988512544	0.005505855079	0.006395691979	-0.136796048	0.04913074934	0.1325962416	0.207404157	0.05325315585	-0.07878042945	-0.07779942611	0.05316444116	0.05856086447	0.2216348558	0.2277765738	0.2284230496	0.05454451544	0.05914592927	0.0580712184	0.1891820645	0.1412704536	0.1756001558	0.1777119094	0.05971132854	-0.1381291367	-0.1373914975	-0.1374968117	-0.1371641127	0.1113334433	0.07036141941	0.008657852363	0.02824186972	0.3713484887	-0.136869253	0.4202360583	0.05629183869	-0.08024241183	0.05953614348	0.007602518287	0.005725825599	-0.07949246509	-0.07963185397	0.2180722207	-0.07953541307	-0.08075178806	0.04774756891	-0.0798184823	-0.1381939927	0.05798510908	-0.07957181157	0.3589599655	0.3379500382	-0.13698612	-0.1371824951	-0.137339684	-0.1364074276	0.4193838957	-0.07961283979	-0.137754227	-0.1373810256	-0.0809150838	-0.1368134108	-0.1378692947	-0.1385218157	-0.08072389458	-0.08144196201	-0.1385097907	-0.08024936609	-0.1387235655	-0.1378459992	0.3382048708	-0.137532099	-0.1358422872	-0.137319504	-0.08021787624	-0.1371808949	0.2930748798	-0.1391169002	-0.0822563772	-0.1361023055	-0.07890841515	-0.07860374107	0.157545545	0.3002162383	0.2248171951	0.2534021375	0.1552061561	0.2871545665	-0.1378281711	-0.1373170242	-0.1392671379	0.1347222956	-0.137123265	-0.1382322325	0.3381517042	-0.1337053621	-0.1395424909	-0.1378492402	-0.1351018223	0.1996268204	-0.1366553132	0.2937900939	-0.137132058	-0.07823551809	0.2801605399	0.1820666956	-0.1381711701	0.2641724021	-0.1398896353	0.2858712282	-0.1398055564	0.3386166089	-0.139082833	-0.1369676793	-0.138563824	-0.138750598	-0.1373446114	-0.1378899932	-0.1377838673	-0.138444548	-0.08170366909	-0.1379705967	-0.1382596241	-0.1386290231	-0.1376566416	0.2573531774	-0.1330139236	0.1580864504	-0.07851110879	-0.1386768068	-0.07764215591	0.4507379939	0.2380628997	-0.1395286358	-0.08035137436	0.2290840105	-0.1381007636	-0.138156208	-0.1161218045	-0.1389395879	-0.07005544103	-0.1384508365	-0.1372698625	-0.07961216963	-0.08008069687	0.4198036011	-0.07906153588	0.04572573257	0.4089287673	-0.1352396082	-0.1380209362	-0.1384953256	0.4174827285	0.7050912541	-0.07963705876	-0.08069145941	-0.08090002991	0.414542707	-0.08043124404	-0.08136775845	-0.1378548227	-0.07834944732	0.2986032268	0.2933851087	-0.08148024693	-0.1404832027	-0.1391541404	-0.1382758271	0.2873513439	-0.1390167283	-0.1370025425	-0.1358760092	-0.07932346475	-0.08053953915	-0.1375558763	-0.1378988103	-0.136452766	-0.08006159797	-0.1375544841	-0.1395291091	-0.13806858	-0.1374965297
0.1033258483	0.1025154799	-0.02899153361	-0.03153407314	0.0006685029398	0.01178933942	-0.03972941629	-0.06677479307	-0.00752718233	0.1045289819	0.1027282051	-0.008190754213	-0.07368746277	-0.07289313114	-0.07657646568	-0.07741353973	-0.007785658866	-0.07492869986	-0.07269798193	-0.05134138035	-0.03242346164	-0.04840186092	-0.04930572561	-0.07465072918	0.001140825162	0.0005939185743	2.596000472e-05	-0.0001307046611	-0.04180154554	-0.01105090239	-0.03415248291	-0.0005333911029	-0.1221734131	0.002319869501	-0.114784339	-0.02267734008	0.1036475727	-0.07251856592	-0.02660472016	-0.02784982023	0.103529745	0.1043305887	-0.07318570453	0.103855065	0.1033570341	0.01126844477	0.1027094826	0.0009951298565	-0.07364637702	0.104312457	-0.1156462775	-0.1106774232	0.001003198725	0.002437770294	0.0001248669351	0.0004822662241	-0.114363717	0.1101637149	0.001147466935	0.000227239623	0.1104221436	0.001082283016	-0.0004047437399	0.0002580586292	0.1091963744	0.1088704765	-0.004269829261	0.1045780276	3.441413811e-05	0.001486837584	-0.1097206931	0.001549361566	0.001271960145	0.001582189948	0.110029965	0.002008227644	-0.08626359771	0.0007907938485	0.1079513204	6.881679992e-05	0.1111358118	0.1081548134	-0.05377119485	-0.08211273166	-0.03384061101	-0.0454956715	-0.03516433345	-0.08353354553	-0.0005430644835	0.001378080479	-0.0001055232095	-0.03290510574	0.0006287145634	0.0005257471393	-0.1101774904	-0.003123956183	-0.002652797133	0.001339882377	-0.0006857389126	-0.05035478097	-0.0004691191248	-0.0795250191	-0.004107578443	0.09940616075	-0.08376347216	-0.05662141899	-0.003724619302	-0.04824652695	0.00027797945	-0.08393157194	-0.002341005396	-0.1094336133	0.00106576939	-0.0001245057192	0.001200155711	0.001444524621	-0.003760346388	-0.003793746072	-0.004837334528	-0.003065045287	0.1064920284	-0.003299492316	1.600407799e-05	-0.001164472138	-0.0006192191523	-0.04628720335	-0.002511194907	-0.05388391069	0.1054539991	0.001091187256	0.1038332832	-0.07398459465	-0.04100233651	-0.003420388523	0.09973344751	-0.03877151055	-0.003285944985	-0.004634817978	-0.007819088467	-0.004412197821	0.09953435018	0.001169428878	0.001318927498	0.0980199812	0.1030337917	-0.114641939	0.09786157148	0.007917602135	-0.1141613539	-0.003379914762	0.0006830921412	-0.003186489056	-0.1150992898	-0.07963705876	0.1256197067	0.1013245233	0.1104573821	-0.1114816517	0.09879129207	0.1034837642	0.0004720140565	0.1041948724	-0.1117356408	-0.04678655943	0.1070028791	-0.002937812436	0.0003728496332	-0.004467008544	-0.08463019675	-0.00170497409	0.001692700224	-0.003010315693	0.1110444723	0.1040633009	-0.001130060333	0.000389678543	-0.002724786722	0.1086168525	-0.005182808511	9.11563359e-05	-0.004196886422	-3.19787473e-05
0.10172529	0.1005123583	-0.02783294074	-0.03080662317	-0.001909475889	0.01264700567	-0.03842710912	-0.06529666112	-0.007374589535	0.1015198602	0.1009354939	-0.007463304234	-0.07082716199	-0.07062496756	-0.07475309383	-0.07629509052	-0.007058208887	-0.07091868471	-0.07055625263	-0.05168865365	-0.03073587115	-0.04989313267	-0.0493598544	-0.07135928551	0.0001437035894	-0.001071419764	-0.0005400186801	-0.001826709074	-0.04115060088	-0.009740979019	-0.02986075508	-0.002136001372	-0.1210706816	-0.000401823624	-0.1142636106	-0.02123131862	0.1030758781	-0.07225633578	-0.02846412751	-0.02796447144	0.101957539	0.1017523825	-0.07323983333	0.1004680667	0.1012101982	0.01341953968	0.1005626467	-0.00129542038	-0.07265436209	0.1014971074	-0.1141252649	-0.1101566948	-0.0007124943272	-0.0005713514225	-0.001015968934	-0.0002310641537	-0.11355556	0.1006874499	-0.002867654853	-0.002210662306	0.09967263447	-0.002789124476	-0.0009707224247	-0.002319920199	0.1004386809	0.1018874123	0.0007690495969	0.1044431918	-0.001681278915	-0.001665998428	-0.1091999647	-0.002191980474	-0.002312018756	-0.00243293184	0.09965127055	-0.001719465552	-0.08429636076	-0.002438266321	0.1037924843	-0.002940304917	0.1001543114	0.1060079775	-0.05050274711	-0.08100778048	-0.02932731076	-0.04322750792	-0.03074045543	-0.08127887998	-0.002402471832	-0.001774755533	-0.0008152161903	-0.03348458245	-0.003048920844	-0.002483374577	-0.1093190335	-0.001838784445	0.002529796021	-0.002920115726	-0.00421219927	-0.04952376035	-0.001466240698	-0.07952963863	-7.469965606e-05	0.1149361832	-0.08222737809	-0.05363468394	0.001457973853	-0.04540350619	-0.002610291608	-0.08196433499	0.001548159095	-0.1089128849	-0.002661923806	-0.003277341732	-0.001808966005	-0.001995739983	0.001709675359	0.0009577041948	-0.0006607414454	0.00168640498	0.1036266209	0.001883100838	-0.002130831863	0.0008976945899	-0.002770069459	-0.04373161118	-0.0006876722462	-0.04989117556	0.101295163	-0.001921948826	0.1013990187	-0.07359821495	-0.03758445857	0.00147477604	0.1056346121	-0.03520991831	0.0004595052091	-0.00103308208	-0.005196937708	0.001345252518	0.1079197803	-0.003133121502	-0.002709692318	0.1046397173	0.1133900995	-0.1136900677	0.1050561648	0.007872838949	-0.1131189664	0.0009403926168	-0.001435534686	0.0007026754344	-0.1142403167	-0.08069145941	0.1013245233	0.1296451181	0.1011248313	-0.1105464545	0.1069918854	0.1039235582	-0.00181853618	0.1019043221	-0.1122882694	-0.046530396	0.1009757572	0.002675923607	-0.001630272011	0.001290441794	-0.08323781698	-0.001318745205	-0.003599680002	0.0002484114997	0.09898134995	0.1055093224	-0.002558324794	-0.001480942118	0.001451806361	0.1012446918	0.0005746418272	-0.003205393973	0.001560563917	-0.001841328307
0.1013730052	0.1013097879	-0.0294786542	-0.03243295942	-0.0002497605414	0.01157614939	-0.04035763852	-0.06593637451	-0.008445445811	0.1031795756	0.1020048645	-0.00853416051	-0.07257033687	-0.07227068102	-0.07565231418	-0.07674662552	-0.008703922347	-0.07472011261	-0.07263310897	-0.05146608126	-0.03266901321	-0.0492394174	-0.04913728202	-0.07472957053	-0.0007640611825	-0.0009028394878	-0.00146716066	-0.00107183178	-0.0409280285	-0.01013581609	-0.03337475439	-0.0009250008476	-0.1222923981	0.0003956059475	-0.1144721811	-0.02417046074	0.102579879	-0.07160262051	-0.02723555505	-0.02776208364	0.10291806	0.1014658653	-0.07370791079	0.1023617169	0.1018918351	0.01081407903	0.101666882	-0.0007854194006	-0.07372521837	0.1020071084	-0.1150524069	-0.1109401225	-0.0005685281015	-0.0007799219229	-0.0003428764497	-0.0004396346541	-0.1137164904	0.1076645942	-3.88479295e-05	-0.0005994348349	0.1242089912	0.0006145396311	-1.020134884e-05	-0.0005627434329	0.1082781109	0.1075711279	-0.005331807039	0.1052599985	-2.186358765e-06	-0.0002937116727	-0.1099833924	4.259205695e-05	-0.0007960177043	-0.0008975535802	0.1240178447	-0.0003471787968	-0.08680435999	-0.0008460411126	0.1222861495	-0.0003989265849	0.1254510364	0.1131288361	-0.05301074635	-0.08236606535	-0.03427845303	-0.04631036434	-0.03425445474	-0.08393059351	-0.001030185077	-0.0001150401859	-0.002029786763	-0.03469915303	-0.0003832054253	-0.00154223071	-0.1109300887	-0.00262221213	-0.002852489135	1.839764237e-05	-0.001977626739	-0.05045090233	-2.818638298e-05	-0.07973820913	-0.003522931405	0.09820046868	-0.08430423443	-0.05580404604	-0.004499168487	-0.04920493409	-0.0007412318799	-0.08404119134	-0.002971840285	-0.1098400269	-0.001289637051	-0.0001804834245	0.0001381779343	-0.0003360246359	-0.004822324165	-0.004280866665	-0.005899312305	-0.003408451584	0.1223883375	-0.002924327134	3.061212336e-05	-0.0007893069553	-0.001254068407	-0.04736994758	-0.002620814298	-0.05295465477	0.1038171641	-0.0001185191828	0.1022427011	-0.07519271986	-0.04138588647	-0.004194937708	0.100252327	-0.03901134621	-0.003341922691	-0.004978224276	-0.007214906358	-0.004180746934	0.09716976615	-0.0007548346752	0.0004065431971	0.09825143208	0.1027415939	-0.1141860668	0.09924273674	0.006965074177	-0.1139417017	-0.003867035355	-0.001003767922	-0.003098752466	-0.1146434176	-0.08090002991	0.1104573821	0.1011248313	0.1369911618	-0.108800987	0.09931017154	0.1024215591	-0.0001125679559	0.1030650295	-0.1124066193	-0.04731382368	0.1068225643	-0.003281218733	-0.001629360657	-0.005097843434	-0.08488353044	-0.001383601409	0.0004829937852	-0.003677353488	0.1241587313	0.1050133233	-0.002335752406	-0.001304622607	-0.003065580362	0.1076663561	-0.005382500512	-0.0003765870489	-0.003534292647	-0.001187613032
-0.1123793589	-0.1103840559	-0.01961157376	-0.01698039864	-0.1885897386	0.01231463296	0.1099268125	0.2934549898	0.03341196052	-0.1107141076	-0.1082983565	0.0337543887	0.04184184597	0.3155603827	0.3325391488	0.3401876253	0.0342697952	0.04221411833	0.04048991412	0.265662164	0.1970920561	0.2517181905	0.2501703905	0.04349808909	-0.188581477	-0.1892735157	-0.1894671343	-0.1874327275	0.1421258946	0.04354109858	-0.007055166065	0.01254053205	0.6064725412	-0.1894144328	0.7344680374	0.03399813441	-0.1102990833	0.04261306656	-0.01980933377	-0.0199816395	-0.1098365652	-0.1110510323	0.287656416	-0.1113906472	-0.111009926	0.01107512691	-0.1103802877	-0.1894457438	0.04047844096	-0.11088297	0.5686227232	0.5358044036	-0.1890839181	-0.1888653892	-0.1890225781	-0.1883422851	0.7377876037	-0.1108883038	-0.1899108723	-0.1892562728	-0.1103424466	-0.1900451344	-0.1895521888	-0.1886984886	-0.1114012548	-0.111603406	-0.1883872739	-0.1097940554	-0.1896878881	-0.1893161008	0.5366070974	-0.1887702013	-0.1862384681	-0.1894335409	-0.109912483	-0.1882889317	0.4171407089	-0.1903686513	-0.1095824771	-0.1885966692	-0.1094987498	-0.1076655285	0.2607374339	0.4138992708	0.2772992267	0.3319814149	0.2465831518	0.3952327414	-0.1889362079	-0.1885625722	-0.1893338075	0.1267118735	-0.1899058156	-0.1899897627	0.5352943663	-0.1861622375	-0.1893570991	-0.1896067703	-0.1871147533	0.2849290585	-0.1885447965	0.3998562687	-0.1873716059	-0.1089989999	0.3919848146	0.2800761358	-0.187842064	0.3404990306	-0.1900538047	0.3952658579	-0.1902696579	0.5343073199	-0.1899034412	-0.1884739412	-0.1899592895	-0.1909392711	-0.188814713	-0.1894229698	-0.1870174152	-0.1904188406	-0.1071614831	-0.1870604302	-0.1899851266	-0.1890184885	-0.1879023927	0.3315360677	-0.1842213475	0.2483567567	-0.1106537715	-0.1887097655	-0.1097568796	0.3786078209	0.2989494386	-0.1886184694	-0.1089591418	0.2979494719	-0.1889842469	-0.1857342624	-0.1578932553	-0.1878857072	-0.1002483136	-0.1897025877	-0.1893838994	-0.1087463601	-0.1108670559	0.7378167045	-0.1077550555	0.03505879099	0.731208747	-0.1854410319	-0.1886372158	-0.1882408556	0.7363676013	0.414542707	-0.1114816517	-0.1105464545	-0.108800987	0.8188988818	-0.1104928284	-0.1111481174	-0.1891065738	-0.1094911	0.475282349	0.3667628152	-0.1117497109	-0.1911538935	-0.1895828748	-0.1885153751	0.4001720907	-0.190030277	-0.1882054001	-0.1866275393	-0.1087614902	-0.1108090031	-0.1897807097	-0.1904439901	-0.187635439	-0.1118603091	-0.1872191749	-0.1900622888	-0.189251253	-0.1890602878
0.1014914874	0.100853413	-0.02849788615	-0.03147156857	-0.001424706926	0.01256168146	-0.03736748298	-0.06466817786	-0.007752106348	0.1007112005	0.1007016914	-0.007840821047	-0.07173328311	-0.07122703796	-0.07446052834	-0.07609775015	-0.008475128916	-0.06942791568	-0.07179605521	-0.05134759898	-0.0299636736	-0.04938692567	-0.04916251403	-0.06986851648	-0.001383527592	-0.001502928689	-0.001775057259	-0.001712064639	-0.03908497467	-0.009687352945	-0.02822627175	-0.002226089593	-0.1211607698	-0.002791340581	-0.113922556	-0.02203997832	0.1016923612	-0.0727999187	-0.03094998925	-0.02963541692	0.1014363078	0.1012311514	-0.07117420711	0.1000905499	0.1002578242	0.01251341856	0.09989770126	-0.001529222897	-0.0731755932	0.1012132471	-0.113640496	-0.1082347829	-0.001222609414	-0.001811154012	-0.001680914339	-0.001039723855	-0.1127357224	0.09987879019	-0.00310145737	-0.002013321936	0.09977251342	-0.003597784178	-0.002497953606	-0.004305144617	0.09876773539	0.1010286948	0.001972390039	0.1057902465	-0.00234622432	-0.003768086793	-0.1074161782	-0.003719211655	-0.003695535641	-0.003672734429	0.09956118232	-0.002671839549	-0.08288643101	-0.004109211798	0.1039898247	-0.003892678914	0.0989851199	0.1036184605	-0.05001797815	-0.08081044011	-0.0286988275	-0.04202416748	-0.02838740062	-0.08079411102	-0.002492560053	-0.004020558194	-0.002567000959	-0.03371838497	-0.00333278115	-0.002429748502	-0.1078729755	-0.002145690188	0.003589422168	-0.003728775427	-0.005525105085	-0.05076356294	-0.001987471807	-0.07933229826	0.002853212338	0.1083789517	-0.08145518053	-0.05429962934	0.002948742887	-0.04549359441	-0.003166109132	-0.08191070891	0.0005957850977	-0.106990973	-0.003614297803	-0.004804572913	-0.00462962585	-0.00294811398	0.0004698727695	0.003023330413	0.001548599069	0.0008777452786	0.1058359615	0.003230155577	-0.002939491564	0.0003764634807	-0.004153586344	-0.04267198504	-0.002312757448	-0.04955012089	0.1012050748	-0.003736608599	0.1118463269	-0.07325716028	-0.03652483242	0.002534402186	0.1075565241	-0.03415029217	0.003387417203	0.002325972802	-0.005695991847	0.00326716444	0.09888550914	-0.003223209724	-0.003230923428	0.1194959159	0.1032400106	-0.1132052988	0.1065469338	0.006489322064	-0.1122030545	-0.0004678750638	-0.003754440572	0.003486873133	-0.1134681192	-0.08043124404	0.09879129207	0.1069918854	0.09931017154	-0.1104928284	0.1353572278	0.1148994708	-0.002580943004	0.1127838899	-0.1113723576	-0.04575819845	0.1010293833	0.002010978202	-0.003669485372	0.001487782165	-0.08203447653	-0.003708262162	-0.004120911111	-0.001278819681	0.09817269025	0.1064252342	-0.003510698791	-0.00333204495	0.002080289619	0.1004360321	0.002065410862	-0.00415776797	0.001614189991	-0.003706045869
0.1043601356	0.1027103452	-0.02826078456	-0.03238418135	0.0007196538793	0.01150059037	-0.03928609583	-0.06565304479	-0.007515004759	0.103822588	0.1025196502	-0.008466005234	-0.07264589589	-0.07191509715	-0.07611156264	-0.07758522011	-0.008421441704	-0.07278367149	-0.07227752511	-0.05110478148	-0.03072685617	-0.04874011923	-0.04820684096	-0.07336798659	0.001440431325	0.0007461730444	0.0004798495128	-0.0003472936739	-0.04071615892	-0.01074368002	-0.03100145447	-0.0004283153405	-0.1220733826	0.001038618408	-0.1147961954	-0.02266516251	0.1031238664	-0.0726841796	-0.02903568562	-0.02812507125	0.1034371817	0.1045254539	-0.07381139144	0.1022863853	0.1022584707	0.01260680586	0.1036229193	-0.0001034335718	-0.0733696345	0.1033686923	-0.1143647052	-0.1111593958	0.0004510881617	-0.0005680523505	-0.0002940983817	0.0002479091861	-0.114184219	0.1042836064	-0.0002774984535	-0.0008380853589	0.102720002	8.846051515e-05	-0.0001051375768	-0.0014811857	0.103891123	0.1050629949	-0.002245651547	0.1015722049	-0.0006719797707	0.0004930150836	-0.1097659339	0.0005418902213	0.000134423348	-0.0008487755122	0.1031037127	0.0008706908474	-0.08655351705	0.0001908634471	0.1017837832	-0.0008741895962	0.1023841633	0.1014124191	-0.0527541875	-0.08297750818	-0.03158446706	-0.04462237844	-0.03271018313	-0.08324860769	-0.0002044849521	-0.0006217420934	-0.0006292294539	-0.03405614057	-2.762155694e-05	-0.001330361137	-0.1106538742	-0.002627160079	-0.001059762306	-0.0001862450302	-0.002367665481	-0.0497689165	0.0005490585182	-0.08034965196	-0.00165225784	0.1024363385	-0.08477196297	-0.05459841157	-0.001700441587	-0.04593609093	0.000169831964	-0.08450891988	-0.001897684937	-0.1089095858	0.0005030897777	-0.001549471108	0.0006374760987	0.0005944164164	-0.003317025929	-0.001482139765	-0.003819156885	-0.002334296236	0.1020490628	-0.001275314601	0.000603038833	0.000284848393	-0.001434368354	-0.04483905311	-0.002650513043	-0.05286690334	0.1038853194	0.0003807789816	0.1145615076	-0.07441822828	-0.03969790057	-0.001827353696	0.1013264823	-0.0376107889	-0.002228793974	-0.00275435456	-0.006272741934	-0.00224430581	0.09883783472	0.0003582940415	-0.00154610983	0.1141281599	0.1064951124	-0.1143663668	0.1003168921	0.007588709429	-0.1139389797	-0.002673916506	-0.0003556244716	-0.0005874541575	-0.1146800033	-0.08136775845	0.1034837642	0.1039235582	0.1024215591	-0.1111481174	0.1148994708	0.130812227	0.0002819892809	0.1172171858	-0.1124210402	-0.04691926645	0.1028863155	-0.001201063313	-0.001045763742	-0.002730259421	-0.0844889732	-0.001563901356	0.0001200061736	-0.00291000394	0.1012046776	0.1016323355	-0.001261597058	-0.001287675873	-0.0009880375988	0.1026851338	-0.001146630653	-0.001190094757	-0.001885280115	-0.001406886348
0.001303923583	0.001240706293	-0.01026487012	-0.0110828381	0.08938402857	-0.03833664289	-0.06895707477	-0.1279211676	-0.0446591271	0.0008510766298	0.0002062556826	-0.04575384187	-0.02101021913	-0.1333469355	-0.1387349799	-0.1391107198	-0.04520503222	-0.0243203263	-0.02108360829	-0.1191994462	-0.09863155376	-0.1153456722	-0.114812394	-0.0246172128	0.09133974663	0.08963948828	0.08978645908	0.0891793668	-0.0692374235	-0.04555343755	-0.01531068467	-0.03254243732	-0.1947683349	0.09060425225	-0.1914032611	-0.04002296488	0.0007862258395	-0.02192140567	-0.009560644269	-0.009266871037	0.001105029691	0.00133101614	-0.1194067356	0.001045459584	0.001247896314	-0.03740550859	0.0008598517744	0.08870465542	-0.02030743184	0.000213455227	-0.1870146246	-0.1819326634	0.08841027695	0.08976240585	0.08946150263	0.08876301157	-0.1914137819	-2.134507567e-05	0.09086899264	0.09073954862	-0.0004666019243	0.08984406153	0.08946049626	0.09042561321	0.0008796002709	0.0008727120621	0.0868888394	-0.003163889413	0.09162422569	0.08833407737	-0.1812633619	0.09072863412	0.08974631006	0.09087257277	-0.0001952386446	0.09101118187	-0.1476394388	0.08957380962	-0.001756343832	0.08873769712	-0.0002966512875	-0.002748818058	-0.07648010817	-0.1457880015	-0.1142275332	-0.1266905874	-0.09149667611	-0.1443345294	0.08860360404	0.08999614469	0.0896160025	-0.08073165932	0.08929683657	0.08981612996	-0.1812653971	0.08691411557	0.0862064428	0.08930984902	0.08981187682	-0.08024369317	0.09188551679	-0.142585288	0.08575766156	-0.003449470153	-0.1429835988	-0.0794683307	0.0859969064	-0.1269982998	0.09214724194	-0.1443014129	0.08800163037	-0.1808325678	0.09208072376	0.09089044865	0.08967450563	0.09016005026	0.08768575087	0.08712374688	0.08632133414	0.08874152871	-0.002112174377	0.08656574769	0.09078978273	0.08759730637	0.08952943508	-0.1266198334	0.08545361964	-0.07220263107	0.00101751092	0.09023384141	0.0005613953724	-0.1314801497	-0.1203289665	0.08658856578	-0.001685040432	-0.1183855692	0.08475726205	0.08451185054	0.07395582011	0.08588418507	-0.00466030841	0.08902266874	0.08870904976	-0.00350220968	0.001661556614	-0.1911171468	-0.00341320217	-0.04785338138	-0.1883021968	0.08535711295	0.09000139659	0.08782846531	-0.1905684975	-0.1378548227	0.0004720140565	-0.00181853618	-0.0001125679559	-0.1891065738	-0.002580943004	0.0002819892809	0.1067355698	0.0007427720655	-0.1505903168	-0.1290911783	0.001129247995	0.08793342764	0.09038180393	0.08626051723	-0.1455748949	0.09011847355	0.09069164008	0.08713302566	-7.241325142e-05	-0.002672615987	0.0910346084	0.0908334484	0.08891127771	0.0005875069203	0.08655071734	0.0905775064	0.08753663943	0.09078561619
0.1036654881	0.1013857658	-0.02798059191	-0.03291890496	-0.000112992	0.01228777512	-0.03969844999	-0.06520670824	-0.006824164794	0.1041786299	0.1050159189	-0.007631450972	-0.07213263548	-0.07096615757	-0.07451942666	-0.07534285187	-0.006795212737	-0.07446810947	-0.07252482013	-0.05037313719	-0.03179563264	-0.04822232254	-0.04797647286	-0.07447756738	-0.0002155269615	0.0009585006054	-0.0001656191781	-0.001222491831	-0.03969137013	-0.009376820851	-0.03369760843	0.002033616411	-0.1211923081	0.001175096757	-0.1122295227	-0.02363102901	0.1020659411	-0.07191041597	-0.02481760962	-0.02640773565	0.1026721736	0.1030397768	-0.07200016608	0.1034142649	0.1029308328	0.01231214132	0.1027902734	-0.0004370714789	-0.0741917867	0.1032142045	-0.112586634	-0.1086974641	-0.0004968676942	-4.311133681e-07	-0.0001576200325	5.242756352e-05	-0.1116651864	0.1038452275	0.0005096862914	-0.000881138989	0.1038624805	0.001306788148	-0.0001337183733	0.0007237394764	0.1046783078	0.102983132	-0.005866240461	0.09876653226	-0.0003159379137	-0.0005880860192	-0.1074477165	0.0006255620594	0.001399271215	8.21235287e-05	0.103000132	0.0005081612245	-0.08478126506	-0.0004218439792	0.1003394043	5.893340062e-06	0.1039020048	0.09896204011	-0.05225260039	-0.07995919705	-0.0322553581	-0.04514955519	-0.03273036778	-0.0819548681	-0.0009692657471	0.0007109708582	-0.001394010249	-0.03243599902	-0.0004402089683	-0.0007627399002	-0.1082853567	-0.002951941604	-0.003078998397	0.001057395409	-6.976641099e-05	-0.04998018496	0.0001085821585	-0.0783373409	-0.004248448639	0.09912367379	-0.08275965191	-0.05447104289	-0.005080971425	-0.04675069627	0.000525873821	-0.08220918022	-0.004060635323	-0.1071662255	0.0002993330238	0.0009773437618	0.00034281156	-0.0001313910103	-0.004110698439	-0.004959014383	-0.006577460023	-0.00442139741	0.09852481863	-0.004464760627	-0.0002831394316	-0.002186875435	-0.001544428388	-0.04594108704	-0.0012912171	-0.0521685165	0.1050277978	0.0009524145846	0.1182380368	-0.07206728008	-0.04094364879	-0.004776740646	0.09938309546	-0.03785053706	-0.005217154293	-0.004937800514	-0.004920172949	-0.005049978464	0.1030348438	-0.001556201121	1.694243042e-05	0.10974163	0.1045270848	-0.1119434084	0.09719531114	0.008491128774	-0.1111241861	-0.004118295413	0.0008296505365	-0.004926614551	-0.1122570449	-0.07834944732	0.1041948724	0.1019043221	0.1030650295	-0.1094911	0.1127838899	0.1172171858	0.0007427720655	0.1324385195	-0.1104032814	-0.04600930024	0.1021973839	-0.004294164559	8.826514056e-05	-0.005775991151	-0.0831478641	-0.002041253559	0.001629776764	-0.002430516884	0.105203648	0.09788852781	-0.002418547373	0.0003863820796	-0.002596626369	0.1042131712	-0.005102017675	0.000315661468	-0.004978381361	-0.0003144657149
-0.1116915289	-0.1111868624	-0.02523864161	-0.02002914027	-0.1526874375	-0.002731513305	0.0842764206	0.2540504031	0.01760321892	-0.1122378809	-0.1101071631	0.01718509168	0.02861118569	0.2724715788	0.2944619821	0.2954902237	0.01837936958	0.03009549602	0.02785956108	0.3301509059	0.2315940735	0.3109713254	0.3146591324	0.03089483023	-0.1522060492	-0.151696601	-0.1514137527	-0.1520818855	0.07715892379	0.02736232396	-0.01325212418	-0.003359920055	0.5010094554	-0.1510766332	0.4751413763	0.01905285304	-0.1118927155	0.02956625633	-0.0240613288	-0.02618683318	-0.1128964228	-0.1134669546	0.3418468983	-0.1124189868	-0.1125666971	-0.003895644043	-0.1130093962	-0.1531122999	0.02888118218	-0.1130904011	0.600551742	0.7674339623	-0.1524647642	-0.1513822309	-0.1513131293	-0.1523353723	0.475438928	-0.1126583025	-0.152414216	-0.1515085496	-0.1127732541	-0.1509887633	-0.1494980532	-0.15238787	-0.1121905633	-0.1134477502	-0.1513963966	-0.1128539131	-0.1528407251	-0.1481730935	0.7446393268	-0.1511023459	-0.147970401	-0.1536825986	-0.112381899	-0.1517162959	0.3020403259	-0.1537477788	-0.1124160443	-0.1461446487	-0.1125386912	-0.1119251227	0.1746310033	0.2949814769	0.1892158301	0.227135016	0.1669399528	0.2837461069	-0.1518306989	-0.1510047777	-0.15277581	0.09543567897	-0.1483952212	-0.1494216125	0.7435401821	-0.1434877341	-0.1480012993	-0.1481872758	-0.1499619978	0.1974125791	-0.149973062	0.2827826395	-0.1491028845	-0.1094640602	0.2820790374	0.193247124	-0.150994901	0.2352310566	-0.1541546278	0.2836386851	-0.152485573	0.7413414892	-0.1528094419	-0.1515313006	-0.1526198454	-0.1523946307	-0.1524968535	-0.1523039628	-0.1493235509	-0.1522938334	-0.1111982583	-0.1489354231	-0.1515307069	-0.1517401826	-0.1532935203	0.2317144068	-0.1404385802	0.1649905238	-0.1118051447	-0.1525547745	-0.1106025159	0.2738431061	0.2073962151	-0.1502595273	-0.1110050593	0.2058002884	-0.1457601612	-0.1445756706	-0.1226837295	-0.1468864141	-0.1028862842	-0.1471970735	-0.1483660113	-0.1069699538	-0.112838731	0.4752885403	-0.1087092208	0.01037552793	0.4687219594	-0.1442560406	-0.1471682928	-0.1485884849	0.47214667	0.2986032268	-0.1117356408	-0.1122882694	-0.1124066193	0.475282349	-0.1113723576	-0.1124210402	-0.1505903168	-0.1104032814	0.8745018925	0.2517583188	-0.1130274285	-0.1521666006	-0.1522928077	-0.1504438616	0.2896914562	-0.152568412	-0.1495996217	-0.1512331038	-0.1110689298	-0.1122800635	-0.152912788	-0.152161668	-0.1489890683	-0.1142032814	-0.1501001678	-0.1536462687	-0.1524731682	-0.1528536243
-0.04394278205	-0.04597147925	-0.02058900183	-0.0146523979	-0.1277849864	0.02492094494	0.06407137285	0.1596776122	0.02799734002	-0.04719508384	-0.0436228751	0.02920205399	0.01125191376	0.1684601404	0.1801411768	0.1837658038	0.0291426033	0.01159153393	0.01209768031	0.1643441221	0.1250878003	0.152637685	0.152772646	0.01258807608	-0.1298995215	-0.1284380654	-0.1277271672	-0.1288544749	0.06406647652	0.02504847715	-0.01327538693	0.01360972891	0.3114481619	-0.1282493229	0.3715248026	0.0246837421	-0.04561019417	0.01241289102	-0.0201718943	-0.01987843134	-0.04600996179	-0.04658049356	0.1557224386	-0.0453972133	-0.0460387311	0.02353776451	-0.0465425683	-0.1284243482	0.01014328514	-0.04321502235	0.2941368286	0.2803452363	-0.1290707807	-0.1272691364	-0.1292946111	-0.1282222778	0.3725409258	-0.04717634793	-0.1292859948	-0.1289084472	-0.04831505087	-0.1286326073	-0.1300079475	-0.1294182483	-0.04734518494	-0.04683861618	-0.1288430326	-0.04730089205	-0.1305747897	-0.1291223662	0.2804499365	-0.1280898945	-0.1271392266	-0.1303204425	-0.04687908724	-0.1295669649	0.245465322	-0.1295671942	-0.04881388526	-0.1290524279	-0.04744589561	-0.0465983921	0.1379479734	0.2502718845	0.3278982853	0.3461564689	0.1428846269	0.2262879262	-0.1289208124	-0.127753969	-0.1298932692	0.08739735321	-0.1305553464	-0.1300434453	0.2798242947	-0.1258413002	-0.1289505721	-0.1298441786	-0.1285018759	0.1773386886	-0.1278108295	0.2438577163	-0.1272815742	-0.04471218687	0.2277945473	0.163982853	-0.1290163942	0.3488470842	-0.1311134874	0.2363930195	-0.1310819233	0.2792808173	-0.1309340571	-0.1289626177	-0.1296964767	-0.1290209649	-0.1297706927	-0.1299478067	-0.127542252	-0.1297209149	-0.04725517709	-0.12801641	-0.1296988862	-0.1299053901	-0.1298989973	0.3472197249	-0.1247461843	0.1367643073	-0.04498777756	-0.1289071624	-0.04419966397	0.2692064499	0.3333905903	-0.1288558777	-0.04596575736	0.3246919573	-0.1280028627	-0.1276271641	-0.1108458057	-0.1288416869	-0.04057375058	-0.1291523463	-0.1291099471	-0.04493751253	-0.04664940212	0.3691065473	-0.04381363311	0.0295409027	0.3610817869	-0.1272592974	-0.1282104638	-0.1294442526	0.3676169944	0.2933851087	-0.04678655943	-0.046530396	-0.04731382368	0.3667628152	-0.04575819845	-0.04691926645	-0.1290911783	-0.04600930024	0.2517583188	0.6375822268	-0.04670431497	-0.1300978731	-0.1296765687	-0.1293276405	0.2369758472	-0.1304596732	-0.128730237	-0.1277828135	-0.04720524872	-0.04680961862	-0.1300856606	-0.1287952429	-0.1280165616	-0.04667119886	-0.1281751546	-0.1308054761	-0.1292012327	-0.1281869
0.1043856455	0.1038912854	-0.0271845853	-0.03173912498	0.001038308286	0.01315641082	-0.04005880521	-0.06507944857	-0.00873823424	0.1032142271	0.1024461351	-0.008970663234	-0.07387339429	-0.07170118367	-0.07582930994	-0.07665273515	-0.008134424999	-0.07458175815	-0.07364446888	-0.05233372687	-0.03267437304	-0.0503944916	-0.04957378474	-0.07387264459	-0.0006450839314	-0.0009081993242	-0.001428783119	0.0008521125914	-0.042226817	-0.01100346171	-0.03280525704	-0.001775881909	-0.1227289009	-0.001478039737	-0.1156272553	-0.02316982051	0.1038679478	-0.07470867649	-0.02892350249	-0.02877344355	0.1047616088	0.1054187382	-0.07445976374	0.1040809287	0.104014268	0.01306189505	0.104085288	0.002370935275	-0.0738742925	0.1043948338	-0.1149140525	-0.1116640538	0.001699406032	0.00137043268	0.001931815241	0.001710719949	-0.115062919	0.1200186638	-0.001069585046	0.00153154256	0.1071990915	-0.001134768966	-0.0007535098736	-0.001527850464	0.1209196092	0.1203852674	-0.003900023915	0.1183132624	-0.001032923475	-0.001736214469	-0.1107073237	-0.0008250535553	-0.001519949021	-0.001640862105	0.1071979122	-0.0003525386332	-0.08637857694	-0.001857401021	0.1053031255	-0.001953704781	0.1068386673	0.1045006185	-0.05315982048	-0.08150913941	-0.03250494925	-0.04530972411	-0.03354124309	-0.08407966765	0.0008327409345	-0.0002641143183	0.001413996505	-0.03427336998	-0.0001511944583	-0.001260161954	-0.1112228772	-0.00248385767	-0.002426706083	-0.0008771696046	-0.003276415239	-0.04973769069	-0.00110531385	-0.07959985467	-0.003881487392	0.0999196804	-0.08387845138	-0.05514204294	-0.002923671068	-0.04791686526	5.00639743e-05	-0.08404655117	-0.003264628713	-0.1107076725	-0.001438711183	-0.001622986221	-0.00101689627	-0.0006288130643	-0.003821683929	-0.003136512133	-0.003174100518	-0.002264097053	0.1051372622	-0.002498544082	-0.0003327620557	-0.002375524047	-0.0003971424678	-0.04653239885	-0.002938353522	-0.05269196322	0.1020872327	0.0003072638687	0.1020473741	-0.07366843099	-0.04038524623	-0.003050583177	0.1013966815	-0.03858556316	-0.002053853863	-0.00469615552	-0.005870295036	-0.002892678107	0.09624247228	-0.001622480287	-0.001838637849	0.1004417981	0.1028287398	-0.1151974267	0.09995594838	0.007084051428	-0.1146263254	-0.004040860283	-0.002368036502	-0.001954397934	-0.1153673489	-0.08148024693	0.1070028791	0.1009757572	0.1068225643	-0.1117497109	0.1010293833	0.1028863155	0.001129247995	0.1021973839	-0.1130274285	-0.04670431497	0.1356844008	-0.002999149977	-0.001844202348	-0.004672060382	-0.08503260457	-0.0005266754697	-0.001103223307	-0.003845804829	0.1063842773	0.1186608216	-0.001478826467	-0.0007715683186	-0.002766747055	0.12071962	-0.004525574573	-0.0009761812777	-0.002533652412	-0.00192159077
-0.001674760021	-0.002025405903	-0.01281241083	-0.01190580727	0.08769877363	-0.04030932642	-0.06997001111	-0.129318994	-0.04552834914	-0.002311332637	-0.004332841917	-0.04532963525	-0.0230397726	-0.1354467112	-0.1393987731	-0.1408922806	-0.04672221468	-0.02198158095	-0.02276886323	-0.1207409869	-0.09863849002	-0.1177957515	-0.1184121876	-0.02227846746	0.08845852445	0.08718940898	0.08863708795	0.08741141592	-0.07053778843	-0.04789473862	-0.0136841235	-0.03686080246	-0.1957350184	0.08762556864	-0.1933759446	-0.04012736256	-3.674332484e-05	-0.02420386961	-0.01387474049	-0.01238926894	-0.003310796872	-0.002222524648	-0.1210224508	-0.001782268946	-0.001902423221	-0.04010526229	-0.002406260422	0.08745054337	-0.02098668671	-0.002615126779	-0.1884918511	-0.1833767427	0.08769204872	0.08659375507	0.08758628052	0.08693404234	-0.1930513968	-0.003862314456	0.08530345171	0.08819200791	-0.004178742992	0.08653169645	0.08619438407	0.1015866557	-0.004254797773	-0.002662352042	0.09196454368	0.001043141781	0.08778325631	0.08607396525	-0.1825637268	0.08655398327	0.08427823055	0.08717531768	-0.005042208096	0.08702649819	-0.1476809614	0.1018288414	0.0006798629344	0.08451223017	-0.004113262474	0.001745641729	-0.07557850578	-0.1467546849	-0.1149004007	-0.1262201279	-0.09016393084	-0.1444389271	0.08605606332	0.08510292237	0.08713133679	-0.08227319996	0.08627218397	0.08568773199	-0.1826129234	0.08457196542	0.09127575977	0.08510727654	0.09942838608	-0.08178523382	0.08771086594	-0.1435519715	0.09068965154	0.000901275338	-0.1436628536	-0.08029129986	0.09077879478	-0.1286835547	0.0876356901	-0.1448369535	0.1068212669	-0.182276647	0.08694632572	0.0861871935	0.08650585485	0.08732508095	0.09232392495	0.09099709661	0.09038465104	0.09222998843	0.0002265709699	0.09062906458	0.08690256048	0.08964365834	0.1022156097	-0.1267242311	0.08522986586	-0.07173217157	-0.00210488698	0.08624915774	-0.004013031471	-0.1324468332	-0.1194273641	0.09123312716	0.002090847875	-0.1184899669	0.09064261192	0.08886259603	0.07399157328	0.09023493056	-0.007129067711	0.08561284224	0.08503027136	0.001239667333	-0.002513094235	-0.1928024017	0.001512400505	-0.05083206498	-0.190131166	0.08793703402	0.084430905	0.0923229251	-0.1922537524	-0.1404832027	-0.002937812436	0.002675923607	-0.003281218733	-0.1911538935	0.002010978202	-0.001201063313	0.08793342764	-0.004294164559	-0.1521666006	-0.1300978731	-0.002999149977	0.1226081735	0.1026997107	0.1081444068	-0.1463978641	0.1033795054	0.08455124197	0.1040843763	-0.004706128623	-4.644204813e-05	0.1018524972	0.1024652692	0.09220977025	-0.003017643974	0.1072912799	0.1017802852	0.09217481351	0.08747949262
-0.0008072409836	-0.0005830296817	-0.01116344531	-0.01011312745	0.08885372126	-0.03916945052	-0.06969242099	-0.129113658	-0.04617881235	0.0009993294319	-0.000828185588	-0.0459143309	-0.02354652151	-0.1349799347	-0.1391355688	-0.1397079406	-0.046006146	-0.02622490157	-0.02428161222	-0.1198885396	-0.0986483285	-0.1156498756	-0.1161225974	-0.02637807377	0.08887982886	0.08935035668	0.0892171784	0.08823638268	-0.07040391261	-0.04642914712	-0.01728685466	-0.03313406924	-0.196319714	0.08921165916	-0.1922360687	-0.04019372402	0.0003996328243	-0.02298062354	-0.01107316804	-0.01109060701	-0.0005749919876	-0.0001751942247	-0.1207448606	0.0001663990719	-0.0001097434034	-0.03911548799	0.0002487051717	0.08874920529	-0.02134972133	-0.0009417670566	-0.1877831181	-0.1839614383	0.08740985339	0.08896418462	0.08859751385	0.08751413278	-0.1921028753	-0.0004079380909	0.08918897096	0.0904966699	-0.002448938179	0.08869264416	0.08792418888	0.103297058	-0.0006567071122	-0.0008388907212	0.08570283562	-0.00363132172	0.08865077535	0.08737262717	-0.183866994	0.0897866986	0.08857982096	0.09005483686	-0.001587831732	0.09076830315	-0.1485076136	0.1052832178	-0.0030514755	0.08753546364	-0.00210087258	-0.003422839665	-0.07593864785	-0.1459651126	-0.1160663409	-0.1278108236	-0.09276062664	-0.1446553549	0.08879186821	0.088542227	0.08868206011	-0.07975905611	0.08729884319	0.08856725117	-0.1834503895	0.08496617998	0.08467013541	0.08693824337	0.1022816237	-0.07955851856	0.09068335714	-0.1429061135	0.0841706119	-0.004060616756	-0.1443104243	-0.08189366205	0.08431688473	-0.1298431076	0.08933012773	-0.1454845242	0.1022276427	-0.1832924855	0.08996955919	0.08999476601	0.0893074273	0.08991717154	0.08816144363	0.08560406162	0.08470418746	0.08677407844	-0.003504767464	0.08480488672	0.08925843102	0.086445889	0.103657986	-0.1283149269	0.08422425553	-0.07317136186	0.0004721318765	0.08884124833	-0.0001275122182	-0.1318306059	-0.1211617742	0.08583370488	-0.002661562364	-0.1203680912	0.08381878599	0.08354168063	0.07333626655	0.08354846692	-0.005200232089	0.08777378995	0.08747864765	-0.004871939129	-0.0007320808795	-0.1918062401	-0.00445549166	-0.04739276035	-0.1888868835	0.08470260603	0.08809899671	0.08535827743	-0.1909701622	-0.1391541404	0.0003728496332	-0.001630272011	-0.001629360657	-0.1895828748	-0.003669485372	-0.001045763742	0.09038180393	8.826514056e-05	-0.1522928077	-0.1296765687	-0.001844202348	0.1026997107	0.1195145272	0.1012426342	-0.1466142919	0.1041661851	0.08835881448	0.1019338951	-0.001188877254	-0.00420892337	0.1041571592	0.1039588539	0.08689757456	-0.0002754870761	0.1000235717	0.1039412329	0.08542547486	0.08829695387
-0.002916527538	-0.00326717342	-0.0123296068	-0.01113557464	0.08545100605	-0.04083252246	-0.06790634982	-0.1287647298	-0.04576411658	-0.003409385858	-0.004712323658	-0.04570911699	-0.0211198256	-0.1336704785	-0.1381973976	-0.1389580416	-0.04652683923	-0.01804963381	-0.02142377342	-0.1195396114	-0.09643111444	-0.115588376	-0.1154862406	-0.01920880609	0.08692932834	0.08580392717	0.08682046325	0.08660079129	-0.06746812707	-0.04784307748	-0.01033342085	-0.03563924236	-0.1933839285	0.08566522965	-0.1901625689	-0.03921341564	-0.001565939434	-0.0227150655	-0.01377570982	-0.01303599468	-0.004121421501	-0.003398524606	-0.1186713609	-0.00264638723	-0.00271304785	-0.03934141696	-0.003360599347	0.08620877585	-0.02007273978	-0.004438138782	-0.1849910469	-0.1808819385	0.08558799542	0.08506455896	0.08677565589	0.08554856052	-0.1904605184	-0.004241796197	0.08535511286	0.0866628118	-0.00453804014	0.08399650027	0.08480890225	0.1009197454	-0.005352850994	-0.003760405263	0.09157867463	0.0005199457445	0.08596663161	0.08425734055	-0.1800689226	0.08416250139	0.08303646303	0.08492755009	-0.004703118358	0.08578473068	-0.1456173002	0.1008745025	0.0007315240813	0.08327046265	-0.005355029991	-0.0006458401555	-0.07610170182	-0.1455533094	-0.1134179839	-0.1255936095	-0.08810026955	-0.1422315515	0.08538915299	0.08429229774	0.08560214068	-0.08135925304	0.08459898968	0.08415853588	-0.1795086039	0.08376134079	0.09003399225	0.08444036621	0.09919261863	-0.08115871549	0.08610372309	-0.140913453	0.09151926442	0.002390079445	-0.1417429066	-0.08052706731	0.09154902741	-0.1277696078	0.08567535111	-0.1427732922	0.1065854994	-0.1796381285	0.08613570109	0.0842268545	0.08555151593	0.08565217054	0.09079472884	0.09205475782	0.09259202662	0.09091517276	0.0005656607088	0.09139929721	0.08508593578	0.08868931941	0.1001115564	-0.1259539985	0.08283838397	-0.07103498709	-0.003777797385	0.08400139015	-0.005685941876	-0.1312454577	-0.1195194173	0.09386525833	0.002142509022	-0.1181508771	0.09055055877	0.09078254303	0.07274980576	0.09201116326	-0.00667222021	0.08365250325	0.08321364666	0.002153614255	-0.003323718864	-0.1900201689	0.0034323475	-0.04991811806	-0.1868645923	0.08525812354	0.08181776208	0.0940991578	-0.1891840911	-0.1382758271	-0.004467008544	0.001290441794	-0.005097843434	-0.1885153751	0.001487782165	-0.002730259421	0.08626051723	-0.005775991151	-0.1504438616	-0.1293276405	-0.004672060382	0.1081444068	0.1012426342	0.1235734977	-0.1428970598	0.1011317378	0.08419194482	0.103417466	-0.005165010527	0.002304647834	0.1008981583	0.09993007299	0.09240514569	-0.005121697267	0.1073365537	0.1003948034	0.09179533177	0.08494429644
-0.0842830718	-0.08358119737	0.001586427178	0.003642745114	-0.1443394882	0.04479694521	0.1118559817	0.1967318379	0.03770963665	-0.08420107293	-0.08262972481	0.03877063632	0.03102421111	0.212041697	0.2209203754	0.221788309	0.03885489993	0.03265725993	0.02985797751	0.1606790131	0.1343497922	0.1532768191	0.1525166687	0.03365380209	-0.1447623695	-0.1443966356	-0.144785741	-0.1434699056	0.1342824918	0.0667741257	0.01536718539	0.03555792528	0.3563748258	-0.1432958966	0.4078083639	0.04943405225	-0.08551934102	0.0308917597	0.002008609999	0.001023753594	-0.08462567998	-0.08476506886	0.2048052666	-0.08530636015	-0.08479816359	0.04398862197	-0.08415228642	-0.144045779	0.03007120681	-0.08484874076	0.3425130348	0.336923014	-0.1432690493	-0.143752853	-0.1439100419	-0.1436999943	0.406807723	-0.08488976897	-0.1451548429	-0.1445298781	-0.08461115573	-0.1446451696	-0.1457330812	-0.1458619536	-0.08596090313	-0.08600031972	-0.1435621663	-0.08343345584	-0.146587352	-0.1447037857	0.3358602032	-0.1452521712	-0.1428667423	-0.145901862	-0.08520737684	-0.1446135385	0.4962673322	-0.1464058295	-0.08422787758	-0.1441098063	-0.08508346744	-0.08172495582	0.1788232065	0.4660753259	0.218537787	0.2543627363	0.1883817832	0.510925671	-0.1431051003	-0.1449562571	-0.1452901464	0.3453221018	-0.1448433372	-0.1443714475	0.3366693224	-0.1418911806	-0.1443882772	-0.1448507409	-0.1440832954	0.161694192	-0.1440071175	0.4552119011	-0.1423281479	-0.08156332214	0.5129951731	0.1810086986	-0.1428732421	0.245863309	-0.1457917932	0.5046353584	-0.1445076284	0.3352659412	-0.1459406194	-0.1443674051	-0.1470024677	-0.1454646701	-0.1440586835	-0.143517226	-0.1431236715	-0.1449442397	-0.08439374095	-0.1420169722	-0.1457114485	-0.1444395214	-0.1449455709	0.2482537755	-0.1404713181	0.178428778	-0.08356348439	-0.1440974503	-0.08396002124	0.2706991755	0.2314066408	-0.1437187257	-0.08224203545	0.2314817523	-0.1432968535	-0.1424900121	-0.1207250054	-0.1422673919	-0.07727799555	-0.1454523373	-0.1449899347	-0.08208721592	-0.08497769171	0.406539823	-0.08066476838	0.05027918875	0.4036355792	-0.1418347168	-0.1442432511	-0.1431973976	0.4072568006	0.2873513439	-0.08463019675	-0.08323781698	-0.08488353044	0.4001720907	-0.08203447653	-0.0844889732	-0.1455748949	-0.0831478641	0.2896914562	0.2369758472	-0.08503260457	-0.1463978641	-0.1466142919	-0.1428970598	0.6743818887	-0.1459373897	-0.1454411862	-0.1437397957	-0.08477495548	-0.0835170396	-0.1469676023	-0.1471564621	-0.1420171238	-0.08519481286	-0.142750574	-0.1463868955	-0.1434892235	-0.1456477448
0.001085143079	0.002185289	-0.009621364845	-0.01043933283	0.08932261121	-0.03941770917	-0.06979696534	-0.1293619167	-0.04707987492	-0.0009485611306	-0.003010081777	-0.04616258955	-0.02430386978	-0.1354173797	-0.1401819419	-0.1397132347	-0.04690720857	-0.02511396399	-0.02374553183	-0.1202805125	-0.09904030144	-0.1160418485	-0.1166582846	-0.02555456479	0.08719442726	0.08606902609	0.0885616785	0.09012876674	-0.07150080819	-0.04846916776	-0.01581689377	-0.03568175662	-0.1966980381	0.08995432885	-0.1927581071	-0.03995431679	0.001286016815	-0.02448216719	-0.01168969457	-0.01350965183	0.001474755215	-3.747873258e-05	-0.1214106133	0.0004027769695	0.0004263369907	-0.03778049414	0.00135964275	0.09021044647	-0.02066992664	-0.0007238967574	-0.1878876625	-0.184209697	0.09049092518	0.09035965824	0.09005875502	0.08911908825	-0.192289845	-0.00239584002	0.0883507834	0.09159463328	-0.0011314113	0.087567028	0.08809200139	0.1018328047	-0.001638608969	-0.0003983213912	0.08710120179	-0.00223295555	0.08896230216	0.08797158257	-0.1839715383	0.08730318249	0.08646327647	0.08878550641	-0.002426019293	0.08935525841	-0.1482264872	0.1036589686	-0.001159091438	0.08602952071	-0.002142541925	-0.002823884266	-0.07684260297	-0.1464379248	-0.1158834566	-0.1273405108	-0.09157174232	-0.1451281671	0.08982196649	0.0867131111	0.09032238277	-0.08210015419	0.08716351734	0.08816020649	-0.1835046339	0.08377479627	0.08627509088	0.08610005581	0.1028148115	-0.08017504508	0.09003962615	-0.1429477828	0.08568259535	-0.00323710777	-0.1443520936	-0.08112425416	0.08678412597	-0.1305225091	0.08895845024	-0.1453824792	0.103257741	-0.1828221727	0.08913137163	0.08766731677	0.08940947225	0.08951012686	0.08761068466	0.08700242779	0.08682112511	0.08794789103	-0.003768097842	0.08634696718	0.08779417773	0.08761970158	0.1051192271	-0.1288506141	0.08305762262	-0.07306931691	-0.001069555432	0.08857791795	-0.001684271259	-0.1328486446	-0.1211226042	0.08665721386	-0.002478678121	-0.1201852069	0.08578565733	0.08458049863	0.0715207995	0.0843719759	-0.006237450459	0.08765417386	0.08759537944	-0.003577275888	-0.001046619799	-0.1918971356	-0.002194839715	-0.0474973047	-0.1893696142	0.08554797326	0.08683276844	0.08717854192	-0.1913484863	-0.1390167283	-0.00170497409	-0.001318745205	-0.001383601409	-0.190030277	-0.003708262162	-0.001563901356	0.09011847355	-0.002041253559	-0.152568412	-0.1304596732	-0.0005266754697	0.1033795054	0.1041661851	0.1011317378	-0.1459373897	0.1207995629	0.08702371648	0.1010957076	-0.002089939819	-0.002747682196	0.104327367	0.1041156016	0.08764024426	-0.0009763123544	0.1021405094	0.1041090454	0.08760528752	0.08898597843
-0.0003536905344	-0.0007043364164	-0.01220991283	-0.01072845208	0.08815755734	-0.04009140466	-0.06817123209	-0.1292447865	-0.04559785597	1.573692136e-05	0.000134454486	-0.04554285637	-0.02210786205	-0.1347168073	-0.1387012192	-0.1386178946	-0.04528147532	-0.02523918435	-0.02259750811	-0.1182236364	-0.09856428256	-0.1144161153	-0.1146014085	-0.02541254115	0.08963587964	0.08971418495	0.08837730019	0.0876229147	-0.06800025334	-0.04396261285	-0.01591573208	-0.03232861691	-0.1947985251	0.09095863827	-0.1901400226	-0.04077172657	0.0004220403856	-0.02242930542	-0.009777101061	-0.009628221576	-0.0004088701303	0.0001703124692	-0.1192034872	0.001353592733	-0.0002939251426	-0.04032487072	-0.0006540480474	0.08733446989	-0.02067161729	8.664057655e-05	-0.1863854589	-0.1814342493	0.08872568961	0.08963939611	0.08833249282	0.08811139753	-0.1901505435	-0.0003855305296	0.09036109289	0.0892256488	-0.000267981263	0.09029590897	0.08837773933	0.08995403602	0.0006591291129	-0.000241625976	0.08537493958	-0.003528074867	0.08867318291	0.08926332058	-0.1810523764	0.1052644826	0.10500073	0.08878381576	-0.0007031383946	0.09079071071	-0.1472183015	0.08871099114	-0.002597925051	0.08956987135	0.001319999158	-0.00426271788	-0.07579172691	-0.1452231499	-0.1158385806	-0.1268644919	-0.09181429492	-0.1437696778	0.08852684718	0.08987313496	0.08795838838	-0.08059795065	0.090560912	0.08858965873	-0.181151873	0.08607253435	0.08483625727	0.09127207981	0.08916026277	-0.07969902621	0.08995998876	-0.1415892936	0.1001382864	-0.004224613903	-0.1427061758	-0.08002216956	0.08620757813	-0.1278907758	0.0881753131	-0.1441677043	0.08601033478	-0.1807652966	0.08956082387	0.09009512031	0.0894077816	0.09051443628	0.08588442246	0.08529635018	0.08423257713	0.08622162882	-0.002456175239	0.09942327746	0.105811997	0.1019894405	0.08686593302	-0.1273685951	0.08448341276	-0.07194539269	0.0007970397621	0.08929491091	0.000469752527	-0.1308640896	-0.1212214425	0.08679923751	-0.003055225958	-0.1201403309	0.08319710935	0.08517384975	0.07485745545	0.08437028525	-0.003921032373	0.08980819765	0.08851106965	-0.004337549388	0.0004400410496	-0.1899976226	-0.004208530512	-0.04728852982	-0.1873656946	0.08509038892	0.08938762847	0.0861708512	-0.1895926876	-0.1370025425	0.001692700224	-0.003599680002	0.0004829937852	-0.1882054001	-0.004120911111	0.0001200061736	0.09069164008	0.001629776764	-0.1495996217	-0.128730237	-0.001103223307	0.08455124197	0.08835881448	0.08419194482	-0.1454411862	0.08702371648	0.1193757781	0.08557287297	-0.0008776019724	-0.004310045513	0.08765242274	0.08825538487	0.08648883923	-0.0002078214216	0.08522709846	0.08944849659	0.08587902531	0.08918164721
-0.003096272056	-0.003303203642	-0.01403462846	-0.01246503352	0.0862772616	-0.04072483838	-0.07002313716	-0.1285292115	-0.04502599521	-0.002295701712	-0.002552546921	-0.04497099561	-0.02320973727	-0.1337138036	-0.1370708227	-0.1379467836	-0.04427847167	-0.02392237006	-0.02298508079	-0.1192326329	-0.09756127891	-0.1144191117	-0.1151792621	-0.02378811367	0.08689329812	0.08711531772	0.08635329014	0.0867911713	-0.06787972007	-0.04753609899	-0.01554316573	-0.03621890939	-0.1933643786	0.08769677968	-0.189137019	-0.04120586589	-0.001170826768	-0.02238573521	-0.01322867227	-0.01289291508	-0.00358259454	-0.002781750908	-0.1181927465	-0.002197780909	-0.002146299254	-0.04033719438	-0.002534343793	0.08617274563	-0.02091547567	-0.002224798057	-0.1860377968	-0.1809957809	0.08684539387	0.08732795747	0.08616476848	0.08694967326	-0.1892912541	-0.003559254939	0.08664855342	0.08698207525	-0.003829430598	0.08677864955	0.0857788721	0.1019165656	-0.002510580931	-0.002696778906	0.08593778687	-0.0008095131418	0.08808631583	0.0852273104	-0.1810553728	0.08671332849	0.08593029885	0.0876220915	-0.004164291396	0.08790441489	-0.1458043396	0.1006947579	-0.001316506285	0.08567757546	-0.002555357607	0.0003241296939	-0.07441316049	-0.1449589023	-0.1142064277	-0.1264919255	-0.08923043402	-0.1430742874	0.08679026573	0.08632384777	0.08579066404	-0.08177084603	0.08523147315	0.0859907915	-0.180385998	0.08884667619	0.0874111047	0.08601311488	0.1021360053	-0.07984573693	0.08787021116	-0.1423310461	0.08624375198	-0.001957379657	-0.1420107853	-0.07873173732	0.08720156831	-0.1268877721	0.08634127024	-0.1434723138	0.1029566118	-0.1801934358	0.0853866574	0.08649025301	0.08867720022	0.08662214039	0.09047127003	0.08741987013	0.08709485315	0.09016057106	-0.002775798321	0.08705183811	0.08613914192	0.0887557154	0.1013689549	-0.1247847342	0.08726721676	-0.07173400868	-0.002664113239	0.08626478866	-0.003520004781	-0.1291626991	-0.119787296	0.08736208479	-0.001630092896	-0.1177001843	0.08591567107	0.08327336942	0.07640795776	0.08665770409	-0.003294288921	0.08490990169	0.08705790242	-0.004636987878	-0.002589969064	-0.1887071904	-0.00134625449	-0.04822957673	-0.1859847462	0.09076356747	0.08598470374	0.08773969855	-0.1881585411	-0.1358760092	-0.003010315693	0.0002484114997	-0.003677353488	-0.1866275393	-0.001278819681	-0.00291000394	0.08713302566	-0.002430516884	-0.1512331038	-0.1277828135	-0.003845804829	0.1040843763	0.1019338951	0.103417466	-0.1437397957	0.1010957076	0.08557287297	0.1215109321	-0.002275539456	-0.002905097043	0.1011495567	0.1016550574	0.09080763542	-0.002806688647	0.1031328089	0.1019396304	0.08816644415	0.08845106583
0.1012415239	0.102230827	-0.02853982122	-0.03366921809	4.990112036e-05	0.01208383948	-0.04071484686	-0.06621951004	-0.007622405495	0.1039383018	0.103342554	-0.009004548857	-0.07220636107	-0.07155640163	-0.07563055021	-0.07649142795	-0.007477660777	-0.074930994	-0.07175859013	-0.05052486628	-0.03144275164	-0.04786944153	-0.04762359185	-0.07511645259	-0.0004837767292	5.359310377e-05	-0.001316171589	-0.00177817019	-0.04110688213	-0.009736904227	-0.03479966428	0.0001256788859	-0.1211778231	-0.0001027040342	-0.1143636062	-0.0231522276	0.1020172549	-0.07159216972	-0.02626469431	-0.02679122291	0.1015380871	0.101987188	-0.07290326121	0.1015116642	0.1028875714	0.01125745499	0.1016597379	-0.0004214436063	-0.07400041389	0.1025441408	-0.1142422022	-0.1097138609	-0.0001623386432	0.0004140532721	0.0001090439342	-0.001261765726	-0.1137992699	0.1079642559	-0.000154647115	-0.002198971309	0.1247960814	0.0008225615354	-0.0003047740794	-0.000981653251	0.108290344	0.1079644461	-0.006756716929	0.1043111685	-0.0002967590894	-0.001366878838	-0.1087571308	-1.444730004e-05	0.0005096440293	0.00113522406	0.1240300777	-0.000478660023	-0.08548319566	-0.001696093819	0.1210455261	-0.0002303286702	0.1252294987	0.1114444192	-0.05307791344	-0.08139520461	-0.03385452784	-0.04609010284	-0.03428959407	-0.08382201855	-0.001305380599	0.0007594786598	-0.001926757054	-0.0332971494	-0.0008521730319	-0.000955140456	-0.1092223843	-0.001001200169	-0.004995970504	-0.0002792947397	-0.001003734511	-0.05008692653	-0.0004485496278	-0.07991706276	-0.006019608926	0.09695130084	-0.08419565947	-0.05601492743	-0.005572335653	-0.04840981541	-0.001483472657	-0.08364518778	-0.004971607359	-0.108470051	-0.001166569614	-0.0006965873041	0.0006135816494	-0.002192077414	-0.003804091023	-0.006280633739	-0.006174507827	-0.003971075698	0.119669999	-0.006648665759	-0.0007673660442	-0.001036580843	-0.002507342367	-0.04714114166	-0.001426839103	-0.05347234196	0.1038573188	-0.0001257368845	0.1038823117	-0.07281674393	-0.04145305356	-0.004901276118	0.09853998851	-0.03948173456	-0.005165947711	-0.005971991278	-0.005294684481	-0.005174513936	0.1000276335	-0.0003908588809	-0.001153536563	0.09577314972	0.1028181411	-0.1139337776	0.09683974841	0.008422994633	-0.1135456982	-0.003762566518	-0.0005525821855	-0.005928777558	-0.1145348427	-0.07932346475	0.1110444723	0.09898134995	0.1241587313	-0.1087614902	0.09817269025	0.1012046776	-7.241325142e-05	0.105203648	-0.1110689298	-0.04720524872	0.1063842773	-0.004706128623	-0.001188877254	-0.005165010527	-0.08477495548	-0.002089939819	-0.0008776019724	-0.002275539456	0.1407909308	0.1018123633	-0.00171592723	-0.0008612466495	-0.003055959949	0.1089248506	-0.006455667678	-0.001389731259	-0.005506138086	-0.0005068662708
0.1010149244	0.09994570708	-0.02854330625	-0.03122956009	-0.0026198414	0.01193664016	-0.03841890315	-0.065216995	-0.00794124075	0.1000909232	0.09936284262	-0.008173669745	-0.07125009891	-0.07104790448	-0.07562774118	-0.07671802744	-0.008991391991	-0.06976076438	-0.07126661814	-0.05168044768	-0.0302965223	-0.04945378382	-0.04920793414	-0.07048879377	-0.001860090586	-0.00312920605	-0.002112669967	-0.001470056153	-0.04042382344	-0.0116010589	-0.02784054897	-0.002990081179	-0.1213570502	-0.001687046319	-0.1146865475	-0.02179796983	0.1010720839	-0.07198305303	-0.03075535028	-0.02910597984	0.1011034591	0.1003234455	-0.07262884854	0.09961398686	0.09952175422	0.0115594598	0.09999599545	-0.002005785891	-0.07307729901	0.1004993133	-0.1148999446	-0.1102922032	-0.001124315224	-0.003006288486	-0.001726334445	-0.001510728837	-0.1139308568	0.1188036572	-0.003578020364	-0.001340170562	0.103848555	-0.00378691858	-0.003405659488	-0.004253103304	0.1169740309	0.1187101909	0.0009209698616	0.1238528277	-0.004116215978	-0.002807506827	-0.1091917587	-0.003908346057	-0.004890670115	-0.004293011719	0.1052643341	-0.003004688247	-0.08500672627	-0.003436060424	0.1096929764	-0.004081813316	0.1036822716	0.1098964694	-0.05049454115	-0.08214928888	-0.02874424761	-0.04321930195	-0.03015739228	-0.08213295979	-0.002969123047	-0.00478454978	-0.002244153181	-0.03520094804	-0.003471857764	-0.003050025792	-0.1094198836	-0.002765967478	0.00325657347	-0.004464845378	-0.005283096599	-0.05138384023	-0.001745463321	-0.07995257555	0.002089220752	0.1051718171	-0.08336888649	-0.05463247804	0.001466179821	-0.04539530022	-0.005045228671	-0.08339327198	0.00170007936	-0.1094795361	-0.003803432205	-0.004849993019	-0.00453133166	-0.00356839127	-0.0001504045204	0.001253338755	-0.0006525354767	0.001694610948	0.1098145416	0.002897306879	-0.002410054486	-0.0002438138092	-0.00491757793	-0.04372340522	-0.00322046333	-0.05132011255	0.1004410832	-0.003494600113	0.09896408159	-0.07430858046	-0.0375762526	0.001914124896	0.1067925325	-0.03505799805	0.00147371125	0.0002685525526	-0.007102199178	0.002215744262	0.09726188436	-0.003699772718	-0.00270148635	0.1055102091	0.1014700189	-0.1139692904	0.1069326566	0.006156473366	-0.1135419033	-0.002094152426	-0.004059367636	0.002291738659	-0.1145703554	-0.08053953915	0.1040633009	0.1055093224	0.1050133233	-0.1108090031	0.1064252342	0.1016323355	-0.002672615987	0.09788852781	-0.1122800635	-0.04680961862	0.1186608216	-4.644204813e-05	-0.00420892337	0.002304647834	-0.0835170396	-0.002747682196	-0.004310045513	-0.002905097043	0.1018123633	0.1397215308	-0.002693833121	-0.003136289341	0.0007414408496	0.1174926132	0.0005828477959	-0.004490616668	0.0007064841094	-0.003557693891
-0.0002981508062	0.0005009176797	-0.01129208732	-0.009379483683	0.090242218	-0.0392201458	-0.07028505565	-0.1292424149	-0.04569986226	-0.0007509977598	-0.002016928768	-0.04665086273	-0.02295659205	-0.1348007679	-0.1396653284	-0.1403123044	-0.04768291034	-0.02373376845	-0.02340425416	-0.1208015206	-0.09884273807	-0.1160987959	-0.1160295784	-0.02489294073	0.08739199063	0.08813487531	0.08713941125	0.08903290145	-0.07082009805	-0.04727925317	-0.01518818751	-0.03577162184	-0.1957120366	0.08885846356	-0.1927959684	-0.04058612139	0.0004775801138	-0.02374989029	-0.01177955979	-0.01259351698	7.781248582e-05	0.0003037989342	-0.121193781	0.0007440546363	-0.0002383854144	-0.03945357193	0.0001200631607	0.08997686695	-0.02032864897	0.0006233809812	-0.1878324748	-0.1836411895	0.08921237223	0.08825779287	0.0902563184	0.08931665162	-0.1920879178	-0.001192276577	0.08869206107	0.09107362517	-0.001221276521	0.08848316285	0.08828956476	0.1028926538	-0.001872188487	-0.0008145885727	0.08672390797	-0.004047392323	0.08858500834	0.08745057446	-0.1835646079	0.08908030685	0.08709198273	0.08869564119	-0.001509884442	0.0888342503	-0.1487776353	0.1044988793	-0.003548385394	0.08708936985	-0.00158170075	-0.003632320967	-0.07643567258	-0.1470369945	-0.1160513834	-0.1279395804	-0.09206001551	-0.1460146654	0.08987581557	0.08719810306	0.08945107107	-0.08245958521	0.08879822367	0.0870643412	-0.182945533	0.08627178837	0.08661636855	0.08802458597	0.1018626605	-0.07964773725	0.09023718952	-0.1438493361	0.08516158724	-0.002752115807	-0.144807449	-0.08129218096	0.0862655131	-0.1286784358	0.0893805672	-0.1456941203	0.10230559	-0.1832775281	0.08918522071	0.0891521998	0.08960703562	0.08956397594	0.08823939092	0.08763113405	0.086300117	0.08872031158	-0.002708248695	0.08611338766	0.08871031258	0.0862693255	0.1053167905	-0.1277251122	0.0827992923	-0.07244562407	-0.001446849245	0.08877548132	-0.002636422256	-0.1318997748	-0.1204282452	0.08613620575	-0.002424829046	-0.1199219908	0.08497722063	0.08449063341	0.07162665245	0.08445874278	-0.005601565813	0.08842659442	0.08702174912	-0.004241998293	-0.00113648502	-0.191934997	-0.003003276416	-0.04801831281	-0.1889763327	0.08428364287	0.08538160947	0.08780724818	-0.1913863477	-0.1375558763	-0.001130060333	-0.002558324794	-0.002335752406	-0.1897807097	-0.003510698791	-0.001261597058	0.0910346084	-0.002418547373	-0.152912788	-0.1300856606	-0.001478826467	0.1018524972	0.1041571592	0.1008981583	-0.1469676023	0.104327367	0.08765242274	0.1011495567	-0.00171592723	-0.002693833121	0.1194838579	0.1035544498	0.0887000934	-0.001353606168	0.1009009298	0.1043066088	0.087371708	0.08846497032
-0.001028035618	-0.0005163957239	-0.01234921124	-0.01077524473	0.08896958332	-0.04018476396	-0.06957278554	-0.1302325421	-0.0452138195	-1.05504243e-06	-0.0008750464931	-0.0455899628	-0.02344498764	-0.1352474187	-0.1395802776	-0.1396851313	-0.04562582015	-0.0251132192	-0.02294351962	-0.1203813579	-0.1002131209	-0.116444888	-0.116825104	-0.02555382	0.08915150173	0.08763913996	0.08799038369	0.08676974419	-0.07043112545	-0.04644792064	-0.01739700624	-0.03560129112	-0.1968243226	0.08936098905	-0.1930281059	-0.04130603858	-0.00125830477	-0.02311813073	-0.01199343234	-0.01230798413	-0.0005083580298	-0.0007135144694	-0.1212032164	0.001115650875	-0.000968270226	-0.03954105826	-0.0005605935495	0.08737869629	-0.02153146762	-0.0005050085712	-0.1893580409	-0.1838961454	0.08767419375	0.08765685688	0.08928525787	0.08762999484	-0.1927511982	-0.000496808688	0.08872016602	0.08905031169	-0.001085779833	0.08917565552	0.08913072739	0.1044008443	-0.0003951503161	-0.001444575366	0.08599402316	-0.003340134175	0.08913874238	0.08780938566	-0.1831756353	0.08876679945	0.08946725599	0.08962930957	-0.001685786772	0.09048649016	-0.1489335774	0.104536794	-0.002281035546	0.08749482636	-5.156297906e-05	-0.002442711389	-0.07700446674	-0.1474640548	-0.1146995801	-0.1254923548	-0.09158989179	-0.1460086023	0.08694693867	0.08803431002	0.08814632907	-0.08162647556	0.08878310543	0.08747436094	-0.182948998	0.08586379477	0.08545534085	0.08853750127	0.1030806235	-0.0802444031	0.09069346213	-0.143775856	0.08457541673	-0.002763429139	-0.1448525945	-0.08074422256	0.08567694735	-0.128099496	0.0890356929	-0.1456880573	0.1023287392	-0.1827448412	0.08916409756	0.08912353682	0.09020702253	0.08934792995	0.08837179188	0.08651635923	0.0854265179	0.08804163531	-0.004444133578	0.08546619879	0.08846427999	0.08698010891	0.1036301337	-0.1270024582	0.08485010809	-0.07364048395	0.0003491049104	0.0884767394	0.0003753407929	-0.1312696705	-0.1199930198	0.08497517805	-0.002436142378	-0.1190556225	0.08443730299	0.08246731993	0.07299334102	0.08383965446	-0.0036255389	0.08797432838	0.08677847681	-0.004580751584	0.0002101299107	-0.1921671344	-0.003506750996	-0.04777523805	-0.1898162891	0.08548323776	0.08945235169	0.08664622048	-0.1919059137	-0.1378988103	0.000389678543	-0.001480942118	-0.001304622607	-0.1904439901	-0.00333204495	-0.001287675873	0.0908334484	0.0003863820796	-0.152161668	-0.1287952429	-0.0007715683186	0.1024652692	0.1039588539	0.09993007299	-0.1471564621	0.1041156016	0.08825538487	0.1016550574	-0.0008612466495	-0.003136289341	0.1035544498	0.1195743103	0.08634309846	-0.0008919763231	0.1005077017	0.1030973478	0.08721668037	0.08908215931
-0.002180305787	-0.001668665893	-0.01303052801	-0.01037997568	0.08719322787	-0.03980887211	-0.06831722978	-0.1273813967	-0.04387818046	-0.0008048782592	0.0002428212187	-0.04382318087	-0.02076849386	-0.1314162745	-0.1361875972	-0.1375175404	-0.04435347452	-0.02133741235	-0.02226840893	-0.1189471039	-0.09770689283	-0.1152832971	-0.1157560189	-0.02134687026	0.08711007011	0.08754614899	0.08669439923	0.08690587015	-0.06701933391	-0.04595714136	-0.01160919924	-0.03592659261	-0.1935099925	0.08740745147	-0.1894263472	-0.03933947966	-0.001117146275	-0.02212255805	-0.01260834519	-0.01246367182	-0.002072393878	-0.001147213158	-0.1176477105	-0.001479022591	-0.001258254619	-0.03855894233	-0.001455286019	0.08723242619	-0.02005508951	-0.002983345551	-0.1859793967	-0.1807102519	0.08718650295	0.08594449501	0.08810611203	0.08657221087	-0.189436868	-0.003074431558	0.086685569	0.08756212505	-0.002913464329	0.08719524226	0.0858519298	0.08838799901	-0.003323200579	-0.003167897808	0.09116518202	0.00213783048	0.08902165931	0.08571213378	-0.1799075581	0.08762929476	0.0866469707	0.08798257779	-0.002817182239	0.09385038152	-0.1446565248	0.08652072314	0.001487123041	0.08632549034	-0.003325379576	0.001240095963	-0.07263490845	-0.1439548019	-0.1129691908	-0.1250011021	-0.08635804772	-0.1414953297	0.08698766052	0.08617823386	0.08584434453	-0.08091045988	0.08562264002	0.08532590052	-0.1800070547	0.08575367313	0.090770214	0.08618258803	0.08639825852	-0.07898535078	0.0896484632	-0.140033517	0.09075257565	0.0002520152759	-0.1402881134	-0.07858992264	0.09041696331	-0.1270333861	0.08828261379	-0.1417496419	0.09194429152	-0.1803390497	0.08787792291	0.08697507639	0.08614402338	0.08768182096	0.09239323637	0.0919286938	0.09145996253	0.09229929985	0.001158168164	0.09098580459	0.08603645757	0.08985668405	0.08647634859	-0.1253421138	0.08604249955	-0.06920033991	-0.003472718522	0.08588732627	-0.004616038656	-0.1310328845	-0.1186394813	0.09187090846	0.001441587813	-0.1171272268	0.08999335185	0.08965047893	0.07495413654	0.09016052768	-0.005167404876	0.08611329655	0.08612496005	1.555008661e-05	-0.001674002795	-0.1892839472	0.001294283331	-0.04815651903	-0.1867052173	0.08860595341	0.08454785652	0.09986537991	-0.1885915836	-0.136452766	-0.002724786722	0.001451806361	-0.003065580362	-0.187635439	0.002080289619	-0.0009880375988	0.08891127771	-0.002596626369	-0.1489890683	-0.1280165616	-0.002766747055	0.09220977025	0.08689757456	0.09240514569	-0.1420171238	0.08764024426	0.08648883923	0.09080763542	-0.003055959949	0.0007414408496	0.0887000934	0.08634309846	0.1165694103	-0.00249781246	0.09183306002	0.08677897277	0.0931064107	0.08668651827
0.104079723	0.1023384543	-0.02864022226	-0.03161390468	0.0003012428093	0.01198343845	-0.03993358491	-0.0654576253	-0.008325585349	0.1033910575	0.1038238884	-0.009132871527	-0.0734091353	-0.07243824915	-0.0770896225	-0.07791304771	-0.008296633292	-0.07560625222	-0.07303649559	-0.05215689647	-0.03269286704	-0.04964280401	-0.04968438293	-0.07518456725	5.499355176e-05	0.0007057740411	-0.0002947798912	-0.0002333998376	-0.04204998659	-0.01116567	-0.0341171797	-0.0007367657274	-0.1225520705	0.0008545051085	-0.1155941392	-0.02390688598	0.1027513495	-0.07282177266	-0.02750485352	-0.0269236517	0.1041682577	0.1025775684	-0.07428293333	0.1028224997	0.1032934415	0.01208901109	0.1026296511	5.301254213e-05	-0.07504250086	0.1038530927	-0.1155201077	-0.1114872234	-6.639398139e-05	0.0004896529077	0.00133846406	0.0005587504881	-0.1146947342	0.12105778	0.0004006740231	-0.001293372272	0.107899169	4.806151183e-05	0.0009525676814	-0.0001500971487	0.1200904395	0.1212416959	-0.004637089392	0.1187259113	0.0005294397835	0.000401005974	-0.1105304933	-0.0009407416136	-0.0003724897461	-0.0007970703258	0.1073747426	-3.199393178e-05	-0.08639707094	-0.0002275476229	0.1054799559	-0.0002984433306	0.1067745893	0.1053444103	-0.05217231441	-0.08224620489	-0.0328651639	-0.04647793247	-0.0332723085	-0.08452930453	-0.0001917531341	0.0002922488689	-0.0007602119319	-0.03467139675	-0.0006929355327	1.477271285e-05	-0.1108435764	-0.003508351739	-0.002157771488	-0.001039377897	-0.001662441874	-0.05047475616	-0.0009800935512	-0.08062434874	-0.003037695613	0.09875147203	-0.08427647816	-0.05548886117	-0.003948165136	-0.04779164496	0.0002268943798	-0.08444457795	-0.00256455123	-0.1103871278	-0.001123256353	0.001135611641	-0.0008400658644	-0.0003598784691	-0.003265320742	-0.003586149018	-0.00549202325	-0.004007162601	0.1033941966	-0.004097895335	-1.261891828e-05	-0.0002383036046	-0.0008467793526	-0.04683832144	-0.002069810948	-0.05328531441	0.1029826346	0.0006278085702	0.103851582	-0.07349200214	-0.04198459748	-0.002637934285	0.09999265467	-0.03932262864	-0.004084348004	-0.004858363813	-0.007153933593	-0.003917172175	0.09873778746	-0.0002038313244	0.000259609226	0.09826758962	0.1037753503	-0.114876882	0.0993625972	0.006506939151	-0.1143982864	-0.002689564714	-0.0007540631372	-0.003410034891	-0.1156216614	-0.08006159797	0.1086168525	0.1012446918	0.1076663561	-0.1118603091	0.1004360321	0.1026851338	0.0005875069203	0.1042131712	-0.1142032814	-0.04667119886	0.12071962	-0.003017643974	-0.0002754870761	-0.005121697267	-0.08519481286	-0.0009763123544	-0.0002078214216	-0.002806688647	0.1089248506	0.1174926132	-0.001353606168	-0.0008919763231	-0.00249781246	0.1349473753	-0.004975211458	-0.0001323894986	-0.003701860776	-0.0007387602929
-0.002770041728	-0.003551830498	-0.01362026395	-0.01185137461	0.08531006326	-0.04054232235	-0.06732872112	-0.1278274184	-0.04489905929	-0.003694042936	-0.004853266441	-0.04513148829	-0.02269791134	-0.1330928498	-0.1373569543	-0.1384963371	-0.04681149631	-0.02020257674	-0.02357671635	-0.119105697	-0.09642834292	-0.1152767378	-0.1159146119	-0.02107432043	0.08650095696	0.08623784157	0.08725437765	0.08502270555	-0.06875878422	-0.04683430589	-0.01133664941	-0.0368063698	-0.1938122998	0.08710514412	-0.1897286545	-0.03935435842	-0.002425453696	-0.02435349537	-0.01453887931	-0.01348455064	-0.003256364212	-0.002742949172	-0.1192434465	-0.003596122134	-0.003285133521	-0.03833264538	-0.002782970649	0.08635526166	-0.02093225405	-0.003141938605	-0.1857068468	-0.1804377021	0.0867404813	0.08521104477	0.08548499874	0.08583876063	-0.1896915353	-0.004813881867	0.08550159867	0.0869530119	-0.005130310403	0.08471784327	0.0835182451	0.1000602311	-0.005206365185	-0.004907348117	0.09201258904	0.0008101458496	0.08625683172	0.08440382636	-0.1803535797	0.08502755868	0.08332666314	0.08550517879	-0.00484406114	0.08621864508	-0.1456145286	0.1004461311	0.0001594384106	0.08476119323	-0.005086128327	0.0002192171335	-0.07437435876	-0.1444008235	-0.1131277838	-0.1242974094	-0.08781006944	-0.1417976371	0.0853919245	0.08386392636	0.08560491219	-0.08150019582	0.0844644342	0.08358645021	-0.180259062	0.08405154089	0.09003676376	0.08458685202	0.09876424726	-0.0801499439	0.08747787001	-0.1411981101	0.09131255408	0.0009557079981	-0.1407341351	-0.07894343854	0.09140808463	-0.1264734076	0.08596555121	-0.1423393778	0.1044325565	-0.179635357	0.08599475831	0.08509191179	0.08454828737	0.08565494206	0.09122864325	0.09205752934	0.09216365525	0.09070356383	0.0007121465179	0.09125835443	0.08494499299	0.08797351945	0.09997061366	-0.1252326555	0.08346257931	-0.07095916743	-0.004924740239	0.08472273314	-0.004820884587	-0.1305241147	-0.1195166458	0.0918560297	0.002863852015	-0.1171421055	0.08940361591	0.08992302877	0.07381971547	0.09028936322	-0.007241375394	0.08451756054	0.08522841831	0.001006671401	-0.003752090238	-0.1894425402	0.001279404573	-0.05063391802	-0.1861964474	0.0869854666	0.0833138103	0.09280850065	-0.1884627481	-0.1375544841	-0.005182808511	0.0005746418272	-0.005382500512	-0.1872191749	0.002065410862	-0.001146630653	0.08655071734	-0.005102017675	-0.1501001678	-0.1281751546	-0.004525574573	0.1072912799	0.1000235717	0.1073365537	-0.142750574	0.1021405094	0.08522709846	0.1031328089	-0.006455667678	0.0005828477959	0.1009009298	0.1005077017	0.09183306002	-0.004975211458	0.1232916121	0.09939157485	0.09194181758	0.08566563944
-0.001088934281	-0.0001461514991	-0.01150801361	-0.01060141005	0.08858160892	-0.04001092927	-0.06950852246	-0.1292365653	-0.04537366629	0.0001427789507	-0.001591301737	-0.04618095247	-0.02341369405	-0.134205189	-0.138189601	-0.1401627405	-0.04606328571	-0.02484489832	-0.02275789468	-0.1204425897	-0.09934609295	-0.11534164	-0.1159580761	-0.02557292771	0.08933177878	0.08921237768	0.08778577073	0.08953554664	-0.07038310558	-0.04663289368	-0.01526039951	-0.03476764045	-0.1957240498	0.08878625157	-0.1922152617	-0.04112239408	-2.5774769e-05	-0.02295981651	-0.01027091453	-0.01137230031	-0.001000399581	-0.0004869845406	-0.1201491964	-0.000675079677	0.0001205454787	-0.03947957097	-0.0002395774261	0.08990465495	-0.02097571815	0.0002136826059	-0.1879703395	-0.1832220598	0.08842158875	0.08861672377	0.08788467766	0.08723243949	-0.1919383539	-0.001264488572	0.08933842055	0.09007126231	-0.0006723784554	0.08898580804	0.08879220995	0.104447552	-0.0009384004095	-0.002414012682	0.0859331245	-0.004119604318	0.08980622501	0.08780950535	-0.1838461869	0.08943923775	0.08845691369	0.08962942927	-0.002013239325	0.08991175267	-0.1485951537	0.1053651772	-0.002902025909	0.08725377035	-0.0008674761809	-0.004710533034	-0.07743582307	-0.1466000021	-0.1167641053	-0.1280774452	-0.09216496242	-0.1455776729	0.08851017491	0.08770074825	0.08966628766	-0.08183108852	0.08766995381	0.08799812928	-0.183658255	0.08461871912	0.084819585	0.08909969311	0.1029401629	-0.08018382705	0.09030869182	-0.1429661458	0.08465823236	-0.003974042169	-0.1436518851	-0.08071147419	0.08532862009	-0.1296785862	0.09093546534	-0.1451134135	0.1023770923	-0.1826968213	0.08997529449	0.09036587663	0.0905408237	0.08977919253	0.08644260737	0.08698406487	0.08522190494	0.08721095663	-0.004361317946	0.08431660412	0.08964410066	0.08717019578	0.1038074355	-0.1293001199	0.08402050897	-0.07208167975	6.179601557e-05	0.0894218408	-0.001334016639	-0.1334418647	-0.1218595386	0.08635142235	-0.003071898225	-0.1204909984	0.08361157997	0.08413099282	0.07249478781	0.08478475587	-0.006010744774	0.08777952524	0.08877781161	-0.004929078839	-0.0006338398311	-0.1917854331	-0.004225202778	-0.04866538198	-0.1886298564	0.08421143088	0.08782040559	0.08744760759	-0.1909493552	-0.1395291091	9.11563359e-05	-0.003205393973	-0.0003765870489	-0.1900622888	-0.00415776797	-0.001190094757	0.0905775064	0.000315661468	-0.1536462687	-0.1308054761	-0.0009761812777	0.1017802852	0.1039412329	0.1003948034	-0.1463868955	0.1041090454	0.08944849659	0.1019396304	-0.001389731259	-0.004490616668	0.1043066088	0.1030973478	0.08677897277	-0.0001323894986	0.09939157485	0.1181746835	0.08672463882	0.08887754635
-0.001352976751	-0.002278479817	-0.01277805616	-0.011584024	0.08643969965	-0.04113725752	-0.06849851347	-0.1298594965	-0.04548920398	-0.002420692255	-0.005160773015	-0.04472042338	-0.02314913221	-0.1349003744	-0.1397191505	-0.1410016402	-0.04632732818	-0.02137236909	-0.02345308004	-0.1207066322	-0.09831670675	-0.1174739683	-0.1167969757	-0.02095068412	0.08763059335	0.08693633507	0.08867144263	0.08715834201	-0.06978486228	-0.04613581239	-0.01236272746	-0.03682644779	-0.1955569494	0.08579163747	-0.1911858755	-0.04038043647	-0.001295817311	-0.02503180071	-0.01312181433	-0.01264234285	-0.002414156419	-0.002619312858	-0.121247603	-0.002663693699	-0.002989861276	-0.03964615202	-0.003090477224	0.08705375516	-0.02138347492	-0.003305730883	-0.1883137821	-0.1836298166	0.08715154621	0.08648439545	0.08718949231	0.08682468272	-0.1909089677	-0.003971674074	0.08620009216	0.08722036251	-0.004000674018	0.08613490824	0.08637245304	0.08646039823	-0.002639585839	-0.003777711732	0.1052142263	0.0007900678671	0.1014704691	0.08582089133	-0.1831042293	0.08644462365	0.08359401375	0.09913795893	-0.004001853347	0.08662970998	-0.1459849102	0.0866294807	0.001001646204	0.08411544196	-0.004217383951	0.001061424927	-0.07439443674	-0.1445646158	-0.1134352904	-0.1253234874	-0.08811757602	-0.1421051437	0.08637784659	0.08470613416	0.08667646405	-0.08195141669	0.08573139758	0.08485980089	-0.1824851545	0.08467942332	0.09116640015	0.08473840997	0.08514297634	-0.08017002188	0.0883200778	-0.1406433309	0.0911487618	0.001654201495	-0.1419039274	-0.07881980222	0.09153172094	-0.1280743429	0.1003977421	-0.1426468844	0.09176562048	-0.1831045781	0.09919639555	0.09901212051	0.09904335328	0.1004374366	0.1048614234	0.1061214524	0.1040718638	0.105342344	0.001554354311	0.09037599067	0.08607462938	0.08924687013	0.08715996333	-0.125971305	0.08260675214	-0.07083553111	-0.003795103854	0.08599608382	-0.004553533977	-0.1311190498	-0.1193930095	0.09183595172	0.001550345368	-0.117880755	0.08981468082	0.08961552219	0.07350366153	0.0917064282	-0.0065931819	0.08521605403	0.08549576892	-1.94066536e-05	-0.002191310965	-0.1908997612	0.002265326663	-0.05007913882	-0.1882285255	0.08754024581	0.08464213375	0.09293213696	-0.1904440101	-0.13806858	-0.004196886422	0.001560563917	-0.003534292647	-0.189251253	0.001614189991	-0.001885280115	0.08753663943	-0.004978381361	-0.1524731682	-0.1292012327	-0.002533652412	0.09217481351	0.08542547486	0.09179533177	-0.1434892235	0.08760528752	0.08587902531	0.08816644415	-0.005506138086	0.0007064841094	0.087371708	0.08721668037	0.0931064107	-0.003701860776	0.09194181758	0.08672463882	0.1200897416	0.09958584816
-2.234362982e-05	-0.001235275288	-0.0127408517	-0.01183424813	0.08673390228	-0.04009405299	-0.06936360616	-0.1298945462	-0.04492194419	-0.0009752166762	0.0001538490272	-0.04558551607	-0.02343936772	-0.1354780384	-0.1400373076	-0.1398102687	-0.04546784931	-0.0249680334	-0.02331217265	-0.1202782962	-0.09860694226	-0.115464775	-0.1160411998	-0.02598349138	0.08925870149	0.0890495782	0.08942721857	0.08662819479	-0.06950024059	-0.04528394973	-0.01706809477	-0.0332363973	-0.1951286134	0.09014027081	-0.1905637674	-0.04134923209	8.487359875e-05	-0.02193323723	-0.0108251925	-0.01188656691	-0.0001711797332	-0.0002326218768	-0.1192663314	-7.979476666e-05	-0.0009685783099	-0.03989637616	-0.0003227011428	0.08685358881	-0.02095513894	0.0001479947481	-0.1868000459	-0.1824829091	0.08829845367	0.08781502857	0.08794526824	0.08734308785	-0.1907180026	-0.001243909359	0.08864042829	0.08861886072	-0.000226897865	0.08986867303	0.0873756462	0.08933187724	0.0007030474256	-0.001071429419	0.09816941887	-0.003236739329	0.1018988051	0.08826122746	-0.1817635498	0.08902867407	0.08905235009	0.1018657236	-0.002096363042	0.08968491466	-0.1477122887	0.088534971	-0.0031188175	0.08698692097	-0.001421754152	-0.003346467369	-0.07655295809	-0.14614828	-0.1156331762	-0.1264259509	-0.09113838314	-0.1449822365	0.08689625173	0.08905476749	0.08833979307	-0.08080450923	0.08742054029	0.08748386267	-0.1821589311	0.08622015559	0.08575250778	0.08825798654	0.08873302683	-0.08199152232	0.08941334012	-0.1425144237	0.08520002361	-0.004384605845	-0.1439187345	-0.08069089498	0.08463062782	-0.1286019492	0.103215576	-0.1446616914	0.08750144248	-0.1819576706	0.1024990175	0.1028895996	0.102396033	0.1018717726	0.1004535311	0.09840813126	0.09793939999	0.1013655946	-0.004146966648	0.08481838401	0.08995210846	0.08665720589	0.08810951136	-0.1266426256	0.08569675403	-0.07285033817	0.0002260895243	0.08953248917	-0.0004974045267	-0.1318404282	-0.1196331872	0.08565343008	-0.003144975519	-0.1188395042	0.08391958777	0.08262077257	0.07429423064	0.0838493928	-0.003571322994	0.08765639016	0.08780353028	-0.004991016605	0.0008638937079	-0.190708796	-0.004729422961	-0.04917964859	-0.1881812746	0.08516910445	0.08702633912	0.08712711307	-0.1901093306	-0.1374965297	-3.19787473e-05	-0.001841328307	-0.001187613032	-0.1890602878	-0.003706045869	-0.001406886348	0.09078561619	-0.0003144657149	-0.1528536243	-0.1281869	-0.00192159077	0.08747949262	0.08829695387	0.08494429644	-0.1456477448	0.08898597843	0.08918164721	0.08845106583	-0.0005068662708	-0.003557693891	0.08846497032	0.08908215931	0.08668651827	-0.0007387602929	0.08566563944	0.08887754635	0.09958584816	0.1182444173
