gene,pos,variant,trait,population,n_raw,n_effective,n0,n1,beta,se,p,tested,reason
OM429_003333,169202,"OM429_003333:169202 indel TC->T (del -1bp, frameshift)",chroma,1,75,75,75,0,,,,False,allele classes too small (75/0)
OM429_003333,169202,"OM429_003333:169202 indel TC->T (del -1bp, frameshift)",chroma,2,12,12,12,0,,,,False,allele classes too small (12/0)
OM429_003333,169202,"OM429_003333:169202 indel TC->T (del -1bp, frameshift)",chroma,3,11,11,11,0,,,,False,allele classes too small (11/0)
OM429_003333,169202,"OM429_003333:169202 indel TC->T (del -1bp, frameshift)",chroma,4,37,37,37,0,,,,False,allele classes too small (37/0)
OM429_003333,169202,"OM429_003333:169202 indel TC->T (del -1bp, frameshift)",chroma,5,16,16,11,5,0.3319943650016887,1.2095223690005328,0.7877215663800646,True,
OM429_003333,169202,"OM429_003333:169202 indel TC->T (del -1bp, frameshift)",chroma,6,20,20,20,0,,,,False,allele classes too small (20/0)
OM429_003333,169202,"OM429_003333:169202 indel TC->T (del -1bp, frameshift)",sat,1,75,75,75,0,,,,False,allele classes too small (75/0)
OM429_003333,169202,"OM429_003333:169202 indel TC->T (del -1bp, frameshift)",sat,2,12,12,12,0,,,,False,allele classes too small (12/0)
OM429_003333,169202,"OM429_003333:169202 indel TC->T (del -1bp, frameshift)",sat,3,11,11,11,0,,,,False,allele classes too small (11/0)
OM429_003333,169202,"OM429_003333:169202 indel TC->T (del -1bp, frameshift)",sat,4,37,37,37,0,,,,False,allele classes too small (37/0)
OM429_003333,169202,"OM429_003333:169202 indel TC->T (del -1bp, frameshift)",sat,5,16,16,11,5,0.0014397877290930278,0.030197410676953113,0.9626454200734947,True,
OM429_003333,169202,"OM429_003333:169202 indel TC->T (del -1bp, frameshift)",sat,6,20,20,20,0,,,,False,allele classes too small (20/0)
OM429_003333,169202,"OM429_003333:169202 indel TC->T (del -1bp, frameshift)",bright,1,75,75,75,0,,,,False,allele classes too small (75/0)
OM429_003333,169202,"OM429_003333:169202 indel TC->T (del -1bp, frameshift)",bright,2,12,12,12,0,,,,False,allele classes too small (12/0)
OM429_003333,169202,"OM429_003333:169202 indel TC->T (del -1bp, frameshift)",bright,3,11,11,11,0,,,,False,allele classes too small (11/0)
OM429_003333,169202,"OM429_003333:169202 indel TC->T (del -1bp, frameshift)",bright,4,37,37,37,0,,,,False,allele classes too small (37/0)
OM429_003333,169202,"OM429_003333:169202 indel TC->T (del -1bp, frameshift)",bright,5,16,16,11,5,0.003429343792699286,0.01816679181719759,0.8529822586575307,True,
OM429_003333,169202,"OM429_003333:169202 indel TC->T (del -1bp, frameshift)",bright,6,20,20,20,0,,,,False,allele classes too small (20/0)
OM429_003333,169202,"OM429_003333:169202 indel TC->T (del -1bp, frameshift)",lab_L,1,75,75,75,0,,,,False,allele classes too small (75/0)
OM429_003333,169202,"OM429_003333:169202 indel TC->T (del -1bp, frameshift)",lab_L,2,12,12,12,0,,,,False,allele classes too small (12/0)
OM429_003333,169202,"OM429_003333:169202 indel TC->T (del -1bp, frameshift)",lab_L,3,11,11,11,0,,,,False,allele classes too small (11/0)
OM429_003333,169202,"OM429_003333:169202 indel TC->T (del -1bp, frameshift)",lab_L,4,37,37,37,0,,,,False,allele classes too small (37/0)
OM429_003333,169202,"OM429_003333:169202 indel TC->T (del -1bp, frameshift)",lab_L,5,16,16,11,5,-0.10298958136061277,0.5508043905276662,0.8543586590665478,True,
OM429_003333,169202,"OM429_003333:169202 indel TC->T (del -1bp, frameshift)",lab_L,6,20,20,20,0,,,,False,allele classes too small (20/0)
OM429_003333,169202,"OM429_003333:169202 indel TC->T (del -1bp, frameshift)",lab_a,1,75,75,75,0,,,,False,allele classes too small (75/0)
OM429_003333,169202,"OM429_003333:169202 indel TC->T (del -1bp, frameshift)",lab_a,2,12,12,12,0,,,,False,allele classes too small (12/0)
OM429_003333,169202,"OM429_003333:169202 indel TC->T (del -1bp, frameshift)",lab_a,3,11,11,11,0,,,,False,allele classes too small (11/0)
OM429_003333,169202,"OM429_003333:169202 indel TC->T (del -1bp, frameshift)",lab_a,4,37,37,37,0,,,,False,allele classes too small (37/0)
OM429_003333,169202,"OM429_003333:169202 indel TC->T (del -1bp, frameshift)",lab_a,5,16,16,11,5,0.7003463048347399,1.0360964975882043,0.5100869004775781,True,
OM429_003333,169202,"OM429_003333:169202 indel TC->T (del -1bp, frameshift)",lab_a,6,20,20,20,0,,,,False,allele classes too small (20/0)
OM429_003333,169202,"OM429_003333:169202 indel TC->T (del -1bp, frameshift)",lab_b,1,75,75,75,0,,,,False,allele classes too small (75/0)
OM429_003333,169202,"OM429_003333:169202 indel TC->T (del -1bp, frameshift)",lab_b,2,12,12,12,0,,,,False,allele classes too small (12/0)
OM429_003333,169202,"OM429_003333:169202 indel TC->T (del -1bp, frameshift)",lab_b,3,11,11,11,0,,,,False,allele classes too small (11/0)
OM429_003333,169202,"OM429_003333:169202 indel TC->T (del -1bp, frameshift)",lab_b,4,37,37,37,0,,,,False,allele classes too small (37/0)
OM429_003333,169202,"OM429_003333:169202 indel TC->T (del -1bp, frameshift)",lab_b,5,16,16,11,5,-0.6173698171967208,0.9696881179591094,0.5346129900134591,True,
OM429_003333,169202,"OM429_003333:169202 indel TC->T (del -1bp, frameshift)",lab_b,6,20,20,20,0,,,,False,allele classes too small (20/0)
OM429_003333,169303,"OM429_003333:169303 indel C->CGACG (ins +4bp, frameshift)",chroma,1,75,75,75,0,,,,False,allele classes too small (75/0)
OM429_003333,169303,"OM429_003333:169303 indel C->CGACG (ins +4bp, frameshift)",chroma,2,12,12,12,0,,,,False,allele classes too small (12/0)
OM429_003333,169303,"OM429_003333:169303 indel C->CGACG (ins +4bp, frameshift)",chroma,3,11,11,11,0,,,,False,allele classes too small (11/0)
OM429_003333,169303,"OM429_003333:169303 indel C->CGACG (ins +4bp, frameshift)",chroma,4,37,37,37,0,,,,False,allele classes too small (37/0)
OM429_003333,169303,"OM429_003333:169303 indel C->CGACG (ins +4bp, frameshift)",chroma,5,16,16,11,5,-1.0807581231816648,1.1778734831753541,0.3743911768795252,True,
OM429_003333,169303,"OM429_003333:169303 indel C->CGACG (ins +4bp, frameshift)",chroma,6,20,20,19,1,,,,False,allele classes too small (19/1)
OM429_003333,169303,"OM429_003333:169303 indel C->CGACG (ins +4bp, frameshift)",sat,1,75,75,75,0,,,,False,allele classes too small (75/0)
OM429_003333,169303,"OM429_003333:169303 indel C->CGACG (ins +4bp, frameshift)",sat,2,12,12,12,0,,,,False,allele classes too small (12/0)
OM429_003333,169303,"OM429_003333:169303 indel C->CGACG (ins +4bp, frameshift)",sat,3,11,11,11,0,,,,False,allele classes too small (11/0)
OM429_003333,169303,"OM429_003333:169303 indel C->CGACG (ins +4bp, frameshift)",sat,4,37,37,37,0,,,,False,allele classes too small (37/0)
OM429_003333,169303,"OM429_003333:169303 indel C->CGACG (ins +4bp, frameshift)",sat,5,16,16,11,5,-0.028665023389904884,0.029211983823982872,0.34311095479396153,True,
OM429_003333,169303,"OM429_003333:169303 indel C->CGACG (ins +4bp, frameshift)",sat,6,20,20,19,1,,,,False,allele classes too small (19/1)
OM429_003333,169303,"OM429_003333:169303 indel C->CGACG (ins +4bp, frameshift)",bright,1,75,75,75,0,,,,False,allele classes too small (75/0)
OM429_003333,169303,"OM429_003333:169303 indel C->CGACG (ins +4bp, frameshift)",bright,2,12,12,12,0,,,,False,allele classes too small (12/0)
OM429_003333,169303,"OM429_003333:169303 indel C->CGACG (ins +4bp, frameshift)",bright,3,11,11,11,0,,,,False,allele classes too small (11/0)
OM429_003333,169303,"OM429_003333:169303 indel C->CGACG (ins +4bp, frameshift)",bright,4,37,37,37,0,,,,False,allele classes too small (37/0)
OM429_003333,169303,"OM429_003333:169303 indel C->CGACG (ins +4bp, frameshift)",bright,5,16,16,11,5,-0.015246034388286617,0.01772764464109107,0.4042680962660452,True,
OM429_003333,169303,"OM429_003333:169303 indel C->CGACG (ins +4bp, frameshift)",bright,6,20,20,19,1,,,,False,allele classes too small (19/1)
OM429_003333,169303,"OM429_003333:169303 indel C->CGACG (ins +4bp, frameshift)",lab_L,1,75,75,75,0,,,,False,allele classes too small (75/0)
OM429_003333,169303,"OM429_003333:169303 indel C->CGACG (ins +4bp, frameshift)",lab_L,2,12,12,12,0,,,,False,allele classes too small (12/0)
OM429_003333,169303,"OM429_003333:169303 indel C->CGACG (ins +4bp, frameshift)",lab_L,3,11,11,11,0,,,,False,allele classes too small (11/0)
OM429_003333,169303,"OM429_003333:169303 indel C->CGACG (ins +4bp, frameshift)",lab_L,4,37,37,37,0,,,,False,allele classes too small (37/0)
OM429_003333,169303,"OM429_003333:169303 indel C->CGACG (ins +4bp, frameshift)",lab_L,5,16,16,11,5,-0.07730280689730348,0.5511045922676168,0.890445681793535,True,
OM429_003333,169303,"OM429_003333:169303 indel C->CGACG (ins +4bp, frameshift)",lab_L,6,20,20,19,1,,,,False,allele classes too small (19/1)
OM429_003333,169303,"OM429_003333:169303 indel C->CGACG (ins +4bp, frameshift)",lab_a,1,75,75,75,0,,,,False,allele classes too small (75/0)
OM429_003333,169303,"OM429_003333:169303 indel C->CGACG (ins +4bp, frameshift)",lab_a,2,12,12,12,0,,,,False,allele classes too small (12/0)
OM429_003333,169303,"OM429_003333:169303 indel C->CGACG (ins +4bp, frameshift)",lab_a,3,11,11,11,0,,,,False,allele classes too small (11/0)
OM429_003333,169303,"OM429_003333:169303 indel C->CGACG (ins +4bp, frameshift)",lab_a,4,37,37,37,0,,,,False,allele classes too small (37/0)
OM429_003333,169303,"OM429_003333:169303 indel C->CGACG (ins +4bp, frameshift)",lab_a,5,16,16,11,5,-0.7829567627221494,1.0318640202083296,0.46056939927686436,True,
OM429_003333,169303,"OM429_003333:169303 indel C->CGACG (ins +4bp, frameshift)",lab_a,6,20,20,19,1,,,,False,allele classes too small (19/1)
OM429_003333,169303,"OM429_003333:169303 indel C->CGACG (ins +4bp, frameshift)",lab_b,1,75,75,75,0,,,,False,allele classes too small (75/0)
OM429_003333,169303,"OM429_003333:169303 indel C->CGACG (ins +4bp, frameshift)",lab_b,2,12,12,12,0,,,,False,allele classes too small (12/0)
OM429_003333,169303,"OM429_003333:169303 indel C->CGACG (ins +4bp, frameshift)",lab_b,3,11,11,11,0,,,,False,allele classes too small (11/0)
OM429_003333,169303,"OM429_003333:169303 indel C->CGACG (ins +4bp, frameshift)",lab_b,4,37,37,37,0,,,,False,allele classes too small (37/0)
OM429_003333,169303,"OM429_003333:169303 indel C->CGACG (ins +4bp, frameshift)",lab_b,5,16,16,11,5,-1.1677818827102473,0.932797697067205,0.23111409243090317,True,
OM429_003333,169303,"OM429_003333:169303 indel C->CGACG (ins +4bp, frameshift)",lab_b,6,20,20,19,1,,,,False,allele classes too small (19/1)
OM429_003333,169306,"OM429_003333:169306 indel CCACT->C (del -4bp, frameshift)",chroma,1,75,75,75,0,,,,False,allele classes too small (75/0)
OM429_003333,169306,"OM429_003333:169306 indel CCACT->C (del -4bp, frameshift)",chroma,2,12,12,12,0,,,,False,allele classes too small (12/0)
OM429_003333,169306,"OM429_003333:169306 indel CCACT->C (del -4bp, frameshift)",chroma,3,11,11,11,0,,,,False,allele classes too small (11/0)
OM429_003333,169306,"OM429_003333:169306 indel CCACT->C (del -4bp, frameshift)",chroma,4,37,37,37,0,,,,False,allele classes too small (37/0)
OM429_003333,169306,"OM429_003333:169306 indel CCACT->C (del -4bp, frameshift)",chroma,5,16,16,11,5,-1.0807581231816648,1.1778734831753541,0.3743911768795252,True,
OM429_003333,169306,"OM429_003333:169306 indel CCACT->C (del -4bp, frameshift)",chroma,6,20,20,19,1,,,,False,allele classes too small (19/1)
OM429_003333,169306,"OM429_003333:169306 indel CCACT->C (del -4bp, frameshift)",sat,1,75,75,75,0,,,,False,allele classes too small (75/0)
OM429_003333,169306,"OM429_003333:169306 indel CCACT->C (del -4bp, frameshift)",sat,2,12,12,12,0,,,,False,allele classes too small (12/0)
OM429_003333,169306,"OM429_003333:169306 indel CCACT->C (del -4bp, frameshift)",sat,3,11,11,11,0,,,,False,allele classes too small (11/0)
OM429_003333,169306,"OM429_003333:169306 indel CCACT->C (del -4bp, frameshift)",sat,4,37,37,37,0,,,,False,allele classes too small (37/0)
OM429_003333,169306,"OM429_003333:169306 indel CCACT->C (del -4bp, frameshift)",sat,5,16,16,11,5,-0.028665023389904884,0.029211983823982872,0.34311095479396153,True,
OM429_003333,169306,"OM429_003333:169306 indel CCACT->C (del -4bp, frameshift)",sat,6,20,20,19,1,,,,False,allele classes too small (19/1)
OM429_003333,169306,"OM429_003333:169306 indel CCACT->C (del -4bp, frameshift)",bright,1,75,75,75,0,,,,False,allele classes too small (75/0)
OM429_003333,169306,"OM429_003333:169306 indel CCACT->C (del -4bp, frameshift)",bright,2,12,12,12,0,,,,False,allele classes too small (12/0)
OM429_003333,169306,"OM429_003333:169306 indel CCACT->C (del -4bp, frameshift)",bright,3,11,11,11,0,,,,False,allele classes too small (11/0)
OM429_003333,169306,"OM429_003333:169306 indel CCACT->C (del -4bp, frameshift)",bright,4,37,37,37,0,,,,False,allele classes too small (37/0)
OM429_003333,169306,"OM429_003333:169306 indel CCACT->C (del -4bp, frameshift)",bright,5,16,16,11,5,-0.015246034388286617,0.01772764464109107,0.4042680962660452,True,
OM429_003333,169306,"OM429_003333:169306 indel CCACT->C (del -4bp, frameshift)",bright,6,20,20,19,1,,,,False,allele classes too small (19/1)
OM429_003333,169306,"OM429_003333:169306 indel CCACT->C (del -4bp, frameshift)",lab_L,1,75,75,75,0,,,,False,allele classes too small (75/0)
OM429_003333,169306,"OM429_003333:169306 indel CCACT->C (del -4bp, frameshift)",lab_L,2,12,12,12,0,,,,False,allele classes too small (12/0)
OM429_003333,169306,"OM429_003333:169306 indel CCACT->C (del -4bp, frameshift)",lab_L,3,11,11,11,0,,,,False,allele classes too small (11/0)
OM429_003333,169306,"OM429_003333:169306 indel CCACT->C (del -4bp, frameshift)",lab_L,4,37,37,37,0,,,,False,allele classes too small (37/0)
OM429_003333,169306,"OM429_003333:169306 indel CCACT->C (del -4bp, frameshift)",lab_L,5,16,16,11,5,-0.07730280689730348,0.5511045922676168,0.890445681793535,True,
OM429_003333,169306,"OM429_003333:169306 indel CCACT->C (del -4bp, frameshift)",lab_L,6,20,20,19,1,,,,False,allele classes too small (19/1)
OM429_003333,169306,"OM429_003333:169306 indel CCACT->C (del -4bp, frameshift)",lab_a,1,75,75,75,0,,,,False,allele classes too small (75/0)
OM429_003333,169306,"OM429_003333:169306 indel CCACT->C (del -4bp, frameshift)",lab_a,2,12,12,12,0,,,,False,allele classes too small (12/0)
OM429_003333,169306,"OM429_003333:169306 indel CCACT->C (del -4bp, frameshift)",lab_a,3,11,11,11,0,,,,False,allele classes too small (11/0)
OM429_003333,169306,"OM429_003333:169306 indel CCACT->C (del -4bp, frameshift)",lab_a,4,37,37,37,0,,,,False,allele classes too small (37/0)
OM429_003333,169306,"OM429_003333:169306 indel CCACT->C (del -4bp, frameshift)",lab_a,5,16,16,11,5,-0.7829567627221494,1.0318640202083296,0.46056939927686436,True,
OM429_003333,169306,"OM429_003333:169306 indel CCACT->C (del -4bp, frameshift)",lab_a,6,20,20,19,1,,,,False,allele classes too small (19/1)
OM429_003333,169306,"OM429_003333:169306 indel CCACT->C (del -4bp, frameshift)",lab_b,1,75,75,75,0,,,,False,allele classes too small (75/0)
OM429_003333,169306,"OM429_003333:169306 indel CCACT->C (del -4bp, frameshift)",lab_b,2,12,12,12,0,,,,False,allele classes too small (12/0)
OM429_003333,169306,"OM429_003333:169306 indel CCACT->C (del -4bp, frameshift)",lab_b,3,11,11,11,0,,,,False,allele classes too small (11/0)
OM429_003333,169306,"OM429_003333:169306 indel CCACT->C (del -4bp, frameshift)",lab_b,4,37,37,37,0,,,,False,allele classes too small (37/0)
OM429_003333,169306,"OM429_003333:169306 indel CCACT->C (del -4bp, frameshift)",lab_b,5,16,16,11,5,-1.1677818827102473,0.932797697067205,0.23111409243090317,True,
OM429_003333,169306,"OM429_003333:169306 indel CCACT->C (del -4bp, frameshift)",lab_b,6,20,20,19,1,,,,False,allele classes too small (19/1)
OM429_003336,173981,"OM429_003336:173981 indel CGGCTCACCCA->C (del -10bp, frameshift)",chroma,1,75,75,75,0,,,,False,allele classes too small (75/0)
OM429_003336,173981,"OM429_003336:173981 indel CGGCTCACCCA->C (del -10bp, frameshift)",chroma,2,12,12,12,0,,,,False,allele classes too small (12/0)
OM429_003336,173981,"OM429_003336:173981 indel CGGCTCACCCA->C (del -10bp, frameshift)",chroma,3,11,11,11,0,,,,False,allele classes too small (11/0)
OM429_003336,173981,"OM429_003336:173981 indel CGGCTCACCCA->C (del -10bp, frameshift)",chroma,4,37,37,37,0,,,,False,allele classes too small (37/0)
OM429_003336,173981,"OM429_003336:173981 indel CGGCTCACCCA->C (del -10bp, frameshift)",chroma,5,16,16,12,4,-0.13096354656491535,1.2977235119457469,0.9210466558233956,True,
OM429_003336,173981,"OM429_003336:173981 indel CGGCTCACCCA->C (del -10bp, frameshift)",chroma,6,20,20,20,0,,,,False,allele classes too small (20/0)
OM429_003336,173981,"OM429_003336:173981 indel CGGCTCACCCA->C (del -10bp, frameshift)",sat,1,75,75,75,0,,,,False,allele classes too small (75/0)
OM429_003336,173981,"OM429_003336:173981 indel CGGCTCACCCA->C (del -10bp, frameshift)",sat,2,12,12,12,0,,,,False,allele classes too small (12/0)
OM429_003336,173981,"OM429_003336:173981 indel CGGCTCACCCA->C (del -10bp, frameshift)",sat,3,11,11,11,0,,,,False,allele classes too small (11/0)
OM429_003336,173981,"OM429_003336:173981 indel CGGCTCACCCA->C (del -10bp, frameshift)",sat,4,37,37,37,0,,,,False,allele classes too small (37/0)
OM429_003336,173981,"OM429_003336:173981 indel CGGCTCACCCA->C (del -10bp, frameshift)",sat,5,16,16,12,4,-0.0096957505905955,0.032222996065373,0.7679166334806977,True,
OM429_003336,173981,"OM429_003336:173981 indel CGGCTCACCCA->C (del -10bp, frameshift)",sat,6,20,20,20,0,,,,False,allele classes too small (20/0)
OM429_003336,173981,"OM429_003336:173981 indel CGGCTCACCCA->C (del -10bp, frameshift)",bright,1,75,75,75,0,,,,False,allele classes too small (75/0)
OM429_003336,173981,"OM429_003336:173981 indel CGGCTCACCCA->C (del -10bp, frameshift)",bright,2,12,12,12,0,,,,False,allele classes too small (12/0)
OM429_003336,173981,"OM429_003336:173981 indel CGGCTCACCCA->C (del -10bp, frameshift)",bright,3,11,11,11,0,,,,False,allele classes too small (11/0)
OM429_003336,173981,"OM429_003336:173981 indel CGGCTCACCCA->C (del -10bp, frameshift)",bright,4,37,37,37,0,,,,False,allele classes too small (37/0)
OM429_003336,173981,"OM429_003336:173981 indel CGGCTCACCCA->C (del -10bp, frameshift)",bright,5,16,16,12,4,0.0026920252536812572,0.01945782435861488,0.8919326774709341,True,
OM429_003336,173981,"OM429_003336:173981 indel CGGCTCACCCA->C (del -10bp, frameshift)",bright,6,20,20,20,0,,,,False,allele classes too small (20/0)
OM429_003336,173981,"OM429_003336:173981 indel CGGCTCACCCA->C (del -10bp, frameshift)",lab_L,1,75,75,75,0,,,,False,allele classes too small (75/0)
OM429_003336,173981,"OM429_003336:173981 indel CGGCTCACCCA->C (del -10bp, frameshift)",lab_L,2,12,12,12,0,,,,False,allele classes too small (12/0)
OM429_003336,173981,"OM429_003336:173981 indel CGGCTCACCCA->C (del -10bp, frameshift)",lab_L,3,11,11,11,0,,,,False,allele classes too small (11/0)
OM429_003336,173981,"OM429_003336:173981 indel CGGCTCACCCA->C (del -10bp, frameshift)",lab_L,4,37,37,37,0,,,,False,allele classes too small (37/0)
OM429_003336,173981,"OM429_003336:173981 indel CGGCTCACCCA->C (del -10bp, frameshift)",lab_L,5,16,16,12,4,0.24197907848431535,0.5867835144618908,0.6863045855800903,True,
OM429_003336,173981,"OM429_003336:173981 indel CGGCTCACCCA->C (del -10bp, frameshift)",lab_L,6,20,20,20,0,,,,False,allele classes too small (20/0)
OM429_003336,173981,"OM429_003336:173981 indel CGGCTCACCCA->C (del -10bp, frameshift)",lab_a,1,75,75,75,0,,,,False,allele classes too small (75/0)
OM429_003336,173981,"OM429_003336:173981 indel CGGCTCACCCA->C (del -10bp, frameshift)",lab_a,2,12,12,12,0,,,,False,allele classes too small (12/0)
OM429_003336,173981,"OM429_003336:173981 indel CGGCTCACCCA->C (del -10bp, frameshift)",lab_a,3,11,11,11,0,,,,False,allele classes too small (11/0)
OM429_003336,173981,"OM429_003336:173981 indel CGGCTCACCCA->C (del -10bp, frameshift)",lab_a,4,37,37,37,0,,,,False,allele classes too small (37/0)
OM429_003336,173981,"OM429_003336:173981 indel CGGCTCACCCA->C (del -10bp, frameshift)",lab_a,5,16,16,12,4,0.3016505082702305,1.1241404718821604,0.7923520124140698,True,
OM429_003336,173981,"OM429_003336:173981 indel CGGCTCACCCA->C (del -10bp, frameshift)",lab_a,6,20,20,20,0,,,,False,allele classes too small (20/0)
OM429_003336,173981,"OM429_003336:173981 indel CGGCTCACCCA->C (del -10bp, frameshift)",lab_b,1,75,75,75,0,,,,False,allele classes too small (75/0)
OM429_003336,173981,"OM429_003336:173981 indel CGGCTCACCCA->C (del -10bp, frameshift)",lab_b,2,12,12,12,0,,,,False,allele classes too small (12/0)
OM429_003336,173981,"OM429_003336:173981 indel CGGCTCACCCA->C (del -10bp, frameshift)",lab_b,3,11,11,11,0,,,,False,allele classes too small (11/0)
OM429_003336,173981,"OM429_003336:173981 indel CGGCTCACCCA->C (del -10bp, frameshift)",lab_b,4,37,37,37,0,,,,False,allele classes too small (37/0)
OM429_003336,173981,"OM429_003336:173981 indel CGGCTCACCCA->C (del -10bp, frameshift)",lab_b,5,16,16,12,4,-0.9459957718394111,1.022102905999752,0.37036558624410926,True,
OM429_003336,173981,"OM429_003336:173981 indel CGGCTCACCCA->C (del -10bp, frameshift)",lab_b,6,20,20,20,0,,,,False,allele classes too small (20/0)
OM429_003336,173999,"OM429_003336:173999 indel AGC->A (del -2bp, frameshift)",chroma,1,75,75,75,0,,,,False,allele classes too small (75/0)
OM429_003336,173999,"OM429_003336:173999 indel AGC->A (del -2bp, frameshift)",chroma,2,12,12,12,0,,,,False,allele classes too small (12/0)
OM429_003336,173999,"OM429_003336:173999 indel AGC->A (del -2bp, frameshift)",chroma,3,11,11,11,0,,,,False,allele classes too small (11/0)
OM429_003336,173999,"OM429_003336:173999 indel AGC->A (del -2bp, frameshift)",chroma,4,37,37,37,0,,,,False,allele classes too small (37/0)
OM429_003336,173999,"OM429_003336:173999 indel AGC->A (del -2bp, frameshift)",chroma,5,16,16,13,3,-0.13201305977919406,1.4397863100745392,0.9282439136048024,True,
OM429_003336,173999,"OM429_003336:173999 indel AGC->A (del -2bp, frameshift)",chroma,6,20,20,20,0,,,,False,allele classes too small (20/0)
OM429_003336,173999,"OM429_003336:173999 indel AGC->A (del -2bp, frameshift)",sat,1,75,75,75,0,,,,False,allele classes too small (75/0)
OM429_003336,173999,"OM429_003336:173999 indel AGC->A (del -2bp, frameshift)",sat,2,12,12,12,0,,,,False,allele classes too small (12/0)
OM429_003336,173999,"OM429_003336:173999 indel AGC->A (del -2bp, frameshift)",sat,3,11,11,11,0,,,,False,allele classes too small (11/0)
OM429_003336,173999,"OM429_003336:173999 indel AGC->A (del -2bp, frameshift)",sat,4,37,37,37,0,,,,False,allele classes too small (37/0)
OM429_003336,173999,"OM429_003336:173999 indel AGC->A (del -2bp, frameshift)",sat,5,16,16,13,3,-0.007979139771774885,0.03580015232938298,0.8268478892370812,True,
OM429_003336,173999,"OM429_003336:173999 indel AGC->A (del -2bp, frameshift)",sat,6,20,20,20,0,,,,False,allele classes too small (20/0)
OM429_003336,173999,"OM429_003336:173999 indel AGC->A (del -2bp, frameshift)",bright,1,75,75,75,0,,,,False,allele classes too small (75/0)
OM429_003336,173999,"OM429_003336:173999 indel AGC->A (del -2bp, frameshift)",bright,2,12,12,12,0,,,,False,allele classes too small (12/0)
OM429_003336,173999,"OM429_003336:173999 indel AGC->A (del -2bp, frameshift)",bright,3,11,11,11,0,,,,False,allele classes too small (11/0)
OM429_003336,173999,"OM429_003336:173999 indel AGC->A (del -2bp, frameshift)",bright,4,37,37,37,0,,,,False,allele classes too small (37/0)
OM429_003336,173999,"OM429_003336:173999 indel AGC->A (del -2bp, frameshift)",bright,5,16,16,13,3,-0.00033582074953097664,0.021601083352158545,0.987815587090126,True,
OM429_003336,173999,"OM429_003336:173999 indel AGC->A (del -2bp, frameshift)",bright,6,20,20,20,0,,,,False,allele classes too small (20/0)
OM429_003336,173999,"OM429_003336:173999 indel AGC->A (del -2bp, frameshift)",lab_L,1,75,75,75,0,,,,False,allele classes too small (75/0)
OM429_003336,173999,"OM429_003336:173999 indel AGC->A (del -2bp, frameshift)",lab_L,2,12,12,12,0,,,,False,allele classes too small (12/0)
OM429_003336,173999,"OM429_003336:173999 indel AGC->A (del -2bp, frameshift)",lab_L,3,11,11,11,0,,,,False,allele classes too small (11/0)
OM429_003336,173999,"OM429_003336:173999 indel AGC->A (del -2bp, frameshift)",lab_L,4,37,37,37,0,,,,False,allele classes too small (37/0)
OM429_003336,173999,"OM429_003336:173999 indel AGC->A (del -2bp, frameshift)",lab_L,5,16,16,13,3,0.08668885679470752,0.6545097298418668,0.8965143184586053,True,
OM429_003336,173999,"OM429_003336:173999 indel AGC->A (del -2bp, frameshift)",lab_L,6,20,20,20,0,,,,False,allele classes too small (20/0)
OM429_003336,173999,"OM429_003336:173999 indel AGC->A (del -2bp, frameshift)",lab_a,1,75,75,75,0,,,,False,allele classes too small (75/0)
OM429_003336,173999,"OM429_003336:173999 indel AGC->A (del -2bp, frameshift)",lab_a,2,12,12,12,0,,,,False,allele classes too small (12/0)
OM429_003336,173999,"OM429_003336:173999 indel AGC->A (del -2bp, frameshift)",lab_a,3,11,11,11,0,,,,False,allele classes too small (11/0)
OM429_003336,173999,"OM429_003336:173999 indel AGC->A (del -2bp, frameshift)",lab_a,4,37,37,37,0,,,,False,allele classes too small (37/0)
OM429_003336,173999,"OM429_003336:173999 indel AGC->A (del -2bp, frameshift)",lab_a,5,16,16,13,3,0.22234288963497098,1.2489120080392015,0.8612503190323978,True,
OM429_003336,173999,"OM429_003336:173999 indel AGC->A (del -2bp, frameshift)",lab_a,6,20,20,20,0,,,,False,allele classes too small (20/0)
OM429_003336,173999,"OM429_003336:173999 indel AGC->A (del -2bp, frameshift)",lab_b,1,75,75,75,0,,,,False,allele classes too small (75/0)
OM429_003336,173999,"OM429_003336:173999 indel AGC->A (del -2bp, frameshift)",lab_b,2,12,12,12,0,,,,False,allele classes too small (12/0)
OM429_003336,173999,"OM429_003336:173999 indel AGC->A (del -2bp, frameshift)",lab_b,3,11,11,11,0,,,,False,allele classes too small (11/0)
OM429_003336,173999,"OM429_003336:173999 indel AGC->A (del -2bp, frameshift)",lab_b,4,37,37,37,0,,,,False,allele classes too small (37/0)
OM429_003336,173999,"OM429_003336:173999 indel AGC->A (del -2bp, frameshift)",lab_b,5,16,16,13,3,-0.7996093904166216,1.1483820084700913,0.4976439173119086,True,
OM429_003336,173999,"OM429_003336:173999 indel AGC->A (del -2bp, frameshift)",lab_b,6,20,20,20,0,,,,False,allele classes too small (20/0)
OM429_003336,174017,"OM429_003336:174017 indel C->CGTCGAT (ins +6bp, in-frame)",chroma,1,75,75,75,0,,,,False,allele classes too small (75/0)
OM429_003336,174017,"OM429_003336:174017 indel C->CGTCGAT (ins +6bp, in-frame)",chroma,2,12,12,12,0,,,,False,allele classes too small (12/0)
OM429_003336,174017,"OM429_003336:174017 indel C->CGTCGAT (ins +6bp, in-frame)",chroma,3,11,11,11,0,,,,False,allele classes too small (11/0)
OM429_003336,174017,"OM429_003336:174017 indel C->CGTCGAT (ins +6bp, in-frame)",chroma,4,37,37,37,0,,,,False,allele classes too small (37/0)
OM429_003336,174017,"OM429_003336:174017 indel C->CGTCGAT (ins +6bp, in-frame)",chroma,5,16,16,13,3,-0.13201305977919406,1.4397863100745392,0.9282439136048024,True,
OM429_003336,174017,"OM429_003336:174017 indel C->CGTCGAT (ins +6bp, in-frame)",chroma,6,20,20,20,0,,,,False,allele classes too small (20/0)
OM429_003336,174017,"OM429_003336:174017 indel C->CGTCGAT (ins +6bp, in-frame)",sat,1,75,75,75,0,,,,False,allele classes too small (75/0)
OM429_003336,174017,"OM429_003336:174017 indel C->CGTCGAT (ins +6bp, in-frame)",sat,2,12,12,12,0,,,,False,allele classes too small (12/0)
OM429_003336,174017,"OM429_003336:174017 indel C->CGTCGAT (ins +6bp, in-frame)",sat,3,11,11,11,0,,,,False,allele classes too small (11/0)
OM429_003336,174017,"OM429_003336:174017 indel C->CGTCGAT (ins +6bp, in-frame)",sat,4,37,37,37,0,,,,False,allele classes too small (37/0)
OM429_003336,174017,"OM429_003336:174017 indel C->CGTCGAT (ins +6bp, in-frame)",sat,5,16,16,13,3,-0.007979139771774885,0.03580015232938298,0.8268478892370812,True,
OM429_003336,174017,"OM429_003336:174017 indel C->CGTCGAT (ins +6bp, in-frame)",sat,6,20,20,20,0,,,,False,allele classes too small (20/0)
OM429_003336,174017,"OM429_003336:174017 indel C->CGTCGAT (ins +6bp, in-frame)",bright,1,75,75,75,0,,,,False,allele classes too small (75/0)
OM429_003336,174017,"OM429_003336:174017 indel C->CGTCGAT (ins +6bp, in-frame)",bright,2,12,12,12,0,,,,False,allele classes too small (12/0)
OM429_003336,174017,"OM429_003336:174017 indel C->CGTCGAT (ins +6bp, in-frame)",bright,3,11,11,11,0,,,,False,allele classes too small (11/0)
OM429_003336,174017,"OM429_003336:174017 indel C->CGTCGAT (ins +6bp, in-frame)",bright,4,37,37,37,0,,,,False,allele classes too small (37/0)
OM429_003336,174017,"OM429_003336:174017 indel C->CGTCGAT (ins +6bp, in-frame)",bright,5,16,16,13,3,-0.00033582074953097664,0.021601083352158545,0.987815587090126,True,
OM429_003336,174017,"OM429_003336:174017 indel C->CGTCGAT (ins +6bp, in-frame)",bright,6,20,20,20,0,,,,False,allele classes too small (20/0)
OM429_003336,174017,"OM429_003336:174017 indel C->CGTCGAT (ins +6bp, in-frame)",lab_L,1,75,75,75,0,,,,False,allele classes too small (75/0)
OM429_003336,174017,"OM429_003336:174017 indel C->CGTCGAT (ins +6bp, in-frame)",lab_L,2,12,12,12,0,,,,False,allele classes too small (12/0)
OM429_003336,174017,"OM429_003336:174017 indel C->CGTCGAT (ins +6bp, in-frame)",lab_L,3,11,11,11,0,,,,False,allele classes too small (11/0)
OM429_003336,174017,"OM429_003336:174017 indel C->CGTCGAT (ins +6bp, in-frame)",lab_L,4,37,37,37,0,,,,False,allele classes too small (37/0)
OM429_003336,174017,"OM429_003336:174017 indel C->CGTCGAT (ins +6bp, in-frame)",lab_L,5,16,16,13,3,0.08668885679470752,0.6545097298418668,0.8965143184586053,True,
OM429_003336,174017,"OM429_003336:174017 indel C->CGTCGAT (ins +6bp, in-frame)",lab_L,6,20,20,20,0,,,,False,allele classes too small (20/0)
OM429_003336,174017,"OM429_003336:174017 indel C->CGTCGAT (ins +6bp, in-frame)",lab_a,1,75,75,75,0,,,,False,allele classes too small (75/0)
OM429_003336,174017,"OM429_003336:174017 indel C->CGTCGAT (ins +6bp, in-frame)",lab_a,2,12,12,12,0,,,,False,allele classes too small (12/0)
OM429_003336,174017,"OM429_003336:174017 indel C->CGTCGAT (ins +6bp, in-frame)",lab_a,3,11,11,11,0,,,,False,allele classes too small (11/0)
OM429_003336,174017,"OM429_003336:174017 indel C->CGTCGAT (ins +6bp, in-frame)",lab_a,4,37,37,37,0,,,,False,allele classes too small (37/0)
OM429_003336,174017,"OM429_003336:174017 indel C->CGTCGAT (ins +6bp, in-frame)",lab_a,5,16,16,13,3,0.22234288963497098,1.2489120080392015,0.8612503190323978,True,
OM429_003336,174017,"OM429_003336:174017 indel C->CGTCGAT (ins +6bp, in-frame)",lab_a,6,20,20,20,0,,,,False,allele classes too small (20/0)
OM429_003336,174017,"OM429_003336:174017 indel C->CGTCGAT (ins +6bp, in-frame)",lab_b,1,75,75,75,0,,,,False,allele classes too small (75/0)
OM429_003336,174017,"OM429_003336:174017 indel C->CGTCGAT (ins +6bp, in-frame)",lab_b,2,12,12,12,0,,,,False,allele classes too small (12/0)
OM429_003336,174017,"OM429_003336:174017 indel C->CGTCGAT (ins +6bp, in-frame)",lab_b,3,11,11,11,0,,,,False,allele classes too small (11/0)
OM429_003336,174017,"OM429_003336:174017 indel C->CGTCGAT (ins +6bp, in-frame)",lab_b,4,37,37,37,0,,,,False,allele classes too small (37/0)
OM429_003336,174017,"OM429_003336:174017 indel C->CGTCGAT (ins +6bp, in-frame)",lab_b,5,16,16,13,3,-0.7996093904166216,1.1483820084700913,0.4976439173119086,True,
OM429_003336,174017,"OM429_003336:174017 indel C->CGTCGAT (ins +6bp, in-frame)",lab_b,6,20,20,20,0,,,,False,allele classes too small (20/0)
OM429_003336,174036,"OM429_003336:174036 indel CTCG->C (del -3bp, in-frame)",chroma,1,75,75,75,0,,,,False,allele classes too small (75/0)
OM429_003336,174036,"OM429_003336:174036 indel CTCG->C (del -3bp, in-frame)",chroma,2,12,12,12,0,,,,False,allele classes too small (12/0)
OM429_003336,174036,"OM429_003336:174036 indel CTCG->C (del -3bp, in-frame)",chroma,3,11,11,11,0,,,,False,allele classes too small (11/0)
OM429_003336,174036,"OM429_003336:174036 indel CTCG->C (del -3bp, in-frame)",chroma,4,37,37,37,0,,,,False,allele classes too small (37/0)
OM429_003336,174036,"OM429_003336:174036 indel CTCG->C (del -3bp, in-frame)",chroma,5,16,16,9,7,-0.7985917377517416,1.1128761435309797,0.48481086929578476,True,
OM429_003336,174036,"OM429_003336:174036 indel CTCG->C (del -3bp, in-frame)",chroma,6,20,20,20,0,,,,False,allele classes too small (20/0)
OM429_003336,174036,"OM429_003336:174036 indel CTCG->C (del -3bp, in-frame)",sat,1,75,75,75,0,,,,False,allele classes too small (75/0)
OM429_003336,174036,"OM429_003336:174036 indel CTCG->C (del -3bp, in-frame)",sat,2,12,12,12,0,,,,False,allele classes too small (12/0)
OM429_003336,174036,"OM429_003336:174036 indel CTCG->C (del -3bp, in-frame)",sat,3,11,11,11,0,,,,False,allele classes too small (11/0)
OM429_003336,174036,"OM429_003336:174036 indel CTCG->C (del -3bp, in-frame)",sat,4,37,37,37,0,,,,False,allele classes too small (37/0)
OM429_003336,174036,"OM429_003336:174036 indel CTCG->C (del -3bp, in-frame)",sat,5,16,16,9,7,-0.02236640085692528,0.0275769028697647,0.43090681010464094,True,
OM429_003336,174036,"OM429_003336:174036 indel CTCG->C (del -3bp, in-frame)",sat,6,20,20,20,0,,,,False,allele classes too small (20/0)
OM429_003336,174036,"OM429_003336:174036 indel CTCG->C (del -3bp, in-frame)",bright,1,75,75,75,0,,,,False,allele classes too small (75/0)
OM429_003336,174036,"OM429_003336:174036 indel CTCG->C (del -3bp, in-frame)",bright,2,12,12,12,0,,,,False,allele classes too small (12/0)
OM429_003336,174036,"OM429_003336:174036 indel CTCG->C (del -3bp, in-frame)",bright,3,11,11,11,0,,,,False,allele classes too small (11/0)
OM429_003336,174036,"OM429_003336:174036 indel CTCG->C (del -3bp, in-frame)",bright,4,37,37,37,0,,,,False,allele classes too small (37/0)
OM429_003336,174036,"OM429_003336:174036 indel CTCG->C (del -3bp, in-frame)",bright,5,16,16,9,7,-0.011247125309267698,0.01672785871991719,0.5122999484577582,True,
OM429_003336,174036,"OM429_003336:174036 indel CTCG->C (del -3bp, in-frame)",bright,6,20,20,20,0,,,,False,allele classes too small (20/0)
OM429_003336,174036,"OM429_003336:174036 indel CTCG->C (del -3bp, in-frame)",lab_L,1,75,75,75,0,,,,False,allele classes too small (75/0)
OM429_003336,174036,"OM429_003336:174036 indel CTCG->C (del -3bp, in-frame)",lab_L,2,12,12,12,0,,,,False,allele classes too small (12/0)
OM429_003336,174036,"OM429_003336:174036 indel CTCG->C (del -3bp, in-frame)",lab_L,3,11,11,11,0,,,,False,allele classes too small (11/0)
OM429_003336,174036,"OM429_003336:174036 indel CTCG->C (del -3bp, in-frame)",lab_L,4,37,37,37,0,,,,False,allele classes too small (37/0)
OM429_003336,174036,"OM429_003336:174036 indel CTCG->C (del -3bp, in-frame)",lab_L,5,16,16,9,7,-0.09634731317944063,0.5146442503137106,0.8541808415152076,True,
OM429_003336,174036,"OM429_003336:174036 indel CTCG->C (del -3bp, in-frame)",lab_L,6,20,20,20,0,,,,False,allele classes too small (20/0)
OM429_003336,174036,"OM429_003336:174036 indel CTCG->C (del -3bp, in-frame)",lab_a,1,75,75,75,0,,,,False,allele classes too small (75/0)
OM429_003336,174036,"OM429_003336:174036 indel CTCG->C (del -3bp, in-frame)",lab_a,2,12,12,12,0,,,,False,allele classes too small (12/0)
OM429_003336,174036,"OM429_003336:174036 indel CTCG->C (del -3bp, in-frame)",lab_a,3,11,11,11,0,,,,False,allele classes too small (11/0)
OM429_003336,174036,"OM429_003336:174036 indel CTCG->C (del -3bp, in-frame)",lab_a,4,37,37,37,0,,,,False,allele classes too small (37/0)
OM429_003336,174036,"OM429_003336:174036 indel CTCG->C (del -3bp, in-frame)",lab_a,5,16,16,9,7,-0.5788567601334683,0.9715095793599066,0.5607972866536712,True,
OM429_003336,174036,"OM429_003336:174036 indel CTCG->C (del -3bp, in-frame)",lab_a,6,20,20,20,0,,,,False,allele classes too small (20/0)
OM429_003336,174036,"OM429_003336:174036 indel CTCG->C (del -3bp, in-frame)",lab_b,1,75,75,75,0,,,,False,allele classes too small (75/0)
OM429_003336,174036,"OM429_003336:174036 indel CTCG->C (del -3bp, in-frame)",lab_b,2,12,12,12,0,,,,False,allele classes too small (12/0)
OM429_003336,174036,"OM429_003336:174036 indel CTCG->C (del -3bp, in-frame)",lab_b,3,11,11,11,0,,,,False,allele classes too small (11/0)
OM429_003336,174036,"OM429_003336:174036 indel CTCG->C (del -3bp, in-frame)",lab_b,4,37,37,37,0,,,,False,allele classes too small (37/0)
OM429_003336,174036,"OM429_003336:174036 indel CTCG->C (del -3bp, in-frame)",lab_b,5,16,16,9,7,-0.7415501356395554,0.897430636718382,0.4224912127291568,True,
OM429_003336,174036,"OM429_003336:174036 indel CTCG->C (del -3bp, in-frame)",lab_b,6,20,20,20,0,,,,False,allele classes too small (20/0)
OM429_003336,174116,"OM429_003336:174116 indel CCAT->C (del -3bp, in-frame)",chroma,1,75,75,75,0,,,,False,allele classes too small (75/0)
OM429_003336,174116,"OM429_003336:174116 indel CCAT->C (del -3bp, in-frame)",chroma,2,12,12,12,0,,,,False,allele classes too small (12/0)
OM429_003336,174116,"OM429_003336:174116 indel CCAT->C (del -3bp, in-frame)",chroma,3,11,11,11,0,,,,False,allele classes too small (11/0)
OM429_003336,174116,"OM429_003336:174116 indel CCAT->C (del -3bp, in-frame)",chroma,4,37,37,37,0,,,,False,allele classes too small (37/0)
OM429_003336,174116,"OM429_003336:174116 indel CCAT->C (del -3bp, in-frame)",chroma,5,16,16,9,7,-0.7985917377517416,1.1128761435309797,0.48481086929578476,True,
OM429_003336,174116,"OM429_003336:174116 indel CCAT->C (del -3bp, in-frame)",chroma,6,20,20,18,2,,,,False,allele classes too small (18/2)
OM429_003336,174116,"OM429_003336:174116 indel CCAT->C (del -3bp, in-frame)",sat,1,75,75,75,0,,,,False,allele classes too small (75/0)
OM429_003336,174116,"OM429_003336:174116 indel CCAT->C (del -3bp, in-frame)",sat,2,12,12,12,0,,,,False,allele classes too small (12/0)
OM429_003336,174116,"OM429_003336:174116 indel CCAT->C (del -3bp, in-frame)",sat,3,11,11,11,0,,,,False,allele classes too small (11/0)
OM429_003336,174116,"OM429_003336:174116 indel CCAT->C (del -3bp, in-frame)",sat,4,37,37,37,0,,,,False,allele classes too small (37/0)
OM429_003336,174116,"OM429_003336:174116 indel CCAT->C (del -3bp, in-frame)",sat,5,16,16,9,7,-0.02236640085692528,0.0275769028697647,0.43090681010464094,True,
OM429_003336,174116,"OM429_003336:174116 indel CCAT->C (del -3bp, in-frame)",sat,6,20,20,18,2,,,,False,allele classes too small (18/2)
OM429_003336,174116,"OM429_003336:174116 indel CCAT->C (del -3bp, in-frame)",bright,1,75,75,75,0,,,,False,allele classes too small (75/0)
OM429_003336,174116,"OM429_003336:174116 indel CCAT->C (del -3bp, in-frame)",bright,2,12,12,12,0,,,,False,allele classes too small (12/0)
OM429_003336,174116,"OM429_003336:174116 indel CCAT->C (del -3bp, in-frame)",bright,3,11,11,11,0,,,,False,allele classes too small (11/0)
OM429_003336,174116,"OM429_003336:174116 indel CCAT->C (del -3bp, in-frame)",bright,4,37,37,37,0,,,,False,allele classes too small (37/0)
OM429_003336,174116,"OM429_003336:174116 indel CCAT->C (del -3bp, in-frame)",bright,5,16,16,9,7,-0.011247125309267698,0.01672785871991719,0.5122999484577582,True,
OM429_003336,174116,"OM429_003336:174116 indel CCAT->C (del -3bp, in-frame)",bright,6,20,20,18,2,,,,False,allele classes too small (18/2)
OM429_003336,174116,"OM429_003336:174116 indel CCAT->C (del -3bp, in-frame)",lab_L,1,75,75,75,0,,,,False,allele classes too small (75/0)
OM429_003336,174116,"OM429_003336:174116 indel CCAT->C (del -3bp, in-frame)",lab_L,2,12,12,12,0,,,,False,allele classes too small (12/0)
OM429_003336,174116,"OM429_003336:174116 indel CCAT->C (del -3bp, in-frame)",lab_L,3,11,11,11,0,,,,False,allele classes too small (11/0)
OM429_003336,174116,"OM429_003336:174116 indel CCAT->C (del -3bp, in-frame)",lab_L,4,37,37,37,0,,,,False,allele classes too small (37/0)
OM429_003336,174116,"OM429_003336:174116 indel CCAT->C (del -3bp, in-frame)",lab_L,5,16,16,9,7,-0.09634731317944063,0.5146442503137106,0.8541808415152076,True,
OM429_003336,174116,"OM429_003336:174116 indel CCAT->C (del -3bp, in-frame)",lab_L,6,20,20,18,2,,,,False,allele classes too small (18/2)
OM429_003336,174116,"OM429_003336:174116 indel CCAT->C (del -3bp, in-frame)",lab_a,1,75,75,75,0,,,,False,allele classes too small (75/0)
OM429_003336,174116,"OM429_003336:174116 indel CCAT->C (del -3bp, in-frame)",lab_a,2,12,12,12,0,,,,False,allele classes too small (12/0)
OM429_003336,174116,"OM429_003336:174116 indel CCAT->C (del -3bp, in-frame)",lab_a,3,11,11,11,0,,,,False,allele classes too small (11/0)
OM429_003336,174116,"OM429_003336:174116 indel CCAT->C (del -3bp, in-frame)",lab_a,4,37,37,37,0,,,,False,allele classes too small (37/0)
OM429_003336,174116,"OM429_003336:174116 indel CCAT->C (del -3bp, in-frame)",lab_a,5,16,16,9,7,-0.5788567601334683,0.9715095793599066,0.5607972866536712,True,
OM429_003336,174116,"OM429_003336:174116 indel CCAT->C (del -3bp, in-frame)",lab_a,6,20,20,18,2,,,,False,allele classes too small (18/2)
OM429_003336,174116,"OM429_003336:174116 indel CCAT->C (del -3bp, in-frame)",lab_b,1,75,75,75,0,,,,False,allele classes too small (75/0)
OM429_003336,174116,"OM429_003336:174116 indel CCAT->C (del -3bp, in-frame)",lab_b,2,12,12,12,0,,,,False,allele classes too small (12/0)
OM429_003336,174116,"OM429_003336:174116 indel CCAT->C (del -3bp, in-frame)",lab_b,3,11,11,11,0,,,,False,allele classes too small (11/0)
OM429_003336,174116,"OM429_003336:174116 indel CCAT->C (del -3bp, in-frame)",lab_b,4,37,37,37,0,,,,False,allele classes too small (37/0)
OM429_003336,174116,"OM429_003336:174116 indel CCAT->C (del -3bp, in-frame)",lab_b,5,16,16,9,7,-0.7415501356395554,0.897430636718382,0.4224912127291568,True,
OM429_003336,174116,"OM429_003336:174116 indel CCAT->C (del -3bp, in-frame)",lab_b,6,20,20,18,2,,,,False,allele classes too small (18/2)
OM429_003336,174117,"OM429_003336:174117 indel CAT->*,C (del -2bp, frameshift)",chroma,1,75,75,75,0,,,,False,allele classes too small (75/0)
OM429_003336,174117,"OM429_003336:174117 indel CAT->*,C (del -2bp, frameshift)",chroma,2,12,12,12,0,,,,False,allele classes too small (12/0)
OM429_003336,174117,"OM429_003336:174117 indel CAT->*,C (del -2bp, frameshift)",chroma,3,11,11,11,0,,,,False,allele classes too small (11/0)
OM429_003336,174117,"OM429_003336:174117 indel CAT->*,C (del -2bp, frameshift)",chroma,4,37,37,37,0,,,,False,allele classes too small (37/0)
OM429_003336,174117,"OM429_003336:174117 indel CAT->*,C (del -2bp, frameshift)",chroma,5,16,16,4,12,-0.6677414459013923,1.2858705000434982,0.6116692736006887,True,
OM429_003336,174117,"OM429_003336:174117 indel CAT->*,C (del -2bp, frameshift)",chroma,6,20,20,18,2,,,,False,allele classes too small (18/2)
OM429_003336,174117,"OM429_003336:174117 indel CAT->*,C (del -2bp, frameshift)",sat,1,75,75,75,0,,,,False,allele classes too small (75/0)
OM429_003336,174117,"OM429_003336:174117 indel CAT->*,C (del -2bp, frameshift)",sat,2,12,12,12,0,,,,False,allele classes too small (12/0)
OM429_003336,174117,"OM429_003336:174117 indel CAT->*,C (del -2bp, frameshift)",sat,3,11,11,11,0,,,,False,allele classes too small (11/0)
OM429_003336,174117,"OM429_003336:174117 indel CAT->*,C (del -2bp, frameshift)",sat,4,37,37,37,0,,,,False,allele classes too small (37/0)
OM429_003336,174117,"OM429_003336:174117 indel CAT->*,C (del -2bp, frameshift)",sat,5,16,16,4,12,-0.02770614435179533,0.03146753179376111,0.39346989123715465,True,
OM429_003336,174117,"OM429_003336:174117 indel CAT->*,C (del -2bp, frameshift)",sat,6,20,20,18,2,,,,False,allele classes too small (18/2)
OM429_003336,174117,"OM429_003336:174117 indel CAT->*,C (del -2bp, frameshift)",bright,1,75,75,75,0,,,,False,allele classes too small (75/0)
OM429_003336,174117,"OM429_003336:174117 indel CAT->*,C (del -2bp, frameshift)",bright,2,12,12,12,0,,,,False,allele classes too small (12/0)
OM429_003336,174117,"OM429_003336:174117 indel CAT->*,C (del -2bp, frameshift)",bright,3,11,11,11,0,,,,False,allele classes too small (11/0)
OM429_003336,174117,"OM429_003336:174117 indel CAT->*,C (del -2bp, frameshift)",bright,4,37,37,37,0,,,,False,allele classes too small (37/0)
OM429_003336,174117,"OM429_003336:174117 indel CAT->*,C (del -2bp, frameshift)",bright,5,16,16,4,12,-0.010832395539279255,0.019254689984589197,0.582614814664377,True,
OM429_003336,174117,"OM429_003336:174117 indel CAT->*,C (del -2bp, frameshift)",bright,6,20,20,18,2,,,,False,allele classes too small (18/2)
OM429_003336,174117,"OM429_003336:174117 indel CAT->*,C (del -2bp, frameshift)",lab_L,1,75,75,75,0,,,,False,allele classes too small (75/0)
OM429_003336,174117,"OM429_003336:174117 indel CAT->*,C (del -2bp, frameshift)",lab_L,2,12,12,12,0,,,,False,allele classes too small (12/0)
OM429_003336,174117,"OM429_003336:174117 indel CAT->*,C (del -2bp, frameshift)",lab_L,3,11,11,11,0,,,,False,allele classes too small (11/0)
OM429_003336,174117,"OM429_003336:174117 indel CAT->*,C (del -2bp, frameshift)",lab_L,4,37,37,37,0,,,,False,allele classes too small (37/0)
OM429_003336,174117,"OM429_003336:174117 indel CAT->*,C (del -2bp, frameshift)",lab_L,5,16,16,4,12,-0.2444647438570513,0.5867099163528342,0.6832373558124945,True,
OM429_003336,174117,"OM429_003336:174117 indel CAT->*,C (del -2bp, frameshift)",lab_L,6,20,20,18,2,,,,False,allele classes too small (18/2)
OM429_003336,174117,"OM429_003336:174117 indel CAT->*,C (del -2bp, frameshift)",lab_a,1,75,75,75,0,,,,False,allele classes too small (75/0)
OM429_003336,174117,"OM429_003336:174117 indel CAT->*,C (del -2bp, frameshift)",lab_a,2,12,12,12,0,,,,False,allele classes too small (12/0)
OM429_003336,174117,"OM429_003336:174117 indel CAT->*,C (del -2bp, frameshift)",lab_a,3,11,11,11,0,,,,False,allele classes too small (11/0)
OM429_003336,174117,"OM429_003336:174117 indel CAT->*,C (del -2bp, frameshift)",lab_a,4,37,37,37,0,,,,False,allele classes too small (37/0)
OM429_003336,174117,"OM429_003336:174117 indel CAT->*,C (del -2bp, frameshift)",lab_a,5,16,16,4,12,0.0427306432812958,1.126969778039218,0.9702896998036444,True,
OM429_003336,174117,"OM429_003336:174117 indel CAT->*,C (del -2bp, frameshift)",lab_a,6,20,20,18,2,,,,False,allele classes too small (18/2)
OM429_003336,174117,"OM429_003336:174117 indel CAT->*,C (del -2bp, frameshift)",lab_b,1,75,75,75,0,,,,False,allele classes too small (75/0)
OM429_003336,174117,"OM429_003336:174117 indel CAT->*,C (del -2bp, frameshift)",lab_b,2,12,12,12,0,,,,False,allele classes too small (12/0)
OM429_003336,174117,"OM429_003336:174117 indel CAT->*,C (del -2bp, frameshift)",lab_b,3,11,11,11,0,,,,False,allele classes too small (11/0)
OM429_003336,174117,"OM429_003336:174117 indel CAT->*,C (del -2bp, frameshift)",lab_b,4,37,37,37,0,,,,False,allele classes too small (37/0)
OM429_003336,174117,"OM429_003336:174117 indel CAT->*,C (del -2bp, frameshift)",lab_b,5,16,16,4,12,-1.680687468564826,0.9522874168357218,0.09937547369577336,True,
OM429_003336,174117,"OM429_003336:174117 indel CAT->*,C (del -2bp, frameshift)",lab_b,6,20,20,18,2,,,,False,allele classes too small (18/2)
OM429_003336,174120,"OM429_003336:174120 indel C->CGT (ins +2bp, frameshift)",chroma,1,75,75,75,0,,,,False,allele classes too small (75/0)
OM429_003336,174120,"OM429_003336:174120 indel C->CGT (ins +2bp, frameshift)",chroma,2,12,12,12,0,,,,False,allele classes too small (12/0)
OM429_003336,174120,"OM429_003336:174120 indel C->CGT (ins +2bp, frameshift)",chroma,3,11,11,11,0,,,,False,allele classes too small (11/0)
OM429_003336,174120,"OM429_003336:174120 indel C->CGT (ins +2bp, frameshift)",chroma,4,37,37,37,0,,,,False,allele classes too small (37/0)
OM429_003336,174120,"OM429_003336:174120 indel C->CGT (ins +2bp, frameshift)",chroma,5,16,16,11,5,0.3319943650016887,1.2095223690005328,0.7877215663800646,True,
OM429_003336,174120,"OM429_003336:174120 indel C->CGT (ins +2bp, frameshift)",chroma,6,20,20,20,0,,,,False,allele classes too small (20/0)
OM429_003336,174120,"OM429_003336:174120 indel C->CGT (ins +2bp, frameshift)",sat,1,75,75,75,0,,,,False,allele classes too small (75/0)
OM429_003336,174120,"OM429_003336:174120 indel C->CGT (ins +2bp, frameshift)",sat,2,12,12,12,0,,,,False,allele classes too small (12/0)
OM429_003336,174120,"OM429_003336:174120 indel C->CGT (ins +2bp, frameshift)",sat,3,11,11,11,0,,,,False,allele classes too small (11/0)
OM429_003336,174120,"OM429_003336:174120 indel C->CGT (ins +2bp, frameshift)",sat,4,37,37,37,0,,,,False,allele classes too small (37/0)
OM429_003336,174120,"OM429_003336:174120 indel C->CGT (ins +2bp, frameshift)",sat,5,16,16,11,5,0.0014397877290930278,0.030197410676953113,0.9626454200734947,True,
OM429_003336,174120,"OM429_003336:174120 indel C->CGT (ins +2bp, frameshift)",sat,6,20,20,20,0,,,,False,allele classes too small (20/0)
OM429_003336,174120,"OM429_003336:174120 indel C->CGT (ins +2bp, frameshift)",bright,1,75,75,75,0,,,,False,allele classes too small (75/0)
OM429_003336,174120,"OM429_003336:174120 indel C->CGT (ins +2bp, frameshift)",bright,2,12,12,12,0,,,,False,allele classes too small (12/0)
OM429_003336,174120,"OM429_003336:174120 indel C->CGT (ins +2bp, frameshift)",bright,3,11,11,11,0,,,,False,allele classes too small (11/0)
OM429_003336,174120,"OM429_003336:174120 indel C->CGT (ins +2bp, frameshift)",bright,4,37,37,37,0,,,,False,allele classes too small (37/0)
OM429_003336,174120,"OM429_003336:174120 indel C->CGT (ins +2bp, frameshift)",bright,5,16,16,11,5,0.003429343792699286,0.01816679181719759,0.8529822586575307,True,
OM429_003336,174120,"OM429_003336:174120 indel C->CGT (ins +2bp, frameshift)",bright,6,20,20,20,0,,,,False,allele classes too small (20/0)
OM429_003336,174120,"OM429_003336:174120 indel C->CGT (ins +2bp, frameshift)",lab_L,1,75,75,75,0,,,,False,allele classes too small (75/0)
OM429_003336,174120,"OM429_003336:174120 indel C->CGT (ins +2bp, frameshift)",lab_L,2,12,12,12,0,,,,False,allele classes too small (12/0)
OM429_003336,174120,"OM429_003336:174120 indel C->CGT (ins +2bp, frameshift)",lab_L,3,11,11,11,0,,,,False,allele classes too small (11/0)
OM429_003336,174120,"OM429_003336:174120 indel C->CGT (ins +2bp, frameshift)",lab_L,4,37,37,37,0,,,,False,allele classes too small (37/0)
OM429_003336,174120,"OM429_003336:174120 indel C->CGT (ins +2bp, frameshift)",lab_L,5,16,16,11,5,-0.10298958136061277,0.5508043905276662,0.8543586590665478,True,
OM429_003336,174120,"OM429_003336:174120 indel C->CGT (ins +2bp, frameshift)",lab_L,6,20,20,20,0,,,,False,allele classes too small (20/0)
OM429_003336,174120,"OM429_003336:174120 indel C->CGT (ins +2bp, frameshift)",lab_a,1,75,75,75,0,,,,False,allele classes too small (75/0)
OM429_003336,174120,"OM429_003336:174120 indel C->CGT (ins +2bp, frameshift)",lab_a,2,12,12,12,0,,,,False,allele classes too small (12/0)
OM429_003336,174120,"OM429_003336:174120 indel C->CGT (ins +2bp, frameshift)",lab_a,3,11,11,11,0,,,,False,allele classes too small (11/0)
OM429_003336,174120,"OM429_003336:174120 indel C->CGT (ins +2bp, frameshift)",lab_a,4,37,37,37,0,,,,False,allele classes too small (37/0)
OM429_003336,174120,"OM429_003336:174120 indel C->CGT (ins +2bp, frameshift)",lab_a,5,16,16,11,5,0.7003463048347399,1.0360964975882043,0.5100869004775781,True,
OM429_003336,174120,"OM429_003336:174120 indel C->CGT (ins +2bp, frameshift)",lab_a,6,20,20,20,0,,,,False,allele classes too small (20/0)
OM429_003336,174120,"OM429_003336:174120 indel C->CGT (ins +2bp, frameshift)",lab_b,1,75,75,75,0,,,,False,allele classes too small (75/0)
OM429_003336,174120,"OM429_003336:174120 indel C->CGT (ins +2bp, frameshift)",lab_b,2,12,12,12,0,,,,False,allele classes too small (12/0)
OM429_003336,174120,"OM429_003336:174120 indel C->CGT (ins +2bp, frameshift)",lab_b,3,11,11,11,0,,,,False,allele classes too small (11/0)
OM429_003336,174120,"OM429_003336:174120 indel C->CGT (ins +2bp, frameshift)",lab_b,4,37,37,37,0,,,,False,allele classes too small (37/0)
OM429_003336,174120,"OM429_003336:174120 indel C->CGT (ins +2bp, frameshift)",lab_b,5,16,16,11,5,-0.6173698171967208,0.9696881179591094,0.5346129900134591,True,
OM429_003336,174120,"OM429_003336:174120 indel C->CGT (ins +2bp, frameshift)",lab_b,6,20,20,20,0,,,,False,allele classes too small (20/0)
OM429_003336,174162,"OM429_003336:174162 indel T->TGG (ins +2bp, frameshift)",chroma,1,75,75,75,0,,,,False,allele classes too small (75/0)
OM429_003336,174162,"OM429_003336:174162 indel T->TGG (ins +2bp, frameshift)",chroma,2,12,12,12,0,,,,False,allele classes too small (12/0)
OM429_003336,174162,"OM429_003336:174162 indel T->TGG (ins +2bp, frameshift)",chroma,3,11,11,11,0,,,,False,allele classes too small (11/0)
OM429_003336,174162,"OM429_003336:174162 indel T->TGG (ins +2bp, frameshift)",chroma,4,37,37,37,0,,,,False,allele classes too small (37/0)
OM429_003336,174162,"OM429_003336:174162 indel T->TGG (ins +2bp, frameshift)",chroma,5,16,16,11,5,0.3319943650016887,1.2095223690005328,0.7877215663800646,True,
OM429_003336,174162,"OM429_003336:174162 indel T->TGG (ins +2bp, frameshift)",chroma,6,20,20,20,0,,,,False,allele classes too small (20/0)
OM429_003336,174162,"OM429_003336:174162 indel T->TGG (ins +2bp, frameshift)",sat,1,75,75,75,0,,,,False,allele classes too small (75/0)
OM429_003336,174162,"OM429_003336:174162 indel T->TGG (ins +2bp, frameshift)",sat,2,12,12,12,0,,,,False,allele classes too small (12/0)
OM429_003336,174162,"OM429_003336:174162 indel T->TGG (ins +2bp, frameshift)",sat,3,11,11,11,0,,,,False,allele classes too small (11/0)
OM429_003336,174162,"OM429_003336:174162 indel T->TGG (ins +2bp, frameshift)",sat,4,37,37,37,0,,,,False,allele classes too small (37/0)
OM429_003336,174162,"OM429_003336:174162 indel T->TGG (ins +2bp, frameshift)",sat,5,16,16,11,5,0.0014397877290930278,0.030197410676953113,0.9626454200734947,True,
OM429_003336,174162,"OM429_003336:174162 indel T->TGG (ins +2bp, frameshift)",sat,6,20,20,20,0,,,,False,allele classes too small (20/0)
OM429_003336,174162,"OM429_003336:174162 indel T->TGG (ins +2bp, frameshift)",bright,1,75,75,75,0,,,,False,allele classes too small (75/0)
OM429_003336,174162,"OM429_003336:174162 indel T->TGG (ins +2bp, frameshift)",bright,2,12,12,12,0,,,,False,allele classes too small (12/0)
OM429_003336,174162,"OM429_003336:174162 indel T->TGG (ins +2bp, frameshift)",bright,3,11,11,11,0,,,,False,allele classes too small (11/0)
OM429_003336,174162,"OM429_003336:174162 indel T->TGG (ins +2bp, frameshift)",bright,4,37,37,37,0,,,,False,allele classes too small (37/0)
OM429_003336,174162,"OM429_003336:174162 indel T->TGG (ins +2bp, frameshift)",bright,5,16,16,11,5,0.003429343792699286,0.01816679181719759,0.8529822586575307,True,
OM429_003336,174162,"OM429_003336:174162 indel T->TGG (ins +2bp, frameshift)",bright,6,20,20,20,0,,,,False,allele classes too small (20/0)
OM429_003336,174162,"OM429_003336:174162 indel T->TGG (ins +2bp, frameshift)",lab_L,1,75,75,75,0,,,,False,allele classes too small (75/0)
OM429_003336,174162,"OM429_003336:174162 indel T->TGG (ins +2bp, frameshift)",lab_L,2,12,12,12,0,,,,False,allele classes too small (12/0)
OM429_003336,174162,"OM429_003336:174162 indel T->TGG (ins +2bp, frameshift)",lab_L,3,11,11,11,0,,,,False,allele classes too small (11/0)
OM429_003336,174162,"OM429_003336:174162 indel T->TGG (ins +2bp, frameshift)",lab_L,4,37,37,37,0,,,,False,allele classes too small (37/0)
OM429_003336,174162,"OM429_003336:174162 indel T->TGG (ins +2bp, frameshift)",lab_L,5,16,16,11,5,-0.10298958136061277,0.5508043905276662,0.8543586590665478,True,
OM429_003336,174162,"OM429_003336:174162 indel T->TGG (ins +2bp, frameshift)",lab_L,6,20,20,20,0,,,,False,allele classes too small (20/0)
OM429_003336,174162,"OM429_003336:174162 indel T->TGG (ins +2bp, frameshift)",lab_a,1,75,75,75,0,,,,False,allele classes too small (75/0)
OM429_003336,174162,"OM429_003336:174162 indel T->TGG (ins +2bp, frameshift)",lab_a,2,12,12,12,0,,,,False,allele classes too small (12/0)
OM429_003336,174162,"OM429_003336:174162 indel T->TGG (ins +2bp, frameshift)",lab_a,3,11,11,11,0,,,,False,allele classes too small (11/0)
OM429_003336,174162,"OM429_003336:174162 indel T->TGG (ins +2bp, frameshift)",lab_a,4,37,37,37,0,,,,False,allele classes too small (37/0)
OM429_003336,174162,"OM429_003336:174162 indel T->TGG (ins +2bp, frameshift)",lab_a,5,16,16,11,5,0.7003463048347399,1.0360964975882043,0.5100869004775781,True,
OM429_003336,174162,"OM429_003336:174162 indel T->TGG (ins +2bp, frameshift)",lab_a,6,20,20,20,0,,,,False,allele classes too small (20/0)
OM429_003336,174162,"OM429_003336:174162 indel T->TGG (ins +2bp, frameshift)",lab_b,1,75,75,75,0,,,,False,allele classes too small (75/0)
OM429_003336,174162,"OM429_003336:174162 indel T->TGG (ins +2bp, frameshift)",lab_b,2,12,12,12,0,,,,False,allele classes too small (12/0)
OM429_003336,174162,"OM429_003336:174162 indel T->TGG (ins +2bp, frameshift)",lab_b,3,11,11,11,0,,,,False,allele classes too small (11/0)
OM429_003336,174162,"OM429_003336:174162 indel T->TGG (ins +2bp, frameshift)",lab_b,4,37,37,37,0,,,,False,allele classes too small (37/0)
OM429_003336,174162,"OM429_003336:174162 indel T->TGG (ins +2bp, frameshift)",lab_b,5,16,16,11,5,-0.6173698171967208,0.9696881179591094,0.5346129900134591,True,
OM429_003336,174162,"OM429_003336:174162 indel T->TGG (ins +2bp, frameshift)",lab_b,6,20,20,20,0,,,,False,allele classes too small (20/0)
OM429_003336,174163,"OM429_003336:174163 indel C->CTCG (ins +3bp, in-frame)",chroma,1,75,75,75,0,,,,False,allele classes too small (75/0)
OM429_003336,174163,"OM429_003336:174163 indel C->CTCG (ins +3bp, in-frame)",chroma,2,12,12,12,0,,,,False,allele classes too small (12/0)
OM429_003336,174163,"OM429_003336:174163 indel C->CTCG (ins +3bp, in-frame)",chroma,3,11,11,10,1,,,,False,allele classes too small (10/1)
OM429_003336,174163,"OM429_003336:174163 indel C->CTCG (ins +3bp, in-frame)",chroma,4,37,37,37,0,,,,False,allele classes too small (37/0)
OM429_003336,174163,"OM429_003336:174163 indel C->CTCG (ins +3bp, in-frame)",chroma,5,16,16,15,1,,,,False,allele classes too small (15/1)
OM429_003336,174163,"OM429_003336:174163 indel C->CTCG (ins +3bp, in-frame)",chroma,6,20,20,20,0,,,,False,allele classes too small (20/0)
OM429_003336,174163,"OM429_003336:174163 indel C->CTCG (ins +3bp, in-frame)",sat,1,75,75,75,0,,,,False,allele classes too small (75/0)
OM429_003336,174163,"OM429_003336:174163 indel C->CTCG (ins +3bp, in-frame)",sat,2,12,12,12,0,,,,False,allele classes too small (12/0)
OM429_003336,174163,"OM429_003336:174163 indel C->CTCG (ins +3bp, in-frame)",sat,3,11,11,10,1,,,,False,allele classes too small (10/1)
OM429_003336,174163,"OM429_003336:174163 indel C->CTCG (ins +3bp, in-frame)",sat,4,37,37,37,0,,,,False,allele classes too small (37/0)
OM429_003336,174163,"OM429_003336:174163 indel C->CTCG (ins +3bp, in-frame)",sat,5,16,16,15,1,,,,False,allele classes too small (15/1)
OM429_003336,174163,"OM429_003336:174163 indel C->CTCG (ins +3bp, in-frame)",sat,6,20,20,20,0,,,,False,allele classes too small (20/0)
OM429_003336,174163,"OM429_003336:174163 indel C->CTCG (ins +3bp, in-frame)",bright,1,75,75,75,0,,,,False,allele classes too small (75/0)
OM429_003336,174163,"OM429_003336:174163 indel C->CTCG (ins +3bp, in-frame)",bright,2,12,12,12,0,,,,False,allele classes too small (12/0)
OM429_003336,174163,"OM429_003336:174163 indel C->CTCG (ins +3bp, in-frame)",bright,3,11,11,10,1,,,,False,allele classes too small (10/1)
OM429_003336,174163,"OM429_003336:174163 indel C->CTCG (ins +3bp, in-frame)",bright,4,37,37,37,0,,,,False,allele classes too small (37/0)
OM429_003336,174163,"OM429_003336:174163 indel C->CTCG (ins +3bp, in-frame)",bright,5,16,16,15,1,,,,False,allele classes too small (15/1)
OM429_003336,174163,"OM429_003336:174163 indel C->CTCG (ins +3bp, in-frame)",bright,6,20,20,20,0,,,,False,allele classes too small (20/0)
OM429_003336,174163,"OM429_003336:174163 indel C->CTCG (ins +3bp, in-frame)",lab_L,1,75,75,75,0,,,,False,allele classes too small (75/0)
OM429_003336,174163,"OM429_003336:174163 indel C->CTCG (ins +3bp, in-frame)",lab_L,2,12,12,12,0,,,,False,allele classes too small (12/0)
OM429_003336,174163,"OM429_003336:174163 indel C->CTCG (ins +3bp, in-frame)",lab_L,3,11,11,10,1,,,,False,allele classes too small (10/1)
OM429_003336,174163,"OM429_003336:174163 indel C->CTCG (ins +3bp, in-frame)",lab_L,4,37,37,37,0,,,,False,allele classes too small (37/0)
OM429_003336,174163,"OM429_003336:174163 indel C->CTCG (ins +3bp, in-frame)",lab_L,5,16,16,15,1,,,,False,allele classes too small (15/1)
OM429_003336,174163,"OM429_003336:174163 indel C->CTCG (ins +3bp, in-frame)",lab_L,6,20,20,20,0,,,,False,allele classes too small (20/0)
OM429_003336,174163,"OM429_003336:174163 indel C->CTCG (ins +3bp, in-frame)",lab_a,1,75,75,75,0,,,,False,allele classes too small (75/0)
OM429_003336,174163,"OM429_003336:174163 indel C->CTCG (ins +3bp, in-frame)",lab_a,2,12,12,12,0,,,,False,allele classes too small (12/0)
OM429_003336,174163,"OM429_003336:174163 indel C->CTCG (ins +3bp, in-frame)",lab_a,3,11,11,10,1,,,,False,allele classes too small (10/1)
OM429_003336,174163,"OM429_003336:174163 indel C->CTCG (ins +3bp, in-frame)",lab_a,4,37,37,37,0,,,,False,allele classes too small (37/0)
OM429_003336,174163,"OM429_003336:174163 indel C->CTCG (ins +3bp, in-frame)",lab_a,5,16,16,15,1,,,,False,allele classes too small (15/1)
OM429_003336,174163,"OM429_003336:174163 indel C->CTCG (ins +3bp, in-frame)",lab_a,6,20,20,20,0,,,,False,allele classes too small (20/0)
OM429_003336,174163,"OM429_003336:174163 indel C->CTCG (ins +3bp, in-frame)",lab_b,1,75,75,75,0,,,,False,allele classes too small (75/0)
OM429_003336,174163,"OM429_003336:174163 indel C->CTCG (ins +3bp, in-frame)",lab_b,2,12,12,12,0,,,,False,allele classes too small (12/0)
OM429_003336,174163,"OM429_003336:174163 indel C->CTCG (ins +3bp, in-frame)",lab_b,3,11,11,10,1,,,,False,allele classes too small (10/1)
OM429_003336,174163,"OM429_003336:174163 indel C->CTCG (ins +3bp, in-frame)",lab_b,4,37,37,37,0,,,,False,allele classes too small (37/0)
OM429_003336,174163,"OM429_003336:174163 indel C->CTCG (ins +3bp, in-frame)",lab_b,5,16,16,15,1,,,,False,allele classes too small (15/1)
OM429_003336,174163,"OM429_003336:174163 indel C->CTCG (ins +3bp, in-frame)",lab_b,6,20,20,20,0,,,,False,allele classes too small (20/0)
OM429_003336,174166,"OM429_003336:174166 indel ACCG->AG,A,CCCG (insdel/snv -3+-2++0bp, frameshift)",chroma,1,75,75,75,0,,,,False,allele classes too small (75/0)
OM429_003336,174166,"OM429_003336:174166 indel ACCG->AG,A,CCCG (insdel/snv -3+-2++0bp, frameshift)",chroma,2,12,12,12,0,,,,False,allele classes too small (12/0)
OM429_003336,174166,"OM429_003336:174166 indel ACCG->AG,A,CCCG (insdel/snv -3+-2++0bp, frameshift)",chroma,3,11,11,10,1,,,,False,allele classes too small (10/1)
OM429_003336,174166,"OM429_003336:174166 indel ACCG->AG,A,CCCG (insdel/snv -3+-2++0bp, frameshift)",chroma,4,37,37,37,0,,,,False,allele classes too small (37/0)
OM429_003336,174166,"OM429_003336:174166 indel ACCG->AG,A,CCCG (insdel/snv -3+-2++0bp, frameshift)",chroma,5,16,16,10,6,-0.5440112542870591,1.1520025925798054,0.6440384163042376,True,
OM429_003336,174166,"OM429_003336:174166 indel ACCG->AG,A,CCCG (insdel/snv -3+-2++0bp, frameshift)",chroma,6,20,20,20,0,,,,False,allele classes too small (20/0)
OM429_003336,174166,"OM429_003336:174166 indel ACCG->AG,A,CCCG (insdel/snv -3+-2++0bp, frameshift)",sat,1,75,75,75,0,,,,False,allele classes too small (75/0)
OM429_003336,174166,"OM429_003336:174166 indel ACCG->AG,A,CCCG (insdel/snv -3+-2++0bp, frameshift)",sat,2,12,12,12,0,,,,False,allele classes too small (12/0)
OM429_003336,174166,"OM429_003336:174166 indel ACCG->AG,A,CCCG (insdel/snv -3+-2++0bp, frameshift)",sat,3,11,11,10,1,,,,False,allele classes too small (10/1)
OM429_003336,174166,"OM429_003336:174166 indel ACCG->AG,A,CCCG (insdel/snv -3+-2++0bp, frameshift)",sat,4,37,37,37,0,,,,False,allele classes too small (37/0)
OM429_003336,174166,"OM429_003336:174166 indel ACCG->AG,A,CCCG (insdel/snv -3+-2++0bp, frameshift)",sat,5,16,16,10,6,-0.018997235721166284,0.028464905238571234,0.5153729362964107,True,
OM429_003336,174166,"OM429_003336:174166 indel ACCG->AG,A,CCCG (insdel/snv -3+-2++0bp, frameshift)",sat,6,20,20,20,0,,,,False,allele classes too small (20/0)
OM429_003336,174166,"OM429_003336:174166 indel ACCG->AG,A,CCCG (insdel/snv -3+-2++0bp, frameshift)",bright,1,75,75,75,0,,,,False,allele classes too small (75/0)
OM429_003336,174166,"OM429_003336:174166 indel ACCG->AG,A,CCCG (insdel/snv -3+-2++0bp, frameshift)",bright,2,12,12,12,0,,,,False,allele classes too small (12/0)
OM429_003336,174166,"OM429_003336:174166 indel ACCG->AG,A,CCCG (insdel/snv -3+-2++0bp, frameshift)",bright,3,11,11,10,1,,,,False,allele classes too small (10/1)
OM429_003336,174166,"OM429_003336:174166 indel ACCG->AG,A,CCCG (insdel/snv -3+-2++0bp, frameshift)",bright,4,37,37,37,0,,,,False,allele classes too small (37/0)
OM429_003336,174166,"OM429_003336:174166 indel ACCG->AG,A,CCCG (insdel/snv -3+-2++0bp, frameshift)",bright,5,16,16,10,6,-0.002385652704661619,0.01740382524327384,0.8929222600261186,True,
OM429_003336,174166,"OM429_003336:174166 indel ACCG->AG,A,CCCG (insdel/snv -3+-2++0bp, frameshift)",bright,6,20,20,20,0,,,,False,allele classes too small (20/0)
OM429_003336,174166,"OM429_003336:174166 indel ACCG->AG,A,CCCG (insdel/snv -3+-2++0bp, frameshift)",lab_L,1,75,75,75,0,,,,False,allele classes too small (75/0)
OM429_003336,174166,"OM429_003336:174166 indel ACCG->AG,A,CCCG (insdel/snv -3+-2++0bp, frameshift)",lab_L,2,12,12,12,0,,,,False,allele classes too small (12/0)
OM429_003336,174166,"OM429_003336:174166 indel ACCG->AG,A,CCCG (insdel/snv -3+-2++0bp, frameshift)",lab_L,3,11,11,10,1,,,,False,allele classes too small (10/1)
OM429_003336,174166,"OM429_003336:174166 indel ACCG->AG,A,CCCG (insdel/snv -3+-2++0bp, frameshift)",lab_L,4,37,37,37,0,,,,False,allele classes too small (37/0)
OM429_003336,174166,"OM429_003336:174166 indel ACCG->AG,A,CCCG (insdel/snv -3+-2++0bp, frameshift)",lab_L,5,16,16,10,6,0.26650120916645503,0.5231871424880727,0.6184198094255765,True,
OM429_003336,174166,"OM429_003336:174166 indel ACCG->AG,A,CCCG (insdel/snv -3+-2++0bp, frameshift)",lab_L,6,20,20,20,0,,,,False,allele classes too small (20/0)
OM429_003336,174166,"OM429_003336:174166 indel ACCG->AG,A,CCCG (insdel/snv -3+-2++0bp, frameshift)",lab_a,1,75,75,75,0,,,,False,allele classes too small (75/0)
OM429_003336,174166,"OM429_003336:174166 indel ACCG->AG,A,CCCG (insdel/snv -3+-2++0bp, frameshift)",lab_a,2,12,12,12,0,,,,False,allele classes too small (12/0)
OM429_003336,174166,"OM429_003336:174166 indel ACCG->AG,A,CCCG (insdel/snv -3+-2++0bp, frameshift)",lab_a,3,11,11,10,1,,,,False,allele classes too small (10/1)
OM429_003336,174166,"OM429_003336:174166 indel ACCG->AG,A,CCCG (insdel/snv -3+-2++0bp, frameshift)",lab_a,4,37,37,37,0,,,,False,allele classes too small (37/0)
OM429_003336,174166,"OM429_003336:174166 indel ACCG->AG,A,CCCG (insdel/snv -3+-2++0bp, frameshift)",lab_a,5,16,16,10,6,-0.11201858850007766,1.0075994961507275,0.9130567055701702,True,
OM429_003336,174166,"OM429_003336:174166 indel ACCG->AG,A,CCCG (insdel/snv -3+-2++0bp, frameshift)",lab_a,6,20,20,20,0,,,,False,allele classes too small (20/0)
OM429_003336,174166,"OM429_003336:174166 indel ACCG->AG,A,CCCG (insdel/snv -3+-2++0bp, frameshift)",lab_b,1,75,75,75,0,,,,False,allele classes too small (75/0)
OM429_003336,174166,"OM429_003336:174166 indel ACCG->AG,A,CCCG (insdel/snv -3+-2++0bp, frameshift)",lab_b,2,12,12,12,0,,,,False,allele classes too small (12/0)
OM429_003336,174166,"OM429_003336:174166 indel ACCG->AG,A,CCCG (insdel/snv -3+-2++0bp, frameshift)",lab_b,3,11,11,10,1,,,,False,allele classes too small (10/1)
OM429_003336,174166,"OM429_003336:174166 indel ACCG->AG,A,CCCG (insdel/snv -3+-2++0bp, frameshift)",lab_b,4,37,37,37,0,,,,False,allele classes too small (37/0)
OM429_003336,174166,"OM429_003336:174166 indel ACCG->AG,A,CCCG (insdel/snv -3+-2++0bp, frameshift)",lab_b,5,16,16,10,6,-0.8784559311030532,0.912015754189408,0.35178901129754697,True,
OM429_003336,174166,"OM429_003336:174166 indel ACCG->AG,A,CCCG (insdel/snv -3+-2++0bp, frameshift)",lab_b,6,20,20,20,0,,,,False,allele classes too small (20/0)
OM429_003336,174175,"OM429_003336:174175 indel TCCG->T,TCCGCCG (insdel/snv -3++3bp, in-frame)",chroma,1,75,75,75,0,,,,False,allele classes too small (75/0)
OM429_003336,174175,"OM429_003336:174175 indel TCCG->T,TCCGCCG (insdel/snv -3++3bp, in-frame)",chroma,2,12,12,12,0,,,,False,allele classes too small (12/0)
OM429_003336,174175,"OM429_003336:174175 indel TCCG->T,TCCGCCG (insdel/snv -3++3bp, in-frame)",chroma,3,11,11,11,0,,,,False,allele classes too small (11/0)
OM429_003336,174175,"OM429_003336:174175 indel TCCG->T,TCCGCCG (insdel/snv -3++3bp, in-frame)",chroma,4,37,37,37,0,,,,False,allele classes too small (37/0)
OM429_003336,174175,"OM429_003336:174175 indel TCCG->T,TCCGCCG (insdel/snv -3++3bp, in-frame)",chroma,5,16,16,6,10,0.5082455863958376,1.1531687491135159,0.666131842767763,True,
OM429_003336,174175,"OM429_003336:174175 indel TCCG->T,TCCGCCG (insdel/snv -3++3bp, in-frame)",chroma,6,20,20,16,4,-0.2811017953415488,0.5893619814848474,0.6391303466545002,True,
OM429_003336,174175,"OM429_003336:174175 indel TCCG->T,TCCGCCG (insdel/snv -3++3bp, in-frame)",sat,1,75,75,75,0,,,,False,allele classes too small (75/0)
OM429_003336,174175,"OM429_003336:174175 indel TCCG->T,TCCGCCG (insdel/snv -3++3bp, in-frame)",sat,2,12,12,12,0,,,,False,allele classes too small (12/0)
OM429_003336,174175,"OM429_003336:174175 indel TCCG->T,TCCGCCG (insdel/snv -3++3bp, in-frame)",sat,3,11,11,11,0,,,,False,allele classes too small (11/0)
OM429_003336,174175,"OM429_003336:174175 indel TCCG->T,TCCGCCG (insdel/snv -3++3bp, in-frame)",sat,4,37,37,37,0,,,,False,allele classes too small (37/0)
OM429_003336,174175,"OM429_003336:174175 indel TCCG->T,TCCGCCG (insdel/snv -3++3bp, in-frame)",sat,5,16,16,6,10,0.005428285473962817,0.028877747618477157,0.8535938213439002,True,
OM429_003336,174175,"OM429_003336:174175 indel TCCG->T,TCCGCCG (insdel/snv -3++3bp, in-frame)",sat,6,20,20,16,4,-0.011707769112037875,0.01343698270972383,0.3950582239160301,True,
OM429_003336,174175,"OM429_003336:174175 indel TCCG->T,TCCGCCG (insdel/snv -3++3bp, in-frame)",bright,1,75,75,75,0,,,,False,allele classes too small (75/0)
OM429_003336,174175,"OM429_003336:174175 indel TCCG->T,TCCGCCG (insdel/snv -3++3bp, in-frame)",bright,2,12,12,12,0,,,,False,allele classes too small (12/0)
OM429_003336,174175,"OM429_003336:174175 indel TCCG->T,TCCGCCG (insdel/snv -3++3bp, in-frame)",bright,3,11,11,11,0,,,,False,allele classes too small (11/0)
OM429_003336,174175,"OM429_003336:174175 indel TCCG->T,TCCGCCG (insdel/snv -3++3bp, in-frame)",bright,4,37,37,37,0,,,,False,allele classes too small (37/0)
OM429_003336,174175,"OM429_003336:174175 indel TCCG->T,TCCGCCG (insdel/snv -3++3bp, in-frame)",bright,5,16,16,6,10,-0.007841961038630734,0.01728892884658866,0.6570804234486545,True,
OM429_003336,174175,"OM429_003336:174175 indel TCCG->T,TCCGCCG (insdel/snv -3++3bp, in-frame)",bright,6,20,20,16,4,0.003617083587650338,0.009112678735125916,0.6960868881979698,True,
OM429_003336,174175,"OM429_003336:174175 indel TCCG->T,TCCGCCG (insdel/snv -3++3bp, in-frame)",lab_L,1,75,75,75,0,,,,False,allele classes too small (75/0)
OM429_003336,174175,"OM429_003336:174175 indel TCCG->T,TCCGCCG (insdel/snv -3++3bp, in-frame)",lab_L,2,12,12,12,0,,,,False,allele classes too small (12/0)
OM429_003336,174175,"OM429_003336:174175 indel TCCG->T,TCCGCCG (insdel/snv -3++3bp, in-frame)",lab_L,3,11,11,11,0,,,,False,allele classes too small (11/0)
OM429_003336,174175,"OM429_003336:174175 indel TCCG->T,TCCGCCG (insdel/snv -3++3bp, in-frame)",lab_L,4,37,37,37,0,,,,False,allele classes too small (37/0)
OM429_003336,174175,"OM429_003336:174175 indel TCCG->T,TCCGCCG (insdel/snv -3++3bp, in-frame)",lab_L,5,16,16,6,10,-0.9794446845417213,0.45855814472554235,0.0508312902880994,True,
OM429_003336,174175,"OM429_003336:174175 indel TCCG->T,TCCGCCG (insdel/snv -3++3bp, in-frame)",lab_L,6,20,20,16,4,0.33336920722487123,0.44728609201281366,0.46570271829946014,True,
OM429_003336,174175,"OM429_003336:174175 indel TCCG->T,TCCGCCG (insdel/snv -3++3bp, in-frame)",lab_a,1,75,75,75,0,,,,False,allele classes too small (75/0)
OM429_003336,174175,"OM429_003336:174175 indel TCCG->T,TCCGCCG (insdel/snv -3++3bp, in-frame)",lab_a,2,12,12,12,0,,,,False,allele classes too small (12/0)
OM429_003336,174175,"OM429_003336:174175 indel TCCG->T,TCCGCCG (insdel/snv -3++3bp, in-frame)",lab_a,3,11,11,11,0,,,,False,allele classes too small (11/0)
OM429_003336,174175,"OM429_003336:174175 indel TCCG->T,TCCGCCG (insdel/snv -3++3bp, in-frame)",lab_a,4,37,37,37,0,,,,False,allele classes too small (37/0)
OM429_003336,174175,"OM429_003336:174175 indel TCCG->T,TCCGCCG (insdel/snv -3++3bp, in-frame)",lab_a,5,16,16,6,10,0.8254070930006002,0.9836101768484826,0.4154787356995489,True,
OM429_003336,174175,"OM429_003336:174175 indel TCCG->T,TCCGCCG (insdel/snv -3++3bp, in-frame)",lab_a,6,20,20,16,4,-0.10432743061339954,0.5981630594939928,0.8634875829410391,True,
OM429_003336,174175,"OM429_003336:174175 indel TCCG->T,TCCGCCG (insdel/snv -3++3bp, in-frame)",lab_b,1,75,75,75,0,,,,False,allele classes too small (75/0)
OM429_003336,174175,"OM429_003336:174175 indel TCCG->T,TCCGCCG (insdel/snv -3++3bp, in-frame)",lab_b,2,12,12,12,0,,,,False,allele classes too small (12/0)
OM429_003336,174175,"OM429_003336:174175 indel TCCG->T,TCCGCCG (insdel/snv -3++3bp, in-frame)",lab_b,3,11,11,11,0,,,,False,allele classes too small (11/0)
OM429_003336,174175,"OM429_003336:174175 indel TCCG->T,TCCGCCG (insdel/snv -3++3bp, in-frame)",lab_b,4,37,37,37,0,,,,False,allele classes too small (37/0)
OM429_003336,174175,"OM429_003336:174175 indel TCCG->T,TCCGCCG (insdel/snv -3++3bp, in-frame)",lab_b,5,16,16,6,10,-0.6055718933970275,0.9277386411235622,0.5244984658942778,True,
OM429_003336,174175,"OM429_003336:174175 indel TCCG->T,TCCGCCG (insdel/snv -3++3bp, in-frame)",lab_b,6,20,20,16,4,-0.5024856879663758,0.33762371788289075,0.15398215967942633,True,
OM429_003336,174182,"OM429_003336:174182 indel ACAGCCACTT->A,* (del -9bp, in-frame)",chroma,1,75,75,75,0,,,,False,allele classes too small (75/0)
OM429_003336,174182,"OM429_003336:174182 indel ACAGCCACTT->A,* (del -9bp, in-frame)",chroma,2,12,12,12,0,,,,False,allele classes too small (12/0)
OM429_003336,174182,"OM429_003336:174182 indel ACAGCCACTT->A,* (del -9bp, in-frame)",chroma,3,11,11,11,0,,,,False,allele classes too small (11/0)
OM429_003336,174182,"OM429_003336:174182 indel ACAGCCACTT->A,* (del -9bp, in-frame)",chroma,4,37,37,37,0,,,,False,allele classes too small (37/0)
OM429_003336,174182,"OM429_003336:174182 indel ACAGCCACTT->A,* (del -9bp, in-frame)",chroma,5,16,16,11,5,0.22245536561195212,1.2113143665421748,0.8569229549659589,True,
OM429_003336,174182,"OM429_003336:174182 indel ACAGCCACTT->A,* (del -9bp, in-frame)",chroma,6,20,20,18,2,,,,False,allele classes too small (18/2)
OM429_003336,174182,"OM429_003336:174182 indel ACAGCCACTT->A,* (del -9bp, in-frame)",sat,1,75,75,75,0,,,,False,allele classes too small (75/0)
OM429_003336,174182,"OM429_003336:174182 indel ACAGCCACTT->A,* (del -9bp, in-frame)",sat,2,12,12,12,0,,,,False,allele classes too small (12/0)
OM429_003336,174182,"OM429_003336:174182 indel ACAGCCACTT->A,* (del -9bp, in-frame)",sat,3,11,11,11,0,,,,False,allele classes too small (11/0)
OM429_003336,174182,"OM429_003336:174182 indel ACAGCCACTT->A,* (del -9bp, in-frame)",sat,4,37,37,37,0,,,,False,allele classes too small (37/0)
OM429_003336,174182,"OM429_003336:174182 indel ACAGCCACTT->A,* (del -9bp, in-frame)",sat,5,16,16,11,5,0.00448197824250277,0.03017609676316013,0.8840446755684129,True,
OM429_003336,174182,"OM429_003336:174182 indel ACAGCCACTT->A,* (del -9bp, in-frame)",sat,6,20,20,18,2,,,,False,allele classes too small (18/2)
OM429_003336,174182,"OM429_003336:174182 indel ACAGCCACTT->A,* (del -9bp, in-frame)",bright,1,75,75,75,0,,,,False,allele classes too small (75/0)
OM429_003336,174182,"OM429_003336:174182 indel ACAGCCACTT->A,* (del -9bp, in-frame)",bright,2,12,12,12,0,,,,False,allele classes too small (12/0)
OM429_003336,174182,"OM429_003336:174182 indel ACAGCCACTT->A,* (del -9bp, in-frame)",bright,3,11,11,11,0,,,,False,allele classes too small (11/0)
OM429_003336,174182,"OM429_003336:174182 indel ACAGCCACTT->A,* (del -9bp, in-frame)",bright,4,37,37,37,0,,,,False,allele classes too small (37/0)
OM429_003336,174182,"OM429_003336:174182 indel ACAGCCACTT->A,* (del -9bp, in-frame)",bright,5,16,16,11,5,-0.01198421038029645,0.017905688739737118,0.5141933499848814,True,
OM429_003336,174182,"OM429_003336:174182 indel ACAGCCACTT->A,* (del -9bp, in-frame)",bright,6,20,20,18,2,,,,False,allele classes too small (18/2)
OM429_003336,174182,"OM429_003336:174182 indel ACAGCCACTT->A,* (del -9bp, in-frame)",lab_L,1,75,75,75,0,,,,False,allele classes too small (75/0)
OM429_003336,174182,"OM429_003336:174182 indel ACAGCCACTT->A,* (del -9bp, in-frame)",lab_L,2,12,12,12,0,,,,False,allele classes too small (12/0)
OM429_003336,174182,"OM429_003336:174182 indel ACAGCCACTT->A,* (del -9bp, in-frame)",lab_L,3,11,11,11,0,,,,False,allele classes too small (11/0)
OM429_003336,174182,"OM429_003336:174182 indel ACAGCCACTT->A,* (del -9bp, in-frame)",lab_L,4,37,37,37,0,,,,False,allele classes too small (37/0)
OM429_003336,174182,"OM429_003336:174182 indel ACAGCCACTT->A,* (del -9bp, in-frame)",lab_L,5,16,16,11,5,-0.9654955290485376,0.48739994650916174,0.06759642076842208,True,
OM429_003336,174182,"OM429_003336:174182 indel ACAGCCACTT->A,* (del -9bp, in-frame)",lab_L,6,20,20,18,2,,,,False,allele classes too small (18/2)
OM429_003336,174182,"OM429_003336:174182 indel ACAGCCACTT->A,* (del -9bp, in-frame)",lab_a,1,75,75,75,0,,,,False,allele classes too small (75/0)
OM429_003336,174182,"OM429_003336:174182 indel ACAGCCACTT->A,* (del -9bp, in-frame)",lab_a,2,12,12,12,0,,,,False,allele classes too small (12/0)
OM429_003336,174182,"OM429_003336:174182 indel ACAGCCACTT->A,* (del -9bp, in-frame)",lab_a,3,11,11,11,0,,,,False,allele classes too small (11/0)
OM429_003336,174182,"OM429_003336:174182 indel ACAGCCACTT->A,* (del -9bp, in-frame)",lab_a,4,37,37,37,0,,,,False,allele classes too small (37/0)
OM429_003336,174182,"OM429_003336:174182 indel ACAGCCACTT->A,* (del -9bp, in-frame)",lab_a,5,16,16,11,5,0.20009779662046034,1.0515087510975742,0.8518090052272494,True,
OM429_003336,174182,"OM429_003336:174182 indel ACAGCCACTT->A,* (del -9bp, in-frame)",lab_a,6,20,20,18,2,,,,False,allele classes too small (18/2)
OM429_003336,174182,"OM429_003336:174182 indel ACAGCCACTT->A,* (del -9bp, in-frame)",lab_b,1,75,75,75,0,,,,False,allele classes too small (75/0)
OM429_003336,174182,"OM429_003336:174182 indel ACAGCCACTT->A,* (del -9bp, in-frame)",lab_b,2,12,12,12,0,,,,False,allele classes too small (12/0)
OM429_003336,174182,"OM429_003336:174182 indel ACAGCCACTT->A,* (del -9bp, in-frame)",lab_b,3,11,11,11,0,,,,False,allele classes too small (11/0)
OM429_003336,174182,"OM429_003336:174182 indel ACAGCCACTT->A,* (del -9bp, in-frame)",lab_b,4,37,37,37,0,,,,False,allele classes too small (37/0)
OM429_003336,174182,"OM429_003336:174182 indel ACAGCCACTT->A,* (del -9bp, in-frame)",lab_b,5,16,16,11,5,-0.04325406650912746,0.9835578718709748,0.965543717149045,True,
OM429_003336,174182,"OM429_003336:174182 indel ACAGCCACTT->A,* (del -9bp, in-frame)",lab_b,6,20,20,18,2,,,,False,allele classes too small (18/2)
OM429_003336,174184,"OM429_003336:174184 indel AGCCACTT->*,GGCCACTT,AACGCCACTT,A (insdel/snv -7++0++2bp, frameshift)",chroma,1,75,75,75,0,,,,False,allele classes too small (75/0)
OM429_003336,174184,"OM429_003336:174184 indel AGCCACTT->*,GGCCACTT,AACGCCACTT,A (insdel/snv -7++0++2bp, frameshift)",chroma,2,12,12,12,0,,,,False,allele classes too small (12/0)
OM429_003336,174184,"OM429_003336:174184 indel AGCCACTT->*,GGCCACTT,AACGCCACTT,A (insdel/snv -7++0++2bp, frameshift)",chroma,3,11,11,11,0,,,,False,allele classes too small (11/0)
OM429_003336,174184,"OM429_003336:174184 indel AGCCACTT->*,GGCCACTT,AACGCCACTT,A (insdel/snv -7++0++2bp, frameshift)",chroma,4,37,37,37,0,,,,False,allele classes too small (37/0)
OM429_003336,174184,"OM429_003336:174184 indel AGCCACTT->*,GGCCACTT,AACGCCACTT,A (insdel/snv -7++0++2bp, frameshift)",chroma,5,16,16,5,11,-0.37101145724665796,1.2087121780923293,0.7634012447334313,True,
OM429_003336,174184,"OM429_003336:174184 indel AGCCACTT->*,GGCCACTT,AACGCCACTT,A (insdel/snv -7++0++2bp, frameshift)",chroma,6,20,20,18,2,,,,False,allele classes too small (18/2)
OM429_003336,174184,"OM429_003336:174184 indel AGCCACTT->*,GGCCACTT,AACGCCACTT,A (insdel/snv -7++0++2bp, frameshift)",sat,1,75,75,75,0,,,,False,allele classes too small (75/0)
OM429_003336,174184,"OM429_003336:174184 indel AGCCACTT->*,GGCCACTT,AACGCCACTT,A (insdel/snv -7++0++2bp, frameshift)",sat,2,12,12,12,0,,,,False,allele classes too small (12/0)
OM429_003336,174184,"OM429_003336:174184 indel AGCCACTT->*,GGCCACTT,AACGCCACTT,A (insdel/snv -7++0++2bp, frameshift)",sat,3,11,11,11,0,,,,False,allele classes too small (11/0)
OM429_003336,174184,"OM429_003336:174184 indel AGCCACTT->*,GGCCACTT,AACGCCACTT,A (insdel/snv -7++0++2bp, frameshift)",sat,4,37,37,37,0,,,,False,allele classes too small (37/0)
OM429_003336,174184,"OM429_003336:174184 indel AGCCACTT->*,GGCCACTT,AACGCCACTT,A (insdel/snv -7++0++2bp, frameshift)",sat,5,16,16,5,11,-0.016242278907860442,0.029886250932111603,0.5953547699832468,True,
OM429_003336,174184,"OM429_003336:174184 indel AGCCACTT->*,GGCCACTT,AACGCCACTT,A (insdel/snv -7++0++2bp, frameshift)",sat,6,20,20,18,2,,,,False,allele classes too small (18/2)
OM429_003336,174184,"OM429_003336:174184 indel AGCCACTT->*,GGCCACTT,AACGCCACTT,A (insdel/snv -7++0++2bp, frameshift)",bright,1,75,75,75,0,,,,False,allele classes too small (75/0)
OM429_003336,174184,"OM429_003336:174184 indel AGCCACTT->*,GGCCACTT,AACGCCACTT,A (insdel/snv -7++0++2bp, frameshift)",bright,2,12,12,12,0,,,,False,allele classes too small (12/0)
OM429_003336,174184,"OM429_003336:174184 indel AGCCACTT->*,GGCCACTT,AACGCCACTT,A (insdel/snv -7++0++2bp, frameshift)",bright,3,11,11,11,0,,,,False,allele classes too small (11/0)
OM429_003336,174184,"OM429_003336:174184 indel AGCCACTT->*,GGCCACTT,AACGCCACTT,A (insdel/snv -7++0++2bp, frameshift)",bright,4,37,37,37,0,,,,False,allele classes too small (37/0)
OM429_003336,174184,"OM429_003336:174184 indel AGCCACTT->*,GGCCACTT,AACGCCACTT,A (insdel/snv -7++0++2bp, frameshift)",bright,5,16,16,5,11,-0.014586740603563669,0.01776722493490358,0.425410829703565,True,
OM429_003336,174184,"OM429_003336:174184 indel AGCCACTT->*,GGCCACTT,AACGCCACTT,A (insdel/snv -7++0++2bp, frameshift)",bright,6,20,20,18,2,,,,False,allele classes too small (18/2)
OM429_003336,174184,"OM429_003336:174184 indel AGCCACTT->*,GGCCACTT,AACGCCACTT,A (insdel/snv -7++0++2bp, frameshift)",lab_L,1,75,75,75,0,,,,False,allele classes too small (75/0)
OM429_003336,174184,"OM429_003336:174184 indel AGCCACTT->*,GGCCACTT,AACGCCACTT,A (insdel/snv -7++0++2bp, frameshift)",lab_L,2,12,12,12,0,,,,False,allele classes too small (12/0)
OM429_003336,174184,"OM429_003336:174184 indel AGCCACTT->*,GGCCACTT,AACGCCACTT,A (insdel/snv -7++0++2bp, frameshift)",lab_L,3,11,11,11,0,,,,False,allele classes too small (11/0)
OM429_003336,174184,"OM429_003336:174184 indel AGCCACTT->*,GGCCACTT,AACGCCACTT,A (insdel/snv -7++0++2bp, frameshift)",lab_L,4,37,37,37,0,,,,False,allele classes too small (37/0)
OM429_003336,174184,"OM429_003336:174184 indel AGCCACTT->*,GGCCACTT,AACGCCACTT,A (insdel/snv -7++0++2bp, frameshift)",lab_L,5,16,16,5,11,-0.6747669372305867,0.5211726549010853,0.21636746859773315,True,
OM429_003336,174184,"OM429_003336:174184 indel AGCCACTT->*,GGCCACTT,AACGCCACTT,A (insdel/snv -7++0++2bp, frameshift)",lab_L,6,20,20,18,2,,,,False,allele classes too small (18/2)
OM429_003336,174184,"OM429_003336:174184 indel AGCCACTT->*,GGCCACTT,AACGCCACTT,A (insdel/snv -7++0++2bp, frameshift)",lab_a,1,75,75,75,0,,,,False,allele classes too small (75/0)
OM429_003336,174184,"OM429_003336:174184 indel AGCCACTT->*,GGCCACTT,AACGCCACTT,A (insdel/snv -7++0++2bp, frameshift)",lab_a,2,12,12,12,0,,,,False,allele classes too small (12/0)
OM429_003336,174184,"OM429_003336:174184 indel AGCCACTT->*,GGCCACTT,AACGCCACTT,A (insdel/snv -7++0++2bp, frameshift)",lab_a,3,11,11,11,0,,,,False,allele classes too small (11/0)
OM429_003336,174184,"OM429_003336:174184 indel AGCCACTT->*,GGCCACTT,AACGCCACTT,A (insdel/snv -7++0++2bp, frameshift)",lab_a,4,37,37,37,0,,,,False,allele classes too small (37/0)
OM429_003336,174184,"OM429_003336:174184 indel AGCCACTT->*,GGCCACTT,AACGCCACTT,A (insdel/snv -7++0++2bp, frameshift)",lab_a,5,16,16,5,11,0.07789570007492114,1.052661950180491,0.9420582684947877,True,
OM429_003336,174184,"OM429_003336:174184 indel AGCCACTT->*,GGCCACTT,AACGCCACTT,A (insdel/snv -7++0++2bp, frameshift)",lab_a,6,20,20,18,2,,,,False,allele classes too small (18/2)
OM429_003336,174184,"OM429_003336:174184 indel AGCCACTT->*,GGCCACTT,AACGCCACTT,A (insdel/snv -7++0++2bp, frameshift)",lab_b,1,75,75,75,0,,,,False,allele classes too small (75/0)
OM429_003336,174184,"OM429_003336:174184 indel AGCCACTT->*,GGCCACTT,AACGCCACTT,A (insdel/snv -7++0++2bp, frameshift)",lab_b,2,12,12,12,0,,,,False,allele classes too small (12/0)
OM429_003336,174184,"OM429_003336:174184 indel AGCCACTT->*,GGCCACTT,AACGCCACTT,A (insdel/snv -7++0++2bp, frameshift)",lab_b,3,11,11,11,0,,,,False,allele classes too small (11/0)
OM429_003336,174184,"OM429_003336:174184 indel AGCCACTT->*,GGCCACTT,AACGCCACTT,A (insdel/snv -7++0++2bp, frameshift)",lab_b,4,37,37,37,0,,,,False,allele classes too small (37/0)
OM429_003336,174184,"OM429_003336:174184 indel AGCCACTT->*,GGCCACTT,AACGCCACTT,A (insdel/snv -7++0++2bp, frameshift)",lab_b,5,16,16,5,11,-1.0015696277124582,0.9465023740663214,0.3078907734944104,True,
OM429_003336,174184,"OM429_003336:174184 indel AGCCACTT->*,GGCCACTT,AACGCCACTT,A (insdel/snv -7++0++2bp, frameshift)",lab_b,6,20,20,18,2,,,,False,allele classes too small (18/2)
OM429_003336,174185,"OM429_003336:174185 indel G->*,A,GA (insdel/snv +0++1bp, frameshift)",chroma,1,75,75,75,0,,,,False,allele classes too small (75/0)
OM429_003336,174185,"OM429_003336:174185 indel G->*,A,GA (insdel/snv +0++1bp, frameshift)",chroma,2,12,12,12,0,,,,False,allele classes too small (12/0)
OM429_003336,174185,"OM429_003336:174185 indel G->*,A,GA (insdel/snv +0++1bp, frameshift)",chroma,3,11,11,11,0,,,,False,allele classes too small (11/0)
OM429_003336,174185,"OM429_003336:174185 indel G->*,A,GA (insdel/snv +0++1bp, frameshift)",chroma,4,37,37,37,0,,,,False,allele classes too small (37/0)
OM429_003336,174185,"OM429_003336:174185 indel G->*,A,GA (insdel/snv +0++1bp, frameshift)",chroma,5,16,16,5,11,-0.37101145724665796,1.2087121780923293,0.7634012447334313,True,
OM429_003336,174185,"OM429_003336:174185 indel G->*,A,GA (insdel/snv +0++1bp, frameshift)",chroma,6,20,20,18,2,,,,False,allele classes too small (18/2)
OM429_003336,174185,"OM429_003336:174185 indel G->*,A,GA (insdel/snv +0++1bp, frameshift)",sat,1,75,75,75,0,,,,False,allele classes too small (75/0)
OM429_003336,174185,"OM429_003336:174185 indel G->*,A,GA (insdel/snv +0++1bp, frameshift)",sat,2,12,12,12,0,,,,False,allele classes too small (12/0)
OM429_003336,174185,"OM429_003336:174185 indel G->*,A,GA (insdel/snv +0++1bp, frameshift)",sat,3,11,11,11,0,,,,False,allele classes too small (11/0)
OM429_003336,174185,"OM429_003336:174185 indel G->*,A,GA (insdel/snv +0++1bp, frameshift)",sat,4,37,37,37,0,,,,False,allele classes too small (37/0)
OM429_003336,174185,"OM429_003336:174185 indel G->*,A,GA (insdel/snv +0++1bp, frameshift)",sat,5,16,16,5,11,-0.016242278907860442,0.029886250932111603,0.5953547699832468,True,
OM429_003336,174185,"OM429_003336:174185 indel G->*,A,GA (insdel/snv +0++1bp, frameshift)",sat,6,20,20,18,2,,,,False,allele classes too small (18/2)
OM429_003336,174185,"OM429_003336:174185 indel G->*,A,GA (insdel/snv +0++1bp, frameshift)",bright,1,75,75,75,0,,,,False,allele classes too small (75/0)
OM429_003336,174185,"OM429_003336:174185 indel G->*,A,GA (insdel/snv +0++1bp, frameshift)",bright,2,12,12,12,0,,,,False,allele classes too small (12/0)
OM429_003336,174185,"OM429_003336:174185 indel G->*,A,GA (insdel/snv +0++1bp, frameshift)",bright,3,11,11,11,0,,,,False,allele classes too small (11/0)
OM429_003336,174185,"OM429_003336:174185 indel G->*,A,GA (insdel/snv +0++1bp, frameshift)",bright,4,37,37,37,0,,,,False,allele classes too small (37/0)
OM429_003336,174185,"OM429_003336:174185 indel G->*,A,GA (insdel/snv +0++1bp, frameshift)",bright,5,16,16,5,11,-0.014586740603563669,0.01776722493490358,0.425410829703565,True,
OM429_003336,174185,"OM429_003336:174185 indel G->*,A,GA (insdel/snv +0++1bp, frameshift)",bright,6,20,20,18,2,,,,False,allele classes too small (18/2)
OM429_003336,174185,"OM429_003336:174185 indel G->*,A,GA (insdel/snv +0++1bp, frameshift)",lab_L,1,75,75,75,0,,,,False,allele classes too small (75/0)
OM429_003336,174185,"OM429_003336:174185 indel G->*,A,GA (insdel/snv +0++1bp, frameshift)",lab_L,2,12,12,12,0,,,,False,allele classes too small (12/0)
OM429_003336,174185,"OM429_003336:174185 indel G->*,A,GA (insdel/snv +0++1bp, frameshift)",lab_L,3,11,11,11,0,,,,False,allele classes too small (11/0)
OM429_003336,174185,"OM429_003336:174185 indel G->*,A,GA (insdel/snv +0++1bp, frameshift)",lab_L,4,37,37,37,0,,,,False,allele classes too small (37/0)
OM429_003336,174185,"OM429_003336:174185 indel G->*,A,GA (insdel/snv +0++1bp, frameshift)",lab_L,5,16,16,5,11,-0.6747669372305867,0.5211726549010853,0.21636746859773315,True,
OM429_003336,174185,"OM429_003336:174185 indel G->*,A,GA (insdel/snv +0++1bp, frameshift)",lab_L,6,20,20,18,2,,,,False,allele classes too small (18/2)
OM429_003336,174185,"OM429_003336:174185 indel G->*,A,GA (insdel/snv +0++1bp, frameshift)",lab_a,1,75,75,75,0,,,,False,allele classes too small (75/0)
OM429_003336,174185,"OM429_003336:174185 indel G->*,A,GA (insdel/snv +0++1bp, frameshift)",lab_a,2,12,12,12,0,,,,False,allele classes too small (12/0)
OM429_003336,174185,"OM429_003336:174185 indel G->*,A,GA (insdel/snv +0++1bp, frameshift)",lab_a,3,11,11,11,0,,,,False,allele classes too small (11/0)
OM429_003336,174185,"OM429_003336:174185 indel G->*,A,GA (insdel/snv +0++1bp, frameshift)",lab_a,4,37,37,37,0,,,,False,allele classes too small (37/0)
OM429_003336,174185,"OM429_003336:174185 indel G->*,A,GA (insdel/snv +0++1bp, frameshift)",lab_a,5,16,16,5,11,0.07789570007492114,1.052661950180491,0.9420582684947877,True,
OM429_003336,174185,"OM429_003336:174185 indel G->*,A,GA (insdel/snv +0++1bp, frameshift)",lab_a,6,20,20,18,2,,,,False,allele classes too small (18/2)
OM429_003336,174185,"OM429_003336:174185 indel G->*,A,GA (insdel/snv +0++1bp, frameshift)",lab_b,1,75,75,75,0,,,,False,allele classes too small (75/0)
OM429_003336,174185,"OM429_003336:174185 indel G->*,A,GA (insdel/snv +0++1bp, frameshift)",lab_b,2,12,12,12,0,,,,False,allele classes too small (12/0)
OM429_003336,174185,"OM429_003336:174185 indel G->*,A,GA (insdel/snv +0++1bp, frameshift)",lab_b,3,11,11,11,0,,,,False,allele classes too small (11/0)
OM429_003336,174185,"OM429_003336:174185 indel G->*,A,GA (insdel/snv +0++1bp, frameshift)",lab_b,4,37,37,37,0,,,,False,allele classes too small (37/0)
OM429_003336,174185,"OM429_003336:174185 indel G->*,A,GA (insdel/snv +0++1bp, frameshift)",lab_b,5,16,16,5,11,-1.0015696277124582,0.9465023740663214,0.3078907734944104,True,
OM429_003336,174185,"OM429_003336:174185 indel G->*,A,GA (insdel/snv +0++1bp, frameshift)",lab_b,6,20,20,18,2,,,,False,allele classes too small (18/2)
OM429_003336,174216,"OM429_003336:174216 indel CCA->C (del -2bp, frameshift)",chroma,1,75,75,75,0,,,,False,allele classes too small (75/0)
OM429_003336,174216,"OM429_003336:174216 indel CCA->C (del -2bp, frameshift)",chroma,2,12,12,12,0,,,,False,allele classes too small (12/0)
OM429_003336,174216,"OM429_003336:174216 indel CCA->C (del -2bp, frameshift)",chroma,3,11,11,11,0,,,,False,allele classes too small (11/0)
OM429_003336,174216,"OM429_003336:174216 indel CCA->C (del -2bp, frameshift)",chroma,4,37,37,37,0,,,,False,allele classes too small (37/0)
OM429_003336,174216,"OM429_003336:174216 indel CCA->C (del -2bp, frameshift)",chroma,5,16,16,16,0,,,,False,allele classes too small (16/0)
OM429_003336,174216,"OM429_003336:174216 indel CCA->C (del -2bp, frameshift)",chroma,6,20,20,20,0,,,,False,allele classes too small (20/0)
OM429_003336,174216,"OM429_003336:174216 indel CCA->C (del -2bp, frameshift)",sat,1,75,75,75,0,,,,False,allele classes too small (75/0)
OM429_003336,174216,"OM429_003336:174216 indel CCA->C (del -2bp, frameshift)",sat,2,12,12,12,0,,,,False,allele classes too small (12/0)
OM429_003336,174216,"OM429_003336:174216 indel CCA->C (del -2bp, frameshift)",sat,3,11,11,11,0,,,,False,allele classes too small (11/0)
OM429_003336,174216,"OM429_003336:174216 indel CCA->C (del -2bp, frameshift)",sat,4,37,37,37,0,,,,False,allele classes too small (37/0)
OM429_003336,174216,"OM429_003336:174216 indel CCA->C (del -2bp, frameshift)",sat,5,16,16,16,0,,,,False,allele classes too small (16/0)
OM429_003336,174216,"OM429_003336:174216 indel CCA->C (del -2bp, frameshift)",sat,6,20,20,20,0,,,,False,allele classes too small (20/0)
OM429_003336,174216,"OM429_003336:174216 indel CCA->C (del -2bp, frameshift)",bright,1,75,75,75,0,,,,False,allele classes too small (75/0)
OM429_003336,174216,"OM429_003336:174216 indel CCA->C (del -2bp, frameshift)",bright,2,12,12,12,0,,,,False,allele classes too small (12/0)
OM429_003336,174216,"OM429_003336:174216 indel CCA->C (del -2bp, frameshift)",bright,3,11,11,11,0,,,,False,allele classes too small (11/0)
OM429_003336,174216,"OM429_003336:174216 indel CCA->C (del -2bp, frameshift)",bright,4,37,37,37,0,,,,False,allele classes too small (37/0)
OM429_003336,174216,"OM429_003336:174216 indel CCA->C (del -2bp, frameshift)",bright,5,16,16,16,0,,,,False,allele classes too small (16/0)
OM429_003336,174216,"OM429_003336:174216 indel CCA->C (del -2bp, frameshift)",bright,6,20,20,20,0,,,,False,allele classes too small (20/0)
OM429_003336,174216,"OM429_003336:174216 indel CCA->C (del -2bp, frameshift)",lab_L,1,75,75,75,0,,,,False,allele classes too small (75/0)
OM429_003336,174216,"OM429_003336:174216 indel CCA->C (del -2bp, frameshift)",lab_L,2,12,12,12,0,,,,False,allele classes too small (12/0)
OM429_003336,174216,"OM429_003336:174216 indel CCA->C (del -2bp, frameshift)",lab_L,3,11,11,11,0,,,,False,allele classes too small (11/0)
OM429_003336,174216,"OM429_003336:174216 indel CCA->C (del -2bp, frameshift)",lab_L,4,37,37,37,0,,,,False,allele classes too small (37/0)
OM429_003336,174216,"OM429_003336:174216 indel CCA->C (del -2bp, frameshift)",lab_L,5,16,16,16,0,,,,False,allele classes too small (16/0)
OM429_003336,174216,"OM429_003336:174216 indel CCA->C (del -2bp, frameshift)",lab_L,6,20,20,20,0,,,,False,allele classes too small (20/0)
OM429_003336,174216,"OM429_003336:174216 indel CCA->C (del -2bp, frameshift)",lab_a,1,75,75,75,0,,,,False,allele classes too small (75/0)
OM429_003336,174216,"OM429_003336:174216 indel CCA->C (del -2bp, frameshift)",lab_a,2,12,12,12,0,,,,False,allele classes too small (12/0)
OM429_003336,174216,"OM429_003336:174216 indel CCA->C (del -2bp, frameshift)",lab_a,3,11,11,11,0,,,,False,allele classes too small (11/0)
OM429_003336,174216,"OM429_003336:174216 indel CCA->C (del -2bp, frameshift)",lab_a,4,37,37,37,0,,,,False,allele classes too small (37/0)
OM429_003336,174216,"OM429_003336:174216 indel CCA->C (del -2bp, frameshift)",lab_a,5,16,16,16,0,,,,False,allele classes too small (16/0)
OM429_003336,174216,"OM429_003336:174216 indel CCA->C (del -2bp, frameshift)",lab_a,6,20,20,20,0,,,,False,allele classes too small (20/0)
OM429_003336,174216,"OM429_003336:174216 indel CCA->C (del -2bp, frameshift)",lab_b,1,75,75,75,0,,,,False,allele classes too small (75/0)
OM429_003336,174216,"OM429_003336:174216 indel CCA->C (del -2bp, frameshift)",lab_b,2,12,12,12,0,,,,False,allele classes too small (12/0)
OM429_003336,174216,"OM429_003336:174216 indel CCA->C (del -2bp, frameshift)",lab_b,3,11,11,11,0,,,,False,allele classes too small (11/0)
OM429_003336,174216,"OM429_003336:174216 indel CCA->C (del -2bp, frameshift)",lab_b,4,37,37,37,0,,,,False,allele classes too small (37/0)
OM429_003336,174216,"OM429_003336:174216 indel CCA->C (del -2bp, frameshift)",lab_b,5,16,16,16,0,,,,False,allele classes too small (16/0)
OM429_003336,174216,"OM429_003336:174216 indel CCA->C (del -2bp, frameshift)",lab_b,6,20,20,20,0,,,,False,allele classes too small (20/0)
OM429_003336,174221,"OM429_003336:174221 indel A->ACT,C (insdel/snv +0++2bp, frameshift)",chroma,1,75,75,75,0,,,,False,allele classes too small (75/0)
OM429_003336,174221,"OM429_003336:174221 indel A->ACT,C (insdel/snv +0++2bp, frameshift)",chroma,2,12,12,12,0,,,,False,allele classes too small (12/0)
OM429_003336,174221,"OM429_003336:174221 indel A->ACT,C (insdel/snv +0++2bp, frameshift)",chroma,3,11,11,11,0,,,,False,allele classes too small (11/0)
OM429_003336,174221,"OM429_003336:174221 indel A->ACT,C (insdel/snv +0++2bp, frameshift)",chroma,4,37,37,37,0,,,,False,allele classes too small (37/0)
OM429_003336,174221,"OM429_003336:174221 indel A->ACT,C (insdel/snv +0++2bp, frameshift)",chroma,5,16,16,16,0,,,,False,allele classes too small (16/0)
OM429_003336,174221,"OM429_003336:174221 indel A->ACT,C (insdel/snv +0++2bp, frameshift)",chroma,6,20,20,19,1,,,,False,allele classes too small (19/1)
OM429_003336,174221,"OM429_003336:174221 indel A->ACT,C (insdel/snv +0++2bp, frameshift)",sat,1,75,75,75,0,,,,False,allele classes too small (75/0)
OM429_003336,174221,"OM429_003336:174221 indel A->ACT,C (insdel/snv +0++2bp, frameshift)",sat,2,12,12,12,0,,,,False,allele classes too small (12/0)
OM429_003336,174221,"OM429_003336:174221 indel A->ACT,C (insdel/snv +0++2bp, frameshift)",sat,3,11,11,11,0,,,,False,allele classes too small (11/0)
OM429_003336,174221,"OM429_003336:174221 indel A->ACT,C (insdel/snv +0++2bp, frameshift)",sat,4,37,37,37,0,,,,False,allele classes too small (37/0)
OM429_003336,174221,"OM429_003336:174221 indel A->ACT,C (insdel/snv +0++2bp, frameshift)",sat,5,16,16,16,0,,,,False,allele classes too small (16/0)
OM429_003336,174221,"OM429_003336:174221 indel A->ACT,C (insdel/snv +0++2bp, frameshift)",sat,6,20,20,19,1,,,,False,allele classes too small (19/1)
OM429_003336,174221,"OM429_003336:174221 indel A->ACT,C (insdel/snv +0++2bp, frameshift)",bright,1,75,75,75,0,,,,False,allele classes too small (75/0)
OM429_003336,174221,"OM429_003336:174221 indel A->ACT,C (insdel/snv +0++2bp, frameshift)",bright,2,12,12,12,0,,,,False,allele classes too small (12/0)
OM429_003336,174221,"OM429_003336:174221 indel A->ACT,C (insdel/snv +0++2bp, frameshift)",bright,3,11,11,11,0,,,,False,allele classes too small (11/0)
OM429_003336,174221,"OM429_003336:174221 indel A->ACT,C (insdel/snv +0++2bp, frameshift)",bright,4,37,37,37,0,,,,False,allele classes too small (37/0)
OM429_003336,174221,"OM429_003336:174221 indel A->ACT,C (insdel/snv +0++2bp, frameshift)",bright,5,16,16,16,0,,,,False,allele classes too small (16/0)
OM429_003336,174221,"OM429_003336:174221 indel A->ACT,C (insdel/snv +0++2bp, frameshift)",bright,6,20,20,19,1,,,,False,allele classes too small (19/1)
OM429_003336,174221,"OM429_003336:174221 indel A->ACT,C (insdel/snv +0++2bp, frameshift)",lab_L,1,75,75,75,0,,,,False,allele classes too small (75/0)
OM429_003336,174221,"OM429_003336:174221 indel A->ACT,C (insdel/snv +0++2bp, frameshift)",lab_L,2,12,12,12,0,,,,False,allele classes too small (12/0)
OM429_003336,174221,"OM429_003336:174221 indel A->ACT,C (insdel/snv +0++2bp, frameshift)",lab_L,3,11,11,11,0,,,,False,allele classes too small (11/0)
OM429_003336,174221,"OM429_003336:174221 indel A->ACT,C (insdel/snv +0++2bp, frameshift)",lab_L,4,37,37,37,0,,,,False,allele classes too small (37/0)
OM429_003336,174221,"OM429_003336:174221 indel A->ACT,C (insdel/snv +0++2bp, frameshift)",lab_L,5,16,16,16,0,,,,False,allele classes too small (16/0)
OM429_003336,174221,"OM429_003336:174221 indel A->ACT,C (insdel/snv +0++2bp, frameshift)",lab_L,6,20,20,19,1,,,,False,allele classes too small (19/1)
OM429_003336,174221,"OM429_003336:174221 indel A->ACT,C (insdel/snv +0++2bp, frameshift)",lab_a,1,75,75,75,0,,,,False,allele classes too small (75/0)
OM429_003336,174221,"OM429_003336:174221 indel A->ACT,C (insdel/snv +0++2bp, frameshift)",lab_a,2,12,12,12,0,,,,False,allele classes too small (12/0)
OM429_003336,174221,"OM429_003336:174221 indel A->ACT,C (insdel/snv +0++2bp, frameshift)",lab_a,3,11,11,11,0,,,,False,allele classes too small (11/0)
OM429_003336,174221,"OM429_003336:174221 indel A->ACT,C (insdel/snv +0++2bp, frameshift)",lab_a,4,37,37,37,0,,,,False,allele classes too small (37/0)
OM429_003336,174221,"OM429_003336:174221 indel A->ACT,C (insdel/snv +0++2bp, frameshift)",lab_a,5,16,16,16,0,,,,False,allele classes too small (16/0)
OM429_003336,174221,"OM429_003336:174221 indel A->ACT,C (insdel/snv +0++2bp, frameshift)",lab_a,6,20,20,19,1,,,,False,allele classes too small (19/1)
OM429_003336,174221,"OM429_003336:174221 indel A->ACT,C (insdel/snv +0++2bp, frameshift)",lab_b,1,75,75,75,0,,,,False,allele classes too small (75/0)
OM429_003336,174221,"OM429_003336:174221 indel A->ACT,C (insdel/snv +0++2bp, frameshift)",lab_b,2,12,12,12,0,,,,False,allele classes too small (12/0)
OM429_003336,174221,"OM429_003336:174221 indel A->ACT,C (insdel/snv +0++2bp, frameshift)",lab_b,3,11,11,11,0,,,,False,allele classes too small (11/0)
OM429_003336,174221,"OM429_003336:174221 indel A->ACT,C (insdel/snv +0++2bp, frameshift)",lab_b,4,37,37,37,0,,,,False,allele classes too small (37/0)
OM429_003336,174221,"OM429_003336:174221 indel A->ACT,C (insdel/snv +0++2bp, frameshift)",lab_b,5,16,16,16,0,,,,False,allele classes too small (16/0)
OM429_003336,174221,"OM429_003336:174221 indel A->ACT,C (insdel/snv +0++2bp, frameshift)",lab_b,6,20,20,19,1,,,,False,allele classes too small (19/1)
OM429_003336,174222,"OM429_003336:174222 indel CGA->C (del -2bp, frameshift)",chroma,1,75,75,75,0,,,,False,allele classes too small (75/0)
OM429_003336,174222,"OM429_003336:174222 indel CGA->C (del -2bp, frameshift)",chroma,2,12,12,12,0,,,,False,allele classes too small (12/0)
OM429_003336,174222,"OM429_003336:174222 indel CGA->C (del -2bp, frameshift)",chroma,3,11,11,11,0,,,,False,allele classes too small (11/0)
OM429_003336,174222,"OM429_003336:174222 indel CGA->C (del -2bp, frameshift)",chroma,4,37,37,37,0,,,,False,allele classes too small (37/0)
OM429_003336,174222,"OM429_003336:174222 indel CGA->C (del -2bp, frameshift)",chroma,5,16,16,10,6,0.009818097565945294,1.1611383415824401,0.9933728135306459,True,
OM429_003336,174222,"OM429_003336:174222 indel CGA->C (del -2bp, frameshift)",chroma,6,20,20,15,5,0.05601537508309645,0.5476997075058903,0.9196700358176567,True,
OM429_003336,174222,"OM429_003336:174222 indel CGA->C (del -2bp, frameshift)",sat,1,75,75,75,0,,,,False,allele classes too small (75/0)
OM429_003336,174222,"OM429_003336:174222 indel CGA->C (del -2bp, frameshift)",sat,2,12,12,12,0,,,,False,allele classes too small (12/0)
OM429_003336,174222,"OM429_003336:174222 indel CGA->C (del -2bp, frameshift)",sat,3,11,11,11,0,,,,False,allele classes too small (11/0)
OM429_003336,174222,"OM429_003336:174222 indel CGA->C (del -2bp, frameshift)",sat,4,37,37,37,0,,,,False,allele classes too small (37/0)
OM429_003336,174222,"OM429_003336:174222 indel CGA->C (del -2bp, frameshift)",sat,5,16,16,10,6,-0.003167679760269987,0.02890177008093065,0.9142808960124097,True,
OM429_003336,174222,"OM429_003336:174222 indel CGA->C (del -2bp, frameshift)",sat,6,20,20,15,5,-0.001080183047995135,0.012669051653543149,0.9329946518670214,True,
OM429_003336,174222,"OM429_003336:174222 indel CGA->C (del -2bp, frameshift)",bright,1,75,75,75,0,,,,False,allele classes too small (75/0)
OM429_003336,174222,"OM429_003336:174222 indel CGA->C (del -2bp, frameshift)",bright,2,12,12,12,0,,,,False,allele classes too small (12/0)
OM429_003336,174222,"OM429_003336:174222 indel CGA->C (del -2bp, frameshift)",bright,3,11,11,11,0,,,,False,allele classes too small (11/0)
OM429_003336,174222,"OM429_003336:174222 indel CGA->C (del -2bp, frameshift)",bright,4,37,37,37,0,,,,False,allele classes too small (37/0)
OM429_003336,174222,"OM429_003336:174222 indel CGA->C (del -2bp, frameshift)",bright,5,16,16,10,6,-0.006280263726761785,0.01733442794335555,0.7225384322417842,True,
OM429_003336,174222,"OM429_003336:174222 indel CGA->C (del -2bp, frameshift)",bright,6,20,20,15,5,0.008259496621822075,0.008227506578706942,0.32873791486259457,True,
OM429_003336,174222,"OM429_003336:174222 indel CGA->C (del -2bp, frameshift)",lab_L,1,75,75,75,0,,,,False,allele classes too small (75/0)
OM429_003336,174222,"OM429_003336:174222 indel CGA->C (del -2bp, frameshift)",lab_L,2,12,12,12,0,,,,False,allele classes too small (12/0)
OM429_003336,174222,"OM429_003336:174222 indel CGA->C (del -2bp, frameshift)",lab_L,3,11,11,11,0,,,,False,allele classes too small (11/0)
OM429_003336,174222,"OM429_003336:174222 indel CGA->C (del -2bp, frameshift)",lab_L,4,37,37,37,0,,,,False,allele classes too small (37/0)
OM429_003336,174222,"OM429_003336:174222 indel CGA->C (del -2bp, frameshift)",lab_L,5,16,16,10,6,-0.4620730042520961,0.5133683193336447,0.3832987836873985,True,
OM429_003336,174222,"OM429_003336:174222 indel CGA->C (del -2bp, frameshift)",lab_L,6,20,20,15,5,0.45081895014644524,0.4058320373217155,0.2812514244131459,True,
OM429_003336,174222,"OM429_003336:174222 indel CGA->C (del -2bp, frameshift)",lab_a,1,75,75,75,0,,,,False,allele classes too small (75/0)
OM429_003336,174222,"OM429_003336:174222 indel CGA->C (del -2bp, frameshift)",lab_a,2,12,12,12,0,,,,False,allele classes too small (12/0)
OM429_003336,174222,"OM429_003336:174222 indel CGA->C (del -2bp, frameshift)",lab_a,3,11,11,11,0,,,,False,allele classes too small (11/0)
OM429_003336,174222,"OM429_003336:174222 indel CGA->C (del -2bp, frameshift)",lab_a,4,37,37,37,0,,,,False,allele classes too small (37/0)
OM429_003336,174222,"OM429_003336:174222 indel CGA->C (del -2bp, frameshift)",lab_a,5,16,16,10,6,0.14620310312511417,1.0072865687369825,0.8866649399740925,True,
OM429_003336,174222,"OM429_003336:174222 indel CGA->C (del -2bp, frameshift)",lab_a,6,20,20,15,5,0.19372070488535373,0.5511378882057146,0.7293000025169427,True,
OM429_003336,174222,"OM429_003336:174222 indel CGA->C (del -2bp, frameshift)",lab_b,1,75,75,75,0,,,,False,allele classes too small (75/0)
OM429_003336,174222,"OM429_003336:174222 indel CGA->C (del -2bp, frameshift)",lab_b,2,12,12,12,0,,,,False,allele classes too small (12/0)
OM429_003336,174222,"OM429_003336:174222 indel CGA->C (del -2bp, frameshift)",lab_b,3,11,11,11,0,,,,False,allele classes too small (11/0)
OM429_003336,174222,"OM429_003336:174222 indel CGA->C (del -2bp, frameshift)",lab_b,4,37,37,37,0,,,,False,allele classes too small (37/0)
OM429_003336,174222,"OM429_003336:174222 indel CGA->C (del -2bp, frameshift)",lab_b,5,16,16,10,6,-0.4660940437488076,0.93347505390677,0.6253151256725923,True,
OM429_003336,174222,"OM429_003336:174222 indel CGA->C (del -2bp, frameshift)",lab_b,6,20,20,15,5,-0.28800901472139034,0.3234702009051994,0.38501222527301365,True,
OM429_003336,174225,"OM429_003336:174225 indel CAA->C (del -2bp, frameshift)",chroma,1,75,75,75,0,,,,False,allele classes too small (75/0)
OM429_003336,174225,"OM429_003336:174225 indel CAA->C (del -2bp, frameshift)",chroma,2,12,12,12,0,,,,False,allele classes too small (12/0)
OM429_003336,174225,"OM429_003336:174225 indel CAA->C (del -2bp, frameshift)",chroma,3,11,11,11,0,,,,False,allele classes too small (11/0)
OM429_003336,174225,"OM429_003336:174225 indel CAA->C (del -2bp, frameshift)",chroma,4,37,37,37,0,,,,False,allele classes too small (37/0)
OM429_003336,174225,"OM429_003336:174225 indel CAA->C (del -2bp, frameshift)",chroma,5,16,16,12,4,0.4041131453920885,1.293694940985631,0.7593625463699429,True,
OM429_003336,174225,"OM429_003336:174225 indel CAA->C (del -2bp, frameshift)",chroma,6,20,20,20,0,,,,False,allele classes too small (20/0)
OM429_003336,174225,"OM429_003336:174225 indel CAA->C (del -2bp, frameshift)",sat,1,75,75,75,0,,,,False,allele classes too small (75/0)
OM429_003336,174225,"OM429_003336:174225 indel CAA->C (del -2bp, frameshift)",sat,2,12,12,12,0,,,,False,allele classes too small (12/0)
OM429_003336,174225,"OM429_003336:174225 indel CAA->C (del -2bp, frameshift)",sat,3,11,11,11,0,,,,False,allele classes too small (11/0)
OM429_003336,174225,"OM429_003336:174225 indel CAA->C (del -2bp, frameshift)",sat,4,37,37,37,0,,,,False,allele classes too small (37/0)
OM429_003336,174225,"OM429_003336:174225 indel CAA->C (del -2bp, frameshift)",sat,5,16,16,12,4,0.004862456298947502,0.0323008898089096,0.8824889136700935,True,
OM429_003336,174225,"OM429_003336:174225 indel CAA->C (del -2bp, frameshift)",sat,6,20,20,20,0,,,,False,allele classes too small (20/0)
OM429_003336,174225,"OM429_003336:174225 indel CAA->C (del -2bp, frameshift)",bright,1,75,75,75,0,,,,False,allele classes too small (75/0)
OM429_003336,174225,"OM429_003336:174225 indel CAA->C (del -2bp, frameshift)",bright,2,12,12,12,0,,,,False,allele classes too small (12/0)
OM429_003336,174225,"OM429_003336:174225 indel CAA->C (del -2bp, frameshift)",bright,3,11,11,11,0,,,,False,allele classes too small (11/0)
OM429_003336,174225,"OM429_003336:174225 indel CAA->C (del -2bp, frameshift)",bright,4,37,37,37,0,,,,False,allele classes too small (37/0)
OM429_003336,174225,"OM429_003336:174225 indel CAA->C (del -2bp, frameshift)",bright,5,16,16,12,4,0.0009645768164594226,0.01946941483147624,0.9611863069522343,True,
OM429_003336,174225,"OM429_003336:174225 indel CAA->C (del -2bp, frameshift)",bright,6,20,20,20,0,,,,False,allele classes too small (20/0)
OM429_003336,174225,"OM429_003336:174225 indel CAA->C (del -2bp, frameshift)",lab_L,1,75,75,75,0,,,,False,allele classes too small (75/0)
OM429_003336,174225,"OM429_003336:174225 indel CAA->C (del -2bp, frameshift)",lab_L,2,12,12,12,0,,,,False,allele classes too small (12/0)
OM429_003336,174225,"OM429_003336:174225 indel CAA->C (del -2bp, frameshift)",lab_L,3,11,11,11,0,,,,False,allele classes too small (11/0)
OM429_003336,174225,"OM429_003336:174225 indel CAA->C (del -2bp, frameshift)",lab_L,4,37,37,37,0,,,,False,allele classes too small (37/0)
OM429_003336,174225,"OM429_003336:174225 indel CAA->C (del -2bp, frameshift)",lab_L,5,16,16,12,4,-0.289553277647651,0.5852423962798352,0.628444762181938,True,
OM429_003336,174225,"OM429_003336:174225 indel CAA->C (del -2bp, frameshift)",lab_L,6,20,20,20,0,,,,False,allele classes too small (20/0)
OM429_003336,174225,"OM429_003336:174225 indel CAA->C (del -2bp, frameshift)",lab_a,1,75,75,75,0,,,,False,allele classes too small (75/0)
OM429_003336,174225,"OM429_003336:174225 indel CAA->C (del -2bp, frameshift)",lab_a,2,12,12,12,0,,,,False,allele classes too small (12/0)
OM429_003336,174225,"OM429_003336:174225 indel CAA->C (del -2bp, frameshift)",lab_a,3,11,11,11,0,,,,False,allele classes too small (11/0)
OM429_003336,174225,"OM429_003336:174225 indel CAA->C (del -2bp, frameshift)",lab_a,4,37,37,37,0,,,,False,allele classes too small (37/0)
OM429_003336,174225,"OM429_003336:174225 indel CAA->C (del -2bp, frameshift)",lab_a,5,16,16,12,4,0.6814832305146563,1.1122133288112377,0.5498810030931948,True,
OM429_003336,174225,"OM429_003336:174225 indel CAA->C (del -2bp, frameshift)",lab_a,6,20,20,20,0,,,,False,allele classes too small (20/0)
OM429_003336,174225,"OM429_003336:174225 indel CAA->C (del -2bp, frameshift)",lab_b,1,75,75,75,0,,,,False,allele classes too small (75/0)
OM429_003336,174225,"OM429_003336:174225 indel CAA->C (del -2bp, frameshift)",lab_b,2,12,12,12,0,,,,False,allele classes too small (12/0)
OM429_003336,174225,"OM429_003336:174225 indel CAA->C (del -2bp, frameshift)",lab_b,3,11,11,11,0,,,,False,allele classes too small (11/0)
OM429_003336,174225,"OM429_003336:174225 indel CAA->C (del -2bp, frameshift)",lab_b,4,37,37,37,0,,,,False,allele classes too small (37/0)
OM429_003336,174225,"OM429_003336:174225 indel CAA->C (del -2bp, frameshift)",lab_b,5,16,16,12,4,-0.41108977341200315,1.0471605861593407,0.7005449784936579,True,
OM429_003336,174225,"OM429_003336:174225 indel CAA->C (del -2bp, frameshift)",lab_b,6,20,20,20,0,,,,False,allele classes too small (20/0)
OM429_003336,174226,"OM429_003336:174226 indel A->AAC,*,ACG,G (insdel/snv +0++2bp, frameshift)",chroma,1,75,75,75,0,,,,False,allele classes too small (75/0)
OM429_003336,174226,"OM429_003336:174226 indel A->AAC,*,ACG,G (insdel/snv +0++2bp, frameshift)",chroma,2,12,12,12,0,,,,False,allele classes too small (12/0)
OM429_003336,174226,"OM429_003336:174226 indel A->AAC,*,ACG,G (insdel/snv +0++2bp, frameshift)",chroma,3,11,11,11,0,,,,False,allele classes too small (11/0)
OM429_003336,174226,"OM429_003336:174226 indel A->AAC,*,ACG,G (insdel/snv +0++2bp, frameshift)",chroma,4,37,37,37,0,,,,False,allele classes too small (37/0)
OM429_003336,174226,"OM429_003336:174226 indel A->AAC,*,ACG,G (insdel/snv +0++2bp, frameshift)",chroma,5,16,16,5,11,-0.5620699727188996,1.2034331443160529,0.647646096022638,True,
OM429_003336,174226,"OM429_003336:174226 indel A->AAC,*,ACG,G (insdel/snv +0++2bp, frameshift)",chroma,6,20,20,13,7,-0.7491529563825104,0.4649691747985391,0.12453455558786561,True,
OM429_003336,174226,"OM429_003336:174226 indel A->AAC,*,ACG,G (insdel/snv +0++2bp, frameshift)",sat,1,75,75,75,0,,,,False,allele classes too small (75/0)
OM429_003336,174226,"OM429_003336:174226 indel A->AAC,*,ACG,G (insdel/snv +0++2bp, frameshift)",sat,2,12,12,12,0,,,,False,allele classes too small (12/0)
OM429_003336,174226,"OM429_003336:174226 indel A->AAC,*,ACG,G (insdel/snv +0++2bp, frameshift)",sat,3,11,11,11,0,,,,False,allele classes too small (11/0)
OM429_003336,174226,"OM429_003336:174226 indel A->AAC,*,ACG,G (insdel/snv +0++2bp, frameshift)",sat,4,37,37,37,0,,,,False,allele classes too small (37/0)
OM429_003336,174226,"OM429_003336:174226 indel A->AAC,*,ACG,G (insdel/snv +0++2bp, frameshift)",sat,5,16,16,5,11,-0.02137609730248749,0.02965456603617645,0.48287403543950214,True,
OM429_003336,174226,"OM429_003336:174226 indel A->AAC,*,ACG,G (insdel/snv +0++2bp, frameshift)",sat,6,20,20,13,7,-0.021038271303235576,0.010380186750294635,0.057762083193530114,True,
OM429_003336,174226,"OM429_003336:174226 indel A->AAC,*,ACG,G (insdel/snv +0++2bp, frameshift)",bright,1,75,75,75,0,,,,False,allele classes too small (75/0)
OM429_003336,174226,"OM429_003336:174226 indel A->AAC,*,ACG,G (insdel/snv +0++2bp, frameshift)",bright,2,12,12,12,0,,,,False,allele classes too small (12/0)
OM429_003336,174226,"OM429_003336:174226 indel A->AAC,*,ACG,G (insdel/snv +0++2bp, frameshift)",bright,3,11,11,11,0,,,,False,allele classes too small (11/0)
OM429_003336,174226,"OM429_003336:174226 indel A->AAC,*,ACG,G (insdel/snv +0++2bp, frameshift)",bright,4,37,37,37,0,,,,False,allele classes too small (37/0)
OM429_003336,174226,"OM429_003336:174226 indel A->AAC,*,ACG,G (insdel/snv +0++2bp, frameshift)",bright,5,16,16,5,11,-0.012041258314432956,0.017902954756258985,0.5121603703798958,True,
OM429_003336,174226,"OM429_003336:174226 indel A->AAC,*,ACG,G (insdel/snv +0++2bp, frameshift)",bright,6,20,20,13,7,-0.003469534077224671,0.007631830223793514,0.6548220369392268,True,
OM429_003336,174226,"OM429_003336:174226 indel A->AAC,*,ACG,G (insdel/snv +0++2bp, frameshift)",lab_L,1,75,75,75,0,,,,False,allele classes too small (75/0)
OM429_003336,174226,"OM429_003336:174226 indel A->AAC,*,ACG,G (insdel/snv +0++2bp, frameshift)",lab_L,2,12,12,12,0,,,,False,allele classes too small (12/0)
OM429_003336,174226,"OM429_003336:174226 indel A->AAC,*,ACG,G (insdel/snv +0++2bp, frameshift)",lab_L,3,11,11,11,0,,,,False,allele classes too small (11/0)
OM429_003336,174226,"OM429_003336:174226 indel A->AAC,*,ACG,G (insdel/snv +0++2bp, frameshift)",lab_L,4,37,37,37,0,,,,False,allele classes too small (37/0)
OM429_003336,174226,"OM429_003336:174226 indel A->AAC,*,ACG,G (insdel/snv +0++2bp, frameshift)",lab_L,5,16,16,5,11,-0.3630625101344001,0.5428883823946751,0.5145247432909898,True,
OM429_003336,174226,"OM429_003336:174226 indel A->AAC,*,ACG,G (insdel/snv +0++2bp, frameshift)",lab_L,6,20,20,13,7,0.3195442256402127,0.3733289771369287,0.4032860378109437,True,
OM429_003336,174226,"OM429_003336:174226 indel A->AAC,*,ACG,G (insdel/snv +0++2bp, frameshift)",lab_a,1,75,75,75,0,,,,False,allele classes too small (75/0)
OM429_003336,174226,"OM429_003336:174226 indel A->AAC,*,ACG,G (insdel/snv +0++2bp, frameshift)",lab_a,2,12,12,12,0,,,,False,allele classes too small (12/0)
OM429_003336,174226,"OM429_003336:174226 indel A->AAC,*,ACG,G (insdel/snv +0++2bp, frameshift)",lab_a,3,11,11,11,0,,,,False,allele classes too small (11/0)
OM429_003336,174226,"OM429_003336:174226 indel A->AAC,*,ACG,G (insdel/snv +0++2bp, frameshift)",lab_a,4,37,37,37,0,,,,False,allele classes too small (37/0)
OM429_003336,174226,"OM429_003336:174226 indel A->AAC,*,ACG,G (insdel/snv +0++2bp, frameshift)",lab_a,5,16,16,5,11,-0.06830510588554546,1.0527095207676933,0.9491829322516113,True,
OM429_003336,174226,"OM429_003336:174226 indel A->AAC,*,ACG,G (insdel/snv +0++2bp, frameshift)",lab_a,6,20,20,13,7,-0.5869548342731522,0.4826224001995509,0.23962583348379968,True,
OM429_003336,174226,"OM429_003336:174226 indel A->AAC,*,ACG,G (insdel/snv +0++2bp, frameshift)",lab_b,1,75,75,75,0,,,,False,allele classes too small (75/0)
OM429_003336,174226,"OM429_003336:174226 indel A->AAC,*,ACG,G (insdel/snv +0++2bp, frameshift)",lab_b,2,12,12,12,0,,,,False,allele classes too small (12/0)
OM429_003336,174226,"OM429_003336:174226 indel A->AAC,*,ACG,G (insdel/snv +0++2bp, frameshift)",lab_b,3,11,11,11,0,,,,False,allele classes too small (11/0)
OM429_003336,174226,"OM429_003336:174226 indel A->AAC,*,ACG,G (insdel/snv +0++2bp, frameshift)",lab_b,4,37,37,37,0,,,,False,allele classes too small (37/0)
OM429_003336,174226,"OM429_003336:174226 indel A->AAC,*,ACG,G (insdel/snv +0++2bp, frameshift)",lab_b,5,16,16,5,11,-1.2081812303466934,0.9291153338902003,0.21447873405824136,True,
OM429_003336,174226,"OM429_003336:174226 indel A->AAC,*,ACG,G (insdel/snv +0++2bp, frameshift)",lab_b,6,20,20,13,7,-0.5375204887748247,0.27199712145069743,0.06366272758095935,True,
OM429_003336,174228,"OM429_003336:174228 indel CGGCGGG->CGG,C (del -6+-4bp, frameshift)",chroma,1,75,75,75,0,,,,False,allele classes too small (75/0)
OM429_003336,174228,"OM429_003336:174228 indel CGGCGGG->CGG,C (del -6+-4bp, frameshift)",chroma,2,12,12,12,0,,,,False,allele classes too small (12/0)
OM429_003336,174228,"OM429_003336:174228 indel CGGCGGG->CGG,C (del -6+-4bp, frameshift)",chroma,3,11,11,11,0,,,,False,allele classes too small (11/0)
OM429_003336,174228,"OM429_003336:174228 indel CGGCGGG->CGG,C (del -6+-4bp, frameshift)",chroma,4,37,37,37,0,,,,False,allele classes too small (37/0)
OM429_003336,174228,"OM429_003336:174228 indel CGGCGGG->CGG,C (del -6+-4bp, frameshift)",chroma,5,16,16,12,4,0.4041131453920885,1.293694940985631,0.7593625463699429,True,
OM429_003336,174228,"OM429_003336:174228 indel CGGCGGG->CGG,C (del -6+-4bp, frameshift)",chroma,6,20,20,20,0,,,,False,allele classes too small (20/0)
OM429_003336,174228,"OM429_003336:174228 indel CGGCGGG->CGG,C (del -6+-4bp, frameshift)",sat,1,75,75,75,0,,,,False,allele classes too small (75/0)
OM429_003336,174228,"OM429_003336:174228 indel CGGCGGG->CGG,C (del -6+-4bp, frameshift)",sat,2,12,12,12,0,,,,False,allele classes too small (12/0)
OM429_003336,174228,"OM429_003336:174228 indel CGGCGGG->CGG,C (del -6+-4bp, frameshift)",sat,3,11,11,11,0,,,,False,allele classes too small (11/0)
OM429_003336,174228,"OM429_003336:174228 indel CGGCGGG->CGG,C (del -6+-4bp, frameshift)",sat,4,37,37,37,0,,,,False,allele classes too small (37/0)
OM429_003336,174228,"OM429_003336:174228 indel CGGCGGG->CGG,C (del -6+-4bp, frameshift)",sat,5,16,16,12,4,0.004862456298947502,0.0323008898089096,0.8824889136700935,True,
OM429_003336,174228,"OM429_003336:174228 indel CGGCGGG->CGG,C (del -6+-4bp, frameshift)",sat,6,20,20,20,0,,,,False,allele classes too small (20/0)
OM429_003336,174228,"OM429_003336:174228 indel CGGCGGG->CGG,C (del -6+-4bp, frameshift)",bright,1,75,75,75,0,,,,False,allele classes too small (75/0)
OM429_003336,174228,"OM429_003336:174228 indel CGGCGGG->CGG,C (del -6+-4bp, frameshift)",bright,2,12,12,12,0,,,,False,allele classes too small (12/0)
OM429_003336,174228,"OM429_003336:174228 indel CGGCGGG->CGG,C (del -6+-4bp, frameshift)",bright,3,11,11,11,0,,,,False,allele classes too small (11/0)
OM429_003336,174228,"OM429_003336:174228 indel CGGCGGG->CGG,C (del -6+-4bp, frameshift)",bright,4,37,37,37,0,,,,False,allele classes too small (37/0)
OM429_003336,174228,"OM429_003336:174228 indel CGGCGGG->CGG,C (del -6+-4bp, frameshift)",bright,5,16,16,12,4,0.0009645768164594226,0.01946941483147624,0.9611863069522343,True,
OM429_003336,174228,"OM429_003336:174228 indel CGGCGGG->CGG,C (del -6+-4bp, frameshift)",bright,6,20,20,20,0,,,,False,allele classes too small (20/0)
OM429_003336,174228,"OM429_003336:174228 indel CGGCGGG->CGG,C (del -6+-4bp, frameshift)",lab_L,1,75,75,75,0,,,,False,allele classes too small (75/0)
OM429_003336,174228,"OM429_003336:174228 indel CGGCGGG->CGG,C (del -6+-4bp, frameshift)",lab_L,2,12,12,12,0,,,,False,allele classes too small (12/0)
OM429_003336,174228,"OM429_003336:174228 indel CGGCGGG->CGG,C (del -6+-4bp, frameshift)",lab_L,3,11,11,11,0,,,,False,allele classes too small (11/0)
OM429_003336,174228,"OM429_003336:174228 indel CGGCGGG->CGG,C (del -6+-4bp, frameshift)",lab_L,4,37,37,37,0,,,,False,allele classes too small (37/0)
OM429_003336,174228,"OM429_003336:174228 indel CGGCGGG->CGG,C (del -6+-4bp, frameshift)",lab_L,5,16,16,12,4,-0.289553277647651,0.5852423962798352,0.628444762181938,True,
OM429_003336,174228,"OM429_003336:174228 indel CGGCGGG->CGG,C (del -6+-4bp, frameshift)",lab_L,6,20,20,20,0,,,,False,allele classes too small (20/0)
OM429_003336,174228,"OM429_003336:174228 indel CGGCGGG->CGG,C (del -6+-4bp, frameshift)",lab_a,1,75,75,75,0,,,,False,allele classes too small (75/0)
OM429_003336,174228,"OM429_003336:174228 indel CGGCGGG->CGG,C (del -6+-4bp, frameshift)",lab_a,2,12,12,12,0,,,,False,allele classes too small (12/0)
OM429_003336,174228,"OM429_003336:174228 indel CGGCGGG->CGG,C (del -6+-4bp, frameshift)",lab_a,3,11,11,11,0,,,,False,allele classes too small (11/0)
OM429_003336,174228,"OM429_003336:174228 indel CGGCGGG->CGG,C (del -6+-4bp, frameshift)",lab_a,4,37,37,37,0,,,,False,allele classes too small (37/0)
OM429_003336,174228,"OM429_003336:174228 indel CGGCGGG->CGG,C (del -6+-4bp, frameshift)",lab_a,5,16,16,12,4,0.6814832305146563,1.1122133288112377,0.5498810030931948,True,
OM429_003336,174228,"OM429_003336:174228 indel CGGCGGG->CGG,C (del -6+-4bp, frameshift)",lab_a,6,20,20,20,0,,,,False,allele classes too small (20/0)
OM429_003336,174228,"OM429_003336:174228 indel CGGCGGG->CGG,C (del -6+-4bp, frameshift)",lab_b,1,75,75,75,0,,,,False,allele classes too small (75/0)
OM429_003336,174228,"OM429_003336:174228 indel CGGCGGG->CGG,C (del -6+-4bp, frameshift)",lab_b,2,12,12,12,0,,,,False,allele classes too small (12/0)
OM429_003336,174228,"OM429_003336:174228 indel CGGCGGG->CGG,C (del -6+-4bp, frameshift)",lab_b,3,11,11,11,0,,,,False,allele classes too small (11/0)
OM429_003336,174228,"OM429_003336:174228 indel CGGCGGG->CGG,C (del -6+-4bp, frameshift)",lab_b,4,37,37,37,0,,,,False,allele classes too small (37/0)
OM429_003336,174228,"OM429_003336:174228 indel CGGCGGG->CGG,C (del -6+-4bp, frameshift)",lab_b,5,16,16,12,4,-0.41108977341200315,1.0471605861593407,0.7005449784936579,True,
OM429_003336,174228,"OM429_003336:174228 indel CGGCGGG->CGG,C (del -6+-4bp, frameshift)",lab_b,6,20,20,20,0,,,,False,allele classes too small (20/0)
OM429_003336,174231,"OM429_003336:174231 indel CGGGGG->C,* (del -5bp, frameshift)",chroma,1,75,75,75,0,,,,False,allele classes too small (75/0)
OM429_003336,174231,"OM429_003336:174231 indel CGGGGG->C,* (del -5bp, frameshift)",chroma,2,12,12,12,0,,,,False,allele classes too small (12/0)
OM429_003336,174231,"OM429_003336:174231 indel CGGGGG->C,* (del -5bp, frameshift)",chroma,3,11,11,11,0,,,,False,allele classes too small (11/0)
OM429_003336,174231,"OM429_003336:174231 indel CGGGGG->C,* (del -5bp, frameshift)",chroma,4,37,37,37,0,,,,False,allele classes too small (37/0)
OM429_003336,174231,"OM429_003336:174231 indel CGGGGG->C,* (del -5bp, frameshift)",chroma,5,16,16,6,10,0.333108613879616,1.15772333613675,0.7777708048676063,True,
OM429_003336,174231,"OM429_003336:174231 indel CGGGGG->C,* (del -5bp, frameshift)",chroma,6,20,20,14,6,-0.35430345170120864,0.5108977337876052,0.49685316685248254,True,
OM429_003336,174231,"OM429_003336:174231 indel CGGGGG->C,* (del -5bp, frameshift)",sat,1,75,75,75,0,,,,False,allele classes too small (75/0)
OM429_003336,174231,"OM429_003336:174231 indel CGGGGG->C,* (del -5bp, frameshift)",sat,2,12,12,12,0,,,,False,allele classes too small (12/0)
OM429_003336,174231,"OM429_003336:174231 indel CGGGGG->C,* (del -5bp, frameshift)",sat,3,11,11,11,0,,,,False,allele classes too small (11/0)
OM429_003336,174231,"OM429_003336:174231 indel CGGGGG->C,* (del -5bp, frameshift)",sat,4,37,37,37,0,,,,False,allele classes too small (37/0)
OM429_003336,174231,"OM429_003336:174231 indel CGGGGG->C,* (del -5bp, frameshift)",sat,5,16,16,6,10,0.0007222852788880167,0.028913522407829993,0.9804227933709945,True,
OM429_003336,174231,"OM429_003336:174231 indel CGGGGG->C,* (del -5bp, frameshift)",sat,6,20,20,14,6,-0.010995456977275936,0.01168970168292211,0.3593572868386859,True,
OM429_003336,174231,"OM429_003336:174231 indel CGGGGG->C,* (del -5bp, frameshift)",bright,1,75,75,75,0,,,,False,allele classes too small (75/0)
OM429_003336,174231,"OM429_003336:174231 indel CGGGGG->C,* (del -5bp, frameshift)",bright,2,12,12,12,0,,,,False,allele classes too small (12/0)
OM429_003336,174231,"OM429_003336:174231 indel CGGGGG->C,* (del -5bp, frameshift)",bright,3,11,11,11,0,,,,False,allele classes too small (11/0)
OM429_003336,174231,"OM429_003336:174231 indel CGGGGG->C,* (del -5bp, frameshift)",bright,4,37,37,37,0,,,,False,allele classes too small (37/0)
OM429_003336,174231,"OM429_003336:174231 indel CGGGGG->C,* (del -5bp, frameshift)",bright,5,16,16,6,10,-0.005508602273594247,0.017353160484469252,0.7555940083301289,True,
OM429_003336,174231,"OM429_003336:174231 indel CGGGGG->C,* (del -5bp, frameshift)",bright,6,20,20,14,6,0.0009506461469152833,0.007985790549201507,0.9065604203043546,True,
OM429_003336,174231,"OM429_003336:174231 indel CGGGGG->C,* (del -5bp, frameshift)",lab_L,1,75,75,75,0,,,,False,allele classes too small (75/0)
OM429_003336,174231,"OM429_003336:174231 indel CGGGGG->C,* (del -5bp, frameshift)",lab_L,2,12,12,12,0,,,,False,allele classes too small (12/0)
OM429_003336,174231,"OM429_003336:174231 indel CGGGGG->C,* (del -5bp, frameshift)",lab_L,3,11,11,11,0,,,,False,allele classes too small (11/0)
OM429_003336,174231,"OM429_003336:174231 indel CGGGGG->C,* (del -5bp, frameshift)",lab_L,4,37,37,37,0,,,,False,allele classes too small (37/0)
OM429_003336,174231,"OM429_003336:174231 indel CGGGGG->C,* (del -5bp, frameshift)",lab_L,5,16,16,6,10,-0.6937156263702169,0.49439201689150114,0.18235480779580396,True,
OM429_003336,174231,"OM429_003336:174231 indel CGGGGG->C,* (del -5bp, frameshift)",lab_L,6,20,20,14,6,0.29919091916867807,0.3900787377442317,0.45302420881115874,True,
OM429_003336,174231,"OM429_003336:174231 indel CGGGGG->C,* (del -5bp, frameshift)",lab_a,1,75,75,75,0,,,,False,allele classes too small (75/0)
OM429_003336,174231,"OM429_003336:174231 indel CGGGGG->C,* (del -5bp, frameshift)",lab_a,2,12,12,12,0,,,,False,allele classes too small (12/0)
OM429_003336,174231,"OM429_003336:174231 indel CGGGGG->C,* (del -5bp, frameshift)",lab_a,3,11,11,11,0,,,,False,allele classes too small (11/0)
OM429_003336,174231,"OM429_003336:174231 indel CGGGGG->C,* (del -5bp, frameshift)",lab_a,4,37,37,37,0,,,,False,allele classes too small (37/0)
OM429_003336,174231,"OM429_003336:174231 indel CGGGGG->C,* (del -5bp, frameshift)",lab_a,5,16,16,6,10,0.6913896875368393,0.9909635602764924,0.49679298920418985,True,
OM429_003336,174231,"OM429_003336:174231 indel CGGGGG->C,* (del -5bp, frameshift)",lab_a,6,20,20,14,6,-0.21592286907829195,0.5200762972752526,0.682920389952566,True,
OM429_003336,174231,"OM429_003336:174231 indel CGGGGG->C,* (del -5bp, frameshift)",lab_b,1,75,75,75,0,,,,False,allele classes too small (75/0)
OM429_003336,174231,"OM429_003336:174231 indel CGGGGG->C,* (del -5bp, frameshift)",lab_b,2,12,12,12,0,,,,False,allele classes too small (12/0)
OM429_003336,174231,"OM429_003336:174231 indel CGGGGG->C,* (del -5bp, frameshift)",lab_b,3,11,11,11,0,,,,False,allele classes too small (11/0)
OM429_003336,174231,"OM429_003336:174231 indel CGGGGG->C,* (del -5bp, frameshift)",lab_b,4,37,37,37,0,,,,False,allele classes too small (37/0)
OM429_003336,174231,"OM429_003336:174231 indel CGGGGG->C,* (del -5bp, frameshift)",lab_b,5,16,16,6,10,-0.7949658624784102,0.9174706068798815,0.4008359468283301,True,
OM429_003336,174231,"OM429_003336:174231 indel CGGGGG->C,* (del -5bp, frameshift)",lab_b,6,20,20,14,6,-0.36361057959595416,0.3003193155339698,0.24165083508718646,True,
OM429_003336,174237,"OM429_003336:174237 indel G->C,GACC (insdel/snv +0++3bp, in-frame)",chroma,1,75,75,75,0,,,,False,allele classes too small (75/0)
OM429_003336,174237,"OM429_003336:174237 indel G->C,GACC (insdel/snv +0++3bp, in-frame)",chroma,2,12,12,12,0,,,,False,allele classes too small (12/0)
OM429_003336,174237,"OM429_003336:174237 indel G->C,GACC (insdel/snv +0++3bp, in-frame)",chroma,3,11,11,11,0,,,,False,allele classes too small (11/0)
OM429_003336,174237,"OM429_003336:174237 indel G->C,GACC (insdel/snv +0++3bp, in-frame)",chroma,4,37,37,37,0,,,,False,allele classes too small (37/0)
OM429_003336,174237,"OM429_003336:174237 indel G->C,GACC (insdel/snv +0++3bp, in-frame)",chroma,5,16,16,13,3,0.2803264888445322,1.438268531680098,0.8482670866908801,True,
OM429_003336,174237,"OM429_003336:174237 indel G->C,GACC (insdel/snv +0++3bp, in-frame)",chroma,6,20,20,20,0,,,,False,allele classes too small (20/0)
OM429_003336,174237,"OM429_003336:174237 indel G->C,GACC (insdel/snv +0++3bp, in-frame)",sat,1,75,75,75,0,,,,False,allele classes too small (75/0)
OM429_003336,174237,"OM429_003336:174237 indel G->C,GACC (insdel/snv +0++3bp, in-frame)",sat,2,12,12,12,0,,,,False,allele classes too small (12/0)
OM429_003336,174237,"OM429_003336:174237 indel G->C,GACC (insdel/snv +0++3bp, in-frame)",sat,3,11,11,11,0,,,,False,allele classes too small (11/0)
OM429_003336,174237,"OM429_003336:174237 indel G->C,GACC (insdel/snv +0++3bp, in-frame)",sat,4,37,37,37,0,,,,False,allele classes too small (37/0)
OM429_003336,174237,"OM429_003336:174237 indel G->C,GACC (insdel/snv +0++3bp, in-frame)",sat,5,16,16,13,3,0.005211588248415964,0.03583655228426981,0.8864470826051832,True,
OM429_003336,174237,"OM429_003336:174237 indel G->C,GACC (insdel/snv +0++3bp, in-frame)",sat,6,20,20,20,0,,,,False,allele classes too small (20/0)
OM429_003336,174237,"OM429_003336:174237 indel G->C,GACC (insdel/snv +0++3bp, in-frame)",bright,1,75,75,75,0,,,,False,allele classes too small (75/0)
OM429_003336,174237,"OM429_003336:174237 indel G->C,GACC (insdel/snv +0++3bp, in-frame)",bright,2,12,12,12,0,,,,False,allele classes too small (12/0)
OM429_003336,174237,"OM429_003336:174237 indel G->C,GACC (insdel/snv +0++3bp, in-frame)",bright,3,11,11,11,0,,,,False,allele classes too small (11/0)
OM429_003336,174237,"OM429_003336:174237 indel G->C,GACC (insdel/snv +0++3bp, in-frame)",bright,4,37,37,37,0,,,,False,allele classes too small (37/0)
OM429_003336,174237,"OM429_003336:174237 indel G->C,GACC (insdel/snv +0++3bp, in-frame)",bright,5,16,16,13,3,0.008199450088326236,0.021489826532640106,0.7085232922778365,True,
OM429_003336,174237,"OM429_003336:174237 indel G->C,GACC (insdel/snv +0++3bp, in-frame)",bright,6,20,20,20,0,,,,False,allele classes too small (20/0)
OM429_003336,174237,"OM429_003336:174237 indel G->C,GACC (insdel/snv +0++3bp, in-frame)",lab_L,1,75,75,75,0,,,,False,allele classes too small (75/0)
OM429_003336,174237,"OM429_003336:174237 indel G->C,GACC (insdel/snv +0++3bp, in-frame)",lab_L,2,12,12,12,0,,,,False,allele classes too small (12/0)
OM429_003336,174237,"OM429_003336:174237 indel G->C,GACC (insdel/snv +0++3bp, in-frame)",lab_L,3,11,11,11,0,,,,False,allele classes too small (11/0)
OM429_003336,174237,"OM429_003336:174237 indel G->C,GACC (insdel/snv +0++3bp, in-frame)",lab_L,4,37,37,37,0,,,,False,allele classes too small (37/0)
OM429_003336,174237,"OM429_003336:174237 indel G->C,GACC (insdel/snv +0++3bp, in-frame)",lab_L,5,16,16,13,3,0.11590874197967721,0.6541866232108656,0.8619048639964739,True,
OM429_003336,174237,"OM429_003336:174237 indel G->C,GACC (insdel/snv +0++3bp, in-frame)",lab_L,6,20,20,20,0,,,,False,allele classes too small (20/0)
OM429_003336,174237,"OM429_003336:174237 indel G->C,GACC (insdel/snv +0++3bp, in-frame)",lab_a,1,75,75,75,0,,,,False,allele classes too small (75/0)
OM429_003336,174237,"OM429_003336:174237 indel G->C,GACC (insdel/snv +0++3bp, in-frame)",lab_a,2,12,12,12,0,,,,False,allele classes too small (12/0)
OM429_003336,174237,"OM429_003336:174237 indel G->C,GACC (insdel/snv +0++3bp, in-frame)",lab_a,3,11,11,11,0,,,,False,allele classes too small (11/0)
OM429_003336,174237,"OM429_003336:174237 indel G->C,GACC (insdel/snv +0++3bp, in-frame)",lab_a,4,37,37,37,0,,,,False,allele classes too small (37/0)
OM429_003336,174237,"OM429_003336:174237 indel G->C,GACC (insdel/snv +0++3bp, in-frame)",lab_a,5,16,16,13,3,0.19814074302089488,1.2492029876247812,0.8762384935372417,True,
OM429_003336,174237,"OM429_003336:174237 indel G->C,GACC (insdel/snv +0++3bp, in-frame)",lab_a,6,20,20,20,0,,,,False,allele classes too small (20/0)
OM429_003336,174237,"OM429_003336:174237 indel G->C,GACC (insdel/snv +0++3bp, in-frame)",lab_b,1,75,75,75,0,,,,False,allele classes too small (75/0)
OM429_003336,174237,"OM429_003336:174237 indel G->C,GACC (insdel/snv +0++3bp, in-frame)",lab_b,2,12,12,12,0,,,,False,allele classes too small (12/0)
OM429_003336,174237,"OM429_003336:174237 indel G->C,GACC (insdel/snv +0++3bp, in-frame)",lab_b,3,11,11,11,0,,,,False,allele classes too small (11/0)
OM429_003336,174237,"OM429_003336:174237 indel G->C,GACC (insdel/snv +0++3bp, in-frame)",lab_b,4,37,37,37,0,,,,False,allele classes too small (37/0)
OM429_003336,174237,"OM429_003336:174237 indel G->C,GACC (insdel/snv +0++3bp, in-frame)",lab_b,5,16,16,13,3,0.6366984624885456,1.1556361132787547,0.5903521080389792,True,
OM429_003336,174237,"OM429_003336:174237 indel G->C,GACC (insdel/snv +0++3bp, in-frame)",lab_b,6,20,20,20,0,,,,False,allele classes too small (20/0)
OM429_003336,174239,"OM429_003336:174239 indel GGA->CGA,G,GTTAGA (insdel/snv -2++0++3bp, frameshift)",chroma,1,75,75,75,0,,,,False,allele classes too small (75/0)
OM429_003336,174239,"OM429_003336:174239 indel GGA->CGA,G,GTTAGA (insdel/snv -2++0++3bp, frameshift)",chroma,2,12,12,12,0,,,,False,allele classes too small (12/0)
OM429_003336,174239,"OM429_003336:174239 indel GGA->CGA,G,GTTAGA (insdel/snv -2++0++3bp, frameshift)",chroma,3,11,11,11,0,,,,False,allele classes too small (11/0)
OM429_003336,174239,"OM429_003336:174239 indel GGA->CGA,G,GTTAGA (insdel/snv -2++0++3bp, frameshift)",chroma,4,37,37,37,0,,,,False,allele classes too small (37/0)
OM429_003336,174239,"OM429_003336:174239 indel GGA->CGA,G,GTTAGA (insdel/snv -2++0++3bp, frameshift)",chroma,5,16,16,5,11,-0.5620699727188996,1.2034331443160529,0.647646096022638,True,
OM429_003336,174239,"OM429_003336:174239 indel GGA->CGA,G,GTTAGA (insdel/snv -2++0++3bp, frameshift)",chroma,6,20,20,12,8,-0.489092249439636,0.47032129249123034,0.3121490232510712,True,
OM429_003336,174239,"OM429_003336:174239 indel GGA->CGA,G,GTTAGA (insdel/snv -2++0++3bp, frameshift)",sat,1,75,75,75,0,,,,False,allele classes too small (75/0)
OM429_003336,174239,"OM429_003336:174239 indel GGA->CGA,G,GTTAGA (insdel/snv -2++0++3bp, frameshift)",sat,2,12,12,12,0,,,,False,allele classes too small (12/0)
OM429_003336,174239,"OM429_003336:174239 indel GGA->CGA,G,GTTAGA (insdel/snv -2++0++3bp, frameshift)",sat,3,11,11,11,0,,,,False,allele classes too small (11/0)
OM429_003336,174239,"OM429_003336:174239 indel GGA->CGA,G,GTTAGA (insdel/snv -2++0++3bp, frameshift)",sat,4,37,37,37,0,,,,False,allele classes too small (37/0)
OM429_003336,174239,"OM429_003336:174239 indel GGA->CGA,G,GTTAGA (insdel/snv -2++0++3bp, frameshift)",sat,5,16,16,5,11,-0.02137609730248749,0.02965456603617645,0.48287403543950214,True,
OM429_003336,174239,"OM429_003336:174239 indel GGA->CGA,G,GTTAGA (insdel/snv -2++0++3bp, frameshift)",sat,6,20,20,12,8,-0.01590249644025609,0.010554414288322527,0.14923266925557413,True,
OM429_003336,174239,"OM429_003336:174239 indel GGA->CGA,G,GTTAGA (insdel/snv -2++0++3bp, frameshift)",bright,1,75,75,75,0,,,,False,allele classes too small (75/0)
OM429_003336,174239,"OM429_003336:174239 indel GGA->CGA,G,GTTAGA (insdel/snv -2++0++3bp, frameshift)",bright,2,12,12,12,0,,,,False,allele classes too small (12/0)
OM429_003336,174239,"OM429_003336:174239 indel GGA->CGA,G,GTTAGA (insdel/snv -2++0++3bp, frameshift)",bright,3,11,11,11,0,,,,False,allele classes too small (11/0)
OM429_003336,174239,"OM429_003336:174239 indel GGA->CGA,G,GTTAGA (insdel/snv -2++0++3bp, frameshift)",bright,4,37,37,37,0,,,,False,allele classes too small (37/0)
OM429_003336,174239,"OM429_003336:174239 indel GGA->CGA,G,GTTAGA (insdel/snv -2++0++3bp, frameshift)",bright,5,16,16,5,11,-0.012041258314432956,0.017902954756258985,0.5121603703798958,True,
OM429_003336,174239,"OM429_003336:174239 indel GGA->CGA,G,GTTAGA (insdel/snv -2++0++3bp, frameshift)",bright,6,20,20,12,8,-0.0021270308274628823,0.007456126863195258,0.7786916539460716,True,
OM429_003336,174239,"OM429_003336:174239 indel GGA->CGA,G,GTTAGA (insdel/snv -2++0++3bp, frameshift)",lab_L,1,75,75,75,0,,,,False,allele classes too small (75/0)
OM429_003336,174239,"OM429_003336:174239 indel GGA->CGA,G,GTTAGA (insdel/snv -2++0++3bp, frameshift)",lab_L,2,12,12,12,0,,,,False,allele classes too small (12/0)
OM429_003336,174239,"OM429_003336:174239 indel GGA->CGA,G,GTTAGA (insdel/snv -2++0++3bp, frameshift)",lab_L,3,11,11,11,0,,,,False,allele classes too small (11/0)
OM429_003336,174239,"OM429_003336:174239 indel GGA->CGA,G,GTTAGA (insdel/snv -2++0++3bp, frameshift)",lab_L,4,37,37,37,0,,,,False,allele classes too small (37/0)
OM429_003336,174239,"OM429_003336:174239 indel GGA->CGA,G,GTTAGA (insdel/snv -2++0++3bp, frameshift)",lab_L,5,16,16,5,11,-0.3630625101344001,0.5428883823946751,0.5145247432909898,True,
OM429_003336,174239,"OM429_003336:174239 indel GGA->CGA,G,GTTAGA (insdel/snv -2++0++3bp, frameshift)",lab_L,6,20,20,12,8,0.20765737963337708,0.3675554840099934,0.5790689817809777,True,
OM429_003336,174239,"OM429_003336:174239 indel GGA->CGA,G,GTTAGA (insdel/snv -2++0++3bp, frameshift)",lab_a,1,75,75,75,0,,,,False,allele classes too small (75/0)
OM429_003336,174239,"OM429_003336:174239 indel GGA->CGA,G,GTTAGA (insdel/snv -2++0++3bp, frameshift)",lab_a,2,12,12,12,0,,,,False,allele classes too small (12/0)
OM429_003336,174239,"OM429_003336:174239 indel GGA->CGA,G,GTTAGA (insdel/snv -2++0++3bp, frameshift)",lab_a,3,11,11,11,0,,,,False,allele classes too small (11/0)
OM429_003336,174239,"OM429_003336:174239 indel GGA->CGA,G,GTTAGA (insdel/snv -2++0++3bp, frameshift)",lab_a,4,37,37,37,0,,,,False,allele classes too small (37/0)
OM429_003336,174239,"OM429_003336:174239 indel GGA->CGA,G,GTTAGA (insdel/snv -2++0++3bp, frameshift)",lab_a,5,16,16,5,11,-0.06830510588554546,1.0527095207676933,0.9491829322516113,True,
OM429_003336,174239,"OM429_003336:174239 indel GGA->CGA,G,GTTAGA (insdel/snv -2++0++3bp, frameshift)",lab_a,6,20,20,12,8,-0.29932476619006865,0.4836923594781715,0.5437793842296299,True,
OM429_003336,174239,"OM429_003336:174239 indel GGA->CGA,G,GTTAGA (insdel/snv -2++0++3bp, frameshift)",lab_b,1,75,75,75,0,,,,False,allele classes too small (75/0)
OM429_003336,174239,"OM429_003336:174239 indel GGA->CGA,G,GTTAGA (insdel/snv -2++0++3bp, frameshift)",lab_b,2,12,12,12,0,,,,False,allele classes too small (12/0)
OM429_003336,174239,"OM429_003336:174239 indel GGA->CGA,G,GTTAGA (insdel/snv -2++0++3bp, frameshift)",lab_b,3,11,11,11,0,,,,False,allele classes too small (11/0)
OM429_003336,174239,"OM429_003336:174239 indel GGA->CGA,G,GTTAGA (insdel/snv -2++0++3bp, frameshift)",lab_b,4,37,37,37,0,,,,False,allele classes too small (37/0)
OM429_003336,174239,"OM429_003336:174239 indel GGA->CGA,G,GTTAGA (insdel/snv -2++0++3bp, frameshift)",lab_b,5,16,16,5,11,-1.2081812303466934,0.9291153338902003,0.21447873405824136,True,
OM429_003336,174239,"OM429_003336:174239 indel GGA->CGA,G,GTTAGA (insdel/snv -2++0++3bp, frameshift)",lab_b,6,20,20,12,8,-0.539355992300581,0.2630272824007546,0.05515967488255042,True,
OM429_003336,174241,"OM429_003336:174241 indel A->AC,*,C (insdel/snv +0++1bp, frameshift)",chroma,1,75,75,75,0,,,,False,allele classes too small (75/0)
OM429_003336,174241,"OM429_003336:174241 indel A->AC,*,C (insdel/snv +0++1bp, frameshift)",chroma,2,12,12,12,0,,,,False,allele classes too small (12/0)
OM429_003336,174241,"OM429_003336:174241 indel A->AC,*,C (insdel/snv +0++1bp, frameshift)",chroma,3,11,11,11,0,,,,False,allele classes too small (11/0)
OM429_003336,174241,"OM429_003336:174241 indel A->AC,*,C (insdel/snv +0++1bp, frameshift)",chroma,4,37,37,37,0,,,,False,allele classes too small (37/0)
OM429_003336,174241,"OM429_003336:174241 indel A->AC,*,C (insdel/snv +0++1bp, frameshift)",chroma,5,16,16,6,10,0.333108613879616,1.15772333613675,0.7777708048676063,True,
OM429_003336,174241,"OM429_003336:174241 indel A->AC,*,C (insdel/snv +0++1bp, frameshift)",chroma,6,20,20,14,6,-0.35430345170120864,0.5108977337876052,0.49685316685248254,True,
OM429_003336,174241,"OM429_003336:174241 indel A->AC,*,C (insdel/snv +0++1bp, frameshift)",sat,1,75,75,75,0,,,,False,allele classes too small (75/0)
OM429_003336,174241,"OM429_003336:174241 indel A->AC,*,C (insdel/snv +0++1bp, frameshift)",sat,2,12,12,12,0,,,,False,allele classes too small (12/0)
OM429_003336,174241,"OM429_003336:174241 indel A->AC,*,C (insdel/snv +0++1bp, frameshift)",sat,3,11,11,11,0,,,,False,allele classes too small (11/0)
OM429_003336,174241,"OM429_003336:174241 indel A->AC,*,C (insdel/snv +0++1bp, frameshift)",sat,4,37,37,37,0,,,,False,allele classes too small (37/0)
OM429_003336,174241,"OM429_003336:174241 indel A->AC,*,C (insdel/snv +0++1bp, frameshift)",sat,5,16,16,6,10,0.0007222852788880167,0.028913522407829993,0.9804227933709945,True,
OM429_003336,174241,"OM429_003336:174241 indel A->AC,*,C (insdel/snv +0++1bp, frameshift)",sat,6,20,20,14,6,-0.010995456977275936,0.01168970168292211,0.3593572868386859,True,
OM429_003336,174241,"OM429_003336:174241 indel A->AC,*,C (insdel/snv +0++1bp, frameshift)",bright,1,75,75,75,0,,,,False,allele classes too small (75/0)
OM429_003336,174241,"OM429_003336:174241 indel A->AC,*,C (insdel/snv +0++1bp, frameshift)",bright,2,12,12,12,0,,,,False,allele classes too small (12/0)
OM429_003336,174241,"OM429_003336:174241 indel A->AC,*,C (insdel/snv +0++1bp, frameshift)",bright,3,11,11,11,0,,,,False,allele classes too small (11/0)
OM429_003336,174241,"OM429_003336:174241 indel A->AC,*,C (insdel/snv +0++1bp, frameshift)",bright,4,37,37,37,0,,,,False,allele classes too small (37/0)
OM429_003336,174241,"OM429_003336:174241 indel A->AC,*,C (insdel/snv +0++1bp, frameshift)",bright,5,16,16,6,10,-0.005508602273594247,0.017353160484469252,0.7555940083301289,True,
OM429_003336,174241,"OM429_003336:174241 indel A->AC,*,C (insdel/snv +0++1bp, frameshift)",bright,6,20,20,14,6,0.0009506461469152833,0.007985790549201507,0.9065604203043546,True,
OM429_003336,174241,"OM429_003336:174241 indel A->AC,*,C (insdel/snv +0++1bp, frameshift)",lab_L,1,75,75,75,0,,,,False,allele classes too small (75/0)
OM429_003336,174241,"OM429_003336:174241 indel A->AC,*,C (insdel/snv +0++1bp, frameshift)",lab_L,2,12,12,12,0,,,,False,allele classes too small (12/0)
OM429_003336,174241,"OM429_003336:174241 indel A->AC,*,C (insdel/snv +0++1bp, frameshift)",lab_L,3,11,11,11,0,,,,False,allele classes too small (11/0)
OM429_003336,174241,"OM429_003336:174241 indel A->AC,*,C (insdel/snv +0++1bp, frameshift)",lab_L,4,37,37,37,0,,,,False,allele classes too small (37/0)
OM429_003336,174241,"OM429_003336:174241 indel A->AC,*,C (insdel/snv +0++1bp, frameshift)",lab_L,5,16,16,6,10,-0.6937156263702169,0.49439201689150114,0.18235480779580396,True,
OM429_003336,174241,"OM429_003336:174241 indel A->AC,*,C (insdel/snv +0++1bp, frameshift)",lab_L,6,20,20,14,6,0.29919091916867807,0.3900787377442317,0.45302420881115874,True,
OM429_003336,174241,"OM429_003336:174241 indel A->AC,*,C (insdel/snv +0++1bp, frameshift)",lab_a,1,75,75,75,0,,,,False,allele classes too small (75/0)
OM429_003336,174241,"OM429_003336:174241 indel A->AC,*,C (insdel/snv +0++1bp, frameshift)",lab_a,2,12,12,12,0,,,,False,allele classes too small (12/0)
OM429_003336,174241,"OM429_003336:174241 indel A->AC,*,C (insdel/snv +0++1bp, frameshift)",lab_a,3,11,11,11,0,,,,False,allele classes too small (11/0)
OM429_003336,174241,"OM429_003336:174241 indel A->AC,*,C (insdel/snv +0++1bp, frameshift)",lab_a,4,37,37,37,0,,,,False,allele classes too small (37/0)
OM429_003336,174241,"OM429_003336:174241 indel A->AC,*,C (insdel/snv +0++1bp, frameshift)",lab_a,5,16,16,6,10,0.6913896875368393,0.9909635602764924,0.49679298920418985,True,
OM429_003336,174241,"OM429_003336:174241 indel A->AC,*,C (insdel/snv +0++1bp, frameshift)",lab_a,6,20,20,14,6,-0.21592286907829195,0.5200762972752526,0.682920389952566,True,
OM429_003336,174241,"OM429_003336:174241 indel A->AC,*,C (insdel/snv +0++1bp, frameshift)",lab_b,1,75,75,75,0,,,,False,allele classes too small (75/0)
OM429_003336,174241,"OM429_003336:174241 indel A->AC,*,C (insdel/snv +0++1bp, frameshift)",lab_b,2,12,12,12,0,,,,False,allele classes too small (12/0)
OM429_003336,174241,"OM429_003336:174241 indel A->AC,*,C (insdel/snv +0++1bp, frameshift)",lab_b,3,11,11,11,0,,,,False,allele classes too small (11/0)
OM429_003336,174241,"OM429_003336:174241 indel A->AC,*,C (insdel/snv +0++1bp, frameshift)",lab_b,4,37,37,37,0,,,,False,allele classes too small (37/0)
OM429_003336,174241,"OM429_003336:174241 indel A->AC,*,C (insdel/snv +0++1bp, frameshift)",lab_b,5,16,16,6,10,-0.7949658624784102,0.9174706068798815,0.4008359468283301,True,
OM429_003336,174241,"OM429_003336:174241 indel A->AC,*,C (insdel/snv +0++1bp, frameshift)",lab_b,6,20,20,14,6,-0.36361057959595416,0.3003193155339698,0.24165083508718646,True,
OM429_003336,174243,"OM429_003336:174243 indel G->GT (ins +1bp, frameshift)",chroma,1,75,75,75,0,,,,False,allele classes too small (75/0)
OM429_003336,174243,"OM429_003336:174243 indel G->GT (ins +1bp, frameshift)",chroma,2,12,12,12,0,,,,False,allele classes too small (12/0)
OM429_003336,174243,"OM429_003336:174243 indel G->GT (ins +1bp, frameshift)",chroma,3,11,11,11,0,,,,False,allele classes too small (11/0)
OM429_003336,174243,"OM429_003336:174243 indel G->GT (ins +1bp, frameshift)",chroma,4,37,37,37,0,,,,False,allele classes too small (37/0)
OM429_003336,174243,"OM429_003336:174243 indel G->GT (ins +1bp, frameshift)",chroma,5,16,16,10,6,0.009818097565945294,1.1611383415824401,0.9933728135306459,True,
OM429_003336,174243,"OM429_003336:174243 indel G->GT (ins +1bp, frameshift)",chroma,6,20,20,12,8,-0.489092249439636,0.47032129249123034,0.3121490232510712,True,
OM429_003336,174243,"OM429_003336:174243 indel G->GT (ins +1bp, frameshift)",sat,1,75,75,75,0,,,,False,allele classes too small (75/0)
OM429_003336,174243,"OM429_003336:174243 indel G->GT (ins +1bp, frameshift)",sat,2,12,12,12,0,,,,False,allele classes too small (12/0)
OM429_003336,174243,"OM429_003336:174243 indel G->GT (ins +1bp, frameshift)",sat,3,11,11,11,0,,,,False,allele classes too small (11/0)
OM429_003336,174243,"OM429_003336:174243 indel G->GT (ins +1bp, frameshift)",sat,4,37,37,37,0,,,,False,allele classes too small (37/0)
OM429_003336,174243,"OM429_003336:174243 indel G->GT (ins +1bp, frameshift)",sat,5,16,16,10,6,-0.003167679760269987,0.02890177008093065,0.9142808960124097,True,
OM429_003336,174243,"OM429_003336:174243 indel G->GT (ins +1bp, frameshift)",sat,6,20,20,12,8,-0.01590249644025609,0.010554414288322527,0.14923266925557413,True,
OM429_003336,174243,"OM429_003336:174243 indel G->GT (ins +1bp, frameshift)",bright,1,75,75,75,0,,,,False,allele classes too small (75/0)
OM429_003336,174243,"OM429_003336:174243 indel G->GT (ins +1bp, frameshift)",bright,2,12,12,12,0,,,,False,allele classes too small (12/0)
OM429_003336,174243,"OM429_003336:174243 indel G->GT (ins +1bp, frameshift)",bright,3,11,11,11,0,,,,False,allele classes too small (11/0)
OM429_003336,174243,"OM429_003336:174243 indel G->GT (ins +1bp, frameshift)",bright,4,37,37,37,0,,,,False,allele classes too small (37/0)
OM429_003336,174243,"OM429_003336:174243 indel G->GT (ins +1bp, frameshift)",bright,5,16,16,10,6,-0.006280263726761785,0.01733442794335555,0.7225384322417842,True,
OM429_003336,174243,"OM429_003336:174243 indel G->GT (ins +1bp, frameshift)",bright,6,20,20,12,8,-0.0021270308274628823,0.007456126863195258,0.7786916539460716,True,
OM429_003336,174243,"OM429_003336:174243 indel G->GT (ins +1bp, frameshift)",lab_L,1,75,75,75,0,,,,False,allele classes too small (75/0)
OM429_003336,174243,"OM429_003336:174243 indel G->GT (ins +1bp, frameshift)",lab_L,2,12,12,12,0,,,,False,allele classes too small (12/0)
OM429_003336,174243,"OM429_003336:174243 indel G->GT (ins +1bp, frameshift)",lab_L,3,11,11,11,0,,,,False,allele classes too small (11/0)
OM429_003336,174243,"OM429_003336:174243 indel G->GT (ins +1bp, frameshift)",lab_L,4,37,37,37,0,,,,False,allele classes too small (37/0)
OM429_003336,174243,"OM429_003336:174243 indel G->GT (ins +1bp, frameshift)",lab_L,5,16,16,10,6,-0.4620730042520961,0.5133683193336447,0.3832987836873985,True,
OM429_003336,174243,"OM429_003336:174243 indel G->GT (ins +1bp, frameshift)",lab_L,6,20,20,12,8,0.20765737963337708,0.3675554840099934,0.5790689817809777,True,
OM429_003336,174243,"OM429_003336:174243 indel G->GT (ins +1bp, frameshift)",lab_a,1,75,75,75,0,,,,False,allele classes too small (75/0)
OM429_003336,174243,"OM429_003336:174243 indel G->GT (ins +1bp, frameshift)",lab_a,2,12,12,12,0,,,,False,allele classes too small (12/0)
OM429_003336,174243,"OM429_003336:174243 indel G->GT (ins +1bp, frameshift)",lab_a,3,11,11,11,0,,,,False,allele classes too small (11/0)
OM429_003336,174243,"OM429_003336:174243 indel G->GT (ins +1bp, frameshift)",lab_a,4,37,37,37,0,,,,False,allele classes too small (37/0)
OM429_003336,174243,"OM429_003336:174243 indel G->GT (ins +1bp, frameshift)",lab_a,5,16,16,10,6,0.14620310312511417,1.0072865687369825,0.8866649399740925,True,
OM429_003336,174243,"OM429_003336:174243 indel G->GT (ins +1bp, frameshift)",lab_a,6,20,20,12,8,-0.29932476619006865,0.4836923594781715,0.5437793842296299,True,
OM429_003336,174243,"OM429_003336:174243 indel G->GT (ins +1bp, frameshift)",lab_b,1,75,75,75,0,,,,False,allele classes too small (75/0)
OM429_003336,174243,"OM429_003336:174243 indel G->GT (ins +1bp, frameshift)",lab_b,2,12,12,12,0,,,,False,allele classes too small (12/0)
OM429_003336,174243,"OM429_003336:174243 indel G->GT (ins +1bp, frameshift)",lab_b,3,11,11,11,0,,,,False,allele classes too small (11/0)
OM429_003336,174243,"OM429_003336:174243 indel G->GT (ins +1bp, frameshift)",lab_b,4,37,37,37,0,,,,False,allele classes too small (37/0)
OM429_003336,174243,"OM429_003336:174243 indel G->GT (ins +1bp, frameshift)",lab_b,5,16,16,10,6,-0.4660940437488076,0.93347505390677,0.6253151256725923,True,
OM429_003336,174243,"OM429_003336:174243 indel G->GT (ins +1bp, frameshift)",lab_b,6,20,20,12,8,-0.539355992300581,0.2630272824007546,0.05515967488255042,True,
OM429_003336,174244,"OM429_003336:174244 indel AG->GG,A (insdel/snv -1++0bp, frameshift)",chroma,1,75,75,75,0,,,,False,allele classes too small (75/0)
OM429_003336,174244,"OM429_003336:174244 indel AG->GG,A (insdel/snv -1++0bp, frameshift)",chroma,2,12,12,12,0,,,,False,allele classes too small (12/0)
OM429_003336,174244,"OM429_003336:174244 indel AG->GG,A (insdel/snv -1++0bp, frameshift)",chroma,3,11,11,11,0,,,,False,allele classes too small (11/0)
OM429_003336,174244,"OM429_003336:174244 indel AG->GG,A (insdel/snv -1++0bp, frameshift)",chroma,4,37,37,37,0,,,,False,allele classes too small (37/0)
OM429_003336,174244,"OM429_003336:174244 indel AG->GG,A (insdel/snv -1++0bp, frameshift)",chroma,5,16,16,6,10,0.333108613879616,1.15772333613675,0.7777708048676063,True,
OM429_003336,174244,"OM429_003336:174244 indel AG->GG,A (insdel/snv -1++0bp, frameshift)",chroma,6,20,20,11,9,-0.2153556756788029,0.4741405536196103,0.6551125515098798,True,
OM429_003336,174244,"OM429_003336:174244 indel AG->GG,A (insdel/snv -1++0bp, frameshift)",sat,1,75,75,75,0,,,,False,allele classes too small (75/0)
OM429_003336,174244,"OM429_003336:174244 indel AG->GG,A (insdel/snv -1++0bp, frameshift)",sat,2,12,12,12,0,,,,False,allele classes too small (12/0)
OM429_003336,174244,"OM429_003336:174244 indel AG->GG,A (insdel/snv -1++0bp, frameshift)",sat,3,11,11,11,0,,,,False,allele classes too small (11/0)
OM429_003336,174244,"OM429_003336:174244 indel AG->GG,A (insdel/snv -1++0bp, frameshift)",sat,4,37,37,37,0,,,,False,allele classes too small (37/0)
OM429_003336,174244,"OM429_003336:174244 indel AG->GG,A (insdel/snv -1++0bp, frameshift)",sat,5,16,16,6,10,0.0007222852788880167,0.028913522407829993,0.9804227933709945,True,
OM429_003336,174244,"OM429_003336:174244 indel AG->GG,A (insdel/snv -1++0bp, frameshift)",sat,6,20,20,11,9,-0.00714111774946946,0.010900028397547829,0.5206588223546877,True,
OM429_003336,174244,"OM429_003336:174244 indel AG->GG,A (insdel/snv -1++0bp, frameshift)",bright,1,75,75,75,0,,,,False,allele classes too small (75/0)
OM429_003336,174244,"OM429_003336:174244 indel AG->GG,A (insdel/snv -1++0bp, frameshift)",bright,2,12,12,12,0,,,,False,allele classes too small (12/0)
OM429_003336,174244,"OM429_003336:174244 indel AG->GG,A (insdel/snv -1++0bp, frameshift)",bright,3,11,11,11,0,,,,False,allele classes too small (11/0)
OM429_003336,174244,"OM429_003336:174244 indel AG->GG,A (insdel/snv -1++0bp, frameshift)",bright,4,37,37,37,0,,,,False,allele classes too small (37/0)
OM429_003336,174244,"OM429_003336:174244 indel AG->GG,A (insdel/snv -1++0bp, frameshift)",bright,5,16,16,6,10,-0.005508602273594247,0.017353160484469252,0.7555940083301289,True,
OM429_003336,174244,"OM429_003336:174244 indel AG->GG,A (insdel/snv -1++0bp, frameshift)",bright,6,20,20,11,9,-0.005166444075042563,0.0072574100495694065,0.48566088912238875,True,
OM429_003336,174244,"OM429_003336:174244 indel AG->GG,A (insdel/snv -1++0bp, frameshift)",lab_L,1,75,75,75,0,,,,False,allele classes too small (75/0)
OM429_003336,174244,"OM429_003336:174244 indel AG->GG,A (insdel/snv -1++0bp, frameshift)",lab_L,2,12,12,12,0,,,,False,allele classes too small (12/0)
OM429_003336,174244,"OM429_003336:174244 indel AG->GG,A (insdel/snv -1++0bp, frameshift)",lab_L,3,11,11,11,0,,,,False,allele classes too small (11/0)
OM429_003336,174244,"OM429_003336:174244 indel AG->GG,A (insdel/snv -1++0bp, frameshift)",lab_L,4,37,37,37,0,,,,False,allele classes too small (37/0)
OM429_003336,174244,"OM429_003336:174244 indel AG->GG,A (insdel/snv -1++0bp, frameshift)",lab_L,5,16,16,6,10,-0.6937156263702169,0.49439201689150114,0.18235480779580396,True,
OM429_003336,174244,"OM429_003336:174244 indel AG->GG,A (insdel/snv -1++0bp, frameshift)",lab_L,6,20,20,11,9,-0.14588188132444171,0.3635160600867078,0.6929176155797138,True,
OM429_003336,174244,"OM429_003336:174244 indel AG->GG,A (insdel/snv -1++0bp, frameshift)",lab_a,1,75,75,75,0,,,,False,allele classes too small (75/0)
OM429_003336,174244,"OM429_003336:174244 indel AG->GG,A (insdel/snv -1++0bp, frameshift)",lab_a,2,12,12,12,0,,,,False,allele classes too small (12/0)
OM429_003336,174244,"OM429_003336:174244 indel AG->GG,A (insdel/snv -1++0bp, frameshift)",lab_a,3,11,11,11,0,,,,False,allele classes too small (11/0)
OM429_003336,174244,"OM429_003336:174244 indel AG->GG,A (insdel/snv -1++0bp, frameshift)",lab_a,4,37,37,37,0,,,,False,allele classes too small (37/0)
OM429_003336,174244,"OM429_003336:174244 indel AG->GG,A (insdel/snv -1++0bp, frameshift)",lab_a,5,16,16,6,10,0.6913896875368393,0.9909635602764924,0.49679298920418985,True,
OM429_003336,174244,"OM429_003336:174244 indel AG->GG,A (insdel/snv -1++0bp, frameshift)",lab_a,6,20,20,11,9,-0.11956231746946713,0.48052176017435616,0.8063186702583166,True,
OM429_003336,174244,"OM429_003336:174244 indel AG->GG,A (insdel/snv -1++0bp, frameshift)",lab_b,1,75,75,75,0,,,,False,allele classes too small (75/0)
OM429_003336,174244,"OM429_003336:174244 indel AG->GG,A (insdel/snv -1++0bp, frameshift)",lab_b,2,12,12,12,0,,,,False,allele classes too small (12/0)
OM429_003336,174244,"OM429_003336:174244 indel AG->GG,A (insdel/snv -1++0bp, frameshift)",lab_b,3,11,11,11,0,,,,False,allele classes too small (11/0)
OM429_003336,174244,"OM429_003336:174244 indel AG->GG,A (insdel/snv -1++0bp, frameshift)",lab_b,4,37,37,37,0,,,,False,allele classes too small (37/0)
OM429_003336,174244,"OM429_003336:174244 indel AG->GG,A (insdel/snv -1++0bp, frameshift)",lab_b,5,16,16,6,10,-0.7949658624784102,0.9174706068798815,0.4008359468283301,True,
OM429_003336,174244,"OM429_003336:174244 indel AG->GG,A (insdel/snv -1++0bp, frameshift)",lab_b,6,20,20,11,9,-0.26405154097110833,0.28086476780466746,0.35959324529327114,True,
OM429_003336,174926,"OM429_003336:174926 indel GAC->G (del -2bp, frameshift)",chroma,1,75,75,75,0,,,,False,allele classes too small (75/0)
OM429_003336,174926,"OM429_003336:174926 indel GAC->G (del -2bp, frameshift)",chroma,2,12,12,12,0,,,,False,allele classes too small (12/0)
OM429_003336,174926,"OM429_003336:174926 indel GAC->G (del -2bp, frameshift)",chroma,3,11,11,10,1,,,,False,allele classes too small (10/1)
OM429_003336,174926,"OM429_003336:174926 indel GAC->G (del -2bp, frameshift)",chroma,4,37,37,37,0,,,,False,allele classes too small (37/0)
OM429_003336,174926,"OM429_003336:174926 indel GAC->G (del -2bp, frameshift)",chroma,5,16,16,15,1,,,,False,allele classes too small (15/1)
OM429_003336,174926,"OM429_003336:174926 indel GAC->G (del -2bp, frameshift)",chroma,6,20,20,20,0,,,,False,allele classes too small (20/0)
OM429_003336,174926,"OM429_003336:174926 indel GAC->G (del -2bp, frameshift)",sat,1,75,75,75,0,,,,False,allele classes too small (75/0)
OM429_003336,174926,"OM429_003336:174926 indel GAC->G (del -2bp, frameshift)",sat,2,12,12,12,0,,,,False,allele classes too small (12/0)
OM429_003336,174926,"OM429_003336:174926 indel GAC->G (del -2bp, frameshift)",sat,3,11,11,10,1,,,,False,allele classes too small (10/1)
OM429_003336,174926,"OM429_003336:174926 indel GAC->G (del -2bp, frameshift)",sat,4,37,37,37,0,,,,False,allele classes too small (37/0)
OM429_003336,174926,"OM429_003336:174926 indel GAC->G (del -2bp, frameshift)",sat,5,16,16,15,1,,,,False,allele classes too small (15/1)
OM429_003336,174926,"OM429_003336:174926 indel GAC->G (del -2bp, frameshift)",sat,6,20,20,20,0,,,,False,allele classes too small (20/0)
OM429_003336,174926,"OM429_003336:174926 indel GAC->G (del -2bp, frameshift)",bright,1,75,75,75,0,,,,False,allele classes too small (75/0)
OM429_003336,174926,"OM429_003336:174926 indel GAC->G (del -2bp, frameshift)",bright,2,12,12,12,0,,,,False,allele classes too small (12/0)
OM429_003336,174926,"OM429_003336:174926 indel GAC->G (del -2bp, frameshift)",bright,3,11,11,10,1,,,,False,allele classes too small (10/1)
OM429_003336,174926,"OM429_003336:174926 indel GAC->G (del -2bp, frameshift)",bright,4,37,37,37,0,,,,False,allele classes too small (37/0)
OM429_003336,174926,"OM429_003336:174926 indel GAC->G (del -2bp, frameshift)",bright,5,16,16,15,1,,,,False,allele classes too small (15/1)
OM429_003336,174926,"OM429_003336:174926 indel GAC->G (del -2bp, frameshift)",bright,6,20,20,20,0,,,,False,allele classes too small (20/0)
OM429_003336,174926,"OM429_003336:174926 indel GAC->G (del -2bp, frameshift)",lab_L,1,75,75,75,0,,,,False,allele classes too small (75/0)
OM429_003336,174926,"OM429_003336:174926 indel GAC->G (del -2bp, frameshift)",lab_L,2,12,12,12,0,,,,False,allele classes too small (12/0)
OM429_003336,174926,"OM429_003336:174926 indel GAC->G (del -2bp, frameshift)",lab_L,3,11,11,10,1,,,,False,allele classes too small (10/1)
OM429_003336,174926,"OM429_003336:174926 indel GAC->G (del -2bp, frameshift)",lab_L,4,37,37,37,0,,,,False,allele classes too small (37/0)
OM429_003336,174926,"OM429_003336:174926 indel GAC->G (del -2bp, frameshift)",lab_L,5,16,16,15,1,,,,False,allele classes too small (15/1)
OM429_003336,174926,"OM429_003336:174926 indel GAC->G (del -2bp, frameshift)",lab_L,6,20,20,20,0,,,,False,allele classes too small (20/0)
OM429_003336,174926,"OM429_003336:174926 indel GAC->G (del -2bp, frameshift)",lab_a,1,75,75,75,0,,,,False,allele classes too small (75/0)
OM429_003336,174926,"OM429_003336:174926 indel GAC->G (del -2bp, frameshift)",lab_a,2,12,12,12,0,,,,False,allele classes too small (12/0)
OM429_003336,174926,"OM429_003336:174926 indel GAC->G (del -2bp, frameshift)",lab_a,3,11,11,10,1,,,,False,allele classes too small (10/1)
OM429_003336,174926,"OM429_003336:174926 indel GAC->G (del -2bp, frameshift)",lab_a,4,37,37,37,0,,,,False,allele classes too small (37/0)
OM429_003336,174926,"OM429_003336:174926 indel GAC->G (del -2bp, frameshift)",lab_a,5,16,16,15,1,,,,False,allele classes too small (15/1)
OM429_003336,174926,"OM429_003336:174926 indel GAC->G (del -2bp, frameshift)",lab_a,6,20,20,20,0,,,,False,allele classes too small (20/0)
OM429_003336,174926,"OM429_003336:174926 indel GAC->G (del -2bp, frameshift)",lab_b,1,75,75,75,0,,,,False,allele classes too small (75/0)
OM429_003336,174926,"OM429_003336:174926 indel GAC->G (del -2bp, frameshift)",lab_b,2,12,12,12,0,,,,False,allele classes too small (12/0)
OM429_003336,174926,"OM429_003336:174926 indel GAC->G (del -2bp, frameshift)",lab_b,3,11,11,10,1,,,,False,allele classes too small (10/1)
OM429_003336,174926,"OM429_003336:174926 indel GAC->G (del -2bp, frameshift)",lab_b,4,37,37,37,0,,,,False,allele classes too small (37/0)
OM429_003336,174926,"OM429_003336:174926 indel GAC->G (del -2bp, frameshift)",lab_b,5,16,16,15,1,,,,False,allele classes too small (15/1)
OM429_003336,174926,"OM429_003336:174926 indel GAC->G (del -2bp, frameshift)",lab_b,6,20,20,20,0,,,,False,allele classes too small (20/0)
OM429_003336,174927,"OM429_003336:174927 indel ACAC->A,* (del -3bp, in-frame)",chroma,1,75,75,75,0,,,,False,allele classes too small (75/0)
OM429_003336,174927,"OM429_003336:174927 indel ACAC->A,* (del -3bp, in-frame)",chroma,2,12,12,12,0,,,,False,allele classes too small (12/0)
OM429_003336,174927,"OM429_003336:174927 indel ACAC->A,* (del -3bp, in-frame)",chroma,3,11,11,10,1,,,,False,allele classes too small (10/1)
OM429_003336,174927,"OM429_003336:174927 indel ACAC->A,* (del -3bp, in-frame)",chroma,4,37,37,37,0,,,,False,allele classes too small (37/0)
OM429_003336,174927,"OM429_003336:174927 indel ACAC->A,* (del -3bp, in-frame)",chroma,5,16,16,3,13,0.9126341888244388,1.4194141383692132,0.5306369892497537,True,
OM429_003336,174927,"OM429_003336:174927 indel ACAC->A,* (del -3bp, in-frame)",chroma,6,20,20,17,3,-0.15992798278669496,0.66330616522975,0.8121969951030632,True,
OM429_003336,174927,"OM429_003336:174927 indel ACAC->A,* (del -3bp, in-frame)",sat,1,75,75,75,0,,,,False,allele classes too small (75/0)
OM429_003336,174927,"OM429_003336:174927 indel ACAC->A,* (del -3bp, in-frame)",sat,2,12,12,12,0,,,,False,allele classes too small (12/0)
OM429_003336,174927,"OM429_003336:174927 indel ACAC->A,* (del -3bp, in-frame)",sat,3,11,11,10,1,,,,False,allele classes too small (10/1)
OM429_003336,174927,"OM429_003336:174927 indel ACAC->A,* (del -3bp, in-frame)",sat,4,37,37,37,0,,,,False,allele classes too small (37/0)
OM429_003336,174927,"OM429_003336:174927 indel ACAC->A,* (del -3bp, in-frame)",sat,5,16,16,3,13,0.017867789676301822,0.035544259591668965,0.6229960831529202,True,
OM429_003336,174927,"OM429_003336:174927 indel ACAC->A,* (del -3bp, in-frame)",sat,6,20,20,17,3,-0.0037832732053694807,0.015340688521608407,0.807995340642979,True,
OM429_003336,174927,"OM429_003336:174927 indel ACAC->A,* (del -3bp, in-frame)",bright,1,75,75,75,0,,,,False,allele classes too small (75/0)
OM429_003336,174927,"OM429_003336:174927 indel ACAC->A,* (del -3bp, in-frame)",bright,2,12,12,12,0,,,,False,allele classes too small (12/0)
OM429_003336,174927,"OM429_003336:174927 indel ACAC->A,* (del -3bp, in-frame)",bright,3,11,11,10,1,,,,False,allele classes too small (10/1)
OM429_003336,174927,"OM429_003336:174927 indel ACAC->A,* (del -3bp, in-frame)",bright,4,37,37,37,0,,,,False,allele classes too small (37/0)
OM429_003336,174927,"OM429_003336:174927 indel ACAC->A,* (del -3bp, in-frame)",bright,5,16,16,3,13,0.018880618694649385,0.021003622546564415,0.38389474186536954,True,
OM429_003336,174927,"OM429_003336:174927 indel ACAC->A,* (del -3bp, in-frame)",bright,6,20,20,17,3,0.0064096493865723764,0.010140902721150058,0.5352946409203703,True,
OM429_003336,174927,"OM429_003336:174927 indel ACAC->A,* (del -3bp, in-frame)",lab_L,1,75,75,75,0,,,,False,allele classes too small (75/0)
OM429_003336,174927,"OM429_003336:174927 indel ACAC->A,* (del -3bp, in-frame)",lab_L,2,12,12,12,0,,,,False,allele classes too small (12/0)
OM429_003336,174927,"OM429_003336:174927 indel ACAC->A,* (del -3bp, in-frame)",lab_L,3,11,11,10,1,,,,False,allele classes too small (10/1)
OM429_003336,174927,"OM429_003336:174927 indel ACAC->A,* (del -3bp, in-frame)",lab_L,4,37,37,37,0,,,,False,allele classes too small (37/0)
OM429_003336,174927,"OM429_003336:174927 indel ACAC->A,* (del -3bp, in-frame)",lab_L,5,16,16,3,13,0.2701123868595451,0.6509287906393472,0.6844568614382943,True,
OM429_003336,174927,"OM429_003336:174927 indel ACAC->A,* (del -3bp, in-frame)",lab_L,6,20,20,17,3,0.5668982829826916,0.4908723394153984,0.2632418296506746,True,
OM429_003336,174927,"OM429_003336:174927 indel ACAC->A,* (del -3bp, in-frame)",lab_a,1,75,75,75,0,,,,False,allele classes too small (75/0)
OM429_003336,174927,"OM429_003336:174927 indel ACAC->A,* (del -3bp, in-frame)",lab_a,2,12,12,12,0,,,,False,allele classes too small (12/0)
OM429_003336,174927,"OM429_003336:174927 indel ACAC->A,* (del -3bp, in-frame)",lab_a,3,11,11,10,1,,,,False,allele classes too small (10/1)
OM429_003336,174927,"OM429_003336:174927 indel ACAC->A,* (del -3bp, in-frame)",lab_a,4,37,37,37,0,,,,False,allele classes too small (37/0)
OM429_003336,174927,"OM429_003336:174927 indel ACAC->A,* (del -3bp, in-frame)",lab_a,5,16,16,3,13,0.8374053431701299,1.2301313955759972,0.5071364870573872,True,
OM429_003336,174927,"OM429_003336:174927 indel ACAC->A,* (del -3bp, in-frame)",lab_a,6,20,20,17,3,-0.1349449089963846,0.6698879477093183,0.8426103721956835,True,
OM429_003336,174927,"OM429_003336:174927 indel ACAC->A,* (del -3bp, in-frame)",lab_b,1,75,75,75,0,,,,False,allele classes too small (75/0)
OM429_003336,174927,"OM429_003336:174927 indel ACAC->A,* (del -3bp, in-frame)",lab_b,2,12,12,12,0,,,,False,allele classes too small (12/0)
OM429_003336,174927,"OM429_003336:174927 indel ACAC->A,* (del -3bp, in-frame)",lab_b,3,11,11,10,1,,,,False,allele classes too small (10/1)
OM429_003336,174927,"OM429_003336:174927 indel ACAC->A,* (del -3bp, in-frame)",lab_b,4,37,37,37,0,,,,False,allele classes too small (37/0)
OM429_003336,174927,"OM429_003336:174927 indel ACAC->A,* (del -3bp, in-frame)",lab_b,5,16,16,3,13,0.056480104271301505,1.167999587156029,0.9621153870877255,True,
OM429_003336,174927,"OM429_003336:174927 indel ACAC->A,* (del -3bp, in-frame)",lab_b,6,20,20,17,3,0.01805722105829616,0.40078771960191123,0.9645600802293027,True,
OM429_003336,174934,"OM429_003336:174934 indel T->TGCC (ins +3bp, in-frame)",chroma,1,75,75,75,0,,,,False,allele classes too small (75/0)
OM429_003336,174934,"OM429_003336:174934 indel T->TGCC (ins +3bp, in-frame)",chroma,2,12,12,12,0,,,,False,allele classes too small (12/0)
OM429_003336,174934,"OM429_003336:174934 indel T->TGCC (ins +3bp, in-frame)",chroma,3,11,11,11,0,,,,False,allele classes too small (11/0)
OM429_003336,174934,"OM429_003336:174934 indel T->TGCC (ins +3bp, in-frame)",chroma,4,37,37,37,0,,,,False,allele classes too small (37/0)
OM429_003336,174934,"OM429_003336:174934 indel T->TGCC (ins +3bp, in-frame)",chroma,5,16,16,10,6,0.009818097565945294,1.1611383415824401,0.9933728135306459,True,
OM429_003336,174934,"OM429_003336:174934 indel T->TGCC (ins +3bp, in-frame)",chroma,6,20,20,17,3,-0.15992798278669496,0.66330616522975,0.8121969951030632,True,
OM429_003336,174934,"OM429_003336:174934 indel T->TGCC (ins +3bp, in-frame)",sat,1,75,75,75,0,,,,False,allele classes too small (75/0)
OM429_003336,174934,"OM429_003336:174934 indel T->TGCC (ins +3bp, in-frame)",sat,2,12,12,12,0,,,,False,allele classes too small (12/0)
OM429_003336,174934,"OM429_003336:174934 indel T->TGCC (ins +3bp, in-frame)",sat,3,11,11,11,0,,,,False,allele classes too small (11/0)
OM429_003336,174934,"OM429_003336:174934 indel T->TGCC (ins +3bp, in-frame)",sat,4,37,37,37,0,,,,False,allele classes too small (37/0)
OM429_003336,174934,"OM429_003336:174934 indel T->TGCC (ins +3bp, in-frame)",sat,5,16,16,10,6,-0.003167679760269987,0.02890177008093065,0.9142808960124097,True,
OM429_003336,174934,"OM429_003336:174934 indel T->TGCC (ins +3bp, in-frame)",sat,6,20,20,17,3,-0.0037832732053694807,0.015340688521608407,0.807995340642979,True,
OM429_003336,174934,"OM429_003336:174934 indel T->TGCC (ins +3bp, in-frame)",bright,1,75,75,75,0,,,,False,allele classes too small (75/0)
OM429_003336,174934,"OM429_003336:174934 indel T->TGCC (ins +3bp, in-frame)",bright,2,12,12,12,0,,,,False,allele classes too small (12/0)
OM429_003336,174934,"OM429_003336:174934 indel T->TGCC (ins +3bp, in-frame)",bright,3,11,11,11,0,,,,False,allele classes too small (11/0)
OM429_003336,174934,"OM429_003336:174934 indel T->TGCC (ins +3bp, in-frame)",bright,4,37,37,37,0,,,,False,allele classes too small (37/0)
OM429_003336,174934,"OM429_003336:174934 indel T->TGCC (ins +3bp, in-frame)",bright,5,16,16,10,6,-0.006280263726761785,0.01733442794335555,0.7225384322417842,True,
OM429_003336,174934,"OM429_003336:174934 indel T->TGCC (ins +3bp, in-frame)",bright,6,20,20,17,3,0.0064096493865723764,0.010140902721150058,0.5352946409203703,True,
OM429_003336,174934,"OM429_003336:174934 indel T->TGCC (ins +3bp, in-frame)",lab_L,1,75,75,75,0,,,,False,allele classes too small (75/0)
OM429_003336,174934,"OM429_003336:174934 indel T->TGCC (ins +3bp, in-frame)",lab_L,2,12,12,12,0,,,,False,allele classes too small (12/0)
OM429_003336,174934,"OM429_003336:174934 indel T->TGCC (ins +3bp, in-frame)",lab_L,3,11,11,11,0,,,,False,allele classes too small (11/0)
OM429_003336,174934,"OM429_003336:174934 indel T->TGCC (ins +3bp, in-frame)",lab_L,4,37,37,37,0,,,,False,allele classes too small (37/0)
OM429_003336,174934,"OM429_003336:174934 indel T->TGCC (ins +3bp, in-frame)",lab_L,5,16,16,10,6,-0.4620730042520961,0.5133683193336447,0.3832987836873985,True,
OM429_003336,174934,"OM429_003336:174934 indel T->TGCC (ins +3bp, in-frame)",lab_L,6,20,20,17,3,0.5668982829826916,0.4908723394153984,0.2632418296506746,True,
OM429_003336,174934,"OM429_003336:174934 indel T->TGCC (ins +3bp, in-frame)",lab_a,1,75,75,75,0,,,,False,allele classes too small (75/0)
OM429_003336,174934,"OM429_003336:174934 indel T->TGCC (ins +3bp, in-frame)",lab_a,2,12,12,12,0,,,,False,allele classes too small (12/0)
OM429_003336,174934,"OM429_003336:174934 indel T->TGCC (ins +3bp, in-frame)",lab_a,3,11,11,11,0,,,,False,allele classes too small (11/0)
OM429_003336,174934,"OM429_003336:174934 indel T->TGCC (ins +3bp, in-frame)",lab_a,4,37,37,37,0,,,,False,allele classes too small (37/0)
OM429_003336,174934,"OM429_003336:174934 indel T->TGCC (ins +3bp, in-frame)",lab_a,5,16,16,10,6,0.14620310312511417,1.0072865687369825,0.8866649399740925,True,
OM429_003336,174934,"OM429_003336:174934 indel T->TGCC (ins +3bp, in-frame)",lab_a,6,20,20,17,3,-0.1349449089963846,0.6698879477093183,0.8426103721956835,True,
OM429_003336,174934,"OM429_003336:174934 indel T->TGCC (ins +3bp, in-frame)",lab_b,1,75,75,75,0,,,,False,allele classes too small (75/0)
OM429_003336,174934,"OM429_003336:174934 indel T->TGCC (ins +3bp, in-frame)",lab_b,2,12,12,12,0,,,,False,allele classes too small (12/0)
OM429_003336,174934,"OM429_003336:174934 indel T->TGCC (ins +3bp, in-frame)",lab_b,3,11,11,11,0,,,,False,allele classes too small (11/0)
OM429_003336,174934,"OM429_003336:174934 indel T->TGCC (ins +3bp, in-frame)",lab_b,4,37,37,37,0,,,,False,allele classes too small (37/0)
OM429_003336,174934,"OM429_003336:174934 indel T->TGCC (ins +3bp, in-frame)",lab_b,5,16,16,10,6,-0.4660940437488076,0.93347505390677,0.6253151256725923,True,
OM429_003336,174934,"OM429_003336:174934 indel T->TGCC (ins +3bp, in-frame)",lab_b,6,20,20,17,3,0.01805722105829616,0.40078771960191123,0.9645600802293027,True,
OM429_003336,174936,"OM429_003336:174936 indel CG->C (del -1bp, frameshift)",chroma,1,75,75,75,0,,,,False,allele classes too small (75/0)
OM429_003336,174936,"OM429_003336:174936 indel CG->C (del -1bp, frameshift)",chroma,2,12,12,12,0,,,,False,allele classes too small (12/0)
OM429_003336,174936,"OM429_003336:174936 indel CG->C (del -1bp, frameshift)",chroma,3,11,11,10,1,,,,False,allele classes too small (10/1)
OM429_003336,174936,"OM429_003336:174936 indel CG->C (del -1bp, frameshift)",chroma,4,37,37,37,0,,,,False,allele classes too small (37/0)
OM429_003336,174936,"OM429_003336:174936 indel CG->C (del -1bp, frameshift)",chroma,5,16,16,15,1,,,,False,allele classes too small (15/1)
OM429_003336,174936,"OM429_003336:174936 indel CG->C (del -1bp, frameshift)",chroma,6,20,20,20,0,,,,False,allele classes too small (20/0)
OM429_003336,174936,"OM429_003336:174936 indel CG->C (del -1bp, frameshift)",sat,1,75,75,75,0,,,,False,allele classes too small (75/0)
OM429_003336,174936,"OM429_003336:174936 indel CG->C (del -1bp, frameshift)",sat,2,12,12,12,0,,,,False,allele classes too small (12/0)
OM429_003336,174936,"OM429_003336:174936 indel CG->C (del -1bp, frameshift)",sat,3,11,11,10,1,,,,False,allele classes too small (10/1)
OM429_003336,174936,"OM429_003336:174936 indel CG->C (del -1bp, frameshift)",sat,4,37,37,37,0,,,,False,allele classes too small (37/0)
OM429_003336,174936,"OM429_003336:174936 indel CG->C (del -1bp, frameshift)",sat,5,16,16,15,1,,,,False,allele classes too small (15/1)
OM429_003336,174936,"OM429_003336:174936 indel CG->C (del -1bp, frameshift)",sat,6,20,20,20,0,,,,False,allele classes too small (20/0)
OM429_003336,174936,"OM429_003336:174936 indel CG->C (del -1bp, frameshift)",bright,1,75,75,75,0,,,,False,allele classes too small (75/0)
OM429_003336,174936,"OM429_003336:174936 indel CG->C (del -1bp, frameshift)",bright,2,12,12,12,0,,,,False,allele classes too small (12/0)
OM429_003336,174936,"OM429_003336:174936 indel CG->C (del -1bp, frameshift)",bright,3,11,11,10,1,,,,False,allele classes too small (10/1)
OM429_003336,174936,"OM429_003336:174936 indel CG->C (del -1bp, frameshift)",bright,4,37,37,37,0,,,,False,allele classes too small (37/0)
OM429_003336,174936,"OM429_003336:174936 indel CG->C (del -1bp, frameshift)",bright,5,16,16,15,1,,,,False,allele classes too small (15/1)
OM429_003336,174936,"OM429_003336:174936 indel CG->C (del -1bp, frameshift)",bright,6,20,20,20,0,,,,False,allele classes too small (20/0)
OM429_003336,174936,"OM429_003336:174936 indel CG->C (del -1bp, frameshift)",lab_L,1,75,75,75,0,,,,False,allele classes too small (75/0)
OM429_003336,174936,"OM429_003336:174936 indel CG->C (del -1bp, frameshift)",lab_L,2,12,12,12,0,,,,False,allele classes too small (12/0)
OM429_003336,174936,"OM429_003336:174936 indel CG->C (del -1bp, frameshift)",lab_L,3,11,11,10,1,,,,False,allele classes too small (10/1)
OM429_003336,174936,"OM429_003336:174936 indel CG->C (del -1bp, frameshift)",lab_L,4,37,37,37,0,,,,False,allele classes too small (37/0)
OM429_003336,174936,"OM429_003336:174936 indel CG->C (del -1bp, frameshift)",lab_L,5,16,16,15,1,,,,False,allele classes too small (15/1)
OM429_003336,174936,"OM429_003336:174936 indel CG->C (del -1bp, frameshift)",lab_L,6,20,20,20,0,,,,False,allele classes too small (20/0)
OM429_003336,174936,"OM429_003336:174936 indel CG->C (del -1bp, frameshift)",lab_a,1,75,75,75,0,,,,False,allele classes too small (75/0)
OM429_003336,174936,"OM429_003336:174936 indel CG->C (del -1bp, frameshift)",lab_a,2,12,12,12,0,,,,False,allele classes too small (12/0)
OM429_003336,174936,"OM429_003336:174936 indel CG->C (del -1bp, frameshift)",lab_a,3,11,11,10,1,,,,False,allele classes too small (10/1)
OM429_003336,174936,"OM429_003336:174936 indel CG->C (del -1bp, frameshift)",lab_a,4,37,37,37,0,,,,False,allele classes too small (37/0)
OM429_003336,174936,"OM429_003336:174936 indel CG->C (del -1bp, frameshift)",lab_a,5,16,16,15,1,,,,False,allele classes too small (15/1)
OM429_003336,174936,"OM429_003336:174936 indel CG->C (del -1bp, frameshift)",lab_a,6,20,20,20,0,,,,False,allele classes too small (20/0)
OM429_003336,174936,"OM429_003336:174936 indel CG->C (del -1bp, frameshift)",lab_b,1,75,75,75,0,,,,False,allele classes too small (75/0)
OM429_003336,174936,"OM429_003336:174936 indel CG->C (del -1bp, frameshift)",lab_b,2,12,12,12,0,,,,False,allele classes too small (12/0)
OM429_003336,174936,"OM429_003336:174936 indel CG->C (del -1bp, frameshift)",lab_b,3,11,11,10,1,,,,False,allele classes too small (10/1)
OM429_003336,174936,"OM429_003336:174936 indel CG->C (del -1bp, frameshift)",lab_b,4,37,37,37,0,,,,False,allele classes too small (37/0)
OM429_003336,174936,"OM429_003336:174936 indel CG->C (del -1bp, frameshift)",lab_b,5,16,16,15,1,,,,False,allele classes too small (15/1)
OM429_003336,174936,"OM429_003336:174936 indel CG->C (del -1bp, frameshift)",lab_b,6,20,20,20,0,,,,False,allele classes too small (20/0)
OM429_003336,175287,"OM429_003336:175287 indel CGG->C (del -2bp, frameshift)",chroma,1,75,75,75,0,,,,False,allele classes too small (75/0)
OM429_003336,175287,"OM429_003336:175287 indel CGG->C (del -2bp, frameshift)",chroma,2,12,12,12,0,,,,False,allele classes too small (12/0)
OM429_003336,175287,"OM429_003336:175287 indel CGG->C (del -2bp, frameshift)",chroma,3,11,11,10,1,,,,False,allele classes too small (10/1)
OM429_003336,175287,"OM429_003336:175287 indel CGG->C (del -2bp, frameshift)",chroma,4,37,37,37,0,,,,False,allele classes too small (37/0)
OM429_003336,175287,"OM429_003336:175287 indel CGG->C (del -2bp, frameshift)",chroma,5,16,16,9,7,-0.7985917377517416,1.1128761435309797,0.48481086929578476,True,
OM429_003336,175287,"OM429_003336:175287 indel CGG->C (del -2bp, frameshift)",chroma,6,20,20,17,3,-0.6429784639028593,0.6468602327829267,0.3333986810488683,True,
OM429_003336,175287,"OM429_003336:175287 indel CGG->C (del -2bp, frameshift)",sat,1,75,75,75,0,,,,False,allele classes too small (75/0)
OM429_003336,175287,"OM429_003336:175287 indel CGG->C (del -2bp, frameshift)",sat,2,12,12,12,0,,,,False,allele classes too small (12/0)
OM429_003336,175287,"OM429_003336:175287 indel CGG->C (del -2bp, frameshift)",sat,3,11,11,10,1,,,,False,allele classes too small (10/1)
OM429_003336,175287,"OM429_003336:175287 indel CGG->C (del -2bp, frameshift)",sat,4,37,37,37,0,,,,False,allele classes too small (37/0)
OM429_003336,175287,"OM429_003336:175287 indel CGG->C (del -2bp, frameshift)",sat,5,16,16,9,7,-0.02236640085692528,0.0275769028697647,0.43090681010464094,True,
OM429_003336,175287,"OM429_003336:175287 indel CGG->C (del -2bp, frameshift)",sat,6,20,20,17,3,-0.01343790506088992,0.01503661623694181,0.3832873171458988,True,
OM429_003336,175287,"OM429_003336:175287 indel CGG->C (del -2bp, frameshift)",bright,1,75,75,75,0,,,,False,allele classes too small (75/0)
OM429_003336,175287,"OM429_003336:175287 indel CGG->C (del -2bp, frameshift)",bright,2,12,12,12,0,,,,False,allele classes too small (12/0)
OM429_003336,175287,"OM429_003336:175287 indel CGG->C (del -2bp, frameshift)",bright,3,11,11,10,1,,,,False,allele classes too small (10/1)
OM429_003336,175287,"OM429_003336:175287 indel CGG->C (del -2bp, frameshift)",bright,4,37,37,37,0,,,,False,allele classes too small (37/0)
OM429_003336,175287,"OM429_003336:175287 indel CGG->C (del -2bp, frameshift)",bright,5,16,16,9,7,-0.011247125309267698,0.01672785871991719,0.5122999484577582,True,
OM429_003336,175287,"OM429_003336:175287 indel CGG->C (del -2bp, frameshift)",bright,6,20,20,17,3,0.007949763410361486,0.010080143327285088,0.4405773850947668,True,
OM429_003336,175287,"OM429_003336:175287 indel CGG->C (del -2bp, frameshift)",lab_L,1,75,75,75,0,,,,False,allele classes too small (75/0)
OM429_003336,175287,"OM429_003336:175287 indel CGG->C (del -2bp, frameshift)",lab_L,2,12,12,12,0,,,,False,allele classes too small (12/0)
OM429_003336,175287,"OM429_003336:175287 indel CGG->C (del -2bp, frameshift)",lab_L,3,11,11,10,1,,,,False,allele classes too small (10/1)
OM429_003336,175287,"OM429_003336:175287 indel CGG->C (del -2bp, frameshift)",lab_L,4,37,37,37,0,,,,False,allele classes too small (37/0)
OM429_003336,175287,"OM429_003336:175287 indel CGG->C (del -2bp, frameshift)",lab_L,5,16,16,9,7,-0.09634731317944063,0.5146442503137106,0.8541808415152076,True,
OM429_003336,175287,"OM429_003336:175287 indel CGG->C (del -2bp, frameshift)",lab_L,6,20,20,17,3,0.9873106410930641,0.4523882996626384,0.042570361194702484,True,
OM429_003336,175287,"OM429_003336:175287 indel CGG->C (del -2bp, frameshift)",lab_a,1,75,75,75,0,,,,False,allele classes too small (75/0)
OM429_003336,175287,"OM429_003336:175287 indel CGG->C (del -2bp, frameshift)",lab_a,2,12,12,12,0,,,,False,allele classes too small (12/0)
OM429_003336,175287,"OM429_003336:175287 indel CGG->C (del -2bp, frameshift)",lab_a,3,11,11,10,1,,,,False,allele classes too small (10/1)
OM429_003336,175287,"OM429_003336:175287 indel CGG->C (del -2bp, frameshift)",lab_a,4,37,37,37,0,,,,False,allele classes too small (37/0)
OM429_003336,175287,"OM429_003336:175287 indel CGG->C (del -2bp, frameshift)",lab_a,5,16,16,9,7,-0.5788567601334683,0.9715095793599066,0.5607972866536712,True,
OM429_003336,175287,"OM429_003336:175287 indel CGG->C (del -2bp, frameshift)",lab_a,6,20,20,17,3,-0.6781118604537013,0.6513179782362538,0.31159468418318415,True,
OM429_003336,175287,"OM429_003336:175287 indel CGG->C (del -2bp, frameshift)",lab_b,1,75,75,75,0,,,,False,allele classes too small (75/0)
OM429_003336,175287,"OM429_003336:175287 indel CGG->C (del -2bp, frameshift)",lab_b,2,12,12,12,0,,,,False,allele classes too small (12/0)
OM429_003336,175287,"OM429_003336:175287 indel CGG->C (del -2bp, frameshift)",lab_b,3,11,11,10,1,,,,False,allele classes too small (10/1)
OM429_003336,175287,"OM429_003336:175287 indel CGG->C (del -2bp, frameshift)",lab_b,4,37,37,37,0,,,,False,allele classes too small (37/0)
OM429_003336,175287,"OM429_003336:175287 indel CGG->C (del -2bp, frameshift)",lab_b,5,16,16,9,7,-0.7415501356395554,0.897430636718382,0.4224912127291568,True,
OM429_003336,175287,"OM429_003336:175287 indel CGG->C (del -2bp, frameshift)",lab_b,6,20,20,17,3,0.10088906892255703,0.40010427740159127,0.8037765144707024,True,
OM429_003336,175290,"OM429_003336:175290 indel GAACCAA->G (del -6bp, in-frame)",chroma,1,75,75,75,0,,,,False,allele classes too small (75/0)
OM429_003336,175290,"OM429_003336:175290 indel GAACCAA->G (del -6bp, in-frame)",chroma,2,12,12,12,0,,,,False,allele classes too small (12/0)
OM429_003336,175290,"OM429_003336:175290 indel GAACCAA->G (del -6bp, in-frame)",chroma,3,11,11,11,0,,,,False,allele classes too small (11/0)
OM429_003336,175290,"OM429_003336:175290 indel GAACCAA->G (del -6bp, in-frame)",chroma,4,37,37,37,0,,,,False,allele classes too small (37/0)
OM429_003336,175290,"OM429_003336:175290 indel GAACCAA->G (del -6bp, in-frame)",chroma,5,16,16,10,6,1.3048412117340193,1.107535142405996,0.25837591229767626,True,
OM429_003336,175290,"OM429_003336:175290 indel GAACCAA->G (del -6bp, in-frame)",chroma,6,20,20,20,0,,,,False,allele classes too small (20/0)
OM429_003336,175290,"OM429_003336:175290 indel GAACCAA->G (del -6bp, in-frame)",sat,1,75,75,75,0,,,,False,allele classes too small (75/0)
OM429_003336,175290,"OM429_003336:175290 indel GAACCAA->G (del -6bp, in-frame)",sat,2,12,12,12,0,,,,False,allele classes too small (12/0)
OM429_003336,175290,"OM429_003336:175290 indel GAACCAA->G (del -6bp, in-frame)",sat,3,11,11,11,0,,,,False,allele classes too small (11/0)
OM429_003336,175290,"OM429_003336:175290 indel GAACCAA->G (del -6bp, in-frame)",sat,4,37,37,37,0,,,,False,allele classes too small (37/0)
OM429_003336,175290,"OM429_003336:175290 indel GAACCAA->G (del -6bp, in-frame)",sat,5,16,16,10,6,0.024428397098811432,0.028167433073878704,0.4004222747776388,True,
OM429_003336,175290,"OM429_003336:175290 indel GAACCAA->G (del -6bp, in-frame)",sat,6,20,20,20,0,,,,False,allele classes too small (20/0)
OM429_003336,175290,"OM429_003336:175290 indel GAACCAA->G (del -6bp, in-frame)",bright,1,75,75,75,0,,,,False,allele classes too small (75/0)
OM429_003336,175290,"OM429_003336:175290 indel GAACCAA->G (del -6bp, in-frame)",bright,2,12,12,12,0,,,,False,allele classes too small (12/0)
OM429_003336,175290,"OM429_003336:175290 indel GAACCAA->G (del -6bp, in-frame)",bright,3,11,11,11,0,,,,False,allele classes too small (11/0)
OM429_003336,175290,"OM429_003336:175290 indel GAACCAA->G (del -6bp, in-frame)",bright,4,37,37,37,0,,,,False,allele classes too small (37/0)
OM429_003336,175290,"OM429_003336:175290 indel GAACCAA->G (del -6bp, in-frame)",bright,5,16,16,10,6,0.010838832939141958,0.017172891641692667,0.5381050855023588,True,
OM429_003336,175290,"OM429_003336:175290 indel GAACCAA->G (del -6bp, in-frame)",bright,6,20,20,20,0,,,,False,allele classes too small (20/0)
OM429_003336,175290,"OM429_003336:175290 indel GAACCAA->G (del -6bp, in-frame)",lab_L,1,75,75,75,0,,,,False,allele classes too small (75/0)
OM429_003336,175290,"OM429_003336:175290 indel GAACCAA->G (del -6bp, in-frame)",lab_L,2,12,12,12,0,,,,False,allele classes too small (12/0)
OM429_003336,175290,"OM429_003336:175290 indel GAACCAA->G (del -6bp, in-frame)",lab_L,3,11,11,11,0,,,,False,allele classes too small (11/0)
OM429_003336,175290,"OM429_003336:175290 indel GAACCAA->G (del -6bp, in-frame)",lab_L,4,37,37,37,0,,,,False,allele classes too small (37/0)
OM429_003336,175290,"OM429_003336:175290 indel GAACCAA->G (del -6bp, in-frame)",lab_L,5,16,16,10,6,-0.48561921417679627,0.5118135736363096,0.3588039926906816,True,
OM429_003336,175290,"OM429_003336:175290 indel GAACCAA->G (del -6bp, in-frame)",lab_L,6,20,20,20,0,,,,False,allele classes too small (20/0)
OM429_003336,175290,"OM429_003336:175290 indel GAACCAA->G (del -6bp, in-frame)",lab_a,1,75,75,75,0,,,,False,allele classes too small (75/0)
OM429_003336,175290,"OM429_003336:175290 indel GAACCAA->G (del -6bp, in-frame)",lab_a,2,12,12,12,0,,,,False,allele classes too small (12/0)
OM429_003336,175290,"OM429_003336:175290 indel GAACCAA->G (del -6bp, in-frame)",lab_a,3,11,11,11,0,,,,False,allele classes too small (11/0)
OM429_003336,175290,"OM429_003336:175290 indel GAACCAA->G (del -6bp, in-frame)",lab_a,4,37,37,37,0,,,,False,allele classes too small (37/0)
OM429_003336,175290,"OM429_003336:175290 indel GAACCAA->G (del -6bp, in-frame)",lab_a,5,16,16,10,6,1.5058975817189297,0.9242145337894624,0.1255181535301366,True,
OM429_003336,175290,"OM429_003336:175290 indel GAACCAA->G (del -6bp, in-frame)",lab_a,6,20,20,20,0,,,,False,allele classes too small (20/0)
OM429_003336,175290,"OM429_003336:175290 indel GAACCAA->G (del -6bp, in-frame)",lab_b,1,75,75,75,0,,,,False,allele classes too small (75/0)
OM429_003336,175290,"OM429_003336:175290 indel GAACCAA->G (del -6bp, in-frame)",lab_b,2,12,12,12,0,,,,False,allele classes too small (12/0)
OM429_003336,175290,"OM429_003336:175290 indel GAACCAA->G (del -6bp, in-frame)",lab_b,3,11,11,11,0,,,,False,allele classes too small (11/0)
OM429_003336,175290,"OM429_003336:175290 indel GAACCAA->G (del -6bp, in-frame)",lab_b,4,37,37,37,0,,,,False,allele classes too small (37/0)
OM429_003336,175290,"OM429_003336:175290 indel GAACCAA->G (del -6bp, in-frame)",lab_b,5,16,16,10,6,0.038450349638591834,0.9416939408760852,0.9680071742000992,True,
OM429_003336,175290,"OM429_003336:175290 indel GAACCAA->G (del -6bp, in-frame)",lab_b,6,20,20,20,0,,,,False,allele classes too small (20/0)
OM429_003336,175293,"OM429_003336:175293 indel C->*,CGG (insdel/snv +0++2bp, frameshift)",chroma,1,75,75,75,0,,,,False,allele classes too small (75/0)
OM429_003336,175293,"OM429_003336:175293 indel C->*,CGG (insdel/snv +0++2bp, frameshift)",chroma,2,12,12,12,0,,,,False,allele classes too small (12/0)
OM429_003336,175293,"OM429_003336:175293 indel C->*,CGG (insdel/snv +0++2bp, frameshift)",chroma,3,11,11,10,1,,,,False,allele classes too small (10/1)
OM429_003336,175293,"OM429_003336:175293 indel C->*,CGG (insdel/snv +0++2bp, frameshift)",chroma,4,37,37,37,0,,,,False,allele classes too small (37/0)
OM429_003336,175293,"OM429_003336:175293 indel C->*,CGG (insdel/snv +0++2bp, frameshift)",chroma,5,16,16,4,12,-0.6677414459013923,1.2858705000434982,0.6116692736006887,True,
OM429_003336,175293,"OM429_003336:175293 indel C->*,CGG (insdel/snv +0++2bp, frameshift)",chroma,6,20,20,17,3,-0.6429784639028593,0.6468602327829267,0.3333986810488683,True,
OM429_003336,175293,"OM429_003336:175293 indel C->*,CGG (insdel/snv +0++2bp, frameshift)",sat,1,75,75,75,0,,,,False,allele classes too small (75/0)
OM429_003336,175293,"OM429_003336:175293 indel C->*,CGG (insdel/snv +0++2bp, frameshift)",sat,2,12,12,12,0,,,,False,allele classes too small (12/0)
OM429_003336,175293,"OM429_003336:175293 indel C->*,CGG (insdel/snv +0++2bp, frameshift)",sat,3,11,11,10,1,,,,False,allele classes too small (10/1)
OM429_003336,175293,"OM429_003336:175293 indel C->*,CGG (insdel/snv +0++2bp, frameshift)",sat,4,37,37,37,0,,,,False,allele classes too small (37/0)
OM429_003336,175293,"OM429_003336:175293 indel C->*,CGG (insdel/snv +0++2bp, frameshift)",sat,5,16,16,4,12,-0.02770614435179533,0.03146753179376111,0.39346989123715465,True,
OM429_003336,175293,"OM429_003336:175293 indel C->*,CGG (insdel/snv +0++2bp, frameshift)",sat,6,20,20,17,3,-0.01343790506088992,0.01503661623694181,0.3832873171458988,True,
OM429_003336,175293,"OM429_003336:175293 indel C->*,CGG (insdel/snv +0++2bp, frameshift)",bright,1,75,75,75,0,,,,False,allele classes too small (75/0)
OM429_003336,175293,"OM429_003336:175293 indel C->*,CGG (insdel/snv +0++2bp, frameshift)",bright,2,12,12,12,0,,,,False,allele classes too small (12/0)
OM429_003336,175293,"OM429_003336:175293 indel C->*,CGG (insdel/snv +0++2bp, frameshift)",bright,3,11,11,10,1,,,,False,allele classes too small (10/1)
OM429_003336,175293,"OM429_003336:175293 indel C->*,CGG (insdel/snv +0++2bp, frameshift)",bright,4,37,37,37,0,,,,False,allele classes too small (37/0)
OM429_003336,175293,"OM429_003336:175293 indel C->*,CGG (insdel/snv +0++2bp, frameshift)",bright,5,16,16,4,12,-0.010832395539279255,0.019254689984589197,0.582614814664377,True,
OM429_003336,175293,"OM429_003336:175293 indel C->*,CGG (insdel/snv +0++2bp, frameshift)",bright,6,20,20,17,3,0.007949763410361486,0.010080143327285088,0.4405773850947668,True,
OM429_003336,175293,"OM429_003336:175293 indel C->*,CGG (insdel/snv +0++2bp, frameshift)",lab_L,1,75,75,75,0,,,,False,allele classes too small (75/0)
OM429_003336,175293,"OM429_003336:175293 indel C->*,CGG (insdel/snv +0++2bp, frameshift)",lab_L,2,12,12,12,0,,,,False,allele classes too small (12/0)
OM429_003336,175293,"OM429_003336:175293 indel C->*,CGG (insdel/snv +0++2bp, frameshift)",lab_L,3,11,11,10,1,,,,False,allele classes too small (10/1)
OM429_003336,175293,"OM429_003336:175293 indel C->*,CGG (insdel/snv +0++2bp, frameshift)",lab_L,4,37,37,37,0,,,,False,allele classes too small (37/0)
OM429_003336,175293,"OM429_003336:175293 indel C->*,CGG (insdel/snv +0++2bp, frameshift)",lab_L,5,16,16,4,12,-0.2444647438570513,0.5867099163528342,0.6832373558124945,True,
OM429_003336,175293,"OM429_003336:175293 indel C->*,CGG (insdel/snv +0++2bp, frameshift)",lab_L,6,20,20,17,3,0.9873106410930641,0.4523882996626384,0.042570361194702484,True,
OM429_003336,175293,"OM429_003336:175293 indel C->*,CGG (insdel/snv +0++2bp, frameshift)",lab_a,1,75,75,75,0,,,,False,allele classes too small (75/0)
OM429_003336,175293,"OM429_003336:175293 indel C->*,CGG (insdel/snv +0++2bp, frameshift)",lab_a,2,12,12,12,0,,,,False,allele classes too small (12/0)
OM429_003336,175293,"OM429_003336:175293 indel C->*,CGG (insdel/snv +0++2bp, frameshift)",lab_a,3,11,11,10,1,,,,False,allele classes too small (10/1)
OM429_003336,175293,"OM429_003336:175293 indel C->*,CGG (insdel/snv +0++2bp, frameshift)",lab_a,4,37,37,37,0,,,,False,allele classes too small (37/0)
OM429_003336,175293,"OM429_003336:175293 indel C->*,CGG (insdel/snv +0++2bp, frameshift)",lab_a,5,16,16,4,12,0.0427306432812958,1.126969778039218,0.9702896998036444,True,
OM429_003336,175293,"OM429_003336:175293 indel C->*,CGG (insdel/snv +0++2bp, frameshift)",lab_a,6,20,20,17,3,-0.6781118604537013,0.6513179782362538,0.31159468418318415,True,
OM429_003336,175293,"OM429_003336:175293 indel C->*,CGG (insdel/snv +0++2bp, frameshift)",lab_b,1,75,75,75,0,,,,False,allele classes too small (75/0)
OM429_003336,175293,"OM429_003336:175293 indel C->*,CGG (insdel/snv +0++2bp, frameshift)",lab_b,2,12,12,12,0,,,,False,allele classes too small (12/0)
OM429_003336,175293,"OM429_003336:175293 indel C->*,CGG (insdel/snv +0++2bp, frameshift)",lab_b,3,11,11,10,1,,,,False,allele classes too small (10/1)
OM429_003336,175293,"OM429_003336:175293 indel C->*,CGG (insdel/snv +0++2bp, frameshift)",lab_b,4,37,37,37,0,,,,False,allele classes too small (37/0)
OM429_003336,175293,"OM429_003336:175293 indel C->*,CGG (insdel/snv +0++2bp, frameshift)",lab_b,5,16,16,4,12,-1.680687468564826,0.9522874168357218,0.09937547369577336,True,
OM429_003336,175293,"OM429_003336:175293 indel C->*,CGG (insdel/snv +0++2bp, frameshift)",lab_b,6,20,20,17,3,0.10088906892255703,0.40010427740159127,0.8037765144707024,True,
OM429_003336,175296,"OM429_003336:175296 indel ACACCACCACC->*,A,GCACCACCACC,CCACCACCACC (insdel/snv -10++0bp, frameshift)",chroma,1,75,75,75,0,,,,False,allele classes too small (75/0)
OM429_003336,175296,"OM429_003336:175296 indel ACACCACCACC->*,A,GCACCACCACC,CCACCACCACC (insdel/snv -10++0bp, frameshift)",chroma,2,12,12,12,0,,,,False,allele classes too small (12/0)
OM429_003336,175296,"OM429_003336:175296 indel ACACCACCACC->*,A,GCACCACCACC,CCACCACCACC (insdel/snv -10++0bp, frameshift)",chroma,3,11,11,10,1,,,,False,allele classes too small (10/1)
OM429_003336,175296,"OM429_003336:175296 indel ACACCACCACC->*,A,GCACCACCACC,CCACCACCACC (insdel/snv -10++0bp, frameshift)",chroma,4,37,37,37,0,,,,False,allele classes too small (37/0)
OM429_003336,175296,"OM429_003336:175296 indel ACACCACCACC->*,A,GCACCACCACC,CCACCACCACC (insdel/snv -10++0bp, frameshift)",chroma,5,16,16,4,12,-0.6677414459013923,1.2858705000434982,0.6116692736006887,True,
OM429_003336,175296,"OM429_003336:175296 indel ACACCACCACC->*,A,GCACCACCACC,CCACCACCACC (insdel/snv -10++0bp, frameshift)",chroma,6,20,20,17,3,-0.6429784639028593,0.6468602327829267,0.3333986810488683,True,
OM429_003336,175296,"OM429_003336:175296 indel ACACCACCACC->*,A,GCACCACCACC,CCACCACCACC (insdel/snv -10++0bp, frameshift)",sat,1,75,75,75,0,,,,False,allele classes too small (75/0)
OM429_003336,175296,"OM429_003336:175296 indel ACACCACCACC->*,A,GCACCACCACC,CCACCACCACC (insdel/snv -10++0bp, frameshift)",sat,2,12,12,12,0,,,,False,allele classes too small (12/0)
OM429_003336,175296,"OM429_003336:175296 indel ACACCACCACC->*,A,GCACCACCACC,CCACCACCACC (insdel/snv -10++0bp, frameshift)",sat,3,11,11,10,1,,,,False,allele classes too small (10/1)
OM429_003336,175296,"OM429_003336:175296 indel ACACCACCACC->*,A,GCACCACCACC,CCACCACCACC (insdel/snv -10++0bp, frameshift)",sat,4,37,37,37,0,,,,False,allele classes too small (37/0)
OM429_003336,175296,"OM429_003336:175296 indel ACACCACCACC->*,A,GCACCACCACC,CCACCACCACC (insdel/snv -10++0bp, frameshift)",sat,5,16,16,4,12,-0.02770614435179533,0.03146753179376111,0.39346989123715465,True,
OM429_003336,175296,"OM429_003336:175296 indel ACACCACCACC->*,A,GCACCACCACC,CCACCACCACC (insdel/snv -10++0bp, frameshift)",sat,6,20,20,17,3,-0.01343790506088992,0.01503661623694181,0.3832873171458988,True,
OM429_003336,175296,"OM429_003336:175296 indel ACACCACCACC->*,A,GCACCACCACC,CCACCACCACC (insdel/snv -10++0bp, frameshift)",bright,1,75,75,75,0,,,,False,allele classes too small (75/0)
OM429_003336,175296,"OM429_003336:175296 indel ACACCACCACC->*,A,GCACCACCACC,CCACCACCACC (insdel/snv -10++0bp, frameshift)",bright,2,12,12,12,0,,,,False,allele classes too small (12/0)
OM429_003336,175296,"OM429_003336:175296 indel ACACCACCACC->*,A,GCACCACCACC,CCACCACCACC (insdel/snv -10++0bp, frameshift)",bright,3,11,11,10,1,,,,False,allele classes too small (10/1)
OM429_003336,175296,"OM429_003336:175296 indel ACACCACCACC->*,A,GCACCACCACC,CCACCACCACC (insdel/snv -10++0bp, frameshift)",bright,4,37,37,37,0,,,,False,allele classes too small (37/0)
OM429_003336,175296,"OM429_003336:175296 indel ACACCACCACC->*,A,GCACCACCACC,CCACCACCACC (insdel/snv -10++0bp, frameshift)",bright,5,16,16,4,12,-0.010832395539279255,0.019254689984589197,0.582614814664377,True,
OM429_003336,175296,"OM429_003336:175296 indel ACACCACCACC->*,A,GCACCACCACC,CCACCACCACC (insdel/snv -10++0bp, frameshift)",bright,6,20,20,17,3,0.007949763410361486,0.010080143327285088,0.4405773850947668,True,
OM429_003336,175296,"OM429_003336:175296 indel ACACCACCACC->*,A,GCACCACCACC,CCACCACCACC (insdel/snv -10++0bp, frameshift)",lab_L,1,75,75,75,0,,,,False,allele classes too small (75/0)
OM429_003336,175296,"OM429_003336:175296 indel ACACCACCACC->*,A,GCACCACCACC,CCACCACCACC (insdel/snv -10++0bp, frameshift)",lab_L,2,12,12,12,0,,,,False,allele classes too small (12/0)
OM429_003336,175296,"OM429_003336:175296 indel ACACCACCACC->*,A,GCACCACCACC,CCACCACCACC (insdel/snv -10++0bp, frameshift)",lab_L,3,11,11,10,1,,,,False,allele classes too small (10/1)
OM429_003336,175296,"OM429_003336:175296 indel ACACCACCACC->*,A,GCACCACCACC,CCACCACCACC (insdel/snv -10++0bp, frameshift)",lab_L,4,37,37,37,0,,,,False,allele classes too small (37/0)
OM429_003336,175296,"OM429_003336:175296 indel ACACCACCACC->*,A,GCACCACCACC,CCACCACCACC (insdel/snv -10++0bp, frameshift)",lab_L,5,16,16,4,12,-0.2444647438570513,0.5867099163528342,0.6832373558124945,True,
OM429_003336,175296,"OM429_003336:175296 indel ACACCACCACC->*,A,GCACCACCACC,CCACCACCACC (insdel/snv -10++0bp, frameshift)",lab_L,6,20,20,17,3,0.9873106410930641,0.4523882996626384,0.042570361194702484,True,
OM429_003336,175296,"OM429_003336:175296 indel ACACCACCACC->*,A,GCACCACCACC,CCACCACCACC (insdel/snv -10++0bp, frameshift)",lab_a,1,75,75,75,0,,,,False,allele classes too small (75/0)
OM429_003336,175296,"OM429_003336:175296 indel ACACCACCACC->*,A,GCACCACCACC,CCACCACCACC (insdel/snv -10++0bp, frameshift)",lab_a,2,12,12,12,0,,,,False,allele classes too small (12/0)
OM429_003336,175296,"OM429_003336:175296 indel ACACCACCACC->*,A,GCACCACCACC,CCACCACCACC (insdel/snv -10++0bp, frameshift)",lab_a,3,11,11,10,1,,,,False,allele classes too small (10/1)
OM429_003336,175296,"OM429_003336:175296 indel ACACCACCACC->*,A,GCACCACCACC,CCACCACCACC (insdel/snv -10++0bp, frameshift)",lab_a,4,37,37,37,0,,,,False,allele classes too small (37/0)
OM429_003336,175296,"OM429_003336:175296 indel ACACCACCACC->*,A,GCACCACCACC,CCACCACCACC (insdel/snv -10++0bp, frameshift)",lab_a,5,16,16,4,12,0.0427306432812958,1.126969778039218,0.9702896998036444,True,
OM429_003336,175296,"OM429_003336:175296 indel ACACCACCACC->*,A,GCACCACCACC,CCACCACCACC (insdel/snv -10++0bp, frameshift)",lab_a,6,20,20,17,3,-0.6781118604537013,0.6513179782362538,0.31159468418318415,True,
OM429_003336,175296,"OM429_003336:175296 indel ACACCACCACC->*,A,GCACCACCACC,CCACCACCACC (insdel/snv -10++0bp, frameshift)",lab_b,1,75,75,75,0,,,,False,allele classes too small (75/0)
OM429_003336,175296,"OM429_003336:175296 indel ACACCACCACC->*,A,GCACCACCACC,CCACCACCACC (insdel/snv -10++0bp, frameshift)",lab_b,2,12,12,12,0,,,,False,allele classes too small (12/0)
OM429_003336,175296,"OM429_003336:175296 indel ACACCACCACC->*,A,GCACCACCACC,CCACCACCACC (insdel/snv -10++0bp, frameshift)",lab_b,3,11,11,10,1,,,,False,allele classes too small (10/1)
OM429_003336,175296,"OM429_003336:175296 indel ACACCACCACC->*,A,GCACCACCACC,CCACCACCACC (insdel/snv -10++0bp, frameshift)",lab_b,4,37,37,37,0,,,,False,allele classes too small (37/0)
OM429_003336,175296,"OM429_003336:175296 indel ACACCACCACC->*,A,GCACCACCACC,CCACCACCACC (insdel/snv -10++0bp, frameshift)",lab_b,5,16,16,4,12,-1.680687468564826,0.9522874168357218,0.09937547369577336,True,
OM429_003336,175296,"OM429_003336:175296 indel ACACCACCACC->*,A,GCACCACCACC,CCACCACCACC (insdel/snv -10++0bp, frameshift)",lab_b,6,20,20,17,3,0.10088906892255703,0.40010427740159127,0.8037765144707024,True,
OM429_003336,175301,"OM429_003336:175301 indel ACCAC->*,A,AAC (del -4+-2bp, frameshift)",chroma,1,75,75,75,0,,,,False,allele classes too small (75/0)
OM429_003336,175301,"OM429_003336:175301 indel ACCAC->*,A,AAC (del -4+-2bp, frameshift)",chroma,2,12,12,12,0,,,,False,allele classes too small (12/0)
OM429_003336,175301,"OM429_003336:175301 indel ACCAC->*,A,AAC (del -4+-2bp, frameshift)",chroma,3,11,11,10,1,,,,False,allele classes too small (10/1)
OM429_003336,175301,"OM429_003336:175301 indel ACCAC->*,A,AAC (del -4+-2bp, frameshift)",chroma,4,37,37,37,0,,,,False,allele classes too small (37/0)
OM429_003336,175301,"OM429_003336:175301 indel ACCAC->*,A,AAC (del -4+-2bp, frameshift)",chroma,5,16,16,7,9,0.08718778475059126,1.1329182736115304,0.9397455180471344,True,
OM429_003336,175301,"OM429_003336:175301 indel ACCAC->*,A,AAC (del -4+-2bp, frameshift)",chroma,6,20,20,18,2,,,,False,allele classes too small (18/2)
OM429_003336,175301,"OM429_003336:175301 indel ACCAC->*,A,AAC (del -4+-2bp, frameshift)",sat,1,75,75,75,0,,,,False,allele classes too small (75/0)
OM429_003336,175301,"OM429_003336:175301 indel ACCAC->*,A,AAC (del -4+-2bp, frameshift)",sat,2,12,12,12,0,,,,False,allele classes too small (12/0)
OM429_003336,175301,"OM429_003336:175301 indel ACCAC->*,A,AAC (del -4+-2bp, frameshift)",sat,3,11,11,10,1,,,,False,allele classes too small (10/1)
OM429_003336,175301,"OM429_003336:175301 indel ACCAC->*,A,AAC (del -4+-2bp, frameshift)",sat,4,37,37,37,0,,,,False,allele classes too small (37/0)
OM429_003336,175301,"OM429_003336:175301 indel ACCAC->*,A,AAC (del -4+-2bp, frameshift)",sat,5,16,16,7,9,0.006832780038321749,0.028158184563384425,0.8117900789346615,True,
OM429_003336,175301,"OM429_003336:175301 indel ACCAC->*,A,AAC (del -4+-2bp, frameshift)",sat,6,20,20,18,2,,,,False,allele classes too small (18/2)
OM429_003336,175301,"OM429_003336:175301 indel ACCAC->*,A,AAC (del -4+-2bp, frameshift)",bright,1,75,75,75,0,,,,False,allele classes too small (75/0)
OM429_003336,175301,"OM429_003336:175301 indel ACCAC->*,A,AAC (del -4+-2bp, frameshift)",bright,2,12,12,12,0,,,,False,allele classes too small (12/0)
OM429_003336,175301,"OM429_003336:175301 indel ACCAC->*,A,AAC (del -4+-2bp, frameshift)",bright,3,11,11,10,1,,,,False,allele classes too small (10/1)
OM429_003336,175301,"OM429_003336:175301 indel ACCAC->*,A,AAC (del -4+-2bp, frameshift)",bright,4,37,37,37,0,,,,False,allele classes too small (37/0)
OM429_003336,175301,"OM429_003336:175301 indel ACCAC->*,A,AAC (del -4+-2bp, frameshift)",bright,5,16,16,7,9,0.004886777452009759,0.01694553214779222,0.7772803139762154,True,
OM429_003336,175301,"OM429_003336:175301 indel ACCAC->*,A,AAC (del -4+-2bp, frameshift)",bright,6,20,20,18,2,,,,False,allele classes too small (18/2)
OM429_003336,175301,"OM429_003336:175301 indel ACCAC->*,A,AAC (del -4+-2bp, frameshift)",lab_L,1,75,75,75,0,,,,False,allele classes too small (75/0)
OM429_003336,175301,"OM429_003336:175301 indel ACCAC->*,A,AAC (del -4+-2bp, frameshift)",lab_L,2,12,12,12,0,,,,False,allele classes too small (12/0)
OM429_003336,175301,"OM429_003336:175301 indel ACCAC->*,A,AAC (del -4+-2bp, frameshift)",lab_L,3,11,11,10,1,,,,False,allele classes too small (10/1)
OM429_003336,175301,"OM429_003336:175301 indel ACCAC->*,A,AAC (del -4+-2bp, frameshift)",lab_L,4,37,37,37,0,,,,False,allele classes too small (37/0)
OM429_003336,175301,"OM429_003336:175301 indel ACCAC->*,A,AAC (del -4+-2bp, frameshift)",lab_L,5,16,16,7,9,0.18369159683818218,0.5129440280897679,0.7256012083569915,True,
OM429_003336,175301,"OM429_003336:175301 indel ACCAC->*,A,AAC (del -4+-2bp, frameshift)",lab_L,6,20,20,18,2,,,,False,allele classes too small (18/2)
OM429_003336,175301,"OM429_003336:175301 indel ACCAC->*,A,AAC (del -4+-2bp, frameshift)",lab_a,1,75,75,75,0,,,,False,allele classes too small (75/0)
OM429_003336,175301,"OM429_003336:175301 indel ACCAC->*,A,AAC (del -4+-2bp, frameshift)",lab_a,2,12,12,12,0,,,,False,allele classes too small (12/0)
OM429_003336,175301,"OM429_003336:175301 indel ACCAC->*,A,AAC (del -4+-2bp, frameshift)",lab_a,3,11,11,10,1,,,,False,allele classes too small (10/1)
OM429_003336,175301,"OM429_003336:175301 indel ACCAC->*,A,AAC (del -4+-2bp, frameshift)",lab_a,4,37,37,37,0,,,,False,allele classes too small (37/0)
OM429_003336,175301,"OM429_003336:175301 indel ACCAC->*,A,AAC (del -4+-2bp, frameshift)",lab_a,5,16,16,7,9,-0.2992863422290502,0.9804931307816581,0.7646739374930579,True,
OM429_003336,175301,"OM429_003336:175301 indel ACCAC->*,A,AAC (del -4+-2bp, frameshift)",lab_a,6,20,20,18,2,,,,False,allele classes too small (18/2)
OM429_003336,175301,"OM429_003336:175301 indel ACCAC->*,A,AAC (del -4+-2bp, frameshift)",lab_b,1,75,75,75,0,,,,False,allele classes too small (75/0)
OM429_003336,175301,"OM429_003336:175301 indel ACCAC->*,A,AAC (del -4+-2bp, frameshift)",lab_b,2,12,12,12,0,,,,False,allele classes too small (12/0)
OM429_003336,175301,"OM429_003336:175301 indel ACCAC->*,A,AAC (del -4+-2bp, frameshift)",lab_b,3,11,11,10,1,,,,False,allele classes too small (10/1)
OM429_003336,175301,"OM429_003336:175301 indel ACCAC->*,A,AAC (del -4+-2bp, frameshift)",lab_b,4,37,37,37,0,,,,False,allele classes too small (37/0)
OM429_003336,175301,"OM429_003336:175301 indel ACCAC->*,A,AAC (del -4+-2bp, frameshift)",lab_b,5,16,16,7,9,0.6537560132483214,0.9022924829447073,0.4806626862547453,True,
OM429_003336,175301,"OM429_003336:175301 indel ACCAC->*,A,AAC (del -4+-2bp, frameshift)",lab_b,6,20,20,18,2,,,,False,allele classes too small (18/2)
OM429_003336,175306,"OM429_003336:175306 indel CT->*,C,TT (insdel/snv -1++0bp, frameshift)",chroma,1,75,75,75,0,,,,False,allele classes too small (75/0)
OM429_003336,175306,"OM429_003336:175306 indel CT->*,C,TT (insdel/snv -1++0bp, frameshift)",chroma,2,12,12,12,0,,,,False,allele classes too small (12/0)
OM429_003336,175306,"OM429_003336:175306 indel CT->*,C,TT (insdel/snv -1++0bp, frameshift)",chroma,3,11,11,10,1,,,,False,allele classes too small (10/1)
OM429_003336,175306,"OM429_003336:175306 indel CT->*,C,TT (insdel/snv -1++0bp, frameshift)",chroma,4,37,37,37,0,,,,False,allele classes too small (37/0)
OM429_003336,175306,"OM429_003336:175306 indel CT->*,C,TT (insdel/snv -1++0bp, frameshift)",chroma,5,16,16,9,7,-0.7985917377517416,1.1128761435309797,0.48481086929578476,True,
OM429_003336,175306,"OM429_003336:175306 indel CT->*,C,TT (insdel/snv -1++0bp, frameshift)",chroma,6,20,20,18,2,,,,False,allele classes too small (18/2)
OM429_003336,175306,"OM429_003336:175306 indel CT->*,C,TT (insdel/snv -1++0bp, frameshift)",sat,1,75,75,75,0,,,,False,allele classes too small (75/0)
OM429_003336,175306,"OM429_003336:175306 indel CT->*,C,TT (insdel/snv -1++0bp, frameshift)",sat,2,12,12,12,0,,,,False,allele classes too small (12/0)
OM429_003336,175306,"OM429_003336:175306 indel CT->*,C,TT (insdel/snv -1++0bp, frameshift)",sat,3,11,11,10,1,,,,False,allele classes too small (10/1)
OM429_003336,175306,"OM429_003336:175306 indel CT->*,C,TT (insdel/snv -1++0bp, frameshift)",sat,4,37,37,37,0,,,,False,allele classes too small (37/0)
OM429_003336,175306,"OM429_003336:175306 indel CT->*,C,TT (insdel/snv -1++0bp, frameshift)",sat,5,16,16,9,7,-0.02236640085692528,0.0275769028697647,0.43090681010464094,True,
OM429_003336,175306,"OM429_003336:175306 indel CT->*,C,TT (insdel/snv -1++0bp, frameshift)",sat,6,20,20,18,2,,,,False,allele classes too small (18/2)
OM429_003336,175306,"OM429_003336:175306 indel CT->*,C,TT (insdel/snv -1++0bp, frameshift)",bright,1,75,75,75,0,,,,False,allele classes too small (75/0)
OM429_003336,175306,"OM429_003336:175306 indel CT->*,C,TT (insdel/snv -1++0bp, frameshift)",bright,2,12,12,12,0,,,,False,allele classes too small (12/0)
OM429_003336,175306,"OM429_003336:175306 indel CT->*,C,TT (insdel/snv -1++0bp, frameshift)",bright,3,11,11,10,1,,,,False,allele classes too small (10/1)
OM429_003336,175306,"OM429_003336:175306 indel CT->*,C,TT (insdel/snv -1++0bp, frameshift)",bright,4,37,37,37,0,,,,False,allele classes too small (37/0)
OM429_003336,175306,"OM429_003336:175306 indel CT->*,C,TT (insdel/snv -1++0bp, frameshift)",bright,5,16,16,9,7,-0.011247125309267698,0.01672785871991719,0.5122999484577582,True,
OM429_003336,175306,"OM429_003336:175306 indel CT->*,C,TT (insdel/snv -1++0bp, frameshift)",bright,6,20,20,18,2,,,,False,allele classes too small (18/2)
OM429_003336,175306,"OM429_003336:175306 indel CT->*,C,TT (insdel/snv -1++0bp, frameshift)",lab_L,1,75,75,75,0,,,,False,allele classes too small (75/0)
OM429_003336,175306,"OM429_003336:175306 indel CT->*,C,TT (insdel/snv -1++0bp, frameshift)",lab_L,2,12,12,12,0,,,,False,allele classes too small (12/0)
OM429_003336,175306,"OM429_003336:175306 indel CT->*,C,TT (insdel/snv -1++0bp, frameshift)",lab_L,3,11,11,10,1,,,,False,allele classes too small (10/1)
OM429_003336,175306,"OM429_003336:175306 indel CT->*,C,TT (insdel/snv -1++0bp, frameshift)",lab_L,4,37,37,37,0,,,,False,allele classes too small (37/0)
OM429_003336,175306,"OM429_003336:175306 indel CT->*,C,TT (insdel/snv -1++0bp, frameshift)",lab_L,5,16,16,9,7,-0.09634731317944063,0.5146442503137106,0.8541808415152076,True,
OM429_003336,175306,"OM429_003336:175306 indel CT->*,C,TT (insdel/snv -1++0bp, frameshift)",lab_L,6,20,20,18,2,,,,False,allele classes too small (18/2)
OM429_003336,175306,"OM429_003336:175306 indel CT->*,C,TT (insdel/snv -1++0bp, frameshift)",lab_a,1,75,75,75,0,,,,False,allele classes too small (75/0)
OM429_003336,175306,"OM429_003336:175306 indel CT->*,C,TT (insdel/snv -1++0bp, frameshift)",lab_a,2,12,12,12,0,,,,False,allele classes too small (12/0)
OM429_003336,175306,"OM429_003336:175306 indel CT->*,C,TT (insdel/snv -1++0bp, frameshift)",lab_a,3,11,11,10,1,,,,False,allele classes too small (10/1)
OM429_003336,175306,"OM429_003336:175306 indel CT->*,C,TT (insdel/snv -1++0bp, frameshift)",lab_a,4,37,37,37,0,,,,False,allele classes too small (37/0)
OM429_003336,175306,"OM429_003336:175306 indel CT->*,C,TT (insdel/snv -1++0bp, frameshift)",lab_a,5,16,16,9,7,-0.5788567601334683,0.9715095793599066,0.5607972866536712,True,
OM429_003336,175306,"OM429_003336:175306 indel CT->*,C,TT (insdel/snv -1++0bp, frameshift)",lab_a,6,20,20,18,2,,,,False,allele classes too small (18/2)
OM429_003336,175306,"OM429_003336:175306 indel CT->*,C,TT (insdel/snv -1++0bp, frameshift)",lab_b,1,75,75,75,0,,,,False,allele classes too small (75/0)
OM429_003336,175306,"OM429_003336:175306 indel CT->*,C,TT (insdel/snv -1++0bp, frameshift)",lab_b,2,12,12,12,0,,,,False,allele classes too small (12/0)
OM429_003336,175306,"OM429_003336:175306 indel CT->*,C,TT (insdel/snv -1++0bp, frameshift)",lab_b,3,11,11,10,1,,,,False,allele classes too small (10/1)
OM429_003336,175306,"OM429_003336:175306 indel CT->*,C,TT (insdel/snv -1++0bp, frameshift)",lab_b,4,37,37,37,0,,,,False,allele classes too small (37/0)
OM429_003336,175306,"OM429_003336:175306 indel CT->*,C,TT (insdel/snv -1++0bp, frameshift)",lab_b,5,16,16,9,7,-0.7415501356395554,0.897430636718382,0.4224912127291568,True,
OM429_003336,175306,"OM429_003336:175306 indel CT->*,C,TT (insdel/snv -1++0bp, frameshift)",lab_b,6,20,20,18,2,,,,False,allele classes too small (18/2)
OM429_003336,175307,"OM429_003336:175307 indel T->C,TCGACTC,TCTACTC,TC,* (insdel/snv +0++1++6bp, frameshift)",chroma,1,75,75,0,75,,,,False,allele classes too small (0/75)
OM429_003336,175307,"OM429_003336:175307 indel T->C,TCGACTC,TCTACTC,TC,* (insdel/snv +0++1++6bp, frameshift)",chroma,2,12,12,0,12,,,,False,allele classes too small (0/12)
OM429_003336,175307,"OM429_003336:175307 indel T->C,TCGACTC,TCTACTC,TC,* (insdel/snv +0++1++6bp, frameshift)",chroma,3,11,11,1,10,,,,False,allele classes too small (1/10)
OM429_003336,175307,"OM429_003336:175307 indel T->C,TCGACTC,TCTACTC,TC,* (insdel/snv +0++1++6bp, frameshift)",chroma,4,37,37,0,37,,,,False,allele classes too small (0/37)
OM429_003336,175307,"OM429_003336:175307 indel T->C,TCGACTC,TCTACTC,TC,* (insdel/snv +0++1++6bp, frameshift)",chroma,5,16,16,0,16,,,,False,allele classes too small (0/16)
OM429_003336,175307,"OM429_003336:175307 indel T->C,TCGACTC,TCTACTC,TC,* (insdel/snv +0++1++6bp, frameshift)",chroma,6,20,20,0,20,,,,False,allele classes too small (0/20)
OM429_003336,175307,"OM429_003336:175307 indel T->C,TCGACTC,TCTACTC,TC,* (insdel/snv +0++1++6bp, frameshift)",sat,1,75,75,0,75,,,,False,allele classes too small (0/75)
OM429_003336,175307,"OM429_003336:175307 indel T->C,TCGACTC,TCTACTC,TC,* (insdel/snv +0++1++6bp, frameshift)",sat,2,12,12,0,12,,,,False,allele classes too small (0/12)
OM429_003336,175307,"OM429_003336:175307 indel T->C,TCGACTC,TCTACTC,TC,* (insdel/snv +0++1++6bp, frameshift)",sat,3,11,11,1,10,,,,False,allele classes too small (1/10)
OM429_003336,175307,"OM429_003336:175307 indel T->C,TCGACTC,TCTACTC,TC,* (insdel/snv +0++1++6bp, frameshift)",sat,4,37,37,0,37,,,,False,allele classes too small (0/37)
OM429_003336,175307,"OM429_003336:175307 indel T->C,TCGACTC,TCTACTC,TC,* (insdel/snv +0++1++6bp, frameshift)",sat,5,16,16,0,16,,,,False,allele classes too small (0/16)
OM429_003336,175307,"OM429_003336:175307 indel T->C,TCGACTC,TCTACTC,TC,* (insdel/snv +0++1++6bp, frameshift)",sat,6,20,20,0,20,,,,False,allele classes too small (0/20)
OM429_003336,175307,"OM429_003336:175307 indel T->C,TCGACTC,TCTACTC,TC,* (insdel/snv +0++1++6bp, frameshift)",bright,1,75,75,0,75,,,,False,allele classes too small (0/75)
OM429_003336,175307,"OM429_003336:175307 indel T->C,TCGACTC,TCTACTC,TC,* (insdel/snv +0++1++6bp, frameshift)",bright,2,12,12,0,12,,,,False,allele classes too small (0/12)
OM429_003336,175307,"OM429_003336:175307 indel T->C,TCGACTC,TCTACTC,TC,* (insdel/snv +0++1++6bp, frameshift)",bright,3,11,11,1,10,,,,False,allele classes too small (1/10)
OM429_003336,175307,"OM429_003336:175307 indel T->C,TCGACTC,TCTACTC,TC,* (insdel/snv +0++1++6bp, frameshift)",bright,4,37,37,0,37,,,,False,allele classes too small (0/37)
OM429_003336,175307,"OM429_003336:175307 indel T->C,TCGACTC,TCTACTC,TC,* (insdel/snv +0++1++6bp, frameshift)",bright,5,16,16,0,16,,,,False,allele classes too small (0/16)
OM429_003336,175307,"OM429_003336:175307 indel T->C,TCGACTC,TCTACTC,TC,* (insdel/snv +0++1++6bp, frameshift)",bright,6,20,20,0,20,,,,False,allele classes too small (0/20)
OM429_003336,175307,"OM429_003336:175307 indel T->C,TCGACTC,TCTACTC,TC,* (insdel/snv +0++1++6bp, frameshift)",lab_L,1,75,75,0,75,,,,False,allele classes too small (0/75)
OM429_003336,175307,"OM429_003336:175307 indel T->C,TCGACTC,TCTACTC,TC,* (insdel/snv +0++1++6bp, frameshift)",lab_L,2,12,12,0,12,,,,False,allele classes too small (0/12)
OM429_003336,175307,"OM429_003336:175307 indel T->C,TCGACTC,TCTACTC,TC,* (insdel/snv +0++1++6bp, frameshift)",lab_L,3,11,11,1,10,,,,False,allele classes too small (1/10)
OM429_003336,175307,"OM429_003336:175307 indel T->C,TCGACTC,TCTACTC,TC,* (insdel/snv +0++1++6bp, frameshift)",lab_L,4,37,37,0,37,,,,False,allele classes too small (0/37)
OM429_003336,175307,"OM429_003336:175307 indel T->C,TCGACTC,TCTACTC,TC,* (insdel/snv +0++1++6bp, frameshift)",lab_L,5,16,16,0,16,,,,False,allele classes too small (0/16)
OM429_003336,175307,"OM429_003336:175307 indel T->C,TCGACTC,TCTACTC,TC,* (insdel/snv +0++1++6bp, frameshift)",lab_L,6,20,20,0,20,,,,False,allele classes too small (0/20)
OM429_003336,175307,"OM429_003336:175307 indel T->C,TCGACTC,TCTACTC,TC,* (insdel/snv +0++1++6bp, frameshift)",lab_a,1,75,75,0,75,,,,False,allele classes too small (0/75)
OM429_003336,175307,"OM429_003336:175307 indel T->C,TCGACTC,TCTACTC,TC,* (insdel/snv +0++1++6bp, frameshift)",lab_a,2,12,12,0,12,,,,False,allele classes too small (0/12)
OM429_003336,175307,"OM429_003336:175307 indel T->C,TCGACTC,TCTACTC,TC,* (insdel/snv +0++1++6bp, frameshift)",lab_a,3,11,11,1,10,,,,False,allele classes too small (1/10)
OM429_003336,175307,"OM429_003336:175307 indel T->C,TCGACTC,TCTACTC,TC,* (insdel/snv +0++1++6bp, frameshift)",lab_a,4,37,37,0,37,,,,False,allele classes too small (0/37)
OM429_003336,175307,"OM429_003336:175307 indel T->C,TCGACTC,TCTACTC,TC,* (insdel/snv +0++1++6bp, frameshift)",lab_a,5,16,16,0,16,,,,False,allele classes too small (0/16)
OM429_003336,175307,"OM429_003336:175307 indel T->C,TCGACTC,TCTACTC,TC,* (insdel/snv +0++1++6bp, frameshift)",lab_a,6,20,20,0,20,,,,False,allele classes too small (0/20)
OM429_003336,175307,"OM429_003336:175307 indel T->C,TCGACTC,TCTACTC,TC,* (insdel/snv +0++1++6bp, frameshift)",lab_b,1,75,75,0,75,,,,False,allele classes too small (0/75)
OM429_003336,175307,"OM429_003336:175307 indel T->C,TCGACTC,TCTACTC,TC,* (insdel/snv +0++1++6bp, frameshift)",lab_b,2,12,12,0,12,,,,False,allele classes too small (0/12)
OM429_003336,175307,"OM429_003336:175307 indel T->C,TCGACTC,TCTACTC,TC,* (insdel/snv +0++1++6bp, frameshift)",lab_b,3,11,11,1,10,,,,False,allele classes too small (1/10)
OM429_003336,175307,"OM429_003336:175307 indel T->C,TCGACTC,TCTACTC,TC,* (insdel/snv +0++1++6bp, frameshift)",lab_b,4,37,37,0,37,,,,False,allele classes too small (0/37)
OM429_003336,175307,"OM429_003336:175307 indel T->C,TCGACTC,TCTACTC,TC,* (insdel/snv +0++1++6bp, frameshift)",lab_b,5,16,16,0,16,,,,False,allele classes too small (0/16)
OM429_003336,175307,"OM429_003336:175307 indel T->C,TCGACTC,TCTACTC,TC,* (insdel/snv +0++1++6bp, frameshift)",lab_b,6,20,20,0,20,,,,False,allele classes too small (0/20)
OM429_003336,175517,"OM429_003336:175517 indel C->CCAG (ins +3bp, in-frame)",chroma,1,75,75,75,0,,,,False,allele classes too small (75/0)
OM429_003336,175517,"OM429_003336:175517 indel C->CCAG (ins +3bp, in-frame)",chroma,2,12,12,12,0,,,,False,allele classes too small (12/0)
OM429_003336,175517,"OM429_003336:175517 indel C->CCAG (ins +3bp, in-frame)",chroma,3,11,11,9,2,,,,False,allele classes too small (9/2)
OM429_003336,175517,"OM429_003336:175517 indel C->CCAG (ins +3bp, in-frame)",chroma,4,37,37,37,0,,,,False,allele classes too small (37/0)
OM429_003336,175517,"OM429_003336:175517 indel C->CCAG (ins +3bp, in-frame)",chroma,5,16,16,15,1,,,,False,allele classes too small (15/1)
OM429_003336,175517,"OM429_003336:175517 indel C->CCAG (ins +3bp, in-frame)",chroma,6,20,20,15,5,-1.6300356580480468,0.39056020510246636,0.0005707553036480844,True,
OM429_003336,175517,"OM429_003336:175517 indel C->CCAG (ins +3bp, in-frame)",sat,1,75,75,75,0,,,,False,allele classes too small (75/0)
OM429_003336,175517,"OM429_003336:175517 indel C->CCAG (ins +3bp, in-frame)",sat,2,12,12,12,0,,,,False,allele classes too small (12/0)
OM429_003336,175517,"OM429_003336:175517 indel C->CCAG (ins +3bp, in-frame)",sat,3,11,11,9,2,,,,False,allele classes too small (9/2)
OM429_003336,175517,"OM429_003336:175517 indel C->CCAG (ins +3bp, in-frame)",sat,4,37,37,37,0,,,,False,allele classes too small (37/0)
OM429_003336,175517,"OM429_003336:175517 indel C->CCAG (ins +3bp, in-frame)",sat,5,16,16,15,1,,,,False,allele classes too small (15/1)
OM429_003336,175517,"OM429_003336:175517 indel C->CCAG (ins +3bp, in-frame)",sat,6,20,20,15,5,-0.03669012203356525,0.009261897444734001,0.0009152259522027535,True,
OM429_003336,175517,"OM429_003336:175517 indel C->CCAG (ins +3bp, in-frame)",bright,1,75,75,75,0,,,,False,allele classes too small (75/0)
OM429_003336,175517,"OM429_003336:175517 indel C->CCAG (ins +3bp, in-frame)",bright,2,12,12,12,0,,,,False,allele classes too small (12/0)
OM429_003336,175517,"OM429_003336:175517 indel C->CCAG (ins +3bp, in-frame)",bright,3,11,11,9,2,,,,False,allele classes too small (9/2)
OM429_003336,175517,"OM429_003336:175517 indel C->CCAG (ins +3bp, in-frame)",bright,4,37,37,37,0,,,,False,allele classes too small (37/0)
OM429_003336,175517,"OM429_003336:175517 indel C->CCAG (ins +3bp, in-frame)",bright,5,16,16,15,1,,,,False,allele classes too small (15/1)
OM429_003336,175517,"OM429_003336:175517 indel C->CCAG (ins +3bp, in-frame)",bright,6,20,20,15,5,-0.00635940930630794,0.008320759710135722,0.4546022063649599,True,
OM429_003336,175517,"OM429_003336:175517 indel C->CCAG (ins +3bp, in-frame)",lab_L,1,75,75,75,0,,,,False,allele classes too small (75/0)
OM429_003336,175517,"OM429_003336:175517 indel C->CCAG (ins +3bp, in-frame)",lab_L,2,12,12,12,0,,,,False,allele classes too small (12/0)
OM429_003336,175517,"OM429_003336:175517 indel C->CCAG (ins +3bp, in-frame)",lab_L,3,11,11,9,2,,,,False,allele classes too small (9/2)
OM429_003336,175517,"OM429_003336:175517 indel C->CCAG (ins +3bp, in-frame)",lab_L,4,37,37,37,0,,,,False,allele classes too small (37/0)
OM429_003336,175517,"OM429_003336:175517 indel C->CCAG (ins +3bp, in-frame)",lab_L,5,16,16,15,1,,,,False,allele classes too small (15/1)
OM429_003336,175517,"OM429_003336:175517 indel C->CCAG (ins +3bp, in-frame)",lab_L,6,20,20,15,5,0.8554638563988893,0.36787776362889746,0.03193989708516779,True,
OM429_003336,175517,"OM429_003336:175517 indel C->CCAG (ins +3bp, in-frame)",lab_a,1,75,75,75,0,,,,False,allele classes too small (75/0)
OM429_003336,175517,"OM429_003336:175517 indel C->CCAG (ins +3bp, in-frame)",lab_a,2,12,12,12,0,,,,False,allele classes too small (12/0)
OM429_003336,175517,"OM429_003336:175517 indel C->CCAG (ins +3bp, in-frame)",lab_a,3,11,11,9,2,,,,False,allele classes too small (9/2)
OM429_003336,175517,"OM429_003336:175517 indel C->CCAG (ins +3bp, in-frame)",lab_a,4,37,37,37,0,,,,False,allele classes too small (37/0)
OM429_003336,175517,"OM429_003336:175517 indel C->CCAG (ins +3bp, in-frame)",lab_a,5,16,16,15,1,,,,False,allele classes too small (15/1)
OM429_003336,175517,"OM429_003336:175517 indel C->CCAG (ins +3bp, in-frame)",lab_a,6,20,20,15,5,-1.605801373519706,0.40321507584448235,0.0008732239703617647,True,
OM429_003336,175517,"OM429_003336:175517 indel C->CCAG (ins +3bp, in-frame)",lab_b,1,75,75,75,0,,,,False,allele classes too small (75/0)
OM429_003336,175517,"OM429_003336:175517 indel C->CCAG (ins +3bp, in-frame)",lab_b,2,12,12,12,0,,,,False,allele classes too small (12/0)
OM429_003336,175517,"OM429_003336:175517 indel C->CCAG (ins +3bp, in-frame)",lab_b,3,11,11,9,2,,,,False,allele classes too small (9/2)
OM429_003336,175517,"OM429_003336:175517 indel C->CCAG (ins +3bp, in-frame)",lab_b,4,37,37,37,0,,,,False,allele classes too small (37/0)
OM429_003336,175517,"OM429_003336:175517 indel C->CCAG (ins +3bp, in-frame)",lab_b,5,16,16,15,1,,,,False,allele classes too small (15/1)
OM429_003336,175517,"OM429_003336:175517 indel C->CCAG (ins +3bp, in-frame)",lab_b,6,20,20,15,5,-0.4421230758900016,0.3136585062746542,0.17571115836709214,True,
OM429_003336,175520,"OM429_003336:175520 indel G->GA (ins +1bp, frameshift)",chroma,1,75,75,75,0,,,,False,allele classes too small (75/0)
OM429_003336,175520,"OM429_003336:175520 indel G->GA (ins +1bp, frameshift)",chroma,2,12,12,12,0,,,,False,allele classes too small (12/0)
OM429_003336,175520,"OM429_003336:175520 indel G->GA (ins +1bp, frameshift)",chroma,3,11,11,11,0,,,,False,allele classes too small (11/0)
OM429_003336,175520,"OM429_003336:175520 indel G->GA (ins +1bp, frameshift)",chroma,4,37,37,37,0,,,,False,allele classes too small (37/0)
OM429_003336,175520,"OM429_003336:175520 indel G->GA (ins +1bp, frameshift)",chroma,5,16,16,13,3,0.5702028823815618,1.4321332934364737,0.6965255540880521,True,
OM429_003336,175520,"OM429_003336:175520 indel G->GA (ins +1bp, frameshift)",chroma,6,20,20,20,0,,,,False,allele classes too small (20/0)
OM429_003336,175520,"OM429_003336:175520 indel G->GA (ins +1bp, frameshift)",sat,1,75,75,75,0,,,,False,allele classes too small (75/0)
OM429_003336,175520,"OM429_003336:175520 indel G->GA (ins +1bp, frameshift)",sat,2,12,12,12,0,,,,False,allele classes too small (12/0)
OM429_003336,175520,"OM429_003336:175520 indel G->GA (ins +1bp, frameshift)",sat,3,11,11,11,0,,,,False,allele classes too small (11/0)
OM429_003336,175520,"OM429_003336:175520 indel G->GA (ins +1bp, frameshift)",sat,4,37,37,37,0,,,,False,allele classes too small (37/0)
OM429_003336,175520,"OM429_003336:175520 indel G->GA (ins +1bp, frameshift)",sat,5,16,16,13,3,0.00990246335975902,0.035765826253367,0.7859262232856536,True,
OM429_003336,175520,"OM429_003336:175520 indel G->GA (ins +1bp, frameshift)",sat,6,20,20,20,0,,,,False,allele classes too small (20/0)
OM429_003336,175520,"OM429_003336:175520 indel G->GA (ins +1bp, frameshift)",bright,1,75,75,75,0,,,,False,allele classes too small (75/0)
OM429_003336,175520,"OM429_003336:175520 indel G->GA (ins +1bp, frameshift)",bright,2,12,12,12,0,,,,False,allele classes too small (12/0)
OM429_003336,175520,"OM429_003336:175520 indel G->GA (ins +1bp, frameshift)",bright,3,11,11,11,0,,,,False,allele classes too small (11/0)
OM429_003336,175520,"OM429_003336:175520 indel G->GA (ins +1bp, frameshift)",bright,4,37,37,37,0,,,,False,allele classes too small (37/0)
OM429_003336,175520,"OM429_003336:175520 indel G->GA (ins +1bp, frameshift)",bright,5,16,16,13,3,0.007609825831959065,0.021505312556601448,0.7287177963181211,True,
OM429_003336,175520,"OM429_003336:175520 indel G->GA (ins +1bp, frameshift)",bright,6,20,20,20,0,,,,False,allele classes too small (20/0)
OM429_003336,175520,"OM429_003336:175520 indel G->GA (ins +1bp, frameshift)",lab_L,1,75,75,75,0,,,,False,allele classes too small (75/0)
OM429_003336,175520,"OM429_003336:175520 indel G->GA (ins +1bp, frameshift)",lab_L,2,12,12,12,0,,,,False,allele classes too small (12/0)
OM429_003336,175520,"OM429_003336:175520 indel G->GA (ins +1bp, frameshift)",lab_L,3,11,11,11,0,,,,False,allele classes too small (11/0)
OM429_003336,175520,"OM429_003336:175520 indel G->GA (ins +1bp, frameshift)",lab_L,4,37,37,37,0,,,,False,allele classes too small (37/0)
OM429_003336,175520,"OM429_003336:175520 indel G->GA (ins +1bp, frameshift)",lab_L,5,16,16,13,3,-0.021518904238538045,0.6548944137939977,0.9742512292505509,True,
OM429_003336,175520,"OM429_003336:175520 indel G->GA (ins +1bp, frameshift)",lab_L,6,20,20,20,0,,,,False,allele classes too small (20/0)
OM429_003336,175520,"OM429_003336:175520 indel G->GA (ins +1bp, frameshift)",lab_a,1,75,75,75,0,,,,False,allele classes too small (75/0)
OM429_003336,175520,"OM429_003336:175520 indel G->GA (ins +1bp, frameshift)",lab_a,2,12,12,12,0,,,,False,allele classes too small (12/0)
OM429_003336,175520,"OM429_003336:175520 indel G->GA (ins +1bp, frameshift)",lab_a,3,11,11,11,0,,,,False,allele classes too small (11/0)
OM429_003336,175520,"OM429_003336:175520 indel G->GA (ins +1bp, frameshift)",lab_a,4,37,37,37,0,,,,False,allele classes too small (37/0)
OM429_003336,175520,"OM429_003336:175520 indel G->GA (ins +1bp, frameshift)",lab_a,5,16,16,13,3,0.8598405176578964,1.229025383275829,0.49563085166625265,True,
OM429_003336,175520,"OM429_003336:175520 indel G->GA (ins +1bp, frameshift)",lab_a,6,20,20,20,0,,,,False,allele classes too small (20/0)
OM429_003336,175520,"OM429_003336:175520 indel G->GA (ins +1bp, frameshift)",lab_b,1,75,75,75,0,,,,False,allele classes too small (75/0)
OM429_003336,175520,"OM429_003336:175520 indel G->GA (ins +1bp, frameshift)",lab_b,2,12,12,12,0,,,,False,allele classes too small (12/0)
OM429_003336,175520,"OM429_003336:175520 indel G->GA (ins +1bp, frameshift)",lab_b,3,11,11,11,0,,,,False,allele classes too small (11/0)
OM429_003336,175520,"OM429_003336:175520 indel G->GA (ins +1bp, frameshift)",lab_b,4,37,37,37,0,,,,False,allele classes too small (37/0)
OM429_003336,175520,"OM429_003336:175520 indel G->GA (ins +1bp, frameshift)",lab_b,5,16,16,13,3,-0.45607011030332384,1.1617201702346263,0.7005406089092018,True,
OM429_003336,175520,"OM429_003336:175520 indel G->GA (ins +1bp, frameshift)",lab_b,6,20,20,20,0,,,,False,allele classes too small (20/0)
OM429_003336,175523,"OM429_003336:175523 indel G->GA (ins +1bp, frameshift)",chroma,1,75,75,75,0,,,,False,allele classes too small (75/0)
OM429_003336,175523,"OM429_003336:175523 indel G->GA (ins +1bp, frameshift)",chroma,2,12,12,12,0,,,,False,allele classes too small (12/0)
OM429_003336,175523,"OM429_003336:175523 indel G->GA (ins +1bp, frameshift)",chroma,3,11,11,11,0,,,,False,allele classes too small (11/0)
OM429_003336,175523,"OM429_003336:175523 indel G->GA (ins +1bp, frameshift)",chroma,4,37,37,37,0,,,,False,allele classes too small (37/0)
OM429_003336,175523,"OM429_003336:175523 indel G->GA (ins +1bp, frameshift)",chroma,5,16,16,16,0,,,,False,allele classes too small (16/0)
OM429_003336,175523,"OM429_003336:175523 indel G->GA (ins +1bp, frameshift)",chroma,6,20,20,18,2,,,,False,allele classes too small (18/2)
OM429_003336,175523,"OM429_003336:175523 indel G->GA (ins +1bp, frameshift)",sat,1,75,75,75,0,,,,False,allele classes too small (75/0)
OM429_003336,175523,"OM429_003336:175523 indel G->GA (ins +1bp, frameshift)",sat,2,12,12,12,0,,,,False,allele classes too small (12/0)
OM429_003336,175523,"OM429_003336:175523 indel G->GA (ins +1bp, frameshift)",sat,3,11,11,11,0,,,,False,allele classes too small (11/0)
OM429_003336,175523,"OM429_003336:175523 indel G->GA (ins +1bp, frameshift)",sat,4,37,37,37,0,,,,False,allele classes too small (37/0)
OM429_003336,175523,"OM429_003336:175523 indel G->GA (ins +1bp, frameshift)",sat,5,16,16,16,0,,,,False,allele classes too small (16/0)
OM429_003336,175523,"OM429_003336:175523 indel G->GA (ins +1bp, frameshift)",sat,6,20,20,18,2,,,,False,allele classes too small (18/2)
OM429_003336,175523,"OM429_003336:175523 indel G->GA (ins +1bp, frameshift)",bright,1,75,75,75,0,,,,False,allele classes too small (75/0)
OM429_003336,175523,"OM429_003336:175523 indel G->GA (ins +1bp, frameshift)",bright,2,12,12,12,0,,,,False,allele classes too small (12/0)
OM429_003336,175523,"OM429_003336:175523 indel G->GA (ins +1bp, frameshift)",bright,3,11,11,11,0,,,,False,allele classes too small (11/0)
OM429_003336,175523,"OM429_003336:175523 indel G->GA (ins +1bp, frameshift)",bright,4,37,37,37,0,,,,False,allele classes too small (37/0)
OM429_003336,175523,"OM429_003336:175523 indel G->GA (ins +1bp, frameshift)",bright,5,16,16,16,0,,,,False,allele classes too small (16/0)
OM429_003336,175523,"OM429_003336:175523 indel G->GA (ins +1bp, frameshift)",bright,6,20,20,18,2,,,,False,allele classes too small (18/2)
OM429_003336,175523,"OM429_003336:175523 indel G->GA (ins +1bp, frameshift)",lab_L,1,75,75,75,0,,,,False,allele classes too small (75/0)
OM429_003336,175523,"OM429_003336:175523 indel G->GA (ins +1bp, frameshift)",lab_L,2,12,12,12,0,,,,False,allele classes too small (12/0)
OM429_003336,175523,"OM429_003336:175523 indel G->GA (ins +1bp, frameshift)",lab_L,3,11,11,11,0,,,,False,allele classes too small (11/0)
OM429_003336,175523,"OM429_003336:175523 indel G->GA (ins +1bp, frameshift)",lab_L,4,37,37,37,0,,,,False,allele classes too small (37/0)
OM429_003336,175523,"OM429_003336:175523 indel G->GA (ins +1bp, frameshift)",lab_L,5,16,16,16,0,,,,False,allele classes too small (16/0)
OM429_003336,175523,"OM429_003336:175523 indel G->GA (ins +1bp, frameshift)",lab_L,6,20,20,18,2,,,,False,allele classes too small (18/2)
OM429_003336,175523,"OM429_003336:175523 indel G->GA (ins +1bp, frameshift)",lab_a,1,75,75,75,0,,,,False,allele classes too small (75/0)
OM429_003336,175523,"OM429_003336:175523 indel G->GA (ins +1bp, frameshift)",lab_a,2,12,12,12,0,,,,False,allele classes too small (12/0)
OM429_003336,175523,"OM429_003336:175523 indel G->GA (ins +1bp, frameshift)",lab_a,3,11,11,11,0,,,,False,allele classes too small (11/0)
OM429_003336,175523,"OM429_003336:175523 indel G->GA (ins +1bp, frameshift)",lab_a,4,37,37,37,0,,,,False,allele classes too small (37/0)
OM429_003336,175523,"OM429_003336:175523 indel G->GA (ins +1bp, frameshift)",lab_a,5,16,16,16,0,,,,False,allele classes too small (16/0)
OM429_003336,175523,"OM429_003336:175523 indel G->GA (ins +1bp, frameshift)",lab_a,6,20,20,18,2,,,,False,allele classes too small (18/2)
OM429_003336,175523,"OM429_003336:175523 indel G->GA (ins +1bp, frameshift)",lab_b,1,75,75,75,0,,,,False,allele classes too small (75/0)
OM429_003336,175523,"OM429_003336:175523 indel G->GA (ins +1bp, frameshift)",lab_b,2,12,12,12,0,,,,False,allele classes too small (12/0)
OM429_003336,175523,"OM429_003336:175523 indel G->GA (ins +1bp, frameshift)",lab_b,3,11,11,11,0,,,,False,allele classes too small (11/0)
OM429_003336,175523,"OM429_003336:175523 indel G->GA (ins +1bp, frameshift)",lab_b,4,37,37,37,0,,,,False,allele classes too small (37/0)
OM429_003336,175523,"OM429_003336:175523 indel G->GA (ins +1bp, frameshift)",lab_b,5,16,16,16,0,,,,False,allele classes too small (16/0)
OM429_003336,175523,"OM429_003336:175523 indel G->GA (ins +1bp, frameshift)",lab_b,6,20,20,18,2,,,,False,allele classes too small (18/2)
OM429_003336,175524,"OM429_003336:175524 indel C->G,A,CAA,CGAATA (insdel/snv +0++2++5bp, frameshift)",chroma,1,75,75,75,0,,,,False,allele classes too small (75/0)
OM429_003336,175524,"OM429_003336:175524 indel C->G,A,CAA,CGAATA (insdel/snv +0++2++5bp, frameshift)",chroma,2,12,12,12,0,,,,False,allele classes too small (12/0)
OM429_003336,175524,"OM429_003336:175524 indel C->G,A,CAA,CGAATA (insdel/snv +0++2++5bp, frameshift)",chroma,3,11,11,9,2,,,,False,allele classes too small (9/2)
OM429_003336,175524,"OM429_003336:175524 indel C->G,A,CAA,CGAATA (insdel/snv +0++2++5bp, frameshift)",chroma,4,37,37,37,0,,,,False,allele classes too small (37/0)
OM429_003336,175524,"OM429_003336:175524 indel C->G,A,CAA,CGAATA (insdel/snv +0++2++5bp, frameshift)",chroma,5,16,16,2,14,,,,False,allele classes too small (2/14)
OM429_003336,175524,"OM429_003336:175524 indel C->G,A,CAA,CGAATA (insdel/snv +0++2++5bp, frameshift)",chroma,6,20,20,16,4,-0.11908323678227231,0.5924100126703313,0.8429408978566053,True,
OM429_003336,175524,"OM429_003336:175524 indel C->G,A,CAA,CGAATA (insdel/snv +0++2++5bp, frameshift)",sat,1,75,75,75,0,,,,False,allele classes too small (75/0)
OM429_003336,175524,"OM429_003336:175524 indel C->G,A,CAA,CGAATA (insdel/snv +0++2++5bp, frameshift)",sat,2,12,12,12,0,,,,False,allele classes too small (12/0)
OM429_003336,175524,"OM429_003336:175524 indel C->G,A,CAA,CGAATA (insdel/snv +0++2++5bp, frameshift)",sat,3,11,11,9,2,,,,False,allele classes too small (9/2)
OM429_003336,175524,"OM429_003336:175524 indel C->G,A,CAA,CGAATA (insdel/snv +0++2++5bp, frameshift)",sat,4,37,37,37,0,,,,False,allele classes too small (37/0)
OM429_003336,175524,"OM429_003336:175524 indel C->G,A,CAA,CGAATA (insdel/snv +0++2++5bp, frameshift)",sat,5,16,16,2,14,,,,False,allele classes too small (2/14)
OM429_003336,175524,"OM429_003336:175524 indel C->G,A,CAA,CGAATA (insdel/snv +0++2++5bp, frameshift)",sat,6,20,20,16,4,-0.00832773033179464,0.013576257550197299,0.5472830619735256,True,
OM429_003336,175524,"OM429_003336:175524 indel C->G,A,CAA,CGAATA (insdel/snv +0++2++5bp, frameshift)",bright,1,75,75,75,0,,,,False,allele classes too small (75/0)
OM429_003336,175524,"OM429_003336:175524 indel C->G,A,CAA,CGAATA (insdel/snv +0++2++5bp, frameshift)",bright,2,12,12,12,0,,,,False,allele classes too small (12/0)
OM429_003336,175524,"OM429_003336:175524 indel C->G,A,CAA,CGAATA (insdel/snv +0++2++5bp, frameshift)",bright,3,11,11,9,2,,,,False,allele classes too small (9/2)
OM429_003336,175524,"OM429_003336:175524 indel C->G,A,CAA,CGAATA (insdel/snv +0++2++5bp, frameshift)",bright,4,37,37,37,0,,,,False,allele classes too small (37/0)
OM429_003336,175524,"OM429_003336:175524 indel C->G,A,CAA,CGAATA (insdel/snv +0++2++5bp, frameshift)",bright,5,16,16,2,14,,,,False,allele classes too small (2/14)
OM429_003336,175524,"OM429_003336:175524 indel C->G,A,CAA,CGAATA (insdel/snv +0++2++5bp, frameshift)",bright,6,20,20,16,4,0.023023161923654032,0.0073701867752993195,0.00586535822626234,True,
OM429_003336,175524,"OM429_003336:175524 indel C->G,A,CAA,CGAATA (insdel/snv +0++2++5bp, frameshift)",lab_L,1,75,75,75,0,,,,False,allele classes too small (75/0)
OM429_003336,175524,"OM429_003336:175524 indel C->G,A,CAA,CGAATA (insdel/snv +0++2++5bp, frameshift)",lab_L,2,12,12,12,0,,,,False,allele classes too small (12/0)
OM429_003336,175524,"OM429_003336:175524 indel C->G,A,CAA,CGAATA (insdel/snv +0++2++5bp, frameshift)",lab_L,3,11,11,9,2,,,,False,allele classes too small (9/2)
OM429_003336,175524,"OM429_003336:175524 indel C->G,A,CAA,CGAATA (insdel/snv +0++2++5bp, frameshift)",lab_L,4,37,37,37,0,,,,False,allele classes too small (37/0)
OM429_003336,175524,"OM429_003336:175524 indel C->G,A,CAA,CGAATA (insdel/snv +0++2++5bp, frameshift)",lab_L,5,16,16,2,14,,,,False,allele classes too small (2/14)
OM429_003336,175524,"OM429_003336:175524 indel C->G,A,CAA,CGAATA (insdel/snv +0++2++5bp, frameshift)",lab_L,6,20,20,16,4,1.372046147145724,0.3188339575158577,0.0004279310151737113,True,
OM429_003336,175524,"OM429_003336:175524 indel C->G,A,CAA,CGAATA (insdel/snv +0++2++5bp, frameshift)",lab_a,1,75,75,75,0,,,,False,allele classes too small (75/0)
OM429_003336,175524,"OM429_003336:175524 indel C->G,A,CAA,CGAATA (insdel/snv +0++2++5bp, frameshift)",lab_a,2,12,12,12,0,,,,False,allele classes too small (12/0)
OM429_003336,175524,"OM429_003336:175524 indel C->G,A,CAA,CGAATA (insdel/snv +0++2++5bp, frameshift)",lab_a,3,11,11,9,2,,,,False,allele classes too small (9/2)
OM429_003336,175524,"OM429_003336:175524 indel C->G,A,CAA,CGAATA (insdel/snv +0++2++5bp, frameshift)",lab_a,4,37,37,37,0,,,,False,allele classes too small (37/0)
OM429_003336,175524,"OM429_003336:175524 indel C->G,A,CAA,CGAATA (insdel/snv +0++2++5bp, frameshift)",lab_a,5,16,16,2,14,,,,False,allele classes too small (2/14)
OM429_003336,175524,"OM429_003336:175524 indel C->G,A,CAA,CGAATA (insdel/snv +0++2++5bp, frameshift)",lab_a,6,20,20,16,4,0.007213668519955194,0.5986658778364666,0.9905186131069984,True,
OM429_003336,175524,"OM429_003336:175524 indel C->G,A,CAA,CGAATA (insdel/snv +0++2++5bp, frameshift)",lab_b,1,75,75,75,0,,,,False,allele classes too small (75/0)
OM429_003336,175524,"OM429_003336:175524 indel C->G,A,CAA,CGAATA (insdel/snv +0++2++5bp, frameshift)",lab_b,2,12,12,12,0,,,,False,allele classes too small (12/0)
OM429_003336,175524,"OM429_003336:175524 indel C->G,A,CAA,CGAATA (insdel/snv +0++2++5bp, frameshift)",lab_b,3,11,11,9,2,,,,False,allele classes too small (9/2)
OM429_003336,175524,"OM429_003336:175524 indel C->G,A,CAA,CGAATA (insdel/snv +0++2++5bp, frameshift)",lab_b,4,37,37,37,0,,,,False,allele classes too small (37/0)
OM429_003336,175524,"OM429_003336:175524 indel C->G,A,CAA,CGAATA (insdel/snv +0++2++5bp, frameshift)",lab_b,5,16,16,2,14,,,,False,allele classes too small (2/14)
OM429_003336,175524,"OM429_003336:175524 indel C->G,A,CAA,CGAATA (insdel/snv +0++2++5bp, frameshift)",lab_b,6,20,20,16,4,-0.31064840716581166,0.3502225785541065,0.38677564530658287,True,
OM429_003336,175525,"OM429_003336:175525 indel C->CAAA,A (insdel/snv +0++3bp, in-frame)",chroma,1,75,75,75,0,,,,False,allele classes too small (75/0)
OM429_003336,175525,"OM429_003336:175525 indel C->CAAA,A (insdel/snv +0++3bp, in-frame)",chroma,2,12,12,12,0,,,,False,allele classes too small (12/0)
OM429_003336,175525,"OM429_003336:175525 indel C->CAAA,A (insdel/snv +0++3bp, in-frame)",chroma,3,11,11,11,0,,,,False,allele classes too small (11/0)
OM429_003336,175525,"OM429_003336:175525 indel C->CAAA,A (insdel/snv +0++3bp, in-frame)",chroma,4,37,37,37,0,,,,False,allele classes too small (37/0)
OM429_003336,175525,"OM429_003336:175525 indel C->CAAA,A (insdel/snv +0++3bp, in-frame)",chroma,5,16,16,9,7,1.2129649708416488,1.0857969783554602,0.2827486390963687,True,
OM429_003336,175525,"OM429_003336:175525 indel C->CAAA,A (insdel/snv +0++3bp, in-frame)",chroma,6,20,20,20,0,,,,False,allele classes too small (20/0)
OM429_003336,175525,"OM429_003336:175525 indel C->CAAA,A (insdel/snv +0++3bp, in-frame)",sat,1,75,75,75,0,,,,False,allele classes too small (75/0)
OM429_003336,175525,"OM429_003336:175525 indel C->CAAA,A (insdel/snv +0++3bp, in-frame)",sat,2,12,12,12,0,,,,False,allele classes too small (12/0)
OM429_003336,175525,"OM429_003336:175525 indel C->CAAA,A (insdel/snv +0++3bp, in-frame)",sat,3,11,11,11,0,,,,False,allele classes too small (11/0)
OM429_003336,175525,"OM429_003336:175525 indel C->CAAA,A (insdel/snv +0++3bp, in-frame)",sat,4,37,37,37,0,,,,False,allele classes too small (37/0)
OM429_003336,175525,"OM429_003336:175525 indel C->CAAA,A (insdel/snv +0++3bp, in-frame)",sat,5,16,16,9,7,0.03021376382505047,0.027037252567066548,0.2825970701828748,True,
OM429_003336,175525,"OM429_003336:175525 indel C->CAAA,A (insdel/snv +0++3bp, in-frame)",sat,6,20,20,20,0,,,,False,allele classes too small (20/0)
OM429_003336,175525,"OM429_003336:175525 indel C->CAAA,A (insdel/snv +0++3bp, in-frame)",bright,1,75,75,75,0,,,,False,allele classes too small (75/0)
OM429_003336,175525,"OM429_003336:175525 indel C->CAAA,A (insdel/snv +0++3bp, in-frame)",bright,2,12,12,12,0,,,,False,allele classes too small (12/0)
OM429_003336,175525,"OM429_003336:175525 indel C->CAAA,A (insdel/snv +0++3bp, in-frame)",bright,3,11,11,11,0,,,,False,allele classes too small (11/0)
OM429_003336,175525,"OM429_003336:175525 indel C->CAAA,A (insdel/snv +0++3bp, in-frame)",bright,4,37,37,37,0,,,,False,allele classes too small (37/0)
OM429_003336,175525,"OM429_003336:175525 indel C->CAAA,A (insdel/snv +0++3bp, in-frame)",bright,5,16,16,9,7,0.02168959455809997,0.01597667254507723,0.19607842600224032,True,
OM429_003336,175525,"OM429_003336:175525 indel C->CAAA,A (insdel/snv +0++3bp, in-frame)",bright,6,20,20,20,0,,,,False,allele classes too small (20/0)
OM429_003336,175525,"OM429_003336:175525 indel C->CAAA,A (insdel/snv +0++3bp, in-frame)",lab_L,1,75,75,75,0,,,,False,allele classes too small (75/0)
OM429_003336,175525,"OM429_003336:175525 indel C->CAAA,A (insdel/snv +0++3bp, in-frame)",lab_L,2,12,12,12,0,,,,False,allele classes too small (12/0)
OM429_003336,175525,"OM429_003336:175525 indel C->CAAA,A (insdel/snv +0++3bp, in-frame)",lab_L,3,11,11,11,0,,,,False,allele classes too small (11/0)
OM429_003336,175525,"OM429_003336:175525 indel C->CAAA,A (insdel/snv +0++3bp, in-frame)",lab_L,4,37,37,37,0,,,,False,allele classes too small (37/0)
OM429_003336,175525,"OM429_003336:175525 indel C->CAAA,A (insdel/snv +0++3bp, in-frame)",lab_L,5,16,16,9,7,0.3343427756884883,0.5074811449301957,0.5206954129551279,True,
OM429_003336,175525,"OM429_003336:175525 indel C->CAAA,A (insdel/snv +0++3bp, in-frame)",lab_L,6,20,20,20,0,,,,False,allele classes too small (20/0)
OM429_003336,175525,"OM429_003336:175525 indel C->CAAA,A (insdel/snv +0++3bp, in-frame)",lab_a,1,75,75,75,0,,,,False,allele classes too small (75/0)
OM429_003336,175525,"OM429_003336:175525 indel C->CAAA,A (insdel/snv +0++3bp, in-frame)",lab_a,2,12,12,12,0,,,,False,allele classes too small (12/0)
OM429_003336,175525,"OM429_003336:175525 indel C->CAAA,A (insdel/snv +0++3bp, in-frame)",lab_a,3,11,11,11,0,,,,False,allele classes too small (11/0)
OM429_003336,175525,"OM429_003336:175525 indel C->CAAA,A (insdel/snv +0++3bp, in-frame)",lab_a,4,37,37,37,0,,,,False,allele classes too small (37/0)
OM429_003336,175525,"OM429_003336:175525 indel C->CAAA,A (insdel/snv +0++3bp, in-frame)",lab_a,5,16,16,9,7,0.9564874181672031,0.9499563541354689,0.33108118822132376,True,
OM429_003336,175525,"OM429_003336:175525 indel C->CAAA,A (insdel/snv +0++3bp, in-frame)",lab_a,6,20,20,20,0,,,,False,allele classes too small (20/0)
OM429_003336,175525,"OM429_003336:175525 indel C->CAAA,A (insdel/snv +0++3bp, in-frame)",lab_b,1,75,75,75,0,,,,False,allele classes too small (75/0)
OM429_003336,175525,"OM429_003336:175525 indel C->CAAA,A (insdel/snv +0++3bp, in-frame)",lab_b,2,12,12,12,0,,,,False,allele classes too small (12/0)
OM429_003336,175525,"OM429_003336:175525 indel C->CAAA,A (insdel/snv +0++3bp, in-frame)",lab_b,3,11,11,11,0,,,,False,allele classes too small (11/0)
OM429_003336,175525,"OM429_003336:175525 indel C->CAAA,A (insdel/snv +0++3bp, in-frame)",lab_b,4,37,37,37,0,,,,False,allele classes too small (37/0)
OM429_003336,175525,"OM429_003336:175525 indel C->CAAA,A (insdel/snv +0++3bp, in-frame)",lab_b,5,16,16,9,7,0.807247218559331,0.8933721428979845,0.38149508798076404,True,
OM429_003336,175525,"OM429_003336:175525 indel C->CAAA,A (insdel/snv +0++3bp, in-frame)",lab_b,6,20,20,20,0,,,,False,allele classes too small (20/0)
OM429_003336,175529,"OM429_003336:175529 indel G->GACTACGACAAA,GACGACAAA,GACGACGACAAA (ins +8++11bp, frameshift)",chroma,1,75,75,75,0,,,,False,allele classes too small (75/0)
OM429_003336,175529,"OM429_003336:175529 indel G->GACTACGACAAA,GACGACAAA,GACGACGACAAA (ins +8++11bp, frameshift)",chroma,2,12,12,12,0,,,,False,allele classes too small (12/0)
OM429_003336,175529,"OM429_003336:175529 indel G->GACTACGACAAA,GACGACAAA,GACGACGACAAA (ins +8++11bp, frameshift)",chroma,3,11,11,9,2,,,,False,allele classes too small (9/2)
OM429_003336,175529,"OM429_003336:175529 indel G->GACTACGACAAA,GACGACAAA,GACGACGACAAA (ins +8++11bp, frameshift)",chroma,4,37,37,37,0,,,,False,allele classes too small (37/0)
OM429_003336,175529,"OM429_003336:175529 indel G->GACTACGACAAA,GACGACAAA,GACGACGACAAA (ins +8++11bp, frameshift)",chroma,5,16,16,9,7,-0.7985917377517416,1.1128761435309797,0.48481086929578476,True,
OM429_003336,175529,"OM429_003336:175529 indel G->GACTACGACAAA,GACGACAAA,GACGACGACAAA (ins +8++11bp, frameshift)",chroma,6,20,20,17,3,0.9497328174496027,0.62552803357154,0.14630983719074406,True,
OM429_003336,175529,"OM429_003336:175529 indel G->GACTACGACAAA,GACGACAAA,GACGACGACAAA (ins +8++11bp, frameshift)",sat,1,75,75,75,0,,,,False,allele classes too small (75/0)
OM429_003336,175529,"OM429_003336:175529 indel G->GACTACGACAAA,GACGACAAA,GACGACGACAAA (ins +8++11bp, frameshift)",sat,2,12,12,12,0,,,,False,allele classes too small (12/0)
OM429_003336,175529,"OM429_003336:175529 indel G->GACTACGACAAA,GACGACAAA,GACGACGACAAA (ins +8++11bp, frameshift)",sat,3,11,11,9,2,,,,False,allele classes too small (9/2)
OM429_003336,175529,"OM429_003336:175529 indel G->GACTACGACAAA,GACGACAAA,GACGACGACAAA (ins +8++11bp, frameshift)",sat,4,37,37,37,0,,,,False,allele classes too small (37/0)
OM429_003336,175529,"OM429_003336:175529 indel G->GACTACGACAAA,GACGACAAA,GACGACGACAAA (ins +8++11bp, frameshift)",sat,5,16,16,9,7,-0.02236640085692528,0.0275769028697647,0.43090681010464094,True,
OM429_003336,175529,"OM429_003336:175529 indel G->GACTACGACAAA,GACGACAAA,GACGACGACAAA (ins +8++11bp, frameshift)",sat,6,20,20,17,3,0.022644921237562343,0.014409837951122929,0.1334808283781926,True,
OM429_003336,175529,"OM429_003336:175529 indel G->GACTACGACAAA,GACGACAAA,GACGACGACAAA (ins +8++11bp, frameshift)",bright,1,75,75,75,0,,,,False,allele classes too small (75/0)
OM429_003336,175529,"OM429_003336:175529 indel G->GACTACGACAAA,GACGACAAA,GACGACGACAAA (ins +8++11bp, frameshift)",bright,2,12,12,12,0,,,,False,allele classes too small (12/0)
OM429_003336,175529,"OM429_003336:175529 indel G->GACTACGACAAA,GACGACAAA,GACGACGACAAA (ins +8++11bp, frameshift)",bright,3,11,11,9,2,,,,False,allele classes too small (9/2)
OM429_003336,175529,"OM429_003336:175529 indel G->GACTACGACAAA,GACGACAAA,GACGACGACAAA (ins +8++11bp, frameshift)",bright,4,37,37,37,0,,,,False,allele classes too small (37/0)
OM429_003336,175529,"OM429_003336:175529 indel G->GACTACGACAAA,GACGACAAA,GACGACGACAAA (ins +8++11bp, frameshift)",bright,5,16,16,9,7,-0.011247125309267698,0.01672785871991719,0.5122999484577582,True,
OM429_003336,175529,"OM429_003336:175529 indel G->GACTACGACAAA,GACGACAAA,GACGACGACAAA (ins +8++11bp, frameshift)",bright,6,20,20,17,3,0.010321394395351288,0.00996001664152814,0.31379222660134026,True,
OM429_003336,175529,"OM429_003336:175529 indel G->GACTACGACAAA,GACGACAAA,GACGACGACAAA (ins +8++11bp, frameshift)",lab_L,1,75,75,75,0,,,,False,allele classes too small (75/0)
OM429_003336,175529,"OM429_003336:175529 indel G->GACTACGACAAA,GACGACAAA,GACGACGACAAA (ins +8++11bp, frameshift)",lab_L,2,12,12,12,0,,,,False,allele classes too small (12/0)
OM429_003336,175529,"OM429_003336:175529 indel G->GACTACGACAAA,GACGACAAA,GACGACGACAAA (ins +8++11bp, frameshift)",lab_L,3,11,11,9,2,,,,False,allele classes too small (9/2)
OM429_003336,175529,"OM429_003336:175529 indel G->GACTACGACAAA,GACGACAAA,GACGACGACAAA (ins +8++11bp, frameshift)",lab_L,4,37,37,37,0,,,,False,allele classes too small (37/0)
OM429_003336,175529,"OM429_003336:175529 indel G->GACTACGACAAA,GACGACAAA,GACGACGACAAA (ins +8++11bp, frameshift)",lab_L,5,16,16,9,7,-0.09634731317944063,0.5146442503137106,0.8541808415152076,True,
OM429_003336,175529,"OM429_003336:175529 indel G->GACTACGACAAA,GACGACAAA,GACGACGACAAA (ins +8++11bp, frameshift)",lab_L,6,20,20,17,3,-0.1323345315009066,0.5077763615279307,0.7973469522184483,True,
OM429_003336,175529,"OM429_003336:175529 indel G->GACTACGACAAA,GACGACAAA,GACGACGACAAA (ins +8++11bp, frameshift)",lab_a,1,75,75,75,0,,,,False,allele classes too small (75/0)
OM429_003336,175529,"OM429_003336:175529 indel G->GACTACGACAAA,GACGACAAA,GACGACGACAAA (ins +8++11bp, frameshift)",lab_a,2,12,12,12,0,,,,False,allele classes too small (12/0)
OM429_003336,175529,"OM429_003336:175529 indel G->GACTACGACAAA,GACGACAAA,GACGACGACAAA (ins +8++11bp, frameshift)",lab_a,3,11,11,9,2,,,,False,allele classes too small (9/2)
OM429_003336,175529,"OM429_003336:175529 indel G->GACTACGACAAA,GACGACAAA,GACGACGACAAA (ins +8++11bp, frameshift)",lab_a,4,37,37,37,0,,,,False,allele classes too small (37/0)
OM429_003336,175529,"OM429_003336:175529 indel G->GACTACGACAAA,GACGACAAA,GACGACGACAAA (ins +8++11bp, frameshift)",lab_a,5,16,16,9,7,-0.5788567601334683,0.9715095793599066,0.5607972866536712,True,
OM429_003336,175529,"OM429_003336:175529 indel G->GACTACGACAAA,GACGACAAA,GACGACGACAAA (ins +8++11bp, frameshift)",lab_a,6,20,20,17,3,0.8283818689661144,0.6415905206933387,0.2129920096524453,True,
OM429_003336,175529,"OM429_003336:175529 indel G->GACTACGACAAA,GACGACAAA,GACGACGACAAA (ins +8++11bp, frameshift)",lab_b,1,75,75,75,0,,,,False,allele classes too small (75/0)
OM429_003336,175529,"OM429_003336:175529 indel G->GACTACGACAAA,GACGACAAA,GACGACGACAAA (ins +8++11bp, frameshift)",lab_b,2,12,12,12,0,,,,False,allele classes too small (12/0)
OM429_003336,175529,"OM429_003336:175529 indel G->GACTACGACAAA,GACGACAAA,GACGACGACAAA (ins +8++11bp, frameshift)",lab_b,3,11,11,9,2,,,,False,allele classes too small (9/2)
OM429_003336,175529,"OM429_003336:175529 indel G->GACTACGACAAA,GACGACAAA,GACGACGACAAA (ins +8++11bp, frameshift)",lab_b,4,37,37,37,0,,,,False,allele classes too small (37/0)
OM429_003336,175529,"OM429_003336:175529 indel G->GACTACGACAAA,GACGACAAA,GACGACGACAAA (ins +8++11bp, frameshift)",lab_b,5,16,16,9,7,-0.7415501356395554,0.897430636718382,0.4224912127291568,True,
OM429_003336,175529,"OM429_003336:175529 indel G->GACTACGACAAA,GACGACAAA,GACGACGACAAA (ins +8++11bp, frameshift)",lab_b,6,20,20,17,3,0.5582678452764013,0.3785951669197144,0.15760229336860362,True,
OM429_003336,175531,"OM429_003336:175531 indel TGG->T,AGG (insdel/snv -2++0bp, frameshift)",chroma,1,75,75,75,0,,,,False,allele classes too small (75/0)
OM429_003336,175531,"OM429_003336:175531 indel TGG->T,AGG (insdel/snv -2++0bp, frameshift)",chroma,2,12,12,12,0,,,,False,allele classes too small (12/0)
OM429_003336,175531,"OM429_003336:175531 indel TGG->T,AGG (insdel/snv -2++0bp, frameshift)",chroma,3,11,11,9,2,,,,False,allele classes too small (9/2)
OM429_003336,175531,"OM429_003336:175531 indel TGG->T,AGG (insdel/snv -2++0bp, frameshift)",chroma,4,37,37,37,0,,,,False,allele classes too small (37/0)
OM429_003336,175531,"OM429_003336:175531 indel TGG->T,AGG (insdel/snv -2++0bp, frameshift)",chroma,5,16,16,9,7,-0.7985917377517416,1.1128761435309797,0.48481086929578476,True,
OM429_003336,175531,"OM429_003336:175531 indel TGG->T,AGG (insdel/snv -2++0bp, frameshift)",chroma,6,20,20,13,7,0.3270498520033802,0.49135880472150567,0.514104645111226,True,
OM429_003336,175531,"OM429_003336:175531 indel TGG->T,AGG (insdel/snv -2++0bp, frameshift)",sat,1,75,75,75,0,,,,False,allele classes too small (75/0)
OM429_003336,175531,"OM429_003336:175531 indel TGG->T,AGG (insdel/snv -2++0bp, frameshift)",sat,2,12,12,12,0,,,,False,allele classes too small (12/0)
OM429_003336,175531,"OM429_003336:175531 indel TGG->T,AGG (insdel/snv -2++0bp, frameshift)",sat,3,11,11,9,2,,,,False,allele classes too small (9/2)
OM429_003336,175531,"OM429_003336:175531 indel TGG->T,AGG (insdel/snv -2++0bp, frameshift)",sat,4,37,37,37,0,,,,False,allele classes too small (37/0)
OM429_003336,175531,"OM429_003336:175531 indel TGG->T,AGG (insdel/snv -2++0bp, frameshift)",sat,5,16,16,9,7,-0.02236640085692528,0.0275769028697647,0.43090681010464094,True,
OM429_003336,175531,"OM429_003336:175531 indel TGG->T,AGG (insdel/snv -2++0bp, frameshift)",sat,6,20,20,13,7,0.007761912571047436,0.011357402280612272,0.5030425752972056,True,
OM429_003336,175531,"OM429_003336:175531 indel TGG->T,AGG (insdel/snv -2++0bp, frameshift)",bright,1,75,75,75,0,,,,False,allele classes too small (75/0)
OM429_003336,175531,"OM429_003336:175531 indel TGG->T,AGG (insdel/snv -2++0bp, frameshift)",bright,2,12,12,12,0,,,,False,allele classes too small (12/0)
OM429_003336,175531,"OM429_003336:175531 indel TGG->T,AGG (insdel/snv -2++0bp, frameshift)",bright,3,11,11,9,2,,,,False,allele classes too small (9/2)
OM429_003336,175531,"OM429_003336:175531 indel TGG->T,AGG (insdel/snv -2++0bp, frameshift)",bright,4,37,37,37,0,,,,False,allele classes too small (37/0)
OM429_003336,175531,"OM429_003336:175531 indel TGG->T,AGG (insdel/snv -2++0bp, frameshift)",bright,5,16,16,9,7,-0.011247125309267698,0.01672785871991719,0.5122999484577582,True,
OM429_003336,175531,"OM429_003336:175531 indel TGG->T,AGG (insdel/snv -2++0bp, frameshift)",bright,6,20,20,13,7,0.006227769966611821,0.007533847822116376,0.4192653694915687,True,
OM429_003336,175531,"OM429_003336:175531 indel TGG->T,AGG (insdel/snv -2++0bp, frameshift)",lab_L,1,75,75,75,0,,,,False,allele classes too small (75/0)
OM429_003336,175531,"OM429_003336:175531 indel TGG->T,AGG (insdel/snv -2++0bp, frameshift)",lab_L,2,12,12,12,0,,,,False,allele classes too small (12/0)
OM429_003336,175531,"OM429_003336:175531 indel TGG->T,AGG (insdel/snv -2++0bp, frameshift)",lab_L,3,11,11,9,2,,,,False,allele classes too small (9/2)
OM429_003336,175531,"OM429_003336:175531 indel TGG->T,AGG (insdel/snv -2++0bp, frameshift)",lab_L,4,37,37,37,0,,,,False,allele classes too small (37/0)
OM429_003336,175531,"OM429_003336:175531 indel TGG->T,AGG (insdel/snv -2++0bp, frameshift)",lab_L,5,16,16,9,7,-0.09634731317944063,0.5146442503137106,0.8541808415152076,True,
OM429_003336,175531,"OM429_003336:175531 indel TGG->T,AGG (insdel/snv -2++0bp, frameshift)",lab_L,6,20,20,13,7,0.16344051044135988,0.37889731566661294,0.6713298444466927,True,
OM429_003336,175531,"OM429_003336:175531 indel TGG->T,AGG (insdel/snv -2++0bp, frameshift)",lab_a,1,75,75,75,0,,,,False,allele classes too small (75/0)
OM429_003336,175531,"OM429_003336:175531 indel TGG->T,AGG (insdel/snv -2++0bp, frameshift)",lab_a,2,12,12,12,0,,,,False,allele classes too small (12/0)
OM429_003336,175531,"OM429_003336:175531 indel TGG->T,AGG (insdel/snv -2++0bp, frameshift)",lab_a,3,11,11,9,2,,,,False,allele classes too small (9/2)
OM429_003336,175531,"OM429_003336:175531 indel TGG->T,AGG (insdel/snv -2++0bp, frameshift)",lab_a,4,37,37,37,0,,,,False,allele classes too small (37/0)
OM429_003336,175531,"OM429_003336:175531 indel TGG->T,AGG (insdel/snv -2++0bp, frameshift)",lab_a,5,16,16,9,7,-0.5788567601334683,0.9715095793599066,0.5607972866536712,True,
OM429_003336,175531,"OM429_003336:175531 indel TGG->T,AGG (insdel/snv -2++0bp, frameshift)",lab_a,6,20,20,13,7,0.3156614335038595,0.4965163473874568,0.532938329770143,True,
OM429_003336,175531,"OM429_003336:175531 indel TGG->T,AGG (insdel/snv -2++0bp, frameshift)",lab_b,1,75,75,75,0,,,,False,allele classes too small (75/0)
OM429_003336,175531,"OM429_003336:175531 indel TGG->T,AGG (insdel/snv -2++0bp, frameshift)",lab_b,2,12,12,12,0,,,,False,allele classes too small (12/0)
OM429_003336,175531,"OM429_003336:175531 indel TGG->T,AGG (insdel/snv -2++0bp, frameshift)",lab_b,3,11,11,9,2,,,,False,allele classes too small (9/2)
OM429_003336,175531,"OM429_003336:175531 indel TGG->T,AGG (insdel/snv -2++0bp, frameshift)",lab_b,4,37,37,37,0,,,,False,allele classes too small (37/0)
OM429_003336,175531,"OM429_003336:175531 indel TGG->T,AGG (insdel/snv -2++0bp, frameshift)",lab_b,5,16,16,9,7,-0.7415501356395554,0.897430636718382,0.4224912127291568,True,
OM429_003336,175531,"OM429_003336:175531 indel TGG->T,AGG (insdel/snv -2++0bp, frameshift)",lab_b,6,20,20,13,7,0.06988520101552885,0.2996041970413376,0.8181927751266826,True,
OM429_003336,175533,"OM429_003336:175533 indel G->*,GT,GC,T (insdel/snv +0++1bp, frameshift)",chroma,1,75,75,75,0,,,,False,allele classes too small (75/0)
OM429_003336,175533,"OM429_003336:175533 indel G->*,GT,GC,T (insdel/snv +0++1bp, frameshift)",chroma,2,12,12,12,0,,,,False,allele classes too small (12/0)
OM429_003336,175533,"OM429_003336:175533 indel G->*,GT,GC,T (insdel/snv +0++1bp, frameshift)",chroma,3,11,11,9,2,,,,False,allele classes too small (9/2)
OM429_003336,175533,"OM429_003336:175533 indel G->*,GT,GC,T (insdel/snv +0++1bp, frameshift)",chroma,4,37,37,37,0,,,,False,allele classes too small (37/0)
OM429_003336,175533,"OM429_003336:175533 indel G->*,GT,GC,T (insdel/snv +0++1bp, frameshift)",chroma,5,16,16,2,14,,,,False,allele classes too small (2/14)
OM429_003336,175533,"OM429_003336:175533 indel G->*,GT,GC,T (insdel/snv +0++1bp, frameshift)",chroma,6,20,20,13,7,0.3270498520033802,0.49135880472150567,0.514104645111226,True,
OM429_003336,175533,"OM429_003336:175533 indel G->*,GT,GC,T (insdel/snv +0++1bp, frameshift)",sat,1,75,75,75,0,,,,False,allele classes too small (75/0)
OM429_003336,175533,"OM429_003336:175533 indel G->*,GT,GC,T (insdel/snv +0++1bp, frameshift)",sat,2,12,12,12,0,,,,False,allele classes too small (12/0)
OM429_003336,175533,"OM429_003336:175533 indel G->*,GT,GC,T (insdel/snv +0++1bp, frameshift)",sat,3,11,11,9,2,,,,False,allele classes too small (9/2)
OM429_003336,175533,"OM429_003336:175533 indel G->*,GT,GC,T (insdel/snv +0++1bp, frameshift)",sat,4,37,37,37,0,,,,False,allele classes too small (37/0)
OM429_003336,175533,"OM429_003336:175533 indel G->*,GT,GC,T (insdel/snv +0++1bp, frameshift)",sat,5,16,16,2,14,,,,False,allele classes too small (2/14)
OM429_003336,175533,"OM429_003336:175533 indel G->*,GT,GC,T (insdel/snv +0++1bp, frameshift)",sat,6,20,20,13,7,0.007761912571047436,0.011357402280612272,0.5030425752972056,True,
OM429_003336,175533,"OM429_003336:175533 indel G->*,GT,GC,T (insdel/snv +0++1bp, frameshift)",bright,1,75,75,75,0,,,,False,allele classes too small (75/0)
OM429_003336,175533,"OM429_003336:175533 indel G->*,GT,GC,T (insdel/snv +0++1bp, frameshift)",bright,2,12,12,12,0,,,,False,allele classes too small (12/0)
OM429_003336,175533,"OM429_003336:175533 indel G->*,GT,GC,T (insdel/snv +0++1bp, frameshift)",bright,3,11,11,9,2,,,,False,allele classes too small (9/2)
OM429_003336,175533,"OM429_003336:175533 indel G->*,GT,GC,T (insdel/snv +0++1bp, frameshift)",bright,4,37,37,37,0,,,,False,allele classes too small (37/0)
OM429_003336,175533,"OM429_003336:175533 indel G->*,GT,GC,T (insdel/snv +0++1bp, frameshift)",bright,5,16,16,2,14,,,,False,allele classes too small (2/14)
OM429_003336,175533,"OM429_003336:175533 indel G->*,GT,GC,T (insdel/snv +0++1bp, frameshift)",bright,6,20,20,13,7,0.006227769966611821,0.007533847822116376,0.4192653694915687,True,
OM429_003336,175533,"OM429_003336:175533 indel G->*,GT,GC,T (insdel/snv +0++1bp, frameshift)",lab_L,1,75,75,75,0,,,,False,allele classes too small (75/0)
OM429_003336,175533,"OM429_003336:175533 indel G->*,GT,GC,T (insdel/snv +0++1bp, frameshift)",lab_L,2,12,12,12,0,,,,False,allele classes too small (12/0)
OM429_003336,175533,"OM429_003336:175533 indel G->*,GT,GC,T (insdel/snv +0++1bp, frameshift)",lab_L,3,11,11,9,2,,,,False,allele classes too small (9/2)
OM429_003336,175533,"OM429_003336:175533 indel G->*,GT,GC,T (insdel/snv +0++1bp, frameshift)",lab_L,4,37,37,37,0,,,,False,allele classes too small (37/0)
OM429_003336,175533,"OM429_003336:175533 indel G->*,GT,GC,T (insdel/snv +0++1bp, frameshift)",lab_L,5,16,16,2,14,,,,False,allele classes too small (2/14)
OM429_003336,175533,"OM429_003336:175533 indel G->*,GT,GC,T (insdel/snv +0++1bp, frameshift)",lab_L,6,20,20,13,7,0.16344051044135988,0.37889731566661294,0.6713298444466927,True,
OM429_003336,175533,"OM429_003336:175533 indel G->*,GT,GC,T (insdel/snv +0++1bp, frameshift)",lab_a,1,75,75,75,0,,,,False,allele classes too small (75/0)
OM429_003336,175533,"OM429_003336:175533 indel G->*,GT,GC,T (insdel/snv +0++1bp, frameshift)",lab_a,2,12,12,12,0,,,,False,allele classes too small (12/0)
OM429_003336,175533,"OM429_003336:175533 indel G->*,GT,GC,T (insdel/snv +0++1bp, frameshift)",lab_a,3,11,11,9,2,,,,False,allele classes too small (9/2)
OM429_003336,175533,"OM429_003336:175533 indel G->*,GT,GC,T (insdel/snv +0++1bp, frameshift)",lab_a,4,37,37,37,0,,,,False,allele classes too small (37/0)
OM429_003336,175533,"OM429_003336:175533 indel G->*,GT,GC,T (insdel/snv +0++1bp, frameshift)",lab_a,5,16,16,2,14,,,,False,allele classes too small (2/14)
OM429_003336,175533,"OM429_003336:175533 indel G->*,GT,GC,T (insdel/snv +0++1bp, frameshift)",lab_a,6,20,20,13,7,0.3156614335038595,0.4965163473874568,0.532938329770143,True,
OM429_003336,175533,"OM429_003336:175533 indel G->*,GT,GC,T (insdel/snv +0++1bp, frameshift)",lab_b,1,75,75,75,0,,,,False,allele classes too small (75/0)
OM429_003336,175533,"OM429_003336:175533 indel G->*,GT,GC,T (insdel/snv +0++1bp, frameshift)",lab_b,2,12,12,12,0,,,,False,allele classes too small (12/0)
OM429_003336,175533,"OM429_003336:175533 indel G->*,GT,GC,T (insdel/snv +0++1bp, frameshift)",lab_b,3,11,11,9,2,,,,False,allele classes too small (9/2)
OM429_003336,175533,"OM429_003336:175533 indel G->*,GT,GC,T (insdel/snv +0++1bp, frameshift)",lab_b,4,37,37,37,0,,,,False,allele classes too small (37/0)
OM429_003336,175533,"OM429_003336:175533 indel G->*,GT,GC,T (insdel/snv +0++1bp, frameshift)",lab_b,5,16,16,2,14,,,,False,allele classes too small (2/14)
OM429_003336,175533,"OM429_003336:175533 indel G->*,GT,GC,T (insdel/snv +0++1bp, frameshift)",lab_b,6,20,20,13,7,0.06988520101552885,0.2996041970413376,0.8181927751266826,True,
OM429_003336,175534,"OM429_003336:175534 indel G->GGCGGTAAT,C,GGT,T (insdel/snv +0++2++8bp, frameshift)",chroma,1,75,75,75,0,,,,False,allele classes too small (75/0)
OM429_003336,175534,"OM429_003336:175534 indel G->GGCGGTAAT,C,GGT,T (insdel/snv +0++2++8bp, frameshift)",chroma,2,12,12,12,0,,,,False,allele classes too small (12/0)
OM429_003336,175534,"OM429_003336:175534 indel G->GGCGGTAAT,C,GGT,T (insdel/snv +0++2++8bp, frameshift)",chroma,3,11,11,9,2,,,,False,allele classes too small (9/2)
OM429_003336,175534,"OM429_003336:175534 indel G->GGCGGTAAT,C,GGT,T (insdel/snv +0++2++8bp, frameshift)",chroma,4,37,37,37,0,,,,False,allele classes too small (37/0)
OM429_003336,175534,"OM429_003336:175534 indel G->GGCGGTAAT,C,GGT,T (insdel/snv +0++2++8bp, frameshift)",chroma,5,16,16,2,14,,,,False,allele classes too small (2/14)
OM429_003336,175534,"OM429_003336:175534 indel G->GGCGGTAAT,C,GGT,T (insdel/snv +0++2++8bp, frameshift)",chroma,6,20,20,11,9,-1.122686237188646,0.39668910597840706,0.011095482419270358,True,
OM429_003336,175534,"OM429_003336:175534 indel G->GGCGGTAAT,C,GGT,T (insdel/snv +0++2++8bp, frameshift)",sat,1,75,75,75,0,,,,False,allele classes too small (75/0)
OM429_003336,175534,"OM429_003336:175534 indel G->GGCGGTAAT,C,GGT,T (insdel/snv +0++2++8bp, frameshift)",sat,2,12,12,12,0,,,,False,allele classes too small (12/0)
OM429_003336,175534,"OM429_003336:175534 indel G->GGCGGTAAT,C,GGT,T (insdel/snv +0++2++8bp, frameshift)",sat,3,11,11,9,2,,,,False,allele classes too small (9/2)
OM429_003336,175534,"OM429_003336:175534 indel G->GGCGGTAAT,C,GGT,T (insdel/snv +0++2++8bp, frameshift)",sat,4,37,37,37,0,,,,False,allele classes too small (37/0)
OM429_003336,175534,"OM429_003336:175534 indel G->GGCGGTAAT,C,GGT,T (insdel/snv +0++2++8bp, frameshift)",sat,5,16,16,2,14,,,,False,allele classes too small (2/14)
OM429_003336,175534,"OM429_003336:175534 indel G->GGCGGTAAT,C,GGT,T (insdel/snv +0++2++8bp, frameshift)",sat,6,20,20,11,9,-0.026800987692128034,0.00904093703553906,0.008303210378954113,True,
OM429_003336,175534,"OM429_003336:175534 indel G->GGCGGTAAT,C,GGT,T (insdel/snv +0++2++8bp, frameshift)",bright,1,75,75,75,0,,,,False,allele classes too small (75/0)
OM429_003336,175534,"OM429_003336:175534 indel G->GGCGGTAAT,C,GGT,T (insdel/snv +0++2++8bp, frameshift)",bright,2,12,12,12,0,,,,False,allele classes too small (12/0)
OM429_003336,175534,"OM429_003336:175534 indel G->GGCGGTAAT,C,GGT,T (insdel/snv +0++2++8bp, frameshift)",bright,3,11,11,9,2,,,,False,allele classes too small (9/2)
OM429_003336,175534,"OM429_003336:175534 indel G->GGCGGTAAT,C,GGT,T (insdel/snv +0++2++8bp, frameshift)",bright,4,37,37,37,0,,,,False,allele classes too small (37/0)
OM429_003336,175534,"OM429_003336:175534 indel G->GGCGGTAAT,C,GGT,T (insdel/snv +0++2++8bp, frameshift)",bright,5,16,16,2,14,,,,False,allele classes too small (2/14)
OM429_003336,175534,"OM429_003336:175534 indel G->GGCGGTAAT,C,GGT,T (insdel/snv +0++2++8bp, frameshift)",bright,6,20,20,11,9,0.0012557674093494333,0.007352910247313252,0.8662978575210464,True,
OM429_003336,175534,"OM429_003336:175534 indel G->GGCGGTAAT,C,GGT,T (insdel/snv +0++2++8bp, frameshift)",lab_L,1,75,75,75,0,,,,False,allele classes too small (75/0)
OM429_003336,175534,"OM429_003336:175534 indel G->GGCGGTAAT,C,GGT,T (insdel/snv +0++2++8bp, frameshift)",lab_L,2,12,12,12,0,,,,False,allele classes too small (12/0)
OM429_003336,175534,"OM429_003336:175534 indel G->GGCGGTAAT,C,GGT,T (insdel/snv +0++2++8bp, frameshift)",lab_L,3,11,11,9,2,,,,False,allele classes too small (9/2)
OM429_003336,175534,"OM429_003336:175534 indel G->GGCGGTAAT,C,GGT,T (insdel/snv +0++2++8bp, frameshift)",lab_L,4,37,37,37,0,,,,False,allele classes too small (37/0)
OM429_003336,175534,"OM429_003336:175534 indel G->GGCGGTAAT,C,GGT,T (insdel/snv +0++2++8bp, frameshift)",lab_L,5,16,16,2,14,,,,False,allele classes too small (2/14)
OM429_003336,175534,"OM429_003336:175534 indel G->GGCGGTAAT,C,GGT,T (insdel/snv +0++2++8bp, frameshift)",lab_L,6,20,20,11,9,0.8931927892946656,0.2983360178080438,0.007787757968185396,True,
OM429_003336,175534,"OM429_003336:175534 indel G->GGCGGTAAT,C,GGT,T (insdel/snv +0++2++8bp, frameshift)",lab_a,1,75,75,75,0,,,,False,allele classes too small (75/0)
OM429_003336,175534,"OM429_003336:175534 indel G->GGCGGTAAT,C,GGT,T (insdel/snv +0++2++8bp, frameshift)",lab_a,2,12,12,12,0,,,,False,allele classes too small (12/0)
OM429_003336,175534,"OM429_003336:175534 indel G->GGCGGTAAT,C,GGT,T (insdel/snv +0++2++8bp, frameshift)",lab_a,3,11,11,9,2,,,,False,allele classes too small (9/2)
OM429_003336,175534,"OM429_003336:175534 indel G->GGCGGTAAT,C,GGT,T (insdel/snv +0++2++8bp, frameshift)",lab_a,4,37,37,37,0,,,,False,allele classes too small (37/0)
OM429_003336,175534,"OM429_003336:175534 indel G->GGCGGTAAT,C,GGT,T (insdel/snv +0++2++8bp, frameshift)",lab_a,5,16,16,2,14,,,,False,allele classes too small (2/14)
OM429_003336,175534,"OM429_003336:175534 indel G->GGCGGTAAT,C,GGT,T (insdel/snv +0++2++8bp, frameshift)",lab_a,6,20,20,11,9,-1.1247836105524416,0.4017584883435976,0.011845575487920309,True,
OM429_003336,175534,"OM429_003336:175534 indel G->GGCGGTAAT,C,GGT,T (insdel/snv +0++2++8bp, frameshift)",lab_b,1,75,75,75,0,,,,False,allele classes too small (75/0)
OM429_003336,175534,"OM429_003336:175534 indel G->GGCGGTAAT,C,GGT,T (insdel/snv +0++2++8bp, frameshift)",lab_b,2,12,12,12,0,,,,False,allele classes too small (12/0)
OM429_003336,175534,"OM429_003336:175534 indel G->GGCGGTAAT,C,GGT,T (insdel/snv +0++2++8bp, frameshift)",lab_b,3,11,11,9,2,,,,False,allele classes too small (9/2)
OM429_003336,175534,"OM429_003336:175534 indel G->GGCGGTAAT,C,GGT,T (insdel/snv +0++2++8bp, frameshift)",lab_b,4,37,37,37,0,,,,False,allele classes too small (37/0)
OM429_003336,175534,"OM429_003336:175534 indel G->GGCGGTAAT,C,GGT,T (insdel/snv +0++2++8bp, frameshift)",lab_b,5,16,16,2,14,,,,False,allele classes too small (2/14)
OM429_003336,175534,"OM429_003336:175534 indel G->GGCGGTAAT,C,GGT,T (insdel/snv +0++2++8bp, frameshift)",lab_b,6,20,20,11,9,-0.21072208328814976,0.28335781660839415,0.4666788105178037,True,
OM429_003336,175655,"OM429_003336:175655 indel C->CGTG (ins +3bp, in-frame)",chroma,1,75,75,75,0,,,,False,allele classes too small (75/0)
OM429_003336,175655,"OM429_003336:175655 indel C->CGTG (ins +3bp, in-frame)",chroma,2,12,12,12,0,,,,False,allele classes too small (12/0)
OM429_003336,175655,"OM429_003336:175655 indel C->CGTG (ins +3bp, in-frame)",chroma,3,11,11,11,0,,,,False,allele classes too small (11/0)
OM429_003336,175655,"OM429_003336:175655 indel C->CGTG (ins +3bp, in-frame)",chroma,4,37,37,37,0,,,,False,allele classes too small (37/0)
OM429_003336,175655,"OM429_003336:175655 indel C->CGTG (ins +3bp, in-frame)",chroma,5,16,16,15,1,,,,False,allele classes too small (15/1)
OM429_003336,175655,"OM429_003336:175655 indel C->CGTG (ins +3bp, in-frame)",chroma,6,20,20,20,0,,,,False,allele classes too small (20/0)
OM429_003336,175655,"OM429_003336:175655 indel C->CGTG (ins +3bp, in-frame)",sat,1,75,75,75,0,,,,False,allele classes too small (75/0)
OM429_003336,175655,"OM429_003336:175655 indel C->CGTG (ins +3bp, in-frame)",sat,2,12,12,12,0,,,,False,allele classes too small (12/0)
OM429_003336,175655,"OM429_003336:175655 indel C->CGTG (ins +3bp, in-frame)",sat,3,11,11,11,0,,,,False,allele classes too small (11/0)
OM429_003336,175655,"OM429_003336:175655 indel C->CGTG (ins +3bp, in-frame)",sat,4,37,37,37,0,,,,False,allele classes too small (37/0)
OM429_003336,175655,"OM429_003336:175655 indel C->CGTG (ins +3bp, in-frame)",sat,5,16,16,15,1,,,,False,allele classes too small (15/1)
OM429_003336,175655,"OM429_003336:175655 indel C->CGTG (ins +3bp, in-frame)",sat,6,20,20,20,0,,,,False,allele classes too small (20/0)
OM429_003336,175655,"OM429_003336:175655 indel C->CGTG (ins +3bp, in-frame)",bright,1,75,75,75,0,,,,False,allele classes too small (75/0)
OM429_003336,175655,"OM429_003336:175655 indel C->CGTG (ins +3bp, in-frame)",bright,2,12,12,12,0,,,,False,allele classes too small (12/0)
OM429_003336,175655,"OM429_003336:175655 indel C->CGTG (ins +3bp, in-frame)",bright,3,11,11,11,0,,,,False,allele classes too small (11/0)
OM429_003336,175655,"OM429_003336:175655 indel C->CGTG (ins +3bp, in-frame)",bright,4,37,37,37,0,,,,False,allele classes too small (37/0)
OM429_003336,175655,"OM429_003336:175655 indel C->CGTG (ins +3bp, in-frame)",bright,5,16,16,15,1,,,,False,allele classes too small (15/1)
OM429_003336,175655,"OM429_003336:175655 indel C->CGTG (ins +3bp, in-frame)",bright,6,20,20,20,0,,,,False,allele classes too small (20/0)
OM429_003336,175655,"OM429_003336:175655 indel C->CGTG (ins +3bp, in-frame)",lab_L,1,75,75,75,0,,,,False,allele classes too small (75/0)
OM429_003336,175655,"OM429_003336:175655 indel C->CGTG (ins +3bp, in-frame)",lab_L,2,12,12,12,0,,,,False,allele classes too small (12/0)
OM429_003336,175655,"OM429_003336:175655 indel C->CGTG (ins +3bp, in-frame)",lab_L,3,11,11,11,0,,,,False,allele classes too small (11/0)
OM429_003336,175655,"OM429_003336:175655 indel C->CGTG (ins +3bp, in-frame)",lab_L,4,37,37,37,0,,,,False,allele classes too small (37/0)
OM429_003336,175655,"OM429_003336:175655 indel C->CGTG (ins +3bp, in-frame)",lab_L,5,16,16,15,1,,,,False,allele classes too small (15/1)
OM429_003336,175655,"OM429_003336:175655 indel C->CGTG (ins +3bp, in-frame)",lab_L,6,20,20,20,0,,,,False,allele classes too small (20/0)
OM429_003336,175655,"OM429_003336:175655 indel C->CGTG (ins +3bp, in-frame)",lab_a,1,75,75,75,0,,,,False,allele classes too small (75/0)
OM429_003336,175655,"OM429_003336:175655 indel C->CGTG (ins +3bp, in-frame)",lab_a,2,12,12,12,0,,,,False,allele classes too small (12/0)
OM429_003336,175655,"OM429_003336:175655 indel C->CGTG (ins +3bp, in-frame)",lab_a,3,11,11,11,0,,,,False,allele classes too small (11/0)
OM429_003336,175655,"OM429_003336:175655 indel C->CGTG (ins +3bp, in-frame)",lab_a,4,37,37,37,0,,,,False,allele classes too small (37/0)
OM429_003336,175655,"OM429_003336:175655 indel C->CGTG (ins +3bp, in-frame)",lab_a,5,16,16,15,1,,,,False,allele classes too small (15/1)
OM429_003336,175655,"OM429_003336:175655 indel C->CGTG (ins +3bp, in-frame)",lab_a,6,20,20,20,0,,,,False,allele classes too small (20/0)
OM429_003336,175655,"OM429_003336:175655 indel C->CGTG (ins +3bp, in-frame)",lab_b,1,75,75,75,0,,,,False,allele classes too small (75/0)
OM429_003336,175655,"OM429_003336:175655 indel C->CGTG (ins +3bp, in-frame)",lab_b,2,12,12,12,0,,,,False,allele classes too small (12/0)
OM429_003336,175655,"OM429_003336:175655 indel C->CGTG (ins +3bp, in-frame)",lab_b,3,11,11,11,0,,,,False,allele classes too small (11/0)
OM429_003336,175655,"OM429_003336:175655 indel C->CGTG (ins +3bp, in-frame)",lab_b,4,37,37,37,0,,,,False,allele classes too small (37/0)
OM429_003336,175655,"OM429_003336:175655 indel C->CGTG (ins +3bp, in-frame)",lab_b,5,16,16,15,1,,,,False,allele classes too small (15/1)
OM429_003336,175655,"OM429_003336:175655 indel C->CGTG (ins +3bp, in-frame)",lab_b,6,20,20,20,0,,,,False,allele classes too small (20/0)
OM429_003336,175661,"OM429_003336:175661 indel GC->AC,G (insdel/snv -1++0bp, frameshift)",chroma,1,75,75,75,0,,,,False,allele classes too small (75/0)
OM429_003336,175661,"OM429_003336:175661 indel GC->AC,G (insdel/snv -1++0bp, frameshift)",chroma,2,12,12,12,0,,,,False,allele classes too small (12/0)
OM429_003336,175661,"OM429_003336:175661 indel GC->AC,G (insdel/snv -1++0bp, frameshift)",chroma,3,11,11,11,0,,,,False,allele classes too small (11/0)
OM429_003336,175661,"OM429_003336:175661 indel GC->AC,G (insdel/snv -1++0bp, frameshift)",chroma,4,37,37,37,0,,,,False,allele classes too small (37/0)
OM429_003336,175661,"OM429_003336:175661 indel GC->AC,G (insdel/snv -1++0bp, frameshift)",chroma,5,16,16,8,8,0.32403666680164434,1.1209297836350334,0.776757813362939,True,
OM429_003336,175661,"OM429_003336:175661 indel GC->AC,G (insdel/snv -1++0bp, frameshift)",chroma,6,20,20,20,0,,,,False,allele classes too small (20/0)
OM429_003336,175661,"OM429_003336:175661 indel GC->AC,G (insdel/snv -1++0bp, frameshift)",sat,1,75,75,75,0,,,,False,allele classes too small (75/0)
OM429_003336,175661,"OM429_003336:175661 indel GC->AC,G (insdel/snv -1++0bp, frameshift)",sat,2,12,12,12,0,,,,False,allele classes too small (12/0)
OM429_003336,175661,"OM429_003336:175661 indel GC->AC,G (insdel/snv -1++0bp, frameshift)",sat,3,11,11,11,0,,,,False,allele classes too small (11/0)
OM429_003336,175661,"OM429_003336:175661 indel GC->AC,G (insdel/snv -1++0bp, frameshift)",sat,4,37,37,37,0,,,,False,allele classes too small (37/0)
OM429_003336,175661,"OM429_003336:175661 indel GC->AC,G (insdel/snv -1++0bp, frameshift)",sat,5,16,16,8,8,0.009057985091585424,0.027891158459167988,0.7501632397119161,True,
OM429_003336,175661,"OM429_003336:175661 indel GC->AC,G (insdel/snv -1++0bp, frameshift)",sat,6,20,20,20,0,,,,False,allele classes too small (20/0)
OM429_003336,175661,"OM429_003336:175661 indel GC->AC,G (insdel/snv -1++0bp, frameshift)",bright,1,75,75,75,0,,,,False,allele classes too small (75/0)
OM429_003336,175661,"OM429_003336:175661 indel GC->AC,G (insdel/snv -1++0bp, frameshift)",bright,2,12,12,12,0,,,,False,allele classes too small (12/0)
OM429_003336,175661,"OM429_003336:175661 indel GC->AC,G (insdel/snv -1++0bp, frameshift)",bright,3,11,11,11,0,,,,False,allele classes too small (11/0)
OM429_003336,175661,"OM429_003336:175661 indel GC->AC,G (insdel/snv -1++0bp, frameshift)",bright,4,37,37,37,0,,,,False,allele classes too small (37/0)
OM429_003336,175661,"OM429_003336:175661 indel GC->AC,G (insdel/snv -1++0bp, frameshift)",bright,5,16,16,8,8,0.010861681734950793,0.016610736355820117,0.5237754593872012,True,
OM429_003336,175661,"OM429_003336:175661 indel GC->AC,G (insdel/snv -1++0bp, frameshift)",bright,6,20,20,20,0,,,,False,allele classes too small (20/0)
OM429_003336,175661,"OM429_003336:175661 indel GC->AC,G (insdel/snv -1++0bp, frameshift)",lab_L,1,75,75,75,0,,,,False,allele classes too small (75/0)
OM429_003336,175661,"OM429_003336:175661 indel GC->AC,G (insdel/snv -1++0bp, frameshift)",lab_L,2,12,12,12,0,,,,False,allele classes too small (12/0)
OM429_003336,175661,"OM429_003336:175661 indel GC->AC,G (insdel/snv -1++0bp, frameshift)",lab_L,3,11,11,11,0,,,,False,allele classes too small (11/0)
OM429_003336,175661,"OM429_003336:175661 indel GC->AC,G (insdel/snv -1++0bp, frameshift)",lab_L,4,37,37,37,0,,,,False,allele classes too small (37/0)
OM429_003336,175661,"OM429_003336:175661 indel GC->AC,G (insdel/snv -1++0bp, frameshift)",lab_L,5,16,16,8,8,0.43580138540825786,0.49780223648976274,0.39610045036177816,True,
OM429_003336,175661,"OM429_003336:175661 indel GC->AC,G (insdel/snv -1++0bp, frameshift)",lab_L,6,20,20,20,0,,,,False,allele classes too small (20/0)
OM429_003336,175661,"OM429_003336:175661 indel GC->AC,G (insdel/snv -1++0bp, frameshift)",lab_a,1,75,75,75,0,,,,False,allele classes too small (75/0)
OM429_003336,175661,"OM429_003336:175661 indel GC->AC,G (insdel/snv -1++0bp, frameshift)",lab_a,2,12,12,12,0,,,,False,allele classes too small (12/0)
OM429_003336,175661,"OM429_003336:175661 indel GC->AC,G (insdel/snv -1++0bp, frameshift)",lab_a,3,11,11,11,0,,,,False,allele classes too small (11/0)
OM429_003336,175661,"OM429_003336:175661 indel GC->AC,G (insdel/snv -1++0bp, frameshift)",lab_a,4,37,37,37,0,,,,False,allele classes too small (37/0)
OM429_003336,175661,"OM429_003336:175661 indel GC->AC,G (insdel/snv -1++0bp, frameshift)",lab_a,5,16,16,8,8,0.20454206122121033,0.9745024819488415,0.8367743707492822,True,
OM429_003336,175661,"OM429_003336:175661 indel GC->AC,G (insdel/snv -1++0bp, frameshift)",lab_a,6,20,20,20,0,,,,False,allele classes too small (20/0)
OM429_003336,175661,"OM429_003336:175661 indel GC->AC,G (insdel/snv -1++0bp, frameshift)",lab_b,1,75,75,75,0,,,,False,allele classes too small (75/0)
OM429_003336,175661,"OM429_003336:175661 indel GC->AC,G (insdel/snv -1++0bp, frameshift)",lab_b,2,12,12,12,0,,,,False,allele classes too small (12/0)
OM429_003336,175661,"OM429_003336:175661 indel GC->AC,G (insdel/snv -1++0bp, frameshift)",lab_b,3,11,11,11,0,,,,False,allele classes too small (11/0)
OM429_003336,175661,"OM429_003336:175661 indel GC->AC,G (insdel/snv -1++0bp, frameshift)",lab_b,4,37,37,37,0,,,,False,allele classes too small (37/0)
OM429_003336,175661,"OM429_003336:175661 indel GC->AC,G (insdel/snv -1++0bp, frameshift)",lab_b,5,16,16,8,8,0.32813883820811707,0.9076184134815571,0.7230951634209756,True,
OM429_003336,175661,"OM429_003336:175661 indel GC->AC,G (insdel/snv -1++0bp, frameshift)",lab_b,6,20,20,20,0,,,,False,allele classes too small (20/0)
OM429_003336,175663,"OM429_003336:175663 indel AGCAGCAGCAGCGGGGGCGGG->CGCAGCAGCAGCGGGGGCGGG,A (insdel/snv -20++0bp, frameshift)",chroma,1,75,75,75,0,,,,False,allele classes too small (75/0)
OM429_003336,175663,"OM429_003336:175663 indel AGCAGCAGCAGCGGGGGCGGG->CGCAGCAGCAGCGGGGGCGGG,A (insdel/snv -20++0bp, frameshift)",chroma,2,12,12,12,0,,,,False,allele classes too small (12/0)
OM429_003336,175663,"OM429_003336:175663 indel AGCAGCAGCAGCGGGGGCGGG->CGCAGCAGCAGCGGGGGCGGG,A (insdel/snv -20++0bp, frameshift)",chroma,3,11,11,11,0,,,,False,allele classes too small (11/0)
OM429_003336,175663,"OM429_003336:175663 indel AGCAGCAGCAGCGGGGGCGGG->CGCAGCAGCAGCGGGGGCGGG,A (insdel/snv -20++0bp, frameshift)",chroma,4,37,37,37,0,,,,False,allele classes too small (37/0)
OM429_003336,175663,"OM429_003336:175663 indel AGCAGCAGCAGCGGGGGCGGG->CGCAGCAGCAGCGGGGGCGGG,A (insdel/snv -20++0bp, frameshift)",chroma,5,16,16,9,7,-0.7445393030494399,1.1155497152776743,0.5153557666137211,True,
OM429_003336,175663,"OM429_003336:175663 indel AGCAGCAGCAGCGGGGGCGGG->CGCAGCAGCAGCGGGGGCGGG,A (insdel/snv -20++0bp, frameshift)",chroma,6,20,20,20,0,,,,False,allele classes too small (20/0)
OM429_003336,175663,"OM429_003336:175663 indel AGCAGCAGCAGCGGGGGCGGG->CGCAGCAGCAGCGGGGGCGGG,A (insdel/snv -20++0bp, frameshift)",sat,1,75,75,75,0,,,,False,allele classes too small (75/0)
OM429_003336,175663,"OM429_003336:175663 indel AGCAGCAGCAGCGGGGGCGGG->CGCAGCAGCAGCGGGGGCGGG,A (insdel/snv -20++0bp, frameshift)",sat,2,12,12,12,0,,,,False,allele classes too small (12/0)
OM429_003336,175663,"OM429_003336:175663 indel AGCAGCAGCAGCGGGGGCGGG->CGCAGCAGCAGCGGGGGCGGG,A (insdel/snv -20++0bp, frameshift)",sat,3,11,11,11,0,,,,False,allele classes too small (11/0)
OM429_003336,175663,"OM429_003336:175663 indel AGCAGCAGCAGCGGGGGCGGG->CGCAGCAGCAGCGGGGGCGGG,A (insdel/snv -20++0bp, frameshift)",sat,4,37,37,37,0,,,,False,allele classes too small (37/0)
OM429_003336,175663,"OM429_003336:175663 indel AGCAGCAGCAGCGGGGGCGGG->CGCAGCAGCAGCGGGGGCGGG,A (insdel/snv -20++0bp, frameshift)",sat,5,16,16,9,7,-0.02296869333969016,0.027541518035760968,0.41830273153585446,True,
OM429_003336,175663,"OM429_003336:175663 indel AGCAGCAGCAGCGGGGGCGGG->CGCAGCAGCAGCGGGGGCGGG,A (insdel/snv -20++0bp, frameshift)",sat,6,20,20,20,0,,,,False,allele classes too small (20/0)
OM429_003336,175663,"OM429_003336:175663 indel AGCAGCAGCAGCGGGGGCGGG->CGCAGCAGCAGCGGGGGCGGG,A (insdel/snv -20++0bp, frameshift)",bright,1,75,75,75,0,,,,False,allele classes too small (75/0)
OM429_003336,175663,"OM429_003336:175663 indel AGCAGCAGCAGCGGGGGCGGG->CGCAGCAGCAGCGGGGGCGGG,A (insdel/snv -20++0bp, frameshift)",bright,2,12,12,12,0,,,,False,allele classes too small (12/0)
OM429_003336,175663,"OM429_003336:175663 indel AGCAGCAGCAGCGGGGGCGGG->CGCAGCAGCAGCGGGGGCGGG,A (insdel/snv -20++0bp, frameshift)",bright,3,11,11,11,0,,,,False,allele classes too small (11/0)
OM429_003336,175663,"OM429_003336:175663 indel AGCAGCAGCAGCGGGGGCGGG->CGCAGCAGCAGCGGGGGCGGG,A (insdel/snv -20++0bp, frameshift)",bright,4,37,37,37,0,,,,False,allele classes too small (37/0)
OM429_003336,175663,"OM429_003336:175663 indel AGCAGCAGCAGCGGGGGCGGG->CGCAGCAGCAGCGGGGGCGGG,A (insdel/snv -20++0bp, frameshift)",bright,5,16,16,9,7,-0.00890716641174412,0.01682824542501811,0.6048902219454455,True,
OM429_003336,175663,"OM429_003336:175663 indel AGCAGCAGCAGCGGGGGCGGG->CGCAGCAGCAGCGGGGGCGGG,A (insdel/snv -20++0bp, frameshift)",bright,6,20,20,20,0,,,,False,allele classes too small (20/0)
OM429_003336,175663,"OM429_003336:175663 indel AGCAGCAGCAGCGGGGGCGGG->CGCAGCAGCAGCGGGGGCGGG,A (insdel/snv -20++0bp, frameshift)",lab_L,1,75,75,75,0,,,,False,allele classes too small (75/0)
OM429_003336,175663,"OM429_003336:175663 indel AGCAGCAGCAGCGGGGGCGGG->CGCAGCAGCAGCGGGGGCGGG,A (insdel/snv -20++0bp, frameshift)",lab_L,2,12,12,12,0,,,,False,allele classes too small (12/0)
OM429_003336,175663,"OM429_003336:175663 indel AGCAGCAGCAGCGGGGGCGGG->CGCAGCAGCAGCGGGGGCGGG,A (insdel/snv -20++0bp, frameshift)",lab_L,3,11,11,11,0,,,,False,allele classes too small (11/0)
OM429_003336,175663,"OM429_003336:175663 indel AGCAGCAGCAGCGGGGGCGGG->CGCAGCAGCAGCGGGGGCGGG,A (insdel/snv -20++0bp, frameshift)",lab_L,4,37,37,37,0,,,,False,allele classes too small (37/0)
OM429_003336,175663,"OM429_003336:175663 indel AGCAGCAGCAGCGGGGGCGGG->CGCAGCAGCAGCGGGGGCGGG,A (insdel/snv -20++0bp, frameshift)",lab_L,5,16,16,9,7,0.0892475852931394,0.5147356835315507,0.864830524863236,True,
OM429_003336,175663,"OM429_003336:175663 indel AGCAGCAGCAGCGGGGGCGGG->CGCAGCAGCAGCGGGGGCGGG,A (insdel/snv -20++0bp, frameshift)",lab_L,6,20,20,20,0,,,,False,allele classes too small (20/0)
OM429_003336,175663,"OM429_003336:175663 indel AGCAGCAGCAGCGGGGGCGGG->CGCAGCAGCAGCGGGGGCGGG,A (insdel/snv -20++0bp, frameshift)",lab_a,1,75,75,75,0,,,,False,allele classes too small (75/0)
OM429_003336,175663,"OM429_003336:175663 indel AGCAGCAGCAGCGGGGGCGGG->CGCAGCAGCAGCGGGGGCGGG,A (insdel/snv -20++0bp, frameshift)",lab_a,2,12,12,12,0,,,,False,allele classes too small (12/0)
OM429_003336,175663,"OM429_003336:175663 indel AGCAGCAGCAGCGGGGGCGGG->CGCAGCAGCAGCGGGGGCGGG,A (insdel/snv -20++0bp, frameshift)",lab_a,3,11,11,11,0,,,,False,allele classes too small (11/0)
OM429_003336,175663,"OM429_003336:175663 indel AGCAGCAGCAGCGGGGGCGGG->CGCAGCAGCAGCGGGGGCGGG,A (insdel/snv -20++0bp, frameshift)",lab_a,4,37,37,37,0,,,,False,allele classes too small (37/0)
OM429_003336,175663,"OM429_003336:175663 indel AGCAGCAGCAGCGGGGGCGGG->CGCAGCAGCAGCGGGGGCGGG,A (insdel/snv -20++0bp, frameshift)",lab_a,5,16,16,9,7,-0.2780483426662764,0.9809396496263028,0.7809795626154393,True,
OM429_003336,175663,"OM429_003336:175663 indel AGCAGCAGCAGCGGGGGCGGG->CGCAGCAGCAGCGGGGGCGGG,A (insdel/snv -20++0bp, frameshift)",lab_a,6,20,20,20,0,,,,False,allele classes too small (20/0)
OM429_003336,175663,"OM429_003336:175663 indel AGCAGCAGCAGCGGGGGCGGG->CGCAGCAGCAGCGGGGGCGGG,A (insdel/snv -20++0bp, frameshift)",lab_b,1,75,75,75,0,,,,False,allele classes too small (75/0)
OM429_003336,175663,"OM429_003336:175663 indel AGCAGCAGCAGCGGGGGCGGG->CGCAGCAGCAGCGGGGGCGGG,A (insdel/snv -20++0bp, frameshift)",lab_b,2,12,12,12,0,,,,False,allele classes too small (12/0)
OM429_003336,175663,"OM429_003336:175663 indel AGCAGCAGCAGCGGGGGCGGG->CGCAGCAGCAGCGGGGGCGGG,A (insdel/snv -20++0bp, frameshift)",lab_b,3,11,11,11,0,,,,False,allele classes too small (11/0)
OM429_003336,175663,"OM429_003336:175663 indel AGCAGCAGCAGCGGGGGCGGG->CGCAGCAGCAGCGGGGGCGGG,A (insdel/snv -20++0bp, frameshift)",lab_b,4,37,37,37,0,,,,False,allele classes too small (37/0)
OM429_003336,175663,"OM429_003336:175663 indel AGCAGCAGCAGCGGGGGCGGG->CGCAGCAGCAGCGGGGGCGGG,A (insdel/snv -20++0bp, frameshift)",lab_b,5,16,16,9,7,-0.9821402684503635,0.8807724517573822,0.28358810981506255,True,
OM429_003336,175663,"OM429_003336:175663 indel AGCAGCAGCAGCGGGGGCGGG->CGCAGCAGCAGCGGGGGCGGG,A (insdel/snv -20++0bp, frameshift)",lab_b,6,20,20,20,0,,,,False,allele classes too small (20/0)
OM429_003336,175696,"OM429_003336:175696 indel A->AAC (ins +2bp, frameshift)",chroma,1,75,75,75,0,,,,False,allele classes too small (75/0)
OM429_003336,175696,"OM429_003336:175696 indel A->AAC (ins +2bp, frameshift)",chroma,2,12,12,12,0,,,,False,allele classes too small (12/0)
OM429_003336,175696,"OM429_003336:175696 indel A->AAC (ins +2bp, frameshift)",chroma,3,11,11,10,1,,,,False,allele classes too small (10/1)
OM429_003336,175696,"OM429_003336:175696 indel A->AAC (ins +2bp, frameshift)",chroma,4,37,37,37,0,,,,False,allele classes too small (37/0)
OM429_003336,175696,"OM429_003336:175696 indel A->AAC (ins +2bp, frameshift)",chroma,5,16,16,15,1,,,,False,allele classes too small (15/1)
OM429_003336,175696,"OM429_003336:175696 indel A->AAC (ins +2bp, frameshift)",chroma,6,20,20,20,0,,,,False,allele classes too small (20/0)
OM429_003336,175696,"OM429_003336:175696 indel A->AAC (ins +2bp, frameshift)",sat,1,75,75,75,0,,,,False,allele classes too small (75/0)
OM429_003336,175696,"OM429_003336:175696 indel A->AAC (ins +2bp, frameshift)",sat,2,12,12,12,0,,,,False,allele classes too small (12/0)
OM429_003336,175696,"OM429_003336:175696 indel A->AAC (ins +2bp, frameshift)",sat,3,11,11,10,1,,,,False,allele classes too small (10/1)
OM429_003336,175696,"OM429_003336:175696 indel A->AAC (ins +2bp, frameshift)",sat,4,37,37,37,0,,,,False,allele classes too small (37/0)
OM429_003336,175696,"OM429_003336:175696 indel A->AAC (ins +2bp, frameshift)",sat,5,16,16,15,1,,,,False,allele classes too small (15/1)
OM429_003336,175696,"OM429_003336:175696 indel A->AAC (ins +2bp, frameshift)",sat,6,20,20,20,0,,,,False,allele classes too small (20/0)
OM429_003336,175696,"OM429_003336:175696 indel A->AAC (ins +2bp, frameshift)",bright,1,75,75,75,0,,,,False,allele classes too small (75/0)
OM429_003336,175696,"OM429_003336:175696 indel A->AAC (ins +2bp, frameshift)",bright,2,12,12,12,0,,,,False,allele classes too small (12/0)
OM429_003336,175696,"OM429_003336:175696 indel A->AAC (ins +2bp, frameshift)",bright,3,11,11,10,1,,,,False,allele classes too small (10/1)
OM429_003336,175696,"OM429_003336:175696 indel A->AAC (ins +2bp, frameshift)",bright,4,37,37,37,0,,,,False,allele classes too small (37/0)
OM429_003336,175696,"OM429_003336:175696 indel A->AAC (ins +2bp, frameshift)",bright,5,16,16,15,1,,,,False,allele classes too small (15/1)
OM429_003336,175696,"OM429_003336:175696 indel A->AAC (ins +2bp, frameshift)",bright,6,20,20,20,0,,,,False,allele classes too small (20/0)
OM429_003336,175696,"OM429_003336:175696 indel A->AAC (ins +2bp, frameshift)",lab_L,1,75,75,75,0,,,,False,allele classes too small (75/0)
OM429_003336,175696,"OM429_003336:175696 indel A->AAC (ins +2bp, frameshift)",lab_L,2,12,12,12,0,,,,False,allele classes too small (12/0)
OM429_003336,175696,"OM429_003336:175696 indel A->AAC (ins +2bp, frameshift)",lab_L,3,11,11,10,1,,,,False,allele classes too small (10/1)
OM429_003336,175696,"OM429_003336:175696 indel A->AAC (ins +2bp, frameshift)",lab_L,4,37,37,37,0,,,,False,allele classes too small (37/0)
OM429_003336,175696,"OM429_003336:175696 indel A->AAC (ins +2bp, frameshift)",lab_L,5,16,16,15,1,,,,False,allele classes too small (15/1)
OM429_003336,175696,"OM429_003336:175696 indel A->AAC (ins +2bp, frameshift)",lab_L,6,20,20,20,0,,,,False,allele classes too small (20/0)
OM429_003336,175696,"OM429_003336:175696 indel A->AAC (ins +2bp, frameshift)",lab_a,1,75,75,75,0,,,,False,allele classes too small (75/0)
OM429_003336,175696,"OM429_003336:175696 indel A->AAC (ins +2bp, frameshift)",lab_a,2,12,12,12,0,,,,False,allele classes too small (12/0)
OM429_003336,175696,"OM429_003336:175696 indel A->AAC (ins +2bp, frameshift)",lab_a,3,11,11,10,1,,,,False,allele classes too small (10/1)
OM429_003336,175696,"OM429_003336:175696 indel A->AAC (ins +2bp, frameshift)",lab_a,4,37,37,37,0,,,,False,allele classes too small (37/0)
OM429_003336,175696,"OM429_003336:175696 indel A->AAC (ins +2bp, frameshift)",lab_a,5,16,16,15,1,,,,False,allele classes too small (15/1)
OM429_003336,175696,"OM429_003336:175696 indel A->AAC (ins +2bp, frameshift)",lab_a,6,20,20,20,0,,,,False,allele classes too small (20/0)
OM429_003336,175696,"OM429_003336:175696 indel A->AAC (ins +2bp, frameshift)",lab_b,1,75,75,75,0,,,,False,allele classes too small (75/0)
OM429_003336,175696,"OM429_003336:175696 indel A->AAC (ins +2bp, frameshift)",lab_b,2,12,12,12,0,,,,False,allele classes too small (12/0)
OM429_003336,175696,"OM429_003336:175696 indel A->AAC (ins +2bp, frameshift)",lab_b,3,11,11,10,1,,,,False,allele classes too small (10/1)
OM429_003336,175696,"OM429_003336:175696 indel A->AAC (ins +2bp, frameshift)",lab_b,4,37,37,37,0,,,,False,allele classes too small (37/0)
OM429_003336,175696,"OM429_003336:175696 indel A->AAC (ins +2bp, frameshift)",lab_b,5,16,16,15,1,,,,False,allele classes too small (15/1)
OM429_003336,175696,"OM429_003336:175696 indel A->AAC (ins +2bp, frameshift)",lab_b,6,20,20,20,0,,,,False,allele classes too small (20/0)
OM429_003336,175697,"OM429_003336:175697 indel AT->A (del -1bp, frameshift)",chroma,1,75,75,75,0,,,,False,allele classes too small (75/0)
OM429_003336,175697,"OM429_003336:175697 indel AT->A (del -1bp, frameshift)",chroma,2,12,12,12,0,,,,False,allele classes too small (12/0)
OM429_003336,175697,"OM429_003336:175697 indel AT->A (del -1bp, frameshift)",chroma,3,11,11,11,0,,,,False,allele classes too small (11/0)
OM429_003336,175697,"OM429_003336:175697 indel AT->A (del -1bp, frameshift)",chroma,4,37,37,37,0,,,,False,allele classes too small (37/0)
OM429_003336,175697,"OM429_003336:175697 indel AT->A (del -1bp, frameshift)",chroma,5,16,16,14,2,,,,False,allele classes too small (14/2)
OM429_003336,175697,"OM429_003336:175697 indel AT->A (del -1bp, frameshift)",chroma,6,20,20,20,0,,,,False,allele classes too small (20/0)
OM429_003336,175697,"OM429_003336:175697 indel AT->A (del -1bp, frameshift)",sat,1,75,75,75,0,,,,False,allele classes too small (75/0)
OM429_003336,175697,"OM429_003336:175697 indel AT->A (del -1bp, frameshift)",sat,2,12,12,12,0,,,,False,allele classes too small (12/0)
OM429_003336,175697,"OM429_003336:175697 indel AT->A (del -1bp, frameshift)",sat,3,11,11,11,0,,,,False,allele classes too small (11/0)
OM429_003336,175697,"OM429_003336:175697 indel AT->A (del -1bp, frameshift)",sat,4,37,37,37,0,,,,False,allele classes too small (37/0)
OM429_003336,175697,"OM429_003336:175697 indel AT->A (del -1bp, frameshift)",sat,5,16,16,14,2,,,,False,allele classes too small (14/2)
OM429_003336,175697,"OM429_003336:175697 indel AT->A (del -1bp, frameshift)",sat,6,20,20,20,0,,,,False,allele classes too small (20/0)
OM429_003336,175697,"OM429_003336:175697 indel AT->A (del -1bp, frameshift)",bright,1,75,75,75,0,,,,False,allele classes too small (75/0)
OM429_003336,175697,"OM429_003336:175697 indel AT->A (del -1bp, frameshift)",bright,2,12,12,12,0,,,,False,allele classes too small (12/0)
OM429_003336,175697,"OM429_003336:175697 indel AT->A (del -1bp, frameshift)",bright,3,11,11,11,0,,,,False,allele classes too small (11/0)
OM429_003336,175697,"OM429_003336:175697 indel AT->A (del -1bp, frameshift)",bright,4,37,37,37,0,,,,False,allele classes too small (37/0)
OM429_003336,175697,"OM429_003336:175697 indel AT->A (del -1bp, frameshift)",bright,5,16,16,14,2,,,,False,allele classes too small (14/2)
OM429_003336,175697,"OM429_003336:175697 indel AT->A (del -1bp, frameshift)",bright,6,20,20,20,0,,,,False,allele classes too small (20/0)
OM429_003336,175697,"OM429_003336:175697 indel AT->A (del -1bp, frameshift)",lab_L,1,75,75,75,0,,,,False,allele classes too small (75/0)
OM429_003336,175697,"OM429_003336:175697 indel AT->A (del -1bp, frameshift)",lab_L,2,12,12,12,0,,,,False,allele classes too small (12/0)
OM429_003336,175697,"OM429_003336:175697 indel AT->A (del -1bp, frameshift)",lab_L,3,11,11,11,0,,,,False,allele classes too small (11/0)
OM429_003336,175697,"OM429_003336:175697 indel AT->A (del -1bp, frameshift)",lab_L,4,37,37,37,0,,,,False,allele classes too small (37/0)
OM429_003336,175697,"OM429_003336:175697 indel AT->A (del -1bp, frameshift)",lab_L,5,16,16,14,2,,,,False,allele classes too small (14/2)
OM429_003336,175697,"OM429_003336:175697 indel AT->A (del -1bp, frameshift)",lab_L,6,20,20,20,0,,,,False,allele classes too small (20/0)
OM429_003336,175697,"OM429_003336:175697 indel AT->A (del -1bp, frameshift)",lab_a,1,75,75,75,0,,,,False,allele classes too small (75/0)
OM429_003336,175697,"OM429_003336:175697 indel AT->A (del -1bp, frameshift)",lab_a,2,12,12,12,0,,,,False,allele classes too small (12/0)
OM429_003336,175697,"OM429_003336:175697 indel AT->A (del -1bp, frameshift)",lab_a,3,11,11,11,0,,,,False,allele classes too small (11/0)
OM429_003336,175697,"OM429_003336:175697 indel AT->A (del -1bp, frameshift)",lab_a,4,37,37,37,0,,,,False,allele classes too small (37/0)
OM429_003336,175697,"OM429_003336:175697 indel AT->A (del -1bp, frameshift)",lab_a,5,16,16,14,2,,,,False,allele classes too small (14/2)
OM429_003336,175697,"OM429_003336:175697 indel AT->A (del -1bp, frameshift)",lab_a,6,20,20,20,0,,,,False,allele classes too small (20/0)
OM429_003336,175697,"OM429_003336:175697 indel AT->A (del -1bp, frameshift)",lab_b,1,75,75,75,0,,,,False,allele classes too small (75/0)
OM429_003336,175697,"OM429_003336:175697 indel AT->A (del -1bp, frameshift)",lab_b,2,12,12,12,0,,,,False,allele classes too small (12/0)
OM429_003336,175697,"OM429_003336:175697 indel AT->A (del -1bp, frameshift)",lab_b,3,11,11,11,0,,,,False,allele classes too small (11/0)
OM429_003336,175697,"OM429_003336:175697 indel AT->A (del -1bp, frameshift)",lab_b,4,37,37,37,0,,,,False,allele classes too small (37/0)
OM429_003336,175697,"OM429_003336:175697 indel AT->A (del -1bp, frameshift)",lab_b,5,16,16,14,2,,,,False,allele classes too small (14/2)
OM429_003336,175697,"OM429_003336:175697 indel AT->A (del -1bp, frameshift)",lab_b,6,20,20,20,0,,,,False,allele classes too small (20/0)
OM429_003336,175699,"OM429_003336:175699 indel C->A,CT (insdel/snv +0++1bp, frameshift)",chroma,1,75,75,75,0,,,,False,allele classes too small (75/0)
OM429_003336,175699,"OM429_003336:175699 indel C->A,CT (insdel/snv +0++1bp, frameshift)",chroma,2,12,12,12,0,,,,False,allele classes too small (12/0)
OM429_003336,175699,"OM429_003336:175699 indel C->A,CT (insdel/snv +0++1bp, frameshift)",chroma,3,11,11,10,1,,,,False,allele classes too small (10/1)
OM429_003336,175699,"OM429_003336:175699 indel C->A,CT (insdel/snv +0++1bp, frameshift)",chroma,4,37,37,37,0,,,,False,allele classes too small (37/0)
OM429_003336,175699,"OM429_003336:175699 indel C->A,CT (insdel/snv +0++1bp, frameshift)",chroma,5,16,16,10,6,-0.5440112542870591,1.1520025925798054,0.6440384163042376,True,
OM429_003336,175699,"OM429_003336:175699 indel C->A,CT (insdel/snv +0++1bp, frameshift)",chroma,6,20,20,20,0,,,,False,allele classes too small (20/0)
OM429_003336,175699,"OM429_003336:175699 indel C->A,CT (insdel/snv +0++1bp, frameshift)",sat,1,75,75,75,0,,,,False,allele classes too small (75/0)
OM429_003336,175699,"OM429_003336:175699 indel C->A,CT (insdel/snv +0++1bp, frameshift)",sat,2,12,12,12,0,,,,False,allele classes too small (12/0)
OM429_003336,175699,"OM429_003336:175699 indel C->A,CT (insdel/snv +0++1bp, frameshift)",sat,3,11,11,10,1,,,,False,allele classes too small (10/1)
OM429_003336,175699,"OM429_003336:175699 indel C->A,CT (insdel/snv +0++1bp, frameshift)",sat,4,37,37,37,0,,,,False,allele classes too small (37/0)
OM429_003336,175699,"OM429_003336:175699 indel C->A,CT (insdel/snv +0++1bp, frameshift)",sat,5,16,16,10,6,-0.018997235721166284,0.028464905238571234,0.5153729362964107,True,
OM429_003336,175699,"OM429_003336:175699 indel C->A,CT (insdel/snv +0++1bp, frameshift)",sat,6,20,20,20,0,,,,False,allele classes too small (20/0)
OM429_003336,175699,"OM429_003336:175699 indel C->A,CT (insdel/snv +0++1bp, frameshift)",bright,1,75,75,75,0,,,,False,allele classes too small (75/0)
OM429_003336,175699,"OM429_003336:175699 indel C->A,CT (insdel/snv +0++1bp, frameshift)",bright,2,12,12,12,0,,,,False,allele classes too small (12/0)
OM429_003336,175699,"OM429_003336:175699 indel C->A,CT (insdel/snv +0++1bp, frameshift)",bright,3,11,11,10,1,,,,False,allele classes too small (10/1)
OM429_003336,175699,"OM429_003336:175699 indel C->A,CT (insdel/snv +0++1bp, frameshift)",bright,4,37,37,37,0,,,,False,allele classes too small (37/0)
OM429_003336,175699,"OM429_003336:175699 indel C->A,CT (insdel/snv +0++1bp, frameshift)",bright,5,16,16,10,6,-0.002385652704661619,0.01740382524327384,0.8929222600261186,True,
OM429_003336,175699,"OM429_003336:175699 indel C->A,CT (insdel/snv +0++1bp, frameshift)",bright,6,20,20,20,0,,,,False,allele classes too small (20/0)
OM429_003336,175699,"OM429_003336:175699 indel C->A,CT (insdel/snv +0++1bp, frameshift)",lab_L,1,75,75,75,0,,,,False,allele classes too small (75/0)
OM429_003336,175699,"OM429_003336:175699 indel C->A,CT (insdel/snv +0++1bp, frameshift)",lab_L,2,12,12,12,0,,,,False,allele classes too small (12/0)
OM429_003336,175699,"OM429_003336:175699 indel C->A,CT (insdel/snv +0++1bp, frameshift)",lab_L,3,11,11,10,1,,,,False,allele classes too small (10/1)
OM429_003336,175699,"OM429_003336:175699 indel C->A,CT (insdel/snv +0++1bp, frameshift)",lab_L,4,37,37,37,0,,,,False,allele classes too small (37/0)
OM429_003336,175699,"OM429_003336:175699 indel C->A,CT (insdel/snv +0++1bp, frameshift)",lab_L,5,16,16,10,6,0.26650120916645503,0.5231871424880727,0.6184198094255765,True,
OM429_003336,175699,"OM429_003336:175699 indel C->A,CT (insdel/snv +0++1bp, frameshift)",lab_L,6,20,20,20,0,,,,False,allele classes too small (20/0)
OM429_003336,175699,"OM429_003336:175699 indel C->A,CT (insdel/snv +0++1bp, frameshift)",lab_a,1,75,75,75,0,,,,False,allele classes too small (75/0)
OM429_003336,175699,"OM429_003336:175699 indel C->A,CT (insdel/snv +0++1bp, frameshift)",lab_a,2,12,12,12,0,,,,False,allele classes too small (12/0)
OM429_003336,175699,"OM429_003336:175699 indel C->A,CT (insdel/snv +0++1bp, frameshift)",lab_a,3,11,11,10,1,,,,False,allele classes too small (10/1)
OM429_003336,175699,"OM429_003336:175699 indel C->A,CT (insdel/snv +0++1bp, frameshift)",lab_a,4,37,37,37,0,,,,False,allele classes too small (37/0)
OM429_003336,175699,"OM429_003336:175699 indel C->A,CT (insdel/snv +0++1bp, frameshift)",lab_a,5,16,16,10,6,-0.11201858850007766,1.0075994961507275,0.9130567055701702,True,
OM429_003336,175699,"OM429_003336:175699 indel C->A,CT (insdel/snv +0++1bp, frameshift)",lab_a,6,20,20,20,0,,,,False,allele classes too small (20/0)
OM429_003336,175699,"OM429_003336:175699 indel C->A,CT (insdel/snv +0++1bp, frameshift)",lab_b,1,75,75,75,0,,,,False,allele classes too small (75/0)
OM429_003336,175699,"OM429_003336:175699 indel C->A,CT (insdel/snv +0++1bp, frameshift)",lab_b,2,12,12,12,0,,,,False,allele classes too small (12/0)
OM429_003336,175699,"OM429_003336:175699 indel C->A,CT (insdel/snv +0++1bp, frameshift)",lab_b,3,11,11,10,1,,,,False,allele classes too small (10/1)
OM429_003336,175699,"OM429_003336:175699 indel C->A,CT (insdel/snv +0++1bp, frameshift)",lab_b,4,37,37,37,0,,,,False,allele classes too small (37/0)
OM429_003336,175699,"OM429_003336:175699 indel C->A,CT (insdel/snv +0++1bp, frameshift)",lab_b,5,16,16,10,6,-0.8784559311030532,0.912015754189408,0.35178901129754697,True,
OM429_003336,175699,"OM429_003336:175699 indel C->A,CT (insdel/snv +0++1bp, frameshift)",lab_b,6,20,20,20,0,,,,False,allele classes too small (20/0)
OM429_003336,175702,"OM429_003336:175702 indel C->CG (ins +1bp, frameshift)",chroma,1,75,75,75,0,,,,False,allele classes too small (75/0)
OM429_003336,175702,"OM429_003336:175702 indel C->CG (ins +1bp, frameshift)",chroma,2,12,12,12,0,,,,False,allele classes too small (12/0)
OM429_003336,175702,"OM429_003336:175702 indel C->CG (ins +1bp, frameshift)",chroma,3,11,11,11,0,,,,False,allele classes too small (11/0)
OM429_003336,175702,"OM429_003336:175702 indel C->CG (ins +1bp, frameshift)",chroma,4,37,37,37,0,,,,False,allele classes too small (37/0)
OM429_003336,175702,"OM429_003336:175702 indel C->CG (ins +1bp, frameshift)",chroma,5,16,16,14,2,,,,False,allele classes too small (14/2)
OM429_003336,175702,"OM429_003336:175702 indel C->CG (ins +1bp, frameshift)",chroma,6,20,20,20,0,,,,False,allele classes too small (20/0)
OM429_003336,175702,"OM429_003336:175702 indel C->CG (ins +1bp, frameshift)",sat,1,75,75,75,0,,,,False,allele classes too small (75/0)
OM429_003336,175702,"OM429_003336:175702 indel C->CG (ins +1bp, frameshift)",sat,2,12,12,12,0,,,,False,allele classes too small (12/0)
OM429_003336,175702,"OM429_003336:175702 indel C->CG (ins +1bp, frameshift)",sat,3,11,11,11,0,,,,False,allele classes too small (11/0)
OM429_003336,175702,"OM429_003336:175702 indel C->CG (ins +1bp, frameshift)",sat,4,37,37,37,0,,,,False,allele classes too small (37/0)
OM429_003336,175702,"OM429_003336:175702 indel C->CG (ins +1bp, frameshift)",sat,5,16,16,14,2,,,,False,allele classes too small (14/2)
OM429_003336,175702,"OM429_003336:175702 indel C->CG (ins +1bp, frameshift)",sat,6,20,20,20,0,,,,False,allele classes too small (20/0)
OM429_003336,175702,"OM429_003336:175702 indel C->CG (ins +1bp, frameshift)",bright,1,75,75,75,0,,,,False,allele classes too small (75/0)
OM429_003336,175702,"OM429_003336:175702 indel C->CG (ins +1bp, frameshift)",bright,2,12,12,12,0,,,,False,allele classes too small (12/0)
OM429_003336,175702,"OM429_003336:175702 indel C->CG (ins +1bp, frameshift)",bright,3,11,11,11,0,,,,False,allele classes too small (11/0)
OM429_003336,175702,"OM429_003336:175702 indel C->CG (ins +1bp, frameshift)",bright,4,37,37,37,0,,,,False,allele classes too small (37/0)
OM429_003336,175702,"OM429_003336:175702 indel C->CG (ins +1bp, frameshift)",bright,5,16,16,14,2,,,,False,allele classes too small (14/2)
OM429_003336,175702,"OM429_003336:175702 indel C->CG (ins +1bp, frameshift)",bright,6,20,20,20,0,,,,False,allele classes too small (20/0)
OM429_003336,175702,"OM429_003336:175702 indel C->CG (ins +1bp, frameshift)",lab_L,1,75,75,75,0,,,,False,allele classes too small (75/0)
OM429_003336,175702,"OM429_003336:175702 indel C->CG (ins +1bp, frameshift)",lab_L,2,12,12,12,0,,,,False,allele classes too small (12/0)
OM429_003336,175702,"OM429_003336:175702 indel C->CG (ins +1bp, frameshift)",lab_L,3,11,11,11,0,,,,False,allele classes too small (11/0)
OM429_003336,175702,"OM429_003336:175702 indel C->CG (ins +1bp, frameshift)",lab_L,4,37,37,37,0,,,,False,allele classes too small (37/0)
OM429_003336,175702,"OM429_003336:175702 indel C->CG (ins +1bp, frameshift)",lab_L,5,16,16,14,2,,,,False,allele classes too small (14/2)
OM429_003336,175702,"OM429_003336:175702 indel C->CG (ins +1bp, frameshift)",lab_L,6,20,20,20,0,,,,False,allele classes too small (20/0)
OM429_003336,175702,"OM429_003336:175702 indel C->CG (ins +1bp, frameshift)",lab_a,1,75,75,75,0,,,,False,allele classes too small (75/0)
OM429_003336,175702,"OM429_003336:175702 indel C->CG (ins +1bp, frameshift)",lab_a,2,12,12,12,0,,,,False,allele classes too small (12/0)
OM429_003336,175702,"OM429_003336:175702 indel C->CG (ins +1bp, frameshift)",lab_a,3,11,11,11,0,,,,False,allele classes too small (11/0)
OM429_003336,175702,"OM429_003336:175702 indel C->CG (ins +1bp, frameshift)",lab_a,4,37,37,37,0,,,,False,allele classes too small (37/0)
OM429_003336,175702,"OM429_003336:175702 indel C->CG (ins +1bp, frameshift)",lab_a,5,16,16,14,2,,,,False,allele classes too small (14/2)
OM429_003336,175702,"OM429_003336:175702 indel C->CG (ins +1bp, frameshift)",lab_a,6,20,20,20,0,,,,False,allele classes too small (20/0)
OM429_003336,175702,"OM429_003336:175702 indel C->CG (ins +1bp, frameshift)",lab_b,1,75,75,75,0,,,,False,allele classes too small (75/0)
OM429_003336,175702,"OM429_003336:175702 indel C->CG (ins +1bp, frameshift)",lab_b,2,12,12,12,0,,,,False,allele classes too small (12/0)
OM429_003336,175702,"OM429_003336:175702 indel C->CG (ins +1bp, frameshift)",lab_b,3,11,11,11,0,,,,False,allele classes too small (11/0)
OM429_003336,175702,"OM429_003336:175702 indel C->CG (ins +1bp, frameshift)",lab_b,4,37,37,37,0,,,,False,allele classes too small (37/0)
OM429_003336,175702,"OM429_003336:175702 indel C->CG (ins +1bp, frameshift)",lab_b,5,16,16,14,2,,,,False,allele classes too small (14/2)
OM429_003336,175702,"OM429_003336:175702 indel C->CG (ins +1bp, frameshift)",lab_b,6,20,20,20,0,,,,False,allele classes too small (20/0)
OM429_003336,175703,"OM429_003336:175703 indel AGTG->A,GGTG,ACTGGTG (insdel/snv -3++0++3bp, in-frame)",chroma,1,75,75,75,0,,,,False,allele classes too small (75/0)
OM429_003336,175703,"OM429_003336:175703 indel AGTG->A,GGTG,ACTGGTG (insdel/snv -3++0++3bp, in-frame)",chroma,2,12,12,6,6,-0.5529454565615189,0.9014797503528211,0.55332289785728,True,
OM429_003336,175703,"OM429_003336:175703 indel AGTG->A,GGTG,ACTGGTG (insdel/snv -3++0++3bp, in-frame)",chroma,3,11,11,3,8,0.017319628032830964,1.6468221747736793,0.9918382412696619,True,
OM429_003336,175703,"OM429_003336:175703 indel AGTG->A,GGTG,ACTGGTG (insdel/snv -3++0++3bp, in-frame)",chroma,4,37,37,37,0,,,,False,allele classes too small (37/0)
OM429_003336,175703,"OM429_003336:175703 indel AGTG->A,GGTG,ACTGGTG (insdel/snv -3++0++3bp, in-frame)",chroma,5,16,16,15,1,,,,False,allele classes too small (15/1)
OM429_003336,175703,"OM429_003336:175703 indel AGTG->A,GGTG,ACTGGTG (insdel/snv -3++0++3bp, in-frame)",chroma,6,20,20,12,8,-1.4308872767700322,0.3474838890518483,0.000646047971481341,True,
OM429_003336,175703,"OM429_003336:175703 indel AGTG->A,GGTG,ACTGGTG (insdel/snv -3++0++3bp, in-frame)",sat,1,75,75,75,0,,,,False,allele classes too small (75/0)
OM429_003336,175703,"OM429_003336:175703 indel AGTG->A,GGTG,ACTGGTG (insdel/snv -3++0++3bp, in-frame)",sat,2,12,12,6,6,-0.016647963660842594,0.019186480503481335,0.4059033708549043,True,
OM429_003336,175703,"OM429_003336:175703 indel AGTG->A,GGTG,ACTGGTG (insdel/snv -3++0++3bp, in-frame)",sat,3,11,11,3,8,0.0008063622135779166,0.03602915661782767,0.9826325289736897,True,
OM429_003336,175703,"OM429_003336:175703 indel AGTG->A,GGTG,ACTGGTG (insdel/snv -3++0++3bp, in-frame)",sat,4,37,37,37,0,,,,False,allele classes too small (37/0)
OM429_003336,175703,"OM429_003336:175703 indel AGTG->A,GGTG,ACTGGTG (insdel/snv -3++0++3bp, in-frame)",sat,5,16,16,15,1,,,,False,allele classes too small (15/1)
OM429_003336,175703,"OM429_003336:175703 indel AGTG->A,GGTG,ACTGGTG (insdel/snv -3++0++3bp, in-frame)",sat,6,20,20,12,8,-0.03221940581115559,0.00823246007400067,0.0010178559140686875,True,
OM429_003336,175703,"OM429_003336:175703 indel AGTG->A,GGTG,ACTGGTG (insdel/snv -3++0++3bp, in-frame)",bright,1,75,75,75,0,,,,False,allele classes too small (75/0)
OM429_003336,175703,"OM429_003336:175703 indel AGTG->A,GGTG,ACTGGTG (insdel/snv -3++0++3bp, in-frame)",bright,2,12,12,6,6,0.00773971499537988,0.010199811411623447,0.46547558700318864,True,
OM429_003336,175703,"OM429_003336:175703 indel AGTG->A,GGTG,ACTGGTG (insdel/snv -3++0++3bp, in-frame)",bright,3,11,11,3,8,-0.024515128684417947,0.022371038883543602,0.3016039143278754,True,
OM429_003336,175703,"OM429_003336:175703 indel AGTG->A,GGTG,ACTGGTG (insdel/snv -3++0++3bp, in-frame)",bright,4,37,37,37,0,,,,False,allele classes too small (37/0)
OM429_003336,175703,"OM429_003336:175703 indel AGTG->A,GGTG,ACTGGTG (insdel/snv -3++0++3bp, in-frame)",bright,5,16,16,15,1,,,,False,allele classes too small (15/1)
OM429_003336,175703,"OM429_003336:175703 indel AGTG->A,GGTG,ACTGGTG (insdel/snv -3++0++3bp, in-frame)",bright,6,20,20,12,8,-0.005409111331519226,0.007363403029492556,0.4720492112704685,True,
OM429_003336,175703,"OM429_003336:175703 indel AGTG->A,GGTG,ACTGGTG (insdel/snv -3++0++3bp, in-frame)",lab_L,1,75,75,75,0,,,,False,allele classes too small (75/0)
OM429_003336,175703,"OM429_003336:175703 indel AGTG->A,GGTG,ACTGGTG (insdel/snv -3++0++3bp, in-frame)",lab_L,2,12,12,6,6,0.8811758043744314,0.5261389324476947,0.12491366972801252,True,
OM429_003336,175703,"OM429_003336:175703 indel AGTG->A,GGTG,ACTGGTG (insdel/snv -3++0++3bp, in-frame)",lab_L,3,11,11,3,8,-1.3289424487809054,0.6580026959967488,0.07416256702850597,True,
OM429_003336,175703,"OM429_003336:175703 indel AGTG->A,GGTG,ACTGGTG (insdel/snv -3++0++3bp, in-frame)",lab_L,4,37,37,37,0,,,,False,allele classes too small (37/0)
OM429_003336,175703,"OM429_003336:175703 indel AGTG->A,GGTG,ACTGGTG (insdel/snv -3++0++3bp, in-frame)",lab_L,5,16,16,15,1,,,,False,allele classes too small (15/1)
OM429_003336,175703,"OM429_003336:175703 indel AGTG->A,GGTG,ACTGGTG (insdel/snv -3++0++3bp, in-frame)",lab_L,6,20,20,12,8,0.7614098617288337,0.324475920921641,0.03059276634463236,True,
OM429_003336,175703,"OM429_003336:175703 indel AGTG->A,GGTG,ACTGGTG (insdel/snv -3++0++3bp, in-frame)",lab_a,1,75,75,75,0,,,,False,allele classes too small (75/0)
OM429_003336,175703,"OM429_003336:175703 indel AGTG->A,GGTG,ACTGGTG (insdel/snv -3++0++3bp, in-frame)",lab_a,2,12,12,6,6,-0.4449736857921828,0.9225133984678285,0.6399416503808983,True,
OM429_003336,175703,"OM429_003336:175703 indel AGTG->A,GGTG,ACTGGTG (insdel/snv -3++0++3bp, in-frame)",lab_a,3,11,11,3,8,0.03237825913330472,1.5143274066259842,0.9834080381476054,True,
OM429_003336,175703,"OM429_003336:175703 indel AGTG->A,GGTG,ACTGGTG (insdel/snv -3++0++3bp, in-frame)",lab_a,4,37,37,37,0,,,,False,allele classes too small (37/0)
OM429_003336,175703,"OM429_003336:175703 indel AGTG->A,GGTG,ACTGGTG (insdel/snv -3++0++3bp, in-frame)",lab_a,5,16,16,15,1,,,,False,allele classes too small (15/1)
OM429_003336,175703,"OM429_003336:175703 indel AGTG->A,GGTG,ACTGGTG (insdel/snv -3++0++3bp, in-frame)",lab_a,6,20,20,12,8,-1.4554827791344491,0.34820289187754144,0.000562693540858906,True,
OM429_003336,175703,"OM429_003336:175703 indel AGTG->A,GGTG,ACTGGTG (insdel/snv -3++0++3bp, in-frame)",lab_b,1,75,75,75,0,,,,False,allele classes too small (75/0)
OM429_003336,175703,"OM429_003336:175703 indel AGTG->A,GGTG,ACTGGTG (insdel/snv -3++0++3bp, in-frame)",lab_b,2,12,12,6,6,-0.5661815356717544,0.6951496129255322,0.43434046951185235,True,
OM429_003336,175703,"OM429_003336:175703 indel AGTG->A,GGTG,ACTGGTG (insdel/snv -3++0++3bp, in-frame)",lab_b,3,11,11,3,8,0.15882473277232878,1.0595680901545799,0.8841523145628667,True,
OM429_003336,175703,"OM429_003336:175703 indel AGTG->A,GGTG,ACTGGTG (insdel/snv -3++0++3bp, in-frame)",lab_b,4,37,37,37,0,,,,False,allele classes too small (37/0)
OM429_003336,175703,"OM429_003336:175703 indel AGTG->A,GGTG,ACTGGTG (insdel/snv -3++0++3bp, in-frame)",lab_b,5,16,16,15,1,,,,False,allele classes too small (15/1)
OM429_003336,175703,"OM429_003336:175703 indel AGTG->A,GGTG,ACTGGTG (insdel/snv -3++0++3bp, in-frame)",lab_b,6,20,20,12,8,-0.23266104365809018,0.2869450245800817,0.42805966211533586,True,
OM429_003336,175715,"OM429_003336:175715 indel G->GTT (ins +2bp, frameshift)",chroma,1,75,75,75,0,,,,False,allele classes too small (75/0)
OM429_003336,175715,"OM429_003336:175715 indel G->GTT (ins +2bp, frameshift)",chroma,2,12,12,12,0,,,,False,allele classes too small (12/0)
OM429_003336,175715,"OM429_003336:175715 indel G->GTT (ins +2bp, frameshift)",chroma,3,11,11,10,1,,,,False,allele classes too small (10/1)
OM429_003336,175715,"OM429_003336:175715 indel G->GTT (ins +2bp, frameshift)",chroma,4,37,37,37,0,,,,False,allele classes too small (37/0)
OM429_003336,175715,"OM429_003336:175715 indel G->GTT (ins +2bp, frameshift)",chroma,5,16,16,15,1,,,,False,allele classes too small (15/1)
OM429_003336,175715,"OM429_003336:175715 indel G->GTT (ins +2bp, frameshift)",chroma,6,20,20,20,0,,,,False,allele classes too small (20/0)
OM429_003336,175715,"OM429_003336:175715 indel G->GTT (ins +2bp, frameshift)",sat,1,75,75,75,0,,,,False,allele classes too small (75/0)
OM429_003336,175715,"OM429_003336:175715 indel G->GTT (ins +2bp, frameshift)",sat,2,12,12,12,0,,,,False,allele classes too small (12/0)
OM429_003336,175715,"OM429_003336:175715 indel G->GTT (ins +2bp, frameshift)",sat,3,11,11,10,1,,,,False,allele classes too small (10/1)
OM429_003336,175715,"OM429_003336:175715 indel G->GTT (ins +2bp, frameshift)",sat,4,37,37,37,0,,,,False,allele classes too small (37/0)
OM429_003336,175715,"OM429_003336:175715 indel G->GTT (ins +2bp, frameshift)",sat,5,16,16,15,1,,,,False,allele classes too small (15/1)
OM429_003336,175715,"OM429_003336:175715 indel G->GTT (ins +2bp, frameshift)",sat,6,20,20,20,0,,,,False,allele classes too small (20/0)
OM429_003336,175715,"OM429_003336:175715 indel G->GTT (ins +2bp, frameshift)",bright,1,75,75,75,0,,,,False,allele classes too small (75/0)
OM429_003336,175715,"OM429_003336:175715 indel G->GTT (ins +2bp, frameshift)",bright,2,12,12,12,0,,,,False,allele classes too small (12/0)
OM429_003336,175715,"OM429_003336:175715 indel G->GTT (ins +2bp, frameshift)",bright,3,11,11,10,1,,,,False,allele classes too small (10/1)
OM429_003336,175715,"OM429_003336:175715 indel G->GTT (ins +2bp, frameshift)",bright,4,37,37,37,0,,,,False,allele classes too small (37/0)
OM429_003336,175715,"OM429_003336:175715 indel G->GTT (ins +2bp, frameshift)",bright,5,16,16,15,1,,,,False,allele classes too small (15/1)
OM429_003336,175715,"OM429_003336:175715 indel G->GTT (ins +2bp, frameshift)",bright,6,20,20,20,0,,,,False,allele classes too small (20/0)
OM429_003336,175715,"OM429_003336:175715 indel G->GTT (ins +2bp, frameshift)",lab_L,1,75,75,75,0,,,,False,allele classes too small (75/0)
OM429_003336,175715,"OM429_003336:175715 indel G->GTT (ins +2bp, frameshift)",lab_L,2,12,12,12,0,,,,False,allele classes too small (12/0)
OM429_003336,175715,"OM429_003336:175715 indel G->GTT (ins +2bp, frameshift)",lab_L,3,11,11,10,1,,,,False,allele classes too small (10/1)
OM429_003336,175715,"OM429_003336:175715 indel G->GTT (ins +2bp, frameshift)",lab_L,4,37,37,37,0,,,,False,allele classes too small (37/0)
OM429_003336,175715,"OM429_003336:175715 indel G->GTT (ins +2bp, frameshift)",lab_L,5,16,16,15,1,,,,False,allele classes too small (15/1)
OM429_003336,175715,"OM429_003336:175715 indel G->GTT (ins +2bp, frameshift)",lab_L,6,20,20,20,0,,,,False,allele classes too small (20/0)
OM429_003336,175715,"OM429_003336:175715 indel G->GTT (ins +2bp, frameshift)",lab_a,1,75,75,75,0,,,,False,allele classes too small (75/0)
OM429_003336,175715,"OM429_003336:175715 indel G->GTT (ins +2bp, frameshift)",lab_a,2,12,12,12,0,,,,False,allele classes too small (12/0)
OM429_003336,175715,"OM429_003336:175715 indel G->GTT (ins +2bp, frameshift)",lab_a,3,11,11,10,1,,,,False,allele classes too small (10/1)
OM429_003336,175715,"OM429_003336:175715 indel G->GTT (ins +2bp, frameshift)",lab_a,4,37,37,37,0,,,,False,allele classes too small (37/0)
OM429_003336,175715,"OM429_003336:175715 indel G->GTT (ins +2bp, frameshift)",lab_a,5,16,16,15,1,,,,False,allele classes too small (15/1)
OM429_003336,175715,"OM429_003336:175715 indel G->GTT (ins +2bp, frameshift)",lab_a,6,20,20,20,0,,,,False,allele classes too small (20/0)
OM429_003336,175715,"OM429_003336:175715 indel G->GTT (ins +2bp, frameshift)",lab_b,1,75,75,75,0,,,,False,allele classes too small (75/0)
OM429_003336,175715,"OM429_003336:175715 indel G->GTT (ins +2bp, frameshift)",lab_b,2,12,12,12,0,,,,False,allele classes too small (12/0)
OM429_003336,175715,"OM429_003336:175715 indel G->GTT (ins +2bp, frameshift)",lab_b,3,11,11,10,1,,,,False,allele classes too small (10/1)
OM429_003336,175715,"OM429_003336:175715 indel G->GTT (ins +2bp, frameshift)",lab_b,4,37,37,37,0,,,,False,allele classes too small (37/0)
OM429_003336,175715,"OM429_003336:175715 indel G->GTT (ins +2bp, frameshift)",lab_b,5,16,16,15,1,,,,False,allele classes too small (15/1)
OM429_003336,175715,"OM429_003336:175715 indel G->GTT (ins +2bp, frameshift)",lab_b,6,20,20,20,0,,,,False,allele classes too small (20/0)
OM429_003336,175716,"OM429_003336:175716 indel G->GA (ins +1bp, frameshift)",chroma,1,75,75,75,0,,,,False,allele classes too small (75/0)
OM429_003336,175716,"OM429_003336:175716 indel G->GA (ins +1bp, frameshift)",chroma,2,12,12,12,0,,,,False,allele classes too small (12/0)
OM429_003336,175716,"OM429_003336:175716 indel G->GA (ins +1bp, frameshift)",chroma,3,11,11,10,1,,,,False,allele classes too small (10/1)
OM429_003336,175716,"OM429_003336:175716 indel G->GA (ins +1bp, frameshift)",chroma,4,37,37,37,0,,,,False,allele classes too small (37/0)
OM429_003336,175716,"OM429_003336:175716 indel G->GA (ins +1bp, frameshift)",chroma,5,16,16,15,1,,,,False,allele classes too small (15/1)
OM429_003336,175716,"OM429_003336:175716 indel G->GA (ins +1bp, frameshift)",chroma,6,20,20,20,0,,,,False,allele classes too small (20/0)
OM429_003336,175716,"OM429_003336:175716 indel G->GA (ins +1bp, frameshift)",sat,1,75,75,75,0,,,,False,allele classes too small (75/0)
OM429_003336,175716,"OM429_003336:175716 indel G->GA (ins +1bp, frameshift)",sat,2,12,12,12,0,,,,False,allele classes too small (12/0)
OM429_003336,175716,"OM429_003336:175716 indel G->GA (ins +1bp, frameshift)",sat,3,11,11,10,1,,,,False,allele classes too small (10/1)
OM429_003336,175716,"OM429_003336:175716 indel G->GA (ins +1bp, frameshift)",sat,4,37,37,37,0,,,,False,allele classes too small (37/0)
OM429_003336,175716,"OM429_003336:175716 indel G->GA (ins +1bp, frameshift)",sat,5,16,16,15,1,,,,False,allele classes too small (15/1)
OM429_003336,175716,"OM429_003336:175716 indel G->GA (ins +1bp, frameshift)",sat,6,20,20,20,0,,,,False,allele classes too small (20/0)
OM429_003336,175716,"OM429_003336:175716 indel G->GA (ins +1bp, frameshift)",bright,1,75,75,75,0,,,,False,allele classes too small (75/0)
OM429_003336,175716,"OM429_003336:175716 indel G->GA (ins +1bp, frameshift)",bright,2,12,12,12,0,,,,False,allele classes too small (12/0)
OM429_003336,175716,"OM429_003336:175716 indel G->GA (ins +1bp, frameshift)",bright,3,11,11,10,1,,,,False,allele classes too small (10/1)
OM429_003336,175716,"OM429_003336:175716 indel G->GA (ins +1bp, frameshift)",bright,4,37,37,37,0,,,,False,allele classes too small (37/0)
OM429_003336,175716,"OM429_003336:175716 indel G->GA (ins +1bp, frameshift)",bright,5,16,16,15,1,,,,False,allele classes too small (15/1)
OM429_003336,175716,"OM429_003336:175716 indel G->GA (ins +1bp, frameshift)",bright,6,20,20,20,0,,,,False,allele classes too small (20/0)
OM429_003336,175716,"OM429_003336:175716 indel G->GA (ins +1bp, frameshift)",lab_L,1,75,75,75,0,,,,False,allele classes too small (75/0)
OM429_003336,175716,"OM429_003336:175716 indel G->GA (ins +1bp, frameshift)",lab_L,2,12,12,12,0,,,,False,allele classes too small (12/0)
OM429_003336,175716,"OM429_003336:175716 indel G->GA (ins +1bp, frameshift)",lab_L,3,11,11,10,1,,,,False,allele classes too small (10/1)
OM429_003336,175716,"OM429_003336:175716 indel G->GA (ins +1bp, frameshift)",lab_L,4,37,37,37,0,,,,False,allele classes too small (37/0)
OM429_003336,175716,"OM429_003336:175716 indel G->GA (ins +1bp, frameshift)",lab_L,5,16,16,15,1,,,,False,allele classes too small (15/1)
OM429_003336,175716,"OM429_003336:175716 indel G->GA (ins +1bp, frameshift)",lab_L,6,20,20,20,0,,,,False,allele classes too small (20/0)
OM429_003336,175716,"OM429_003336:175716 indel G->GA (ins +1bp, frameshift)",lab_a,1,75,75,75,0,,,,False,allele classes too small (75/0)
OM429_003336,175716,"OM429_003336:175716 indel G->GA (ins +1bp, frameshift)",lab_a,2,12,12,12,0,,,,False,allele classes too small (12/0)
OM429_003336,175716,"OM429_003336:175716 indel G->GA (ins +1bp, frameshift)",lab_a,3,11,11,10,1,,,,False,allele classes too small (10/1)
OM429_003336,175716,"OM429_003336:175716 indel G->GA (ins +1bp, frameshift)",lab_a,4,37,37,37,0,,,,False,allele classes too small (37/0)
OM429_003336,175716,"OM429_003336:175716 indel G->GA (ins +1bp, frameshift)",lab_a,5,16,16,15,1,,,,False,allele classes too small (15/1)
OM429_003336,175716,"OM429_003336:175716 indel G->GA (ins +1bp, frameshift)",lab_a,6,20,20,20,0,,,,False,allele classes too small (20/0)
OM429_003336,175716,"OM429_003336:175716 indel G->GA (ins +1bp, frameshift)",lab_b,1,75,75,75,0,,,,False,allele classes too small (75/0)
OM429_003336,175716,"OM429_003336:175716 indel G->GA (ins +1bp, frameshift)",lab_b,2,12,12,12,0,,,,False,allele classes too small (12/0)
OM429_003336,175716,"OM429_003336:175716 indel G->GA (ins +1bp, frameshift)",lab_b,3,11,11,10,1,,,,False,allele classes too small (10/1)
OM429_003336,175716,"OM429_003336:175716 indel G->GA (ins +1bp, frameshift)",lab_b,4,37,37,37,0,,,,False,allele classes too small (37/0)
OM429_003336,175716,"OM429_003336:175716 indel G->GA (ins +1bp, frameshift)",lab_b,5,16,16,15,1,,,,False,allele classes too small (15/1)
OM429_003336,175716,"OM429_003336:175716 indel G->GA (ins +1bp, frameshift)",lab_b,6,20,20,20,0,,,,False,allele classes too small (20/0)
OM429_003336,175720,"OM429_003336:175720 indel TGC->GGC,T,TGGC (insdel/snv -2++0++1bp, frameshift)",chroma,1,75,75,75,0,,,,False,allele classes too small (75/0)
OM429_003336,175720,"OM429_003336:175720 indel TGC->GGC,T,TGGC (insdel/snv -2++0++1bp, frameshift)",chroma,2,12,12,12,0,,,,False,allele classes too small (12/0)
OM429_003336,175720,"OM429_003336:175720 indel TGC->GGC,T,TGGC (insdel/snv -2++0++1bp, frameshift)",chroma,3,11,11,11,0,,,,False,allele classes too small (11/0)
OM429_003336,175720,"OM429_003336:175720 indel TGC->GGC,T,TGGC (insdel/snv -2++0++1bp, frameshift)",chroma,4,37,37,37,0,,,,False,allele classes too small (37/0)
OM429_003336,175720,"OM429_003336:175720 indel TGC->GGC,T,TGGC (insdel/snv -2++0++1bp, frameshift)",chroma,5,16,16,9,7,-0.7445393030494399,1.1155497152776743,0.5153557666137211,True,
OM429_003336,175720,"OM429_003336:175720 indel TGC->GGC,T,TGGC (insdel/snv -2++0++1bp, frameshift)",chroma,6,20,20,20,0,,,,False,allele classes too small (20/0)
OM429_003336,175720,"OM429_003336:175720 indel TGC->GGC,T,TGGC (insdel/snv -2++0++1bp, frameshift)",sat,1,75,75,75,0,,,,False,allele classes too small (75/0)
OM429_003336,175720,"OM429_003336:175720 indel TGC->GGC,T,TGGC (insdel/snv -2++0++1bp, frameshift)",sat,2,12,12,12,0,,,,False,allele classes too small (12/0)
OM429_003336,175720,"OM429_003336:175720 indel TGC->GGC,T,TGGC (insdel/snv -2++0++1bp, frameshift)",sat,3,11,11,11,0,,,,False,allele classes too small (11/0)
OM429_003336,175720,"OM429_003336:175720 indel TGC->GGC,T,TGGC (insdel/snv -2++0++1bp, frameshift)",sat,4,37,37,37,0,,,,False,allele classes too small (37/0)
OM429_003336,175720,"OM429_003336:175720 indel TGC->GGC,T,TGGC (insdel/snv -2++0++1bp, frameshift)",sat,5,16,16,9,7,-0.02296869333969016,0.027541518035760968,0.41830273153585446,True,
OM429_003336,175720,"OM429_003336:175720 indel TGC->GGC,T,TGGC (insdel/snv -2++0++1bp, frameshift)",sat,6,20,20,20,0,,,,False,allele classes too small (20/0)
OM429_003336,175720,"OM429_003336:175720 indel TGC->GGC,T,TGGC (insdel/snv -2++0++1bp, frameshift)",bright,1,75,75,75,0,,,,False,allele classes too small (75/0)
OM429_003336,175720,"OM429_003336:175720 indel TGC->GGC,T,TGGC (insdel/snv -2++0++1bp, frameshift)",bright,2,12,12,12,0,,,,False,allele classes too small (12/0)
OM429_003336,175720,"OM429_003336:175720 indel TGC->GGC,T,TGGC (insdel/snv -2++0++1bp, frameshift)",bright,3,11,11,11,0,,,,False,allele classes too small (11/0)
OM429_003336,175720,"OM429_003336:175720 indel TGC->GGC,T,TGGC (insdel/snv -2++0++1bp, frameshift)",bright,4,37,37,37,0,,,,False,allele classes too small (37/0)
OM429_003336,175720,"OM429_003336:175720 indel TGC->GGC,T,TGGC (insdel/snv -2++0++1bp, frameshift)",bright,5,16,16,9,7,-0.00890716641174412,0.01682824542501811,0.6048902219454455,True,
OM429_003336,175720,"OM429_003336:175720 indel TGC->GGC,T,TGGC (insdel/snv -2++0++1bp, frameshift)",bright,6,20,20,20,0,,,,False,allele classes too small (20/0)
OM429_003336,175720,"OM429_003336:175720 indel TGC->GGC,T,TGGC (insdel/snv -2++0++1bp, frameshift)",lab_L,1,75,75,75,0,,,,False,allele classes too small (75/0)
OM429_003336,175720,"OM429_003336:175720 indel TGC->GGC,T,TGGC (insdel/snv -2++0++1bp, frameshift)",lab_L,2,12,12,12,0,,,,False,allele classes too small (12/0)
OM429_003336,175720,"OM429_003336:175720 indel TGC->GGC,T,TGGC (insdel/snv -2++0++1bp, frameshift)",lab_L,3,11,11,11,0,,,,False,allele classes too small (11/0)
OM429_003336,175720,"OM429_003336:175720 indel TGC->GGC,T,TGGC (insdel/snv -2++0++1bp, frameshift)",lab_L,4,37,37,37,0,,,,False,allele classes too small (37/0)
OM429_003336,175720,"OM429_003336:175720 indel TGC->GGC,T,TGGC (insdel/snv -2++0++1bp, frameshift)",lab_L,5,16,16,9,7,0.0892475852931394,0.5147356835315507,0.864830524863236,True,
OM429_003336,175720,"OM429_003336:175720 indel TGC->GGC,T,TGGC (insdel/snv -2++0++1bp, frameshift)",lab_L,6,20,20,20,0,,,,False,allele classes too small (20/0)
OM429_003336,175720,"OM429_003336:175720 indel TGC->GGC,T,TGGC (insdel/snv -2++0++1bp, frameshift)",lab_a,1,75,75,75,0,,,,False,allele classes too small (75/0)
OM429_003336,175720,"OM429_003336:175720 indel TGC->GGC,T,TGGC (insdel/snv -2++0++1bp, frameshift)",lab_a,2,12,12,12,0,,,,False,allele classes too small (12/0)
OM429_003336,175720,"OM429_003336:175720 indel TGC->GGC,T,TGGC (insdel/snv -2++0++1bp, frameshift)",lab_a,3,11,11,11,0,,,,False,allele classes too small (11/0)
OM429_003336,175720,"OM429_003336:175720 indel TGC->GGC,T,TGGC (insdel/snv -2++0++1bp, frameshift)",lab_a,4,37,37,37,0,,,,False,allele classes too small (37/0)
OM429_003336,175720,"OM429_003336:175720 indel TGC->GGC,T,TGGC (insdel/snv -2++0++1bp, frameshift)",lab_a,5,16,16,9,7,-0.2780483426662764,0.9809396496263028,0.7809795626154393,True,
OM429_003336,175720,"OM429_003336:175720 indel TGC->GGC,T,TGGC (insdel/snv -2++0++1bp, frameshift)",lab_a,6,20,20,20,0,,,,False,allele classes too small (20/0)
OM429_003336,175720,"OM429_003336:175720 indel TGC->GGC,T,TGGC (insdel/snv -2++0++1bp, frameshift)",lab_b,1,75,75,75,0,,,,False,allele classes too small (75/0)
OM429_003336,175720,"OM429_003336:175720 indel TGC->GGC,T,TGGC (insdel/snv -2++0++1bp, frameshift)",lab_b,2,12,12,12,0,,,,False,allele classes too small (12/0)
OM429_003336,175720,"OM429_003336:175720 indel TGC->GGC,T,TGGC (insdel/snv -2++0++1bp, frameshift)",lab_b,3,11,11,11,0,,,,False,allele classes too small (11/0)
OM429_003336,175720,"OM429_003336:175720 indel TGC->GGC,T,TGGC (insdel/snv -2++0++1bp, frameshift)",lab_b,4,37,37,37,0,,,,False,allele classes too small (37/0)
OM429_003336,175720,"OM429_003336:175720 indel TGC->GGC,T,TGGC (insdel/snv -2++0++1bp, frameshift)",lab_b,5,16,16,9,7,-0.9821402684503635,0.8807724517573822,0.28358810981506255,True,
OM429_003336,175720,"OM429_003336:175720 indel TGC->GGC,T,TGGC (insdel/snv -2++0++1bp, frameshift)",lab_b,6,20,20,20,0,,,,False,allele classes too small (20/0)
OM429_003336,175721,"OM429_003336:175721 indel G->GCGACGA,* (insdel/snv +0++6bp, in-frame)",chroma,1,75,75,75,0,,,,False,allele classes too small (75/0)
OM429_003336,175721,"OM429_003336:175721 indel G->GCGACGA,* (insdel/snv +0++6bp, in-frame)",chroma,2,12,12,12,0,,,,False,allele classes too small (12/0)
OM429_003336,175721,"OM429_003336:175721 indel G->GCGACGA,* (insdel/snv +0++6bp, in-frame)",chroma,3,11,11,11,0,,,,False,allele classes too small (11/0)
OM429_003336,175721,"OM429_003336:175721 indel G->GCGACGA,* (insdel/snv +0++6bp, in-frame)",chroma,4,37,37,37,0,,,,False,allele classes too small (37/0)
OM429_003336,175721,"OM429_003336:175721 indel G->GCGACGA,* (insdel/snv +0++6bp, in-frame)",chroma,5,16,16,9,7,-0.7445393030494399,1.1155497152776743,0.5153557666137211,True,
OM429_003336,175721,"OM429_003336:175721 indel G->GCGACGA,* (insdel/snv +0++6bp, in-frame)",chroma,6,20,20,20,0,,,,False,allele classes too small (20/0)
OM429_003336,175721,"OM429_003336:175721 indel G->GCGACGA,* (insdel/snv +0++6bp, in-frame)",sat,1,75,75,75,0,,,,False,allele classes too small (75/0)
OM429_003336,175721,"OM429_003336:175721 indel G->GCGACGA,* (insdel/snv +0++6bp, in-frame)",sat,2,12,12,12,0,,,,False,allele classes too small (12/0)
OM429_003336,175721,"OM429_003336:175721 indel G->GCGACGA,* (insdel/snv +0++6bp, in-frame)",sat,3,11,11,11,0,,,,False,allele classes too small (11/0)
OM429_003336,175721,"OM429_003336:175721 indel G->GCGACGA,* (insdel/snv +0++6bp, in-frame)",sat,4,37,37,37,0,,,,False,allele classes too small (37/0)
OM429_003336,175721,"OM429_003336:175721 indel G->GCGACGA,* (insdel/snv +0++6bp, in-frame)",sat,5,16,16,9,7,-0.02296869333969016,0.027541518035760968,0.41830273153585446,True,
OM429_003336,175721,"OM429_003336:175721 indel G->GCGACGA,* (insdel/snv +0++6bp, in-frame)",sat,6,20,20,20,0,,,,False,allele classes too small (20/0)
OM429_003336,175721,"OM429_003336:175721 indel G->GCGACGA,* (insdel/snv +0++6bp, in-frame)",bright,1,75,75,75,0,,,,False,allele classes too small (75/0)
OM429_003336,175721,"OM429_003336:175721 indel G->GCGACGA,* (insdel/snv +0++6bp, in-frame)",bright,2,12,12,12,0,,,,False,allele classes too small (12/0)
OM429_003336,175721,"OM429_003336:175721 indel G->GCGACGA,* (insdel/snv +0++6bp, in-frame)",bright,3,11,11,11,0,,,,False,allele classes too small (11/0)
OM429_003336,175721,"OM429_003336:175721 indel G->GCGACGA,* (insdel/snv +0++6bp, in-frame)",bright,4,37,37,37,0,,,,False,allele classes too small (37/0)
OM429_003336,175721,"OM429_003336:175721 indel G->GCGACGA,* (insdel/snv +0++6bp, in-frame)",bright,5,16,16,9,7,-0.00890716641174412,0.01682824542501811,0.6048902219454455,True,
OM429_003336,175721,"OM429_003336:175721 indel G->GCGACGA,* (insdel/snv +0++6bp, in-frame)",bright,6,20,20,20,0,,,,False,allele classes too small (20/0)
OM429_003336,175721,"OM429_003336:175721 indel G->GCGACGA,* (insdel/snv +0++6bp, in-frame)",lab_L,1,75,75,75,0,,,,False,allele classes too small (75/0)
OM429_003336,175721,"OM429_003336:175721 indel G->GCGACGA,* (insdel/snv +0++6bp, in-frame)",lab_L,2,12,12,12,0,,,,False,allele classes too small (12/0)
OM429_003336,175721,"OM429_003336:175721 indel G->GCGACGA,* (insdel/snv +0++6bp, in-frame)",lab_L,3,11,11,11,0,,,,False,allele classes too small (11/0)
OM429_003336,175721,"OM429_003336:175721 indel G->GCGACGA,* (insdel/snv +0++6bp, in-frame)",lab_L,4,37,37,37,0,,,,False,allele classes too small (37/0)
OM429_003336,175721,"OM429_003336:175721 indel G->GCGACGA,* (insdel/snv +0++6bp, in-frame)",lab_L,5,16,16,9,7,0.0892475852931394,0.5147356835315507,0.864830524863236,True,
OM429_003336,175721,"OM429_003336:175721 indel G->GCGACGA,* (insdel/snv +0++6bp, in-frame)",lab_L,6,20,20,20,0,,,,False,allele classes too small (20/0)
OM429_003336,175721,"OM429_003336:175721 indel G->GCGACGA,* (insdel/snv +0++6bp, in-frame)",lab_a,1,75,75,75,0,,,,False,allele classes too small (75/0)
OM429_003336,175721,"OM429_003336:175721 indel G->GCGACGA,* (insdel/snv +0++6bp, in-frame)",lab_a,2,12,12,12,0,,,,False,allele classes too small (12/0)
OM429_003336,175721,"OM429_003336:175721 indel G->GCGACGA,* (insdel/snv +0++6bp, in-frame)",lab_a,3,11,11,11,0,,,,False,allele classes too small (11/0)
OM429_003336,175721,"OM429_003336:175721 indel G->GCGACGA,* (insdel/snv +0++6bp, in-frame)",lab_a,4,37,37,37,0,,,,False,allele classes too small (37/0)
OM429_003336,175721,"OM429_003336:175721 indel G->GCGACGA,* (insdel/snv +0++6bp, in-frame)",lab_a,5,16,16,9,7,-0.2780483426662764,0.9809396496263028,0.7809795626154393,True,
OM429_003336,175721,"OM429_003336:175721 indel G->GCGACGA,* (insdel/snv +0++6bp, in-frame)",lab_a,6,20,20,20,0,,,,False,allele classes too small (20/0)
OM429_003336,175721,"OM429_003336:175721 indel G->GCGACGA,* (insdel/snv +0++6bp, in-frame)",lab_b,1,75,75,75,0,,,,False,allele classes too small (75/0)
OM429_003336,175721,"OM429_003336:175721 indel G->GCGACGA,* (insdel/snv +0++6bp, in-frame)",lab_b,2,12,12,12,0,,,,False,allele classes too small (12/0)
OM429_003336,175721,"OM429_003336:175721 indel G->GCGACGA,* (insdel/snv +0++6bp, in-frame)",lab_b,3,11,11,11,0,,,,False,allele classes too small (11/0)
OM429_003336,175721,"OM429_003336:175721 indel G->GCGACGA,* (insdel/snv +0++6bp, in-frame)",lab_b,4,37,37,37,0,,,,False,allele classes too small (37/0)
OM429_003336,175721,"OM429_003336:175721 indel G->GCGACGA,* (insdel/snv +0++6bp, in-frame)",lab_b,5,16,16,9,7,-0.9821402684503635,0.8807724517573822,0.28358810981506255,True,
OM429_003336,175721,"OM429_003336:175721 indel G->GCGACGA,* (insdel/snv +0++6bp, in-frame)",lab_b,6,20,20,20,0,,,,False,allele classes too small (20/0)
OM429_003336,175723,"OM429_003336:175723 indel GGCGC->G (del -4bp, frameshift)",chroma,1,75,75,75,0,,,,False,allele classes too small (75/0)
OM429_003336,175723,"OM429_003336:175723 indel GGCGC->G (del -4bp, frameshift)",chroma,2,12,12,12,0,,,,False,allele classes too small (12/0)
OM429_003336,175723,"OM429_003336:175723 indel GGCGC->G (del -4bp, frameshift)",chroma,3,11,11,10,1,,,,False,allele classes too small (10/1)
OM429_003336,175723,"OM429_003336:175723 indel GGCGC->G (del -4bp, frameshift)",chroma,4,37,37,37,0,,,,False,allele classes too small (37/0)
OM429_003336,175723,"OM429_003336:175723 indel GGCGC->G (del -4bp, frameshift)",chroma,5,16,16,16,0,,,,False,allele classes too small (16/0)
OM429_003336,175723,"OM429_003336:175723 indel GGCGC->G (del -4bp, frameshift)",chroma,6,20,20,20,0,,,,False,allele classes too small (20/0)
OM429_003336,175723,"OM429_003336:175723 indel GGCGC->G (del -4bp, frameshift)",sat,1,75,75,75,0,,,,False,allele classes too small (75/0)
OM429_003336,175723,"OM429_003336:175723 indel GGCGC->G (del -4bp, frameshift)",sat,2,12,12,12,0,,,,False,allele classes too small (12/0)
OM429_003336,175723,"OM429_003336:175723 indel GGCGC->G (del -4bp, frameshift)",sat,3,11,11,10,1,,,,False,allele classes too small (10/1)
OM429_003336,175723,"OM429_003336:175723 indel GGCGC->G (del -4bp, frameshift)",sat,4,37,37,37,0,,,,False,allele classes too small (37/0)
OM429_003336,175723,"OM429_003336:175723 indel GGCGC->G (del -4bp, frameshift)",sat,5,16,16,16,0,,,,False,allele classes too small (16/0)
OM429_003336,175723,"OM429_003336:175723 indel GGCGC->G (del -4bp, frameshift)",sat,6,20,20,20,0,,,,False,allele classes too small (20/0)
OM429_003336,175723,"OM429_003336:175723 indel GGCGC->G (del -4bp, frameshift)",bright,1,75,75,75,0,,,,False,allele classes too small (75/0)
OM429_003336,175723,"OM429_003336:175723 indel GGCGC->G (del -4bp, frameshift)",bright,2,12,12,12,0,,,,False,allele classes too small (12/0)
OM429_003336,175723,"OM429_003336:175723 indel GGCGC->G (del -4bp, frameshift)",bright,3,11,11,10,1,,,,False,allele classes too small (10/1)
OM429_003336,175723,"OM429_003336:175723 indel GGCGC->G (del -4bp, frameshift)",bright,4,37,37,37,0,,,,False,allele classes too small (37/0)
OM429_003336,175723,"OM429_003336:175723 indel GGCGC->G (del -4bp, frameshift)",bright,5,16,16,16,0,,,,False,allele classes too small (16/0)
OM429_003336,175723,"OM429_003336:175723 indel GGCGC->G (del -4bp, frameshift)",bright,6,20,20,20,0,,,,False,allele classes too small (20/0)
OM429_003336,175723,"OM429_003336:175723 indel GGCGC->G (del -4bp, frameshift)",lab_L,1,75,75,75,0,,,,False,allele classes too small (75/0)
OM429_003336,175723,"OM429_003336:175723 indel GGCGC->G (del -4bp, frameshift)",lab_L,2,12,12,12,0,,,,False,allele classes too small (12/0)
OM429_003336,175723,"OM429_003336:175723 indel GGCGC->G (del -4bp, frameshift)",lab_L,3,11,11,10,1,,,,False,allele classes too small (10/1)
OM429_003336,175723,"OM429_003336:175723 indel GGCGC->G (del -4bp, frameshift)",lab_L,4,37,37,37,0,,,,False,allele classes too small (37/0)
OM429_003336,175723,"OM429_003336:175723 indel GGCGC->G (del -4bp, frameshift)",lab_L,5,16,16,16,0,,,,False,allele classes too small (16/0)
OM429_003336,175723,"OM429_003336:175723 indel GGCGC->G (del -4bp, frameshift)",lab_L,6,20,20,20,0,,,,False,allele classes too small (20/0)
OM429_003336,175723,"OM429_003336:175723 indel GGCGC->G (del -4bp, frameshift)",lab_a,1,75,75,75,0,,,,False,allele classes too small (75/0)
OM429_003336,175723,"OM429_003336:175723 indel GGCGC->G (del -4bp, frameshift)",lab_a,2,12,12,12,0,,,,False,allele classes too small (12/0)
OM429_003336,175723,"OM429_003336:175723 indel GGCGC->G (del -4bp, frameshift)",lab_a,3,11,11,10,1,,,,False,allele classes too small (10/1)
OM429_003336,175723,"OM429_003336:175723 indel GGCGC->G (del -4bp, frameshift)",lab_a,4,37,37,37,0,,,,False,allele classes too small (37/0)
OM429_003336,175723,"OM429_003336:175723 indel GGCGC->G (del -4bp, frameshift)",lab_a,5,16,16,16,0,,,,False,allele classes too small (16/0)
OM429_003336,175723,"OM429_003336:175723 indel GGCGC->G (del -4bp, frameshift)",lab_a,6,20,20,20,0,,,,False,allele classes too small (20/0)
OM429_003336,175723,"OM429_003336:175723 indel GGCGC->G (del -4bp, frameshift)",lab_b,1,75,75,75,0,,,,False,allele classes too small (75/0)
OM429_003336,175723,"OM429_003336:175723 indel GGCGC->G (del -4bp, frameshift)",lab_b,2,12,12,12,0,,,,False,allele classes too small (12/0)
OM429_003336,175723,"OM429_003336:175723 indel GGCGC->G (del -4bp, frameshift)",lab_b,3,11,11,10,1,,,,False,allele classes too small (10/1)
OM429_003336,175723,"OM429_003336:175723 indel GGCGC->G (del -4bp, frameshift)",lab_b,4,37,37,37,0,,,,False,allele classes too small (37/0)
OM429_003336,175723,"OM429_003336:175723 indel GGCGC->G (del -4bp, frameshift)",lab_b,5,16,16,16,0,,,,False,allele classes too small (16/0)
OM429_003336,175723,"OM429_003336:175723 indel GGCGC->G (del -4bp, frameshift)",lab_b,6,20,20,20,0,,,,False,allele classes too small (20/0)
OM429_003336,175724,"OM429_003336:175724 indel GCGCT->*,G (del -4bp, frameshift)",chroma,1,75,75,75,0,,,,False,allele classes too small (75/0)
OM429_003336,175724,"OM429_003336:175724 indel GCGCT->*,G (del -4bp, frameshift)",chroma,2,12,12,12,0,,,,False,allele classes too small (12/0)
OM429_003336,175724,"OM429_003336:175724 indel GCGCT->*,G (del -4bp, frameshift)",chroma,3,11,11,10,1,,,,False,allele classes too small (10/1)
OM429_003336,175724,"OM429_003336:175724 indel GCGCT->*,G (del -4bp, frameshift)",chroma,4,37,37,37,0,,,,False,allele classes too small (37/0)
OM429_003336,175724,"OM429_003336:175724 indel GCGCT->*,G (del -4bp, frameshift)",chroma,5,16,16,16,0,,,,False,allele classes too small (16/0)
OM429_003336,175724,"OM429_003336:175724 indel GCGCT->*,G (del -4bp, frameshift)",chroma,6,20,20,20,0,,,,False,allele classes too small (20/0)
OM429_003336,175724,"OM429_003336:175724 indel GCGCT->*,G (del -4bp, frameshift)",sat,1,75,75,75,0,,,,False,allele classes too small (75/0)
OM429_003336,175724,"OM429_003336:175724 indel GCGCT->*,G (del -4bp, frameshift)",sat,2,12,12,12,0,,,,False,allele classes too small (12/0)
OM429_003336,175724,"OM429_003336:175724 indel GCGCT->*,G (del -4bp, frameshift)",sat,3,11,11,10,1,,,,False,allele classes too small (10/1)
OM429_003336,175724,"OM429_003336:175724 indel GCGCT->*,G (del -4bp, frameshift)",sat,4,37,37,37,0,,,,False,allele classes too small (37/0)
OM429_003336,175724,"OM429_003336:175724 indel GCGCT->*,G (del -4bp, frameshift)",sat,5,16,16,16,0,,,,False,allele classes too small (16/0)
OM429_003336,175724,"OM429_003336:175724 indel GCGCT->*,G (del -4bp, frameshift)",sat,6,20,20,20,0,,,,False,allele classes too small (20/0)
OM429_003336,175724,"OM429_003336:175724 indel GCGCT->*,G (del -4bp, frameshift)",bright,1,75,75,75,0,,,,False,allele classes too small (75/0)
OM429_003336,175724,"OM429_003336:175724 indel GCGCT->*,G (del -4bp, frameshift)",bright,2,12,12,12,0,,,,False,allele classes too small (12/0)
OM429_003336,175724,"OM429_003336:175724 indel GCGCT->*,G (del -4bp, frameshift)",bright,3,11,11,10,1,,,,False,allele classes too small (10/1)
OM429_003336,175724,"OM429_003336:175724 indel GCGCT->*,G (del -4bp, frameshift)",bright,4,37,37,37,0,,,,False,allele classes too small (37/0)
OM429_003336,175724,"OM429_003336:175724 indel GCGCT->*,G (del -4bp, frameshift)",bright,5,16,16,16,0,,,,False,allele classes too small (16/0)
OM429_003336,175724,"OM429_003336:175724 indel GCGCT->*,G (del -4bp, frameshift)",bright,6,20,20,20,0,,,,False,allele classes too small (20/0)
OM429_003336,175724,"OM429_003336:175724 indel GCGCT->*,G (del -4bp, frameshift)",lab_L,1,75,75,75,0,,,,False,allele classes too small (75/0)
OM429_003336,175724,"OM429_003336:175724 indel GCGCT->*,G (del -4bp, frameshift)",lab_L,2,12,12,12,0,,,,False,allele classes too small (12/0)
OM429_003336,175724,"OM429_003336:175724 indel GCGCT->*,G (del -4bp, frameshift)",lab_L,3,11,11,10,1,,,,False,allele classes too small (10/1)
OM429_003336,175724,"OM429_003336:175724 indel GCGCT->*,G (del -4bp, frameshift)",lab_L,4,37,37,37,0,,,,False,allele classes too small (37/0)
OM429_003336,175724,"OM429_003336:175724 indel GCGCT->*,G (del -4bp, frameshift)",lab_L,5,16,16,16,0,,,,False,allele classes too small (16/0)
OM429_003336,175724,"OM429_003336:175724 indel GCGCT->*,G (del -4bp, frameshift)",lab_L,6,20,20,20,0,,,,False,allele classes too small (20/0)
OM429_003336,175724,"OM429_003336:175724 indel GCGCT->*,G (del -4bp, frameshift)",lab_a,1,75,75,75,0,,,,False,allele classes too small (75/0)
OM429_003336,175724,"OM429_003336:175724 indel GCGCT->*,G (del -4bp, frameshift)",lab_a,2,12,12,12,0,,,,False,allele classes too small (12/0)
OM429_003336,175724,"OM429_003336:175724 indel GCGCT->*,G (del -4bp, frameshift)",lab_a,3,11,11,10,1,,,,False,allele classes too small (10/1)
OM429_003336,175724,"OM429_003336:175724 indel GCGCT->*,G (del -4bp, frameshift)",lab_a,4,37,37,37,0,,,,False,allele classes too small (37/0)
OM429_003336,175724,"OM429_003336:175724 indel GCGCT->*,G (del -4bp, frameshift)",lab_a,5,16,16,16,0,,,,False,allele classes too small (16/0)
OM429_003336,175724,"OM429_003336:175724 indel GCGCT->*,G (del -4bp, frameshift)",lab_a,6,20,20,20,0,,,,False,allele classes too small (20/0)
OM429_003336,175724,"OM429_003336:175724 indel GCGCT->*,G (del -4bp, frameshift)",lab_b,1,75,75,75,0,,,,False,allele classes too small (75/0)
OM429_003336,175724,"OM429_003336:175724 indel GCGCT->*,G (del -4bp, frameshift)",lab_b,2,12,12,12,0,,,,False,allele classes too small (12/0)
OM429_003336,175724,"OM429_003336:175724 indel GCGCT->*,G (del -4bp, frameshift)",lab_b,3,11,11,10,1,,,,False,allele classes too small (10/1)
OM429_003336,175724,"OM429_003336:175724 indel GCGCT->*,G (del -4bp, frameshift)",lab_b,4,37,37,37,0,,,,False,allele classes too small (37/0)
OM429_003336,175724,"OM429_003336:175724 indel GCGCT->*,G (del -4bp, frameshift)",lab_b,5,16,16,16,0,,,,False,allele classes too small (16/0)
OM429_003336,175724,"OM429_003336:175724 indel GCGCT->*,G (del -4bp, frameshift)",lab_b,6,20,20,20,0,,,,False,allele classes too small (20/0)
OM429_003336,175728,"OM429_003336:175728 indel T->C,TTGAC,TGAC,* (insdel/snv +0++3++4bp, frameshift)",chroma,1,75,75,75,0,,,,False,allele classes too small (75/0)
OM429_003336,175728,"OM429_003336:175728 indel T->C,TTGAC,TGAC,* (insdel/snv +0++3++4bp, frameshift)",chroma,2,12,12,12,0,,,,False,allele classes too small (12/0)
OM429_003336,175728,"OM429_003336:175728 indel T->C,TTGAC,TGAC,* (insdel/snv +0++3++4bp, frameshift)",chroma,3,11,11,10,1,,,,False,allele classes too small (10/1)
OM429_003336,175728,"OM429_003336:175728 indel T->C,TTGAC,TGAC,* (insdel/snv +0++3++4bp, frameshift)",chroma,4,37,37,37,0,,,,False,allele classes too small (37/0)
OM429_003336,175728,"OM429_003336:175728 indel T->C,TTGAC,TGAC,* (insdel/snv +0++3++4bp, frameshift)",chroma,5,16,16,8,8,0.32403666680164434,1.1209297836350334,0.776757813362939,True,
OM429_003336,175728,"OM429_003336:175728 indel T->C,TTGAC,TGAC,* (insdel/snv +0++3++4bp, frameshift)",chroma,6,20,20,20,0,,,,False,allele classes too small (20/0)
OM429_003336,175728,"OM429_003336:175728 indel T->C,TTGAC,TGAC,* (insdel/snv +0++3++4bp, frameshift)",sat,1,75,75,75,0,,,,False,allele classes too small (75/0)
OM429_003336,175728,"OM429_003336:175728 indel T->C,TTGAC,TGAC,* (insdel/snv +0++3++4bp, frameshift)",sat,2,12,12,12,0,,,,False,allele classes too small (12/0)
OM429_003336,175728,"OM429_003336:175728 indel T->C,TTGAC,TGAC,* (insdel/snv +0++3++4bp, frameshift)",sat,3,11,11,10,1,,,,False,allele classes too small (10/1)
OM429_003336,175728,"OM429_003336:175728 indel T->C,TTGAC,TGAC,* (insdel/snv +0++3++4bp, frameshift)",sat,4,37,37,37,0,,,,False,allele classes too small (37/0)
OM429_003336,175728,"OM429_003336:175728 indel T->C,TTGAC,TGAC,* (insdel/snv +0++3++4bp, frameshift)",sat,5,16,16,8,8,0.009057985091585424,0.027891158459167988,0.7501632397119161,True,
OM429_003336,175728,"OM429_003336:175728 indel T->C,TTGAC,TGAC,* (insdel/snv +0++3++4bp, frameshift)",sat,6,20,20,20,0,,,,False,allele classes too small (20/0)
OM429_003336,175728,"OM429_003336:175728 indel T->C,TTGAC,TGAC,* (insdel/snv +0++3++4bp, frameshift)",bright,1,75,75,75,0,,,,False,allele classes too small (75/0)
OM429_003336,175728,"OM429_003336:175728 indel T->C,TTGAC,TGAC,* (insdel/snv +0++3++4bp, frameshift)",bright,2,12,12,12,0,,,,False,allele classes too small (12/0)
OM429_003336,175728,"OM429_003336:175728 indel T->C,TTGAC,TGAC,* (insdel/snv +0++3++4bp, frameshift)",bright,3,11,11,10,1,,,,False,allele classes too small (10/1)
OM429_003336,175728,"OM429_003336:175728 indel T->C,TTGAC,TGAC,* (insdel/snv +0++3++4bp, frameshift)",bright,4,37,37,37,0,,,,False,allele classes too small (37/0)
OM429_003336,175728,"OM429_003336:175728 indel T->C,TTGAC,TGAC,* (insdel/snv +0++3++4bp, frameshift)",bright,5,16,16,8,8,0.010861681734950793,0.016610736355820117,0.5237754593872012,True,
OM429_003336,175728,"OM429_003336:175728 indel T->C,TTGAC,TGAC,* (insdel/snv +0++3++4bp, frameshift)",bright,6,20,20,20,0,,,,False,allele classes too small (20/0)
OM429_003336,175728,"OM429_003336:175728 indel T->C,TTGAC,TGAC,* (insdel/snv +0++3++4bp, frameshift)",lab_L,1,75,75,75,0,,,,False,allele classes too small (75/0)
OM429_003336,175728,"OM429_003336:175728 indel T->C,TTGAC,TGAC,* (insdel/snv +0++3++4bp, frameshift)",lab_L,2,12,12,12,0,,,,False,allele classes too small (12/0)
OM429_003336,175728,"OM429_003336:175728 indel T->C,TTGAC,TGAC,* (insdel/snv +0++3++4bp, frameshift)",lab_L,3,11,11,10,1,,,,False,allele classes too small (10/1)
OM429_003336,175728,"OM429_003336:175728 indel T->C,TTGAC,TGAC,* (insdel/snv +0++3++4bp, frameshift)",lab_L,4,37,37,37,0,,,,False,allele classes too small (37/0)
OM429_003336,175728,"OM429_003336:175728 indel T->C,TTGAC,TGAC,* (insdel/snv +0++3++4bp, frameshift)",lab_L,5,16,16,8,8,0.43580138540825786,0.49780223648976274,0.39610045036177816,True,
OM429_003336,175728,"OM429_003336:175728 indel T->C,TTGAC,TGAC,* (insdel/snv +0++3++4bp, frameshift)",lab_L,6,20,20,20,0,,,,False,allele classes too small (20/0)
OM429_003336,175728,"OM429_003336:175728 indel T->C,TTGAC,TGAC,* (insdel/snv +0++3++4bp, frameshift)",lab_a,1,75,75,75,0,,,,False,allele classes too small (75/0)
OM429_003336,175728,"OM429_003336:175728 indel T->C,TTGAC,TGAC,* (insdel/snv +0++3++4bp, frameshift)",lab_a,2,12,12,12,0,,,,False,allele classes too small (12/0)
OM429_003336,175728,"OM429_003336:175728 indel T->C,TTGAC,TGAC,* (insdel/snv +0++3++4bp, frameshift)",lab_a,3,11,11,10,1,,,,False,allele classes too small (10/1)
OM429_003336,175728,"OM429_003336:175728 indel T->C,TTGAC,TGAC,* (insdel/snv +0++3++4bp, frameshift)",lab_a,4,37,37,37,0,,,,False,allele classes too small (37/0)
OM429_003336,175728,"OM429_003336:175728 indel T->C,TTGAC,TGAC,* (insdel/snv +0++3++4bp, frameshift)",lab_a,5,16,16,8,8,0.20454206122121033,0.9745024819488415,0.8367743707492822,True,
OM429_003336,175728,"OM429_003336:175728 indel T->C,TTGAC,TGAC,* (insdel/snv +0++3++4bp, frameshift)",lab_a,6,20,20,20,0,,,,False,allele classes too small (20/0)
OM429_003336,175728,"OM429_003336:175728 indel T->C,TTGAC,TGAC,* (insdel/snv +0++3++4bp, frameshift)",lab_b,1,75,75,75,0,,,,False,allele classes too small (75/0)
OM429_003336,175728,"OM429_003336:175728 indel T->C,TTGAC,TGAC,* (insdel/snv +0++3++4bp, frameshift)",lab_b,2,12,12,12,0,,,,False,allele classes too small (12/0)
OM429_003336,175728,"OM429_003336:175728 indel T->C,TTGAC,TGAC,* (insdel/snv +0++3++4bp, frameshift)",lab_b,3,11,11,10,1,,,,False,allele classes too small (10/1)
OM429_003336,175728,"OM429_003336:175728 indel T->C,TTGAC,TGAC,* (insdel/snv +0++3++4bp, frameshift)",lab_b,4,37,37,37,0,,,,False,allele classes too small (37/0)
OM429_003336,175728,"OM429_003336:175728 indel T->C,TTGAC,TGAC,* (insdel/snv +0++3++4bp, frameshift)",lab_b,5,16,16,8,8,0.32813883820811707,0.9076184134815571,0.7230951634209756,True,
OM429_003336,175728,"OM429_003336:175728 indel T->C,TTGAC,TGAC,* (insdel/snv +0++3++4bp, frameshift)",lab_b,6,20,20,20,0,,,,False,allele classes too small (20/0)
OM429_003336,175733,"OM429_003336:175733 indel A->ACGG,ACGACGG (ins +3++6bp, in-frame)",chroma,1,75,75,75,0,,,,False,allele classes too small (75/0)
OM429_003336,175733,"OM429_003336:175733 indel A->ACGG,ACGACGG (ins +3++6bp, in-frame)",chroma,2,12,12,12,0,,,,False,allele classes too small (12/0)
OM429_003336,175733,"OM429_003336:175733 indel A->ACGG,ACGACGG (ins +3++6bp, in-frame)",chroma,3,11,11,11,0,,,,False,allele classes too small (11/0)
OM429_003336,175733,"OM429_003336:175733 indel A->ACGG,ACGACGG (ins +3++6bp, in-frame)",chroma,4,37,37,37,0,,,,False,allele classes too small (37/0)
OM429_003336,175733,"OM429_003336:175733 indel A->ACGG,ACGACGG (ins +3++6bp, in-frame)",chroma,5,16,16,11,5,0.3319943650016887,1.2095223690005328,0.7877215663800646,True,
OM429_003336,175733,"OM429_003336:175733 indel A->ACGG,ACGACGG (ins +3++6bp, in-frame)",chroma,6,20,20,20,0,,,,False,allele classes too small (20/0)
OM429_003336,175733,"OM429_003336:175733 indel A->ACGG,ACGACGG (ins +3++6bp, in-frame)",sat,1,75,75,75,0,,,,False,allele classes too small (75/0)
OM429_003336,175733,"OM429_003336:175733 indel A->ACGG,ACGACGG (ins +3++6bp, in-frame)",sat,2,12,12,12,0,,,,False,allele classes too small (12/0)
OM429_003336,175733,"OM429_003336:175733 indel A->ACGG,ACGACGG (ins +3++6bp, in-frame)",sat,3,11,11,11,0,,,,False,allele classes too small (11/0)
OM429_003336,175733,"OM429_003336:175733 indel A->ACGG,ACGACGG (ins +3++6bp, in-frame)",sat,4,37,37,37,0,,,,False,allele classes too small (37/0)
OM429_003336,175733,"OM429_003336:175733 indel A->ACGG,ACGACGG (ins +3++6bp, in-frame)",sat,5,16,16,11,5,0.0014397877290930278,0.030197410676953113,0.9626454200734947,True,
OM429_003336,175733,"OM429_003336:175733 indel A->ACGG,ACGACGG (ins +3++6bp, in-frame)",sat,6,20,20,20,0,,,,False,allele classes too small (20/0)
OM429_003336,175733,"OM429_003336:175733 indel A->ACGG,ACGACGG (ins +3++6bp, in-frame)",bright,1,75,75,75,0,,,,False,allele classes too small (75/0)
OM429_003336,175733,"OM429_003336:175733 indel A->ACGG,ACGACGG (ins +3++6bp, in-frame)",bright,2,12,12,12,0,,,,False,allele classes too small (12/0)
OM429_003336,175733,"OM429_003336:175733 indel A->ACGG,ACGACGG (ins +3++6bp, in-frame)",bright,3,11,11,11,0,,,,False,allele classes too small (11/0)
OM429_003336,175733,"OM429_003336:175733 indel A->ACGG,ACGACGG (ins +3++6bp, in-frame)",bright,4,37,37,37,0,,,,False,allele classes too small (37/0)
OM429_003336,175733,"OM429_003336:175733 indel A->ACGG,ACGACGG (ins +3++6bp, in-frame)",bright,5,16,16,11,5,0.003429343792699286,0.01816679181719759,0.8529822586575307,True,
OM429_003336,175733,"OM429_003336:175733 indel A->ACGG,ACGACGG (ins +3++6bp, in-frame)",bright,6,20,20,20,0,,,,False,allele classes too small (20/0)
OM429_003336,175733,"OM429_003336:175733 indel A->ACGG,ACGACGG (ins +3++6bp, in-frame)",lab_L,1,75,75,75,0,,,,False,allele classes too small (75/0)
OM429_003336,175733,"OM429_003336:175733 indel A->ACGG,ACGACGG (ins +3++6bp, in-frame)",lab_L,2,12,12,12,0,,,,False,allele classes too small (12/0)
OM429_003336,175733,"OM429_003336:175733 indel A->ACGG,ACGACGG (ins +3++6bp, in-frame)",lab_L,3,11,11,11,0,,,,False,allele classes too small (11/0)
OM429_003336,175733,"OM429_003336:175733 indel A->ACGG,ACGACGG (ins +3++6bp, in-frame)",lab_L,4,37,37,37,0,,,,False,allele classes too small (37/0)
OM429_003336,175733,"OM429_003336:175733 indel A->ACGG,ACGACGG (ins +3++6bp, in-frame)",lab_L,5,16,16,11,5,-0.10298958136061277,0.5508043905276662,0.8543586590665478,True,
OM429_003336,175733,"OM429_003336:175733 indel A->ACGG,ACGACGG (ins +3++6bp, in-frame)",lab_L,6,20,20,20,0,,,,False,allele classes too small (20/0)
OM429_003336,175733,"OM429_003336:175733 indel A->ACGG,ACGACGG (ins +3++6bp, in-frame)",lab_a,1,75,75,75,0,,,,False,allele classes too small (75/0)
OM429_003336,175733,"OM429_003336:175733 indel A->ACGG,ACGACGG (ins +3++6bp, in-frame)",lab_a,2,12,12,12,0,,,,False,allele classes too small (12/0)
OM429_003336,175733,"OM429_003336:175733 indel A->ACGG,ACGACGG (ins +3++6bp, in-frame)",lab_a,3,11,11,11,0,,,,False,allele classes too small (11/0)
OM429_003336,175733,"OM429_003336:175733 indel A->ACGG,ACGACGG (ins +3++6bp, in-frame)",lab_a,4,37,37,37,0,,,,False,allele classes too small (37/0)
OM429_003336,175733,"OM429_003336:175733 indel A->ACGG,ACGACGG (ins +3++6bp, in-frame)",lab_a,5,16,16,11,5,0.7003463048347399,1.0360964975882043,0.5100869004775781,True,
OM429_003336,175733,"OM429_003336:175733 indel A->ACGG,ACGACGG (ins +3++6bp, in-frame)",lab_a,6,20,20,20,0,,,,False,allele classes too small (20/0)
OM429_003336,175733,"OM429_003336:175733 indel A->ACGG,ACGACGG (ins +3++6bp, in-frame)",lab_b,1,75,75,75,0,,,,False,allele classes too small (75/0)
OM429_003336,175733,"OM429_003336:175733 indel A->ACGG,ACGACGG (ins +3++6bp, in-frame)",lab_b,2,12,12,12,0,,,,False,allele classes too small (12/0)
OM429_003336,175733,"OM429_003336:175733 indel A->ACGG,ACGACGG (ins +3++6bp, in-frame)",lab_b,3,11,11,11,0,,,,False,allele classes too small (11/0)
OM429_003336,175733,"OM429_003336:175733 indel A->ACGG,ACGACGG (ins +3++6bp, in-frame)",lab_b,4,37,37,37,0,,,,False,allele classes too small (37/0)
OM429_003336,175733,"OM429_003336:175733 indel A->ACGG,ACGACGG (ins +3++6bp, in-frame)",lab_b,5,16,16,11,5,-0.6173698171967208,0.9696881179591094,0.5346129900134591,True,
OM429_003336,175733,"OM429_003336:175733 indel A->ACGG,ACGACGG (ins +3++6bp, in-frame)",lab_b,6,20,20,20,0,,,,False,allele classes too small (20/0)
OM429_003336,175757,"OM429_003336:175757 indel CCGA->C (del -3bp, in-frame)",chroma,1,75,75,75,0,,,,False,allele classes too small (75/0)
OM429_003336,175757,"OM429_003336:175757 indel CCGA->C (del -3bp, in-frame)",chroma,2,12,12,12,0,,,,False,allele classes too small (12/0)
OM429_003336,175757,"OM429_003336:175757 indel CCGA->C (del -3bp, in-frame)",chroma,3,11,11,10,1,,,,False,allele classes too small (10/1)
OM429_003336,175757,"OM429_003336:175757 indel CCGA->C (del -3bp, in-frame)",chroma,4,37,37,37,0,,,,False,allele classes too small (37/0)
OM429_003336,175757,"OM429_003336:175757 indel CCGA->C (del -3bp, in-frame)",chroma,5,16,16,14,2,,,,False,allele classes too small (14/2)
OM429_003336,175757,"OM429_003336:175757 indel CCGA->C (del -3bp, in-frame)",chroma,6,20,20,20,0,,,,False,allele classes too small (20/0)
OM429_003336,175757,"OM429_003336:175757 indel CCGA->C (del -3bp, in-frame)",sat,1,75,75,75,0,,,,False,allele classes too small (75/0)
OM429_003336,175757,"OM429_003336:175757 indel CCGA->C (del -3bp, in-frame)",sat,2,12,12,12,0,,,,False,allele classes too small (12/0)
OM429_003336,175757,"OM429_003336:175757 indel CCGA->C (del -3bp, in-frame)",sat,3,11,11,10,1,,,,False,allele classes too small (10/1)
OM429_003336,175757,"OM429_003336:175757 indel CCGA->C (del -3bp, in-frame)",sat,4,37,37,37,0,,,,False,allele classes too small (37/0)
OM429_003336,175757,"OM429_003336:175757 indel CCGA->C (del -3bp, in-frame)",sat,5,16,16,14,2,,,,False,allele classes too small (14/2)
OM429_003336,175757,"OM429_003336:175757 indel CCGA->C (del -3bp, in-frame)",sat,6,20,20,20,0,,,,False,allele classes too small (20/0)
OM429_003336,175757,"OM429_003336:175757 indel CCGA->C (del -3bp, in-frame)",bright,1,75,75,75,0,,,,False,allele classes too small (75/0)
OM429_003336,175757,"OM429_003336:175757 indel CCGA->C (del -3bp, in-frame)",bright,2,12,12,12,0,,,,False,allele classes too small (12/0)
OM429_003336,175757,"OM429_003336:175757 indel CCGA->C (del -3bp, in-frame)",bright,3,11,11,10,1,,,,False,allele classes too small (10/1)
OM429_003336,175757,"OM429_003336:175757 indel CCGA->C (del -3bp, in-frame)",bright,4,37,37,37,0,,,,False,allele classes too small (37/0)
OM429_003336,175757,"OM429_003336:175757 indel CCGA->C (del -3bp, in-frame)",bright,5,16,16,14,2,,,,False,allele classes too small (14/2)
OM429_003336,175757,"OM429_003336:175757 indel CCGA->C (del -3bp, in-frame)",bright,6,20,20,20,0,,,,False,allele classes too small (20/0)
OM429_003336,175757,"OM429_003336:175757 indel CCGA->C (del -3bp, in-frame)",lab_L,1,75,75,75,0,,,,False,allele classes too small (75/0)
OM429_003336,175757,"OM429_003336:175757 indel CCGA->C (del -3bp, in-frame)",lab_L,2,12,12,12,0,,,,False,allele classes too small (12/0)
OM429_003336,175757,"OM429_003336:175757 indel CCGA->C (del -3bp, in-frame)",lab_L,3,11,11,10,1,,,,False,allele classes too small (10/1)
OM429_003336,175757,"OM429_003336:175757 indel CCGA->C (del -3bp, in-frame)",lab_L,4,37,37,37,0,,,,False,allele classes too small (37/0)
OM429_003336,175757,"OM429_003336:175757 indel CCGA->C (del -3bp, in-frame)",lab_L,5,16,16,14,2,,,,False,allele classes too small (14/2)
OM429_003336,175757,"OM429_003336:175757 indel CCGA->C (del -3bp, in-frame)",lab_L,6,20,20,20,0,,,,False,allele classes too small (20/0)
OM429_003336,175757,"OM429_003336:175757 indel CCGA->C (del -3bp, in-frame)",lab_a,1,75,75,75,0,,,,False,allele classes too small (75/0)
OM429_003336,175757,"OM429_003336:175757 indel CCGA->C (del -3bp, in-frame)",lab_a,2,12,12,12,0,,,,False,allele classes too small (12/0)
OM429_003336,175757,"OM429_003336:175757 indel CCGA->C (del -3bp, in-frame)",lab_a,3,11,11,10,1,,,,False,allele classes too small (10/1)
OM429_003336,175757,"OM429_003336:175757 indel CCGA->C (del -3bp, in-frame)",lab_a,4,37,37,37,0,,,,False,allele classes too small (37/0)
OM429_003336,175757,"OM429_003336:175757 indel CCGA->C (del -3bp, in-frame)",lab_a,5,16,16,14,2,,,,False,allele classes too small (14/2)
OM429_003336,175757,"OM429_003336:175757 indel CCGA->C (del -3bp, in-frame)",lab_a,6,20,20,20,0,,,,False,allele classes too small (20/0)
OM429_003336,175757,"OM429_003336:175757 indel CCGA->C (del -3bp, in-frame)",lab_b,1,75,75,75,0,,,,False,allele classes too small (75/0)
OM429_003336,175757,"OM429_003336:175757 indel CCGA->C (del -3bp, in-frame)",lab_b,2,12,12,12,0,,,,False,allele classes too small (12/0)
OM429_003336,175757,"OM429_003336:175757 indel CCGA->C (del -3bp, in-frame)",lab_b,3,11,11,10,1,,,,False,allele classes too small (10/1)
OM429_003336,175757,"OM429_003336:175757 indel CCGA->C (del -3bp, in-frame)",lab_b,4,37,37,37,0,,,,False,allele classes too small (37/0)
OM429_003336,175757,"OM429_003336:175757 indel CCGA->C (del -3bp, in-frame)",lab_b,5,16,16,14,2,,,,False,allele classes too small (14/2)
OM429_003336,175757,"OM429_003336:175757 indel CCGA->C (del -3bp, in-frame)",lab_b,6,20,20,20,0,,,,False,allele classes too small (20/0)
OM429_003336,175758,"OM429_003336:175758 indel CGA->*,C (del -2bp, frameshift)",chroma,1,75,75,75,0,,,,False,allele classes too small (75/0)
OM429_003336,175758,"OM429_003336:175758 indel CGA->*,C (del -2bp, frameshift)",chroma,2,12,12,12,0,,,,False,allele classes too small (12/0)
OM429_003336,175758,"OM429_003336:175758 indel CGA->*,C (del -2bp, frameshift)",chroma,3,11,11,10,1,,,,False,allele classes too small (10/1)
OM429_003336,175758,"OM429_003336:175758 indel CGA->*,C (del -2bp, frameshift)",chroma,4,37,37,37,0,,,,False,allele classes too small (37/0)
OM429_003336,175758,"OM429_003336:175758 indel CGA->*,C (del -2bp, frameshift)",chroma,5,16,16,9,7,-0.7445393030494399,1.1155497152776743,0.5153557666137211,True,
OM429_003336,175758,"OM429_003336:175758 indel CGA->*,C (del -2bp, frameshift)",chroma,6,20,20,20,0,,,,False,allele classes too small (20/0)
OM429_003336,175758,"OM429_003336:175758 indel CGA->*,C (del -2bp, frameshift)",sat,1,75,75,75,0,,,,False,allele classes too small (75/0)
OM429_003336,175758,"OM429_003336:175758 indel CGA->*,C (del -2bp, frameshift)",sat,2,12,12,12,0,,,,False,allele classes too small (12/0)
OM429_003336,175758,"OM429_003336:175758 indel CGA->*,C (del -2bp, frameshift)",sat,3,11,11,10,1,,,,False,allele classes too small (10/1)
OM429_003336,175758,"OM429_003336:175758 indel CGA->*,C (del -2bp, frameshift)",sat,4,37,37,37,0,,,,False,allele classes too small (37/0)
OM429_003336,175758,"OM429_003336:175758 indel CGA->*,C (del -2bp, frameshift)",sat,5,16,16,9,7,-0.02296869333969016,0.027541518035760968,0.41830273153585446,True,
OM429_003336,175758,"OM429_003336:175758 indel CGA->*,C (del -2bp, frameshift)",sat,6,20,20,20,0,,,,False,allele classes too small (20/0)
OM429_003336,175758,"OM429_003336:175758 indel CGA->*,C (del -2bp, frameshift)",bright,1,75,75,75,0,,,,False,allele classes too small (75/0)
OM429_003336,175758,"OM429_003336:175758 indel CGA->*,C (del -2bp, frameshift)",bright,2,12,12,12,0,,,,False,allele classes too small (12/0)
OM429_003336,175758,"OM429_003336:175758 indel CGA->*,C (del -2bp, frameshift)",bright,3,11,11,10,1,,,,False,allele classes too small (10/1)
OM429_003336,175758,"OM429_003336:175758 indel CGA->*,C (del -2bp, frameshift)",bright,4,37,37,37,0,,,,False,allele classes too small (37/0)
OM429_003336,175758,"OM429_003336:175758 indel CGA->*,C (del -2bp, frameshift)",bright,5,16,16,9,7,-0.00890716641174412,0.01682824542501811,0.6048902219454455,True,
OM429_003336,175758,"OM429_003336:175758 indel CGA->*,C (del -2bp, frameshift)",bright,6,20,20,20,0,,,,False,allele classes too small (20/0)
OM429_003336,175758,"OM429_003336:175758 indel CGA->*,C (del -2bp, frameshift)",lab_L,1,75,75,75,0,,,,False,allele classes too small (75/0)
OM429_003336,175758,"OM429_003336:175758 indel CGA->*,C (del -2bp, frameshift)",lab_L,2,12,12,12,0,,,,False,allele classes too small (12/0)
OM429_003336,175758,"OM429_003336:175758 indel CGA->*,C (del -2bp, frameshift)",lab_L,3,11,11,10,1,,,,False,allele classes too small (10/1)
OM429_003336,175758,"OM429_003336:175758 indel CGA->*,C (del -2bp, frameshift)",lab_L,4,37,37,37,0,,,,False,allele classes too small (37/0)
OM429_003336,175758,"OM429_003336:175758 indel CGA->*,C (del -2bp, frameshift)",lab_L,5,16,16,9,7,0.0892475852931394,0.5147356835315507,0.864830524863236,True,
OM429_003336,175758,"OM429_003336:175758 indel CGA->*,C (del -2bp, frameshift)",lab_L,6,20,20,20,0,,,,False,allele classes too small (20/0)
OM429_003336,175758,"OM429_003336:175758 indel CGA->*,C (del -2bp, frameshift)",lab_a,1,75,75,75,0,,,,False,allele classes too small (75/0)
OM429_003336,175758,"OM429_003336:175758 indel CGA->*,C (del -2bp, frameshift)",lab_a,2,12,12,12,0,,,,False,allele classes too small (12/0)
OM429_003336,175758,"OM429_003336:175758 indel CGA->*,C (del -2bp, frameshift)",lab_a,3,11,11,10,1,,,,False,allele classes too small (10/1)
OM429_003336,175758,"OM429_003336:175758 indel CGA->*,C (del -2bp, frameshift)",lab_a,4,37,37,37,0,,,,False,allele classes too small (37/0)
OM429_003336,175758,"OM429_003336:175758 indel CGA->*,C (del -2bp, frameshift)",lab_a,5,16,16,9,7,-0.2780483426662764,0.9809396496263028,0.7809795626154393,True,
OM429_003336,175758,"OM429_003336:175758 indel CGA->*,C (del -2bp, frameshift)",lab_a,6,20,20,20,0,,,,False,allele classes too small (20/0)
OM429_003336,175758,"OM429_003336:175758 indel CGA->*,C (del -2bp, frameshift)",lab_b,1,75,75,75,0,,,,False,allele classes too small (75/0)
OM429_003336,175758,"OM429_003336:175758 indel CGA->*,C (del -2bp, frameshift)",lab_b,2,12,12,12,0,,,,False,allele classes too small (12/0)
OM429_003336,175758,"OM429_003336:175758 indel CGA->*,C (del -2bp, frameshift)",lab_b,3,11,11,10,1,,,,False,allele classes too small (10/1)
OM429_003336,175758,"OM429_003336:175758 indel CGA->*,C (del -2bp, frameshift)",lab_b,4,37,37,37,0,,,,False,allele classes too small (37/0)
OM429_003336,175758,"OM429_003336:175758 indel CGA->*,C (del -2bp, frameshift)",lab_b,5,16,16,9,7,-0.9821402684503635,0.8807724517573822,0.28358810981506255,True,
OM429_003336,175758,"OM429_003336:175758 indel CGA->*,C (del -2bp, frameshift)",lab_b,6,20,20,20,0,,,,False,allele classes too small (20/0)
OM429_003336,175762,"OM429_003336:175762 indel AT->A (del -1bp, frameshift)",chroma,1,75,75,75,0,,,,False,allele classes too small (75/0)
OM429_003336,175762,"OM429_003336:175762 indel AT->A (del -1bp, frameshift)",chroma,2,12,12,12,0,,,,False,allele classes too small (12/0)
OM429_003336,175762,"OM429_003336:175762 indel AT->A (del -1bp, frameshift)",chroma,3,11,11,11,0,,,,False,allele classes too small (11/0)
OM429_003336,175762,"OM429_003336:175762 indel AT->A (del -1bp, frameshift)",chroma,4,37,37,37,0,,,,False,allele classes too small (37/0)
OM429_003336,175762,"OM429_003336:175762 indel AT->A (del -1bp, frameshift)",chroma,5,16,16,11,5,0.3319943650016887,1.2095223690005328,0.7877215663800646,True,
OM429_003336,175762,"OM429_003336:175762 indel AT->A (del -1bp, frameshift)",chroma,6,20,20,20,0,,,,False,allele classes too small (20/0)
OM429_003336,175762,"OM429_003336:175762 indel AT->A (del -1bp, frameshift)",sat,1,75,75,75,0,,,,False,allele classes too small (75/0)
OM429_003336,175762,"OM429_003336:175762 indel AT->A (del -1bp, frameshift)",sat,2,12,12,12,0,,,,False,allele classes too small (12/0)
OM429_003336,175762,"OM429_003336:175762 indel AT->A (del -1bp, frameshift)",sat,3,11,11,11,0,,,,False,allele classes too small (11/0)
OM429_003336,175762,"OM429_003336:175762 indel AT->A (del -1bp, frameshift)",sat,4,37,37,37,0,,,,False,allele classes too small (37/0)
OM429_003336,175762,"OM429_003336:175762 indel AT->A (del -1bp, frameshift)",sat,5,16,16,11,5,0.0014397877290930278,0.030197410676953113,0.9626454200734947,True,
OM429_003336,175762,"OM429_003336:175762 indel AT->A (del -1bp, frameshift)",sat,6,20,20,20,0,,,,False,allele classes too small (20/0)
OM429_003336,175762,"OM429_003336:175762 indel AT->A (del -1bp, frameshift)",bright,1,75,75,75,0,,,,False,allele classes too small (75/0)
OM429_003336,175762,"OM429_003336:175762 indel AT->A (del -1bp, frameshift)",bright,2,12,12,12,0,,,,False,allele classes too small (12/0)
OM429_003336,175762,"OM429_003336:175762 indel AT->A (del -1bp, frameshift)",bright,3,11,11,11,0,,,,False,allele classes too small (11/0)
OM429_003336,175762,"OM429_003336:175762 indel AT->A (del -1bp, frameshift)",bright,4,37,37,37,0,,,,False,allele classes too small (37/0)
OM429_003336,175762,"OM429_003336:175762 indel AT->A (del -1bp, frameshift)",bright,5,16,16,11,5,0.003429343792699286,0.01816679181719759,0.8529822586575307,True,
OM429_003336,175762,"OM429_003336:175762 indel AT->A (del -1bp, frameshift)",bright,6,20,20,20,0,,,,False,allele classes too small (20/0)
OM429_003336,175762,"OM429_003336:175762 indel AT->A (del -1bp, frameshift)",lab_L,1,75,75,75,0,,,,False,allele classes too small (75/0)
OM429_003336,175762,"OM429_003336:175762 indel AT->A (del -1bp, frameshift)",lab_L,2,12,12,12,0,,,,False,allele classes too small (12/0)
OM429_003336,175762,"OM429_003336:175762 indel AT->A (del -1bp, frameshift)",lab_L,3,11,11,11,0,,,,False,allele classes too small (11/0)
OM429_003336,175762,"OM429_003336:175762 indel AT->A (del -1bp, frameshift)",lab_L,4,37,37,37,0,,,,False,allele classes too small (37/0)
OM429_003336,175762,"OM429_003336:175762 indel AT->A (del -1bp, frameshift)",lab_L,5,16,16,11,5,-0.10298958136061277,0.5508043905276662,0.8543586590665478,True,
OM429_003336,175762,"OM429_003336:175762 indel AT->A (del -1bp, frameshift)",lab_L,6,20,20,20,0,,,,False,allele classes too small (20/0)
OM429_003336,175762,"OM429_003336:175762 indel AT->A (del -1bp, frameshift)",lab_a,1,75,75,75,0,,,,False,allele classes too small (75/0)
OM429_003336,175762,"OM429_003336:175762 indel AT->A (del -1bp, frameshift)",lab_a,2,12,12,12,0,,,,False,allele classes too small (12/0)
OM429_003336,175762,"OM429_003336:175762 indel AT->A (del -1bp, frameshift)",lab_a,3,11,11,11,0,,,,False,allele classes too small (11/0)
OM429_003336,175762,"OM429_003336:175762 indel AT->A (del -1bp, frameshift)",lab_a,4,37,37,37,0,,,,False,allele classes too small (37/0)
OM429_003336,175762,"OM429_003336:175762 indel AT->A (del -1bp, frameshift)",lab_a,5,16,16,11,5,0.7003463048347399,1.0360964975882043,0.5100869004775781,True,
OM429_003336,175762,"OM429_003336:175762 indel AT->A (del -1bp, frameshift)",lab_a,6,20,20,20,0,,,,False,allele classes too small (20/0)
OM429_003336,175762,"OM429_003336:175762 indel AT->A (del -1bp, frameshift)",lab_b,1,75,75,75,0,,,,False,allele classes too small (75/0)
OM429_003336,175762,"OM429_003336:175762 indel AT->A (del -1bp, frameshift)",lab_b,2,12,12,12,0,,,,False,allele classes too small (12/0)
OM429_003336,175762,"OM429_003336:175762 indel AT->A (del -1bp, frameshift)",lab_b,3,11,11,11,0,,,,False,allele classes too small (11/0)
OM429_003336,175762,"OM429_003336:175762 indel AT->A (del -1bp, frameshift)",lab_b,4,37,37,37,0,,,,False,allele classes too small (37/0)
OM429_003336,175762,"OM429_003336:175762 indel AT->A (del -1bp, frameshift)",lab_b,5,16,16,11,5,-0.6173698171967208,0.9696881179591094,0.5346129900134591,True,
OM429_003336,175762,"OM429_003336:175762 indel AT->A (del -1bp, frameshift)",lab_b,6,20,20,20,0,,,,False,allele classes too small (20/0)
OM429_003336,175781,"OM429_003336:175781 indel G->GCAA (ins +3bp, in-frame)",chroma,1,75,75,75,0,,,,False,allele classes too small (75/0)
OM429_003336,175781,"OM429_003336:175781 indel G->GCAA (ins +3bp, in-frame)",chroma,2,12,12,12,0,,,,False,allele classes too small (12/0)
OM429_003336,175781,"OM429_003336:175781 indel G->GCAA (ins +3bp, in-frame)",chroma,3,11,11,10,1,,,,False,allele classes too small (10/1)
OM429_003336,175781,"OM429_003336:175781 indel G->GCAA (ins +3bp, in-frame)",chroma,4,37,37,37,0,,,,False,allele classes too small (37/0)
OM429_003336,175781,"OM429_003336:175781 indel G->GCAA (ins +3bp, in-frame)",chroma,5,16,16,15,1,,,,False,allele classes too small (15/1)
OM429_003336,175781,"OM429_003336:175781 indel G->GCAA (ins +3bp, in-frame)",chroma,6,20,20,20,0,,,,False,allele classes too small (20/0)
OM429_003336,175781,"OM429_003336:175781 indel G->GCAA (ins +3bp, in-frame)",sat,1,75,75,75,0,,,,False,allele classes too small (75/0)
OM429_003336,175781,"OM429_003336:175781 indel G->GCAA (ins +3bp, in-frame)",sat,2,12,12,12,0,,,,False,allele classes too small (12/0)
OM429_003336,175781,"OM429_003336:175781 indel G->GCAA (ins +3bp, in-frame)",sat,3,11,11,10,1,,,,False,allele classes too small (10/1)
OM429_003336,175781,"OM429_003336:175781 indel G->GCAA (ins +3bp, in-frame)",sat,4,37,37,37,0,,,,False,allele classes too small (37/0)
OM429_003336,175781,"OM429_003336:175781 indel G->GCAA (ins +3bp, in-frame)",sat,5,16,16,15,1,,,,False,allele classes too small (15/1)
OM429_003336,175781,"OM429_003336:175781 indel G->GCAA (ins +3bp, in-frame)",sat,6,20,20,20,0,,,,False,allele classes too small (20/0)
OM429_003336,175781,"OM429_003336:175781 indel G->GCAA (ins +3bp, in-frame)",bright,1,75,75,75,0,,,,False,allele classes too small (75/0)
OM429_003336,175781,"OM429_003336:175781 indel G->GCAA (ins +3bp, in-frame)",bright,2,12,12,12,0,,,,False,allele classes too small (12/0)
OM429_003336,175781,"OM429_003336:175781 indel G->GCAA (ins +3bp, in-frame)",bright,3,11,11,10,1,,,,False,allele classes too small (10/1)
OM429_003336,175781,"OM429_003336:175781 indel G->GCAA (ins +3bp, in-frame)",bright,4,37,37,37,0,,,,False,allele classes too small (37/0)
OM429_003336,175781,"OM429_003336:175781 indel G->GCAA (ins +3bp, in-frame)",bright,5,16,16,15,1,,,,False,allele classes too small (15/1)
OM429_003336,175781,"OM429_003336:175781 indel G->GCAA (ins +3bp, in-frame)",bright,6,20,20,20,0,,,,False,allele classes too small (20/0)
OM429_003336,175781,"OM429_003336:175781 indel G->GCAA (ins +3bp, in-frame)",lab_L,1,75,75,75,0,,,,False,allele classes too small (75/0)
OM429_003336,175781,"OM429_003336:175781 indel G->GCAA (ins +3bp, in-frame)",lab_L,2,12,12,12,0,,,,False,allele classes too small (12/0)
OM429_003336,175781,"OM429_003336:175781 indel G->GCAA (ins +3bp, in-frame)",lab_L,3,11,11,10,1,,,,False,allele classes too small (10/1)
OM429_003336,175781,"OM429_003336:175781 indel G->GCAA (ins +3bp, in-frame)",lab_L,4,37,37,37,0,,,,False,allele classes too small (37/0)
OM429_003336,175781,"OM429_003336:175781 indel G->GCAA (ins +3bp, in-frame)",lab_L,5,16,16,15,1,,,,False,allele classes too small (15/1)
OM429_003336,175781,"OM429_003336:175781 indel G->GCAA (ins +3bp, in-frame)",lab_L,6,20,20,20,0,,,,False,allele classes too small (20/0)
OM429_003336,175781,"OM429_003336:175781 indel G->GCAA (ins +3bp, in-frame)",lab_a,1,75,75,75,0,,,,False,allele classes too small (75/0)
OM429_003336,175781,"OM429_003336:175781 indel G->GCAA (ins +3bp, in-frame)",lab_a,2,12,12,12,0,,,,False,allele classes too small (12/0)
OM429_003336,175781,"OM429_003336:175781 indel G->GCAA (ins +3bp, in-frame)",lab_a,3,11,11,10,1,,,,False,allele classes too small (10/1)
OM429_003336,175781,"OM429_003336:175781 indel G->GCAA (ins +3bp, in-frame)",lab_a,4,37,37,37,0,,,,False,allele classes too small (37/0)
OM429_003336,175781,"OM429_003336:175781 indel G->GCAA (ins +3bp, in-frame)",lab_a,5,16,16,15,1,,,,False,allele classes too small (15/1)
OM429_003336,175781,"OM429_003336:175781 indel G->GCAA (ins +3bp, in-frame)",lab_a,6,20,20,20,0,,,,False,allele classes too small (20/0)
OM429_003336,175781,"OM429_003336:175781 indel G->GCAA (ins +3bp, in-frame)",lab_b,1,75,75,75,0,,,,False,allele classes too small (75/0)
OM429_003336,175781,"OM429_003336:175781 indel G->GCAA (ins +3bp, in-frame)",lab_b,2,12,12,12,0,,,,False,allele classes too small (12/0)
OM429_003336,175781,"OM429_003336:175781 indel G->GCAA (ins +3bp, in-frame)",lab_b,3,11,11,10,1,,,,False,allele classes too small (10/1)
OM429_003336,175781,"OM429_003336:175781 indel G->GCAA (ins +3bp, in-frame)",lab_b,4,37,37,37,0,,,,False,allele classes too small (37/0)
OM429_003336,175781,"OM429_003336:175781 indel G->GCAA (ins +3bp, in-frame)",lab_b,5,16,16,15,1,,,,False,allele classes too small (15/1)
OM429_003336,175781,"OM429_003336:175781 indel G->GCAA (ins +3bp, in-frame)",lab_b,6,20,20,20,0,,,,False,allele classes too small (20/0)
OM429_003336,175784,"OM429_003336:175784 indel A->ACCGGCGGGACCGGAG (ins +15bp, in-frame)",chroma,1,75,75,75,0,,,,False,allele classes too small (75/0)
OM429_003336,175784,"OM429_003336:175784 indel A->ACCGGCGGGACCGGAG (ins +15bp, in-frame)",chroma,2,12,12,12,0,,,,False,allele classes too small (12/0)
OM429_003336,175784,"OM429_003336:175784 indel A->ACCGGCGGGACCGGAG (ins +15bp, in-frame)",chroma,3,11,11,10,1,,,,False,allele classes too small (10/1)
OM429_003336,175784,"OM429_003336:175784 indel A->ACCGGCGGGACCGGAG (ins +15bp, in-frame)",chroma,4,37,37,37,0,,,,False,allele classes too small (37/0)
OM429_003336,175784,"OM429_003336:175784 indel A->ACCGGCGGGACCGGAG (ins +15bp, in-frame)",chroma,5,16,16,15,1,,,,False,allele classes too small (15/1)
OM429_003336,175784,"OM429_003336:175784 indel A->ACCGGCGGGACCGGAG (ins +15bp, in-frame)",chroma,6,20,20,20,0,,,,False,allele classes too small (20/0)
OM429_003336,175784,"OM429_003336:175784 indel A->ACCGGCGGGACCGGAG (ins +15bp, in-frame)",sat,1,75,75,75,0,,,,False,allele classes too small (75/0)
OM429_003336,175784,"OM429_003336:175784 indel A->ACCGGCGGGACCGGAG (ins +15bp, in-frame)",sat,2,12,12,12,0,,,,False,allele classes too small (12/0)
OM429_003336,175784,"OM429_003336:175784 indel A->ACCGGCGGGACCGGAG (ins +15bp, in-frame)",sat,3,11,11,10,1,,,,False,allele classes too small (10/1)
OM429_003336,175784,"OM429_003336:175784 indel A->ACCGGCGGGACCGGAG (ins +15bp, in-frame)",sat,4,37,37,37,0,,,,False,allele classes too small (37/0)
OM429_003336,175784,"OM429_003336:175784 indel A->ACCGGCGGGACCGGAG (ins +15bp, in-frame)",sat,5,16,16,15,1,,,,False,allele classes too small (15/1)
OM429_003336,175784,"OM429_003336:175784 indel A->ACCGGCGGGACCGGAG (ins +15bp, in-frame)",sat,6,20,20,20,0,,,,False,allele classes too small (20/0)
OM429_003336,175784,"OM429_003336:175784 indel A->ACCGGCGGGACCGGAG (ins +15bp, in-frame)",bright,1,75,75,75,0,,,,False,allele classes too small (75/0)
OM429_003336,175784,"OM429_003336:175784 indel A->ACCGGCGGGACCGGAG (ins +15bp, in-frame)",bright,2,12,12,12,0,,,,False,allele classes too small (12/0)
OM429_003336,175784,"OM429_003336:175784 indel A->ACCGGCGGGACCGGAG (ins +15bp, in-frame)",bright,3,11,11,10,1,,,,False,allele classes too small (10/1)
OM429_003336,175784,"OM429_003336:175784 indel A->ACCGGCGGGACCGGAG (ins +15bp, in-frame)",bright,4,37,37,37,0,,,,False,allele classes too small (37/0)
OM429_003336,175784,"OM429_003336:175784 indel A->ACCGGCGGGACCGGAG (ins +15bp, in-frame)",bright,5,16,16,15,1,,,,False,allele classes too small (15/1)
OM429_003336,175784,"OM429_003336:175784 indel A->ACCGGCGGGACCGGAG (ins +15bp, in-frame)",bright,6,20,20,20,0,,,,False,allele classes too small (20/0)
OM429_003336,175784,"OM429_003336:175784 indel A->ACCGGCGGGACCGGAG (ins +15bp, in-frame)",lab_L,1,75,75,75,0,,,,False,allele classes too small (75/0)
OM429_003336,175784,"OM429_003336:175784 indel A->ACCGGCGGGACCGGAG (ins +15bp, in-frame)",lab_L,2,12,12,12,0,,,,False,allele classes too small (12/0)
OM429_003336,175784,"OM429_003336:175784 indel A->ACCGGCGGGACCGGAG (ins +15bp, in-frame)",lab_L,3,11,11,10,1,,,,False,allele classes too small (10/1)
OM429_003336,175784,"OM429_003336:175784 indel A->ACCGGCGGGACCGGAG (ins +15bp, in-frame)",lab_L,4,37,37,37,0,,,,False,allele classes too small (37/0)
OM429_003336,175784,"OM429_003336:175784 indel A->ACCGGCGGGACCGGAG (ins +15bp, in-frame)",lab_L,5,16,16,15,1,,,,False,allele classes too small (15/1)
OM429_003336,175784,"OM429_003336:175784 indel A->ACCGGCGGGACCGGAG (ins +15bp, in-frame)",lab_L,6,20,20,20,0,,,,False,allele classes too small (20/0)
OM429_003336,175784,"OM429_003336:175784 indel A->ACCGGCGGGACCGGAG (ins +15bp, in-frame)",lab_a,1,75,75,75,0,,,,False,allele classes too small (75/0)
OM429_003336,175784,"OM429_003336:175784 indel A->ACCGGCGGGACCGGAG (ins +15bp, in-frame)",lab_a,2,12,12,12,0,,,,False,allele classes too small (12/0)
OM429_003336,175784,"OM429_003336:175784 indel A->ACCGGCGGGACCGGAG (ins +15bp, in-frame)",lab_a,3,11,11,10,1,,,,False,allele classes too small (10/1)
OM429_003336,175784,"OM429_003336:175784 indel A->ACCGGCGGGACCGGAG (ins +15bp, in-frame)",lab_a,4,37,37,37,0,,,,False,allele classes too small (37/0)
OM429_003336,175784,"OM429_003336:175784 indel A->ACCGGCGGGACCGGAG (ins +15bp, in-frame)",lab_a,5,16,16,15,1,,,,False,allele classes too small (15/1)
OM429_003336,175784,"OM429_003336:175784 indel A->ACCGGCGGGACCGGAG (ins +15bp, in-frame)",lab_a,6,20,20,20,0,,,,False,allele classes too small (20/0)
OM429_003336,175784,"OM429_003336:175784 indel A->ACCGGCGGGACCGGAG (ins +15bp, in-frame)",lab_b,1,75,75,75,0,,,,False,allele classes too small (75/0)
OM429_003336,175784,"OM429_003336:175784 indel A->ACCGGCGGGACCGGAG (ins +15bp, in-frame)",lab_b,2,12,12,12,0,,,,False,allele classes too small (12/0)
OM429_003336,175784,"OM429_003336:175784 indel A->ACCGGCGGGACCGGAG (ins +15bp, in-frame)",lab_b,3,11,11,10,1,,,,False,allele classes too small (10/1)
OM429_003336,175784,"OM429_003336:175784 indel A->ACCGGCGGGACCGGAG (ins +15bp, in-frame)",lab_b,4,37,37,37,0,,,,False,allele classes too small (37/0)
OM429_003336,175784,"OM429_003336:175784 indel A->ACCGGCGGGACCGGAG (ins +15bp, in-frame)",lab_b,5,16,16,15,1,,,,False,allele classes too small (15/1)
OM429_003336,175784,"OM429_003336:175784 indel A->ACCGGCGGGACCGGAG (ins +15bp, in-frame)",lab_b,6,20,20,20,0,,,,False,allele classes too small (20/0)
OM429_003336,175790,"OM429_003336:175790 indel G->GCC (ins +2bp, frameshift)",chroma,1,75,75,75,0,,,,False,allele classes too small (75/0)
OM429_003336,175790,"OM429_003336:175790 indel G->GCC (ins +2bp, frameshift)",chroma,2,12,12,12,0,,,,False,allele classes too small (12/0)
OM429_003336,175790,"OM429_003336:175790 indel G->GCC (ins +2bp, frameshift)",chroma,3,11,11,11,0,,,,False,allele classes too small (11/0)
OM429_003336,175790,"OM429_003336:175790 indel G->GCC (ins +2bp, frameshift)",chroma,4,37,37,37,0,,,,False,allele classes too small (37/0)
OM429_003336,175790,"OM429_003336:175790 indel G->GCC (ins +2bp, frameshift)",chroma,5,16,16,15,1,,,,False,allele classes too small (15/1)
OM429_003336,175790,"OM429_003336:175790 indel G->GCC (ins +2bp, frameshift)",chroma,6,20,20,20,0,,,,False,allele classes too small (20/0)
OM429_003336,175790,"OM429_003336:175790 indel G->GCC (ins +2bp, frameshift)",sat,1,75,75,75,0,,,,False,allele classes too small (75/0)
OM429_003336,175790,"OM429_003336:175790 indel G->GCC (ins +2bp, frameshift)",sat,2,12,12,12,0,,,,False,allele classes too small (12/0)
OM429_003336,175790,"OM429_003336:175790 indel G->GCC (ins +2bp, frameshift)",sat,3,11,11,11,0,,,,False,allele classes too small (11/0)
OM429_003336,175790,"OM429_003336:175790 indel G->GCC (ins +2bp, frameshift)",sat,4,37,37,37,0,,,,False,allele classes too small (37/0)
OM429_003336,175790,"OM429_003336:175790 indel G->GCC (ins +2bp, frameshift)",sat,5,16,16,15,1,,,,False,allele classes too small (15/1)
OM429_003336,175790,"OM429_003336:175790 indel G->GCC (ins +2bp, frameshift)",sat,6,20,20,20,0,,,,False,allele classes too small (20/0)
OM429_003336,175790,"OM429_003336:175790 indel G->GCC (ins +2bp, frameshift)",bright,1,75,75,75,0,,,,False,allele classes too small (75/0)
OM429_003336,175790,"OM429_003336:175790 indel G->GCC (ins +2bp, frameshift)",bright,2,12,12,12,0,,,,False,allele classes too small (12/0)
OM429_003336,175790,"OM429_003336:175790 indel G->GCC (ins +2bp, frameshift)",bright,3,11,11,11,0,,,,False,allele classes too small (11/0)
OM429_003336,175790,"OM429_003336:175790 indel G->GCC (ins +2bp, frameshift)",bright,4,37,37,37,0,,,,False,allele classes too small (37/0)
OM429_003336,175790,"OM429_003336:175790 indel G->GCC (ins +2bp, frameshift)",bright,5,16,16,15,1,,,,False,allele classes too small (15/1)
OM429_003336,175790,"OM429_003336:175790 indel G->GCC (ins +2bp, frameshift)",bright,6,20,20,20,0,,,,False,allele classes too small (20/0)
OM429_003336,175790,"OM429_003336:175790 indel G->GCC (ins +2bp, frameshift)",lab_L,1,75,75,75,0,,,,False,allele classes too small (75/0)
OM429_003336,175790,"OM429_003336:175790 indel G->GCC (ins +2bp, frameshift)",lab_L,2,12,12,12,0,,,,False,allele classes too small (12/0)
OM429_003336,175790,"OM429_003336:175790 indel G->GCC (ins +2bp, frameshift)",lab_L,3,11,11,11,0,,,,False,allele classes too small (11/0)
OM429_003336,175790,"OM429_003336:175790 indel G->GCC (ins +2bp, frameshift)",lab_L,4,37,37,37,0,,,,False,allele classes too small (37/0)
OM429_003336,175790,"OM429_003336:175790 indel G->GCC (ins +2bp, frameshift)",lab_L,5,16,16,15,1,,,,False,allele classes too small (15/1)
OM429_003336,175790,"OM429_003336:175790 indel G->GCC (ins +2bp, frameshift)",lab_L,6,20,20,20,0,,,,False,allele classes too small (20/0)
OM429_003336,175790,"OM429_003336:175790 indel G->GCC (ins +2bp, frameshift)",lab_a,1,75,75,75,0,,,,False,allele classes too small (75/0)
OM429_003336,175790,"OM429_003336:175790 indel G->GCC (ins +2bp, frameshift)",lab_a,2,12,12,12,0,,,,False,allele classes too small (12/0)
OM429_003336,175790,"OM429_003336:175790 indel G->GCC (ins +2bp, frameshift)",lab_a,3,11,11,11,0,,,,False,allele classes too small (11/0)
OM429_003336,175790,"OM429_003336:175790 indel G->GCC (ins +2bp, frameshift)",lab_a,4,37,37,37,0,,,,False,allele classes too small (37/0)
OM429_003336,175790,"OM429_003336:175790 indel G->GCC (ins +2bp, frameshift)",lab_a,5,16,16,15,1,,,,False,allele classes too small (15/1)
OM429_003336,175790,"OM429_003336:175790 indel G->GCC (ins +2bp, frameshift)",lab_a,6,20,20,20,0,,,,False,allele classes too small (20/0)
OM429_003336,175790,"OM429_003336:175790 indel G->GCC (ins +2bp, frameshift)",lab_b,1,75,75,75,0,,,,False,allele classes too small (75/0)
OM429_003336,175790,"OM429_003336:175790 indel G->GCC (ins +2bp, frameshift)",lab_b,2,12,12,12,0,,,,False,allele classes too small (12/0)
OM429_003336,175790,"OM429_003336:175790 indel G->GCC (ins +2bp, frameshift)",lab_b,3,11,11,11,0,,,,False,allele classes too small (11/0)
OM429_003336,175790,"OM429_003336:175790 indel G->GCC (ins +2bp, frameshift)",lab_b,4,37,37,37,0,,,,False,allele classes too small (37/0)
OM429_003336,175790,"OM429_003336:175790 indel G->GCC (ins +2bp, frameshift)",lab_b,5,16,16,15,1,,,,False,allele classes too small (15/1)
OM429_003336,175790,"OM429_003336:175790 indel G->GCC (ins +2bp, frameshift)",lab_b,6,20,20,20,0,,,,False,allele classes too small (20/0)
OM429_003336,175791,"OM429_003336:175791 indel T->TCAACCTCGGCCTCGGC,C (insdel/snv +0++16bp, frameshift)",chroma,1,75,75,75,0,,,,False,allele classes too small (75/0)
OM429_003336,175791,"OM429_003336:175791 indel T->TCAACCTCGGCCTCGGC,C (insdel/snv +0++16bp, frameshift)",chroma,2,12,12,12,0,,,,False,allele classes too small (12/0)
OM429_003336,175791,"OM429_003336:175791 indel T->TCAACCTCGGCCTCGGC,C (insdel/snv +0++16bp, frameshift)",chroma,3,11,11,11,0,,,,False,allele classes too small (11/0)
OM429_003336,175791,"OM429_003336:175791 indel T->TCAACCTCGGCCTCGGC,C (insdel/snv +0++16bp, frameshift)",chroma,4,37,37,37,0,,,,False,allele classes too small (37/0)
OM429_003336,175791,"OM429_003336:175791 indel T->TCAACCTCGGCCTCGGC,C (insdel/snv +0++16bp, frameshift)",chroma,5,16,16,9,7,-0.7445393030494399,1.1155497152776743,0.5153557666137211,True,
OM429_003336,175791,"OM429_003336:175791 indel T->TCAACCTCGGCCTCGGC,C (insdel/snv +0++16bp, frameshift)",chroma,6,20,20,20,0,,,,False,allele classes too small (20/0)
OM429_003336,175791,"OM429_003336:175791 indel T->TCAACCTCGGCCTCGGC,C (insdel/snv +0++16bp, frameshift)",sat,1,75,75,75,0,,,,False,allele classes too small (75/0)
OM429_003336,175791,"OM429_003336:175791 indel T->TCAACCTCGGCCTCGGC,C (insdel/snv +0++16bp, frameshift)",sat,2,12,12,12,0,,,,False,allele classes too small (12/0)
OM429_003336,175791,"OM429_003336:175791 indel T->TCAACCTCGGCCTCGGC,C (insdel/snv +0++16bp, frameshift)",sat,3,11,11,11,0,,,,False,allele classes too small (11/0)
OM429_003336,175791,"OM429_003336:175791 indel T->TCAACCTCGGCCTCGGC,C (insdel/snv +0++16bp, frameshift)",sat,4,37,37,37,0,,,,False,allele classes too small (37/0)
OM429_003336,175791,"OM429_003336:175791 indel T->TCAACCTCGGCCTCGGC,C (insdel/snv +0++16bp, frameshift)",sat,5,16,16,9,7,-0.02296869333969016,0.027541518035760968,0.41830273153585446,True,
OM429_003336,175791,"OM429_003336:175791 indel T->TCAACCTCGGCCTCGGC,C (insdel/snv +0++16bp, frameshift)",sat,6,20,20,20,0,,,,False,allele classes too small (20/0)
OM429_003336,175791,"OM429_003336:175791 indel T->TCAACCTCGGCCTCGGC,C (insdel/snv +0++16bp, frameshift)",bright,1,75,75,75,0,,,,False,allele classes too small (75/0)
OM429_003336,175791,"OM429_003336:175791 indel T->TCAACCTCGGCCTCGGC,C (insdel/snv +0++16bp, frameshift)",bright,2,12,12,12,0,,,,False,allele classes too small (12/0)
OM429_003336,175791,"OM429_003336:175791 indel T->TCAACCTCGGCCTCGGC,C (insdel/snv +0++16bp, frameshift)",bright,3,11,11,11,0,,,,False,allele classes too small (11/0)
OM429_003336,175791,"OM429_003336:175791 indel T->TCAACCTCGGCCTCGGC,C (insdel/snv +0++16bp, frameshift)",bright,4,37,37,37,0,,,,False,allele classes too small (37/0)
OM429_003336,175791,"OM429_003336:175791 indel T->TCAACCTCGGCCTCGGC,C (insdel/snv +0++16bp, frameshift)",bright,5,16,16,9,7,-0.00890716641174412,0.01682824542501811,0.6048902219454455,True,
OM429_003336,175791,"OM429_003336:175791 indel T->TCAACCTCGGCCTCGGC,C (insdel/snv +0++16bp, frameshift)",bright,6,20,20,20,0,,,,False,allele classes too small (20/0)
OM429_003336,175791,"OM429_003336:175791 indel T->TCAACCTCGGCCTCGGC,C (insdel/snv +0++16bp, frameshift)",lab_L,1,75,75,75,0,,,,False,allele classes too small (75/0)
OM429_003336,175791,"OM429_003336:175791 indel T->TCAACCTCGGCCTCGGC,C (insdel/snv +0++16bp, frameshift)",lab_L,2,12,12,12,0,,,,False,allele classes too small (12/0)
OM429_003336,175791,"OM429_003336:175791 indel T->TCAACCTCGGCCTCGGC,C (insdel/snv +0++16bp, frameshift)",lab_L,3,11,11,11,0,,,,False,allele classes too small (11/0)
OM429_003336,175791,"OM429_003336:175791 indel T->TCAACCTCGGCCTCGGC,C (insdel/snv +0++16bp, frameshift)",lab_L,4,37,37,37,0,,,,False,allele classes too small (37/0)
OM429_003336,175791,"OM429_003336:175791 indel T->TCAACCTCGGCCTCGGC,C (insdel/snv +0++16bp, frameshift)",lab_L,5,16,16,9,7,0.0892475852931394,0.5147356835315507,0.864830524863236,True,
OM429_003336,175791,"OM429_003336:175791 indel T->TCAACCTCGGCCTCGGC,C (insdel/snv +0++16bp, frameshift)",lab_L,6,20,20,20,0,,,,False,allele classes too small (20/0)
OM429_003336,175791,"OM429_003336:175791 indel T->TCAACCTCGGCCTCGGC,C (insdel/snv +0++16bp, frameshift)",lab_a,1,75,75,75,0,,,,False,allele classes too small (75/0)
OM429_003336,175791,"OM429_003336:175791 indel T->TCAACCTCGGCCTCGGC,C (insdel/snv +0++16bp, frameshift)",lab_a,2,12,12,12,0,,,,False,allele classes too small (12/0)
OM429_003336,175791,"OM429_003336:175791 indel T->TCAACCTCGGCCTCGGC,C (insdel/snv +0++16bp, frameshift)",lab_a,3,11,11,11,0,,,,False,allele classes too small (11/0)
OM429_003336,175791,"OM429_003336:175791 indel T->TCAACCTCGGCCTCGGC,C (insdel/snv +0++16bp, frameshift)",lab_a,4,37,37,37,0,,,,False,allele classes too small (37/0)
OM429_003336,175791,"OM429_003336:175791 indel T->TCAACCTCGGCCTCGGC,C (insdel/snv +0++16bp, frameshift)",lab_a,5,16,16,9,7,-0.2780483426662764,0.9809396496263028,0.7809795626154393,True,
OM429_003336,175791,"OM429_003336:175791 indel T->TCAACCTCGGCCTCGGC,C (insdel/snv +0++16bp, frameshift)",lab_a,6,20,20,20,0,,,,False,allele classes too small (20/0)
OM429_003336,175791,"OM429_003336:175791 indel T->TCAACCTCGGCCTCGGC,C (insdel/snv +0++16bp, frameshift)",lab_b,1,75,75,75,0,,,,False,allele classes too small (75/0)
OM429_003336,175791,"OM429_003336:175791 indel T->TCAACCTCGGCCTCGGC,C (insdel/snv +0++16bp, frameshift)",lab_b,2,12,12,12,0,,,,False,allele classes too small (12/0)
OM429_003336,175791,"OM429_003336:175791 indel T->TCAACCTCGGCCTCGGC,C (insdel/snv +0++16bp, frameshift)",lab_b,3,11,11,11,0,,,,False,allele classes too small (11/0)
OM429_003336,175791,"OM429_003336:175791 indel T->TCAACCTCGGCCTCGGC,C (insdel/snv +0++16bp, frameshift)",lab_b,4,37,37,37,0,,,,False,allele classes too small (37/0)
OM429_003336,175791,"OM429_003336:175791 indel T->TCAACCTCGGCCTCGGC,C (insdel/snv +0++16bp, frameshift)",lab_b,5,16,16,9,7,-0.9821402684503635,0.8807724517573822,0.28358810981506255,True,
OM429_003336,175791,"OM429_003336:175791 indel T->TCAACCTCGGCCTCGGC,C (insdel/snv +0++16bp, frameshift)",lab_b,6,20,20,20,0,,,,False,allele classes too small (20/0)
OM429_003336,175820,"OM429_003336:175820 indel GT->G (del -1bp, frameshift)",chroma,1,75,75,75,0,,,,False,allele classes too small (75/0)
OM429_003336,175820,"OM429_003336:175820 indel GT->G (del -1bp, frameshift)",chroma,2,12,12,12,0,,,,False,allele classes too small (12/0)
OM429_003336,175820,"OM429_003336:175820 indel GT->G (del -1bp, frameshift)",chroma,3,11,11,11,0,,,,False,allele classes too small (11/0)
OM429_003336,175820,"OM429_003336:175820 indel GT->G (del -1bp, frameshift)",chroma,4,37,37,37,0,,,,False,allele classes too small (37/0)
OM429_003336,175820,"OM429_003336:175820 indel GT->G (del -1bp, frameshift)",chroma,5,16,16,15,1,,,,False,allele classes too small (15/1)
OM429_003336,175820,"OM429_003336:175820 indel GT->G (del -1bp, frameshift)",chroma,6,20,20,20,0,,,,False,allele classes too small (20/0)
OM429_003336,175820,"OM429_003336:175820 indel GT->G (del -1bp, frameshift)",sat,1,75,75,75,0,,,,False,allele classes too small (75/0)
OM429_003336,175820,"OM429_003336:175820 indel GT->G (del -1bp, frameshift)",sat,2,12,12,12,0,,,,False,allele classes too small (12/0)
OM429_003336,175820,"OM429_003336:175820 indel GT->G (del -1bp, frameshift)",sat,3,11,11,11,0,,,,False,allele classes too small (11/0)
OM429_003336,175820,"OM429_003336:175820 indel GT->G (del -1bp, frameshift)",sat,4,37,37,37,0,,,,False,allele classes too small (37/0)
OM429_003336,175820,"OM429_003336:175820 indel GT->G (del -1bp, frameshift)",sat,5,16,16,15,1,,,,False,allele classes too small (15/1)
OM429_003336,175820,"OM429_003336:175820 indel GT->G (del -1bp, frameshift)",sat,6,20,20,20,0,,,,False,allele classes too small (20/0)
OM429_003336,175820,"OM429_003336:175820 indel GT->G (del -1bp, frameshift)",bright,1,75,75,75,0,,,,False,allele classes too small (75/0)
OM429_003336,175820,"OM429_003336:175820 indel GT->G (del -1bp, frameshift)",bright,2,12,12,12,0,,,,False,allele classes too small (12/0)
OM429_003336,175820,"OM429_003336:175820 indel GT->G (del -1bp, frameshift)",bright,3,11,11,11,0,,,,False,allele classes too small (11/0)
OM429_003336,175820,"OM429_003336:175820 indel GT->G (del -1bp, frameshift)",bright,4,37,37,37,0,,,,False,allele classes too small (37/0)
OM429_003336,175820,"OM429_003336:175820 indel GT->G (del -1bp, frameshift)",bright,5,16,16,15,1,,,,False,allele classes too small (15/1)
OM429_003336,175820,"OM429_003336:175820 indel GT->G (del -1bp, frameshift)",bright,6,20,20,20,0,,,,False,allele classes too small (20/0)
OM429_003336,175820,"OM429_003336:175820 indel GT->G (del -1bp, frameshift)",lab_L,1,75,75,75,0,,,,False,allele classes too small (75/0)
OM429_003336,175820,"OM429_003336:175820 indel GT->G (del -1bp, frameshift)",lab_L,2,12,12,12,0,,,,False,allele classes too small (12/0)
OM429_003336,175820,"OM429_003336:175820 indel GT->G (del -1bp, frameshift)",lab_L,3,11,11,11,0,,,,False,allele classes too small (11/0)
OM429_003336,175820,"OM429_003336:175820 indel GT->G (del -1bp, frameshift)",lab_L,4,37,37,37,0,,,,False,allele classes too small (37/0)
OM429_003336,175820,"OM429_003336:175820 indel GT->G (del -1bp, frameshift)",lab_L,5,16,16,15,1,,,,False,allele classes too small (15/1)
OM429_003336,175820,"OM429_003336:175820 indel GT->G (del -1bp, frameshift)",lab_L,6,20,20,20,0,,,,False,allele classes too small (20/0)
OM429_003336,175820,"OM429_003336:175820 indel GT->G (del -1bp, frameshift)",lab_a,1,75,75,75,0,,,,False,allele classes too small (75/0)
OM429_003336,175820,"OM429_003336:175820 indel GT->G (del -1bp, frameshift)",lab_a,2,12,12,12,0,,,,False,allele classes too small (12/0)
OM429_003336,175820,"OM429_003336:175820 indel GT->G (del -1bp, frameshift)",lab_a,3,11,11,11,0,,,,False,allele classes too small (11/0)
OM429_003336,175820,"OM429_003336:175820 indel GT->G (del -1bp, frameshift)",lab_a,4,37,37,37,0,,,,False,allele classes too small (37/0)
OM429_003336,175820,"OM429_003336:175820 indel GT->G (del -1bp, frameshift)",lab_a,5,16,16,15,1,,,,False,allele classes too small (15/1)
OM429_003336,175820,"OM429_003336:175820 indel GT->G (del -1bp, frameshift)",lab_a,6,20,20,20,0,,,,False,allele classes too small (20/0)
OM429_003336,175820,"OM429_003336:175820 indel GT->G (del -1bp, frameshift)",lab_b,1,75,75,75,0,,,,False,allele classes too small (75/0)
OM429_003336,175820,"OM429_003336:175820 indel GT->G (del -1bp, frameshift)",lab_b,2,12,12,12,0,,,,False,allele classes too small (12/0)
OM429_003336,175820,"OM429_003336:175820 indel GT->G (del -1bp, frameshift)",lab_b,3,11,11,11,0,,,,False,allele classes too small (11/0)
OM429_003336,175820,"OM429_003336:175820 indel GT->G (del -1bp, frameshift)",lab_b,4,37,37,37,0,,,,False,allele classes too small (37/0)
OM429_003336,175820,"OM429_003336:175820 indel GT->G (del -1bp, frameshift)",lab_b,5,16,16,15,1,,,,False,allele classes too small (15/1)
OM429_003336,175820,"OM429_003336:175820 indel GT->G (del -1bp, frameshift)",lab_b,6,20,20,20,0,,,,False,allele classes too small (20/0)
OM429_003336,175823,"OM429_003336:175823 indel ACG->A (del -2bp, frameshift)",chroma,1,75,75,75,0,,,,False,allele classes too small (75/0)
OM429_003336,175823,"OM429_003336:175823 indel ACG->A (del -2bp, frameshift)",chroma,2,12,12,12,0,,,,False,allele classes too small (12/0)
OM429_003336,175823,"OM429_003336:175823 indel ACG->A (del -2bp, frameshift)",chroma,3,11,11,11,0,,,,False,allele classes too small (11/0)
OM429_003336,175823,"OM429_003336:175823 indel ACG->A (del -2bp, frameshift)",chroma,4,37,37,37,0,,,,False,allele classes too small (37/0)
OM429_003336,175823,"OM429_003336:175823 indel ACG->A (del -2bp, frameshift)",chroma,5,15,15,14,1,,,,False,allele classes too small (14/1)
OM429_003336,175823,"OM429_003336:175823 indel ACG->A (del -2bp, frameshift)",chroma,6,20,20,20,0,,,,False,allele classes too small (20/0)
OM429_003336,175823,"OM429_003336:175823 indel ACG->A (del -2bp, frameshift)",sat,1,75,75,75,0,,,,False,allele classes too small (75/0)
OM429_003336,175823,"OM429_003336:175823 indel ACG->A (del -2bp, frameshift)",sat,2,12,12,12,0,,,,False,allele classes too small (12/0)
OM429_003336,175823,"OM429_003336:175823 indel ACG->A (del -2bp, frameshift)",sat,3,11,11,11,0,,,,False,allele classes too small (11/0)
OM429_003336,175823,"OM429_003336:175823 indel ACG->A (del -2bp, frameshift)",sat,4,37,37,37,0,,,,False,allele classes too small (37/0)
OM429_003336,175823,"OM429_003336:175823 indel ACG->A (del -2bp, frameshift)",sat,5,15,15,14,1,,,,False,allele classes too small (14/1)
OM429_003336,175823,"OM429_003336:175823 indel ACG->A (del -2bp, frameshift)",sat,6,20,20,20,0,,,,False,allele classes too small (20/0)
OM429_003336,175823,"OM429_003336:175823 indel ACG->A (del -2bp, frameshift)",bright,1,75,75,75,0,,,,False,allele classes too small (75/0)
OM429_003336,175823,"OM429_003336:175823 indel ACG->A (del -2bp, frameshift)",bright,2,12,12,12,0,,,,False,allele classes too small (12/0)
OM429_003336,175823,"OM429_003336:175823 indel ACG->A (del -2bp, frameshift)",bright,3,11,11,11,0,,,,False,allele classes too small (11/0)
OM429_003336,175823,"OM429_003336:175823 indel ACG->A (del -2bp, frameshift)",bright,4,37,37,37,0,,,,False,allele classes too small (37/0)
OM429_003336,175823,"OM429_003336:175823 indel ACG->A (del -2bp, frameshift)",bright,5,15,15,14,1,,,,False,allele classes too small (14/1)
OM429_003336,175823,"OM429_003336:175823 indel ACG->A (del -2bp, frameshift)",bright,6,20,20,20,0,,,,False,allele classes too small (20/0)
OM429_003336,175823,"OM429_003336:175823 indel ACG->A (del -2bp, frameshift)",lab_L,1,75,75,75,0,,,,False,allele classes too small (75/0)
OM429_003336,175823,"OM429_003336:175823 indel ACG->A (del -2bp, frameshift)",lab_L,2,12,12,12,0,,,,False,allele classes too small (12/0)
OM429_003336,175823,"OM429_003336:175823 indel ACG->A (del -2bp, frameshift)",lab_L,3,11,11,11,0,,,,False,allele classes too small (11/0)
OM429_003336,175823,"OM429_003336:175823 indel ACG->A (del -2bp, frameshift)",lab_L,4,37,37,37,0,,,,False,allele classes too small (37/0)
OM429_003336,175823,"OM429_003336:175823 indel ACG->A (del -2bp, frameshift)",lab_L,5,15,15,14,1,,,,False,allele classes too small (14/1)
OM429_003336,175823,"OM429_003336:175823 indel ACG->A (del -2bp, frameshift)",lab_L,6,20,20,20,0,,,,False,allele classes too small (20/0)
OM429_003336,175823,"OM429_003336:175823 indel ACG->A (del -2bp, frameshift)",lab_a,1,75,75,75,0,,,,False,allele classes too small (75/0)
OM429_003336,175823,"OM429_003336:175823 indel ACG->A (del -2bp, frameshift)",lab_a,2,12,12,12,0,,,,False,allele classes too small (12/0)
OM429_003336,175823,"OM429_003336:175823 indel ACG->A (del -2bp, frameshift)",lab_a,3,11,11,11,0,,,,False,allele classes too small (11/0)
OM429_003336,175823,"OM429_003336:175823 indel ACG->A (del -2bp, frameshift)",lab_a,4,37,37,37,0,,,,False,allele classes too small (37/0)
OM429_003336,175823,"OM429_003336:175823 indel ACG->A (del -2bp, frameshift)",lab_a,5,15,15,14,1,,,,False,allele classes too small (14/1)
OM429_003336,175823,"OM429_003336:175823 indel ACG->A (del -2bp, frameshift)",lab_a,6,20,20,20,0,,,,False,allele classes too small (20/0)
OM429_003336,175823,"OM429_003336:175823 indel ACG->A (del -2bp, frameshift)",lab_b,1,75,75,75,0,,,,False,allele classes too small (75/0)
OM429_003336,175823,"OM429_003336:175823 indel ACG->A (del -2bp, frameshift)",lab_b,2,12,12,12,0,,,,False,allele classes too small (12/0)
OM429_003336,175823,"OM429_003336:175823 indel ACG->A (del -2bp, frameshift)",lab_b,3,11,11,11,0,,,,False,allele classes too small (11/0)
OM429_003336,175823,"OM429_003336:175823 indel ACG->A (del -2bp, frameshift)",lab_b,4,37,37,37,0,,,,False,allele classes too small (37/0)
OM429_003336,175823,"OM429_003336:175823 indel ACG->A (del -2bp, frameshift)",lab_b,5,15,15,14,1,,,,False,allele classes too small (14/1)
OM429_003336,175823,"OM429_003336:175823 indel ACG->A (del -2bp, frameshift)",lab_b,6,20,20,20,0,,,,False,allele classes too small (20/0)
OM429_003336,175833,"OM429_003336:175833 indel C->CT (ins +1bp, frameshift)",chroma,1,75,75,75,0,,,,False,allele classes too small (75/0)
OM429_003336,175833,"OM429_003336:175833 indel C->CT (ins +1bp, frameshift)",chroma,2,12,12,12,0,,,,False,allele classes too small (12/0)
OM429_003336,175833,"OM429_003336:175833 indel C->CT (ins +1bp, frameshift)",chroma,3,11,11,11,0,,,,False,allele classes too small (11/0)
OM429_003336,175833,"OM429_003336:175833 indel C->CT (ins +1bp, frameshift)",chroma,4,37,37,37,0,,,,False,allele classes too small (37/0)
OM429_003336,175833,"OM429_003336:175833 indel C->CT (ins +1bp, frameshift)",chroma,5,16,16,11,5,0.3319943650016887,1.2095223690005328,0.7877215663800646,True,
OM429_003336,175833,"OM429_003336:175833 indel C->CT (ins +1bp, frameshift)",chroma,6,20,20,20,0,,,,False,allele classes too small (20/0)
OM429_003336,175833,"OM429_003336:175833 indel C->CT (ins +1bp, frameshift)",sat,1,75,75,75,0,,,,False,allele classes too small (75/0)
OM429_003336,175833,"OM429_003336:175833 indel C->CT (ins +1bp, frameshift)",sat,2,12,12,12,0,,,,False,allele classes too small (12/0)
OM429_003336,175833,"OM429_003336:175833 indel C->CT (ins +1bp, frameshift)",sat,3,11,11,11,0,,,,False,allele classes too small (11/0)
OM429_003336,175833,"OM429_003336:175833 indel C->CT (ins +1bp, frameshift)",sat,4,37,37,37,0,,,,False,allele classes too small (37/0)
OM429_003336,175833,"OM429_003336:175833 indel C->CT (ins +1bp, frameshift)",sat,5,16,16,11,5,0.0014397877290930278,0.030197410676953113,0.9626454200734947,True,
OM429_003336,175833,"OM429_003336:175833 indel C->CT (ins +1bp, frameshift)",sat,6,20,20,20,0,,,,False,allele classes too small (20/0)
OM429_003336,175833,"OM429_003336:175833 indel C->CT (ins +1bp, frameshift)",bright,1,75,75,75,0,,,,False,allele classes too small (75/0)
OM429_003336,175833,"OM429_003336:175833 indel C->CT (ins +1bp, frameshift)",bright,2,12,12,12,0,,,,False,allele classes too small (12/0)
OM429_003336,175833,"OM429_003336:175833 indel C->CT (ins +1bp, frameshift)",bright,3,11,11,11,0,,,,False,allele classes too small (11/0)
OM429_003336,175833,"OM429_003336:175833 indel C->CT (ins +1bp, frameshift)",bright,4,37,37,37,0,,,,False,allele classes too small (37/0)
OM429_003336,175833,"OM429_003336:175833 indel C->CT (ins +1bp, frameshift)",bright,5,16,16,11,5,0.003429343792699286,0.01816679181719759,0.8529822586575307,True,
OM429_003336,175833,"OM429_003336:175833 indel C->CT (ins +1bp, frameshift)",bright,6,20,20,20,0,,,,False,allele classes too small (20/0)
OM429_003336,175833,"OM429_003336:175833 indel C->CT (ins +1bp, frameshift)",lab_L,1,75,75,75,0,,,,False,allele classes too small (75/0)
OM429_003336,175833,"OM429_003336:175833 indel C->CT (ins +1bp, frameshift)",lab_L,2,12,12,12,0,,,,False,allele classes too small (12/0)
OM429_003336,175833,"OM429_003336:175833 indel C->CT (ins +1bp, frameshift)",lab_L,3,11,11,11,0,,,,False,allele classes too small (11/0)
OM429_003336,175833,"OM429_003336:175833 indel C->CT (ins +1bp, frameshift)",lab_L,4,37,37,37,0,,,,False,allele classes too small (37/0)
OM429_003336,175833,"OM429_003336:175833 indel C->CT (ins +1bp, frameshift)",lab_L,5,16,16,11,5,-0.10298958136061277,0.5508043905276662,0.8543586590665478,True,
OM429_003336,175833,"OM429_003336:175833 indel C->CT (ins +1bp, frameshift)",lab_L,6,20,20,20,0,,,,False,allele classes too small (20/0)
OM429_003336,175833,"OM429_003336:175833 indel C->CT (ins +1bp, frameshift)",lab_a,1,75,75,75,0,,,,False,allele classes too small (75/0)
OM429_003336,175833,"OM429_003336:175833 indel C->CT (ins +1bp, frameshift)",lab_a,2,12,12,12,0,,,,False,allele classes too small (12/0)
OM429_003336,175833,"OM429_003336:175833 indel C->CT (ins +1bp, frameshift)",lab_a,3,11,11,11,0,,,,False,allele classes too small (11/0)
OM429_003336,175833,"OM429_003336:175833 indel C->CT (ins +1bp, frameshift)",lab_a,4,37,37,37,0,,,,False,allele classes too small (37/0)
OM429_003336,175833,"OM429_003336:175833 indel C->CT (ins +1bp, frameshift)",lab_a,5,16,16,11,5,0.7003463048347399,1.0360964975882043,0.5100869004775781,True,
OM429_003336,175833,"OM429_003336:175833 indel C->CT (ins +1bp, frameshift)",lab_a,6,20,20,20,0,,,,False,allele classes too small (20/0)
OM429_003336,175833,"OM429_003336:175833 indel C->CT (ins +1bp, frameshift)",lab_b,1,75,75,75,0,,,,False,allele classes too small (75/0)
OM429_003336,175833,"OM429_003336:175833 indel C->CT (ins +1bp, frameshift)",lab_b,2,12,12,12,0,,,,False,allele classes too small (12/0)
OM429_003336,175833,"OM429_003336:175833 indel C->CT (ins +1bp, frameshift)",lab_b,3,11,11,11,0,,,,False,allele classes too small (11/0)
OM429_003336,175833,"OM429_003336:175833 indel C->CT (ins +1bp, frameshift)",lab_b,4,37,37,37,0,,,,False,allele classes too small (37/0)
OM429_003336,175833,"OM429_003336:175833 indel C->CT (ins +1bp, frameshift)",lab_b,5,16,16,11,5,-0.6173698171967208,0.9696881179591094,0.5346129900134591,True,
OM429_003336,175833,"OM429_003336:175833 indel C->CT (ins +1bp, frameshift)",lab_b,6,20,20,20,0,,,,False,allele classes too small (20/0)
OM429_003336,175834,"OM429_003336:175834 indel G->GCTGCTGCT (ins +8bp, frameshift)",chroma,1,75,75,75,0,,,,False,allele classes too small (75/0)
OM429_003336,175834,"OM429_003336:175834 indel G->GCTGCTGCT (ins +8bp, frameshift)",chroma,2,12,12,12,0,,,,False,allele classes too small (12/0)
OM429_003336,175834,"OM429_003336:175834 indel G->GCTGCTGCT (ins +8bp, frameshift)",chroma,3,11,11,11,0,,,,False,allele classes too small (11/0)
OM429_003336,175834,"OM429_003336:175834 indel G->GCTGCTGCT (ins +8bp, frameshift)",chroma,4,37,37,37,0,,,,False,allele classes too small (37/0)
OM429_003336,175834,"OM429_003336:175834 indel G->GCTGCTGCT (ins +8bp, frameshift)",chroma,5,15,15,10,5,0.02424190558101391,1.1765587760773886,0.9838743785472788,True,
OM429_003336,175834,"OM429_003336:175834 indel G->GCTGCTGCT (ins +8bp, frameshift)",chroma,6,20,20,20,0,,,,False,allele classes too small (20/0)
OM429_003336,175834,"OM429_003336:175834 indel G->GCTGCTGCT (ins +8bp, frameshift)",sat,1,75,75,75,0,,,,False,allele classes too small (75/0)
OM429_003336,175834,"OM429_003336:175834 indel G->GCTGCTGCT (ins +8bp, frameshift)",sat,2,12,12,12,0,,,,False,allele classes too small (12/0)
OM429_003336,175834,"OM429_003336:175834 indel G->GCTGCTGCT (ins +8bp, frameshift)",sat,3,11,11,11,0,,,,False,allele classes too small (11/0)
OM429_003336,175834,"OM429_003336:175834 indel G->GCTGCTGCT (ins +8bp, frameshift)",sat,4,37,37,37,0,,,,False,allele classes too small (37/0)
OM429_003336,175834,"OM429_003336:175834 indel G->GCTGCTGCT (ins +8bp, frameshift)",sat,5,15,15,10,5,-0.006134109331685898,0.029446575341804657,0.838212705220794,True,
OM429_003336,175834,"OM429_003336:175834 indel G->GCTGCTGCT (ins +8bp, frameshift)",sat,6,20,20,20,0,,,,False,allele classes too small (20/0)
OM429_003336,175834,"OM429_003336:175834 indel G->GCTGCTGCT (ins +8bp, frameshift)",bright,1,75,75,75,0,,,,False,allele classes too small (75/0)
OM429_003336,175834,"OM429_003336:175834 indel G->GCTGCTGCT (ins +8bp, frameshift)",bright,2,12,12,12,0,,,,False,allele classes too small (12/0)
OM429_003336,175834,"OM429_003336:175834 indel G->GCTGCTGCT (ins +8bp, frameshift)",bright,3,11,11,11,0,,,,False,allele classes too small (11/0)
OM429_003336,175834,"OM429_003336:175834 indel G->GCTGCTGCT (ins +8bp, frameshift)",bright,4,37,37,37,0,,,,False,allele classes too small (37/0)
OM429_003336,175834,"OM429_003336:175834 indel G->GCTGCTGCT (ins +8bp, frameshift)",bright,5,15,15,10,5,0.0014630540932326517,0.018886816627467606,0.9394337685664034,True,
OM429_003336,175834,"OM429_003336:175834 indel G->GCTGCTGCT (ins +8bp, frameshift)",bright,6,20,20,20,0,,,,False,allele classes too small (20/0)
OM429_003336,175834,"OM429_003336:175834 indel G->GCTGCTGCT (ins +8bp, frameshift)",lab_L,1,75,75,75,0,,,,False,allele classes too small (75/0)
OM429_003336,175834,"OM429_003336:175834 indel G->GCTGCTGCT (ins +8bp, frameshift)",lab_L,2,12,12,12,0,,,,False,allele classes too small (12/0)
OM429_003336,175834,"OM429_003336:175834 indel G->GCTGCTGCT (ins +8bp, frameshift)",lab_L,3,11,11,11,0,,,,False,allele classes too small (11/0)
OM429_003336,175834,"OM429_003336:175834 indel G->GCTGCTGCT (ins +8bp, frameshift)",lab_L,4,37,37,37,0,,,,False,allele classes too small (37/0)
OM429_003336,175834,"OM429_003336:175834 indel G->GCTGCTGCT (ins +8bp, frameshift)",lab_L,5,15,15,10,5,0.029132616251999463,0.5409443836335923,0.9578694360074717,True,
OM429_003336,175834,"OM429_003336:175834 indel G->GCTGCTGCT (ins +8bp, frameshift)",lab_L,6,20,20,20,0,,,,False,allele classes too small (20/0)
OM429_003336,175834,"OM429_003336:175834 indel G->GCTGCTGCT (ins +8bp, frameshift)",lab_a,1,75,75,75,0,,,,False,allele classes too small (75/0)
OM429_003336,175834,"OM429_003336:175834 indel G->GCTGCTGCT (ins +8bp, frameshift)",lab_a,2,12,12,12,0,,,,False,allele classes too small (12/0)
OM429_003336,175834,"OM429_003336:175834 indel G->GCTGCTGCT (ins +8bp, frameshift)",lab_a,3,11,11,11,0,,,,False,allele classes too small (11/0)
OM429_003336,175834,"OM429_003336:175834 indel G->GCTGCTGCT (ins +8bp, frameshift)",lab_a,4,37,37,37,0,,,,False,allele classes too small (37/0)
OM429_003336,175834,"OM429_003336:175834 indel G->GCTGCTGCT (ins +8bp, frameshift)",lab_a,5,15,15,10,5,0.4394811138863547,1.0096810780766936,0.6705076082554716,True,
OM429_003336,175834,"OM429_003336:175834 indel G->GCTGCTGCT (ins +8bp, frameshift)",lab_a,6,20,20,20,0,,,,False,allele classes too small (20/0)
OM429_003336,175834,"OM429_003336:175834 indel G->GCTGCTGCT (ins +8bp, frameshift)",lab_b,1,75,75,75,0,,,,False,allele classes too small (75/0)
OM429_003336,175834,"OM429_003336:175834 indel G->GCTGCTGCT (ins +8bp, frameshift)",lab_b,2,12,12,12,0,,,,False,allele classes too small (12/0)
OM429_003336,175834,"OM429_003336:175834 indel G->GCTGCTGCT (ins +8bp, frameshift)",lab_b,3,11,11,11,0,,,,False,allele classes too small (11/0)
OM429_003336,175834,"OM429_003336:175834 indel G->GCTGCTGCT (ins +8bp, frameshift)",lab_b,4,37,37,37,0,,,,False,allele classes too small (37/0)
OM429_003336,175834,"OM429_003336:175834 indel G->GCTGCTGCT (ins +8bp, frameshift)",lab_b,5,15,15,10,5,-0.7538627234863905,0.9984876788964587,0.46370577985499173,True,
OM429_003336,175834,"OM429_003336:175834 indel G->GCTGCTGCT (ins +8bp, frameshift)",lab_b,6,20,20,20,0,,,,False,allele classes too small (20/0)
OM429_003336,175880,"OM429_003336:175880 indel TCGG->T (del -3bp, in-frame)",chroma,1,75,75,75,0,,,,False,allele classes too small (75/0)
OM429_003336,175880,"OM429_003336:175880 indel TCGG->T (del -3bp, in-frame)",chroma,2,12,12,12,0,,,,False,allele classes too small (12/0)
OM429_003336,175880,"OM429_003336:175880 indel TCGG->T (del -3bp, in-frame)",chroma,3,11,11,11,0,,,,False,allele classes too small (11/0)
OM429_003336,175880,"OM429_003336:175880 indel TCGG->T (del -3bp, in-frame)",chroma,4,37,37,37,0,,,,False,allele classes too small (37/0)
OM429_003336,175880,"OM429_003336:175880 indel TCGG->T (del -3bp, in-frame)",chroma,5,16,16,11,5,0.22245536561195212,1.2113143665421748,0.8569229549659589,True,
OM429_003336,175880,"OM429_003336:175880 indel TCGG->T (del -3bp, in-frame)",chroma,6,20,20,20,0,,,,False,allele classes too small (20/0)
OM429_003336,175880,"OM429_003336:175880 indel TCGG->T (del -3bp, in-frame)",sat,1,75,75,75,0,,,,False,allele classes too small (75/0)
OM429_003336,175880,"OM429_003336:175880 indel TCGG->T (del -3bp, in-frame)",sat,2,12,12,12,0,,,,False,allele classes too small (12/0)
OM429_003336,175880,"OM429_003336:175880 indel TCGG->T (del -3bp, in-frame)",sat,3,11,11,11,0,,,,False,allele classes too small (11/0)
OM429_003336,175880,"OM429_003336:175880 indel TCGG->T (del -3bp, in-frame)",sat,4,37,37,37,0,,,,False,allele classes too small (37/0)
OM429_003336,175880,"OM429_003336:175880 indel TCGG->T (del -3bp, in-frame)",sat,5,16,16,11,5,0.00448197824250277,0.03017609676316013,0.8840446755684129,True,
OM429_003336,175880,"OM429_003336:175880 indel TCGG->T (del -3bp, in-frame)",sat,6,20,20,20,0,,,,False,allele classes too small (20/0)
OM429_003336,175880,"OM429_003336:175880 indel TCGG->T (del -3bp, in-frame)",bright,1,75,75,75,0,,,,False,allele classes too small (75/0)
OM429_003336,175880,"OM429_003336:175880 indel TCGG->T (del -3bp, in-frame)",bright,2,12,12,12,0,,,,False,allele classes too small (12/0)
OM429_003336,175880,"OM429_003336:175880 indel TCGG->T (del -3bp, in-frame)",bright,3,11,11,11,0,,,,False,allele classes too small (11/0)
OM429_003336,175880,"OM429_003336:175880 indel TCGG->T (del -3bp, in-frame)",bright,4,37,37,37,0,,,,False,allele classes too small (37/0)
OM429_003336,175880,"OM429_003336:175880 indel TCGG->T (del -3bp, in-frame)",bright,5,16,16,11,5,-0.01198421038029645,0.017905688739737118,0.5141933499848814,True,
OM429_003336,175880,"OM429_003336:175880 indel TCGG->T (del -3bp, in-frame)",bright,6,20,20,20,0,,,,False,allele classes too small (20/0)
OM429_003336,175880,"OM429_003336:175880 indel TCGG->T (del -3bp, in-frame)",lab_L,1,75,75,75,0,,,,False,allele classes too small (75/0)
OM429_003336,175880,"OM429_003336:175880 indel TCGG->T (del -3bp, in-frame)",lab_L,2,12,12,12,0,,,,False,allele classes too small (12/0)
OM429_003336,175880,"OM429_003336:175880 indel TCGG->T (del -3bp, in-frame)",lab_L,3,11,11,11,0,,,,False,allele classes too small (11/0)
OM429_003336,175880,"OM429_003336:175880 indel TCGG->T (del -3bp, in-frame)",lab_L,4,37,37,37,0,,,,False,allele classes too small (37/0)
OM429_003336,175880,"OM429_003336:175880 indel TCGG->T (del -3bp, in-frame)",lab_L,5,16,16,11,5,-0.9654955290485376,0.48739994650916174,0.06759642076842208,True,
OM429_003336,175880,"OM429_003336:175880 indel TCGG->T (del -3bp, in-frame)",lab_L,6,20,20,20,0,,,,False,allele classes too small (20/0)
OM429_003336,175880,"OM429_003336:175880 indel TCGG->T (del -3bp, in-frame)",lab_a,1,75,75,75,0,,,,False,allele classes too small (75/0)
OM429_003336,175880,"OM429_003336:175880 indel TCGG->T (del -3bp, in-frame)",lab_a,2,12,12,12,0,,,,False,allele classes too small (12/0)
OM429_003336,175880,"OM429_003336:175880 indel TCGG->T (del -3bp, in-frame)",lab_a,3,11,11,11,0,,,,False,allele classes too small (11/0)
OM429_003336,175880,"OM429_003336:175880 indel TCGG->T (del -3bp, in-frame)",lab_a,4,37,37,37,0,,,,False,allele classes too small (37/0)
OM429_003336,175880,"OM429_003336:175880 indel TCGG->T (del -3bp, in-frame)",lab_a,5,16,16,11,5,0.20009779662046034,1.0515087510975742,0.8518090052272494,True,
OM429_003336,175880,"OM429_003336:175880 indel TCGG->T (del -3bp, in-frame)",lab_a,6,20,20,20,0,,,,False,allele classes too small (20/0)
OM429_003336,175880,"OM429_003336:175880 indel TCGG->T (del -3bp, in-frame)",lab_b,1,75,75,75,0,,,,False,allele classes too small (75/0)
OM429_003336,175880,"OM429_003336:175880 indel TCGG->T (del -3bp, in-frame)",lab_b,2,12,12,12,0,,,,False,allele classes too small (12/0)
OM429_003336,175880,"OM429_003336:175880 indel TCGG->T (del -3bp, in-frame)",lab_b,3,11,11,11,0,,,,False,allele classes too small (11/0)
OM429_003336,175880,"OM429_003336:175880 indel TCGG->T (del -3bp, in-frame)",lab_b,4,37,37,37,0,,,,False,allele classes too small (37/0)
OM429_003336,175880,"OM429_003336:175880 indel TCGG->T (del -3bp, in-frame)",lab_b,5,16,16,11,5,-0.04325406650912746,0.9835578718709748,0.965543717149045,True,
OM429_003336,175880,"OM429_003336:175880 indel TCGG->T (del -3bp, in-frame)",lab_b,6,20,20,20,0,,,,False,allele classes too small (20/0)
OM429_003336,175899,"OM429_003336:175899 indel A->AAACC (ins +4bp, frameshift)",chroma,1,75,75,75,0,,,,False,allele classes too small (75/0)
OM429_003336,175899,"OM429_003336:175899 indel A->AAACC (ins +4bp, frameshift)",chroma,2,12,12,12,0,,,,False,allele classes too small (12/0)
OM429_003336,175899,"OM429_003336:175899 indel A->AAACC (ins +4bp, frameshift)",chroma,3,11,11,11,0,,,,False,allele classes too small (11/0)
OM429_003336,175899,"OM429_003336:175899 indel A->AAACC (ins +4bp, frameshift)",chroma,4,37,37,37,0,,,,False,allele classes too small (37/0)
OM429_003336,175899,"OM429_003336:175899 indel A->AAACC (ins +4bp, frameshift)",chroma,5,16,16,11,5,0.22245536561195212,1.2113143665421748,0.8569229549659589,True,
OM429_003336,175899,"OM429_003336:175899 indel A->AAACC (ins +4bp, frameshift)",chroma,6,20,20,20,0,,,,False,allele classes too small (20/0)
OM429_003336,175899,"OM429_003336:175899 indel A->AAACC (ins +4bp, frameshift)",sat,1,75,75,75,0,,,,False,allele classes too small (75/0)
OM429_003336,175899,"OM429_003336:175899 indel A->AAACC (ins +4bp, frameshift)",sat,2,12,12,12,0,,,,False,allele classes too small (12/0)
OM429_003336,175899,"OM429_003336:175899 indel A->AAACC (ins +4bp, frameshift)",sat,3,11,11,11,0,,,,False,allele classes too small (11/0)
OM429_003336,175899,"OM429_003336:175899 indel A->AAACC (ins +4bp, frameshift)",sat,4,37,37,37,0,,,,False,allele classes too small (37/0)
OM429_003336,175899,"OM429_003336:175899 indel A->AAACC (ins +4bp, frameshift)",sat,5,16,16,11,5,0.00448197824250277,0.03017609676316013,0.8840446755684129,True,
OM429_003336,175899,"OM429_003336:175899 indel A->AAACC (ins +4bp, frameshift)",sat,6,20,20,20,0,,,,False,allele classes too small (20/0)
OM429_003336,175899,"OM429_003336:175899 indel A->AAACC (ins +4bp, frameshift)",bright,1,75,75,75,0,,,,False,allele classes too small (75/0)
OM429_003336,175899,"OM429_003336:175899 indel A->AAACC (ins +4bp, frameshift)",bright,2,12,12,12,0,,,,False,allele classes too small (12/0)
OM429_003336,175899,"OM429_003336:175899 indel A->AAACC (ins +4bp, frameshift)",bright,3,11,11,11,0,,,,False,allele classes too small (11/0)
OM429_003336,175899,"OM429_003336:175899 indel A->AAACC (ins +4bp, frameshift)",bright,4,37,37,37,0,,,,False,allele classes too small (37/0)
OM429_003336,175899,"OM429_003336:175899 indel A->AAACC (ins +4bp, frameshift)",bright,5,16,16,11,5,-0.01198421038029645,0.017905688739737118,0.5141933499848814,True,
OM429_003336,175899,"OM429_003336:175899 indel A->AAACC (ins +4bp, frameshift)",bright,6,20,20,20,0,,,,False,allele classes too small (20/0)
OM429_003336,175899,"OM429_003336:175899 indel A->AAACC (ins +4bp, frameshift)",lab_L,1,75,75,75,0,,,,False,allele classes too small (75/0)
OM429_003336,175899,"OM429_003336:175899 indel A->AAACC (ins +4bp, frameshift)",lab_L,2,12,12,12,0,,,,False,allele classes too small (12/0)
OM429_003336,175899,"OM429_003336:175899 indel A->AAACC (ins +4bp, frameshift)",lab_L,3,11,11,11,0,,,,False,allele classes too small (11/0)
OM429_003336,175899,"OM429_003336:175899 indel A->AAACC (ins +4bp, frameshift)",lab_L,4,37,37,37,0,,,,False,allele classes too small (37/0)
OM429_003336,175899,"OM429_003336:175899 indel A->AAACC (ins +4bp, frameshift)",lab_L,5,16,16,11,5,-0.9654955290485376,0.48739994650916174,0.06759642076842208,True,
OM429_003336,175899,"OM429_003336:175899 indel A->AAACC (ins +4bp, frameshift)",lab_L,6,20,20,20,0,,,,False,allele classes too small (20/0)
OM429_003336,175899,"OM429_003336:175899 indel A->AAACC (ins +4bp, frameshift)",lab_a,1,75,75,75,0,,,,False,allele classes too small (75/0)
OM429_003336,175899,"OM429_003336:175899 indel A->AAACC (ins +4bp, frameshift)",lab_a,2,12,12,12,0,,,,False,allele classes too small (12/0)
OM429_003336,175899,"OM429_003336:175899 indel A->AAACC (ins +4bp, frameshift)",lab_a,3,11,11,11,0,,,,False,allele classes too small (11/0)
OM429_003336,175899,"OM429_003336:175899 indel A->AAACC (ins +4bp, frameshift)",lab_a,4,37,37,37,0,,,,False,allele classes too small (37/0)
OM429_003336,175899,"OM429_003336:175899 indel A->AAACC (ins +4bp, frameshift)",lab_a,5,16,16,11,5,0.20009779662046034,1.0515087510975742,0.8518090052272494,True,
OM429_003336,175899,"OM429_003336:175899 indel A->AAACC (ins +4bp, frameshift)",lab_a,6,20,20,20,0,,,,False,allele classes too small (20/0)
OM429_003336,175899,"OM429_003336:175899 indel A->AAACC (ins +4bp, frameshift)",lab_b,1,75,75,75,0,,,,False,allele classes too small (75/0)
OM429_003336,175899,"OM429_003336:175899 indel A->AAACC (ins +4bp, frameshift)",lab_b,2,12,12,12,0,,,,False,allele classes too small (12/0)
OM429_003336,175899,"OM429_003336:175899 indel A->AAACC (ins +4bp, frameshift)",lab_b,3,11,11,11,0,,,,False,allele classes too small (11/0)
OM429_003336,175899,"OM429_003336:175899 indel A->AAACC (ins +4bp, frameshift)",lab_b,4,37,37,37,0,,,,False,allele classes too small (37/0)
OM429_003336,175899,"OM429_003336:175899 indel A->AAACC (ins +4bp, frameshift)",lab_b,5,16,16,11,5,-0.04325406650912746,0.9835578718709748,0.965543717149045,True,
OM429_003336,175899,"OM429_003336:175899 indel A->AAACC (ins +4bp, frameshift)",lab_b,6,20,20,20,0,,,,False,allele classes too small (20/0)
OM429_003336,175902,"OM429_003336:175902 indel CT->C (del -1bp, frameshift)",chroma,1,75,75,75,0,,,,False,allele classes too small (75/0)
OM429_003336,175902,"OM429_003336:175902 indel CT->C (del -1bp, frameshift)",chroma,2,12,12,12,0,,,,False,allele classes too small (12/0)
OM429_003336,175902,"OM429_003336:175902 indel CT->C (del -1bp, frameshift)",chroma,3,11,11,11,0,,,,False,allele classes too small (11/0)
OM429_003336,175902,"OM429_003336:175902 indel CT->C (del -1bp, frameshift)",chroma,4,37,37,37,0,,,,False,allele classes too small (37/0)
OM429_003336,175902,"OM429_003336:175902 indel CT->C (del -1bp, frameshift)",chroma,5,16,16,11,5,0.22245536561195212,1.2113143665421748,0.8569229549659589,True,
OM429_003336,175902,"OM429_003336:175902 indel CT->C (del -1bp, frameshift)",chroma,6,20,20,20,0,,,,False,allele classes too small (20/0)
OM429_003336,175902,"OM429_003336:175902 indel CT->C (del -1bp, frameshift)",sat,1,75,75,75,0,,,,False,allele classes too small (75/0)
OM429_003336,175902,"OM429_003336:175902 indel CT->C (del -1bp, frameshift)",sat,2,12,12,12,0,,,,False,allele classes too small (12/0)
OM429_003336,175902,"OM429_003336:175902 indel CT->C (del -1bp, frameshift)",sat,3,11,11,11,0,,,,False,allele classes too small (11/0)
OM429_003336,175902,"OM429_003336:175902 indel CT->C (del -1bp, frameshift)",sat,4,37,37,37,0,,,,False,allele classes too small (37/0)
OM429_003336,175902,"OM429_003336:175902 indel CT->C (del -1bp, frameshift)",sat,5,16,16,11,5,0.00448197824250277,0.03017609676316013,0.8840446755684129,True,
OM429_003336,175902,"OM429_003336:175902 indel CT->C (del -1bp, frameshift)",sat,6,20,20,20,0,,,,False,allele classes too small (20/0)
OM429_003336,175902,"OM429_003336:175902 indel CT->C (del -1bp, frameshift)",bright,1,75,75,75,0,,,,False,allele classes too small (75/0)
OM429_003336,175902,"OM429_003336:175902 indel CT->C (del -1bp, frameshift)",bright,2,12,12,12,0,,,,False,allele classes too small (12/0)
OM429_003336,175902,"OM429_003336:175902 indel CT->C (del -1bp, frameshift)",bright,3,11,11,11,0,,,,False,allele classes too small (11/0)
OM429_003336,175902,"OM429_003336:175902 indel CT->C (del -1bp, frameshift)",bright,4,37,37,37,0,,,,False,allele classes too small (37/0)
OM429_003336,175902,"OM429_003336:175902 indel CT->C (del -1bp, frameshift)",bright,5,16,16,11,5,-0.01198421038029645,0.017905688739737118,0.5141933499848814,True,
OM429_003336,175902,"OM429_003336:175902 indel CT->C (del -1bp, frameshift)",bright,6,20,20,20,0,,,,False,allele classes too small (20/0)
OM429_003336,175902,"OM429_003336:175902 indel CT->C (del -1bp, frameshift)",lab_L,1,75,75,75,0,,,,False,allele classes too small (75/0)
OM429_003336,175902,"OM429_003336:175902 indel CT->C (del -1bp, frameshift)",lab_L,2,12,12,12,0,,,,False,allele classes too small (12/0)
OM429_003336,175902,"OM429_003336:175902 indel CT->C (del -1bp, frameshift)",lab_L,3,11,11,11,0,,,,False,allele classes too small (11/0)
OM429_003336,175902,"OM429_003336:175902 indel CT->C (del -1bp, frameshift)",lab_L,4,37,37,37,0,,,,False,allele classes too small (37/0)
OM429_003336,175902,"OM429_003336:175902 indel CT->C (del -1bp, frameshift)",lab_L,5,16,16,11,5,-0.9654955290485376,0.48739994650916174,0.06759642076842208,True,
OM429_003336,175902,"OM429_003336:175902 indel CT->C (del -1bp, frameshift)",lab_L,6,20,20,20,0,,,,False,allele classes too small (20/0)
OM429_003336,175902,"OM429_003336:175902 indel CT->C (del -1bp, frameshift)",lab_a,1,75,75,75,0,,,,False,allele classes too small (75/0)
OM429_003336,175902,"OM429_003336:175902 indel CT->C (del -1bp, frameshift)",lab_a,2,12,12,12,0,,,,False,allele classes too small (12/0)
OM429_003336,175902,"OM429_003336:175902 indel CT->C (del -1bp, frameshift)",lab_a,3,11,11,11,0,,,,False,allele classes too small (11/0)
OM429_003336,175902,"OM429_003336:175902 indel CT->C (del -1bp, frameshift)",lab_a,4,37,37,37,0,,,,False,allele classes too small (37/0)
OM429_003336,175902,"OM429_003336:175902 indel CT->C (del -1bp, frameshift)",lab_a,5,16,16,11,5,0.20009779662046034,1.0515087510975742,0.8518090052272494,True,
OM429_003336,175902,"OM429_003336:175902 indel CT->C (del -1bp, frameshift)",lab_a,6,20,20,20,0,,,,False,allele classes too small (20/0)
OM429_003336,175902,"OM429_003336:175902 indel CT->C (del -1bp, frameshift)",lab_b,1,75,75,75,0,,,,False,allele classes too small (75/0)
OM429_003336,175902,"OM429_003336:175902 indel CT->C (del -1bp, frameshift)",lab_b,2,12,12,12,0,,,,False,allele classes too small (12/0)
OM429_003336,175902,"OM429_003336:175902 indel CT->C (del -1bp, frameshift)",lab_b,3,11,11,11,0,,,,False,allele classes too small (11/0)
OM429_003336,175902,"OM429_003336:175902 indel CT->C (del -1bp, frameshift)",lab_b,4,37,37,37,0,,,,False,allele classes too small (37/0)
OM429_003336,175902,"OM429_003336:175902 indel CT->C (del -1bp, frameshift)",lab_b,5,16,16,11,5,-0.04325406650912746,0.9835578718709748,0.965543717149045,True,
OM429_003336,175902,"OM429_003336:175902 indel CT->C (del -1bp, frameshift)",lab_b,6,20,20,20,0,,,,False,allele classes too small (20/0)
OM429_003336,175932,"OM429_003336:175932 indel T->TACC,TACCACC (ins +3++6bp, in-frame)",chroma,1,75,75,75,0,,,,False,allele classes too small (75/0)
OM429_003336,175932,"OM429_003336:175932 indel T->TACC,TACCACC (ins +3++6bp, in-frame)",chroma,2,12,12,12,0,,,,False,allele classes too small (12/0)
OM429_003336,175932,"OM429_003336:175932 indel T->TACC,TACCACC (ins +3++6bp, in-frame)",chroma,3,11,11,11,0,,,,False,allele classes too small (11/0)
OM429_003336,175932,"OM429_003336:175932 indel T->TACC,TACCACC (ins +3++6bp, in-frame)",chroma,4,37,37,37,0,,,,False,allele classes too small (37/0)
OM429_003336,175932,"OM429_003336:175932 indel T->TACC,TACCACC (ins +3++6bp, in-frame)",chroma,5,16,16,10,6,-0.6444220037276511,1.1482971290521244,0.583534360044739,True,
OM429_003336,175932,"OM429_003336:175932 indel T->TACC,TACCACC (ins +3++6bp, in-frame)",chroma,6,20,20,20,0,,,,False,allele classes too small (20/0)
OM429_003336,175932,"OM429_003336:175932 indel T->TACC,TACCACC (ins +3++6bp, in-frame)",sat,1,75,75,75,0,,,,False,allele classes too small (75/0)
OM429_003336,175932,"OM429_003336:175932 indel T->TACC,TACCACC (ins +3++6bp, in-frame)",sat,2,12,12,12,0,,,,False,allele classes too small (12/0)
OM429_003336,175932,"OM429_003336:175932 indel T->TACC,TACCACC (ins +3++6bp, in-frame)",sat,3,11,11,11,0,,,,False,allele classes too small (11/0)
OM429_003336,175932,"OM429_003336:175932 indel T->TACC,TACCACC (ins +3++6bp, in-frame)",sat,4,37,37,37,0,,,,False,allele classes too small (37/0)
OM429_003336,175932,"OM429_003336:175932 indel T->TACC,TACCACC (ins +3++6bp, in-frame)",sat,5,16,16,10,6,-0.01620856108387402,0.028587821003266962,0.5797092328012646,True,
OM429_003336,175932,"OM429_003336:175932 indel T->TACC,TACCACC (ins +3++6bp, in-frame)",sat,6,20,20,20,0,,,,False,allele classes too small (20/0)
OM429_003336,175932,"OM429_003336:175932 indel T->TACC,TACCACC (ins +3++6bp, in-frame)",bright,1,75,75,75,0,,,,False,allele classes too small (75/0)
OM429_003336,175932,"OM429_003336:175932 indel T->TACC,TACCACC (ins +3++6bp, in-frame)",bright,2,12,12,12,0,,,,False,allele classes too small (12/0)
OM429_003336,175932,"OM429_003336:175932 indel T->TACC,TACCACC (ins +3++6bp, in-frame)",bright,3,11,11,11,0,,,,False,allele classes too small (11/0)
OM429_003336,175932,"OM429_003336:175932 indel T->TACC,TACCACC (ins +3++6bp, in-frame)",bright,4,37,37,37,0,,,,False,allele classes too small (37/0)
OM429_003336,175932,"OM429_003336:175932 indel T->TACC,TACCACC (ins +3++6bp, in-frame)",bright,5,16,16,10,6,-0.01651474402990771,0.016846912459455306,0.34358378967154746,True,
OM429_003336,175932,"OM429_003336:175932 indel T->TACC,TACCACC (ins +3++6bp, in-frame)",bright,6,20,20,20,0,,,,False,allele classes too small (20/0)
OM429_003336,175932,"OM429_003336:175932 indel T->TACC,TACCACC (ins +3++6bp, in-frame)",lab_L,1,75,75,75,0,,,,False,allele classes too small (75/0)
OM429_003336,175932,"OM429_003336:175932 indel T->TACC,TACCACC (ins +3++6bp, in-frame)",lab_L,2,12,12,12,0,,,,False,allele classes too small (12/0)
OM429_003336,175932,"OM429_003336:175932 indel T->TACC,TACCACC (ins +3++6bp, in-frame)",lab_L,3,11,11,11,0,,,,False,allele classes too small (11/0)
OM429_003336,175932,"OM429_003336:175932 indel T->TACC,TACCACC (ins +3++6bp, in-frame)",lab_L,4,37,37,37,0,,,,False,allele classes too small (37/0)
OM429_003336,175932,"OM429_003336:175932 indel T->TACC,TACCACC (ins +3++6bp, in-frame)",lab_L,5,16,16,10,6,-0.5241292428808094,0.5090929213633697,0.32068755075598715,True,
OM429_003336,175932,"OM429_003336:175932 indel T->TACC,TACCACC (ins +3++6bp, in-frame)",lab_L,6,20,20,20,0,,,,False,allele classes too small (20/0)
OM429_003336,175932,"OM429_003336:175932 indel T->TACC,TACCACC (ins +3++6bp, in-frame)",lab_a,1,75,75,75,0,,,,False,allele classes too small (75/0)
OM429_003336,175932,"OM429_003336:175932 indel T->TACC,TACCACC (ins +3++6bp, in-frame)",lab_a,2,12,12,12,0,,,,False,allele classes too small (12/0)
OM429_003336,175932,"OM429_003336:175932 indel T->TACC,TACCACC (ins +3++6bp, in-frame)",lab_a,3,11,11,11,0,,,,False,allele classes too small (11/0)
OM429_003336,175932,"OM429_003336:175932 indel T->TACC,TACCACC (ins +3++6bp, in-frame)",lab_a,4,37,37,37,0,,,,False,allele classes too small (37/0)
OM429_003336,175932,"OM429_003336:175932 indel T->TACC,TACCACC (ins +3++6bp, in-frame)",lab_a,5,16,16,10,6,-0.570579721029834,0.9964430085890464,0.5759856303244855,True,
OM429_003336,175932,"OM429_003336:175932 indel T->TACC,TACCACC (ins +3++6bp, in-frame)",lab_a,6,20,20,20,0,,,,False,allele classes too small (20/0)
OM429_003336,175932,"OM429_003336:175932 indel T->TACC,TACCACC (ins +3++6bp, in-frame)",lab_b,1,75,75,75,0,,,,False,allele classes too small (75/0)
OM429_003336,175932,"OM429_003336:175932 indel T->TACC,TACCACC (ins +3++6bp, in-frame)",lab_b,2,12,12,12,0,,,,False,allele classes too small (12/0)
OM429_003336,175932,"OM429_003336:175932 indel T->TACC,TACCACC (ins +3++6bp, in-frame)",lab_b,3,11,11,11,0,,,,False,allele classes too small (11/0)
OM429_003336,175932,"OM429_003336:175932 indel T->TACC,TACCACC (ins +3++6bp, in-frame)",lab_b,4,37,37,37,0,,,,False,allele classes too small (37/0)
OM429_003336,175932,"OM429_003336:175932 indel T->TACC,TACCACC (ins +3++6bp, in-frame)",lab_b,5,16,16,10,6,-0.352183159639426,0.9370344614569933,0.7126632343758043,True,
OM429_003336,175932,"OM429_003336:175932 indel T->TACC,TACCACC (ins +3++6bp, in-frame)",lab_b,6,20,20,20,0,,,,False,allele classes too small (20/0)
OM429_003336,175942,"OM429_003336:175942 indel ACCT->A (del -3bp, in-frame)",chroma,1,75,75,75,0,,,,False,allele classes too small (75/0)
OM429_003336,175942,"OM429_003336:175942 indel ACCT->A (del -3bp, in-frame)",chroma,2,12,12,12,0,,,,False,allele classes too small (12/0)
OM429_003336,175942,"OM429_003336:175942 indel ACCT->A (del -3bp, in-frame)",chroma,3,11,11,11,0,,,,False,allele classes too small (11/0)
OM429_003336,175942,"OM429_003336:175942 indel ACCT->A (del -3bp, in-frame)",chroma,4,37,37,37,0,,,,False,allele classes too small (37/0)
OM429_003336,175942,"OM429_003336:175942 indel ACCT->A (del -3bp, in-frame)",chroma,5,16,16,13,3,1.0650976687886105,1.4118068227170588,0.4630979968149324,True,
OM429_003336,175942,"OM429_003336:175942 indel ACCT->A (del -3bp, in-frame)",chroma,6,20,20,20,0,,,,False,allele classes too small (20/0)
OM429_003336,175942,"OM429_003336:175942 indel ACCT->A (del -3bp, in-frame)",sat,1,75,75,75,0,,,,False,allele classes too small (75/0)
OM429_003336,175942,"OM429_003336:175942 indel ACCT->A (del -3bp, in-frame)",sat,2,12,12,12,0,,,,False,allele classes too small (12/0)
OM429_003336,175942,"OM429_003336:175942 indel ACCT->A (del -3bp, in-frame)",sat,3,11,11,11,0,,,,False,allele classes too small (11/0)
OM429_003336,175942,"OM429_003336:175942 indel ACCT->A (del -3bp, in-frame)",sat,4,37,37,37,0,,,,False,allele classes too small (37/0)
OM429_003336,175942,"OM429_003336:175942 indel ACCT->A (del -3bp, in-frame)",sat,5,16,16,13,3,0.039291150237693834,0.034291799186014105,0.2710911325985605,True,
OM429_003336,175942,"OM429_003336:175942 indel ACCT->A (del -3bp, in-frame)",sat,6,20,20,20,0,,,,False,allele classes too small (20/0)
OM429_003336,175942,"OM429_003336:175942 indel ACCT->A (del -3bp, in-frame)",bright,1,75,75,75,0,,,,False,allele classes too small (75/0)
OM429_003336,175942,"OM429_003336:175942 indel ACCT->A (del -3bp, in-frame)",bright,2,12,12,12,0,,,,False,allele classes too small (12/0)
OM429_003336,175942,"OM429_003336:175942 indel ACCT->A (del -3bp, in-frame)",bright,3,11,11,11,0,,,,False,allele classes too small (11/0)
OM429_003336,175942,"OM429_003336:175942 indel ACCT->A (del -3bp, in-frame)",bright,4,37,37,37,0,,,,False,allele classes too small (37/0)
OM429_003336,175942,"OM429_003336:175942 indel ACCT->A (del -3bp, in-frame)",bright,5,16,16,13,3,0.015344193648725576,0.02120842778011818,0.4812902611043489,True,
OM429_003336,175942,"OM429_003336:175942 indel ACCT->A (del -3bp, in-frame)",bright,6,20,20,20,0,,,,False,allele classes too small (20/0)
OM429_003336,175942,"OM429_003336:175942 indel ACCT->A (del -3bp, in-frame)",lab_L,1,75,75,75,0,,,,False,allele classes too small (75/0)
OM429_003336,175942,"OM429_003336:175942 indel ACCT->A (del -3bp, in-frame)",lab_L,2,12,12,12,0,,,,False,allele classes too small (12/0)
OM429_003336,175942,"OM429_003336:175942 indel ACCT->A (del -3bp, in-frame)",lab_L,3,11,11,11,0,,,,False,allele classes too small (11/0)
OM429_003336,175942,"OM429_003336:175942 indel ACCT->A (del -3bp, in-frame)",lab_L,4,37,37,37,0,,,,False,allele classes too small (37/0)
OM429_003336,175942,"OM429_003336:175942 indel ACCT->A (del -3bp, in-frame)",lab_L,5,16,16,13,3,0.1865378629382235,0.6530193824508167,0.7793257061035362,True,
OM429_003336,175942,"OM429_003336:175942 indel ACCT->A (del -3bp, in-frame)",lab_L,6,20,20,20,0,,,,False,allele classes too small (20/0)
OM429_003336,175942,"OM429_003336:175942 indel ACCT->A (del -3bp, in-frame)",lab_a,1,75,75,75,0,,,,False,allele classes too small (75/0)
OM429_003336,175942,"OM429_003336:175942 indel ACCT->A (del -3bp, in-frame)",lab_a,2,12,12,12,0,,,,False,allele classes too small (12/0)
OM429_003336,175942,"OM429_003336:175942 indel ACCT->A (del -3bp, in-frame)",lab_a,3,11,11,11,0,,,,False,allele classes too small (11/0)
OM429_003336,175942,"OM429_003336:175942 indel ACCT->A (del -3bp, in-frame)",lab_a,4,37,37,37,0,,,,False,allele classes too small (37/0)
OM429_003336,175942,"OM429_003336:175942 indel ACCT->A (del -3bp, in-frame)",lab_a,5,16,16,13,3,0.1747950269232713,1.2494518773296803,0.8907337980738044,True,
OM429_003336,175942,"OM429_003336:175942 indel ACCT->A (del -3bp, in-frame)",lab_a,6,20,20,20,0,,,,False,allele classes too small (20/0)
OM429_003336,175942,"OM429_003336:175942 indel ACCT->A (del -3bp, in-frame)",lab_b,1,75,75,75,0,,,,False,allele classes too small (75/0)
OM429_003336,175942,"OM429_003336:175942 indel ACCT->A (del -3bp, in-frame)",lab_b,2,12,12,12,0,,,,False,allele classes too small (12/0)
OM429_003336,175942,"OM429_003336:175942 indel ACCT->A (del -3bp, in-frame)",lab_b,3,11,11,11,0,,,,False,allele classes too small (11/0)
OM429_003336,175942,"OM429_003336:175942 indel ACCT->A (del -3bp, in-frame)",lab_b,4,37,37,37,0,,,,False,allele classes too small (37/0)
OM429_003336,175942,"OM429_003336:175942 indel ACCT->A (del -3bp, in-frame)",lab_b,5,16,16,13,3,2.018892470096065,1.0360083319687383,0.07165790505444816,True,
OM429_003336,175942,"OM429_003336:175942 indel ACCT->A (del -3bp, in-frame)",lab_b,6,20,20,20,0,,,,False,allele classes too small (20/0)
OM429_003336,175944,"OM429_003336:175944 indel CT->C,* (del -1bp, frameshift)",chroma,1,75,75,75,0,,,,False,allele classes too small (75/0)
OM429_003336,175944,"OM429_003336:175944 indel CT->C,* (del -1bp, frameshift)",chroma,2,12,12,12,0,,,,False,allele classes too small (12/0)
OM429_003336,175944,"OM429_003336:175944 indel CT->C,* (del -1bp, frameshift)",chroma,3,11,11,11,0,,,,False,allele classes too small (11/0)
OM429_003336,175944,"OM429_003336:175944 indel CT->C,* (del -1bp, frameshift)",chroma,4,37,37,37,0,,,,False,allele classes too small (37/0)
OM429_003336,175944,"OM429_003336:175944 indel CT->C,* (del -1bp, frameshift)",chroma,5,16,16,8,8,0.9343515493413859,1.096186801776192,0.40835676259456505,True,
OM429_003336,175944,"OM429_003336:175944 indel CT->C,* (del -1bp, frameshift)",chroma,6,20,20,20,0,,,,False,allele classes too small (20/0)
OM429_003336,175944,"OM429_003336:175944 indel CT->C,* (del -1bp, frameshift)",sat,1,75,75,75,0,,,,False,allele classes too small (75/0)
OM429_003336,175944,"OM429_003336:175944 indel CT->C,* (del -1bp, frameshift)",sat,2,12,12,12,0,,,,False,allele classes too small (12/0)
OM429_003336,175944,"OM429_003336:175944 indel CT->C,* (del -1bp, frameshift)",sat,3,11,11,11,0,,,,False,allele classes too small (11/0)
OM429_003336,175944,"OM429_003336:175944 indel CT->C,* (del -1bp, frameshift)",sat,4,37,37,37,0,,,,False,allele classes too small (37/0)
OM429_003336,175944,"OM429_003336:175944 indel CT->C,* (del -1bp, frameshift)",sat,5,16,16,8,8,0.025180362255783996,0.027175133766668705,0.36983516215006473,True,
OM429_003336,175944,"OM429_003336:175944 indel CT->C,* (del -1bp, frameshift)",sat,6,20,20,20,0,,,,False,allele classes too small (20/0)
OM429_003336,175944,"OM429_003336:175944 indel CT->C,* (del -1bp, frameshift)",bright,1,75,75,75,0,,,,False,allele classes too small (75/0)
OM429_003336,175944,"OM429_003336:175944 indel CT->C,* (del -1bp, frameshift)",bright,2,12,12,12,0,,,,False,allele classes too small (12/0)
OM429_003336,175944,"OM429_003336:175944 indel CT->C,* (del -1bp, frameshift)",bright,3,11,11,11,0,,,,False,allele classes too small (11/0)
OM429_003336,175944,"OM429_003336:175944 indel CT->C,* (del -1bp, frameshift)",bright,4,37,37,37,0,,,,False,allele classes too small (37/0)
OM429_003336,175944,"OM429_003336:175944 indel CT->C,* (del -1bp, frameshift)",bright,5,16,16,8,8,0.012297460326543094,0.016539088918559746,0.46945060948477163,True,
OM429_003336,175944,"OM429_003336:175944 indel CT->C,* (del -1bp, frameshift)",bright,6,20,20,20,0,,,,False,allele classes too small (20/0)
OM429_003336,175944,"OM429_003336:175944 indel CT->C,* (del -1bp, frameshift)",lab_L,1,75,75,75,0,,,,False,allele classes too small (75/0)
OM429_003336,175944,"OM429_003336:175944 indel CT->C,* (del -1bp, frameshift)",lab_L,2,12,12,12,0,,,,False,allele classes too small (12/0)
OM429_003336,175944,"OM429_003336:175944 indel CT->C,* (del -1bp, frameshift)",lab_L,3,11,11,11,0,,,,False,allele classes too small (11/0)
OM429_003336,175944,"OM429_003336:175944 indel CT->C,* (del -1bp, frameshift)",lab_L,4,37,37,37,0,,,,False,allele classes too small (37/0)
OM429_003336,175944,"OM429_003336:175944 indel CT->C,* (del -1bp, frameshift)",lab_L,5,16,16,8,8,0.025164838746203344,0.5112022601932463,0.9614339770605485,True,
OM429_003336,175944,"OM429_003336:175944 indel CT->C,* (del -1bp, frameshift)",lab_L,6,20,20,20,0,,,,False,allele classes too small (20/0)
OM429_003336,175944,"OM429_003336:175944 indel CT->C,* (del -1bp, frameshift)",lab_a,1,75,75,75,0,,,,False,allele classes too small (75/0)
OM429_003336,175944,"OM429_003336:175944 indel CT->C,* (del -1bp, frameshift)",lab_a,2,12,12,12,0,,,,False,allele classes too small (12/0)
OM429_003336,175944,"OM429_003336:175944 indel CT->C,* (del -1bp, frameshift)",lab_a,3,11,11,11,0,,,,False,allele classes too small (11/0)
OM429_003336,175944,"OM429_003336:175944 indel CT->C,* (del -1bp, frameshift)",lab_a,4,37,37,37,0,,,,False,allele classes too small (37/0)
OM429_003336,175944,"OM429_003336:175944 indel CT->C,* (del -1bp, frameshift)",lab_a,5,16,16,8,8,0.7083758252487231,0.9574971975920997,0.4716337117210243,True,
OM429_003336,175944,"OM429_003336:175944 indel CT->C,* (del -1bp, frameshift)",lab_a,6,20,20,20,0,,,,False,allele classes too small (20/0)
OM429_003336,175944,"OM429_003336:175944 indel CT->C,* (del -1bp, frameshift)",lab_b,1,75,75,75,0,,,,False,allele classes too small (75/0)
OM429_003336,175944,"OM429_003336:175944 indel CT->C,* (del -1bp, frameshift)",lab_b,2,12,12,12,0,,,,False,allele classes too small (12/0)
OM429_003336,175944,"OM429_003336:175944 indel CT->C,* (del -1bp, frameshift)",lab_b,3,11,11,11,0,,,,False,allele classes too small (11/0)
OM429_003336,175944,"OM429_003336:175944 indel CT->C,* (del -1bp, frameshift)",lab_b,4,37,37,37,0,,,,False,allele classes too small (37/0)
OM429_003336,175944,"OM429_003336:175944 indel CT->C,* (del -1bp, frameshift)",lab_b,5,16,16,8,8,0.6997104123113577,0.8924635654393703,0.44609060702549536,True,
OM429_003336,175944,"OM429_003336:175944 indel CT->C,* (del -1bp, frameshift)",lab_b,6,20,20,20,0,,,,False,allele classes too small (20/0)
OM429_003336,175946,"OM429_003336:175946 indel CCT->C (del -2bp, frameshift)",chroma,1,75,75,75,0,,,,False,allele classes too small (75/0)
OM429_003336,175946,"OM429_003336:175946 indel CCT->C (del -2bp, frameshift)",chroma,2,12,12,12,0,,,,False,allele classes too small (12/0)
OM429_003336,175946,"OM429_003336:175946 indel CCT->C (del -2bp, frameshift)",chroma,3,11,11,11,0,,,,False,allele classes too small (11/0)
OM429_003336,175946,"OM429_003336:175946 indel CCT->C (del -2bp, frameshift)",chroma,4,37,37,37,0,,,,False,allele classes too small (37/0)
OM429_003336,175946,"OM429_003336:175946 indel CCT->C (del -2bp, frameshift)",chroma,5,16,16,11,5,0.3319943650016887,1.2095223690005328,0.7877215663800646,True,
OM429_003336,175946,"OM429_003336:175946 indel CCT->C (del -2bp, frameshift)",chroma,6,20,20,20,0,,,,False,allele classes too small (20/0)
OM429_003336,175946,"OM429_003336:175946 indel CCT->C (del -2bp, frameshift)",sat,1,75,75,75,0,,,,False,allele classes too small (75/0)
OM429_003336,175946,"OM429_003336:175946 indel CCT->C (del -2bp, frameshift)",sat,2,12,12,12,0,,,,False,allele classes too small (12/0)
OM429_003336,175946,"OM429_003336:175946 indel CCT->C (del -2bp, frameshift)",sat,3,11,11,11,0,,,,False,allele classes too small (11/0)
OM429_003336,175946,"OM429_003336:175946 indel CCT->C (del -2bp, frameshift)",sat,4,37,37,37,0,,,,False,allele classes too small (37/0)
OM429_003336,175946,"OM429_003336:175946 indel CCT->C (del -2bp, frameshift)",sat,5,16,16,11,5,0.0014397877290930278,0.030197410676953113,0.9626454200734947,True,
OM429_003336,175946,"OM429_003336:175946 indel CCT->C (del -2bp, frameshift)",sat,6,20,20,20,0,,,,False,allele classes too small (20/0)
OM429_003336,175946,"OM429_003336:175946 indel CCT->C (del -2bp, frameshift)",bright,1,75,75,75,0,,,,False,allele classes too small (75/0)
OM429_003336,175946,"OM429_003336:175946 indel CCT->C (del -2bp, frameshift)",bright,2,12,12,12,0,,,,False,allele classes too small (12/0)
OM429_003336,175946,"OM429_003336:175946 indel CCT->C (del -2bp, frameshift)",bright,3,11,11,11,0,,,,False,allele classes too small (11/0)
OM429_003336,175946,"OM429_003336:175946 indel CCT->C (del -2bp, frameshift)",bright,4,37,37,37,0,,,,False,allele classes too small (37/0)
OM429_003336,175946,"OM429_003336:175946 indel CCT->C (del -2bp, frameshift)",bright,5,16,16,11,5,0.003429343792699286,0.01816679181719759,0.8529822586575307,True,
OM429_003336,175946,"OM429_003336:175946 indel CCT->C (del -2bp, frameshift)",bright,6,20,20,20,0,,,,False,allele classes too small (20/0)
OM429_003336,175946,"OM429_003336:175946 indel CCT->C (del -2bp, frameshift)",lab_L,1,75,75,75,0,,,,False,allele classes too small (75/0)
OM429_003336,175946,"OM429_003336:175946 indel CCT->C (del -2bp, frameshift)",lab_L,2,12,12,12,0,,,,False,allele classes too small (12/0)
OM429_003336,175946,"OM429_003336:175946 indel CCT->C (del -2bp, frameshift)",lab_L,3,11,11,11,0,,,,False,allele classes too small (11/0)
OM429_003336,175946,"OM429_003336:175946 indel CCT->C (del -2bp, frameshift)",lab_L,4,37,37,37,0,,,,False,allele classes too small (37/0)
OM429_003336,175946,"OM429_003336:175946 indel CCT->C (del -2bp, frameshift)",lab_L,5,16,16,11,5,-0.10298958136061277,0.5508043905276662,0.8543586590665478,True,
OM429_003336,175946,"OM429_003336:175946 indel CCT->C (del -2bp, frameshift)",lab_L,6,20,20,20,0,,,,False,allele classes too small (20/0)
OM429_003336,175946,"OM429_003336:175946 indel CCT->C (del -2bp, frameshift)",lab_a,1,75,75,75,0,,,,False,allele classes too small (75/0)
OM429_003336,175946,"OM429_003336:175946 indel CCT->C (del -2bp, frameshift)",lab_a,2,12,12,12,0,,,,False,allele classes too small (12/0)
OM429_003336,175946,"OM429_003336:175946 indel CCT->C (del -2bp, frameshift)",lab_a,3,11,11,11,0,,,,False,allele classes too small (11/0)
OM429_003336,175946,"OM429_003336:175946 indel CCT->C (del -2bp, frameshift)",lab_a,4,37,37,37,0,,,,False,allele classes too small (37/0)
OM429_003336,175946,"OM429_003336:175946 indel CCT->C (del -2bp, frameshift)",lab_a,5,16,16,11,5,0.7003463048347399,1.0360964975882043,0.5100869004775781,True,
OM429_003336,175946,"OM429_003336:175946 indel CCT->C (del -2bp, frameshift)",lab_a,6,20,20,20,0,,,,False,allele classes too small (20/0)
OM429_003336,175946,"OM429_003336:175946 indel CCT->C (del -2bp, frameshift)",lab_b,1,75,75,75,0,,,,False,allele classes too small (75/0)
OM429_003336,175946,"OM429_003336:175946 indel CCT->C (del -2bp, frameshift)",lab_b,2,12,12,12,0,,,,False,allele classes too small (12/0)
OM429_003336,175946,"OM429_003336:175946 indel CCT->C (del -2bp, frameshift)",lab_b,3,11,11,11,0,,,,False,allele classes too small (11/0)
OM429_003336,175946,"OM429_003336:175946 indel CCT->C (del -2bp, frameshift)",lab_b,4,37,37,37,0,,,,False,allele classes too small (37/0)
OM429_003336,175946,"OM429_003336:175946 indel CCT->C (del -2bp, frameshift)",lab_b,5,16,16,11,5,-0.6173698171967208,0.9696881179591094,0.5346129900134591,True,
OM429_003336,175946,"OM429_003336:175946 indel CCT->C (del -2bp, frameshift)",lab_b,6,20,20,20,0,,,,False,allele classes too small (20/0)
OM429_003336,175969,"OM429_003336:175969 indel CTTT->C (del -3bp, in-frame)",chroma,1,75,75,75,0,,,,False,allele classes too small (75/0)
OM429_003336,175969,"OM429_003336:175969 indel CTTT->C (del -3bp, in-frame)",chroma,2,12,12,12,0,,,,False,allele classes too small (12/0)
OM429_003336,175969,"OM429_003336:175969 indel CTTT->C (del -3bp, in-frame)",chroma,3,11,11,11,0,,,,False,allele classes too small (11/0)
OM429_003336,175969,"OM429_003336:175969 indel CTTT->C (del -3bp, in-frame)",chroma,4,37,37,37,0,,,,False,allele classes too small (37/0)
OM429_003336,175969,"OM429_003336:175969 indel CTTT->C (del -3bp, in-frame)",chroma,5,16,16,8,8,0.9343515493413859,1.096186801776192,0.40835676259456505,True,
OM429_003336,175969,"OM429_003336:175969 indel CTTT->C (del -3bp, in-frame)",chroma,6,20,20,20,0,,,,False,allele classes too small (20/0)
OM429_003336,175969,"OM429_003336:175969 indel CTTT->C (del -3bp, in-frame)",sat,1,75,75,75,0,,,,False,allele classes too small (75/0)
OM429_003336,175969,"OM429_003336:175969 indel CTTT->C (del -3bp, in-frame)",sat,2,12,12,12,0,,,,False,allele classes too small (12/0)
OM429_003336,175969,"OM429_003336:175969 indel CTTT->C (del -3bp, in-frame)",sat,3,11,11,11,0,,,,False,allele classes too small (11/0)
OM429_003336,175969,"OM429_003336:175969 indel CTTT->C (del -3bp, in-frame)",sat,4,37,37,37,0,,,,False,allele classes too small (37/0)
OM429_003336,175969,"OM429_003336:175969 indel CTTT->C (del -3bp, in-frame)",sat,5,16,16,8,8,0.025180362255783996,0.027175133766668705,0.36983516215006473,True,
OM429_003336,175969,"OM429_003336:175969 indel CTTT->C (del -3bp, in-frame)",sat,6,20,20,20,0,,,,False,allele classes too small (20/0)
OM429_003336,175969,"OM429_003336:175969 indel CTTT->C (del -3bp, in-frame)",bright,1,75,75,75,0,,,,False,allele classes too small (75/0)
OM429_003336,175969,"OM429_003336:175969 indel CTTT->C (del -3bp, in-frame)",bright,2,12,12,12,0,,,,False,allele classes too small (12/0)
OM429_003336,175969,"OM429_003336:175969 indel CTTT->C (del -3bp, in-frame)",bright,3,11,11,11,0,,,,False,allele classes too small (11/0)
OM429_003336,175969,"OM429_003336:175969 indel CTTT->C (del -3bp, in-frame)",bright,4,37,37,37,0,,,,False,allele classes too small (37/0)
OM429_003336,175969,"OM429_003336:175969 indel CTTT->C (del -3bp, in-frame)",bright,5,16,16,8,8,0.012297460326543094,0.016539088918559746,0.46945060948477163,True,
OM429_003336,175969,"OM429_003336:175969 indel CTTT->C (del -3bp, in-frame)",bright,6,20,20,20,0,,,,False,allele classes too small (20/0)
OM429_003336,175969,"OM429_003336:175969 indel CTTT->C (del -3bp, in-frame)",lab_L,1,75,75,75,0,,,,False,allele classes too small (75/0)
OM429_003336,175969,"OM429_003336:175969 indel CTTT->C (del -3bp, in-frame)",lab_L,2,12,12,12,0,,,,False,allele classes too small (12/0)
OM429_003336,175969,"OM429_003336:175969 indel CTTT->C (del -3bp, in-frame)",lab_L,3,11,11,11,0,,,,False,allele classes too small (11/0)
OM429_003336,175969,"OM429_003336:175969 indel CTTT->C (del -3bp, in-frame)",lab_L,4,37,37,37,0,,,,False,allele classes too small (37/0)
OM429_003336,175969,"OM429_003336:175969 indel CTTT->C (del -3bp, in-frame)",lab_L,5,16,16,8,8,0.025164838746203344,0.5112022601932463,0.9614339770605485,True,
OM429_003336,175969,"OM429_003336:175969 indel CTTT->C (del -3bp, in-frame)",lab_L,6,20,20,20,0,,,,False,allele classes too small (20/0)
OM429_003336,175969,"OM429_003336:175969 indel CTTT->C (del -3bp, in-frame)",lab_a,1,75,75,75,0,,,,False,allele classes too small (75/0)
OM429_003336,175969,"OM429_003336:175969 indel CTTT->C (del -3bp, in-frame)",lab_a,2,12,12,12,0,,,,False,allele classes too small (12/0)
OM429_003336,175969,"OM429_003336:175969 indel CTTT->C (del -3bp, in-frame)",lab_a,3,11,11,11,0,,,,False,allele classes too small (11/0)
OM429_003336,175969,"OM429_003336:175969 indel CTTT->C (del -3bp, in-frame)",lab_a,4,37,37,37,0,,,,False,allele classes too small (37/0)
OM429_003336,175969,"OM429_003336:175969 indel CTTT->C (del -3bp, in-frame)",lab_a,5,16,16,8,8,0.7083758252487231,0.9574971975920997,0.4716337117210243,True,
OM429_003336,175969,"OM429_003336:175969 indel CTTT->C (del -3bp, in-frame)",lab_a,6,20,20,20,0,,,,False,allele classes too small (20/0)
OM429_003336,175969,"OM429_003336:175969 indel CTTT->C (del -3bp, in-frame)",lab_b,1,75,75,75,0,,,,False,allele classes too small (75/0)
OM429_003336,175969,"OM429_003336:175969 indel CTTT->C (del -3bp, in-frame)",lab_b,2,12,12,12,0,,,,False,allele classes too small (12/0)
OM429_003336,175969,"OM429_003336:175969 indel CTTT->C (del -3bp, in-frame)",lab_b,3,11,11,11,0,,,,False,allele classes too small (11/0)
OM429_003336,175969,"OM429_003336:175969 indel CTTT->C (del -3bp, in-frame)",lab_b,4,37,37,37,0,,,,False,allele classes too small (37/0)
OM429_003336,175969,"OM429_003336:175969 indel CTTT->C (del -3bp, in-frame)",lab_b,5,16,16,8,8,0.6997104123113577,0.8924635654393703,0.44609060702549536,True,
OM429_003336,175969,"OM429_003336:175969 indel CTTT->C (del -3bp, in-frame)",lab_b,6,20,20,20,0,,,,False,allele classes too small (20/0)
OM429_003336,175971,"OM429_003336:175971 indel TTTC->*,CTTC,T (insdel/snv -3++0bp, in-frame)",chroma,1,75,75,75,0,,,,False,allele classes too small (75/0)
OM429_003336,175971,"OM429_003336:175971 indel TTTC->*,CTTC,T (insdel/snv -3++0bp, in-frame)",chroma,2,12,12,12,0,,,,False,allele classes too small (12/0)
OM429_003336,175971,"OM429_003336:175971 indel TTTC->*,CTTC,T (insdel/snv -3++0bp, in-frame)",chroma,3,11,11,11,0,,,,False,allele classes too small (11/0)
OM429_003336,175971,"OM429_003336:175971 indel TTTC->*,CTTC,T (insdel/snv -3++0bp, in-frame)",chroma,4,37,37,37,0,,,,False,allele classes too small (37/0)
OM429_003336,175971,"OM429_003336:175971 indel TTTC->*,CTTC,T (insdel/snv -3++0bp, in-frame)",chroma,5,16,16,2,14,,,,False,allele classes too small (2/14)
OM429_003336,175971,"OM429_003336:175971 indel TTTC->*,CTTC,T (insdel/snv -3++0bp, in-frame)",chroma,6,20,20,18,2,,,,False,allele classes too small (18/2)
OM429_003336,175971,"OM429_003336:175971 indel TTTC->*,CTTC,T (insdel/snv -3++0bp, in-frame)",sat,1,75,75,75,0,,,,False,allele classes too small (75/0)
OM429_003336,175971,"OM429_003336:175971 indel TTTC->*,CTTC,T (insdel/snv -3++0bp, in-frame)",sat,2,12,12,12,0,,,,False,allele classes too small (12/0)
OM429_003336,175971,"OM429_003336:175971 indel TTTC->*,CTTC,T (insdel/snv -3++0bp, in-frame)",sat,3,11,11,11,0,,,,False,allele classes too small (11/0)
OM429_003336,175971,"OM429_003336:175971 indel TTTC->*,CTTC,T (insdel/snv -3++0bp, in-frame)",sat,4,37,37,37,0,,,,False,allele classes too small (37/0)
OM429_003336,175971,"OM429_003336:175971 indel TTTC->*,CTTC,T (insdel/snv -3++0bp, in-frame)",sat,5,16,16,2,14,,,,False,allele classes too small (2/14)
OM429_003336,175971,"OM429_003336:175971 indel TTTC->*,CTTC,T (insdel/snv -3++0bp, in-frame)",sat,6,20,20,18,2,,,,False,allele classes too small (18/2)
OM429_003336,175971,"OM429_003336:175971 indel TTTC->*,CTTC,T (insdel/snv -3++0bp, in-frame)",bright,1,75,75,75,0,,,,False,allele classes too small (75/0)
OM429_003336,175971,"OM429_003336:175971 indel TTTC->*,CTTC,T (insdel/snv -3++0bp, in-frame)",bright,2,12,12,12,0,,,,False,allele classes too small (12/0)
OM429_003336,175971,"OM429_003336:175971 indel TTTC->*,CTTC,T (insdel/snv -3++0bp, in-frame)",bright,3,11,11,11,0,,,,False,allele classes too small (11/0)
OM429_003336,175971,"OM429_003336:175971 indel TTTC->*,CTTC,T (insdel/snv -3++0bp, in-frame)",bright,4,37,37,37,0,,,,False,allele classes too small (37/0)
OM429_003336,175971,"OM429_003336:175971 indel TTTC->*,CTTC,T (insdel/snv -3++0bp, in-frame)",bright,5,16,16,2,14,,,,False,allele classes too small (2/14)
OM429_003336,175971,"OM429_003336:175971 indel TTTC->*,CTTC,T (insdel/snv -3++0bp, in-frame)",bright,6,20,20,18,2,,,,False,allele classes too small (18/2)
OM429_003336,175971,"OM429_003336:175971 indel TTTC->*,CTTC,T (insdel/snv -3++0bp, in-frame)",lab_L,1,75,75,75,0,,,,False,allele classes too small (75/0)
OM429_003336,175971,"OM429_003336:175971 indel TTTC->*,CTTC,T (insdel/snv -3++0bp, in-frame)",lab_L,2,12,12,12,0,,,,False,allele classes too small (12/0)
OM429_003336,175971,"OM429_003336:175971 indel TTTC->*,CTTC,T (insdel/snv -3++0bp, in-frame)",lab_L,3,11,11,11,0,,,,False,allele classes too small (11/0)
OM429_003336,175971,"OM429_003336:175971 indel TTTC->*,CTTC,T (insdel/snv -3++0bp, in-frame)",lab_L,4,37,37,37,0,,,,False,allele classes too small (37/0)
OM429_003336,175971,"OM429_003336:175971 indel TTTC->*,CTTC,T (insdel/snv -3++0bp, in-frame)",lab_L,5,16,16,2,14,,,,False,allele classes too small (2/14)
OM429_003336,175971,"OM429_003336:175971 indel TTTC->*,CTTC,T (insdel/snv -3++0bp, in-frame)",lab_L,6,20,20,18,2,,,,False,allele classes too small (18/2)
OM429_003336,175971,"OM429_003336:175971 indel TTTC->*,CTTC,T (insdel/snv -3++0bp, in-frame)",lab_a,1,75,75,75,0,,,,False,allele classes too small (75/0)
OM429_003336,175971,"OM429_003336:175971 indel TTTC->*,CTTC,T (insdel/snv -3++0bp, in-frame)",lab_a,2,12,12,12,0,,,,False,allele classes too small (12/0)
OM429_003336,175971,"OM429_003336:175971 indel TTTC->*,CTTC,T (insdel/snv -3++0bp, in-frame)",lab_a,3,11,11,11,0,,,,False,allele classes too small (11/0)
OM429_003336,175971,"OM429_003336:175971 indel TTTC->*,CTTC,T (insdel/snv -3++0bp, in-frame)",lab_a,4,37,37,37,0,,,,False,allele classes too small (37/0)
OM429_003336,175971,"OM429_003336:175971 indel TTTC->*,CTTC,T (insdel/snv -3++0bp, in-frame)",lab_a,5,16,16,2,14,,,,False,allele classes too small (2/14)
OM429_003336,175971,"OM429_003336:175971 indel TTTC->*,CTTC,T (insdel/snv -3++0bp, in-frame)",lab_a,6,20,20,18,2,,,,False,allele classes too small (18/2)
OM429_003336,175971,"OM429_003336:175971 indel TTTC->*,CTTC,T (insdel/snv -3++0bp, in-frame)",lab_b,1,75,75,75,0,,,,False,allele classes too small (75/0)
OM429_003336,175971,"OM429_003336:175971 indel TTTC->*,CTTC,T (insdel/snv -3++0bp, in-frame)",lab_b,2,12,12,12,0,,,,False,allele classes too small (12/0)
OM429_003336,175971,"OM429_003336:175971 indel TTTC->*,CTTC,T (insdel/snv -3++0bp, in-frame)",lab_b,3,11,11,11,0,,,,False,allele classes too small (11/0)
OM429_003336,175971,"OM429_003336:175971 indel TTTC->*,CTTC,T (insdel/snv -3++0bp, in-frame)",lab_b,4,37,37,37,0,,,,False,allele classes too small (37/0)
OM429_003336,175971,"OM429_003336:175971 indel TTTC->*,CTTC,T (insdel/snv -3++0bp, in-frame)",lab_b,5,16,16,2,14,,,,False,allele classes too small (2/14)
OM429_003336,175971,"OM429_003336:175971 indel TTTC->*,CTTC,T (insdel/snv -3++0bp, in-frame)",lab_b,6,20,20,18,2,,,,False,allele classes too small (18/2)
OM429_003336,175977,"OM429_003336:175977 indel CCTCCTCCGCCGCCGCCACCTGAACGCCTTG->C (del -30bp, in-frame)",chroma,1,75,75,75,0,,,,False,allele classes too small (75/0)
OM429_003336,175977,"OM429_003336:175977 indel CCTCCTCCGCCGCCGCCACCTGAACGCCTTG->C (del -30bp, in-frame)",chroma,2,12,12,12,0,,,,False,allele classes too small (12/0)
OM429_003336,175977,"OM429_003336:175977 indel CCTCCTCCGCCGCCGCCACCTGAACGCCTTG->C (del -30bp, in-frame)",chroma,3,11,11,11,0,,,,False,allele classes too small (11/0)
OM429_003336,175977,"OM429_003336:175977 indel CCTCCTCCGCCGCCGCCACCTGAACGCCTTG->C (del -30bp, in-frame)",chroma,4,37,37,37,0,,,,False,allele classes too small (37/0)
OM429_003336,175977,"OM429_003336:175977 indel CCTCCTCCGCCGCCGCCACCTGAACGCCTTG->C (del -30bp, in-frame)",chroma,5,16,16,15,1,,,,False,allele classes too small (15/1)
OM429_003336,175977,"OM429_003336:175977 indel CCTCCTCCGCCGCCGCCACCTGAACGCCTTG->C (del -30bp, in-frame)",chroma,6,20,20,20,0,,,,False,allele classes too small (20/0)
OM429_003336,175977,"OM429_003336:175977 indel CCTCCTCCGCCGCCGCCACCTGAACGCCTTG->C (del -30bp, in-frame)",sat,1,75,75,75,0,,,,False,allele classes too small (75/0)
OM429_003336,175977,"OM429_003336:175977 indel CCTCCTCCGCCGCCGCCACCTGAACGCCTTG->C (del -30bp, in-frame)",sat,2,12,12,12,0,,,,False,allele classes too small (12/0)
OM429_003336,175977,"OM429_003336:175977 indel CCTCCTCCGCCGCCGCCACCTGAACGCCTTG->C (del -30bp, in-frame)",sat,3,11,11,11,0,,,,False,allele classes too small (11/0)
OM429_003336,175977,"OM429_003336:175977 indel CCTCCTCCGCCGCCGCCACCTGAACGCCTTG->C (del -30bp, in-frame)",sat,4,37,37,37,0,,,,False,allele classes too small (37/0)
OM429_003336,175977,"OM429_003336:175977 indel CCTCCTCCGCCGCCGCCACCTGAACGCCTTG->C (del -30bp, in-frame)",sat,5,16,16,15,1,,,,False,allele classes too small (15/1)
OM429_003336,175977,"OM429_003336:175977 indel CCTCCTCCGCCGCCGCCACCTGAACGCCTTG->C (del -30bp, in-frame)",sat,6,20,20,20,0,,,,False,allele classes too small (20/0)
OM429_003336,175977,"OM429_003336:175977 indel CCTCCTCCGCCGCCGCCACCTGAACGCCTTG->C (del -30bp, in-frame)",bright,1,75,75,75,0,,,,False,allele classes too small (75/0)
OM429_003336,175977,"OM429_003336:175977 indel CCTCCTCCGCCGCCGCCACCTGAACGCCTTG->C (del -30bp, in-frame)",bright,2,12,12,12,0,,,,False,allele classes too small (12/0)
OM429_003336,175977,"OM429_003336:175977 indel CCTCCTCCGCCGCCGCCACCTGAACGCCTTG->C (del -30bp, in-frame)",bright,3,11,11,11,0,,,,False,allele classes too small (11/0)
OM429_003336,175977,"OM429_003336:175977 indel CCTCCTCCGCCGCCGCCACCTGAACGCCTTG->C (del -30bp, in-frame)",bright,4,37,37,37,0,,,,False,allele classes too small (37/0)
OM429_003336,175977,"OM429_003336:175977 indel CCTCCTCCGCCGCCGCCACCTGAACGCCTTG->C (del -30bp, in-frame)",bright,5,16,16,15,1,,,,False,allele classes too small (15/1)
OM429_003336,175977,"OM429_003336:175977 indel CCTCCTCCGCCGCCGCCACCTGAACGCCTTG->C (del -30bp, in-frame)",bright,6,20,20,20,0,,,,False,allele classes too small (20/0)
OM429_003336,175977,"OM429_003336:175977 indel CCTCCTCCGCCGCCGCCACCTGAACGCCTTG->C (del -30bp, in-frame)",lab_L,1,75,75,75,0,,,,False,allele classes too small (75/0)
OM429_003336,175977,"OM429_003336:175977 indel CCTCCTCCGCCGCCGCCACCTGAACGCCTTG->C (del -30bp, in-frame)",lab_L,2,12,12,12,0,,,,False,allele classes too small (12/0)
OM429_003336,175977,"OM429_003336:175977 indel CCTCCTCCGCCGCCGCCACCTGAACGCCTTG->C (del -30bp, in-frame)",lab_L,3,11,11,11,0,,,,False,allele classes too small (11/0)
OM429_003336,175977,"OM429_003336:175977 indel CCTCCTCCGCCGCCGCCACCTGAACGCCTTG->C (del -30bp, in-frame)",lab_L,4,37,37,37,0,,,,False,allele classes too small (37/0)
OM429_003336,175977,"OM429_003336:175977 indel CCTCCTCCGCCGCCGCCACCTGAACGCCTTG->C (del -30bp, in-frame)",lab_L,5,16,16,15,1,,,,False,allele classes too small (15/1)
OM429_003336,175977,"OM429_003336:175977 indel CCTCCTCCGCCGCCGCCACCTGAACGCCTTG->C (del -30bp, in-frame)",lab_L,6,20,20,20,0,,,,False,allele classes too small (20/0)
OM429_003336,175977,"OM429_003336:175977 indel CCTCCTCCGCCGCCGCCACCTGAACGCCTTG->C (del -30bp, in-frame)",lab_a,1,75,75,75,0,,,,False,allele classes too small (75/0)
OM429_003336,175977,"OM429_003336:175977 indel CCTCCTCCGCCGCCGCCACCTGAACGCCTTG->C (del -30bp, in-frame)",lab_a,2,12,12,12,0,,,,False,allele classes too small (12/0)
OM429_003336,175977,"OM429_003336:175977 indel CCTCCTCCGCCGCCGCCACCTGAACGCCTTG->C (del -30bp, in-frame)",lab_a,3,11,11,11,0,,,,False,allele classes too small (11/0)
OM429_003336,175977,"OM429_003336:175977 indel CCTCCTCCGCCGCCGCCACCTGAACGCCTTG->C (del -30bp, in-frame)",lab_a,4,37,37,37,0,,,,False,allele classes too small (37/0)
OM429_003336,175977,"OM429_003336:175977 indel CCTCCTCCGCCGCCGCCACCTGAACGCCTTG->C (del -30bp, in-frame)",lab_a,5,16,16,15,1,,,,False,allele classes too small (15/1)
OM429_003336,175977,"OM429_003336:175977 indel CCTCCTCCGCCGCCGCCACCTGAACGCCTTG->C (del -30bp, in-frame)",lab_a,6,20,20,20,0,,,,False,allele classes too small (20/0)
OM429_003336,175977,"OM429_003336:175977 indel CCTCCTCCGCCGCCGCCACCTGAACGCCTTG->C (del -30bp, in-frame)",lab_b,1,75,75,75,0,,,,False,allele classes too small (75/0)
OM429_003336,175977,"OM429_003336:175977 indel CCTCCTCCGCCGCCGCCACCTGAACGCCTTG->C (del -30bp, in-frame)",lab_b,2,12,12,12,0,,,,False,allele classes too small (12/0)
OM429_003336,175977,"OM429_003336:175977 indel CCTCCTCCGCCGCCGCCACCTGAACGCCTTG->C (del -30bp, in-frame)",lab_b,3,11,11,11,0,,,,False,allele classes too small (11/0)
OM429_003336,175977,"OM429_003336:175977 indel CCTCCTCCGCCGCCGCCACCTGAACGCCTTG->C (del -30bp, in-frame)",lab_b,4,37,37,37,0,,,,False,allele classes too small (37/0)
OM429_003336,175977,"OM429_003336:175977 indel CCTCCTCCGCCGCCGCCACCTGAACGCCTTG->C (del -30bp, in-frame)",lab_b,5,16,16,15,1,,,,False,allele classes too small (15/1)
OM429_003336,175977,"OM429_003336:175977 indel CCTCCTCCGCCGCCGCCACCTGAACGCCTTG->C (del -30bp, in-frame)",lab_b,6,20,20,20,0,,,,False,allele classes too small (20/0)
OM429_003336,175999,"OM429_003336:175999 indel A->AGTGTGT (ins +6bp, in-frame)",chroma,1,75,75,75,0,,,,False,allele classes too small (75/0)
OM429_003336,175999,"OM429_003336:175999 indel A->AGTGTGT (ins +6bp, in-frame)",chroma,2,12,12,12,0,,,,False,allele classes too small (12/0)
OM429_003336,175999,"OM429_003336:175999 indel A->AGTGTGT (ins +6bp, in-frame)",chroma,3,11,11,11,0,,,,False,allele classes too small (11/0)
OM429_003336,175999,"OM429_003336:175999 indel A->AGTGTGT (ins +6bp, in-frame)",chroma,4,37,37,37,0,,,,False,allele classes too small (37/0)
OM429_003336,175999,"OM429_003336:175999 indel A->AGTGTGT (ins +6bp, in-frame)",chroma,5,16,16,14,2,,,,False,allele classes too small (14/2)
OM429_003336,175999,"OM429_003336:175999 indel A->AGTGTGT (ins +6bp, in-frame)",chroma,6,20,20,20,0,,,,False,allele classes too small (20/0)
OM429_003336,175999,"OM429_003336:175999 indel A->AGTGTGT (ins +6bp, in-frame)",sat,1,75,75,75,0,,,,False,allele classes too small (75/0)
OM429_003336,175999,"OM429_003336:175999 indel A->AGTGTGT (ins +6bp, in-frame)",sat,2,12,12,12,0,,,,False,allele classes too small (12/0)
OM429_003336,175999,"OM429_003336:175999 indel A->AGTGTGT (ins +6bp, in-frame)",sat,3,11,11,11,0,,,,False,allele classes too small (11/0)
OM429_003336,175999,"OM429_003336:175999 indel A->AGTGTGT (ins +6bp, in-frame)",sat,4,37,37,37,0,,,,False,allele classes too small (37/0)
OM429_003336,175999,"OM429_003336:175999 indel A->AGTGTGT (ins +6bp, in-frame)",sat,5,16,16,14,2,,,,False,allele classes too small (14/2)
OM429_003336,175999,"OM429_003336:175999 indel A->AGTGTGT (ins +6bp, in-frame)",sat,6,20,20,20,0,,,,False,allele classes too small (20/0)
OM429_003336,175999,"OM429_003336:175999 indel A->AGTGTGT (ins +6bp, in-frame)",bright,1,75,75,75,0,,,,False,allele classes too small (75/0)
OM429_003336,175999,"OM429_003336:175999 indel A->AGTGTGT (ins +6bp, in-frame)",bright,2,12,12,12,0,,,,False,allele classes too small (12/0)
OM429_003336,175999,"OM429_003336:175999 indel A->AGTGTGT (ins +6bp, in-frame)",bright,3,11,11,11,0,,,,False,allele classes too small (11/0)
OM429_003336,175999,"OM429_003336:175999 indel A->AGTGTGT (ins +6bp, in-frame)",bright,4,37,37,37,0,,,,False,allele classes too small (37/0)
OM429_003336,175999,"OM429_003336:175999 indel A->AGTGTGT (ins +6bp, in-frame)",bright,5,16,16,14,2,,,,False,allele classes too small (14/2)
OM429_003336,175999,"OM429_003336:175999 indel A->AGTGTGT (ins +6bp, in-frame)",bright,6,20,20,20,0,,,,False,allele classes too small (20/0)
OM429_003336,175999,"OM429_003336:175999 indel A->AGTGTGT (ins +6bp, in-frame)",lab_L,1,75,75,75,0,,,,False,allele classes too small (75/0)
OM429_003336,175999,"OM429_003336:175999 indel A->AGTGTGT (ins +6bp, in-frame)",lab_L,2,12,12,12,0,,,,False,allele classes too small (12/0)
OM429_003336,175999,"OM429_003336:175999 indel A->AGTGTGT (ins +6bp, in-frame)",lab_L,3,11,11,11,0,,,,False,allele classes too small (11/0)
OM429_003336,175999,"OM429_003336:175999 indel A->AGTGTGT (ins +6bp, in-frame)",lab_L,4,37,37,37,0,,,,False,allele classes too small (37/0)
OM429_003336,175999,"OM429_003336:175999 indel A->AGTGTGT (ins +6bp, in-frame)",lab_L,5,16,16,14,2,,,,False,allele classes too small (14/2)
OM429_003336,175999,"OM429_003336:175999 indel A->AGTGTGT (ins +6bp, in-frame)",lab_L,6,20,20,20,0,,,,False,allele classes too small (20/0)
OM429_003336,175999,"OM429_003336:175999 indel A->AGTGTGT (ins +6bp, in-frame)",lab_a,1,75,75,75,0,,,,False,allele classes too small (75/0)
OM429_003336,175999,"OM429_003336:175999 indel A->AGTGTGT (ins +6bp, in-frame)",lab_a,2,12,12,12,0,,,,False,allele classes too small (12/0)
OM429_003336,175999,"OM429_003336:175999 indel A->AGTGTGT (ins +6bp, in-frame)",lab_a,3,11,11,11,0,,,,False,allele classes too small (11/0)
OM429_003336,175999,"OM429_003336:175999 indel A->AGTGTGT (ins +6bp, in-frame)",lab_a,4,37,37,37,0,,,,False,allele classes too small (37/0)
OM429_003336,175999,"OM429_003336:175999 indel A->AGTGTGT (ins +6bp, in-frame)",lab_a,5,16,16,14,2,,,,False,allele classes too small (14/2)
OM429_003336,175999,"OM429_003336:175999 indel A->AGTGTGT (ins +6bp, in-frame)",lab_a,6,20,20,20,0,,,,False,allele classes too small (20/0)
OM429_003336,175999,"OM429_003336:175999 indel A->AGTGTGT (ins +6bp, in-frame)",lab_b,1,75,75,75,0,,,,False,allele classes too small (75/0)
OM429_003336,175999,"OM429_003336:175999 indel A->AGTGTGT (ins +6bp, in-frame)",lab_b,2,12,12,12,0,,,,False,allele classes too small (12/0)
OM429_003336,175999,"OM429_003336:175999 indel A->AGTGTGT (ins +6bp, in-frame)",lab_b,3,11,11,11,0,,,,False,allele classes too small (11/0)
OM429_003336,175999,"OM429_003336:175999 indel A->AGTGTGT (ins +6bp, in-frame)",lab_b,4,37,37,37,0,,,,False,allele classes too small (37/0)
OM429_003336,175999,"OM429_003336:175999 indel A->AGTGTGT (ins +6bp, in-frame)",lab_b,5,16,16,14,2,,,,False,allele classes too small (14/2)
OM429_003336,175999,"OM429_003336:175999 indel A->AGTGTGT (ins +6bp, in-frame)",lab_b,6,20,20,20,0,,,,False,allele classes too small (20/0)
