gene,pos,variant,consequence,hgvs_c,hgvs_p,trait,n_strains,n_alt,meta_beta,meta_se,meta_p,n_pops_tested,n_directionally_consistent,cochran_q,i_squared,partial_r2,partial_p,cov_n,cov_n_pops,verdict,meta_p_fdr,fdr_sig
OM429_000065,208569,"OM429_000065:208569(c.839C>T,p.Ala280Val) [missense_variant]",missense_variant,c.839C>T,p.Ala280Val,lab_a,171,68,1.739742855310908,0.2682142966113839,8.791670903094046e-11,3,3,4.2258742381884264,0.5267251491001842,0.08594014239751449,0.00012655647750405008,171,6,likely_real,1.2132505846269783e-08,True
OM429_000065,208628,"OM429_000065:208628(c.898C>G,p.Leu300Val) [missense_variant]",missense_variant,c.898C>G,p.Leu300Val,lab_a,171,68,1.739742855310908,0.2682142966113839,8.791670903094046e-11,3,3,4.2258742381884264,0.5267251491001842,0.08594014239751449,0.00012655647750405008,171,6,likely_real,1.2132505846269783e-08,True
OM429_000065,208569,"OM429_000065:208569(c.839C>T,p.Ala280Val) [missense_variant]",missense_variant,c.839C>T,p.Ala280Val,chroma,171,68,1.73989290965168,0.27616478465217403,2.972650693639294e-10,3,3,2.882349716694573,0.30612167273943286,0.10187494540101029,2.7721741272455898e-05,171,6,likely_real,2.051128978611113e-08,True
OM429_000065,208628,"OM429_000065:208628(c.898C>G,p.Leu300Val) [missense_variant]",missense_variant,c.898C>G,p.Leu300Val,chroma,171,68,1.73989290965168,0.27616478465217403,2.972650693639294e-10,3,3,2.882349716694573,0.30612167273943286,0.10187494540101029,2.7721741272455898e-05,171,6,likely_real,2.051128978611113e-08,True
OM429_000065,208569,"OM429_000065:208569(c.839C>T,p.Ala280Val) [missense_variant]",missense_variant,c.839C>T,p.Ala280Val,sat,171,68,0.03850392686687151,0.006930451917275053,2.7640659595522858e-08,3,3,1.6776691573786242,0.0,0.10088357022000885,3.048095162244679e-05,171,6,likely_real,1.2714703413940515e-06,True
OM429_000065,208628,"OM429_000065:208628(c.898C>G,p.Leu300Val) [missense_variant]",missense_variant,c.898C>G,p.Leu300Val,sat,171,68,0.03850392686687151,0.006930451917275053,2.7640659595522858e-08,3,3,1.6776691573786242,0.0,0.10088357022000885,3.048095162244679e-05,171,6,likely_real,1.2714703413940515e-06,True
OM429_001521,503594,"OM429_001521:503594(c.735A>C,p.Gln245His) [missense_variant]",missense_variant,c.735A>C,p.Gln245His,bright,171,49,0.031406778067714816,0.005996890741312921,1.630513362777866e-07,3,3,19.48326344969088,0.897347792623944,0.056462350536646735,0.0020517609376576717,171,6,likely_real,6.428881258952728e-06,True
OM429_005034,608801,"OM429_005034:608801(c.34T>C,p.Tyr12His) [missense_variant]",missense_variant,c.34T>C,p.Tyr12His,lab_a,171,145,1.643890251455873,0.3175780845631483,2.2628814835761006e-07,3,3,3.8640884848566417,0.4824135089457714,0.08750597084195438,0.00010907640427723721,171,6,likely_real,7.806941118337547e-06,True
OM429_005034,608801,"OM429_005034:608801(c.34T>C,p.Tyr12His) [missense_variant]",missense_variant,c.34T>C,p.Tyr12His,chroma,171,145,1.662189841582243,0.32491414947162134,3.124443480316671e-07,3,3,3.082367507762078,0.35114810451266404,0.10584921191603708,1.893893110725686e-05,171,6,likely_real,9.581626672971123e-06,True
OM429_005034,608801,"OM429_005034:608801(c.34T>C,p.Tyr12His) [missense_variant]",missense_variant,c.34T>C,p.Tyr12His,sat,171,145,0.037329119502394016,0.007757599528279662,1.4947068641017994e-06,3,3,2.00511219521923,0.002549580632654411,0.10623603894316518,1.8248480357709784e-05,171,6,likely_real,3.883920262724683e-05,True
OM429_002663,884293,"OM429_002663:884293(c.12C>G,p.Asn4Lys) [missense_variant]",missense_variant,c.12C>G,p.Asn4Lys,lab_a,171,149,1.5371465698494104,0.31990928451372413,1.5479392351438954e-06,3,3,2.9703875797260797,0.32668719272505375,0.07006855411900709,0.0005681199367455277,171,6,likely_real,3.883920262724683e-05,True
OM429_002663,884293,"OM429_002663:884293(c.12C>G,p.Asn4Lys) [missense_variant]",missense_variant,c.12C>G,p.Asn4Lys,chroma,171,149,1.5443488169142585,0.3279180340425233,2.48255245799776e-06,3,3,1.4755030038841708,0.0,0.08023983399906506,0.00021722705718781643,171,6,likely_real,5.709870653394848e-05,True
OM429_002663,884293,"OM429_002663:884293(c.12C>G,p.Asn4Lys) [missense_variant]",missense_variant,c.12C>G,p.Asn4Lys,sat,171,149,0.034623322786275536,0.007834841519589679,9.90908580027697e-06,3,3,0.5444826541221713,0.0,0.07886263991377979,0.0002474693859525621,171,6,likely_real,0.0002103775139135726,True
OM429_000065,208569,"OM429_000065:208569(c.839C>T,p.Ala280Val) [missense_variant]",missense_variant,c.839C>T,p.Ala280Val,bright,171,68,0.023978399201292848,0.005689545543748742,2.503692889750701e-05,3,3,13.981011569827919,0.8569488344951983,0.059626527767120324,0.001521920905187638,171,6,likely_real,0.000460679491714129,True
OM429_000065,208628,"OM429_000065:208628(c.898C>G,p.Leu300Val) [missense_variant]",missense_variant,c.898C>G,p.Leu300Val,bright,171,68,0.023978399201292848,0.005689545543748742,2.503692889750701e-05,3,3,13.981011569827919,0.8569488344951983,0.059626527767120324,0.001521920905187638,171,6,likely_real,0.000460679491714129,True
OM429_005034,608801,"OM429_005034:608801(c.34T>C,p.Tyr12His) [missense_variant]",missense_variant,c.34T>C,p.Tyr12His,bright,171,145,0.02379864536367227,0.005812414893458172,4.231707127129535e-05,3,3,14.738526304259082,0.8643012226112425,0.0637433295823573,0.0010319976715833501,171,6,likely_real,0.0007299694794298448,True
OM429_001521,502873,"OM429_001521:502873(c.1456A>G,p.Lys486Glu) [missense_variant]",missense_variant,c.1456A>G,p.Lys486Glu,bright,171,53,0.01976690043586875,0.0054039528165199255,0.0002543303380311698,3,2,34.247427844491426,0.9416014537184668,0.02539645827880334,0.040281090036189286,171,6,likely_real,0.004129127840976639,True
OM429_001533,544686,"OM429_001533:544686(c.1280A>T,p.Tyr427Phe) [missense_variant]",missense_variant,c.1280A>T,p.Tyr427Phe,sat,171,52,0.03166702608110797,0.00881387602056226,0.000327067836816999,3,3,7.515150987429479,0.7338709490540668,0.06885525126423435,0.0006370596569965687,171,6,likely_real,0.005015040164527317,True
OM429_003729,40134,"OM429_003729:40134(c.458A>C,p.Lys153Thr) [missense_variant]",missense_variant,c.458A>C,p.Lys153Thr,lab_b,171,15,0.7280341227248472,0.21282429486858787,0.0006243207979447515,2,1,1.7261518206741155,0.42067668207222403,0.0027805861201826445,0.499846875014257,171,6,likely_population_artifact,0.009069081064881654,True
OM429_001533,544686,"OM429_001533:544686(c.1280A>T,p.Tyr427Phe) [missense_variant]",missense_variant,c.1280A>T,p.Tyr427Phe,chroma,171,52,1.2282196402534633,0.39318328818124915,0.0017854150879664215,3,3,9.725129589482142,0.7943472134126597,0.054039433214452856,0.002579520915258315,171,6,likely_real,0.024638728213936617,True
OM429_001533,544686,"OM429_001533:544686(c.1280A>T,p.Tyr427Phe) [missense_variant]",missense_variant,c.1280A>T,p.Tyr427Phe,lab_b,171,52,0.7431866298066903,0.2434259494321785,0.002265435886434181,3,3,4.674334877243548,0.5721316395757682,0.07506822848311091,0.00035428403281095145,171,6,likely_real,0.02977430022170638,True
OM429_005034,608780,"OM429_005034:608780(c.13G>A,p.Gly5Ser) [missense_variant]",missense_variant,c.13G>A,p.Gly5Ser,sat,171,55,0.027138345664528718,0.009006198835387278,0.0025842646229965785,3,3,3.8023510891926255,0.47400964479987795,0.06499301173953659,0.0009172113251846617,171,6,likely_real,0.0324207743612298,True
OM429_001521,502873,"OM429_001521:502873(c.1456A>G,p.Lys486Glu) [missense_variant]",missense_variant,c.1456A>G,p.Lys486Glu,sat,171,53,0.027603053762634385,0.009270281558120475,0.0029052882219067966,3,3,6.294944064131256,0.6822847066432173,0.060889685004454394,0.0013508900907965554,171,6,likely_real,0.03486345866288156,True
OM429_000065,211646,"OM429_000065:211646(c.2947T>G,p.Ser983Ala) [missense_variant]",missense_variant,c.2947T>G,p.Ser983Ala,lab_a,171,76,1.2072774910377848,0.4106310856631576,0.0032815524401587784,3,3,6.156589421081225,0.6751448142454238,0.04918225908362305,0.004084367555998202,171,6,likely_real,0.03752924067553083,True
OM429_002663,882826,"OM429_002663:882826(c.1091A>C,p.Lys364Thr) [missense_variant]",missense_variant,c.1091A>C,p.Lys364Thr,lab_b,171,118,1.5753031319595328,0.5464840649649501,0.003943892171565103,2,2,0.8726692250440493,0.0,0.057292401427904774,0.0018970793405594453,171,6,likely_real,0.03752924067553083,True
OM429_002663,883917,"OM429_002663:883917(c.196C>T,p.Pro66Ser) [missense_variant]",missense_variant,c.196C>T,p.Pro66Ser,lab_b,171,119,1.5753031319595328,0.5464840649649501,0.003943892171565103,2,2,0.8726692250440493,0.0,0.04058870450255808,0.009245417128409471,171,6,likely_real,0.03752924067553083,True
OM429_000065,211646,"OM429_000065:211646(c.2947T>G,p.Ser983Ala) [missense_variant]",missense_variant,c.2947T>G,p.Ser983Ala,bright,171,76,0.017592052695866497,0.006117443409035369,0.004031074690879063,3,2,21.921107345787327,0.9087637331248073,0.032365026163208375,0.020377304103459466,171,6,likely_real,0.03752924067553083,True
OM429_001521,502873,"OM429_001521:502873(c.1456A>G,p.Lys486Glu) [missense_variant]",missense_variant,c.1456A>G,p.Lys486Glu,chroma,171,53,1.1489374016325604,0.4019751046001276,0.004260111535887294,3,3,10.882253758646513,0.8162145411826207,0.0501152046662697,0.0037389583871647366,171,6,likely_real,0.03752924067553083,True
OM429_005034,608780,"OM429_005034:608780(c.13G>A,p.Gly5Ser) [missense_variant]",missense_variant,c.13G>A,p.Gly5Ser,bright,171,55,0.016500118976060015,0.005792583515812951,0.004392716811971223,3,2,22.671301527294844,0.9117827444713695,0.026602242859348344,0.03576200576266255,171,6,likely_real,0.03752924067553083,True
OM429_002663,882826,"OM429_002663:882826(c.1091A>C,p.Lys364Thr) [missense_variant]",missense_variant,c.1091A>C,p.Lys364Thr,chroma,171,118,2.030276746912873,0.7143471600337189,0.004481139349205054,2,1,8.952301707611596,0.8882968835657359,0.040109821606880355,0.009678120786337204,171,6,likely_population_artifact,0.03752924067553083,True
OM429_002663,883917,"OM429_002663:883917(c.196C>T,p.Pro66Ser) [missense_variant]",missense_variant,c.196C>T,p.Pro66Ser,chroma,171,119,2.030276746912873,0.7143471600337189,0.004481139349205054,2,1,8.952301707611596,0.8882968835657359,0.037151171690827614,0.012847330225799945,171,6,likely_population_artifact,0.03752924067553083,True
OM429_000065,211646,"OM429_000065:211646(c.2947T>G,p.Ser983Ala) [missense_variant]",missense_variant,c.2947T>G,p.Ser983Ala,chroma,171,76,1.2131031950730877,0.4276702503746121,0.004560545798936024,3,3,5.368215322291069,0.6274367029028873,0.059953740107540426,0.001475638981098981,171,6,likely_real,0.03752924067553083,True
OM429_002663,882826,"OM429_002663:882826(c.1091A>C,p.Lys364Thr) [missense_variant]",missense_variant,c.1091A>C,p.Lys364Thr,sat,171,118,0.04476655600744869,0.015806389599950867,0.004623167329594378,2,1,7.602192136044026,0.868458994181595,0.039160489889850596,0.010597598633069411,171,6,likely_population_artifact,0.03752924067553083,True
OM429_002663,883917,"OM429_002663:883917(c.196C>T,p.Pro66Ser) [missense_variant]",missense_variant,c.196C>T,p.Pro66Ser,sat,171,119,0.04476655600744869,0.015806389599950867,0.004623167329594378,2,1,7.602192136044026,0.868458994181595,0.03497947338061715,0.015830125951647137,171,6,likely_population_artifact,0.03752924067553083,True
OM429_001521,502873,"OM429_001521:502873(c.1456A>G,p.Lys486Glu) [missense_variant]",missense_variant,c.1456A>G,p.Lys486Glu,lab_a,171,53,1.0830575091967658,0.38823058732125587,0.005275243574265754,3,2,13.58771470375602,0.8528082136249782,0.031382291033044754,0.022414651364132846,171,6,likely_real,0.041599063614209945,True
OM429_003729,40134,"OM429_003729:40134(c.458A>C,p.Lys153Thr) [missense_variant]",missense_variant,c.458A>C,p.Lys153Thr,sat,171,15,0.023778806443850962,0.008678450903166449,0.006144239455421513,2,1,0.9554160164660876,0.0,0.008244675171988725,0.24464952882551236,171,6,likely_population_artifact,0.047100596707061,True
OM429_005034,608780,"OM429_005034:608780(c.13G>A,p.Gly5Ser) [missense_variant]",missense_variant,c.13G>A,p.Gly5Ser,chroma,171,55,1.0859170118169577,0.3976616692288661,0.006318922479348224,3,3,5.967427870572651,0.6648472267486202,0.05131781666122403,0.0033366762413383003,171,6,likely_real,0.047100596707061,True
OM429_001533,545354,"OM429_001533:545354(c.769G>A,p.Asp257Asn) [missense_variant]",missense_variant,c.769G>A,p.Asp257Asn,lab_b,171,107,-0.647848636254596,0.23813862381021145,0.006518947295839904,3,2,3.1790621457970754,0.37088364169158233,0.012734689966650973,0.1477324384829453,171,6,ambiguous_underpowered,0.047100596707061,True
OM429_005034,608780,"OM429_005034:608780(c.13G>A,p.Gly5Ser) [missense_variant]",missense_variant,c.13G>A,p.Gly5Ser,lab_b,171,55,0.6600242735135562,0.24322771098403648,0.0066555190999107935,3,3,3.231502591354921,0.3810928682679998,0.07621410382143762,0.00031791537147811676,171,6,likely_real,0.047100596707061,True
OM429_001430,265635,"OM429_001430:265635(c.823T>G,p.Ser275Ala) [missense_variant]",missense_variant,c.823T>G,p.Ser275Ala,bright,171,11,0.01714224689186529,0.006396613754799277,0.007364547459123088,2,1,2.1135841588294024,0.526870034570166,0.004257962390245453,0.40356864735502307,171,6,likely_population_artifact,0.050815377467949306,False
OM429_001521,503594,"OM429_001521:503594(c.735A>C,p.Gln245His) [missense_variant]",missense_variant,c.735A>C,p.Gln245His,lab_a,171,49,1.1521522845787995,0.4360963902072098,0.008242607933873639,3,2,14.176831282752946,0.8589247512289201,0.03218624354692275,0.020733303700266978,171,6,likely_real,0.055486824140222546,False
OM429_001521,503624,"OM429_001521:503624(c.705A>C,p.Gln235His) [missense_variant]",missense_variant,c.705A>C,p.Gln235His,sat,171,147,-0.02250316798032855,0.008689726925835606,0.009607944480444056,2,1,3.470085210820652,0.711822638567568,0.0003139223239072596,0.8207570287803932,171,6,likely_population_artifact,0.06225113317743505,False
OM429_001521,503624,"OM429_001521:503624(c.705A>C,p.Gln235His) [missense_variant]",missense_variant,c.705A>C,p.Gln235His,chroma,171,147,-0.9716102487099867,0.37839876122256344,0.0102379030478924,2,1,2.242243381745049,0.554018083789932,0.0011577115589452027,0.6634194346078601,171,6,likely_population_artifact,0.06225113317743505,False
OM429_001533,544686,"OM429_001533:544686(c.1280A>T,p.Tyr427Phe) [missense_variant]",missense_variant,c.1280A>T,p.Tyr427Phe,lab_a,171,52,1.0102111548078045,0.3945961760310188,0.01046378627226545,3,2,9.488382108329791,0.7892159087644444,0.03203162720527135,0.021046316256739393,171,6,likely_real,0.06225113317743505,False
OM429_000065,211646,"OM429_000065:211646(c.2947T>G,p.Ser983Ala) [missense_variant]",missense_variant,c.2947T>G,p.Ser983Ala,sat,171,76,0.02580224564345145,0.01009366322675132,0.01057974598332337,3,3,3.866994818353556,0.4828025135933498,0.0546711181477094,0.002430040779413877,171,6,likely_real,0.06225113317743505,False
OM429_002663,882826,"OM429_002663:882826(c.1091A>C,p.Lys364Thr) [missense_variant]",missense_variant,c.1091A>C,p.Lys364Thr,lab_a,171,118,1.7917594776279078,0.701113302883353,0.010600736446882055,2,1,8.481735995815637,0.8820996078522914,0.029885793360977898,0.02592681783724986,171,6,likely_population_artifact,0.06225113317743505,False
OM429_002663,883917,"OM429_002663:883917(c.196C>T,p.Pro66Ser) [missense_variant]",missense_variant,c.196C>T,p.Pro66Ser,lab_a,171,119,1.7917594776279078,0.701113302883353,0.010600736446882055,2,1,8.481735995815637,0.8820996078522914,0.03030096375100457,0.024899233576923772,171,6,likely_population_artifact,0.06225113317743505,False
OM429_005034,608780,"OM429_005034:608780(c.13G>A,p.Gly5Ser) [missense_variant]",missense_variant,c.13G>A,p.Gly5Ser,lab_a,171,55,0.9747624788150342,0.3942783152954375,0.013425804712419304,3,3,7.481974988031786,0.7326909000365261,0.02983425628588916,0.02605738428100078,171,6,likely_real,0.07719837709641099,False
OM429_002663,883545,"OM429_002663:883545(c.568C>A,p.Leu190Ile) [missense_variant]",missense_variant,c.568C>A,p.Leu190Ile,lab_a,171,161,1.0797128201279433,0.45297326185478554,0.017143634219221507,2,2,0.3734676996148406,0.0,0.004252687136666436,0.4038606820070877,171,6,likely_population_artifact,0.0964404249081551,False
OM429_001521,503594,"OM429_001521:503594(c.735A>C,p.Gln245His) [missense_variant]",missense_variant,c.735A>C,p.Gln245His,chroma,171,49,1.0916197320050591,0.45931203626750206,0.017471091468868678,3,2,13.066254577531948,0.8469339481997316,0.0475300671851923,0.004776820504021448,171,6,likely_real,0.0964404249081551,False
OM429_001521,502873,"OM429_001521:502873(c.1456A>G,p.Lys486Glu) [missense_variant]",missense_variant,c.1456A>G,p.Lys486Glu,lab_b,171,53,0.6062728700691313,0.2574132671752535,0.01851019495275402,3,3,2.2604727965406255,0.11522934358654834,0.05484809095921413,0.00238974350923012,171,6,likely_real,0.10017281974431587,False
OM429_001521,503624,"OM429_001521:503624(c.705A>C,p.Gln235His) [missense_variant]",missense_variant,c.705A>C,p.Gln235His,lab_a,171,147,-0.9140592264265704,0.3916754407264551,0.019610599923236008,2,1,0.8422152816235741,0.0,0.0037299778110827923,0.4344134159262867,171,6,likely_population_artifact,0.10408703036179112,False
OM429_001533,544686,"OM429_001533:544686(c.1280A>T,p.Tyr427Phe) [missense_variant]",missense_variant,c.1280A>T,p.Tyr427Phe,lab_L,171,52,-0.5916663652791719,0.26211602293555264,0.023991273021666582,3,2,2.5419185431331828,0.2131927258633595,0.014067421705867115,0.12801816195348112,171,6,ambiguous_underpowered,0.1249356859241505,False
OM429_003729,40134,"OM429_003729:40134(c.458A>C,p.Lys153Thr) [missense_variant]",missense_variant,c.458A>C,p.Lys153Thr,chroma,171,15,0.8740751922853628,0.3920250193970847,0.02577126260285526,2,2,0.6252856121720346,0.0,0.007626896730036555,0.2632117130999029,171,6,likely_population_artifact,0.13171978663681577,False
OM429_002663,883572,"OM429_002663:883572(c.541C>A,p.Gln181Lys) [missense_variant]",missense_variant,c.541C>A,p.Gln181Lys,lab_a,171,139,0.9112410685512203,0.43511144214969466,0.036235888406592524,3,3,1.3944723073719545,0.0,0.036681611659961144,0.013439674110089056,171,6,likely_real,0.18183827636762792,False
OM429_001521,504384,"OM429_001521:504384(c.106A>G,p.Thr36Ala) [missense_variant]",missense_variant,c.106A>G,p.Thr36Ala,bright,171,97,-0.013526406471525578,0.0065264903663762005,0.03821519375365968,2,1,19.339180600238706,0.9482915010376574,0.022279235251436498,0.05494072465651823,171,6,likely_population_artifact,0.18834631207160843,False
OM429_001533,545354,"OM429_001533:545354(c.769G>A,p.Asp257Asn) [missense_variant]",missense_variant,c.769G>A,p.Asp257Asn,sat,171,107,-0.019264802868905646,0.009350537011867648,0.03937097893218119,3,2,1.658211581807421,0.0,0.015891431810140893,0.1055817593184927,171,6,ambiguous_underpowered,0.18964553761234326,False
OM429_001533,545354,"OM429_001533:545354(c.769G>A,p.Asp257Asn) [missense_variant]",missense_variant,c.769G>A,p.Asp257Asn,lab_L,171,107,0.5426434716340043,0.2640255464132275,0.03985304775911561,3,2,0.8670775461427552,0.0,0.015734731664000027,0.10732968256990642,171,6,ambiguous_underpowered,0.18964553761234326,False
OM429_002663,883545,"OM429_002663:883545(c.568C>A,p.Leu190Ile) [missense_variant]",missense_variant,c.568C>A,p.Leu190Ile,chroma,171,161,0.948069434632705,0.468406243421222,0.042966813427249305,2,2,0.22526105737358715,0.0,2.5806896014156608e-05,0.9482076862599983,171,6,likely_population_artifact,0.20099729671052216,False
OM429_001521,503594,"OM429_001521:503594(c.735A>C,p.Gln245His) [missense_variant]",missense_variant,c.735A>C,p.Gln245His,sat,171,49,0.021798198378903937,0.010851792043924873,0.044566966865119725,3,2,9.912993138265405,0.7982445894893493,0.04945165645535434,0.003981453950543314,171,6,likely_real,0.20500804757955074,False
OM429_002663,884293,"OM429_002663:884293(c.12C>G,p.Asn4Lys) [missense_variant]",missense_variant,c.12C>G,p.Asn4Lys,bright,171,149,0.012196404381700917,0.006421195766830332,0.05751220750327692,3,3,2.617949616087676,0.2360433570952958,0.029728371700949358,0.026327763505549308,171,6,ambiguous_underpowered,0.2602191683754825,False
OM429_003336,174503,"OM429_003336:174503(c.529A>G,p.Ile177Val) [missense_variant]",missense_variant,c.529A>G,p.Ile177Val,lab_L,171,12,-0.5645383128836798,0.2994815908871538,0.05942284420958067,2,2,0.060389231825876896,0.0,0.014396041985251339,0.1236173930969002,171,6,ambiguous_underpowered,0.26452750002974623,False
OM429_005034,608801,"OM429_005034:608801(c.34T>C,p.Tyr12His) [missense_variant]",missense_variant,c.34T>C,p.Tyr12His,lab_b,171,145,0.493822234686957,0.26683819400627573,0.06422092990682954,3,3,4.304895660188239,0.5354126655156732,0.05235147388596949,0.0030258456706561644,171,6,ambiguous_underpowered,0.2813488357823008,False
OM429_001415,228719,"OM429_001415:228719(c.827C>G,p.Thr276Ser) [missense_variant]",missense_variant,c.827C>G,p.Thr276Ser,lab_L,171,23,0.5132955553077592,0.28028182519965783,0.06704755559959497,2,1,2.1613254091099083,0.5373209439980503,0.008054316955321711,0.25019371989641437,171,6,likely_population_artifact,0.2891425835232533,False
OM429_002663,884293,"OM429_002663:884293(c.12C>G,p.Asn4Lys) [missense_variant]",missense_variant,c.12C>G,p.Asn4Lys,lab_L,171,149,-0.47179933555640813,0.27225637030284366,0.08310934941014794,3,3,0.8634448613379809,0.0,0.0094408250084641,0.21299991338356286,171,6,likely_population_artifact,0.34829269679555874,False
OM429_005034,609596,"OM429_005034:609596(c.829G>A,p.Gly277Ser) [missense_variant]",missense_variant,c.829G>A,p.Gly277Ser,lab_a,171,95,0.7962769116686139,0.45976478066097437,0.08328738401632926,2,1,8.280282459796,0.8792311729877103,4.9681471720323347e-05,0.928185039998366,171,6,likely_population_artifact,0.34829269679555874,False
OM429_002663,883572,"OM429_002663:883572(c.541C>A,p.Gln181Lys) [missense_variant]",missense_variant,c.541C>A,p.Gln181Lys,chroma,171,139,0.7755923312545723,0.4527672308858471,0.08671170063476721,3,3,1.620266318975223,0.0,0.02532964661623728,0.04054820298594676,171,6,ambiguous_underpowered,0.355105855157625,False
OM429_005034,609596,"OM429_005034:609596(c.829G>A,p.Gly277Ser) [missense_variant]",missense_variant,c.829G>A,p.Gly277Ser,lab_b,171,95,-0.5440630441819373,0.3183908095941175,0.08748984837216847,2,2,0.8365114460988653,0.0,0.024736150283782676,0.043003429381442415,171,6,ambiguous_underpowered,0.355105855157625,False
OM429_000065,211646,"OM429_000065:211646(c.2947T>G,p.Ser983Ala) [missense_variant]",missense_variant,c.2947T>G,p.Ser983Ala,lab_L,171,76,-0.46116677246891713,0.2741690980562963,0.0925586913664766,3,2,3.4006325968289532,0.4118741313410409,0.0037413318064563367,0.43371361081493726,171,6,likely_population_artifact,0.3702347654659064,False
OM429_003729,40134,"OM429_003729:40134(c.458A>C,p.Lys153Thr) [missense_variant]",missense_variant,c.458A>C,p.Lys153Thr,lab_a,171,15,0.675113857943553,0.4070589545327917,0.09721332664658247,2,2,0.3295287447769227,0.0,0.006770897462131945,0.2919051389693153,171,6,likely_population_artifact,0.38329825934938233,False
OM429_000065,208797,"OM429_000065:208797(c.1067G>C,p.Gly356Ala) [missense_variant]",missense_variant,c.1067G>C,p.Gly356Ala,chroma,171,15,-0.6736220726656863,0.41206881543503093,0.10210524430441524,2,1,0.39636286618800926,0.0,0.004525295593685911,0.3891586313359522,171,6,likely_population_artifact,0.3897172962076334,False
OM429_000065,208797,"OM429_000065:208797(c.1067G>C,p.Gly356Ala) [missense_variant]",missense_variant,c.1067G>C,p.Gly356Ala,lab_a,171,15,-0.6549633533529949,0.40470790590464406,0.10558489511146488,2,1,0.7543949438969927,0.0,0.00417813642779967,0.40802080346306374,171,6,likely_population_artifact,0.3897172962076334,False
OM429_000065,208569,"OM429_000065:208569(c.839C>T,p.Ala280Val) [missense_variant]",missense_variant,c.839C>T,p.Ala280Val,lab_b,171,68,0.4273831889050395,0.26432045067717397,0.10589704875071243,3,3,3.226172727138321,0.38007039016350513,0.040033167730009964,0.009749264624533132,171,6,ambiguous_underpowered,0.3897172962076334,False
OM429_000065,208628,"OM429_000065:208628(c.898C>G,p.Leu300Val) [missense_variant]",missense_variant,c.898C>G,p.Leu300Val,lab_b,171,68,0.4273831889050395,0.26432045067717397,0.10589704875071243,3,3,3.226172727138321,0.38007039016350513,0.040033167730009964,0.009749264624533132,171,6,ambiguous_underpowered,0.3897172962076334,False
OM429_001521,503452,"OM429_001521:503452(c.877A>G,p.Thr293Ala) [missense_variant]",missense_variant,c.877A>G,p.Thr293Ala,lab_b,171,20,-0.496064086520864,0.3068008650421532,0.1059014391868569,2,2,3.6657214279608463,0.7272024021322656,0.04497187519078083,0.00608995014453637,171,6,ambiguous_underpowered,0.3897172962076334,False
OM429_000065,210953,"OM429_000065:210953(c.2395C>T,p.Leu799Phe) [missense_variant]",missense_variant,c.2395C>T,p.Leu799Phe,sat,171,12,-0.016675827604362148,0.010390169269129789,0.10850215166705057,2,2,0.2508673654735678,0.0,0.005195711957358482,0.35606661741270745,171,6,likely_population_artifact,0.39403412973823626,False
OM429_000065,211936,"OM429_000065:211936(c.3152G>C,p.Gly1051Ala) [missense_variant]",missense_variant,c.3152G>C,p.Gly1051Ala,sat,171,13,0.018364392672549867,0.011553752774220032,0.11195336018213736,2,2,0.14450853395850222,0.0,0.0067371647155562665,0.29311446266028063,171,6,likely_population_artifact,0.397718400386505,False
OM429_000065,212395,"OM429_000065:212395(c.3478A>T,p.Thr1160Ser) [missense_variant]",missense_variant,c.3478A>T,p.Thr1160Ser,lab_b,171,15,-0.420597519810442,0.2649427527487287,0.11239867837009924,2,2,0.1401147866183727,0.0,0.013375699620485036,0.1378584209997017,171,6,ambiguous_underpowered,0.397718400386505,False
OM429_001430,266605,"OM429_001430:266605(c.1390A>C,p.Thr464Pro) [missense_variant]",missense_variant,c.1390A>C,p.Thr464Pro,lab_L,171,17,0.553232189372378,0.3561151523777633,0.12029883576170909,2,2,0.2699880245923355,0.0,0.008601337102231574,0.2346565081458441,171,6,likely_population_artifact,0.42028454012951527,False
OM429_001533,545622,"OM429_001533:545622(c.622G>A,p.Val208Ile) [missense_variant]",missense_variant,c.622G>A,p.Val208Ile,lab_L,171,21,-0.4873287160496156,0.3153715552999044,0.12228517561204129,2,2,0.014517857825038812,0.0,0.006356823519827122,0.30720253401869396,171,6,likely_population_artifact,0.4218838558615425,False
OM429_001415,228719,"OM429_001415:228719(c.827C>G,p.Thr276Ser) [missense_variant]",missense_variant,c.827C>G,p.Thr276Ser,bright,171,23,0.009728478468295224,0.006352803450874477,0.12567852441028088,2,1,1.2795664824564652,0.218485312244006,0.00018709494935219116,0.8611514248843095,171,6,likely_population_artifact,0.4282379350276237,False
OM429_003336,175309,"OM429_003336:175309(c.1239G>C,p.Trp413Cys) [missense_variant]",missense_variant,c.1239G>C,p.Trp413Cys,lab_L,171,10,0.5149578157577176,0.3397772306043751,0.12962689758946558,2,1,2.5011285432684796,0.6001804854487015,0.004310404249114583,0.40068205677151675,171,6,likely_population_artifact,0.43630516749625,False
OM429_002663,883440,"OM429_002663:883440(c.673G>A,p.Asp225Asn) [missense_variant]",missense_variant,c.673G>A,p.Asp225Asn,lab_a,171,16,0.7074094858068773,0.4701904097434701,0.13244828792562724,2,2,0.031128084785487842,0.0,0.0017696641690812163,0.590478323020898,171,6,likely_population_artifact,0.44043045141533876,False
OM429_002663,883440,"OM429_002663:883440(c.673G>A,p.Asp225Asn) [missense_variant]",missense_variant,c.673G>A,p.Asp225Asn,chroma,171,16,0.6908817703315008,0.46340429299007946,0.13599210897128614,2,2,0.1719387737180949,0.0,0.0004082894878352458,0.7961001251055598,171,6,likely_population_artifact,0.44656476869226464,False
OM429_002663,883545,"OM429_002663:883545(c.568C>A,p.Leu190Ile) [missense_variant]",missense_variant,c.568C>A,p.Leu190Ile,lab_L,171,161,-0.5189084041868584,0.349676106060389,0.1378172186552536,2,2,0.000995836460203814,0.0,0.018139252962868283,0.0836238728861869,171,6,ambiguous_underpowered,0.44656476869226464,False
OM429_002663,884293,"OM429_002663:884293(c.12C>G,p.Asn4Lys) [missense_variant]",missense_variant,c.12C>G,p.Asn4Lys,lab_b,171,149,0.39607429332471755,0.26780323526937316,0.1391469931432419,3,3,2.3541352197211785,0.15043112933976743,0.02881274042464199,0.028789776630467886,171,6,ambiguous_underpowered,0.44656476869226464,False
OM429_000065,210953,"OM429_000065:210953(c.2395C>T,p.Leu799Phe) [missense_variant]",missense_variant,c.2395C>T,p.Leu799Phe,chroma,171,12,-0.6554566543744461,0.44729254238162935,0.14281537587753693,2,1,0.38547416089503367,0.0,0.0035461847858996,0.4459852401261046,171,6,likely_population_artifact,0.45306946830115163,False
OM429_001430,265635,"OM429_001430:265635(c.823T>G,p.Ser275Ala) [missense_variant]",missense_variant,c.823T>G,p.Ser275Ala,lab_L,171,11,0.4315777947057061,0.2971510335969723,0.14639449984140127,2,1,4.5570300848301795,0.7805588329713067,0.0020206579506124936,0.5652392362717931,171,6,likely_population_artifact,0.4575509420384078,False
OM429_002663,883572,"OM429_002663:883572(c.541C>A,p.Gln181Lys) [missense_variant]",missense_variant,c.541C>A,p.Gln181Lys,sat,171,139,0.01536176433803804,0.010607029067077804,0.14754360087470397,3,3,1.4472866561205546,0.0,0.015578216133278982,0.10910701598529297,171,6,ambiguous_underpowered,0.4575509420384078,False
OM429_001430,266605,"OM429_001430:266605(c.1390A>C,p.Thr464Pro) [missense_variant]",missense_variant,c.1390A>C,p.Thr464Pro,bright,171,17,0.011498265090984632,0.008141113489489062,0.15784102218130958,2,2,0.1453797330235428,0.0,0.01176026878939447,0.16429808300705687,171,6,ambiguous_underpowered,0.4730677311776459,False
OM429_000065,211936,"OM429_000065:211936(c.3152G>C,p.Gly1051Ala) [missense_variant]",missense_variant,c.3152G>C,p.Gly1051Ala,chroma,171,13,0.7129869989525264,0.505242607929096,0.1581922835955718,2,2,0.156549620743787,0.0,0.007063751632811107,0.2816669538480194,171,6,likely_population_artifact,0.4730677311776459,False
OM429_000065,211936,"OM429_000065:211936(c.3152G>C,p.Gly1051Ala) [missense_variant]",missense_variant,c.3152G>C,p.Gly1051Ala,lab_L,171,13,-0.4719463329642297,0.3348916501904882,0.15876101511172658,2,2,0.4974788365100298,0.0,0.004274686842514482,0.4026448131168531,171,6,likely_population_artifact,0.4730677311776459,False
OM429_001415,229404,"OM429_001415:229404(c.286C>T,p.Pro96Ser) [missense_variant]",missense_variant,c.286C>T,p.Pro96Ser,lab_b,171,14,-0.42180368260642975,0.2997720580116664,0.15940325724464155,2,2,0.14288631224222423,0.0,0.019040398326212838,0.0762462203868898,171,6,ambiguous_underpowered,0.4730677311776459,False
OM429_000065,208797,"OM429_000065:208797(c.1067G>C,p.Gly356Ala) [missense_variant]",missense_variant,c.1067G>C,p.Gly356Ala,sat,171,15,-0.013520301236800212,0.009833225091796422,0.16914352868883886,2,2,0.14510407477631368,0.0,0.004254176849529822,0.40377818141611344,171,6,likely_population_artifact,0.49663419061829284,False
OM429_001533,545354,"OM429_001533:545354(c.769G>A,p.Asp257Asn) [missense_variant]",missense_variant,c.769G>A,p.Asp257Asn,chroma,171,107,-0.5741399669348992,0.41981046625991303,0.17143196513013637,3,2,1.7618011618164253,0.0,0.01191614387562536,0.16151270109528676,171,6,ambiguous_underpowered,0.4980549723780804,False
OM429_002663,883545,"OM429_002663:883545(c.568C>A,p.Leu190Ile) [missense_variant]",missense_variant,c.568C>A,p.Leu190Ile,sat,171,161,0.01536023282819037,0.01129813774256901,0.17397658326595822,2,2,0.19784061668649328,0.0,0.002412689377341915,0.5297070864043572,171,6,likely_population_artifact,0.5001826768896299,False
OM429_002663,883572,"OM429_002663:883572(c.541C>A,p.Gln181Lys) [missense_variant]",missense_variant,c.541C>A,p.Gln181Lys,lab_L,171,139,-0.3934314808437708,0.290687410843674,0.17591124910909584,3,3,2.04436333078133,0.02170031623702374,0.010917578076771746,0.18033598898599482,171,6,ambiguous_underpowered,0.5005309768464995,False
OM429_002663,883440,"OM429_002663:883440(c.673G>A,p.Asp225Asn) [missense_variant]",missense_variant,c.673G>A,p.Asp225Asn,sat,171,16,0.014062210813582495,0.010619680683686265,0.1854482100875604,2,2,0.3994786409698374,0.0,2.214419922367504e-05,0.952018884128233,171,6,likely_population_artifact,0.5222827141241497,False
OM429_001521,502873,"OM429_001521:502873(c.1456A>G,p.Lys486Glu) [missense_variant]",missense_variant,c.1456A>G,p.Lys486Glu,lab_L,171,53,-0.3530113908150569,0.2723646261877597,0.19494154239953165,3,1,2.9942697801015097,0.33205751422565627,0.0016869593756772125,0.5993005128951878,171,6,likely_population_artifact,0.5357786155921261,False
OM429_000065,211936,"OM429_000065:211936(c.3152G>C,p.Gly1051Ala) [missense_variant]",missense_variant,c.3152G>C,p.Gly1051Ala,lab_a,171,13,0.6538238320924087,0.5051748766417612,0.19557822803715696,2,2,0.17386675093722567,0.0,0.009696569131798916,0.20687852632174608,171,6,likely_population_artifact,0.5357786155921261,False
OM429_000065,210953,"OM429_000065:210953(c.2395C>T,p.Leu799Phe) [missense_variant]",missense_variant,c.2395C>T,p.Leu799Phe,lab_b,171,12,-0.36856132723962454,0.2861856314441754,0.1978016362789693,2,2,0.012049335746101293,0.0,0.006776755154526939,0.29169578551919595,171,6,likely_population_artifact,0.5357786155921261,False
OM429_000065,212742,"OM429_000065:212742(c.3825G>C,p.Glu1275Asp) [missense_variant]",missense_variant,c.3825G>C,p.Glu1275Asp,sat,171,15,-0.013255652894080728,0.010348773777930274,0.20023189671447217,2,2,0.12703886644810108,0.0,0.024791823508811744,0.0427666767286958,171,6,ambiguous_underpowered,0.5357786155921261,False
OM429_005034,608801,"OM429_005034:608801(c.34T>C,p.Tyr12His) [missense_variant]",missense_variant,c.34T>C,p.Tyr12His,lab_L,171,145,-0.3515238906601366,0.27635788951290585,0.203377419591245,3,1,2.3552149802722218,0.1508206186049161,0.0020717349877061864,0.5603597052330179,171,6,likely_population_artifact,0.5357786155921261,False
OM429_003729,40134,"OM429_003729:40134(c.458A>C,p.Lys153Thr) [missense_variant]",missense_variant,c.458A>C,p.Lys153Thr,lab_L,171,15,-0.37228997216976795,0.2929935881310506,0.2038560218098724,2,2,0.04536247447462921,0.0,0.00794079074209379,0.25357301691644046,171,6,likely_population_artifact,0.5357786155921261,False
OM429_000065,208797,"OM429_000065:208797(c.1067G>C,p.Gly356Ala) [missense_variant]",missense_variant,c.1067G>C,p.Gly356Ala,bright,171,15,-0.008316174805836392,0.006546804235705049,0.20399033131418098,2,2,0.016089223753250895,0.0,0.005431823519779122,0.3453339060475413,171,6,likely_population_artifact,0.5357786155921261,False
OM429_001521,504384,"OM429_001521:504384(c.106A>G,p.Thr36Ala) [missense_variant]",missense_variant,c.106A>G,p.Thr36Ala,lab_a,171,97,-0.5998690168734682,0.47409884972011157,0.20577004801726584,2,2,2.711362594350952,0.6311817526422058,0.022308954364322016,0.054777239483715046,171,6,ambiguous_underpowered,0.5357786155921261,False
OM429_000065,212742,"OM429_000065:212742(c.3825G>C,p.Glu1275Asp) [missense_variant]",missense_variant,c.3825G>C,p.Glu1275Asp,chroma,171,15,-0.5545040247637808,0.44284359494312286,0.21051733598268807,2,2,0.057156361492529756,0.0,0.023444451661513974,0.04889781944310825,171,6,ambiguous_underpowered,0.540473817183173,False
OM429_000065,208569,"OM429_000065:208569(c.839C>T,p.Ala280Val) [missense_variant]",missense_variant,c.839C>T,p.Ala280Val,lab_L,171,68,-0.3450841285533135,0.2777656762881574,0.21410487832950442,3,1,2.336451091475073,0.14400091348056476,0.0018640248892659909,0.580731201805525,171,6,likely_population_artifact,0.540473817183173,False
OM429_000065,208628,"OM429_000065:208628(c.898C>G,p.Leu300Val) [missense_variant]",missense_variant,c.898C>G,p.Leu300Val,lab_L,171,68,-0.3450841285533135,0.2777656762881574,0.21410487832950442,3,1,2.336451091475073,0.14400091348056476,0.0018640248892659909,0.580731201805525,171,6,likely_population_artifact,0.540473817183173,False
OM429_001521,504174,"OM429_001521:504174(c.237C>G,p.Asn79Lys) [missense_variant]",missense_variant,c.237C>G,p.Asn79Lys,lab_L,171,15,-0.36046958815436025,0.290974416574047,0.2154062314860472,2,2,0.38714452613149,0.0,0.00512289214071754,0.3594680818523715,171,6,likely_population_artifact,0.540473817183173,False
OM429_003336,175309,"OM429_003336:175309(c.1239G>C,p.Trp413Cys) [missense_variant]",missense_variant,c.1239G>C,p.Trp413Cys,chroma,171,10,-0.6822760269328508,0.5592504244874402,0.2224713083703035,2,2,0.01461474874523585,0.0,0.009694660016664183,0.2069234504123028,171,6,likely_population_artifact,0.5531719018937276,False
OM429_001533,544888,"OM429_001533:544888(c.1078C>G,p.Leu360Val) [missense_variant]",missense_variant,c.1078C>G,p.Leu360Val,lab_L,171,14,0.37664657468761653,0.31114338628361493,0.226077840165549,2,1,1.3313015065138156,0.24885535312085033,0.009931584512078703,0.20143449240149397,171,6,likely_population_artifact,0.5571203918365314,False
OM429_003336,175309,"OM429_003336:175309(c.1239G>C,p.Trp413Cys) [missense_variant]",missense_variant,c.1239G>C,p.Trp413Cys,lab_a,171,10,-0.6473340108390215,0.5409907102013597,0.23147365393242292,2,2,0.007201201673312561,0.0,0.007532127589968321,0.26621001008027523,171,6,likely_population_artifact,0.5653692786314046,False
OM429_003336,175309,"OM429_003336:175309(c.1239G>C,p.Trp413Cys) [missense_variant]",missense_variant,c.1239G>C,p.Trp413Cys,sat,171,10,-0.015484085110814491,0.013201651477751255,0.24083991690195938,2,2,0.08080196321614454,0.0,0.011675944612618587,0.165827562735307,171,6,ambiguous_underpowered,0.5805843005397767,False
OM429_001521,504384,"OM429_001521:504384(c.106A>G,p.Thr36Ala) [missense_variant]",missense_variant,c.106A>G,p.Thr36Ala,chroma,171,97,-0.5575658928084548,0.476460104975033,0.24191012522490696,2,2,3.183320856028024,0.6858626430614518,0.02314165402023988,0.05039797098436439,171,6,ambiguous_underpowered,0.5805843005397767,False
OM429_000065,210953,"OM429_000065:210953(c.2395C>T,p.Leu799Phe) [missense_variant]",missense_variant,c.2395C>T,p.Leu799Phe,lab_a,171,12,-0.5184719241559604,0.4459417293728184,0.24497356307319085,2,1,0.5415706793952126,0.0,0.002041026236677061,0.5632836599240624,171,6,likely_population_artifact,0.5828681328293162,False
OM429_001521,503452,"OM429_001521:503452(c.877A>G,p.Thr293Ala) [missense_variant]",missense_variant,c.877A>G,p.Thr293Ala,sat,171,20,-0.01332444086047548,0.011712435333300205,0.25527419198427737,2,2,0.8023669123416686,0.0,0.043532915569944416,0.006983055547306485,171,6,ambiguous_underpowered,0.6021852733988081,False
OM429_000065,212742,"OM429_000065:212742(c.3825G>C,p.Glu1275Asp) [missense_variant]",missense_variant,c.3825G>C,p.Glu1275Asp,lab_a,171,15,-0.49134807195923397,0.43731180145632875,0.26119776860935395,2,2,0.01017523236590565,0.0,0.020009532767250617,0.06907920243649436,171,6,ambiguous_underpowered,0.610937153696455,False
OM429_001521,503594,"OM429_001521:503594(c.735A>C,p.Gln245His) [missense_variant]",missense_variant,c.735A>C,p.Gln245His,lab_b,171,49,0.3505069130490296,0.31410705883731294,0.26447196613678825,3,2,4.831318330226961,0.5860343154192355,0.042584866386428284,0.007642723206103797,171,6,ambiguous_underpowered,0.6132554296419094,False
OM429_001521,503624,"OM429_001521:503624(c.705A>C,p.Gln235His) [missense_variant]",missense_variant,c.705A>C,p.Gln235His,lab_b,171,147,-0.28626171700814235,0.25842412928238745,0.26798252423559266,2,1,5.279261020140795,0.8105795496405801,0.0023212149790998995,0.5376236779695632,171,6,likely_population_artifact,0.6132554296419094,False
OM429_005034,609596,"OM429_005034:609596(c.829G>A,p.Gly277Ser) [missense_variant]",missense_variant,c.829G>A,p.Gly277Ser,chroma,171,95,0.5385312721996952,0.4870483955705271,0.268854735458953,2,1,7.380761577636315,0.8645126265790787,0.0010331277717618003,0.68099802238724,171,6,likely_population_artifact,0.6132554296419094,False
OM429_000065,212742,"OM429_000065:212742(c.3825G>C,p.Glu1275Asp) [missense_variant]",missense_variant,c.3825G>C,p.Glu1275Asp,bright,171,15,-0.007507646993979259,0.0068501583702149085,0.2730868611015138,2,2,0.06004252020702865,0.0,0.01540239303277149,0.11114192110882945,171,6,ambiguous_underpowered,0.6178030628198181,False
OM429_001533,544888,"OM429_001533:544888(c.1078C>G,p.Leu360Val) [missense_variant]",missense_variant,c.1078C>G,p.Leu360Val,lab_b,171,14,-0.33035288503137705,0.30476038925195137,0.27837553136774085,2,2,0.2373087745938557,0.0,0.016588425293507434,0.09817275969097451,171,6,ambiguous_underpowered,0.6202093367147422,False
OM429_005034,608780,"OM429_005034:608780(c.13G>A,p.Gly5Ser) [missense_variant]",missense_variant,c.13G>A,p.Gly5Ser,lab_L,171,55,-0.2945559702411079,0.27188892649660507,0.27864477446604363,3,1,3.83780272556824,0.4788684716190376,0.002487758504047159,0.5233648002827447,171,6,likely_population_artifact,0.6202093367147422,False
OM429_003336,174503,"OM429_003336:174503(c.529A>G,p.Ile177Val) [missense_variant]",missense_variant,c.529A>G,p.Ile177Val,bright,171,12,-0.007546931626591692,0.007093646061219174,0.28737390198843094,2,2,0.006413619428330401,0.0,0.004277154087254292,0.4025087854712858,171,6,likely_population_artifact,0.6336857840406601,False
OM429_000065,212414,"OM429_000065:212414(c.3497C>G,p.Ala1166Gly) [missense_variant]",missense_variant,c.3497C>G,p.Ala1166Gly,lab_b,171,22,-0.2893715537751312,0.2730751102095442,0.28929133619247527,2,2,2.325848189907696,0.5700493246553267,0.026744412886912153,0.03526496498350877,171,6,ambiguous_underpowered,0.6336857840406601,False
OM429_001521,503624,"OM429_001521:503624(c.705A>C,p.Gln235His) [missense_variant]",missense_variant,c.705A>C,p.Gln235His,lab_L,171,147,0.3237136762473612,0.31056284857988575,0.2972516907003081,2,2,0.057024416239464235,0.0,0.002468436869595644,0.5249842719420441,171,6,likely_population_artifact,0.6401296299873832,False
OM429_002663,882826,"OM429_002663:882826(c.1091A>C,p.Lys364Thr) [missense_variant]",missense_variant,c.1091A>C,p.Lys364Thr,bright,171,118,0.010540434793620327,0.010152900877364333,0.29919102271149434,2,1,4.468295455915584,0.77620101225041,0.01896951273363144,0.07680060044197128,171,6,likely_population_artifact,0.6401296299873832,False
OM429_002663,883917,"OM429_002663:883917(c.196C>T,p.Pro66Ser) [missense_variant]",missense_variant,c.196C>T,p.Pro66Ser,bright,171,119,0.010540434793620327,0.010152900877364333,0.29919102271149434,2,1,4.468295455915584,0.77620101225041,0.015046142744145178,0.11539316984438805,171,6,likely_population_artifact,0.6401296299873832,False
OM429_001521,504174,"OM429_001521:504174(c.237C>G,p.Asn79Lys) [missense_variant]",missense_variant,c.237C>G,p.Asn79Lys,lab_a,171,15,0.4279753232151869,0.4184118508801624,0.3063756521090024,2,1,1.318627007178926,0.24163543249474115,0.00026684804478547993,0.834532891535901,171,6,likely_population_artifact,0.6492748134375986,False
OM429_005034,609596,"OM429_005034:609596(c.829G>A,p.Gly277Ser) [missense_variant]",missense_variant,c.829G>A,p.Gly277Ser,bright,171,95,0.007629439646067172,0.007486677483124694,0.30817029188523704,2,1,6.988145448567339,0.8569005171171683,0.00051910285925954,0.7707692939444836,171,6,likely_population_artifact,0.6492748134375986,False
OM429_001533,545622,"OM429_001533:545622(c.622G>A,p.Val208Ile) [missense_variant]",missense_variant,c.622G>A,p.Val208Ile,bright,171,21,-0.007064640090291529,0.007117875262661841,0.32094348052671007,2,2,0.396575029957889,0.0,0.017471963496092514,0.08957788591385459,171,6,ambiguous_underpowered,0.6641154037146554,False
OM429_001521,504174,"OM429_001521:504174(c.237C>G,p.Asn79Lys) [missense_variant]",missense_variant,c.237C>G,p.Asn79Lys,chroma,171,15,0.42142564587809794,0.4257971681242358,0.3223044830903272,2,1,1.4079231739467823,0.28973397234684717,4.328918650548319e-06,0.9787754295672937,171,6,likely_population_artifact,0.6641154037146554,False
OM429_001521,504384,"OM429_001521:504384(c.106A>G,p.Thr36Ala) [missense_variant]",missense_variant,c.106A>G,p.Thr36Ala,sat,171,97,-0.010881218696924592,0.010997008202466798,0.3224328409339269,2,2,2.788126009455765,0.6413361531693479,0.016969650749541033,0.09435993076659188,171,6,ambiguous_underpowered,0.6641154037146554,False
OM429_003333,170090,"OM429_003333:170090(c.91C>A,p.Arg31Ser) [missense_variant&splice_region_variant]",missense_variant&splice_region_variant,c.91C>A,p.Arg31Ser,lab_b,171,9,-0.35485873831420306,0.3621683930983649,0.3271764728058453,2,2,0.01671592881288585,0.0,0.005472316246062976,0.34353730849555997,171,6,likely_population_artifact,0.6688941221808392,False
OM429_001521,503421,"OM429_001521:503421(c.908C>G,p.Pro303Arg) [missense_variant]",missense_variant,c.908C>G,p.Pro303Arg,lab_L,171,9,-0.340680240617478,0.36037912191493204,0.34448611429661957,2,2,0.11023992628286933,0.0,0.005138897120995124,0.35871668340017865,171,6,likely_population_artifact,0.6991041731313751,False
OM429_001533,545354,"OM429_001533:545354(c.769G>A,p.Asp257Asn) [missense_variant]",missense_variant,c.769G>A,p.Asp257Asn,lab_a,171,107,-0.39030858267370844,0.4175749470293668,0.34994134713286507,3,2,1.2841199277076951,0.0,0.008654894121793634,0.23319872079161802,171,6,likely_population_artifact,0.702140281260173,False
OM429_001521,503421,"OM429_001521:503421(c.908C>G,p.Pro303Arg) [missense_variant]",missense_variant,c.908C>G,p.Pro303Arg,lab_b,171,9,-0.3372923261877051,0.3629144296999199,0.3526823199745387,2,2,0.022428798678677732,0.0,0.005251635619666176,0.35348411285415104,171,6,likely_population_artifact,0.702140281260173,False
OM429_001430,265635,"OM429_001430:265635(c.823T>G,p.Ser275Ala) [missense_variant]",missense_variant,c.823T>G,p.Ser275Ala,lab_b,171,11,-0.2844542320331925,0.3066555179739944,0.3536141271563915,2,2,0.0424435937103397,0.0,0.005066248355678163,0.3621447671877422,171,6,likely_population_artifact,0.702140281260173,False
OM429_002663,882805,"OM429_002663:882805(c.1112T>C,p.Val371Ala) [missense_variant]",missense_variant,c.1112T>C,p.Val371Ala,lab_a,171,16,-0.37906742072598376,0.42199719290937054,0.3690416194569529,2,1,0.32981997969330334,0.0,0.0012628726150389182,0.6494365816839355,171,6,likely_population_artifact,0.7246513652496528,False
OM429_001430,264856,"OM429_001430:264856(c.275C>T,p.Ala92Val) [missense_variant]",missense_variant,c.275C>T,p.Ala92Val,lab_a,171,9,0.49116830197134065,0.548318978403199,0.3703750205943436,2,2,0.16667446365416136,0.0,0.002275574883285504,0.5416542385289139,171,6,likely_population_artifact,0.7246513652496528,False
OM429_003336,174290,"OM429_003336:174290(c.316G>A,p.Ala106Thr) [missense_variant]",missense_variant,c.316G>A,p.Ala106Thr,lab_a,171,19,0.43914572728999546,0.4927639496366069,0.37282787632409675,2,1,0.3939898505323748,0.0,0.0016935177867275608,0.5985909587152853,171,6,likely_population_artifact,0.7246513652496528,False
OM429_001430,265635,"OM429_001430:265635(c.823T>G,p.Ser275Ala) [missense_variant]",missense_variant,c.823T>G,p.Ser275Ala,lab_a,171,11,0.4145204963594109,0.4764294534777022,0.38426958160089564,2,2,0.09140484631087245,0.0,0.0023214206797369636,0.5376056359815499,171,6,likely_population_artifact,0.7416671644884419,False
OM429_001521,504174,"OM429_001521:504174(c.237C>G,p.Asn79Lys) [missense_variant]",missense_variant,c.237C>G,p.Asn79Lys,sat,171,15,0.008571132566170264,0.010019311379145482,0.3922958516856718,2,1,1.4499810116500322,0.3103357961480945,0.00034325809652853515,0.8127163746752408,171,6,likely_population_artifact,0.7519003823975376,False
OM429_000065,211646,"OM429_000065:211646(c.2947T>G,p.Ser983Ala) [missense_variant]",missense_variant,c.2947T>G,p.Ser983Ala,lab_b,171,76,0.24728261536961227,0.2930443952743713,0.3987587573540887,3,3,1.6420809000109293,0.0,0.0204146866254213,0.06629808559566994,171,6,ambiguous_underpowered,0.7590166691705412,False
OM429_003336,174290,"OM429_003336:174290(c.316G>A,p.Ala106Thr) [missense_variant]",missense_variant,c.316G>A,p.Ala106Thr,lab_b,171,19,-0.26147505725197745,0.31452086031343446,0.40577927603069297,2,2,2.8251196057063215,0.6460326854905014,0.02308673663765451,0.050675168126371954,171,6,ambiguous_underpowered,0.7670895903045977,False
OM429_001521,503624,"OM429_001521:503624(c.705A>C,p.Gln235His) [missense_variant]",missense_variant,c.705A>C,p.Gln235His,bright,171,147,-0.0055337025277651134,0.006718713570850919,0.4101524918838212,2,1,1.077177229519256,0.07164766150292674,8.59752331455388e-05,0.9056201234784951,171,6,likely_population_artifact,0.7700822296594193,False
OM429_000065,208752,"OM429_000065:208752(c.1022G>C,p.Gly341Ala) [missense_variant]",missense_variant,c.1022G>C,p.Gly341Ala,lab_L,171,8,-0.2953756769972698,0.36570176216682654,0.41926588002831056,2,1,0.7338431681130418,0.0,0.004546006604702954,0.388073119644729,171,6,likely_population_artifact,0.7767490416546627,False
OM429_001521,503452,"OM429_001521:503452(c.877A>G,p.Thr293Ala) [missense_variant]",missense_variant,c.877A>G,p.Thr293Ala,chroma,171,20,-0.4083277740172623,0.5069097528620665,0.42051758758039615,2,2,0.3537868346429199,0.0,0.03163476721910895,0.02187209101612486,171,6,ambiguous_underpowered,0.7767490416546627,False
OM429_002663,882826,"OM429_002663:882826(c.1091A>C,p.Lys364Thr) [missense_variant]",missense_variant,c.1091A>C,p.Lys364Thr,lab_L,171,118,-0.4037508603585199,0.5071507686778124,0.4259645934291867,2,2,0.3962462498718634,0.0,0.004967366420969329,0.36688345196136357,171,6,likely_population_artifact,0.7767490416546627,False
OM429_002663,883917,"OM429_002663:883917(c.196C>T,p.Pro66Ser) [missense_variant]",missense_variant,c.196C>T,p.Pro66Ser,lab_L,171,119,-0.4037508603585199,0.5071507686778124,0.4259645934291867,2,2,0.3962462498718634,0.0,0.006350865941888081,0.3074300404565876,171,6,likely_population_artifact,0.7767490416546627,False
OM429_001415,229404,"OM429_001415:229404(c.286C>T,p.Pro96Ser) [missense_variant]",missense_variant,c.286C>T,p.Pro96Ser,lab_a,171,14,0.3677631589509183,0.4661594988333182,0.43015800424717154,2,1,1.233388817092035,0.18922566335755878,0.00831999473769661,0.2424970634779174,171,6,likely_population_artifact,0.7767490416546627,False
OM429_001521,503594,"OM429_001521:503594(c.735A>C,p.Gln245His) [missense_variant]",missense_variant,c.735A>C,p.Gln245His,lab_L,171,49,0.25815744395183954,0.32753452918191894,0.43058914265638915,3,3,0.01692860562315541,0.0,0.0033863693283411695,0.4564385015036316,171,6,likely_population_artifact,0.7767490416546627,False
OM429_001533,544888,"OM429_001533:544888(c.1078C>G,p.Leu360Val) [missense_variant]",missense_variant,c.1078C>G,p.Leu360Val,bright,171,14,0.005667387635688891,0.007320434234764922,0.43882000347569183,2,1,1.2646315105282544,0.209255825372969,0.0035679645818367735,0.4445894352640865,171,6,likely_population_artifact,0.7864566296057854,False
OM429_000065,211936,"OM429_000065:211936(c.3152G>C,p.Gly1051Ala) [missense_variant]",missense_variant,c.3152G>C,p.Gly1051Ala,lab_b,171,13,0.24895024452031217,0.3293372568827559,0.4497014853788719,2,2,0.0004181995765989997,0.0,0.0005456288465554193,0.765151838061198,171,6,likely_population_artifact,0.799077883320041,False
OM429_002663,883572,"OM429_002663:883572(c.541C>A,p.Gln181Lys) [missense_variant]",missense_variant,c.541C>A,p.Gln181Lys,bright,171,139,0.005381952511578358,0.007152230567799223,0.45175891816887026,3,3,0.1572047286517089,0.0,0.004500164943449199,0.390481593006697,171,6,likely_population_artifact,0.799077883320041,False
OM429_000065,212742,"OM429_000065:212742(c.3825G>C,p.Glu1275Asp) [missense_variant]",missense_variant,c.3825G>C,p.Glu1275Asp,lab_b,171,15,-0.2105141205466898,0.2827388372646315,0.4565418378665126,2,2,0.38872829715147617,0.0,0.009560149354924307,0.21011768949190376,171,6,likely_population_artifact,0.799077883320041,False
OM429_000065,207618,OM429_000065:207618(c.231+2C>T) [splice_donor_variant&intron_variant],splice_donor_variant&intron_variant,c.231+2C>T,,chroma,171,15,-0.32283569331478706,0.4344657236625489,0.45744313610350174,2,1,0.09543793286398393,0.0,0.001056970401029086,0.6775411616469115,171,6,likely_population_artifact,0.799077883320041,False
OM429_001415,229404,"OM429_001415:229404(c.286C>T,p.Pro96Ser) [missense_variant]",missense_variant,c.286C>T,p.Pro96Ser,lab_L,171,14,-0.23531577000001985,0.32185810527404785,0.46470799948487385,2,2,0.11975384937255434,0.0,3.7678876395320296e-05,0.9374384815385016,171,6,likely_population_artifact,0.8019109445220696,False
OM429_003729,40031,"OM429_003729:40031(c.561C>G,p.Asp187Glu) [missense_variant]",missense_variant,c.561C>G,p.Asp187Glu,lab_b,171,22,0.2053533372045982,0.2823862417697667,0.4670989732862827,2,2,0.06618661474742116,0.0,0.003789264505859706,0.430777986807027,171,6,likely_population_artifact,0.8019109445220696,False
OM429_002663,883440,"OM429_002663:883440(c.673G>A,p.Asp225Asn) [missense_variant]",missense_variant,c.673G>A,p.Asp225Asn,bright,171,16,0.0049702922803613585,0.006863154171881637,0.4689433137323471,2,2,0.03001590113448615,0.0,0.0013655721271923565,0.6364427291783441,171,6,likely_population_artifact,0.8019109445220696,False
OM429_001430,264856,"OM429_001430:264856(c.275C>T,p.Ala92Val) [missense_variant]",missense_variant,c.275C>T,p.Ala92Val,chroma,171,9,0.41020792748974616,0.5686575717632544,0.47068685874121474,2,2,0.15642168130730777,0.0,0.0008610499410707989,0.7074443906940124,171,6,likely_population_artifact,0.8019109445220696,False
OM429_000065,207618,OM429_000065:207618(c.231+2C>T) [splice_donor_variant&intron_variant],splice_donor_variant&intron_variant,c.231+2C>T,,lab_a,171,15,-0.3003594198592313,0.42747525533800246,0.48228274344719735,2,1,0.23971656616258805,0.0,0.0007089141339926766,0.7334702074158367,171,6,likely_population_artifact,0.8065000110863261,False
OM429_002663,883545,"OM429_002663:883545(c.568C>A,p.Leu190Ile) [missense_variant]",missense_variant,c.568C>A,p.Leu190Ile,lab_b,171,161,-0.21643369481094513,0.3085183719122888,0.4829747429715825,2,1,0.14273785439062986,0.0,0.02360386782473679,0.04812685858701531,171,6,likely_population_artifact,0.8065000110863261,False
OM429_000065,212414,"OM429_000065:212414(c.3497C>G,p.Ala1166Gly) [missense_variant]",missense_variant,c.3497C>G,p.Ala1166Gly,bright,171,22,-0.004765845068825145,0.006827053037716139,0.48512570996889437,2,2,0.11354250224092667,0.0,0.004112410440072656,0.4117405303425814,171,6,likely_population_artifact,0.8065000110863261,False
OM429_002663,882805,"OM429_002663:882805(c.1112T>C,p.Val371Ala) [missense_variant]",missense_variant,c.1112T>C,p.Val371Ala,bright,171,16,-0.004643226722145538,0.0066882492736920155,0.48753391021907333,2,2,0.010478565605850596,0.0,0.002518212949621179,0.5208300563517332,171,6,likely_population_artifact,0.8065000110863261,False
OM429_001533,544888,"OM429_001533:544888(c.1078C>G,p.Leu360Val) [missense_variant]",missense_variant,c.1078C>G,p.Leu360Val,sat,171,14,-0.007957268491559467,0.011473942740407937,0.4879909487370162,2,2,0.33017143829185464,0.0,0.02825004130667333,0.030419360093054754,171,6,ambiguous_underpowered,0.8065000110863261,False
OM429_002663,882805,"OM429_002663:882805(c.1112T>C,p.Val371Ala) [missense_variant]",missense_variant,c.1112T>C,p.Val371Ala,chroma,171,16,-0.2944104622419568,0.43366278256865826,0.4972059027408613,2,1,0.07977650812699286,0.0,0.0008883091527264962,0.7030642257102071,171,6,likely_population_artifact,0.8069426562306236,False
OM429_003729,40134,"OM429_003729:40134(c.458A>C,p.Lys153Thr) [missense_variant]",missense_variant,c.458A>C,p.Lys153Thr,bright,171,15,0.004504775946478457,0.006652536069469142,0.49830972477841284,2,1,0.4539625562972758,0.0,7.824824800825231e-05,0.9099423759442686,171,6,likely_population_artifact,0.8069426562306236,False
OM429_000065,207618,OM429_000065:207618(c.231+2C>T) [splice_donor_variant&intron_variant],splice_donor_variant&intron_variant,c.231+2C>T,,bright,171,15,-0.004540939771953571,0.006720638721346136,0.4992496384640984,2,2,0.011849060939000443,0.0,0.0024408052081865026,0.5273157565401043,171,6,likely_population_artifact,0.8069426562306236,False
OM429_001521,503421,"OM429_001521:503421(c.908C>G,p.Pro303Arg) [missense_variant]",missense_variant,c.908C>G,p.Pro303Arg,bright,171,9,-0.005913505252557475,0.008766427144260926,0.49995360222984286,2,2,0.0006014867721663218,0.0,0.0024973892891611994,0.5225608761966722,171,6,likely_population_artifact,0.8069426562306236,False
OM429_002663,882805,"OM429_002663:882805(c.1112T>C,p.Val371Ala) [missense_variant]",missense_variant,c.1112T>C,p.Val371Ala,lab_b,171,16,0.17943477713274683,0.2688046196346119,0.504434534006896,2,1,0.5214580883096609,0.0,0.00018167687118954393,0.8631567113264996,171,6,likely_population_artifact,0.8094414615459493,False
OM429_000065,207618,OM429_000065:207618(c.231+2C>T) [splice_donor_variant&intron_variant],splice_donor_variant&intron_variant,c.231+2C>T,,sat,171,15,-0.006631514673525585,0.010199321799829976,0.5155683831292646,2,2,0.016406918589518253,0.0,0.0012930131469956422,0.6455587423221539,171,6,likely_population_artifact,0.8225252817553586,False
OM429_000065,208752,"OM429_000065:208752(c.1022G>C,p.Gly341Ala) [missense_variant]",missense_variant,c.1022G>C,p.Gly341Ala,lab_b,171,8,-0.23320196518249603,0.36887811480771876,0.5272611195097998,2,2,0.2079268889509241,0.0,0.005850891675339923,0.3273289635759093,171,6,likely_population_artifact,0.8350167653910401,False
OM429_000065,208752,"OM429_000065:208752(c.1022G>C,p.Gly341Ala) [missense_variant]",missense_variant,c.1022G>C,p.Gly341Ala,lab_a,171,8,0.35177330413782293,0.5607601354921424,0.5304527029978896,2,2,0.05716692407325921,0.0,0.00128378741627404,0.6467398615873029,171,6,likely_population_artifact,0.8350167653910401,False
OM429_000065,212414,"OM429_000065:212414(c.3497C>G,p.Ala1166Gly) [missense_variant]",missense_variant,c.3497C>G,p.Ala1166Gly,sat,171,22,-0.006477263557744482,0.01037635255457744,0.5324744590899386,2,2,0.5106476541830692,0.0,0.013016222169919352,0.14330176367285238,171,6,ambiguous_underpowered,0.8350167653910401,False
OM429_001430,264856,"OM429_001430:264856(c.275C>T,p.Ala92Val) [missense_variant]",missense_variant,c.275C>T,p.Ala92Val,lab_L,171,9,-0.2232160182588247,0.36135389122201883,0.536759027250425,2,1,0.4290628682707646,0.0,0.0028183357127874523,0.49694665275169175,171,6,likely_population_artifact,0.8369801780854085,False
OM429_000065,212395,"OM429_000065:212395(c.3478A>T,p.Thr1160Ser) [missense_variant]",missense_variant,c.3478A>T,p.Thr1160Ser,bright,171,15,-0.004107824030332478,0.00680248245904908,0.545929200999393,2,2,0.21824093595027677,0.0,0.004016348290595833,0.41726727844634187,171,6,likely_population_artifact,0.8464969633473735,False
OM429_003336,174503,"OM429_003336:174503(c.529A>G,p.Ile177Val) [missense_variant]",missense_variant,c.529A>G,p.Ile177Val,lab_b,171,12,0.17231236610288736,0.29170351278099516,0.5547143236196512,2,1,0.518339890136864,0.0,0.0003449288181078214,0.812269557751287,171,6,likely_population_artifact,0.8553137056928701,False
OM429_003336,174266,"OM429_003336:174266(c.292A>C,p.Asn98His) [missense_variant]",missense_variant,c.292A>C,p.Asn98His,lab_b,171,13,-0.17200696637820356,0.2941549853106617,0.5587161974464384,2,2,0.45124483464369985,0.0,0.007038232125737725,0.28254093119748286,171,6,likely_population_artifact,0.8566981694178721,False
OM429_003336,174290,"OM429_003336:174290(c.316G>A,p.Ala106Thr) [missense_variant]",missense_variant,c.316G>A,p.Ala106Thr,chroma,171,19,0.28906481843897025,0.5004379304005668,0.5635181897429983,2,1,1.1543151947274783,0.13368549199762594,0.007455614710036903,0.26866157637526006,171,6,likely_population_artifact,0.8592874053539643,False
OM429_000065,212414,"OM429_000065:212414(c.3497C>G,p.Ala1166Gly) [missense_variant]",missense_variant,c.3497C>G,p.Ala1166Gly,chroma,171,22,-0.24751208798253313,0.44535439328885373,0.5783719699944777,2,2,0.12135935257114823,0.0,0.007605443196481679,0.2638867923353847,171,6,likely_population_artifact,0.8770915588927245,False
OM429_001430,265635,"OM429_001430:265635(c.823T>G,p.Ser275Ala) [missense_variant]",missense_variant,c.823T>G,p.Ser275Ala,chroma,171,11,0.26922275133176776,0.4914633291558218,0.5838304408054088,2,2,0.06080275312184093,0.0,0.0005805063248123133,0.7579874832147528,171,6,likely_population_artifact,0.880531156624551,False
OM429_000065,212395,"OM429_000065:212395(c.3478A>T,p.Thr1160Ser) [missense_variant]",missense_variant,c.3478A>T,p.Thr1160Ser,sat,171,15,-0.005418344070828444,0.0103633432594391,0.6010873686346809,2,2,0.4398139388497595,0.0,0.005873881234301464,0.3263776345431183,171,6,likely_population_artifact,0.8830429234430885,False
OM429_003729,40031,"OM429_003729:40031(c.561C>G,p.Asp187Glu) [missense_variant]",missense_variant,c.561C>G,p.Asp187Glu,bright,171,22,0.0035748436925093293,0.0069531685761587995,0.607159984840318,2,2,0.009565643997645618,0.0,0.0008382476778077323,0.7111694860749092,171,6,likely_population_artifact,0.8830429234430885,False
OM429_002663,882805,"OM429_002663:882805(c.1112T>C,p.Val371Ala) [missense_variant]",missense_variant,c.1112T>C,p.Val371Ala,sat,171,16,-0.005236869285813877,0.010195704112821459,0.6075072865483714,2,2,0.005854224586933539,0.0,0.0009040631942427342,0.7005677495987532,171,6,likely_population_artifact,0.8830429234430885,False
OM429_003336,174284,"OM429_003336:174284(c.310C>T,p.Pro104Ser) [missense_variant]",missense_variant,c.310C>T,p.Pro104Ser,lab_a,171,9,0.2850992810020509,0.5553575945497486,0.6076983792290833,2,2,0.02731808865815708,0.0,0.0009870657881675593,0.6878106032162693,171,6,likely_population_artifact,0.8830429234430885,False
OM429_001533,544888,"OM429_001533:544888(c.1078C>G,p.Leu360Val) [missense_variant]",missense_variant,c.1078C>G,p.Leu360Val,chroma,171,14,-0.24967223364352664,0.49102459038108304,0.6111224018116235,2,2,0.3021016624467962,0.0,0.024325727965290634,0.04479144852406886,171,6,ambiguous_underpowered,0.8830429234430885,False
OM429_003336,174503,"OM429_003336:174503(c.529A>G,p.Ile177Val) [missense_variant]",missense_variant,c.529A>G,p.Ile177Val,sat,171,12,0.005485404793037956,0.010973061903270357,0.6171473438020871,2,1,0.10473552894843655,0.0,0.0001901262668071851,0.860042540267894,171,6,likely_population_artifact,0.8830429234430885,False
OM429_002663,883545,"OM429_002663:883545(c.568C>A,p.Leu190Ile) [missense_variant]",missense_variant,c.568C>A,p.Leu190Ile,bright,171,161,0.003896510262498487,0.007820414365583646,0.6183088535885517,2,1,0.17631823040196098,0.0,0.007529757816515906,0.2662855240202993,171,6,likely_population_artifact,0.8830429234430885,False
OM429_000065,210953,"OM429_000065:210953(c.2395C>T,p.Leu799Phe) [missense_variant]",missense_variant,c.2395C>T,p.Leu799Phe,bright,171,12,-0.0035811532234478576,0.007231762172750947,0.6204604540942564,2,2,0.02935401667417282,0.0,0.0017674472400556094,0.5907113162665947,171,6,likely_population_artifact,0.8830429234430885,False
OM429_003336,174290,"OM429_003336:174290(c.316G>A,p.Ala106Thr) [missense_variant]",missense_variant,c.316G>A,p.Ala106Thr,lab_L,171,19,-0.17328768233397157,0.3515249430260384,0.6220409586050382,2,2,0.20705349754882796,0.0,0.0005665753748677917,0.7608201488658372,171,6,likely_population_artifact,0.8830429234430885,False
OM429_001430,264856,"OM429_001430:264856(c.275C>T,p.Ala92Val) [missense_variant]",missense_variant,c.275C>T,p.Ala92Val,sat,171,9,0.006502666703545464,0.01346225104981846,0.6290746683913947,2,1,0.1429727020153901,0.0,0.00010690872388010126,0.8948148747938804,171,6,likely_population_artifact,0.8830429234430885,False
OM429_001533,545354,"OM429_001533:545354(c.769G>A,p.Asp257Asn) [missense_variant]",missense_variant,c.769G>A,p.Asp257Asn,bright,171,107,0.003093017028207167,0.006461850964251986,0.6321819087922853,3,2,3.5399575588160763,0.43502147504025684,4.601379509270528e-05,0.9308798475173434,171,6,likely_population_artifact,0.8830429234430885,False
OM429_003336,174503,"OM429_003336:174503(c.529A>G,p.Ile177Val) [missense_variant]",missense_variant,c.529A>G,p.Ile177Val,chroma,171,12,0.22268529086415847,0.46994223451530176,0.6356020764689918,2,2,0.040192106498152705,0.0,0.0004549381907570545,0.785035373019168,171,6,likely_population_artifact,0.8830429234430885,False
OM429_002663,882805,"OM429_002663:882805(c.1112T>C,p.Val371Ala) [missense_variant]",missense_variant,c.1112T>C,p.Val371Ala,lab_L,171,16,-0.13994625889613194,0.2965387732870664,0.6369750312992617,2,1,0.5908808384031643,0.0,0.0018480020214849272,0.5823633878475857,171,6,likely_population_artifact,0.8830429234430885,False
OM429_001430,266031,"OM429_001430:266031(c.1051A>C,p.Met351Leu) [missense_variant]",missense_variant,c.1051A>C,p.Met351Leu,lab_L,171,10,-0.1585995746418451,0.3399867717019071,0.6408666024096499,2,1,0.6224560414548638,0.0,0.0019317430198424938,0.5739323661361675,171,6,likely_population_artifact,0.8830429234430885,False
OM429_001430,264856,"OM429_001430:264856(c.275C>T,p.Ala92Val) [missense_variant]",missense_variant,c.275C>T,p.Ala92Val,bright,171,9,0.004054529763938375,0.008724646511384984,0.6421309958386578,2,1,0.47604991580722655,0.0,3.104047744362811e-05,0.9432062832462651,171,6,likely_population_artifact,0.8830429234430885,False
OM429_001430,266605,"OM429_001430:266605(c.1390A>C,p.Thr464Pro) [missense_variant]",missense_variant,c.1390A>C,p.Thr464Pro,lab_b,171,17,-0.15773423177757417,0.3399545086984885,0.6426575671742045,2,1,0.03674979855036293,0.0,0.00016735785039753262,0.8686094847235597,171,6,likely_population_artifact,0.8830429234430885,False
OM429_003336,174284,"OM429_003336:174284(c.310C>T,p.Pro104Ser) [missense_variant]",missense_variant,c.310C>T,p.Pro104Ser,chroma,171,9,0.2649502539956073,0.5733365059902013,0.6439952837423909,2,2,0.06384567095644975,0.0,0.00037096292662972625,0.8054495533377474,171,6,likely_population_artifact,0.8830429234430885,False
OM429_002663,883440,"OM429_002663:883440(c.673G>A,p.Asp225Asn) [missense_variant]",missense_variant,c.673G>A,p.Asp225Asn,lab_b,171,16,0.13582909231665607,0.29429503379625016,0.6444108344203898,2,1,3.122006751322683,0.6796931974678352,0.009762518899297268,0.20533363333131227,171,6,likely_population_artifact,0.8830429234430885,False
OM429_003336,174503,"OM429_003336:174503(c.529A>G,p.Ile177Val) [missense_variant]",missense_variant,c.529A>G,p.Ile177Val,lab_a,171,12,0.2098782994796226,0.46193454997530325,0.6495795250307645,2,2,0.005060302721152094,0.0,0.0008618350877340488,0.7073171310065217,171,6,likely_population_artifact,0.8830429234430885,False
OM429_003336,174284,"OM429_003336:174284(c.310C>T,p.Pro104Ser) [missense_variant]",missense_variant,c.310C>T,p.Pro104Ser,lab_L,171,9,-0.16202525077902658,0.3610170730083046,0.653574363207749,2,1,0.6758212666087122,0.0,0.0018955904073609928,0.5775423005665105,171,6,likely_population_artifact,0.8830429234430885,False
OM429_001415,229404,"OM429_001415:229404(c.286C>T,p.Pro96Ser) [missense_variant]",missense_variant,c.286C>T,p.Pro96Ser,chroma,171,14,0.21611873051003663,0.4839071095517586,0.6551552171042301,2,1,1.0252010636834232,0.024581581678113813,0.014230466952790613,0.12581351192362117,171,6,likely_population_artifact,0.8830429234430885,False
OM429_003336,174266,"OM429_003336:174266(c.292A>C,p.Asn98His) [missense_variant]",missense_variant,c.292A>C,p.Asn98His,lab_L,171,13,-0.1383153268259677,0.31311359073184963,0.6586761375642858,2,2,0.010558261139622497,0.0,0.0008506797291393672,0.709131475099262,171,6,likely_population_artifact,0.8830429234430885,False
OM429_000065,207618,OM429_000065:207618(c.231+2C>T) [splice_donor_variant&intron_variant],splice_donor_variant&intron_variant,c.231+2C>T,,lab_L,171,15,-0.13051983435187658,0.29749395840317844,0.660856431628494,2,1,0.6279979224536459,0.0,0.001686885990619353,0.599308462354391,171,6,likely_population_artifact,0.8830429234430885,False
OM429_002663,883440,"OM429_002663:883440(c.673G>A,p.Asp225Asn) [missense_variant]",missense_variant,c.673G>A,p.Asp225Asn,lab_L,171,16,-0.15451828214924718,0.35533333563053937,0.6636680792692677,2,1,0.20651635109451577,0.0,0.003721006176925103,0.43496759519917577,171,6,likely_population_artifact,0.8830429234430885,False
OM429_001521,504384,"OM429_001521:504384(c.106A>G,p.Thr36Ala) [missense_variant]",missense_variant,c.106A>G,p.Thr36Ala,lab_L,171,97,0.14067620902699085,0.32537013605804865,0.6654816234643566,2,1,4.333856143583796,0.7692586078380834,0.00013199893077920388,0.8832009008892117,171,6,likely_population_artifact,0.8830429234430885,False
OM429_001521,503421,"OM429_001521:503421(c.908C>G,p.Pro303Arg) [missense_variant]",missense_variant,c.908C>G,p.Pro303Arg,sat,171,9,-0.00578098238327372,0.013515042836888605,0.66883730168988,2,2,0.010463937085023058,0.0,0.0006518893168790611,0.7440264831932365,171,6,likely_population_artifact,0.8832492596478797,False
OM429_003336,174284,"OM429_003336:174284(c.310C>T,p.Pro104Ser) [missense_variant]",missense_variant,c.310C>T,p.Pro104Ser,sat,171,9,0.005702770248907205,0.013484412300078791,0.672356736130818,2,1,0.12040847388905652,0.0,6.445656567136531e-05,0.9182329681325335,171,6,likely_population_artifact,0.8836688532005037,False
OM429_000065,208752,"OM429_000065:208752(c.1022G>C,p.Gly341Ala) [missense_variant]",missense_variant,c.1022G>C,p.Gly341Ala,chroma,171,8,0.23520004314148185,0.5799217925050838,0.6850571032185095,2,1,0.05833727446592185,0.0,0.0002368704298712084,0.8439783921094094,171,6,likely_population_artifact,0.8959219913730947,False
OM429_000065,212395,"OM429_000065:212395(c.3478A>T,p.Thr1160Ser) [missense_variant]",missense_variant,c.3478A>T,p.Thr1160Ser,lab_L,171,15,-0.12030599220222567,0.30013932685804917,0.6885424789919468,2,2,0.0032843256111620717,0.0,0.0007227093378345184,0.7309881353258539,171,6,likely_population_artifact,0.8959219913730947,False
OM429_003729,40031,"OM429_003729:40031(c.561C>G,p.Asp187Glu) [missense_variant]",missense_variant,c.561C>G,p.Asp187Glu,sat,171,22,0.004198475946816609,0.010618950329567318,0.6925655684792125,2,2,0.0007806085113224279,0.0,0.0008592062673911351,0.7077434807917683,171,6,likely_population_artifact,0.8959219913730947,False
OM429_003333,170090,"OM429_003333:170090(c.91C>A,p.Arg31Ser) [missense_variant&splice_region_variant]",missense_variant&splice_region_variant,c.91C>A,p.Arg31Ser,bright,171,9,0.0034149876156079452,0.008745764590164417,0.696186590359854,2,1,0.419644727848418,0.0,6.971299118104856e-05,0.9149763076811062,171,6,likely_population_artifact,0.8959219913730947,False
OM429_001521,503452,"OM429_001521:503452(c.877A>G,p.Thr293Ala) [missense_variant]",missense_variant,c.877A>G,p.Thr293Ala,lab_a,171,20,-0.1957307013557399,0.5042747777429892,0.6979102469029542,2,2,0.0006220552645474964,0.0,0.01628112447548652,0.10136748080117083,171,6,ambiguous_underpowered,0.8959219913730947,False
OM429_003336,174284,"OM429_003336:174284(c.310C>T,p.Pro104Ser) [missense_variant]",missense_variant,c.310C>T,p.Pro104Ser,bright,171,9,0.003334597516291551,0.008748245106487976,0.7030746547119671,2,1,0.4127944147288862,0.0,7.568733230532414e-05,0.9114222277276196,171,6,likely_population_artifact,0.8983731699097357,False
OM429_003336,174290,"OM429_003336:174290(c.316G>A,p.Ala106Thr) [missense_variant]",missense_variant,c.316G>A,p.Ala106Thr,sat,171,19,0.004379922079773838,0.011701578699099357,0.7081797860647034,2,1,1.7990221548598846,0.4441424763454988,0.012053484444530508,0.15910272500670455,171,6,likely_population_artifact,0.9007263638426642,False
OM429_001415,228719,"OM429_001415:228719(c.827C>G,p.Thr276Ser) [missense_variant]",missense_variant,c.827C>G,p.Thr276Ser,sat,171,23,-0.0038262718433235495,0.01036009436784347,0.7118833359215521,2,2,0.6458999923047835,0.0,0.01466874756452693,0.12009167720746095,171,6,ambiguous_underpowered,0.9012834895153594,False
OM429_000065,210953,"OM429_000065:210953(c.2395C>T,p.Leu799Phe) [missense_variant]",missense_variant,c.2395C>T,p.Leu799Phe,lab_L,171,12,0.11091751873931217,0.307090669949979,0.7179587810680008,2,1,1.9399289604011614,0.48451720634491263,4.219068487707218e-06,0.9790463940399435,171,6,likely_population_artifact,0.90482476518159,False
OM429_003336,175309,"OM429_003336:175309(c.1239G>C,p.Trp413Cys) [missense_variant]",missense_variant,c.1239G>C,p.Trp413Cys,bright,171,10,0.0028359039161934877,0.008633747114553225,0.7425583374180611,2,1,0.9661537062386917,0.0,0.0009529357373763811,0.6929783408321369,171,6,likely_population_artifact,0.9057516232911732,False
OM429_003729,40031,"OM429_003729:40031(c.561C>G,p.Asp187Glu) [missense_variant]",missense_variant,c.561C>G,p.Asp187Glu,lab_L,171,22,0.10040015744658301,0.3057341934159214,0.742616541700166,2,2,0.00035846695674825895,0.0,0.0005093293409127479,0.7728782113582383,171,6,likely_population_artifact,0.9057516232911732,False
OM429_000065,212414,"OM429_000065:212414(c.3497C>G,p.Ala1166Gly) [missense_variant]",missense_variant,c.3497C>G,p.Ala1166Gly,lab_L,171,22,-0.1013478761980925,0.3099072734338588,0.7436478781379696,2,2,0.08252857600016256,0.0,0.00011236898515202326,0.8921780690293505,171,6,likely_population_artifact,0.9057516232911732,False
OM429_001521,503452,"OM429_001521:503452(c.877A>G,p.Thr293Ala) [missense_variant]",missense_variant,c.877A>G,p.Thr293Ala,bright,171,20,-0.002536173179302636,0.007819788972952118,0.745690046660866,2,1,1.2710809652705315,0.2132680550470172,0.014335418147596002,0.12441654624536413,171,6,likely_population_artifact,0.9057516232911732,False
OM429_001430,266031,"OM429_001430:266031(c.1051A>C,p.Met351Leu) [missense_variant]",missense_variant,c.1051A>C,p.Met351Leu,lab_a,171,10,0.1625370395470734,0.513798647446089,0.7517415352590322,2,2,0.0003554280092076086,0.0,0.0005168088816677893,0.7712623402818994,171,6,likely_population_artifact,0.9057516232911732,False
OM429_000065,208797,"OM429_000065:208797(c.1067G>C,p.Gly356Ala) [missense_variant]",missense_variant,c.1067G>C,p.Gly356Ala,lab_b,171,15,-0.08637297089653409,0.27470482407499786,0.7532012936717954,2,2,0.18116063537242363,0.0,0.0023337552436012324,0.5365257790626454,171,6,likely_population_artifact,0.9057516232911732,False
OM429_001521,504174,"OM429_001521:504174(c.237C>G,p.Asn79Lys) [missense_variant]",missense_variant,c.237C>G,p.Asn79Lys,bright,171,15,-0.002109281175573221,0.006822829534179971,0.7572070443998222,2,2,0.35795474905406555,0.0,0.0025577301980498745,0.5175730111929968,171,6,likely_population_artifact,0.9057516232911732,False
OM429_000065,212414,"OM429_000065:212414(c.3497C>G,p.Ala1166Gly) [missense_variant]",missense_variant,c.3497C>G,p.Ala1166Gly,lab_a,171,22,-0.1363139627339939,0.4413795775903647,0.7574461802654407,2,1,0.029813644760670693,0.0,0.0020945660100608965,0.5582045435409558,171,6,likely_population_artifact,0.9057516232911732,False
OM429_000065,212395,"OM429_000065:212395(c.3478A>T,p.Thr1160Ser) [missense_variant]",missense_variant,c.3478A>T,p.Thr1160Ser,chroma,171,15,-0.13626600296786437,0.4440237947557672,0.7589278884358079,2,2,0.4212620162042981,0.0,0.0032137550788388035,0.4681674317323791,171,6,likely_population_artifact,0.9057516232911732,False
OM429_003333,170090,"OM429_003333:170090(c.91C>A,p.Arg31Ser) [missense_variant&splice_region_variant]",missense_variant&splice_region_variant,c.91C>A,p.Arg31Ser,sat,171,9,-0.00414497270498056,0.01354367998196579,0.759570542835631,2,2,0.0014651469085019229,0.0,0.0004305500010223213,0.7907401429186914,171,6,likely_population_artifact,0.9057516232911732,False
OM429_001415,228719,"OM429_001415:228719(c.827C>G,p.Thr276Ser) [missense_variant]",missense_variant,c.827C>G,p.Thr276Ser,chroma,171,23,-0.13448340059819833,0.44493968019268776,0.7624608361246499,2,2,0.19537325960287558,0.0,0.010405057798774688,0.19096564203716007,171,6,ambiguous_underpowered,0.9057516232911732,False
OM429_001533,544686,"OM429_001533:544686(c.1280A>T,p.Tyr427Phe) [missense_variant]",missense_variant,c.1280A>T,p.Tyr427Phe,bright,171,52,0.0019331747413502839,0.006447306940642102,0.7642975192365907,3,2,6.321453192678805,0.6836170514848863,0.01086220905142261,0.18145090446749165,171,6,ambiguous_underpowered,0.9057516232911732,False
OM429_001430,266605,"OM429_001430:266605(c.1390A>C,p.Thr464Pro) [missense_variant]",missense_variant,c.1390A>C,p.Thr464Pro,lab_a,171,17,0.1611445511862446,0.5383045937532703,0.76466865558612,2,2,0.3738020597059341,0.0,0.002254470565228811,0.5435367494783582,171,6,likely_population_artifact,0.9057516232911732,False
OM429_003336,174266,"OM429_003336:174266(c.292A>C,p.Asn98His) [missense_variant]",missense_variant,c.292A>C,p.Asn98His,bright,171,13,-0.002151361815663627,0.007208977446516863,0.7653764053715759,2,2,0.36309950883164693,0.0,0.0026215500040667537,0.5123873918955529,171,6,likely_population_artifact,0.9057516232911732,False
OM429_001415,229404,"OM429_001415:229404(c.286C>T,p.Pro96Ser) [missense_variant]",missense_variant,c.286C>T,p.Pro96Ser,bright,171,14,-0.0022266965226024646,0.007545645144025452,0.767919854529473,2,1,0.3650686193742986,0.0,0.009666935130108458,0.2075771462230537,171,6,likely_population_artifact,0.9057516232911732,False
OM429_001533,544888,"OM429_001533:544888(c.1078C>G,p.Leu360Val) [missense_variant]",missense_variant,c.1078C>G,p.Leu360Val,lab_a,171,14,-0.13460491371318128,0.48060982951278025,0.7794229724348559,2,1,0.27686199375909654,0.0,0.01813431737563811,0.08366632103978766,171,6,likely_population_artifact,0.9154074059234903,False
OM429_003729,40031,"OM429_003729:40031(c.561C>G,p.Asp187Glu) [missense_variant]",missense_variant,c.561C>G,p.Asp187Glu,chroma,171,22,0.12307398259520304,0.4546148977674625,0.7866053147007712,2,2,0.005135833210902309,0.0,0.00021592992162125564,0.8509506383416754,171,6,likely_population_artifact,0.9167293266654195,False
OM429_001533,545622,"OM429_001533:545622(c.622G>A,p.Val208Ile) [missense_variant]",missense_variant,c.622G>A,p.Val208Ile,lab_a,171,21,0.1253093251694784,0.4641784073892629,0.7871914870279146,2,1,0.12275816821018633,0.0,0.004109352887139087,0.4119147777876512,171,6,likely_population_artifact,0.9167293266654195,False
OM429_001533,545622,"OM429_001533:545622(c.622G>A,p.Val208Ile) [missense_variant]",missense_variant,c.622G>A,p.Val208Ile,sat,171,21,0.0027010252042176095,0.010797900250739569,0.8024763308371066,2,1,1.630317455950705,0.38662252780894196,0.01162779965873361,0.16670806229967075,171,6,likely_population_artifact,0.9280480485163719,False
OM429_001430,264856,"OM429_001430:264856(c.275C>T,p.Ala92Val) [missense_variant]",missense_variant,c.275C>T,p.Ala92Val,lab_b,171,9,-0.08888578349552062,0.36827551108939743,0.8092786240810451,2,2,0.19338946515938005,0.0,0.0026096920493109315,0.5133440576693483,171,6,likely_population_artifact,0.9280480485163719,False
OM429_001521,503421,"OM429_001521:503421(c.908C>G,p.Pro303Arg) [missense_variant]",missense_variant,c.908C>G,p.Pro303Arg,chroma,171,9,-0.13409850686783495,0.5757568309358388,0.8158326642351491,2,1,0.02037085222330254,0.0,7.870732200217273e-05,0.9096797008104502,171,6,likely_population_artifact,0.9280480485163719,False
OM429_001533,545622,"OM429_001533:545622(c.622G>A,p.Val208Ile) [missense_variant]",missense_variant,c.622G>A,p.Val208Ile,chroma,171,21,0.10845391408758455,0.4658052705706388,0.8158926279459221,2,1,0.8617191948197108,0.0,0.008893742710887524,0.22682799929725564,171,6,likely_population_artifact,0.9280480485163719,False
OM429_003336,174290,"OM429_003336:174290(c.316G>A,p.Ala106Thr) [missense_variant]",missense_variant,c.316G>A,p.Ala106Thr,bright,171,19,0.0017947713652143621,0.007770125729603527,0.8173275676762118,2,1,1.1941167919662252,0.16256097667514893,0.007239228784047246,0.2757481696756863,171,6,likely_population_artifact,0.9280480485163719,False
OM429_000065,208797,"OM429_000065:208797(c.1067G>C,p.Gly356Ala) [missense_variant]",missense_variant,c.1067G>C,p.Gly356Ala,lab_L,171,15,-0.06851037292539736,0.2968610351296853,0.8174836697300212,2,1,0.8829725963834777,0.0,0.0008401499122119983,0.7108565410607973,171,6,likely_population_artifact,0.9280480485163719,False
OM429_001415,228719,"OM429_001415:228719(c.827C>G,p.Thr276Ser) [missense_variant]",missense_variant,c.827C>G,p.Thr276Ser,lab_a,171,23,-0.09951723067536986,0.44007354200560794,0.8210943022876845,2,1,0.01879833692296798,0.0,0.0053166870735603024,0.3505120064196712,171,6,likely_population_artifact,0.9280480485163719,False
OM429_005034,609596,"OM429_005034:609596(c.829G>A,p.Gly277Ser) [missense_variant]",missense_variant,c.829G>A,p.Gly277Ser,lab_L,171,95,0.08220196661271002,0.3821562541824866,0.8296890349589637,2,2,0.0022408966040462484,0.0,0.00027924557092092383,0.8307891250167226,171,6,likely_population_artifact,0.9280480485163719,False
OM429_005034,609596,"OM429_005034:609596(c.829G>A,p.Gly277Ser) [missense_variant]",missense_variant,c.829G>A,p.Gly277Ser,sat,171,95,0.002472847663316128,0.011653341264646837,0.8319504278772115,2,1,6.820923429206817,0.8533922847281857,0.004102534280549117,0.41230375444719136,171,6,likely_population_artifact,0.9280480485163719,False
OM429_001430,266031,"OM429_001430:266031(c.1051A>C,p.Met351Leu) [missense_variant]",missense_variant,c.1051A>C,p.Met351Leu,chroma,171,10,0.11003448420982634,0.5275536539659206,0.8347800568011993,2,2,0.009386903697869221,0.0,8.821797968367864e-05,0.9044028318998966,171,6,likely_population_artifact,0.9280480485163719,False
OM429_003333,170090,"OM429_003333:170090(c.91C>A,p.Arg31Ser) [missense_variant&splice_region_variant]",missense_variant&splice_region_variant,c.91C>A,p.Arg31Ser,lab_a,171,9,0.11537549233103382,0.5579864722380417,0.8361886052972747,2,2,0.0013513041711313684,0.0,0.0003148982143931657,0.8204833376014294,171,6,likely_population_artifact,0.9280480485163719,False
OM429_000065,208752,"OM429_000065:208752(c.1022G>C,p.Gly341Ala) [missense_variant]",missense_variant,c.1022G>C,p.Gly341Ala,sat,171,8,0.0028071221884644055,0.013666707724622598,0.837260739422379,2,1,0.06600201123414351,0.0,4.902332045002089e-06,0.9774137653587958,171,6,likely_population_artifact,0.9280480485163719,False
OM429_001415,228719,"OM429_001415:228719(c.827C>G,p.Thr276Ser) [missense_variant]",missense_variant,c.827C>G,p.Thr276Ser,lab_b,171,23,0.05383066307681199,0.27046955839919146,0.8422418604852058,2,1,3.6086865998181077,0.7228908711412058,0.012097443047679788,0.15833996467806752,171,6,likely_population_artifact,0.9298350139756671,False
OM429_001415,229404,"OM429_001415:229404(c.286C>T,p.Pro96Ser) [missense_variant]",missense_variant,c.286C>T,p.Pro96Ser,sat,171,14,0.002167304873136813,0.011427091868614512,0.8495726437004611,2,1,0.955541976682412,0.0,0.018059916157203475,0.08430900584209487,171,6,likely_population_artifact,0.9312690020416918,False
OM429_003336,174266,"OM429_003336:174266(c.292A>C,p.Asn98His) [missense_variant]",missense_variant,c.292A>C,p.Asn98His,sat,171,13,-0.0020719961541709026,0.01097748735389395,0.8502890888206751,2,1,0.6435554881670927,0.0,0.004052740239868119,0.41516075596965835,171,6,likely_population_artifact,0.9312690020416918,False
OM429_001430,266031,"OM429_001430:266031(c.1051A>C,p.Met351Leu) [missense_variant]",missense_variant,c.1051A>C,p.Met351Leu,sat,171,10,0.002193257580647434,0.012375200985146868,0.8593276869899645,2,1,0.04212994942008844,0.0,7.415741889777406e-07,0.9912144579360699,171,6,likely_population_artifact,0.937448385807234,False
OM429_002663,883572,"OM429_002663:883572(c.541C>A,p.Gln181Lys) [missense_variant]",missense_variant,c.541C>A,p.Gln181Lys,lab_b,171,139,-0.04997315693022725,0.29579858888777816,0.8658413274600679,3,2,1.008992905875057,0.0,0.00014089182752273957,0.879359477796414,171,6,likely_population_artifact,0.9408354581849556,False
OM429_000065,212742,"OM429_000065:212742(c.3825G>C,p.Glu1275Asp) [missense_variant]",missense_variant,c.3825G>C,p.Glu1275Asp,lab_L,171,15,-0.042730925802332745,0.30613298411647494,0.8889895622453736,2,2,0.016797330558837812,0.0,6.525575777512368e-07,0.9917585861696716,171,6,likely_population_artifact,0.9622004673714633,False
OM429_003336,174266,"OM429_003336:174266(c.292A>C,p.Asn98His) [missense_variant]",missense_variant,c.292A>C,p.Asn98His,lab_a,171,13,0.06064975811223967,0.45804738451381966,0.894660516697387,2,1,0.557160106196848,0.0,0.000590315014113294,0.756015264103599,171,6,likely_population_artifact,0.962335800046127,False
OM429_000065,208752,"OM429_000065:208752(c.1022G>C,p.Gly341Ala) [missense_variant]",missense_variant,c.1022G>C,p.Gly341Ala,bright,171,8,0.001073635565483595,0.008866631737835893,0.9036219715208973,2,1,0.5289242935061647,0.0,0.0009767103279499953,0.689367473306031,171,6,likely_population_artifact,0.962335800046127,False
OM429_001521,504384,"OM429_001521:504384(c.106A>G,p.Thr36Ala) [missense_variant]",missense_variant,c.106A>G,p.Thr36Ala,lab_b,171,97,-0.035228144298871715,0.2933021371472305,0.9043970247508186,2,1,2.2949699245371233,0.564264442288196,0.005865257165898652,0.3267340790285513,171,6,likely_population_artifact,0.962335800046127,False
OM429_000065,207618,OM429_000065:207618(c.231+2C>T) [splice_donor_variant&intron_variant],splice_donor_variant&intron_variant,c.231+2C>T,,lab_b,171,15,0.03145750713109382,0.27439854722768453,0.9087291511913593,2,1,0.3109702536220513,0.0,0.00108088991352443,0.6741187480871313,171,6,likely_population_artifact,0.962335800046127,False
OM429_001533,545622,"OM429_001533:545622(c.622G>A,p.Val208Ile) [missense_variant]",missense_variant,c.622G>A,p.Val208Ile,lab_b,171,21,0.03259206509834281,0.2854195351332246,0.9090871556227125,2,1,3.834827265573874,0.739232061642716,0.012755030565320352,0.14740724041360084,171,6,likely_population_artifact,0.962335800046127,False
OM429_001430,266605,"OM429_001430:266605(c.1390A>C,p.Thr464Pro) [missense_variant]",missense_variant,c.1390A>C,p.Thr464Pro,chroma,171,17,0.06180246604416358,0.546951256664452,0.9100349413479679,2,1,0.421964743634868,0.0,0.0018488774917677663,0.5822739699592157,171,6,likely_population_artifact,0.962335800046127,False
OM429_003336,175309,"OM429_003336:175309(c.1239G>C,p.Trp413Cys) [missense_variant]",missense_variant,c.1239G>C,p.Trp413Cys,lab_b,171,10,-0.03879547124427032,0.36543132957565216,0.915452625057536,2,1,0.7350900143328608,0.0,0.005562464338493598,0.3395823762478447,171,6,likely_population_artifact,0.964369940900305,False
OM429_000065,211936,"OM429_000065:211936(c.3152G>C,p.Gly1051Ala) [missense_variant]",missense_variant,c.3152G>C,p.Gly1051Ala,bright,171,13,-0.0007214304900720649,0.00746696190237176,0.9230310839994815,2,1,0.021743835570084354,0.0,4.5210965283165766e-05,0.9314840071786684,171,6,likely_population_artifact,0.9686561946154255,False
OM429_001430,266031,"OM429_001430:266031(c.1051A>C,p.Met351Leu) [missense_variant]",missense_variant,c.1051A>C,p.Met351Leu,bright,171,10,0.0006489615651465579,0.008079674101512111,0.9359825411243975,2,1,0.20414075776946616,0.0,0.00036203824834772413,0.8077580991682904,171,6,likely_population_artifact,0.9731482920406357,False
OM429_003336,174284,"OM429_003336:174284(c.310C>T,p.Pro104Ser) [missense_variant]",missense_variant,c.310C>T,p.Pro104Ser,lab_b,171,9,-0.02944521545967391,0.3681558363429901,0.9362529214515942,2,1,0.2591093007485754,0.0,0.002114801125686865,0.5563075425355516,171,6,likely_population_artifact,0.9731482920406357,False
OM429_003333,170090,"OM429_003333:170090(c.91C>A,p.Arg31Ser) [missense_variant&splice_region_variant]",missense_variant&splice_region_variant,c.91C>A,p.Arg31Ser,chroma,171,9,-0.04045453330700088,0.5765657575709223,0.9440626119285184,2,1,0.0024879918747635465,0.0,5.115431520173798e-06,0.9769282194161387,171,6,likely_population_artifact,0.9731482920406357,False
OM429_001430,266605,"OM429_001430:266605(c.1390A>C,p.Thr464Pro) [missense_variant]",missense_variant,c.1390A>C,p.Thr464Pro,sat,171,17,-0.0008849585420195955,0.012775330025290807,0.9447739926685031,2,1,0.3196421141953939,0.0,0.0009089756104549636,0.6997944048605459,171,6,likely_population_artifact,0.9731482920406357,False
OM429_001430,265635,"OM429_001430:265635(c.823T>G,p.Ser275Ala) [missense_variant]",missense_variant,c.823T>G,p.Ser275Ala,sat,171,11,0.0008011812742619105,0.011601073300118793,0.9449410951698927,2,1,0.022479294572340724,0.0,2.4423174540055728e-05,0.9496134410135978,171,6,likely_population_artifact,0.9731482920406357,False
OM429_001430,266031,"OM429_001430:266031(c.1051A>C,p.Met351Leu) [missense_variant]",missense_variant,c.1051A>C,p.Met351Leu,lab_b,171,10,-0.02155449314748127,0.3339732036954434,0.9485405857111832,2,1,0.2600758615077492,0.0,0.0018937848293965743,0.5777237698600116,171,6,likely_population_artifact,0.9732237979787605,False
OM429_000065,212395,"OM429_000065:212395(c.3478A>T,p.Thr1160Ser) [missense_variant]",missense_variant,c.3478A>T,p.Thr1160Ser,lab_a,171,15,-0.023857905580897728,0.43610705888408124,0.9563722638973186,2,1,0.40871386487857087,0.0,0.0010314830161919672,0.6812382009390022,171,6,likely_population_artifact,0.9776249808728145,False
OM429_001521,503421,"OM429_001521:503421(c.908C>G,p.Pro303Arg) [missense_variant]",missense_variant,c.908C>G,p.Pro303Arg,lab_a,171,9,-0.02287987094200982,0.558005485714007,0.9672935442080721,2,1,0.040652404912470526,0.0,4.316211935132569e-05,0.9330507912765498,171,6,likely_population_artifact,0.9829130398965829,False
OM429_001521,503452,"OM429_001521:503452(c.877A>G,p.Thr293Ala) [missense_variant]",missense_variant,c.877A>G,p.Thr293Ala,lab_L,171,20,0.01357680064821792,0.34775564148776306,0.9688575336857541,2,1,1.1813392293435294,0.15350309618034075,0.0015963170478931286,0.6092916570485217,171,6,likely_population_artifact,0.9829130398965829,False
OM429_001521,504174,"OM429_001521:504174(c.237C>G,p.Asn79Lys) [missense_variant]",missense_variant,c.237C>G,p.Asn79Lys,lab_b,171,15,-0.009079576971636711,0.27740852777721703,0.9738899120698365,2,1,0.7365373153068375,0.0,0.003913987341516949,0.4232779677935138,171,6,likely_population_artifact,0.9829130398965829,False
OM429_003729,40031,"OM429_003729:40031(c.561C>G,p.Asp187Glu) [missense_variant]",missense_variant,c.561C>G,p.Asp187Glu,lab_a,171,22,0.013554672652401546,0.4466592073901889,0.9757904816364626,2,1,0.10120919693326212,0.0,0.0001508243470179996,0.875212833851122,171,6,likely_population_artifact,0.9829130398965829,False
OM429_003333,170090,"OM429_003333:170090(c.91C>A,p.Arg31Ser) [missense_variant&splice_region_variant]",missense_variant&splice_region_variant,c.91C>A,p.Arg31Ser,lab_L,171,9,-0.00757749930965991,0.35779179944105205,0.9831032522754141,2,1,1.5241129272402196,0.3438806389427158,0.00041957011275164723,0.7933649436596967,171,6,likely_population_artifact,0.9866781731927792,False
OM429_003336,174266,"OM429_003336:174266(c.292A>C,p.Asn98His) [missense_variant]",missense_variant,c.292A>C,p.Asn98His,chroma,171,13,0.0009667178686734785,0.46818101179194094,0.9983524989383612,2,1,0.6271890683621402,0.0,0.001974828515334081,0.569687668280108,171,6,likely_population_artifact,0.9983524989383613,False
OM429_003333,168531,"OM429_003333:168531(c.1287G>C,p.Gln429His) [missense_variant]",missense_variant,c.1287G>C,p.Gln429His,chroma,171,1,,,,0,0,,,8.436191318231476e-05,0.9065057681657515,171,6,likely_population_artifact,,False
OM429_003333,168531,"OM429_003333:168531(c.1287G>C,p.Gln429His) [missense_variant]",missense_variant,c.1287G>C,p.Gln429His,sat,171,1,,,,0,0,,,0.0001455728599408369,0.8773872057656021,171,6,likely_population_artifact,,False
OM429_003333,168531,"OM429_003333:168531(c.1287G>C,p.Gln429His) [missense_variant]",missense_variant,c.1287G>C,p.Gln429His,bright,171,1,,,,0,0,,,0.0010193104985382457,0.6830227018833289,171,6,likely_population_artifact,,False
OM429_003333,168531,"OM429_003333:168531(c.1287G>C,p.Gln429His) [missense_variant]",missense_variant,c.1287G>C,p.Gln429His,lab_L,171,1,,,,0,0,,,0.0024340335120598866,0.5278899451648813,171,6,likely_population_artifact,,False
OM429_003333,168531,"OM429_003333:168531(c.1287G>C,p.Gln429His) [missense_variant]",missense_variant,c.1287G>C,p.Gln429His,lab_a,171,1,,,,0,0,,,7.317601762099038e-05,0.9128982378371623,171,6,likely_population_artifact,,False
OM429_003333,168531,"OM429_003333:168531(c.1287G>C,p.Gln429His) [missense_variant]",missense_variant,c.1287G>C,p.Gln429His,lab_b,171,1,,,,0,0,,,2.4798366643986065e-05,0.9492284075805898,171,6,likely_population_artifact,,False
OM429_003333,168568,"OM429_003333:168568(c.1250T>A,p.Ile417Asn) [missense_variant]",missense_variant,c.1250T>A,p.Ile417Asn,chroma,171,2,,,,0,0,,,9.707750687917618e-05,0.8997412937234376,171,6,likely_population_artifact,,False
OM429_003333,168568,"OM429_003333:168568(c.1250T>A,p.Ile417Asn) [missense_variant]",missense_variant,c.1250T>A,p.Ile417Asn,sat,171,2,,,,0,0,,,0.0010648615147717858,0.6764071224661418,171,6,likely_population_artifact,,False
OM429_003333,168568,"OM429_003333:168568(c.1250T>A,p.Ile417Asn) [missense_variant]",missense_variant,c.1250T>A,p.Ile417Asn,bright,171,2,,,,0,0,,,0.00027999760360455656,0.8305648486223213,171,6,likely_population_artifact,,False
OM429_003333,168568,"OM429_003333:168568(c.1250T>A,p.Ile417Asn) [missense_variant]",missense_variant,c.1250T>A,p.Ile417Asn,lab_L,171,2,,,,0,0,,,0.00031784778925364866,0.8196588202256482,171,6,likely_population_artifact,,False
OM429_003333,168568,"OM429_003333:168568(c.1250T>A,p.Ile417Asn) [missense_variant]",missense_variant,c.1250T>A,p.Ile417Asn,lab_a,171,2,,,,0,0,,,0.00016871138089076927,0.8680840389192294,171,6,likely_population_artifact,,False
OM429_003333,168568,"OM429_003333:168568(c.1250T>A,p.Ile417Asn) [missense_variant]",missense_variant,c.1250T>A,p.Ile417Asn,lab_b,171,2,,,,0,0,,,0.0029703270588178118,0.48554933661129296,171,6,likely_population_artifact,,False
OM429_003333,168963,"OM429_003333:168963(c.1004C>T,p.Pro335Leu) [missense_variant]",missense_variant,c.1004C>T,p.Pro335Leu,chroma,171,2,,,,0,0,,,9.707750687917618e-05,0.8997412937234376,171,6,likely_population_artifact,,False
OM429_003333,168963,"OM429_003333:168963(c.1004C>T,p.Pro335Leu) [missense_variant]",missense_variant,c.1004C>T,p.Pro335Leu,sat,171,2,,,,0,0,,,0.0010648615147717858,0.6764071224661418,171,6,likely_population_artifact,,False
OM429_003333,168963,"OM429_003333:168963(c.1004C>T,p.Pro335Leu) [missense_variant]",missense_variant,c.1004C>T,p.Pro335Leu,bright,171,2,,,,0,0,,,0.00027999760360455656,0.8305648486223213,171,6,likely_population_artifact,,False
OM429_003333,168963,"OM429_003333:168963(c.1004C>T,p.Pro335Leu) [missense_variant]",missense_variant,c.1004C>T,p.Pro335Leu,lab_L,171,2,,,,0,0,,,0.00031784778925364866,0.8196588202256482,171,6,likely_population_artifact,,False
OM429_003333,168963,"OM429_003333:168963(c.1004C>T,p.Pro335Leu) [missense_variant]",missense_variant,c.1004C>T,p.Pro335Leu,lab_a,171,2,,,,0,0,,,0.00016871138089076927,0.8680840389192294,171,6,likely_population_artifact,,False
OM429_003333,168963,"OM429_003333:168963(c.1004C>T,p.Pro335Leu) [missense_variant]",missense_variant,c.1004C>T,p.Pro335Leu,lab_b,171,2,,,,0,0,,,0.0029703270588178118,0.48554933661129296,171,6,likely_population_artifact,,False
OM429_003333,169051,"OM429_003333:169051(c.916A>G,p.Lys306Glu) [missense_variant]",missense_variant,c.916A>G,p.Lys306Glu,chroma,171,3,,,,1,0,,,0.002177819921342453,0.5504767857027553,171,6,likely_population_artifact,,False
OM429_003333,169051,"OM429_003333:169051(c.916A>G,p.Lys306Glu) [missense_variant]",missense_variant,c.916A>G,p.Lys306Glu,sat,171,3,,,,1,0,,,0.0012097721766507748,0.6564062617528839,171,6,likely_population_artifact,,False
OM429_003333,169051,"OM429_003333:169051(c.916A>G,p.Lys306Glu) [missense_variant]",missense_variant,c.916A>G,p.Lys306Glu,bright,171,3,,,,1,0,,,0.00151327674317103,0.6187634267173192,171,6,likely_population_artifact,,False
OM429_003333,169051,"OM429_003333:169051(c.916A>G,p.Lys306Glu) [missense_variant]",missense_variant,c.916A>G,p.Lys306Glu,lab_L,171,3,,,,1,0,,,6.903246054686845e-06,0.9731993275616249,171,6,likely_population_artifact,,False
OM429_003333,169051,"OM429_003333:169051(c.916A>G,p.Lys306Glu) [missense_variant]",missense_variant,c.916A>G,p.Lys306Glu,lab_a,171,3,,,,1,0,,,0.005480574154263419,0.34317246075693236,171,6,likely_population_artifact,,False
OM429_003333,169051,"OM429_003333:169051(c.916A>G,p.Lys306Glu) [missense_variant]",missense_variant,c.916A>G,p.Lys306Glu,lab_b,171,3,,,,1,0,,,0.0025807444013653735,0.5156925312970851,171,6,likely_population_artifact,,False
OM429_003333,169244,"OM429_003333:169244(c.723A>C,p.Lys241Asn) [missense_variant]",missense_variant,c.723A>C,p.Lys241Asn,chroma,171,6,,,,1,0,,,0.006019906929179097,0.3204190012979269,171,6,likely_population_artifact,,False
OM429_003333,169244,"OM429_003333:169244(c.723A>C,p.Lys241Asn) [missense_variant]",missense_variant,c.723A>C,p.Lys241Asn,sat,171,6,,,,1,0,,,0.009865365063228345,0.2029513026701104,171,6,likely_population_artifact,,False
OM429_003333,169244,"OM429_003333:169244(c.723A>C,p.Lys241Asn) [missense_variant]",missense_variant,c.723A>C,p.Lys241Asn,bright,171,6,,,,1,0,,,0.0002480731779686462,0.8403795483951053,171,6,likely_population_artifact,,False
OM429_003333,169244,"OM429_003333:169244(c.723A>C,p.Lys241Asn) [missense_variant]",missense_variant,c.723A>C,p.Lys241Asn,lab_L,171,6,,,,1,0,,,0.012926182341522572,0.14470242390321866,171,6,likely_population_artifact,,False
OM429_003333,169244,"OM429_003333:169244(c.723A>C,p.Lys241Asn) [missense_variant]",missense_variant,c.723A>C,p.Lys241Asn,lab_a,171,6,,,,1,0,,,0.0017081837666108723,0.5970105626525193,171,6,likely_population_artifact,,False
OM429_003333,169244,"OM429_003333:169244(c.723A>C,p.Lys241Asn) [missense_variant]",missense_variant,c.723A>C,p.Lys241Asn,lab_b,171,6,,,,1,0,,,0.021653881458317106,0.058502368128728666,171,6,likely_population_artifact,,False
OM429_003333,169324,"OM429_003333:169324(c.643C>A,p.Arg215Ser) [missense_variant]",missense_variant,c.643C>A,p.Arg215Ser,chroma,171,5,,,,1,0,,,0.0010411724232280081,0.6798264917370576,171,6,likely_population_artifact,,False
OM429_003333,169324,"OM429_003333:169324(c.643C>A,p.Arg215Ser) [missense_variant]",missense_variant,c.643C>A,p.Arg215Ser,sat,171,5,,,,1,0,,,3.606717457502577e-05,0.9387884672402755,171,6,likely_population_artifact,,False
OM429_003333,169324,"OM429_003333:169324(c.643C>A,p.Arg215Ser) [missense_variant]",missense_variant,c.643C>A,p.Arg215Ser,bright,171,5,,,,1,0,,,0.0004334001495741468,0.7900646675888732,171,6,likely_population_artifact,,False
OM429_003333,169324,"OM429_003333:169324(c.643C>A,p.Arg215Ser) [missense_variant]",missense_variant,c.643C>A,p.Arg215Ser,lab_L,171,5,,,,1,0,,,0.00022299633000031764,0.8485601796997964,171,6,likely_population_artifact,,False
OM429_003333,169324,"OM429_003333:169324(c.643C>A,p.Arg215Ser) [missense_variant]",missense_variant,c.643C>A,p.Arg215Ser,lab_a,171,5,,,,1,0,,,0.005127598495892524,0.35924690554122296,171,6,likely_population_artifact,,False
OM429_003333,169324,"OM429_003333:169324(c.643C>A,p.Arg215Ser) [missense_variant]",missense_variant,c.643C>A,p.Arg215Ser,lab_b,171,5,,,,1,0,,,0.0066691523987533925,0.2955721360100221,171,6,likely_population_artifact,,False
OM429_003333,169997,OM429_003333:169997(c.183+1G>A) [splice_donor_variant&intron_variant],splice_donor_variant&intron_variant,c.183+1G>A,,chroma,171,0,,,,0,0,,,0.0,,171,6,likely_population_artifact,,False
OM429_003333,169997,OM429_003333:169997(c.183+1G>A) [splice_donor_variant&intron_variant],splice_donor_variant&intron_variant,c.183+1G>A,,sat,171,0,,,,0,0,,,0.0,,171,6,likely_population_artifact,,False
OM429_003333,169997,OM429_003333:169997(c.183+1G>A) [splice_donor_variant&intron_variant],splice_donor_variant&intron_variant,c.183+1G>A,,bright,171,0,,,,0,0,,,-1.4877999574696852e-16,,171,6,likely_population_artifact,,False
OM429_003333,169997,OM429_003333:169997(c.183+1G>A) [splice_donor_variant&intron_variant],splice_donor_variant&intron_variant,c.183+1G>A,,lab_L,171,0,,,,0,0,,,0.0,,171,6,likely_population_artifact,,False
OM429_003333,169997,OM429_003333:169997(c.183+1G>A) [splice_donor_variant&intron_variant],splice_donor_variant&intron_variant,c.183+1G>A,,lab_a,171,0,,,,0,0,,,0.0,,171,6,likely_population_artifact,,False
OM429_003333,169997,OM429_003333:169997(c.183+1G>A) [splice_donor_variant&intron_variant],splice_donor_variant&intron_variant,c.183+1G>A,,lab_b,171,0,,,,0,0,,,0.0,,171,6,likely_population_artifact,,False
OM429_003333,170204,"OM429_003333:170204(c.58G>C,p.Glu20Gln) [missense_variant]",missense_variant,c.58G>C,p.Glu20Gln,chroma,171,5,,,,1,0,,,0.0010411724232280081,0.6798264917370576,171,6,likely_population_artifact,,False
OM429_003333,170204,"OM429_003333:170204(c.58G>C,p.Glu20Gln) [missense_variant]",missense_variant,c.58G>C,p.Glu20Gln,sat,171,5,,,,1,0,,,3.606717457502577e-05,0.9387884672402755,171,6,likely_population_artifact,,False
OM429_003333,170204,"OM429_003333:170204(c.58G>C,p.Glu20Gln) [missense_variant]",missense_variant,c.58G>C,p.Glu20Gln,bright,171,5,,,,1,0,,,0.0004334001495741468,0.7900646675888732,171,6,likely_population_artifact,,False
OM429_003333,170204,"OM429_003333:170204(c.58G>C,p.Glu20Gln) [missense_variant]",missense_variant,c.58G>C,p.Glu20Gln,lab_L,171,5,,,,1,0,,,0.00022299633000031764,0.8485601796997964,171,6,likely_population_artifact,,False
OM429_003333,170204,"OM429_003333:170204(c.58G>C,p.Glu20Gln) [missense_variant]",missense_variant,c.58G>C,p.Glu20Gln,lab_a,171,5,,,,1,0,,,0.005127598495892524,0.35924690554122296,171,6,likely_population_artifact,,False
OM429_003333,170204,"OM429_003333:170204(c.58G>C,p.Glu20Gln) [missense_variant]",missense_variant,c.58G>C,p.Glu20Gln,lab_b,171,5,,,,1,0,,,0.0066691523987533925,0.2955721360100221,171,6,likely_population_artifact,,False
OM429_003336,173961,"OM429_003336:173961(c.46G>T,p.Ala16Ser) [missense_variant]",missense_variant,c.46G>T,p.Ala16Ser,chroma,171,4,,,,1,0,,,0.00014139714312725647,0.8791449738047156,171,6,likely_population_artifact,,False
OM429_003336,173961,"OM429_003336:173961(c.46G>T,p.Ala16Ser) [missense_variant]",missense_variant,c.46G>T,p.Ala16Ser,sat,171,4,,,,1,0,,,0.0014274358662861187,0.6289012628184718,171,6,likely_population_artifact,,False
OM429_003336,173961,"OM429_003336:173961(c.46G>T,p.Ala16Ser) [missense_variant]",missense_variant,c.46G>T,p.Ala16Ser,bright,171,4,,,,1,0,,,0.0002330793579898151,0.8452162135138271,171,6,likely_population_artifact,,False
OM429_003336,173961,"OM429_003336:173961(c.46G>T,p.Ala16Ser) [missense_variant]",missense_variant,c.46G>T,p.Ala16Ser,lab_L,171,4,,,,1,0,,,0.001074348829259529,0.6750501964767017,171,6,likely_population_artifact,,False
OM429_003336,173961,"OM429_003336:173961(c.46G>T,p.Ala16Ser) [missense_variant]",missense_variant,c.46G>T,p.Ala16Ser,lab_a,171,4,,,,1,0,,,0.0008301852234514044,0.7125003726750727,171,6,likely_population_artifact,,False
OM429_003336,173961,"OM429_003336:173961(c.46G>T,p.Ala16Ser) [missense_variant]",missense_variant,c.46G>T,p.Ala16Ser,lab_b,171,4,,,,1,0,,,0.013665854536191966,0.13363224025688622,171,6,likely_population_artifact,,False
OM429_003336,174051,"OM429_003336:174051(c.136G>A,p.Ala46Thr) [missense_variant&splice_region_variant]",missense_variant&splice_region_variant,c.136G>A,p.Ala46Thr,chroma,171,6,,,,1,0,,,9.933549946686462e-07,0.9898318827060523,171,6,likely_population_artifact,,False
OM429_003336,174051,"OM429_003336:174051(c.136G>A,p.Ala46Thr) [missense_variant&splice_region_variant]",missense_variant&splice_region_variant,c.136G>A,p.Ala46Thr,sat,171,6,,,,1,0,,,0.00019045232837897386,0.8599238082550066,171,6,likely_population_artifact,,False
OM429_003336,174051,"OM429_003336:174051(c.136G>A,p.Ala46Thr) [missense_variant&splice_region_variant]",missense_variant&splice_region_variant,c.136G>A,p.Ala46Thr,bright,171,6,,,,1,0,,,0.0015856645965335848,0.6104891533980099,171,6,likely_population_artifact,,False
OM429_003336,174051,"OM429_003336:174051(c.136G>A,p.Ala46Thr) [missense_variant&splice_region_variant]",missense_variant&splice_region_variant,c.136G>A,p.Ala46Thr,lab_L,171,6,,,,1,0,,,0.0048968960357578225,0.3703129698229347,171,6,likely_population_artifact,,False
OM429_003336,174051,"OM429_003336:174051(c.136G>A,p.Ala46Thr) [missense_variant&splice_region_variant]",missense_variant&splice_region_variant,c.136G>A,p.Ala46Thr,lab_a,171,6,,,,1,0,,,0.0002437755080667811,0.8417499705071921,171,6,likely_population_artifact,,False
OM429_003336,174051,"OM429_003336:174051(c.136G>A,p.Ala46Thr) [missense_variant&splice_region_variant]",missense_variant&splice_region_variant,c.136G>A,p.Ala46Thr,lab_b,171,6,,,,1,0,,,0.004146823224842617,0.40978680025605563,171,6,likely_population_artifact,,False
OM429_003336,174161,"OM429_003336:174161(c.187C>G,p.Leu63Val) [missense_variant]",missense_variant,c.187C>G,p.Leu63Val,chroma,171,5,,,,1,0,,,0.0010411724232280081,0.6798264917370576,171,6,likely_population_artifact,,False
OM429_003336,174161,"OM429_003336:174161(c.187C>G,p.Leu63Val) [missense_variant]",missense_variant,c.187C>G,p.Leu63Val,sat,171,5,,,,1,0,,,3.606717457502577e-05,0.9387884672402755,171,6,likely_population_artifact,,False
OM429_003336,174161,"OM429_003336:174161(c.187C>G,p.Leu63Val) [missense_variant]",missense_variant,c.187C>G,p.Leu63Val,bright,171,5,,,,1,0,,,0.0004334001495741468,0.7900646675888732,171,6,likely_population_artifact,,False
OM429_003336,174161,"OM429_003336:174161(c.187C>G,p.Leu63Val) [missense_variant]",missense_variant,c.187C>G,p.Leu63Val,lab_L,171,5,,,,1,0,,,0.00022299633000031764,0.8485601796997964,171,6,likely_population_artifact,,False
OM429_003336,174161,"OM429_003336:174161(c.187C>G,p.Leu63Val) [missense_variant]",missense_variant,c.187C>G,p.Leu63Val,lab_a,171,5,,,,1,0,,,0.005127598495892524,0.35924690554122296,171,6,likely_population_artifact,,False
OM429_003336,174161,"OM429_003336:174161(c.187C>G,p.Leu63Val) [missense_variant]",missense_variant,c.187C>G,p.Leu63Val,lab_b,171,5,,,,1,0,,,0.0066691523987533925,0.2955721360100221,171,6,likely_population_artifact,,False
OM429_003336,174263,"OM429_003336:174263(c.289T>G,p.Ser97Ala) [missense_variant]",missense_variant,c.289T>G,p.Ser97Ala,chroma,171,4,,,,1,0,,,0.001346312057956404,0.6388331750610946,171,6,likely_population_artifact,,False
OM429_003336,174263,"OM429_003336:174263(c.289T>G,p.Ser97Ala) [missense_variant]",missense_variant,c.289T>G,p.Ser97Ala,sat,171,4,,,,1,0,,,0.0003590088514916584,0.8085485513021253,171,6,likely_population_artifact,,False
OM429_003336,174263,"OM429_003336:174263(c.289T>G,p.Ser97Ala) [missense_variant]",missense_variant,c.289T>G,p.Ser97Ala,bright,171,4,,,,1,0,,,2.992396876875804e-05,0.9442353764207005,171,6,likely_population_artifact,,False
OM429_003336,174263,"OM429_003336:174263(c.289T>G,p.Ser97Ala) [missense_variant]",missense_variant,c.289T>G,p.Ser97Ala,lab_L,171,4,,,,1,0,,,0.0015383198662009792,0.6158734195634903,171,6,likely_population_artifact,,False
OM429_003336,174263,"OM429_003336:174263(c.289T>G,p.Ser97Ala) [missense_variant]",missense_variant,c.289T>G,p.Ser97Ala,lab_a,171,4,,,,1,0,,,0.004237183019298604,0.4047207568173315,171,6,likely_population_artifact,,False
OM429_003336,174263,"OM429_003336:174263(c.289T>G,p.Ser97Ala) [missense_variant]",missense_variant,c.289T>G,p.Ser97Ala,lab_b,171,4,,,,1,0,,,0.0025806656974267607,0.5156989418609758,171,6,likely_population_artifact,,False
OM429_003336,174458,"OM429_003336:174458(c.484G>C,p.Glu162Gln) [missense_variant]",missense_variant,c.484G>C,p.Glu162Gln,chroma,171,2,,,,0,0,,,0.04005447713216302,0.009729433946259393,171,6,likely_population_artifact,,False
OM429_003336,174458,"OM429_003336:174458(c.484G>C,p.Glu162Gln) [missense_variant]",missense_variant,c.484G>C,p.Glu162Gln,sat,171,2,,,,0,0,,,0.042667771844028514,0.0075826036787767686,171,6,likely_population_artifact,,False
OM429_003336,174458,"OM429_003336:174458(c.484G>C,p.Glu162Gln) [missense_variant]",missense_variant,c.484G>C,p.Glu162Gln,bright,171,2,,,,0,0,,,0.004314065533578453,0.40048164230699224,171,6,likely_population_artifact,,False
OM429_003336,174458,"OM429_003336:174458(c.484G>C,p.Glu162Gln) [missense_variant]",missense_variant,c.484G>C,p.Glu162Gln,lab_L,171,2,,,,0,0,,,0.024463765192990577,0.04418159359725034,171,6,likely_population_artifact,,False
OM429_003336,174458,"OM429_003336:174458(c.484G>C,p.Glu162Gln) [missense_variant]",missense_variant,c.484G>C,p.Glu162Gln,lab_a,171,2,,,,0,0,,,0.03470515479674563,0.016254106018641405,171,6,likely_population_artifact,,False
OM429_003336,174458,"OM429_003336:174458(c.484G>C,p.Glu162Gln) [missense_variant]",missense_variant,c.484G>C,p.Glu162Gln,lab_b,171,2,,,,0,0,,,0.012589607462908029,0.1500754089001234,171,6,likely_population_artifact,,False
OM429_003336,174819,"OM429_003336:174819(c.749G>A,p.Arg250Lys) [missense_variant]",missense_variant,c.749G>A,p.Arg250Lys,chroma,171,15,,,,1,0,,,0.00760410368841117,0.2639290134945803,171,6,likely_population_artifact,,False
OM429_003336,174819,"OM429_003336:174819(c.749G>A,p.Arg250Lys) [missense_variant]",missense_variant,c.749G>A,p.Arg250Lys,sat,171,15,,,,1,0,,,0.014030380043204236,0.12852494849957843,171,6,likely_population_artifact,,False
OM429_003336,174819,"OM429_003336:174819(c.749G>A,p.Arg250Lys) [missense_variant]",missense_variant,c.749G>A,p.Arg250Lys,bright,171,15,,,,1,0,,,0.007092393728263584,0.28069007443117033,171,6,likely_population_artifact,,False
OM429_003336,174819,"OM429_003336:174819(c.749G>A,p.Arg250Lys) [missense_variant]",missense_variant,c.749G>A,p.Arg250Lys,lab_L,171,15,,,,1,0,,,0.0004125501844290148,0.79506236427462,171,6,likely_population_artifact,,False
OM429_003336,174819,"OM429_003336:174819(c.749G>A,p.Arg250Lys) [missense_variant]",missense_variant,c.749G>A,p.Arg250Lys,lab_a,171,15,,,,1,0,,,0.0011604760524822288,0.6630423591618739,171,6,likely_population_artifact,,False
OM429_003336,174819,"OM429_003336:174819(c.749G>A,p.Arg250Lys) [missense_variant]",missense_variant,c.749G>A,p.Arg250Lys,lab_b,171,15,,,,1,0,,,0.029900794627965778,0.02588893948305506,171,6,likely_population_artifact,,False
OM429_003336,174864,"OM429_003336:174864(c.794A>G,p.Gln265Arg) [missense_variant]",missense_variant,c.794A>G,p.Gln265Arg,chroma,171,15,,,,1,0,,,0.00760410368841117,0.2639290134945803,171,6,likely_population_artifact,,False
OM429_003336,174864,"OM429_003336:174864(c.794A>G,p.Gln265Arg) [missense_variant]",missense_variant,c.794A>G,p.Gln265Arg,sat,171,15,,,,1,0,,,0.014030380043204236,0.12852494849957843,171,6,likely_population_artifact,,False
OM429_003336,174864,"OM429_003336:174864(c.794A>G,p.Gln265Arg) [missense_variant]",missense_variant,c.794A>G,p.Gln265Arg,bright,171,15,,,,1,0,,,0.007092393728263584,0.28069007443117033,171,6,likely_population_artifact,,False
OM429_003336,174864,"OM429_003336:174864(c.794A>G,p.Gln265Arg) [missense_variant]",missense_variant,c.794A>G,p.Gln265Arg,lab_L,171,15,,,,1,0,,,0.0004125501844290148,0.79506236427462,171,6,likely_population_artifact,,False
OM429_003336,174864,"OM429_003336:174864(c.794A>G,p.Gln265Arg) [missense_variant]",missense_variant,c.794A>G,p.Gln265Arg,lab_a,171,15,,,,1,0,,,0.0011604760524822288,0.6630423591618739,171,6,likely_population_artifact,,False
OM429_003336,174864,"OM429_003336:174864(c.794A>G,p.Gln265Arg) [missense_variant]",missense_variant,c.794A>G,p.Gln265Arg,lab_b,171,15,,,,1,0,,,0.029900794627965778,0.02588893948305506,171,6,likely_population_artifact,,False
OM429_003336,174878,"OM429_003336:174878(c.808T>G,p.Ser270Ala) [missense_variant]",missense_variant,c.808T>G,p.Ser270Ala,chroma,171,1,,,,0,0,,,0.009316077478205401,0.21606309331940426,171,6,likely_population_artifact,,False
OM429_003336,174878,"OM429_003336:174878(c.808T>G,p.Ser270Ala) [missense_variant]",missense_variant,c.808T>G,p.Ser270Ala,sat,171,1,,,,0,0,,,0.015294119701048735,0.11241560062999467,171,6,likely_population_artifact,,False
OM429_003336,174878,"OM429_003336:174878(c.808T>G,p.Ser270Ala) [missense_variant]",missense_variant,c.808T>G,p.Ser270Ala,bright,171,1,,,,0,0,,,0.001254252103992316,0.6505559291730676,171,6,likely_population_artifact,,False
OM429_003336,174878,"OM429_003336:174878(c.808T>G,p.Ser270Ala) [missense_variant]",missense_variant,c.808T>G,p.Ser270Ala,lab_L,171,1,,,,0,0,,,0.00395267545298924,0.4209911567480982,171,6,likely_population_artifact,,False
OM429_003336,174878,"OM429_003336:174878(c.808T>G,p.Ser270Ala) [missense_variant]",missense_variant,c.808T>G,p.Ser270Ala,lab_a,171,1,,,,0,0,,,0.004600786045017528,0.3852226257109483,171,6,likely_population_artifact,,False
OM429_003336,174878,"OM429_003336:174878(c.808T>G,p.Ser270Ala) [missense_variant]",missense_variant,c.808T>G,p.Ser270Ala,lab_b,171,1,,,,0,0,,,0.01618104909163517,0.10243203250104238,171,6,likely_population_artifact,,False
OM429_003336,174881,"OM429_003336:174881(c.811G>A,p.Ala271Thr) [missense_variant]",missense_variant,c.811G>A,p.Ala271Thr,chroma,171,0,,,,0,0,,,0.0,,171,6,likely_population_artifact,,False
OM429_003336,174881,"OM429_003336:174881(c.811G>A,p.Ala271Thr) [missense_variant]",missense_variant,c.811G>A,p.Ala271Thr,sat,171,0,,,,0,0,,,0.0,,171,6,likely_population_artifact,,False
OM429_003336,174881,"OM429_003336:174881(c.811G>A,p.Ala271Thr) [missense_variant]",missense_variant,c.811G>A,p.Ala271Thr,bright,171,0,,,,0,0,,,-1.4877999574696852e-16,,171,6,likely_population_artifact,,False
OM429_003336,174881,"OM429_003336:174881(c.811G>A,p.Ala271Thr) [missense_variant]",missense_variant,c.811G>A,p.Ala271Thr,lab_L,171,0,,,,0,0,,,0.0,,171,6,likely_population_artifact,,False
OM429_003336,174881,"OM429_003336:174881(c.811G>A,p.Ala271Thr) [missense_variant]",missense_variant,c.811G>A,p.Ala271Thr,lab_a,171,0,,,,0,0,,,0.0,,171,6,likely_population_artifact,,False
OM429_003336,174881,"OM429_003336:174881(c.811G>A,p.Ala271Thr) [missense_variant]",missense_variant,c.811G>A,p.Ala271Thr,lab_b,171,0,,,,0,0,,,0.0,,171,6,likely_population_artifact,,False
OM429_003336,174933,"OM429_003336:174933(c.863C>T,p.Pro288Leu) [missense_variant]",missense_variant,c.863C>T,p.Pro288Leu,chroma,171,2,,,,0,0,,,0.06633210744282153,0.000808339400996481,171,6,likely_population_artifact,,False
OM429_003336,174933,"OM429_003336:174933(c.863C>T,p.Pro288Leu) [missense_variant]",missense_variant,c.863C>T,p.Pro288Leu,sat,171,2,,,,0,0,,,0.06096647374429164,0.0013411364456111434,171,6,likely_population_artifact,,False
OM429_003336,174933,"OM429_003336:174933(c.863C>T,p.Pro288Leu) [missense_variant]",missense_variant,c.863C>T,p.Pro288Leu,bright,171,2,,,,0,0,,,0.022250111624126347,0.05510143110674616,171,6,likely_population_artifact,,False
OM429_003336,174933,"OM429_003336:174933(c.863C>T,p.Pro288Leu) [missense_variant]",missense_variant,c.863C>T,p.Pro288Leu,lab_L,171,2,,,,0,0,,,0.01103451801773361,0.1780070054671104,171,6,likely_population_artifact,,False
OM429_003336,174933,"OM429_003336:174933(c.863C>T,p.Pro288Leu) [missense_variant]",missense_variant,c.863C>T,p.Pro288Leu,lab_a,171,2,,,,0,0,,,0.06488341253574474,0.0009267457435845111,171,6,likely_population_artifact,,False
OM429_003336,174933,"OM429_003336:174933(c.863C>T,p.Pro288Leu) [missense_variant]",missense_variant,c.863C>T,p.Pro288Leu,lab_b,171,2,,,,0,0,,,0.008553561347873355,0.23596617779134207,171,6,likely_population_artifact,,False
OM429_003336,175025,"OM429_003336:175025(c.955C>G,p.Pro319Ala) [missense_variant]",missense_variant,c.955C>G,p.Pro319Ala,chroma,171,2,,,,0,0,,,0.019101737915081653,0.07576993718281182,171,6,likely_population_artifact,,False
OM429_003336,175025,"OM429_003336:175025(c.955C>G,p.Pro319Ala) [missense_variant]",missense_variant,c.955C>G,p.Pro319Ala,sat,171,2,,,,0,0,,,0.03823110948027065,0.011583676135163947,171,6,likely_population_artifact,,False
OM429_003336,175025,"OM429_003336:175025(c.955C>G,p.Pro319Ala) [missense_variant]",missense_variant,c.955C>G,p.Pro319Ala,bright,171,2,,,,0,0,,,0.024723289500165464,0.04305831417212114,171,6,likely_population_artifact,,False
OM429_003336,175025,"OM429_003336:175025(c.955C>G,p.Pro319Ala) [missense_variant]",missense_variant,c.955C>G,p.Pro319Ala,lab_L,171,2,,,,0,0,,,0.004249210689186966,0.40405330348137847,171,6,likely_population_artifact,,False
OM429_003336,175025,"OM429_003336:175025(c.955C>G,p.Pro319Ala) [missense_variant]",missense_variant,c.955C>G,p.Pro319Ala,lab_a,171,2,,,,0,0,,,0.002105867963272318,0.5571435003511201,171,6,likely_population_artifact,,False
OM429_003336,175025,"OM429_003336:175025(c.955C>G,p.Pro319Ala) [missense_variant]",missense_variant,c.955C>G,p.Pro319Ala,lab_b,171,2,,,,0,0,,,0.08779691367217692,0.00010610380964878669,171,6,likely_population_artifact,,False
OM429_003336,175043,"OM429_003336:175043(c.973G>A,p.Glu325Lys) [missense_variant]",missense_variant,c.973G>A,p.Glu325Lys,chroma,171,1,,,,0,0,,,0.02966532306351066,0.026490129130523822,171,6,likely_population_artifact,,False
OM429_003336,175043,"OM429_003336:175043(c.973G>A,p.Glu325Lys) [missense_variant]",missense_variant,c.973G>A,p.Glu325Lys,sat,171,1,,,,0,0,,,0.03133896565228095,0.022509133965725,171,6,likely_population_artifact,,False
OM429_003336,175043,"OM429_003336:175043(c.973G>A,p.Glu325Lys) [missense_variant]",missense_variant,c.973G>A,p.Glu325Lys,bright,171,1,,,,0,0,,,0.004916351895739597,0.36936170806894586,171,6,likely_population_artifact,,False
OM429_003336,175043,"OM429_003336:175043(c.973G>A,p.Glu325Lys) [missense_variant]",missense_variant,c.973G>A,p.Glu325Lys,lab_L,171,1,,,,0,0,,,0.011949603169174925,0.1609217969117787,171,6,likely_population_artifact,,False
OM429_003336,175043,"OM429_003336:175043(c.973G>A,p.Glu325Lys) [missense_variant]",missense_variant,c.973G>A,p.Glu325Lys,lab_a,171,1,,,,0,0,,,0.025934786913361613,0.038194436248221886,171,6,likely_population_artifact,,False
OM429_003336,175043,"OM429_003336:175043(c.973G>A,p.Glu325Lys) [missense_variant]",missense_variant,c.973G>A,p.Glu325Lys,lab_b,171,1,,,,0,0,,,0.007457990617926872,0.2685850297537858,171,6,likely_population_artifact,,False
OM429_003336,175700,"OM429_003336:175700(c.1630T>A,p.Ser544Thr) [missense_variant]",missense_variant,c.1630T>A,p.Ser544Thr,chroma,171,2,,,,0,0,,,0.017477597555363975,0.08952575134883073,171,6,likely_population_artifact,,False
OM429_003336,175700,"OM429_003336:175700(c.1630T>A,p.Ser544Thr) [missense_variant]",missense_variant,c.1630T>A,p.Ser544Thr,sat,171,2,,,,0,0,,,0.03340578273709209,0.01842552898180525,171,6,likely_population_artifact,,False
OM429_003336,175700,"OM429_003336:175700(c.1630T>A,p.Ser544Thr) [missense_variant]",missense_variant,c.1630T>A,p.Ser544Thr,bright,171,2,,,,0,0,,,0.016816342089650195,0.09587367790541267,171,6,likely_population_artifact,,False
OM429_003336,175700,"OM429_003336:175700(c.1630T>A,p.Ser544Thr) [missense_variant]",missense_variant,c.1630T>A,p.Ser544Thr,lab_L,171,2,,,,0,0,,,0.0019336287404780163,0.5737452922499411,171,6,likely_population_artifact,,False
OM429_003336,175700,"OM429_003336:175700(c.1630T>A,p.Ser544Thr) [missense_variant]",missense_variant,c.1630T>A,p.Ser544Thr,lab_a,171,2,,,,0,0,,,0.0026645004299630745,0.5089479136272184,171,6,likely_population_artifact,,False
OM429_003336,175700,"OM429_003336:175700(c.1630T>A,p.Ser544Thr) [missense_variant]",missense_variant,c.1630T>A,p.Ser544Thr,lab_b,171,2,,,,0,0,,,0.06172928329668296,0.00124799164767936,171,6,likely_population_artifact,,False
OM429_003336,175709,"OM429_003336:175709(c.1639G>T,p.Gly547Cys) [missense_variant]",missense_variant,c.1639G>T,p.Gly547Cys,chroma,171,2,,,,0,0,,,0.017477597555363975,0.08952575134883073,171,6,likely_population_artifact,,False
OM429_003336,175709,"OM429_003336:175709(c.1639G>T,p.Gly547Cys) [missense_variant]",missense_variant,c.1639G>T,p.Gly547Cys,sat,171,2,,,,0,0,,,0.03340578273709209,0.01842552898180525,171,6,likely_population_artifact,,False
OM429_003336,175709,"OM429_003336:175709(c.1639G>T,p.Gly547Cys) [missense_variant]",missense_variant,c.1639G>T,p.Gly547Cys,bright,171,2,,,,0,0,,,0.016816342089650195,0.09587367790541267,171,6,likely_population_artifact,,False
OM429_003336,175709,"OM429_003336:175709(c.1639G>T,p.Gly547Cys) [missense_variant]",missense_variant,c.1639G>T,p.Gly547Cys,lab_L,171,2,,,,0,0,,,0.0019336287404780163,0.5737452922499411,171,6,likely_population_artifact,,False
OM429_003336,175709,"OM429_003336:175709(c.1639G>T,p.Gly547Cys) [missense_variant]",missense_variant,c.1639G>T,p.Gly547Cys,lab_a,171,2,,,,0,0,,,0.0026645004299630745,0.5089479136272184,171,6,likely_population_artifact,,False
OM429_003336,175709,"OM429_003336:175709(c.1639G>T,p.Gly547Cys) [missense_variant]",missense_variant,c.1639G>T,p.Gly547Cys,lab_b,171,2,,,,0,0,,,0.06172928329668296,0.00124799164767936,171,6,likely_population_artifact,,False
OM429_003336,175710,"OM429_003336:175710(c.1640G>A,p.Gly547Asp) [missense_variant]",missense_variant,c.1640G>A,p.Gly547Asp,chroma,171,1,,,,0,0,,,8.436191318231476e-05,0.9065057681657515,171,6,likely_population_artifact,,False
OM429_003336,175710,"OM429_003336:175710(c.1640G>A,p.Gly547Asp) [missense_variant]",missense_variant,c.1640G>A,p.Gly547Asp,sat,171,1,,,,0,0,,,0.0001455728599408369,0.8773872057656021,171,6,likely_population_artifact,,False
OM429_003336,175710,"OM429_003336:175710(c.1640G>A,p.Gly547Asp) [missense_variant]",missense_variant,c.1640G>A,p.Gly547Asp,bright,171,1,,,,0,0,,,0.0010193104985382457,0.6830227018833289,171,6,likely_population_artifact,,False
OM429_003336,175710,"OM429_003336:175710(c.1640G>A,p.Gly547Asp) [missense_variant]",missense_variant,c.1640G>A,p.Gly547Asp,lab_L,171,1,,,,0,0,,,0.0024340335120598866,0.5278899451648813,171,6,likely_population_artifact,,False
OM429_003336,175710,"OM429_003336:175710(c.1640G>A,p.Gly547Asp) [missense_variant]",missense_variant,c.1640G>A,p.Gly547Asp,lab_a,171,1,,,,0,0,,,7.317601762099038e-05,0.9128982378371623,171,6,likely_population_artifact,,False
OM429_003336,175710,"OM429_003336:175710(c.1640G>A,p.Gly547Asp) [missense_variant]",missense_variant,c.1640G>A,p.Gly547Asp,lab_b,171,1,,,,0,0,,,2.4798366643986065e-05,0.9492284075805898,171,6,likely_population_artifact,,False
OM429_003336,175770,"OM429_003336:175770(c.1700A>G,p.Lys567Arg) [missense_variant]",missense_variant,c.1700A>G,p.Lys567Arg,chroma,171,3,,,,1,0,,,0.002177819921342453,0.5504767857027553,171,6,likely_population_artifact,,False
OM429_003336,175770,"OM429_003336:175770(c.1700A>G,p.Lys567Arg) [missense_variant]",missense_variant,c.1700A>G,p.Lys567Arg,sat,171,3,,,,1,0,,,0.0012097721766507748,0.6564062617528839,171,6,likely_population_artifact,,False
OM429_003336,175770,"OM429_003336:175770(c.1700A>G,p.Lys567Arg) [missense_variant]",missense_variant,c.1700A>G,p.Lys567Arg,bright,171,3,,,,1,0,,,0.00151327674317103,0.6187634267173192,171,6,likely_population_artifact,,False
OM429_003336,175770,"OM429_003336:175770(c.1700A>G,p.Lys567Arg) [missense_variant]",missense_variant,c.1700A>G,p.Lys567Arg,lab_L,171,3,,,,1,0,,,6.903246054686845e-06,0.9731993275616249,171,6,likely_population_artifact,,False
OM429_003336,175770,"OM429_003336:175770(c.1700A>G,p.Lys567Arg) [missense_variant]",missense_variant,c.1700A>G,p.Lys567Arg,lab_a,171,3,,,,1,0,,,0.005480574154263419,0.34317246075693236,171,6,likely_population_artifact,,False
OM429_003336,175770,"OM429_003336:175770(c.1700A>G,p.Lys567Arg) [missense_variant]",missense_variant,c.1700A>G,p.Lys567Arg,lab_b,171,3,,,,1,0,,,0.0025807444013653735,0.5156925312970851,171,6,likely_population_artifact,,False
OM429_003336,175854,"OM429_003336:175854(c.1784C>T,p.Ala595Val) [missense_variant]",missense_variant,c.1784C>T,p.Ala595Val,chroma,171,2,,,,0,0,,,0.023327408341847506,0.04947207247289222,171,6,likely_population_artifact,,False
OM429_003336,175854,"OM429_003336:175854(c.1784C>T,p.Ala595Val) [missense_variant]",missense_variant,c.1784C>T,p.Ala595Val,sat,171,2,,,,0,0,,,0.021015189752059564,0.06239179566262777,171,6,likely_population_artifact,,False
OM429_003336,175854,"OM429_003336:175854(c.1784C>T,p.Ala595Val) [missense_variant]",missense_variant,c.1784C>T,p.Ala595Val,bright,171,2,,,,0,0,,,0.023436077789170014,0.048938671974764154,171,6,likely_population_artifact,,False
OM429_003336,175854,"OM429_003336:175854(c.1784C>T,p.Ala595Val) [missense_variant]",missense_variant,c.1784C>T,p.Ala595Val,lab_L,171,2,,,,0,0,,,0.003130456876130529,0.47400026958414776,171,6,likely_population_artifact,,False
OM429_003336,175854,"OM429_003336:175854(c.1784C>T,p.Ala595Val) [missense_variant]",missense_variant,c.1784C>T,p.Ala595Val,lab_a,171,2,,,,0,0,,,0.028216656973687554,0.03051898156145843,171,6,likely_population_artifact,,False
OM429_003336,175854,"OM429_003336:175854(c.1784C>T,p.Ala595Val) [missense_variant]",missense_variant,c.1784C>T,p.Ala595Val,lab_b,171,2,,,,0,0,,,0.00033708631634967004,0.814376982454438,171,6,likely_population_artifact,,False
OM429_003336,175871,"OM429_003336:175871(c.1801A>G,p.Lys601Glu) [missense_variant]",missense_variant,c.1801A>G,p.Lys601Glu,chroma,171,1,,,,0,0,,,0.02966532306351066,0.026490129130523822,171,6,likely_population_artifact,,False
OM429_003336,175871,"OM429_003336:175871(c.1801A>G,p.Lys601Glu) [missense_variant]",missense_variant,c.1801A>G,p.Lys601Glu,sat,171,1,,,,0,0,,,0.03133896565228095,0.022509133965725,171,6,likely_population_artifact,,False
OM429_003336,175871,"OM429_003336:175871(c.1801A>G,p.Lys601Glu) [missense_variant]",missense_variant,c.1801A>G,p.Lys601Glu,bright,171,1,,,,0,0,,,0.004916351895739597,0.36936170806894586,171,6,likely_population_artifact,,False
OM429_003336,175871,"OM429_003336:175871(c.1801A>G,p.Lys601Glu) [missense_variant]",missense_variant,c.1801A>G,p.Lys601Glu,lab_L,171,1,,,,0,0,,,0.011949603169174925,0.1609217969117787,171,6,likely_population_artifact,,False
OM429_003336,175871,"OM429_003336:175871(c.1801A>G,p.Lys601Glu) [missense_variant]",missense_variant,c.1801A>G,p.Lys601Glu,lab_a,171,1,,,,0,0,,,0.025934786913361613,0.038194436248221886,171,6,likely_population_artifact,,False
OM429_003336,175871,"OM429_003336:175871(c.1801A>G,p.Lys601Glu) [missense_variant]",missense_variant,c.1801A>G,p.Lys601Glu,lab_b,171,1,,,,0,0,,,0.007457990617926872,0.2685850297537858,171,6,likely_population_artifact,,False
OM429_003336,175937,"OM429_003336:175937(c.1867C>A,p.Pro623Thr) [missense_variant]",missense_variant,c.1867C>A,p.Pro623Thr,chroma,171,3,,,,1,0,,,0.007598747573780909,0.26409792101322915,171,6,likely_population_artifact,,False
OM429_003336,175937,"OM429_003336:175937(c.1867C>A,p.Pro623Thr) [missense_variant]",missense_variant,c.1867C>A,p.Pro623Thr,sat,171,3,,,,1,0,,,0.01904612320872669,0.07620163380734239,171,6,likely_population_artifact,,False
OM429_003336,175937,"OM429_003336:175937(c.1867C>A,p.Pro623Thr) [missense_variant]",missense_variant,c.1867C>A,p.Pro623Thr,bright,171,3,,,,1,0,,,0.006152577105823614,0.31512814040135356,171,6,likely_population_artifact,,False
OM429_003336,175937,"OM429_003336:175937(c.1867C>A,p.Pro623Thr) [missense_variant]",missense_variant,c.1867C>A,p.Pro623Thr,lab_L,171,3,,,,1,0,,,0.0005187367795950545,0.7708478964191452,171,6,likely_population_artifact,,False
OM429_003336,175937,"OM429_003336:175937(c.1867C>A,p.Pro623Thr) [missense_variant]",missense_variant,c.1867C>A,p.Pro623Thr,lab_a,171,3,,,,1,0,,,0.0002264896656559444,0.8473929302256925,171,6,likely_population_artifact,,False
OM429_003336,175937,"OM429_003336:175937(c.1867C>A,p.Pro623Thr) [missense_variant]",missense_variant,c.1867C>A,p.Pro623Thr,lab_b,171,3,,,,1,0,,,0.05057176942317891,0.003580787720888827,171,6,likely_population_artifact,,False
OM429_001533,544728,"OM429_001533:544728(c.1238G>T,p.Gly413Val) [missense_variant]",missense_variant,c.1238G>T,p.Gly413Val,chroma,171,19,,,,1,0,,,0.0473937217162531,0.0048389950002889716,171,6,likely_population_artifact,,False
OM429_001533,544728,"OM429_001533:544728(c.1238G>T,p.Gly413Val) [missense_variant]",missense_variant,c.1238G>T,p.Gly413Val,sat,171,19,,,,1,0,,,0.056271653463271634,0.0020890481687596157,171,6,likely_population_artifact,,False
OM429_001533,544728,"OM429_001533:544728(c.1238G>T,p.Gly413Val) [missense_variant]",missense_variant,c.1238G>T,p.Gly413Val,bright,171,19,,,,1,0,,,0.02272999520632686,0.052515145965528226,171,6,likely_population_artifact,,False
OM429_001533,544728,"OM429_001533:544728(c.1238G>T,p.Gly413Val) [missense_variant]",missense_variant,c.1238G>T,p.Gly413Val,lab_L,171,19,,,,1,0,,,0.002643160189860772,0.5106518513662007,171,6,likely_population_artifact,,False
OM429_001533,544728,"OM429_001533:544728(c.1238G>T,p.Gly413Val) [missense_variant]",missense_variant,c.1238G>T,p.Gly413Val,lab_a,171,19,,,,1,0,,,0.028247523847996888,0.03042686067583033,171,6,likely_population_artifact,,False
OM429_001533,544728,"OM429_001533:544728(c.1238G>T,p.Gly413Val) [missense_variant]",missense_variant,c.1238G>T,p.Gly413Val,lab_b,171,19,,,,1,0,,,0.044179369332420074,0.006566526052869419,171,6,likely_population_artifact,,False
OM429_001533,544890,"OM429_001533:544890(c.1076A>G,p.Lys359Arg) [missense_variant]",missense_variant,c.1076A>G,p.Lys359Arg,chroma,171,0,,,,0,0,,,0.0,,171,6,likely_population_artifact,,False
OM429_001533,544890,"OM429_001533:544890(c.1076A>G,p.Lys359Arg) [missense_variant]",missense_variant,c.1076A>G,p.Lys359Arg,sat,171,0,,,,0,0,,,0.0,,171,6,likely_population_artifact,,False
OM429_001533,544890,"OM429_001533:544890(c.1076A>G,p.Lys359Arg) [missense_variant]",missense_variant,c.1076A>G,p.Lys359Arg,bright,171,0,,,,0,0,,,-1.4877999574696852e-16,,171,6,likely_population_artifact,,False
OM429_001533,544890,"OM429_001533:544890(c.1076A>G,p.Lys359Arg) [missense_variant]",missense_variant,c.1076A>G,p.Lys359Arg,lab_L,171,0,,,,0,0,,,0.0,,171,6,likely_population_artifact,,False
OM429_001533,544890,"OM429_001533:544890(c.1076A>G,p.Lys359Arg) [missense_variant]",missense_variant,c.1076A>G,p.Lys359Arg,lab_a,171,0,,,,0,0,,,0.0,,171,6,likely_population_artifact,,False
OM429_001533,544890,"OM429_001533:544890(c.1076A>G,p.Lys359Arg) [missense_variant]",missense_variant,c.1076A>G,p.Lys359Arg,lab_b,171,0,,,,0,0,,,0.0,,171,6,likely_population_artifact,,False
OM429_001533,545379,"OM429_001533:545379(c.744A>C,p.Glu248Asp) [missense_variant]",missense_variant,c.744A>C,p.Glu248Asp,chroma,171,0,,,,0,0,,,0.0,,171,6,likely_population_artifact,,False
OM429_001533,545379,"OM429_001533:545379(c.744A>C,p.Glu248Asp) [missense_variant]",missense_variant,c.744A>C,p.Glu248Asp,sat,171,0,,,,0,0,,,0.0,,171,6,likely_population_artifact,,False
OM429_001533,545379,"OM429_001533:545379(c.744A>C,p.Glu248Asp) [missense_variant]",missense_variant,c.744A>C,p.Glu248Asp,bright,171,0,,,,0,0,,,-1.4877999574696852e-16,,171,6,likely_population_artifact,,False
OM429_001533,545379,"OM429_001533:545379(c.744A>C,p.Glu248Asp) [missense_variant]",missense_variant,c.744A>C,p.Glu248Asp,lab_L,171,0,,,,0,0,,,0.0,,171,6,likely_population_artifact,,False
OM429_001533,545379,"OM429_001533:545379(c.744A>C,p.Glu248Asp) [missense_variant]",missense_variant,c.744A>C,p.Glu248Asp,lab_a,171,0,,,,0,0,,,0.0,,171,6,likely_population_artifact,,False
OM429_001533,545379,"OM429_001533:545379(c.744A>C,p.Glu248Asp) [missense_variant]",missense_variant,c.744A>C,p.Glu248Asp,lab_b,171,0,,,,0,0,,,0.0,,171,6,likely_population_artifact,,False
OM429_001533,545390,"OM429_001533:545390(c.733A>C,p.Lys245Gln) [missense_variant]",missense_variant,c.733A>C,p.Lys245Gln,chroma,171,0,,,,0,0,,,0.0,,171,6,likely_population_artifact,,False
OM429_001533,545390,"OM429_001533:545390(c.733A>C,p.Lys245Gln) [missense_variant]",missense_variant,c.733A>C,p.Lys245Gln,sat,171,0,,,,0,0,,,0.0,,171,6,likely_population_artifact,,False
OM429_001533,545390,"OM429_001533:545390(c.733A>C,p.Lys245Gln) [missense_variant]",missense_variant,c.733A>C,p.Lys245Gln,bright,171,0,,,,0,0,,,-1.4877999574696852e-16,,171,6,likely_population_artifact,,False
OM429_001533,545390,"OM429_001533:545390(c.733A>C,p.Lys245Gln) [missense_variant]",missense_variant,c.733A>C,p.Lys245Gln,lab_L,171,0,,,,0,0,,,0.0,,171,6,likely_population_artifact,,False
OM429_001533,545390,"OM429_001533:545390(c.733A>C,p.Lys245Gln) [missense_variant]",missense_variant,c.733A>C,p.Lys245Gln,lab_a,171,0,,,,0,0,,,0.0,,171,6,likely_population_artifact,,False
OM429_001533,545390,"OM429_001533:545390(c.733A>C,p.Lys245Gln) [missense_variant]",missense_variant,c.733A>C,p.Lys245Gln,lab_b,171,0,,,,0,0,,,0.0,,171,6,likely_population_artifact,,False
OM429_001533,546367,"OM429_001533:546367(c.28C>T,p.His10Tyr) [missense_variant]",missense_variant,c.28C>T,p.His10Tyr,chroma,171,5,,,,1,0,,,0.0010411724232280081,0.6798264917370576,171,6,likely_population_artifact,,False
OM429_001533,546367,"OM429_001533:546367(c.28C>T,p.His10Tyr) [missense_variant]",missense_variant,c.28C>T,p.His10Tyr,sat,171,5,,,,1,0,,,3.606717457502577e-05,0.9387884672402755,171,6,likely_population_artifact,,False
OM429_001533,546367,"OM429_001533:546367(c.28C>T,p.His10Tyr) [missense_variant]",missense_variant,c.28C>T,p.His10Tyr,bright,171,5,,,,1,0,,,0.0004334001495741468,0.7900646675888732,171,6,likely_population_artifact,,False
OM429_001533,546367,"OM429_001533:546367(c.28C>T,p.His10Tyr) [missense_variant]",missense_variant,c.28C>T,p.His10Tyr,lab_L,171,5,,,,1,0,,,0.00022299633000031764,0.8485601796997964,171,6,likely_population_artifact,,False
OM429_001533,546367,"OM429_001533:546367(c.28C>T,p.His10Tyr) [missense_variant]",missense_variant,c.28C>T,p.His10Tyr,lab_a,171,5,,,,1,0,,,0.005127598495892524,0.35924690554122296,171,6,likely_population_artifact,,False
OM429_001533,546367,"OM429_001533:546367(c.28C>T,p.His10Tyr) [missense_variant]",missense_variant,c.28C>T,p.His10Tyr,lab_b,171,5,,,,1,0,,,0.0066691523987533925,0.2955721360100221,171,6,likely_population_artifact,,False
OM429_001415,227558,"OM429_001415:227558(c.1471T>C,p.Phe491Leu) [missense_variant]",missense_variant,c.1471T>C,p.Phe491Leu,chroma,171,1,,,,0,0,,,0.0026510117474731914,0.5100237935084722,171,6,likely_population_artifact,,False
OM429_001415,227558,"OM429_001415:227558(c.1471T>C,p.Phe491Leu) [missense_variant]",missense_variant,c.1471T>C,p.Phe491Leu,sat,171,1,,,,0,0,,,0.002399709585356691,0.5308176040500768,171,6,likely_population_artifact,,False
OM429_001415,227558,"OM429_001415:227558(c.1471T>C,p.Phe491Leu) [missense_variant]",missense_variant,c.1471T>C,p.Phe491Leu,bright,171,1,,,,0,0,,,0.002280138232182317,0.5412487589244483,171,6,likely_population_artifact,,False
OM429_001415,227558,"OM429_001415:227558(c.1471T>C,p.Phe491Leu) [missense_variant]",missense_variant,c.1471T>C,p.Phe491Leu,lab_L,171,1,,,,0,0,,,0.011573795181053375,0.167702047961134,171,6,likely_population_artifact,,False
OM429_001415,227558,"OM429_001415:227558(c.1471T>C,p.Phe491Leu) [missense_variant]",missense_variant,c.1471T>C,p.Phe491Leu,lab_a,171,1,,,,0,0,,,0.004077329398893386,0.4137462927744479,171,6,likely_population_artifact,,False
OM429_001415,227558,"OM429_001415:227558(c.1471T>C,p.Phe491Leu) [missense_variant]",missense_variant,c.1471T>C,p.Phe491Leu,lab_b,171,1,,,,0,0,,,0.000867476752349838,0.7064046448091913,171,6,likely_population_artifact,,False
OM429_001415,227876,"OM429_001415:227876(c.1324C>A,p.Gln442Lys) [missense_variant]",missense_variant,c.1324C>A,p.Gln442Lys,chroma,171,16,,,,0,0,,,0.0018505351508839593,0.5821047370350629,171,6,likely_population_artifact,,False
OM429_001415,227876,"OM429_001415:227876(c.1324C>A,p.Gln442Lys) [missense_variant]",missense_variant,c.1324C>A,p.Gln442Lys,sat,171,16,,,,0,0,,,0.003002940874523012,0.4831600829339425,171,6,likely_population_artifact,,False
OM429_001415,227876,"OM429_001415:227876(c.1324C>A,p.Gln442Lys) [missense_variant]",missense_variant,c.1324C>A,p.Gln442Lys,bright,171,16,,,,0,0,,,0.0020174546254784842,0.5655479805697597,171,6,likely_population_artifact,,False
OM429_001415,227876,"OM429_001415:227876(c.1324C>A,p.Gln442Lys) [missense_variant]",missense_variant,c.1324C>A,p.Gln442Lys,lab_L,171,16,,,,0,0,,,0.008625148659312305,0.23400702653848426,171,6,likely_population_artifact,,False
OM429_001415,227876,"OM429_001415:227876(c.1324C>A,p.Gln442Lys) [missense_variant]",missense_variant,c.1324C>A,p.Gln442Lys,lab_a,171,16,,,,0,0,,,0.0020288158288842228,0.564454425314391,171,6,likely_population_artifact,,False
OM429_001415,227876,"OM429_001415:227876(c.1324C>A,p.Gln442Lys) [missense_variant]",missense_variant,c.1324C>A,p.Gln442Lys,lab_b,171,16,,,,0,0,,,0.0010002033940797262,0.6858490315591155,171,6,likely_population_artifact,,False
OM429_001415,228406,"OM429_001415:228406(c.997G>C,p.Asp333His) [missense_variant]",missense_variant,c.997G>C,p.Asp333His,chroma,171,0,,,,0,0,,,0.0,,171,6,likely_population_artifact,,False
OM429_001415,228406,"OM429_001415:228406(c.997G>C,p.Asp333His) [missense_variant]",missense_variant,c.997G>C,p.Asp333His,sat,171,0,,,,0,0,,,0.0,,171,6,likely_population_artifact,,False
OM429_001415,228406,"OM429_001415:228406(c.997G>C,p.Asp333His) [missense_variant]",missense_variant,c.997G>C,p.Asp333His,bright,171,0,,,,0,0,,,-1.4877999574696852e-16,,171,6,likely_population_artifact,,False
OM429_001415,228406,"OM429_001415:228406(c.997G>C,p.Asp333His) [missense_variant]",missense_variant,c.997G>C,p.Asp333His,lab_L,171,0,,,,0,0,,,0.0,,171,6,likely_population_artifact,,False
OM429_001415,228406,"OM429_001415:228406(c.997G>C,p.Asp333His) [missense_variant]",missense_variant,c.997G>C,p.Asp333His,lab_a,171,0,,,,0,0,,,0.0,,171,6,likely_population_artifact,,False
OM429_001415,228406,"OM429_001415:228406(c.997G>C,p.Asp333His) [missense_variant]",missense_variant,c.997G>C,p.Asp333His,lab_b,171,0,,,,0,0,,,0.0,,171,6,likely_population_artifact,,False
OM429_001415,229320,"OM429_001415:229320(c.370A>C,p.Ile124Leu) [missense_variant]",missense_variant,c.370A>C,p.Ile124Leu,chroma,171,2,,,,0,0,,,0.05083342768153035,0.003493191310600053,171,6,likely_population_artifact,,False
OM429_001415,229320,"OM429_001415:229320(c.370A>C,p.Ile124Leu) [missense_variant]",missense_variant,c.370A>C,p.Ile124Leu,sat,171,2,,,,0,0,,,0.04568291388257737,0.005692136540835297,171,6,likely_population_artifact,,False
OM429_001415,229320,"OM429_001415:229320(c.370A>C,p.Ile124Leu) [missense_variant]",missense_variant,c.370A>C,p.Ile124Leu,bright,171,2,,,,0,0,,,0.01490495126756834,0.11712697644388893,171,6,likely_population_artifact,,False
OM429_001415,229320,"OM429_001415:229320(c.370A>C,p.Ile124Leu) [missense_variant]",missense_variant,c.370A>C,p.Ile124Leu,lab_L,171,2,,,,0,0,,,0.012602109643580413,0.14987187704408825,171,6,likely_population_artifact,,False
OM429_001415,229320,"OM429_001415:229320(c.370A>C,p.Ile124Leu) [missense_variant]",missense_variant,c.370A>C,p.Ile124Leu,lab_a,171,2,,,,0,0,,,0.05048925365627849,0.003608867471269428,171,6,likely_population_artifact,,False
OM429_001415,229320,"OM429_001415:229320(c.370A>C,p.Ile124Leu) [missense_variant]",missense_variant,c.370A>C,p.Ile124Leu,lab_b,171,2,,,,0,0,,,0.007518052561160199,0.2666589063174585,171,6,likely_population_artifact,,False
OM429_001415,229380,"OM429_001415:229380(c.310G>A,p.Asp104Asn) [missense_variant]",missense_variant,c.310G>A,p.Asp104Asn,chroma,171,7,,,,1,0,,,0.006900629607663557,0.2873127207793033,171,6,likely_population_artifact,,False
OM429_001415,229380,"OM429_001415:229380(c.310G>A,p.Asp104Asn) [missense_variant]",missense_variant,c.310G>A,p.Asp104Asn,sat,171,7,,,,1,0,,,0.009969772643632045,0.20056578028706776,171,6,likely_population_artifact,,False
OM429_001415,229380,"OM429_001415:229380(c.310G>A,p.Asp104Asn) [missense_variant]",missense_variant,c.310G>A,p.Asp104Asn,bright,171,7,,,,1,0,,,0.00533983618041072,0.34946252693124846,171,6,likely_population_artifact,,False
OM429_001415,229380,"OM429_001415:229380(c.310G>A,p.Asp104Asn) [missense_variant]",missense_variant,c.310G>A,p.Asp104Asn,lab_L,171,7,,,,1,0,,,0.00022354667062918118,0.848375665461106,171,6,likely_population_artifact,,False
OM429_001415,229380,"OM429_001415:229380(c.310G>A,p.Asp104Asn) [missense_variant]",missense_variant,c.310G>A,p.Asp104Asn,lab_a,171,7,,,,1,0,,,0.004012438670623631,0.41749452253711206,171,6,likely_population_artifact,,False
OM429_001415,229380,"OM429_001415:229380(c.310G>A,p.Asp104Asn) [missense_variant]",missense_variant,c.310G>A,p.Asp104Asn,lab_b,171,7,,,,1,0,,,0.01102145044862475,0.17826554144636156,171,6,likely_population_artifact,,False
OM429_001415,229479,"OM429_001415:229479(c.211C>T,p.Pro71Ser) [missense_variant]",missense_variant,c.211C>T,p.Pro71Ser,chroma,171,0,,,,0,0,,,0.0,,171,6,likely_population_artifact,,False
OM429_001415,229479,"OM429_001415:229479(c.211C>T,p.Pro71Ser) [missense_variant]",missense_variant,c.211C>T,p.Pro71Ser,sat,171,0,,,,0,0,,,0.0,,171,6,likely_population_artifact,,False
OM429_001415,229479,"OM429_001415:229479(c.211C>T,p.Pro71Ser) [missense_variant]",missense_variant,c.211C>T,p.Pro71Ser,bright,171,0,,,,0,0,,,-1.4877999574696852e-16,,171,6,likely_population_artifact,,False
OM429_001415,229479,"OM429_001415:229479(c.211C>T,p.Pro71Ser) [missense_variant]",missense_variant,c.211C>T,p.Pro71Ser,lab_L,171,0,,,,0,0,,,0.0,,171,6,likely_population_artifact,,False
OM429_001415,229479,"OM429_001415:229479(c.211C>T,p.Pro71Ser) [missense_variant]",missense_variant,c.211C>T,p.Pro71Ser,lab_a,171,0,,,,0,0,,,0.0,,171,6,likely_population_artifact,,False
OM429_001415,229479,"OM429_001415:229479(c.211C>T,p.Pro71Ser) [missense_variant]",missense_variant,c.211C>T,p.Pro71Ser,lab_b,171,0,,,,0,0,,,0.0,,171,6,likely_population_artifact,,False
OM429_001415,229759,"OM429_001415:229759(c.8A>G,p.Asn3Ser) [missense_variant]",missense_variant,c.8A>G,p.Asn3Ser,chroma,171,3,,,,1,0,,,0.002177819921342453,0.5504767857027553,171,6,likely_population_artifact,,False
OM429_001415,229759,"OM429_001415:229759(c.8A>G,p.Asn3Ser) [missense_variant]",missense_variant,c.8A>G,p.Asn3Ser,sat,171,3,,,,1,0,,,0.0012097721766507748,0.6564062617528839,171,6,likely_population_artifact,,False
OM429_001415,229759,"OM429_001415:229759(c.8A>G,p.Asn3Ser) [missense_variant]",missense_variant,c.8A>G,p.Asn3Ser,bright,171,3,,,,1,0,,,0.00151327674317103,0.6187634267173192,171,6,likely_population_artifact,,False
OM429_001415,229759,"OM429_001415:229759(c.8A>G,p.Asn3Ser) [missense_variant]",missense_variant,c.8A>G,p.Asn3Ser,lab_L,171,3,,,,1,0,,,6.903246054686845e-06,0.9731993275616249,171,6,likely_population_artifact,,False
OM429_001415,229759,"OM429_001415:229759(c.8A>G,p.Asn3Ser) [missense_variant]",missense_variant,c.8A>G,p.Asn3Ser,lab_a,171,3,,,,1,0,,,0.005480574154263419,0.34317246075693236,171,6,likely_population_artifact,,False
OM429_001415,229759,"OM429_001415:229759(c.8A>G,p.Asn3Ser) [missense_variant]",missense_variant,c.8A>G,p.Asn3Ser,lab_b,171,3,,,,1,0,,,0.0025807444013653735,0.5156925312970851,171,6,likely_population_artifact,,False
OM429_001430,264690,"OM429_001430:264690(c.109G>C,p.Glu37Gln) [missense_variant]",missense_variant,c.109G>C,p.Glu37Gln,chroma,171,8,,,,1,0,,,0.006130517451339762,0.315999941695469,171,6,likely_population_artifact,,False
OM429_001430,264690,"OM429_001430:264690(c.109G>C,p.Glu37Gln) [missense_variant]",missense_variant,c.109G>C,p.Glu37Gln,sat,171,8,,,,1,0,,,0.008758774507943249,0.23040199749421747,171,6,likely_population_artifact,,False
OM429_001430,264690,"OM429_001430:264690(c.109G>C,p.Glu37Gln) [missense_variant]",missense_variant,c.109G>C,p.Glu37Gln,bright,171,8,,,,1,0,,,0.00833144252106344,0.24217192106550872,171,6,likely_population_artifact,,False
OM429_001430,264690,"OM429_001430:264690(c.109G>C,p.Glu37Gln) [missense_variant]",missense_variant,c.109G>C,p.Glu37Gln,lab_L,171,8,,,,1,0,,,0.0016800974154727712,0.6000447912374206,171,6,likely_population_artifact,,False
OM429_001430,264690,"OM429_001430:264690(c.109G>C,p.Glu37Gln) [missense_variant]",missense_variant,c.109G>C,p.Glu37Gln,lab_a,171,8,,,,1,0,,,0.002969692450112472,0.48559602006974173,171,6,likely_population_artifact,,False
OM429_001430,264690,"OM429_001430:264690(c.109G>C,p.Glu37Gln) [missense_variant]",missense_variant,c.109G>C,p.Glu37Gln,lab_b,171,8,,,,1,0,,,0.014958644381477301,0.11646429678506413,171,6,likely_population_artifact,,False
OM429_001430,264705,"OM429_001430:264705(c.124G>A,p.Ala42Thr) [missense_variant]",missense_variant,c.124G>A,p.Ala42Thr,chroma,171,7,,,,1,0,,,0.006900629607663557,0.2873127207793033,171,6,likely_population_artifact,,False
OM429_001430,264705,"OM429_001430:264705(c.124G>A,p.Ala42Thr) [missense_variant]",missense_variant,c.124G>A,p.Ala42Thr,sat,171,7,,,,1,0,,,0.009969772643632045,0.20056578028706776,171,6,likely_population_artifact,,False
OM429_001430,264705,"OM429_001430:264705(c.124G>A,p.Ala42Thr) [missense_variant]",missense_variant,c.124G>A,p.Ala42Thr,bright,171,7,,,,1,0,,,0.00533983618041072,0.34946252693124846,171,6,likely_population_artifact,,False
OM429_001430,264705,"OM429_001430:264705(c.124G>A,p.Ala42Thr) [missense_variant]",missense_variant,c.124G>A,p.Ala42Thr,lab_L,171,7,,,,1,0,,,0.00022354667062918118,0.848375665461106,171,6,likely_population_artifact,,False
OM429_001430,264705,"OM429_001430:264705(c.124G>A,p.Ala42Thr) [missense_variant]",missense_variant,c.124G>A,p.Ala42Thr,lab_a,171,7,,,,1,0,,,0.004012438670623631,0.41749452253711206,171,6,likely_population_artifact,,False
OM429_001430,264705,"OM429_001430:264705(c.124G>A,p.Ala42Thr) [missense_variant]",missense_variant,c.124G>A,p.Ala42Thr,lab_b,171,7,,,,1,0,,,0.01102145044862475,0.17826554144636156,171,6,likely_population_artifact,,False
OM429_001430,264711,"OM429_001430:264711(c.130G>A,p.Ala44Thr) [missense_variant]",missense_variant,c.130G>A,p.Ala44Thr,chroma,171,6,,,,1,0,,,9.933549946686462e-07,0.9898318827060523,171,6,likely_population_artifact,,False
OM429_001430,264711,"OM429_001430:264711(c.130G>A,p.Ala44Thr) [missense_variant]",missense_variant,c.130G>A,p.Ala44Thr,sat,171,6,,,,1,0,,,0.00019045232837897386,0.8599238082550066,171,6,likely_population_artifact,,False
OM429_001430,264711,"OM429_001430:264711(c.130G>A,p.Ala44Thr) [missense_variant]",missense_variant,c.130G>A,p.Ala44Thr,bright,171,6,,,,1,0,,,0.0015856645965335848,0.6104891533980099,171,6,likely_population_artifact,,False
OM429_001430,264711,"OM429_001430:264711(c.130G>A,p.Ala44Thr) [missense_variant]",missense_variant,c.130G>A,p.Ala44Thr,lab_L,171,6,,,,1,0,,,0.0048968960357578225,0.3703129698229347,171,6,likely_population_artifact,,False
OM429_001430,264711,"OM429_001430:264711(c.130G>A,p.Ala44Thr) [missense_variant]",missense_variant,c.130G>A,p.Ala44Thr,lab_a,171,6,,,,1,0,,,0.0002437755080667811,0.8417499705071921,171,6,likely_population_artifact,,False
OM429_001430,264711,"OM429_001430:264711(c.130G>A,p.Ala44Thr) [missense_variant]",missense_variant,c.130G>A,p.Ala44Thr,lab_b,171,6,,,,1,0,,,0.004146823224842617,0.40978680025605563,171,6,likely_population_artifact,,False
OM429_001430,264723,"OM429_001430:264723(c.142T>G,p.Ser48Ala) [missense_variant]",missense_variant,c.142T>G,p.Ser48Ala,chroma,171,7,,,,1,0,,,0.0001678166599538375,0.8684311293614622,171,6,likely_population_artifact,,False
OM429_001430,264723,"OM429_001430:264723(c.142T>G,p.Ser48Ala) [missense_variant]",missense_variant,c.142T>G,p.Ser48Ala,sat,171,7,,,,1,0,,,0.0008656001252993633,0.7067077950439251,171,6,likely_population_artifact,,False
OM429_001430,264723,"OM429_001430:264723(c.142T>G,p.Ser48Ala) [missense_variant]",missense_variant,c.142T>G,p.Ser48Ala,bright,171,7,,,,1,0,,,0.0023420378054599756,0.5358028698500502,171,6,likely_population_artifact,,False
OM429_001430,264723,"OM429_001430:264723(c.142T>G,p.Ser48Ala) [missense_variant]",missense_variant,c.142T>G,p.Ser48Ala,lab_L,171,7,,,,1,0,,,0.002589347692140996,0.514992614348166,171,6,likely_population_artifact,,False
OM429_001430,264723,"OM429_001430:264723(c.142T>G,p.Ser48Ala) [missense_variant]",missense_variant,c.142T>G,p.Ser48Ala,lab_a,171,7,,,,1,0,,,0.0006544722481034225,0.7435375141939935,171,6,likely_population_artifact,,False
OM429_001430,264723,"OM429_001430:264723(c.142T>G,p.Ser48Ala) [missense_variant]",missense_variant,c.142T>G,p.Ser48Ala,lab_b,171,7,,,,1,0,,,0.00732817129007936,0.2728075067516457,171,6,likely_population_artifact,,False
OM429_001430,264753,"OM429_001430:264753(c.172G>A,p.Ala58Thr) [missense_variant]",missense_variant,c.172G>A,p.Ala58Thr,chroma,171,12,,,,1,0,,,9.113828731825882e-05,0.9028410693975163,171,6,likely_population_artifact,,False
OM429_001430,264753,"OM429_001430:264753(c.172G>A,p.Ala58Thr) [missense_variant]",missense_variant,c.172G>A,p.Ala58Thr,sat,171,12,,,,1,0,,,0.00023692115193477465,0.8439619008535455,171,6,likely_population_artifact,,False
OM429_001430,264753,"OM429_001430:264753(c.172G>A,p.Ala58Thr) [missense_variant]",missense_variant,c.172G>A,p.Ala58Thr,bright,171,12,,,,1,0,,,8.192122364442967e-05,0.9078620824372597,171,6,likely_population_artifact,,False
OM429_001430,264753,"OM429_001430:264753(c.172G>A,p.Ala58Thr) [missense_variant]",missense_variant,c.172G>A,p.Ala58Thr,lab_L,171,12,,,,1,0,,,3.506129741305929e-05,0.9396464290753197,171,6,likely_population_artifact,,False
OM429_001430,264753,"OM429_001430:264753(c.172G>A,p.Ala58Thr) [missense_variant]",missense_variant,c.172G>A,p.Ala58Thr,lab_a,171,12,,,,1,0,,,0.001950828182207514,0.5720445221478369,171,6,likely_population_artifact,,False
OM429_001430,264753,"OM429_001430:264753(c.172G>A,p.Ala58Thr) [missense_variant]",missense_variant,c.172G>A,p.Ala58Thr,lab_b,171,12,,,,1,0,,,0.006127928008664266,0.31610248260971663,171,6,likely_population_artifact,,False
OM429_001430,264997,"OM429_001430:264997(c.333A>C,p.Glu111Asp) [missense_variant]",missense_variant,c.333A>C,p.Glu111Asp,chroma,171,7,,,,1,0,,,6.057847686369179e-05,0.9207226286410493,171,6,likely_population_artifact,,False
OM429_001430,264997,"OM429_001430:264997(c.333A>C,p.Glu111Asp) [missense_variant]",missense_variant,c.333A>C,p.Glu111Asp,sat,171,7,,,,1,0,,,0.00017409399373864923,0.8660156231927135,171,6,likely_population_artifact,,False
OM429_001430,264997,"OM429_001430:264997(c.333A>C,p.Glu111Asp) [missense_variant]",missense_variant,c.333A>C,p.Glu111Asp,bright,171,7,,,,1,0,,,0.001709824526583152,0.596834294869629,171,6,likely_population_artifact,,False
OM429_001430,264997,"OM429_001430:264997(c.333A>C,p.Glu111Asp) [missense_variant]",missense_variant,c.333A>C,p.Glu111Asp,lab_L,171,7,,,,1,0,,,0.0029315108357944367,0.4884184480193237,171,6,likely_population_artifact,,False
OM429_001430,264997,"OM429_001430:264997(c.333A>C,p.Glu111Asp) [missense_variant]",missense_variant,c.333A>C,p.Glu111Asp,lab_a,171,7,,,,1,0,,,4.238424575853862e-07,0.9933580253323889,171,6,likely_population_artifact,,False
OM429_001430,264997,"OM429_001430:264997(c.333A>C,p.Glu111Asp) [missense_variant]",missense_variant,c.333A>C,p.Glu111Asp,lab_b,171,7,,,,1,0,,,0.0015337153680610703,0.616402569763811,171,6,likely_population_artifact,,False
OM429_001430,265173,"OM429_001430:265173(c.509G>T,p.Arg170Leu) [missense_variant]",missense_variant,c.509G>T,p.Arg170Leu,chroma,171,5,,,,1,0,,,0.0010411724232280081,0.6798264917370576,171,6,likely_population_artifact,,False
OM429_001430,265173,"OM429_001430:265173(c.509G>T,p.Arg170Leu) [missense_variant]",missense_variant,c.509G>T,p.Arg170Leu,sat,171,5,,,,1,0,,,3.606717457502577e-05,0.9387884672402755,171,6,likely_population_artifact,,False
OM429_001430,265173,"OM429_001430:265173(c.509G>T,p.Arg170Leu) [missense_variant]",missense_variant,c.509G>T,p.Arg170Leu,bright,171,5,,,,1,0,,,0.0004334001495741468,0.7900646675888732,171,6,likely_population_artifact,,False
OM429_001430,265173,"OM429_001430:265173(c.509G>T,p.Arg170Leu) [missense_variant]",missense_variant,c.509G>T,p.Arg170Leu,lab_L,171,5,,,,1,0,,,0.00022299633000031764,0.8485601796997964,171,6,likely_population_artifact,,False
OM429_001430,265173,"OM429_001430:265173(c.509G>T,p.Arg170Leu) [missense_variant]",missense_variant,c.509G>T,p.Arg170Leu,lab_a,171,5,,,,1,0,,,0.005127598495892524,0.35924690554122296,171,6,likely_population_artifact,,False
OM429_001430,265173,"OM429_001430:265173(c.509G>T,p.Arg170Leu) [missense_variant]",missense_variant,c.509G>T,p.Arg170Leu,lab_b,171,5,,,,1,0,,,0.0066691523987533925,0.2955721360100221,171,6,likely_population_artifact,,False
OM429_001430,265197,"OM429_001430:265197(c.533C>T,p.Thr178Ile) [missense_variant]",missense_variant,c.533C>T,p.Thr178Ile,chroma,171,1,,,,0,0,,,0.006898690016644846,0.28738070527348064,171,6,likely_population_artifact,,False
OM429_001430,265197,"OM429_001430:265197(c.533C>T,p.Thr178Ile) [missense_variant]",missense_variant,c.533C>T,p.Thr178Ile,sat,171,1,,,,0,0,,,0.00625448501640505,0.31114102196898596,171,6,likely_population_artifact,,False
OM429_001430,265197,"OM429_001430:265197(c.533C>T,p.Thr178Ile) [missense_variant]",missense_variant,c.533C>T,p.Thr178Ile,bright,171,1,,,,0,0,,,0.0001575932597383891,0.8724666112812358,171,6,likely_population_artifact,,False
OM429_001430,265197,"OM429_001430:265197(c.533C>T,p.Thr178Ile) [missense_variant]",missense_variant,c.533C>T,p.Thr178Ile,lab_L,171,1,,,,0,0,,,0.0076087907569509965,0.26378131399821336,171,6,likely_population_artifact,,False
OM429_001430,265197,"OM429_001430:265197(c.533C>T,p.Thr178Ile) [missense_variant]",missense_variant,c.533C>T,p.Thr178Ile,lab_a,171,1,,,,0,0,,,0.00732313243903263,0.27297305672067607,171,6,likely_population_artifact,,False
OM429_001430,265197,"OM429_001430:265197(c.533C>T,p.Thr178Ile) [missense_variant]",missense_variant,c.533C>T,p.Thr178Ile,lab_b,171,1,,,,0,0,,,0.002781783033739033,0.49975448065933614,171,6,likely_population_artifact,,False
OM429_001430,265215,"OM429_001430:265215(c.551T>C,p.Phe184Ser) [missense_variant]",missense_variant,c.551T>C,p.Phe184Ser,chroma,171,2,,,,0,0,,,0.0005943636806897118,0.7552064402384467,171,6,likely_population_artifact,,False
OM429_001430,265215,"OM429_001430:265215(c.551T>C,p.Phe184Ser) [missense_variant]",missense_variant,c.551T>C,p.Phe184Ser,sat,171,2,,,,0,0,,,0.0018149849794007885,0.5857559183732265,171,6,likely_population_artifact,,False
OM429_001430,265215,"OM429_001430:265215(c.551T>C,p.Phe184Ser) [missense_variant]",missense_variant,c.551T>C,p.Phe184Ser,bright,171,2,,,,0,0,,,0.005334231728233077,0.3497162178867954,171,6,likely_population_artifact,,False
OM429_001430,265215,"OM429_001430:265215(c.551T>C,p.Phe184Ser) [missense_variant]",missense_variant,c.551T>C,p.Phe184Ser,lab_L,171,2,,,,0,0,,,0.013732893342353706,0.13267636496053917,171,6,likely_population_artifact,,False
OM429_001430,265215,"OM429_001430:265215(c.551T>C,p.Phe184Ser) [missense_variant]",missense_variant,c.551T>C,p.Phe184Ser,lab_a,171,2,,,,0,0,,,8.219191026939937e-06,0.970757255958285,171,6,likely_population_artifact,,False
OM429_001430,265215,"OM429_001430:265215(c.551T>C,p.Phe184Ser) [missense_variant]",missense_variant,c.551T>C,p.Phe184Ser,lab_b,171,2,,,,0,0,,,0.0037908385715610575,0.4306820928833351,171,6,likely_population_artifact,,False
OM429_001430,265354,"OM429_001430:265354(c.614T>C,p.Val205Ala) [missense_variant]",missense_variant,c.614T>C,p.Val205Ala,chroma,171,6,,,,1,0,,,0.0015159111500597242,0.6184580160511668,171,6,likely_population_artifact,,False
OM429_001430,265354,"OM429_001430:265354(c.614T>C,p.Val205Ala) [missense_variant]",missense_variant,c.614T>C,p.Val205Ala,sat,171,6,,,,1,0,,,0.0014597728536453589,0.6250390711032322,171,6,likely_population_artifact,,False
OM429_001430,265354,"OM429_001430:265354(c.614T>C,p.Val205Ala) [missense_variant]",missense_variant,c.614T>C,p.Val205Ala,bright,171,6,,,,1,0,,,0.013127695086742561,0.14158860547477822,171,6,likely_population_artifact,,False
OM429_001430,265354,"OM429_001430:265354(c.614T>C,p.Val205Ala) [missense_variant]",missense_variant,c.614T>C,p.Val205Ala,lab_L,171,6,,,,1,0,,,0.013757296944490467,0.13233028738443,171,6,likely_population_artifact,,False
OM429_001430,265354,"OM429_001430:265354(c.614T>C,p.Val205Ala) [missense_variant]",missense_variant,c.614T>C,p.Val205Ala,lab_a,171,6,,,,1,0,,,0.00187568185989225,0.5795494846656478,171,6,likely_population_artifact,,False
OM429_001430,265354,"OM429_001430:265354(c.614T>C,p.Val205Ala) [missense_variant]",missense_variant,c.614T>C,p.Val205Ala,lab_b,171,6,,,,1,0,,,0.0009915435810672498,0.6871403322626606,171,6,likely_population_artifact,,False
OM429_001430,265485,"OM429_001430:265485(c.673A>G,p.Ser225Gly) [missense_variant]",missense_variant,c.673A>G,p.Ser225Gly,chroma,171,7,,,,1,0,,,0.013991153814360379,0.1290640393874119,171,6,likely_population_artifact,,False
OM429_001430,265485,"OM429_001430:265485(c.673A>G,p.Ser225Gly) [missense_variant]",missense_variant,c.673A>G,p.Ser225Gly,sat,171,7,,,,1,0,,,0.016245968259030377,0.10174008243719274,171,6,likely_population_artifact,,False
OM429_001430,265485,"OM429_001430:265485(c.673A>G,p.Ser225Gly) [missense_variant]",missense_variant,c.673A>G,p.Ser225Gly,bright,171,7,,,,1,0,,,0.01121555239182906,0.17446911694078682,171,6,likely_population_artifact,,False
OM429_001430,265485,"OM429_001430:265485(c.673A>G,p.Ser225Gly) [missense_variant]",missense_variant,c.673A>G,p.Ser225Gly,lab_L,171,7,,,,1,0,,,0.0002360097874097983,0.8442584926192257,171,6,likely_population_artifact,,False
OM429_001430,265485,"OM429_001430:265485(c.673A>G,p.Ser225Gly) [missense_variant]",missense_variant,c.673A>G,p.Ser225Gly,lab_a,171,7,,,,1,0,,,0.010265539039289751,0.19398339143610072,171,6,likely_population_artifact,,False
OM429_001430,265485,"OM429_001430:265485(c.673A>G,p.Ser225Gly) [missense_variant]",missense_variant,c.673A>G,p.Ser225Gly,lab_b,171,7,,,,1,0,,,0.007980209316838878,0.25239338189949545,171,6,likely_population_artifact,,False
OM429_001430,265602,"OM429_001430:265602(c.790T>C,p.Tyr264His) [missense_variant]",missense_variant,c.790T>C,p.Tyr264His,chroma,171,2,,,,0,0,,,0.004180276395239093,0.4079005197991503,171,6,likely_population_artifact,,False
OM429_001430,265602,"OM429_001430:265602(c.790T>C,p.Tyr264His) [missense_variant]",missense_variant,c.790T>C,p.Tyr264His,sat,171,2,,,,0,0,,,0.002761360102882347,0.5013349740589268,171,6,likely_population_artifact,,False
OM429_001430,265602,"OM429_001430:265602(c.790T>C,p.Tyr264His) [missense_variant]",missense_variant,c.790T>C,p.Tyr264His,bright,171,2,,,,0,0,,,0.010356995655987439,0.19199902880115313,171,6,likely_population_artifact,,False
OM429_001430,265602,"OM429_001430:265602(c.790T>C,p.Tyr264His) [missense_variant]",missense_variant,c.790T>C,p.Tyr264His,lab_L,171,2,,,,0,0,,,0.003069084616369788,0.4783731963426535,171,6,likely_population_artifact,,False
OM429_001430,265602,"OM429_001430:265602(c.790T>C,p.Tyr264His) [missense_variant]",missense_variant,c.790T>C,p.Tyr264His,lab_a,171,2,,,,0,0,,,0.003842228571028937,0.42756891805370406,171,6,likely_population_artifact,,False
OM429_001430,265602,"OM429_001430:265602(c.790T>C,p.Tyr264His) [missense_variant]",missense_variant,c.790T>C,p.Tyr264His,lab_b,171,2,,,,0,0,,,0.00019464013902036403,0.8584080776407563,171,6,likely_population_artifact,,False
OM429_001430,266192,"OM429_001430:266192(c.1142C>T,p.Ala381Val) [missense_variant]",missense_variant,c.1142C>T,p.Ala381Val,chroma,171,0,,,,0,0,,,0.0,,171,6,likely_population_artifact,,False
OM429_001430,266192,"OM429_001430:266192(c.1142C>T,p.Ala381Val) [missense_variant]",missense_variant,c.1142C>T,p.Ala381Val,sat,171,0,,,,0,0,,,0.0,,171,6,likely_population_artifact,,False
OM429_001430,266192,"OM429_001430:266192(c.1142C>T,p.Ala381Val) [missense_variant]",missense_variant,c.1142C>T,p.Ala381Val,bright,171,0,,,,0,0,,,-1.4877999574696852e-16,,171,6,likely_population_artifact,,False
OM429_001430,266192,"OM429_001430:266192(c.1142C>T,p.Ala381Val) [missense_variant]",missense_variant,c.1142C>T,p.Ala381Val,lab_L,171,0,,,,0,0,,,0.0,,171,6,likely_population_artifact,,False
OM429_001430,266192,"OM429_001430:266192(c.1142C>T,p.Ala381Val) [missense_variant]",missense_variant,c.1142C>T,p.Ala381Val,lab_a,171,0,,,,0,0,,,0.0,,171,6,likely_population_artifact,,False
OM429_001430,266192,"OM429_001430:266192(c.1142C>T,p.Ala381Val) [missense_variant]",missense_variant,c.1142C>T,p.Ala381Val,lab_b,171,0,,,,0,0,,,0.0,,171,6,likely_population_artifact,,False
OM429_001430,266330,"OM429_001430:266330(c.1198G>A,p.Gly400Ser) [missense_variant]",missense_variant,c.1198G>A,p.Gly400Ser,chroma,171,5,,,,1,0,,,0.0010411724232280081,0.6798264917370576,171,6,likely_population_artifact,,False
OM429_001430,266330,"OM429_001430:266330(c.1198G>A,p.Gly400Ser) [missense_variant]",missense_variant,c.1198G>A,p.Gly400Ser,sat,171,5,,,,1,0,,,3.606717457502577e-05,0.9387884672402755,171,6,likely_population_artifact,,False
OM429_001430,266330,"OM429_001430:266330(c.1198G>A,p.Gly400Ser) [missense_variant]",missense_variant,c.1198G>A,p.Gly400Ser,bright,171,5,,,,1,0,,,0.0004334001495741468,0.7900646675888732,171,6,likely_population_artifact,,False
OM429_001430,266330,"OM429_001430:266330(c.1198G>A,p.Gly400Ser) [missense_variant]",missense_variant,c.1198G>A,p.Gly400Ser,lab_L,171,5,,,,1,0,,,0.00022299633000031764,0.8485601796997964,171,6,likely_population_artifact,,False
OM429_001430,266330,"OM429_001430:266330(c.1198G>A,p.Gly400Ser) [missense_variant]",missense_variant,c.1198G>A,p.Gly400Ser,lab_a,171,5,,,,1,0,,,0.005127598495892524,0.35924690554122296,171,6,likely_population_artifact,,False
OM429_001430,266330,"OM429_001430:266330(c.1198G>A,p.Gly400Ser) [missense_variant]",missense_variant,c.1198G>A,p.Gly400Ser,lab_b,171,5,,,,1,0,,,0.0066691523987533925,0.2955721360100221,171,6,likely_population_artifact,,False
OM429_001430,266369,"OM429_001430:266369(c.1237A>C,p.Lys413Gln) [missense_variant]",missense_variant,c.1237A>C,p.Lys413Gln,chroma,171,1,,,,0,0,,,0.02966532306351066,0.026490129130523822,171,6,likely_population_artifact,,False
OM429_001430,266369,"OM429_001430:266369(c.1237A>C,p.Lys413Gln) [missense_variant]",missense_variant,c.1237A>C,p.Lys413Gln,sat,171,1,,,,0,0,,,0.03133896565228095,0.022509133965725,171,6,likely_population_artifact,,False
OM429_001430,266369,"OM429_001430:266369(c.1237A>C,p.Lys413Gln) [missense_variant]",missense_variant,c.1237A>C,p.Lys413Gln,bright,171,1,,,,0,0,,,0.004916351895739597,0.36936170806894586,171,6,likely_population_artifact,,False
OM429_001430,266369,"OM429_001430:266369(c.1237A>C,p.Lys413Gln) [missense_variant]",missense_variant,c.1237A>C,p.Lys413Gln,lab_L,171,1,,,,0,0,,,0.011949603169174925,0.1609217969117787,171,6,likely_population_artifact,,False
OM429_001430,266369,"OM429_001430:266369(c.1237A>C,p.Lys413Gln) [missense_variant]",missense_variant,c.1237A>C,p.Lys413Gln,lab_a,171,1,,,,0,0,,,0.025934786913361613,0.038194436248221886,171,6,likely_population_artifact,,False
OM429_001430,266369,"OM429_001430:266369(c.1237A>C,p.Lys413Gln) [missense_variant]",missense_variant,c.1237A>C,p.Lys413Gln,lab_b,171,1,,,,0,0,,,0.007457990617926872,0.2685850297537858,171,6,likely_population_artifact,,False
OM429_001430,266378,"OM429_001430:266378(c.1246A>C,p.Ile416Leu) [missense_variant]",missense_variant,c.1246A>C,p.Ile416Leu,chroma,171,5,,,,1,0,,,0.0010411724232280081,0.6798264917370576,171,6,likely_population_artifact,,False
OM429_001430,266378,"OM429_001430:266378(c.1246A>C,p.Ile416Leu) [missense_variant]",missense_variant,c.1246A>C,p.Ile416Leu,sat,171,5,,,,1,0,,,3.606717457502577e-05,0.9387884672402755,171,6,likely_population_artifact,,False
OM429_001430,266378,"OM429_001430:266378(c.1246A>C,p.Ile416Leu) [missense_variant]",missense_variant,c.1246A>C,p.Ile416Leu,bright,171,5,,,,1,0,,,0.0004334001495741468,0.7900646675888732,171,6,likely_population_artifact,,False
OM429_001430,266378,"OM429_001430:266378(c.1246A>C,p.Ile416Leu) [missense_variant]",missense_variant,c.1246A>C,p.Ile416Leu,lab_L,171,5,,,,1,0,,,0.00022299633000031764,0.8485601796997964,171,6,likely_population_artifact,,False
OM429_001430,266378,"OM429_001430:266378(c.1246A>C,p.Ile416Leu) [missense_variant]",missense_variant,c.1246A>C,p.Ile416Leu,lab_a,171,5,,,,1,0,,,0.005127598495892524,0.35924690554122296,171,6,likely_population_artifact,,False
OM429_001430,266378,"OM429_001430:266378(c.1246A>C,p.Ile416Leu) [missense_variant]",missense_variant,c.1246A>C,p.Ile416Leu,lab_b,171,5,,,,1,0,,,0.0066691523987533925,0.2955721360100221,171,6,likely_population_artifact,,False
OM429_001430,266588,"OM429_001430:266588(c.1373C>G,p.Ala458Gly) [missense_variant]",missense_variant,c.1373C>G,p.Ala458Gly,chroma,171,2,,,,0,0,,,0.0005943636806897118,0.7552064402384467,171,6,likely_population_artifact,,False
OM429_001430,266588,"OM429_001430:266588(c.1373C>G,p.Ala458Gly) [missense_variant]",missense_variant,c.1373C>G,p.Ala458Gly,sat,171,2,,,,0,0,,,0.0018149849794007885,0.5857559183732265,171,6,likely_population_artifact,,False
OM429_001430,266588,"OM429_001430:266588(c.1373C>G,p.Ala458Gly) [missense_variant]",missense_variant,c.1373C>G,p.Ala458Gly,bright,171,2,,,,0,0,,,0.005334231728233077,0.3497162178867954,171,6,likely_population_artifact,,False
OM429_001430,266588,"OM429_001430:266588(c.1373C>G,p.Ala458Gly) [missense_variant]",missense_variant,c.1373C>G,p.Ala458Gly,lab_L,171,2,,,,0,0,,,0.013732893342353706,0.13267636496053917,171,6,likely_population_artifact,,False
OM429_001430,266588,"OM429_001430:266588(c.1373C>G,p.Ala458Gly) [missense_variant]",missense_variant,c.1373C>G,p.Ala458Gly,lab_a,171,2,,,,0,0,,,8.219191026939937e-06,0.970757255958285,171,6,likely_population_artifact,,False
OM429_001430,266588,"OM429_001430:266588(c.1373C>G,p.Ala458Gly) [missense_variant]",missense_variant,c.1373C>G,p.Ala458Gly,lab_b,171,2,,,,0,0,,,0.0037908385715610575,0.4306820928833351,171,6,likely_population_artifact,,False
OM429_001430,266758,"OM429_001430:266758(c.1471G>A,p.Val491Ile) [missense_variant]",missense_variant,c.1471G>A,p.Val491Ile,chroma,171,23,,,,1,0,,,0.0007979332168821088,0.7178988773796355,171,6,likely_population_artifact,,False
OM429_001430,266758,"OM429_001430:266758(c.1471G>A,p.Val491Ile) [missense_variant]",missense_variant,c.1471G>A,p.Val491Ile,sat,171,23,,,,1,0,,,9.576341031166968e-05,0.9004186593641754,171,6,likely_population_artifact,,False
OM429_001430,266758,"OM429_001430:266758(c.1471G>A,p.Val491Ile) [missense_variant]",missense_variant,c.1471G>A,p.Val491Ile,bright,171,23,,,,1,0,,,0.001545710886982308,0.6150261068075438,171,6,likely_population_artifact,,False
OM429_001430,266758,"OM429_001430:266758(c.1471G>A,p.Val491Ile) [missense_variant]",missense_variant,c.1471G>A,p.Val491Ile,lab_L,171,23,,,,1,0,,,3.402330887629022e-05,0.9405448586265521,171,6,likely_population_artifact,,False
OM429_001430,266758,"OM429_001430:266758(c.1471G>A,p.Val491Ile) [missense_variant]",missense_variant,c.1471G>A,p.Val491Ile,lab_a,171,23,,,,1,0,,,0.001839404885866535,0.5832429391451562,171,6,likely_population_artifact,,False
OM429_001430,266758,"OM429_001430:266758(c.1471G>A,p.Val491Ile) [missense_variant]",missense_variant,c.1471G>A,p.Val491Ile,lab_b,171,23,,,,1,0,,,0.001319315803178994,0.6422191081181532,171,6,likely_population_artifact,,False
OM429_001430,266833,"OM429_001430:266833(c.1546C>T,p.Pro516Ser) [missense_variant]",missense_variant,c.1546C>T,p.Pro516Ser,chroma,171,171,,,,0,0,,,1.562063612633246e-16,2.5097829602600376e-112,171,6,likely_population_artifact,,False
OM429_001430,266833,"OM429_001430:266833(c.1546C>T,p.Pro516Ser) [missense_variant]",missense_variant,c.1546C>T,p.Pro516Ser,sat,171,171,,,,0,0,,,0.0,5.501195702525989e-119,171,6,likely_population_artifact,,False
OM429_001430,266833,"OM429_001430:266833(c.1546C>T,p.Pro516Ser) [missense_variant]",missense_variant,c.1546C>T,p.Pro516Ser,bright,171,171,,,,0,0,,,0.0,2.682296152387906e-206,171,6,likely_population_artifact,,False
OM429_001430,266833,"OM429_001430:266833(c.1546C>T,p.Pro516Ser) [missense_variant]",missense_variant,c.1546C>T,p.Pro516Ser,lab_L,171,171,,,,0,0,,,0.0,1.863102674685026e-283,171,6,likely_population_artifact,,False
OM429_001430,266833,"OM429_001430:266833(c.1546C>T,p.Pro516Ser) [missense_variant]",missense_variant,c.1546C>T,p.Pro516Ser,lab_a,171,171,,,,0,0,,,0.0,7.519621695073293e-114,171,6,likely_population_artifact,,False
OM429_001430,266833,"OM429_001430:266833(c.1546C>T,p.Pro516Ser) [missense_variant]",missense_variant,c.1546C>T,p.Pro516Ser,lab_b,171,171,,,,0,0,,,0.0,1.4519898163981852e-33,171,6,likely_population_artifact,,False
OM429_001430,266843,"OM429_001430:266843(c.1556A>G,p.His519Arg) [missense_variant]",missense_variant,c.1556A>G,p.His519Arg,chroma,171,21,,,,1,0,,,6.9089466326728734e-06,0.9731882682115459,171,6,likely_population_artifact,,False
OM429_001430,266843,"OM429_001430:266843(c.1556A>G,p.His519Arg) [missense_variant]",missense_variant,c.1556A>G,p.His519Arg,sat,171,21,,,,1,0,,,0.00023867375195799745,0.8433932001934443,171,6,likely_population_artifact,,False
OM429_001430,266843,"OM429_001430:266843(c.1556A>G,p.His519Arg) [missense_variant]",missense_variant,c.1556A>G,p.His519Arg,bright,171,21,,,,1,0,,,0.0004926012188545554,0.7765392306899638,171,6,likely_population_artifact,,False
OM429_001430,266843,"OM429_001430:266843(c.1556A>G,p.His519Arg) [missense_variant]",missense_variant,c.1556A>G,p.His519Arg,lab_L,171,21,,,,1,0,,,0.000727110642182043,0.7302018143965094,171,6,likely_population_artifact,,False
OM429_001430,266843,"OM429_001430:266843(c.1556A>G,p.His519Arg) [missense_variant]",missense_variant,c.1556A>G,p.His519Arg,lab_a,171,21,,,,1,0,,,0.00010914229467977873,0.8937281687523658,171,6,likely_population_artifact,,False
OM429_001430,266843,"OM429_001430:266843(c.1556A>G,p.His519Arg) [missense_variant]",missense_variant,c.1556A>G,p.His519Arg,lab_b,171,21,,,,1,0,,,0.0011242449631687966,0.668027259657242,171,6,likely_population_artifact,,False
OM429_001430,266968,"OM429_001430:266968(c.1681T>G,p.Ser561Ala) [missense_variant]",missense_variant,c.1681T>G,p.Ser561Ala,chroma,171,5,,,,1,0,,,0.0010411724232280081,0.6798264917370576,171,6,likely_population_artifact,,False
OM429_001430,266968,"OM429_001430:266968(c.1681T>G,p.Ser561Ala) [missense_variant]",missense_variant,c.1681T>G,p.Ser561Ala,sat,171,5,,,,1,0,,,3.606717457502577e-05,0.9387884672402755,171,6,likely_population_artifact,,False
OM429_001430,266968,"OM429_001430:266968(c.1681T>G,p.Ser561Ala) [missense_variant]",missense_variant,c.1681T>G,p.Ser561Ala,bright,171,5,,,,1,0,,,0.0004334001495741468,0.7900646675888732,171,6,likely_population_artifact,,False
OM429_001430,266968,"OM429_001430:266968(c.1681T>G,p.Ser561Ala) [missense_variant]",missense_variant,c.1681T>G,p.Ser561Ala,lab_L,171,5,,,,1,0,,,0.00022299633000031764,0.8485601796997964,171,6,likely_population_artifact,,False
OM429_001430,266968,"OM429_001430:266968(c.1681T>G,p.Ser561Ala) [missense_variant]",missense_variant,c.1681T>G,p.Ser561Ala,lab_a,171,5,,,,1,0,,,0.005127598495892524,0.35924690554122296,171,6,likely_population_artifact,,False
OM429_001430,266968,"OM429_001430:266968(c.1681T>G,p.Ser561Ala) [missense_variant]",missense_variant,c.1681T>G,p.Ser561Ala,lab_b,171,5,,,,1,0,,,0.0066691523987533925,0.2955721360100221,171,6,likely_population_artifact,,False
OM429_003729,39262,"OM429_003729:39262(c.1260C>G,p.Asp420Glu) [missense_variant]",missense_variant,c.1260C>G,p.Asp420Glu,chroma,171,1,,,,0,0,,,0.01217296581100395,0.15703912311449755,171,6,likely_population_artifact,,False
OM429_003729,39262,"OM429_003729:39262(c.1260C>G,p.Asp420Glu) [missense_variant]",missense_variant,c.1260C>G,p.Asp420Glu,sat,171,1,,,,0,0,,,0.01313841061143701,0.1414251319315293,171,6,likely_population_artifact,,False
OM429_003729,39262,"OM429_003729:39262(c.1260C>G,p.Asp420Glu) [missense_variant]",missense_variant,c.1260C>G,p.Asp420Glu,bright,171,1,,,,0,0,,,0.0005020628426833918,0.774460404480864,171,6,likely_population_artifact,,False
OM429_003729,39262,"OM429_003729:39262(c.1260C>G,p.Asp420Glu) [missense_variant]",missense_variant,c.1260C>G,p.Asp420Glu,lab_L,171,1,,,,0,0,,,0.012523387180849704,0.15115863953406838,171,6,likely_population_artifact,,False
OM429_003729,39262,"OM429_003729:39262(c.1260C>G,p.Asp420Glu) [missense_variant]",missense_variant,c.1260C>G,p.Asp420Glu,lab_a,171,1,,,,0,0,,,0.010397658025272786,0.19112432479255653,171,6,likely_population_artifact,,False
OM429_003729,39262,"OM429_003729:39262(c.1260C>G,p.Asp420Glu) [missense_variant]",missense_variant,c.1260C>G,p.Asp420Glu,lab_b,171,1,,,,0,0,,,0.0052151260805485015,0.35516718918864854,171,6,likely_population_artifact,,False
OM429_003729,39316,"OM429_003729:39316(c.1206C>A,p.His402Gln) [missense_variant]",missense_variant,c.1206C>A,p.His402Gln,chroma,171,0,,,,0,0,,,0.0,,171,6,likely_population_artifact,,False
OM429_003729,39316,"OM429_003729:39316(c.1206C>A,p.His402Gln) [missense_variant]",missense_variant,c.1206C>A,p.His402Gln,sat,171,0,,,,0,0,,,0.0,,171,6,likely_population_artifact,,False
OM429_003729,39316,"OM429_003729:39316(c.1206C>A,p.His402Gln) [missense_variant]",missense_variant,c.1206C>A,p.His402Gln,bright,171,0,,,,0,0,,,-1.4877999574696852e-16,,171,6,likely_population_artifact,,False
OM429_003729,39316,"OM429_003729:39316(c.1206C>A,p.His402Gln) [missense_variant]",missense_variant,c.1206C>A,p.His402Gln,lab_L,171,0,,,,0,0,,,0.0,,171,6,likely_population_artifact,,False
OM429_003729,39316,"OM429_003729:39316(c.1206C>A,p.His402Gln) [missense_variant]",missense_variant,c.1206C>A,p.His402Gln,lab_a,171,0,,,,0,0,,,0.0,,171,6,likely_population_artifact,,False
OM429_003729,39316,"OM429_003729:39316(c.1206C>A,p.His402Gln) [missense_variant]",missense_variant,c.1206C>A,p.His402Gln,lab_b,171,0,,,,0,0,,,0.0,,171,6,likely_population_artifact,,False
OM429_003729,39772,"OM429_003729:39772(c.820A>G,p.Lys274Glu) [missense_variant]",missense_variant,c.820A>G,p.Lys274Glu,chroma,171,1,,,,0,0,,,0.009316077478205401,0.21606309331940426,171,6,likely_population_artifact,,False
OM429_003729,39772,"OM429_003729:39772(c.820A>G,p.Lys274Glu) [missense_variant]",missense_variant,c.820A>G,p.Lys274Glu,sat,171,1,,,,0,0,,,0.015294119701048735,0.11241560062999467,171,6,likely_population_artifact,,False
OM429_003729,39772,"OM429_003729:39772(c.820A>G,p.Lys274Glu) [missense_variant]",missense_variant,c.820A>G,p.Lys274Glu,bright,171,1,,,,0,0,,,0.001254252103992316,0.6505559291730676,171,6,likely_population_artifact,,False
OM429_003729,39772,"OM429_003729:39772(c.820A>G,p.Lys274Glu) [missense_variant]",missense_variant,c.820A>G,p.Lys274Glu,lab_L,171,1,,,,0,0,,,0.00395267545298924,0.4209911567480982,171,6,likely_population_artifact,,False
OM429_003729,39772,"OM429_003729:39772(c.820A>G,p.Lys274Glu) [missense_variant]",missense_variant,c.820A>G,p.Lys274Glu,lab_a,171,1,,,,0,0,,,0.004600786045017528,0.3852226257109483,171,6,likely_population_artifact,,False
OM429_003729,39772,"OM429_003729:39772(c.820A>G,p.Lys274Glu) [missense_variant]",missense_variant,c.820A>G,p.Lys274Glu,lab_b,171,1,,,,0,0,,,0.01618104909163517,0.10243203250104238,171,6,likely_population_artifact,,False
OM429_003729,39865,"OM429_003729:39865(c.727G>A,p.Asp243Asn) [missense_variant]",missense_variant,c.727G>A,p.Asp243Asn,chroma,171,0,,,,0,0,,,0.0,,171,6,likely_population_artifact,,False
OM429_003729,39865,"OM429_003729:39865(c.727G>A,p.Asp243Asn) [missense_variant]",missense_variant,c.727G>A,p.Asp243Asn,sat,171,0,,,,0,0,,,0.0,,171,6,likely_population_artifact,,False
OM429_003729,39865,"OM429_003729:39865(c.727G>A,p.Asp243Asn) [missense_variant]",missense_variant,c.727G>A,p.Asp243Asn,bright,171,0,,,,0,0,,,-1.4877999574696852e-16,,171,6,likely_population_artifact,,False
OM429_003729,39865,"OM429_003729:39865(c.727G>A,p.Asp243Asn) [missense_variant]",missense_variant,c.727G>A,p.Asp243Asn,lab_L,171,0,,,,0,0,,,0.0,,171,6,likely_population_artifact,,False
OM429_003729,39865,"OM429_003729:39865(c.727G>A,p.Asp243Asn) [missense_variant]",missense_variant,c.727G>A,p.Asp243Asn,lab_a,171,0,,,,0,0,,,0.0,,171,6,likely_population_artifact,,False
OM429_003729,39865,"OM429_003729:39865(c.727G>A,p.Asp243Asn) [missense_variant]",missense_variant,c.727G>A,p.Asp243Asn,lab_b,171,0,,,,0,0,,,0.0,,171,6,likely_population_artifact,,False
OM429_003729,39975,"OM429_003729:39975(c.617C>T,p.Ala206Val) [missense_variant]",missense_variant,c.617C>T,p.Ala206Val,chroma,171,1,,,,0,0,,,0.0024776134373355758,0.5242140200919498,171,6,likely_population_artifact,,False
OM429_003729,39975,"OM429_003729:39975(c.617C>T,p.Ala206Val) [missense_variant]",missense_variant,c.617C>T,p.Ala206Val,sat,171,1,,,,0,0,,,0.0020310007700059586,0.5642445839417046,171,6,likely_population_artifact,,False
OM429_003729,39975,"OM429_003729:39975(c.617C>T,p.Ala206Val) [missense_variant]",missense_variant,c.617C>T,p.Ala206Val,bright,171,1,,,,0,0,,,0.007623902805868544,0.2633057950460246,171,6,likely_population_artifact,,False
OM429_003729,39975,"OM429_003729:39975(c.617C>T,p.Ala206Val) [missense_variant]",missense_variant,c.617C>T,p.Ala206Val,lab_L,171,1,,,,0,0,,,0.002548176547996427,0.5183571552398538,171,6,likely_population_artifact,,False
OM429_003729,39975,"OM429_003729:39975(c.617C>T,p.Ala206Val) [missense_variant]",missense_variant,c.617C>T,p.Ala206Val,lab_a,171,1,,,,0,0,,,0.0020254782771339666,0.564775253362768,171,6,likely_population_artifact,,False
OM429_003729,39975,"OM429_003729:39975(c.617C>T,p.Ala206Val) [missense_variant]",missense_variant,c.617C>T,p.Ala206Val,lab_b,171,1,,,,0,0,,,0.0007416322893630992,0.7276261421713657,171,6,likely_population_artifact,,False
OM429_003729,40228,"OM429_003729:40228(c.364C>A,p.Arg122Ser) [missense_variant]",missense_variant,c.364C>A,p.Arg122Ser,chroma,171,0,,,,0,0,,,0.0,,171,6,likely_population_artifact,,False
OM429_003729,40228,"OM429_003729:40228(c.364C>A,p.Arg122Ser) [missense_variant]",missense_variant,c.364C>A,p.Arg122Ser,sat,171,0,,,,0,0,,,0.0,,171,6,likely_population_artifact,,False
OM429_003729,40228,"OM429_003729:40228(c.364C>A,p.Arg122Ser) [missense_variant]",missense_variant,c.364C>A,p.Arg122Ser,bright,171,0,,,,0,0,,,-1.4877999574696852e-16,,171,6,likely_population_artifact,,False
OM429_003729,40228,"OM429_003729:40228(c.364C>A,p.Arg122Ser) [missense_variant]",missense_variant,c.364C>A,p.Arg122Ser,lab_L,171,0,,,,0,0,,,0.0,,171,6,likely_population_artifact,,False
OM429_003729,40228,"OM429_003729:40228(c.364C>A,p.Arg122Ser) [missense_variant]",missense_variant,c.364C>A,p.Arg122Ser,lab_a,171,0,,,,0,0,,,0.0,,171,6,likely_population_artifact,,False
OM429_003729,40228,"OM429_003729:40228(c.364C>A,p.Arg122Ser) [missense_variant]",missense_variant,c.364C>A,p.Arg122Ser,lab_b,171,0,,,,0,0,,,0.0,,171,6,likely_population_artifact,,False
OM429_003729,40514,"OM429_003729:40514(c.151G>A,p.Gly51Ser) [missense_variant]",missense_variant,c.151G>A,p.Gly51Ser,chroma,171,8,,,,1,0,,,0.026996112663733855,0.03440246381884917,171,6,likely_population_artifact,,False
OM429_003729,40514,"OM429_003729:40514(c.151G>A,p.Gly51Ser) [missense_variant]",missense_variant,c.151G>A,p.Gly51Ser,sat,171,8,,,,1,0,,,0.021205711531955974,0.061203832397354656,171,6,likely_population_artifact,,False
OM429_003729,40514,"OM429_003729:40514(c.151G>A,p.Gly51Ser) [missense_variant]",missense_variant,c.151G>A,p.Gly51Ser,bright,171,8,,,,1,0,,,0.011614018154364423,0.16696108186716244,171,6,likely_population_artifact,,False
OM429_003729,40514,"OM429_003729:40514(c.151G>A,p.Gly51Ser) [missense_variant]",missense_variant,c.151G>A,p.Gly51Ser,lab_L,171,8,,,,1,0,,,0.002230851966458608,0.5456578613688425,171,6,likely_population_artifact,,False
OM429_003729,40514,"OM429_003729:40514(c.151G>A,p.Gly51Ser) [missense_variant]",missense_variant,c.151G>A,p.Gly51Ser,lab_a,171,8,,,,1,0,,,0.03094993611977726,0.023376040107306005,171,6,likely_population_artifact,,False
OM429_003729,40514,"OM429_003729:40514(c.151G>A,p.Gly51Ser) [missense_variant]",missense_variant,c.151G>A,p.Gly51Ser,lab_b,171,8,,,,1,0,,,0.0013050593264440863,0.6440241854428794,171,6,likely_population_artifact,,False
OM429_002663,882818,"OM429_002663:882818(c.1099A>T,p.Thr367Ser) [missense_variant]",missense_variant,c.1099A>T,p.Thr367Ser,chroma,171,8,,,,1,0,,,0.0011541621524883115,0.663904356607712,171,6,likely_population_artifact,,False
OM429_002663,882818,"OM429_002663:882818(c.1099A>T,p.Thr367Ser) [missense_variant]",missense_variant,c.1099A>T,p.Thr367Ser,sat,171,8,,,,1,0,,,0.001661099600539455,0.6021155164437754,171,6,likely_population_artifact,,False
OM429_002663,882818,"OM429_002663:882818(c.1099A>T,p.Thr367Ser) [missense_variant]",missense_variant,c.1099A>T,p.Thr367Ser,bright,171,8,,,,1,0,,,0.005059160257899038,0.3624816361577569,171,6,likely_population_artifact,,False
OM429_002663,882818,"OM429_002663:882818(c.1099A>T,p.Thr367Ser) [missense_variant]",missense_variant,c.1099A>T,p.Thr367Ser,lab_L,171,8,,,,1,0,,,0.004646282667452937,0.3828776350601726,171,6,likely_population_artifact,,False
OM429_002663,882818,"OM429_002663:882818(c.1099A>T,p.Thr367Ser) [missense_variant]",missense_variant,c.1099A>T,p.Thr367Ser,lab_a,171,8,,,,1,0,,,0.0005089450198890107,0.7729615855794592,171,6,likely_population_artifact,,False
OM429_002663,882818,"OM429_002663:882818(c.1099A>T,p.Thr367Ser) [missense_variant]",missense_variant,c.1099A>T,p.Thr367Ser,lab_b,171,8,,,,1,0,,,0.0021923627369332113,0.5491474535674826,171,6,likely_population_artifact,,False
OM429_002663,882892,"OM429_002663:882892(c.1025C>A,p.Thr342Asn) [missense_variant]",missense_variant,c.1025C>A,p.Thr342Asn,chroma,171,0,,,,0,0,,,0.0,,171,6,likely_population_artifact,,False
OM429_002663,882892,"OM429_002663:882892(c.1025C>A,p.Thr342Asn) [missense_variant]",missense_variant,c.1025C>A,p.Thr342Asn,sat,171,0,,,,0,0,,,0.0,,171,6,likely_population_artifact,,False
OM429_002663,882892,"OM429_002663:882892(c.1025C>A,p.Thr342Asn) [missense_variant]",missense_variant,c.1025C>A,p.Thr342Asn,bright,171,0,,,,0,0,,,-1.4877999574696852e-16,,171,6,likely_population_artifact,,False
OM429_002663,882892,"OM429_002663:882892(c.1025C>A,p.Thr342Asn) [missense_variant]",missense_variant,c.1025C>A,p.Thr342Asn,lab_L,171,0,,,,0,0,,,0.0,,171,6,likely_population_artifact,,False
OM429_002663,882892,"OM429_002663:882892(c.1025C>A,p.Thr342Asn) [missense_variant]",missense_variant,c.1025C>A,p.Thr342Asn,lab_a,171,0,,,,0,0,,,0.0,,171,6,likely_population_artifact,,False
OM429_002663,882892,"OM429_002663:882892(c.1025C>A,p.Thr342Asn) [missense_variant]",missense_variant,c.1025C>A,p.Thr342Asn,lab_b,171,0,,,,0,0,,,0.0,,171,6,likely_population_artifact,,False
OM429_002663,883140,"OM429_002663:883140(c.896C>T,p.Ser299Leu) [missense_variant]",missense_variant,c.896C>T,p.Ser299Leu,chroma,171,2,,,,0,0,,,9.707750687917618e-05,0.8997412937234376,171,6,likely_population_artifact,,False
OM429_002663,883140,"OM429_002663:883140(c.896C>T,p.Ser299Leu) [missense_variant]",missense_variant,c.896C>T,p.Ser299Leu,sat,171,2,,,,0,0,,,0.0010648615147717858,0.6764071224661418,171,6,likely_population_artifact,,False
OM429_002663,883140,"OM429_002663:883140(c.896C>T,p.Ser299Leu) [missense_variant]",missense_variant,c.896C>T,p.Ser299Leu,bright,171,2,,,,0,0,,,0.00027999760360455656,0.8305648486223213,171,6,likely_population_artifact,,False
OM429_002663,883140,"OM429_002663:883140(c.896C>T,p.Ser299Leu) [missense_variant]",missense_variant,c.896C>T,p.Ser299Leu,lab_L,171,2,,,,0,0,,,0.00031784778925364866,0.8196588202256482,171,6,likely_population_artifact,,False
OM429_002663,883140,"OM429_002663:883140(c.896C>T,p.Ser299Leu) [missense_variant]",missense_variant,c.896C>T,p.Ser299Leu,lab_a,171,2,,,,0,0,,,0.00016871138089076927,0.8680840389192294,171,6,likely_population_artifact,,False
OM429_002663,883140,"OM429_002663:883140(c.896C>T,p.Ser299Leu) [missense_variant]",missense_variant,c.896C>T,p.Ser299Leu,lab_b,171,2,,,,0,0,,,0.0029703270588178118,0.48554933661129296,171,6,likely_population_artifact,,False
OM429_002663,883227,"OM429_002663:883227(c.809C>A,p.Ala270Glu) [missense_variant]",missense_variant,c.809C>A,p.Ala270Glu,chroma,171,0,,,,0,0,,,0.0,,171,6,likely_population_artifact,,False
OM429_002663,883227,"OM429_002663:883227(c.809C>A,p.Ala270Glu) [missense_variant]",missense_variant,c.809C>A,p.Ala270Glu,sat,171,0,,,,0,0,,,0.0,,171,6,likely_population_artifact,,False
OM429_002663,883227,"OM429_002663:883227(c.809C>A,p.Ala270Glu) [missense_variant]",missense_variant,c.809C>A,p.Ala270Glu,bright,171,0,,,,0,0,,,-1.4877999574696852e-16,,171,6,likely_population_artifact,,False
OM429_002663,883227,"OM429_002663:883227(c.809C>A,p.Ala270Glu) [missense_variant]",missense_variant,c.809C>A,p.Ala270Glu,lab_L,171,0,,,,0,0,,,0.0,,171,6,likely_population_artifact,,False
OM429_002663,883227,"OM429_002663:883227(c.809C>A,p.Ala270Glu) [missense_variant]",missense_variant,c.809C>A,p.Ala270Glu,lab_a,171,0,,,,0,0,,,0.0,,171,6,likely_population_artifact,,False
OM429_002663,883227,"OM429_002663:883227(c.809C>A,p.Ala270Glu) [missense_variant]",missense_variant,c.809C>A,p.Ala270Glu,lab_b,171,0,,,,0,0,,,0.0,,171,6,likely_population_artifact,,False
OM429_002663,883389,"OM429_002663:883389(c.724A>G,p.Asn242Asp) [missense_variant]",missense_variant,c.724A>G,p.Asn242Asp,chroma,171,3,,,,1,0,,,0.008484002018940682,0.23788875041029037,171,6,likely_population_artifact,,False
OM429_002663,883389,"OM429_002663:883389(c.724A>G,p.Asn242Asp) [missense_variant]",missense_variant,c.724A>G,p.Asn242Asp,sat,171,3,,,,1,0,,,0.01866843304498262,0.07920361085384464,171,6,likely_population_artifact,,False
OM429_002663,883389,"OM429_002663:883389(c.724A>G,p.Asn242Asp) [missense_variant]",missense_variant,c.724A>G,p.Asn242Asp,bright,171,3,,,,1,0,,,0.009918799793094901,0.20172630267240005,171,6,likely_population_artifact,,False
OM429_002663,883389,"OM429_002663:883389(c.724A>G,p.Asn242Asp) [missense_variant]",missense_variant,c.724A>G,p.Asn242Asp,lab_L,171,3,,,,1,0,,,0.002623490416047846,0.5122311387808917,171,6,likely_population_artifact,,False
OM429_002663,883389,"OM429_002663:883389(c.724A>G,p.Asn242Asp) [missense_variant]",missense_variant,c.724A>G,p.Asn242Asp,lab_a,171,3,,,,1,0,,,0.0005837028249299267,0.7573427775845576,171,6,likely_population_artifact,,False
OM429_002663,883389,"OM429_002663:883389(c.724A>G,p.Asn242Asp) [missense_variant]",missense_variant,c.724A>G,p.Asn242Asp,lab_b,171,3,,,,1,0,,,0.04667738419555203,0.005179303881774147,171,6,likely_population_artifact,,False
OM429_002663,883571,"OM429_002663:883571(c.542A>G,p.Gln181Arg) [missense_variant]",missense_variant,c.542A>G,p.Gln181Arg,chroma,171,2,,,,0,0,,,0.019101737915081653,0.07576993718281182,171,6,likely_population_artifact,,False
OM429_002663,883571,"OM429_002663:883571(c.542A>G,p.Gln181Arg) [missense_variant]",missense_variant,c.542A>G,p.Gln181Arg,sat,171,2,,,,0,0,,,0.03823110948027065,0.011583676135163947,171,6,likely_population_artifact,,False
OM429_002663,883571,"OM429_002663:883571(c.542A>G,p.Gln181Arg) [missense_variant]",missense_variant,c.542A>G,p.Gln181Arg,bright,171,2,,,,0,0,,,0.024723289500165464,0.04305831417212114,171,6,likely_population_artifact,,False
OM429_002663,883571,"OM429_002663:883571(c.542A>G,p.Gln181Arg) [missense_variant]",missense_variant,c.542A>G,p.Gln181Arg,lab_L,171,2,,,,0,0,,,0.004249210689186966,0.40405330348137847,171,6,likely_population_artifact,,False
OM429_002663,883571,"OM429_002663:883571(c.542A>G,p.Gln181Arg) [missense_variant]",missense_variant,c.542A>G,p.Gln181Arg,lab_a,171,2,,,,0,0,,,0.002105867963272318,0.5571435003511201,171,6,likely_population_artifact,,False
OM429_002663,883571,"OM429_002663:883571(c.542A>G,p.Gln181Arg) [missense_variant]",missense_variant,c.542A>G,p.Gln181Arg,lab_b,171,2,,,,0,0,,,0.08779691367217692,0.00010610380964878669,171,6,likely_population_artifact,,False
OM429_002663,883785,"OM429_002663:883785(c.328T>A,p.Ser110Thr) [missense_variant]",missense_variant,c.328T>A,p.Ser110Thr,chroma,171,0,,,,0,0,,,0.0,,171,6,likely_population_artifact,,False
OM429_002663,883785,"OM429_002663:883785(c.328T>A,p.Ser110Thr) [missense_variant]",missense_variant,c.328T>A,p.Ser110Thr,sat,171,0,,,,0,0,,,0.0,,171,6,likely_population_artifact,,False
OM429_002663,883785,"OM429_002663:883785(c.328T>A,p.Ser110Thr) [missense_variant]",missense_variant,c.328T>A,p.Ser110Thr,bright,171,0,,,,0,0,,,-1.4877999574696852e-16,,171,6,likely_population_artifact,,False
OM429_002663,883785,"OM429_002663:883785(c.328T>A,p.Ser110Thr) [missense_variant]",missense_variant,c.328T>A,p.Ser110Thr,lab_L,171,0,,,,0,0,,,0.0,,171,6,likely_population_artifact,,False
OM429_002663,883785,"OM429_002663:883785(c.328T>A,p.Ser110Thr) [missense_variant]",missense_variant,c.328T>A,p.Ser110Thr,lab_a,171,0,,,,0,0,,,0.0,,171,6,likely_population_artifact,,False
OM429_002663,883785,"OM429_002663:883785(c.328T>A,p.Ser110Thr) [missense_variant]",missense_variant,c.328T>A,p.Ser110Thr,lab_b,171,0,,,,0,0,,,0.0,,171,6,likely_population_artifact,,False
OM429_005034,608846,"OM429_005034:608846(c.79G>C,p.Asp27His) [missense_variant]",missense_variant,c.79G>C,p.Asp27His,chroma,171,2,,,,0,0,,,0.010889950857670024,0.18089130685504437,171,6,likely_population_artifact,,False
OM429_005034,608846,"OM429_005034:608846(c.79G>C,p.Asp27His) [missense_variant]",missense_variant,c.79G>C,p.Asp27His,sat,171,2,,,,0,0,,,0.01217965093357913,0.15692455704814973,171,6,likely_population_artifact,,False
OM429_005034,608846,"OM429_005034:608846(c.79G>C,p.Asp27His) [missense_variant]",missense_variant,c.79G>C,p.Asp27His,bright,171,2,,,,0,0,,,0.023761221930501685,0.04737831957899348,171,6,likely_population_artifact,,False
OM429_005034,608846,"OM429_005034:608846(c.79G>C,p.Asp27His) [missense_variant]",missense_variant,c.79G>C,p.Asp27His,lab_L,171,2,,,,0,0,,,0.007996874003957613,0.25189669204656867,171,6,likely_population_artifact,,False
OM429_005034,608846,"OM429_005034:608846(c.79G>C,p.Asp27His) [missense_variant]",missense_variant,c.79G>C,p.Asp27His,lab_a,171,2,,,,0,0,,,0.006786016527908374,0.2913651731906166,171,6,likely_population_artifact,,False
OM429_005034,608846,"OM429_005034:608846(c.79G>C,p.Asp27His) [missense_variant]",missense_variant,c.79G>C,p.Asp27His,lab_b,171,2,,,,0,0,,,0.022846594519379846,0.05190617800392185,171,6,likely_population_artifact,,False
OM429_005034,608876,"OM429_005034:608876(c.109G>T,p.Gly37*) [stop_gained]",stop_gained,c.109G>T,p.Gly37*,chroma,171,6,,,,1,0,,,4.567179266038549e-05,0.9311365627780501,171,6,likely_population_artifact,,False
OM429_005034,608876,"OM429_005034:608876(c.109G>T,p.Gly37*) [stop_gained]",stop_gained,c.109G>T,p.Gly37*,sat,171,6,,,,1,0,,,0.00027408848847494856,0.8323356833002601,171,6,likely_population_artifact,,False
OM429_005034,608876,"OM429_005034:608876(c.109G>T,p.Gly37*) [stop_gained]",stop_gained,c.109G>T,p.Gly37*,bright,171,6,,,,1,0,,,0.0005876704919401452,0.7565452165287062,171,6,likely_population_artifact,,False
OM429_005034,608876,"OM429_005034:608876(c.109G>T,p.Gly37*) [stop_gained]",stop_gained,c.109G>T,p.Gly37*,lab_L,171,6,,,,1,0,,,0.001637447068834939,0.6047147112954808,171,6,likely_population_artifact,,False
OM429_005034,608876,"OM429_005034:608876(c.109G>T,p.Gly37*) [stop_gained]",stop_gained,c.109G>T,p.Gly37*,lab_a,171,6,,,,1,0,,,0.0024347730615779982,0.5278271827755225,171,6,likely_population_artifact,,False
OM429_005034,608876,"OM429_005034:608876(c.109G>T,p.Gly37*) [stop_gained]",stop_gained,c.109G>T,p.Gly37*,lab_b,171,6,,,,1,0,,,0.00986007554722481,0.20307303780938143,171,6,likely_population_artifact,,False
OM429_005034,608877,"OM429_005034:608877(c.110G>A,p.Gly37Glu) [missense_variant]",missense_variant,c.110G>A,p.Gly37Glu,chroma,171,6,,,,1,0,,,9.933549946686462e-07,0.9898318827060523,171,6,likely_population_artifact,,False
OM429_005034,608877,"OM429_005034:608877(c.110G>A,p.Gly37Glu) [missense_variant]",missense_variant,c.110G>A,p.Gly37Glu,sat,171,6,,,,1,0,,,0.00019045232837897386,0.8599238082550066,171,6,likely_population_artifact,,False
OM429_005034,608877,"OM429_005034:608877(c.110G>A,p.Gly37Glu) [missense_variant]",missense_variant,c.110G>A,p.Gly37Glu,bright,171,6,,,,1,0,,,0.0015856645965335848,0.6104891533980099,171,6,likely_population_artifact,,False
OM429_005034,608877,"OM429_005034:608877(c.110G>A,p.Gly37Glu) [missense_variant]",missense_variant,c.110G>A,p.Gly37Glu,lab_L,171,6,,,,1,0,,,0.0048968960357578225,0.3703129698229347,171,6,likely_population_artifact,,False
OM429_005034,608877,"OM429_005034:608877(c.110G>A,p.Gly37Glu) [missense_variant]",missense_variant,c.110G>A,p.Gly37Glu,lab_a,171,6,,,,1,0,,,0.0002437755080667811,0.8417499705071921,171,6,likely_population_artifact,,False
OM429_005034,608877,"OM429_005034:608877(c.110G>A,p.Gly37Glu) [missense_variant]",missense_variant,c.110G>A,p.Gly37Glu,lab_b,171,6,,,,1,0,,,0.004146823224842617,0.40978680025605563,171,6,likely_population_artifact,,False
OM429_005034,608889,"OM429_005034:608889(c.122A>C,p.Asp41Ala) [missense_variant]",missense_variant,c.122A>C,p.Asp41Ala,chroma,171,6,,,,1,0,,,4.567179266038549e-05,0.9311365627780501,171,6,likely_population_artifact,,False
OM429_005034,608889,"OM429_005034:608889(c.122A>C,p.Asp41Ala) [missense_variant]",missense_variant,c.122A>C,p.Asp41Ala,sat,171,6,,,,1,0,,,0.00027408848847494856,0.8323356833002601,171,6,likely_population_artifact,,False
OM429_005034,608889,"OM429_005034:608889(c.122A>C,p.Asp41Ala) [missense_variant]",missense_variant,c.122A>C,p.Asp41Ala,bright,171,6,,,,1,0,,,0.0005876704919401452,0.7565452165287062,171,6,likely_population_artifact,,False
OM429_005034,608889,"OM429_005034:608889(c.122A>C,p.Asp41Ala) [missense_variant]",missense_variant,c.122A>C,p.Asp41Ala,lab_L,171,6,,,,1,0,,,0.001637447068834939,0.6047147112954808,171,6,likely_population_artifact,,False
OM429_005034,608889,"OM429_005034:608889(c.122A>C,p.Asp41Ala) [missense_variant]",missense_variant,c.122A>C,p.Asp41Ala,lab_a,171,6,,,,1,0,,,0.0024347730615779982,0.5278271827755225,171,6,likely_population_artifact,,False
OM429_005034,608889,"OM429_005034:608889(c.122A>C,p.Asp41Ala) [missense_variant]",missense_variant,c.122A>C,p.Asp41Ala,lab_b,171,6,,,,1,0,,,0.00986007554722481,0.20307303780938143,171,6,likely_population_artifact,,False
OM429_005034,608906,"OM429_005034:608906(c.139G>A,p.Ala47Thr) [missense_variant]",missense_variant,c.139G>A,p.Ala47Thr,chroma,171,1,,,,0,0,,,8.436191318231476e-05,0.9065057681657515,171,6,likely_population_artifact,,False
OM429_005034,608906,"OM429_005034:608906(c.139G>A,p.Ala47Thr) [missense_variant]",missense_variant,c.139G>A,p.Ala47Thr,sat,171,1,,,,0,0,,,0.0001455728599408369,0.8773872057656021,171,6,likely_population_artifact,,False
OM429_005034,608906,"OM429_005034:608906(c.139G>A,p.Ala47Thr) [missense_variant]",missense_variant,c.139G>A,p.Ala47Thr,bright,171,1,,,,0,0,,,0.0010193104985382457,0.6830227018833289,171,6,likely_population_artifact,,False
OM429_005034,608906,"OM429_005034:608906(c.139G>A,p.Ala47Thr) [missense_variant]",missense_variant,c.139G>A,p.Ala47Thr,lab_L,171,1,,,,0,0,,,0.0024340335120598866,0.5278899451648813,171,6,likely_population_artifact,,False
OM429_005034,608906,"OM429_005034:608906(c.139G>A,p.Ala47Thr) [missense_variant]",missense_variant,c.139G>A,p.Ala47Thr,lab_a,171,1,,,,0,0,,,7.317601762099038e-05,0.9128982378371623,171,6,likely_population_artifact,,False
OM429_005034,608906,"OM429_005034:608906(c.139G>A,p.Ala47Thr) [missense_variant]",missense_variant,c.139G>A,p.Ala47Thr,lab_b,171,1,,,,0,0,,,2.4798366643986065e-05,0.9492284075805898,171,6,likely_population_artifact,,False
OM429_005034,608921,"OM429_005034:608921(c.154A>T,p.Ile52Phe) [missense_variant]",missense_variant,c.154A>T,p.Ile52Phe,chroma,171,1,,,,0,0,,,0.0023300709901933475,0.5368479125125332,171,6,likely_population_artifact,,False
OM429_005034,608921,"OM429_005034:608921(c.154A>T,p.Ile52Phe) [missense_variant]",missense_variant,c.154A>T,p.Ile52Phe,sat,171,1,,,,0,0,,,0.0019901480564732763,0.5681931455941135,171,6,likely_population_artifact,,False
OM429_005034,608921,"OM429_005034:608921(c.154A>T,p.Ile52Phe) [missense_variant]",missense_variant,c.154A>T,p.Ile52Phe,bright,171,1,,,,0,0,,,0.007805329197195811,0.25767855889954155,171,6,likely_population_artifact,,False
OM429_005034,608921,"OM429_005034:608921(c.154A>T,p.Ile52Phe) [missense_variant]",missense_variant,c.154A>T,p.Ile52Phe,lab_L,171,1,,,,0,0,,,0.0027390701051865137,0.5030696482748344,171,6,likely_population_artifact,,False
OM429_005034,608921,"OM429_005034:608921(c.154A>T,p.Ile52Phe) [missense_variant]",missense_variant,c.154A>T,p.Ile52Phe,lab_a,171,1,,,,0,0,,,0.0014769116697648688,0.6230134966120855,171,6,likely_population_artifact,,False
OM429_005034,608921,"OM429_005034:608921(c.154A>T,p.Ile52Phe) [missense_variant]",missense_variant,c.154A>T,p.Ile52Phe,lab_b,171,1,,,,0,0,,,0.0017824852634271595,0.5891345334757385,171,6,likely_population_artifact,,False
OM429_005034,608958,"OM429_005034:608958(c.191C>T,p.Pro64Leu) [missense_variant]",missense_variant,c.191C>T,p.Pro64Leu,chroma,171,5,,,,1,0,,,0.04648990703582211,0.00527228566778078,171,6,likely_population_artifact,,False
OM429_005034,608958,"OM429_005034:608958(c.191C>T,p.Pro64Leu) [missense_variant]",missense_variant,c.191C>T,p.Pro64Leu,sat,171,5,,,,1,0,,,0.04606081236018604,0.0054914866302435235,171,6,likely_population_artifact,,False
OM429_005034,608958,"OM429_005034:608958(c.191C>T,p.Pro64Leu) [missense_variant]",missense_variant,c.191C>T,p.Pro64Leu,bright,171,5,,,,1,0,,,0.0359789095010526,0.014378491336484897,171,6,likely_population_artifact,,False
OM429_005034,608958,"OM429_005034:608958(c.191C>T,p.Pro64Leu) [missense_variant]",missense_variant,c.191C>T,p.Pro64Leu,lab_L,171,5,,,,1,0,,,0.0002034648894880561,0.8552681988346476,171,6,likely_population_artifact,,False
OM429_005034,608958,"OM429_005034:608958(c.191C>T,p.Pro64Leu) [missense_variant]",missense_variant,c.191C>T,p.Pro64Leu,lab_a,171,5,,,,1,0,,,0.04018177427933254,0.009611819088421743,171,6,likely_population_artifact,,False
OM429_005034,608958,"OM429_005034:608958(c.191C>T,p.Pro64Leu) [missense_variant]",missense_variant,c.191C>T,p.Pro64Leu,lab_b,171,5,,,,1,0,,,0.022212988536736127,0.05530699510738162,171,6,likely_population_artifact,,False
OM429_005034,609248,"OM429_005034:609248(c.481A>C,p.Thr161Pro) [missense_variant]",missense_variant,c.481A>C,p.Thr161Pro,chroma,171,0,,,,0,0,,,0.0,,171,6,likely_population_artifact,,False
OM429_005034,609248,"OM429_005034:609248(c.481A>C,p.Thr161Pro) [missense_variant]",missense_variant,c.481A>C,p.Thr161Pro,sat,171,0,,,,0,0,,,0.0,,171,6,likely_population_artifact,,False
OM429_005034,609248,"OM429_005034:609248(c.481A>C,p.Thr161Pro) [missense_variant]",missense_variant,c.481A>C,p.Thr161Pro,bright,171,0,,,,0,0,,,-1.4877999574696852e-16,,171,6,likely_population_artifact,,False
OM429_005034,609248,"OM429_005034:609248(c.481A>C,p.Thr161Pro) [missense_variant]",missense_variant,c.481A>C,p.Thr161Pro,lab_L,171,0,,,,0,0,,,0.0,,171,6,likely_population_artifact,,False
OM429_005034,609248,"OM429_005034:609248(c.481A>C,p.Thr161Pro) [missense_variant]",missense_variant,c.481A>C,p.Thr161Pro,lab_a,171,0,,,,0,0,,,0.0,,171,6,likely_population_artifact,,False
OM429_005034,609248,"OM429_005034:609248(c.481A>C,p.Thr161Pro) [missense_variant]",missense_variant,c.481A>C,p.Thr161Pro,lab_b,171,0,,,,0,0,,,0.0,,171,6,likely_population_artifact,,False
OM429_005034,609483,"OM429_005034:609483(c.716G>A,p.Arg239Lys) [missense_variant]",missense_variant,c.716G>A,p.Arg239Lys,chroma,171,0,,,,0,0,,,0.0,,171,6,likely_population_artifact,,False
OM429_005034,609483,"OM429_005034:609483(c.716G>A,p.Arg239Lys) [missense_variant]",missense_variant,c.716G>A,p.Arg239Lys,sat,171,0,,,,0,0,,,0.0,,171,6,likely_population_artifact,,False
OM429_005034,609483,"OM429_005034:609483(c.716G>A,p.Arg239Lys) [missense_variant]",missense_variant,c.716G>A,p.Arg239Lys,bright,171,0,,,,0,0,,,-1.4877999574696852e-16,,171,6,likely_population_artifact,,False
OM429_005034,609483,"OM429_005034:609483(c.716G>A,p.Arg239Lys) [missense_variant]",missense_variant,c.716G>A,p.Arg239Lys,lab_L,171,0,,,,0,0,,,0.0,,171,6,likely_population_artifact,,False
OM429_005034,609483,"OM429_005034:609483(c.716G>A,p.Arg239Lys) [missense_variant]",missense_variant,c.716G>A,p.Arg239Lys,lab_a,171,0,,,,0,0,,,0.0,,171,6,likely_population_artifact,,False
OM429_005034,609483,"OM429_005034:609483(c.716G>A,p.Arg239Lys) [missense_variant]",missense_variant,c.716G>A,p.Arg239Lys,lab_b,171,0,,,,0,0,,,0.0,,171,6,likely_population_artifact,,False
OM429_005034,609562,"OM429_005034:609562(c.795G>C,p.Glu265Asp) [missense_variant]",missense_variant,c.795G>C,p.Glu265Asp,chroma,171,0,,,,0,0,,,0.0,,171,6,likely_population_artifact,,False
OM429_005034,609562,"OM429_005034:609562(c.795G>C,p.Glu265Asp) [missense_variant]",missense_variant,c.795G>C,p.Glu265Asp,sat,171,0,,,,0,0,,,0.0,,171,6,likely_population_artifact,,False
OM429_005034,609562,"OM429_005034:609562(c.795G>C,p.Glu265Asp) [missense_variant]",missense_variant,c.795G>C,p.Glu265Asp,bright,171,0,,,,0,0,,,-1.4877999574696852e-16,,171,6,likely_population_artifact,,False
OM429_005034,609562,"OM429_005034:609562(c.795G>C,p.Glu265Asp) [missense_variant]",missense_variant,c.795G>C,p.Glu265Asp,lab_L,171,0,,,,0,0,,,0.0,,171,6,likely_population_artifact,,False
OM429_005034,609562,"OM429_005034:609562(c.795G>C,p.Glu265Asp) [missense_variant]",missense_variant,c.795G>C,p.Glu265Asp,lab_a,171,0,,,,0,0,,,0.0,,171,6,likely_population_artifact,,False
OM429_005034,609562,"OM429_005034:609562(c.795G>C,p.Glu265Asp) [missense_variant]",missense_variant,c.795G>C,p.Glu265Asp,lab_b,171,0,,,,0,0,,,0.0,,171,6,likely_population_artifact,,False
OM429_005034,610048,"OM429_005034:610048(c.1111T>G,p.Ser371Ala) [missense_variant]",missense_variant,c.1111T>G,p.Ser371Ala,chroma,171,1,,,,0,0,,,0.0023300709901933475,0.5368479125125332,171,6,likely_population_artifact,,False
OM429_005034,610048,"OM429_005034:610048(c.1111T>G,p.Ser371Ala) [missense_variant]",missense_variant,c.1111T>G,p.Ser371Ala,sat,171,1,,,,0,0,,,0.0019901480564732763,0.5681931455941135,171,6,likely_population_artifact,,False
OM429_005034,610048,"OM429_005034:610048(c.1111T>G,p.Ser371Ala) [missense_variant]",missense_variant,c.1111T>G,p.Ser371Ala,bright,171,1,,,,0,0,,,0.007805329197195811,0.25767855889954155,171,6,likely_population_artifact,,False
OM429_005034,610048,"OM429_005034:610048(c.1111T>G,p.Ser371Ala) [missense_variant]",missense_variant,c.1111T>G,p.Ser371Ala,lab_L,171,1,,,,0,0,,,0.0027390701051865137,0.5030696482748344,171,6,likely_population_artifact,,False
OM429_005034,610048,"OM429_005034:610048(c.1111T>G,p.Ser371Ala) [missense_variant]",missense_variant,c.1111T>G,p.Ser371Ala,lab_a,171,1,,,,0,0,,,0.0014769116697648688,0.6230134966120855,171,6,likely_population_artifact,,False
OM429_005034,610048,"OM429_005034:610048(c.1111T>G,p.Ser371Ala) [missense_variant]",missense_variant,c.1111T>G,p.Ser371Ala,lab_b,171,1,,,,0,0,,,0.0017824852634271595,0.5891345334757385,171,6,likely_population_artifact,,False
OM429_005034,610169,"OM429_005034:610169(c.1232C>T,p.Ser411Leu) [missense_variant]",missense_variant,c.1232C>T,p.Ser411Leu,chroma,171,90,,,,1,0,,,0.011844151202111769,0.1627924616668095,171,6,likely_population_artifact,,False
OM429_005034,610169,"OM429_005034:610169(c.1232C>T,p.Ser411Leu) [missense_variant]",missense_variant,c.1232C>T,p.Ser411Leu,sat,171,90,,,,1,0,,,0.004824893712302751,0.37386315270249804,171,6,likely_population_artifact,,False
OM429_005034,610169,"OM429_005034:610169(c.1232C>T,p.Ser411Leu) [missense_variant]",missense_variant,c.1232C>T,p.Ser411Leu,bright,171,90,,,,1,0,,,0.010485685352190214,0.18924648426712892,171,6,likely_population_artifact,,False
OM429_005034,610169,"OM429_005034:610169(c.1232C>T,p.Ser411Leu) [missense_variant]",missense_variant,c.1232C>T,p.Ser411Leu,lab_L,171,90,,,,1,0,,,0.00010987252612652139,0.8933753457421993,171,6,likely_population_artifact,,False
OM429_005034,610169,"OM429_005034:610169(c.1232C>T,p.Ser411Leu) [missense_variant]",missense_variant,c.1232C>T,p.Ser411Leu,lab_a,171,90,,,,1,0,,,0.02130214190882975,0.06061167255169809,171,6,likely_population_artifact,,False
OM429_005034,610169,"OM429_005034:610169(c.1232C>T,p.Ser411Leu) [missense_variant]",missense_variant,c.1232C>T,p.Ser411Leu,lab_b,171,90,,,,1,0,,,0.007835249660910273,0.2567647717997061,171,6,likely_population_artifact,,False
OM429_005034,610186,"OM429_005034:610186(c.1249G>A,p.Ala417Thr) [missense_variant]",missense_variant,c.1249G>A,p.Ala417Thr,chroma,171,0,,,,0,0,,,0.0,,171,6,likely_population_artifact,,False
OM429_005034,610186,"OM429_005034:610186(c.1249G>A,p.Ala417Thr) [missense_variant]",missense_variant,c.1249G>A,p.Ala417Thr,sat,171,0,,,,0,0,,,0.0,,171,6,likely_population_artifact,,False
OM429_005034,610186,"OM429_005034:610186(c.1249G>A,p.Ala417Thr) [missense_variant]",missense_variant,c.1249G>A,p.Ala417Thr,bright,171,0,,,,0,0,,,-1.4877999574696852e-16,,171,6,likely_population_artifact,,False
OM429_005034,610186,"OM429_005034:610186(c.1249G>A,p.Ala417Thr) [missense_variant]",missense_variant,c.1249G>A,p.Ala417Thr,lab_L,171,0,,,,0,0,,,0.0,,171,6,likely_population_artifact,,False
OM429_005034,610186,"OM429_005034:610186(c.1249G>A,p.Ala417Thr) [missense_variant]",missense_variant,c.1249G>A,p.Ala417Thr,lab_a,171,0,,,,0,0,,,0.0,,171,6,likely_population_artifact,,False
OM429_005034,610186,"OM429_005034:610186(c.1249G>A,p.Ala417Thr) [missense_variant]",missense_variant,c.1249G>A,p.Ala417Thr,lab_b,171,0,,,,0,0,,,0.0,,171,6,likely_population_artifact,,False
OM429_005034,610202,"OM429_005034:610202(c.1265C>A,p.Pro422Gln) [missense_variant]",missense_variant,c.1265C>A,p.Pro422Gln,chroma,171,0,,,,0,0,,,0.0,,171,6,likely_population_artifact,,False
OM429_005034,610202,"OM429_005034:610202(c.1265C>A,p.Pro422Gln) [missense_variant]",missense_variant,c.1265C>A,p.Pro422Gln,sat,171,0,,,,0,0,,,0.0,,171,6,likely_population_artifact,,False
OM429_005034,610202,"OM429_005034:610202(c.1265C>A,p.Pro422Gln) [missense_variant]",missense_variant,c.1265C>A,p.Pro422Gln,bright,171,0,,,,0,0,,,-1.4877999574696852e-16,,171,6,likely_population_artifact,,False
OM429_005034,610202,"OM429_005034:610202(c.1265C>A,p.Pro422Gln) [missense_variant]",missense_variant,c.1265C>A,p.Pro422Gln,lab_L,171,0,,,,0,0,,,0.0,,171,6,likely_population_artifact,,False
OM429_005034,610202,"OM429_005034:610202(c.1265C>A,p.Pro422Gln) [missense_variant]",missense_variant,c.1265C>A,p.Pro422Gln,lab_a,171,0,,,,0,0,,,0.0,,171,6,likely_population_artifact,,False
OM429_005034,610202,"OM429_005034:610202(c.1265C>A,p.Pro422Gln) [missense_variant]",missense_variant,c.1265C>A,p.Pro422Gln,lab_b,171,0,,,,0,0,,,0.0,,171,6,likely_population_artifact,,False
OM429_005034,610208,"OM429_005034:610208(c.1271C>G,p.Ala424Gly) [missense_variant]",missense_variant,c.1271C>G,p.Ala424Gly,chroma,171,0,,,,0,0,,,0.0,,171,6,likely_population_artifact,,False
OM429_005034,610208,"OM429_005034:610208(c.1271C>G,p.Ala424Gly) [missense_variant]",missense_variant,c.1271C>G,p.Ala424Gly,sat,171,0,,,,0,0,,,0.0,,171,6,likely_population_artifact,,False
OM429_005034,610208,"OM429_005034:610208(c.1271C>G,p.Ala424Gly) [missense_variant]",missense_variant,c.1271C>G,p.Ala424Gly,bright,171,0,,,,0,0,,,-1.4877999574696852e-16,,171,6,likely_population_artifact,,False
OM429_005034,610208,"OM429_005034:610208(c.1271C>G,p.Ala424Gly) [missense_variant]",missense_variant,c.1271C>G,p.Ala424Gly,lab_L,171,0,,,,0,0,,,0.0,,171,6,likely_population_artifact,,False
OM429_005034,610208,"OM429_005034:610208(c.1271C>G,p.Ala424Gly) [missense_variant]",missense_variant,c.1271C>G,p.Ala424Gly,lab_a,171,0,,,,0,0,,,0.0,,171,6,likely_population_artifact,,False
OM429_005034,610208,"OM429_005034:610208(c.1271C>G,p.Ala424Gly) [missense_variant]",missense_variant,c.1271C>G,p.Ala424Gly,lab_b,171,0,,,,0,0,,,0.0,,171,6,likely_population_artifact,,False
OM429_005034,610256,"OM429_005034:610256(c.1319T>A,p.Val440Asp) [missense_variant]",missense_variant,c.1319T>A,p.Val440Asp,chroma,171,6,,,,1,0,,,0.036235065163634,0.01402876735224741,171,6,likely_population_artifact,,False
OM429_005034,610256,"OM429_005034:610256(c.1319T>A,p.Val440Asp) [missense_variant]",missense_variant,c.1319T>A,p.Val440Asp,sat,171,6,,,,1,0,,,0.036465822797696446,0.013721136524675262,171,6,likely_population_artifact,,False
OM429_005034,610256,"OM429_005034:610256(c.1319T>A,p.Val440Asp) [missense_variant]",missense_variant,c.1319T>A,p.Val440Asp,bright,171,6,,,,1,0,,,0.021645713160774623,0.058550464918589645,171,6,likely_population_artifact,,False
OM429_005034,610256,"OM429_005034:610256(c.1319T>A,p.Val440Asp) [missense_variant]",missense_variant,c.1319T>A,p.Val440Asp,lab_L,171,6,,,,1,0,,,0.0013957997207354076,0.6327322453599016,171,6,likely_population_artifact,,False
OM429_005034,610256,"OM429_005034:610256(c.1319T>A,p.Val440Asp) [missense_variant]",missense_variant,c.1319T>A,p.Val440Asp,lab_a,171,6,,,,1,0,,,0.03132114084540633,0.022548124230004716,171,6,likely_population_artifact,,False
OM429_005034,610256,"OM429_005034:610256(c.1319T>A,p.Val440Asp) [missense_variant]",missense_variant,c.1319T>A,p.Val440Asp,lab_b,171,6,,,,1,0,,,0.015831062366670815,0.1062514626597865,171,6,likely_population_artifact,,False
OM429_001521,502725,"OM429_001521:502725(c.1604G>T,p.Ser535Ile) [missense_variant]",missense_variant,c.1604G>T,p.Ser535Ile,chroma,171,5,,,,1,0,,,0.0010411724232280081,0.6798264917370576,171,6,likely_population_artifact,,False
OM429_001521,502725,"OM429_001521:502725(c.1604G>T,p.Ser535Ile) [missense_variant]",missense_variant,c.1604G>T,p.Ser535Ile,sat,171,5,,,,1,0,,,3.606717457502577e-05,0.9387884672402755,171,6,likely_population_artifact,,False
OM429_001521,502725,"OM429_001521:502725(c.1604G>T,p.Ser535Ile) [missense_variant]",missense_variant,c.1604G>T,p.Ser535Ile,bright,171,5,,,,1,0,,,0.0004334001495741468,0.7900646675888732,171,6,likely_population_artifact,,False
OM429_001521,502725,"OM429_001521:502725(c.1604G>T,p.Ser535Ile) [missense_variant]",missense_variant,c.1604G>T,p.Ser535Ile,lab_L,171,5,,,,1,0,,,0.00022299633000031764,0.8485601796997964,171,6,likely_population_artifact,,False
OM429_001521,502725,"OM429_001521:502725(c.1604G>T,p.Ser535Ile) [missense_variant]",missense_variant,c.1604G>T,p.Ser535Ile,lab_a,171,5,,,,1,0,,,0.005127598495892524,0.35924690554122296,171,6,likely_population_artifact,,False
OM429_001521,502725,"OM429_001521:502725(c.1604G>T,p.Ser535Ile) [missense_variant]",missense_variant,c.1604G>T,p.Ser535Ile,lab_b,171,5,,,,1,0,,,0.0066691523987533925,0.2955721360100221,171,6,likely_population_artifact,,False
OM429_001521,502779,"OM429_001521:502779(c.1550C>G,p.Pro517Arg) [missense_variant]",missense_variant,c.1550C>G,p.Pro517Arg,chroma,171,4,,,,1,0,,,0.0013046106602158853,0.6440811866795978,171,6,likely_population_artifact,,False
OM429_001521,502779,"OM429_001521:502779(c.1550C>G,p.Pro517Arg) [missense_variant]",missense_variant,c.1550C>G,p.Pro517Arg,sat,171,4,,,,1,0,,,0.0007699802950170381,0.7226783634048479,171,6,likely_population_artifact,,False
OM429_001521,502779,"OM429_001521:502779(c.1550C>G,p.Pro517Arg) [missense_variant]",missense_variant,c.1550C>G,p.Pro517Arg,bright,171,4,,,,1,0,,,0.01684678701501698,0.09557099704162486,171,6,likely_population_artifact,,False
OM429_001521,502779,"OM429_001521:502779(c.1550C>G,p.Pro517Arg) [missense_variant]",missense_variant,c.1550C>G,p.Pro517Arg,lab_L,171,4,,,,1,0,,,0.018715127825225986,0.07882573090627679,171,6,likely_population_artifact,,False
OM429_001521,502779,"OM429_001521:502779(c.1550C>G,p.Pro517Arg) [missense_variant]",missense_variant,c.1550C>G,p.Pro517Arg,lab_a,171,4,,,,1,0,,,0.0024137610976812975,0.5296155786648814,171,6,likely_population_artifact,,False
OM429_001521,502779,"OM429_001521:502779(c.1550C>G,p.Pro517Arg) [missense_variant]",missense_variant,c.1550C>G,p.Pro517Arg,lab_b,171,4,,,,1,0,,,0.000555698467877435,0.7630583609799175,171,6,likely_population_artifact,,False
OM429_001521,502845,"OM429_001521:502845(c.1484G>A,p.Arg495Gln) [missense_variant]",missense_variant,c.1484G>A,p.Arg495Gln,chroma,171,0,,,,0,0,,,0.0,,171,6,likely_population_artifact,,False
OM429_001521,502845,"OM429_001521:502845(c.1484G>A,p.Arg495Gln) [missense_variant]",missense_variant,c.1484G>A,p.Arg495Gln,sat,171,0,,,,0,0,,,0.0,,171,6,likely_population_artifact,,False
OM429_001521,502845,"OM429_001521:502845(c.1484G>A,p.Arg495Gln) [missense_variant]",missense_variant,c.1484G>A,p.Arg495Gln,bright,171,0,,,,0,0,,,-1.4877999574696852e-16,,171,6,likely_population_artifact,,False
OM429_001521,502845,"OM429_001521:502845(c.1484G>A,p.Arg495Gln) [missense_variant]",missense_variant,c.1484G>A,p.Arg495Gln,lab_L,171,0,,,,0,0,,,0.0,,171,6,likely_population_artifact,,False
OM429_001521,502845,"OM429_001521:502845(c.1484G>A,p.Arg495Gln) [missense_variant]",missense_variant,c.1484G>A,p.Arg495Gln,lab_a,171,0,,,,0,0,,,0.0,,171,6,likely_population_artifact,,False
OM429_001521,502845,"OM429_001521:502845(c.1484G>A,p.Arg495Gln) [missense_variant]",missense_variant,c.1484G>A,p.Arg495Gln,lab_b,171,0,,,,0,0,,,0.0,,171,6,likely_population_artifact,,False
OM429_001521,503293,"OM429_001521:503293(c.1036T>A,p.Ser346Thr) [missense_variant]",missense_variant,c.1036T>A,p.Ser346Thr,chroma,171,0,,,,0,0,,,0.0,,171,6,likely_population_artifact,,False
OM429_001521,503293,"OM429_001521:503293(c.1036T>A,p.Ser346Thr) [missense_variant]",missense_variant,c.1036T>A,p.Ser346Thr,sat,171,0,,,,0,0,,,0.0,,171,6,likely_population_artifact,,False
OM429_001521,503293,"OM429_001521:503293(c.1036T>A,p.Ser346Thr) [missense_variant]",missense_variant,c.1036T>A,p.Ser346Thr,bright,171,0,,,,0,0,,,-1.4877999574696852e-16,,171,6,likely_population_artifact,,False
OM429_001521,503293,"OM429_001521:503293(c.1036T>A,p.Ser346Thr) [missense_variant]",missense_variant,c.1036T>A,p.Ser346Thr,lab_L,171,0,,,,0,0,,,0.0,,171,6,likely_population_artifact,,False
OM429_001521,503293,"OM429_001521:503293(c.1036T>A,p.Ser346Thr) [missense_variant]",missense_variant,c.1036T>A,p.Ser346Thr,lab_a,171,0,,,,0,0,,,0.0,,171,6,likely_population_artifact,,False
OM429_001521,503293,"OM429_001521:503293(c.1036T>A,p.Ser346Thr) [missense_variant]",missense_variant,c.1036T>A,p.Ser346Thr,lab_b,171,0,,,,0,0,,,0.0,,171,6,likely_population_artifact,,False
OM429_001521,503422,"OM429_001521:503422(c.907C>T,p.Pro303Ser) [missense_variant]",missense_variant,c.907C>T,p.Pro303Ser,chroma,171,4,,,,1,0,,,0.009876539801197059,0.20269440287126428,171,6,likely_population_artifact,,False
OM429_001521,503422,"OM429_001521:503422(c.907C>T,p.Pro303Ser) [missense_variant]",missense_variant,c.907C>T,p.Pro303Ser,sat,171,4,,,,1,0,,,0.009432770082516778,0.21319614847406254,171,6,likely_population_artifact,,False
OM429_001521,503422,"OM429_001521:503422(c.907C>T,p.Pro303Ser) [missense_variant]",missense_variant,c.907C>T,p.Pro303Ser,bright,171,4,,,,1,0,,,0.010316098213023914,0.19288347042203013,171,6,likely_population_artifact,,False
OM429_001521,503422,"OM429_001521:503422(c.907C>T,p.Pro303Ser) [missense_variant]",missense_variant,c.907C>T,p.Pro303Ser,lab_L,171,4,,,,1,0,,,0.002290951390900713,0.5402901632157157,171,6,likely_population_artifact,,False
OM429_001521,503422,"OM429_001521:503422(c.907C>T,p.Pro303Ser) [missense_variant]",missense_variant,c.907C>T,p.Pro303Ser,lab_a,171,4,,,,1,0,,,0.013264683999560746,0.13951448879757872,171,6,likely_population_artifact,,False
OM429_001521,503422,"OM429_001521:503422(c.907C>T,p.Pro303Ser) [missense_variant]",missense_variant,c.907C>T,p.Pro303Ser,lab_b,171,4,,,,1,0,,,0.0009645532704792236,0.6912074495554316,171,6,likely_population_artifact,,False
OM429_001521,504383,"OM429_001521:504383(c.107C>G,p.Thr36Ser) [missense_variant]",missense_variant,c.107C>G,p.Thr36Ser,chroma,171,6,,,,1,0,,,0.00011796321948029179,0.8895433810976914,171,6,likely_population_artifact,,False
OM429_001521,504383,"OM429_001521:504383(c.107C>G,p.Thr36Ser) [missense_variant]",missense_variant,c.107C>G,p.Thr36Ser,sat,171,6,,,,1,0,,,6.149855059955934e-05,0.9201248416591571,171,6,likely_population_artifact,,False
OM429_001521,504383,"OM429_001521:504383(c.107C>G,p.Thr36Ser) [missense_variant]",missense_variant,c.107C>G,p.Thr36Ser,bright,171,6,,,,1,0,,,2.933117703856753e-05,0.9447896028846058,171,6,likely_population_artifact,,False
OM429_001521,504383,"OM429_001521:504383(c.107C>G,p.Thr36Ser) [missense_variant]",missense_variant,c.107C>G,p.Thr36Ser,lab_L,171,6,,,,1,0,,,0.0006746588045024385,0.7397522952466054,171,6,likely_population_artifact,,False
OM429_001521,504383,"OM429_001521:504383(c.107C>G,p.Thr36Ser) [missense_variant]",missense_variant,c.107C>G,p.Thr36Ser,lab_a,171,6,,,,1,0,,,0.0020638599227247394,0.5611067633183197,171,6,likely_population_artifact,,False
OM429_001521,504383,"OM429_001521:504383(c.107C>G,p.Thr36Ser) [missense_variant]",missense_variant,c.107C>G,p.Thr36Ser,lab_b,171,6,,,,1,0,,,0.004436760176032552,0.39384805855830624,171,6,likely_population_artifact,,False
OM429_001521,504450,"OM429_001521:504450(c.40T>A,p.Ser14Thr) [missense_variant]",missense_variant,c.40T>A,p.Ser14Thr,chroma,171,9,,,,1,0,,,0.009908184779002361,0.20196896466912706,171,6,likely_population_artifact,,False
OM429_001521,504450,"OM429_001521:504450(c.40T>A,p.Ser14Thr) [missense_variant]",missense_variant,c.40T>A,p.Ser14Thr,sat,171,9,,,,1,0,,,0.012639425173461661,0.14926622914989593,171,6,likely_population_artifact,,False
OM429_001521,504450,"OM429_001521:504450(c.40T>A,p.Ser14Thr) [missense_variant]",missense_variant,c.40T>A,p.Ser14Thr,bright,171,9,,,,1,0,,,0.0011170463629458008,0.6690289661248285,171,6,likely_population_artifact,,False
OM429_001521,504450,"OM429_001521:504450(c.40T>A,p.Ser14Thr) [missense_variant]",missense_variant,c.40T>A,p.Ser14Thr,lab_L,171,9,,,,1,0,,,0.005208939157917134,0.3554534840310745,171,6,likely_population_artifact,,False
OM429_001521,504450,"OM429_001521:504450(c.40T>A,p.Ser14Thr) [missense_variant]",missense_variant,c.40T>A,p.Ser14Thr,lab_a,171,9,,,,1,0,,,0.0050945000763983435,0.3608063374313043,171,6,likely_population_artifact,,False
OM429_001521,504450,"OM429_001521:504450(c.40T>A,p.Ser14Thr) [missense_variant]",missense_variant,c.40T>A,p.Ser14Thr,lab_b,171,9,,,,1,0,,,0.008725294491316253,0.23129895485247565,171,6,likely_population_artifact,,False
OM429_000065,207043,"OM429_000065:207043(c.13A>G,p.Lys5Glu) [missense_variant]",missense_variant,c.13A>G,p.Lys5Glu,chroma,171,0,,,,0,0,,,0.0,,171,6,likely_population_artifact,,False
OM429_000065,207043,"OM429_000065:207043(c.13A>G,p.Lys5Glu) [missense_variant]",missense_variant,c.13A>G,p.Lys5Glu,sat,171,0,,,,0,0,,,0.0,,171,6,likely_population_artifact,,False
OM429_000065,207043,"OM429_000065:207043(c.13A>G,p.Lys5Glu) [missense_variant]",missense_variant,c.13A>G,p.Lys5Glu,bright,171,0,,,,0,0,,,-1.4877999574696852e-16,,171,6,likely_population_artifact,,False
OM429_000065,207043,"OM429_000065:207043(c.13A>G,p.Lys5Glu) [missense_variant]",missense_variant,c.13A>G,p.Lys5Glu,lab_L,171,0,,,,0,0,,,0.0,,171,6,likely_population_artifact,,False
OM429_000065,207043,"OM429_000065:207043(c.13A>G,p.Lys5Glu) [missense_variant]",missense_variant,c.13A>G,p.Lys5Glu,lab_a,171,0,,,,0,0,,,0.0,,171,6,likely_population_artifact,,False
OM429_000065,207043,"OM429_000065:207043(c.13A>G,p.Lys5Glu) [missense_variant]",missense_variant,c.13A>G,p.Lys5Glu,lab_b,171,0,,,,0,0,,,0.0,,171,6,likely_population_artifact,,False
OM429_000065,207528,"OM429_000065:207528(c.143A>G,p.Asp48Gly) [missense_variant]",missense_variant,c.143A>G,p.Asp48Gly,chroma,171,0,,,,0,0,,,0.0,,171,6,likely_population_artifact,,False
OM429_000065,207528,"OM429_000065:207528(c.143A>G,p.Asp48Gly) [missense_variant]",missense_variant,c.143A>G,p.Asp48Gly,sat,171,0,,,,0,0,,,0.0,,171,6,likely_population_artifact,,False
OM429_000065,207528,"OM429_000065:207528(c.143A>G,p.Asp48Gly) [missense_variant]",missense_variant,c.143A>G,p.Asp48Gly,bright,171,0,,,,0,0,,,-1.4877999574696852e-16,,171,6,likely_population_artifact,,False
OM429_000065,207528,"OM429_000065:207528(c.143A>G,p.Asp48Gly) [missense_variant]",missense_variant,c.143A>G,p.Asp48Gly,lab_L,171,0,,,,0,0,,,0.0,,171,6,likely_population_artifact,,False
OM429_000065,207528,"OM429_000065:207528(c.143A>G,p.Asp48Gly) [missense_variant]",missense_variant,c.143A>G,p.Asp48Gly,lab_a,171,0,,,,0,0,,,0.0,,171,6,likely_population_artifact,,False
OM429_000065,207528,"OM429_000065:207528(c.143A>G,p.Asp48Gly) [missense_variant]",missense_variant,c.143A>G,p.Asp48Gly,lab_b,171,0,,,,0,0,,,0.0,,171,6,likely_population_artifact,,False
OM429_000065,208475,"OM429_000065:208475(c.745G>A,p.Gly249Ser) [missense_variant]",missense_variant,c.745G>A,p.Gly249Ser,chroma,171,5,,,,1,0,,,0.001258956563651657,0.6499444971075439,171,6,likely_population_artifact,,False
OM429_000065,208475,"OM429_000065:208475(c.745G>A,p.Gly249Ser) [missense_variant]",missense_variant,c.745G>A,p.Gly249Ser,sat,171,5,,,,1,0,,,0.0009429648313497127,0.6945081976911422,171,6,likely_population_artifact,,False
OM429_000065,208475,"OM429_000065:208475(c.745G>A,p.Gly249Ser) [missense_variant]",missense_variant,c.745G>A,p.Gly249Ser,bright,171,5,,,,1,0,,,0.00011206289089748937,0.8923241353973379,171,6,likely_population_artifact,,False
OM429_000065,208475,"OM429_000065:208475(c.745G>A,p.Gly249Ser) [missense_variant]",missense_variant,c.745G>A,p.Gly249Ser,lab_L,171,5,,,,1,0,,,0.0012653729466720982,0.6491127824991987,171,6,likely_population_artifact,,False
OM429_000065,208475,"OM429_000065:208475(c.745G>A,p.Gly249Ser) [missense_variant]",missense_variant,c.745G>A,p.Gly249Ser,lab_a,171,5,,,,1,0,,,0.0018301054584495987,0.5841973502988363,171,6,likely_population_artifact,,False
OM429_000065,208475,"OM429_000065:208475(c.745G>A,p.Gly249Ser) [missense_variant]",missense_variant,c.745G>A,p.Gly249Ser,lab_b,171,5,,,,1,0,,,0.002229790741358447,0.545753525298248,171,6,likely_population_artifact,,False
OM429_000065,208526,"OM429_000065:208526(c.796A>G,p.Thr266Ala) [missense_variant]",missense_variant,c.796A>G,p.Thr266Ala,chroma,171,0,,,,0,0,,,0.0,,171,6,likely_population_artifact,,False
OM429_000065,208526,"OM429_000065:208526(c.796A>G,p.Thr266Ala) [missense_variant]",missense_variant,c.796A>G,p.Thr266Ala,sat,171,0,,,,0,0,,,0.0,,171,6,likely_population_artifact,,False
OM429_000065,208526,"OM429_000065:208526(c.796A>G,p.Thr266Ala) [missense_variant]",missense_variant,c.796A>G,p.Thr266Ala,bright,171,0,,,,0,0,,,-1.4877999574696852e-16,,171,6,likely_population_artifact,,False
OM429_000065,208526,"OM429_000065:208526(c.796A>G,p.Thr266Ala) [missense_variant]",missense_variant,c.796A>G,p.Thr266Ala,lab_L,171,0,,,,0,0,,,0.0,,171,6,likely_population_artifact,,False
OM429_000065,208526,"OM429_000065:208526(c.796A>G,p.Thr266Ala) [missense_variant]",missense_variant,c.796A>G,p.Thr266Ala,lab_a,171,0,,,,0,0,,,0.0,,171,6,likely_population_artifact,,False
OM429_000065,208526,"OM429_000065:208526(c.796A>G,p.Thr266Ala) [missense_variant]",missense_variant,c.796A>G,p.Thr266Ala,lab_b,171,0,,,,0,0,,,0.0,,171,6,likely_population_artifact,,False
OM429_000065,208542,"OM429_000065:208542(c.812A>C,p.Asn271Thr) [missense_variant]",missense_variant,c.812A>C,p.Asn271Thr,chroma,171,1,,,,0,0,,,0.0010305882750739565,0.6813689510890335,171,6,likely_population_artifact,,False
OM429_000065,208542,"OM429_000065:208542(c.812A>C,p.Asn271Thr) [missense_variant]",missense_variant,c.812A>C,p.Asn271Thr,sat,171,1,,,,0,0,,,0.0008644490552824432,0.7068939242925754,171,6,likely_population_artifact,,False
OM429_000065,208542,"OM429_000065:208542(c.812A>C,p.Asn271Thr) [missense_variant]",missense_variant,c.812A>C,p.Asn271Thr,bright,171,1,,,,0,0,,,0.0002750454684503833,0.8320475530710335,171,6,likely_population_artifact,,False
OM429_000065,208542,"OM429_000065:208542(c.812A>C,p.Asn271Thr) [missense_variant]",missense_variant,c.812A>C,p.Asn271Thr,lab_L,171,1,,,,0,0,,,0.000506753329311143,0.7734377012879666,171,6,likely_population_artifact,,False
OM429_000065,208542,"OM429_000065:208542(c.812A>C,p.Asn271Thr) [missense_variant]",missense_variant,c.812A>C,p.Asn271Thr,lab_a,171,1,,,,0,0,,,0.000996536668057555,0.6863949965551316,171,6,likely_population_artifact,,False
OM429_000065,208542,"OM429_000065:208542(c.812A>C,p.Asn271Thr) [missense_variant]",missense_variant,c.812A>C,p.Asn271Thr,lab_b,171,1,,,,0,0,,,7.951019524416764e-05,0.9092221671159829,171,6,likely_population_artifact,,False
OM429_000065,208590,"OM429_000065:208590(c.860T>C,p.Leu287Ser) [missense_variant]",missense_variant,c.860T>C,p.Leu287Ser,chroma,171,1,,,,0,0,,,0.041262476886862826,0.00866957858327677,171,6,likely_population_artifact,,False
OM429_000065,208590,"OM429_000065:208590(c.860T>C,p.Leu287Ser) [missense_variant]",missense_variant,c.860T>C,p.Leu287Ser,sat,171,1,,,,0,0,,,0.040542515937361356,0.009286283263797063,171,6,likely_population_artifact,,False
OM429_000065,208590,"OM429_000065:208590(c.860T>C,p.Leu287Ser) [missense_variant]",missense_variant,c.860T>C,p.Leu287Ser,bright,171,1,,,,0,0,,,0.009522764275108855,0.21101574257776037,171,6,likely_population_artifact,,False
OM429_000065,208590,"OM429_000065:208590(c.860T>C,p.Leu287Ser) [missense_variant]",missense_variant,c.860T>C,p.Leu287Ser,lab_L,171,1,,,,0,0,,,0.014040553715208496,0.12838553686664608,171,6,likely_population_artifact,,False
OM429_000065,208590,"OM429_000065:208590(c.860T>C,p.Leu287Ser) [missense_variant]",missense_variant,c.860T>C,p.Leu287Ser,lab_a,171,1,,,,0,0,,,0.03404688395673467,0.01731941806844016,171,6,likely_population_artifact,,False
OM429_000065,208590,"OM429_000065:208590(c.860T>C,p.Leu287Ser) [missense_variant]",missense_variant,c.860T>C,p.Leu287Ser,lab_b,171,1,,,,0,0,,,0.02788932857650615,0.03151377860216571,171,6,likely_population_artifact,,False
OM429_000065,208638,"OM429_000065:208638(c.908G>A,p.Gly303Asp) [missense_variant]",missense_variant,c.908G>A,p.Gly303Asp,chroma,171,0,,,,0,0,,,0.0,,171,6,likely_population_artifact,,False
OM429_000065,208638,"OM429_000065:208638(c.908G>A,p.Gly303Asp) [missense_variant]",missense_variant,c.908G>A,p.Gly303Asp,sat,171,0,,,,0,0,,,0.0,,171,6,likely_population_artifact,,False
OM429_000065,208638,"OM429_000065:208638(c.908G>A,p.Gly303Asp) [missense_variant]",missense_variant,c.908G>A,p.Gly303Asp,bright,171,0,,,,0,0,,,-1.4877999574696852e-16,,171,6,likely_population_artifact,,False
OM429_000065,208638,"OM429_000065:208638(c.908G>A,p.Gly303Asp) [missense_variant]",missense_variant,c.908G>A,p.Gly303Asp,lab_L,171,0,,,,0,0,,,0.0,,171,6,likely_population_artifact,,False
OM429_000065,208638,"OM429_000065:208638(c.908G>A,p.Gly303Asp) [missense_variant]",missense_variant,c.908G>A,p.Gly303Asp,lab_a,171,0,,,,0,0,,,0.0,,171,6,likely_population_artifact,,False
OM429_000065,208638,"OM429_000065:208638(c.908G>A,p.Gly303Asp) [missense_variant]",missense_variant,c.908G>A,p.Gly303Asp,lab_b,171,0,,,,0,0,,,0.0,,171,6,likely_population_artifact,,False
OM429_000065,208779,"OM429_000065:208779(c.1049G>C,p.Gly350Ala) [missense_variant]",missense_variant,c.1049G>C,p.Gly350Ala,chroma,171,0,,,,0,0,,,0.0,,171,6,likely_population_artifact,,False
OM429_000065,208779,"OM429_000065:208779(c.1049G>C,p.Gly350Ala) [missense_variant]",missense_variant,c.1049G>C,p.Gly350Ala,sat,171,0,,,,0,0,,,0.0,,171,6,likely_population_artifact,,False
OM429_000065,208779,"OM429_000065:208779(c.1049G>C,p.Gly350Ala) [missense_variant]",missense_variant,c.1049G>C,p.Gly350Ala,bright,171,0,,,,0,0,,,-1.4877999574696852e-16,,171,6,likely_population_artifact,,False
OM429_000065,208779,"OM429_000065:208779(c.1049G>C,p.Gly350Ala) [missense_variant]",missense_variant,c.1049G>C,p.Gly350Ala,lab_L,171,0,,,,0,0,,,0.0,,171,6,likely_population_artifact,,False
OM429_000065,208779,"OM429_000065:208779(c.1049G>C,p.Gly350Ala) [missense_variant]",missense_variant,c.1049G>C,p.Gly350Ala,lab_a,171,0,,,,0,0,,,0.0,,171,6,likely_population_artifact,,False
OM429_000065,208779,"OM429_000065:208779(c.1049G>C,p.Gly350Ala) [missense_variant]",missense_variant,c.1049G>C,p.Gly350Ala,lab_b,171,0,,,,0,0,,,0.0,,171,6,likely_population_artifact,,False
OM429_000065,208812,"OM429_000065:208812(c.1082A>G,p.Gln361Arg) [missense_variant]",missense_variant,c.1082A>G,p.Gln361Arg,chroma,171,0,,,,0,0,,,0.0,,171,6,likely_population_artifact,,False
OM429_000065,208812,"OM429_000065:208812(c.1082A>G,p.Gln361Arg) [missense_variant]",missense_variant,c.1082A>G,p.Gln361Arg,sat,171,0,,,,0,0,,,0.0,,171,6,likely_population_artifact,,False
OM429_000065,208812,"OM429_000065:208812(c.1082A>G,p.Gln361Arg) [missense_variant]",missense_variant,c.1082A>G,p.Gln361Arg,bright,171,0,,,,0,0,,,-1.4877999574696852e-16,,171,6,likely_population_artifact,,False
OM429_000065,208812,"OM429_000065:208812(c.1082A>G,p.Gln361Arg) [missense_variant]",missense_variant,c.1082A>G,p.Gln361Arg,lab_L,171,0,,,,0,0,,,0.0,,171,6,likely_population_artifact,,False
OM429_000065,208812,"OM429_000065:208812(c.1082A>G,p.Gln361Arg) [missense_variant]",missense_variant,c.1082A>G,p.Gln361Arg,lab_a,171,0,,,,0,0,,,0.0,,171,6,likely_population_artifact,,False
OM429_000065,208812,"OM429_000065:208812(c.1082A>G,p.Gln361Arg) [missense_variant]",missense_variant,c.1082A>G,p.Gln361Arg,lab_b,171,0,,,,0,0,,,0.0,,171,6,likely_population_artifact,,False
OM429_000065,210453,"OM429_000065:210453(c.1895A>G,p.Glu632Gly) [missense_variant]",missense_variant,c.1895A>G,p.Glu632Gly,chroma,171,6,,,,1,0,,,9.933549946686462e-07,0.9898318827060523,171,6,likely_population_artifact,,False
OM429_000065,210453,"OM429_000065:210453(c.1895A>G,p.Glu632Gly) [missense_variant]",missense_variant,c.1895A>G,p.Glu632Gly,sat,171,6,,,,1,0,,,0.00019045232837897386,0.8599238082550066,171,6,likely_population_artifact,,False
OM429_000065,210453,"OM429_000065:210453(c.1895A>G,p.Glu632Gly) [missense_variant]",missense_variant,c.1895A>G,p.Glu632Gly,bright,171,6,,,,1,0,,,0.0015856645965335848,0.6104891533980099,171,6,likely_population_artifact,,False
OM429_000065,210453,"OM429_000065:210453(c.1895A>G,p.Glu632Gly) [missense_variant]",missense_variant,c.1895A>G,p.Glu632Gly,lab_L,171,6,,,,1,0,,,0.0048968960357578225,0.3703129698229347,171,6,likely_population_artifact,,False
OM429_000065,210453,"OM429_000065:210453(c.1895A>G,p.Glu632Gly) [missense_variant]",missense_variant,c.1895A>G,p.Glu632Gly,lab_a,171,6,,,,1,0,,,0.0002437755080667811,0.8417499705071921,171,6,likely_population_artifact,,False
OM429_000065,210453,"OM429_000065:210453(c.1895A>G,p.Glu632Gly) [missense_variant]",missense_variant,c.1895A>G,p.Glu632Gly,lab_b,171,6,,,,1,0,,,0.004146823224842617,0.40978680025605563,171,6,likely_population_artifact,,False
OM429_000065,210524,"OM429_000065:210524(c.1966C>A,p.Leu656Ile) [missense_variant]",missense_variant,c.1966C>A,p.Leu656Ile,chroma,171,1,,,,0,0,,,0.02966532306351066,0.026490129130523822,171,6,likely_population_artifact,,False
OM429_000065,210524,"OM429_000065:210524(c.1966C>A,p.Leu656Ile) [missense_variant]",missense_variant,c.1966C>A,p.Leu656Ile,sat,171,1,,,,0,0,,,0.03133896565228095,0.022509133965725,171,6,likely_population_artifact,,False
OM429_000065,210524,"OM429_000065:210524(c.1966C>A,p.Leu656Ile) [missense_variant]",missense_variant,c.1966C>A,p.Leu656Ile,bright,171,1,,,,0,0,,,0.004916351895739597,0.36936170806894586,171,6,likely_population_artifact,,False
OM429_000065,210524,"OM429_000065:210524(c.1966C>A,p.Leu656Ile) [missense_variant]",missense_variant,c.1966C>A,p.Leu656Ile,lab_L,171,1,,,,0,0,,,0.011949603169174925,0.1609217969117787,171,6,likely_population_artifact,,False
OM429_000065,210524,"OM429_000065:210524(c.1966C>A,p.Leu656Ile) [missense_variant]",missense_variant,c.1966C>A,p.Leu656Ile,lab_a,171,1,,,,0,0,,,0.025934786913361613,0.038194436248221886,171,6,likely_population_artifact,,False
OM429_000065,210524,"OM429_000065:210524(c.1966C>A,p.Leu656Ile) [missense_variant]",missense_variant,c.1966C>A,p.Leu656Ile,lab_b,171,1,,,,0,0,,,0.007457990617926872,0.2685850297537858,171,6,likely_population_artifact,,False
OM429_000065,210650,"OM429_000065:210650(c.2092C>G,p.Gln698Glu) [missense_variant]",missense_variant,c.2092C>G,p.Gln698Glu,chroma,171,1,,,,0,0,,,0.0015529512263564003,0.6141985216043755,171,6,likely_population_artifact,,False
OM429_000065,210650,"OM429_000065:210650(c.2092C>G,p.Gln698Glu) [missense_variant]",missense_variant,c.2092C>G,p.Gln698Glu,sat,171,1,,,,0,0,,,0.004019464500602334,0.4170862817069532,171,6,likely_population_artifact,,False
OM429_000065,210650,"OM429_000065:210650(c.2092C>G,p.Gln698Glu) [missense_variant]",missense_variant,c.2092C>G,p.Gln698Glu,bright,171,1,,,,0,0,,,0.003560272700138978,0.44508161595221213,171,6,likely_population_artifact,,False
OM429_000065,210650,"OM429_000065:210650(c.2092C>G,p.Gln698Glu) [missense_variant]",missense_variant,c.2092C>G,p.Gln698Glu,lab_L,171,1,,,,0,0,,,0.016412232085374144,0.09999092215766099,171,6,likely_population_artifact,,False
OM429_000065,210650,"OM429_000065:210650(c.2092C>G,p.Gln698Glu) [missense_variant]",missense_variant,c.2092C>G,p.Gln698Glu,lab_a,171,1,,,,0,0,,,6.31955867244119e-05,0.9190339795757926,171,6,likely_population_artifact,,False
OM429_000065,210650,"OM429_000065:210650(c.2092C>G,p.Gln698Glu) [missense_variant]",missense_variant,c.2092C>G,p.Gln698Glu,lab_b,171,1,,,,0,0,,,0.013885240531577336,0.13053213865195193,171,6,likely_population_artifact,,False
OM429_000065,210932,"OM429_000065:210932(c.2374T>C,p.Phe792Leu) [missense_variant]",missense_variant,c.2374T>C,p.Phe792Leu,chroma,171,20,,,,1,0,,,0.044248787563216,0.006523316975173091,171,6,likely_population_artifact,,False
OM429_000065,210932,"OM429_000065:210932(c.2374T>C,p.Phe792Leu) [missense_variant]",missense_variant,c.2374T>C,p.Phe792Leu,sat,171,20,,,,1,0,,,0.052174113903086156,0.0030770323367798236,171,6,likely_population_artifact,,False
OM429_000065,210932,"OM429_000065:210932(c.2374T>C,p.Phe792Leu) [missense_variant]",missense_variant,c.2374T>C,p.Phe792Leu,bright,171,20,,,,1,0,,,0.015264766589224814,0.11276363643831132,171,6,likely_population_artifact,,False
OM429_000065,210932,"OM429_000065:210932(c.2374T>C,p.Phe792Leu) [missense_variant]",missense_variant,c.2374T>C,p.Phe792Leu,lab_L,171,20,,,,1,0,,,0.006059855115405859,0.31881376224420305,171,6,likely_population_artifact,,False
OM429_000065,210932,"OM429_000065:210932(c.2374T>C,p.Phe792Leu) [missense_variant]",missense_variant,c.2374T>C,p.Phe792Leu,lab_a,171,20,,,,1,0,,,0.02780396313631928,0.031778679918879005,171,6,likely_population_artifact,,False
OM429_000065,210932,"OM429_000065:210932(c.2374T>C,p.Phe792Leu) [missense_variant]",missense_variant,c.2374T>C,p.Phe792Leu,lab_b,171,20,,,,1,0,,,0.03338290041492009,0.018466316726538055,171,6,likely_population_artifact,,False
OM429_000065,211533,"OM429_000065:211533(c.2834C>G,p.Thr945Ser) [missense_variant]",missense_variant,c.2834C>G,p.Thr945Ser,chroma,171,5,,,,1,0,,,0.0010411724232280081,0.6798264917370576,171,6,likely_population_artifact,,False
OM429_000065,211533,"OM429_000065:211533(c.2834C>G,p.Thr945Ser) [missense_variant]",missense_variant,c.2834C>G,p.Thr945Ser,sat,171,5,,,,1,0,,,3.606717457502577e-05,0.9387884672402755,171,6,likely_population_artifact,,False
OM429_000065,211533,"OM429_000065:211533(c.2834C>G,p.Thr945Ser) [missense_variant]",missense_variant,c.2834C>G,p.Thr945Ser,bright,171,5,,,,1,0,,,0.0004334001495741468,0.7900646675888732,171,6,likely_population_artifact,,False
OM429_000065,211533,"OM429_000065:211533(c.2834C>G,p.Thr945Ser) [missense_variant]",missense_variant,c.2834C>G,p.Thr945Ser,lab_L,171,5,,,,1,0,,,0.00022299633000031764,0.8485601796997964,171,6,likely_population_artifact,,False
OM429_000065,211533,"OM429_000065:211533(c.2834C>G,p.Thr945Ser) [missense_variant]",missense_variant,c.2834C>G,p.Thr945Ser,lab_a,171,5,,,,1,0,,,0.005127598495892524,0.35924690554122296,171,6,likely_population_artifact,,False
OM429_000065,211533,"OM429_000065:211533(c.2834C>G,p.Thr945Ser) [missense_variant]",missense_variant,c.2834C>G,p.Thr945Ser,lab_b,171,5,,,,1,0,,,0.0066691523987533925,0.2955721360100221,171,6,likely_population_artifact,,False
OM429_000065,211601,"OM429_000065:211601(c.2902G>A,p.Val968Ile) [missense_variant]",missense_variant,c.2902G>A,p.Val968Ile,chroma,171,1,,,,0,0,,,0.02966532306351066,0.026490129130523822,171,6,likely_population_artifact,,False
OM429_000065,211601,"OM429_000065:211601(c.2902G>A,p.Val968Ile) [missense_variant]",missense_variant,c.2902G>A,p.Val968Ile,sat,171,1,,,,0,0,,,0.03133896565228095,0.022509133965725,171,6,likely_population_artifact,,False
OM429_000065,211601,"OM429_000065:211601(c.2902G>A,p.Val968Ile) [missense_variant]",missense_variant,c.2902G>A,p.Val968Ile,bright,171,1,,,,0,0,,,0.004916351895739597,0.36936170806894586,171,6,likely_population_artifact,,False
OM429_000065,211601,"OM429_000065:211601(c.2902G>A,p.Val968Ile) [missense_variant]",missense_variant,c.2902G>A,p.Val968Ile,lab_L,171,1,,,,0,0,,,0.011949603169174925,0.1609217969117787,171,6,likely_population_artifact,,False
OM429_000065,211601,"OM429_000065:211601(c.2902G>A,p.Val968Ile) [missense_variant]",missense_variant,c.2902G>A,p.Val968Ile,lab_a,171,1,,,,0,0,,,0.025934786913361613,0.038194436248221886,171,6,likely_population_artifact,,False
OM429_000065,211601,"OM429_000065:211601(c.2902G>A,p.Val968Ile) [missense_variant]",missense_variant,c.2902G>A,p.Val968Ile,lab_b,171,1,,,,0,0,,,0.007457990617926872,0.2685850297537858,171,6,likely_population_artifact,,False
OM429_000065,212323,"OM429_000065:212323(c.3406G>A,p.Gly1136Ser) [missense_variant]",missense_variant,c.3406G>A,p.Gly1136Ser,chroma,171,5,,,,1,0,,,0.0010411724232280081,0.6798264917370576,171,6,likely_population_artifact,,False
OM429_000065,212323,"OM429_000065:212323(c.3406G>A,p.Gly1136Ser) [missense_variant]",missense_variant,c.3406G>A,p.Gly1136Ser,sat,171,5,,,,1,0,,,3.606717457502577e-05,0.9387884672402755,171,6,likely_population_artifact,,False
OM429_000065,212323,"OM429_000065:212323(c.3406G>A,p.Gly1136Ser) [missense_variant]",missense_variant,c.3406G>A,p.Gly1136Ser,bright,171,5,,,,1,0,,,0.0004334001495741468,0.7900646675888732,171,6,likely_population_artifact,,False
OM429_000065,212323,"OM429_000065:212323(c.3406G>A,p.Gly1136Ser) [missense_variant]",missense_variant,c.3406G>A,p.Gly1136Ser,lab_L,171,5,,,,1,0,,,0.00022299633000031764,0.8485601796997964,171,6,likely_population_artifact,,False
OM429_000065,212323,"OM429_000065:212323(c.3406G>A,p.Gly1136Ser) [missense_variant]",missense_variant,c.3406G>A,p.Gly1136Ser,lab_a,171,5,,,,1,0,,,0.005127598495892524,0.35924690554122296,171,6,likely_population_artifact,,False
OM429_000065,212323,"OM429_000065:212323(c.3406G>A,p.Gly1136Ser) [missense_variant]",missense_variant,c.3406G>A,p.Gly1136Ser,lab_b,171,5,,,,1,0,,,0.0066691523987533925,0.2955721360100221,171,6,likely_population_artifact,,False
